0.0 44.3594
20.1352 50.1895
20.1358 49.6658
20.1362 49.2075
20.1811 48.8066
20.1816 48.4558
20.1822 48.2738
20.1825 47.9896
20.2276 53.3659
20.2282 52.5701
20.2285 51.8739
20.2289 51.2646
20.2294 50.7316
20.2297 50.2651
20.2747 55.482
20.2753 54.5467
20.2756 53.6034
20.2759 52.778
20.2765 52.1807
20.2768 51.6581
20.2771 51.3259
20.2776 50.9101
20.278 50.6714
20.3229 55.9624
20.3237 55.0921
20.324 54.2056
20.3243 53.5549
20.3247 52.9855
20.3252 52.6124
20.3255 52.2858
20.3258 51.8751
20.3261 51.6407
20.3267 51.4356
20.327 51.1312
20.3273 50.9898
20.3277 50.866
20.3285 50.7578
20.3729 50.6631
20.3734 50.7052
20.3738 50.617
20.3741 50.6649
20.3744 50.7068
20.3749 50.6184
20.3753 50.6661
20.3756 50.7079
20.3759 50.6194
20.3762 50.667
20.3765 50.7086
20.3771 50.87
20.3774 50.8863
20.3777 50.9005
20.3781 51.0379
20.3785 51.1582
20.3793 51.3884
20.3796 51.4649
20.38 51.6567
20.3808 51.8247
20.3812 51.9716
20.4252 52.1001
20.4255 52.2126
20.4261 52.311
20.4264 52.3972
20.4267 52.4725
20.427 52.5384
20.4273 52.5961
20.4279 52.6466
20.4282 52.8158
20.4285 52.8388
20.4288 52.859
20.4291 53.0016
20.4294 53.1264
20.4299 53.2356
20.4303 53.3311
20.4306 53.4148
20.4309 53.4879
20.4312 53.5519
20.4318 53.6079
20.4321 53.7819
20.4326 53.9342
20.433 54.0674
20.4333 54.184
20.4336 54.286
20.4344 54.3752
20.4348 54.4533
20.4351 54.6467
20.4354 54.6908
20.4362 54.8545
20.4366 54.9977
20.4374 55.123
20.4805 60.6076
20.4808 59.9066
20.4814 59.4183
20.4817 58.991
20.482 58.4921
20.4823 58.1806
20.4826 57.908
20.4829 57.6695
20.4835 57.4608
20.4838 57.2782
20.4841 57.2435
20.4844 57.213
20.4847 57.1864
20.485 57.0381
20.4853 57.0333
20.4857 57.0292
20.4862 57.1505
20.4865 57.1317
20.4868 57.1152
20.4871 57.2258
20.4874 57.3226
20.4877 57.4073
20.4883 57.4814
20.4886 57.5462
20.489 57.7279
20.4895 57.8869
20.4898 57.9011
20.4901 58.0384
20.4904 58.1586
20.4907 58.1388
20.4915 58.2464
20.4919 58.3406
20.4922 58.4231
20.4925 58.4952
20.4928 58.5583
20.4931 58.7385
20.4939 58.8962
20.4943 59.0342
20.4946 59.1549
20.4952 59.3855
20.4955 59.4623
20.496 59.5295
20.4966 59.7134
20.497 59.8742
20.4976 60.0149
20.4984 60.263
20.4988 60.3552
20.5409 60.3108
20.5413 60.3969
20.5418 60.4723
20.5421 60.5383
20.5424 60.596
20.5427 60.6465
20.543 60.6907
20.5433 60.8543
20.5437 60.8725
20.5442 61.0135
20.5445 61.1368
20.5448 61.2447
20.5451 61.3391
20.5454 61.4217
20.5457 61.494
20.546 61.4323
20.5463 61.5032
20.5469 61.5653
20.5472 61.7447
20.5475 61.9016
20.5478 62.0389
20.5481 62.159
20.5484 62.2641
20.5487 62.3561
20.549 62.3116
20.5494 62.3977
20.5499 62.4729
20.5502 62.6638
20.5508 62.8308
20.5511 62.977
20.5514 63.1049
20.5517 63.2168
20.552 63.3147
20.5523 63.4003
20.5527 63.4753
20.5532 63.6659
20.5535 63.7076
20.5541 63.8692
20.5544 64.0105
20.5547 64.1342
20.555 64.2424
20.5553 64.3371
20.5557 64.42
20.5562 64.6175
20.5565 64.7903
20.5571 64.9415
20.5574 65.0738
20.5578 65.1896
20.5583 65.2909
20.5586 65.3795
20.5589 65.4571
20.5592 65.65
20.5598 65.8187
20.5604 65.9664
20.5607 66.0956
20.561 66.2086
20.5614 66.3075
20.562 66.5191
20.5625 66.7042
20.5628 66.7412
20.5634 66.8985
20.5637 67.0362
20.5644 67.2817
20.5649 67.3715
20.5655 67.575
20.5663 67.7532
20.5667 67.909
20.5675 68.1704
20.5679 68.2741
20.5687 68.4898
20.6082 73.6786
20.6085 72.9688
20.6089 72.2227
20.6094 71.6948
20.6097 71.233
20.61 70.7039
20.6103 70.3659
20.6106 70.0701
20.6109 69.8114
20.6112 69.71
20.6116 69.6212
20.6121 69.5436
20.6124 69.4756
20.6127 69.4162
20.613 69.2391
20.6133 69.2092
20.6136 69.1831
20.6139 69.1602
20.6142 69.2652
20.6145 69.232
20.6151 69.328
20.6154 69.412
20.6157 69.4855
20.616 69.5498
20.6163 69.7311
20.6166 69.7647
20.6169 69.7941
20.6172 69.9449
20.6176 69.9517
20.6181 70.0828
20.6184 70.1974
20.6187 70.2978
20.619 70.2605
20.6196 70.353
20.6199 70.4338
20.6202 70.6296
20.6205 70.8009
20.6208 70.9508
20.6211 71.0819
20.6214 71.1967
20.6218 71.2971
20.6223 71.385
20.6226 71.4619
20.6232 71.6541
20.6235 71.6974
20.6238 71.7352
20.6241 71.8933
20.6244 72.0316
20.6247 72.1527
20.625 72.2586
20.6254 72.3513
20.6259 72.4324
20.6262 72.6283
20.6268 72.6748
20.6271 72.8404
20.6274 72.9854
20.6277 72.9872
20.6281 73.1138
20.6286 73.2246
20.6289 73.3215
20.6292 73.5313
20.6295 73.7149
20.6301 73.8755
20.6304 74.0161
20.6307 74.1391
20.6313 74.2467
20.6316 74.3409
20.6319 74.4233
20.6323 74.4953
20.6328 74.5584
20.6331 74.7386
20.6335 74.8963
20.634 75.0343
20.6343 75.155
20.6349 75.2606
20.6352 75.478
20.6355 75.6683
20.6361 75.8347
20.6364 75.9804
20.6368 76.1078
20.6373 76.2194
20.6379 76.3169
20.6382 76.5273
20.6385 76.7114
20.6392 76.9975
20.6397 77.1228
20.64 77.1074
20.6403 77.219
20.6411 77.4416
20.6415 77.6364
20.6418 77.8069
20.6421 77.956
20.6429 78.0865
20.6433 78.3257
20.6438 78.41
20.6444 78.6087
20.6448 78.7826
20.6456 78.9348
20.646 79.068
20.6468 79.1845
20.6472 79.4114
20.648 79.485
20.6484 79.6744
20.6492 79.9651
20.6496 80.0944
20.6863 84.8326
20.6866 83.9785
20.6869 83.2312
20.6873 82.7023
20.6878 82.2395
20.6881 81.8346
20.6884 81.4803
20.6887 81.1702
20.689 80.899
20.6893 80.7866
20.6896 80.5633
20.6899 80.3679
20.6903 80.3219
20.6908 80.2816
20.6911 80.2464
20.6914 80.2156
20.6917 80.1887
20.692 80.0401
20.6923 80.0351
20.6926 80.0307
20.6929 80.0269
20.6932 80.1485
20.6935 80.2549
20.6941 80.3481
20.6944 80.4296
20.6947 80.5009
20.695 80.5633
20.6953 80.7428
20.6956 80.775
20.6959 80.8031
20.6962 80.9527
20.6966 80.9586
20.6971 81.0888
20.6974 81.2027
20.6977 81.3024
20.698 81.3896
20.6983 81.5909
20.6986 81.642
20.6992 81.8118
20.6995 81.9603
20.6998 82.0903
20.7001 82.204
20.7004 82.3035
20.7007 82.3905
20.701 82.3417
20.7013 82.424
20.7017 82.496
20.7022 82.684
20.7025 82.8485
20.7031 83.1174
20.7034 83.2278
20.7037 83.3243
20.704 83.4088
20.7043 83.4827
20.7046 83.5473
20.7049 83.6039
20.7052 83.7784
20.7055 83.9311
20.7059 83.9397
20.7064 84.0723
20.7067 84.1882
20.7073 84.4147
20.7076 84.4879
20.7079 84.5519
20.7082 84.7329
20.7085 84.7663
20.7088 84.7955
20.7092 84.9461
20.7097 85.0778
20.71 85.1931
20.7103 85.2939
20.7106 85.3822
20.7112 85.5844
20.7115 85.7614
20.7118 85.9162
20.7121 86.1767
20.7124 86.2796
20.713 86.3696
20.7133 86.5734
20.7136 86.6268
20.714 86.7984
20.7145 86.9486
20.7148 86.955
20.7151 87.0857
20.7154 87.1999
20.7159 87.3
20.7163 87.3875
20.7166 87.464
20.7172 87.656
20.7175 87.824
20.7178 87.971
20.7181 88.0996
20.7187 88.2122
20.719 88.4357
20.7193 88.5062
20.7196 88.5679
20.7201 88.7469
20.7205 88.9036
20.7211 89.0406
20.7214 89.1605
20.7217 89.2655
20.722 89.4823
20.7226 89.672
20.7229 89.713
20.7234 89.8739
20.7238 90.0146
20.7241 90.1378
20.7244 90.2456
20.725 90.4649
20.7253 90.6568
20.7258 90.6997
20.7262 90.8622
20.7265 91.0044
20.7268 91.0039
20.7274 91.1284
20.7277 91.2373
20.7282 91.3327
20.7286 91.4161
20.7291 91.6141
20.7295 91.7873
20.73 91.9389
20.7304 92.0715
20.7307 92.1876
20.731 92.4141
20.7318 92.4874
20.7322 92.6765
20.7325 92.8419
20.7328 92.8617
20.8662 86.504
20.8665 80.816
20.8668 75.839
20.8671 71.6091
20.8674 67.783
20.8677 64.4351
20.868 61.6307
20.8683 59.0519
20.8686 56.7954
20.8689 54.821
20.8692 53.2183
20.8695 51.691
20.8698 50.3547
20.8701 49.3103
20.8704 48.2715
20.8707 47.3626
20.871 46.6923
20.8713 45.9807
20.8716 45.3581
20.8719 44.8134
20.8722 44.4617
20.8727 44.154
20.8733 44.0097
20.8739 43.8835
20.8745 43.8981
20.8751 44.0358
20.8757 44.1563
20.8763 44.3868
20.8769 44.5885
20.8775 44.8899
20.8781 45.2787
20.8787 45.6188
20.8793 46.0415
20.8844 46.9113
20.8847 46.6724
20.885 46.3383
20.8856 46.171
20.8859 46.0247
20.8862 45.8966
20.8865 45.7845
20.8868 45.6864
20.8871 45.6006
20.8874 45.5256
20.8877 45.4599
20.888 45.2774
20.8886 45.2427
20.8889 45.2124
20.8892 45.1858
20.8895 45.1626
20.8898 45.1423
20.8901 45.1245
20.8904 45.1089
20.8907 45.0953
20.891 44.9584
20.8913 44.9636
20.8916 44.9681
20.8919 44.9721
20.8922 44.9756
20.8928 44.9787
20.8931 44.9813
20.8934 44.9837
20.8937 44.9857
20.894 44.8625
20.8943 44.8797
20.8946 44.8947
20.8949 44.9079
20.8952 44.9194
20.8955 44.9295
20.8961 45.0633
20.8964 45.0554
20.8967 45.0484
20.897 44.9174
20.8973 44.9277
20.8976 44.9368
20.8979 44.9447
20.8985 44.9516
20.8988 44.9576
20.8991 44.9629
20.8994 44.9676
20.8997 44.9716
20.9 44.8502
20.9003 44.8689
20.9009 44.8853
20.9012 44.8996
20.9015 44.9122
20.9018 44.9231
20.9021 44.9328
20.9024 44.9412
20.9027 44.9485
20.903 44.8299
20.9033 44.8512
20.9036 44.8698
20.9039 44.8861
20.9044 44.9003
20.9047 44.9128
20.905 44.7987
20.9053 44.8238
20.9059 44.8459
20.9062 44.8651
20.9065 44.882
20.9071 45.0217
20.9074 45.019
20.9077 45.0166
20.9083 45.0146
20.9086 45.0127
20.9089 45.0111
20.9095 45.0098
20.9098 45.0085
20.9104 45.0075
20.9107 45.0065
20.911 44.8807
20.9113 44.8956
20.9116 44.9087
20.9119 44.7951
20.9122 44.8207
20.9125 44.8431
20.9128 44.7377
20.9131 44.7705
20.9134 44.7992
20.9137 44.8243
20.914 44.7213
20.9143 44.7561
20.9146 44.7866
20.9149 44.6883
20.9152 44.7272
20.9155 44.7613
20.9158 44.6662
20.9161 44.7079
20.9164 44.7444
20.9167 44.7764
20.917 44.6793
20.9174 44.7194
20.918 44.7545
20.9186 44.7852
20.9192 44.812
20.9198 44.7105
20.9204 44.7467
20.921 44.7784
20.9216 44.8061
20.9222 44.8303
20.9228 44.7265
20.9234 44.7607
20.924 44.7906
20.9291 44.8168
20.9294 44.8397
20.9297 44.8597
20.9303 44.8773
20.9306 44.8926
20.9309 44.781
20.9312 44.8084
20.9315 44.8323
20.9318 44.7283
20.9321 44.7623
20.9324 44.792
20.9327 44.818
20.9333 44.8407
20.9336 44.8606
20.9339 44.7531
20.9342 44.7839
20.9345 44.8109
20.9348 44.7096
20.9351 44.7459
20.9354 44.7776
20.9357 44.8054
20.936 44.8298
20.9363 44.851
20.9366 44.8697
20.9369 44.7609
20.9375 44.7908
20.9378 44.692
20.9381 44.7305
20.9384 44.7642
20.9387 44.7936
20.939 44.8194
20.9393 44.842
20.9396 44.8618
20.9399 44.754
20.9402 44.7848
20.9408 44.6867
20.9412 44.7258
20.9415 44.7601
20.9418 44.7901
20.9421 44.8163
20.9424 44.8393
20.9427 44.8594
20.9433 44.877
20.9436 44.8923
20.9439 44.7808
20.9442 44.8082
20.9445 44.8322
20.9448 44.8531
20.9451 44.8715
20.9457 44.8876
20.946 44.7766
20.9463 44.8045
20.9466 44.829
20.9469 44.7254
20.9472 44.7597
20.9475 44.7897
20.9478 44.816
20.9481 44.839
20.9484 44.8591
20.9487 44.8767
20.9491 44.8921
20.9494 44.9056
20.9497 44.9174
20.95 44.9277
20.9506 44.9368
20.9509 44.8197
20.9512 44.8422
20.9518 44.7369
20.9521 44.7698
20.9524 44.7986
20.953 44.8238
20.9533 44.8458
20.9536 44.8651
20.9542 44.8819
20.9545 44.8967
20.9551 44.9096
20.9554 44.9209
20.9557 44.9308
20.956 44.9394
20.9563 44.947
20.9566 44.9536
20.9569 44.8344
20.9572 44.8551
20.9575 44.8732
20.9578 44.7641
20.9581 44.7936
20.9584 44.8194
20.9587 44.842
20.959 44.8617
20.9593 44.879
20.9596 44.8941
20.9599 44.7824
20.9602 44.8096
20.9605 44.8334
20.9608 44.7292
20.9611 44.763
20.9614 44.7927
20.9617 44.8186
20.9622 44.8413
20.9628 44.7361
20.9634 44.7691
20.964 44.673
20.9646 44.7138
20.9652 44.7496
20.9658 44.6559
20.9664 44.6989
20.967 44.6115
20.9676 44.6601
20.9682 44.7026
20.9688 44.6148
20.9739 44.5379
20.9742 44.5957
20.9745 44.6462
20.9751 44.6904
20.9754 44.7291
20.9757 44.763
20.976 44.6676
20.9763 44.7092
20.9766 44.7455
20.9769 44.6523
20.9772 44.6958
20.9775 44.7338
20.9781 44.7671
20.9784 44.7962
20.9787 44.8217
20.979 44.844
20.9793 44.8635
20.9796 44.8805
20.9799 44.7705
20.9802 44.7992
20.9805 44.8243
20.9808 44.7212
20.9811 44.7561
20.9814 44.7866
20.9817 44.8132
20.9823 44.8366
20.9826 44.857
20.9829 44.7499
20.9832 44.7812
20.9835 44.8085
20.9838 44.7074
20.9841 44.744
20.9844 44.776
20.9847 44.804
20.985 44.8285
20.9856 44.8499
20.9859 44.7437
20.9862 44.7757
20.9865 44.8038
20.9868 44.7033
20.9871 44.7404
20.9874 44.7728
20.988 44.8012
20.9883 44.8261
20.9886 44.8478
20.9889 44.7418
20.9892 44.7741
20.9895 44.8023
20.9898 44.7021
20.9904 44.7393
20.9907 44.7719
20.991 44.8004
20.9913 44.8253
20.9916 44.8472
20.9919 44.7413
20.9922 44.7736
20.9925 44.8019
20.9928 44.7017
20.9931 44.739
20.9934 44.7716
20.9939 44.6751
20.9942 44.7158
20.9945 44.7513
20.9948 44.6574
20.9954 44.7002
20.9957 44.7377
20.996 44.6455
20.9966 44.6898
20.9969 44.6036
20.9972 44.6531
20.9978 44.5715
20.9981 44.625
20.9984 44.6719
20.999 44.5879
20.9993 44.6394
20.9999 44.5595
21.0002 44.6146
21.0005 44.6627
21.0008 44.5799
21.0011 44.6324
21.0014 44.6784
21.0017 44.7186
21.002 44.6287
21.0023 44.6751
21.0026 44.7158
21.0029 44.6263
21.0032 44.673
21.0035 44.7139
21.0038 44.6246
21.0041 44.6716
21.0044 44.7126
21.0047 44.7485
21.005 44.655
21.0053 44.6981
21.0056 44.7358
21.0059 44.6439
21.0062 44.6884
21.0065 44.7273
21.0069 44.7614
21.0075 44.7912
21.0081 44.9423
21.0087 44.9495
21.0093 45.0808
21.0099 45.0707
21.0105 45.0619
21.0111 45.1792
21.0117 45.1568
21.0123 45.2622
21.0129 45.2294
21.0135 45.2007
21.0187 45.8006
21.019 45.7006
21.0193 45.613
21.0199 45.5364
21.0202 45.4693
21.0205 45.4106
21.0208 45.3593
21.0211 45.4394
21.0214 45.3845
21.0217 45.3364
21.022 45.2944
21.0223 45.2576
21.0229 45.2254
21.0232 45.1972
21.0235 45.1726
21.0238 45.151
21.0241 45.1321
21.0244 45.1156
21.0247 45.1011
21.025 45.0885
21.0253 45.0774
21.0256 45.0678
21.0259 45.0593
21.0262 45.0519
21.0265 45.0454
21.0271 45.1647
21.0274 45.1441
21.0277 45.1261
21.028 45.1103
21.0283 45.0966
21.0286 45.0845
21.0289 45.0739
21.0292 45.0647
21.0295 45.0566
21.0298 45.0495
21.0304 45.0433
21.0307 45.0379
21.031 45.0332
21.0313 45.029
21.0316 45.0254
21.0319 45.0222
21.0322 45.0194
21.0328 45.017
21.0331 45.0149
21.0334 45.013
21.0337 45.0114
21.034 45.01
21.0343 45.0087
21.0346 45.0076
21.0352 45.1317
21.0355 45.1152
21.0358 45.1008
21.0361 45.0882
21.0364 45.0772
21.0367 45.0675
21.037 45.0591
21.0373 45.0517
21.0376 45.0452
21.0379 45.0396
21.0382 45.0346
21.0386 45.0303
21.0389 45.0265
21.0392 45.0232
21.0395 45.0203
21.0401 45.1428
21.0404 45.1249
21.0407 45.1093
21.0413 45.2206
21.0416 45.1931
21.0419 45.1689
21.0425 45.1478
21.0428 45.1293
21.0431 45.1132
21.0437 45.099
21.044 45.2116
21.0446 45.1852
21.0449 45.162
21.0452 45.1418
21.0455 45.1241
21.0458 45.1086
21.0461 45.095
21.0464 45.0831
21.0467 45.0727
21.047 45.1886
21.0473 45.1651
21.0476 45.1444
21.0479 45.1264
21.0482 45.1106
21.0485 45.0967
21.0488 45.0847
21.0491 45.0741
21.0494 45.0648
21.0497 45.0567
21.05 45.1746
21.0503 45.1528
21.0506 45.1337
21.0509 45.117
21.0512 45.1024
21.0517 45.0896
21.0523 45.2034
21.0529 45.1779
21.0535 45.1557
21.0541 45.2612
21.0547 45.2286
21.0553 45.325
21.0559 45.2844
21.0565 45.2488
21.0571 45.3427
21.0577 45.2999
21.0583 45.3874
21.0634 45.964
21.0637 45.8435
21.064 45.863
21.0646 45.7552
21.0649 45.6608
21.0652 45.5782
21.0655 45.5059
21.0658 45.4427
21.0661 45.3873
21.0664 45.3389
21.0667 45.2965
21.067 45.3845
21.0676 45.3364
21.0679 45.2944
21.0682 45.2576
21.0685 45.2254
21.0688 45.1972
21.0691 45.1726
21.0694 45.151
21.0697 45.1321
21.07 45.2406
21.0703 45.2105
21.0706 45.1842
21.0709 45.1612
21.0712 45.141
21.0718 45.1234
21.0721 45.108
21.0724 45.0945
21.0727 45.0827
21.073 45.1973
21.0733 45.1727
21.0736 45.1511
21.0739 45.1322
21.0742 45.1157
21.0745 45.1012
21.0751 45.2136
21.0754 45.1869
21.0757 45.1635
21.076 45.2681
21.0763 45.2346
21.0766 45.2052
21.0769 45.1796
21.0775 45.1571
21.0778 45.1375
21.0781 45.1203
21.0784 45.1053
21.0787 45.0921
21.079 45.2056
21.0793 45.1799
21.0799 45.1574
21.0802 45.1377
21.0805 45.1205
21.0808 45.1054
21.0811 45.0923
21.0814 45.0807
21.0817 45.0706
21.082 45.1868
21.0823 45.1635
21.0826 45.143
21.0829 45.1251
21.0834 45.1095
21.0837 45.0958
21.084 45.0838
21.0843 45.0734
21.0849 45.0642
21.0852 45.0562
21.0855 45.0491
21.0861 45.168
21.0864 45.147
21.0867 45.1286
21.0873 45.2375
21.0876 45.2079
21.0879 45.1819
21.0885 45.1591
21.0888 45.1392
21.0894 45.1218
21.0897 45.1066
21.09 45.0933
21.0903 45.0816
21.0906 45.0714
21.0909 45.0625
21.0912 45.0547
21.0915 45.0478
21.0918 45.0419
21.0921 45.0366
21.0924 45.032
21.0927 45.028
21.093 45.1495
21.0933 45.1308
21.0936 45.1145
21.0939 45.1002
21.0942 45.0877
21.0945 45.0767
21.0948 45.0671
21.0951 45.0587
21.0954 45.0514
21.0957 45.045
21.096 45.1643
21.0965 45.1438
21.0971 45.2508
21.0977 45.2195
21.0983 45.317
21.0989 45.2774
21.0995 45.2427
21.1001 45.3374
21.1007 45.2952
21.1013 45.3833
21.1019 45.3354
21.1025 45.2935
21.1031 45.3818
21.1082 45.9591
21.1085 45.8392
21.1088 45.7343
21.1094 45.6425
21.1097 45.5622
21.11 45.4919
21.1103 45.4304
21.1106 45.3766
21.1109 45.3295
21.1112 45.2883
21.1115 45.2523
21.1118 45.2208
21.1121 45.1932
21.1127 45.169
21.113 45.1479
21.1133 45.1294
21.1136 45.1132
21.1139 45.0991
21.1142 45.0867
21.1145 45.0759
21.1148 45.0664
21.1151 45.0581
21.1154 45.0508
21.1157 45.0445
21.116 45.0389
21.1163 45.034
21.1169 45.0298
21.1172 45.0261
21.1175 45.0228
21.1178 45.02
21.1181 45.0175
21.1184 45.0153
21.1187 45.0134
21.119 45.0117
21.1193 45.0102
21.1196 45.009
21.1202 45.0078
21.1205 45.0069
21.1208 45.006
21.1211 45.0052
21.1214 45.0046
21.1217 45.004
21.122 45.0035
21.1226 45.0031
21.1229 45.0027
21.1232 45.0024
21.1235 45.0021
21.1238 45.0018
21.1241 45.0016
21.1244 45.0014
21.125 45.0012
21.1253 45.0011
21.1256 45.0009
21.1259 45.0008
21.1262 45.0007
21.1265 45.0006
21.1268 45.0005
21.1271 45.0005
21.1274 45.0004
21.1277 45.0004
21.128 45.0003
21.1284 45.0003
21.1288 45.0002
21.1291 45.1252
21.1294 45.1096
21.13 45.0959
21.1303 45.0839
21.1306 45.0734
21.1312 45.0642
21.1315 45.0562
21.1318 45.0492
21.1324 45.043
21.1327 45.0376
21.133 45.0329
21.1336 45.0288
21.1339 45.0252
21.1345 45.0221
21.1348 45.0193
21.1351 45.1419
21.1354 45.1242
21.1357 45.1086
21.136 45.0951
21.1363 45.0832
21.1366 45.0728
21.1369 45.0637
21.1372 45.0557
21.1375 45.0488
21.1378 45.0427
21.1381 45.0373
21.1384 45.0327
21.1387 45.0286
21.139 45.025
21.1393 45.0219
21.1396 45.0191
21.1399 45.0168
21.1402 45.0147
21.1405 45.0128
21.1408 45.0112
21.1411 45.0098
21.1415 45.0086
21.1421 45.0075
21.1427 45.0066
21.1433 45.0058
21.1439 45.005
21.1445 45.0044
21.1451 45.0039
21.1457 45.0034
21.1463 45.0029
21.1469 45.0026
21.1475 45.0023
21.1481 45.002
21.1532 45.0017
21.1535 45.0015
21.1538 45.0013
21.1544 45.0012
21.1547 45.001
21.155 45.1259
21.1553 45.1101
21.1556 45.0964
21.1559 45.0843
21.1562 45.0738
21.1565 45.0646
21.1568 45.0565
21.1571 45.0494
21.1577 45.0433
21.158 45.1628
21.1583 45.1425
21.1586 45.1247
21.1589 45.1091
21.1592 45.0955
21.1595 45.0835
21.1598 45.0731
21.1601 45.0639
21.1604 45.056
21.1607 45.049
21.161 45.1678
21.1613 45.1469
21.1619 45.1285
21.1622 45.1124
21.1625 45.0984
21.1628 45.0861
21.1631 45.0753
21.1634 45.0659
21.1637 45.0577
21.164 45.1755
21.1643 45.1535
21.1646 45.1343
21.1652 45.1175
21.1655 45.1028
21.1658 45.09
21.1661 45.0787
21.1665 45.0689
21.1668 45.0603
21.1671 45.1778
21.1677 45.1555
21.168 45.1361
21.1683 45.1191
21.1686 45.1042
21.1689 45.0912
21.1692 45.0798
21.1695 45.0698
21.1701 45.1861
21.1704 45.1628
21.1707 45.1425
21.171 45.1247
21.1713 45.1091
21.1716 45.0954
21.1719 45.0835
21.1722 45.0731
21.1725 45.0639
21.1728 45.0559
21.1731 45.1739
21.1735 45.1522
21.1738 45.1332
21.1741 45.1165
21.1744 45.102
21.175 45.2142
21.1753 45.1874
21.1756 45.164
21.1762 45.1435
21.1765 45.1256
21.1768 45.1099
21.1774 45.0961
21.1777 45.0841
21.178 45.1986
21.1786 45.1738
21.1789 45.1521
21.1795 45.133
21.1798 45.1164
21.1801 45.1019
21.1804 45.0891
21.1807 45.078
21.181 45.1932
21.1813 45.1691
21.1816 45.1479
21.1819 45.1295
21.1822 45.1133
21.1825 45.0991
21.1828 45.0867
21.1831 45.0759
21.1834 45.0664
21.1837 45.0581
21.184 45.1758
21.1843 45.1539
21.1846 45.1346
21.1849 45.1178
21.1852 45.1031
21.1855 45.0902
21.1858 45.0789
21.1861 45.069
21.1866 45.0604
21.1872 45.0529
21.1878 45.0463
21.1884 45.0405
21.189 45.0354
21.1896 45.031
21.1902 45.0271
21.1908 45.0237
21.1914 45.0208
21.192 45.0182
21.1926 45.0159
21.1932 45.0139
21.1983 45.0122
21.1986 45.0106
21.1989 45.0093
21.1995 45.0081
21.1998 45.0071
21.2001 45.0062
21.2004 45.0055
21.2007 45.0048
21.201 45.0042
21.2013 45.0037
21.2016 45.0032
21.2019 45.0028
21.2022 45.0024
21.2028 45.0021
21.2031 45.0019
21.2034 45.0016
21.2037 45.0014
21.204 45.1263
21.2043 45.1105
21.2046 45.0967
21.2049 45.0846
21.2052 45.074
21.2055 45.0648
21.2058 45.0567
21.2061 45.0496
21.2064 45.0434
21.207 45.163
21.2073 45.1426
21.2076 45.1248
21.2079 45.1092
21.2082 45.2205
21.2085 45.193
21.2088 45.1688
21.2091 45.2727
21.2094 45.2386
21.2097 45.2088
21.2103 45.3077
21.2106 45.2692
21.2109 45.2356
21.2112 45.3311
21.2115 45.2897
21.2118 45.2535
21.2121 45.3468
21.2127 45.3035
21.213 45.3905
21.2133 45.4667
21.2136 45.4084
21.2139 45.3573
21.2142 45.4377
21.2145 45.383
21.2151 45.4601
21.2154 45.4026
21.2157 45.3523
21.216 45.4332
21.2163 45.5041
21.2166 45.4411
21.2169 45.3859
21.2172 45.4627
21.2175 45.4049
21.2178 45.3542
21.2181 45.435
21.2186 45.3806
21.2189 45.333
21.2192 45.4164
21.2195 45.3643
21.2201 45.4438
21.2204 45.3883
21.2207 45.3398
21.2213 45.4223
21.2216 45.3695
21.2219 45.3233
21.2225 45.4079
21.2228 45.3569
21.2231 45.4373
21.2237 45.3826
21.224 45.3348
21.2246 45.418
21.2249 45.3657
21.2252 45.445
21.2255 45.3894
21.2258 45.3407
21.2261 45.4231
21.2264 45.3702
21.2267 45.3239
21.227 45.2835
21.2273 45.373
21.2276 45.3264
21.2279 45.2856
21.2282 45.3749
21.2285 45.328
21.2288 45.287
21.2291 45.3761
21.2294 45.3291
21.2297 45.288
21.23 45.252
21.2303 45.3455
21.2306 45.3023
21.2309 45.2645
21.2312 45.3564
21.2316 45.3119
21.2322 45.3979
21.2328 45.3482
21.2334 45.4296
21.234 45.5009
21.2346 45.5633
21.2352 45.6179
21.2358 45.5407
21.2364 45.5981
21.237 45.6483
21.2376 45.6923
21.2382 45.7307
21.2434 46.2644
21.2437 46.1063
21.244 45.9681
21.2446 45.972
21.2449 45.8505
21.2452 45.8692
21.2455 45.7606
21.2458 45.6655
21.2461 45.7073
21.2464 45.7439
21.2467 45.6509
21.247 45.5695
21.2473 45.6234
21.2479 45.5454
21.2482 45.6023
21.2485 45.527
21.2488 45.4611
21.2491 45.5285
21.2494 45.4624
21.2497 45.4046
21.25 45.354
21.2503 45.4348
21.2506 45.3804
21.2509 45.3329
21.2512 45.4163
21.2515 45.3642
21.2521 45.4437
21.2524 45.3882
21.2527 45.3397
21.253 45.2972
21.2533 45.3851
21.2536 45.337
21.2539 45.2948
21.2542 45.383
21.2545 45.3351
21.2548 45.2932
21.2554 45.3816
21.2557 45.3339
21.256 45.2921
21.2563 45.3806
21.2566 45.333
21.2569 45.2914
21.2572 45.38
21.2578 45.3325
21.2581 45.4159
21.2584 45.3639
21.2587 45.3184
21.259 45.2786
21.2593 45.3688
21.2596 45.3227
21.2602 45.4074
21.2605 45.3564
21.2608 45.3119
21.2611 45.3979
21.2614 45.3482
21.2617 45.3046
21.262 45.2666
21.2623 45.3582
21.2626 45.3135
21.2629 45.2743
21.2632 45.365
21.2636 45.3194
21.2639 45.2794
21.2642 45.3695
21.2645 45.3233
21.2651 45.4079
21.2654 45.3569
21.2657 45.3123
21.2663 45.3983
21.2666 45.3485
21.2669 45.3049
21.2675 45.3918
21.2678 45.3428
21.2681 45.425
21.2687 45.3719
21.269 45.4504
21.2696 45.5191
21.2699 45.4542
21.2702 45.5224
21.2705 45.4571
21.2708 45.4
21.2711 45.475
21.2714 45.4156
21.2717 45.3637
21.272 45.4432
21.2723 45.5128
21.2726 45.4487
21.2729 45.3926
21.2732 45.4685
21.2735 45.41
21.2738 45.3587
21.2741 45.4389
21.2744 45.384
21.2747 45.336
21.275 45.419
21.2753 45.4916
21.2756 45.4302
21.2759 45.3764
21.2762 45.4544
21.2767 45.3976
21.2773 45.4729
21.2779 45.4138
21.2785 45.487
21.2791 45.5512
21.2797 45.4823
21.2803 45.547
21.2809 45.4786
21.2815 45.5438
21.2821 45.6008
21.2827 45.5257
21.2833 45.585
21.2884 46.1369
21.2887 45.9948
21.289 45.9954
21.2896 45.996
21.2899 45.8715
21.2902 45.8876
21.2905 45.7766
21.2908 45.6795
21.2911 45.7196
21.2914 45.6296
21.2917 45.5509
21.292 45.6071
21.2923 45.6562
21.2929 45.5742
21.2932 45.6274
21.2935 45.549
21.2938 45.4803
21.2941 45.5453
21.2944 45.4771
21.2947 45.4175
21.295 45.4903
21.2953 45.554
21.2956 45.4848
21.2959 45.4242
21.2962 45.4961
21.2965 45.4341
21.2971 45.5049
21.2974 45.4418
21.2977 45.3865
21.298 45.4632
21.2983 45.5303
21.2986 45.464
21.2989 45.406
21.2992 45.4803
21.2995 45.4202
21.2998 45.3677
21.3004 45.4467
21.3007 45.3909
21.301 45.467
21.3013 45.5337
21.3016 45.4669
21.3019 45.4086
21.3022 45.4825
21.3028 45.4222
21.3031 45.4944
21.3034 45.4326
21.3037 45.3785
21.304 45.4562
21.3043 45.5242
21.3046 45.4587
21.3049 45.4013
21.3055 45.3512
21.3058 45.3073
21.3061 45.3939
21.3064 45.3446
21.3067 45.3016
21.307 45.3889
21.3073 45.4652
21.3076 45.4071
21.3079 45.3562
21.3082 45.4367
21.3085 45.3821
21.309 45.3343
21.3093 45.4175
21.3096 45.3653
21.3099 45.3197
21.3105 45.2797
21.3108 45.2448
21.3111 45.3392
21.3117 45.2968
21.312 45.2597
21.3123 45.3522
21.3129 45.3082
21.3132 45.3947
21.3135 45.3453
21.3141 45.4272
21.3144 45.3738
21.315 45.327
21.3153 45.4112
21.3156 45.3598
21.3159 45.3148
21.3162 45.4004
21.3165 45.3504
21.3168 45.3066
21.3171 45.3933
21.3174 45.3441
21.3177 45.3011
21.318 45.3885
21.3183 45.4649
21.3186 45.4068
21.3189 45.3559
21.3192 45.4364
21.3195 45.3819
21.3198 45.3342
21.3201 45.4174
21.3204 45.3652
21.3207 45.3196
21.321 45.4046
21.3213 45.479
21.3216 45.4192
21.3221 45.4918
21.3227 45.4303
21.3233 45.5015
21.3239 45.4388
21.3245 45.384
21.3251 45.461
21.3257 45.4033
21.3263 45.4779
21.3269 45.4182
21.3275 45.3659
21.3281 45.4452
21.3287 45.3895
21.3338 45.3408
21.3341 45.4232
21.3344 45.3703
21.335 45.324
21.3353 45.4085
21.3356 45.3575
21.3359 45.3128
21.3362 45.3987
21.3365 45.3488
21.3368 45.3052
21.3371 45.3921
21.3374 45.3431
21.3377 45.3002
21.3383 45.3877
21.3386 45.3392
21.3389 45.2968
21.3392 45.3847
21.3395 45.3366
21.3398 45.2945
21.3401 45.3827
21.3404 45.3349
21.3407 45.293
21.341 45.2564
21.3413 45.3493
21.3416 45.3057
21.3419 45.2675
21.3425 45.234
21.3428 45.2048
21.3431 45.3042
21.3434 45.2662
21.3437 45.2329
21.344 45.2038
21.3443 45.3033
21.3446 45.2654
21.3449 45.2322
21.3452 45.3282
21.3458 45.2872
21.3461 45.3763
21.3464 45.3292
21.3467 45.2881
21.347 45.2521
21.3473 45.3456
21.3476 45.3024
21.3482 45.3896
21.3485 45.3409
21.3488 45.2983
21.3491 45.386
21.3494 45.3377
21.3497 45.2955
21.35 45.2586
21.3503 45.3513
21.3509 45.3073
21.3512 45.3939
21.3515 45.3447
21.3518 45.3016
21.3521 45.3889
21.3524 45.3403
21.3527 45.2978
21.353 45.2605
21.3533 45.353
21.3536 45.3088
21.3539 45.2702
21.3544 45.3615
21.3547 45.3163
21.355 45.2767
21.3553 45.3671
21.3559 45.3213
21.3562 45.4061
21.3565 45.3553
21.3571 45.4359
21.3574 45.5064
21.3577 45.4431
21.3583 45.5127
21.3586 45.4486
21.3589 45.3926
21.3595 45.3435
21.3598 45.3006
21.3604 45.388
21.3607 45.3395
21.361 45.297
21.3613 45.3849
21.3616 45.3368
21.3619 45.2947
21.3622 45.3829
21.3625 45.335
21.3628 45.2931
21.3631 45.3815
21.3634 45.3338
21.3637 45.2921
21.364 45.2556
21.3643 45.3486
21.3646 45.305
21.3649 45.2669
21.3652 45.3585
21.3655 45.3137
21.3658 45.2745
21.3661 45.3652
21.3664 45.3195
21.3667 45.2796
21.367 45.2447
21.3674 45.2141
21.368 45.3123
21.3686 45.2733
21.3692 45.3641
21.3698 45.3186
21.3704 45.2788
21.371 45.3689
21.3716 45.3228
21.3722 45.4075
21.3728 45.3565
21.3734 45.312
21.374 45.398
21.3791 45.4732
21.3794 45.4141
21.3797 45.3623
21.3803 45.442
21.3806 45.3868
21.3809 45.3384
21.3812 45.4211
21.3815 45.3685
21.3818 45.3224
21.3821 45.4071
21.3824 45.3562
21.3827 45.3117
21.383 45.3977
21.3836 45.348
21.3839 45.3045
21.3842 45.3914
21.3845 45.3425
21.3848 45.2997
21.3851 45.3872
21.3854 45.3388
21.3857 45.2965
21.386 45.3844
21.3863 45.4614
21.3866 45.4037
21.3869 45.3532
21.3872 45.4341
21.3878 45.3798
21.3881 45.4573
21.3884 45.4002
21.3887 45.3501
21.389 45.4314
21.3893 45.5025
21.3896 45.4397
21.3899 45.3847
21.3902 45.4616
21.3905 45.4039
21.3911 45.4784
21.3914 45.4186
21.3918 45.3663
21.3921 45.4455
21.3924 45.5148
21.3927 45.4505
21.393 45.3942
21.3936 45.3449
21.3939 45.3018
21.3942 45.389
21.3945 45.3404
21.3948 45.2979
21.3951 45.3856
21.3954 45.4624
21.3957 45.4046
21.3963 45.479
21.3966 45.4192
21.3969 45.3668
21.3972 45.4459
21.3975 45.3902
21.3978 45.3414
21.3981 45.4237
21.3984 45.4958
21.3987 45.4338
21.399 45.3796
21.3993 45.4571
21.3997 45.4
21.4 45.475
21.4003 45.5406
21.4006 45.473
21.4012 45.5389
21.4015 45.5965
21.4018 45.522
21.4024 45.5817
21.4027 45.509
21.403 45.5704
21.4036 45.6241
21.4039 45.5461
21.4042 45.6028
21.4048 45.6525
21.4051 45.6959
21.4057 45.7339
21.406 45.7672
21.4063 45.7963
21.4066 45.8217
21.4069 45.719
21.4072 45.7541
21.4075 45.7849
21.4078 45.6868
21.4081 45.7259
21.4084 45.7602
21.4087 45.6652
21.409 45.707
21.4093 45.7436
21.4096 45.7757
21.4099 45.6787
21.4102 45.7189
21.4105 45.754
21.4108 45.6598
21.4111 45.7023
21.4114 45.7395
21.4117 45.6471
21.412 45.6912
21.4123 45.7298
21.4128 45.7636
21.4134 45.7931
21.414 45.694
21.4146 45.7322
21.4152 45.7657
21.4158 45.795
21.4164 45.8206
21.417 45.718
21.4176 45.7533
21.4182 45.7841
21.4188 45.8111
21.4194 45.8347
21.4245 46.3554
21.4248 46.186
21.4251 46.1627
21.4257 46.1424
21.426 45.9996
21.4263 45.9996
21.4266 45.9997
21.4269 45.8747
21.4272 45.8904
21.4275 45.9041
21.4278 45.7911
21.4281 45.8172
21.4284 45.84
21.429 45.735
21.4293 45.7681
21.4296 45.7971
21.4299 45.6975
21.4302 45.7353
21.4305 45.7684
21.4308 45.6723
21.4311 45.7133
21.4314 45.7491
21.4317 45.6555
21.432 45.6986
21.4323 45.7362
21.4326 45.7692
21.4332 45.7981
21.4335 45.8233
21.4338 45.7204
21.4341 45.7553
21.4344 45.7859
21.4347 45.6877
21.435 45.7267
21.4353 45.7609
21.4356 45.7908
21.4359 45.6919
21.4365 45.7304
21.4368 45.6391
21.4371 45.6842
21.4374 45.7237
21.4377 45.6332
21.438 45.6791
21.4383 45.7192
21.4389 45.7543
21.4392 45.785
21.4395 45.8119
21.4398 45.7104
21.4401 45.7466
21.4404 45.7783
21.4407 45.681
21.441 45.7209
21.4416 45.7558
21.4419 45.6613
21.4422 45.7036
21.4425 45.7407
21.4428 45.6481
21.4431 45.6921
21.4434 45.7306
21.4437 45.6392
21.444 45.6843
21.4443 45.7238
21.4446 45.7583
21.4451 45.7885
21.4454 45.815
21.4457 45.7131
21.446 45.624
21.4466 45.671
21.4469 45.5871
21.4472 45.6387
21.4478 45.6839
21.4481 45.7234
21.4484 45.758
21.449 45.6632
21.4493 45.7053
21.4496 45.7421
21.4502 45.7744
21.4505 45.8026
21.4511 45.8273
21.4514 45.8488
21.4517 45.7427
21.452 45.6499
21.4523 45.6937
21.4526 45.732
21.4529 45.6405
21.4532 45.6854
21.4535 45.7247
21.4538 45.6341
21.4541 45.6799
21.4544 45.7199
21.4547 45.6299
21.455 45.5512
21.4553 45.6073
21.4556 45.6564
21.4559 45.5743
21.4562 45.6275
21.4565 45.6741
21.4568 45.5898
21.4571 45.6411
21.4574 45.686
21.4577 45.6002
21.4581 45.6502
21.4587 45.6939
21.4593 45.7322
21.4599 45.7656
21.4605 45.7949
21.4611 45.8206
21.4617 45.843
21.4623 45.8626
21.4629 45.8798
21.4635 45.8948
21.4641 45.908
21.4647 45.9195
21.4699 46.4295
21.4702 46.3758
21.4705 46.3289
21.4711 46.2878
21.4714 46.2518
21.4717 46.2203
21.472 46.0678
21.4723 46.0593
21.4726 46.0519
21.4729 45.9204
21.4732 45.9304
21.4735 45.9391
21.4738 45.8217
21.4744 45.844
21.4747 45.8635
21.475 45.7555
21.4753 45.7861
21.4756 45.8128
21.4759 45.7112
21.4762 45.7473
21.4765 45.7789
21.4768 45.6815
21.4771 45.7213
21.4774 45.7562
21.4777 45.6617
21.478 45.5789
21.4786 45.6316
21.4789 45.5526
21.4792 45.6086
21.4795 45.6575
21.4798 45.5753
21.4801 45.6284
21.4804 45.6748
21.4807 45.5905
21.481 45.5167
21.4813 45.5771
21.4819 45.63
21.4822 45.6762
21.4825 45.7167
21.4828 45.6271
21.4831 45.6737
21.4834 45.7145
21.4837 45.6252
21.4843 45.672
21.4846 45.713
21.4849 45.6239
21.4852 45.6709
21.4855 45.712
21.4858 45.623
21.4861 45.6702
21.4864 45.7114
21.487 45.6225
21.4873 45.6697
21.4876 45.7109
21.4879 45.6221
21.4882 45.6693
21.4885 45.7107
21.4888 45.6218
21.4891 45.6691
21.4894 45.7105
21.4897 45.6217
21.49 45.5439
21.4904 45.601
21.4907 45.5258
21.491 45.5851
21.4913 45.637
21.4919 45.6823
21.4922 45.7221
21.4925 45.7568
21.4931 45.7872
21.4934 45.8138
21.4937 45.7121
21.4943 45.7481
21.4946 45.7796
21.4949 45.6821
21.4955 45.7218
21.4958 45.6316
21.4964 45.6777
21.4967 45.593
21.497 45.6438
21.4973 45.6884
21.4976 45.7273
21.4979 45.6364
21.4982 45.6818
21.4985 45.7216
21.4988 45.6314
21.4991 45.6775
21.4994 45.7178
21.4997 45.6281
21.5 45.6746
21.5003 45.7152
21.5006 45.7508
21.5009 45.657
21.5012 45.6999
21.5015 45.7374
21.5018 45.6452
21.5021 45.6896
21.5024 45.7284
21.5027 45.6373
21.503 45.6826
21.5033 45.7223
21.5038 45.632
21.5044 45.678
21.505 45.7183
21.5056 45.7535
21.5062 45.7843
21.5068 45.6863
21.5074 45.7255
21.508 45.7598
21.5086 45.7898
21.5092 45.8161
21.5098 45.7141
21.5104 45.7498
21.5155 45.7811
21.5158 45.6835
21.5161 45.723
21.5167 45.6326
21.517 45.6786
21.5173 45.7187
21.5176 45.7539
21.5179 45.6597
21.5182 45.7022
21.5185 45.7394
21.5188 45.647
21.5191 45.6911
21.5194 45.7297
21.52 45.7635
21.5203 45.7931
21.5206 45.8189
21.5209 45.7166
21.5212 45.752
21.5215 45.783
21.5218 45.6851
21.5221 45.7245
21.5224 45.7589
21.5227 45.6641
21.523 45.706
21.5233 45.7428
21.5236 45.7749
21.5242 45.8031
21.5245 45.8277
21.5248 45.7242
21.5251 45.7587
21.5254 45.7889
21.5257 45.6903
21.526 45.729
21.5263 45.7628
21.5266 45.7925
21.5269 45.6934
21.5275 45.7318
21.5278 45.6403
21.5281 45.6852
21.5284 45.7246
21.5287 45.634
21.529 45.6798
21.5293 45.7198
21.5299 45.6298
21.5302 45.6761
21.5305 45.7166
21.5308 45.627
21.5311 45.6736
21.5314 45.7144
21.5317 45.6251
21.532 45.672
21.5326 45.713
21.5329 45.6239
21.5332 45.6709
21.5335 45.712
21.5338 45.623
21.5341 45.6701
21.5344 45.7114
21.5347 45.6224
21.535 45.6696
21.5353 45.7109
21.5356 45.7471
21.5361 45.7787
21.5364 45.8063
21.5367 45.7056
21.537 45.6174
21.5376 45.6652
21.5379 45.582
21.5382 45.6343
21.5388 45.555
21.5391 45.6106
21.5394 45.6593
21.54 45.5769
21.5403 45.6298
21.5406 45.6761
21.5412 45.7165
21.5415 45.752
21.5421 45.783
21.5424 45.8101
21.5427 45.7088
21.543 45.7452
21.5433 45.7771
21.5436 45.8049
21.5439 45.7043
21.5442 45.7413
21.5445 45.7736
21.5448 45.6769
21.5451 45.7173
21.5454 45.7526
21.5457 45.6586
21.546 45.7012
21.5463 45.7386
21.5466 45.7713
21.5469 45.6749
21.5472 45.7155
21.5475 45.7511
21.5478 45.6572
21.5481 45.7
21.5484 45.7375
21.5487 45.6453
21.549 45.6897
21.5495 45.7285
21.5501 45.7624
21.5507 45.6671
21.5513 45.7087
21.5519 45.6201
21.5525 45.6676
21.5531 45.7092
21.5537 45.6205
21.5543 45.6679
21.5549 45.5845
21.5555 45.6364
21.5561 45.6818
21.5612 45.7216
21.5615 45.7564
21.5618 45.6619
21.5624 45.7041
21.5627 45.6161
21.563 45.5391
21.5633 45.5967
21.5636 45.6471
21.5639 45.5662
21.5642 45.6205
21.5645 45.6679
21.5648 45.5844
21.5651 45.6364
21.5657 45.5568
21.566 45.4872
21.5663 45.5513
21.5666 45.6074
21.5669 45.5315
21.5672 45.59
21.5675 45.6413
21.5678 45.5611
21.5681 45.616
21.5684 45.664
21.5687 45.581
21.569 45.5084
21.5693 45.5698
21.5699 45.4986
21.5702 45.5613
21.5705 45.6161
21.5708 45.5391
21.5711 45.5967
21.5714 45.6471
21.5717 45.5662
21.572 45.4954
21.5723 45.5585
21.5726 45.6137
21.5732 45.662
21.5735 45.7042
21.5738 45.6162
21.5741 45.6642
21.5744 45.7062
21.5747 45.6179
21.575 45.5407
21.5756 45.5981
21.5759 45.5233
21.5762 45.5829
21.5765 45.635
21.5768 45.5557
21.5771 45.6112
21.5774 45.6598
21.5777 45.5773
21.5783 45.6302
21.5786 45.6764
21.5789 45.5918
21.5792 45.6429
21.5795 45.6875
21.5798 45.6016
21.5801 45.6514
21.5804 45.6949
21.5807 45.6081
21.581 45.6571
21.5813 45.6999
21.5818 45.6124
21.5821 45.6609
21.5824 45.7033
21.5827 45.7404
21.5833 45.7728
21.5836 45.8012
21.5839 45.7011
21.5845 45.7384
21.5848 45.6461
21.5851 45.6904
21.5857 45.7291
21.586 45.6379
21.5863 45.6832
21.5869 45.5978
21.5872 45.6481
21.5878 45.5671
21.5881 45.6212
21.5884 45.6685
21.5887 45.585
21.589 45.5118
21.5893 45.5729
21.5896 45.6263
21.5899 45.548
21.5902 45.6045
21.5905 45.6539
21.5908 45.5722
21.5911 45.6257
21.5914 45.6724
21.5917 45.5884
21.592 45.5148
21.5923 45.5755
21.5926 45.6285
21.5929 45.55
21.5932 45.6062
21.5935 45.6555
21.5938 45.5735
21.5941 45.6268
21.5944 45.6735
21.5947 45.5893
21.5951 45.6406
21.5957 45.6855
21.5963 45.7249
21.5969 45.7592
21.5975 45.7893
21.5981 45.9407
21.5987 45.9481
21.5993 45.9546
21.5999 45.9603
21.6005 45.9652
21.6011 46.0946
21.6017 46.0827
21.6068 46.5724
21.6071 46.5009
21.6074 46.4382
21.608 46.5085
21.6083 46.4449
21.6086 46.3893
21.6089 46.3406
21.6092 46.2981
21.6095 46.2608
21.6098 46.2282
21.6101 46.1997
21.6104 46.1747
21.6107 46.1529
21.6113 46.1338
21.6116 46.117
21.6119 46.1024
21.6122 46.0896
21.6125 46.0784
21.6128 46.0686
21.6131 46.06
21.6134 46.0525
21.6137 46.046
21.614 46.0402
21.6143 46.0352
21.6146 46.0308
21.6149 46.0269
21.6155 46.0236
21.6158 46.0206
21.6161 46.018
21.6164 46.0158
21.6167 46.0138
21.6171 46.0121
21.6174 46.0106
21.6177 46.0093
21.618 46.0081
21.6183 46.0071
21.6189 46.0062
21.6192 46.0054
21.6195 46.0047
21.6198 46.0042
21.6201 46.0036
21.6204 46.0032
21.6207 46.0028
21.6213 46.1274
21.6216 46.1115
21.6219 46.0976
21.6222 46.0854
21.6225 46.0747
21.6228 46.0654
21.6231 46.0572
21.6234 46.05
21.624 46.0438
21.6243 46.0383
21.6246 46.0335
21.6249 46.0293
21.6252 46.0257
21.6255 46.0225
21.6258 46.0196
21.6261 46.0172
21.6264 46.015
21.6267 46.0132
21.627 45.8865
21.6274 45.9007
21.6277 45.9131
21.628 45.924
21.6283 45.9335
21.6289 45.9418
21.6292 45.9491
21.6295 45.9554
21.6301 46.086
21.6304 46.0753
21.6307 46.0658
21.6313 46.0576
21.6316 46.0504
21.6319 46.0441
21.6325 46.0386
21.6328 46.0338
21.6334 46.0295
21.6337 46.0259
21.634 46.0226
21.6343 46.0198
21.6346 46.0173
21.6349 46.0152
21.6352 46.0133
21.6355 46.0116
21.6358 46.0102
21.6361 46.0089
21.6364 46.0078
21.6367 46.0068
21.637 46.0059
21.6373 46.0052
21.6376 46.0046
21.6379 46.004
21.6382 46.0035
21.6385 46.003
21.6388 46.0027
21.6391 46.0023
21.6394 46.002
21.6397 46.0018
21.64 46.0016
21.6403 46.0014
21.6408 46.0012
21.6414 46.001
21.642 46.0009
21.6426 46.0008
21.6432 46.1257
21.6438 46.11
21.6444 46.0962
21.645 46.0842
21.6456 46.0737
21.6462 46.1895
21.6468 46.1658
21.6474 46.1451
21.6525 46.7519
21.6528 46.6579
21.6531 46.5757
21.6537 46.5037
21.654 46.3158
21.6543 46.2763
21.6546 46.2418
21.6549 46.2115
21.6552 46.1851
21.6555 46.162
21.6558 46.1417
21.6561 46.124
21.6564 46.1085
21.657 46.2199
21.6573 46.1924
21.6576 46.1684
21.6579 46.1473
21.6582 46.1289
21.6585 46.1128
21.6588 46.0987
21.6591 46.0864
21.6594 46.0756
21.6597 46.0661
21.66 46.0579
21.6603 46.0506
21.6606 46.0443
21.6612 46.1638
21.6615 46.1433
21.6618 46.1254
21.6621 46.1097
21.6624 46.096
21.6627 46.084
21.663 46.0735
21.6633 46.0643
21.6636 46.0563
21.6639 46.0492
21.6645 46.0431
21.6648 46.0377
21.6651 46.033
21.6654 46.0289
21.6657 46.0252
21.666 46.0221
21.6663 46.0193
21.6669 46.0169
21.6672 46.0148
21.6675 46.0129
21.6678 46.0113
21.6681 46.0099
21.6684 46.0087
21.6687 46.0076
21.669 46.0066
21.6696 46.0058
21.6699 46.0051
21.6702 46.0044
21.6705 46.0039
21.6708 46.0034
21.6711 46.003
21.6714 46.0026
21.6717 46.0023
21.672 46.002
21.6723 46.0017
21.6726 46.0015
21.6731 46.1263
21.6734 46.1105
21.6737 46.0967
21.674 45.9596
21.6746 45.9647
21.6749 45.9691
21.6752 45.973
21.6758 45.9763
21.6761 45.9793
21.6764 45.9819
21.677 45.9841
21.6773 45.9861
21.6776 45.9879
21.6782 46.1144
21.6785 46.1001
21.6791 46.2126
21.6794 46.186
21.6797 46.1627
21.68 46.0174
21.6803 46.0152
21.6806 46.0133
21.6809 46.0117
21.6812 46.0102
21.6815 46.0089
21.6818 46.0078
21.6821 46.0068
21.6824 46.006
21.6827 46.0052
21.683 45.8796
21.6833 45.8946
21.6836 45.9078
21.6839 45.9193
21.6842 45.9294
21.6845 45.9382
21.6848 45.946
21.6851 45.9527
21.6854 45.9586
21.6857 45.9638
21.686 45.8433
21.6864 45.8629
21.687 46.005
21.6876 46.0044
21.6882 46.1289
21.6888 46.1127
21.6894 46.0987
21.69 46.2113
21.6906 46.1849
21.6912 46.2868
21.6918 46.2509
21.6925 46.2196
21.6931 46.3171
21.6982 46.9025
21.6985 46.7897
21.6988 46.691
21.6991 46.6046
21.6997 46.529
21.7 46.4629
21.7003 46.405
21.7006 46.3544
21.7009 46.3101
21.7012 46.2713
21.7015 46.2374
21.7018 46.2077
21.7021 46.1818
21.7024 46.1591
21.703 46.0142
21.7033 46.0124
21.7036 46.0108
21.7039 46.0095
21.7042 46.0083
21.7045 46.0073
21.7048 46.0064
21.7051 46.0056
21.7054 46.0049
21.7057 46.0043
21.706 45.8787
21.7063 45.8939
21.7066 45.9071
21.7072 45.9188
21.7075 45.9289
21.7078 45.9378
21.7081 45.9456
21.7084 45.9524
21.7087 45.9583
21.709 45.8385
21.7093 45.8587
21.7096 45.8764
21.7099 45.8918
21.7105 45.9053
21.7108 45.9172
21.7111 45.9275
21.7114 45.9366
21.7117 45.9445
21.712 45.8265
21.7123 45.8481
21.7129 45.8671
21.7132 45.8837
21.7135 45.8983
21.7138 45.911
21.7141 45.9221
21.7144 45.9318
21.7147 45.9404
21.715 45.8228
21.7156 45.845
21.7159 45.8643
21.7162 45.8813
21.7165 45.8961
21.7168 45.9091
21.7171 45.9205
21.7174 45.9304
21.7177 45.9391
21.718 45.8217
21.7183 45.844
21.7186 45.8635
21.719 45.8806
21.7193 45.8955
21.7196 45.9086
21.7199 45.92
21.7205 45.93
21.7208 45.9387
21.7211 45.9464
21.7217 45.9531
21.722 45.959
21.7223 45.9641
21.7229 45.9686
21.7232 45.9725
21.7235 45.9759
21.7241 45.9789
21.7244 45.9816
21.725 45.9839
21.7253 45.9859
21.7256 45.9877
21.7259 45.9892
21.7262 45.9905
21.7265 45.9917
21.7268 45.9928
21.7271 45.9937
21.7274 45.9945
21.7277 45.9952
21.728 45.9958
21.7283 45.9963
21.7286 45.9968
21.7289 45.9972
21.7292 45.9975
21.7295 45.9978
21.7299 45.9981
21.7302 45.9983
21.7305 45.9985
21.7308 45.9987
21.7311 45.9989
21.7314 45.999
21.7317 45.9991
21.732 45.9992
21.7324 45.9993
21.733 45.9994
21.7336 45.9995
21.7342 45.9996
21.7348 45.9996
21.7354 45.9997
21.736 45.9997
21.7366 45.9997
21.7372 45.9998
21.7378 45.9998
21.7384 45.9998
21.739 45.9998
21.7441 45.9999
21.7444 45.9999
21.7447 45.9999
21.745 45.9999
21.7456 45.9999
21.7459 45.9999
21.7462 45.9999
21.7465 45.9999
21.7468 46
21.7471 46
21.7474 46
21.7477 46
21.748 46
21.7483 46
21.7489 46
21.7492 46
21.7495 46
21.7498 46
21.7501 46
21.7504 46
21.7507 46
21.751 46
21.7513 46
21.7516 46
21.7519 46
21.7522 46
21.7525 46
21.765 45.875
21.7653 45.8906
21.7656 45.9043
21.7659 45.9163
21.7665 45.9267
21.7668 45.9359
21.7671 45.9439
21.7677 45.9509
21.768 45.957
21.7683 45.9624
21.7689 45.9671
21.7692 45.9712
21.7695 45.9748
21.7701 45.978
21.7704 45.9807
21.771 45.9831
21.7713 45.9852
21.7716 45.9871
21.7719 45.9887
21.7722 45.9901
21.7725 45.9913
21.7728 45.9924
21.7731 45.9934
21.7734 45.9942
21.7737 45.9949
21.774 45.9956
21.7743 45.9961
21.7746 45.9966
21.7749 45.997
21.7752 45.9974
21.7755 45.9977
21.7758 45.998
21.7761 45.9983
21.7764 45.9985
21.7767 45.9987
21.777 45.9988
21.7773 45.999
21.7778 45.9991
21.7781 46.1242
21.7785 46.1087
21.7791 46.0951
21.7797 46.0832
21.7803 46.0728
21.7809 46.0637
21.7815 46.0557
21.7821 46.0488
21.7827 46.0427
21.7833 46.0373
21.7839 46.0327
21.7842 46.0286
21.7845 45.9
21.7848 45.1625
21.7851 44.6422
21.7854 44.1869
21.7857 43.6636
21.786 43.3306
21.7863 43.0393
21.7866 42.6594
21.7869 42.327
21.7872 42.1611
21.7875 41.8909
21.7878 41.6546
21.7881 41.5728
21.7884 41.3762
21.7887 41.2041
21.789 41.1786
21.7893 41.0313
21.7896 40.9024
21.7899 40.7896
21.7902 40.8159
21.7905 40.7139
21.7908 40.6247
21.7911 40.6716
21.7914 40.5876
21.7917 40.5142
21.792 40.5749
21.7923 40.628
21.7926 40.5495
21.7929 40.4808
21.7932 40.4207
21.7935 40.3681
21.7938 40.3221
21.7941 40.2819
21.7944 40.2466
21.7947 40.2158
21.795 40.3138
21.7953 40.2746
21.7956 40.2403
21.7959 40.2102
21.7962 40.184
21.7965 40.161
21.7968 40.0158
21.7971 40.0139
21.7974 40.0121
21.7977 40.0106
21.798 40.0093
21.7983 40.0081
21.7986 39.8821
21.7989 39.7718
21.7992 39.8004
21.7995 39.7003
21.7998 39.6128
21.8001 39.6612
21.8004 39.7035
21.8007 39.6156
21.801 39.6636
21.8013 39.5807
21.8016 39.5081
21.8019 39.4446
21.8022 39.389
21.8025 39.3404
21.8028 39.2978
21.8031 39.3856
21.8034 39.3374
21.8037 39.2952
21.804 39.3833
21.8043 39.3354
21.8046 39.2935
21.805 39.2568
21.8053 39.2247
21.8056 39.1966
21.8059 39.047
21.8062 39.0412
21.8065 38.911
21.8068 38.7971
21.8071 38.8225
21.8074 38.7197
21.8077 38.6297
21.808 38.426
21.8083 38.3728
21.8086 38.2012
21.8089 38.051
21.8092 38.0446
21.8095 38.0391
21.8098 37.9092
21.8101 37.9205
21.8104 37.9305
21.8107 37.8142
21.811 37.7124
21.8113 37.7483
21.8116 37.6548
21.8119 37.5729
21.8122 37.6263
21.8125 37.673
21.8128 37.5889
21.8131 37.6403
21.8134 37.6853
21.8137 37.5996
21.814 37.5246
21.8143 37.5841
21.8146 37.5111
21.8152 37.5722
21.8155 37.6257
21.8158 37.5474
21.8161 37.604
21.8164 37.5285
21.8167 37.4624
21.817 37.2796
21.8173 37.2447
21.8176 37.0891
21.8179 36.828
21.8182 36.7245
21.8188 36.5089
21.8191 36.4453
21.8194 36.2646
21.8197 36.1066
21.82 35.9682
21.8203 35.8472
21.8206 35.7413
21.8209 35.6486
21.8212 35.5676
21.8215 35.4966
21.8218 35.4345
21.8221 35.5052
21.8224 35.4421
21.8227 35.3868
21.823 35.3385
21.8233 35.2961
21.8236 35.2591
21.8239 35.2267
21.8242 35.1984
21.8245 35.1736
21.8248 35.1519
21.8251 35.2579
21.8254 35.2257
21.8257 35.1975
21.826 35.1728
21.8263 35.1512
21.8266 35.1323
21.8269 35.1157
21.8272 35.1013
21.8275 35.0886
21.8278 35.0775
21.8281 35.1928
21.8284 35.1687
21.8287 35.1476
21.829 35.1292
21.8293 35.113
21.8296 35.0989
21.8299 35.0865
21.8302 35.0757
21.8305 35.0663
21.8308 35.058
21.8311 35.1757
21.8314 35.1538
21.8317 35.1345
21.832 35.1177
21.8323 35.103
21.8326 35.0901
21.8329 35.0789
21.8332 35.069
21.8335 35.0604
21.8338 35.0528
21.8341 35.1712
21.8344 35.1498
21.8347 35.1311
21.835 35.1147
21.8353 35.1004
21.8356 35.0878
21.8359 35.0768
21.8362 35.0672
21.8365 35.0588
21.8368 35.0515
21.8371 35.17
21.8374 35.1488
21.8377 35.1302
21.838 35.1139
21.8383 35.0997
21.8386 35.0872
21.8389 35.0763
21.8392 35.0668
21.8395 35.0584
21.8398 35.0511
21.8401 35.1697
21.8404 35.1485
21.8407 35.1299
21.841 35.1137
21.8413 35.0995
21.8416 35.0871
21.8419 35.0762
21.8422 35.0666
21.8425 35.0583
21.8428 35.051
21.8431 35.1696
21.8434 35.1484
21.8437 35.1299
21.844 35.2386
21.8443 35.2088
21.8446 35.1827
21.8449 35.1599
21.8452 35.1399
21.8455 35.1224
21.8458 35.1071
21.8461 35.2187
21.8464 35.1914
21.8467 35.1675
21.847 35.2715
21.8473 35.2376
21.8476 35.2079
21.8479 35.1819
21.8482 35.1592
21.8485 35.1393
21.8488 35.1219
21.8491 35.2316
21.8494 35.2027
21.85 35.3023
21.8505 35.2645
21.8508 35.2315
21.8511 35.3275
21.8514 35.2866
21.8517 35.2508
21.852 35.3444
21.8523 35.4264
21.8526 35.3731
21.8529 35.3264
21.8532 35.4106
21.8537 35.3593
21.8543 35.4394
21.8546 35.3845
21.8549 35.3364
21.8552 35.4194
21.8555 35.4919
21.8558 35.4304
21.8561 35.5016
21.8564 35.5639
21.8567 35.4934
21.857 35.4318
21.8573 35.5028
21.8576 35.4399
21.8579 35.3849
21.8582 35.4618
21.8585 35.5291
21.8588 35.463
21.8591 35.5301
21.8594 35.5888
21.8597 35.5152
21.86 35.5758
21.8603 35.6288
21.8606 35.5502
21.8609 35.4815
21.8612 35.5463
21.8615 35.603
21.8618 35.5276
21.8621 35.5867
21.8624 35.6383
21.8627 35.5585
21.863 35.6137
21.8633 35.662
21.8636 35.5793
21.8639 35.5068
21.8642 35.5685
21.8645 35.6224
21.8648 35.5446
21.8651 35.6015
21.8654 35.6514
21.8657 35.5699
21.866 35.6237
21.8663 35.6707
21.8666 35.5869
21.8669 35.5135
21.8672 35.5743
21.8675 35.6275
21.8678 35.5491
21.8681 35.6055
21.8684 35.6548
21.8687 35.5729
21.869 35.6263
21.8693 35.673
21.8696 35.5889
21.8699 35.5153
21.8702 35.5759
21.8705 35.6289
21.8708 35.5503
21.8711 35.6065
21.8714 35.6557
21.8717 35.5737
21.872 35.627
21.8723 35.6736
21.8726 35.5894
21.8729 35.5157
21.8732 35.5763
21.8735 35.6292
21.8738 35.5506
21.8741 35.6068
21.8744 35.6559
21.8747 35.5739
21.875 35.6272
21.8753 35.6738
21.8756 35.5896
21.8759 35.5159
21.8762 35.5764
21.8765 35.6293
21.8768 35.5507
21.8771 35.6068
21.8774 35.656
21.8777 35.574
21.878 35.6272
21.8783 35.6738
21.8786 35.5896
21.8789 35.5159
21.8792 35.5764
21.8795 35.5044
21.8798 35.4413
21.8801 35.5111
21.8804 35.5723
21.8807 35.5007
21.881 35.5631
21.8813 35.6177
21.8816 35.5405
21.8819 35.473
21.8822 35.5388
21.8825 35.4715
21.8828 35.4125
21.8831 35.486
21.8834 35.5502
21.8837 35.4814
21.884 35.5463
21.8843 35.603
21.8846 35.5276
21.8849 35.4617
21.8855 35.404
21.8861 35.4785
21.8864 35.5436
21.8867 35.4757
21.887 35.5412
21.8873 35.5986
21.8876 35.5238
21.8879 35.4583
21.8882 35.526
21.8885 35.5852
21.8888 35.5121
21.8893 35.5731
21.8899 35.5014
21.8902 35.5638
21.8905 35.6183
21.8908 35.541
21.8911 35.5984
21.8914 35.6486
21.8917 35.5675
21.892 35.4966
21.8923 35.5595
21.8926 35.6146
21.8929 35.5377
21.8932 35.5955
21.8935 35.6461
21.8938 35.5653
21.8941 35.6197
21.8944 35.6672
21.8947 35.5838
21.895 35.5108
21.8953 35.572
21.8956 35.5005
21.8959 35.4379
21.8962 35.5082
21.8965 35.5697
21.8968 35.4984
21.8971 35.5611
21.8974 35.616
21.8977 35.539
21.898 35.5966
21.8983 35.647
21.8986 35.5662
21.8989 35.4954
21.8992 35.5585
21.8995 35.6137
21.8998 35.5369
21.9001 35.5948
21.9004 35.6455
21.9007 35.5648
21.901 35.6192
21.9013 35.6668
21.9016 35.5834
21.9019 35.5105
21.9022 35.5717
21.9025 35.6252
21.9028 35.5471
21.9031 35.6037
21.9034 35.6532
21.9037 35.5716
21.904 35.6251
21.9043 35.672
21.9046 35.588
21.9049 35.5145
21.9052 35.5752
21.9055 35.6283
21.9058 35.5497
21.9061 35.606
21.9064 35.6553
21.9067 35.5734
21.907 35.6267
21.9073 35.6734
21.9076 35.5892
21.9079 35.5155
21.9082 35.5761
21.9085 35.6291
21.9088 35.5504
21.9091 35.6066
21.9094 35.6558
21.9097 35.5738
21.91 35.6271
21.9103 35.6737
21.9106 35.5895
21.9109 35.5158
21.9112 35.5763
21.9115 35.6293
21.9118 35.5506
21.9121 35.6068
21.9124 35.656
21.9127 35.574
21.913 35.6272
21.9133 35.6738
21.9136 35.5896
21.9139 35.5159
21.9142 35.5764
21.9145 35.6293
21.9148 35.5507
21.9151 35.6068
21.9154 35.656
21.9157 35.574
21.916 35.6272
21.9163 35.6738
21.9166 35.5896
21.9169 35.5159
21.9172 35.5764
21.9175 35.6294
21.9178 35.5507
21.9181 35.6069
21.9184 35.656
21.9187 35.574
21.919 35.6272
21.9193 35.6738
21.9196 35.5896
21.9199 35.5159
21.9202 35.5764
21.9205 35.6294
21.9211 35.6757
21.9219 35.5912
21.9222 35.6423
21.9225 35.687
21.9228 35.6012
21.9231 35.651
21.9234 35.6946
21.9237 35.7328
21.924 35.6412
21.9243 35.6861
21.9246 35.7253
21.9252 35.7596
21.9261 35.9147
21.9267 35.9253
21.9273 36.0597
21.9279 36.1772
21.9285 36.2801
21.9291 36.4951
21.9297 36.6832
21.9303 36.9728
21.9309 37.1012
21.9315 37.3385
21.9321 37.6712
21.9327 37.8373
21.9333 38.1076
21.9339 38.3442
21.9345 38.5512
21.9351 38.8573
21.9357 39.1251
21.9363 39.4845
21.9369 39.6739
21.9375 39.9647
21.9381 40.3441
21.9387 40.5511
21.9393 40.8572
21.9399 41.125
21.9405 41.3594
21.9411 41.6895
21.9417 41.9783
21.9423 42.231
21.9429 42.4521
21.9435 42.7706
21.9441 43.1743
21.9447 43.4025
21.9453 43.7272
21.9459 44.0113
21.9465 44.2599
21.9471 44.6024
21.9477 44.9021
21.9483 45.1643
21.9489 45.3938
21.9495 45.7196
21.9501 46.1296
21.9507 46.3634
21.9513 46.693
21.9519 46.9814
21.9525 47.2337
21.9531 47.5795
21.9537 47.882
21.9543 48.2718
21.9549 48.4878
21.9555 48.8018
21.9561 49.2016
21.9567 49.5514
21.9573 49.8575
21.9579 50.1253
21.9585 50.4846
21.9591 50.7991
21.9597 51.0742
21.9603 51.4399
21.9609 51.6349
21.9615 51.9305
21.9621 52.3142
21.9627 52.6499
21.9633 52.9437
21.9639 53.2007
21.9642 53.5506
21.9645 53.7318
21.9648 53.8903
21.9651 54.154
21.9654 54.2598
21.9657 54.3523
21.966 54.5583
21.9663 54.7385
21.9666 54.7712
21.9669 54.7998
21.9672 54.9498
21.9675 54.9561
21.9678 54.9616
21.9681 55.0914
21.9684 55.08
21.9687 55.07
21.969 55.1862
21.9693 55.2879
21.9696 55.2519
21.9699 55.2205
21.9702 55.3179
21.9705 55.2782
21.9708 55.2434
21.9711 55.338
21.9715 55.2957
21.9718 55.2588
21.9721 55.3514
21.9724 55.4325
21.9727 55.3784
21.973 55.3311
21.9733 55.4147
21.9736 55.3629
21.9739 55.3175
21.9742 55.4028
21.9745 55.3525
21.9748 55.3084
21.9751 55.3949
21.9754 55.4705
21.9757 55.4117
21.9761 55.4852
21.9769 55.4246
21.9772 55.4965
21.9775 55.4344
21.9778 55.3801
21.9781 55.4576
21.9784 55.4004
21.9787 55.3504
21.979 55.3066
21.9793 55.3932
21.9796 55.3441
21.98 55.4261
21.9809 55.3728
21.9815 55.3262
21.9821 55.4104
21.9827 55.3591
21.9833 55.4392
21.9839 55.3843
21.9845 55.3363
21.9851 55.4193
21.9857 55.3668
21.9863 55.446
21.9869 55.3902
21.9875 55.3415
21.9881 55.4238
21.9887 55.3708
21.9893 55.4495
21.9899 55.3933
21.9905 55.3441
21.9911 55.4261
21.9917 55.3728
21.9923 55.4512
21.9929 55.3948
21.9935 55.3455
21.9941 55.4273
21.9947 55.3739
21.9953 55.4521
21.9959 55.3956
21.9965 55.3462
21.9971 55.4279
21.9977 55.3744
21.9983 55.4526
21.9989 55.396
21.9995 55.3465
22.0001 55.4282
22.0007 55.3747
22.0013 55.4528
22.0019 55.3962
22.0025 55.3467
22.0031 55.4284
22.0037 55.3748
22.0043 55.453
22.0049 55.3963
22.0055 55.3468
22.0061 55.4285
22.0067 55.3749
22.0073 55.453
22.0079 55.3964
22.0085 55.3469
22.0092 55.4285
22.0098 55.3749
22.0155 56.0781
22.0158 53.8183
22.0161 51.966
22.0164 50.2203
22.0167 48.6927
22.017 47.3561
22.0173 46.3116
22.0176 45.2727
22.0179 44.3636
22.0183 43.5681
22.0192 42.9971
22.0198 42.3725
22.0204 41.8259
22.021 41.4727
22.0216 41.0386
22.0222 40.7838
22.0228 40.4358
22.0234 40.1313
22.024 39.9899
22.0246 39.7412
22.0252 39.6485
22.0258 39.4425
22.0264 39.2621
22.027 39.2294
22.0276 39.0757
22.0282 39.0662
22.0288 38.933
22.0294 38.8163
22.03 38.8393
22.0306 38.7344
22.0312 38.7676
22.0318 38.6716
22.0324 38.5877
22.033 38.6392
22.0336 38.5593
22.0342 38.6144
22.0348 38.5376
22.0354 38.4704
22.036 38.5366
22.0366 38.4695
22.0372 38.5358
22.0378 38.4689
22.0384 38.4102
22.039 38.484
22.0396 38.4235
22.0402 38.4955
22.0408 38.4336
22.0414 38.3794
22.042 38.457
22.0426 38.3998
22.0432 38.4749
22.0438 38.4155
22.0444 38.3636
22.045 38.4431
22.0456 38.3877
22.0462 38.4643
22.0469 38.4062
22.0475 38.3555
22.0481 38.436
22.0538 38.3815
22.0541 38.4588
22.0544 38.4015
22.0547 38.3513
22.055 38.3074
22.0553 38.394
22.0556 38.3447
22.0559 38.3016
22.0562 38.3889
22.0568 38.3403
22.0577 38.2978
22.0583 38.3855
22.0589 38.3374
22.0595 38.2952
22.0601 38.3833
22.0607 38.3354
22.0613 38.4184
22.0619 38.3661
22.0625 38.3204
22.0631 38.4053
22.0637 38.3547
22.0643 38.4353
22.0649 38.3809
22.0655 38.3333
22.0661 38.4166
22.0667 38.3646
22.0673 38.444
22.0679 38.3885
22.0685 38.3399
22.0691 38.4224
22.0697 38.3696
22.0703 38.4484
22.0709 38.3924
22.0715 38.3433
22.0721 38.4254
22.0727 38.3722
22.0733 38.4507
22.0739 38.3944
22.0745 38.3451
22.0751 38.4269
22.0757 38.3736
22.0763 38.4519
22.0769 38.3954
22.0775 38.346
22.0781 38.4277
22.0787 38.3743
22.0793 38.4525
22.0799 38.3959
22.0805 38.3464
22.0811 38.4281
22.0817 38.3746
22.0823 38.4528
22.0829 38.3962
22.0835 38.3467
22.0841 38.4283
22.0847 38.3748
22.0853 38.4529
22.0859 38.3963
22.0865 38.3468
22.0922 38.4284
22.0925 38.3749
22.0928 38.328
22.0931 38.412
22.0934 38.4855
22.0937 38.4248
22.094 38.4967
22.0943 38.5596
22.0948 38.4897
22.0954 38.5535
22.0963 38.6093
22.0969 38.5331
22.0975 38.5915
22.0982 38.6425
22.0988 38.5622
22.0994 38.6169
22.1 38.6648
22.1006 38.7067
22.1012 38.7434
22.1018 38.6505
22.1024 38.6942
22.103 38.7324
22.1036 38.7658
22.1042 38.7951
22.1048 38.6957
22.1054 38.7338
22.106 38.767
22.1066 38.7962
22.1072 38.8216
22.1078 38.7189
22.1084 38.7541
22.109 38.7848
22.1096 38.8117
22.1102 38.8352
22.1108 38.7308
22.1114 38.7645
22.112 38.7939
22.1126 38.8197
22.1132 38.8422
22.1138 38.7369
22.1144 38.7698
22.115 38.7986
22.1156 38.8238
22.1162 38.8458
22.1168 38.7401
22.1174 38.7726
22.118 38.801
22.1186 38.8259
22.1192 38.8476
22.1198 38.7417
22.1203 38.774
22.1209 38.8022
22.1215 38.8269
22.1221 38.9736
22.1227 38.9769
22.1233 38.9798
22.1239 38.9823
22.1245 38.9845
22.1251 39.1114
22.1307 39.7225
22.1313 39.6322
22.1316 39.5532
22.1319 39.484
22.1322 39.4235
22.1325 39.3706
22.1328 39.3243
22.1331 39.2837
22.1335 39.2483
22.1341 39.3422
22.135 39.4244
22.1356 39.3714
22.1362 39.45
22.137 39.3937
22.1376 39.3445
22.1382 39.4264
22.1388 39.3731
22.1394 39.3265
22.14 39.2857
22.1406 39.25
22.1412 39.3437
22.1418 39.3008
22.1424 39.2632
22.143 39.2303
22.1436 39.2015
22.1442 39.3013
22.1448 39.2636
22.1454 39.2307
22.146 39.2018
22.1466 39.1766
22.1472 39.2795
22.1478 39.2446
22.1484 39.214
22.149 39.1873
22.1496 39.1639
22.1502 39.2684
22.1508 39.2348
22.1514 39.2055
22.152 39.1798
22.1526 39.1573
22.1532 39.2626
22.1538 39.2298
22.1544 39.2011
22.155 39.176
22.1556 39.154
22.1562 39.2597
22.1568 39.2272
22.1574 39.1988
22.158 39.174
22.1586 39.1522
22.1592 39.2582
22.1597 39.2259
22.1603 39.3227
22.1609 39.2824
22.1615 39.2471
22.1621 39.3412
22.1627 39.2985
22.1633 39.3862
22.1639 39.3379
22.1694 39.9207
22.17 39.9306
22.1703 39.8143
22.1706 39.7125
22.1709 39.6234
22.1712 39.5455
22.1715 39.4773
22.1718 39.4177
22.1721 39.3654
22.1727 39.3198
22.1736 39.2798
22.1742 39.2448
22.1748 39.2142
22.1756 39.1874
22.1762 39.289
22.1768 39.2529
22.1774 39.2213
22.178 39.1936
22.1786 39.1694
22.1792 39.2732
22.1798 39.2391
22.1804 39.2092
22.181 39.183
22.1816 39.1602
22.1823 39.2651
22.1829 39.232
22.1835 39.203
22.1841 39.3026
22.1847 39.2648
22.1853 39.3567
22.1859 39.3121
22.1865 39.2731
22.1871 39.364
22.1877 39.3185
22.1883 39.4037
22.1889 39.3532
22.1895 39.309
22.1901 39.3954
22.1907 39.346
22.1913 39.4277
22.1919 39.3743
22.1925 39.3275
22.1931 39.4116
22.1937 39.3601
22.1943 39.4401
22.1949 39.3851
22.1955 39.3369
22.1961 39.4198
22.1968 39.3673
22.1974 39.4464
22.198 39.3906
22.1984 39.3418
22.199 39.4241
22.1996 39.3711
22.2001 39.4497
22.2007 39.3935
22.2013 39.3443
22.2019 39.3012
22.2025 39.2636
22.2031 39.3556
22.2088 39.3112
22.2092 39.2723
22.2095 39.2383
22.2098 39.2085
22.2101 39.3074
22.2104 39.269
22.2107 39.2354
22.211 39.3309
22.2113 39.2896
22.2119 39.2534
22.2128 39.2217
22.2134 39.194
22.214 39.2947
22.2148 39.2579
22.2154 39.2257
22.216 39.1975
22.2166 39.1728
22.2172 39.2762
22.2178 39.2417
22.2184 39.2114
22.219 39.185
22.2196 39.1619
22.2202 39.2666
22.2208 39.2333
22.2215 39.2042
22.2221 39.3036
22.2227 39.2657
22.2233 39.2325
22.2239 39.2034
22.2245 39.178
22.2251 39.2807
22.2257 39.2456
22.2263 39.2149
22.2269 39.1881
22.2275 39.1646
22.2281 39.269
22.2287 39.2354
22.2293 39.2059
22.2299 39.1802
22.2305 39.1577
22.2311 39.263
22.2317 39.2301
22.2323 39.2013
22.2329 39.1762
22.2335 39.1541
22.2341 39.2599
22.2348 39.2274
22.2354 39.199
22.236 39.1741
22.2366 39.1523
22.2372 39.2583
22.2376 39.226
22.2382 39.1978
22.2387 39.173
22.2393 39.1514
22.2399 39.1325
22.2405 39.1159
22.2411 39.2264
22.2417 39.1981
22.2423 39.1734
22.2481 39.2767
22.2484 39.2421
22.2487 39.2118
22.249 39.3104
22.2493 39.2716
22.2496 39.2376
22.2499 39.2079
22.2502 39.1819
22.2507 39.1592
22.2513 39.2643
22.2522 39.3563
22.2528 39.3117
22.2534 39.2728
22.2541 39.3637
22.2547 39.3182
22.2553 39.4034
22.2559 39.353
22.2565 39.3089
22.2571 39.3953
22.2577 39.3459
22.2583 39.4276
22.2589 39.3742
22.2595 39.3274
22.2601 39.4115
22.2609 39.36
22.2615 39.315
22.2621 39.4007
22.2627 39.3506
22.2633 39.4317
22.2639 39.3778
22.2645 39.3306
22.2651 39.4142
22.2657 39.3625
22.2663 39.4421
22.267 39.5119
22.2676 39.4479
22.2682 39.5169
22.2688 39.4523
22.2694 39.5208
22.27 39.5807
22.2706 39.5081
22.2712 39.5696
22.2719 39.4984
22.2725 39.5611
22.2731 39.6159
22.2737 39.5389
22.2743 39.5966
22.2749 39.522
22.2755 39.5818
22.2761 39.634
22.2765 39.5548
22.2771 39.6104
22.2777 39.5341
22.2782 39.5924
22.2788 39.5183
22.2794 39.5785
22.28 39.5062
22.2806 39.4429
22.281 39.5126
22.2816 39.5735
22.2875 40.2518
22.2879 40.0953
22.2882 40.0834
22.2885 40.073
22.2888 39.9389
22.2891 39.9465
22.2894 39.9532
22.2897 39.959
22.2902 39.9642
22.2908 39.9686
22.2917 39.9726
22.2923 39.976
22.2929 39.979
22.2936 39.9816
22.2942 39.9839
22.2948 39.9859
22.2954 39.9877
22.296 40.1142
22.2966 40.0999
22.2972 40.0875
22.2978 40.0765
22.2984 40.067
22.299 40.1836
22.2996 40.1606
22.3004 40.1406
22.301 40.123
22.3016 40.1076
22.3022 40.0942
22.3028 40.0824
22.3034 40.0721
22.304 40.0631
22.3046 40.0552
22.3052 40.0483
22.3058 40.0423
22.3065 40.037
22.3071 40.0324
22.3077 40.0283
22.3083 40.0248
22.3089 40.0217
22.3096 40.019
22.3102 40.0166
22.3108 40.0145
22.3114 40.0127
22.312 40.0111
22.3126 40.0097
22.3132 40.0085
22.3138 40.0074
22.3144 40.0065
22.315 40.0057
22.3156 40.005
22.3162 40.0044
22.3166 40.0038
22.3172 40.0033
22.3177 40.0029
22.3183 40.0026
22.3189 40.0022
22.3195 40.002
22.3201 40.1267
22.3207 40.1109
22.3211 40.097
22.327 40.7099
22.3277 40.6211
22.328 40.6685
22.3283 40.5849
22.3286 40.5118
22.3289 40.4478
22.3292 40.3919
22.3295 40.3429
22.3298 40.3
22.3304 40.2625
22.3313 40.3547
22.3319 40.3104
22.3325 40.2716
22.3333 40.3626
22.3339 40.3173
22.3345 40.2776
22.3351 40.3679
22.3357 40.3219
22.3363 40.2817
22.3369 40.2465
22.3375 40.2157
22.3381 40.3137
22.3387 40.2745
22.3393 40.2402
22.34 40.3352
22.3406 40.2933
22.3412 40.3816
22.3418 40.3339
22.3424 40.2922
22.343 40.3806
22.3436 40.3331
22.3442 40.4164
22.3448 40.3644
22.3454 40.3188
22.3462 40.404
22.3468 40.3535
22.3474 40.3093
22.348 40.3956
22.3486 40.3462
22.3492 40.4279
22.3498 40.3744
22.3504 40.3276
22.351 40.4117
22.3516 40.3602
22.3524 40.4402
22.353 40.3852
22.3536 40.337
22.3542 40.4199
22.3548 40.3674
22.3554 40.4465
22.356 40.3907
22.3564 40.3418
22.357 40.4241
22.3576 40.3711
22.3581 40.4497
22.3587 40.3935
22.3593 40.4693
22.3599 40.4106
22.3605 40.3593
22.3609 40.3144
22.3668 40.9001
22.3675 40.9126
22.3678 40.7985
22.3681 40.6987
22.3684 40.6114
22.3687 40.5349
22.369 40.5931
22.3693 40.5189
22.3696 40.4541
22.3701 40.5223
22.3705 40.457
22.3714 40.3999
22.372 40.4749
22.3726 40.4155
22.3734 40.3636
22.374 40.3181
22.3746 40.2784
22.3752 40.2436
22.3758 40.2131
22.3764 40.1865
22.377 40.1632
22.3776 40.1428
22.3782 40.1249
22.3788 40.1093
22.3794 40.0957
22.3801 40.0837
22.3807 40.0732
22.3813 40.0641
22.3819 40.0561
22.3825 40.0491
22.3831 40.0429
22.3837 40.0376
22.3844 40.0329
22.385 40.0288
22.3856 40.0252
22.3863 40.022
22.3869 40.0193
22.3875 40.0169
22.3881 40.0147
22.3887 40.0129
22.3893 40.0113
22.3899 40.0099
22.3905 40.0086
22.3911 40.0076
22.3917 40.0066
22.3925 40.0058
22.3931 40.1301
22.3937 40.1138
22.3943 40.0996
22.3949 40.0871
22.3955 40.0762
22.3961 40.1917
22.3965 40.1677
22.3971 40.1468
22.3976 40.1284
22.3982 40.1124
22.3988 40.0983
22.3994 40.086
22.4 40.0753
22.4006 40.0659
22.401 40.1826
22.4069 40.1598
22.4076 40.1398
22.4079 40.1224
22.4082 40.1071
22.4085 40.0937
22.4088 40.082
22.4091 40.0717
22.4094 40.0628
22.4097 40.0549
22.4103 40.048
22.4108 40.042
22.4117 40.0368
22.4123 40.0322
22.4129 40.0282
22.4136 40.0246
22.4142 40.1466
22.4148 40.1282
22.4154 40.1122
22.416 40.2232
22.4166 40.1953
22.4172 40.2959
22.4178 40.2589
22.4184 40.2265
22.419 40.3232
22.4196 40.2828
22.4204 40.2475
22.421 40.2165
22.4216 40.1895
22.4222 40.2908
22.4228 40.2544
22.4234 40.2226
22.424 40.3198
22.4246 40.2798
22.4252 40.3698
22.4258 40.3236
22.4266 40.2832
22.4272 40.3728
22.4278 40.3262
22.4284 40.2854
22.429 40.2497
22.4296 40.2185
22.4302 40.3162
22.4308 40.2767
22.4314 40.2421
22.432 40.2118
22.4327 40.1853
22.4333 40.1622
22.4339 40.1419
22.4345 40.1242
22.4351 40.2336
22.4357 40.2044
22.4362 40.1789
22.4368 40.1565
22.4374 40.137
22.438 40.1198
22.4386 40.1049
22.4392 40.2167
22.4398 40.1897
22.4404 40.2909
22.4408 40.2546
22.4414 40.2228
22.4473 40.3199
22.448 40.4049
22.4483 40.4793
22.4486 40.4194
22.4489 40.367
22.4492 40.4461
22.4495 40.3903
22.4498 40.3415
22.4503 40.4238
22.4507 40.3709
22.4513 40.4495
22.4522 40.5183
22.4528 40.4535
22.4534 40.5218
22.4542 40.5816
22.4548 40.5089
22.4554 40.5703
22.456 40.499
22.4566 40.4366
22.4572 40.507
22.4576 40.5687
22.4582 40.6226
22.4588 40.6698
22.4595 40.711
22.4601 40.7472
22.4608 40.7788
22.4614 40.8064
22.462 40.9556
22.4626 40.9612
22.4632 40.966
22.4638 40.9703
22.4644 40.974
22.465 40.9772
22.4656 40.9801
22.4662 40.9826
22.467 40.9847
22.4676 40.9867
22.4682 40.9883
22.4688 40.9898
22.4694 40.9911
22.47 40.9922
22.4706 40.9932
22.4712 40.994
22.4718 40.9948
22.4724 40.9954
22.4731 41.121
22.4737 41.1059
22.4743 41.0926
22.4749 41.081
22.4755 41.0709
22.4761 41.0621
22.4766 41.0543
22.4772 41.0475
22.4778 41.0416
22.4784 41.0364
22.479 41.0318
22.4796 41.0278
22.4802 41.0244
22.4808 41.0213
22.4814 41.0187
22.4818 41.0163
22.4877 41.6393
22.4884 41.5594
22.4889 41.3644
22.4892 41.3189
22.4895 41.279
22.4898 41.2442
22.4901 41.2136
22.4904 41.1869
22.4907 41.1636
22.4913 41.1431
22.4917 41.1252
22.4926 41.1096
22.4932 41.0959
22.4938 41.0839
22.4946 41.0734
22.4952 41.0642
22.4958 41.0562
22.4964 41.0492
22.497 41.168
22.4976 41.147
22.4982 41.1286
22.4987 41.1126
22.4993 41.0985
22.4999 41.0862
22.5005 41.0754
22.5012 41.066
22.5018 41.0577
22.5024 41.0505
22.503 41.0442
22.5036 41.0387
22.5042 41.0338
22.5048 41.0296
22.5054 41.0259
22.506 41.0227
22.5066 41.0198
22.5074 41.0174
22.508 41.0152
22.5086 41.0133
22.5092 41.0116
22.5098 41.0102
22.5104 41.0089
22.511 41.0078
22.5116 41.0068
22.5122 41.006
22.5128 41.0052
22.5135 41.0046
22.5141 41.004
22.5147 41.0035
22.5153 41.0031
22.5159 41.0027
22.5165 41.0023
22.5171 41.002
22.5176 41.0018
22.5182 41.0016
22.5188 41.0014
22.5194 41.0012
22.52 41.001
22.5206 41.0009
22.5212 41.0008
22.5218 41.0007
22.5222 41.0006
22.5282 41.7505
22.5291 41.7817
22.5297 41.684
22.53 41.7235
22.5303 41.6331
22.5306 41.5539
22.5309 41.4847
22.5312 41.4241
22.5315 41.3711
22.532 41.3247
22.5324 41.2841
22.5333 41.3736
22.5339 41.3269
22.5345 41.286
22.5353 41.3753
22.5359 41.3284
22.5365 41.2873
22.5371 41.3764
22.5377 41.3294
22.5383 41.2882
22.5389 41.2522
22.5394 41.2206
22.54 41.1931
22.5406 41.1689
22.5412 41.2728
22.5419 41.2387
22.5425 41.2089
22.5431 41.3078
22.5437 41.2693
22.5443 41.2356
22.5448 41.2062
22.5454 41.1804
22.546 41.1579
22.5466 41.1381
22.5472 41.1209
22.5478 41.1057
22.5485 41.0925
22.5491 41.206
22.5497 41.1802
22.5503 41.1577
22.5509 41.138
22.5515 41.1207
22.5521 41.2306
22.5527 41.2018
22.5533 41.1766
22.5539 41.1545
22.5547 41.1352
22.5553 41.1183
22.5559 41.1035
22.5565 41.0906
22.5571 41.2042
22.5577 41.1787
22.5583 41.1564
22.5587 41.1368
22.5593 41.1197
22.5599 41.1048
22.5605 41.0917
22.5611 41.2052
22.5617 41.1796
22.5623 41.1571
22.5629 41.1375
22.5634 41.1203
22.5692 41.1053
22.5701 41.0921
22.5706 41.0806
22.5709 40.9455
22.5712 40.9523
22.5715 40.9583
22.5718 40.9635
22.5721 40.9681
22.5724 40.9721
22.573 41.1005
22.5735 41.088
22.5744 41.077
22.575 41.0674
22.5756 41.0589
22.5763 41.0516
22.5769 41.0451
22.5775 41.0395
22.5781 41.0345
22.5787 41.0302
22.5793 41.0264
22.5799 41.0231
22.5804 41.0202
22.581 41.0177
22.5816 41.0155
22.5822 41.0136
22.5829 41.0119
22.5835 41.0104
22.5841 41.0091
22.5847 41.008
22.5853 41.007
22.5858 41.0061
22.5864 41.0053
22.587 41.0047
22.5876 41.0041
22.5882 41.0036
22.5888 41.0031
22.5895 41.0027
22.5901 41.0024
22.5907 41.0021
22.5913 41.0018
22.5919 41.0016
22.5925 41.0014
22.5931 41.0012
22.5937 41.0011
22.5943 41.0009
22.5949 41.0008
22.5957 41.0007
22.5963 41.0006
22.5969 41.0005
22.5975 41.0005
22.5981 41.0004
22.5987 41.0004
22.5991 41.0003
22.5997 41.0003
22.6003 41.0002
22.6009 41.0002
22.6015 41.0002
22.6021 41.0002
22.6027 41.0001
22.6033 41.0001
22.6039 41.0001
22.6044 41.0001
22.6106 41.0001
22.6115 41.0001
22.6118 41.0001
22.6121 41.1251
22.6124 41.1094
22.6127 41.0957
22.613 41.0838
22.6133 41.0733
22.6137 41.0641
22.6142 41.0561
22.6148 41.0491
22.6157 41.043
22.6163 41.1626
22.6169 41.1423
22.6176 41.1245
22.6182 41.2339
22.6188 41.2047
22.6194 41.1791
22.62 41.2817
22.6206 41.2465
22.6211 41.3407
22.6217 41.2981
22.6223 41.3858
22.6229 41.3376
22.6235 41.2954
22.6242 41.3835
22.6248 41.3355
22.6254 41.2936
22.626 41.3819
22.6265 41.3342
22.6271 41.4174
22.6277 41.3652
22.6283 41.4446
22.6289 41.389
22.6295 41.3404
22.6301 41.4228
22.6308 41.37
22.6314 41.3237
22.632 41.4083
22.6325 41.4822
22.6331 41.5469
22.6337 41.6036
22.6343 41.6531
22.6349 41.5715
22.6355 41.6251
22.6361 41.6719
22.6368 41.7129
22.6374 41.7488
22.638 41.7802
22.6386 41.8077
22.6392 41.8317
22.6398 41.7278
22.6403 41.7618
22.6409 41.6666
22.6415 41.7082
22.6421 41.7447
22.6427 41.7766
22.6433 41.8045
22.6439 41.704
22.6445 41.741
22.6451 41.7734
22.6455 41.8017
22.6519 42.4515
22.6528 42.395
22.6532 42.3457
22.6535 42.3025
22.6538 42.1396
22.6541 42.1222
22.6544 42.1069
22.6547 42.0935
22.655 42.0819
22.6556 42.0716
22.6561 42.0627
22.657 42.0548
22.6576 42.048
22.6582 42.042
22.6589 42.0367
22.6595 42.0321
22.6601 42.0281
22.6607 42.0246
22.6613 42.0215
22.6619 41.8938
22.6625 41.9071
22.663 41.7937
22.6636 41.8195
22.6642 41.8421
22.6648 41.8618
22.6655 41.8791
22.6661 41.8942
22.6667 41.9074
22.6673 41.919
22.6679 41.8041
22.6684 41.8286
22.669 41.725
22.6696 41.7594
22.6702 41.7895
22.6708 41.8158
22.6714 41.8388
22.6721 41.859
22.6727 41.8766
22.6733 41.892
22.6739 41.7805
22.6744 41.8079
22.675 41.707
22.6756 41.7436
22.6762 41.7756
22.6768 41.8037
22.6774 41.8282
22.6781 41.8497
22.6787 41.8685
22.6793 41.8849
22.6799 41.7743
22.6805 41.8025
22.6811 41.8272
22.6817 41.8488
22.6822 41.8677
22.6828 41.8842
22.6834 41.8987
22.684 41.7864
22.6846 41.8131
22.6852 41.8364
22.6858 41.8569
22.6864 41.8748
22.6869 41.7654
22.6933 42.5447
22.6944 42.6017
22.695 42.5264
22.6953 42.4606
22.6956 42.4031
22.6959 42.3527
22.6962 42.3086
22.6965 42.27
22.6968 42.2363
22.6972 42.2067
22.6977 42.1809
22.6986 42.1583
22.6992 42.2635
22.6998 42.2306
22.7005 42.2017
22.7011 42.3015
22.7017 42.2638
22.7023 42.2308
22.7029 42.202
22.7035 42.1767
22.7041 42.2797
22.7046 42.2447
22.7052 42.3391
22.7058 42.2967
22.7064 42.2596
22.7071 42.3522
22.7077 42.3082
22.7083 42.2696
22.7089 42.2359
22.7095 42.2064
22.71 42.1806
22.7106 42.1581
22.7112 42.2633
22.7118 42.2304
22.7124 42.2016
22.713 42.1764
22.7137 42.1543
22.7143 42.135
22.7149 42.1182
22.7155 42.1034
22.716 42.0905
22.7166 42.0792
22.7172 42.1943
22.7178 42.17
22.7184 42.1487
22.719 42.1301
22.7196 42.1139
22.7202 42.0996
22.7208 42.0872
22.7214 42.0763
22.722 42.0667
22.7226 42.0584
22.7232 42.0511
22.7238 42.0447
22.7243 42.0391
22.7249 42.0342
22.7255 42.03
22.7261 42.1512
22.7267 42.1323
22.7273 42.1158
22.7279 42.1013
22.7285 42.0886
22.7289 42.0776
22.7346 41.9429
22.7357 41.825
22.7361 41.8469
22.7364 41.741
22.7367 41.6484
22.737 41.6923
22.7373 41.6058
22.7376 41.5301
22.7379 41.4638
22.7385 41.4058
22.739 41.3551
22.7399 41.3107
22.7405 41.2719
22.7411 41.3629
22.7418 41.3175
22.7424 41.2778
22.743 41.3681
22.7436 41.3221
22.7442 41.4068
22.7448 41.356
22.7454 41.3115
22.7459 41.2725
22.7465 41.2385
22.7471 41.3337
22.7477 41.292
22.7484 41.2555
22.749 41.3485
22.7496 41.305
22.7502 41.3918
22.7508 41.3429
22.7513 41.425
22.7519 41.3719
22.7525 41.3254
22.7531 41.4097
22.7537 41.3585
22.7543 41.4387
22.755 41.5089
22.7556 41.4452
22.7562 41.5146
22.7568 41.4503
22.7573 41.519
22.7579 41.4541
22.7585 41.3973
22.7591 41.4727
22.7597 41.4136
22.7603 41.4869
22.7609 41.426
22.7615 41.3728
22.7621 41.4512
22.7627 41.3948
22.7633 41.4704
22.7639 41.4116
22.7645 41.3602
22.765 41.3152
22.7656 41.2758
22.7662 41.3663
22.7668 41.3205
22.7674 41.2804
22.768 41.2454
22.7686 41.2147
22.7692 41.3129
22.7698 41.2738
22.7702 41.3645
22.7761 41.444
22.7771 41.5135
22.7774 41.4493
22.7777 41.3931
22.778 41.469
22.7783 41.4104
22.7786 41.3591
22.7789 41.3142
22.7794 41.3999
22.7798 41.3499
22.7804 41.4312
22.7815 41.5023
22.7821 41.5645
22.7827 41.4939
22.7834 41.5572
22.784 41.6125
22.7846 41.536
22.7852 41.594
22.7858 41.5197
22.7864 41.5798
22.7869 41.5073
22.7875 41.5689
22.7881 41.6228
22.7887 41.5449
22.7893 41.6018
22.79 41.6516
22.7906 41.5701
22.7912 41.6239
22.7918 41.5459
22.7923 41.6026
22.7929 41.5273
22.7935 41.5864
22.7941 41.6381
22.7947 41.5583
22.7953 41.6135
22.7959 41.5369
22.7966 41.4697
22.7972 41.536
22.7979 41.469
22.7983 41.5354
22.7989 41.4685
22.7995 41.5349
22.8001 41.593
22.8007 41.5189
22.8013 41.5791
22.8019 41.5067
22.8025 41.5683
22.8031 41.6223
22.8037 41.5445
22.8043 41.6014
22.8049 41.5263
22.8055 41.5855
22.8061 41.6373
22.8064 41.6826
22.807 41.8473
22.8076 41.8664
22.8082 41.8831
22.8088 41.8977
22.8094 41.9105
22.81 42.0467
22.8106 42.0408
22.8112 42.0357
22.8117 42.0313
22.8175 42.6524
22.8186 42.5708
22.819 42.4995
22.8193 42.437
22.8196 42.3824
22.8199 42.2096
22.8202 42.1834
22.8205 42.1605
22.821 42.1404
22.8214 42.1229
22.822 42.2325
22.8231 42.3284
22.8237 42.2874
22.8243 42.2515
22.825 42.345
22.8256 42.3019
22.8262 42.2642
22.8268 42.2311
22.8274 42.2022
22.828 42.302
22.8286 42.2642
22.8291 42.3562
22.8297 42.3117
22.8303 42.2727
22.8309 42.2386
22.8316 42.2088
22.8322 42.1827
22.8328 42.1599
22.8334 42.1399
22.834 42.2474
22.8345 42.2165
22.8351 42.3144
22.8357 42.2751
22.8363 42.2407
22.8369 42.2106
22.8375 42.1843
22.8383 42.2863
22.8389 42.2505
22.8395 42.2192
22.8401 42.3168
22.8405 42.2772
22.8411 42.3675
22.8417 42.3216
22.8423 42.2814
22.8429 42.2462
22.8435 42.2154
22.8441 42.3135
22.8447 42.2743
22.8453 42.24
22.8459 42.21
22.8465 42.1838
22.8471 42.2858
22.8477 42.2501
22.8482 42.2188
22.8486 42.1915
22.8492 42.1675
22.8498 42.1466
22.8504 42.1283
22.851 42.2372
22.8516 42.2076
22.8522 42.1816
22.8528 42.1589
22.8533 42.1391
22.8591 42.8717
22.8602 42.8877
22.8609 42.7768
22.8612 42.6797
22.8615 42.5947
22.8618 42.5204
22.8621 42.5803
22.8624 42.5078
22.8627 42.4443
22.8633 42.5138
22.8638 42.4495
22.8648 42.3934
22.8654 42.3442
22.8662 42.4262
22.8669 42.3729
22.8675 42.3263
22.8681 42.4105
22.8687 42.3592
22.8693 42.4393
22.8699 42.3844
22.8705 42.3363
22.871 42.2943
22.8716 42.2575
22.8722 42.3503
22.8728 42.3065
22.8736 42.3932
22.8742 42.4691
22.8748 42.4104
22.8754 42.4841
22.876 42.4236
22.8764 42.3707
22.877 42.4493
22.8776 42.3932
22.8782 42.469
22.8788 42.4104
22.8794 42.4841
22.8802 42.5486
22.8808 42.48
22.8814 42.545
22.882 42.4769
22.8824 42.4173
22.883 42.4901
22.8836 42.4288
22.8842 42.5002
22.8848 42.4377
22.8854 42.508
22.886 42.5695
22.8866 42.4983
22.8872 42.561
22.8878 42.4909
22.8884 42.5545
22.889 42.6102
22.8896 42.5339
22.8902 42.5922
22.8905 42.5182
22.8911 42.5784
22.8917 42.5061
22.8923 42.5678
22.8929 42.4969
22.8935 42.4347
22.894 42.3804
22.8946 42.3329
22.8952 42.4162
22.8956 42.3642
22.9015 42.3187
22.9025 42.2789
22.9031 42.369
22.9034 42.3229
22.9037 42.2825
22.904 42.3722
22.9043 42.3257
22.9046 42.285
22.9049 42.2493
22.9055 42.2182
22.906 42.1909
22.907 42.292
22.9076 42.2555
22.9084 42.2236
22.9091 42.3206
22.9097 42.2806
22.9104 42.2455
22.911 42.2148
22.9116 42.188
22.9122 42.2895
22.9128 42.2533
22.9132 42.3466
22.9138 42.3033
22.9144 42.2654
22.915 42.3572
22.9158 42.3126
22.9164 42.2735
22.917 42.2393
22.9176 42.2094
22.9182 42.3082
22.9186 42.2697
22.9192 42.236
22.9198 42.2065
22.9204 42.1807
22.921 42.2831
22.9216 42.2477
22.9224 42.2167
22.923 42.1896
22.9236 42.1659
22.9242 42.2702
22.9246 42.2364
22.9252 42.2069
22.9258 42.181
22.9264 42.1584
22.927 42.2636
22.9276 42.2306
22.9282 42.2018
22.9288 42.1766
22.9294 42.1545
22.93 42.2602
22.9306 42.2277
22.9312 42.1992
22.9318 42.1743
22.9323 42.1525
22.9327 42.1335
22.9333 42.1168
22.9339 42.1022
22.9344 42.0894
22.9347 42.0782
22.935 41.9434
22.9354 41.9505
22.936 41.9567
22.9366 41.8371
22.9371 41.8575
22.9429 41.7503
22.9441 41.7815
22.9446 41.6838
22.9449 41.5983
22.9452 41.6485
22.9455 41.5675
22.9458 41.4965
22.9461 41.5595
22.9465 41.6145
22.947 41.5377
22.9476 41.5955
22.9487 41.5211
22.9493 41.5809
22.95 41.6333
22.9508 41.5541
22.9514 41.6099
22.952 41.5336
22.9526 41.5919
22.9532 41.6429
22.9538 41.5626
22.9542 41.6173
22.9548 41.5401
22.9554 41.5976
22.956 41.6479
22.9566 41.5669
22.9574 41.621
22.958 41.5434
22.9586 41.6005
22.9592 41.6504
22.9596 41.5691
22.9602 41.623
22.9608 41.5451
22.9614 41.602
22.962 41.6517
22.9626 41.5703
22.9632 41.624
22.964 41.546
22.9646 41.6027
22.9652 41.6524
22.9656 41.5708
22.9662 41.6245
22.9668 41.5464
22.9674 41.6031
22.968 41.6527
22.9686 41.5711
22.9692 41.6247
22.9698 41.5467
22.9704 41.6033
22.971 41.6529
22.9716 41.5713
22.9722 41.6249
22.9728 41.5468
22.9734 41.6034
22.9737 41.528
22.9743 41.587
22.9749 41.5136
22.9755 41.5744
22.9758 41.5026
22.9761 41.5648
22.9766 41.6192
22.977 41.6668
22.9776 41.5834
22.9782 41.6355
22.9785 41.6811
22.9845 42.3459
22.9858 42.4277
22.9864 42.3742
22.9867 42.3275
22.987 42.2865
22.9873 42.2507
22.9876 42.2194
22.9879 42.1919
22.9882 42.168
22.9888 42.147
22.9892 42.2536
22.9903 42.3469
22.9909 42.3035
22.9916 42.2656
22.9924 42.2324
22.993 42.2033
22.9936 42.1779
22.9942 42.2807
22.9948 42.2456
22.9954 42.2149
22.996 42.188
22.9964 42.1645
22.997 42.269
22.9979 42.2353
22.9987 42.2059
22.9993 42.1802
22.9999 42.1577
23.0005 42.138
23.0011 42.1207
23.0015 42.1056
23.0021 42.0924
23.0027 42.0809
23.0033 42.0708
23.0039 41.9369
23.0045 41.9448
23.0053 41.9517
23.0059 41.9577
23.0065 41.963
23.0071 41.9676
23.0075 41.9717
23.0081 41.9752
23.0087 41.9783
23.0093 41.981
23.0101 41.9834
23.0107 41.9855
23.0113 41.9873
23.0119 41.9889
23.0125 41.9903
23.0131 41.9915
23.0137 41.9925
23.0143 41.9935
23.0149 41.9943
23.0153 41.995
23.0158 41.9956
23.0164 41.9962
23.017 41.9967
23.0174 41.9971
23.0177 41.9974
23.018 41.9978
23.0186 41.998
23.0191 41.9983
23.0197 41.9985
23.0201 41.9987
23.026 42.7488
23.0272 42.7802
23.0278 42.6827
23.0284 42.5974
23.0287 42.5227
23.029 42.5824
23.0293 42.5096
23.0296 42.4459
23.0299 42.3901
23.0304 42.3414
23.0308 42.2987
23.0319 42.2614
23.0325 42.2287
23.0332 42.3251
23.034 42.2845
23.0346 42.2489
23.0352 42.3428
23.0358 42.2999
23.0364 42.2625
23.037 42.2296
23.0376 42.2009
23.038 42.3008
23.0386 42.2632
23.0395 42.2303
23.0403 42.3265
23.0409 42.2857
23.0415 42.25
23.0421 42.3437
23.0427 42.3008
23.0431 42.2632
23.0437 42.2303
23.0443 42.2015
23.0449 42.1763
23.0455 42.1543
23.0461 42.26
23.0469 42.2275
23.0475 42.199
23.0481 42.2992
23.0487 42.2618
23.0491 42.229
23.0497 42.2004
23.0503 42.1754
23.0509 42.1534
23.0517 42.1343
23.0523 42.1175
23.0529 42.1028
23.0535 42.0899
23.0541 42.2037
23.0547 42.1782
23.0553 42.156
23.0559 42.1365
23.0565 42.1194
23.0569 42.1045
23.0574 42.0914
23.058 42.08
23.0586 42.07
23.059 42.1862
23.0593 42.163
23.0596 42.1426
23.0602 42.1248
23.0607 42.1092
23.0613 42.0955
23.0618 42.0836
23.0675 42.6981
23.0687 42.6109
23.0693 42.5345
23.0699 42.4677
23.0702 42.4092
23.0705 42.3581
23.0708 42.1883
23.0711 42.1648
23.0714 42.1442
23.0718 42.1262
23.0723 42.1104
23.0727 42.0966
23.0738 42.0845
23.0744 42.0739
23.0751 42.0647
23.0759 42.0566
23.0765 42.0495
23.0771 42.0433
23.0777 42.0379
23.0783 42.0332
23.0789 42.029
23.0795 42.0254
23.0799 41.8972
23.0805 41.9101
23.0814 41.9213
23.0822 41.9312
23.0828 41.9398
23.0834 41.9473
23.084 41.8289
23.0846 41.8503
23.085 41.869
23.0856 41.8854
23.0862 41.8997
23.0868 41.9122
23.0874 41.9232
23.088 41.9328
23.0888 41.9412
23.0894 41.9485
23.09 41.83
23.0906 41.8512
23.091 41.8698
23.0916 41.8861
23.0922 41.9003
23.0928 41.9128
23.0936 41.9237
23.0942 41.9332
23.0948 41.9416
23.0954 41.9489
23.096 41.8303
23.0966 41.8515
23.0972 41.87
23.098 41.8863
23.0986 41.9005
23.0989 41.9129
23.0995 41.9238
23.1001 42.0583
23.1007 42.0511
23.101 41.9197
23.1013 41.9297
23.1017 41.9385
23.1022 41.9462
23.1028 41.9529
23.1034 41.9588
23.1037 41.9639
23.1095 41.9685
23.1107 41.9724
23.1113 41.9758
23.1118 41.9789
23.1121 41.9815
23.1124 41.9838
23.1127 41.9858
23.113 41.8626
23.1133 41.8798
23.1139 41.8948
23.1142 41.908
23.1148 41.9195
23.1158 41.9295
23.1164 41.9383
23.1172 41.946
23.1179 41.9528
23.1185 41.9587
23.1191 41.9639
23.1197 41.9684
23.1203 41.9723
23.1209 41.9758
23.1214 41.9788
23.122 41.9815
23.1226 41.9838
23.1235 41.9858
23.1242 41.9876
23.1248 41.9891
23.1254 41.9905
23.126 42.1167
23.1265 42.1021
23.1271 42.0893
23.1277 42.0782
23.1283 42.0684
23.1289 42.0598
23.1295 42.0524
23.1301 42.0458
23.1308 42.0401
23.1314 42.0351
23.132 42.1557
23.1325 42.1362
23.1331 42.1192
23.1337 42.1043
23.1343 42.0913
23.1349 42.0799
23.1357 42.0699
23.1363 42.0611
23.1369 42.0535
23.1375 42.0468
23.1381 42.166
23.1387 42.1452
23.1393 42.1271
23.14 42.2362
23.1406 42.2067
23.1409 42.1808
23.1415 42.1582
23.1421 42.1384
23.1427 42.1211
23.143 42.231
23.1433 42.2021
23.1438 42.1769
23.1442 42.1547
23.1448 42.1354
23.1454 42.1185
23.1457 42.1037
23.1519 42.0907
23.1531 42.2044
23.1537 42.1788
23.154 42.1565
23.1543 42.1369
23.1546 42.1198
23.1549 42.1048
23.1552 42.2167
23.1555 42.1896
23.1561 42.2909
23.1564 42.2546
23.157 42.2227
23.1579 42.3199
23.1585 42.4049
23.1592 42.4793
23.16 42.4194
23.1606 42.492
23.1612 42.5555
23.1618 42.486
23.1624 42.5503
23.163 42.4815
23.1636 42.5463
23.164 42.603
23.1646 42.6526
23.1655 42.6961
23.1663 42.7341
23.1669 42.6423
23.1675 42.687
23.1681 42.7261
23.1687 42.6354
23.1691 42.6809
23.1697 42.5958
23.1703 42.6463
23.1709 42.5656
23.1715 42.6199
23.1721 42.6674
23.1729 42.584
23.1735 42.636
23.1741 42.6815
23.1747 42.5963
23.1752 42.6467
23.1758 42.5659
23.1764 42.6202
23.177 42.5426
23.1777 42.5998
23.1783 42.6498
23.1789 42.5686
23.1795 42.6225
23.1801 42.6697
23.1807 42.586
23.1813 42.6377
23.1821 42.683
23.1827 42.5977
23.1831 42.6479
23.1836 42.6919
23.1842 42.7305
23.1848 42.6391
23.1854 42.6843
23.1857 42.5987
23.186 42.5239
23.1866 42.5834
23.187 42.6355
23.1876 42.681
23.1881 42.7209
23.1942 43.5058
23.1954 43.5676
23.196 43.4966
23.1965 43.4345
23.1968 43.3802
23.1971 43.3327
23.1974 43.2911
23.1977 43.2547
23.198 43.0979
23.1984 43.0856
23.1989 42.9499
23.1993 42.9562
23.2002 43.0867
23.2008 43.0758
23.2016 43.0664
23.2023 43.0581
23.2029 43.0508
23.2035 43.0445
23.2041 43.0389
23.2047 43.034
23.2053 43.0298
23.2059 43.0261
23.2064 43.0228
23.207 42.8949
23.2079 42.9081
23.2086 42.9196
23.2092 42.9296
23.2098 42.9384
23.2105 42.9461
23.2111 42.9529
23.2115 42.9587
23.2121 42.9639
23.2127 42.9684
23.2133 42.9724
23.2139 42.9758
23.2145 42.9788
23.2153 42.9815
23.2159 42.9838
23.2165 42.9858
23.2171 42.9876
23.2175 42.9891
23.2181 42.9905
23.2187 42.9917
23.2193 42.9927
23.2201 43.1186
23.2207 43.1038
23.2213 43.0908
23.2219 43.0795
23.2225 43.0695
23.2231 43.0608
23.2237 43.0532
23.2244 43.0466
23.225 43.0408
23.2256 43.0357
23.2259 42.9062
23.2265 42.9179
23.2271 42.9282
23.2277 42.9372
23.228 42.945
23.2283 42.9519
23.2289 42.9579
23.2294 42.9632
23.23 42.8428
23.2304 42.8624
23.2364 43.5046
23.2378 43.4415
23.2384 43.3863
23.239 43.2131
23.2393 43.1864
23.2396 43.1631
23.2399 43.0177
23.2402 43.0155
23.2405 43.0136
23.2409 43.0119
23.2414 43.0104
23.2418 43.0091
23.2427 43.008
23.2433 43.007
23.2441 43.1311
23.2447 43.1147
23.2453 43.1004
23.2459 43.0878
23.2465 43.0768
23.2471 43.0672
23.2477 43.0588
23.2483 43.0515
23.2489 43.045
23.2494 43.0394
23.25 43.0345
23.2509 43.0302
23.2516 43.0264
23.2522 43.0231
23.2528 43.0202
23.2534 43.0177
23.254 43.0155
23.2545 43.0135
23.2551 43.0118
23.2557 43.0104
23.2563 43.0091
23.2569 43.0079
23.2575 43.0069
23.2582 43.0061
23.2588 43.0053
23.2594 43.0046
23.26 43.0041
23.2605 43.0036
23.2611 43.0031
23.2617 43.0027
23.2623 43.0024
23.263 43.0021
23.2636 43.0018
23.2642 43.0016
23.2648 43.0014
23.2654 43.0012
23.266 43.0011
23.2666 43.0009
23.2674 43.0008
23.268 42.8757
23.2684 42.8912
23.2689 42.9048
23.2695 42.9167
23.2701 42.9271
23.2705 42.9363
23.2708 42.8192
23.2713 42.8418
23.2717 42.8616
23.2723 42.8789
23.2729 42.894
23.2732 42.9073
23.2794 42.9189
23.2807 42.929
23.2813 42.9379
23.2818 42.9456
23.2821 42.9524
23.2824 42.9584
23.2827 42.9636
23.283 42.8431
23.2833 42.8627
23.2839 42.8799
23.2842 42.8949
23.2848 42.908
23.2857 42.9195
23.2863 42.9296
23.2871 42.9384
23.2877 42.9461
23.2883 42.9528
23.2889 42.9587
23.2895 42.9639
23.2901 42.9684
23.2907 42.9724
23.2913 42.9758
23.2917 42.9788
23.2923 42.9815
23.2929 42.9838
23.2938 42.9858
23.2946 42.9876
23.2952 42.9891
23.2958 42.9905
23.2964 42.9917
23.2968 42.8677
23.2974 42.8843
23.298 42.8987
23.2986 42.9114
23.2992 42.9225
23.2998 42.9322
23.3004 42.9406
23.3012 42.9481
23.3018 42.9545
23.3024 42.9602
23.3028 42.8402
23.3034 42.8602
23.304 42.8777
23.3046 42.8929
23.3052 42.9063
23.306 42.793
23.3066 42.8189
23.3072 42.8415
23.3078 42.8613
23.3084 42.8787
23.309 42.7688
23.3096 42.7977
23.3103 42.823
23.3109 42.8451
23.3112 42.8645
23.3118 42.8814
23.3124 42.8963
23.313 42.9092
23.3133 42.9206
23.3136 42.9305
23.3142 42.9392
23.3147 42.9468
23.3153 42.9534
23.3157 42.9593
23.3162 42.9643
23.3225 42.9688
23.324 43.0977
23.3246 43.0855
23.3249 43.0748
23.3252 43.0655
23.3255 43.0573
23.3258 43.0501
23.3261 43.1688
23.3264 43.1477
23.327 43.2543
23.3273 43.2225
23.3279 43.1947
23.3288 43.1703
23.3294 43.149
23.3302 43.1304
23.3308 43.1141
23.3314 43.0998
23.332 43.0874
23.3324 43.2014
23.333 43.3013
23.3336 43.2636
23.3342 43.3557
23.3348 43.3112
23.3353 43.3973
23.3359 43.3476
23.3368 43.4292
23.3375 43.5005
23.3381 43.563
23.3387 43.4926
23.3393 43.556
23.3399 43.4865
23.3404 43.5507
23.341 43.4819
23.3416 43.4216
23.3422 43.4939
23.3428 43.4322
23.3434 43.5032
23.3441 43.5653
23.3447 43.4946
23.3453 43.5578
23.3459 43.4881
23.3464 43.552
23.347 43.483
23.3476 43.4227
23.3482 43.4948
23.3489 43.433
23.3495 43.5039
23.3501 43.5659
23.3507 43.4951
23.3513 43.5582
23.3519 43.4885
23.3525 43.5524
23.3533 43.6084
23.3539 43.5323
23.3543 43.5908
23.3548 43.5169
23.3554 43.5773
23.356 43.5051
23.3564 43.442
23.3567 43.3867
23.3572 43.4634
23.3576 43.4055
23.3582 43.4798
23.3588 43.4198
23.3591 43.4923
23.3658 44.1808
23.3673 44.2832
23.3679 44.1228
23.3683 44.1074
23.3686 44.094
23.3689 43.9573
23.3692 43.9626
23.3695 43.9673
23.3698 43.8464
23.3703 43.8656
23.3707 43.7574
23.3712 43.7877
23.3721 43.9392
23.3727 43.9468
23.3734 43.9535
23.374 43.9593
23.3746 43.9644
23.3752 43.9688
23.3758 43.9727
23.3763 43.9761
23.3769 43.8541
23.3775 43.8724
23.3781 43.8883
23.3785 43.9023
23.3791 43.9145
23.38 44.0502
23.3808 44.0439
23.3814 44.0384
23.382 43.9086
23.3826 43.92
23.3832 43.93
23.3836 43.9388
23.3842 43.9464
23.3848 43.9531
23.3854 43.959
23.386 43.9641
23.3866 43.9686
23.3874 43.9725
23.388 43.851
23.3886 43.8696
23.3892 43.8859
23.3896 43.9002
23.3902 43.9126
23.3908 43.9236
23.3914 43.9331
23.3922 43.9415
23.3928 43.9488
23.3934 43.9552
23.394 43.8358
23.3946 43.8563
23.3952 43.8743
23.3958 43.89
23.3965 43.9037
23.3971 43.9158
23.3977 43.9263
23.398 43.9355
23.3987 43.9436
23.3993 43.9506
23.3999 43.9568
23.4002 43.9622
23.4005 43.9669
23.4011 43.9711
23.4015 43.9747
23.4021 43.9778
23.4026 43.9806
23.4089 44.608
23.4104 44.657
23.4111 44.5749
23.4117 44.503
23.412 44.4402
23.4123 44.3851
23.4126 44.337
23.4129 44.1699
23.4132 44.1486
23.4137 44.1301
23.4141 44.1138
23.4146 44.0996
23.4155 44.0871
23.4161 44.0762
23.4168 44.0667
23.4174 44.0584
23.418 44.0511
23.4186 44.0447
23.4192 44.0391
23.4197 44.0342
23.4203 44.0299
23.4209 44.0262
23.4215 44.0229
23.4219 43.8951
23.4225 43.9082
23.423 43.7946
23.4239 43.6953
23.4246 43.7334
23.4252 43.7667
23.4258 43.7959
23.4264 43.8214
23.427 43.8437
23.4275 43.8633
23.4281 43.8803
23.4287 43.8953
23.4293 43.9084
23.4299 43.7948
23.4305 43.8205
23.4312 43.8429
23.4318 43.8626
23.4324 43.8797
23.433 43.8948
23.4335 43.9079
23.4341 43.9194
23.4347 43.9295
23.4353 43.9383
23.4361 43.946
23.4367 43.9528
23.4373 43.9587
23.4379 43.9638
23.4385 43.9684
23.4391 43.9723
23.4397 43.9758
23.4404 43.9788
23.441 43.9815
23.4415 43.9838
23.4419 43.8608
23.4425 43.8782
23.4431 43.8934
23.4436 43.9067
23.4439 43.7934
23.4443 43.8192
23.4448 43.7168
23.4454 43.7522
23.446 43.6582
23.4463 43.7009
23.4527 43.7383
23.4542 43.771
23.455 43.6746
23.4554 43.7153
23.4557 43.6259
23.456 43.6727
23.4563 43.7136
23.4566 43.7494
23.4569 43.6557
23.4575 43.6987
23.4578 43.6114
23.4584 43.66
23.4593 43.7025
23.4599 43.6147
23.4607 43.6628
23.4613 43.705
23.4619 43.6169
23.4625 43.6647
23.4629 43.5817
23.4635 43.6339
23.4641 43.6797
23.4647 43.7197
23.4653 43.7548
23.4658 43.7854
23.4662 43.8122
23.4668 43.8357
23.4677 43.8563
23.4685 43.8742
23.4691 43.8899
23.4697 43.9037
23.4703 43.9157
23.4707 43.8013
23.4713 43.8261
23.4719 43.7228
23.4725 43.7575
23.4731 43.7878
23.4738 43.8143
23.4744 43.8375
23.4751 43.8578
23.4757 43.8756
23.4763 43.8912
23.4768 43.7798
23.4774 43.8073
23.478 43.7064
23.4786 43.7431
23.4792 43.7752
23.4799 43.6783
23.4805 43.7185
23.4811 43.7537
23.4817 43.7845
23.4823 43.8114
23.4829 43.71
23.4835 43.7462
23.4843 43.778
23.4849 43.6807
23.4852 43.7206
23.4858 43.7555
23.4864 43.7861
23.487 43.6878
23.4873 43.7269
23.4876 43.761
23.4882 43.7909
23.4886 43.817
23.4892 43.8399
23.4897 43.8599
23.4901 43.8774
23.4967 43.8927
23.4982 43.9061
23.499 43.9179
23.4994 43.9281
23.4997 43.9371
23.5 43.945
23.5003 43.9519
23.5006 43.9579
23.5009 43.9631
23.5015 43.9677
23.5018 43.9718
23.5024 43.9753
23.5033 43.9784
23.5039 43.9811
23.5047 43.9835
23.5053 43.9855
23.5059 43.9873
23.5065 43.9889
23.5069 43.9903
23.5075 43.9915
23.5081 43.9926
23.5087 43.9935
23.5093 43.9943
23.5098 43.995
23.5102 43.9956
23.5109 43.9962
23.5118 43.9967
23.5125 43.9971
23.5131 43.9974
23.5137 43.9978
23.5143 43.998
23.5148 43.9983
23.5154 43.9985
23.516 43.9987
23.5166 43.9989
23.5172 43.999
23.5178 43.9991
23.5184 43.9992
23.519 43.9993
23.5196 43.9994
23.5202 44.1245
23.5208 44.1089
23.5212 44.2203
23.5218 44.1928
23.5224 44.2937
23.523 44.382
23.5238 44.3342
23.5244 44.4174
23.525 44.3653
23.5256 44.3196
23.5262 44.4046
23.5268 44.3541
23.5274 44.4348
23.5281 44.5055
23.5287 44.4423
23.5292 44.512
23.5296 44.448
23.5302 44.517
23.5308 44.4524
23.5313 44.5208
23.5316 44.4557
23.532 44.5238
23.5325 44.4583
23.5331 44.526
23.5337 44.4602
23.534 44.4027
23.5409 45.1024
23.5424 45.2146
23.5431 45.1878
23.5437 45.1643
23.544 45.1438
23.5443 45.1258
23.5446 44.9851
23.5449 44.8619
23.5452 44.8792
23.5457 44.8943
23.5461 44.9075
23.5466 44.9191
23.5475 44.9292
23.5481 44.938
23.5489 44.9458
23.5495 44.9526
23.5501 44.9585
23.5507 44.9637
23.5513 44.9682
23.5517 44.9722
23.5523 44.9757
23.5529 44.8537
23.5535 44.872
23.554 44.763
23.5546 44.7926
23.555 44.8185
23.5559 44.8412
23.5567 44.8611
23.5573 44.8784
23.5579 44.7686
23.5585 44.7976
23.5591 44.8229
23.5595 44.845
23.5601 44.8644
23.5607 44.8813
23.5613 44.8962
23.5619 44.7841
23.5625 44.8111
23.5631 44.8347
23.5637 44.8554
23.5643 44.8735
23.5649 44.7643
23.5654 44.7937
23.566 44.6945
23.5666 44.7327
23.5672 44.7661
23.5679 44.6704
23.5685 44.7116
23.5691 44.7476
23.5697 44.7792
23.5703 44.8068
23.5709 44.7059
23.5715 44.7427
23.5723 44.7748
23.5729 44.678
23.5735 44.7182
23.5738 44.6285
23.5744 44.6749
23.575 44.5905
23.5756 44.6417
23.5759 44.5615
23.5762 44.6163
23.5768 44.5393
23.5772 44.5969
23.5778 44.5223
23.5783 44.582
23.5849 45.3842
23.5864 45.4612
23.5872 45.4035
23.5878 45.2281
23.5884 45.1996
23.5887 45.0496
23.589 44.9184
23.5893 44.9286
23.5896 44.9376
23.59 44.9454
23.5905 44.9522
23.5909 44.8332
23.5918 44.854
23.5924 44.8723
23.5932 44.8882
23.5938 44.9022
23.5944 44.9144
23.595 44.8001
23.5956 44.8251
23.596 44.847
23.5966 44.8661
23.5972 44.8828
23.5978 44.8975
23.5983 44.9103
23.5989 44.9215
23.5993 44.9313
23.6002 44.9399
23.601 44.9474
23.6016 44.954
23.6022 44.9597
23.6028 44.9648
23.6034 44.9692
23.6038 44.848
23.6044 44.867
23.605 44.8836
23.6056 44.8982
23.6062 44.9109
23.6068 44.922
23.6074 44.9318
23.608 44.9403
23.6086 44.9478
23.6092 44.9543
23.6097 44.96
23.6103 44.965
23.6109 44.9694
23.6115 44.9732
23.6122 44.9766
23.6128 44.9795
23.6134 44.9821
23.614 44.9843
23.6146 44.9863
23.6151 44.988
23.6157 44.9895
23.6163 44.9908
23.617 44.9919
23.6176 44.993
23.6181 44.9938
23.6185 44.9946
23.6191 44.9953
23.6197 44.9959
23.6202 44.9964
23.6205 44.9968
23.6209 44.8722
23.6214 44.8882
23.622 44.7772
23.6226 44.805
23.6229 44.7044
23.6295 44.7413
23.631 44.7737
23.6318 44.677
23.6324 44.7173
23.6328 44.6277
23.6331 44.6742
23.6334 44.7149
23.6337 44.6256
23.634 44.6724
23.6346 44.5883
23.6349 44.5148
23.6355 44.5754
23.6364 44.6285
23.637 44.6749
23.6378 44.5906
23.6384 44.6418
23.639 44.5615
23.6396 44.6163
23.64 44.6643
23.6406 44.5813
23.6414 44.6336
23.642 44.5544
23.6426 44.6101
23.643 44.6588
23.6435 44.7015
23.6441 44.7388
23.645 44.6464
23.6457 44.6906
23.6463 44.7293
23.6469 44.6381
23.6475 44.6834
23.648 44.598
23.6486 44.6482
23.6492 44.6922
23.6498 44.6057
23.6504 44.655
23.651 44.5731
23.6516 44.6264
23.6522 44.6731
23.6528 44.589
23.6534 44.6404
23.654 44.5603
23.6544 44.6153
23.655 44.6634
23.6556 44.7055
23.6562 44.7423
23.657 44.6495
23.6576 44.6933
23.6582 44.7316
23.6588 44.6402
23.6594 44.6852
23.6598 44.5995
23.6604 44.6496
23.661 44.6934
23.6618 44.6067
23.6624 44.6559
23.6627 44.5739
23.6633 44.6271
23.6639 44.5488
23.6645 44.6052
23.6648 44.5295
23.6651 44.5883
23.6657 44.6398
23.6662 44.6848
23.6668 44.7242
23.6672 44.7587
23.6677 44.7888
23.6743 44.8152
23.6758 44.7133
23.6765 44.7492
23.6771 44.7805
23.6774 44.808
23.6777 44.707
23.678 44.7436
23.6783 44.7756
23.6788 44.6787
23.6792 44.7188
23.6797 44.754
23.6803 44.7847
23.6812 44.8117
23.6818 44.7102
23.6825 44.7464
23.6831 44.7781
23.6837 44.8058
23.6843 44.8301
23.6848 44.7264
23.6854 44.7606
23.6861 44.7905
23.6867 44.8167
23.6873 44.8396
23.6878 44.7346
23.6882 44.7678
23.6888 44.6718
23.6897 44.7129
23.6905 44.7487
23.6911 44.7802
23.6917 44.8076
23.6923 44.8317
23.6927 44.8527
23.6933 44.8711
23.6939 44.7622
23.6945 44.792
23.6951 44.818
23.6957 44.8407
23.6963 44.8606
23.6969 44.753
23.6975 44.7839
23.6981 44.8109
23.6988 44.8346
23.6992 44.8552
23.6998 44.7483
23.7004 44.7798
23.701 44.8073
23.7018 44.8314
23.7024 44.8525
23.703 44.7459
23.7036 44.7777
23.7042 44.8055
23.7046 44.8298
23.7052 44.8511
23.7058 44.7447
23.7066 44.7766
23.7072 44.8045
23.7075 44.829
23.7081 44.8503
23.7087 44.869
23.7093 44.8854
23.7096 44.8997
23.7099 44.7873
23.7105 44.8139
23.7108 44.8371
23.7114 44.8575
23.712 44.8753
23.7123 44.8909
23.7192 45.7795
23.7207 45.8071
23.7214 45.8312
23.722 45.8523
23.7223 45.7458
23.7226 45.6525
23.7229 45.571
23.7232 45.4996
23.7235 45.4371
23.7241 45.5075
23.7244 45.4441
23.725 45.5136
23.7259 45.4494
23.7265 45.3932
23.7273 45.469
23.7279 45.4104
23.7285 45.3591
23.7291 45.4392
23.7295 45.3843
23.7301 45.4613
23.7309 45.4036
23.7315 45.3532
23.7321 45.434
23.7325 45.3798
23.7331 45.4573
23.7336 45.4001
23.7345 45.4751
23.7352 45.5407
23.7358 45.4731
23.7365 45.414
23.7371 45.4872
23.7377 45.4263
23.7381 45.498
23.7387 45.4358
23.7393 45.5063
23.7401 45.568
23.7407 45.497
23.7413 45.5599
23.7419 45.4899
23.7425 45.5537
23.7431 45.6095
23.7437 45.5333
23.7441 45.5916
23.7447 45.5177
23.7453 45.578
23.7459 45.5057
23.7467 45.4425
23.7473 45.5122
23.7479 45.4482
23.7485 45.5171
23.7491 45.5775
23.7495 45.5053
23.7501 45.5671
23.7507 45.4963
23.7515 45.5592
23.7521 45.6143
23.7525 45.5375
23.753 45.4703
23.7536 45.4115
23.7542 45.4851
23.7546 45.4245
23.7549 45.3714
23.7554 45.45
23.7558 45.3937
23.7563 45.4695
23.7569 45.4108
23.7573 45.4845
23.7644 46.2989
23.7662 46.3865
23.7671 46.4632
23.7677 46.4053
23.7681 46.3547
23.7684 46.3103
23.7687 46.2715
23.769 46.3626
23.7693 46.3173
23.7698 46.2776
23.7702 46.2429
23.7707 46.2125
23.7716 46.186
23.7722 46.2877
23.7729 46.2518
23.7735 46.2203
23.7742 46.3178
23.7748 46.278
23.7754 46.2433
23.7758 46.2129
23.7766 46.1863
23.7772 46.288
23.7778 46.252
23.7784 46.2205
23.7788 46.1929
23.7793 46.1688
23.7802 46.2727
23.7809 46.2386
23.7815 46.2088
23.7821 46.3077
23.7827 46.2692
23.7833 46.2356
23.7838 46.2061
23.7844 46.1804
23.785 46.1578
23.7857 46.1381
23.7863 46.1208
23.7869 46.1057
23.7875 46.0925
23.7881 46.2059
23.7887 46.1802
23.7893 46.1577
23.7898 46.138
23.7904 46.1207
23.791 46.1056
23.7916 46.0924
23.7923 46.2059
23.7929 46.1801
23.7935 46.1576
23.7941 46.2629
23.7947 46.2301
23.7952 46.2013
23.7958 46.1761
23.7964 46.1541
23.7971 46.2599
23.7977 46.2274
23.7982 46.1989
23.7986 46.1741
23.7992 46.2773
23.7998 46.2427
23.8003 46.2123
23.8006 46.1858
23.801 46.2876
23.8015 46.2516
23.8019 46.2202
23.8025 46.1926
23.803 46.1686
23.8099 46.8975
23.8117 46.9103
23.8126 46.7965
23.8132 46.697
23.8138 46.6098
23.8141 46.5336
23.8144 46.4669
23.8147 46.4085
23.815 46.3575
23.8155 46.3128
23.8159 46.2737
23.8162 46.2395
23.8168 46.2095
23.8177 46.1833
23.8183 46.1604
23.8191 46.2654
23.8197 46.2322
23.8203 46.2032
23.8209 46.1778
23.8213 46.1556
23.8219 46.1361
23.8227 46.1191
23.8233 46.1042
23.8239 46.0912
23.8243 46.0798
23.8249 46.0698
23.8254 46.0611
23.8263 46.0534
23.827 46.1718
23.8276 46.1503
23.8282 46.1315
23.8288 46.1151
23.8294 46.1007
23.8299 46.0881
23.8305 46.0771
23.8311 46.1925
23.8318 46.1684
23.8324 46.1473
23.833 46.2539
23.8336 46.2222
23.8342 46.1944
23.8348 46.1701
23.8354 46.1488
23.8359 46.1302
23.8365 46.114
23.8371 46.2247
23.8377 46.1966
23.8384 46.172
23.839 46.2755
23.8396 46.2411
23.8402 46.211
23.841 46.1846
23.8414 46.1615
23.842 46.2663
23.8426 46.233
23.8434 46.2039
23.844 46.1784
23.8443 46.1561
23.8449 46.1366
23.8455 46.1195
23.8461 46.2296
23.8464 46.2009
23.8467 46.1758
23.8473 46.1538
23.8476 46.1346
23.8482 46.2428
23.8488 46.2124
23.8491 46.3109
23.856 46.397
23.8578 46.3474
23.8589 46.304
23.8595 46.266
23.8601 46.3577
23.8604 46.313
23.8607 46.2739
23.861 46.2396
23.8613 46.2097
23.8619 46.1835
23.8622 46.2855
23.8626 46.2498
23.8632 46.3436
23.8641 46.4257
23.8647 46.3725
23.8655 46.3259
23.8661 46.4102
23.8667 46.3589
23.8673 46.439
23.8677 46.3841
23.8683 46.4611
23.8691 46.5285
23.8697 46.4624
23.8703 46.5296
23.8707 46.4634
23.8712 46.5305
23.8718 46.4642
23.8727 46.4062
23.8734 46.3554
23.874 46.436
23.8746 46.3815
23.8752 46.4588
23.8757 46.4014
23.8763 46.4763
23.8769 46.4167
23.8775 46.3646
23.8782 46.4441
23.8788 46.3885
23.8794 46.34
23.88 46.4225
23.8806 46.3697
23.8812 46.4485
23.8817 46.3924
23.8823 46.4684
23.8829 46.4098
23.8835 46.3586
23.8841 46.4388
23.8848 46.3839
23.8854 46.3359
23.886 46.4189
23.8867 46.3666
23.8874 46.4457
23.8879 46.39
23.8885 46.3413
23.8891 46.4236
23.8898 46.3707
23.8904 46.4493
23.8907 46.3932
23.8913 46.469
23.8919 46.4104
23.8925 46.3591
23.8928 46.3142
23.8931 46.3999
23.8937 46.3499
23.894 46.4312
23.8946 46.3773
23.8952 46.4551
23.8955 46.3982
23.9024 46.3485
23.9042 46.4299
23.9053 46.5012
23.9059 46.4385
23.9063 46.3837
23.9066 46.3357
23.9069 46.2938
23.9072 46.382
23.9075 46.3343
23.9081 46.4175
23.9084 46.3653
23.9089 46.3197
23.9095 46.2797
23.9104 46.2447
23.911 46.2141
23.9117 46.1874
23.9122 46.289
23.9128 46.2528
23.9134 46.3462
23.9138 46.3029
23.9144 46.3901
23.9152 46.4663
23.9158 46.408
23.9164 46.482
23.9168 46.4218
23.9174 46.4941
23.9179 46.4323
23.9188 46.5033
23.9195 46.5653
23.9201 46.6197
23.9207 46.5422
23.9213 46.5994
23.9219 46.5245
23.9224 46.5839
23.923 46.511
23.9236 46.5721
23.9244 46.6256
23.925 46.5474
23.9256 46.604
23.9262 46.6535
23.9268 46.5718
23.9274 46.6253
23.928 46.5471
23.9284 46.6037
23.929 46.6533
23.9296 46.6966
23.9302 46.7345
23.931 46.6427
23.9316 46.6874
23.9322 46.7265
23.9328 46.6356
23.9335 46.6812
23.934 46.596
23.9346 46.6465
23.9352 46.6907
23.9359 46.6044
23.9365 46.6538
23.937 46.5721
23.9374 46.6256
23.938 46.6724
23.9385 46.7133
23.9388 46.6242
23.9391 46.6712
23.9395 46.5873
23.94 46.5138
23.9404 46.4496
23.941 46.5184
23.9415 46.4536
23.9484 47.2719
23.9503 47.3629
23.9514 47.3176
23.952 47.1529
23.9524 47.1338
23.9527 46.992
23.953 46.993
23.9533 46.9939
23.9536 46.8697
23.9541 46.886
23.9545 46.7752
23.9548 46.6783
23.9554 46.7185
23.9563 46.7537
23.9569 46.6595
23.9577 46.7021
23.9581 46.7393
23.9587 46.6469
23.9593 46.691
23.9599 46.6046
23.9604 46.6541
23.9611 46.6973
23.9618 46.6101
23.9624 46.6589
23.963 46.5765
23.9634 46.6294
23.9639 46.5508
23.9648 46.6069
23.9655 46.6561
23.9661 46.699
23.9667 46.6117
23.9673 46.6602
23.9679 46.5777
23.9684 46.6305
23.969 46.5517
23.9696 46.6077
23.9703 46.6567
23.9709 46.5746
23.9715 46.6278
23.9721 46.6743
23.9727 46.59
23.9733 46.6413
23.9739 46.5611
23.9744 46.616
23.975 46.539
23.9756 46.4716
23.9762 46.5377
23.9769 46.4705
23.9775 46.5366
23.9781 46.5946
23.9787 46.5202
23.9795 46.5802
23.9801 46.6327
23.9805 46.6786
23.9811 46.7188
23.9819 46.6289
23.9825 46.6753
23.9831 46.7159
23.9834 46.7514
23.984 46.6575
23.9846 46.5753
23.9849 46.5034
23.9852 46.5655
23.9855 46.4948
23.9861 46.5579
23.9864 46.6132
23.987 46.5365
23.9876 46.4695
23.9945 47.2858
23.9964 47.3751
23.9975 47.3282
23.9981 47.2872
23.9987 47.2513
23.999 47.2199
23.9993 47.1924
23.9996 47.0433
23.9999 46.9129
24.0002 46.9238
24.0008 46.8083
24.0011 46.8323
24.0022 46.9782
24.0028 46.856
24.0035 46.874
24.0041 46.8897
24.0046 46.7785
24.0052 46.8062
24.0058 46.7054
24.0062 46.7422
24.007 46.6495
24.0076 46.5683
24.0082 46.6222
24.0088 46.5445
24.0092 46.6014
24.0098 46.5262
24.0106 46.5854
24.0113 46.6373
24.0119 46.5576
24.0125 46.4879
24.0131 46.5519
24.0137 46.4829
24.0143 46.5476
24.0148 46.4791
24.0154 46.5442
24.0161 46.6012
24.0167 46.526
24.0173 46.5853
24.0179 46.5121
24.0185 46.4481
24.0191 46.5171
24.0197 46.4525
24.0203 46.5209
24.0208 46.4558
24.0214 46.5238
24.022 46.4583
24.0227 46.401
24.0233 46.4759
24.0239 46.4164
24.0245 46.3644
24.0253 46.4438
24.0259 46.3883
24.0263 46.3398
24.0269 46.2973
24.0277 46.2602
24.0283 46.3526
24.0289 46.3086
24.0293 46.27
24.0298 46.2362
24.0304 46.3317
24.0308 46.2902
24.0311 46.379
24.0314 46.3316
24.0319 46.2901
24.0323 46.2539
24.0328 46.2221
24.0334 46.3194
24.0403 47.1545
24.0423 47.2601
24.0435 47.2276
24.0441 47.1992
24.0447 47.0493
24.0451 47.0431
24.0454 46.9127
24.0457 46.7986
24.046 46.8238
24.0463 46.8458
24.0468 46.7401
24.0472 46.7726
24.0481 46.801
24.0487 46.7009
24.0495 46.7383
24.0501 46.771
24.0505 46.6746
24.0511 46.7153
24.0517 46.6259
24.0523 46.6726
24.0529 46.5886
24.0535 46.64
24.0541 46.685
24.0547 46.5994
24.0553 46.6494
24.0558 46.5683
24.0565 46.6222
24.0573 46.6695
24.0579 46.5858
24.0585 46.6375
24.0591 46.6829
24.0597 46.5975
24.0603 46.6478
24.0607 46.5668
24.0613 46.621
24.0621 46.6684
24.0627 46.5848
24.0633 46.6367
24.0639 46.5571
24.0645 46.6125
24.0651 46.6609
24.0657 46.5783
24.0663 46.631
24.0667 46.5521
24.0673 46.6081
24.0679 46.5321
24.0687 46.5906
24.0693 46.6418
24.0699 46.5615
24.0705 46.6164
24.0712 46.6643
24.0718 46.5813
24.0724 46.6336
24.0729 46.5544
24.0736 46.6101
24.0743 46.6588
24.0749 46.5765
24.0755 46.6294
24.0758 46.5507
24.0764 46.6069
24.077 46.531
24.0773 46.5897
24.0776 46.516
24.0779 46.4515
24.0785 46.52
24.0788 46.455
24.0794 46.5231
24.0864 47.3327
24.0884 47.4162
24.0896 47.3641
24.0902 47.3186
24.0908 47.1538
24.0912 47.1346
24.0915 46.9927
24.0918 46.8687
24.0921 46.8851
24.0924 46.7744
24.0927 46.6776
24.0933 46.7179
24.0941 46.7532
24.0947 46.659
24.0954 46.7017
24.096 46.7389
24.0966 46.6466
24.0971 46.6908
24.0977 46.6044
24.0983 46.6539
24.0989 46.5721
24.0995 46.6256
24.1001 46.6724
24.1007 46.5884
24.1013 46.6398
24.1017 46.5598
24.1025 46.6149
24.1032 46.663
24.1038 46.5801
24.1044 46.6326
24.105 46.6785
24.1056 46.5937
24.1062 46.6445
24.1068 46.5639
24.1073 46.6184
24.108 46.6661
24.1086 46.5829
24.1092 46.635
24.1098 46.5556
24.1104 46.6112
24.111 46.6598
24.1117 46.5773
24.1123 46.6301
24.1129 46.5514
24.1133 46.6075
24.1139 46.5315
24.1147 46.5901
24.1153 46.6413
24.1159 46.5612
24.1165 46.616
24.1172 46.664
24.1178 46.581
24.1184 46.6334
24.1189 46.5542
24.1196 46.6099
24.1202 46.6587
24.1208 46.5764
24.1214 46.6293
24.1219 46.5506
24.1223 46.6068
24.1229 46.531
24.1234 46.5896
24.1237 46.5159
24.124 46.4514
24.1244 46.52
24.1249 46.455
24.1253 46.5231
24.1324 47.3327
24.1343 47.4161
24.1355 47.3641
24.1363 47.3186
24.1369 47.1538
24.1373 47.1346
24.1376 46.9927
24.1379 46.8686
24.1382 46.8851
24.1385 46.7744
24.1388 46.6776
24.1394 46.7179
24.1402 46.7532
24.1406 46.659
24.1412 46.7017
24.142 46.6139
24.1426 46.5372
24.143 46.5951
24.1436 46.5207
24.1442 46.5806
24.1448 46.508
24.1454 46.5695
24.146 46.6233
24.1466 46.5454
24.1472 46.6022
24.1478 46.5269
24.1483 46.5861
24.149 46.6378
24.1498 46.5581
24.1504 46.6133
24.151 46.6617
24.1516 46.579
24.1522 46.6316
24.1528 46.5526
24.1533 46.6086
24.1539 46.5325
24.1546 46.4659
24.1552 46.5327
24.1558 46.4661
24.1564 46.5328
24.157 46.5912
24.1576 46.5173
24.1582 46.5777
24.1588 46.5055
24.1593 46.5673
24.1599 46.4964
24.1605 46.5593
24.1612 46.6144
24.1618 46.5376
24.1624 46.5954
24.163 46.646
24.1638 46.5652
24.1644 46.6196
24.165 46.5421
24.1654 46.5994
24.1662 46.6494
24.1668 46.5683
24.1674 46.6222
24.168 46.5444
24.1683 46.6014
24.1689 46.5262
24.1695 46.5854
24.1698 46.5123
24.1701 46.5732
24.1704 46.6266
24.171 46.5483
24.1713 46.6047
24.1719 46.5291
24.1789 46.463
24.1809 46.4051
24.1821 46.4795
24.1828 46.4195
24.1834 46.4921
24.1839 46.4306
24.1842 46.5018
24.1845 46.564
24.1848 46.4935
24.1851 46.5568
24.1855 46.6122
24.186 46.5357
24.1869 46.4687
24.1875 46.5351
24.1881 46.5933
24.1889 46.6441
24.1895 46.6886
24.1899 46.6025
24.1905 46.6522
24.1911 46.6957
24.1917 46.7337
24.1923 46.767
24.1929 46.6711
24.1935 46.7122
24.1941 46.7482
24.1946 46.7797
24.1952 46.8072
24.1959 46.7063
24.1967 46.743
24.1973 46.7751
24.1979 46.6783
24.1985 46.7185
24.1991 46.7537
24.1997 46.7845
24.2001 46.8114
24.2007 46.835
24.2015 46.8556
24.2021 46.8736
24.2027 46.8894
24.2033 46.9033
24.2039 46.7904
24.2045 46.8166
24.2051 46.8395
24.2057 46.8596
24.2061 46.8771
24.2067 46.8925
24.2073 46.9059
24.2081 46.9177
24.2087 46.928
24.2093 46.937
24.2099 46.8198
24.2106 46.8424
24.2112 46.8621
24.2117 46.8793
24.2123 46.8944
24.213 46.9076
24.2136 46.9191
24.2142 46.9293
24.2147 46.9381
24.2151 46.9458
24.2157 46.9526
24.2162 46.9585
24.2165 46.9637
24.2168 46.8432
24.2172 46.8628
24.2177 46.88
24.2181 46.895
24.2187 46.9081
24.2257 46.9196
24.2276 46.9296
24.2288 46.8134
24.2297 46.8368
24.2303 46.8572
24.2308 46.875
24.2311 46.8906
24.2314 46.9043
24.2317 46.9163
24.232 46.8017
24.2326 46.8265
24.233 46.9732
24.2339 46.9766
24.2345 46.9795
24.2351 46.982
24.2359 46.9843
24.2365 46.9863
24.2369 46.988
24.2375 46.9895
24.2381 46.9908
24.2387 46.9919
24.2393 46.9929
24.2399 46.9938
24.2404 47.1196
24.241 47.1046
24.2416 47.0916
24.242 47.2051
24.2428 47.1795
24.2435 47.282
24.2441 47.3718
24.2447 47.3253
24.2453 47.4096
24.2459 47.3584
24.2465 47.3136
24.247 47.2744
24.2476 47.2401
24.2483 47.3351
24.2489 47.2932
24.2495 47.2566
24.2501 47.3495
24.2507 47.3058
24.2513 47.3926
24.2519 47.3435
24.2525 47.3006
24.253 47.263
24.2536 47.2301
24.2542 47.3264
24.2549 47.2856
24.2555 47.2499
24.2561 47.3436
24.2567 47.3007
24.2575 47.3881
24.2581 47.4646
24.2587 47.4065
24.2591 47.4807
24.2599 47.4206
24.2605 47.368
24.2611 47.447
24.2617 47.3911
24.262 47.4673
24.2626 47.4088
24.2632 47.4827
24.2635 47.4224
24.2638 47.3696
24.2641 47.4484
24.2647 47.3923
24.265 47.4683
24.2656 47.4098
24.2725 48.2335
24.2745 48.3294
24.2757 48.2882
24.2766 48.2522
24.2772 48.2206
24.2776 48.0681
24.2779 47.9346
24.2782 47.8177
24.2785 47.7155
24.2788 47.6261
24.2793 47.6728
24.2797 47.5887
24.2806 47.5151
24.2812 47.5757
24.2818 47.5038
24.2826 47.4408
24.2832 47.5107
24.2836 47.4469
24.2842 47.516
24.2848 47.4515
24.2854 47.3951
24.286 47.4707
24.2866 47.4118
24.2872 47.4854
24.2877 47.4247
24.2883 47.4966
24.2887 47.4345
24.2896 47.3802
24.2904 47.4577
24.291 47.4005
24.2916 47.3504
24.2922 47.4316
24.2928 47.3777
24.2934 47.4555
24.294 47.3985
24.2944 47.4737
24.2952 47.5395
24.2958 47.4721
24.2964 47.538
24.297 47.4708
24.2976 47.4119
24.2982 47.4854
24.2988 47.4248
24.2994 47.4967
24.3 47.5596
24.3005 47.6146
24.3011 47.6628
24.3018 47.58
24.3024 47.6325
24.303 47.6784
24.3036 47.5936
24.3044 47.6444
24.305 47.5639
24.3056 47.4934
24.306 47.5567
24.3068 47.4871
24.3074 47.5512
24.308 47.4823
24.3086 47.422
24.309 47.4943
24.3095 47.4325
24.3101 47.5034
24.3105 47.4405
24.3108 47.3854
24.3111 47.4623
24.3116 47.4045
24.312 47.4789
24.3125 47.419
24.3195 48.2417
24.3215 48.3365
24.3227 48.2944
24.3236 48.2576
24.3243 48.2254
24.3248 48.0722
24.3251 48.0632
24.3254 48.0553
24.3257 47.9234
24.326 47.808
24.3263 47.832
24.3269 47.728
24.3276 47.762
24.3282 47.7917
24.3288 47.6928
24.3296 47.7312
24.3302 47.7648
24.3308 47.6692
24.3312 47.7105
24.3318 47.6217
24.3324 47.669
24.333 47.7104
24.3336 47.6216
24.3342 47.6689
24.3347 47.5853
24.3353 47.6371
24.3359 47.5575
24.3366 47.6128
24.3374 47.6612
24.338 47.7035
24.3386 47.7406
24.3392 47.773
24.3397 47.6764
24.3403 47.7168
24.3409 47.6272
24.3413 47.6738
24.3419 47.5896
24.3427 47.5159
24.3433 47.5764
24.3439 47.5044
24.3445 47.5663
24.3451 47.6205
24.3457 47.543
24.3463 47.6001
24.3469 47.5251
24.3473 47.4594
24.3479 47.402
24.3485 47.3518
24.3493 47.4328
24.3499 47.3787
24.3505 47.3314
24.3511 47.4149
24.3518 47.3631
24.3524 47.4427
24.353 47.5123
24.3535 47.4483
24.3542 47.5173
24.3548 47.4526
24.3554 47.521
24.356 47.5809
24.3563 47.5083
24.3569 47.4448
24.3575 47.3892
24.3578 47.3405
24.3581 47.4229
24.3584 47.3701
24.359 47.4488
24.3593 47.3927
24.3599 47.3436
24.367 47.3007
24.3689 47.2631
24.3701 47.3552
24.371 47.4358
24.3718 47.3813
24.3722 47.4587
24.3725 47.4013
24.3728 47.3512
24.3731 47.4323
24.3734 47.5032
24.3739 47.4403
24.3743 47.5103
24.3753 47.5715
24.3759 47.5001
24.3765 47.5626
24.3772 47.6172
24.3778 47.5401
24.3783 47.5976
24.3789 47.5229
24.3795 47.5825
24.3801 47.6347
24.3807 47.5554
24.3813 47.6109
24.3819 47.5346
24.3823 47.5928
24.3829 47.5187
24.3834 47.5788
24.3843 47.6315
24.385 47.6775
24.3856 47.5928
24.3862 47.6437
24.3867 47.5633
24.3873 47.6179
24.3879 47.5406
24.3885 47.598
24.3889 47.5233
24.3895 47.5829
24.3903 47.635
24.3909 47.5556
24.3915 47.6112
24.3922 47.6598
24.3928 47.5773
24.3934 47.6301
24.394 47.6764
24.3946 47.7168
24.3951 47.7522
24.3957 47.7832
24.3963 47.8103
24.397 47.834
24.3976 47.8548
24.3982 47.8729
24.3988 47.7638
24.3996 47.7933
24.4002 47.8192
24.4006 47.7168
24.4012 47.7522
24.402 47.6581
24.4026 47.7009
24.4032 47.7383
24.4036 47.646
24.4041 47.6902
24.4047 47.729
24.4051 47.7628
24.4054 47.7925
24.4057 47.6934
24.4062 47.7317
24.4066 47.6403
24.4071 47.6852
24.4077 47.7246
24.4146 47.759
24.4166 47.7891
24.4178 47.6905
24.4187 47.6042
24.4194 47.6537
24.42 47.6969
24.4203 47.7348
24.4206 47.768
24.4209 47.672
24.4212 47.713
24.4218 47.7489
24.4223 47.7803
24.4232 47.8077
24.4238 47.8318
24.4244 47.8528
24.4251 47.8712
24.4257 47.8873
24.4262 47.9014
24.4268 47.9137
24.4274 47.9245
24.428 47.8089
24.4286 47.8328
24.4292 47.8537
24.4296 47.872
24.4302 47.888
24.4308 47.902
24.4313 47.9142
24.4322 47.925
24.4329 47.8093
24.4335 47.8332
24.4341 47.854
24.4346 47.8723
24.4352 47.8882
24.4358 47.9022
24.4362 47.9144
24.4368 47.9251
24.4374 47.9345
24.4382 47.9427
24.4388 47.9498
24.4392 48.0811
24.44 48.071
24.4406 48.0621
24.4412 48.1793
24.4418 48.1569
24.4424 48.1373
24.4428 48.1201
24.4434 48.1051
24.444 48.217
24.4448 48.1899
24.4454 48.1661
24.446 48.1454
24.4466 48.1272
24.4473 48.2363
24.4479 48.2068
24.4485 48.1809
24.449 48.1583
24.4498 48.1385
24.4504 48.2462
24.451 48.2154
24.4516 48.1885
24.4519 48.1649
24.4525 48.1443
24.4531 48.2513
24.4534 48.2199
24.4537 48.1924
24.454 48.1683
24.4546 48.1473
24.4549 48.1289
24.4555 48.1128
24.4624 48.9737
24.4643 49.102
24.4655 49.0892
24.4664 49.0781
24.4672 49.0683
24.4678 48.9348
24.4681 48.8179
24.4684 48.7157
24.4687 48.6262
24.469 48.5479
24.4694 48.4794
24.4699 48.4195
24.4708 48.3671
24.4714 48.3212
24.472 48.281
24.4727 48.2459
24.4733 48.2152
24.4738 48.1883
24.4744 48.1647
24.475 48.1441
24.4756 48.1261
24.4762 48.2354
24.4768 48.2059
24.4774 48.1802
24.4778 48.1577
24.4784 48.138
24.4789 48.1207
24.4798 48.1056
24.4805 48.0924
24.4811 48.2059
24.4817 48.1801
24.4822 48.1576
24.4828 48.1379
24.4834 48.1207
24.484 48.1056
24.4844 48.0924
24.485 48.2058
24.4858 48.1801
24.4864 48.1576
24.487 48.1379
24.4876 48.1207
24.4882 48.2306
24.4888 48.2018
24.4894 48.1765
24.49 48.2795
24.4906 48.2445
24.4911 48.339
24.4917 48.2966
24.4924 48.2595
24.493 48.3521
24.4936 48.3081
24.4944 48.3946
24.4951 48.4702
24.4957 48.4115
24.4963 48.485
24.4968 48.4244
24.4975 48.4963
24.4981 48.5593
24.4987 48.4894
24.4993 48.5532
24.4998 48.4841
24.5002 48.5486
24.5008 48.48
24.5013 48.42
24.5016 48.3675
24.5019 48.3216
24.5023 48.4064
24.5028 48.3556
24.5032 48.4361
24.5103 49.2566
24.5122 49.3495
24.5134 49.3058
24.5143 49.2676
24.5151 49.2342
24.5157 49.0799
24.516 48.9449
24.5163 48.8268
24.5166 48.7234
24.5169 48.633
24.5172 48.6789
24.5178 48.594
24.5185 48.6448
24.5191 48.6892
24.5197 48.603
24.5205 48.6526
24.5211 48.6961
24.5217 48.6091
24.5221 48.6579
24.5227 48.5757
24.5233 48.6287
24.5239 48.5501
24.5245 48.4814
24.5252 48.5462
24.5256 48.4779
24.5262 48.5432
24.5268 48.4753
24.5276 48.5409
24.5283 48.5983
24.5289 48.5235
24.5295 48.458
24.5301 48.5258
24.5306 48.4601
24.5312 48.5276
24.5318 48.4616
24.5322 48.5289
24.5328 48.4628
24.5336 48.4049
24.5342 48.4793
24.5348 48.4194
24.5354 48.492
24.536 48.4305
24.5366 48.3767
24.5372 48.4546
24.5378 48.3978
24.5384 48.348
24.5388 48.3045
24.5393 48.2665
24.5399 48.2332
24.5406 48.204
24.5412 48.1785
24.5418 48.1562
24.5426 48.1367
24.5433 48.1196
24.5439 48.1046
24.5445 48.0916
24.545 48.0801
24.5457 48.0701
24.5463 48.0613
24.5469 48.0537
24.5475 48.047
24.5478 48.0411
24.5484 48.036
24.549 48.1565
24.5493 48.1369
24.5496 48.1198
24.5499 48.1048
24.5505 48.0917
24.5508 48.0802
24.5514 48.0702
24.5586 48.0614
24.5606 48.0538
24.5618 48.047
24.5627 48.0412
24.5635 48.036
24.5639 48.0315
24.5642 48.1526
24.5645 48.1335
24.5648 48.1168
24.5651 48.2272
24.5656 48.1988
24.566 48.299
24.5669 48.2616
24.5675 48.2289
24.5681 48.3253
24.5689 48.2846
24.5695 48.249
24.5699 48.2179
24.5705 48.1907
24.5711 48.2918
24.5717 48.2554
24.5723 48.3484
24.5729 48.3049
24.5735 48.2668
24.574 48.2334
24.5746 48.2042
24.575 48.3037
24.5759 48.2657
24.5767 48.2325
24.5773 48.3285
24.5779 48.2874
24.5783 48.2515
24.5789 48.22
24.5795 48.1925
24.5801 48.2935
24.5806 48.2568
24.5812 48.3497
24.5819 48.306
24.5825 48.2677
24.5831 48.3593
24.5837 48.3144
24.5843 48.4001
24.5849 48.3501
24.5855 48.3063
24.5861 48.393
24.5867 48.3439
24.587 48.4259
24.5876 48.3727
24.5882 48.4511
24.589 48.3947
24.5896 48.3454
24.5902 48.4272
24.5909 48.3738
24.5917 48.3271
24.5923 48.4112
24.5927 48.3598
24.5933 48.4398
24.5941 48.5098
24.5947 48.4461
24.5953 48.5153
24.5957 48.4509
24.5962 48.5196
24.5969 48.4546
24.5974 48.3978
24.5977 48.3481
24.598 48.3046
24.5984 48.3915
24.5989 48.3425
24.5993 48.4247
24.6 48.3716
24.6072 48.4502
24.6091 48.5189
24.6103 48.579
24.6112 48.6317
24.612 48.5527
24.6124 48.6086
24.6127 48.5325
24.613 48.591
24.6133 48.6421
24.6136 48.5618
24.6142 48.6166
24.6147 48.5395
24.6156 48.5971
24.6162 48.6475
24.6168 48.5665
24.6175 48.6207
24.6181 48.6681
24.6186 48.7096
24.6192 48.7459
24.6198 48.6527
24.6204 48.6961
24.621 48.6091
24.6216 48.6579
24.622 48.7007
24.6226 48.7381
24.6232 48.7708
24.6237 48.6745
24.6246 48.7152
24.6253 48.7508
24.6259 48.6569
24.6265 48.6998
24.627 48.6123
24.6276 48.6608
24.6282 48.7032
24.6286 48.6153
24.6292 48.6634
24.6298 48.5805
24.6306 48.6329
24.6312 48.6788
24.6318 48.5939
24.6324 48.6447
24.633 48.5641
24.6336 48.6186
24.6342 48.6663
24.6348 48.583
24.6352 48.6351
24.6357 48.5557
24.6363 48.6113
24.6369 48.5348
24.6377 48.593
24.6383 48.6439
24.6389 48.5634
24.6395 48.618
24.6402 48.7907
24.6408 48.8169
24.6413 48.8398
24.6419 48.8598
24.6426 48.8773
24.6432 48.8927
24.6438 48.9061
24.6443 48.9178
24.6447 48.9281
24.6455 48.9371
24.6461 49.0699
24.6464 49.0612
24.6467 49.0535
24.647 49.0469
24.6476 49.041
24.6479 49.0359
24.6485 49.0314
24.6557 49.9025
24.6578 49.9147
24.659 49.8003
24.6599 49.7003
24.6606 49.6127
24.6612 49.6612
24.6615 49.5785
24.6618 49.5062
24.6621 49.4429
24.6624 49.3876
24.6629 49.3391
24.6633 49.2967
24.6642 49.3846
24.6648 49.3366
24.6654 49.2945
24.6662 49.3827
24.6668 49.3348
24.6672 49.293
24.6678 49.2564
24.6684 49.2243
24.669 49.3213
24.6696 49.2811
24.6702 49.371
24.6708 49.3246
24.6713 49.284
24.6719 49.2485
24.6723 49.2175
24.6732 49.3153
24.674 49.2759
24.6746 49.2414
24.6752 49.3362
24.6757 49.2942
24.6763 49.3824
24.6769 49.3346
24.6775 49.2928
24.6779 49.2562
24.6785 49.2242
24.6793 49.3211
24.6799 49.281
24.6805 49.2459
24.6811 49.3401
24.6817 49.2976
24.6823 49.3854
24.6829 49.3372
24.6835 49.2951
24.6841 49.3832
24.6844 49.3353
24.685 49.2934
24.6856 49.2567
24.6863 49.3496
24.6869 49.3059
24.6875 49.2677
24.6881 49.3592
24.6889 49.3143
24.6895 49.275
24.6901 49.3656
24.6905 49.3199
24.6913 49.4049
24.6919 49.3543
24.6925 49.31
24.6931 49.3963
24.6934 49.3467
24.6941 49.4284
24.6947 49.3749
24.6952 49.328
24.6955 49.287
24.6958 49.2511
24.6962 49.3447
24.6967 49.3016
24.6971 49.3889
24.7045 50.2153
24.7066 50.3134
24.7078 50.2742
24.7087 50.2399
24.7094 50.21
24.71 50.1837
24.7103 50.0357
24.7106 49.9063
24.7109 49.793
24.7112 49.6939
24.7115 49.6071
24.7121 49.6562
24.7129 49.5742
24.7135 49.5024
24.7141 49.5646
24.7149 49.494
24.7155 49.4323
24.7161 49.5033
24.7165 49.4403
24.7171 49.5103
24.7177 49.4465
24.7183 49.3907
24.7189 49.3419
24.7195 49.2991
24.72 49.2617
24.7206 49.229
24.7212 49.3254
24.7219 49.2847
24.7227 49.2491
24.7233 49.343
24.7239 49.3001
24.7245 49.2626
24.7249 49.2298
24.7255 49.2011
24.7261 49.3009
24.7266 49.2633
24.7272 49.3554
24.7279 49.311
24.7285 49.2721
24.7291 49.3631
24.7297 49.3177
24.7303 49.278
24.7309 49.2432
24.7315 49.2128
24.7321 49.3112
24.7327 49.2723
24.7332 49.2383
24.7336 49.2085
24.7342 49.3074
24.735 49.269
24.7356 49.2354
24.7362 49.331
24.7368 49.2896
24.7375 49.2534
24.7381 49.3467
24.7387 49.3034
24.7392 49.2655
24.7398 49.2323
24.7404 49.2032
24.741 49.1778
24.7416 49.1556
24.7422 49.1362
24.7425 49.1191
24.7432 49.1042
24.7438 49.0912
24.7443 49.0798
24.7446 49.0698
24.7449 49.0611
24.7453 49.0535
24.7458 49.0468
24.7462 49.0409
24.7527 48.9108
24.7538 48.672
24.755 48.463
24.7559 48.2801
24.7566 48.1201
24.7571 47.9801
24.7574 47.8576
24.7577 47.7504
24.758 47.6566
24.7583 47.5745
24.7587 47.5027
24.7592 47.4398
24.7601 47.5099
24.7607 47.4461
24.7613 47.3904
24.762 47.4666
24.7626 47.4082
24.7631 47.3572
24.7637 47.3126
24.7643 47.2735
24.7649 47.2393
24.7655 47.2094
24.7661 47.3082
24.7667 47.2697
24.7671 47.361
24.7677 47.3159
24.7682 47.2764
24.7691 47.3668
24.7698 47.321
24.7704 47.2809
24.771 47.3707
24.7715 47.3244
24.7721 47.4089
24.7727 47.3577
24.7733 47.313
24.7737 47.2739
24.7743 47.2397
24.7751 47.3347
24.7757 47.2929
24.7763 47.2563
24.7769 47.2242
24.7775 47.1962
24.7781 47.2967
24.7787 47.2596
24.7793 47.2271
24.7799 47.1987
24.7802 47.1739
24.7808 47.1522
24.7814 47.1331
24.7821 47.2415
24.7827 47.2113
24.7833 47.1849
24.7839 47.1618
24.7847 47.1416
24.7853 47.1239
24.7859 47.1084
24.7863 47.0948
24.7869 47.083
24.7875 47.0726
24.7882 47.1885
24.7888 47.165
24.7892 47.1443
24.7897 47.1263
24.7904 47.1105
24.791 47.2217
24.7913 47.194
24.7916 47.1697
24.7919 47.1485
24.7925 47.13
24.7928 47.1137
24.7934 47.0995
24.8 47.2121
24.8011 47.3105
24.8024 47.3967
24.8033 47.4721
24.8041 47.5381
24.8045 47.4709
24.8048 47.412
24.8051 47.4855
24.8054 47.5498
24.8057 47.4811
24.8063 47.5459
24.8068 47.4777
24.8077 47.418
24.8083 47.4907
24.8089 47.4294
24.8096 47.3757
24.8102 47.4538
24.8107 47.397
24.8113 47.4724
24.8119 47.4134
24.8125 47.4867
24.8131 47.5508
24.8137 47.482
24.8141 47.5467
24.8147 47.4784
24.8153 47.5436
24.8158 47.4757
24.8167 47.4162
24.8174 47.4892
24.818 47.553
24.8186 47.4839
24.8191 47.5484
24.8197 47.4799
24.8203 47.5449
24.8207 47.4768
24.8213 47.5422
24.8219 47.4744
24.8227 47.4151
24.8233 47.4882
24.8239 47.4272
24.8245 47.4988
24.8251 47.5614
24.8257 47.4913
24.8263 47.5548
24.8269 47.4855
24.8274 47.5498
24.8278 47.4811
24.8284 47.5459
24.829 47.6027
24.8298 47.5274
24.8304 47.5864
24.831 47.5131
24.8316 47.574
24.8323 47.6272
24.8329 47.5488
24.8334 47.6052
24.834 47.5296
24.8346 47.5884
24.8352 47.6398
24.8358 47.5599
24.8362 47.6149
24.8367 47.663
24.8371 47.7051
24.8379 47.742
24.8385 47.7742
24.8388 47.6775
24.8391 47.7178
24.8394 47.7531
24.84 47.7839
24.8403 47.8109
24.8409 47.8346
24.8475 48.6052
24.8485 48.5296
24.8499 48.4634
24.8508 48.4055
24.8515 48.3548
24.852 48.1854
24.8523 48.1623
24.8526 48.142
24.8529 47.9992
24.8532 47.9993
24.8536 47.9994
24.8541 47.9995
24.855 47.9995
24.8556 47.9996
24.8562 47.9996
24.8569 47.9997
24.8575 47.9997
24.858 47.8748
24.8586 47.8904
24.8592 47.9041
24.8598 47.9161
24.8604 47.9266
24.861 47.8108
24.8616 47.8344
24.862 47.8551
24.8626 47.8732
24.8631 47.8891
24.864 48.0279
24.8648 48.0244
24.8654 48.0214
24.866 47.8937
24.8664 47.907
24.867 47.9186
24.8676 47.9288
24.8682 47.9377
24.8687 47.9455
24.8693 47.9523
24.87 48.0833
24.8706 48.0729
24.8712 48.0637
24.8718 48.0558
24.8724 48.0488
24.873 48.0427
24.8736 48.0374
24.8742 48.0327
24.8748 48.0286
24.8751 48.025
24.8757 48.0219
24.8763 48.0192
24.8771 48.0168
24.8777 48.0147
24.8783 48.0128
24.8789 48.0112
24.8796 48.0098
24.8802 48.0086
24.8808 48.0075
24.8813 48.0066
24.8819 48.0058
24.8825 48.005
24.8831 48.0044
24.8835 48.0039
24.8841 48.0034
24.8844 48.003
24.8852 48.0026
24.8858 48.0023
24.8862 48.002
24.8865 48.0017
24.8868 47.8765
24.8873 47.8919
24.8877 47.9055
24.8882 47.9173
24.8948 48.6776
24.896 48.5929
24.8973 48.6438
24.8984 48.6883
24.8991 48.7273
24.8996 48.6364
24.8999 48.5568
24.9002 48.4872
24.9005 48.4263
24.9008 48.373
24.9011 48.3264
24.9017 48.2856
24.9025 48.2499
24.9032 48.3437
24.9038 48.3007
24.9046 48.2631
24.9052 48.3552
24.9058 48.3108
24.9062 48.397
24.9068 48.3473
24.9074 48.3039
24.908 48.3909
24.9086 48.3421
24.9092 48.4243
24.9097 48.3713
24.9103 48.3249
24.9109 48.2843
24.9116 48.2487
24.9124 48.2176
24.913 48.1904
24.9136 48.1666
24.9142 48.2708
24.9146 48.2369
24.9152 48.2073
24.9158 48.1814
24.9163 48.1587
24.9169 48.1389
24.9176 48.1215
24.9182 48.1063
24.9188 48.093
24.9194 48.0814
24.92 48.1962
24.9206 48.1717
24.9212 48.1502
24.9218 48.1315
24.9224 48.115
24.9229 48.1006
24.9233 48.0881
24.9239 48.0771
24.9247 48.0674
24.9253 48.059
24.9259 48.0516
24.9265 48.0452
24.9272 48.1645
24.9278 48.144
24.9284 48.126
24.9289 48.1102
24.9295 48.0964
24.9301 48.2094
24.9307 48.1832
24.9313 48.1603
24.9317 48.1403
24.9322 48.1227
24.9325 48.1074
24.9332 48.094
24.9338 48.0822
24.9343 48.0719
24.9346 48.063
24.9349 48.0551
24.9353 48.0482
24.9358 48.0422
24.9362 48.0369
24.9414 47.9073
24.9427 47.7939
24.9441 47.6946
24.9451 47.6078
24.9459 47.4068
24.9463 47.356
24.9466 47.3115
24.9469 47.1475
24.9472 47.1291
24.9475 47.113
24.9478 46.9738
24.9484 46.9771
24.9492 46.98
24.9499 46.8575
24.9505 46.8753
24.9513 46.8909
24.9519 46.7795
24.9523 46.8071
24.9529 46.7062
24.9535 46.7429
24.9541 46.7751
24.9547 46.6782
24.9553 46.7184
24.9559 46.6286
24.9564 46.675
24.957 46.5906
24.9574 46.6418
24.9583 46.6866
24.9591 46.7258
24.9597 46.76
24.9603 46.79
24.9607 46.6913
24.9613 46.7299
24.9619 46.6386
24.9625 46.6838
24.963 46.5983
24.9636 46.6485
24.9643 46.6925
24.9649 46.6059
24.9655 46.6552
24.9661 46.6983
24.9667 46.611
24.9673 46.6596
24.9679 46.5772
24.9685 46.63
24.9691 46.6763
24.9694 46.7167
24.97 46.7521
24.9706 46.7831
24.9714 46.8102
24.972 46.709
24.9726 46.7453
24.9732 46.7772
24.9739 46.68
24.9745 46.72
24.9751 46.755
24.9756 46.7856
24.9762 46.8124
24.9768 46.7109
24.9774 46.747
24.9779 46.6536
24.9785 46.6969
24.9788 46.6098
24.9792 46.6586
24.98 46.5763
24.9806 46.6292
24.9809 46.5506
24.9812 46.6068
24.9815 46.6559
24.9821 46.6989
24.9824 46.7366
24.983 46.6445
24.9881 46.6889
24.9893 46.7278
24.9906 46.6368
24.9918 46.5572
24.9926 46.6126
24.993 46.661
24.9933 46.7034
24.9936 46.7405
24.9939 46.6479
24.9942 46.6919
24.9947 46.7304
24.9953 46.7641
24.996 46.7936
24.9968 46.8194
24.9974 46.842
24.9981 46.8617
24.9987 46.879
24.9992 46.8941
24.9998 46.9074
25.0004 46.9189
25.001 46.8041
25.0016 46.8286
25.0022 46.85
25.0043 46.7437
25.0049 46.5258
25.0055 46.4601
25.0059 46.2775
25.0065 46.2429
25.0071 46.2125
25.0077 46.1859
25.0082 46.1627
25.0088 46.1424
25.0095 46.1246
25.0101 46.109
25.0107 46.0954
25.0113 46.0834
25.0119 45.948
25.0125 45.9545
25.0132 45.9602
25.0138 45.9652
25.0144 45.9695
25.0147 45.8483
25.0153 45.8673
25.0159 45.7589
25.0166 45.789
25.0172 45.8154
25.0178 45.8385
25.0184 45.8587
25.0192 45.8763
25.0198 45.8918
25.0204 45.9053
25.0208 45.7921
25.0216 45.8181
25.0222 45.8409
25.0228 45.8608
25.0232 45.8782
25.0238 45.8934
25.0241 45.9067
25.0246 45.9184
25.0253 45.9286
25.0259 45.9375
25.0262 45.9453
25.0265 45.9522
25.0268 45.8331
25.0274 45.854
25.0277 45.7472
25.0283 45.7788
25.0334 46.4315
25.0345 46.3775
25.0358 46.3304
25.037 46.4141
25.0378 46.3623
25.0382 46.317
25.0385 46.1524
25.0388 46.0083
25.0391 46.0073
25.0394 46.0064
25.0399 45.8806
25.0405 45.8955
25.0412 45.9086
25.042 45.795
25.0426 45.8206
25.0433 45.843
25.0439 45.7377
25.0444 45.7705
25.045 45.6741
25.0456 45.7149
25.0462 45.7505
25.0468 45.7817
25.0474 45.809
25.0495 45.9579
25.0501 45.9631
25.0507 45.9677
25.0512 45.9718
25.0518 45.9753
25.0524 45.9784
25.053 45.8561
25.0534 45.8741
25.054 45.8898
25.0548 45.9036
25.0554 45.9156
25.056 45.8012
25.0566 45.826
25.0572 45.8478
25.0578 45.8668
25.0584 45.8835
25.059 45.773
25.0596 45.8014
25.0599 45.7012
25.0605 45.7386
25.0611 45.7712
25.0618 45.7998
25.0624 45.8249
25.063 45.8468
25.0636 45.8659
25.0644 45.8827
25.065 45.7723
25.0656 45.8008
25.066 45.8257
25.0668 45.8475
25.0674 45.8665
25.068 45.7582
25.0686 45.7884
25.069 45.8149
25.0695 45.838
25.0698 45.7333
25.0705 45.7666
25.0711 45.7958
25.0716 45.8213
25.0719 45.7186
25.0722 45.7538
25.0726 45.7846
25.0731 45.8115
25.0735 45.8351
25.0786 46.3557
25.0798 46.3112
25.0812 46.3973
25.0824 46.4727
25.0833 46.4136
25.0837 46.3619
25.084 46.3166
25.0843 46.2771
25.0846 46.2424
25.0849 46.0871
25.0852 46.0762
25.0858 46.0667
25.0866 46.0584
25.0873 46.0511
25.0879 46.0447
25.0887 46.0391
25.0893 46.0342
25.0898 46.0299
25.0904 46.0262
25.091 46.0229
25.0916 46.0201
25.0922 46.0175
25.0928 46.0154
25.0949 46.1384
25.0955 46.1211
25.0961 46.106
25.0967 46.0927
25.0971 46.0811
25.0977 46.071
25.0983 46.0621
25.0988 46.0544
25.0994 46.0476
25.1001 46.0416
25.1007 46.0364
25.1013 46.0319
25.1019 46.0279
25.1025 46.0244
25.1031 46.0213
25.1037 46.0187
25.1043 46.0163
25.1048 46.0143
25.1054 46.0125
25.1057 46.0109
25.1063 46.0096
25.1069 45.8834
25.1076 45.898
25.1082 45.9107
25.1088 45.7969
25.1094 45.8223
25.1102 45.8445
25.1108 45.8639
25.1114 45.8809
25.1118 45.7708
25.1126 45.7995
25.1132 45.8245
25.1138 45.8465
25.1144 45.8657
25.1148 45.7574
25.1153 45.7878
25.1156 45.8143
25.1163 45.8375
25.1169 45.7328
25.1174 45.7662
25.1177 45.7954
25.118 45.696
25.1184 45.734
25.1189 45.6423
25.1193 45.687
25.1244 45.7261
25.126 45.7603
25.1273 45.7903
25.1285 45.8165
25.1294 45.8394
25.1299 45.8595
25.1302 45.8771
25.1305 45.8924
25.1308 45.9059
25.1311 46.0426
25.1314 46.0373
25.132 46.0327
25.1327 46.0286
25.1335 46.025
25.1341 46.1469
25.1348 46.1285
25.1354 46.1124
25.1359 46.0984
25.1365 46.0861
25.1371 46.2003
25.1377 46.1753
25.1383 46.1534
25.1389 46.1342
25.141 46.1174
25.1416 46.1027
25.1422 46.0899
25.1428 46.0787
25.1432 46.0688
25.1438 46.0602
25.1444 46.0527
25.1449 46.0461
25.1455 46.0403
25.1462 46.0353
25.1468 46.0309
25.1474 46.027
25.148 46.1486
25.1486 46.1301
25.1492 46.1138
25.1498 46.0996
25.1504 46.0871
25.1509 46.0762
25.1515 46.0667
25.1518 46.0584
25.1524 46.0511
25.153 46.0447
25.1537 46.0391
25.1543 46.0342
25.1549 46.0299
25.1555 46.0262
25.1563 46.0229
25.1569 46.0201
25.1575 46.0175
25.1579 46.0154
25.1587 46.0134
25.1593 46.0118
25.1599 46.0103
25.1605 46.009
25.1609 46.0079
25.1614 46.0069
25.1617 46.006
25.1624 46.0053
25.163 46.1296
25.1635 46.1134
25.1638 46.0992
25.1641 46.2118
25.1646 46.1853
25.165 46.2872
25.1655 46.2513
25.1706 46.2199
25.1719 46.1924
25.1733 46.1683
25.1745 46.1473
25.1755 46.1289
25.176 46.1128
25.1763 46.0987
25.1766 46.0863
25.1769 46.0755
25.1772 46.0661
25.1776 46.0578
25.1782 46.1756
25.179 46.1537
25.1797 46.1345
25.1803 46.1176
25.1811 46.2279
25.1817 46.1994
25.1821 46.2995
25.1827 46.2621
25.1833 46.2293
25.1839 46.2006
25.1845 46.1756
25.1851 46.2786
25.1872 46.3688
25.1878 46.3227
25.1884 46.2824
25.1889 46.2471
25.1895 46.2162
25.1901 46.3142
25.1907 46.2749
25.1911 46.3655
25.1917 46.3198
25.1925 46.2799
25.1931 46.3699
25.1937 46.3236
25.1943 46.2832
25.1949 46.2478
25.1955 46.2168
25.1961 46.3147
25.1967 46.2754
25.1971 46.3659
25.1976 46.3202
25.198 46.4052
25.1986 46.3545
25.1992 46.4352
25.2 46.3808
25.2006 46.3332
25.2012 46.4166
25.2018 46.3645
25.2024 46.4439
25.203 46.5134
25.2036 46.5743
25.2041 46.6275
25.2048 46.674
25.2054 46.7148
25.206 46.7504
25.2066 46.7816
25.2071 46.8089
25.2075 46.8328
25.2078 46.7287
25.2086 46.7626
25.2092 46.7923
25.2096 46.6933
25.2099 46.6066
25.2102 46.6558
25.2107 46.5738
25.2111 46.6271
25.2116 46.5487
25.2167 47.1051
25.2179 47.092
25.2192 47.2055
25.2204 47.1798
25.2215 47.1573
25.2219 47.0126
25.2222 47.0111
25.2225 46.8847
25.2228 46.7741
25.2231 46.8023
25.2236 46.702
25.2242 46.7393
25.2249 46.6469
25.2257 46.691
25.2264 46.7296
25.2272 46.7634
25.2278 46.668
25.2282 46.7095
25.2288 46.6208
25.2294 46.6682
25.23 46.7097
25.2306 46.746
25.2312 46.7777
25.2333 46.9305
25.2339 46.8142
25.2345 46.8374
25.235 46.7327
25.2356 46.7662
25.2362 46.7954
25.2368 46.696
25.2372 46.734
25.2378 46.6422
25.2386 46.6869
25.2392 46.7261
25.2398 46.6353
25.2404 46.6809
25.241 46.7208
25.2416 46.7557
25.2422 46.7862
25.2428 46.6879
25.2433 46.727
25.2437 46.6361
25.2442 46.6816
25.2448 46.5964
25.2454 46.6468
25.2461 46.691
25.2467 46.7296
25.2473 46.7634
25.2479 46.668
25.2485 46.7095
25.2491 46.7458
25.2497 46.6526
25.2502 46.696
25.2509 46.609
25.2515 46.6579
25.2521 46.7006
25.2527 46.6131
25.2532 46.6614
25.2536 46.5787
25.2539 46.5064
25.2547 46.5681
25.2553 46.6221
25.2557 46.5443
25.256 46.6013
25.2563 46.6511
25.2568 46.5697
25.2572 46.6235
25.2577 46.5456
25.2628 47.1024
25.264 47.0896
25.2653 47.2034
25.2665 47.178
25.2676 47.1557
25.2682 47.1362
25.2685 47.1192
25.2688 46.9793
25.2691 46.9819
25.2694 46.9842
25.2698 46.8611
25.2704 46.8785
25.2712 46.8937
25.2719 46.907
25.2727 46.9186
25.2734 46.9288
25.274 46.9377
25.2745 46.9455
25.2751 46.9523
25.2757 46.9582
25.2763 46.9635
25.2769 46.843
25.2775 46.8627
25.2796 47.0048
25.2802 47.0042
25.2808 47.0037
25.2814 47.0032
25.2819 47.0028
25.2825 47.0025
25.2831 47.0022
25.2835 47.0019
25.2841 47.0017
25.2849 47.0014
25.2855 47.0013
25.2861 47.0011
25.2867 47.001
25.2873 47.0008
25.2879 46.8757
25.2885 46.8913
25.2891 46.9049
25.2895 46.9168
25.2901 46.9272
25.2904 46.9363
25.291 46.9442
25.2916 46.9512
25.2924 46.9573
25.293 46.8376
25.2936 46.8579
25.2942 46.8757
25.2948 46.8912
25.2954 46.9048
25.296 46.7917
25.2964 46.8178
25.2972 46.8405
25.2978 46.8605
25.2984 46.8779
25.299 46.7682
25.2994 46.7971
25.3 46.8225
25.3003 46.8447
25.3006 46.8641
25.3014 46.8811
25.302 46.771
25.3024 46.7996
25.3027 46.6996
25.303 46.7372
25.3035 46.77
25.3039 46.6738
25.3044 46.7146
25.3095 46.7502
25.3108 46.7815
25.3122 46.8088
25.3134 46.8327
25.3145 46.8536
25.3151 46.8719
25.3154 46.8879
25.3157 46.9019
25.316 46.7892
25.3163 46.8155
25.3167 46.8386
25.3173 46.8588
25.3181 46.8764
25.3188 46.8919
25.3196 46.9054
25.3203 46.9172
25.3209 46.8026
25.3214 46.8272
25.322 46.7238
25.3226 46.7584
25.3232 46.7886
25.3238 46.815
25.3244 46.8381
25.3265 46.8583
25.3272 46.8761
25.3278 46.8915
25.3284 46.9051
25.3289 46.917
25.3295 46.9273
25.3301 46.9364
25.3305 46.9444
25.3311 46.9513
25.3319 46.9574
25.3325 46.9627
25.3331 46.9674
25.3337 46.9715
25.3343 46.975
25.3349 46.9782
25.3355 46.9809
25.3361 46.9833
25.3365 46.9854
25.3371 46.9872
25.3374 46.9888
25.338 46.9902
25.3386 46.9914
25.3394 46.9925
25.34 46.9934
25.3406 46.9942
25.3412 46.995
25.3418 46.9956
25.3424 46.9961
25.343 46.9966
25.3434 46.997
25.3442 46.9974
25.3448 46.9977
25.3454 46.998
25.346 46.9983
25.3464 46.9985
25.347 46.9987
25.3473 46.9988
25.3476 46.999
25.3484 46.9991
25.349 46.9992
25.3494 46.9993
25.3497 46.9994
25.35 46.9995
25.3505 46.9995
25.351 46.9996
25.3514 46.9996
25.3565 46.9997
25.3579 46.9997
25.3592 46.9998
25.3604 46.9998
25.3615 46.9998
25.3621 46.9998
25.3625 46.9999
25.3628 46.9999
25.3631 47.1249
25.3634 47.1093
25.3639 47.0956
25.3645 47.0837
25.3652 47.0732
25.366 47.0641
25.3667 47.056
25.3675 47.049
25.3681 47.1679
25.3685 47.1469
25.3691 47.2536
25.3697 47.2219
25.3703 47.1941
25.3709 47.1699
25.3715 47.1486
25.3736 47.13
25.3744 47.1138
25.375 47.0996
25.3754 47.0871
25.376 47.2012
25.3766 47.1761
25.3772 47.1541
25.3777 47.1348
25.3783 47.118
25.379 47.2282
25.3796 47.1997
25.3802 47.1747
25.3808 47.1529
25.3814 47.1338
25.382 47.242
25.3826 47.2118
25.3832 47.1853
25.3837 47.1622
25.3841 47.1419
25.3846 47.1241
25.3852 47.1086
25.3858 47.095
25.3865 47.0832
25.3871 47.1978
25.3877 47.173
25.3883 47.1514
25.389 47.1325
25.3896 47.1159
25.3902 47.2264
25.3906 47.1981
25.3914 47.1734
25.392 47.1517
25.3926 47.1327
25.3932 47.2411
25.3936 47.211
25.3941 47.1846
25.3944 47.1615
25.3948 47.1413
25.3956 47.1237
25.3962 47.2332
25.3965 47.2041
25.3968 47.1786
25.3971 47.1562
25.3977 47.1367
25.398 47.1196
25.3984 47.2297
25.4035 47.826
25.4047 47.8477
25.4061 47.9917
25.4073 47.9928
25.4083 47.9937
25.4089 47.8695
25.4094 47.7608
25.4097 47.6657
25.41 47.5825
25.4103 47.5097
25.4107 47.446
25.4113 47.5152
25.4121 47.5758
25.4128 47.5038
25.4136 47.5659
25.4143 47.6201
25.4149 47.5426
25.4154 47.4748
25.416 47.4154
25.4166 47.3635
25.4172 47.4431
25.4178 47.3877
25.4184 47.4642
25.4205 47.6562
25.4212 47.6992
25.4218 47.6118
25.4223 47.6603
25.4229 47.5778
25.4235 47.5055
25.4241 47.5673
25.4245 47.4964
25.4251 47.5594
25.4259 47.4895
25.4265 47.4283
25.4271 47.4997
25.4279 47.4373
25.4285 47.5076
25.4291 47.5692
25.4297 47.498
25.4303 47.5608
25.4307 47.4907
25.4312 47.5543
25.4316 47.485
25.4322 47.5494
25.4328 47.4807
25.4336 47.5456
25.4342 47.6024
25.4348 47.5271
25.4354 47.5862
25.436 47.513
25.4366 47.5738
25.4372 47.6271
25.4376 47.5487
25.4384 47.6051
25.439 47.5295
25.4396 47.5883
25.4402 47.6398
25.4406 47.5598
25.4411 47.6148
25.4414 47.538
25.4418 47.4707
25.4426 47.5369
25.4432 47.5948
25.4435 47.5204
25.4438 47.4554
25.4441 47.5234
25.4447 47.458
25.445 47.4008
25.4454 47.4757
25.4505 48.0412
25.4517 48.0361
25.4531 48.1565
25.4543 48.137
25.4553 48.1199
25.4559 47.9799
25.4564 47.9824
25.4567 47.8596
25.457 47.7521
25.4573 47.7831
25.4577 47.6852
25.4583 47.7246
25.4591 47.759
25.4598 47.6641
25.4606 47.7061
25.4613 47.7428
25.4619 47.65
25.4624 47.6937
25.463 47.607
25.4636 47.6561
25.4642 47.6991
25.4648 47.6117
25.4654 47.6603
25.4675 47.8277
25.4683 47.8493
25.4689 47.7431
25.4693 47.7752
25.4699 47.6783
25.4705 47.7185
25.4711 47.7537
25.4716 47.6595
25.4722 47.7021
25.4729 47.6143
25.4735 47.6625
25.4741 47.7047
25.4749 47.6166
25.4755 47.6645
25.4761 47.7065
25.4767 47.6182
25.4773 47.6659
25.4777 47.5827
25.4783 47.6348
25.4786 47.5555
25.4792 47.611
25.4798 47.5347
25.4806 47.5928
25.4812 47.6437
25.4818 47.5633
25.4824 47.6178
25.483 47.5406
25.4836 47.598
25.4842 47.6483
25.4846 47.5672
25.4854 47.6213
25.486 47.5437
25.4866 47.6007
25.4872 47.6506
25.4876 47.5693
25.4882 47.6231
25.4885 47.5452
25.4888 47.4771
25.4896 47.5424
25.4902 47.5996
25.4906 47.5247
25.4909 47.4591
25.4912 47.5267
25.4917 47.4609
25.4921 47.5283
25.4924 47.5872
25.4975 48.1388
25.4989 48.1215
25.5004 48.2313
25.5016 48.2024
25.5022 48.1771
25.5031 48.1549
25.5037 48.1356
25.504 48.1186
25.5043 48.1038
25.5046 48.0908
25.5049 47.9545
25.5054 47.9602
25.506 47.8401
25.5067 47.7351
25.5075 47.7682
25.5082 47.7972
25.509 47.6976
25.5096 47.7354
25.51 47.7684
25.5106 47.7974
25.5112 47.8227
25.5118 47.7199
25.5124 47.7549
25.513 47.7855
25.5151 47.8123
25.5159 47.7108
25.5165 47.7469
25.5169 47.6536
25.5175 47.6969
25.5181 47.7348
25.5187 47.6429
25.5192 47.6876
25.5198 47.6016
25.5205 47.6514
25.5211 47.695
25.5217 47.6081
25.5225 47.6571
25.5231 47.7
25.5237 47.6125
25.5243 47.6609
25.5249 47.5783
25.5253 47.631
25.5259 47.5521
25.5262 47.6081
25.5268 47.5321
25.5274 47.5906
25.5282 47.6418
25.5288 47.5615
25.5295 47.6163
25.5301 47.6643
25.5307 47.7063
25.5313 47.743
25.5319 47.6501
25.5324 47.6938
25.5331 47.7321
25.5337 47.7656
25.5343 47.7949
25.5349 47.6955
25.5354 47.7336
25.536 47.6419
25.5363 47.6867
25.5366 47.7258
25.5373 47.7601
25.5379 47.6651
25.5384 47.7069
25.5387 47.7436
25.539 47.7756
25.5395 47.8037
25.5399 47.7032
25.5402 47.7403
25.5453 47.7728
25.5468 47.8012
25.5483 47.826
25.5495 47.8478
25.5501 47.8668
25.551 47.8835
25.5516 47.898
25.5519 47.7858
25.5522 47.8125
25.5525 47.836
25.5528 47.8565
25.5533 47.8744
25.5539 47.8901
25.5546 47.9039
25.5554 47.9159
25.5561 47.9264
25.5569 47.9356
25.5575 47.9436
25.5579 47.8257
25.5585 47.8475
25.5591 47.8665
25.5597 47.8832
25.5603 47.8978
25.5609 47.7856
25.563 47.8124
25.5638 47.8358
25.5644 47.8564
25.5648 47.8743
25.5654 47.89
25.566 47.9038
25.5666 47.9158
25.5671 47.9263
25.5677 47.9355
25.5684 47.9436
25.569 47.9506
25.5696 47.9568
25.5704 47.9622
25.571 47.8419
25.5716 47.8617
25.5722 47.879
25.5728 47.8941
25.5732 47.9073
25.5738 47.9189
25.5741 47.9291
25.5747 47.9379
25.5753 47.9457
25.5761 47.9525
25.5767 47.9584
25.5775 47.9636
25.5781 47.9682
25.5787 47.9721
25.5793 47.9756
25.5799 47.9787
25.5803 47.9813
25.5811 47.9837
25.5817 47.9857
25.5823 47.9875
25.5829 47.9891
25.5833 47.9904
25.5838 47.9916
25.5841 47.9927
25.5845 47.9936
25.5853 47.9944
25.5859 47.9951
25.5862 47.9957
25.5865 47.9962
25.5868 47.8717
25.5874 47.8877
25.5877 47.9018
25.5881 47.9141
25.5932 47.9248
25.5946 47.9342
25.5962 47.9424
25.5974 47.9496
25.598 47.9559
25.5989 47.8364
25.5995 47.8569
25.5998 47.8748
25.6001 47.8904
25.6004 47.9041
25.6007 47.9161
25.6013 48.0516
25.6018 48.0451
25.6025 48.1645
25.6033 48.2689
25.604 48.3603
25.6048 48.3153
25.6054 48.4009
25.6058 48.3508
25.6064 48.4319
25.607 48.5029
25.6076 48.4401
25.6082 48.51
25.6088 48.4463
25.6109 48.6405
25.6117 48.5604
25.6123 48.6154
25.6127 48.5385
25.6133 48.5962
25.614 48.5216
25.6146 48.4564
25.615 48.5244
25.6156 48.4588
25.6164 48.5265
25.617 48.4607
25.6176 48.4031
25.6183 48.4777
25.6189 48.418
25.6195 48.4907
25.6201 48.5544
25.6207 48.4851
25.6212 48.5495
25.6218 48.4808
25.6221 48.5457
25.6227 48.4775
25.6233 48.5428
25.624 48.5999
25.6246 48.5249
25.6254 48.5843
25.626 48.5113
25.6266 48.4474
25.6272 48.5165
25.6278 48.4519
25.6282 48.5204
25.629 48.4554
25.6296 48.3984
25.6302 48.4736
25.6308 48.4144
25.6312 48.4876
25.6318 48.4267
25.6321 48.4983
25.6326 48.436
25.6333 48.5065
25.6339 48.4432
25.6342 48.5128
25.6345 48.4487
25.6348 48.3926
25.6354 48.4685
25.6357 48.41
25.6362 48.4837
25.6413 49.0483
25.6425 49.0422
25.6441 49.162
25.6453 49.1417
25.6459 48.999
25.6468 48.8741
25.6474 48.8899
25.6477 48.7786
25.648 48.8063
25.6483 48.7055
25.6486 48.6173
25.6492 48.6652
25.6497 48.582
25.6504 48.6343
25.6512 48.68
25.652 48.595
25.6527 48.5206
25.6533 48.5805
25.6538 48.508
25.6544 48.5695
25.655 48.4983
25.6556 48.436
25.6562 48.5065
25.6568 48.4432
25.6589 48.6378
25.6596 48.6831
25.6602 48.7227
25.6607 48.6323
25.6613 48.6783
25.6619 48.5935
25.6625 48.6443
25.6629 48.5638
25.6635 48.4933
25.6643 48.5566
25.6649 48.4871
25.6655 48.5512
25.6662 48.6073
25.6668 48.5314
25.6674 48.59
25.668 48.6412
25.6686 48.5611
25.6691 48.6159
25.6697 48.5389
25.67 48.4716
25.6706 48.4126
25.6712 48.486
25.6719 48.4253
25.6725 48.3721
25.6733 48.4506
25.6739 48.3943
25.6745 48.47
25.6751 48.5362
25.6757 48.4692
25.6761 48.5356
25.6769 48.4686
25.6775 48.535
25.6781 48.5932
25.6787 48.519
25.6791 48.5791
25.6797 48.5067
25.6802 48.5684
25.6805 48.4974
25.6812 48.5602
25.6818 48.4902
25.6823 48.5539
25.6826 48.4847
25.6829 48.4241
25.6833 48.4961
25.6838 48.4341
25.6841 48.5048
25.6892 49.0667
25.6906 49.0584
25.6922 49.1761
25.6936 49.1541
25.6942 49.1348
25.6951 49.2429
25.6957 49.2126
25.696 49.061
25.6963 49.0534
25.6966 48.9217
25.6969 48.8065
25.6973 48.8307
25.6978 48.7268
25.6985 48.761
25.699 48.6659
25.6997 48.5826
25.7005 48.6348
25.7012 48.6805
25.7018 48.5954
25.7023 48.646
25.7029 48.5652
25.7035 48.6196
25.7041 48.6671
25.7047 48.5837
25.7053 48.6358
25.7074 48.6813
25.7081 48.7211
25.7087 48.631
25.7092 48.6771
25.7098 48.5925
25.7104 48.6434
25.711 48.563
25.7114 48.6176
25.712 48.6654
25.7128 48.5822
25.7134 48.6345
25.714 48.5551
25.7147 48.4858
25.7153 48.55
25.7159 48.4813
25.7165 48.4211
25.7171 48.4935
25.7176 48.4318
25.7182 48.5028
25.7185 48.565
25.7191 48.6193
25.7197 48.5419
25.7204 48.5992
25.721 48.6493
25.7218 48.5681
25.7224 48.6221
25.723 48.5443
25.7236 48.4763
25.7242 48.5418
25.7246 48.474
25.7254 48.5398
25.726 48.4723
25.7266 48.4133
25.7272 48.4866
25.7277 48.4258
25.7283 48.4976
25.7287 48.4354
25.729 48.5059
25.7298 48.4427
25.7304 48.5124
25.7308 48.4483
25.7311 48.5173
25.7314 48.5776
25.7319 48.5054
25.7323 48.5672
25.7326 48.4963
25.7377 48.4343
25.7394 48.505
25.7403 48.4419
25.7409 48.2616
25.7415 48.1039
25.7424 47.9659
25.743 47.8452
25.7433 47.8646
25.7436 47.7565
25.7439 47.6619
25.7442 47.7042
25.7446 47.6162
25.7451 47.6641
25.7458 47.5811
25.7463 47.6335
25.747 47.6793
25.7478 47.5944
25.7485 47.5201
25.7491 47.5801
25.7496 47.5076
25.7502 47.5691
25.7508 47.498
25.7514 47.4357
25.752 47.3813
25.7526 47.3336
25.7547 47.2919
25.7554 47.2554
25.756 47.3485
25.7565 47.3049
25.7571 47.3918
25.7577 47.3428
25.7583 47.425
25.7587 47.3719
25.7593 47.3254
25.7601 47.4097
25.7607 47.3585
25.7613 47.4387
25.762 47.5088
25.7626 47.4452
25.7632 47.5146
25.7639 47.4503
25.7645 47.394
25.7649 47.3447
25.7655 47.3016
25.7658 47.2639
25.7664 47.2309
25.767 47.3271
25.7678 47.2862
25.7684 47.2504
25.7691 47.3441
25.7697 47.3011
25.7703 47.3885
25.7709 47.3399
25.7715 47.2974
25.772 47.2602
25.7727 47.2277
25.7733 47.3242
25.7739 47.2837
25.7745 47.2482
25.775 47.2172
25.7756 47.1901
25.776 47.2913
25.7763 47.2549
25.7771 47.348
25.7777 47.3045
25.7781 47.3915
25.7784 47.3425
25.7787 47.2997
25.7792 47.3872
25.7796 47.3388
25.7799 47.2965
25.785 47.3844
25.7865 47.3364
25.7874 47.2943
25.788 47.3825
25.7886 47.3347
25.7897 47.2929
25.7903 47.3813
25.7906 47.3336
25.7909 47.2919
25.7912 47.3804
25.7915 47.3329
25.7921 47.4163
25.7925 47.3642
25.7933 47.4437
25.7937 47.3882
25.7945 47.3397
25.7952 47.4222
25.796 47.3695
25.7964 47.4483
25.7969 47.3922
25.7975 47.4682
25.7981 47.5347
25.7987 47.5928
25.7993 47.6437
25.7999 47.6883
25.802 47.9772
25.8028 47.9801
25.8034 47.9826
25.8038 47.8598
25.8044 47.8773
25.805 47.8926
25.8056 47.906
25.8061 47.9178
25.8067 47.9281
25.8074 47.9371
25.808 47.9449
25.8086 47.9518
25.8094 47.9578
25.81 47.8381
25.8106 47.8583
25.8112 47.876
25.8118 47.8915
25.8122 47.9051
25.8128 47.917
25.8131 47.9273
25.8137 47.9364
25.8143 47.9444
25.8151 47.9513
25.8157 47.9574
25.8164 47.9627
25.817 47.9674
25.8176 47.9715
25.8182 47.975
25.8188 47.9782
25.8193 47.9809
25.82 48.1083
25.8206 48.0947
25.8212 48.0829
25.8218 48.0725
25.8223 48.0635
25.8229 48.0555
25.8233 48.0486
25.8236 47.9175
25.8244 47.9278
25.825 47.8118
25.8254 47.8354
25.8257 47.7309
25.826 47.7646
25.8265 47.794
25.8269 47.6948
25.8272 47.7329
25.8325 48.3913
25.8338 48.3424
25.8349 48.2996
25.8353 48.2621
25.8359 48.1044
25.837 48.0913
25.8376 48.0799
25.8379 47.9449
25.8382 47.9518
25.8385 47.9578
25.8388 47.8381
25.8394 47.8583
25.8399 47.751
25.8406 47.7822
25.8411 47.8094
25.8418 47.8332
25.8426 47.8541
25.8433 47.8723
25.8438 47.8883
25.8442 47.9022
25.8448 47.9145
25.8454 47.9251
25.846 47.9345
25.8466 47.9427
25.8472 47.9499
25.8493 48.2061
25.8501 48.1804
25.8507 48.1578
25.8511 48.1381
25.8517 48.1208
25.8523 48.1057
25.8529 47.9675
25.8534 47.9716
25.854 47.8501
25.8547 47.8689
25.8553 47.8852
25.8559 47.7746
25.8567 47.8028
25.8573 47.8274
25.8579 47.849
25.8585 47.8679
25.8591 47.8844
25.8595 47.8988
25.8601 47.9115
25.8604 47.9225
25.861 47.9322
25.8616 47.9407
25.8624 47.9481
25.863 47.8296
25.8637 47.8509
25.8643 47.8695
25.8649 47.7608
25.8655 47.7907
25.8661 47.8169
25.8666 47.8398
25.8673 47.8598
25.8679 47.7523
25.8685 47.7833
25.8691 47.8104
25.8696 47.8341
25.8702 47.8548
25.8706 47.873
25.8709 47.7638
25.8717 47.7934
25.8723 47.8192
25.8727 47.8418
25.873 47.8616
25.8733 47.8789
25.8738 47.769
25.8742 47.7979
25.8745 47.8231
25.8798 48.3453
25.8813 48.4271
25.8824 48.4987
25.8828 48.4364
25.8834 48.3818
25.8845 48.4591
25.8852 48.5267
25.8855 48.4609
25.8858 48.4033
25.8861 48.3529
25.8864 48.3087
25.8869 48.2702
25.8873 48.2364
25.8881 48.3318
25.8885 48.2904
25.8893 48.2541
25.89 48.3473
25.8908 48.3039
25.8912 48.2659
25.8918 48.2327
25.8923 48.2036
25.8927 48.1781
25.8933 48.1559
25.8939 48.0114
25.8945 48.01
25.8951 48.0087
25.8972 48.0076
25.898 47.8817
25.8986 47.8965
25.899 47.9094
25.8996 47.9207
25.9002 47.9306
25.9008 47.9393
25.9013 47.9469
25.9019 47.9535
25.9026 47.9593
25.9032 47.9644
25.9038 47.9689
25.9046 47.9728
25.9052 47.9762
25.9058 47.9791
25.9064 47.9817
25.907 47.859
25.9074 47.8767
25.908 47.8921
25.9083 47.9056
25.9089 47.7924
25.9095 47.8183
25.9103 47.841
25.9109 47.8609
25.9116 47.8783
25.9122 47.8935
25.9128 47.9068
25.9134 47.9185
25.914 47.9287
25.9145 47.9376
25.9153 47.9454
25.9159 47.9522
25.9165 47.9582
25.9171 47.9634
25.9175 47.968
25.9181 47.972
25.9186 47.9755
25.9189 47.9785
25.9196 47.9812
25.9202 47.9836
25.9207 47.9856
25.921 47.8624
25.9213 47.8796
25.9217 47.8947
25.9222 47.9078
25.9225 47.9194
25.9277 47.9294
25.9294 47.9383
25.9303 47.946
25.9309 47.9527
25.9315 47.9586
25.9325 47.9638
25.9333 47.9683
25.9336 47.9723
25.9339 47.9757
25.9342 47.9788
25.9345 47.9814
25.9349 47.9838
25.9354 47.9858
25.9361 47.9876
25.9366 47.9891
25.9373 47.9905
25.9382 47.9917
25.939 47.9927
25.9394 47.9936
25.94 48.1194
25.9403 48.1045
25.9406 48.0914
25.9409 47.955
25.9412 47.9606
25.9415 47.8405
25.9418 47.6105
25.9438 47.4092
25.9445 47.358
25.9451 47.3133
25.9456 47.1491
25.9462 47.1305
25.9468 46.9892
25.9474 46.9905
25.9478 46.8667
25.9484 46.8834
25.9492 46.8979
25.9498 46.7857
25.9504 46.8125
25.9511 46.8359
25.9518 46.7314
25.9524 46.765
25.953 46.6694
25.9536 46.7107
25.954 46.7469
25.9546 46.6535
25.9549 46.5718
25.9555 46.6253
25.9561 46.6722
25.9569 46.5881
25.9575 46.6396
25.9582 46.6847
25.9588 46.5991
25.9594 46.6492
25.96 46.6931
25.9606 46.6064
25.9611 46.6556
25.9618 46.5737
25.9624 46.627
25.963 46.6736
25.9636 46.5894
25.9641 46.6407
25.9647 46.5606
25.9651 46.6155
25.9654 46.6636
25.9662 46.7057
25.9668 46.6174
25.9672 46.6653
25.9675 46.7071
25.9678 46.6187
25.9683 46.6664
25.9687 46.5831
25.969 46.6352
25.9743 46.6808
25.9759 46.5957
25.9768 46.5212
25.9774 46.5811
25.978 46.6334
25.9791 46.6793
25.9798 46.5944
25.9801 46.6451
25.9804 46.6894
25.9807 46.6032
25.981 46.6528
25.9815 46.6962
25.9819 46.6092
25.9827 46.5331
25.9831 46.5914
25.9839 46.5175
25.9848 46.4528
25.9855 46.5212
25.986 46.4561
25.9864 46.399
25.9867 46.3492
25.987 46.4305
25.9873 46.5017
25.9876 46.439
25.9879 46.3841
25.9884 46.4611
25.9904 46.7785
25.9911 46.9312
25.9917 46.9398
25.9923 46.9473
25.9928 46.9539
25.9934 46.9596
25.994 46.9647
25.9944 46.9691
25.995 47.098
25.9958 47.0857
25.9964 47.075
25.997 47.0656
25.9977 47.0574
25.9983 47.0502
25.9989 47.044
25.9995 47.0385
26.0001 47.1587
26.0007 47.1388
26.0012 47.1215
26.0016 47.1063
26.0036 47.343
26.0043 47.1751
26.0049 46.9032
26.0055 46.6653
26.0061 46.5822
26.0066 46.3844
26.0073 46.3363
26.0079 46.1693
26.0085 46.0231
26.0091 46.0202
26.0096 45.8927
26.0102 45.9061
26.0106 45.7929
26.0109 45.6937
26.0117 45.607
26.0123 45.6562
26.0127 45.5741
26.013 45.6274
26.0133 45.6739
26.0138 45.5897
26.0142 45.641
26.0145 45.5609
26.0198 45.4908
26.0216 45.5544
26.0225 45.6101
26.0231 45.6588
26.0237 45.5765
26.0247 45.5044
26.0255 45.5664
26.0258 45.4956
26.0261 45.5586
26.0264 45.6138
26.0267 45.5371
26.0272 45.5949
26.0276 45.6456
26.0284 45.6899
26.0288 45.6036
26.0296 45.6532
26.0305 45.6965
26.0312 45.7345
26.0317 45.7677
26.0321 45.7967
26.0324 45.8221
26.0327 45.7193
26.033 45.7544
26.0333 45.7851
26.0336 45.812
26.0341 45.8355
26.036 45.8561
26.0368 45.749
26.0374 45.7804
26.0378 45.6829
26.0384 45.7225
26.039 45.7572
26.0396 45.7875
26.0401 45.8141
26.0407 45.7123
26.0414 45.7483
26.042 45.7798
26.0426 45.8073
26.0434 45.8314
26.044 45.7275
26.0446 45.7615
26.0452 45.7913
26.0458 45.6924
26.0462 45.7309
26.0468 45.6395
26.0471 45.6846
26.0492 45.724
26.05 45.6335
26.0506 45.6793
26.0512 45.7194
26.0516 45.6295
26.0522 45.6758
26.053 45.5913
26.0536 45.6424
26.0542 45.6871
26.0546 45.6012
26.0552 45.6511
26.0558 45.5697
26.0561 45.6235
26.0566 45.6705
26.0573 45.7117
26.0579 45.6227
26.0582 45.6699
26.0585 45.5862
26.0588 45.5129
26.0594 45.5738
26.0597 45.5021
26.0602 45.5643
26.0655 45.6188
26.0671 45.6664
26.068 45.7081
26.0686 45.6196
26.0692 45.6671
26.0703 45.7088
26.0709 45.6202
26.0712 45.6676
26.0715 45.5842
26.0718 45.5112
26.0721 45.5723
26.0727 45.5007
26.0731 45.5631
26.0739 45.4927
26.0743 45.5562
26.0751 45.6116
26.076 45.5352
26.0766 45.4683
26.0772 45.5347
26.0775 45.4679
26.0778 45.4094
26.0781 45.4832
26.0784 45.4228
26.0787 45.37
26.079 45.3237
26.0796 45.2833
26.0815 45.2479
26.0823 45.3419
26.0829 45.2991
26.0833 45.3867
26.0839 45.3384
26.0845 45.2961
26.085 45.2591
26.0856 45.2267
26.0862 45.3234
26.0869 45.2829
26.0875 45.2476
26.0881 45.3416
26.0889 45.2989
26.0895 45.3866
26.0901 45.4632
26.0907 45.4053
26.0914 45.4797
26.0919 45.4197
26.0923 45.4922
26.0928 45.4307
26.0949 45.3769
26.0956 45.4548
26.0962 45.5229
26.0968 45.4576
26.0973 45.5254
26.0979 45.4597
26.0986 45.5272
26.0991 45.7113
26.0997 45.7474
26.1001 45.779
26.1007 45.8066
26.1013 45.8308
26.1016 45.8519
26.1021 45.8704
26.1029 45.8866
26.1035 45.9008
26.1038 45.9132
26.1041 45.9241
26.1044 45.9335
26.105 45.9419
26.1053 45.9491
26.1057 45.9555
26.111 46.461
26.1128 46.5284
26.1137 46.4624
26.1143 46.4046
26.1149 46.354
26.1159 46.3097
26.1165 46.271
26.1168 46.2371
26.1171 46.2075
26.1174 46.1816
26.1177 46.1589
26.1183 46.139
26.1188 46.1216
26.1195 46.1064
26.12 46.0931
26.1207 46.0815
26.1216 46.0713
26.1222 46.1874
26.1228 46.164
26.1231 46.1435
26.1234 46.1255
26.1237 46.1098
26.124 46.0961
26.1243 46.0841
26.1246 46.0736
26.1252 46.1894
26.1272 46.4157
26.1279 46.3637
26.1285 46.3183
26.129 46.2785
26.1296 46.2437
26.1302 46.3382
26.1306 46.2959
26.1312 46.3839
26.1318 46.336
26.1326 46.294
26.1332 46.3822
26.1338 46.3344
26.1345 46.2926
26.1351 46.3811
26.1357 46.3334
26.1363 46.2917
26.1371 46.3803
26.1375 46.3327
26.1381 46.4161
26.1384 46.3641
26.1406 46.5686
26.1413 46.6225
26.1419 46.5447
26.1425 46.4766
26.143 46.417
26.1436 46.3649
26.1443 46.4443
26.1448 46.3888
26.1454 46.3402
26.146 46.2976
26.1464 46.2604
26.147 46.3529
26.1475 46.3088
26.1478 46.2702
26.1485 46.2364
26.1491 46.3319
26.1496 46.2904
26.1499 46.2541
26.1502 46.2223
26.1506 46.1945
26.1511 46.2952
26.1514 46.2583
26.1566 46.851
26.1586 46.9946
26.1595 46.9953
26.1601 46.9959
26.1607 46.8714
26.1617 46.8875
26.1623 46.9015
26.1628 46.7889
26.1631 46.8152
26.1634 46.7133
26.1637 46.6242
26.1641 46.6711
26.1646 46.5873
26.1653 46.6388
26.1658 46.559
26.1665 46.6141
26.1674 46.6624
26.168 46.7046
26.1686 46.6165
26.1691 46.6644
26.1694 46.5814
26.1697 46.5087
26.17 46.4451
26.1703 46.3895
26.1706 46.3408
26.171 46.4232
26.173 46.4953
26.1737 46.4334
26.1743 46.5042
26.1748 46.4412
26.1754 46.511
26.176 46.4472
26.1766 46.3913
26.1771 46.4673
26.1777 46.4089
26.1784 46.4828
26.179 46.5475
26.1796 46.479
26.1804 46.5442
26.181 46.4761
26.1816 46.4166
26.1822 46.4895
26.1829 46.4283
26.1835 46.3748
26.184 46.328
26.1844 46.287
26.1864 46.5011
26.1871 46.5634
26.1877 46.493
26.1883 46.5564
26.1889 46.4868
26.1894 46.551
26.1901 46.6071
26.1907 46.5312
26.1913 46.5898
26.1919 46.5161
26.1924 46.5766
26.193 46.5045
26.1936 46.4414
26.1939 46.3863
26.1945 46.463
26.1951 46.5301
26.1957 46.4638
26.196 46.4059
26.1963 46.4801
26.1966 46.4201
26.197 46.4926
26.1975 46.431
26.1978 46.3771
26.203 46.455
26.205 46.3981
26.206 46.4734
26.2066 46.4142
26.2072 46.4874
26.2083 46.5515
26.2089 46.4826
26.2093 46.5472
26.2096 46.4788
26.2099 46.419
26.2102 46.4916
26.2107 46.4302
26.2111 46.5014
26.2119 46.4387
26.2123 46.5089
26.2131 46.5703
26.214 46.499
26.2146 46.4366
26.2152 46.507
26.2157 46.4437
26.216 46.3882
26.2163 46.4647
26.2166 46.5316
26.2169 46.4651
26.2172 46.532
26.2176 46.4655
26.2196 46.5323
26.2203 46.5908
26.2209 46.5169
26.2214 46.5773
26.222 46.5051
26.2226 46.567
26.2232 46.6211
26.2236 46.5435
26.2242 46.6005
26.225 46.5255
26.2256 46.4598
26.2262 46.5273
26.2269 46.4614
26.2275 46.5287
26.2281 46.5876
26.2287 46.5142
26.2295 46.5749
26.2301 46.628
26.2305 46.6745
26.231 46.5902
26.2329 46.5164
26.2337 46.4519
26.2343 46.5204
26.2349 46.4554
26.2355 46.5234
26.2359 46.458
26.2367 46.4008
26.2373 46.4757
26.2379 46.4162
26.2385 46.4892
26.2389 46.428
26.2395 46.4995
26.24 46.4371
26.2403 46.5074
26.241 46.569
26.2416 46.4979
26.2421 46.5607
26.2424 46.6156
26.2427 46.5386
26.243 46.4713
26.2436 46.4124
26.2439 46.3608
26.2443 46.4407
26.2496 46.3856
26.2514 46.4624
26.2525 46.4046
26.2531 46.479
26.2537 46.4192
26.2547 46.3668
26.2553 46.4459
26.2556 46.3902
26.2559 46.3414
26.2562 46.4237
26.2565 46.3708
26.2571 46.4494
26.2576 46.3932
26.2583 46.4691
26.2588 46.4104
26.2595 46.3591
26.2604 46.4393
26.261 46.5093
26.2616 46.4457
26.2619 46.39
26.2622 46.4662
26.2625 46.4079
26.2628 46.3569
26.2631 46.4373
26.2634 46.3827
26.264 46.4598
26.266 46.4023
26.2667 46.3521
26.2673 46.433
26.2678 46.3789
26.2684 46.4566
26.269 46.3995
26.2694 46.3495
26.27 46.4309
26.2706 46.377
26.2714 46.4549
26.272 46.398
26.2726 46.3483
26.2733 46.4297
26.2739 46.376
26.2745 46.329
26.2751 46.4129
26.2759 46.3613
26.2763 46.3161
26.2769 46.2766
26.2774 46.367
26.2793 46.4461
26.2801 46.5154
26.2807 46.451
26.2813 46.5196
26.2817 46.4546
26.2823 46.5228
26.2831 46.5825
26.2837 46.5096
26.2843 46.5709
26.2847 46.4996
26.2853 46.5621
26.2859 46.4919
26.2862 46.5554
26.2867 46.486
26.2874 46.4252
26.288 46.4971
26.2883 46.4349
26.2886 46.3806
26.2889 46.333
26.2894 46.4164
26.2899 46.3643
26.2902 46.4438
26.2908 46.3883
26.296 47.0898
26.2978 47.2035
26.299 47.3031
26.2996 47.2652
26.3002 47.2321
26.3013 47.3281
26.3019 47.287
26.3022 47.2512
26.3025 47.2198
26.3028 47.1923
26.3031 47.1683
26.3037 47.1472
26.3041 47.1288
26.3049 47.1127
26.3053 47.0986
26.3061 47.2113
26.307 47.1849
26.3076 47.1618
26.3082 47.1416
26.3085 47.1239
26.3088 47.1084
26.3091 47.0948
26.3094 47.083
26.3097 47.0726
26.31 46.9385
26.3106 46.9462
26.3125 47.0779
26.3133 47.1932
26.3139 47.169
26.3143 47.1479
26.3149 47.1294
26.3155 47.1132
26.316 47.0991
26.3166 47.0867
26.3172 47.0759
26.3179 47.0664
26.3185 47.0581
26.3191 47.1758
26.3199 47.1538
26.3205 47.1346
26.3211 47.2428
26.3217 47.2124
26.3224 47.1859
26.3229 47.1626
26.3235 47.1423
26.3239 47.1245
26.3259 47.234
26.3266 47.2047
26.3273 47.1791
26.3279 47.1567
26.3283 47.1371
26.3289 47.12
26.3297 47.105
26.3303 47.0919
26.3309 47.0804
26.3313 47.0703
26.3319 47.0615
26.3325 47.0539
26.3328 47.0471
26.3333 47.0412
26.334 47.1611
26.3346 47.1409
26.3349 46.9983
26.3352 46.9985
26.3355 46.9987
26.336 46.9989
26.3364 46.999
26.3367 46.9991
26.3373 46.9992
26.3426 47.6243
26.3445 47.6713
26.3457 47.7124
26.3463 47.6233
26.3469 47.5454
26.348 47.4772
26.3486 47.4176
26.349 47.4904
26.3493 47.4291
26.3496 47.3755
26.3499 47.3285
26.3504 47.2875
26.3508 47.2515
26.3516 47.2201
26.352 47.3176
26.3528 47.2779
26.3537 47.2431
26.3543 47.3377
26.3549 47.2955
26.3553 47.2586
26.3556 47.2263
26.3559 47.198
26.3562 47.1732
26.3565 47.1516
26.3568 47.1326
26.3573 47.2411
26.3592 47.4609
26.36 47.4033
26.3606 47.3529
26.361 47.4338
26.3616 47.3796
26.3622 47.4571
26.3628 47.4
26.3633 47.475
26.3639 47.4156
26.3647 47.3637
26.3653 47.4432
26.3659 47.3878
26.3666 47.3393
26.3672 47.4219
26.3678 47.3692
26.3684 47.323
26.3692 47.4076
26.3698 47.3567
26.3702 47.4371
26.3707 47.3825
26.3726 47.5847
26.3734 47.6366
26.374 47.557
26.3746 47.4874
26.3752 47.5515
26.3756 47.4825
26.3764 47.5472
26.377 47.4788
26.3776 47.419
26.3782 47.4916
26.3786 47.4301
26.3792 47.5014
26.3797 47.4387
26.38 47.3839
26.3807 47.3359
26.3813 47.2939
26.3818 47.2572
26.3821 47.35
26.3824 47.3063
26.3827 47.268
26.3833 47.3595
26.3836 47.3145
26.384 47.4002
26.3893 47.9752
26.3912 48.1033
26.3924 48.0904
26.3932 48.0791
26.3938 47.9442
26.3948 47.9512
26.3954 47.9573
26.396 47.9626
26.3963 47.8423
26.3966 47.737
26.3969 47.6449
26.3972 47.6893
26.3977 47.6031
26.3983 47.6527
26.399 47.6961
26.3995 47.6091
26.4002 47.658
26.4011 47.7007
26.4017 47.6131
26.4024 47.6615
26.4028 47.5788
26.4031 47.6315
26.4034 47.6775
26.4037 47.5928
26.404 47.6437
26.4043 47.6883
26.4048 47.6022
26.4067 47.5269
26.4075 47.5861
26.4081 47.6378
26.4085 47.5581
26.4091 47.6133
26.4097 47.5367
26.4103 47.5946
26.4108 47.5203
26.4114 47.5802
26.4121 47.6327
26.4127 47.5536
26.4133 47.6094
26.4141 47.6582
26.4147 47.576
26.4153 47.629
26.4159 47.5503
26.4166 47.4815
26.4172 47.5464
26.4177 47.4781
26.4181 47.5433
26.4201 47.6004
26.4208 47.5253
26.4214 47.5847
26.422 47.6366
26.4226 47.557
26.4231 47.6124
26.4238 47.5358
26.4244 47.5939
26.425 47.6446
26.4256 47.564
26.4261 47.6185
26.4267 47.5412
26.4271 47.5986
26.4274 47.6487
26.4282 47.6927
26.4288 47.6061
26.4292 47.6553
26.4295 47.5734
26.4298 47.5017
26.4301 47.564
26.4307 47.4935
26.431 47.5568
26.4315 47.4872
26.4367 47.4263
26.4387 47.373
26.4399 47.3264
26.4407 47.2856
26.4413 47.3749
26.4423 47.453
26.4429 47.3964
26.4434 47.3469
26.4437 47.3035
26.444 47.2656
26.4443 47.3574
26.4446 47.3127
26.445 47.3986
26.4456 47.3488
26.4464 47.3052
26.4468 47.267
26.4476 47.2337
26.4485 47.2044
26.4491 47.3039
26.4497 47.2659
26.45 47.2327
26.4503 47.2036
26.4506 47.1781
26.4509 47.1559
26.4512 47.1364
26.4515 47.1193
26.4521 47.2294
26.454 47.3257
26.4548 47.285
26.4554 47.2494
26.4558 47.2182
26.4564 47.1909
26.457 47.2921
26.4575 47.2556
26.4581 47.3486
26.4587 47.305
26.4594 47.2669
26.46 47.3585
26.4606 47.3137
26.4614 47.2745
26.462 47.2402
26.4626 47.2102
26.4632 47.3089
26.4639 47.2703
26.4644 47.2365
26.465 47.2069
26.4654 47.1811
26.4674 47.1584
26.4681 47.2636
26.4687 47.2307
26.4693 47.2018
26.4698 47.1766
26.4704 47.1545
26.4711 47.2602
26.4717 47.2277
26.4723 47.1992
26.4728 47.1743
26.4734 47.1525
26.474 47.1335
26.4743 47.1168
26.4747 47.1022
26.4755 47.0894
26.4761 47.2032
26.4764 47.1778
26.4767 47.1556
26.477 47.1361
26.4775 47.1191
26.4779 47.1042
26.4782 47.0912
26.4788 47.0798
26.4841 47.1948
26.486 47.2955
26.4872 47.3835
26.488 47.3356
26.4887 47.2936
26.4898 47.2569
26.4904 47.3498
26.4907 47.3061
26.491 47.2678
26.4913 47.3594
26.4916 47.3144
26.4919 47.2751
26.4925 47.2407
26.4929 47.2106
26.4937 47.3093
26.4941 47.3956
26.4949 47.4712
26.4958 47.5373
26.4964 47.5951
26.497 47.5207
26.4973 47.5806
26.4976 47.6331
26.4979 47.5539
26.4982 47.6097
26.4985 47.6585
26.4988 47.5762
26.4994 47.6291
26.5015 47.8005
26.5022 47.8254
26.5028 47.8473
26.5033 47.8664
26.5039 47.8831
26.5045 47.8977
26.5049 47.7855
26.5055 47.8123
26.5061 47.8357
26.5069 47.8563
26.5075 47.8742
26.5081 47.89
26.5088 47.9037
26.5094 47.9158
26.51 48.0513
26.5106 48.0449
26.5114 48.0393
26.5118 48.0344
26.5124 48.0301
26.5129 48.0263
26.5148 48.148
26.5156 48.1295
26.5162 48.1133
26.5168 48.0992
26.5173 48.0868
26.5179 48.0759
26.5186 48.0664
26.5192 48.0581
26.5198 48.0509
26.5203 48.0445
26.5209 48.0389
26.5215 48.0341
26.5218 48.0298
26.5222 48.0261
26.523 48.0228
26.5236 48.02
26.5239 47.8925
26.5242 47.9059
26.5245 47.9177
26.5249 47.928
26.5254 47.937
26.5257 47.9448
26.5263 47.9517
26.5315 48.5828
26.5335 48.6349
26.5347 48.5556
26.5354 48.4861
26.5362 48.5503
26.5372 48.6066
26.5378 48.5307
26.5383 48.4644
26.5386 48.4063
26.5389 48.3555
26.5392 48.3111
26.5395 48.2722
26.5401 48.3632
26.5405 48.3178
26.5413 48.4031
26.5417 48.3527
26.5425 48.3086
26.5434 48.395
26.544 48.3456
26.5446 48.3024
26.5449 48.2646
26.5452 48.2316
26.5455 48.2026
26.5458 48.1773
26.5461 48.1551
26.5464 48.1357
26.547 48.1188
26.5491 48.3539
26.5498 48.3097
26.5504 48.271
26.5509 48.2371
26.5515 48.2075
26.5521 48.3065
26.5527 48.2682
26.5532 48.3597
26.5538 48.3147
26.5545 48.2754
26.5551 48.366
26.5557 48.3202
26.5565 48.2802
26.5571 48.3702
26.5577 48.3239
26.5583 48.2834
26.559 48.373
26.5596 48.3264
26.5601 48.4106
26.5605 48.3592
26.5625 48.5643
26.5632 48.6188
26.5638 48.5414
26.5644 48.4738
26.565 48.5395
26.5655 48.4721
26.5662 48.5381
26.5668 48.4708
26.5674 48.412
26.568 48.4855
26.5685 48.4248
26.5691 48.4967
26.5695 48.4346
26.5698 48.3803
26.5706 48.3327
26.5712 48.4161
26.5716 48.3641
26.5719 48.3186
26.5722 48.2788
26.5725 48.2439
26.5731 48.3384
26.5734 48.2961
26.5739 48.2591
26.5791 48.8517
26.5811 48.9953
26.5823 48.9959
26.583 48.9964
26.5838 48.8718
26.5848 48.7628
26.5856 48.6675
26.5862 48.7091
26.5865 48.6204
26.5868 48.5429
26.5871 48.6
26.5874 48.525
26.5878 48.4594
26.5883 48.402
26.589 48.4767
26.5895 48.4171
26.5903 48.49
26.5912 48.5537
26.5916 48.4845
26.5922 48.549
26.5928 48.4803
26.5931 48.5453
26.5934 48.4771
26.5937 48.4175
26.594 48.4903
26.5943 48.429
26.5946 48.3754
26.5952 48.4535
26.5973 48.3968
26.5981 48.4722
26.5987 48.4132
26.5991 48.4865
26.5997 48.4257
26.6003 48.3725
26.6009 48.3259
26.6014 48.2852
26.602 48.2495
26.6027 48.2183
26.6033 48.191
26.6041 48.2922
26.6048 48.2556
26.6054 48.2237
26.606 48.3207
26.6066 48.2806
26.6074 48.2456
26.608 48.2149
26.6084 48.188
26.6089 48.1645
26.6108 48.1439
26.6116 48.1259
26.6122 48.2352
26.6128 48.2058
26.6134 48.1801
26.6138 48.1576
26.6146 48.1379
26.6152 48.2456
26.6158 48.2149
26.6164 48.1881
26.6168 48.1646
26.6174 48.144
26.6179 48.126
26.6182 48.2352
26.6189 48.2058
26.6195 48.1801
26.62 48.1576
26.6203 48.2629
26.6206 48.23
26.6209 48.2013
26.6215 48.1761
26.6218 48.1541
26.6222 48.2598
26.6275 48.2274
26.6295 48.1989
26.6307 48.1741
26.6314 48.1523
26.6322 48.2583
26.6332 48.351
26.634 48.3071
26.6344 48.2687
26.6347 48.2351
26.635 48.3307
26.6353 48.2894
26.6356 48.2532
26.6361 48.3466
26.6365 48.3032
26.6373 48.2653
26.6377 48.2322
26.6385 48.2032
26.6394 48.1778
26.6398 48.1555
26.6404 48.1361
26.641 48.2441
26.6413 48.2136
26.6416 48.1869
26.6419 48.1635
26.6422 48.1431
26.6425 48.1252
26.6428 48.1095
26.6434 48.0958
26.6455 48.0839
26.6463 48.0734
26.6469 48.0642
26.6473 48.0562
26.6479 48.0492
26.6485 48.043
26.6491 48.1626
26.6496 48.1423
26.6502 48.2495
26.6509 48.2183
26.6515 48.191
26.6523 48.1672
26.653 48.2713
26.6536 48.2374
26.6542 48.2077
26.6548 48.1817
26.6556 48.159
26.656 48.2641
26.6566 48.2311
26.6571 48.3272
26.659 48.4113
26.6598 48.3599
26.6604 48.3149
26.661 48.2756
26.6614 48.2411
26.662 48.336
26.6628 48.294
26.6634 48.2572
26.664 48.2251
26.6644 48.1969
26.6651 48.2973
26.6657 48.2602
26.666 48.2276
26.6664 48.1992
26.6672 48.2993
26.6678 48.2619
26.6681 48.3541
26.6684 48.3099
26.6687 48.2711
26.6691 48.3622
26.6696 48.317
26.6699 48.2773
26.6705 48.2427
26.6757 48.2123
26.6777 48.1858
26.6789 48.1626
26.6796 48.1422
26.6804 48.1245
26.6814 48.1089
26.6823 48.2203
26.6826 48.1928
26.6829 48.1687
26.6832 48.1476
26.6835 48.1291
26.6838 48.113
26.6844 48.0989
26.6849 48.0865
26.6856 48.0757
26.6861 48.1912
26.6868 48.1673
26.6877 48.1464
26.6882 48.2531
26.6888 48.2215
26.6892 48.1938
26.6895 48.1696
26.6898 48.1484
26.6901 48.2548
26.6904 48.348
26.6907 48.3045
26.6912 48.3914
26.6916 48.4675
26.6937 48.659
26.6945 48.7017
26.6951 48.739
26.6955 48.7716
26.6961 48.8001
26.6967 48.8251
26.6973 48.847
26.6978 48.7411
26.6984 48.7735
26.6991 48.8018
26.6997 48.8266
26.7005 48.8482
26.7012 48.8672
26.7018 48.7588
26.7024 48.789
26.7031 48.8153
26.7038 48.8384
26.7043 48.8586
26.7049 48.7513
26.7053 48.7824
26.7074 48.9346
26.7082 48.9428
26.7088 48.9499
26.7094 48.9562
26.7098 48.9617
26.7104 48.9664
26.7112 48.9706
26.7118 48.9743
26.7124 48.9775
26.7128 48.9803
26.7134 48.9828
26.714 48.9849
26.7143 48.9868
26.7148 48.9885
26.7155 48.9899
26.7161 48.9912
26.7164 48.9923
26.7167 48.8682
26.717 48.8847
26.7175 48.8991
26.7179 48.7867
26.7182 48.8134
26.7188 48.8367
26.7241 49.4821
26.726 49.6719
26.7272 49.7129
26.728 49.6238
26.7287 49.5458
26.7298 49.4776
26.7307 49.4179
26.7311 49.3656
26.7314 49.3199
26.7317 49.2799
26.732 49.2449
26.7323 49.2143
26.7329 49.1875
26.7334 49.1641
26.7341 49.2686
26.7346 49.235
26.7353 49.2056
26.7362 49.3049
26.7367 49.2668
26.7373 49.2335
26.7377 49.2043
26.738 49.1787
26.7383 49.1564
26.7386 49.1368
26.7389 48.9947
26.7392 48.9954
26.7397 48.996
26.7401 48.9965
26.7423 49.2469
26.743 49.3411
26.7436 49.2984
26.7441 49.2611
26.7447 49.2285
26.7453 49.1999
26.7459 49.1749
26.7463 49.1531
26.7469 49.1339
26.7477 49.1172
26.7483 49.1025
26.749 49.2147
26.7498 49.1879
26.7504 49.1644
26.751 49.1438
26.7516 49.1259
26.7523 49.1101
26.7528 49.0964
26.7534 49.0843
26.7538 49.0738
26.7559 49.1896
26.7567 49.1659
26.7573 49.1451
26.7579 49.127
26.7585 49.1111
26.7589 49.0972
26.7597 49.0851
26.7603 49.0744
26.7609 49.0651
26.7615 49.057
26.7619 49.0499
26.7625 49.0436
26.763 48.9132
26.7633 48.924
26.764 49.0585
26.7646 49.0512
26.7651 49.0448
26.7654 49.0392
26.7657 49.0343
26.766 48.905
26.7666 48.9169
26.7669 48.9273
26.7673 48.9364
26.7726 49.5693
26.7735 49.4982
26.7742 49.3109
26.775 49.022
26.7757 48.8943
26.7768 48.7825
26.7777 48.6847
26.7783 48.5991
26.7786 48.3992
26.7789 48.2243
26.7792 48.1963
26.7795 48.0467
26.78 47.9159
26.7804 47.9264
26.7812 47.9356
26.7816 47.8186
26.7824 47.8413
26.7833 47.8612
26.7837 47.7535
26.7843 47.7843
26.7849 47.6863
26.7852 47.7255
26.7855 47.6348
26.7858 47.5555
26.7861 47.611
26.7864 47.6596
26.7867 47.5772
26.7872 47.63
26.7876 47.5513
26.7897 47.4824
26.7905 47.4221
26.7911 47.4943
26.7915 47.4325
26.7921 47.5035
26.7927 47.4405
26.7933 47.5105
26.7938 47.4467
26.7944 47.5158
26.7951 47.5763
26.7957 47.5043
26.7965 47.4413
26.7972 47.5111
26.7978 47.4472
26.7984 47.5163
26.799 47.5768
26.7998 47.5047
26.8002 47.5666
26.8008 47.4958
26.8013 47.5588
26.8034 47.6139
26.8041 47.6622
26.8047 47.5794
26.8053 47.632
26.8059 47.553
26.8064 47.6089
26.8073 47.6578
26.8079 47.5755
26.8085 47.6286
26.8091 47.675
26.8095 47.7156
26.8101 47.7512
26.8106 47.7823
26.8109 47.6845
26.8116 47.5989
26.8122 47.6491
26.8127 47.5679
26.813 47.4969
26.8133 47.5598
26.8136 47.6148
26.8142 47.663
26.8145 47.7051
26.8149 47.617
26.8202 47.6649
26.8211 47.7067
26.8219 47.6184
26.8226 47.6661
26.8234 47.7078
26.8244 47.7444
26.8253 47.7763
26.8259 47.6793
26.8262 47.7194
26.8265 47.7544
26.8268 47.6601
26.8271 47.7026
26.8276 47.7398
26.828 47.7723
26.8288 47.6758
26.8292 47.7163
26.83 47.6268
26.8309 47.5484
26.8313 47.6049
26.8319 47.5293
26.8325 47.5881
26.8328 47.5146
26.8331 47.5753
26.8334 47.6284
26.8337 47.5498
26.834 47.6061
26.8343 47.6553
26.8348 47.5734
26.8352 47.6267
26.8373 47.6734
26.8381 47.7142
26.8387 47.6249
26.8391 47.6718
26.8397 47.5878
26.8403 47.6394
26.8409 47.5594
26.8414 47.6145
26.842 47.5377
26.8427 47.4705
26.8433 47.5367
26.8441 47.5946
26.8448 47.5203
26.8454 47.5802
26.846 47.6327
26.8466 47.5536
26.8474 47.6094
26.8478 47.5332
26.8484 47.5916
26.8489 47.5176
26.851 47.4529
26.8517 47.3963
26.8523 47.4718
26.853 47.4128
26.8536 47.4862
26.854 47.5504
26.8549 47.4816
26.8555 47.5464
26.8561 47.6031
26.8566 47.5277
26.8572 47.5868
26.8578 47.5134
26.8581 47.5742
26.8585 47.6275
26.8593 47.674
26.8599 47.5898
26.8602 47.641
26.8605 47.6859
26.8608 47.6002
26.8612 47.6502
26.8617 47.5689
26.862 47.4978
26.8626 47.5606
26.8678 47.4905
26.8686 47.4292
26.8695 47.5005
26.8702 47.563
26.871 47.4926
26.872 47.556
26.8729 47.4865
26.8735 47.5507
26.8738 47.4819
26.8741 47.5466
26.8744 47.6033
26.8747 47.5279
26.8753 47.5869
26.8758 47.5135
26.8765 47.5743
26.877 47.5026
26.8777 47.5647
26.8786 47.6191
26.8791 47.6667
26.8797 47.7084
26.8801 47.7449
26.8804 47.7767
26.8807 47.6797
26.881 47.7197
26.8813 47.7547
26.8816 47.6604
26.8819 47.5778
26.8825 47.6306
26.883 47.5518
26.8849 47.7328
26.8857 47.7662
26.8863 47.7954
26.8867 47.821
26.8873 47.8434
26.8879 47.863
26.8885 47.8801
26.889 47.8951
26.8896 47.9082
26.8904 48.0447
26.891 48.0391
26.8917 48.0342
26.8925 48.0299
26.8931 48.1512
26.8937 48.1323
26.8943 48.1157
26.895 48.2263
26.8955 48.198
26.8961 48.2982
26.8965 48.261
26.8986 48.4783
26.8994 48.5435
26.9 48.4756
26.9006 48.4162
26.9012 48.4891
26.9016 48.428
26.9025 48.3745
26.9031 48.4527
26.9037 48.3961
26.9042 48.3466
26.9048 48.3033
26.9054 48.2654
26.9057 48.2322
26.9061 48.2032
26.9069 48.1778
26.9076 48.1555
26.9079 48.1361
26.9082 48.1191
26.9085 48.1042
26.909 48.0912
26.9094 48.0798
26.9097 48.0698
26.9103 48.1861
26.9156 48.7878
26.9163 48.8143
26.9171 48.8375
26.9178 48.7329
26.9186 48.6412
26.9196 48.6861
26.9205 48.6003
26.9211 48.6503
26.9214 48.569
26.9217 48.4979
26.922 48.4356
26.9223 48.3812
26.9229 48.3335
26.9234 48.2918
26.9241 48.3804
26.9246 48.3328
26.9253 48.4162
26.9262 48.4892
26.9267 48.428
26.9273 48.3745
26.9277 48.3277
26.9281 48.2868
26.9284 48.2509
26.9287 48.2195
26.929 48.0671
26.9293 48.0587
26.9296 48.0514
26.9302 48.17
26.9306 48.1487
26.9326 48.3801
26.9333 48.4576
26.9339 48.4004
26.9344 48.3504
26.935 48.3066
26.9356 48.2682
26.9362 48.3597
26.9366 48.3147
26.9372 48.4004
26.938 48.3503
26.9386 48.3066
26.9393 48.3932
26.9398 48.3441
26.9401 48.3011
26.9404 48.1384
26.9407 47.9961
26.9411 47.8716
26.9416 47.6377
26.9422 47.558
26.9426 47.3632
26.9447 47.4428
26.9455 47.3875
26.9461 47.339
26.9467 47.2966
26.9473 47.2596
26.9477 47.1021
26.9486 47.0894
26.9492 47.0782
26.9498 46.9434
26.9503 46.9505
26.9509 46.8317
26.9515 46.8527
26.9518 46.7461
26.9522 46.7779
26.953 46.6806
26.9537 46.7205
26.9542 46.7555
26.9545 46.786
26.9548 46.6878
26.9551 46.7268
26.9557 46.761
26.956 46.6658
26.9564 46.7076
26.9617 47.2442
26.9624 47.2136
26.9633 47.1869
26.9642 47.1636
26.965 47.1431
26.9661 47.2502
26.967 47.219
26.9676 47.1916
26.9679 47.0426
26.9682 47.0373
26.9685 47.0326
26.9688 46.9036
26.9692 46.9156
26.9697 46.9262
26.9704 46.9354
26.9709 46.8185
26.9716 46.8412
26.9725 46.861
26.973 46.7534
26.9736 46.7842
26.9742 46.8112
26.9745 46.8348
26.9748 46.7304
26.9751 46.7641
26.9754 46.7936
26.9757 46.8194
26.976 46.717
26.9764 46.7524
26.9769 46.6583
26.9788 46.826
26.9796 46.8478
26.9802 46.8668
26.9808 46.8835
26.9812 46.898
26.9818 46.9108
26.9824 46.9219
26.9829 46.8067
26.9835 46.8308
26.9842 46.852
26.9848 46.8705
26.9856 46.8867
26.9862 46.9008
26.9865 46.9132
26.9868 46.7991
26.9871 46.8242
26.9874 46.8462
26.988 46.7404
26.9883 46.7728
26.9889 46.6762
26.9893 46.7167
26.9914 46.7521
26.9923 46.7831
26.9929 46.6852
26.9935 46.7246
26.9941 46.759
26.9946 46.7891
26.9955 46.8155
26.9961 46.8385
26.9967 46.8587
26.9971 46.8764
26.9977 46.8918
26.9983 46.9054
26.9986 46.9172
26.9991 46.9275
26.9998 46.9366
27.0006 46.9445
27.001 46.9515
27.0013 46.9575
27.0016 46.9628
27.0019 46.8425
27.0087 46.7372
27.0096 46.645
27.0104 46.5644
27.0114 46.6188
27.0123 46.5415
27.0129 46.4738
27.0134 46.4146
27.0137 46.3628
27.014 46.1924
27.0143 46.1684
27.0146 46.1473
27.0152 46.1289
27.0158 46.1128
27.0164 46.0987
27.017 46.0863
27.0179 46.0756
27.0185 46.0661
27.0189 46.0578
27.0195 46.0506
27.02 45.9193
27.0203 45.9294
27.0206 45.9382
27.0209 45.8209
27.0212 45.8433
27.0215 45.8629
27.0218 45.88
27.0224 45.895
27.0242 46.1582
27.0249 46.1384
27.0255 46.1211
27.0261 46.1059
27.0266 46.0927
27.0272 46.0811
27.0278 46.071
27.0284 46.0621
27.0288 46.0543
27.0296 46.0475
27.0302 46.0416
27.0309 46.0364
27.0315 46.0319
27.032 45.9029
27.0323 45.915
27.0326 45.9256
27.0329 45.8099
27.0333 45.8337
27.0338 45.8545
27.0342 45.8727
27.0347 45.8886
27.0368 46.0275
27.0377 46.0241
27.0383 46.0211
27.0389 46.0184
27.0395 46.0161
27.0399 45.8891
27.0409 45.903
27.0415 45.9151
27.0421 45.9257
27.0425 45.935
27.0431 45.9431
27.0437 45.9502
27.044 45.9565
27.0445 45.9619
27.0452 45.9667
27.046 45.9708
27.0464 45.9745
27.0467 45.8527
27.047 45.8711
27.0473 45.8872
27.0539 46.6513
27.0548 46.5699
27.0557 46.4986
27.0568 46.4363
27.0577 46.3818
27.0583 46.3341
27.0589 46.2923
27.0592 46.2558
27.0595 46.2238
27.0598 46.1958
27.0601 46.1713
27.0607 46.1499
27.0613 46.1312
27.0619 46.1148
27.0625 46.1004
27.0634 46.2129
27.064 46.1863
27.0644 46.163
27.065 46.2676
27.0655 46.2342
27.0658 46.2049
27.0661 46.1793
27.0664 46.1569
27.0667 46.1373
27.067 45.9951
27.0673 45.9957
27.0679 45.9962
27.0697 46.1217
27.0704 46.1065
27.071 46.2182
27.0716 46.1909
27.0721 46.1671
27.0727 46.1462
27.0733 46.1279
27.0739 46.1119
27.0743 46.0979
27.0751 46.2107
27.0757 46.1843
27.0764 46.1613
27.077 46.2661
27.0775 46.2329
27.0778 46.2038
27.0781 46.1783
27.0784 46.156
27.0789 46.1365
27.0793 46.1194
27.0798 46.1045
27.0802 46.0914
27.0823 46.33
27.0832 46.4138
27.0838 46.362
27.0844 46.3168
27.085 46.4022
27.0855 46.3519
27.0864 46.4329
27.087 46.3788
27.0876 46.3315
27.088 46.29
27.0886 46.2538
27.0892 46.222
27.0895 46.1943
27.09 46.045
27.0907 46.0394
27.0916 46.0345
27.0921 46.1551
27.0924 46.1358
27.0927 46.1188
27.093 45.9789
27.0994 46.7316
27.1003 46.7651
27.1012 46.7945
27.1023 46.8202
27.1032 46.8426
27.1038 46.7373
27.1044 46.6452
27.1047 46.5645
27.105 46.3689
27.1053 46.3228
27.1056 46.2825
27.1062 46.2472
27.1068 46.2163
27.1074 46.1892
27.108 46.1656
27.1089 46.1449
27.1095 46.1268
27.1099 46.1109
27.1105 46.0971
27.111 45.9599
27.1113 45.9649
27.1116 45.9693
27.1119 45.8482
27.1122 45.8671
27.1125 45.8837
27.1128 45.8983
27.1134 45.911
27.1152 46.1721
27.116 46.1506
27.1166 46.1318
27.1172 46.1153
27.1176 46.1009
27.1182 46.0883
27.1188 46.0772
27.1194 46.0676
27.1199 46.0591
27.1206 46.0517
27.1212 46.0453
27.122 46.0396
27.1226 46.0347
27.123 46.0303
27.1233 46.0265
27.1236 46.0232
27.1239 45.8953
27.1244 45.9084
27.1248 45.9199
27.1253 45.9299
27.1257 45.9386
27.1278 46.0713
27.1284 46.0624
27.1292 46.0546
27.1298 46.0478
27.1304 46.0418
27.1308 45.9116
27.1314 45.9226
27.1323 45.9323
27.1329 45.9408
27.1335 45.9482
27.134 45.8296
27.1346 45.8509
27.135 45.8696
27.1353 45.8859
27.1359 45.9001
27.1367 45.9126
27.1376 45.9235
27.138 45.9331
27.1383 45.9415
27.1386 45.9488
27.1389 45.9552
27.1455 45.9608
27.1464 45.9657
27.1473 45.97
27.1484 45.9737
27.1494 45.977
27.15 46.1049
27.1505 46.0918
27.1508 46.0803
27.1511 46.1953
27.1514 46.1709
27.1517 46.1495
27.1523 46.1308
27.1529 46.1145
27.1535 46.1001
27.1541 46.2126
27.155 46.3111
27.1556 46.2722
27.1561 46.3631
27.1567 46.3178
27.1571 46.403
27.1574 46.3527
27.1577 46.3086
27.158 46.395
27.1583 46.3456
27.1586 46.3024
27.1589 46.2646
27.1595 46.2315
27.1613 46.2026
27.1621 46.3023
27.1627 46.2645
27.1633 46.2314
27.1637 46.2025
27.1643 46.1772
27.1649 46.155
27.1655 46.1357
27.166 46.1187
27.1667 46.1039
27.1673 46.0909
27.1681 46.2045
27.1687 46.179
27.1691 46.1566
27.1694 46.137
27.1697 46.1199
27.17 46.2299
27.1705 46.2012
27.1709 46.176
27.1714 46.154
27.1718 46.1348
27.1739 46.1179
27.1745 46.1032
27.1753 46.0903
27.1759 46.079
27.1765 46.0691
27.1769 46.0605
27.1775 46.0529
27.1784 46.0463
27.179 46.1655
27.1796 46.1448
27.1801 46.2517
27.1807 46.2203
27.1811 46.1927
27.1814 46.1686
27.182 46.2726
27.1828 46.2385
27.1837 46.2087
27.1841 46.1826
27.1844 46.1598
27.1847 46.1398
27.185 46.2473
27.192 46.2164
27.1929 46.1894
27.1938 46.1657
27.1948 46.145
27.1959 46.1268
27.1965 46.111
27.1969 46.0971
27.1972 46.21
27.1975 46.1837
27.1978 46.1608
27.1981 46.2657
27.1987 46.2325
27.1993 46.3284
27.1999 46.2873
27.2005 46.2514
27.2014 46.22
27.202 46.3175
27.2025 46.2778
27.2031 46.3681
27.2035 46.3221
27.2038 46.2818
27.2041 46.3716
27.2044 46.3251
27.2047 46.2845
27.205 46.3739
27.2053 46.4522
27.2059 46.3957
27.2077 46.3462
27.2085 46.3029
27.2091 46.3901
27.2097 46.3413
27.2101 46.4236
27.2107 46.3707
27.2113 46.4494
27.2119 46.3932
27.2124 46.469
27.2131 46.5354
27.2137 46.4685
27.2145 46.4099
27.2151 46.4837
27.2155 46.4232
27.2158 46.3703
27.2161 46.449
27.2164 46.3929
27.2169 46.3438
27.2173 46.4258
27.2178 46.3726
27.2182 46.451
27.2203 46.5196
27.2209 46.4547
27.2217 46.3978
27.2223 46.4731
27.2229 46.414
27.2233 46.4872
27.2239 46.4263
27.2248 46.373
27.2254 46.3264
27.2259 46.2856
27.2263 46.3749
27.2269 46.328
27.2275 46.412
27.2278 46.3605
27.2283 46.4405
27.2291 46.5104
27.23 46.5716
27.2306 46.6252
27.2309 46.547
27.2312 46.6036
27.2315 46.6532
27.2381 47.4465
27.239 47.3907
27.2399 47.3419
27.2411 47.4241
27.2421 47.4961
27.2427 47.4341
27.2433 47.3798
27.2436 47.3324
27.2439 47.1658
27.2442 47.1451
27.2445 47.127
27.2451 47.1111
27.2457 47.0972
27.2463 47.085
27.2469 47.0744
27.2478 47.0651
27.2484 47.057
27.2489 46.9249
27.2495 46.9342
27.2499 46.8175
27.2502 46.8403
27.2505 46.8602
27.2508 46.7527
27.2511 46.7836
27.2514 46.8107
27.2517 46.7093
27.2523 46.7457
27.2541 47.0275
27.2549 47.024
27.2555 47.021
27.2561 47.0184
27.2565 47.0161
27.2571 47.0141
27.2577 47.0123
27.2583 47.0108
27.2588 47.0094
27.2595 47.0083
27.2601 47.0072
27.2609 47.0063
27.2615 47.0055
27.2619 46.8798
27.2622 46.8949
27.2625 46.908
27.2628 46.7945
27.2633 46.8202
27.2637 46.8427
27.2642 46.8623
27.2646 46.8795
27.2668 47.0196
27.2674 47.0171
27.2681 47.14
27.2687 47.1225
27.2693 47.1072
27.2698 47.0938
27.2704 47.0821
27.2713 47.1968
27.2719 47.1722
27.2723 47.1507
27.2728 47.1318
27.2734 47.1154
27.274 47.1009
27.2743 47.0883
27.2747 47.0773
27.2755 47.0676
27.2764 47.0592
27.277 47.0518
27.2773 47.0453
27.2776 47.0396
27.2779 46.9097
27.2845 47.671
27.2852 47.5871
27.2861 47.6387
27.2873 47.6839
27.2884 47.5984
27.289 47.3986
27.2896 47.3488
27.2899 47.1802
27.2902 47.1576
27.2905 47.1379
27.2908 46.9957
27.2914 46.9962
27.292 46.8717
27.2926 46.8877
27.2932 46.9018
27.2941 47.0391
27.2947 47.0342
27.2951 47.0299
27.2959 47.0262
27.2963 47.0229
27.2966 47.02
27.2969 46.8925
27.2972 46.906
27.2975 46.9177
27.2978 46.803
27.2981 46.8276
27.2987 46.8492
27.3005 46.993
27.3013 46.9939
27.3019 46.9947
27.3025 46.9953
27.3029 46.8709
27.3036 46.887
27.3042 46.9012
27.3048 46.9135
27.3052 46.9243
27.306 46.9338
27.3066 46.9421
27.3073 46.9493
27.3079 46.9556
27.3084 46.9612
27.3087 46.966
27.309 46.8453
27.3093 46.8646
27.3097 46.8815
27.3102 46.8963
27.3106 46.9093
27.3111 46.9206
27.3132 47.1806
27.3138 47.158
27.3145 47.1382
27.3151 47.121
27.3157 47.1058
27.3162 47.0926
27.3168 47.081
27.3177 47.0709
27.3183 47.062
27.3187 47.0543
27.3192 47.0475
27.3198 47.0416
27.3204 47.0364
27.3207 47.0318
27.3211 47.0278
27.3219 47.0244
27.3225 47.0213
27.3232 47.0187
27.3237 47.0163
27.324 46.8893
27.3243 46.9031
27.3246 46.9152
27.3312 46.9258
27.3321 46.9351
27.333 46.8182
27.3342 46.8409
27.3352 46.8608
27.336 46.8782
27.3364 46.8934
27.3367 46.9068
27.337 46.9184
27.3373 46.9286
27.3378 46.9375
27.3384 46.9453
27.339 46.9522
27.3396 46.9581
27.3402 46.9634
27.3411 46.968
27.3416 46.972
27.3422 46.9755
27.3429 46.9785
27.3434 46.9812
27.3437 46.9836
27.344 46.9856
27.3443 46.9874
27.3446 46.989
27.3449 46.9904
27.3452 46.9916
27.3458 46.9926
27.3476 46.9935
27.3483 46.9944
27.3489 46.9951
27.3495 46.9957
27.35 46.9962
27.3506 46.9967
27.3512 46.9971
27.3518 46.9975
27.3522 46.9978
27.353 46.9981
27.3536 46.9983
27.3543 46.9985
27.3549 46.9987
27.3554 46.9989
27.3557 46.999
27.356 46.9991
27.3563 46.9992
27.3567 46.9993
27.3572 46.9994
27.3576 46.9995
27.3581 46.9995
27.3602 46.9996
27.3608 46.9997
27.3615 46.9997
27.3621 46.9997
27.3627 46.9998
27.3632 46.9998
27.3638 46.9998
27.3647 46.9998
27.3653 46.9999
27.3657 46.9999
27.3662 46.9999
27.3668 46.9999
27.3674 46.9999
27.3677 46.9999
27.3681 46.9999
27.3689 46.9999
27.3695 47
27.3702 47
27.3707 47
27.371 47
27.3713 47
27.3716 47
27.3783 47
27.3793 47
27.3802 47.125
27.3814 47.1094
27.3824 47.0957
27.3832 47.2087
27.3836 47.1826
27.3839 47.1598
27.3842 47.1398
27.3845 47.1224
27.385 47.1071
27.3856 47.0937
27.3862 47.207
27.3868 47.1811
27.3874 47.1585
27.3883 47.1386
27.3887 47.1213
27.3893 47.1062
27.3901 47.2179
27.3905 47.1906
27.3908 47.1668
27.3911 47.271
27.3914 47.2371
27.3917 47.2075
27.392 47.3065
27.3923 47.2682
27.3929 47.2347
27.3947 47.2053
27.3955 47.1797
27.3961 47.2822
27.3967 47.2469
27.3971 47.3411
27.3977 47.2984
27.3985 47.2611
27.3991 47.3535
27.3995 47.3093
27.4003 47.3956
27.4009 47.3462
27.4016 47.3029
27.4022 47.39
27.4027 47.3413
27.403 47.2986
27.4033 47.3863
27.4036 47.338
27.404 47.4208
27.4045 47.3682
27.4049 47.3221
27.4054 47.2819
27.4075 47.2466
27.4081 47.3408
27.4088 47.2982
27.4094 47.2609
27.41 47.3533
27.4105 47.3092
27.4111 47.3955
27.412 47.3461
27.4126 47.3028
27.413 47.39
27.4135 47.3412
27.4141 47.4236
27.4147 47.3706
27.415 47.3243
27.4154 47.2838
27.4162 47.3733
27.4168 47.3266
27.4176 47.2858
27.418 47.3751
27.4183 47.4532
27.4186 47.3965
27.4189 47.347
27.4255 48.1786
27.4264 48.1563
27.4273 48.1367
27.4285 48.1196
27.4296 48.1047
27.4305 48.0916
27.4311 48.0802
27.4314 48.0701
27.4317 48.0614
27.432 47.9287
27.4323 47.9376
27.4329 47.9454
27.4335 47.9522
27.4341 47.9582
27.4347 47.9634
27.4356 47.968
27.4362 47.972
27.4366 47.9755
27.4374 47.9786
27.438 47.8562
27.4383 47.8742
27.4386 47.8899
27.4389 47.7787
27.4392 47.8064
27.4395 47.8306
27.4398 47.7267
27.4402 47.7609
27.442 48.0408
27.4428 48.0357
27.4434 48.0312
27.444 47.9023
27.4446 47.9145
27.445 47.9252
27.4458 47.9346
27.4464 47.9427
27.4468 47.8249
27.4476 47.8468
27.4482 47.8659
27.4489 47.8827
27.4495 47.8974
27.45 47.7852
27.4503 47.812
27.4506 47.8355
27.4509 47.7311
27.4513 47.7647
27.4518 47.6691
27.4522 47.7105
27.4527 47.7467
27.4548 47.9033
27.4554 47.9154
27.4562 47.926
27.4568 47.9352
27.4574 47.9433
27.4578 47.8254
27.4584 47.8472
27.4593 47.8663
27.4599 47.883
27.4604 47.8977
27.4608 47.7855
27.4614 47.8123
27.462 47.8357
27.4623 47.8563
27.4628 47.8742
27.4635 47.89
27.4641 47.9037
27.4649 47.9157
27.4653 47.9263
27.4656 47.8105
27.4659 47.7092
27.4662 47.7455
27.4728 48.5273
27.4736 48.4614
27.4745 48.4037
27.4757 48.3533
27.4767 48.3091
27.4776 48.2705
27.4782 48.2367
27.4785 48.0821
27.4788 47.9468
27.4791 47.9535
27.4794 47.9593
27.48 47.9644
27.4806 47.9688
27.4812 47.9727
27.4818 47.8511
27.4827 47.8697
27.4833 47.886
27.4838 47.7753
27.4845 47.8034
27.4851 47.8279
27.4854 47.8494
27.4857 47.7433
27.486 47.7754
27.4863 47.8034
27.4866 47.703
27.4869 47.6151
27.4874 47.6632
27.4892 47.8303
27.4899 47.7265
27.4905 47.7607
27.4912 47.7906
27.4918 47.8168
27.4922 47.8397
27.493 47.7347
27.4936 47.7679
27.494 47.7969
27.4948 47.8223
27.4954 47.8445
27.4961 47.8639
27.4967 47.881
27.4972 47.8958
27.4975 47.9089
27.4978 47.7952
27.4981 47.8208
27.4985 47.8432
27.499 47.7378
27.4994 47.7706
27.4999 47.6743
27.502 47.84
27.5027 47.86
27.5035 47.8775
27.5041 47.8928
27.5047 47.9062
27.5051 47.9179
27.5057 47.9282
27.5066 47.9372
27.5072 47.945
27.5077 47.9519
27.5081 47.9579
27.5087 47.9632
27.5093 47.9678
27.5096 47.8468
27.5101 47.8659
27.5108 47.8827
27.5114 47.8974
27.5122 47.9102
27.5126 47.9214
27.5129 47.8062
27.5132 47.8305
27.5135 47.8517
27.5201 48.6202
27.5209 48.5427
27.5218 48.4748
27.523 48.4155
27.5234 48.3635
27.5245 48.3181
27.5254 48.2783
27.526 48.1185
27.5263 48.1037
27.5266 48.0908
27.5269 47.9544
27.5273 47.9601
27.5279 47.8401
27.5285 47.8601
27.5292 47.8776
27.5298 47.8929
27.5307 47.9063
27.5311 47.918
27.5317 47.9282
27.5325 47.9372
27.5329 47.8201
27.5332 47.8425
27.5335 47.8622
27.5338 47.7544
27.5341 47.7851
27.5344 47.812
27.5347 47.8355
27.5353 47.8561
27.5371 47.8741
27.5379 47.8898
27.5385 47.9036
27.5391 47.9156
27.5395 47.9262
27.5401 47.9354
27.5409 47.9435
27.5413 47.9505
27.5419 47.8317
27.5427 47.8528
27.5433 47.8712
27.544 47.8873
27.5446 47.9014
27.5449 47.7887
27.5452 47.8151
27.5455 47.8382
27.5458 47.7334
27.5464 47.7668
27.5467 47.7959
27.5473 47.8214
27.5478 47.8437
27.5499 47.8633
27.5506 47.8804
27.5514 47.8953
27.552 47.7834
27.5526 47.8105
27.553 47.8342
27.5536 47.8549
27.5545 47.873
27.5551 47.8889
27.5556 47.9028
27.556 47.9149
27.5566 47.9256
27.5572 47.9349
27.5575 47.943
27.558 47.8251
27.5587 47.847
27.5593 47.8661
27.5601 47.8829
27.5605 47.8975
27.5608 47.9103
27.5611 47.9215
27.5614 47.9313
27.5681 47.9399
27.569 47.9474
27.5699 47.954
27.5711 48.0847
27.5715 48.0742
27.5726 48.0649
27.5735 48.0568
27.5741 48.1747
27.5744 48.1528
27.5747 48.1337
27.575 48.117
27.5754 48.1024
27.576 48.2146
27.5766 48.1878
27.5772 48.1643
27.5778 48.1438
27.5787 48.1258
27.5792 48.1101
27.5798 48.0963
27.5805 48.0843
27.581 48.0737
27.5813 48.0645
27.5816 48.0565
27.5819 48.0494
27.5822 48.0432
27.5825 48.0378
27.5828 48.0331
27.5834 48.029
27.5852 48.0253
27.5859 48.0222
27.5865 48.0194
27.5871 48.017
27.5876 48.0148
27.5882 48.013
27.5889 48.0114
27.5894 48.0099
27.59 48.0087
27.5907 48.0076
27.5913 48.0067
27.5921 48.0058
27.5927 48.0051
27.593 48.0045
27.5933 48.0039
27.5936 48.0034
27.5939 48.003
27.5945 48.0026
27.5948 48.0023
27.5954 48.002
27.5958 48.0018
27.5979 48.0015
27.5987 48.0013
27.5994 48.0012
27.6 48.126
27.6006 48.1103
27.6011 48.0965
27.6017 48.0844
27.6026 48.0739
27.6033 48.0646
27.6038 48.0566
27.6043 48.0495
27.6049 48.0433
27.6055 48.0379
27.6058 48.0332
27.6062 48.154
27.607 48.1348
27.6076 48.1179
27.6083 48.1032
27.6088 48.0903
27.6091 48.204
27.6094 48.1785
27.6097 48.1562
27.6163 48.1367
27.6172 48.2446
27.6181 48.339
27.6193 48.2966
27.6197 48.2595
27.6208 48.2271
27.6217 48.1987
27.6224 48.1739
27.6227 48.1521
27.623 48.2581
27.6233 48.3509
27.6236 48.432
27.6242 48.503
27.6248 48.4401
27.6254 48.5101
27.626 48.5713
27.6269 48.6249
27.6275 48.6718
27.628 48.5878
27.6287 48.6394
27.6293 48.6844
27.6296 48.7239
27.6299 48.6334
27.6302 48.6792
27.6305 48.7193
27.6308 48.6294
27.6311 48.6757
27.6316 48.7163
27.6334 48.8767
27.6341 48.8921
27.6347 48.9056
27.6353 48.9174
27.6359 48.8027
27.6364 48.8274
27.6371 48.849
27.6377 48.8678
27.6382 48.8844
27.6389 48.8988
27.6395 48.9115
27.6403 48.9225
27.6409 48.8072
27.6413 48.8313
27.6417 48.8524
27.642 48.7458
27.6423 48.7776
27.6427 48.8054
27.6432 48.8297
27.6436 48.851
27.6441 48.8696
27.6462 49.1359
27.6469 49.1189
27.6477 49.1041
27.6483 49.0911
27.6489 48.9547
27.6495 48.9603
27.6499 48.8403
27.6508 48.8603
27.6516 48.8777
27.652 48.893
27.6525 48.9064
27.6531 48.9181
27.6537 48.9283
27.654 48.8123
27.6544 48.8357
27.6552 48.8563
27.6558 48.8742
27.6565 48.89
27.657 48.7787
27.6573 48.8064
27.6576 48.7056
27.6579 48.6174
27.6645 49.4152
27.6652 49.3633
27.6661 49.3179
27.6673 49.2782
27.6678 49.1184
27.6688 49.1036
27.6697 49.0906
27.6705 49.0793
27.6708 48.9444
27.6711 48.9513
27.6714 48.8324
27.6717 48.7284
27.6723 48.7623
27.6729 48.667
27.6735 48.7087
27.6741 48.7451
27.675 48.6519
27.6756 48.6954
27.676 48.7335
27.6768 48.7668
27.6774 48.796
27.6777 48.6965
27.678 48.6094
27.6783 48.6582
27.6786 48.576
27.6789 48.504
27.6792 48.566
27.6797 48.4952
27.6815 48.6833
27.6822 48.7229
27.6828 48.6325
27.6834 48.6785
27.684 48.7187
27.6845 48.7538
27.6852 48.7846
27.6858 48.6865
27.6863 48.7257
27.687 48.76
27.6876 48.79
27.6884 48.8162
27.689 48.7142
27.6894 48.7499
27.6897 48.6562
27.69 48.6992
27.6903 48.7368
27.6908 48.6447
27.6912 48.6891
27.6917 48.603
27.6921 48.6526
27.6942 48.821
27.695 48.7184
27.6957 48.7536
27.6963 48.7844
27.6969 48.6863
27.6975 48.7255
27.698 48.6349
27.6989 48.6805
27.6996 48.7204
27.7001 48.7554
27.7005 48.661
27.7011 48.7033
27.7017 48.6154
27.702 48.6635
27.7025 48.7056
27.7032 48.7424
27.7038 48.6496
27.7046 48.6934
27.705 48.7317
27.7053 48.7652
27.7056 48.6696
27.7059 48.5859
27.7127 49.3876
27.7134 49.3392
27.7143 49.2968
27.7155 49.2597
27.716 49.1022
27.7171 49.2144
27.718 49.1876
27.7187 49.1642
27.719 49.1437
27.7193 49.1257
27.7196 48.985
27.7199 48.8619
27.7205 48.8791
27.721 48.7692
27.7216 48.7981
27.7222 48.8233
27.7228 48.7204
27.7237 48.7554
27.7241 48.7859
27.7247 48.6877
27.7255 48.7267
27.7259 48.6359
27.7262 48.6814
27.7265 48.7212
27.7268 48.6311
27.7271 48.6772
27.7274 48.7175
27.7277 48.6278
27.7283 48.6744
27.7301 48.7151
27.7309 48.6257
27.7315 48.6725
27.7321 48.7134
27.7325 48.6242
27.7331 48.6712
27.7339 48.5873
27.7343 48.6389
27.7349 48.559
27.7357 48.4892
27.7363 48.553
27.737 48.6089
27.7376 48.6578
27.7379 48.5755
27.7382 48.6286
27.7385 48.55
27.7388 48.4813
27.7394 48.5461
27.7397 48.4778
27.7403 48.5431
27.7408 48.4752
27.7429 48.4158
27.7436 48.4888
27.7444 48.5527
27.745 48.4836
27.7456 48.5482
27.746 48.6047
27.7466 48.6541
27.7475 48.6973
27.7481 48.7352
27.7487 48.6433
27.7492 48.6879
27.7498 48.6019
27.7502 48.6516
27.7505 48.5702
27.7511 48.6239
27.7519 48.5459
27.7525 48.6027
27.7532 48.6523
27.7535 48.5708
27.7538 48.4994
27.7542 48.562
27.7546 48.6168
27.7611 48.6647
27.762 48.5816
27.7629 48.5089
27.7641 48.5703
27.7645 48.624
27.7656 48.546
27.7665 48.6027
27.7671 48.6524
27.7674 48.5708
27.7677 48.4995
27.768 48.4371
27.7683 48.5074
27.7689 48.444
27.7693 48.5135
27.7699 48.4493
27.7705 48.3931
27.7711 48.469
27.772 48.5354
27.7725 48.4685
27.7731 48.5349
27.7738 48.468
27.7743 48.5345
27.7746 48.4677
27.7749 48.4092
27.7752 48.4831
27.7755 48.4227
27.7758 48.3699
27.7761 48.4486
27.7767 48.3926
27.7785 48.3435
27.7792 48.4255
27.7798 48.3724
27.7804 48.3258
27.7809 48.2851
27.7815 48.2494
27.7822 48.3433
27.7827 48.3004
27.7833 48.3878
27.784 48.4643
27.7846 48.4063
27.7854 48.3555
27.786 48.3111
27.7863 48.3972
27.7866 48.3475
27.7869 48.3041
27.7872 48.3911
27.7878 48.3422
27.7881 48.4244
27.7887 48.3714
27.7891 48.4499
27.7912 48.5187
27.792 48.5789
27.7928 48.5065
27.7934 48.5682
27.794 48.4972
27.7944 48.435
27.795 48.5056
27.7959 48.4424
27.7965 48.3871
27.7971 48.4637
27.7976 48.4058
27.7982 48.4801
27.7986 48.42
27.7989 48.3675
27.7995 48.3216
27.8003 48.4064
27.8009 48.3556
27.8016 48.3111
27.8019 48.2723
27.8022 48.3632
27.8025 48.3178
27.803 48.2781
27.8097 48.2433
27.8106 48.3379
27.8115 48.4207
27.8126 48.3681
27.8132 48.4471
27.8142 48.5162
27.8151 48.5767
27.8156 48.5046
27.8159 48.4415
27.8162 48.5113
27.8165 48.5724
27.8168 48.5009
27.8174 48.5632
27.8178 48.4928
27.8184 48.5562
27.819 48.6117
27.8195 48.6602
27.8204 48.7027
27.821 48.6149
27.8214 48.663
27.8222 48.7051
27.8228 48.742
27.8231 48.7742
27.8234 48.8025
27.8237 48.8272
27.824 48.7238
27.8243 48.7583
27.8246 48.7885
27.825 48.8149
27.8268 48.9631
27.8276 48.9677
27.8282 48.9717
27.8288 48.9753
27.8294 48.9784
27.8299 48.9811
27.8306 48.9834
27.8312 48.9855
27.8317 48.9873
27.8324 48.9889
27.833 48.9903
27.8338 48.9915
27.8344 48.9926
27.8348 48.9935
27.8351 48.9943
27.8354 48.995
27.8357 48.9956
27.8362 48.9962
27.8366 48.9967
27.8371 48.9971
27.8375 48.9974
27.8396 49.1228
27.8404 49.1074
27.8411 49.094
27.8417 49.0822
27.8423 49.072
27.8429 49.063
27.8434 49.0551
27.8443 49.0482
27.845 49.1672
27.8455 49.1463
27.8459 49.003
27.8465 49.0026
27.8471 49.0023
27.8474 49.002
27.8479 49.0018
27.8486 49.0015
27.8492 49.0013
27.85 49.0012
27.8504 49.001
27.8507 49.0009
27.851 49.0008
27.8513 49.0007
27.8581 49.8756
27.859 49.7662
27.8599 49.6704
27.8609 49.5866
27.8615 49.5133
27.8627 49.4491
27.8636 49.393
27.8641 49.3438
27.8644 49.3009
27.8647 49.2633
27.865 49.1053
27.8653 49.0922
27.8659 49.0807
27.8663 49.0706
27.867 49.0618
27.8676 49.054
27.868 49.0473
27.8689 49.0414
27.8695 49.0362
27.87 49.0317
27.8707 49.0277
27.8713 49.0242
27.8716 49.0212
27.8719 48.8936
27.8722 48.9069
27.8725 48.9185
27.8728 48.9287
27.8731 48.9376
27.8736 48.9454
27.8754 49.0772
27.8761 49.1926
27.8767 49.1685
27.8773 49.1474
27.8779 49.129
27.8784 49.1129
27.8791 49.2238
27.8797 49.1958
27.8802 49.1713
27.8809 49.1499
27.8815 49.1312
27.8823 49.1148
27.8829 49.1004
27.8833 49.0879
27.8836 49.0769
27.8839 48.9423
27.8842 48.9495
27.8847 48.9558
27.8851 48.9613
27.8856 48.9662
27.886 48.9704
27.8881 49.2241
27.8889 49.1961
27.8896 49.1716
27.8902 49.1501
27.8908 49.1314
27.8914 49.1149
27.8919 49.1006
27.8928 49.088
27.8935 49.077
27.894 48.9424
27.8944 48.9496
27.895 49.0809
27.8956 49.0708
27.8959 48.9369
27.8964 48.9448
27.8971 49.0767
27.8977 49.0671
27.8985 49.0587
27.8989 49.0514
27.8992 49.045
27.8995 49.0393
27.8998 48.9094
27.9068 49.6707
27.9077 49.5869
27.9086 49.6385
27.9096 49.6837
27.9102 49.7233
27.9114 49.7578
27.9123 49.7881
27.9129 49.6896
27.9132 49.6034
27.9135 49.528
27.9138 49.462
27.9141 49.5292
27.9147 49.4631
27.9152 49.5302
27.9158 49.4639
27.9164 49.5309
27.9168 49.4646
27.9177 49.4065
27.9183 49.4807
27.9188 49.4206
27.9195 49.493
27.9201 49.5564
27.9204 49.4868
27.9207 49.426
27.921 49.4977
27.9213 49.4355
27.9216 49.3811
27.9219 49.3334
27.9224 49.2918
27.9242 49.5053
27.9249 49.4421
27.9255 49.3869
27.9261 49.4635
27.9267 49.4056
27.927 49.4799
27.9276 49.4199
27.9284 49.3674
27.9288 49.3215
27.9294 49.2813
27.9302 49.3711
27.9308 49.3247
27.9315 49.2841
27.9321 49.3736
27.9324 49.3269
27.9327 49.2861
27.933 49.3753
27.9333 49.3284
27.9339 49.2873
27.9342 49.2514
27.9348 49.22
27.9353 49.1925
27.9374 49.1684
27.9381 49.2724
27.9389 49.2383
27.9395 49.2085
27.9401 49.3075
27.9405 49.269
27.9411 49.3604
27.9414 49.3154
27.9417 49.1509
27.9421 49.1321
27.9424 48.9906
27.9428 48.7417
27.9431 48.649
27.9434 48.5679
27.944 48.4969
27.9448 48.3098
27.9454 48.2711
27.9461 48.2372
27.9464 48.2075
27.9467 48.0566
27.947 48.0495
27.9475 48.0433
27.9544 48.0379
27.9553 48.0332
27.9562 48.029
27.9572 48.0254
27.9578 47.8972
27.959 47.9101
27.9601 47.9213
27.9607 47.9311
27.961 47.8148
27.9613 47.8379
27.9616 47.8582
27.9619 47.7509
27.9625 47.782
27.9629 47.6843
27.9635 47.7237
27.9641 47.7583
27.9646 47.7885
27.9655 47.8149
27.9661 47.8381
27.9665 47.8583
27.9673 47.876
27.9679 47.7665
27.9682 47.7957
27.9685 47.8212
27.9688 47.7186
27.9691 47.7538
27.9694 47.7845
27.9697 47.8115
27.9701 47.835
27.9719 47.7307
27.9727 47.7643
27.9733 47.7938
27.9739 47.6946
27.9745 47.7327
27.9748 47.6411
27.9754 47.686
27.9761 47.7253
27.9766 47.7596
27.9772 47.7896
27.9779 47.6909
27.9785 47.7296
27.9793 47.7634
27.9799 47.668
27.9802 47.7095
27.9805 47.7458
27.9808 47.6526
27.9811 47.696
27.9817 47.734
27.982 47.7672
27.9826 47.7963
27.9831 47.8218
27.9852 47.8441
27.9859 47.7386
27.9867 47.7712
27.9873 47.7998
27.9879 47.6999
27.9883 47.7374
27.9889 47.6452
27.9892 47.6895
27.9895 47.7284
27.9898 47.6373
27.9901 47.6826
27.9904 47.7223
27.9907 47.632
27.9912 47.678
27.9918 47.5933
27.9925 47.6441
27.9931 47.6886
27.9937 47.6025
27.994 47.6522
27.9943 47.6957
27.9946 47.6087
27.9952 47.6576
28.002 47.5754
28.0029 47.5035
28.0066 47.3156
28.0069 47.1511
28.0072 47.1322
28.0075 46.9907
28.0078 46.8669
28.0084 46.8835
28.0089 46.7731
28.0095 46.8014
28.0101 46.8263
28.0105 46.723
28.0114 46.7576
28.012 46.7879
28.0125 46.6894
28.0132 46.7282
28.0138 46.6372
28.0141 46.6826
28.0144 46.5972
28.0147 46.5226
28.015 46.5823
28.0153 46.5095
28.0156 46.4458
28.0161 46.5151
28.0179 46.5757
28.0187 46.6287
28.0193 46.6751
28.0199 46.5907
28.0205 46.6419
28.0208 46.5617
28.0214 46.6164
28.0221 46.6644
28.0226 46.5813
28.0232 46.6337
28.0239 46.5545
28.0245 46.6102
28.0253 46.6589
28.0259 46.5765
28.0262 46.6295
28.0265 46.5508
28.0268 46.4819
28.0271 46.5467
28.0277 46.4784
28.028 46.4186
28.0286 46.3662
28.029 46.4455
28.0313 46.6398
28.032 46.6848
28.0328 46.7242
28.0334 46.7587
28.034 46.6638
28.0344 46.7059
28.035 46.7426
28.0353 46.7748
28.0356 46.6779
28.0359 46.5932
28.0362 46.6441
28.0365 46.5635
28.0368 46.4931
28.0373 46.5565
28.0379 46.4869
28.0386 46.551
28.0392 46.6072
28.0398 46.5313
28.0401 46.5899
28.0404 46.5161
28.0407 46.4516
28.0413 46.5202
28.0481 47.3301
28.049 47.2889
28.0529 47.6278
28.0532 47.5493
28.0535 47.4806
28.0538 47.2955
28.0541 47.2586
28.0547 47.2263
28.0552 47.198
28.0558 47.1732
28.0564 47.1516
28.0568 47.0076
28.0577 47.0067
28.0583 47.0058
28.0588 46.8801
28.0595 46.8951
28.0601 46.9082
28.0604 46.9197
28.0607 46.8047
28.061 46.8291
28.0613 46.8505
28.0616 46.7442
28.0619 46.6512
28.0624 46.6948
28.0642 46.8579
28.0649 46.8757
28.0655 46.8912
28.0661 46.9048
28.0667 46.9167
28.067 46.9271
28.0676 46.9362
28.0684 46.9442
28.0688 46.8262
28.0694 46.8479
28.0702 46.8669
28.0708 46.8836
28.0715 46.8981
28.0721 46.9108
28.0724 46.922
28.0727 46.8067
28.073 46.8309
28.0733 46.852
28.0739 46.7455
28.0742 46.7773
28.0748 46.8052
28.0753 46.8295
28.0775 46.9758
28.0783 46.9789
28.079 46.9815
28.0796 46.9838
28.0802 46.9858
28.0808 46.9876
28.0813 46.9892
28.0817 46.8655
28.082 46.8823
28.0823 46.897
28.0826 46.9099
28.0829 46.7962
28.0832 46.8216
28.0835 46.8439
28.0841 46.8634
28.0849 46.8805
28.0855 46.8954
28.0861 46.9085
28.0865 46.92
28.0868 46.805
28.0871 46.8293
28.0876 46.8507
28.088 46.8693
28.095 46.7607
28.0959 46.7906
28.0998 46.8168
28.1001 46.8397
28.1004 46.8597
28.1007 46.8772
28.101 46.7676
28.1016 46.7966
28.102 46.8221
28.1026 46.8443
28.1032 46.8638
28.1037 46.8808
28.1046 46.8957
28.1052 46.9087
28.1056 46.9201
28.1064 46.9301
28.107 46.8139
28.1073 46.8371
28.1076 46.8575
28.1079 46.7503
28.1082 46.7815
28.1085 46.8088
28.1088 46.8327
28.1092 46.8536
28.111 46.8719
28.1118 46.8879
28.1124 46.9019
28.113 46.7892
28.1136 46.8155
28.1139 46.7136
28.1145 46.7494
28.1152 46.7807
28.1157 46.8081
28.1163 46.8321
28.117 46.8531
28.1176 46.8715
28.1184 46.8875
28.119 46.7766
28.1193 46.8045
28.1196 46.8289
28.1199 46.7253
28.1202 46.7597
28.1208 46.7897
28.1211 46.816
28.1217 46.839
28.1221 46.8591
28.1244 46.8767
28.1251 46.8921
28.1259 46.7806
28.1265 46.808
28.1272 46.832
28.1278 46.853
28.1283 46.8714
28.1287 46.8875
28.129 46.9015
28.1293 46.9138
28.1297 46.9246
28.13 46.934
28.1303 46.9423
28.1306 46.9495
28.1312 46.9558
28.1319 46.9613
28.1325 46.9662
28.1331 46.9704
28.1336 46.9741
28.1339 46.9773
28.1342 46.9802
28.1346 46.9826
28.1351 46.9848
28.142 46.9867
28.1429 46.9884
28.1469 46.9898
28.1472 46.9911
28.1475 46.9922
28.1478 46.9932
28.1481 47.119
28.1487 47.1042
28.1492 47.0911
28.1498 47.0797
28.1504 47.0698
28.1508 47.0611
28.1517 47.0534
28.1523 47.0467
28.1528 47.0409
28.1535 47.0358
28.1541 47.1563
28.1544 47.1368
28.1547 47.1197
28.155 47.2297
28.1553 47.201
28.1556 47.1759
28.1559 47.1539
28.1564 47.1347
28.1582 47.1178
28.1589 47.1031
28.1595 47.0902
28.1601 47.2039
28.1607 47.1784
28.161 47.2811
28.1616 47.246
28.1624 47.2152
28.1628 47.1883
28.1634 47.1648
28.1642 47.1442
28.1648 47.1262
28.1655 47.1104
28.1661 47.2216
28.1664 47.1939
28.1667 47.1697
28.167 47.2735
28.1674 47.2393
28.168 47.2094
28.1683 47.1832
28.1689 47.1603
28.1693 47.1403
28.1716 47.1227
28.1723 47.1074
28.1731 47.219
28.1737 47.1916
28.1744 47.1676
28.1749 47.1467
28.1755 47.1283
28.1758 47.1123
28.1761 47.0983
28.1764 47.086
28.1767 47.0752
28.177 47.0658
28.1773 47.0576
28.1777 47.0504
28.1783 47.0441
28.1791 47.1636
28.1797 47.1431
28.1803 47.1252
28.1806 47.1096
28.1809 47.0959
28.1812 47.0839
28.1818 47.0734
28.1822 47.0642
28.189 47.0562
28.1899 47.0492
28.1938 47.043
28.1941 47.0377
28.1944 47.0329
28.1947 47.0288
28.1951 47.0252
28.1956 47.0221
28.196 47.1443
28.1966 47.1263
28.1972 47.2355
28.1977 47.2061
28.1986 47.3053
28.1992 47.3921
28.1996 47.3431
28.2004 47.4252
28.201 47.3721
28.2013 47.3256
28.2016 47.2849
28.2019 47.2493
28.2022 47.2181
28.2025 47.1908
28.2028 47.167
28.2032 47.2711
28.2051 47.4872
28.2058 47.4263
28.2064 47.498
28.207 47.5608
28.2076 47.4907
28.2079 47.4293
28.2085 47.3757
28.2093 47.4537
28.2097 47.397
28.2103 47.4724
28.2111 47.5383
28.2117 47.471
28.2124 47.5372
28.213 47.595
28.2133 47.5206
28.2136 47.4556
28.2139 47.3986
28.2142 47.3488
28.2148 47.3052
28.2151 47.392
28.2157 47.343
28.2162 47.4252
28.2184 47.622
28.2192 47.6693
28.2199 47.5856
28.2205 47.5124
28.2213 47.5733
28.2217 47.5017
28.2223 47.564
28.2226 47.4935
28.2229 47.4318
28.2232 47.3778
28.2235 47.3306
28.2238 47.2893
28.2241 47.3781
28.2246 47.3308
28.2252 47.4145
28.2259 47.3627
28.2265 47.3173
28.2271 47.4027
28.2274 47.3523
28.2277 47.3083
28.228 47.3948
28.2286 47.3454
28.2291 47.4272
28.236 48.1238
28.2369 48.1084
28.2408 48.4698
28.2411 48.4111
28.2414 48.2347
28.2417 48.0804
28.2421 48.0703
28.2426 47.9365
28.2431 47.9445
28.2437 47.8264
28.2443 47.8481
28.2447 47.7421
28.2456 47.7743
28.2462 47.8025
28.2467 47.7022
28.2474 47.7394
28.248 47.772
28.2483 47.8005
28.2486 47.7004
28.2489 47.6129
28.2492 47.6613
28.2495 47.5786
28.2498 47.5063
28.2503 47.568
28.2521 47.747
28.2528 47.6536
28.2534 47.6969
28.254 47.7348
28.2546 47.643
28.2549 47.5626
28.2555 47.6173
28.2563 47.6651
28.2567 47.582
28.2573 47.6342
28.2581 47.6799
28.2587 47.5949
28.2594 47.6456
28.26 47.6899
28.2603 47.6036
28.2606 47.5282
28.2609 47.4622
28.2612 47.5294
28.2618 47.4632
28.2621 47.5303
28.2627 47.464
28.2632 47.531
28.2654 47.7146
28.2662 47.7503
28.2669 47.6565
28.2675 47.6995
28.2683 47.737
28.2687 47.6449
28.2693 47.6893
28.2696 47.6031
28.2699 47.5277
28.2702 47.5868
28.2705 47.5134
28.2708 47.4492
28.2711 47.5181
28.2716 47.4533
28.2722 47.5217
28.2729 47.4564
28.2735 47.5244
28.2741 47.5838
28.2744 47.5109
28.2747 47.447
28.275 47.5161
28.2756 47.4516
28.2761 47.5202
28.2833 48.3301
28.2842 48.4139
28.2881 48.8621
28.2884 48.7544
28.2887 48.5351
28.289 48.4682
28.2893 48.4097
28.2899 48.2335
28.2902 48.2043
28.2908 48.0537
28.2914 48.047
28.292 48.0411
28.2928 48.036
28.2934 48.0315
28.2938 47.9026
28.2943 47.9147
28.295 47.9254
28.2956 47.8097
28.2959 47.7085
28.2962 47.7449
28.2965 47.7768
28.2968 47.6797
28.2971 47.7198
28.2974 47.7548
28.2979 47.6604
28.2997 47.5779
28.3004 47.6306
28.301 47.6768
28.3016 47.5922
28.3022 47.6432
28.3025 47.6878
28.3031 47.7268
28.3039 47.636
28.3043 47.6815
28.3049 47.5963
28.3057 47.5217
28.3063 47.5815
28.307 47.6338
28.3076 47.5546
28.3079 47.4853
28.3082 47.5496
28.3085 47.6059
28.3088 47.5302
28.3094 47.5889
28.3097 47.5153
28.3103 47.5759
28.3108 47.5039
28.313 47.5659
28.3138 47.4952
28.3145 47.5583
28.3151 47.6135
28.3159 47.5368
28.3163 47.5947
28.3169 47.5204
28.3173 47.5803
28.3176 47.6328
28.3179 47.5537
28.3182 47.6095
28.3185 47.6583
28.3188 47.576
28.3192 47.629
28.3198 47.5504
28.3206 47.6066
28.3212 47.6558
28.3218 47.5738
28.3221 47.6271
28.3224 47.6737
28.3227 47.5895
28.3233 47.6408
28.3237 47.5607
28.3311 47.6156
28.332 47.5387
28.3359 47.4713
28.3362 47.5374
28.3365 47.5952
28.3368 47.5208
28.3371 47.5807
28.3377 47.6331
28.338 47.554
28.3386 47.6097
28.3393 47.6585
28.3399 47.5762
28.3407 47.6292
28.3413 47.6755
28.3417 47.7161
28.3422 47.7516
28.3429 47.6576
28.3435 47.7004
28.3438 47.7379
28.3441 47.7706
28.3444 47.7993
28.3447 47.8244
28.345 47.8463
28.3453 47.8655
28.3458 47.8824
28.3476 47.8971
28.3483 47.9099
28.3489 47.7962
28.3495 47.8217
28.3501 47.844
28.3504 47.8635
28.351 47.8805
28.3518 47.8955
28.3522 47.9085
28.3528 47.92
28.3536 47.93
28.3542 47.9387
28.355 47.8214
28.3556 47.8437
28.3559 47.8632
28.3562 47.8803
28.3565 47.8953
28.3568 47.9084
28.3574 47.9198
28.3577 47.9299
28.3583 47.9386
28.3587 47.9463
28.361 47.828
28.3617 47.8495
28.3625 47.8683
28.3631 47.8848
28.3638 47.8992
28.3643 47.9118
28.3649 47.9228
28.3652 47.9325
28.3655 47.9409
28.3658 47.9483
28.3661 47.9547
28.3664 47.9604
28.3667 47.9654
28.3671 47.9697
28.3677 47.9735
28.3685 47.9768
28.3691 47.9797
28.3697 47.9822
28.37 47.8594
28.3703 47.877
28.3706 47.8924
28.3712 47.9058
28.3716 47.9176
28.379 47.8029
28.38 47.9525
28.3839 47.9585
28.3842 47.9637
28.3845 47.9682
28.3848 47.9722
28.3851 47.9757
28.3857 47.9787
28.386 48.1064
28.3866 48.0931
28.3874 48.0814
28.388 48.0713
28.3887 48.0623
28.3893 48.0546
28.3896 48.0477
28.3902 48.0418
28.391 48.0365
28.3914 48.032
28.3917 48.028
28.392 48.1495
28.3924 48.1308
28.3927 48.1144
28.393 48.1001
28.3933 48.0876
28.3939 48.0767
28.3955 48.3171
28.3963 48.4024
28.3969 48.3521
28.3975 48.4331
28.3981 48.504
28.3984 48.441
28.399 48.3859
28.3997 48.3376
28.4002 48.4204
28.4008 48.3679
28.4015 48.4469
28.4021 48.516
28.4029 48.4515
28.4035 48.5201
28.4038 48.4551
28.4041 48.5232
28.4044 48.4578
28.4047 48.4006
28.4053 48.4755
28.4056 48.4161
28.4062 48.489
28.4066 48.4279
28.4089 48.6244
28.4096 48.6714
28.4104 48.7125
28.411 48.6234
28.4117 48.5455
28.4122 48.6023
28.4128 48.527
28.4131 48.5861
28.4134 48.5129
28.4137 48.4487
28.414 48.3927
28.4143 48.3436
28.4146 48.3006
28.415 48.388
28.4156 48.3395
28.4164 48.4221
28.417 48.3693
28.4176 48.3232
28.4179 48.2828
28.4182 48.3724
28.4185 48.3259
28.4191 48.4101
28.4195 48.3589
28.4267 49.189
28.4278 49.1654
28.4317 49.3947
28.432 49.3454
28.4323 49.1772
28.4326 49.03
28.4329 48.9013
28.4335 48.7886
28.4338 48.6901
28.4344 48.6038
28.4352 48.6533
28.4358 48.5717
28.4365 48.6252
28.4371 48.672
28.4374 48.588
28.438 48.6395
28.4388 48.5596
28.4392 48.6146
28.4395 48.5378
28.4398 48.4706
28.4401 48.4118
28.4404 48.3603
28.4407 48.3153
28.441 48.4008
28.4416 48.3507
28.4433 48.5569
28.444 48.6123
28.4448 48.5357
28.4454 48.5938
28.446 48.5196
28.4463 48.4546
28.4469 48.3978
28.4476 48.4731
28.4481 48.5389
28.4487 48.4716
28.4494 48.5376
28.45 48.5954
28.4508 48.521
28.4514 48.5809
28.4517 48.5083
28.452 48.4447
28.4523 48.3891
28.4526 48.3405
28.4532 48.4229
28.4535 48.3701
28.4541 48.4488
28.4545 48.3927
28.4568 48.5936
28.4575 48.6444
28.4583 48.6889
28.4589 48.6028
28.4596 48.6524
28.4601 48.6959
28.4607 48.6089
28.461 48.5328
28.4613 48.4662
28.4616 48.4079
28.4619 48.3569
28.4622 48.4373
28.4625 48.3826
28.4629 48.3348
28.4635 48.293
28.4643 48.3813
28.4649 48.3337
28.4655 48.417
28.4658 48.3648
28.4661 48.4442
28.4664 48.3887
28.467 48.3401
28.4674 48.2976
28.4747 49.1354
28.4757 49.1185
28.4798 49.4787
28.4801 49.4188
28.4804 49.2415
28.4807 49.0863
28.481 48.9505
28.4816 48.9567
28.4819 48.8371
28.4825 48.8575
28.4832 48.8753
28.4838 48.7659
28.4846 48.7951
28.4852 48.8207
28.4855 48.7182
28.4861 48.7534
28.4868 48.6592
28.4873 48.7018
28.4876 48.6141
28.4879 48.5373
28.4882 48.5952
28.4885 48.5208
28.4888 48.4557
28.4891 48.5237
28.4897 48.4582
28.49 48.401
28.4918 48.3508
28.4925 48.307
28.4933 48.3936
28.4939 48.3444
28.4945 48.4264
28.4948 48.3731
28.4954 48.4514
28.4961 48.52
28.4966 48.455
28.4972 48.5231
28.4979 48.4577
28.4985 48.4005
28.4993 48.4755
28.4999 48.416
28.5002 48.489
28.5005 48.5529
28.5008 48.4838
28.5011 48.5483
28.5017 48.4798
28.502 48.4198
28.5026 48.3673
28.503 48.4464
28.5053 48.5156
28.5061 48.5762
28.5068 48.5041
28.5074 48.5661
28.5082 48.6204
28.5086 48.5428
28.5092 48.6
28.5095 48.65
28.5098 48.5687
28.5101 48.6226
28.5104 48.6698
28.5107 48.5861
28.511 48.6378
28.5115 48.6831
28.5121 48.7227
28.5128 48.6324
28.5134 48.6783
28.514 48.7185
28.5143 48.7537
28.5146 48.6595
28.5149 48.5771
28.5155 48.6299
28.516 48.5512
28.5233 48.6073
28.5244 48.6564
28.5284 48.6993
28.5287 48.6119
28.529 48.6604
28.5293 48.7029
28.5296 48.74
28.5302 48.7725
28.5305 48.8009
28.5311 48.8258
28.5319 48.7226
28.5325 48.7573
28.5332 48.7876
28.5338 48.6892
28.5341 48.728
28.5347 48.637
28.5355 48.6824
28.5359 48.5971
28.5362 48.6475
28.5365 48.6915
28.5368 48.6051
28.5371 48.6544
28.5374 48.6976
28.5377 48.6104
28.5383 48.6591
28.5386 48.7017
28.5404 48.739
28.5412 48.7716
28.5419 48.6752
28.5425 48.7158
28.5432 48.7513
28.5435 48.7824
28.5441 48.8096
28.5448 48.7084
28.5453 48.7448
28.5459 48.6517
28.5466 48.6953
28.5472 48.7334
28.548 48.6417
28.5486 48.6865
28.5489 48.6007
28.5492 48.6506
28.5495 48.6943
28.5498 48.6075
28.5504 48.6565
28.5508 48.6995
28.5514 48.737
28.5519 48.6449
28.5541 48.6893
28.5549 48.6031
28.5556 48.6527
28.5562 48.6961
28.557 48.6091
28.5574 48.658
28.558 48.7007
28.5583 48.7381
28.5586 48.7709
28.5589 48.6745
28.5592 48.7152
28.5595 48.7508
28.5598 48.6569
28.5603 48.6998
28.5609 48.6124
28.5616 48.6608
28.5622 48.7032
28.5628 48.6153
28.5631 48.6634
28.5634 48.7055
28.5637 48.7423
28.5643 48.7745
28.5648 48.8027
28.5721 48.8273
28.5732 48.8489
28.5774 48.8678
28.5777 48.8843
28.578 48.7738
28.5783 48.8021
28.5786 48.8268
28.5792 48.8485
28.5795 48.8674
28.5801 48.884
28.5809 48.8985
28.5815 48.9112
28.5822 48.9223
28.5828 48.932
28.5831 48.9405
28.5837 48.9479
28.5845 48.9544
28.5849 48.9601
28.5852 48.9651
28.5855 48.9695
28.5858 48.9733
28.5861 48.9766
28.5864 48.9795
28.5867 48.9821
28.5873 48.9843
28.5876 48.9863
28.5894 48.988
28.5902 48.9895
28.5908 48.9908
28.5914 49.117
28.592 49.1023
28.5924 49.0896
28.5929 49.0784
28.5936 49.0686
28.5942 49.185
28.5947 49.1619
28.5954 49.2666
28.596 49.3583
28.5968 49.3135
28.5974 49.3993
28.5978 49.3494
28.5981 49.4307
28.5984 49.3769
28.5987 49.3298
28.5992 49.4136
28.5996 49.3619
28.6002 49.4416
28.6007 49.3864
28.6029 49.5881
28.6037 49.5146
28.6044 49.5753
28.605 49.6284
28.6058 49.5498
28.6062 49.6061
28.6068 49.5303
28.6071 49.464
28.6074 49.406
28.6077 49.3553
28.608 49.4359
28.6083 49.3814
28.6086 49.3337
28.6091 49.417
28.6097 49.3649
28.6104 49.4443
28.611 49.5137
28.6116 49.4495
28.6119 49.3933
28.6122 49.3442
28.6125 49.3011
28.6131 49.3885
28.6136 49.3399
28.6208 50.1724
28.6219 50.0259
28.6261 50.3976
28.6264 50.2229
28.6267 50.0701
28.627 49.9363
28.6273 49.8193
28.6279 49.7169
28.6282 49.6273
28.6288 49.5488
28.6295 49.4802
28.6301 49.5452
28.6309 49.4771
28.6315 49.4174
28.6318 49.3652
28.6324 49.3196
28.6331 49.4046
28.6336 49.3541
28.6339 49.3098
28.6342 49.2711
28.6345 49.2372
28.6348 49.2075
28.6351 49.1816
28.6354 49.1589
28.636 49.139
28.6363 49.1217
28.6381 49.3564
28.6388 49.3119
28.6394 49.2729
28.64 49.3638
28.6406 49.3183
28.6411 49.4035
28.6415 49.3531
28.6423 49.4339
28.6429 49.3797
28.6433 49.3322
28.6441 49.4157
28.6447 49.3637
28.6454 49.3183
28.646 49.4035
28.6465 49.3531
28.6468 49.3089
28.6471 49.2703
28.6474 49.2365
28.6478 49.207
28.6483 49.1811
28.6489 49.1584
28.6493 49.1386
28.6516 49.3713
28.6523 49.4499
28.6531 49.5187
28.6537 49.4538
28.6546 49.3971
28.655 49.4725
28.6557 49.4134
28.656 49.3617
28.6563 49.3165
28.6566 49.2769
28.6569 49.2423
28.6572 49.212
28.6575 49.1855
28.6579 49.1623
28.6585 49.142
28.6593 49.2493
28.6599 49.2181
28.6605 49.1909
28.6608 49.167
28.6611 49.2711
28.6614 49.2372
28.662 49.2076
28.6624 49.1816
28.6696 50.0339
28.6707 50.0297
28.6749 50.401
28.6753 50.2259
28.6756 50.0726
28.6759 49.9385
28.6762 49.9462
28.6768 49.8279
28.6771 49.8495
28.6777 49.7433
28.6785 49.7754
28.6791 49.8034
28.6798 49.703
28.6804 49.7401
28.6807 49.6476
28.6813 49.6917
28.6821 49.7302
28.6825 49.6389
28.6828 49.5591
28.6831 49.6142
28.6834 49.5374
28.6837 49.4702
28.684 49.5365
28.6843 49.4694
28.6849 49.4107
28.6852 49.4844
28.687 49.6738
28.6878 49.5896
28.6884 49.6409
28.689 49.5608
28.6896 49.4907
28.69 49.5544
28.6903 49.4851
28.6909 49.4244
28.6917 49.3714
28.6921 49.4499
28.6928 49.3937
28.6935 49.3445
28.6941 49.4264
28.6949 49.3731
28.6955 49.3265
28.6958 49.2857
28.6961 49.375
28.6964 49.3281
28.6967 49.2871
28.6973 49.3762
28.6977 49.3292
28.6982 49.413
28.6988 49.3614
28.701 49.4412
28.7018 49.3861
28.7025 49.3378
28.7031 49.4206
28.704 49.493
28.7045 49.4314
28.7051 49.5025
28.7054 49.5647
28.7057 49.4941
28.706 49.4323
28.7063 49.5033
28.7066 49.4404
28.7069 49.3853
28.7073 49.4622
28.7079 49.4044
28.7087 49.3538
28.7093 49.4346
28.7099 49.3803
28.7102 49.4577
28.7105 49.4005
28.7108 49.3505
28.7114 49.4317
28.7118 49.3777
28.7192 49.4555
28.7202 49.5235
28.7244 49.5831
28.7249 49.5102
28.7252 49.5714
28.7255 49.625
28.7258 49.5469
28.7264 49.6035
28.7267 49.5281
28.7273 49.5871
28.728 49.6387
28.7286 49.5588
28.7294 49.614
28.73 49.5372
28.7303 49.5951
28.7309 49.5207
28.7317 49.4556
28.7321 49.5237
28.7324 49.5832
28.7327 49.5103
28.733 49.5715
28.7333 49.6251
28.7336 49.5469
28.7339 49.4786
28.7345 49.5437
28.7348 49.4758
28.7366 49.4163
28.7374 49.4893
28.738 49.4281
28.7386 49.4996
28.7392 49.5621
28.7396 49.4919
28.7399 49.4304
28.7405 49.5016
28.7413 49.5639
28.7417 49.4934
28.7423 49.5567
28.7431 49.6121
28.7437 49.5356
28.7444 49.5937
28.745 49.6445
28.7453 49.6889
28.7456 49.6028
28.7459 49.5274
28.7462 49.5865
28.7468 49.5132
28.7473 49.574
28.7477 49.5023
28.7483 49.5645
28.7506 49.4939
28.7513 49.5572
28.7521 49.6125
28.7527 49.536
28.7536 49.469
28.754 49.5354
28.7546 49.4684
28.7549 49.4099
28.7552 49.4836
28.7555 49.5482
28.7558 49.4797
28.7561 49.5447
28.7564 49.6016
28.7569 49.5264
28.7575 49.5856
28.7582 49.6374
28.7588 49.5577
28.7594 49.613
28.7597 49.5364
28.76 49.5943
28.7603 49.645
28.7609 49.5644
28.7614 49.6189
28.7683 49.5415
28.7686 49.3488
28.7727 49.1802
28.7731 49.1577
28.7734 49.013
28.7737 48.8864
28.774 48.9006
28.7746 48.788
28.7749 48.6895
28.7755 48.6033
28.7763 48.5279
28.7769 48.4619
28.7776 48.4042
28.7782 48.4786
28.7785 48.4188
28.7791 48.4915
28.7799 48.43
28.7803 48.3763
28.7806 48.3292
28.7809 48.2881
28.7812 48.2521
28.7815 48.2206
28.7818 48.193
28.7821 48.2939
28.7827 48.2571
28.783 48.35
28.7848 48.3062
28.7856 48.268
28.7862 48.3595
28.7868 48.3145
28.7874 48.2752
28.7878 48.2408
28.7881 48.3357
28.7887 48.2937
28.7895 48.257
28.7899 48.2249
28.7904 48.3218
28.7911 48.4066
28.7917 48.3557
28.7925 48.4363
28.7931 48.5067
28.7935 48.4434
28.7938 48.388
28.7941 48.4645
28.7944 48.5314
28.7949 48.465
28.7953 48.5319
28.7959 48.4654
28.7964 48.5322
28.7986 48.7157
28.7994 48.7512
28.8001 48.7823
28.8007 48.6845
28.8016 48.724
28.8022 48.7585
28.8027 48.6637
28.8031 48.7057
28.8034 48.7425
28.8037 48.6497
28.804 48.6935
28.8043 48.7318
28.8046 48.6403
28.8049 48.5603
28.8056 48.6152
28.8063 48.6633
28.8069 48.5804
28.8075 48.6329
28.808 48.5538
28.8083 48.6095
28.8086 48.5333
28.809 48.5917
28.8095 48.6427
28.8164 49.4374
28.8167 49.2577
28.8206 49.6005
28.8212 49.5254
28.8215 49.3347
28.8218 49.1679
28.8221 49.1469
28.8227 49.0036
28.823 48.8781
28.8236 48.8933
28.8243 48.9067
28.8249 48.7933
28.8257 48.8192
28.8263 48.8418
28.8266 48.7366
28.8272 48.7695
28.8279 48.6733
28.8284 48.7141
28.8287 48.6249
28.829 48.5468
28.8293 48.6034
28.8296 48.528
28.8299 48.462
28.8302 48.5292
28.8308 48.4631
28.8311 48.5302
28.8329 48.5889
28.8336 48.6403
28.8342 48.6853
28.8348 48.5996
28.8354 48.6497
28.8359 48.5684
28.8362 48.6224
28.8368 48.5446
28.8375 48.6015
28.838 48.5263
28.8384 48.5855
28.8392 48.6373
28.8398 48.5577
28.8405 48.613
28.8411 48.6613
28.8416 48.5787
28.8419 48.5063
28.8422 48.568
28.8425 48.497
28.8429 48.4349
28.8434 48.5055
28.844 48.5674
28.8445 48.6214
28.8467 48.7938
28.8475 48.8195
28.8482 48.8421
28.8488 48.7368
28.8497 48.7697
28.8503 48.7985
28.8508 48.6987
28.8512 48.7364
28.8515 48.6443
28.8518 48.5638
28.8521 48.6183
28.8524 48.541
28.8527 48.4734
28.853 48.5392
28.8536 48.5968
28.8544 48.6472
28.855 48.5663
28.8556 48.6205
28.856 48.668
28.8563 48.7095
28.8566 48.6208
28.8571 48.6682
28.8575 48.5847
28.8644 49.3866
28.8649 49.2133
28.8686 49.5616
28.8694 49.4914
28.8698 49.305
28.8701 49.2668
28.8704 49.2335
28.871 49.2043
28.8713 49.1788
28.8719 49.1564
28.8727 49.1369
28.8733 49.1198
28.874 49.2298
28.8746 49.2011
28.8749 49.0509
28.8755 49.0446
28.8763 49.039
28.8767 49.0341
28.877 49.0299
28.8773 49.0261
28.8776 49.0229
28.8779 48.895
28.8782 48.9081
28.8785 48.9196
28.8791 48.9297
28.8794 48.9384
28.8813 49.0711
28.882 49.1872
28.8826 49.1638
28.8832 49.1434
28.8838 49.1254
28.8843 49.1098
28.8846 49.096
28.8852 49.084
28.8859 49.0735
28.8864 49.0643
28.8868 49.0563
28.8876 49.0493
28.8882 49.0431
28.8889 49.0377
28.8895 49.033
28.89 48.9039
28.8903 48.9159
28.8906 48.9264
28.8909 48.8106
28.8913 48.8343
28.8918 48.855
28.8924 48.8731
28.8928 48.764
28.8951 49.0435
28.8958 49.038
28.8966 49.0333
28.8972 49.0291
28.8978 49.0255
28.8985 49.0223
28.899 48.8945
28.8996 48.9077
28.8999 48.7942
28.9002 48.82
28.9005 48.8425
28.9008 48.7372
28.9011 48.77
28.9014 48.7988
28.9018 48.6989
28.9024 48.7365
28.9032 48.7695
28.9038 48.7983
28.9044 48.8235
28.9047 48.7206
28.905 48.6305
28.9053 48.6767
28.9059 48.5921
28.9063 48.6431
28.9132 48.6877
28.9137 48.7267
28.9174 48.7609
28.9182 48.7908
28.9185 48.8169
28.9188 48.7148
28.9191 48.7505
28.9197 48.6567
28.92 48.6996
28.9206 48.7371
28.9214 48.77
28.922 48.6737
28.9227 48.5895
28.9233 48.6408
28.9236 48.6857
28.9242 48.725
28.925 48.6344
28.9254 48.6801
28.9257 48.5951
28.926 48.6457
28.9263 48.69
28.9266 48.7287
28.9269 48.6376
28.9272 48.6829
28.9278 48.5976
28.9281 48.6479
28.9299 48.5669
28.9307 48.496
28.9313 48.559
28.9319 48.4891
28.9325 48.553
28.9329 48.4839
28.9332 48.5484
28.9338 48.4798
28.9346 48.5449
28.935 48.6018
28.9355 48.6515
28.9362 48.6951
28.9368 48.6082
28.9376 48.6572
28.9382 48.7
28.9386 48.7375
28.9389 48.6453
28.9392 48.6897
28.9395 48.7285
28.94 48.6374
28.9404 48.6827
28.9407 48.5974
28.941 48.6477
28.9413 48.3167
28.9418 48.0272
28.9425 47.7738
28.9431 47.552
28.9437 47.358
28.9445 47.1883
28.9449 47.0397
28.9455 46.9098
28.9458 46.7961
28.9461 46.6965
28.9464 46.6095
28.9467 46.5333
28.947 46.4666
28.9473 46.4083
28.9478 46.3573
28.9484 46.3126
28.9491 46.2735
28.9497 46.2393
28.9503 46.2094
28.9506 46.1832
28.9509 46.1603
28.9512 46.1403
28.9518 46.1228
28.9523 46.1074
28.9592 46.094
28.9598 46.0822
28.9636 46.072
28.9643 46.063
28.9646 46.0551
28.9649 46.0482
28.9652 46.0422
28.9658 46.0369
28.9661 46.0323
28.9667 46.0283
28.9675 46.0247
28.9681 46.1466
28.9688 46.1283
28.9694 46.1123
28.9697 46.0982
28.9703 46.086
28.9711 46.2002
28.9715 46.1752
28.9718 46.1533
28.9721 46.1341
28.9724 46.1174
28.9727 46.1027
28.973 46.2149
28.9733 46.188
28.9739 46.1645
28.9742 46.1439
28.976 46.2509
28.9768 46.2196
28.9774 46.1921
28.978 46.1681
28.9786 46.1471
28.979 46.2537
28.9793 46.222
28.9799 46.1942
28.9807 46.17
28.9811 46.1487
28.9816 46.1301
28.9823 46.1139
28.9829 46.0996
28.9837 46.0872
28.9843 46.0763
28.9847 46.0667
28.985 46.1834
28.9853 46.1605
28.9856 46.1404
28.9861 46.2479
28.9865 46.2169
28.9868 46.1898
28.9871 46.166
28.9874 46.1453
28.9879 46.1271
28.9886 46.1112
28.9892 46.0973
28.9898 46.0852
28.9906 46.0745
28.991 46.1902
28.9916 46.1664
28.9919 46.1456
28.9922 46.1274
28.9925 46.1115
28.9928 46.0976
28.9931 46.0854
28.9935 46.0747
28.9939 46.0654
28.9945 46.0572
28.9953 46.05
28.9959 46.0438
28.9965 46.0383
28.9968 46.0335
28.9971 46.1543
28.9974 46.26
28.9978 46.2275
28.9983 46.3241
29.0116 47.9086
29.0121 47.295
29.0125 46.7581
29.0133 46.2884
29.0139 45.7523
29.0142 45.4083
29.0145 45.1072
29.0148 44.7188
29.0151 44.504
29.0154 44.316
29.0157 44.0265
29.0161 43.8982
29.0166 43.7859
29.0182 43.8127
29.019 43.5861
29.0196 43.5128
29.0202 43.4487
29.0208 43.3926
29.0214 43.3435
29.0217 43.1756
29.0221 43.1537
29.0229 43.1344
29.0235 43.1176
29.0238 42.9779
29.0245 42.9807
29.0251 42.9831
29.0259 42.9852
29.0265 42.9871
29.0271 42.9887
29.0274 42.9901
29.0277 42.8663
29.028 42.758
29.0283 42.7883
29.0289 42.6897
29.0292 42.7285
29.0295 42.7625
29.0298 42.6672
29.0301 42.7088
29.0309 42.7452
29.0315 42.777
29.0321 42.8049
29.0328 42.8293
29.0334 42.8506
29.0339 42.7443
29.0343 42.7763
29.0346 42.8042
29.0349 42.7037
29.0352 42.7407
29.0355 42.7731
29.0358 42.6765
29.0361 42.7169
29.0367 42.7523
29.0375 42.7833
29.0381 42.8104
29.0387 42.8341
29.0391 42.8548
29.0394 42.873
29.0397 42.7638
29.04 42.7934
29.0406 42.8192
29.0541 44.4668
29.0547 44.2834
29.055 44.123
29.0558 43.9826
29.0564 43.8598
29.0568 43.7523
29.0571 43.6583
29.0574 43.576
29.0577 43.504
29.058 43.441
29.0583 43.3859
29.0586 43.3376
29.0592 43.2954
29.0607 43.3835
29.0615 43.3356
29.0621 43.4186
29.0627 43.3663
29.0633 43.3205
29.0639 43.2804
29.0643 43.2454
29.0646 43.2147
29.0654 43.1879
29.066 43.1644
29.0664 43.1438
29.067 43.2509
29.0676 43.2195
29.0684 43.1921
29.069 43.2931
29.0696 43.2564
29.0701 43.2244
29.0704 43.1963
29.0707 43.1718
29.071 43.1503
29.0714 43.1315
29.0719 43.1151
29.0722 43.1007
29.0725 43.0881
29.0728 43.0771
29.0734 43.0675
29.074 43.059
29.0746 43.0516
29.0753 43.0452
29.0759 43.0395
29.0764 43.0346
29.077 43.0303
29.0773 43.0265
29.0776 43.0232
29.0779 43.0203
29.0782 43.0177
29.0785 43.0155
29.0788 43.0136
29.0791 43.0119
29.0797 43.0104
29.0804 43.0091
29.081 43.008
29.0816 43.007
29.0821 43.0061
29.0824 43.0053
29.0827 43.0047
29.083 42.8791
29.0836 42.8942
29.0969 42.7824
29.0974 42.8096
29.0978 42.7084
29.0986 42.7449
29.0992 42.7768
29.0995 42.8047
29.0998 42.7041
29.1001 42.7411
29.1004 42.7734
29.1007 42.6768
29.101 42.5922
29.1014 42.6431
29.1019 42.5627
29.1035 42.6174
29.1043 42.6652
29.1049 42.5821
29.1055 42.6343
29.1061 42.68
29.1067 42.72
29.107 42.755
29.1075 42.7856
29.1082 42.8124
29.1088 42.8359
29.1091 42.8564
29.1099 42.7493
29.1105 42.7807
29.1112 42.8081
29.1118 42.7071
29.1124 42.7437
29.1127 42.6507
29.113 42.6944
29.1133 42.7326
29.1136 42.766
29.1142 42.7953
29.1145 42.8209
29.1148 42.7182
29.1151 42.7535
29.1154 42.7843
29.1162 42.8112
29.1168 42.8348
29.1174 42.8555
29.1181 42.8735
29.1187 42.8894
29.1192 42.9032
29.1196 42.9153
29.1199 42.8009
29.1202 42.8258
29.1205 42.8475
29.1208 42.7416
29.1211 42.7739
29.1214 42.8022
29.1219 42.7019
29.1225 42.7392
29.1232 42.7718
29.1238 42.6753
29.1244 42.7159
29.1247 42.6264
29.125 42.6731
29.1253 42.714
29.1258 42.7497
29.1264 42.781
29.1399 42.8084
29.1402 42.8323
29.1408 42.8533
29.1415 42.8716
29.142 42.7627
29.1423 42.7923
29.1426 42.8183
29.1429 42.716
29.1432 42.7515
29.1435 42.7826
29.1438 42.8097
29.1444 42.8335
29.1449 42.8543
29.1465 42.8725
29.1473 42.8885
29.1479 42.9024
29.1485 42.9146
29.1491 42.9253
29.1495 42.9346
29.1498 42.8178
29.1504 42.8406
29.1512 42.8605
29.1516 42.8779
29.1521 42.8932
29.1528 42.9065
29.1534 42.9182
29.1542 42.9284
29.1548 42.9374
29.1552 42.9452
29.1555 42.9521
29.1558 42.8331
29.1561 42.8539
29.1566 42.8722
29.157 42.8882
29.1573 42.9021
29.1576 42.9144
29.1579 42.8001
29.1584 42.8251
29.1591 42.8469
29.1597 42.8661
29.1603 42.8828
29.1611 42.8975
29.1615 42.9103
29.1621 42.9215
29.1624 42.9313
29.1627 42.9399
29.163 42.9474
29.1633 42.954
29.1636 42.9597
29.1639 42.8398
29.1642 42.8598
29.1648 42.8773
29.1654 42.8927
29.1662 42.9061
29.1668 42.9178
29.1672 42.9281
29.1675 42.9371
29.1678 42.8199
29.1681 42.8424
29.1687 42.8621
29.1692 43.0044
29.1829 44.6288
29.1833 44.5502
29.1838 44.3564
29.1845 44.3119
29.1851 44.2729
29.1854 44.2388
29.1857 44.0839
29.186 44.0734
29.1863 44.0643
29.1866 43.9312
29.1869 43.8148
29.1874 43.838
29.1878 43.7332
29.1895 43.8916
29.1902 43.9051
29.1908 43.792
29.1914 43.818
29.192 43.8407
29.1926 43.7356
29.1929 43.6437
29.1934 43.6882
29.1941 43.7272
29.1947 43.6363
29.195 43.6818
29.1958 43.5965
29.1964 43.647
29.1971 43.6911
29.1977 43.6047
29.1983 43.6541
29.1986 43.5724
29.1989 43.5008
29.1992 43.5632
29.1995 43.4928
29.2001 43.5562
29.2004 43.4867
29.2007 43.4258
29.201 43.4976
29.2013 43.5604
29.2021 43.6154
29.2027 43.5384
29.2033 43.5961
29.204 43.6466
29.2046 43.5658
29.2051 43.6201
29.2055 43.5426
29.2058 43.4747
29.2061 43.5404
29.2064 43.4728
29.2067 43.4137
29.207 43.487
29.2073 43.5511
29.2078 43.4822
29.2084 43.547
29.2091 43.6036
29.2097 43.5281
29.2103 43.5871
29.2106 43.5137
29.2109 43.4495
29.2112 43.5183
29.2117 43.4535
29.2121 43.5218
29.226 45.0816
29.2266 44.9464
29.2269 44.7031
29.2276 44.6152
29.2284 44.5383
29.2288 44.346
29.2291 44.3028
29.2294 44.2649
29.2297 44.1068
29.23 44.0935
29.2303 44.0818
29.2306 44.0716
29.2312 44.0626
29.2327 44.1798
29.2335 44.1573
29.2341 44.1376
29.2347 44.1204
29.2353 44.1054
29.2359 43.9672
29.2363 43.9713
29.2366 43.9749
29.2374 43.978
29.238 43.8558
29.2384 43.8738
29.239 43.8896
29.2396 43.9034
29.2404 43.9155
29.241 43.801
29.2416 43.8259
29.242 43.8477
29.2423 43.8667
29.2426 43.8834
29.2429 43.7729
29.2434 43.8013
29.2438 43.7012
29.2441 43.7385
29.2444 43.7712
29.2447 43.6748
29.2453 43.7154
29.2459 43.626
29.2465 43.6728
29.2473 43.7137
29.2479 43.6245
29.2483 43.6714
29.2489 43.5875
29.2492 43.639
29.2495 43.6842
29.2498 43.5986
29.2501 43.6488
29.2504 43.6927
29.2507 43.6061
29.251 43.6554
29.2516 43.6984
29.2524 43.7361
29.253 43.6441
29.2536 43.6886
29.254 43.7275
29.2543 43.7616
29.2546 43.7914
29.2549 43.6925
29.2555 43.7309
29.2694 45.3895
29.27 45.2158
29.2704 45.0639
29.271 45.0559
29.2718 44.9239
29.2722 44.8084
29.2725 44.7074
29.2728 44.4939
29.2731 44.4322
29.2734 44.3782
29.2737 44.2059
29.274 44.1802
29.2746 44.1576
29.2749 44.0129
29.2766 44.0113
29.2773 44.0099
29.2779 43.8837
29.2785 43.8982
29.2791 43.9109
29.2797 43.9221
29.28 43.9318
29.2805 43.9403
29.2812 43.9478
29.2818 43.9543
29.2821 43.96
29.2829 43.84
29.2835 43.86
29.2842 43.8775
29.2848 43.8928
29.2854 43.9062
29.2857 43.7929
29.286 43.8188
29.2863 43.8415
29.2866 43.8613
29.2872 43.8786
29.2875 43.8938
29.2878 43.7821
29.2881 43.8093
29.2884 43.8331
29.2892 43.854
29.2898 43.8723
29.2904 43.8882
29.2911 43.9022
29.2917 43.9144
29.2922 43.9251
29.2926 43.9345
29.2929 43.8177
29.2932 43.8405
29.2935 43.8604
29.2939 43.7528
29.2942 43.7837
29.2945 43.8108
29.2949 43.7094
29.2955 43.7457
29.2963 43.7775
29.2969 43.8053
29.2975 43.8297
29.2978 43.726
29.2981 43.7602
29.2984 43.7902
29.2988 43.8164
29.2993 43.8394
29.3131 43.8594
29.3137 43.877
29.314 43.7674
29.3147 43.6715
29.3155 43.7125
29.3158 43.6235
29.3161 43.6705
29.3164 43.7117
29.3167 43.6227
29.317 43.5449
29.3173 43.6018
29.3177 43.5266
29.3182 43.5857
29.3186 43.6375
29.3203 43.6828
29.321 43.7225
29.3218 43.7572
29.3224 43.7875
29.323 43.6891
29.3234 43.7279
29.3237 43.637
29.3243 43.6823
29.3251 43.722
29.3255 43.7568
29.326 43.6622
29.3267 43.7044
29.3273 43.7414
29.3281 43.7737
29.3287 43.802
29.3291 43.8267
29.3294 43.8484
29.3297 43.7423
29.33 43.7745
29.3305 43.8027
29.3309 43.7024
29.3313 43.7396
29.3316 43.7721
29.3319 43.6756
29.3323 43.7162
29.3331 43.7516
29.3337 43.7827
29.3343 43.8099
29.335 43.8336
29.3355 43.8544
29.3361 43.8726
29.3364 43.8885
29.3367 43.9025
29.337 43.7897
29.3373 43.816
29.3376 43.839
29.3379 43.7341
29.3382 43.7673
29.3388 43.7964
29.3394 43.8219
29.3401 43.8441
29.3407 43.8636
29.3412 43.8807
29.3415 43.8956
29.3418 43.7836
29.3421 43.8107
29.3427 43.8343
29.3431 43.855
29.3571 43.8732
29.3575 43.889
29.358 43.9029
29.3587 43.915
29.3593 43.9256
29.3596 43.9349
29.3599 43.8181
29.3602 43.8408
29.3605 43.8607
29.3608 43.8781
29.3611 43.8934
29.3617 43.9067
29.362 43.9184
29.3626 43.9286
29.3643 43.9375
29.365 43.9453
29.3656 43.9521
29.3662 44.0831
29.3668 44.0727
29.3674 44.1886
29.3677 44.1651
29.3682 44.2694
29.369 44.2357
29.3696 44.2063
29.3699 44.1805
29.3706 44.2829
29.3712 44.3726
29.372 44.326
29.3726 44.2852
29.3732 44.3746
29.3735 44.3278
29.3738 44.2868
29.3741 44.3759
29.3744 44.3289
29.375 44.2878
29.3753 44.3769
29.3756 44.3297
29.3759 44.2885
29.3762 44.3775
29.3769 44.3303
29.3775 44.289
29.3781 44.3779
29.3789 44.3306
29.3795 44.2893
29.3799 44.2531
29.3804 44.2215
29.3807 44.1938
29.381 44.1696
29.3813 44.2734
29.3816 44.2392
29.3819 44.2093
29.3822 44.3081
29.3826 44.2696
29.3832 44.3609
29.384 44.3158
29.3846 44.2763
29.3852 44.3668
29.3855 44.3209
29.3858 44.2808
29.3861 44.3707
29.3865 44.3244
29.387 44.2838
29.4011 45.9984
29.4017 45.7486
29.402 45.53
29.4027 45.4637
29.4035 45.4058
29.4038 45.23
29.4041 45.2013
29.4044 45.1761
29.4047 45.0291
29.405 44.9005
29.4053 44.9129
29.4057 44.7988
29.4062 44.8239
29.4067 44.721
29.4083 44.8808
29.4091 44.8957
29.4097 44.7838
29.4103 44.8108
29.4109 44.7094
29.4115 44.7458
29.4119 44.6525
29.4122 44.696
29.413 44.609
29.4136 44.6579
29.414 44.7006
29.4146 44.738
29.4154 44.7708
29.4161 44.7994
29.4167 44.8245
29.4173 44.8464
29.4178 44.7406
29.4181 44.7731
29.4184 44.8014
29.4187 44.7012
29.4191 44.7386
29.4196 44.7713
29.4199 44.6749
29.4202 44.7155
29.4205 44.7511
29.4211 44.7822
29.4217 44.8094
29.4223 44.8332
29.423 44.8541
29.4236 44.8723
29.4241 44.8883
29.4247 44.9022
29.425 44.7895
29.4253 44.8158
29.4256 44.8388
29.4259 44.734
29.4262 44.7672
29.4265 44.7963
29.4268 44.6968
29.4274 44.7347
29.4281 44.7678
29.4287 44.7969
29.4293 44.8223
29.4298 44.7195
29.4301 44.7545
29.4304 44.7852
29.4307 44.6871
29.4313 44.7262
29.4454 46.5104
29.446 46.3216
29.4465 46.1564
29.4471 46.1369
29.4478 45.9947
29.4483 45.8704
29.4486 45.7616
29.4489 45.5414
29.4492 45.4737
29.4495 45.4145
29.4498 45.3627
29.4501 45.3174
29.4507 45.2777
29.451 45.118
29.4526 45.2282
29.4534 45.1997
29.454 45.0497
29.4546 45.0435
29.4552 45.0381
29.4558 45.0333
29.4564 45.0292
29.4567 45.0255
29.4573 45.0223
29.4579 45.0195
29.4585 45.0171
29.4588 44.89
29.4594 44.9037
29.4601 44.9157
29.4609 44.8013
29.4615 44.8261
29.4621 44.8479
29.4624 44.8669
29.4627 44.7585
29.463 44.6637
29.4633 44.7057
29.4639 44.6175
29.4642 44.6653
29.4645 44.7072
29.4648 44.6188
29.4651 44.6664
29.4658 44.5831
29.4664 44.6352
29.467 44.6808
29.4678 44.5957
29.4684 44.6463
29.4688 44.5655
29.4693 44.6198
29.4696 44.6673
29.4699 44.5839
29.4702 44.6359
29.4705 44.6814
29.4708 44.5962
29.4711 44.6467
29.4715 44.6909
29.4721 44.7295
29.4729 44.6383
29.4735 44.6835
29.4741 44.7231
29.4744 44.7577
29.4747 44.663
29.475 44.5801
29.4754 44.6326
29.4759 44.5535
29.49 44.6093
29.4906 44.5332
29.4909 44.4665
29.4917 44.4082
29.4924 44.4822
29.4927 44.4219
29.493 44.4942
29.4933 44.5574
29.4936 44.4877
29.4939 44.4268
29.4942 44.4984
29.4947 44.4361
29.4951 44.5066
29.4956 44.5683
29.4972 44.6222
29.498 44.5445
29.4986 44.6014
29.4992 44.6512
29.4998 44.5698
29.5004 44.6236
29.5008 44.5456
29.5011 44.6024
29.5019 44.5271
29.5025 44.5862
29.5029 44.513
29.5034 44.5738
29.504 44.5021
29.5047 44.4393
29.5055 44.5094
29.5061 44.5707
29.5065 44.4994
29.5068 44.437
29.5071 44.5074
29.5074 44.5689
29.5079 44.4978
29.5085 44.5606
29.5088 44.4905
29.5091 44.5542
29.5094 44.6099
29.5098 44.5337
29.5106 44.592
29.5112 44.643
29.5118 44.5626
29.5125 44.6173
29.513 44.5401
29.5136 44.5976
29.5139 44.5229
29.5142 44.5825
29.5145 44.6347
29.5148 44.5554
29.5151 44.611
29.5154 44.6596
29.5157 44.5771
29.5163 44.63
29.5169 44.5512
29.5176 44.6073
29.5182 44.6564
29.5187 44.5744
29.519 44.6276
29.5193 44.6741
29.5196 44.7149
29.5202 44.7505
29.5207 44.7817
29.5349 44.684
29.5354 44.7235
29.5358 44.758
29.5366 44.7883
29.5372 44.8148
29.5375 44.8379
29.5378 44.7332
29.5381 44.7665
29.5384 44.7957
29.5387 44.8212
29.539 44.7186
29.5396 44.7538
29.5399 44.6595
29.5405 44.7021
29.5421 44.7393
29.5429 44.7719
29.5435 44.8004
29.5441 44.8254
29.5447 44.8472
29.5453 44.8663
29.5456 44.883
29.546 44.8976
29.5468 44.9104
29.5474 44.9216
29.5477 44.9314
29.5483 44.94
29.5489 44.9475
29.5496 44.9541
29.5504 44.9598
29.551 44.8398
29.5513 44.8598
29.5516 44.8774
29.5519 44.8927
29.5522 44.9061
29.5528 44.9178
29.5534 45.0531
29.5537 45.0465
29.554 45.0407
29.5543 45.0356
29.5546 45.0311
29.5553 45.1522
29.5559 45.1332
29.5566 45.1166
29.5573 45.227
29.5579 45.1986
29.5584 45.2988
29.5588 45.2614
29.5591 45.3538
29.5594 45.3095
29.5597 45.2708
29.56 45.362
29.5603 45.3167
29.5606 45.2771
29.5611 45.3675
29.5617 45.3216
29.5624 45.4064
29.563 45.4806
29.5636 45.4205
29.5639 45.3679
29.5642 45.3219
29.5645 45.2817
29.565 45.2465
29.5654 45.2157
29.5798 46.9387
29.5804 46.8214
29.5807 46.5937
29.5815 46.5195
29.5822 46.4546
29.5825 46.2727
29.5828 46.1136
29.5831 46.0994
29.5834 45.962
29.5837 45.8418
29.584 45.8615
29.5845 45.8788
29.5849 45.769
29.5854 45.7979
29.587 45.9481
29.5878 45.8296
29.5884 45.8509
29.589 45.7445
29.5896 45.6515
29.5902 45.695
29.5906 45.6082
29.5909 45.5321
29.5917 45.4656
29.5923 45.5324
29.5927 45.4659
29.5932 45.5326
29.5938 45.4661
29.5946 45.5328
29.5953 45.5912
29.5959 45.5173
29.5964 45.5776
29.5967 45.5054
29.597 45.4422
29.5973 45.512
29.5977 45.448
29.5983 45.517
29.5988 45.4524
29.5991 45.5208
29.5994 45.5807
29.5997 45.5081
29.6003 45.5696
29.6009 45.4984
29.6015 45.5611
29.6022 45.616
29.603 45.539
29.6034 45.5966
29.604 45.647
29.6043 45.6911
29.6046 45.6048
29.6049 45.5292
29.6052 45.588
29.6055 45.5145
29.6058 45.4502
29.6061 45.5189
29.6067 45.4541
29.6075 45.5223
29.6081 45.582
29.6087 45.5093
29.6091 45.5706
29.6094 45.6243
29.6097 45.5462
29.61 45.603
29.6106 45.6526
29.625 47.446
29.6256 47.2653
29.6261 47.1071
29.6267 46.9687
29.6274 46.8476
29.6279 46.6167
29.6282 46.5396
29.6285 46.4721
29.6288 46.2881
29.6291 46.2521
29.6294 46.2206
29.6297 46.068
29.6303 46.0595
29.6306 46.0521
29.6323 46.1706
29.633 46.1492
29.6336 46.1306
29.6342 46.1143
29.6348 46.1
29.6354 46.0875
29.636 46.0765
29.6363 46.067
29.6369 46.0586
29.6375 46.0513
29.6381 46.0449
29.6384 46.0393
29.639 46.0344
29.6398 46.0301
29.6405 46.0263
29.6411 46.023
29.6417 46.0201
29.642 46.0176
29.6423 46.0154
29.6426 46.0135
29.6429 45.8868
29.6435 45.901
29.6441 45.9133
29.6444 45.9242
29.6447 45.8086
29.645 45.8326
29.6453 45.8535
29.6459 45.7468
29.6465 45.7785
29.6471 45.8061
29.6479 45.7054
29.6486 45.7422
29.6491 45.7744
29.6495 45.6776
29.6498 45.5929
29.6501 45.6438
29.6504 45.6883
29.6507 45.6023
29.651 45.652
29.6513 45.6955
29.6518 45.6086
29.6524 45.6575
29.6531 45.7003
29.6537 45.6128
29.6543 45.6612
29.6546 45.5785
29.6549 45.5062
29.6552 45.5679
29.6557 45.4969
29.6561 45.5598
29.6706 45.4898
29.6712 45.5536
29.6715 45.4844
29.6722 45.5489
29.673 45.4802
29.6733 45.5452
29.6736 45.4771
29.6739 45.4174
29.6742 45.4903
29.6745 45.429
29.6748 45.3753
29.6752 45.4534
29.6757 45.3967
29.6761 45.4722
29.6778 45.4131
29.6785 45.3615
29.6791 45.4413
29.6797 45.3861
29.6803 45.4629
29.6809 45.405
29.6814 45.3544
29.6817 45.3101
29.6824 45.3963
29.683 45.4718
29.6835 45.4128
29.6839 45.3612
29.6845 45.3161
29.6853 45.4016
29.686 45.4764
29.6866 45.4168
29.6871 45.4897
29.6874 45.4285
29.6877 45.3749
29.688 45.3281
29.6884 45.4121
29.689 45.4855
29.6895 45.4249
29.6898 45.3717
29.6901 45.4503
29.6904 45.394
29.6908 45.3447
29.6914 45.4267
29.692 45.4983
29.6926 45.436
29.6934 45.5065
29.694 45.4432
29.6946 45.3878
29.6949 45.3393
29.6952 45.4219
29.6955 45.3692
29.6958 45.323
29.6961 45.4076
29.6964 45.3567
29.6967 45.3121
29.6973 45.3981
29.6979 45.3483
29.6988 45.3048
29.6994 45.3917
29.6998 45.3427
29.7001 45.4249
29.7004 45.4968
29.7007 45.4347
29.7013 45.5053
29.7018 45.4422
29.7164 45.5119
29.7168 45.4479
29.7173 45.5169
29.718 45.5773
29.7186 45.6301
29.7189 45.5514
29.7192 45.6075
29.7195 45.6565
29.7198 45.5745
29.7201 45.6276
29.7204 45.6742
29.721 45.7149
29.7213 45.7506
29.7219 45.6567
29.7236 45.6996
29.7243 45.7372
29.7249 45.645
29.7255 45.6894
29.7261 45.7282
29.7267 45.7622
29.727 45.7919
29.7275 45.8179
29.7282 45.8407
29.7288 45.7356
29.7291 45.7687
29.7297 45.7976
29.7303 45.8229
29.7311 45.845
29.7318 45.7394
29.7324 45.772
29.7327 45.6755
29.733 45.716
29.7333 45.7515
29.7336 45.7826
29.7342 45.8098
29.7348 45.7085
29.7351 45.745
29.7354 45.7769
29.7357 45.6797
29.736 45.7198
29.7366 45.7548
29.7371 45.9105
29.7377 45.9216
29.7383 45.9314
29.739 46.065
29.7396 46.0569
29.7402 46.1748
29.7405 46.1529
29.7408 46.1338
29.7411 46.1171
29.7414 46.1024
29.7417 46.0896
29.742 46.0784
29.7423 46.0686
29.7429 46.0601
29.7435 46.0525
29.7445 46.171
29.7451 46.2746
29.7457 46.2403
29.746 46.2102
29.7463 46.184
29.7466 46.161
29.747 46.2658
29.7475 46.2326
29.7632 48.2035
29.7638 48.0531
29.7641 48.0465
29.7649 47.9156
29.7656 47.8012
29.7659 47.701
29.7662 47.7384
29.7665 47.6461
29.7668 47.5653
29.7671 47.6197
29.7674 47.5422
29.7679 47.4744
29.7683 47.4151
29.7688 47.3632
29.7704 47.5678
29.7712 47.6219
29.7718 47.5441
29.7724 47.6011
29.773 47.526
29.7736 47.4602
29.774 47.5277
29.7743 47.4617
29.7751 47.529
29.7757 47.4629
29.7761 47.53
29.7766 47.4638
29.7772 47.5308
29.7779 47.4644
29.7787 47.4064
29.7793 47.4806
29.7797 47.4205
29.78 47.493
29.7803 47.4313
29.7806 47.3774
29.7811 47.4552
29.7817 47.3983
29.7822 47.4735
29.7825 47.4143
29.7828 47.3626
29.7831 47.4422
29.7835 47.387
29.784 47.3386
29.7846 47.2963
29.7852 47.3842
29.7859 47.3362
29.7865 47.2942
29.7871 47.3824
29.7876 47.3346
29.7879 47.2928
29.7882 47.3812
29.7885 47.3335
29.7888 47.2918
29.7891 47.3804
29.7894 47.3328
29.7898 47.2912
29.7904 47.3798
29.7913 47.4573
29.7919 47.4002
29.7925 47.3501
29.793 47.3064
29.7933 47.3931
29.7936 47.3439
29.7939 47.301
29.7945 47.2633
29.8101 49.2304
29.8107 48.9516
29.8111 48.8327
29.8117 48.6036
29.8125 48.5281
29.8129 48.3371
29.8132 48.295
29.8135 48.1331
29.8138 47.9915
29.8141 47.9925
29.8144 47.8685
29.8147 47.7599
29.8153 47.7899
29.8156 47.6912
29.8173 47.8548
29.818 47.8729
29.8186 47.7638
29.8193 47.7933
29.8199 47.6942
29.8205 47.7324
29.8211 47.7658
29.8214 47.6701
29.822 47.5864
29.8226 47.5131
29.8232 47.5739
29.8235 47.5022
29.8241 47.5644
29.8248 47.4939
29.8256 47.5571
29.8262 47.6125
29.8268 47.5359
29.8271 47.5939
29.8274 47.5197
29.8277 47.4547
29.828 47.3979
29.8286 47.3482
29.8292 47.4296
29.8295 47.3759
29.8298 47.3289
29.8301 47.4128
29.8304 47.3612
29.831 47.3161
29.8314 47.4016
29.832 47.4764
29.8328 47.4168
29.8334 47.4897
29.8338 47.4285
29.8344 47.3749
29.8349 47.3281
29.8352 47.4121
29.8355 47.3606
29.8358 47.3155
29.8361 47.401
29.8364 47.3509
29.8367 47.3071
29.8371 47.3937
29.8377 47.3445
29.8386 47.3014
29.8392 47.3887
29.8398 47.3401
29.8403 47.4226
29.8406 47.3698
29.8409 47.3236
29.8412 47.4081
29.8418 47.3571
29.8576 47.3125
29.8582 47.3984
29.8585 47.3486
29.8592 47.43
29.86 47.3763
29.8603 47.4542
29.8606 47.3975
29.8609 47.3478
29.8612 47.4293
29.8615 47.3756
29.8618 47.3287
29.8622 47.4126
29.8627 47.361
29.8631 47.4409
29.8648 47.3858
29.8655 47.3376
29.8661 47.4204
29.8667 47.3678
29.8673 47.4468
29.8679 47.391
29.8684 47.3421
29.8687 47.2993
29.8694 47.3869
29.87 47.4636
29.8705 47.4056
29.8709 47.3549
29.8715 47.3105
29.8723 47.3967
29.873 47.4721
29.8736 47.4131
29.8741 47.4865
29.8744 47.4257
29.8747 47.3725
29.875 47.3259
29.8754 47.4102
29.876 47.4839
29.8765 47.4234
29.8768 47.3705
29.8771 47.4492
29.8774 47.393
29.8778 47.3439
29.8783 47.4259
29.8789 47.3727
29.8795 47.3261
29.8802 47.4103
29.8807 47.359
29.8813 47.4392
29.8819 47.3843
29.8822 47.4612
29.8825 47.4036
29.8828 47.3531
29.8831 47.434
29.8834 47.3797
29.8837 47.3323
29.884 47.2907
29.8846 47.2544
29.8852 47.3476
29.8861 47.4291
29.8867 47.3755
29.8873 47.4536
29.8876 47.3969
29.8879 47.3473
29.8882 47.4288
29.8886 47.3752
29.8892 47.4533
29.9053 47.5217
29.9058 47.4565
29.9062 47.5244
29.907 47.4589
29.9076 47.5265
29.9079 47.4607
29.9082 47.5281
29.9085 47.5871
29.9088 47.5137
29.9091 47.5745
29.9094 47.6277
29.91 47.5492
29.9103 47.6056
29.9109 47.5299
29.9125 47.5886
29.9133 47.6401
29.9139 47.56
29.9145 47.615
29.9151 47.6632
29.9157 47.7053
29.916 47.6171
29.9164 47.665
29.9172 47.7068
29.9178 47.6185
29.9181 47.6662
29.9187 47.7079
29.9193 47.7444
29.92 47.7764
29.9208 47.6793
29.9214 47.7194
29.9217 47.6295
29.922 47.5508
29.9223 47.6069
29.9226 47.6561
29.9232 47.6991
29.9238 47.6117
29.9241 47.6602
29.9244 47.7027
29.9247 47.6149
29.925 47.538
29.9256 47.5957
29.926 47.6463
29.9266 47.6905
29.9272 47.7292
29.928 47.638
29.9284 47.6833
29.929 47.7229
29.9295 47.7575
29.9298 47.7878
29.9301 47.8143
29.9304 47.8376
29.9307 47.8579
29.931 47.7506
29.9313 47.7818
29.9316 47.8091
29.9322 47.9579
29.9328 47.9632
29.9337 47.9678
29.9343 47.9718
29.9349 47.9753
29.9352 47.9784
29.9355 47.9811
29.9358 47.9835
29.9363 47.9855
29.9369 47.9874
29.9465 49.1139
