0.0 5792
20.1922 7240
20.1932 8688
20.2898 10136
20.2907 11584
20.2915 13032
20.3886 14480
20.3893 15928
20.39 17376
20.3907 18824
20.4873 20272
20.4881 21720
20.4888 23168
20.4895 24616
20.49 26064
20.4907 27512
20.5873 28960
20.5883 30408
20.5887 31856
20.5892 33304
20.5902 34752
20.5907 36200
20.5911 37648
20.5916 39096
20.5926 40544
20.6892 41992
20.6899 43440
20.6909 44888
20.6914 46336
20.6918 47784
20.6926 49232
20.6933 50680
20.6938 52128
20.6942 53576
20.6947 55024
20.6954 56472
20.6962 57920
20.6966 59368
20.6979 60816
20.7937 62264
20.7945 63712
20.7954 65160
20.7959 66608
20.7964 68056
20.7969 69504
20.7978 70952
20.7983 72400
20.7988 73848
20.7993 75296
20.7997 76744
20.8002 78192
20.8012 79640
20.8017 81088
20.8021 82536
20.8026 83984
20.8034 85432
20.8046 86880
20.8053 88328
20.806 89776
20.8072 91224
20.9019 92672
20.9024 94120
20.9033 95568
20.9038 97016
20.9043 98464
20.9048 99912
20.9055 101360
20.9062 102808
20.9067 104256
20.9072 105704
20.9077 107152
20.9081 108600
20.9086 110048
20.9093 111496
20.9101 112944
20.9105 114392
20.911 115840
20.9115 117288
20.912 118736
20.9129 120184
20.9139 121632
20.9144 123080
20.9149 124528
20.9158 125976
20.9163 127424
20.917 128872
20.918 130320
20.9187 131768
20.9194 133216
20.9206 134664
20.9213 136112
21.0151 137560
21.0156 139008
21.016 140456
21.017 141904
21.0175 143352
21.018 144800
21.0184 146248
21.0189 147696
21.0196 149144
21.0204 150592
21.0208 152040
21.0213 153488
21.0218 154936
21.0223 156384
21.0228 157832
21.0232 159280
21.024 160728
21.0247 162176
21.0252 163624
21.0256 165072
21.0261 166520
21.0266 167968
21.0271 169416
21.0281 170864
21.029 172312
21.0295 173760
21.03 175208
21.0305 176656
21.0309 178104
21.0319 179552
21.0324 181000
21.0329 182448
21.0336 183896
21.0345 185344
21.0353 186792
21.0357 188240
21.0362 189688
21.0369 191136
21.0381 192584
21.0386 194032
21.0391 195480
21.0398 196928
21.0405 198376
21.0415 199824
21.0427 201272
21.0434 202720
21.0446 204168
21.1364 205616
21.1369 207064
21.1374 208512
21.1381 209960
21.1388 211408
21.1393 212856
21.1398 214304
21.1403 215752
21.1408 217200
21.1412 218648
21.1422 220096
21.1427 221544
21.1432 222992
21.1436 224440
21.1441 225888
21.1446 227336
21.1451 228784
21.1456 230232
21.146 231680
21.147 233128
21.1475 234576
21.148 236024
21.1485 237472
21.1489 238920
21.1494 240368
21.1499 241816
21.1506 243264
21.1513 244712
21.1521 246160
21.1528 247608
21.1533 249056
21.1537 250504
21.1542 251952
21.1547 253400
21.1554 254848
21.1561 256296
21.1566 257744
21.1571 259192
21.1576 260640
21.1585 262088
21.159 263536
21.16 264984
21.1605 266432
21.1609 267880
21.1614 269328
21.1619 270776
21.1626 272224
21.1636 273672
21.1643 275120
21.1648 276568
21.1653 278016
21.1658 279464
21.1667 280912
21.1672 282360
21.1686 279464
21.1698 278016
21.1701 277237
21.1703 270703
21.1706 269961
21.1727 269218
21.1742 268476
21.1751 256149
21.2624 248167
21.2629 243081
21.2631 242338
21.2633 241596
21.2636 240854
21.2638 240111
21.2643 239369
21.2648 238626
21.265 237884
21.2653 235694
21.2655 234951
21.2657 234209
21.266 233467
21.2662 231680
21.2665 230232
21.2667 228784
21.2669 227336
21.2672 225888
21.2674 224440
21.2677 222992
21.2684 221544
21.2686 220096
21.2689 215752
21.2691 214304
21.2693 212856
21.2696 211408
21.2698 209960
21.2701 208512
21.2703 207064
21.2705 205616
21.2708 204168
21.271 202720
21.2713 201272
21.2715 199924
21.2717 198376
21.272 196928
21.2722 195480
21.2725 194032
21.2732 192584
21.2734 191136
21.2737 186792
21.2739 185344
21.2741 183896
21.2744 182448
21.2746 181000
21.2749 179552
21.2751 178104
21.2753 176656
21.2756 175208
21.2758 173760
21.2761 172312
21.2763 170864
21.2765 169416
21.2773 167968
21.2775 166520
21.2778 162743
21.278 160728
21.2782 159280
21.2785 157832
21.2792 156384
21.2794 154936
21.2797 150592
21.2799 149144
21.2802 147696
21.2804 146248
21.2806 144800
21.2809 143352
21.2811 141904
21.2814 140456
21.2821 139008
21.2826 136112
21.2852 133216
21.2871 130320
21.2907 124528
21.2934 121632
21.2951 118736
21.2967 114392
21.3003 110048
21.3006 105704
21.3008 99912
21.3025 139008
21.365 139023
21.3655 139038
21.3664 139053
21.3674 139068
21.3683 139083
21.3693 139098
21.3703 139113
21.3712 139128
21.3722 139143
21.3732 139158
21.3741 139173
21.3751 139188
21.376 139203
21.377 139218
21.378 139233
21.409 139248
21.4097 139263
21.4106 139278
21.4111 139293
21.414 139308
21.4145 139323
21.415 139338
21.4154 139353
21.4164 139368
21.4169 139383
21.4174 139398
21.4183 139413
21.4188 139428
21.4193 139443
21.4198 139458
21.4203 139473
21.4217 139488
21.4222 139503
21.4227 139518
21.4231 139533
21.4236 139548
21.4246 139563
21.4251 139578
21.426 139593
21.4265 139608
21.4277 139623
21.4282 139638
21.4287 139653
21.4306 139668
21.432 139683
21.4325 139698
21.433 139713
21.4335 139728
21.434 139743
21.4344 139758
21.4354 139773
21.4364 139788
21.4373 139802
21.438 139816
21.439 139830
21.44 139844
21.4409 139858
21.4419 139872
21.4428 139886
21.4438 139900
21.4448 139914
21.4457 139928
21.4467 139942
21.4777 139956
21.4784 139970
21.4794 139984
21.4799 139998
21.4827 140012
21.4832 140026
21.4837 140040
21.4842 140054
21.4851 140068
21.4856 140082
21.4861 140096
21.4871 140110
21.4875 140124
21.488 140138
21.4885 140152
21.489 140166
21.4904 140180
21.4909 140194
21.4914 140208
21.4919 140222
21.4923 140236
21.4933 140250
21.4938 140264
21.4948 140278
21.4952 140292
21.4964 140306
21.4969 140320
21.4974 140334
21.4993 140348
21.5008 140362
21.5012 140376
21.5017 140390
21.5022 140404
21.5027 140418
21.5032 140432
21.5041 140446
21.5051 140460
21.506 140474
21.5068 140488
21.5077 140502
21.5087 140516
21.5097 140530
21.5106 140544
21.5116 140558
21.5125 140572
21.5135 140586
21.5145 140600
21.5154 140614
21.5464 140628
21.5471 140642
21.5481 140656
21.5486 140670
21.5515 140684
21.5519 140698
21.5524 140712
21.5529 140726
21.5539 140740
21.5544 140754
21.5548 140768
21.5558 140782
21.5563 140796
21.5568 140810
21.5572 140824
21.5577 140838
21.5592 140852
21.5596 140866
21.5601 140880
21.5606 140894
21.5611 140908
21.562 140922
21.5625 140936
21.5635 140950
21.564 140964
21.5652 140978
21.5656 140992
21.5661 141006
21.568 141020
21.5695 141034
21.57 141048
21.5705 141062
21.5709 141076
21.5714 141090
21.5719 141104
21.5729 141118
21.5738 141132
21.5748 141146
21.5755 141160
21.5765 141174
21.5774 141188
21.5784 141202
21.5793 141216
21.5803 141230
21.5813 141244
21.5822 141258
21.5832 141272
21.5842 141286
21.6152 141300
21.6159 141314
21.6168 141328
21.6173 141342
21.6202 141356
21.6207 141370
21.6212 141384
21.6216 141398
21.6226 141412
21.6231 141426
21.6236 141440
21.6245 141454
21.625 141468
21.6255 141482
21.626 141496
21.6264 141510
21.6279 141524
21.6284 141538
21.6289 141552
21.6293 141566
21.6298 141580
21.6308 141594
21.6313 141608
21.6322 141622
21.6327 141636
21.6339 141650
21.6344 141664
21.6349 141678
21.6368 141692
21.6382 141706
21.6387 141720
21.6392 141734
21.6397 141748
21.6401 141762
21.6406 141776
21.6416 141790
21.6425 141804
21.6435 141818
21.6442 141832
21.6452 141846
21.6462 141860
21.6471 141874
21.6481 141888
21.649 141902
21.65 141916
21.651 141930
21.6519 141944
21.6529 141958
21.6839 141972
21.6846 141986
21.6856 142000
21.686 142014
21.6889 142028
21.6894 142042
21.6899 142056
21.6904 142070
21.6913 142084
21.6918 142098
21.6923 142112
21.6933 142126
21.6937 142140
21.6942 142154
21.6947 142168
21.6952 142182
21.6966 142196
21.6971 142210
21.6976 142224
21.6981 142238
21.6985 142252
21.6995 142266
21.7 142280
21.7009 142294
21.7014 142308
21.7026 142322
21.7031 142336
21.7036 142350
21.7055 142364
21.707 142378
21.7074 142392
21.7079 142406
21.7084 142420
21.7089 142434
21.7094 142448
21.7103 142462
21.7113 142476
21.7122 142490
21.713 142504
21.7139 142518
21.7149 142532
21.7158 142546
21.7168 142560
21.7178 142574
21.7187 142588
21.7192 142602
21.7202 142616
21.7211 142630
21.7221 142644
21.7531 142658
21.7538 142672
21.7548 142686
21.7553 142700
21.7581 142714
21.7586 142728
21.7591 142742
21.7596 142756
21.7605 142770
21.761 142784
21.7615 142798
21.7625 142812
21.7629 142826
21.7634 142840
21.7639 142854
21.7644 142868
21.7658 142882
21.7663 142896
21.7668 142910
21.7673 142924
21.7678 142938
21.7687 142952
21.7692 142966
21.7702 142980
21.7706 142994
21.7718 143008
21.7723 143022
21.7728 143036
21.7747 143050
21.7762 143064
21.7766 143078
21.7771 143092
21.7776 143106
21.7781 143120
21.7786 143134
21.7795 143148
21.7805 143162
21.7815 143176
21.7822 143190
21.7831 143204
21.7841 143218
21.7851 143232
21.786 143246
21.787 143260
21.7879 143274
21.7884 143288
21.7894 143302
21.7903 143316
21.7913 143330
21.8223 143344
21.823 143358
21.824 143372
21.8245 143386
21.8274 143400
21.8278 143414
21.8283 143428
21.8288 143442
21.8298 143456
21.8302 143470
21.8307 143484
21.8317 143498
21.8322 143512
21.8326 143526
21.8331 143540
21.8336 143554
21.835 143568
21.8355 143582
21.836 143596
21.8365 143610
21.837 143624
21.8379 143638
21.8384 143652
21.8394 143666
21.8399 143680
21.8411 143694
21.8415 143708
21.842 143722
21.8439 143736
21.8454 143750
21.8459 143764
21.8463 143778
21.8468 143792
21.8473 143806
21.8478 143820
21.8487 143834
21.8497 143848
21.8507 143862
21.8514 143876
21.8523 143890
21.8533 143904
21.8543 143918
21.8552 143932
21.8562 143946
21.8572 143960
21.8576 143974
21.8586 143988
21.8596 144002
21.8605 144016
21.8915 144030
21.8922 144044
21.8932 144058
21.8937 144072
21.8966 144086
21.897 144100
21.8975 144114
21.898 144128
21.899 144142
21.8995 144156
21.8999 144170
21.9009 144184
21.9014 144198
21.9019 144212
21.9023 144226
21.9028 144240
21.9043 144254
21.9047 144268
21.9052 144282
21.9057 144296
21.9062 144310
21.9071 144324
21.9076 144338
21.9086 144352
21.9091 144366
21.9103 144380
21.9107 144394
21.9112 144408
21.9131 144422
21.9146 144436
21.9151 144450
21.9156 144464
21.916 144478
21.9165 144492
21.917 144506
21.918 144520
21.9189 144534
21.9199 144548
21.9206 144562
21.9216 144576
21.9225 144590
21.9235 144604
21.9244 144618
21.9254 144632
21.9264 144646
21.9268 144660
21.9278 144674
21.9288 144688
21.9297 144702
21.9607 144716
21.9615 144730
21.9624 144744
21.9629 144758
21.9658 144772
21.9663 144786
21.9667 144800
21.9672 144814
21.9682 144828
21.9687 144842
21.9691 144856
21.9701 144870
21.9706 144884
21.9711 144898
21.9715 144912
21.972 144926
21.9735 144940
21.974 144954
21.9744 144968
21.9749 144982
21.9754 144996
21.9764 145010
21.9768 145024
21.9778 145038
21.9783 145052
21.9795 145066
21.98 145080
21.9804 145094
21.9824 145108
21.9838 145122
21.9843 145136
21.9848 145150
21.9852 145164
21.9857 145178
21.9862 145192
21.9872 145206
21.9881 145220
21.9891 145234
21.9898 145248
21.9908 145262
21.9917 145276
21.9927 145290
21.9937 145304
21.9946 145318
21.9956 145332
21.9961 145346
21.997 145360
21.998 145374
21.9989 145388
22.0299 145402
22.0307 145416
22.0316 145430
22.0321 145444
22.035 145458
22.0355 145472
22.036 145486
22.0364 145500
22.0369 145514
22.0379 145528
22.0384 145542
22.0388 145556
22.0398 145570
22.0403 145584
22.0408 145598
22.0412 145612
22.0417 145626
22.0432 145640
22.0436 145654
22.0441 145668
22.0446 145682
22.0451 145696
22.046 145710
22.0465 145724
22.0475 145738
22.048 145752
22.0492 145766
22.0497 145780
22.0501 145794
22.0521 145808
22.0535 145822
22.054 145836
22.0545 145850
22.0549 145864
22.0554 145878
22.0559 145892
22.0569 145906
22.0578 145920
22.0588 145934
22.0595 145948
22.0605 145962
22.0614 145976
22.0624 145990
22.0633 146004
22.0643 146018
22.0653 146032
22.0658 146046
22.0667 146060
22.0677 146074
22.0686 146088
22.0996 146102
22.1004 146116
22.1013 146130
22.1018 146144
22.1047 146158
22.1052 146172
22.1056 146186
22.1061 146200
22.1066 146214
22.1076 146228
22.108 146242
22.1085 146256
22.1095 146270
22.11 146284
22.1105 146298
22.1109 146312
22.1114 146326
22.1129 146340
22.1133 146354
22.1138 146368
22.1143 146382
22.1148 146396
22.1157 146410
22.1162 146424
22.1172 146438
22.1177 146452
22.1189 146466
22.1193 146480
22.1198 146494
22.1217 146508
22.1232 146522
22.1237 146536
22.1242 146550
22.1246 146564
22.1251 146578
22.1256 146592
22.1266 146606
22.1275 146620
22.1285 146634
22.1292 146648
22.1302 146662
22.1311 146676
22.1321 146690
22.133 146704
22.134 146718
22.135 146732
22.1354 146746
22.1364 146760
22.1374 146774
22.1383 146788
22.1693 146802
22.1701 146816
22.171 146830
22.1715 146844
22.1744 146858
22.1749 146872
22.1753 146886
22.1758 146900
22.1763 146914
22.1773 146928
22.1777 146942
22.1782 146956
22.1792 146970
22.1797 146984
22.1801 146998
22.1806 147012
22.1811 147026
22.1825 147040
22.183 147054
22.1835 147068
22.184 147082
22.1845 147096
22.1854 147110
22.1859 147124
22.1869 147138
22.1874 147152
22.1886 147166
22.189 147180
22.1895 147194
22.1914 147208
22.1929 147222
22.1934 147236
22.1938 147250
22.1943 147264
22.1948 147278
22.1953 147292
22.1962 147306
22.1972 147320
22.1982 147334
22.1989 147348
22.1999 147362
22.2008 147376
22.2018 147390
22.2027 147404
22.2037 147418
22.2047 147432
22.2051 147446
22.2061 147460
22.2071 147474
22.208 147488
22.239 147502
22.2397 147516
22.2407 147530
22.2412 147544
22.2441 147558
22.2446 147572
22.245 147586
22.2455 147600
22.246 147614
22.2465 147628
22.247 147642
22.2474 147656
22.2479 147670
22.2484 147684
22.2489 147698
22.2494 147712
22.2498 147726
22.2503 147740
22.2508 147754
22.2513 147768
22.2518 147782
22.2522 147796
22.2527 147810
22.2532 147824
22.2537 147838
22.2542 147852
22.2546 147866
22.2551 147880
22.2556 147894
22.2561 147908
22.2566 147922
22.257 147936
22.2575 147950
22.258 147964
22.2585 147978
22.259 147992
22.2595 148006
22.2599 148020
22.2604 148034
22.2609 148048
22.2614 148062
22.2619 148076
22.2623 148090
22.2628 148104
22.2633 148118
22.2638 148132
22.2643 148146
22.2647 148160
22.2652 148174
22.2657 148188
22.2662 148202
22.2667 148216
22.2671 148230
22.2676 148244
22.2686 148258
22.2691 148272
22.2695 148286
22.27 148300
22.2705 148314
22.271 148328
22.2715 148342
22.2719 148356
22.2724 148370
22.2729 148384
22.2734 148398
22.2739 148412
22.2744 148426
22.2748 148440
22.2753 148454
22.2758 148468
22.2763 148482
22.2768 148496
22.2772 148510
22.2777 148524
22.2782 148538
22.2787 148552
22.2792 148566
22.2796 148580
22.2801 148594
22.2806 148608
22.2811 148622
22.2816 148636
22.282 148650
22.2825 148664
22.283 148678
22.2835 148692
22.284 148706
22.2844 148720
22.2849 148734
22.2854 148748
22.2859 148762
22.2864 148776
22.2868 148790
22.2873 148804
22.2878 148818
22.2883 148832
22.2888 148846
22.2892 148860
22.2897 148874
22.2902 148888
22.2907 148902
22.2912 148916
22.2917 148930
22.2921 148944
22.2926 148958
22.2931 148972
22.2936 148986
22.2941 149000
22.2945 149014
22.295 149028
22.2955 149042
22.296 149056
22.2965 149070
22.2969 149084
22.2974 149098
22.2979 149112
22.2984 149126
22.2989 149140
22.2993 149154
22.2998 149168
22.3003 149182
22.3008 149196
22.3013 149210
22.3017 149224
22.3022 149238
22.3027 149252
22.3032 149266
22.3037 149280
22.3041 149294
22.3046 149308
22.3051 149322
22.3056 149336
22.3061 149350
22.3066 149364
22.307 149378
22.3075 149392
22.308 149406
22.3085 149420
22.309 149434
22.3094 149448
22.3099 149462
22.3104 149476
22.3109 149490
22.3114 149504
22.3118 149518
22.3123 149532
22.3128 149546
22.3133 149560
22.3138 149574
22.3142 149588
22.3147 149602
22.3152 149616
22.3157 149630
22.3162 149644
22.3166 149658
22.3171 149672
22.3176 149686
22.3181 149700
22.3186 149714
22.319 149728
22.3195 149742
22.32 149756
22.3205 149770
22.321 149783
22.3215 149796
22.3219 149809
22.3224 149822
22.3229 149835
22.3234 149848
22.3239 149861
22.3243 149874
22.3248 149887
22.3253 149900
22.3258 149913
22.3263 149926
22.3267 149939
22.3272 149952
22.3277 149965
22.3282 149978
22.3287 149991
22.3291 150004
22.3296 150017
22.3301 150030
22.3306 150043
22.3311 150056
22.3315 150069
22.332 150082
22.3325 150095
22.333 150108
22.3335 150121
22.3339 150134
22.3344 150147
22.3349 150160
22.3354 150173
22.3359 150186
22.3364 150199
22.3368 150212
22.3373 150225
22.3378 150238
22.3383 150251
22.3388 150264
22.3392 150277
22.3397 150290
22.3402 150303
22.3407 150316
22.3412 150329
22.3416 150342
22.3421 150355
22.3426 150368
22.3431 150381
22.3436 150394
22.344 150407
22.3445 150420
22.345 150433
22.3455 150446
22.346 150459
22.3464 150472
22.3469 150485
22.3474 150498
22.3479 150511
22.3484 150524
22.3488 150537
22.3493 150550
22.3498 150563
22.3503 150576
22.3508 150589
22.3513 150602
22.3517 150615
22.3522 150628
22.3527 150641
22.3532 150654
22.3537 150667
22.3541 150680
22.3546 150693
22.3551 150706
22.3556 150719
22.3561 150732
22.3565 150745
22.357 150758
22.3575 150771
22.358 150784
22.3585 150797
22.3589 150810
22.3594 150823
22.3599 150836
22.3604 150849
22.3609 150862
22.3613 150875
22.3618 150888
22.3623 150901
22.3628 150914
22.3633 150927
22.3637 150940
22.3642 150953
22.3647 150966
22.3652 150979
22.3657 150992
22.3662 151005
22.3666 151018
22.3671 151031
22.3676 151044
22.3681 151057
22.3686 151070
22.369 151083
22.3695 151096
22.37 151109
22.3705 151122
22.371 151135
22.3714 151148
22.3719 151161
22.3724 151174
22.3729 151187
22.3734 151200
22.3738 151213
22.3743 151226
22.3748 151239
22.3753 151252
22.3758 151265
22.3762 151278
22.3767 151291
22.3772 151304
22.3777 151317
22.3782 151330
22.3786 151343
22.3791 151356
22.3796 151369
22.3801 151382
22.3806 151395
22.3811 151408
22.3815 151421
22.382 151434
22.3825 151447
22.383 151460
22.3835 151473
22.3839 151486
22.3844 151499
22.3849 151512
22.3854 151525
22.3859 151538
22.3863 151551
22.3868 151564
22.3873 151577
22.3878 151590
22.3883 151603
22.3887 151616
22.3892 151629
22.3897 151642
22.3902 151655
22.3907 151668
22.3911 151681
22.3916 151694
22.3921 151707
22.3926 151720
22.3931 151733
22.3935 151746
22.394 151759
22.3945 151772
22.395 151785
22.3955 151798
22.396 151811
22.3964 151824
22.3969 151837
22.3974 151850
22.3979 151863
22.3984 151876
22.3988 151889
22.3993 151902
22.3998 151915
22.4003 151928
22.4008 151941
22.4012 151954
22.4017 151967
22.4022 151980
22.4027 151993
22.4032 152006
22.4036 152019
22.4041 152032
22.4046 152045
22.4051 152058
22.4056 152071
22.406 152084
22.4065 152097
22.407 152110
22.4075 152123
22.408 152136
22.4084 152149
22.4089 152162
22.4094 152175
22.4099 152188
22.4104 152201
22.4109 152214
22.4113 152227
22.4118 152240
22.4123 152253
22.4128 152266
22.4133 152279
22.4137 152292
22.4142 152305
22.4147 152318
22.4152 152331
22.4157 152344
22.4161 152357
22.4166 152370
22.4171 152383
22.4176 152396
22.4181 152409
22.4185 152422
22.419 152435
22.4195 152448
22.42 152461
22.4205 152474
22.4209 152487
22.4214 152500
22.4219 152513
22.4224 152526
22.4229 152539
22.4233 152552
22.4238 152565
22.4243 152578
22.4248 152591
22.4253 152604
22.4258 152617
22.4262 152630
22.4267 152643
22.4272 152656
22.4277 152669
22.4282 152682
22.4286 152695
22.4291 152708
22.4296 152721
22.4301 152734
22.4306 152747
22.431 152760
22.4315 152773
22.432 152786
22.4325 152799
22.433 152812
22.4334 152825
22.4339 152838
22.4344 152851
22.4349 152864
22.4354 152877
22.4358 152890
22.4363 152903
22.4368 152916
22.4373 152929
22.4378 152942
22.4382 152955
22.4387 152968
22.4392 152981
22.4397 152994
22.4402 153007
22.4407 153020
22.4411 153033
22.4416 153046
22.4421 153059
22.4426 153072
22.4431 153085
22.4435 153098
22.444 153111
22.4445 153124
22.445 153137
22.4455 153150
22.4459 153163
22.4464 153176
22.4469 153189
22.4474 153202
22.4479 153215
22.4483 153228
22.4488 153241
22.4493 153254
22.4498 153267
22.4503 153280
22.4507 153293
22.4512 153306
22.4517 153319
22.4522 153332
22.4527 153345
22.4531 153358
22.4536 153371
22.4541 153384
22.4546 153397
22.4551 153410
22.4556 153423
22.456 153436
22.4565 153449
22.457 153462
22.4575 153475
22.458 153488
22.4584 153501
22.4589 153514
22.4594 153527
22.4599 153540
22.4604 153553
22.4608 153566
22.4613 153579
22.4618 153592
22.4623 153605
22.4628 153618
22.4632 153631
22.4637 153644
22.4642 153657
22.4647 153670
22.4652 153683
22.4656 153696
22.4661 153709
22.4666 153722
22.4671 153735
22.4676 153748
22.468 153761
22.4685 153774
22.469 153787
22.4695 153800
22.47 153813
22.4705 153826
22.4709 153839
22.4714 153852
22.4719 153865
22.4724 153878
22.4729 153891
22.4733 153904
22.4738 153917
22.4743 153930
22.4748 153943
22.4753 153956
22.4757 153969
22.4762 153982
22.4767 153995
22.4772 154008
22.4777 154021
22.4781 154034
22.4786 154047
22.4791 154060
22.4796 154073
22.4801 154086
22.4805 154099
22.481 154112
22.4815 154125
22.482 154138
22.4825 154151
22.4829 154164
22.4834 154177
22.4839 154190
22.4844 154203
22.4849 154216
22.4854 154229
22.4858 154242
22.4863 154255
22.4868 154268
22.4873 154281
22.4878 154294
22.4882 154307
22.4887 154320
22.4892 154333
22.4897 154346
22.4902 154359
22.4906 154372
22.4911 154385
22.4916 154398
22.4921 154411
22.4928 154424
22.494 154437
22.4945 154450
22.495 154463
22.4954 154476
22.4959 154489
22.4964 154502
22.4969 154515
22.4974 154528
22.4978 154541
22.4983 154554
22.4988 154567
22.4993 154580
22.4998 154593
22.5003 154606
22.5007 154619
22.5012 154632
22.5017 154645
22.5022 154658
22.5027 154671
22.5031 154684
22.5036 154697
22.5041 154710
22.5046 154723
22.5051 154736
22.5055 154749
22.506 154762
22.5065 154775
22.507 154788
22.5075 154801
22.5079 154814
22.5084 154827
22.5089 154840
22.5094 154853
22.5099 154866
22.5103 154879
22.5108 154892
22.5113 154905
22.5118 154918
22.5123 154931
22.5127 154944
22.5132 154957
22.5137 154970
22.5142 154983
22.5147 154996
22.5152 155009
22.5156 155022
22.5161 155035
22.5166 155048
22.5171 155061
22.5176 155074
22.518 155087
22.5188 155100
22.52 155113
22.5209 155126
22.5214 155139
22.5219 155152
22.5224 155165
22.5228 155178
22.5233 155191
22.5238 155204
22.5243 155217
22.5248 155230
22.5252 155243
22.5257 155256
22.5262 155269
22.5267 155282
22.5272 155295
22.5276 155308
22.5281 155321
22.5286 155334
22.5291 155347
22.5296 155360
22.5301 155373
22.5305 155386
22.531 155399
22.5315 155412
22.532 155425
22.5325 155438
22.5329 155451
22.5334 155464
22.5339 155477
22.5344 155490
22.5349 155503
22.5353 155516
22.5358 155529
22.5363 155542
22.5368 155555
22.5373 155568
22.5377 155581
22.5382 155594
22.5387 155607
22.5392 155620
22.5397 155633
22.5401 155646
22.5406 155659
22.5411 155672
22.5416 155685
22.5421 155698
22.5425 155711
22.543 155724
22.5435 155737
22.544 155750
22.5445 155763
22.545 155776
22.5454 155789
22.5466 155802
22.5478 155815
22.5483 155828
22.5488 155841
22.5493 155854
22.5498 155867
22.5502 155880
22.5507 155893
22.5512 155906
22.5517 155919
22.5522 155932
22.5526 155945
22.5531 155958
22.5536 155971
22.5541 155984
22.5546 155997
22.555 156010
22.5555 156023
22.556 156036
22.5565 156049
22.557 156062
22.5574 156075
22.5579 156088
22.5584 156101
22.5589 156114
22.5594 156127
22.5599 156140
22.5603 156153
22.5608 156166
22.5613 156179
22.5618 156192
22.5623 156205
22.5627 156218
22.5632 156231
22.5637 156244
22.5642 156257
22.5647 156270
22.5651 156283
22.5656 156296
22.5661 156309
22.5666 156322
22.5671 156335
22.5675 156348
22.568 156361
22.5685 156374
22.569 156387
22.5695 156400
22.5699 156413
22.5704 156426
22.5709 156439
22.5714 156452
22.5719 156465
22.5723 156478
22.5738 156491
22.5757 156504
22.5767 156517
22.5772 156530
22.5776 156543
22.5781 156556
22.5786 156569
22.5791 156582
22.5796 156595
22.58 156608
22.5805 156621
22.581 156634
22.5815 156647
22.582 156660
22.5824 156673
22.5829 156686
22.5834 156699
22.5839 156712
22.5844 156725
22.5848 156738
22.5853 156751
22.5858 156764
22.5863 156777
22.5868 156790
22.5872 156803
22.5877 156816
22.5882 156829
22.5887 156842
22.5892 156855
22.5896 156868
22.5901 156881
22.5906 156894
22.5911 156907
22.5916 156920
22.5921 156933
22.5925 156946
22.593 156959
22.5935 156972
22.594 156985
22.5945 156998
22.5949 157011
22.5954 157024
22.5959 157037
22.5964 157050
22.5969 157063
22.5973 157076
22.5978 157089
22.5983 157102
22.5988 157115
22.5993 157128
22.5997 157141
22.6002 157154
22.6007 157167
22.6012 157180
22.6026 157193
22.6053 157206
22.6067 157219
22.6074 157232
22.6079 157245
22.6084 157258
22.6089 157271
22.6094 157284
22.6098 157297
22.6103 157310
22.6108 157323
22.6113 157336
22.6118 157349
22.6122 157362
22.6127 157375
22.6132 157388
22.6137 157401
22.6142 157414
22.6146 157427
22.6151 157440
22.6156 157453
22.6161 157466
22.6166 157479
22.617 157492
22.6175 157505
22.618 157518
22.6185 157531
22.619 157544
22.6194 157557
22.6199 157570
22.6204 157583
22.6209 157596
22.6214 157609
22.6219 157622
22.6223 157635
22.6228 157648
22.6233 157661
22.6238 157674
22.6243 157687
22.6247 157700
22.6252 157713
22.6257 157726
22.6262 157739
22.6267 157752
22.6271 157765
22.6276 157778
22.6281 157791
22.6286 157804
22.6291 157817
22.6295 157830
22.63 157843
22.6305 157856
22.631 157869
22.6315 157882
22.6331 157895
22.6365 157908
22.6384 157921
22.6392 157934
22.6396 157947
22.6401 157960
22.6406 157973
22.6411 157986
22.6416 157999
22.642 158012
22.6425 158025
22.643 158038
22.6435 158051
22.644 158064
22.6444 158077
22.6449 158090
22.6454 158103
22.6459 158116
22.6464 158129
22.6468 158142
22.6473 158155
22.6478 158168
22.6483 158181
22.6488 158194
22.6492 158207
22.6497 158220
22.6502 158233
22.6507 158246
22.6512 158259
22.6517 158272
22.6521 158285
22.6526 158298
22.6531 158311
22.6536 158324
22.6541 158337
22.6545 158350
22.655 158363
22.6555 158376
22.656 158389
22.6565 158402
22.6569 158415
22.6574 158428
22.6579 158441
22.6584 158454
22.6589 158467
22.6593 158480
22.6598 158493
22.6603 158506
22.6608 158519
22.6613 158532
22.6617 158545
22.6622 158558
22.6627 158571
22.6634 158584
22.6651 158597
22.6702 158610
22.6726 158623
22.6738 158636
22.6742 158649
22.6747 158662
22.6752 158675
22.6757 158688
22.6762 158701
22.6766 158714
22.6771 158727
22.6776 158740
22.6781 158753
22.6786 158766
22.679 158779
22.6795 158792
22.68 158805
22.6805 158818
22.681 158831
22.6815 158844
22.6819 158857
22.6824 158870
22.6829 158883
22.6834 158896
22.6839 158909
22.6843 158922
22.6848 158935
22.6853 158948
22.6858 158961
22.6863 158974
22.6867 158987
22.6872 159000
22.6877 159013
22.6882 159026
22.6887 159039
22.6891 159052
22.6896 159065
22.6901 159078
22.6906 159091
22.6911 159104
22.6915 159117
22.692 159130
22.6925 159143
22.693 159156
22.6935 159169
22.6939 159182
22.6944 159195
22.6949 159208
22.6954 159221
22.6959 159234
22.6964 159247
22.6968 159260
22.6973 159273
22.698 159286
22.7 159299
22.7076 159312
22.7103 159325
22.712 159338
22.7129 159351
22.7137 159364
22.7141 159377
22.7146 159390
22.7151 159403
22.7156 159416
22.7161 159429
22.7165 159442
22.717 159455
22.7175 159468
22.718 159481
22.7185 159494
22.7189 159507
22.7194 159520
22.7199 159533
22.7204 159546
22.7209 159559
22.7213 159572
22.7218 159585
22.7223 159598
22.7228 159611
22.7233 159624
22.7237 159637
22.7242 159650
22.7247 159663
22.7252 159676
22.7257 159689
22.7262 159702
22.7266 159715
22.7271 159728
22.7276 159741
22.7281 159754
22.7286 159767
22.729 159780
22.7295 159793
22.73 159806
22.7305 159819
22.731 159832
22.7314 159845
22.7319 159858
22.7324 159871
22.7329 159884
22.7334 159897
22.7338 159910
22.7343 159923
22.7348 159936
22.7353 159949
22.7358 159962
22.7362 159975
22.737 159988
22.7379 160001
22.7398 160014
22.7519 160027
22.755 160040
22.7572 160053
22.7586 160066
22.7598 160079
22.7608 160092
22.7612 160105
22.7617 160118
22.7622 160131
22.7627 160144
22.7632 160157
22.7636 160170
22.7641 160183
22.7646 160196
22.7651 160209
22.7656 160222
22.766 160235
22.7665 160248
22.767 160261
22.7675 160274
22.768 160287
22.7684 160300
22.7689 160313
22.7694 160326
22.7699 160339
22.7704 160352
22.7709 160365
22.7713 160378
22.7718 160391
22.7723 160404
22.7728 160417
22.7733 160430
22.7737 160443
22.7742 160456
22.7747 160469
22.7752 160482
22.7757 160495
22.7761 160508
22.7766 160521
22.7771 160534
22.7776 160547
22.7781 160560
22.7785 160573
22.779 160586
22.7795 160599
22.78 160612
22.7805 160625
22.7809 160638
22.7814 160651
22.7819 160664
22.7824 160677
22.7829 160690
22.7836 160703
22.7848 160716
22.787 160729
22.8023 160742
22.8059 160755
22.8081 160768
22.8095 160781
22.8107 160794
22.8117 160807
22.8122 160820
22.8127 160833
22.8131 160846
22.8136 160859
22.8141 160872
22.8146 160885
22.8151 160898
22.8156 160911
22.816 160924
22.8165 160937
22.817 160950
22.8175 160963
22.818 160976
22.8184 160989
22.8189 161002
22.8194 161015
22.8199 161028
22.8204 161041
22.8208 161054
22.8213 161067
22.8218 161080
22.8223 161093
22.8228 161106
22.8232 161119
22.8237 161132
22.8242 161145
22.8247 161158
22.8252 161171
22.8256 161184
22.8261 161197
22.8266 161210
22.8271 161223
22.8276 161236
22.828 161249
22.8285 161262
22.829 161275
22.8295 161288
22.83 161300
22.8305 161312
22.8309 161324
22.8314 161336
22.8319 161348
22.8324 161360
22.8329 161372
22.8333 161384
22.8338 161396
22.8345 161408
22.8357 161420
22.8379 161432
22.8528 161444
22.8564 161456
22.8586 161468
22.86 161480
22.8612 161492
22.8622 161504
22.8627 161516
22.8631 161528
22.8636 161540
22.8641 161552
22.8646 161564
22.8651 161576
22.8655 161588
22.866 161600
22.8665 161612
22.867 161624
22.8675 161636
22.8679 161648
22.8684 161660
22.8689 161672
22.8694 161684
22.8699 161696
22.8703 161708
22.8708 161720
22.8713 161732
22.8718 161744
22.8723 161756
22.8727 161768
22.8732 161780
22.8737 161792
22.8742 161804
22.8747 161816
22.8752 161828
22.8756 161840
22.8761 161852
22.8766 161864
22.8771 161876
22.8776 161888
22.878 161900
22.8785 161912
22.879 161924
22.8795 161936
22.88 161948
22.8804 161960
22.8809 161972
22.8814 161984
22.8819 161996
22.8824 162008
22.8828 162020
22.8833 162032
22.8838 162044
22.8843 162056
22.885 162068
22.8862 162080
22.8884 162092
22.9035 162104
22.9071 162116
22.9095 162128
22.911 162140
22.9122 162152
22.9131 162164
22.9136 162176
22.9141 162188
22.9146 162200
22.915 162212
22.9155 162224
22.916 162236
22.9165 162248
22.917 162260
22.9174 162272
22.9179 162284
22.9184 162296
22.9189 162308
22.9194 162320
22.9198 162332
22.9203 162344
22.9208 162356
22.9213 162368
22.9218 162380
22.9223 162392
22.9227 162404
22.9232 162416
22.9237 162428
22.9242 162440
22.9247 162452
22.9251 162464
22.9256 162476
22.9261 162488
22.9266 162500
22.9271 162512
22.9275 162524
22.928 162536
22.9285 162548
22.929 162560
22.9295 162572
22.9299 162584
22.9304 162596
22.9309 162608
22.9314 162620
22.9319 162632
22.9323 162644
22.9328 162656
22.9333 162668
22.9338 162680
22.9343 162692
22.9347 162704
22.9352 162716
22.936 162728
22.9372 162740
22.9393 162752
22.9545 162764
22.9583 162776
22.9607 162788
22.9621 162800
22.9633 162812
22.9643 162824
22.965 162836
22.9655 162848
22.966 162860
22.9665 162872
22.967 162884
22.9674 162896
22.9679 162908
22.9684 162920
22.9689 162932
22.9694 162944
22.9698 162956
22.9703 162968
22.9708 162980
22.9713 162992
22.9718 163004
22.9722 163016
22.9727 163028
22.9732 163040
22.9737 163052
22.9742 163064
22.9746 163076
22.9751 163088
22.9756 163100
22.9761 163112
22.9766 163124
22.977 163136
22.9775 163148
22.978 163160
22.9785 163172
22.979 163184
22.9794 163196
22.9799 163208
22.9804 163220
22.9809 163232
22.9814 163244
22.9819 163256
22.9823 163268
22.9828 163280
22.9833 163292
22.9838 163304
22.9843 163316
22.9847 163328
22.9852 163340
22.9857 163352
22.9862 163364
22.9867 163376
22.9871 163388
22.9879 163400
22.9891 163412
22.9912 163424
23.0066 163436
23.0105 163448
23.0131 163460
23.0145 163472
23.0157 163484
23.0167 163496
23.0174 163508
23.0179 163520
23.0184 163532
23.0189 163544
23.0193 163556
23.0198 163568
23.0203 163580
23.0208 163592
23.0213 163604
23.0217 163616
23.0222 163628
23.0227 163640
23.0232 163652
23.0237 163664
23.0241 163676
23.0246 163688
23.0251 163700
23.0256 163712
23.0261 163724
23.0266 163736
23.027 163748
23.0275 163760
23.028 163772
23.0285 163784
23.029 163796
23.0294 163808
23.0299 163820
23.0304 163832
23.0309 163844
23.0314 163856
23.0318 163868
23.0323 163880
23.0328 163892
23.0333 163904
23.0338 163916
23.0342 163928
23.0347 163940
23.0352 163952
23.0357 163964
23.0362 163976
23.0366 163988
23.0371 164000
23.0376 164012
23.0381 164024
23.0386 164036
23.039 164048
23.0395 164060
23.0402 164072
23.0415 164084
23.0436 164096
23.059 164108
23.0626 164120
23.0652 164132
23.0667 164144
23.0679 164156
23.0688 164168
23.0693 164180
23.0698 164192
23.0703 164204
23.0708 164216
23.0713 164228
23.0717 164240
23.0722 164252
23.0727 164264
23.0732 164276
23.0737 164288
23.0741 164300
23.0746 164312
23.0751 164324
23.0756 164336
23.0761 164348
23.0765 164360
23.077 164372
23.0775 164384
23.078 164396
23.0785 164408
23.0789 164420
23.0794 164432
23.0799 164444
23.0804 164456
23.0809 164468
23.0813 164480
23.0818 164492
23.0823 164504
23.0828 164516
23.0833 164528
23.0837 164540
23.0842 164552
23.0847 164564
23.0852 164576
23.0857 164588
23.0862 164600
23.0866 164612
23.0871 164624
23.0876 164636
23.0881 164648
23.0886 164660
23.089 164672
23.0895 164684
23.09 164696
23.0905 164708
23.091 164720
23.0914 164732
23.0924 164744
23.0934 164756
23.0955 164768
23.1111 164780
23.1147 164792
23.1176 164804
23.1191 164816
23.1203 164828
23.1212 164840
23.1217 164852
23.1222 164864
23.1227 164876
23.1232 164888
23.1236 164900
23.1241 164912
23.1246 164924
23.1251 164936
23.1256 164948
23.126 164960
23.1265 164972
23.127 164984
23.1275 164996
23.128 165008
23.1284 165020
23.1289 165032
23.1294 165044
23.1299 165056
23.1304 165068
23.1309 165080
23.1313 165092
23.1318 165104
23.1323 165116
23.1328 165128
23.1333 165140
23.1337 165152
23.1342 165164
23.1347 165176
23.1352 165188
23.1357 165200
23.1361 165212
23.1366 165224
23.1371 165236
23.1376 165248
23.1381 165260
23.1385 165272
23.139 165284
23.1395 165296
23.14 165308
23.1405 165320
23.1409 165332
23.1414 165344
23.1419 165356
23.1424 165368
23.1429 165380
23.1433 165392
23.1438 165404
23.1448 165416
23.1458 165428
23.1479 165440
23.1635 165452
23.1674 165464
23.1703 165476
23.1717 165488
23.1729 165500
23.1739 165512
23.1746 165524
23.1751 165536
23.1756 165548
23.176 165560
23.1765 165572
23.177 165584
23.1775 165596
23.178 165608
23.1784 165620
23.1789 165632
23.1794 165644
23.1799 165656
23.1804 165668
23.1808 165680
23.1813 165692
23.1818 165704
23.1823 165716
23.1828 165728
23.1832 165740
23.1837 165752
23.1842 165764
23.1847 165776
23.1852 165788
23.1856 165800
23.1861 165812
23.1866 165824
23.1871 165836
23.1876 165848
23.188 165860
23.1885 165872
23.189 165884
23.1895 165896
23.19 165908
23.1904 165920
23.1909 165932
23.1914 165944
23.1919 165956
23.1924 165968
23.1929 165980
23.1933 165992
23.1938 166004
23.1943 166016
23.1948 166028
23.1953 166040
23.1957 166052
23.1962 166064
23.1967 166076
23.1972 166088
23.1981 166100
23.1991 166112
23.2013 166124
23.2171 166136
23.221 166148
23.2239 166160
23.2255 166172
23.2267 166184
23.2277 166196
23.2284 166208
23.2289 166220
23.2294 166232
23.2299 166244
23.2303 166256
23.2308 166268
23.2313 166280
23.2318 166292
23.2323 166304
23.2327 166316
23.2332 166328
23.2337 166340
23.2342 166352
23.2347 166364
23.2351 166376
23.2356 166388
23.2361 166400
23.2366 166412
23.2371 166424
23.2376 166436
23.238 166448
23.2385 166460
23.239 166472
23.2395 166484
23.24 166496
23.2404 166508
23.2409 166520
23.2414 166532
23.2419 166544
23.2424 166556
23.2428 166568
23.2433 166580
23.2438 166592
23.2443 166604
23.2448 166616
23.2452 166628
23.2457 166640
23.2462 166652
23.2467 166664
23.2472 166676
23.2476 166688
23.2481 166700
23.2486 166712
23.2491 166724
23.2496 166736
23.25 166748
23.2505 166760
23.251 166772
23.252 166784
23.2529 166796
23.2551 166808
23.271 166820
23.2746 166832
23.2774 166844
23.2791 166856
23.2803 166868
23.2813 166880
23.2818 166892
23.2823 166904
23.2827 166916
23.2832 166928
23.2837 166940
23.2842 166952
23.2847 166964
23.2851 166976
23.2856 166988
23.2861 167000
23.2866 167012
23.2871 167024
23.2875 167036
23.288 167048
23.2885 167060
23.289 167072
23.2895 167084
23.2899 167096
23.2904 167108
23.2909 167120
23.2914 167132
23.2919 167144
23.2923 167156
23.2928 167168
23.2933 167180
23.2938 167192
23.2943 167204
23.2947 167216
23.2952 167228
23.2957 167240
23.2962 167252
23.2967 167264
23.2972 167276
23.2976 167288
23.2981 167300
23.2986 167312
23.2991 167324
23.2996 167336
23.3 167348
23.3005 167360
23.301 167372
23.3015 167384
23.302 167396
23.3024 167408
23.3029 167420
23.3034 167432
23.3039 167444
23.3046 167456
23.3053 167468
23.3063 167480
23.3084 167492
23.3245 167504
23.3282 167516
23.331 167528
23.3327 167540
23.3342 167552
23.3351 167564
23.3356 167576
23.3361 167588
23.3366 167600
23.337 167612
23.3375 167624
23.338 167636
23.3385 167648
23.339 167660
23.3394 167672
23.3399 167684
23.3404 167696
23.3409 167708
23.3414 167720
23.3419 167732
23.3423 167744
23.3428 167756
23.3433 167768
23.3438 167780
23.3443 167792
23.3447 167804
23.3452 167816
23.3457 167828
23.3462 167840
23.3467 167852
23.3471 167864
23.3476 167876
23.3481 167888
23.3486 167900
23.3491 167912
23.3495 167924
23.35 167936
23.3505 167948
23.351 167960
23.3515 167972
23.3519 167984
23.3524 167996
23.3529 168008
23.3534 168020
23.3539 168032
23.3543 168044
23.3548 168056
23.3553 168068
23.3558 168080
23.3563 168092
23.3568 168104
23.3572 168116
23.3577 168128
23.3584 168140
23.3592 168152
23.3601 168164
23.3623 168176
23.3784 168188
23.3822 168200
23.3851 168212
23.3868 168224
23.3882 168236
23.3892 168248
23.3899 168260
23.3904 168272
23.3909 168284
23.3914 168296
23.3918 168308
23.3923 168320
23.3928 168332
23.3933 168344
23.3938 168356
23.3942 168368
23.3947 168380
23.3952 168392
23.3957 168404
23.3962 168416
23.3966 168428
23.3971 168440
23.3976 168452
23.3981 168464
23.3986 168476
23.399 168488
23.3995 168500
23.4 168512
23.4005 168524
23.401 168536
23.4015 168548
23.4019 168560
23.4024 168572
23.4029 168584
23.4034 168596
23.4039 168608
23.4043 168620
23.4048 168632
23.4053 168644
23.4058 168656
23.4063 168668
23.4067 168680
23.4072 168692
23.4077 168704
23.4082 168716
23.4087 168728
23.4091 168740
23.4096 168752
23.4101 168764
23.4106 168776
23.4111 168788
23.4115 168800
23.412 168812
23.4125 168824
23.4132 168836
23.4139 168848
23.4149 168860
23.4171 168872
23.4332 168884
23.4373 168896
23.4401 168908
23.4418 168920
23.4433 168932
23.4442 168944
23.4452 168956
23.4457 168968
23.4462 168980
23.4466 168992
23.4471 169004
23.4476 169016
23.4481 169028
23.4486 169040
23.449 169052
23.4495 169064
23.45 169076
23.4505 169088
23.451 169100
23.4514 169112
23.4519 169124
23.4524 169136
23.4529 169148
23.4534 169160
23.4538 169172
23.4543 169184
23.4548 169196
23.4553 169208
23.4558 169220
23.4562 169232
23.4567 169244
23.4572 169256
23.4577 169268
23.4582 169280
23.4586 169292
23.4591 169304
23.4596 169316
23.4601 169328
23.4606 169340
23.4611 169352
23.4615 169364
23.462 169376
23.4625 169388
23.463 169400
23.4635 169412
23.4639 169424
23.4644 169436
23.4649 169448
23.4654 169460
23.4659 169472
23.4663 169484
23.4668 169496
23.4673 169508
23.4678 169520
23.4685 169532
23.4692 169544
23.4702 169556
23.4723 169568
23.4884 169580
23.4923 169592
23.4952 169604
23.4969 169616
23.4983 169628
23.4993 169640
23.5 169652
23.5005 169664
23.5009 169676
23.5014 169688
23.5019 169700
23.5024 169712
23.5029 169724
23.5033 169736
23.5038 169748
23.5043 169760
23.5048 169772
23.5053 169784
23.5057 169796
23.5062 169808
23.5067 169820
23.5072 169832
23.5077 169844
23.5082 169856
23.5086 169868
23.5091 169880
23.5096 169892
23.5101 169904
23.5106 169916
23.511 169928
23.5115 169940
23.512 169952
23.5125 169964
23.513 169976
23.5134 169988
23.5139 170000
23.5144 170012
23.5149 170024
23.5154 170036
23.5158 170048
23.5163 170060
23.5168 170072
23.5173 170084
23.5178 170096
23.5182 170108
23.5187 170120
23.5192 170132
23.5197 170144
23.5202 170156
23.5206 170168
23.5211 170180
23.5216 170192
23.5221 170204
23.5226 170216
23.5235 170228
23.524 170240
23.525 170252
23.5271 170264
23.5432 170276
23.5471 170288
23.55 170300
23.5517 170312
23.5531 170324
23.5541 170336
23.5548 170348
23.5553 170360
23.5557 170372
23.5562 170384
23.5567 170396
23.5572 170408
23.5577 170420
23.5581 170432
23.5586 170444
23.5591 170456
23.5596 170468
23.5601 170480
23.5605 170492
23.561 170504
23.5615 170516
23.562 170528
23.5625 170540
23.5629 170552
23.5634 170564
23.5639 170576
23.5644 170588
23.5649 170600
23.5653 170612
23.5658 170624
23.5663 170636
23.5668 170648
23.5673 170660
23.5678 170672
23.5682 170684
23.5687 170696
23.5692 170708
23.5697 170720
23.5702 170732
23.5706 170744
23.5711 170756
23.5716 170768
23.5721 170780
23.5726 170792
23.573 170804
23.5735 170816
23.574 170828
23.5745 170840
23.575 170852
23.5754 170864
23.5759 170876
23.5764 170888
23.5769 170900
23.5774 170912
23.5783 170924
23.5788 170936
23.58 170948
23.5822 170960
23.5985 170972
23.6024 170984
23.6052 170996
23.6069 171008
23.6084 171020
23.6093 171032
23.61 171044
23.6105 171056
23.611 171068
23.6115 171080
23.612 171092
23.6125 171104
23.6129 171116
23.6134 171128
23.6139 171140
23.6144 171152
23.6149 171164
23.6153 171176
23.6158 171188
23.6163 171200
23.6168 171212
23.6173 171224
23.6177 171236
23.6182 171248
23.6187 171260
23.6192 171272
23.6197 171284
23.6201 171296
23.6206 171308
23.6211 171320
23.6216 171332
23.6221 171344
23.6225 171356
23.623 171368
23.6235 171380
23.624 171392
23.6245 171404
23.6249 171416
23.6254 171428
23.6259 171440
23.6264 171452
23.6269 171464
23.6274 171476
23.6278 171488
23.6283 171500
23.6288 171512
23.6293 171524
23.6298 171536
23.6302 171548
23.6307 171560
23.6312 171572
23.6317 171584
23.6322 171596
23.6326 171608
23.6336 171620
23.6341 171632
23.6348 171644
23.636 171656
23.6382 171668
23.6547 171680
23.6586 171692
23.6615 171704
23.6632 171716
23.6646 171728
23.6656 171740
23.6663 171752
23.6668 171764
23.6672 171776
23.6677 171788
23.6682 171800
23.6687 171812
23.6692 171824
23.6696 171836
23.6701 171848
23.6706 171860
23.6711 171872
23.6716 171884
23.6721 171896
23.6725 171908
23.673 171920
23.6735 171932
23.674 171944
23.6745 171956
23.6749 171968
23.6754 171980
23.6759 171992
23.6764 172004
23.6769 172016
23.6773 172028
23.6778 172040
23.6783 172052
23.6788 172064
23.6793 172076
23.6797 172088
23.6802 172100
23.6807 172112
23.6812 172124
23.6817 172136
23.6821 172148
23.6826 172160
23.6831 172172
23.6836 172184
23.6841 172196
23.6845 172208
23.685 172220
23.6855 172232
23.686 172244
23.6865 172256
23.687 172268
23.6874 172280
23.6879 172292
23.6884 172304
23.6889 172316
23.6898 172328
23.6903 172340
23.691 172352
23.6922 172364
23.6946 172376
23.7115 172388
23.7153 172400
23.7182 172412
23.7199 172424
23.7213 172436
23.7223 172448
23.723 172460
23.7235 172472
23.724 172484
23.7244 172496
23.7249 172508
23.7254 172520
23.7259 172532
23.7264 172544
23.7268 172556
23.7273 172568
23.7278 172580
23.7283 172592
23.7288 172604
23.7292 172616
23.7297 172628
23.7302 172640
23.7307 172652
23.7312 172664
23.7317 172676
23.7321 172688
23.7326 172700
23.7331 172712
23.7336 172724
23.7341 172736
23.7345 172748
23.735 172760
23.7355 172772
23.736 172784
23.7365 172796
23.7369 172808
23.7374 172820
23.7379 172832
23.7384 172844
23.7389 172856
23.7393 172868
23.7398 172880
23.7403 172892
23.7408 172904
23.7413 172916
23.7417 172928
23.7422 172940
23.7427 172952
23.7432 172964
23.7437 172976
23.7441 172988
23.7446 173000
23.7451 173012
23.7456 173024
23.7463 173036
23.747 173048
23.7475 173060
23.7487 173072
23.7511 173084
23.7677 173096
23.7715 173108
23.7744 173120
23.7761 173132
23.7776 173144
23.7785 173156
23.7792 173168
23.7797 173180
23.7802 173192
23.7807 173204
23.7812 173216
23.7816 173228
23.7821 173240
23.7826 173252
23.7831 173264
23.7836 173276
23.784 173288
23.7845 173300
23.785 173312
23.7855 173324
23.786 173336
23.7864 173348
23.7869 173360
23.7874 173372
23.7879 173384
23.7884 173396
23.7888 173408
23.7893 173420
23.7898 173432
23.7903 173444
23.7908 173456
23.7912 173468
23.7917 173480
23.7922 173492
23.7927 173504
23.7932 173516
23.7937 173528
23.7941 173540
23.7946 173552
23.7951 173564
23.7956 173576
23.7961 173588
23.7965 173600
23.797 173612
23.7975 173624
23.798 173636
23.7985 173648
23.7989 173660
23.7994 173672
23.7999 173684
23.8004 173696
23.8009 173708
23.8013 173720
23.8018 173732
23.8025 173744
23.8033 173756
23.8037 173768
23.8049 173780
23.8074 173792
23.8244 173804
23.8283 173816
23.8311 173828
23.8328 173840
23.8343 173852
23.8352 173864
23.8359 173876
23.8364 173888
23.8369 173900
23.8374 173912
23.8379 173924
23.8384 173936
23.8388 173948
23.8393 173960
23.8398 173972
23.8403 173984
23.8408 173996
23.8412 174008
23.8417 174020
23.8422 174032
23.8427 174044
23.8432 174056
23.8436 174068
23.8441 174080
23.8446 174092
23.8451 174104
23.8456 174116
23.846 174128
23.8465 174140
23.847 174152
23.8475 174164
23.848 174176
23.8484 174188
23.8489 174200
23.8494 174212
23.8499 174224
23.8504 174236
23.8508 174248
23.8513 174260
23.8518 174272
23.8523 174284
23.8528 174296
23.8533 174308
23.8537 174320
23.8542 174332
23.8547 174344
23.8552 174356
23.8557 174368
23.8561 174380
23.8566 174392
23.8571 174404
23.8576 174416
23.8581 174428
23.8585 174440
23.8593 174452
23.86 174464
23.8605 174476
23.8614 174488
23.8624 174500
23.8648 174512
23.8821 174524
23.8859 174536
23.8888 174548
23.8905 174560
23.8919 174572
23.8929 174584
23.8936 174596
23.8941 174608
23.8946 174620
23.8951 174632
23.8955 174644
23.896 174656
23.8965 174668
23.897 174680
23.8975 174692
23.898 174704
23.8984 174716
23.8989 174728
23.8994 174739
23.8999 174750
23.9004 174761
23.9008 174772
23.9013 174783
23.9018 174794
23.9023 174805
23.9028 174816
23.9032 174827
23.9037 174838
23.9042 174849
23.9047 174860
23.9052 174871
23.9056 174882
23.9061 174893
23.9066 174904
23.9071 174915
23.9076 174926
23.908 174937
23.9085 174948
23.909 174959
23.9095 174970
23.91 174981
23.9104 174992
23.9109 175003
23.9114 175014
23.9119 175025
23.9124 175036
23.9129 175047
23.9133 175058
23.9138 175069
23.9143 175080
23.9148 175091
23.9153 175102
23.9157 175113
23.9162 175124
23.9169 175135
23.9177 175146
23.9181 175157
23.9191 175168
23.9201 175179
23.9225 175190
23.9402 175201
23.9441 175212
23.947 175223
23.9487 175234
23.9501 175245
23.9511 175256
23.9518 175267
23.9523 175278
23.9527 175289
23.9532 175300
23.9537 175311
23.9542 175322
23.9547 175333
23.9551 175344
23.9556 175355
23.9561 175366
23.9566 175377
23.9571 175388
23.9576 175399
23.958 175410
23.9585 175421
23.959 175432
23.9595 175443
23.96 175454
23.9604 175465
23.9609 175476
23.9614 175487
23.9619 175498
23.9624 175509
23.9628 175520
23.9633 175531
23.9638 175542
23.9643 175553
23.9648 175564
23.9652 175575
23.9657 175586
23.9662 175597
23.9667 175608
23.9672 175619
23.9676 175630
23.9681 175641
23.9686 175652
23.9691 175663
23.9696 175674
23.97 175685
23.9705 175696
23.971 175707
23.9715 175718
23.972 175729
23.9725 175740
23.9729 175751
23.9734 175762
23.9739 175773
23.9744 175784
23.9751 175795
23.9758 175806
23.9763 175817
23.9773 175828
23.9782 175839
23.9806 175850
23.9982 175861
24.002 175872
24.0047 175883
24.0063 175894
24.0078 175905
24.0087 175916
24.0095 175927
24.0099 175938
24.0104 175949
24.0109 175960
24.0114 175971
24.0119 175982
24.0123 175993
24.0128 176004
24.0133 176015
24.0138 176026
24.0143 176037
24.0147 176048
24.0152 176059
24.0157 176070
24.0162 176081
24.0167 176092
24.0172 176103
24.0176 176114
24.0181 176125
24.0186 176136
24.0191 176147
24.0196 176158
24.02 176169
24.0205 176180
24.021 176191
24.0215 176202
24.022 176213
24.0224 176224
24.0229 176235
24.0234 176246
24.0239 176257
24.0244 176268
24.0248 176279
24.0253 176290
24.0258 176301
24.0263 176312
24.0268 176323
24.0272 176334
24.0277 176345
24.0282 176356
24.0287 176367
24.0292 176378
24.0296 176389
24.0301 176400
24.0306 176411
24.0311 176422
24.0316 176433
24.0321 176444
24.0328 176455
24.0335 176466
24.034 176477
24.0349 176488
24.0359 176499
24.0383 176510
24.0563 176521
24.0602 176532
24.0628 176543
24.0645 176554
24.0659 176565
24.0669 176576
24.0676 176587
24.0681 176598
24.0686 176609
24.0691 176620
24.0695 176631
24.07 176642
24.0705 176653
24.071 176664
24.0715 176675
24.0719 176686
24.0724 176697
24.0729 176708
24.0734 176719
24.0739 176730
24.0743 176741
24.0748 176752
24.0753 176763
24.0758 176774
24.0763 176785
24.0768 176796
24.0772 176807
24.0777 176818
24.0782 176829
24.0787 176840
24.0792 176851
24.0796 176862
24.0801 176873
24.0806 176884
24.0811 176895
24.0816 176906
24.082 176917
24.0825 176928
24.083 176939
24.0835 176950
24.084 176961
24.0844 176972
24.0849 176983
24.0854 176994
24.0859 177005
24.0864 177016
24.0868 177027
24.0873 177038
24.0878 177049
24.0883 177060
24.0888 177071
24.0892 177082
24.0897 177093
24.0902 177104
24.0909 177115
24.0916 177126
24.0921 177137
24.0931 177148
24.0941 177159
24.0965 177170
24.1147 177181
24.1186 177192
24.1212 177203
24.1229 177214
24.1243 177225
24.1253 177236
24.1263 177247
24.1267 177258
24.1272 177269
24.1277 177280
24.1282 177291
24.1287 177302
24.1291 177313
24.1296 177324
24.1301 177335
24.1306 177346
24.1311 177357
24.1315 177368
24.132 177379
24.1325 177390
24.133 177401
24.1335 177412
24.1339 177423
24.1344 177434
24.1349 177445
24.1354 177456
24.1359 177467
24.1363 177478
24.1368 177489
24.1373 177500
24.1378 177511
24.1383 177522
24.1388 177533
24.1392 177544
24.1397 177555
24.1402 177566
24.1407 177577
24.1412 177588
24.1416 177599
24.1421 177610
24.1426 177621
24.1431 177632
24.1436 177643
24.144 177654
24.1445 177665
24.145 177676
24.1455 177687
24.146 177698
24.1464 177709
24.1469 177720
24.1474 177731
24.1479 177742
24.1484 177753
24.1488 177764
24.1493 177775
24.15 177786
24.1508 177797
24.1512 177808
24.1522 177819
24.1532 177830
24.1556 177841
24.1741 177852
24.1779 177863
24.1808 177874
24.1825 177885
24.1839 177896
24.1849 177907
24.1859 177918
24.1863 177929
24.1868 177940
24.1873 177951
24.1878 177962
24.1883 177973
24.1887 177984
24.1892 177995
24.1897 178006
24.1902 178017
24.1907 178028
24.1911 178039
24.1916 178050
24.1921 178061
24.1926 178072
24.1931 178083
24.1935 178094
24.194 178105
24.1945 178116
24.195 178127
24.1955 178138
24.1959 178149
24.1964 178160
24.1969 178171
24.1974 178182
24.1979 178193
24.1984 178204
24.1988 178215
24.1993 178226
24.1998 178237
24.2003 178248
24.2008 178259
24.2012 178270
24.2017 178281
24.2022 178292
24.2027 178303
24.2032 178314
24.2036 178325
24.2041 178336
24.2046 178347
24.2051 178358
24.2056 178369
24.206 178380
24.2065 178391
24.207 178402
24.2075 178413
24.208 178424
24.2084 178435
24.2089 178446
24.2096 178457
24.2104 178468
24.2108 178479
24.2118 178490
24.2128 178501
24.2152 178512
24.2337 178523
24.2373 178534
24.2402 178545
24.2418 178556
24.2433 178567
24.2443 178578
24.245 178589
24.2455 178600
24.2459 178611
24.2464 178622
24.2469 178633
24.2474 178644
24.2479 178655
24.2483 178666
24.2488 178677
24.2493 178688
24.2498 178699
24.2503 178710
24.2507 178721
24.2512 178732
24.2517 178743
24.2522 178754
24.2527 178765
24.2531 178776
24.2536 178787
24.2541 178798
24.2546 178809
24.2551 178820
24.2555 178831
24.256 178842
24.2565 178853
24.257 178864
24.2575 178875
24.258 178886
24.2584 178897
24.2589 178908
24.2594 178919
24.2599 178930
24.2604 178941
24.2608 178952
24.2613 178963
24.2618 178974
24.2623 178985
24.2628 178996
24.2632 179007
24.2637 179018
24.2642 179029
24.2647 179040
24.2652 179051
24.2656 179062
24.2661 179073
24.2666 179084
24.2671 179095
24.2676 179106
24.268 179117
24.269 179128
24.2695 179139
24.27 179150
24.2709 179161
24.2719 179172
24.2743 179183
24.293 179194
24.2969 179205
24.2998 179216
24.3014 179227
24.3029 179238
24.3039 179249
24.3046 179260
24.3051 179271
24.3055 179282
24.306 179293
24.3065 179304
24.307 179315
24.3075 179326
24.3079 179337
24.3084 179348
24.3089 179359
24.3094 179370
24.3099 179381
24.3103 179392
24.3108 179403
24.3113 179414
24.3118 179425
24.3123 179436
24.3127 179447
24.3132 179458
24.3137 179469
24.3142 179480
24.3147 179491
24.3151 179502
24.3156 179513
24.3161 179524
24.3166 179535
24.3171 179546
24.3176 179557
24.318 179568
24.3185 179579
24.319 179590
24.3195 179601
24.32 179612
24.3204 179623
24.3209 179634
24.3214 179645
24.3219 179656
24.3224 179667
24.3228 179678
24.3233 179689
24.3238 179700
24.3243 179711
24.3248 179722
24.3252 179733
24.3257 179744
24.3262 179755
24.3267 179766
24.3272 179777
24.3276 179788
24.3286 179799
24.3291 179810
24.3296 179821
24.3305 179832
24.3315 179843
24.3339 179854
24.3526 179865
24.3567 179876
24.3596 179887
24.3613 179898
24.3627 179909
24.3637 179920
24.3647 179931
24.3651 179942
24.3656 179953
24.3661 179964
24.3666 179975
24.3671 179986
24.3675 179997
24.368 180008
24.3685 180019
24.369 180030
24.3695 180041
24.3699 180052
24.3704 180063
24.3709 180074
24.3714 180085
24.3719 180096
24.3723 180107
24.3728 180118
24.3733 180129
24.3738 180140
24.3743 180151
24.3747 180162
24.3752 180173
24.3757 180184
24.3762 180195
24.3767 180206
24.3772 180217
24.3776 180228
24.3781 180239
24.3786 180250
24.3791 180261
24.3796 180272
24.38 180283
24.3805 180294
24.381 180305
24.3815 180316
24.382 180327
24.3824 180338
24.3829 180349
24.3834 180360
24.3839 180371
24.3844 180382
24.3848 180393
24.3853 180404
24.3858 180415
24.3863 180426
24.3868 180437
24.3872 180448
24.3877 180459
24.3882 180470
24.3892 180481
24.3896 180492
24.3901 180503
24.3911 180514
24.392 180525
24.3945 180536
24.4134 180547
24.4175 180558
24.4204 180569
24.4223 180580
24.4238 180591
24.4247 180602
24.4257 180613
24.4262 180624
24.4267 180635
24.4271 180646
24.4276 180657
24.4281 180668
24.4286 180679
24.4291 180690
24.4295 180701
24.43 180712
24.4305 180723
24.431 180734
24.4315 180745
24.4319 180756
24.4324 180767
24.4329 180778
24.4334 180789
24.4339 180800
24.4343 180811
24.4348 180822
24.4353 180833
24.4358 180844
24.4363 180855
24.4367 180866
24.4372 180877
24.4377 180888
24.4382 180899
24.4387 180910
24.4392 180921
24.4396 180932
24.4401 180943
24.4406 180954
24.4411 180965
24.4416 180976
24.442 180987
24.4425 180998
24.443 181009
24.4435 181020
24.444 181031
24.4444 181042
24.4449 181053
24.4454 181064
24.4459 181075
24.4464 181086
24.4468 181097
24.4473 181108
24.4478 181119
24.4483 181130
24.4488 181141
24.4492 181152
24.4502 181163
24.4507 181174
24.4512 181185
24.4521 181196
24.4531 181207
24.4555 181218
24.4745 181229
24.4783 181240
24.4812 181251
24.4831 181262
24.4846 181273
24.4855 181284
24.4863 181295
24.4867 181306
24.4872 181317
24.4877 181328
24.4882 181339
24.4887 181350
24.4891 181361
24.4896 181372
24.4901 181383
24.4906 181394
24.4911 181405
24.4915 181416
24.492 181427
24.4925 181438
24.493 181449
24.4935 181460
24.4939 181471
24.4944 181482
24.4949 181493
24.4954 181504
24.4959 181515
24.4963 181526
24.4968 181537
24.4973 181548
24.4978 181559
24.4983 181570
24.4988 181581
24.4992 181592
24.4997 181603
24.5002 181614
24.5007 181625
24.5012 181636
24.5016 181647
24.5021 181658
24.5026 181669
24.5031 181680
24.5036 181691
24.504 181702
24.5045 181713
24.505 181724
24.5055 181735
24.506 181746
24.5064 181757
24.5069 181768
24.5074 181779
24.5079 181790
24.5084 181801
24.5088 181812
24.5093 181823
24.51 181834
24.5108 181845
24.5112 181856
24.5117 181867
24.5127 181878
24.5137 181889
24.5161 181900
24.5353 181911
24.5391 181922
24.5422 181933
24.5442 181944
24.5456 181955
24.5466 181966
24.5473 181977
24.5478 181988
24.5483 181999
24.5487 182010
24.5492 182021
24.5497 182032
24.5502 182043
24.5507 182054
24.5511 182065
24.5516 182076
24.5521 182087
24.5526 182098
24.5531 182109
24.5535 182120
24.554 182131
24.5545 182142
24.555 182153
24.5555 182164
24.5559 182175
24.5564 182186
24.5569 182197
24.5574 182208
24.5579 182219
24.5584 182230
24.5588 182241
24.5593 182252
24.5598 182263
24.5603 182274
24.5608 182285
24.5612 182296
24.5617 182307
24.5622 182318
24.5627 182329
24.5632 182340
24.5636 182351
24.5641 182362
24.5646 182373
24.5651 182384
24.5656 182395
24.566 182406
24.5665 182417
24.567 182428
24.5675 182439
24.568 182450
24.5684 182461
24.5689 182472
24.5694 182483
24.5699 182494
24.5704 182505
24.5711 182516
24.5718 182527
24.5723 182538
24.5728 182549
24.5737 182560
24.5747 182571
24.5771 182582
24.5963 182593
24.6004 182604
24.6035 182615
24.6055 182626
24.6069 182637
24.6079 182648
24.6088 182659
24.6093 182670
24.6098 182681
24.6103 182692
24.6107 182703
24.6112 182714
24.6117 182725
24.6122 182736
24.6127 182747
24.6131 182758
24.6136 182769
24.6141 182780
24.6146 182791
24.6151 182802
24.6155 182813
24.616 182824
24.6165 182835
24.617 182846
24.6175 182857
24.618 182868
24.6184 182879
24.6189 182890
24.6194 182901
24.6199 182912
24.6204 182923
24.6208 182934
24.6213 182945
24.6218 182956
24.6223 182967
24.6228 182978
24.6232 182989
24.6237 183000
24.6242 183011
24.6247 183022
24.6252 183033
24.6256 183044
24.6261 183055
24.6266 183066
24.6271 183077
24.6276 183088
24.628 183099
24.6285 183110
24.629 183121
24.6295 183132
24.63 183143
24.6304 183154
24.6309 183165
24.6314 183176
24.6319 183187
24.6324 183198
24.6331 183209
24.6338 183220
24.6343 183231
24.6348 183242
24.6357 183253
24.6367 183264
24.6391 183275
24.6586 183286
24.6627 183297
24.6658 183308
24.6677 183319
24.6694 183330
24.6703 183341
24.6713 183352
24.6718 183363
24.6723 183374
24.6727 183385
24.6732 183396
24.6737 183407
24.6742 183418
24.6747 183429
24.6751 183440
24.6756 183451
24.6761 183462
24.6766 183473
24.6771 183484
24.6776 183495
24.678 183506
24.6785 183517
24.679 183528
24.6795 183539
24.68 183550
24.6804 183561
24.6809 183572
24.6814 183583
24.6819 183594
24.6824 183605
24.6828 183616
24.6833 183627
24.6838 183638
24.6843 183649
24.6848 183660
24.6852 183671
24.6857 183682
24.6862 183693
24.6867 183704
24.6872 183715
24.6876 183726
24.6881 183737
24.6886 183748
24.6891 183759
24.6896 183770
24.69 183781
24.6905 183792
24.691 183803
24.6915 183814
24.692 183825
24.6924 183836
24.6929 183847
24.6934 183858
24.6939 183869
24.6944 183880
24.6949 183891
24.6956 183902
24.6963 183913
24.6968 183924
24.6973 183935
24.6982 183946
24.6992 183957
24.7016 183968
24.721 183979
24.7249 183990
24.728 184001
24.7299 184012
24.7316 184023
24.7326 184034
24.7333 184045
24.7338 184056
24.7343 184067
24.7347 184078
24.7352 184089
24.7357 184100
24.7362 184111
24.7367 184122
24.7371 184133
24.7376 184144
24.7381 184155
24.7386 184166
24.7391 184177
24.7396 184188
24.74 184199
24.7405 184210
24.741 184221
24.7415 184232
24.742 184243
24.7424 184254
24.7429 184265
24.7434 184276
24.7439 184287
24.7444 184298
24.7448 184309
24.7453 184320
24.7458 184331
24.7463 184342
24.7468 184353
24.7472 184364
24.7477 184375
24.7482 184386
24.7487 184397
24.7492 184408
24.7496 184419
24.7501 184430
24.7506 184441
24.7511 184452
24.7516 184463
24.752 184474
24.7525 184485
24.753 184496
24.7535 184507
24.754 184518
24.7545 184529
24.7549 184540
24.7554 184551
24.7559 184562
24.7564 184573
24.7569 184584
24.7578 184595
24.7583 184606
24.7588 184617
24.7593 184628
24.7602 184639
24.7612 184650
24.7636 184661
24.7833 184672
24.7871 184683
24.7903 184694
24.7922 184705
24.7941 184716
24.7951 184727
24.7958 184738
24.7963 184749
24.7967 184760
24.7972 184771
24.7977 184782
24.7982 184793
24.7987 184804
24.7992 184815
24.7996 184826
24.8001 184837
24.8006 184848
24.8011 184859
24.8016 184870
24.802 184881
24.8025 184892
24.803 184903
24.8035 184914
24.804 184925
24.8044 184936
24.8049 184947
24.8054 184958
24.8059 184969
24.8064 184980
24.8068 184991
24.8073 185002
24.8078 185013
24.8083 185024
24.8088 185035
24.8092 185046
24.8097 185057
24.8102 185068
24.8107 185079
24.8112 185090
24.8116 185101
24.8121 185112
24.8126 185123
24.8131 185134
24.8136 185145
24.8141 185156
24.8145 185167
24.815 185178
24.8155 185189
24.816 185200
24.8165 185211
24.8169 185222
24.8174 185233
24.8179 185244
24.8184 185255
24.8189 185266
24.8193 185277
24.8203 185288
24.8208 185299
24.8213 185310
24.8217 185321
24.8227 185332
24.8237 185343
24.8261 185354
24.8458 185365
24.8499 185376
24.853 185387
24.8549 185398
24.8568 185409
24.8578 185420
24.8588 185431
24.8592 185442
24.8597 185453
24.8602 185464
24.8607 185475
24.8612 185486
24.8616 185497
24.8621 185508
24.8626 185519
24.8631 185530
24.8636 185541
24.864 185552
24.8645 185563
24.865 185574
24.8655 185585
24.866 185596
24.8664 185607
24.8669 185618
24.8674 185629
24.8679 185640
24.8684 185651
24.8688 185662
24.8693 185673
24.8698 185684
24.8703 185695
24.8708 185706
24.8712 185717
24.8717 185728
24.8722 185739
24.8727 185750
24.8732 185761
24.8737 185772
24.8741 185783
24.8746 185794
24.8751 185805
24.8756 185816
24.8761 185827
24.8765 185838
24.877 185849
24.8775 185860
24.878 185871
24.8785 185882
24.8789 185893
24.8794 185904
24.8799 185915
24.8804 185926
24.8809 185937
24.8813 185948
24.8818 185959
24.8823 185970
24.883 185981
24.8837 185992
24.8842 186003
24.8847 186014
24.8854 186025
24.8864 186036
24.8888 186047
24.8895 186058
24.9092 186069
24.9135 186080
24.9167 186091
24.9186 186102
24.9205 186113
24.9215 186124
24.9224 186135
24.9232 186146
24.9236 186157
24.9241 186168
24.9246 186179
24.9251 186190
24.9256 186201
24.926 186212
24.9265 186223
24.927 186234
24.9275 186245
24.928 186256
24.9284 186267
24.9289 186278
24.9294 186289
24.9299 186300
24.9304 186311
24.9308 186322
24.9313 186333
24.9318 186344
24.9323 186355
24.9328 186366
24.9333 186377
24.9337 186388
24.9342 186399
24.9347 186410
24.9352 186421
24.9357 186432
24.9361 186443
24.9366 186454
24.9371 186465
24.9376 186476
24.9381 186487
24.9385 186498
24.939 186509
24.9395 186520
24.94 186531
24.9405 186542
24.9409 186553
24.9414 186564
24.9419 186575
24.9424 186586
24.9429 186597
24.9433 186608
24.9438 186619
24.9443 186630
24.9448 186641
24.9453 186652
24.9457 186663
24.9462 186674
24.9469 186685
24.9477 186696
24.9482 186707
24.9486 186718
24.9494 186729
24.9503 186740
24.9527 186751
24.9534 186762
24.9731 186773
24.9772 186784
24.9804 186795
24.9823 186806
24.9842 186817
24.9852 186828
24.9861 186839
24.9866 186850
24.9871 186861
24.9876 186872
24.988 186883
24.9885 186894
24.989 186905
24.9895 186916
24.99 186927
24.9904 186938
24.9909 186949
24.9914 186960
24.9919 186971
24.9924 186982
24.9928 186993
24.9933 187004
24.9938 187015
24.9943 187026
24.9948 187037
24.9953 187048
24.9957 187059
24.9962 187070
24.9967 187081
24.9972 187092
24.9977 187103
24.9981 187114
24.9986 187125
24.9991 187136
24.9996 187147
25.0001 187158
25.0005 187169
25.001 187180
25.0015 187191
25.002 187202
25.0025 187213
25.0029 187224
25.0034 187235
25.0039 187246
25.0044 187257
25.0049 187268
25.0053 187279
25.0058 187290
25.0063 187301
25.0068 187312
25.0073 187323
25.0077 187334
25.0082 187345
25.0087 187356
25.0092 187367
25.0097 187378
25.0106 187389
25.0111 187400
25.0116 187411
25.0121 187422
25.013 187433
25.014 187444
25.0164 187455
25.0171 187466
25.0368 187477
25.0409 187488
25.044 187499
25.0457 187510
25.0476 187521
25.0486 187532
25.0496 187543
25.05 187554
25.0505 187565
25.051 187576
25.0515 187587
25.052 187598
25.0524 187609
25.0529 187620
25.0534 187631
25.0539 187642
25.0544 187653
25.0549 187664
25.0553 187675
25.0558 187686
25.0563 187697
25.0568 187708
25.0573 187719
25.0577 187730
25.0582 187741
25.0587 187752
25.0592 187763
25.0597 187774
25.0601 187785
25.0606 187796
25.0611 187807
25.0616 187818
25.0621 187829
25.0625 187840
25.063 187851
25.0635 187862
25.064 187873
25.0645 187884
25.0649 187895
25.0654 187906
25.0659 187917
25.0664 187928
25.0669 187939
25.0673 187950
25.0678 187961
25.0683 187972
25.0688 187983
25.0693 187994
25.0698 188005
25.0702 188016
25.0707 188027
25.0712 188038
25.0717 188049
25.0722 188060
25.0726 188071
25.0731 188082
25.0741 188093
25.0746 188104
25.075 188115
25.0755 188126
25.0765 188137
25.0774 188148
25.0801 188159
25.0808 188170
25.1008 188181
25.1048 188192
25.108 188203
25.1096 188214
25.1116 188225
25.1125 188236
25.1135 188247
25.114 188258
25.1145 188269
25.1149 188280
25.1154 188291
25.1159 188302
25.1164 188313
25.1169 188324
25.1173 188335
25.1178 188346
25.1183 188357
25.1188 188368
25.1193 188379
25.1197 188390
25.1202 188401
25.1207 188412
25.1212 188423
25.1217 188434
25.1221 188445
25.1226 188456
25.1231 188467
25.1236 188478
25.1241 188489
25.1245 188500
25.125 188511
25.1255 188522
25.126 188533
25.1265 188544
25.1269 188555
25.1274 188566
25.1279 188577
25.1284 188588
25.1289 188599
25.1294 188610
25.1298 188621
25.1303 188632
25.1308 188643
25.1313 188654
25.1318 188665
25.1322 188676
25.1327 188687
25.1332 188698
25.1337 188709
25.1342 188720
25.1346 188731
25.1351 188742
25.1356 188753
25.1361 188764
25.1366 188775
25.137 188786
25.138 188797
25.1385 188808
25.139 188819
25.1394 188830
25.1404 188841
25.1414 188852
25.144 188863
25.1447 188874
25.1649 188885
25.169 188896
25.1721 188907
25.1738 188918
25.1757 188929
25.1767 188940
25.1777 188951
25.1784 188962
25.1789 188973
25.1793 188984
25.1798 188995
25.1803 189006
25.1808 189017
25.1813 189028
25.1817 189039
25.1822 189050
25.1827 189061
25.1832 189072
25.1837 189083
25.1841 189094
25.1846 189105
25.1851 189116
25.1856 189127
25.1861 189138
25.1865 189149
25.187 189160
25.1875 189171
25.188 189182
25.1885 189193
25.189 189204
25.1894 189215
25.1899 189226
25.1904 189237
25.1909 189248
25.1914 189259
25.1918 189270
25.1923 189281
25.1928 189292
25.1933 189303
25.1938 189314
25.1942 189325
25.1947 189336
25.1952 189347
25.1957 189358
25.1962 189369
25.1966 189380
25.1971 189391
25.1976 189402
25.1981 189413
25.1986 189424
25.199 189435
25.1995 189446
25.2 189457
25.2005 189468
25.201 189479
25.2014 189490
25.2019 189501
25.2029 189512
25.2034 189523
25.2039 189534
25.2043 189545
25.2053 189556
25.2063 189567
25.2089 189578
25.2099 189589
25.2303 189600
25.2344 189611
25.2375 189622
25.2392 189633
25.2411 189644
25.2421 189655
25.243 189666
25.2437 189677
25.2442 189688
25.2447 189699
25.2452 189710
25.2457 189721
25.2461 189732
25.2466 189743
25.2471 189754
25.2476 189765
25.2481 189776
25.2486 189787
25.249 189798
25.2495 189809
25.25 189820
25.2505 189831
25.251 189842
25.2514 189853
25.2519 189864
25.2524 189875
25.2529 189886
25.2534 189897
25.2538 189908
25.2543 189919
25.2548 189930
25.2553 189941
25.2558 189952
25.2562 189963
25.2567 189974
25.2572 189985
25.2577 189996
25.2582 190007
25.2586 190018
25.2591 190029
25.2596 190040
25.2601 190051
25.2606 190062
25.261 190073
25.2615 190084
25.262 190095
25.2625 190106
25.263 190117
25.2635 190128
25.2639 190139
25.2644 190150
25.2649 190161
25.2654 190172
25.2659 190183
25.2663 190194
25.2668 190205
25.2673 190216
25.2683 190227
25.2687 190238
25.2692 190249
25.2697 190260
25.2707 190271
25.2716 190282
25.2743 190293
25.2752 190304
25.2954 190315
25.2995 190326
25.3026 190337
25.3043 190348
25.3062 190359
25.3072 190370
25.3081 190381
25.3086 190392
25.3091 190403
25.3096 190414
25.3101 190425
25.3106 190436
25.311 190447
25.3115 190458
25.312 190469
25.3125 190480
25.313 190491
25.3134 190502
25.3139 190513
25.3144 190524
25.3149 190535
25.3154 190546
25.3158 190557
25.3163 190568
25.3168 190579
25.3173 190590
25.3178 190601
25.3182 190612
25.3187 190622
25.3192 190632
25.3197 190642
25.3202 190652
25.3206 190662
25.3211 190672
25.3216 190682
25.3221 190692
25.3226 190702
25.323 190712
25.3235 190722
25.324 190732
25.3245 190742
25.325 190752
25.3255 190762
25.3259 190772
25.3264 190782
25.3269 190792
25.3274 190802
25.3279 190812
25.3283 190822
25.3288 190832
25.3293 190842
25.3298 190852
25.3303 190862
25.3307 190872
25.3312 190882
25.3317 190892
25.3324 190902
25.3331 190912
25.3336 190922
25.3341 190932
25.3346 190942
25.3355 190952
25.3365 190962
25.3392 190972
25.3401 190982
25.3608 190992
25.3649 191002
25.368 191012
25.3697 191022
25.3716 191032
25.3726 191042
25.3735 191052
25.374 191062
25.3745 191072
25.375 191082
25.3754 191092
25.3759 191102
25.3764 191112
25.3769 191122
25.3774 191132
25.3778 191142
25.3783 191152
25.3788 191162
25.3793 191172
25.3798 191182
25.3802 191192
25.3807 191202
25.3812 191212
25.3817 191222
25.3822 191232
25.3826 191242
25.3831 191252
25.3836 191262
25.3841 191272
25.3846 191282
25.3851 191292
25.3855 191302
25.386 191312
25.3865 191322
25.387 191332
25.3875 191342
25.3879 191352
25.3884 191362
25.3889 191372
25.3894 191382
25.3899 191392
25.3903 191402
25.3908 191412
25.3913 191422
25.3918 191432
25.3923 191442
25.3927 191452
25.3932 191462
25.3937 191472
25.3942 191482
25.3947 191492
25.3951 191502
25.3956 191512
25.3961 191522
25.3966 191532
25.3971 191542
25.3978 191552
25.3985 191562
25.399 191572
25.3995 191582
25.4 191592
25.4009 191602
25.4019 191612
25.4045 191622
25.4055 191632
25.4264 191642
25.4305 191652
25.4336 191662
25.4353 191672
25.4372 191682
25.4382 191692
25.4391 191702
25.4398 191712
25.4403 191722
25.4408 191732
25.4413 191742
25.4418 191752
25.4422 191762
25.4427 191772
25.4432 191782
25.4437 191792
25.4442 191802
25.4447 191812
25.4451 191822
25.4456 191832
25.4461 191842
25.4466 191852
25.4471 191862
25.4475 191872
25.448 191882
25.4485 191892
25.449 191902
25.4495 191912
25.4499 191922
25.4504 191932
25.4509 191942
25.4514 191952
25.4519 191962
25.4523 191972
25.4528 191982
25.4533 191992
25.4538 192002
25.4543 192012
25.4547 192022
25.4552 192032
25.4557 192042
25.4562 192052
25.4567 192062
25.4571 192072
25.4576 192082
25.4581 192092
25.4586 192102
25.4591 192112
25.4596 192122
25.46 192132
25.4605 192142
25.461 192152
25.4615 192162
25.462 192172
25.4624 192182
25.4629 192192
25.4634 192202
25.4641 192212
25.4648 192222
25.4653 192232
25.4658 192242
25.4663 192252
25.4672 192262
25.4682 192272
25.4708 192282
25.4718 192292
25.4932 192302
25.4973 192312
25.5004 192322
25.5021 192332
25.504 192342
25.505 192352
25.5059 192362
25.5067 192372
25.5071 192382
25.5076 192392
25.5081 192402
25.5086 192412
25.5091 192422
25.5095 192432
25.51 192442
25.5105 192452
25.511 192462
25.5115 192472
25.5119 192482
25.5124 192492
25.5129 192502
25.5134 192512
25.5139 192522
25.5143 192532
25.5148 192542
25.5153 192552
25.5158 192562
25.5163 192572
25.5167 192582
25.5172 192592
25.5177 192602
25.5182 192612
25.5187 192622
25.5192 192632
25.5196 192642
25.5201 192652
25.5206 192662
25.5211 192672
25.5216 192682
25.522 192692
25.5225 192702
25.523 192712
25.5235 192722
25.524 192732
25.5244 192742
25.5249 192752
25.5254 192762
25.5259 192772
25.5264 192782
25.5268 192792
25.5273 192802
25.5278 192812
25.5283 192822
25.5288 192832
25.5292 192842
25.5297 192852
25.5302 192862
25.5309 192872
25.5316 192882
25.5321 192892
25.5326 192902
25.5331 192912
25.5341 192922
25.535 192932
25.5377 192942
25.5386 192952
25.5598 192962
25.5639 192972
25.567 192982
25.5687 192992
25.5706 193002
25.5715 193012
25.5725 193022
25.573 193032
25.5735 193042
25.5739 193052
25.5744 193062
25.5749 193072
25.5754 193082
25.5759 193092
25.5763 193102
25.5768 193112
25.5773 193122
25.5778 193132
25.5783 193142
25.5788 193152
25.5792 193162
25.5797 193172
25.5802 193182
25.5807 193192
25.5812 193202
25.5816 193212
25.5821 193222
25.5826 193232
25.5831 193242
25.5836 193252
25.584 193262
25.5845 193272
25.585 193282
25.5855 193292
25.586 193302
25.5864 193312
25.5869 193322
25.5874 193332
25.5879 193342
25.5884 193352
25.5888 193362
25.5893 193372
25.5898 193382
25.5903 193392
25.5908 193402
25.5912 193412
25.5917 193422
25.5922 193432
25.5927 193442
25.5932 193452
25.5936 193462
25.5941 193472
25.5946 193482
25.5951 193492
25.5956 193502
25.5961 193512
25.5965 193522
25.5975 193532
25.598 193542
25.5985 193552
25.5989 193562
25.5994 193572
25.6004 193582
25.6013 193592
25.604 193602
25.6049 193612
25.6263 193622
25.6307 193632
25.6338 193642
25.6355 193652
25.6374 193662
25.6383 193672
25.6393 193682
25.6398 193692
25.6403 193702
25.6408 193712
25.6412 193722
25.6417 193732
25.6422 193742
25.6427 193752
25.6432 193762
25.6436 193772
25.6441 193782
25.6446 193792
25.6451 193802
25.6456 193812
25.646 193822
25.6465 193832
25.647 193842
25.6475 193852
25.648 193862
25.6484 193872
25.6489 193882
25.6494 193892
25.6499 193902
25.6504 193912
25.6508 193922
25.6513 193932
25.6518 193942
25.6523 193952
25.6528 193962
25.6532 193972
25.6537 193982
25.6542 193992
25.6547 194002
25.6552 194012
25.6557 194022
25.6561 194032
25.6566 194042
25.6571 194052
25.6576 194062
25.6581 194072
25.6585 194082
25.659 194092
25.6595 194102
25.66 194112
25.6605 194122
25.6609 194132
25.6614 194142
25.6619 194152
25.6624 194162
25.6629 194172
25.6633 194182
25.6643 194192
25.6648 194202
25.6653 194212
25.6657 194222
25.6662 194232
25.6672 194242
25.6681 194252
25.6708 194262
25.6718 194272
25.6931 194282
25.6977 194292
25.7008 194302
25.7025 194312
25.7044 194322
25.7054 194332
25.7064 194342
25.7071 194352
25.7076 194362
25.708 194372
25.7085 194382
25.709 194392
25.7095 194402
25.71 194412
25.7104 194422
25.7109 194432
25.7114 194442
25.7119 194452
25.7124 194462
25.7128 194472
25.7133 194482
25.7138 194492
25.7143 194502
25.7148 194512
25.7153 194522
25.7157 194532
25.7162 194542
25.7167 194552
25.7172 194562
25.7177 194572
25.7181 194582
25.7186 194592
25.7191 194602
25.7196 194612
25.7201 194622
25.7205 194632
25.721 194642
25.7215 194652
25.722 194662
25.7225 194672
25.7229 194682
25.7234 194692
25.7239 194702
25.7244 194712
25.7249 194722
25.7253 194732
25.7258 194742
25.7263 194752
25.7268 194762
25.7273 194772
25.7277 194782
25.7282 194792
25.7287 194802
25.7292 194812
25.7297 194822
25.7302 194832
25.7306 194842
25.7311 194852
25.7321 194862
25.7326 194872
25.733 194882
25.7335 194892
25.734 194902
25.735 194912
25.7359 194922
25.7386 194932
25.7395 194942
25.7612 194952
25.7657 194962
25.7691 194972
25.7708 194982
25.7727 194992
25.7736 195002
25.7746 195012
25.7753 195022
25.7758 195032
25.7763 195042
25.7768 195052
25.7773 195062
25.7777 195072
25.7782 195082
25.7787 195092
25.7792 195102
25.7797 195112
25.7801 195122
25.7806 195132
25.7811 195142
25.7816 195152
25.7821 195162
25.7825 195172
25.783 195182
25.7835 195192
25.784 195202
25.7845 195212
25.7849 195222
25.7854 195232
25.7859 195242
25.7864 195252
25.7869 195262
25.7873 195272
25.7878 195282
25.7883 195292
25.7888 195302
25.7893 195312
25.7898 195322
25.7902 195332
25.7907 195342
25.7912 195352
25.7917 195362
25.7922 195372
25.7926 195382
25.7931 195392
25.7936 195402
25.7941 195412
25.7946 195422
25.795 195432
25.7955 195442
25.796 195452
25.7965 195462
25.797 195472
25.7974 195482
25.7979 195492
25.7984 195502
25.7989 195512
25.7994 195522
25.8003 195532
25.8008 195542
25.8013 195552
25.8018 195562
25.8022 195572
25.8032 195582
25.8042 195592
25.8068 195602
25.8078 195612
25.8294 195622
25.8337 195632
25.8371 195642
25.8388 195652
25.8407 195662
25.8417 195672
25.8426 195682
25.8431 195692
25.8436 195702
25.8441 195712
25.8445 195722
25.845 195732
25.8455 195742
25.846 195752
25.8465 195762
25.8469 195772
25.8474 195782
25.8479 195792
25.8484 195802
25.8489 195812
25.8494 195822
25.8498 195832
25.8503 195842
25.8508 195852
25.8513 195862
25.8518 195872
25.8522 195882
25.8527 195892
25.8532 195902
25.8537 195912
25.8542 195922
25.8546 195932
25.8551 195942
25.8556 195952
25.8561 195962
25.8566 195972
25.857 195982
25.8575 195992
25.858 196002
25.8585 196012
25.859 196022
25.8594 196032
25.8599 196042
25.8604 196052
25.8609 196062
25.8614 196072
25.8618 196082
25.8623 196092
25.8628 196102
25.8633 196112
25.8638 196122
25.8643 196132
25.8647 196142
25.8652 196152
25.8657 196162
25.8662 196172
25.8667 196182
25.8674 196192
25.8681 196202
25.8686 196212
25.8691 196222
25.8695 196232
25.87 196242
25.871 196252
25.8719 196262
25.8746 196272
25.8755 196282
25.8974 196292
25.902 196302
25.9053 196312
25.907 196322
25.9089 196332
25.9099 196342
25.9109 196352
25.9114 196362
25.9118 196372
25.9123 196382
25.9128 196392
25.9133 196402
25.9138 196412
25.9142 196422
25.9147 196432
25.9152 196442
25.9157 196452
25.9162 196462
25.9166 196472
25.9171 196482
25.9176 196492
25.9181 196502
25.9186 196512
25.919 196522
25.9195 196532
25.92 196542
25.9205 196552
25.921 196562
25.9214 196572
25.9219 196582
25.9224 196592
25.9229 196602
25.9234 196612
25.9238 196622
25.9243 196632
25.9248 196642
25.9253 196652
25.9258 196662
25.9263 196672
25.9267 196682
25.9272 196692
25.9277 196702
25.9282 196712
25.9287 196722
25.9291 196732
25.9296 196742
25.9301 196752
25.9306 196762
25.9311 196772
25.9315 196782
25.932 196792
25.9325 196802
25.933 196812
25.9335 196822
25.9339 196832
25.9344 196842
25.9349 196852
25.9356 196862
25.9363 196872
25.9368 196882
25.9373 196892
25.9378 196902
25.9383 196912
25.9392 196922
25.9402 196932
25.9428 196942
25.9438 196952
25.9657 196962
25.9705 196972
25.9738 196982
25.9755 196992
25.9774 197002
25.9784 197012
25.9794 197022
25.9801 197032
25.9806 197042
25.981 197052
25.9815 197062
25.982 197072
25.9825 197082
25.983 197092
25.9834 197102
25.9839 197112
25.9844 197122
25.9849 197132
25.9854 197142
25.9859 197152
25.9863 197162
25.9868 197172
25.9873 197182
25.9878 197192
25.9883 197202
25.9887 197212
25.9892 197222
25.9897 197232
25.9902 197242
25.9907 197252
25.9911 197262
25.9916 197272
25.9921 197282
25.9926 197292
25.9931 197302
25.9935 197312
25.994 197322
25.9945 197332
25.995 197342
25.9955 197352
25.9959 197362
25.9964 197372
25.9969 197382
25.9974 197392
25.9979 197402
25.9983 197412
25.9988 197422
25.9993 197432
25.9998 197442
26.0003 197452
26.0008 197462
26.0012 197472
26.0017 197482
26.0022 197492
26.0027 197502
26.0032 197512
26.0036 197522
26.0041 197532
26.0051 197542
26.0056 197552
26.006 197562
26.0065 197572
26.007 197582
26.0077 197592
26.0087 197602
26.0094 197612
26.012 197622
26.013 197632
26.0351 197642
26.0399 197652
26.0433 197662
26.0452 197672
26.0471 197682
26.0481 197692
26.0491 197702
26.0498 197712
26.0503 197722
26.0507 197732
26.0512 197742
26.0517 197752
26.0522 197762
26.0527 197772
26.0531 197782
26.0536 197792
26.0541 197802
26.0546 197812
26.0551 197822
26.0555 197832
26.056 197842
26.0565 197852
26.057 197862
26.0575 197872
26.0579 197882
26.0584 197892
26.0589 197902
26.0594 197912
26.0599 197922
26.0604 197932
26.0608 197942
26.0613 197952
26.0618 197962
26.0623 197972
26.0628 197982
26.0632 197992
26.0637 198002
26.0642 198012
26.0647 198022
26.0652 198032
26.0656 198042
26.0661 198052
26.0666 198062
26.0671 198072
26.0676 198082
26.068 198092
26.0685 198102
26.069 198112
26.0695 198122
26.07 198132
26.0704 198142
26.0709 198152
26.0714 198162
26.0719 198172
26.0724 198182
26.0728 198192
26.0733 198202
26.0738 198212
26.0748 198222
26.0753 198232
26.0757 198242
26.0762 198252
26.0767 198262
26.0774 198272
26.0784 198282
26.0791 198292
26.0817 198302
26.0827 198312
26.1048 198322
26.1094 198332
26.1127 198342
26.1147 198352
26.1166 198362
26.1175 198372
26.1185 198382
26.119 198392
26.1195 198402
26.12 198412
26.1204 198422
26.1209 198432
26.1214 198442
26.1219 198452
26.1224 198462
26.1228 198472
26.1233 198482
26.1238 198492
26.1243 198502
26.1248 198512
26.1252 198522
26.1257 198532
26.1262 198542
26.1267 198552
26.1272 198562
26.1276 198572
26.1281 198582
26.1286 198592
26.1291 198602
26.1296 198612
26.13 198622
26.1305 198632
26.131 198642
26.1315 198652
26.132 198662
26.1324 198672
26.1329 198682
26.1334 198692
26.1339 198702
26.1344 198712
26.1349 198722
26.1353 198732
26.1358 198742
26.1363 198752
26.1368 198762
26.1373 198772
26.1377 198782
26.1382 198792
26.1387 198802
26.1392 198812
26.1397 198822
26.1401 198832
26.1406 198842
26.1411 198852
26.1416 198862
26.1421 198872
26.1425 198882
26.1433 198892
26.144 198902
26.1445 198912
26.1449 198922
26.1454 198932
26.1459 198942
26.1469 198952
26.1478 198962
26.1485 198972
26.1512 198982
26.1522 198992
26.1745 199002
26.1791 199012
26.1824 199022
26.1846 199032
26.1865 199042
26.1875 199052
26.1882 199062
26.1887 199072
26.1892 199082
26.1896 199092
26.1901 199102
26.1906 199112
26.1911 199122
26.1916 199132
26.192 199142
26.1925 199152
26.193 199162
26.1935 199172
26.194 199182
26.1944 199192
26.1949 199202
26.1954 199212
26.1959 199222
26.1964 199232
26.1969 199242
26.1973 199252
26.1978 199262
26.1983 199272
26.1988 199282
26.1993 199292
26.1997 199302
26.2002 199312
26.2007 199322
26.2012 199332
26.2017 199342
26.2021 199352
26.2026 199362
26.2031 199372
26.2036 199382
26.2041 199392
26.2045 199402
26.205 199412
26.2055 199422
26.206 199432
26.2065 199442
26.2069 199452
26.2074 199462
26.2079 199472
26.2084 199482
26.2089 199492
26.2093 199502
26.2098 199512
26.2103 199522
26.2108 199532
26.2113 199542
26.2118 199552
26.2122 199562
26.2132 199572
26.2137 199582
26.2142 199592
26.2146 199602
26.2151 199612
26.2156 199622
26.2166 199632
26.2175 199642
26.2182 199652
26.2209 199662
26.2218 199672
26.2442 199682
26.249 199692
26.2524 199702
26.2545 199712
26.2565 199722
26.2574 199732
26.2584 199742
26.2589 199752
26.2593 199762
26.2598 199772
26.2603 199782
26.2608 199792
26.2613 199802
26.2617 199812
26.2622 199822
26.2627 199832
26.2632 199842
26.2637 199852
26.2641 199862
26.2646 199872
26.2651 199882
26.2656 199892
26.2661 199902
26.2665 199912
26.267 199922
26.2675 199932
26.268 199942
26.2685 199952
26.2689 199962
26.2694 199972
26.2699 199982
26.2704 199992
26.2709 200002
26.2714 200012
26.2718 200022
26.2723 200032
26.2728 200042
26.2733 200052
26.2738 200062
26.2742 200072
26.2747 200082
26.2752 200092
26.2757 200102
26.2762 200112
26.2766 200122
26.2771 200132
26.2776 200142
26.2781 200152
26.2786 200162
26.279 200172
26.2795 200182
26.28 200192
26.2805 200202
26.281 200212
26.2814 200222
26.2819 200232
26.2824 200242
26.2831 200252
26.2838 200262
26.2843 200272
26.2848 200282
26.2853 200292
26.2858 200302
26.2865 200312
26.2875 200322
26.2882 200332
26.2908 200342
26.2918 200352
26.3144 200362
26.3192 200372
26.3225 200382
26.3247 200392
26.3266 200402
26.3278 200412
26.3288 200422
26.3295 200432
26.33 200442
26.3305 200452
26.331 200462
26.3314 200472
26.3319 200482
26.3324 200492
26.3329 200502
26.3334 200512
26.3338 200522
26.3343 200532
26.3348 200542
26.3353 200552
26.3358 200562
26.3362 200572
26.3367 200582
26.3372 200592
26.3377 200602
26.3382 200612
26.3386 200622
26.3391 200632
26.3396 200642
26.3401 200652
26.3406 200662
26.341 200672
26.3415 200682
26.342 200692
26.3425 200702
26.343 200712
26.3434 200722
26.3439 200732
26.3444 200742
26.3449 200752
26.3454 200762
26.3459 200772
26.3463 200782
26.3468 200792
26.3473 200802
26.3478 200812
26.3483 200822
26.3487 200832
26.3492 200842
26.3497 200852
26.3502 200862
26.3507 200872
26.3511 200882
26.3516 200892
26.3521 200902
26.3526 200912
26.3531 200922
26.3535 200932
26.3543 200942
26.355 200952
26.3555 200962
26.3559 200972
26.3564 200982
26.3569 200992
26.3576 201002
26.3586 201012
26.3593 201022
26.362 201032
26.3629 201042
26.3855 201052
26.3901 201062
26.3934 201072
26.3956 201082
26.3975 201092
26.3987 201102
26.3997 201112
26.4002 201122
26.4006 201132
26.4011 201142
26.4016 201152
26.4021 201162
26.4026 201172
26.403 201182
26.4035 201192
26.404 201202
26.4045 201212
26.405 201222
26.4055 201232
26.4059 201242
26.4064 201252
26.4069 201262
26.4074 201272
26.4079 201282
26.4083 201292
26.4088 201302
26.4093 201312
26.4098 201322
26.4103 201332
26.4107 201342
26.4112 201352
26.4117 201362
26.4122 201372
26.4127 201382
26.4131 201392
26.4136 201402
26.4141 201412
26.4146 201422
26.4151 201432
26.4155 201442
26.416 201452
26.4165 201462
26.417 201472
26.4175 201482
26.4179 201492
26.4184 201502
26.4189 201512
26.4194 201522
26.4199 201532
26.4204 201542
26.4208 201552
26.4213 201562
26.4218 201572
26.4223 201582
26.4228 201592
26.4232 201602
26.4237 201612
26.4242 201622
26.4252 201632
26.4256 201642
26.4261 201652
26.4266 201662
26.4271 201672
26.4276 201682
26.4285 201692
26.4295 201702
26.4302 201712
26.4328 201722
26.4338 201732
26.4566 201742
26.4612 201752
26.4646 201762
26.4667 201772
26.4687 201782
26.4701 201792
26.4708 201802
26.4713 201812
26.4718 201822
26.4723 201832
26.4727 201842
26.4732 201852
26.4737 201862
26.4742 201872
26.4747 201882
26.4751 201892
26.4756 201902
26.4761 201912
26.4766 201922
26.4771 201932
26.4775 201942
26.478 201952
26.4785 201962
26.479 201972
26.4795 201982
26.48 201992
26.4804 202002
26.4809 202012
26.4814 202022
26.4819 202032
26.4824 202042
26.4828 202052
26.4833 202062
26.4838 202072
26.4843 202082
26.4848 202092
26.4852 202102
26.4857 202112
26.4862 202122
26.4867 202132
26.4872 202142
26.4876 202152
26.4881 202162
26.4886 202172
26.4891 202182
26.4896 202192
26.49 202202
26.4905 202212
26.491 202222
26.4915 202232
26.492 202242
26.4924 202252
26.4929 202262
26.4934 202272
26.4939 202282
26.4944 202292
26.4948 202302
26.4956 202312
26.4963 202322
26.4968 202332
26.4973 202342
26.4977 202352
26.4982 202362
26.4987 202372
26.4997 202382
26.5006 202392
26.5013 202402
26.504 202412
26.5049 202422
26.5278 202432
26.5326 202442
26.5359 202452
26.5381 202462
26.54 202472
26.5415 202482
26.5424 202492
26.5429 202502
26.5434 202512
26.5439 202522
26.5444 202532
26.5448 202542
26.5453 202552
26.5458 202562
26.5463 202572
26.5468 202582
26.5472 202592
26.5477 202602
26.5482 202612
26.5487 202622
26.5492 202632
26.5496 202642
26.5501 202652
26.5506 202662
26.5511 202672
26.5516 202682
26.552 202692
26.5525 202702
26.553 202712
26.5535 202722
26.554 202732
26.5544 202742
26.5549 202752
26.5554 202762
26.5559 202772
26.5564 202782
26.5569 202792
26.5573 202802
26.5578 202812
26.5583 202822
26.5588 202832
26.5593 202842
26.5597 202852
26.5602 202862
26.5607 202872
26.5612 202882
26.5617 202892
26.5621 202902
26.5626 202912
26.5631 202922
26.5636 202932
26.5641 202942
26.5645 202952
26.565 202962
26.5655 202972
26.566 202982
26.5665 202992
26.5669 203002
26.5679 203012
26.5684 203022
26.5689 203032
26.5693 203042
26.5698 203052
26.5703 203062
26.571 203072
26.572 203082
26.5727 203092
26.5754 203102
26.5763 203112
26.5991 203122
26.604 203132
26.6073 203142
26.6095 203152
26.6114 203162
26.6128 203172
26.6138 203182
26.6145 203192
26.615 203202
26.6155 203212
26.616 203222
26.6165 203232
26.6169 203242
26.6174 203252
26.6179 203262
26.6184 203272
26.6189 203282
26.6193 203292
26.6198 203302
26.6203 203312
26.6208 203322
26.6213 203332
26.6217 203342
26.6222 203352
26.6227 203362
26.6232 203372
26.6237 203382
26.6241 203392
26.6246 203402
26.6251 203412
26.6256 203422
26.6261 203432
26.6265 203442
26.627 203452
26.6275 203462
26.628 203472
26.6285 203482
26.6289 203492
26.6294 203502
26.6299 203512
26.6304 203522
26.6309 203532
26.6314 203542
26.6318 203552
26.6323 203562
26.6328 203572
26.6333 203582
26.6338 203592
26.6342 203602
26.6347 203612
26.6352 203622
26.6357 203632
26.6362 203642
26.6366 203652
26.6371 203662
26.6376 203672
26.6381 203682
26.6386 203692
26.639 203702
26.64 203712
26.6405 203722
26.641 203732
26.6414 203742
26.6419 203752
26.6424 203762
26.6431 203772
26.6443 203782
26.645 203792
26.6477 203802
26.6487 203812
26.6717 203822
26.6765 203832
26.6799 203842
26.6821 203852
26.684 203862
26.6854 203872
26.6864 203882
26.6871 203892
26.6876 203902
26.6881 203912
26.6885 203922
26.689 203932
26.6895 203942
26.69 203952
26.6905 203962
26.691 203972
26.6914 203982
26.6919 203992
26.6924 204002
26.6929 204012
26.6934 204022
26.6938 204032
26.6943 204042
26.6948 204052
26.6953 204062
26.6958 204072
26.6962 204082
26.6967 204092
26.6972 204102
26.6977 204112
26.6982 204122
26.6986 204132
26.6991 204142
26.6996 204152
26.7001 204162
26.7006 204172
26.701 204182
26.7015 204192
26.702 204202
26.7025 204212
26.703 204222
26.7034 204232
26.7039 204242
26.7044 204252
26.7049 204262
26.7054 204272
26.7059 204282
26.7063 204292
26.7068 204302
26.7073 204312
26.7078 204322
26.7083 204332
26.7087 204342
26.7092 204352
26.7097 204362
26.7102 204372
26.7107 204382
26.7111 204392
26.7116 204402
26.7126 204412
26.7131 204422
26.7135 204432
26.714 204442
26.7145 204452
26.715 204462
26.7157 204472
26.7169 204482
26.7176 204492
26.7203 204502
26.7212 204512
26.7441 204522
26.7489 204532
26.7522 204542
26.7544 204552
26.7563 204562
26.7578 204572
26.7587 204582
26.7592 204592
26.7597 204602
26.7602 204612
26.7606 204622
26.7611 204632
26.7616 204642
26.7621 204652
26.7626 204662
26.763 204672
26.7635 204682
26.764 204692
26.7645 204702
26.765 204712
26.7655 204722
26.7659 204732
26.7664 204742
26.7669 204752
26.7674 204762
26.7679 204772
26.7683 204782
26.7688 204792
26.7693 204802
26.7698 204812
26.7703 204822
26.7707 204832
26.7712 204842
26.7717 204852
26.7722 204862
26.7727 204872
26.7731 204882
26.7736 204892
26.7741 204902
26.7746 204912
26.7751 204922
26.7755 204932
26.776 204942
26.7765 204952
26.777 204962
26.7775 204972
26.7779 204982
26.7784 204992
26.7789 205002
26.7794 205012
26.7799 205022
26.7804 205032
26.7808 205042
26.7813 205052
26.7818 205062
26.7823 205072
26.7828 205082
26.7832 205092
26.784 205102
26.7847 205112
26.7852 205122
26.7856 205132
26.7861 205142
26.7866 205152
26.7871 205162
26.7878 205172
26.789 205182
26.7897 205192
26.7926 205202
26.7936 205212
26.8166 205222
26.8214 205232
26.8248 205242
26.827 205252
26.8289 205262
26.8303 205272
26.8313 205282
26.8318 205292
26.8323 205302
26.8327 205312
26.8332 205322
26.8337 205332
26.8342 205342
26.8347 205352
26.8351 205362
26.8356 205372
26.8361 205382
26.8366 205392
26.8371 205402
26.8375 205412
26.838 205422
26.8385 205432
26.839 205442
26.8395 205452
26.8399 205462
26.8404 205472
26.8409 205482
26.8414 205492
26.8419 205502
26.8424 205512
26.8428 205522
26.8433 205532
26.8438 205542
26.8443 205552
26.8448 205562
26.8452 205572
26.8457 205582
26.8462 205592
26.8467 205602
26.8472 205612
26.8476 205622
26.8481 205632
26.8486 205642
26.8491 205652
26.8496 205662
26.85 205672
26.8505 205682
26.851 205692
26.8515 205702
26.852 205712
26.8524 205722
26.8529 205732
26.8534 205742
26.8539 205752
26.8544 205762
26.8548 205772
26.8553 205782
26.8558 205792
26.8565 205802
26.8573 205812
26.8577 205822
26.8582 205832
26.8587 205842
26.8592 205852
26.8597 205862
26.8604 205872
26.8616 205882
26.8623 205892
26.8652 205902
26.8661 205912
26.8895 205922
26.8943 205932
26.8976 205942
26.8998 205952
26.9017 205962
26.9032 205972
26.9041 205982
26.9048 205992
26.9053 206002
26.9058 206012
26.9063 206022
26.9068 206032
26.9072 206042
26.9077 206052
26.9082 206062
26.9087 206072
26.9092 206082
26.9096 206092
26.9101 206102
26.9106 206112
26.9111 206122
26.9116 206132
26.912 206142
26.9125 206152
26.913 206162
26.9135 206172
26.914 206182
26.9144 206192
26.9149 206202
26.9154 206212
26.9159 206222
26.9164 206232
26.9169 206242
26.9173 206252
26.9178 206262
26.9183 206272
26.9188 206282
26.9193 206292
26.9197 206302
26.9202 206312
26.9207 206322
26.9212 206332
26.9217 206342
26.9221 206352
26.9226 206362
26.9231 206372
26.9236 206382
26.9241 206392
26.9245 206402
26.925 206412
26.9255 206422
26.926 206432
26.9265 206442
26.9269 206452
26.9274 206462
26.9279 206472
26.9284 206482
26.9289 206492
26.9293 206502
26.9301 206512
26.9308 206522
26.9313 206532
26.9318 206542
26.9322 206552
26.9327 206562
26.9332 206572
26.9339 206582
26.9351 206592
26.9358 206602
26.9387 206612
26.9397 206622
26.9635 206632
26.9683 206642
26.9716 206652
26.9738 206662
26.9757 206672
26.9772 206682
26.9781 206692
26.9789 206702
26.9793 206712
26.9798 206722
26.9803 206732
26.9808 206742
26.9813 206752
26.9817 206762
26.9822 206772
26.9827 206782
26.9832 206792
26.9837 206802
26.9841 206812
26.9846 206822
26.9851 206832
26.9856 206842
26.9861 206852
26.9865 206862
26.987 206872
26.9875 206882
26.988 206892
26.9885 206902
26.9889 206912
26.9894 206922
26.9899 206932
26.9904 206942
26.9909 206952
26.9914 206962
26.9918 206972
26.9923 206982
26.9928 206992
26.9933 207002
26.9938 207012
26.9942 207022
26.9947 207032
26.9952 207042
26.9957 207052
26.9962 207062
26.9966 207072
26.9971 207082
26.9976 207092
26.9981 207102
26.9986 207112
26.999 207122
26.9995 207132
27 207142
27.0005 207152
27.001 207162
27.0014 207172
27.0019 207182
27.0024 207192
27.0029 207202
27.0034 207212
27.0041 207222
27.0048 207232
27.0053 207242
27.0058 207252
27.0063 207262
27.0067 207272
27.0072 207282
27.0079 207292
27.0091 207302
27.0099 207312
27.0127 207322
27.0137 207332
27.0373 207342
27.0421 207352
27.0454 207362
27.0476 207372
27.0495 207382
27.051 207392
27.0519 207402
27.0524 207412
27.0529 207422
27.0534 207432
27.0538 207442
27.0543 207452
27.0548 207462
27.0553 207472
27.0558 207482
27.0562 207492
27.0567 207502
27.0572 207512
27.0577 207522
27.0582 207532
27.0586 207542
27.0591 207552
27.0596 207562
27.0601 207572
27.0606 207582
27.061 207592
27.0615 207602
27.062 207612
27.0625 207622
27.063 207632
27.0634 207642
27.0639 207652
27.0644 207662
27.0649 207672
27.0654 207682
27.0659 207692
27.0663 207702
27.0668 207712
27.0673 207722
27.0678 207732
27.0683 207742
27.0687 207752
27.0692 207762
27.0697 207772
27.0702 207782
27.0707 207792
27.0711 207802
27.0716 207812
27.0721 207822
27.0726 207832
27.0731 207842
27.0735 207852
27.074 207862
27.0745 207872
27.075 207882
27.0755 207892
27.0759 207902
27.0764 207912
27.0769 207922
27.0779 207932
27.0783 207942
27.0788 207952
27.0793 207962
27.0798 207972
27.0803 207982
27.0808 207992
27.0815 208002
27.0827 208012
27.0834 208022
27.0863 208032
27.0872 208042
27.1113 208052
27.1161 208062
27.1194 208072
27.1216 208082
27.1235 208092
27.125 208102
27.1259 208112
27.1264 208122
27.1269 208132
27.1274 208142
27.1279 208152
27.1283 208162
27.1288 208172
27.1293 208182
27.1298 208192
27.1303 208202
27.1307 208212
27.1312 208222
27.1317 208232
27.1322 208242
27.1327 208252
27.1331 208262
27.1336 208272
27.1341 208282
27.1346 208292
27.1351 208302
27.1355 208312
27.136 208322
27.1365 208332
27.137 208342
27.1375 208352
27.1379 208362
27.1384 208372
27.1389 208382
27.1394 208392
27.1399 208402
27.1403 208412
27.1408 208422
27.1413 208432
27.1418 208442
27.1423 208452
27.1428 208462
27.1432 208472
27.1437 208482
27.1442 208492
27.1447 208502
27.1452 208512
27.1456 208522
27.1461 208532
27.1466 208542
27.1471 208552
27.1476 208562
27.148 208572
27.1485 208582
27.149 208592
27.1495 208602
27.15 208612
27.1504 208622
27.1509 208632
27.1519 208642
27.1524 208652
27.1528 208662
27.1533 208672
27.1538 208682
27.1543 208692
27.1548 208702
27.1555 208712
27.1567 208722
27.1574 208732
27.1603 208742
27.1613 208752
27.1855 208762
27.1903 208772
27.1937 208782
27.1959 208792
27.1978 208802
27.1992 208812
27.2002 208822
27.2009 208832
27.2014 208842
27.2019 208852
27.2024 208862
27.2028 208872
27.2033 208882
27.2038 208892
27.2043 208902
27.2048 208912
27.2052 208922
27.2057 208932
27.2062 208942
27.2067 208952
27.2072 208962
27.2076 208972
27.2081 208982
27.2086 208992
27.2091 209002
27.2096 209012
27.21 209022
27.2105 209032
27.211 209042
27.2115 209052
27.212 209062
27.2124 209072
27.2129 209082
27.2134 209092
27.2139 209102
27.2144 209112
27.2148 209122
27.2153 209132
27.2158 209142
27.2163 209152
27.2168 209162
27.2173 209172
27.2177 209182
27.2182 209192
27.2187 209202
27.2192 209212
27.2197 209222
27.2201 209232
27.2206 209242
27.2211 209252
27.2216 209262
27.2221 209272
27.2225 209282
27.223 209292
27.2235 209302
27.224 209312
27.2245 209322
27.2249 209332
27.2254 209342
27.2259 209352
27.2269 209362
27.2273 209372
27.2278 209382
27.2283 209392
27.2288 209402
27.2293 209412
27.2297 209422
27.2305 209432
27.2317 209442
27.2324 209452
27.2353 209462
27.2362 209472
27.261 209482
27.2658 209492
27.2692 209502
27.2713 209512
27.2732 209522
27.2747 209532
27.2756 209542
27.2764 209552
27.2769 209562
27.2773 209572
27.2778 209582
27.2783 209592
27.2788 209602
27.2793 209612
27.2797 209622
27.2802 209632
27.2807 209642
27.2812 209652
27.2817 209662
27.2821 209672
27.2826 209681
27.2831 209690
27.2836 209699
27.2841 209708
27.2845 209717
27.285 209726
27.2855 209735
27.286 209744
27.2865 209753
27.2869 209762
27.2874 209771
27.2879 209780
27.2884 209789
27.2889 209798
27.2893 209807
27.2898 209816
27.2903 209825
27.2908 209834
27.2913 209843
27.2918 209852
27.2922 209861
27.2927 209870
27.2932 209879
27.2937 209888
27.2942 209897
27.2946 209906
27.2951 209915
27.2956 209924
27.2961 209933
27.2966 209942
27.297 209951
27.2975 209960
27.298 209969
27.2985 209978
27.299 209987
27.2994 209996
27.2999 210005
27.3004 210014
27.3009 210023
27.3014 210032
27.3023 210041
27.3028 210050
27.3033 210059
27.3038 210068
27.3042 210077
27.3047 210086
27.3052 210095
27.3059 210104
27.3071 210113
27.3079 210122
27.3107 210131
27.3117 210140
27.3362 210149
27.341 210158
27.3444 210167
27.3465 210176
27.3485 210185
27.3499 210194
27.3509 210203
27.3514 210212
27.3518 210221
27.3523 210230
27.3528 210239
27.3533 210248
27.3538 210257
27.3542 210266
27.3547 210275
27.3552 210284
27.3557 210293
27.3562 210302
27.3566 210311
27.3571 210320
27.3576 210329
27.3581 210338
27.3586 210347
27.359 210356
27.3595 210365
27.36 210374
27.3605 210383
27.361 210392
27.3614 210401
27.3619 210410
27.3624 210419
27.3629 210428
27.3634 210437
27.3638 210446
27.3643 210455
27.3648 210464
27.3653 210473
27.3658 210482
27.3663 210491
27.3667 210500
27.3672 210509
27.3677 210518
27.3682 210527
27.3687 210536
27.3691 210545
27.3696 210554
27.3701 210563
27.3706 210572
27.3711 210581
27.3715 210590
27.372 210599
27.3725 210608
27.373 210617
27.3735 210626
27.3739 210635
27.3744 210644
27.3749 210653
27.3754 210662
27.3759 210671
27.3766 210680
27.3773 210689
27.3778 210698
27.3783 210707
27.3787 210716
27.3792 210725
27.3797 210734
27.3802 210743
27.3809 210752
27.3821 210761
27.3828 210770
27.3857 210779
27.3867 210788
27.4114 210797
27.4165 210806
27.4198 210815
27.422 210824
27.4239 210833
27.4254 210842
27.4263 210851
27.4268 210860
27.4273 210869
27.4278 210878
27.4283 210887
27.4287 210896
27.4292 210905
27.4297 210914
27.4302 210923
27.4307 210932
27.4311 210941
27.4316 210950
27.4321 210959
27.4326 210968
27.4331 210977
27.4335 210986
27.434 210995
27.4345 211004
27.435 211013
27.4355 211022
27.4359 211031
27.4364 211040
27.4369 211049
27.4374 211058
27.4379 211067
27.4383 211076
27.4388 211085
27.4393 211094
27.4398 211103
27.4403 211112
27.4407 211121
27.4412 211130
27.4417 211139
27.4422 211148
27.4427 211157
27.4432 211166
27.4436 211175
27.4441 211184
27.4446 211193
27.4451 211202
27.4456 211211
27.446 211220
27.4465 211229
27.447 211238
27.4475 211247
27.448 211256
27.4484 211265
27.4489 211274
27.4494 211283
27.4499 211292
27.4504 211301
27.4508 211310
27.4513 211319
27.452 211328
27.4528 211337
27.4532 211346
27.4537 211355
27.4542 211364
27.4547 211373
27.4552 211382
27.4556 211391
27.4564 211400
27.4576 211409
27.4583 211418
27.4612 211427
27.4621 211436
27.4869 211445
27.4922 211454
27.4955 211463
27.4977 211472
27.4996 211481
27.5011 211490
27.502 211499
27.5028 211508
27.5032 211517
27.5037 211526
27.5042 211535
27.5047 211544
27.5052 211553
27.5056 211562
27.5061 211571
27.5066 211580
27.5071 211589
27.5076 211598
27.508 211607
27.5085 211616
27.509 211625
27.5095 211634
27.51 211643
27.5104 211652
27.5109 211661
27.5114 211670
27.5119 211679
27.5124 211688
27.5128 211697
27.5133 211706
27.5138 211715
27.5143 211724
27.5148 211733
27.5152 211742
27.5157 211751
27.5162 211760
27.5167 211769
27.5172 211778
27.5177 211787
27.5181 211796
27.5186 211805
27.5191 211814
27.5196 211823
27.5201 211832
27.5205 211841
27.521 211850
27.5215 211859
27.522 211868
27.5225 211877
27.5229 211886
27.5234 211895
27.5239 211904
27.5244 211913
27.5249 211922
27.5253 211931
27.5258 211940
27.5263 211949
27.5268 211958
27.5273 211967
27.5277 211976
27.5287 211985
27.5292 211994
27.5297 212003
27.5301 212012
27.5306 212021
27.5311 212030
27.5316 212039
27.5321 212048
27.5333 212057
27.534 212066
27.5347 212075
27.5376 212084
27.5386 212093
27.5636 212102
27.5688 212111
27.5722 212120
27.5746 212129
27.5765 212138
27.578 212147
27.5789 212156
27.5797 212165
27.5801 212174
27.5806 212183
27.5811 212192
27.5816 212201
27.5821 212210
27.5825 212219
27.583 212228
27.5835 212237
27.584 212246
27.5845 212255
27.5849 212264
27.5854 212273
27.5859 212282
27.5864 212291
27.5869 212300
27.5873 212309
27.5878 212318
27.5883 212327
27.5888 212336
27.5893 212345
27.5897 212354
27.5902 212363
27.5907 212372
27.5912 212381
27.5917 212390
27.5922 212399
27.5926 212408
27.5931 212417
27.5936 212426
27.5941 212435
27.5946 212444
27.595 212453
27.5955 212462
27.596 212471
27.5965 212480
27.597 212489
27.5974 212498
27.5979 212507
27.5984 212516
27.5989 212525
27.5994 212534
27.5998 212543
27.6003 212552
27.6008 212561
27.6013 212570
27.6018 212579
27.6022 212588
27.6027 212597
27.6032 212606
27.6037 212615
27.6042 212624
27.6046 212633
27.6056 212642
27.6061 212651
27.6066 212660
27.6071 212669
27.6075 212678
27.608 212687
27.6085 212696
27.609 212705
27.6102 212714
27.6109 212723
27.6116 212732
27.6145 212741
27.6155 212750
27.6405 212759
27.6455 212768
27.6489 212777
27.6513 212786
27.6532 212795
27.6546 212804
27.6556 212813
27.6561 212822
27.6566 212831
27.657 212840
27.6575 212849
27.658 212858
27.6585 212867
27.659 212876
27.6594 212885
27.6599 212894
27.6604 212903
27.6609 212912
27.6614 212921
27.6618 212930
27.6623 212939
27.6628 212948
27.6633 212957
27.6638 212966
27.6642 212975
27.6647 212984
27.6652 212993
27.6657 213002
27.6662 213011
27.6667 213020
27.6671 213029
27.6676 213038
27.6681 213047
27.6686 213056
27.6691 213065
27.6695 213074
27.67 213083
27.6705 213092
27.671 213101
27.6715 213110
27.6719 213119
27.6724 213128
27.6729 213137
27.6734 213146
27.6739 213155
27.6743 213164
27.6748 213173
27.6753 213182
27.6758 213191
27.6763 213200
27.6767 213209
27.6772 213218
27.6777 213227
27.6782 213236
27.6787 213245
27.6791 213254
27.6796 213263
27.6801 213272
27.6806 213281
27.6813 213290
27.682 213299
27.6825 213308
27.683 213317
27.6835 213326
27.684 213335
27.6844 213344
27.6849 213353
27.6856 213362
27.6868 213371
27.6873 213380
27.6883 213389
27.6912 213398
27.6921 213407
27.7174 213416
27.7224 213425
27.726 213434
27.7284 213443
27.7303 213452
27.7318 213461
27.7325 213470
27.733 213479
27.7335 213488
27.7339 213497
27.7344 213506
27.7349 213515
27.7354 213524
27.7359 213533
27.7363 213542
27.7368 213551
27.7373 213560
27.7378 213569
27.7383 213578
27.7387 213587
27.7392 213596
27.7397 213605
27.7402 213614
27.7407 213623
27.7411 213632
27.7416 213641
27.7421 213650
27.7426 213659
27.7431 213668
27.7436 213677
27.744 213686
27.7445 213695
27.745 213704
27.7455 213713
27.746 213722
27.7464 213731
27.7469 213740
27.7474 213749
27.7479 213758
27.7484 213767
27.7488 213776
27.7493 213785
27.7498 213794
27.7503 213803
27.7508 213812
27.7512 213821
27.7517 213830
27.7522 213839
27.7527 213848
27.7532 213857
27.7536 213866
27.7541 213875
27.7546 213884
27.7551 213893
27.7556 213902
27.756 213911
27.7565 213920
27.757 213929
27.7575 213938
27.7585 213947
27.7589 213956
27.7594 213965
27.7599 213974
27.7604 213983
27.7609 213992
27.7613 214001
27.7618 214010
27.7625 214019
27.7637 214028
27.7642 214037
27.7652 214046
27.7681 214055
27.769 214064
27.7943 214073
27.7995 214082
27.8032 214091
27.8056 214100
27.8075 214109
27.8089 214118
27.8099 214127
27.8104 214136
27.8108 214145
27.8113 214154
27.8118 214163
27.8123 214172
27.8128 214181
27.8132 214190
27.8137 214199
27.8142 214208
27.8147 214217
27.8152 214226
27.8156 214235
27.8161 214244
27.8166 214253
27.8171 214262
27.8176 214271
27.8181 214280
27.8185 214289
27.819 214298
27.8195 214307
27.82 214316
27.8205 214325
27.8209 214334
27.8214 214343
27.8219 214352
27.8224 214361
27.8229 214370
27.8233 214379
27.8238 214388
27.8243 214397
27.8248 214406
27.8253 214415
27.8257 214424
27.8262 214433
27.8267 214442
27.8272 214451
27.8277 214460
27.8281 214469
27.8286 214478
27.8291 214487
27.8296 214496
27.8301 214505
27.8305 214514
27.831 214523
27.8315 214532
27.832 214541
27.8325 214550
27.833 214559
27.8334 214568
27.8339 214577
27.8344 214586
27.8349 214595
27.8356 214604
27.8363 214613
27.8368 214622
27.8373 214631
27.8378 214640
27.8382 214649
27.8387 214658
27.8392 214667
27.8397 214676
27.8409 214685
27.8416 214694
27.8423 214703
27.8452 214712
27.8462 214721
27.8716 214730
27.8769 214739
27.8805 214748
27.8829 214757
27.8851 214766
27.8865 214775
27.8875 214784
27.8882 214793
27.8887 214802
27.8892 214811
27.8897 214820
27.8901 214829
27.8906 214838
27.8911 214847
27.8916 214856
27.8921 214865
27.8926 214874
27.893 214883
27.8935 214892
27.894 214901
27.8945 214910
27.895 214919
27.8954 214928
27.8959 214937
27.8964 214946
27.8969 214955
27.8974 214964
27.8978 214973
27.8983 214982
27.8988 214991
27.8993 215000
27.8998 215009
27.9002 215018
27.9007 215027
27.9012 215036
27.9017 215045
27.9022 215054
27.9026 215063
27.9031 215072
27.9036 215081
27.9041 215090
27.9046 215099
27.905 215108
27.9055 215117
27.906 215126
27.9065 215135
27.907 215144
27.9075 215153
27.9079 215162
27.9084 215171
27.9089 215180
27.9094 215189
27.9099 215198
27.9103 215207
27.9108 215216
27.9113 215225
27.9118 215234
27.9123 215243
27.9127 215252
27.9132 215261
27.9139 215270
27.9147 215279
27.9151 215288
27.9156 215297
27.9161 215306
27.9166 215315
27.9171 215324
27.9175 215333
27.918 215342
27.9192 215351
27.9199 215360
27.9207 215369
27.9236 215378
27.9245 215387
27.95 215396
27.955 215405
27.9586 215414
27.961 215423
27.9632 215432
27.9646 215441
27.9656 215450
27.9661 215459
27.9666 215468
27.9671 215477
27.9675 215486
27.968 215495
27.9685 215504
27.969 215513
27.9695 215522
27.9699 215531
27.9704 215540
27.9709 215549
27.9714 215558
27.9719 215567
27.9723 215576
27.9728 215585
27.9733 215594
27.9738 215603
27.9743 215612
27.9747 215621
27.9752 215630
27.9757 215639
27.9762 215648
27.9767 215657
27.9771 215666
27.9776 215675
27.9781 215684
27.9786 215693
27.9791 215702
27.9795 215711
27.98 215720
27.9805 215729
27.981 215738
27.9815 215747
27.982 215756
27.9824 215765
27.9829 215774
27.9834 215783
27.9839 215792
27.9844 215801
27.9848 215810
27.9853 215819
27.9858 215828
27.9863 215837
27.9868 215846
27.9872 215855
27.9877 215864
27.9882 215873
27.9887 215882
27.9892 215891
27.9896 215900
27.9901 215909
27.9906 215918
27.9911 215927
27.992 215936
27.9925 215945
27.993 215954
27.9935 215963
27.994 215972
27.9944 215981
27.9949 215990
27.9954 215999
27.9961 216008
27.9973 216017
27.9978 216026
27.9988 216035
28.0017 216044
28.0026 216053
28.0283 216062
28.0334 216071
28.037 216080
28.0394 216089
28.0418 216098
28.0432 216107
28.044 216116
28.0444 216125
28.0449 216134
28.0454 216143
28.0459 216152
28.0464 216161
28.0468 216170
28.0473 216179
28.0478 216188
28.0483 216197
28.0488 216206
28.0492 216215
28.0497 216224
28.0502 216233
28.0507 216242
28.0512 216251
28.0516 216260
28.0521 216269
28.0526 216278
28.0531 216287
28.0536 216296
28.054 216305
28.0545 216314
28.055 216323
28.0555 216332
28.056 216341
28.0564 216350
28.0569 216359
28.0574 216368
28.0579 216377
28.0584 216386
28.0589 216395
28.0593 216404
28.0598 216413
28.0603 216422
28.0608 216431
28.0613 216440
28.0617 216449
28.0622 216458
28.0627 216467
28.0632 216476
28.0637 216485
28.0641 216494
28.0646 216503
28.0651 216512
28.0656 216521
28.0661 216530
28.0665 216539
28.067 216548
28.0675 216557
28.068 216566
28.0685 216575
28.0689 216584
28.0697 216593
28.0704 216602
28.0709 216611
28.0713 216620
28.0718 216629
28.0723 216638
28.0728 216647
28.0733 216656
28.0738 216665
28.0745 216674
28.0757 216683
28.0762 216692
28.0771 216701
28.08 216710
28.081 216719
28.1067 216728
28.112 216737
28.1156 216746
28.118 216755
28.1204 216764
28.1218 216773
28.1228 216782
28.1233 216791
28.1237 216800
28.1242 216809
28.1247 216818
28.1252 216827
28.1257 216836
28.1261 216845
28.1266 216854
28.1271 216863
28.1276 216872
28.1281 216881
28.1285 216890
28.129 216899
28.1295 216908
28.13 216917
28.1305 216926
28.1309 216935
28.1314 216944
28.1319 216953
28.1324 216962
28.1329 216971
28.1334 216980
28.1338 216989
28.1343 216998
28.1348 217007
28.1353 217016
28.1358 217025
28.1362 217034
28.1367 217043
28.1372 217052
28.1377 217061
28.1382 217070
28.1386 217079
28.1391 217088
28.1396 217097
28.1401 217106
28.1406 217115
28.141 217124
28.1415 217133
28.142 217142
28.1425 217151
28.143 217160
28.1434 217169
28.1439 217178
28.1444 217187
28.1449 217196
28.1454 217205
28.1458 217214
28.1463 217223
28.1468 217232
28.1473 217241
28.1478 217250
28.1483 217259
28.1492 217268
28.1497 217277
28.1502 217286
28.1507 217295
28.1511 217304
28.1516 217313
28.1521 217322
28.1526 217331
28.1531 217340
28.1543 217349
28.155 217358
28.1557 217367
28.1586 217376
28.1595 217385
28.1855 217394
28.1908 217403
28.1944 217412
28.1968 217421
28.1992 217430
28.2006 217439
28.2018 217448
28.2026 217457
28.203 217466
28.2035 217475
28.204 217484
28.2045 217493
28.205 217502
28.2054 217511
28.2059 217520
28.2064 217529
28.2069 217538
28.2074 217547
28.2079 217556
28.2083 217565
28.2088 217574
28.2093 217583
28.2098 217592
28.2103 217601
28.2107 217610
28.2112 217619
28.2117 217628
28.2122 217637
28.2127 217646
28.2131 217655
28.2136 217664
28.2141 217673
28.2146 217682
28.2151 217691
28.2155 217700
28.216 217709
28.2165 217718
28.217 217727
28.2175 217736
28.2179 217745
28.2184 217754
28.2189 217763
28.2194 217772
28.2199 217781
28.2203 217790
28.2208 217799
28.2213 217808
28.2218 217817
28.2223 217826
28.2228 217835
28.2232 217844
28.2237 217853
28.2242 217862
28.2247 217871
28.2252 217880
28.2256 217889
28.2261 217898
28.2266 217907
28.2271 217916
28.2276 217925
28.228 217934
28.229 217943
28.2295 217952
28.23 217961
28.2304 217970
28.2309 217979
28.2314 217988
28.2319 217997
28.2324 218006
28.2328 218015
28.234 218024
28.2348 218033
28.2355 218042
28.2384 218051
28.2393 218060
28.2653 218069
28.2703 218078
28.2739 218087
28.2763 218096
28.2787 218105
28.2802 218114
28.2814 218123
28.2819 218132
28.2824 218141
28.2828 218150
28.2833 218159
28.2838 218168
28.2843 218177
28.2848 218186
28.2852 218195
28.2857 218204
28.2862 218213
28.2867 218222
28.2872 218231
28.2876 218240
28.2881 218249
28.2886 218258
28.2891 218267
28.2896 218276
28.29 218285
28.2905 218294
28.291 218303
28.2915 218312
28.292 218321
28.2924 218330
28.2929 218339
28.2934 218348
28.2939 218357
28.2944 218366
28.2948 218375
28.2953 218384
28.2958 218393
28.2963 218402
28.2968 218411
28.2972 218420
28.2977 218429
28.2982 218438
28.2987 218447
28.2992 218456
28.2997 218465
28.3001 218474
28.3006 218483
28.3011 218492
28.3016 218501
28.3021 218510
28.3025 218519
28.303 218528
28.3035 218537
28.304 218546
28.3045 218555
28.3049 218564
28.3054 218573
28.3059 218582
28.3064 218591
28.3069 218600
28.3076 218609
28.3083 218618
28.3088 218627
28.3093 218636
28.3097 218645
28.3102 218654
28.3107 218663
28.3112 218672
28.3117 218681
28.3124 218690
28.3136 218699
28.3141 218708
28.315 218717
28.3179 218726
28.3189 218735
28.3448 218744
28.3499 218753
28.3535 218762
28.3559 218771
28.3583 218780
28.3597 218789
28.3607 218798
28.3612 218807
28.3617 218816
28.3621 218825
28.3626 218834
28.3631 218843
28.3636 218852
28.3641 218861
28.3645 218870
28.365 218879
28.3655 218888
28.366 218897
28.3665 218906
28.3669 218915
28.3674 218924
28.3679 218933
28.3684 218942
28.3689 218951
28.3693 218960
28.3698 218969
28.3703 218978
28.3708 218987
28.3713 218996
28.3717 219005
28.3722 219014
28.3727 219023
28.3732 219032
28.3737 219041
28.3742 219050
28.3746 219059
28.3751 219068
28.3756 219077
28.3761 219086
28.3766 219095
28.377 219104
28.3775 219113
28.378 219122
28.3785 219131
28.379 219140
28.3794 219149
28.3799 219158
28.3804 219167
28.3809 219176
28.3814 219185
28.3818 219194
28.3823 219203
28.3828 219212
28.3833 219221
28.3838 219230
28.3842 219239
28.3847 219248
28.3852 219257
28.3857 219266
28.3862 219275
28.3871 219284
28.3876 219293
28.3881 219302
28.3886 219311
28.3891 219320
28.3895 219329
28.39 219338
28.3905 219347
28.391 219356
28.3919 219365
28.3929 219374
28.3934 219383
28.3946 219392
28.3975 219401
28.3984 219410
28.4246 219419
28.4297 219428
28.4333 219437
28.4357 219446
28.4381 219455
28.4395 219464
28.4405 219473
28.441 219482
28.4414 219491
28.4419 219500
28.4424 219509
28.4429 219518
28.4434 219527
28.4438 219536
28.4443 219545
28.4448 219554
28.4453 219563
28.4458 219572
28.4462 219581
28.4467 219590
28.4472 219599
28.4477 219608
28.4482 219617
28.4487 219626
28.4491 219635
28.4496 219644
28.4501 219653
28.4506 219662
28.4511 219671
28.4515 219680
28.452 219689
28.4525 219698
28.453 219707
28.4535 219716
28.4539 219725
28.4544 219734
28.4549 219743
28.4554 219752
28.4559 219761
28.4563 219770
28.4568 219779
28.4573 219788
28.4578 219797
28.4583 219806
28.4587 219815
28.4592 219824
28.4597 219833
28.4602 219842
28.4607 219851
28.4611 219860
28.4616 219869
28.4621 219878
28.4626 219887
28.4631 219896
28.4636 219905
28.464 219914
28.4645 219923
28.465 219932
28.4655 219941
28.466 219950
28.4669 219959
28.4674 219968
28.4679 219977
28.4684 219986
28.4688 219995
28.4693 220004
28.4698 220013
28.4703 220022
28.4708 220031
28.4717 220040
28.4727 220049
28.4732 220058
28.4744 220067
28.4772 220076
28.4782 220085
28.5046 220094
28.5097 220103
28.5133 220112
28.5157 220121
28.5181 220130
28.5195 220139
28.5205 220148
28.5212 220157
28.5217 220166
28.5222 220175
28.5227 220184
28.5232 220193
28.5236 220202
28.5241 220211
28.5246 220220
28.5251 220229
28.5256 220238
28.526 220247
28.5265 220256
28.527 220265
28.5275 220274
28.528 220283
28.5284 220292
28.5289 220301
28.5294 220310
28.5299 220319
28.5304 220328
28.5308 220337
28.5313 220346
28.5318 220355
28.5323 220364
28.5328 220373
28.5332 220382
28.5337 220391
28.5342 220400
28.5347 220409
28.5352 220418
28.5356 220427
28.5361 220436
28.5366 220445
28.5371 220454
28.5376 220463
28.5381 220472
28.5385 220481
28.539 220490
28.5395 220499
28.54 220508
28.5405 220517
28.5409 220526
28.5414 220535
28.5419 220544
28.5424 220553
28.5429 220562
28.5433 220571
28.5438 220580
28.5443 220589
28.5448 220598
28.5453 220607
28.5457 220616
28.5462 220625
28.5469 220634
28.5477 220643
28.5481 220652
28.5486 220661
28.5491 220670
28.5496 220679
28.5501 220688
28.5505 220697
28.551 220706
28.5517 220715
28.5527 220724
28.5534 220733
28.5544 220742
28.5573 220751
28.5585 220760
28.5852 220769
28.5902 220778
28.5909 220787
28.5945 220796
28.5969 220805
28.5993 220814
28.6008 220823
28.6017 220832
28.6025 220841
28.6029 220850
28.6034 220859
28.6039 220868
28.6044 220877
28.6049 220886
28.6053 220895
28.6058 220904
28.6063 220913
28.6068 220922
28.6073 220931
28.6077 220940
28.6082 220949
28.6087 220958
28.6092 220967
28.6097 220976
28.6101 220985
28.6106 220994
28.6111 221003
28.6116 221012
28.6121 221021
28.6125 221030
28.613 221039
28.6135 221048
28.614 221057
28.6145 221066
28.615 221075
28.6154 221084
28.6159 221093
28.6164 221102
28.6169 221111
28.6174 221120
28.6178 221129
28.6183 221138
28.6188 221147
28.6193 221156
28.6198 221165
28.6202 221174
28.6207 221183
28.6212 221192
28.6217 221201
28.6222 221210
28.6226 221219
28.6231 221228
28.6236 221237
28.6241 221246
28.6246 221255
28.625 221264
28.6255 221273
28.626 221282
28.6265 221291
28.627 221300
28.6274 221309
28.6282 221318
28.6289 221327
28.6294 221336
28.6299 221345
28.6303 221354
28.6308 221363
28.6313 221372
28.6318 221381
28.6323 221390
28.633 221399
28.6339 221408
28.6347 221417
28.6356 221426
28.6385 221435
28.6397 221444
28.6661 221453
28.6712 221462
28.6719 221471
28.6755 221480
28.6779 221489
28.6803 221498
28.6818 221507
28.6827 221516
28.6832 221525
28.6837 221534
28.6842 221543
28.6846 221552
28.6851 221561
28.6856 221570
28.6861 221579
28.6866 221588
28.687 221597
28.6875 221606
28.688 221615
28.6885 221624
28.689 221633
28.6895 221642
28.6899 221651
28.6904 221660
28.6909 221669
28.6914 221678
28.6919 221687
28.6923 221696
28.6928 221705
28.6933 221714
28.6938 221723
28.6943 221732
28.6947 221741
28.6952 221750
28.6957 221759
28.6962 221768
28.6967 221777
28.6971 221786
28.6976 221795
28.6981 221804
28.6986 221813
28.6991 221822
28.6995 221831
28.7 221840
28.7005 221849
28.701 221858
28.7015 221867
28.7019 221876
28.7024 221885
28.7029 221894
28.7034 221903
28.7039 221912
28.7044 221921
28.7048 221930
28.7053 221939
28.7058 221948
28.7063 221957
28.7068 221966
28.7072 221975
28.7077 221984
28.7082 221993
28.7092 222002
28.7096 222011
28.7101 222020
28.7106 222029
28.7111 222038
28.7116 222047
28.712 222056
28.7125 222065
28.713 222074
28.714 222083
28.7149 222092
28.7156 222101
28.7166 222110
28.7195 222119
28.7207 222128
28.7476 222137
28.7524 222146
28.7534 222155
28.757 222164
28.7594 222173
28.7618 222182
28.7632 222191
28.764 222200
28.7644 222209
28.7649 222218
28.7654 222227
28.7659 222236
28.7664 222245
28.7668 222254
28.7673 222263
28.7678 222272
28.7683 222281
28.7688 222290
28.7692 222299
28.7697 222308
28.7702 222317
28.7707 222326
28.7712 222335
28.7716 222344
28.7721 222353
28.7726 222362
28.7731 222371
28.7736 222380
28.774 222389
28.7745 222398
28.775 222407
28.7755 222416
28.776 222425
28.7764 222434
28.7769 222443
28.7774 222452
28.7779 222461
28.7784 222470
28.7789 222479
28.7793 222488
28.7798 222497
28.7803 222506
28.7808 222515
28.7813 222524
28.7817 222533
28.7822 222542
28.7827 222551
28.7832 222560
28.7837 222569
28.7841 222578
28.7846 222587
28.7851 222596
28.7856 222605
28.7861 222614
28.7865 222623
28.787 222632
28.7875 222641
28.788 222650
28.7885 222659
28.7889 222668
28.7897 222677
28.7904 222686
28.7909 222695
28.7913 222704
28.7918 222713
28.7923 222722
28.7928 222731
28.7933 222740
28.7938 222749
28.7942 222758
28.7952 222767
28.7962 222776
28.7969 222785
28.7978 222794
28.8007 222803
28.8019 222812
28.8291 222821
28.8341 222830
28.8348 222839
28.8385 222848
28.8409 222857
28.8433 222866
28.8447 222875
28.8457 222884
28.8461 222893
28.8466 222902
28.8471 222911
28.8476 222920
28.8481 222929
28.8485 222938
28.849 222947
28.8495 222956
28.85 222965
28.8505 222974
28.8509 222983
28.8514 222992
28.8519 223001
28.8524 223010
28.8529 223019
28.8534 223028
28.8538 223037
28.8543 223046
28.8548 223055
28.8553 223064
28.8558 223073
28.8562 223082
28.8567 223091
28.8572 223100
28.8577 223109
28.8582 223118
28.8586 223127
28.8591 223136
28.8596 223145
28.8601 223154
28.8606 223163
28.861 223172
28.8615 223181
28.862 223190
28.8625 223199
28.863 223208
28.8634 223217
28.8639 223226
28.8644 223235
28.8649 223244
28.8654 223253
28.8658 223262
28.8663 223271
28.8668 223280
28.8673 223289
28.8678 223298
28.8683 223307
28.8687 223316
28.8692 223325
28.8697 223334
28.8702 223343
28.8707 223352
28.8711 223361
28.8721 223370
28.8726 223379
28.8731 223388
28.8735 223397
28.874 223406
28.8745 223415
28.875 223424
28.8755 223433
28.8759 223442
28.8767 223451
28.8776 223460
28.8783 223469
28.8793 223478
28.8822 223487
28.8834 223496
28.911 223505
28.9161 223514
28.9168 223523
28.9204 223532
28.9228 223541
28.9252 223550
28.9266 223559
28.9276 223568
28.9283 223577
28.9288 223586
28.9293 223595
28.9298 223604
28.9303 223613
28.9307 223622
28.9312 223631
28.9317 223640
28.9322 223649
28.9327 223658
28.9331 223667
28.9336 223676
28.9341 223685
28.9346 223694
28.9351 223703
28.9355 223712
28.936 223721
28.9365 223730
28.937 223739
28.9375 223748
28.9379 223757
28.9384 223766
28.9389 223775
28.9394 223784
28.9399 223793
28.9403 223802
28.9408 223811
28.9413 223820
28.9418 223829
28.9423 223838
28.9427 223847
28.9432 223856
28.9437 223865
28.9442 223874
28.9447 223883
28.9452 223892
28.9456 223901
28.9461 223910
28.9466 223919
28.9471 223928
28.9476 223937
28.948 223946
28.9485 223955
28.949 223964
28.9495 223973
28.95 223982
28.9504 223991
28.9509 224000
28.9514 224009
28.9519 224018
28.9524 224027
28.9528 224036
28.9533 224045
28.9538 224054
28.9548 224063
28.9552 224072
28.9557 224081
28.9562 224090
28.9567 224099
28.9572 224108
28.9576 224117
28.9581 224126
28.9586 224135
28.9593 224144
28.9603 224153
28.961 224162
28.962 224171
28.9649 224180
28.9661 224189
28.9935 224198
28.9985 224207
28.9992 224216
29.0028 224225
29.0052 224234
29.0076 224243
29.0091 224252
29.01 224261
29.0105 224270
29.011 224279
29.0115 224288
29.012 224297
29.0124 224306
29.0129 224315
29.0134 224324
29.0139 224333
29.0144 224342
29.0148 224351
29.0153 224360
29.0158 224369
29.0163 224378
29.0168 224387
29.0172 224396
29.0177 224405
29.0182 224414
29.0187 224423
29.0192 224432
29.0197 224441
29.0201 224450
29.0206 224459
29.0211 224468
29.0216 224477
29.0221 224486
29.0225 224495
29.023 224504
29.0235 224513
29.024 224522
29.0245 224531
29.0249 224540
29.0254 224549
29.0259 224558
29.0264 224567
29.0269 224576
29.0273 224585
29.0278 224594
29.0283 224603
29.0288 224612
29.0293 224621
29.0297 224630
29.0302 224639
29.0307 224648
29.0312 224657
29.0317 224666
29.0321 224675
29.0326 224684
29.0331 224693
29.0336 224702
29.0341 224711
29.0346 224720
29.035 224729
29.0355 224738
29.0362 224747
29.037 224756
29.0374 224765
29.0379 224774
29.0384 224783
29.0389 224792
29.0394 224801
29.0398 224810
29.0403 224819
29.0408 224828
29.0418 224837
29.0427 224846
29.0434 224855
29.0444 224864
29.0473 224873
29.0485 224882
29.0764 224891
29.0812 224900
29.0821 224909
29.0857 224918
29.0881 224927
29.0905 224936
29.092 224945
29.0927 224954
29.0932 224963
29.0937 224972
29.0942 224981
29.0946 224990
29.0951 224999
29.0956 225008
29.0961 225017
29.0966 225026
29.097 225035
29.0975 225044
29.098 225053
29.0985 225062
29.099 225071
29.0994 225080
29.0999 225089
29.1004 225098
29.1009 225107
29.1014 225116
29.1018 225125
29.1023 225134
29.1028 225143
29.1033 225152
29.1038 225161
29.1042 225170
29.1047 225179
29.1052 225188
29.1057 225197
29.1062 225206
29.1066 225215
29.1071 225224
29.1076 225233
29.1081 225242
29.1086 225251
29.1091 225260
29.1095 225269
29.11 225278
29.1105 225287
29.111 225296
29.1115 225305
29.1119 225314
29.1124 225323
29.1129 225332
29.1134 225341
29.1139 225350
29.1143 225359
29.1148 225368
29.1153 225377
29.1158 225386
29.1163 225395
29.1167 225404
29.1172 225413
29.1177 225422
29.1182 225431
29.1191 225440
29.1196 225449
29.1201 225458
29.1206 225467
29.1211 225476
29.1215 225485
29.122 225494
29.1225 225503
29.123 225512
29.1235 225521
29.1244 225530
29.1254 225539
29.1261 225548
29.1271 225557
29.13 225566
29.1312 225575
29.1593 225584
29.1643 225593
29.165 225602
29.1687 225611
29.1711 225620
29.1735 225629
29.1749 225638
29.1759 225647
29.1763 225656
29.1768 225665
29.1773 225674
29.1778 225683
29.1783 225692
29.1787 225701
29.1792 225710
29.1797 225719
29.1802 225728
29.1807 225737
29.1811 225746
29.1816 225755
29.1821 225764
29.1826 225773
29.1831 225782
29.1836 225791
29.184 225800
29.1845 225809
29.185 225818
29.1855 225827
29.186 225836
29.1864 225845
29.1869 225854
29.1874 225863
29.1879 225872
29.1884 225881
29.1888 225890
29.1893 225899
29.1898 225908
29.1903 225917
29.1908 225926
29.1912 225935
29.1917 225944
29.1922 225953
29.1927 225962
29.1932 225971
29.1936 225980
29.1941 225989
29.1946 225998
29.1951 226007
29.1956 226016
29.196 226025
29.1965 226034
29.197 226043
29.1975 226052
29.198 226061
29.1984 226070
29.1989 226079
29.1994 226088
29.1999 226097
29.2004 226106
29.2009 226115
29.2013 226124
29.2021 226133
29.2028 226142
29.2033 226151
29.2037 226160
29.2042 226169
29.2047 226178
29.2052 226187
29.2057 226196
29.2061 226205
29.2066 226214
29.2073 226223
29.2083 226232
29.209 226241
29.21 226250
29.2129 226259
29.2141 226268
29.2424 226277
29.2475 226286
29.2484 226295
29.252 226304
29.2544 226313
29.2568 226322
29.2583 226331
29.2593 226340
29.26 226349
29.2605 226358
29.2609 226367
29.2614 226376
29.2619 226385
29.2624 226394
29.2629 226403
29.2633 226412
29.2638 226421
29.2643 226430
29.2648 226439
29.2653 226448
29.2657 226457
29.2662 226466
29.2667 226475
29.2672 226484
29.2677 226493
29.2681 226502
29.2686 226511
29.2691 226520
29.2696 226529
29.2701 226538
29.2705 226547
29.271 226556
29.2715 226565
29.272 226574
29.2725 226583
29.2729 226592
29.2734 226601
29.2739 226610
29.2744 226619
29.2749 226628
29.2754 226637
29.2758 226646
29.2763 226655
29.2768 226664
29.2773 226673
29.2778 226682
29.2782 226691
29.2787 226700
29.2792 226709
29.2797 226718
29.2802 226727
29.2806 226736
29.2811 226745
29.2816 226754
29.2821 226763
29.2826 226772
29.283 226781
29.2835 226790
29.284 226799
29.2845 226808
29.285 226817
29.2854 226826
29.2862 226835
29.2869 226844
29.2874 226853
29.2878 226862
29.2883 226871
29.2888 226880
29.2893 226889
29.2898 226898
29.2903 226907
29.2907 226916
29.2915 226925
29.2924 226934
29.2931 226943
29.2941 226952
29.297 226961
29.2982 226970
29.3265 226979
29.3313 226988
29.3323 226997
29.3359 227006
29.3383 227015
29.3407 227024
29.3422 227033
29.3431 227042
29.3436 227051
29.3441 227060
29.3446 227069
29.345 227078
29.3455 227087
29.346 227096
29.3465 227105
29.347 227114
29.3474 227123
29.3479 227132
29.3484 227141
29.3489 227150
29.3494 227159
29.3499 227168
29.3503 227177
29.3508 227186
29.3513 227195
29.3518 227204
29.3523 227213
29.3527 227222
29.3532 227231
29.3537 227240
29.3542 227249
29.3547 227258
29.3551 227267
29.3556 227276
29.3561 227285
29.3566 227294
29.3571 227303
29.3575 227312
29.358 227321
29.3585 227330
29.359 227339
29.3595 227348
29.3599 227357
29.3604 227366
29.3609 227375
29.3614 227384
29.3619 227393
29.3623 227402
29.3628 227411
29.3633 227420
29.3638 227429
29.3643 227438
29.3648 227447
29.3652 227456
29.3657 227465
29.3662 227474
29.3667 227483
29.3672 227492
29.3676 227501
29.3681 227510
29.3686 227519
29.3691 227528
29.37 227537
29.3705 227546
29.371 227555
29.3715 227564
29.372 227573
29.3724 227582
29.3729 227591
29.3734 227600
29.3739 227609
29.3744 227618
29.3753 227627
29.3763 227636
29.377 227645
29.378 227654
29.3809 227663
29.3821 227672
29.4107 227681
29.4155 227690
29.4164 227699
29.4203 227708
29.4227 227717
29.4251 227726
29.4265 227735
29.4272 227744
29.4277 227753
29.4282 227762
29.4287 227771
29.4292 227780
29.4296 227789
29.4301 227798
29.4306 227807
29.4311 227816
29.4316 227825
29.432 227834
29.4325 227843
29.433 227852
29.4335 227861
29.434 227870
29.4344 227879
29.4349 227888
29.4354 227897
29.4359 227906
29.4364 227915
29.4368 227924
29.4373 227933
29.4378 227942
29.4383 227951
29.4388 227960
29.4393 227969
29.4397 227978
29.4402 227987
29.4407 227996
29.4412 228005
29.4417 228014
29.4421 228023
29.4426 228032
29.4431 228041
29.4436 228050
29.4441 228059
29.4445 228068
29.445 228077
29.4455 228086
29.446 228095
29.4465 228104
29.4469 228113
29.4474 228122
29.4479 228131
29.4484 228140
29.4489 228149
29.4493 228158
29.4498 228167
29.4503 228176
29.4508 228185
29.4513 228194
29.4517 228203
29.4522 228212
29.4527 228221
29.4534 228230
29.4542 228239
29.4546 228248
29.4551 228257
29.4556 228266
29.4561 228275
29.4566 228284
29.457 228293
29.4575 228302
29.458 228311
29.4585 228320
29.4594 228329
29.4604 228338
29.4611 228347
29.4621 228356
29.465 228365
29.4662 228374
29.4948 228383
29.4998 228392
29.5008 228401
29.5046 228410
29.507 228419
29.5094 228428
29.5109 228437
29.5118 228446
29.5123 228455
29.5128 228464
29.5133 228473
29.5137 228482
29.5142 228491
29.5147 228500
29.5152 228509
29.5157 228518
29.5162 228527
29.5166 228536
29.5171 228545
29.5176 228554
29.5181 228563
29.5186 228572
29.519 228581
29.5195 228590
29.52 228599
29.5205 228608
29.521 228617
29.5214 228626
29.5219 228635
29.5224 228644
29.5229 228653
29.5234 228662
29.5238 228671
29.5243 228680
29.5248 228689
29.5253 228698
29.5258 228707
29.5262 228716
29.5267 228725
29.5272 228734
29.5277 228743
29.5282 228752
29.5286 228761
29.5291 228770
29.5296 228779
29.5301 228788
29.5306 228797
29.5311 228806
29.5315 228815
29.532 228824
29.5325 228833
29.533 228842
29.5335 228851
29.5339 228860
29.5344 228869
29.5349 228878
29.5354 228887
29.5359 228896
29.5363 228905
29.5368 228914
29.5373 228923
29.5378 228932
29.5387 228941
29.5392 228950
29.5397 228959
29.5402 228968
29.5407 228977
29.5411 228986
29.5416 228995
29.5421 229004
29.5426 229013
29.5431 229022
29.5438 229031
29.5448 229040
29.5455 229049
29.5464 229058
29.5493 229067
29.5505 229076
29.5794 229085
29.5844 229094
29.5854 229103
29.5892 229112
29.5916 229121
29.5943 229130
29.5957 229139
29.5967 229148
29.5974 229157
29.5979 229166
29.5983 229175
29.5988 229184
29.5993 229193
29.5998 229202
29.6003 229211
29.6007 229220
29.6012 229229
29.6017 229238
29.6022 229247
29.6027 229256
29.6031 229265
29.6036 229274
29.6041 229283
29.6046 229292
29.6051 229301
29.6056 229310
29.606 229319
29.6065 229328
29.607 229337
29.6075 229346
29.608 229355
29.6084 229364
29.6089 229373
29.6094 229382
29.6099 229391
29.6104 229400
29.6108 229409
29.6113 229418
29.6118 229427
29.6123 229436
29.6128 229445
29.6132 229454
29.6137 229463
29.6142 229472
29.6147 229481
29.6152 229490
29.6156 229499
29.6161 229508
29.6166 229517
29.6171 229526
29.6176 229535
29.618 229544
29.6185 229553
29.619 229562
29.6195 229571
29.62 229580
29.6205 229589
29.6209 229598
29.6214 229607
29.6219 229616
29.6224 229625
29.6229 229634
29.6233 229643
29.6243 229652
29.6248 229661
29.6253 229670
29.6257 229679
29.6262 229688
29.6267 229697
29.6272 229706
29.6277 229715
29.6281 229724
29.6286 229733
29.6293 229742
29.6303 229751
29.631 229760
29.632 229769
29.6349 229778
29.6361 229787
29.6649 229796
29.6697 229805
29.6707 229814
29.6745 229823
29.6769 229832
29.6796 229841
29.681 229850
29.682 229859
29.6825 229868
29.6829 229877
29.6834 229886
29.6839 229895
29.6844 229904
29.6849 229913
29.6853 229922
29.6858 229931
29.6863 229940
29.6868 229949
29.6873 229958
29.6877 229967
29.6882 229976
29.6887 229985
29.6892 229994
29.6897 230003
29.6901 230012
29.6906 230021
29.6911 230030
29.6916 230039
29.6921 230048
29.6925 230057
29.693 230066
29.6935 230075
29.694 230084
29.6945 230093
29.695 230102
29.6954 230111
29.6959 230120
29.6964 230129
29.6969 230138
29.6974 230147
29.6978 230156
29.6983 230165
29.6988 230174
29.6993 230183
29.6998 230192
29.7002 230201
29.7007 230210
29.7012 230219
29.7017 230228
29.7022 230237
29.7026 230246
29.7031 230255
29.7036 230264
29.7041 230273
29.7046 230282
29.705 230291
29.7055 230300
29.706 230309
29.7065 230318
29.707 230327
29.7074 230336
29.7079 230345
29.7086 230354
29.7094 230363
29.7099 230372
29.7103 230381
29.7108 230390
29.7113 230399
29.7118 230408
29.7123 230417
29.7127 230426
29.7132 230435
29.7137 230444
29.7147 230453
29.7156 230462
29.7163 230471
29.7173 230480
29.7202 230489
29.7214 230498
29.7505 230507
29.7553 230516
29.7562 230525
29.7601 230534
29.7625 230543
29.7654 230552
29.7668 230561
29.7675 230570
29.768 230579
29.7685 230588
29.769 230597
29.7695 230606
29.7699 230615
29.7704 230624
29.7709 230633
29.7714 230642
29.7719 230651
29.7723 230660
29.7728 230669
29.7733 230678
29.7738 230687
29.7743 230696
29.7747 230705
29.7752 230714
29.7757 230723
29.7762 230732
29.7767 230741
29.7771 230750
29.7776 230759
29.7781 230768
29.7786 230777
29.7791 230786
29.7795 230795
29.78 230804
29.7805 230813
29.781 230822
29.7815 230831
29.7819 230840
29.7824 230849
29.7829 230858
29.7834 230867
29.7839 230876
29.7844 230885
29.7848 230894
29.7853 230903
29.7858 230912
29.7863 230921
29.7868 230930
29.7872 230939
29.7877 230948
29.7882 230957
29.7887 230966
29.7892 230975
29.7896 230984
29.7901 230993
29.7906 231002
29.7911 231011
29.7916 231020
29.792 231029
29.7925 231038
29.793 231047
29.7935 231056
29.7944 231065
29.7949 231074
29.7954 231083
29.7959 231092
29.7964 231101
29.7968 231110
29.7973 231119
29.7978 231128
29.7983 231137
29.7988 231146
29.7992 231155
29.8002 231164
29.8012 231173
29.8019 231182
29.8029 231191
29.8057 231200
29.8069 231209
29.836 231218
29.8411 231227
29.842 231236
29.8459 231245
29.8483 231254
29.8512 231263
29.8526 231272
29.8536 231281
29.854 231290
29.8545 231299
29.855 231308
29.8555 231317
29.856 231326
29.8564 231335
29.8569 231344
29.8574 231353
29.8579 231362
29.8584 231371
29.8588 231380
29.8593 231389
29.8598 231398
29.8603 231407
29.8608 231416
29.8613 231425
29.8617 231434
29.8622 231443
29.8627 231452
29.8632 231461
29.8637 231470
29.8641 231479
29.8646 231488
29.8651 231497
29.8656 231506
29.8661 231515
29.8665 231524
29.867 231533
29.8675 231542
29.868 231551
29.8685 231560
29.8689 231569
29.8694 231578
29.8699 231587
29.8704 231596
29.8709 231605
29.8713 231614
29.8718 231623
29.8723 231632
29.8728 231641
29.8733 231650
29.8737 231659
29.8742 231668
29.8747 231677
29.8752 231686
29.8757 231695
29.8762 231704
29.8766 231713
29.8771 231722
29.8776 231731
29.8781 231740
29.8786 231749
29.879 231758
29.8795 231767
29.8802 231776
29.881 231785
29.8814 231794
29.8819 231803
29.8824 231812
29.8829 231821
29.8834 231830
29.8838 231839
29.8843 231848
29.8848 231857
29.8853 231866
29.886 231875
29.887 231884
29.8877 231893
29.8886 231902
29.8915 231911
29.8927 231920
29.9221 231929
29.9271 231938
29.9281 231947
29.9319 231956
29.9343 231965
29.9372 231974
29.9386 231983
29.9398 231992
29.9406 232001
29.941 232010
29.9415 232019
29.942 232028
29.9425 232037
29.943 232046
29.9434 232055
29.9439 232064
29.9444 232073
29.9449 232082
29.9454 232091
29.9458 232100
29.9463 232109
29.9468 232118
29.9473 232127
29.9478 232136
29.9482 232145
29.9487 232154
29.9492 232163
29.9497 232172
29.9502 232181
29.9507 232190
29.9511 232199
29.9516 232208
29.9521 232217
29.9526 232226
29.9531 232235
29.9535 232244
29.954 232253
29.9545 232262
29.955 232271
29.9555 232280
29.9559 232289
29.9564 232298
29.9569 232307
29.9574 232316
29.9579 232325
29.9583 232334
29.9588 232343
29.9593 232352
29.9598 232361
29.9603 232370
29.9607 232379
29.9612 232388
29.9617 232397
29.9622 232406
29.9627 232415
29.9631 232424
29.9636 232433
29.9641 232442
29.9646 232451
29.9651 232460
29.9656 232469
29.966 232478
29.9665 232487
29.9672 232496
29.968 232505
29.9684 232514
29.9689 232523
29.9694 232532
29.9699 232541
29.9704 232550
29.9708 232559
29.9713 232568
29.9718 232577
29.9723 232586
29.973 232595
29.974 232604
29.9747 232613
29.9756 232622
29.9785 232631
29.9797 232640
