0.0 21.6732
10.1015 23.964
10.1019 23.4685
10.1022 23.16
10.1026 22.89
10.1029 22.5287
10.1033 22.3376
10.1217 24.4204
10.1222 23.9929
10.1225 23.6188
10.1227 23.2914
10.1232 23.005
10.1234 22.7544
10.1237 22.5351
10.1241 22.4682
10.1244 22.2847
10.142 24.2491
10.1425 23.8429
10.143 23.3626
10.1432 23.0673
10.1434 22.8088
10.1438 22.5827
10.1442 22.5099
10.1444 22.3212
10.1446 22.156
10.145 22.0115
10.1454 22.0101
10.1456 21.8838
10.146 21.7733
10.1464 21.8017
10.1633 21.8265
10.1636 21.8482
10.1641 21.8671
10.1643 21.8837
10.1646 21.8983
10.1648 21.786
10.1653 21.8127
10.1655 21.8361
10.1658 21.8566
10.166 21.8745
10.1663 21.8902
10.1667 21.9039
10.167 21.916
10.1672 22.0515
10.1675 22.17
10.1679 22.1488
10.1682 22.2552
10.1687 22.3483
10.169 22.5547
10.1695 22.7354
10.17 22.7685
10.1863 22.7974
10.1866 22.8227
10.1871 22.9699
10.1873 22.9737
10.1875 22.9769
10.1878 22.9798
10.1881 23.1074
10.1885 23.2189
10.1887 23.3166
10.189 23.277
10.1892 23.3674
10.1895 23.4464
10.1898 23.5156
10.1902 23.7012
10.1904 23.7385
10.1907 23.7712
10.1909 23.7998
10.1913 23.9498
10.1916 24.0811
10.1919 24.196
10.1922 24.2965
10.1926 24.3844
10.1928 24.4614
10.1933 24.6537
10.1935 24.697
10.194 24.8599
10.1943 25.0024
10.1947 25.0021
10.1951 25.1268
10.1956 25.236
10.1961 25.4565
10.2117 27.5244
10.212 27.3339
10.2123 27.1671
10.2128 27.0212
10.213 26.8936
10.2132 26.7819
10.2135 26.6841
10.2137 26.5986
10.2141 26.6488
10.2145 26.6927
10.2147 26.6061
10.2149 26.5303
10.2152 26.5891
10.2154 26.6404
10.2157 26.6854
10.216 26.8497
10.2164 26.8685
10.2166 26.8849
10.2169 26.8993
10.2171 27.0369
10.2173 27.0323
10.2177 27.0282
10.2181 27.1497
10.2183 27.256
10.2185 27.349
10.2189 27.4304
10.2193 27.5016
10.2195 27.5639
10.2197 27.6184
10.2202 27.7911
10.2205 27.9422
10.2207 27.9494
10.2212 28.0808
10.2214 28.1957
10.2217 28.2962
10.2221 28.3842
10.2224 28.4612
10.2227 28.5285
10.2231 28.5874
10.2235 28.639
10.2238 28.6841
10.2242 28.8486
10.2245 28.9925
10.225 29.1185
10.2255 29.2287
10.226 29.3251
10.2265 29.4094
10.241 29.4833
10.2414 29.5479
10.2416 29.4794
10.2418 29.4195
10.2423 29.492
10.2426 29.5555
10.2428 29.4861
10.243 29.5503
10.2433 29.6065
10.2435 29.6557
10.2439 29.6987
10.2443 29.8614
10.2445 29.8787
10.2447 29.8939
10.245 29.9072
10.2452 30.0438
10.2455 30.1633
10.2457 30.2679
10.2461 30.3594
10.2464 30.4395
10.2467 30.5095
10.2469 30.5708
10.2471 30.7495
10.2474 30.7808
10.2476 30.8082
10.248 30.8322
10.2483 30.9782
10.2486 31.1059
10.2488 31.2176
10.2491 31.3154
10.2494 31.401
10.2498 31.4759
10.25 31.6664
10.2503 31.7081
10.2505 31.7446
10.251 31.7765
10.2512 31.9294
10.2515 32.0633
10.2517 32.1804
10.2522 32.2828
10.2524 32.3725
10.2527 32.4509
10.2529 32.5195
10.2534 32.7046
10.2536 32.7415
10.2539 32.7738
10.2542 32.9271
10.2547 33.0612
10.2549 33.0536
10.2553 33.1719
10.2557 33.2754
10.2559 33.366
10.2563 33.5702
10.2566 33.6239
10.2569 33.6709
10.2573 33.8371
10.2576 33.9824
10.2581 34.1096
10.2583 34.2209
10.2588 34.3183
10.259 34.5285
10.2595 34.7125
10.2599 34.7484
10.2604 34.9048
10.2608 35.0417
10.2613 35.1615
10.2618 35.2663
10.2623 35.483
10.2628 35.6727
10.2632 35.8386
10.2759 37.4838
10.2763 37.1733
10.2766 36.9016
10.2768 36.6639
10.2771 36.5809
10.2774 36.5083
10.2778 36.4448
10.278 36.3892
10.2783 36.3405
10.2785 36.298
10.2787 36.2607
10.279 36.1031
10.2792 36.0902
10.2797 36.079
10.2799 36.0691
10.2802 36.1854
10.2804 36.2873
10.2807 36.2514
10.2809 36.2199
10.2811 36.3174
10.2814 36.4028
10.2816 36.4774
10.2821 36.6677
10.2823 36.7093
10.2826 36.7456
10.2828 36.7774
10.2831 36.9302
10.2833 37.064
10.2835 37.056
10.2838 37.049
10.2843 37.1678
10.2845 37.2719
10.2847 37.3629
10.285 37.4425
10.2852 37.5122
10.2855 37.5732
10.2859 37.6265
10.2862 37.7982
10.2864 37.9484
10.2867 38.0799
10.2869 38.0699
10.2873 38.1862
10.2876 38.2879
10.2879 38.3769
10.2881 38.4548
10.2883 38.5229
10.2887 38.5826
10.2891 38.7598
10.2893 38.9148
10.2896 38.9254
10.2898 38.9348
10.2902 39.0679
10.2905 39.1844
10.2908 39.2864
10.291 39.3756
10.2912 39.4536
10.2917 39.5219
10.292 39.5817
10.2922 39.759
10.2926 39.7891
10.2929 39.8155
10.2932 39.9635
10.2934 40.0931
10.2938 40.2064
10.2941 40.4306
10.2944 40.5018
10.2946 40.5641
10.2951 40.7436
10.2953 40.9006
10.2956 41.038
10.296 41.1583
10.2963 41.2635
10.2965 41.3556
10.297 41.5611
10.2972 41.616
10.2975 41.664
10.298 41.706
10.2982 41.8677
10.2986 42.0093
10.2989 42.0081
10.2993 42.1321
10.2996 42.2406
10.3 42.4605
10.3004 42.5279
10.3007 42.587
10.3011 42.7636
10.3014 42.7931
10.3018 42.819
10.3022 42.9666
10.3025 43.0958
10.3029 43.2088
10.3032 43.3077
10.3036 43.3942
10.304 43.47
10.3043 43.6612
10.3048 43.7036
10.3053 43.8656
10.3058 44.0074
10.3063 44.1315
10.3067 44.2401
10.3072 44.46
10.3077 44.5275
10.3082 44.7116
10.3087 44.8726
10.3091 45.0136
10.3191 46.3869
10.3196 46.0885
10.3198 45.7024
10.3201 45.4896
10.3203 45.3034
10.3206 45.1405
10.321 45.1229
10.3213 44.9826
10.3215 44.8598
10.3218 44.7523
10.322 44.6582
10.3222 44.576
10.3225 44.504
10.3227 44.441
10.3231 44.5109
10.3234 44.572
10.3237 44.6255
10.3239 44.6723
10.3242 44.8383
10.3244 44.8585
10.3246 44.8762
10.3249 44.8917
10.3251 45.0302
10.3254 45.0264
10.3257 45.0231
10.3261 45.1452
10.3263 45.2521
10.3266 45.3456
10.3268 45.4274
10.327 45.4989
10.3273 45.5616
10.3275 45.6164
10.3278 45.6643
10.3281 45.8313
10.3285 45.8524
10.3287 45.8708
10.329 45.887
10.3292 46.0261
10.3294 46.1478
10.3297 46.2544
10.33 46.3476
10.3304 46.4291
10.3306 46.5005
10.3309 46.5629
10.3311 46.7426
10.3314 46.8997
10.3316 46.9123
10.3321 47.0482
10.3323 47.1672
10.3326 47.2713
10.3328 47.3624
10.333 47.5671
10.3333 47.6212
10.3338 47.6686
10.334 47.835
10.3343 47.9806
10.3345 47.983
10.3347 47.9852
10.335 47.987
10.3355 48.1136
10.3357 48.2244
10.3359 48.3214
10.3362 48.4062
10.3364 48.4804
10.3368 48.5454
10.3371 48.7272
10.3374 48.8863
10.3376 48.9005
10.3379 48.9129
10.3383 49.0488
10.3386 49.1677
10.3388 49.1468
10.3391 49.2534
10.3393 49.3467
10.3398 49.4284
10.34 49.6248
10.3403 49.7967
10.3405 49.8221
10.3409 49.8444
10.3412 49.9888
10.3415 50.1152
10.3417 50.2258
10.3421 50.4476
10.3424 50.5166
10.3427 50.5771
10.3429 50.6299
10.3433 50.8012
10.3436 50.951
10.3439 50.9572
10.3441 51.0875
10.3445 51.2016
10.3448 51.3014
10.3451 51.3887
10.3453 51.4651
10.3458 51.532
10.346 51.7155
10.3463 51.876
10.3467 51.8915
10.347 51.9051
10.3472 52.042
10.3477 52.1617
10.3479 52.1415
10.3482 52.2488
10.3487 52.3427
10.3489 52.4249
10.3492 52.6218
10.3496 52.669
10.35 52.7104
10.3502 52.8716
10.3507 53.0127
10.351 53.0111
10.3512 53.1347
10.3517 53.2429
10.3519 53.3375
10.3522 53.5453
10.3526 53.7271
10.3529 53.7613
10.3531 53.9161
10.3536 54.0516
10.3538 54.1701
10.3543 54.3989
10.3546 54.474
10.355 54.6648
10.3553 54.8317
10.3558 54.8527
10.356 54.8711
10.3565 55.0122
10.3567 55.1357
10.3572 55.2437
10.3574 55.3383
10.3579 55.421
10.3582 55.6184
10.3586 55.7911
10.3589 55.8172
10.3594 55.965
10.3596 56.0944
10.3601 56.3326
10.3603 56.416
10.3608 56.489
10.361 56.6779
10.3615 56.8432
10.362 57.1128
10.3625 57.2237
10.363 57.3207
10.3634 57.5306
10.3639 57.5893
10.3644 57.7656
10.3649 57.9199
10.3654 58.0549
10.3659 58.1731
10.3663 58.4014
10.3668 58.4763
10.3673 58.6667
10.3678 58.8334
10.3683 58.9792
10.3687 59.1068
10.3692 59.3435
10.3697 59.4255
10.3753 58.9973
10.3757 58.6227
10.3759 58.2948
10.3762 58.133
10.3764 57.9914
10.3767 57.7424
10.3771 57.6496
10.3774 57.5684
10.3776 57.4974
10.3779 57.3102
10.3781 57.2714
10.3783 57.2375
10.3786 57.2078
10.3788 57.1818
10.3791 57.2841
10.3794 57.3736
10.3798 57.4519
10.38 57.5204
10.3803 57.5804
10.3805 57.6328
10.3808 57.6787
10.381 57.5939
10.3812 57.6446
10.3815 57.6891
10.3817 57.7279
10.382 57.7619
10.3823 57.9167
10.3827 57.9271
10.3829 57.9362
10.3832 58.0692
10.3834 58.1855
10.3836 58.2873
10.3839 58.3764
10.3841 58.4544
10.3844 58.5226
10.3846 58.5823
10.385 58.6345
10.3853 58.8052
10.3856 58.8295
10.3858 58.8508
10.386 58.9945
10.3863 59.1202
10.3865 59.2301
10.3868 59.3264
10.3871 59.4106
10.3875 59.4843
10.3877 59.5487
10.388 59.6051
10.3882 59.7795
10.3884 59.9321
10.3887 59.9405
10.3889 59.948
10.3894 60.0795
10.3896 60.1945
10.3899 60.2952
10.3901 60.5083
10.3904 60.5698
10.3906 60.6236
10.3908 60.6706
10.3913 60.8368
10.3916 60.8572
10.3918 60.875
10.392 61.0157
10.3923 61.1387
10.3925 61.2464
10.3928 61.3406
10.3932 61.423
10.3935 61.4951
10.3937 61.5582
10.394 61.6135
10.3942 61.7868
10.3945 61.8134
10.3948 61.8367
10.3952 61.9822
10.3954 62.1094
10.3957 62.2207
10.3959 62.3181
10.3961 62.4034
10.3966 62.4779
10.3969 62.5432
10.3971 62.7253
10.3973 62.7596
10.3976 62.7897
10.3978 62.816
10.3983 62.964
10.3985 63.0935
10.3988 63.2068
10.399 63.4309
10.3993 63.6271
10.3996 63.6737
10.4 63.7145
10.4002 63.8752
10.4005 64.0158
10.4007 64.0138
10.4011 64.1371
10.4014 64.2449
10.4017 64.3393
10.4019 64.4219
10.4021 64.4942
10.4025 64.5574
10.4029 64.6127
10.4031 64.7861
10.4033 64.9379
10.4036 65.0706
10.4039 65.0618
10.4043 65.1791
10.4045 65.2817
10.4048 65.3715
10.405 65.45
10.4055 65.5188
10.4057 65.5789
10.406 65.6316
10.4062 65.8026
10.4067 65.8273
10.4069 65.8489
10.4072 65.9928
10.4074 66.1187
10.4079 66.2288
10.4081 66.4502
10.4084 66.519
10.4086 66.5791
10.4091 66.7567
10.4094 66.9121
10.4096 66.9231
10.4098 66.9327
10.4103 67.0661
10.4106 67.1829
10.411 67.41
10.4113 67.6087
10.4115 67.6577
10.4119 67.7004
10.4122 67.8629
10.4125 68.005
10.4127 68.1294
10.4131 68.2382
10.4134 68.3334
10.4137 68.4168
10.4139 68.4897
10.4143 68.5535
10.4146 68.6093
10.4149 68.6581
10.4151 68.8259
10.4155 68.9726
10.4158 68.976
10.4161 69.104
10.4164 69.216
10.4168 69.314
10.417 69.5248
10.4174 69.7092
10.4178 69.7455
10.418 69.9023
10.4184 70.0395
10.4187 70.1596
10.419 70.1397
10.4193 70.2472
10.4197 70.3413
10.4199 70.4236
10.4203 70.6207
10.4206 70.6681
10.4209 70.7096
10.4212 70.8709
10.4216 71.012
10.4218 71.0105
10.4222 71.1342
10.4226 71.2424
10.4228 71.3371
10.4232 71.545
10.4235 71.6019
10.4238 71.6516
10.4241 71.8202
10.4245 71.9676
10.4247 71.9717
10.4251 72.1002
10.4255 72.2127
10.4257 72.3111
10.4261 72.5222
10.4264 72.5819
10.4268 72.6342
10.4271 72.8049
10.4275 72.9543
10.4279 72.96
10.4282 73.09
10.4286 73.2038
10.4289 73.1783
10.4293 73.281
10.4297 73.3709
10.43 73.5745
10.4304 73.7527
10.4307 73.9086
10.4311 74.045
10.4315 74.1644
10.4318 74.2689
10.4322 74.3602
10.4325 74.4402
10.4329 74.5102
10.4333 74.6964
10.4336 74.8594
10.434 74.8769
10.4343 75.0173
10.4347 75.1402
10.4351 75.3726
10.4354 75.4511
10.4358 75.5197
10.4361 75.7047
10.4365 75.7416
10.4369 75.7739
10.4372 75.9272
10.4376 76.0613
10.4379 76.1786
10.4383 76.2813
10.4387 76.3711
10.4392 76.5747
10.4396 76.6279
10.4401 76.7994
10.4406 76.9495
10.4411 77.2058
10.4416 77.3051
10.442 77.5169
10.4425 77.7023
10.443 77.7395
10.4435 77.8971
10.444 78.035
10.4444 78.1556
10.4449 78.2611
10.4454 78.4785
10.4459 78.5437
10.4464 78.7257
10.4468 78.885
10.4473 79.0244
10.5794 75.0213
10.5799 71.5187
10.5803 68.5788
10.5808 66.0065
10.5813 63.8807
10.5818 62.0206
10.5823 60.518
10.5827 59.2033
10.5832 58.1779
10.5837 57.2806
10.5842 56.6205
10.5847 56.043
10.5851 55.6626
10.5856 55.3298
10.5861 55.1636
10.5866 55.0181
10.5871 55.0158
10.5875 55.0139
10.588 55.1371
10.5885 55.245
10.589 55.3394
10.5895 55.5469
10.59 55.7286
10.5903 56.0125
10.5906 56.2609
10.5908 56.4783
10.5912 56.7935
10.5915 57.0693
10.5918 57.3107
10.592 57.5218
10.5924 57.8316
10.5927 58.1027
10.593 58.3398
10.5932 58.6723
10.5936 58.9633
10.5939 59.2179
10.5942 59.5657
10.5944 59.8699
10.5949 60.1362
10.5951 60.4942
10.5954 60.8074
10.5956 61.0815
10.5961 61.4463
10.5963 61.7655
10.5966 62.0448
10.5968 62.2892
10.5973 62.6281
10.5975 62.9246
10.5978 63.184
10.598 63.536
10.5985 63.844
10.5987 64.1135
10.599 64.3493
10.5992 64.6806
10.5997 64.9706
10.5999 64.5992
10.6002 64.2743
10.6004 63.99
10.6009 63.7413
10.6011 63.5236
10.6014 63.3332
10.6018 63.1665
10.6021 63.0207
10.6023 62.8931
10.6028 62.7815
10.603 62.6838
10.6033 62.5983
10.6038 62.5235
10.6041 62.4581
10.6044 62.4008
10.6049 62.3507
10.6051 62.4319
10.6053 62.3779
10.6058 62.3307
10.6061 62.4143
10.6063 62.3625
10.6068 62.3172
10.607 62.4026
10.6073 62.3522
10.6077 62.3082
10.608 62.2697
10.6082 62.236
10.6087 62.2065
10.6089 62.1807
10.6092 62.1581
10.6097 62.1383
10.6099 61.996
10.6101 61.9965
10.6106 61.997
10.6109 61.9973
10.6111 61.9977
10.6116 61.998
10.6118 61.8732
10.6121 61.8891
10.6125 61.9029
10.6128 61.7901
10.613 61.8163
10.6135 61.8393
10.6137 61.7344
10.614 61.6426
10.6145 61.5622
10.6147 61.492
10.6149 61.4305
10.6154 61.3767
10.6157 61.3296
10.6159 61.2884
10.6164 61.2523
10.6166 61.2208
10.6169 61.1932
10.6173 61.169
10.6176 61.1479
10.6179 61.1294
10.6183 61.1132
10.6187 61.0991
10.619 61.0867
10.6194 61.0759
10.6198 61.0664
10.6201 61.0581
10.6205 61.0508
10.6208 60.9195
10.6212 60.9295
10.6216 60.8133
10.6219 60.7117
10.6224 60.6227
10.6229 60.5449
10.6234 60.4768
10.6238 60.4172
10.6243 60.365
10.6248 60.3194
10.6253 60.2795
10.6258 60.2445
10.6262 60.214
10.6267 60.1872
10.6272 60.1638
10.6286 60.2683
10.6291 60.3598
10.6294 60.3148
10.6296 60.2755
10.6298 60.241
10.6301 60.3359
10.6303 60.2939
10.6308 60.2572
10.631 60.35
10.6313 60.3063
10.6315 60.268
10.6318 60.2345
10.632 60.3302
10.6322 60.2889
10.6325 60.2528
10.6327 60.2212
10.6332 60.3185
10.6334 60.2787
10.6337 60.2439
10.6339 60.2134
10.6342 60.3117
10.6344 60.2728
10.6347 60.2387
10.6349 60.2088
10.6351 60.3077
10.6354 60.2693
10.6356 60.2356
10.6361 60.3312
10.6363 60.2898
10.6366 60.2535
10.6368 60.2218
10.6371 60.3191
10.6373 60.2792
10.6375 60.2443
10.6378 60.2138
10.638 60.3121
10.6383 60.273
10.6387 60.2389
10.639 60.2091
10.6393 60.1829
10.6398 60.1601
10.6403 60.265
10.6408 60.2319
10.6413 60.3279
10.6417 60.2869
10.6422 60.3761
10.6427 60.3291
10.6432 60.4129
10.6437 60.3613
10.6441 60.4411
10.6446 60.386
10.6451 60.4628
10.6456 60.4049
10.6461 60.4793
10.6465 60.4194
10.647 60.492
10.6475 60.4305
10.648 60.3767
10.6485 60.3296
10.6489 60.2884
10.6494 60.3773
10.6499 60.3302
10.6503 60.4139
10.6505 60.3622
10.6508 60.3169
10.6511 60.4023
10.6515 60.352
10.6517 60.308
10.652 60.2695
10.6523 60.3608
10.6527 60.3157
10.6529 60.2762
10.6532 60.3667
10.6535 60.3209
10.6539 60.2808
10.6541 60.3707
10.6544 60.3243
10.6548 60.2838
10.6551 60.3733
10.6553 60.3267
10.6556 60.2858
10.656 60.3751
10.6563 60.3282
10.6565 60.2872
10.6568 60.2513
10.6572 60.3449
10.6575 60.3018
10.6577 60.264
10.658 60.231
10.6584 60.2022
10.6587 60.1769
10.6589 60.1548
10.6592 60.2604
10.6596 60.2279
10.6599 60.1994
10.6601 60.2995
10.6604 60.262
10.6608 60.2293
10.6611 60.3256
10.6613 60.2849
10.6618 60.2493
10.662 60.3431
10.6623 60.3002
10.6628 60.2627
10.663 60.3549
10.6632 60.3105
10.6637 60.2717
10.6642 60.3627
10.6645 60.3174
10.6648 60.2777
10.6652 60.368
10.6654 60.322
10.6658 60.2818
10.6661 60.3715
10.6664 60.3251
10.6667 60.2845
10.6671 60.3739
10.6673 60.3272
10.6677 60.2863
10.6681 60.3755
10.6683 60.4535
10.6687 60.3969
10.669 60.4722
10.6693 60.5382
10.6696 60.4709
10.67 60.4121
10.6702 60.4856
10.6706 60.4249
10.6709 60.3718
10.6712 60.4503
10.6715 60.394
10.6719 60.3448
10.6721 60.4267
10.6725 60.3733
10.6729 60.3267
10.6731 60.4108
10.6735 60.3595
10.6738 60.3145
10.6741 60.4002
10.6744 60.4752
10.6748 60.4158
10.675 60.4888
10.6754 60.5527
10.6757 60.4836
10.676 60.4232
10.6763 60.4953
10.6767 60.4334
10.6769 60.3792
10.6773 60.4568
10.6777 60.3997
10.6779 60.3497
10.6784 60.431
10.6786 60.3771
10.6791 60.455
10.6794 60.3981
10.6798 60.3484
10.6801 60.4298
10.6806 60.3761
10.6808 60.3291
10.6813 60.4129
10.6815 60.3613
10.682 60.3162
10.6825 60.4016
10.683 60.3514
10.6834 60.4325
10.6839 60.3784
10.6844 60.4561
10.6849 60.3991
10.6854 60.4742
10.6858 60.4149
10.6863 60.4881
10.6868 60.4271
10.6873 60.4987
10.6886 60.5613
10.6891 60.6162
10.6894 60.5392
10.6897 60.4718
10.6899 60.4128
10.6902 60.4862
10.6904 60.4254
10.6909 60.3722
10.6911 60.4507
10.6914 60.3944
10.6916 60.3451
10.6918 60.3019
10.6921 60.3892
10.6923 60.3405
10.6926 60.298
10.6928 60.2607
10.6932 60.3531
10.6935 60.309
10.6938 60.2704
10.694 60.3616
10.6943 60.4414
10.6945 60.3862
10.6947 60.3379
10.695 60.2957
10.6952 60.3837
10.6955 60.3358
10.6957 60.2938
10.6961 60.3821
10.6964 60.3343
10.6967 60.2925
10.6969 60.256
10.6971 60.349
10.6974 60.3053
10.6976 60.2672
10.6979 60.2338
10.6981 60.3296
10.6983 60.2884
10.6987 60.2523
10.6991 60.3458
10.6993 60.4276
10.6998 60.3741
10.7003 60.4523
10.7007 60.3958
10.7012 60.4713
10.7017 60.4124
10.7022 60.4859
10.7027 60.4251
10.7031 60.497
10.7036 60.4349
10.7041 60.5055
10.7046 60.4423
10.7051 60.512
10.7055 60.448
10.706 60.517
10.7065 60.4524
10.707 60.3958
10.7075 60.3464
10.7079 60.3031
10.7084 60.3902
10.7089 60.3414
10.7094 60.4237
10.7099 60.3708
10.7104 60.4494
10.7106 60.3932
10.7108 60.3441
10.7111 60.4261
10.7116 60.3728
10.7118 60.3262
10.712 60.4104
10.7123 60.4841
10.7128 60.4236
10.713 60.3707
10.7132 60.4493
10.7135 60.3932
10.714 60.344
10.7142 60.426
10.7144 60.3728
10.7148 60.3262
10.7152 60.4104
10.7154 60.3591
10.7156 60.3142
10.716 60.2749
10.7164 60.2406
10.7166 60.2105
10.7168 60.1842
10.7172 60.2862
10.7176 60.2504
10.7178 60.2191
10.718 60.3167
10.7184 60.4021
10.7188 60.3518
10.719 60.4329
10.7192 60.5038
10.7196 60.4408
10.72 60.3857
10.7202 60.4625
10.7204 60.4047
10.7208 60.3541
10.7212 60.4348
10.7214 60.3805
10.7218 60.3329
10.7221 60.4163
10.7224 60.3643
10.7227 60.3187
10.7231 60.4039
10.7233 60.3534
10.7237 60.3092
10.7242 60.3956
10.7245 60.3461
10.7248 60.3029
10.7253 60.39
10.7255 60.3413
10.7257 60.2986
10.7262 60.3863
10.7265 60.338
10.7267 60.2957
10.7272 60.3838
10.7274 60.3358
10.7277 60.2938
10.7281 60.3821
10.7284 60.3343
10.7286 60.2925
10.7291 60.381
10.7293 60.3334
10.7296 60.2917
10.7301 60.3802
10.7303 60.4577
10.7305 60.4005
10.731 60.4754
10.7314 60.541
10.7316 60.4734
10.7321 60.5392
10.7323 60.5968
10.7326 60.5222
10.7331 60.5819
10.7333 60.6342
10.7335 60.5549
10.734 60.6105
10.7343 60.6592
10.7345 60.5768
10.735 60.5047
10.7352 60.5666
10.7355 60.4958
10.7359 60.4338
10.7362 60.5046
10.7364 60.5665
10.7369 60.4957
10.7371 60.5587
10.7374 60.6139
10.7379 60.5372
10.7381 60.595
10.7385 60.6456
10.7388 60.5649
10.7391 60.6193
10.7393 60.5419
10.7396 60.4742
10.7398 60.4149
10.74 60.363
10.7403 60.3177
10.7405 60.2779
10.7408 60.1182
10.741 59.9784
10.7412 59.9811
10.7415 59.8585
10.7417 59.7512
10.742 59.5323
10.7422 59.4657
10.7424 59.2825
10.7427 59.1222
10.7429 58.8569
10.7432 58.7498
10.7434 58.5311
10.7436 58.3397
10.7439 58.0472
10.7441 57.7913
10.7444 57.4424
10.7446 57.1371
10.7448 56.87
10.7451 56.7612
10.7453 56.5411
10.7456 56.3484
10.7458 56.1799
10.746 56.0324
10.7463 55.9033
10.7465 55.7904
10.7468 55.6916
10.747 55.6052
10.7472 55.5295
10.7475 55.4633
10.7477 55.4054
10.748 55.2297
10.7482 55.201
10.7484 55.1759
10.7487 55.0289
10.7489 54.9003
10.7492 54.9128
10.7494 54.9237
10.7496 54.9332
10.7499 54.8166
10.7501 54.8395
10.7504 54.8595
10.7506 54.7521
10.7508 54.6581
10.7511 54.7008
10.7513 54.7382
10.7516 54.6459
10.7518 54.5652
10.752 54.6196
10.7523 54.6671
10.7525 54.5837
10.7528 54.5108
10.7531 54.5719
10.7534 54.5004
10.7537 54.4379
10.7542 54.5081
10.7547 54.4446
10.7552 54.514
10.7557 54.4498
10.7561 54.5186
10.7566 54.4537
10.7571 54.522
10.7576 54.4568
10.7581 54.5247
10.7585 54.4591
10.759 54.5267
10.7595 54.4609
10.76 54.4033
10.7603 54.3528
10.7608 54.3087
10.7613 54.3951
10.7618 54.3458
10.7623 54.4275
10.7627 54.3741
10.7632 54.4523
10.7637 54.3958
10.7642 54.4713
10.7647 54.4124
10.7649 54.3608
10.7651 54.4407
10.7654 54.3856
10.7659 54.3374
10.7661 54.4203
10.7663 54.3677
10.7666 54.3218
10.7671 54.4065
10.7673 54.4807
10.7675 54.4206
10.7678 54.3681
10.7683 54.447
10.7685 54.3912
10.7687 54.3423
10.7691 54.4245
10.7695 54.3714
10.7697 54.325
10.77 54.2844
10.7703 54.3738
10.7707 54.3271
10.7709 54.2862
10.7712 54.3754
10.7715 54.3285
10.7719 54.2874
10.7721 54.3765
10.7724 54.3294
10.7727 54.2883
10.7731 54.3772
10.7733 54.3301
10.7736 54.2888
10.7739 54.2527
10.7743 54.3461
10.7745 54.3029
10.7748 54.265
10.7751 54.3569
10.7755 54.3123
10.7757 54.2732
10.7761 54.3641
10.7764 54.3186
10.7767 54.2787
10.777 54.3689
10.7774 54.3228
10.7776 54.2824
10.778 54.3721
10.7785 54.3256
10.7788 54.2849
10.7791 54.3743
10.7796 54.3275
10.7798 54.2866
10.78 54.3758
10.7805 54.3288
10.7808 54.2877
10.781 54.3767
10.7815 54.3296
10.7817 54.2884
10.782 54.2524
10.7824 54.2208
10.7827 54.1932
10.7829 54.1691
10.7834 54.1479
10.7836 54.1294
10.7839 54.1133
10.7844 54.0991
10.7846 54.0867
10.7849 54.0759
10.7853 54.0664
10.7856 54.0581
10.7859 54.0508
10.7863 54.0445
10.7865 54.0389
10.7869 54.0341
10.7873 54.0298
10.7875 54.0261
10.7879 54.0228
10.7882 54.02
10.7885 54.0175
10.7888 54.0153
10.7892 54.1384
10.7894 54.1211
10.7898 54.1059
10.7901 54.2177
10.7904 54.1905
10.7907 54.1667
10.7911 54.2708
10.7913 54.237
10.7917 54.2074
10.7921 54.3064
10.7923 54.2681
10.7928 54.2346
10.793 54.3303
10.7933 54.289
10.7935 54.2529
10.7937 54.2213
10.794 54.1936
10.7942 54.1694
10.7945 54.1482
10.7947 54.1297
10.7949 54.1135
10.7952 54.2243
10.7954 54.1963
10.7957 54.1717
10.7959 54.1503
10.7961 54.2565
10.7964 54.2244
10.7966 54.1964
10.7969 54.1718
10.7971 54.2753
10.7973 54.2409
10.7976 54.2108
10.7978 54.1845
10.7981 54.2864
10.7983 54.2506
10.7985 54.2193
10.7988 54.1919
10.799 54.2929
10.7993 54.2563
10.7995 54.2242
10.7998 54.1962
10.8 54.1717
10.8002 54.1502
10.8005 54.1314
10.8007 54.115
10.801 54.1006
10.8012 54.0881
10.8014 54.077
10.8017 54.0674
10.8019 54.059
10.8022 54.1766
10.8024 54.1545
10.8026 54.1352
10.8029 54.1183
10.8031 54.2285
10.8034 54.2
10.8036 54.175
10.8038 54.1531
10.8041 54.259
10.8043 54.2266
10.8046 54.1983
10.8048 54.1735
10.805 54.2768
10.8053 54.2422
10.8055 54.2119
10.8058 54.1854
10.806 54.1623
10.8062 54.142
10.8065 54.1242
10.8067 54.1087
10.8071 54.2201
10.8074 54.1926
10.8077 54.1685
10.808 54.2725
10.8085 54.2384
10.809 54.3336
10.8095 54.2919
10.81 54.2554
10.8104 54.2235
10.8109 54.1955
10.8114 54.1711
10.8119 54.1497
10.8124 54.131
10.8128 54.1146
10.8133 54.1003
10.8138 54.0878
10.8143 54.2018
10.8147 54.1766
10.8151 54.2795
10.8156 54.2446
10.8161 54.339
10.8166 54.2966
10.8171 54.3845
10.8175 54.3365
10.818 54.4194
10.8185 54.367
10.819 54.3211
10.8192 54.406
10.8195 54.3552
10.8197 54.3108
10.8202 54.397
10.8204 54.3473
10.8207 54.3039
10.8209 54.2659
10.8214 54.2327
10.8216 54.2036
10.8219 54.1782
10.8221 54.2809
10.8226 54.2458
10.8228 54.2151
10.8231 54.3132
10.8234 54.274
10.8238 54.2398
10.824 54.3348
10.8243 54.4179
10.8246 54.3657
10.825 54.32
10.8252 54.405
10.8255 54.3544
10.8258 54.3101
10.8262 54.3963
10.8264 54.3468
10.8267 54.3034
10.827 54.3905
10.8274 54.3417
10.8276 54.299
10.8279 54.2616
10.8282 54.3539
10.8286 54.3097
10.8288 54.271
10.8291 54.3621
10.8294 54.3168
10.8298 54.2772
10.83 54.3676
10.8304 54.3216
10.8308 54.2814
10.831 54.2462
10.8314 54.2155
10.8317 54.1885
10.832 54.165
10.8323 54.1443
10.8328 54.1263
10.8332 54.2355
10.8334 54.2061
10.8339 54.1803
10.8341 54.2828
10.8344 54.2474
10.8348 54.2165
10.8351 54.3144
10.8353 54.2751
10.8358 54.2407
10.836 54.3356
10.8363 54.4187
10.8368 54.3664
10.837 54.4456
10.8372 54.5149
10.8377 54.4505
10.838 54.3942
10.8382 54.4699
10.8387 54.4112
10.8389 54.3598
10.8392 54.4398
10.8396 54.3848
10.8399 54.3367
10.8402 54.4196
10.8406 54.3672
10.8408 54.3213
10.8412 54.4061
10.8416 54.3554
10.8418 54.3109
10.8422 54.3971
10.8425 54.3474
10.8428 54.304
10.8431 54.391
10.8435 54.3421
10.8437 54.2994
10.8441 54.3869
10.8445 54.3386
10.8447 54.2963
10.8451 54.3842
10.8454 54.3362
10.8457 54.2942
10.846 54.3824
10.8464 54.3346
10.8466 54.2928
10.8471 54.3812
10.8473 54.3335
10.8476 54.2918
10.8478 54.2554
10.8481 54.3484
10.8483 54.4299
10.8485 54.3761
10.8488 54.3291
10.849 54.413
10.8493 54.4864
10.8495 54.4256
10.8497 54.3724
10.85 54.3258
10.8502 54.4101
10.8505 54.3588
10.8507 54.314
10.8509 54.2747
10.8512 54.3654
10.8514 54.3197
10.8517 54.2797
10.8519 54.2448
10.8521 54.3392
10.8524 54.2968
10.8526 54.2597
10.8529 54.2272
10.8531 54.3238
10.8533 54.2833
10.8536 54.2479
10.8538 54.2169
10.8541 54.3148
10.8543 54.4005
10.8545 54.3504
10.8548 54.3066
10.855 54.3933
10.8553 54.4691
10.8555 54.4105
10.8557 54.3592
10.856 54.3143
10.8562 54.4
10.8565 54.35
10.8567 54.3062
10.8569 54.268
10.8572 54.3595
10.8574 54.3145
10.8577 54.2752
10.8579 54.2408
10.8581 54.3357
10.8584 54.2937
10.8586 54.257
10.8589 54.2249
10.8591 54.3218
10.8594 54.2816
10.8596 54.2464
10.8598 54.2156
10.8601 54.3136
10.8603 54.3994
10.8606 54.3495
10.8608 54.3058
10.861 54.3926
10.8614 54.3435
10.8618 54.3006
10.862 54.263
10.8624 54.2301
10.8628 54.2014
10.8633 54.1762
10.8638 54.1542
10.8643 54.2599
10.8648 54.2274
10.8652 54.324
10.8657 54.2835
10.8662 54.373
10.8667 54.3264
10.8672 54.4106
10.8676 54.3593
10.8681 54.4394
10.8686 54.3845
10.869 54.3364
10.8694 54.2943
10.8699 54.2576
10.8704 54.2254
10.8709 54.1972
10.8714 54.1725
10.8718 54.151
10.8723 54.1321
10.8728 54.1156
10.8733 54.2261
10.8735 54.1979
10.8738 54.1731
10.874 54.2765
10.8745 54.2419
10.8749 54.2117
10.8751 54.3102
10.8753 54.3964
10.8757 54.4719
10.8761 54.5379
10.8763 54.5957
10.8765 54.6462
10.8769 54.5654
10.8773 54.6198
10.8775 54.6673
10.8777 54.5839
10.8782 54.6359
10.8785 54.6814
10.8787 54.5962
10.8789 54.5217
10.8794 54.5815
10.8797 54.6338
10.8799 54.5546
10.8801 54.6103
10.8806 54.659
10.8809 54.5766
10.8811 54.6295
10.8813 54.6758
10.8818 54.5914
10.8821 54.6424
10.8823 54.6871
10.8825 54.7262
10.883 54.7605
10.8833 54.7904
10.8835 54.8166
10.8837 54.7145
10.8842 54.7502
10.8845 54.7814
10.8847 54.6838
10.8852 54.7233
10.8854 54.7579
10.8857 54.7881
10.8861 54.8146
10.8864 54.8378
10.8866 54.8581
10.8871 54.8758
10.8876 54.8913
10.8878 54.7799
10.8882 54.8074
10.8885 54.8315
10.8888 54.7276
10.8891 54.7616
10.8895 54.7914
10.8898 54.6925
10.8901 54.7309
10.8905 54.7646
10.8907 54.669
10.8911 54.7104
10.8914 54.7466
10.8917 54.6532
10.892 54.6966
10.8924 54.7345
10.8926 54.7677
10.893 54.6717
10.8934 54.7128
10.8936 54.7487
10.894 54.6551
10.8943 54.6982
10.8946 54.7359
10.895 54.7689
10.8953 54.7978
10.8955 54.8231
10.896 54.7202
10.8962 54.7552
10.8965 54.7858
10.897 54.6876
10.8972 54.7266
10.8974 54.7608
10.8979 54.6657
10.8982 54.7075
10.8984 54.744
10.8989 54.651
10.8991 54.6947
10.8994 54.7328
10.8998 54.6412
10.9001 54.6861
10.9003 54.7253
10.9008 54.6346
10.901 54.6803
10.9014 54.7203
10.9018 54.6302
10.902 54.6765
10.9022 54.7169
10.9025 54.7523
10.9027 54.6583
10.903 54.576
10.9032 54.629
10.9034 54.6753
10.9037 54.5909
10.9039 54.5171
10.9042 54.5774
10.9044 54.6303
10.9047 54.6765
10.9049 54.5919
10.9051 54.6429
10.9054 54.6876
10.9056 54.7266
10.9059 54.6358
10.9061 54.6813
10.9063 54.7211
10.9066 54.756
10.9068 54.6615
10.9071 54.7038
10.9073 54.7408
10.9075 54.7732
10.9078 54.6766
10.908 54.717
10.9083 54.7524
10.9085 54.7833
10.9087 54.6854
10.909 54.5997
10.9092 54.6498
10.9095 54.6935
10.9097 54.6069
10.9099 54.531
10.9102 54.5896
10.9104 54.6409
10.9107 54.6858
10.9109 54.6001
10.9111 54.6501
10.9114 54.6938
10.9116 54.7321
10.9119 54.6406
10.9121 54.6855
10.9123 54.7248
10.9126 54.7592
10.9128 54.6643
10.9131 54.7063
10.9133 54.743
10.9135 54.7751
10.9138 54.6782
10.914 54.7184
10.9143 54.7536
10.9145 54.7844
10.9147 54.6864
10.915 54.6006
10.9152 54.6505
10.9155 54.6942
10.9157 54.6074
10.9162 54.6565
10.9164 54.6994
10.9167 54.737
10.9171 54.7699
10.9176 54.7986
10.9181 54.8238
10.9186 54.8458
10.9191 54.8651
10.9196 54.882
10.92 54.8967
10.9205 54.9096
10.921 54.7959
10.9215 54.8214
10.922 54.7188
10.9224 54.7539
10.9229 54.6597
10.9234 54.7022
10.9238 54.7394
10.9242 54.772
10.9247 54.8005
10.9252 54.8254
10.9257 54.8473
10.9262 54.8664
10.9266 54.8831
10.9271 54.8977
10.9276 54.9105
10.928 54.7967
10.9282 54.8221
10.9284 54.8443
10.9288 54.7388
10.9292 54.7714
10.9294 54.8
10.9296 54.7
10.93 54.7375
10.9304 54.7703
10.9306 54.674
10.9308 54.5898
10.9312 54.641
10.9316 54.6859
10.9318 54.6002
10.932 54.6502
10.9325 54.6939
10.9328 54.6071
10.933 54.6563
10.9332 54.6992
10.9337 54.7368
10.934 54.6447
10.9342 54.6891
10.9345 54.728
10.9349 54.637
10.9352 54.6824
10.9354 54.7221
10.9357 54.6318
10.9361 54.6778
10.9364 54.7181
10.9366 54.6283
10.9369 54.5498
10.9373 54.6061
10.9376 54.5303
10.9378 54.464
10.9381 54.531
10.9385 54.5896
10.9388 54.5159
10.939 54.5764
10.9395 54.6294
10.9397 54.5507
10.94 54.4819
10.9405 54.5466
10.9407 54.4783
10.9409 54.4185
10.9414 54.4912
10.9419 54.4298
10.9421 54.5011
10.9425 54.5634
10.9429 54.493
10.9431 54.5564
10.9435 54.6118
10.9438 54.5354
10.9441 54.5934
10.9444 54.6443
10.9448 54.5637
10.945 54.6183
10.9454 54.666
10.9457 54.5827
10.946 54.5099
10.9463 54.5712
10.9467 54.4998
10.9469 54.4373
10.9473 54.5076
10.9477 54.5692
10.9479 54.498
10.9483 54.5608
10.9486 54.6157
10.9489 54.5387
10.9493 54.5964
10.9496 54.5218
10.9498 54.4566
10.9503 54.5245
10.9506 54.584
10.9508 54.511
10.9513 54.5721
10.9515 54.6256
10.9518 54.5474
10.9522 54.604
10.9525 54.6535
10.9527 54.5718
10.9532 54.6253
10.9534 54.6721
10.9537 54.5881
10.9542 54.6396
10.9544 54.6847
10.9546 54.5991
10.9551 54.6492
10.9554 54.693
10.9557 54.6064
10.9561 54.6556
10.9563 54.6987
10.9566 54.6113
10.9568 54.5349
10.957 54.593
10.9573 54.6439
10.9575 54.6884
10.9578 54.6024
10.958 54.6521
10.9582 54.6956
10.9585 54.7336
10.9587 54.6419
10.959 54.5617
10.9592 54.6165
10.9594 54.6644
10.9597 54.5814
10.9599 54.5087
10.9602 54.5701
10.9604 54.6238
10.9606 54.5459
10.9609 54.4776
10.9611 54.5429
10.9614 54.6001
10.9616 54.525
10.9618 54.4594
10.9621 54.527
10.9623 54.5861
10.9626 54.5129
10.9628 54.4487
10.963 54.5177
10.9633 54.5779
10.9635 54.6307
10.9638 54.5519
10.964 54.6079
10.9642 54.6569
10.9645 54.6998
10.9647 54.6123
10.965 54.5358
10.9652 54.5938
10.9655 54.6446
10.9657 54.564
10.9659 54.4935
10.9662 54.5568
10.9664 54.6122
10.9667 54.5357
10.9669 54.4687
10.9671 54.5351
10.9674 54.5932
10.9676 54.5191
10.9679 54.4542
10.9681 54.5224
10.9683 54.5821
10.9686 54.5094
10.9688 54.4457
10.9691 54.515
10.9693 54.5756
10.9695 54.6287
10.9698 54.5501
10.97 54.6063
10.9705 54.6555
10.9707 54.5736
10.971 54.5019
10.9715 54.5641
10.9719 54.4936
10.9724 54.5569
10.9729 54.4873
10.9734 54.5514
10.9739 54.4825
10.9743 54.5472
10.9748 54.4788
10.9753 54.5439
10.9758 54.6009
10.9763 54.6508
10.9767 54.6945
10.9772 54.7327
10.9777 54.7661
10.9781 54.7953
10.9785 54.8209
10.979 54.8433
10.9795 54.8629
10.98 54.755
10.9805 54.7856
10.981 54.6874
10.9814 54.7265
10.9819 54.6357
10.9823 54.6812
10.9825 54.7211
10.9828 54.6309
10.9831 54.6771
10.9835 54.7174
10.9837 54.6278
10.984 54.5493
10.9843 54.6056
10.9847 54.5299
10.9849 54.4637
10.9852 54.5307
10.9855 54.5894
10.9859 54.5157
10.9861 54.5762
10.9864 54.6292
10.9868 54.5506
10.9871 54.6067
10.9873 54.6559
10.9876 54.5739
10.988 54.6272
10.9883 54.6738
10.9885 54.7146
10.9888 54.6252
10.9891 54.6721
10.9895 54.7131
10.9897 54.6239
10.99 54.5459
10.9903 54.6027
10.9907 54.5274
10.9909 54.4614
10.9912 54.5288
10.9915 54.5877
10.9919 54.5142
10.9921 54.5749
10.9924 54.6281
10.9927 54.5496
10.9932 54.6059
10.9934 54.6551
10.9938 54.5732
10.9942 54.6266
10.9944 54.6733
10.9948 54.7141
10.9951 54.7498
10.9954 54.7811
10.9957 54.8085
10.9962 54.8324
10.9966 54.8534
10.9968 54.7467
10.9973 54.7784
10.9975 54.8061
10.9978 54.7053
10.9983 54.7421
10.9985 54.7744
10.9987 54.6776
10.9992 54.7179
10.9995 54.7531
10.9997 54.659
11.0002 54.7016
11.0004 54.7389
11.0007 54.7716
11.0011 54.8001
11.0014 54.8251
11.0016 54.847
11.0021 54.8661
11.0023 54.8828
11.0026 54.8975
11.0031 54.9103
11.0033 54.9215
11.0037 54.9313
11.004 54.9399
11.0043 54.9474
11.0046 54.954
11.005 54.8347
11.0052 54.8554
11.0056 54.8735
11.0059 54.7643
11.0062 54.7937
11.0065 54.8195
11.0069 54.7171
11.0071 54.7525
11.0075 54.7834
11.0079 54.6855
11.0081 54.7248
11.0085 54.7592
11.0088 54.6643
11.0091 54.7063
11.0094 54.743
11.0098 54.6501
11.01 54.6938
11.0105 54.7321
11.0108 54.6406
11.011 54.5605
11.0112 54.6155
11.0115 54.6635
11.0117 54.5806
11.012 54.508
11.0122 54.5695
11.0124 54.6233
11.0127 54.5454
11.0129 54.4772
11.0132 54.5426
11.0134 54.5998
11.0136 54.6498
11.0139 54.5686
11.0141 54.6225
11.0144 54.6697
11.0146 54.711
11.0148 54.6221
11.0151 54.6693
11.0153 54.7107
11.0156 54.7468
11.0158 54.6535
11.016 54.6968
11.0163 54.7347
11.0165 54.7679
11.0168 54.6719
11.017 54.7129
11.0172 54.7488
11.0175 54.7802
11.0177 54.6827
11.018 54.5973
11.0182 54.6477
11.0184 54.6917
11.0187 54.6052
11.0189 54.5296
11.0192 54.5884
11.0194 54.6398
11.0196 54.6849
11.0199 54.5992
11.0201 54.6493
11.0204 54.6932
11.0206 54.7315
11.0208 54.6401
11.0211 54.6851
11.0213 54.7244
11.0216 54.7589
11.0218 54.664
11.022 54.706
11.0223 54.7428
11.0225 54.7749
11.0228 54.6781
11.023 54.7183
11.0232 54.7535
11.0235 54.7843
11.0237 54.6863
11.024 54.6005
11.0242 54.6504
11.0244 54.6941
11.0248 54.6074
11.0252 54.6564
11.0254 54.6994
11.0258 54.737
11.0263 54.7698
11.0267 54.7986
11.0272 54.8238
11.0277 54.8458
11.0282 54.8651
11.0287 54.8819
11.0291 54.8967
11.0296 54.9096
11.0301 54.9209
11.0306 54.9308
11.0311 54.9394
11.0315 54.947
11.032 54.9536
11.0324 54.9594
11.0329 54.8395
11.0333 54.8596
11.0338 54.7521
11.0343 54.7831
11.0348 54.8102
11.0353 54.8339
11.0357 54.8547
11.0362 54.8729
11.0367 54.8888
11.0369 54.7777
11.0372 54.8054
11.0374 54.8298
11.0379 54.726
11.0381 54.7603
11.0384 54.7903
11.0386 54.8165
11.0391 54.8394
11.0393 54.8595
11.0396 54.877
11.0398 54.7674
11.0403 54.7965
11.0406 54.8219
11.0408 54.7192
11.0412 54.7543
11.0415 54.785
11.0418 54.6869
11.042 54.601
11.0424 54.6509
11.0427 54.5695
11.043 54.4983
11.0432 54.561
11.0434 54.6159
11.0439 54.5389
11.0442 54.5966
11.0444 54.647
11.0446 54.6911
11.0451 54.7297
11.0454 54.7635
11.0456 54.7931
11.0458 54.6939
11.0463 54.7322
11.0466 54.7657
11.0468 54.67
11.047 54.7112
11.0475 54.7473
11.048 54.7789
11.0482 54.8065
11.0486 54.8307
11.049 54.7269
11.0492 54.761
11.0496 54.7909
11.0499 54.692
11.0502 54.7305
11.0505 54.7642
11.051 54.7937
11.0514 54.8195
11.0516 54.842
11.0521 54.8618
11.0523 54.8791
11.0526 54.8942
11.053 54.9074
11.0533 54.919
11.0535 54.9291
11.054 54.938
11.0542 54.9457
11.0545 54.9525
11.055 54.8334
11.0552 54.8543
11.0555 54.8725
11.0559 54.7634
11.0562 54.793
11.0564 54.8189
11.0569 54.7165
11.0571 54.7519
11.0574 54.7829
11.0579 54.6851
11.0581 54.7244
11.0585 54.7589
11.0588 54.664
11.0591 54.706
11.0594 54.7428
11.0598 54.7749
11.06 54.8031
11.0604 54.8277
11.0607 54.8492
11.061 54.7431
11.0613 54.7752
11.0617 54.8033
11.0619 54.7029
11.0623 54.74
11.0627 54.7725
11.0629 54.6759
11.0633 54.7165
11.0636 54.7519
11.0639 54.6579
11.0642 54.7007
11.0646 54.7381
11.0648 54.6458
11.0653 54.6901
11.0655 54.7288
11.0658 54.7627
11.066 54.7924
11.0663 54.8183
11.0665 54.841
11.0667 54.8609
11.067 54.7533
11.0672 54.7841
11.0675 54.8111
11.0677 54.8347
11.0679 54.7304
11.0682 54.7641
11.0684 54.7936
11.0687 54.8194
11.0689 54.717
11.0691 54.7523
11.0694 54.7833
11.0696 54.8104
11.0699 54.7091
11.0701 54.7454
11.0704 54.7773
11.0706 54.8051
11.0708 54.7045
11.0711 54.7414
11.0713 54.7737
11.0716 54.802
11.0718 54.7018
11.072 54.739
11.0723 54.7717
11.0725 54.8002
11.0728 54.8252
11.073 54.722
11.0732 54.7568
11.0735 54.7872
11.0737 54.8138
11.074 54.7121
11.0742 54.748
11.0744 54.7795
11.0747 54.8071
11.0749 54.7062
11.0752 54.7429
11.0754 54.7751
11.0756 54.8032
11.0759 54.7028
11.0761 54.7399
11.0764 54.7724
11.0766 54.8009
11.0768 54.7008
11.0771 54.7382
11.0773 54.7709
11.0776 54.7995
11.0778 54.6996
11.078 54.7371
11.0783 54.77
11.0785 54.7988
11.0788 54.8239
11.079 54.8459
11.0792 54.8652
11.0796 54.882
11.08 54.7718
11.0802 54.8003
11.0806 54.8253
11.081 54.8471
11.0815 54.8662
11.082 54.8829
11.0825 54.8976
11.083 54.7854
11.0834 54.8122
11.0839 54.7107
11.0844 54.7468
11.0849 54.6535
11.0854 54.6968
11.0859 54.6097
11.0863 54.6585
11.0868 54.5762
11.0872 54.6292
11.0877 54.6755
11.0881 54.7161
11.0886 54.7516
11.0891 54.7826
11.0896 54.8098
11.0901 54.8336
11.0905 54.8544
11.091 54.8726
11.0915 54.8885
11.0917 54.9024
11.092 54.7896
11.0922 54.8159
11.0927 54.8389
11.0929 54.7341
11.0932 54.7673
11.0934 54.7964
11.0939 54.6968
11.0941 54.7347
11.0944 54.7679
11.0946 54.7969
11.0951 54.8223
11.0953 54.8445
11.0956 54.8639
11.0959 54.756
11.0963 54.7865
11.0965 54.8131
11.0968 54.8365
11.0971 54.8569
11.0975 54.8748
11.0977 54.8905
11.098 54.7792
11.0982 54.8068
11.0987 54.8309
11.0989 54.7271
11.0992 54.7612
11.0994 54.791
11.0999 54.6921
11.1002 54.7306
11.1004 54.7643
11.1006 54.7938
11.1011 54.8195
11.1014 54.8421
11.1016 54.8618
11.1018 54.8791
11.1022 54.8942
11.1028 54.9074
11.103 54.919
11.1033 54.9291
11.1038 54.938
11.104 54.9457
11.1042 54.9525
11.1047 54.9585
11.105 54.9636
11.1052 54.9682
11.1057 54.9722
11.1062 54.9756
11.1064 54.9787
11.1068 54.9814
11.1072 54.9837
11.1075 54.9857
11.1078 54.9875
11.1082 54.9891
11.1084 54.9904
11.1088 54.9916
11.1092 54.9927
11.1094 54.9936
11.1098 54.9944
11.1101 55.1201
11.1104 55.1051
11.1107 55.0919
11.1111 55.2055
11.1113 55.1798
11.1117 55.1573
11.112 55.2626
11.1123 55.2298
11.1126 55.2011
11.113 55.3009
11.1132 55.2633
11.1137 55.2304
11.114 55.2016
11.1142 55.1764
11.1147 55.1544
11.1149 55.1351
11.1152 55.1182
11.1157 55.1034
11.1159 55.0905
11.1161 55.2042
11.1166 55.1786
11.1169 55.1563
11.1171 55.2618
11.1176 55.2291
11.1178 55.2004
11.1181 55.3004
11.1185 55.2628
11.1188 55.23
11.119 55.3262
11.1195 55.2854
11.1197 55.2498
11.1201 55.3435
11.1205 55.3006
11.1207 55.263
11.1209 55.2301
11.1212 55.2014
11.1214 55.1762
11.1217 55.1542
11.1219 55.1349
11.1221 55.243
11.1224 55.2127
11.1226 55.1861
11.1229 55.1628
11.1231 55.2675
11.1233 55.234
11.1236 55.2048
11.1238 55.1792
11.1241 55.2818
11.1243 55.2466
11.1245 55.2157
11.1248 55.1888
11.125 55.2902
11.1253 55.2539
11.1255 55.2222
11.1257 55.1944
11.126 55.1701
11.1262 55.1488
11.1265 55.1302
11.1267 55.1139
11.1269 55.0997
11.1272 55.0872
11.1274 55.0763
11.1277 55.0668
11.1279 55.0584
11.1281 55.1761
11.1284 55.1541
11.1286 55.1349
11.1289 55.118
11.1291 55.2282
11.1293 55.1997
11.1296 55.1748
11.1298 55.1529
11.1301 55.2588
11.1303 55.2264
11.1306 55.1981
11.1308 55.1734
11.131 55.2767
11.1313 55.2421
11.1315 55.2118
11.1318 55.1854
11.132 55.1622
11.1322 55.1419
11.1325 55.1242
11.1327 55.1087
11.133 55.0951
11.1332 55.0832
11.1334 55.0728
11.1337 55.0637
11.1339 55.0557
11.1342 55.0488
11.1344 55.0427
11.1349 55.0373
11.1351 55.1577
11.1354 55.138
11.1358 55.1207
11.1363 55.1056
11.1368 55.0924
11.1373 55.0809
11.1378 55.0708
11.1382 55.1869
11.1387 55.1635
11.1392 55.2681
11.1397 55.2346
11.1402 55.3303
11.1406 55.289
11.1411 55.3779
11.1416 55.3306
11.1421 55.4143
11.1424 55.3625
11.1429 55.3172
11.1434 55.2775
11.1439 55.2429
11.1444 55.2125
11.1449 55.1859
11.1453 55.1627
11.1458 55.1424
11.1463 55.1246
11.1467 55.109
11.1469 55.0954
11.1471 55.2084
11.1475 55.1824
11.1479 55.1596
11.1481 55.2646
11.1483 55.2316
11.1487 55.2026
11.1491 55.3023
11.1493 55.2645
11.1495 55.2314
11.1499 55.2025
11.1503 55.1772
11.1505 55.155
11.1507 55.1357
11.1512 55.2437
11.1515 55.2132
11.1517 55.1866
11.1519 55.1633
11.1524 55.1429
11.1527 55.125
11.1529 55.1094
11.1531 55.2207
11.1535 55.1931
11.1539 55.169
11.1541 55.2729
11.1543 55.2387
11.1547 55.2089
11.1551 55.3078
11.1553 55.2693
11.1555 55.2356
11.1559 55.2062
11.1563 55.1804
11.1565 55.1579
11.1567 55.1381
11.157 55.1209
11.1576 55.1058
11.1579 55.0925
11.1582 55.081
11.1585 55.0708
11.1589 55.062
11.1591 55.1792
11.1595 55.1568
11.1599 55.1372
11.1601 55.2451
11.1605 55.2144
11.161 55.1876
11.1613 55.1642
11.1616 55.1437
11.162 55.2507
11.1623 55.2194
11.1626 55.1919
11.163 55.1679
11.1632 55.147
11.1636 55.1286
11.164 55.1125
11.1642 55.0984
11.1646 55.0861
11.1649 55.0754
11.1652 55.066
11.1655 55.0577
11.1659 55.0505
11.1661 55.0442
11.1665 55.0387
11.1668 55.0338
11.1671 55.0296
11.1674 55.0259
11.1678 55.0227
11.168 55.0198
11.1685 55.0173
11.1688 55.0152
11.169 55.1383
11.1695 55.121
11.1697 55.1059
11.17 55.0926
11.1704 55.0811
11.1707 55.0709
11.1709 55.0621
11.1714 55.0543
11.1716 55.0475
11.1719 55.0416
11.1724 55.0364
11.1726 55.0318
11.1728 55.0279
11.1733 55.0244
11.1736 55.0213
11.1738 55.0187
11.1743 55.0163
11.1745 55.0143
11.1749 55.0125
11.1753 55.0109
11.1755 55.0096
11.1757 55.0084
11.176 55.0073
11.1762 55.0064
11.1765 55.0056
11.1767 55.0049
11.1769 55.0043
11.1772 55.0038
11.1774 55.0033
11.1777 55.0029
11.1779 55.0025
11.1781 55.0022
11.1784 55.0019
11.1786 55.0017
11.1789 55.0015
11.1791 55.0013
11.1793 55.0011
11.1796 55.001
11.1798 55.0009
11.1801 55.0008
11.1803 55.0007
11.1805 55.0006
11.1808 55.0005
11.181 55.1254
11.1813 55.1098
11.1815 55.096
11.1817 55.084
11.182 55.0735
11.1822 55.0643
11.1825 55.0563
11.1827 55.0493
11.1829 55.0431
11.1832 55.0377
11.1834 55.033
11.1837 55.0289
11.1839 55.0253
11.1841 55.0221
11.1844 55.0193
11.1846 55.0169
11.1849 55.0148
11.1851 55.013
11.1853 55.0113
11.1856 55.0099
11.1858 55.0087
11.1861 55.0076
11.1863 55.0066
11.1865 55.0058
11.1868 55.0051
11.187 55.1294
11.1873 55.1133
11.1875 55.0991
11.1877 55.0867
11.188 55.0759
11.1882 55.0664
11.1885 55.0581
11.1887 55.0508
11.1889 55.0445
11.1892 55.0389
11.1897 55.0341
11.1899 55.0298
11.1902 55.0261
11.1906 55.0228
11.1911 55.145
11.1916 55.1268
11.1921 55.236
11.1926 55.2065
11.193 55.3057
11.1935 55.2675
11.194 55.234
11.1945 55.2048
11.195 55.1792
11.1954 55.1568
11.1959 55.1372
11.1964 55.12
11.1969 55.105
11.1972 55.0919
11.1977 55.0804
11.1982 55.1954
11.1987 55.1709
11.1992 55.2746
11.1996 55.2402
11.2001 55.3352
11.2006 55.2933
11.2011 55.3817
11.2014 55.3339
11.2017 55.2922
11.2019 55.2557
11.2023 55.2237
11.2026 55.1958
11.2029 55.1713
11.2031 55.1499
11.2035 55.1311
11.2038 55.1147
11.2041 55.1004
11.2043 55.0879
11.2047 55.0769
11.2051 55.1923
11.2053 55.1682
11.2055 55.1472
11.206 55.2538
11.2063 55.2221
11.2065 55.1943
11.2067 55.17
11.2072 55.2738
11.2075 55.2395
11.2077 55.2096
11.2079 55.1834
11.2083 55.1605
11.2087 55.1404
11.2089 55.1229
11.2091 55.1075
11.2095 55.0941
11.2099 55.0823
11.2101 55.072
11.2103 55.063
11.2107 55.0551
11.2111 55.1732
11.2113 55.1516
11.2115 55.1326
11.2118 55.1161
11.2124 55.2266
11.2127 55.1982
11.213 55.1735
11.2133 55.1518
11.2137 55.1328
11.2139 55.1162
11.2143 55.1017
11.2147 55.089
11.2149 55.0778
11.2153 55.0681
11.2156 55.0596
11.2161 55.1771
11.2163 55.155
11.2167 55.1356
11.2171 55.1187
11.2173 55.1038
11.2178 55.0909
11.218 55.2045
11.2183 55.1789
11.2187 55.1566
11.219 55.137
11.2192 55.1199
11.2197 55.1049
11.22 55.0918
11.2202 55.0803
11.2207 55.0703
11.2209 55.0615
11.2212 55.0538
11.2216 55.0471
11.2219 55.0412
11.2221 55.036
11.2226 55.0315
11.223 55.0276
11.2233 55.0241
11.2237 55.0211
11.2239 55.0185
11.2243 55.0162
11.2246 55.0142
11.2249 55.0124
11.2252 55.1358
11.2256 55.1189
11.2258 55.104
11.2262 55.216
11.2266 55.189
11.2268 55.1654
11.2272 55.2697
11.2275 55.236
11.2278 55.2065
11.2281 55.3057
11.2285 55.2675
11.2287 55.234
11.2291 55.3298
11.2294 55.2886
11.2297 55.2525
11.2302 55.3459
11.2304 55.3027
11.2306 55.2648
11.2309 55.2317
11.2311 55.3278
11.2314 55.2868
11.2316 55.251
11.2318 55.2196
11.2321 55.3171
11.2323 55.2775
11.2326 55.2428
11.2328 55.2125
11.233 55.3109
11.2333 55.272
11.2335 55.238
11.2338 55.2083
11.234 55.3072
11.2342 55.2688
11.2345 55.2352
11.2347 55.2058
11.235 55.1801
11.2352 55.1576
11.2355 55.1379
11.2357 55.1206
11.2359 55.1056
11.2362 55.0924
11.2364 55.0808
11.2367 55.0707
11.2369 55.0619
11.2371 55.1791
11.2374 55.1568
11.2376 55.1372
11.2379 55.12
11.2381 55.23
11.2383 55.2013
11.2386 55.1761
11.2388 55.1541
11.2391 55.2598
11.2393 55.2273
11.2395 55.1989
11.2398 55.1741
11.24 55.2773
11.2403 55.2426
11.2405 55.2123
11.2407 55.1858
11.241 55.1625
11.2412 55.1422
11.2415 55.1245
11.2417 55.1089
11.2419 55.0953
11.2422 55.0834
11.2424 55.0729
11.2427 55.0638
11.2429 55.0559
11.2431 55.1739
11.2434 55.1521
11.2436 55.1331
11.2439 55.1165
11.2441 55.2269
11.2445 55.1986
11.2448 55.1737
11.2451 55.277
11.2454 55.2424
11.2459 55.2121
11.2464 55.1856
11.2469 55.1624
11.2473 55.1421
11.2478 55.1243
11.2483 55.1088
11.2488 55.0952
11.2493 55.2083
11.2497 55.1822
11.2502 55.2845
11.2507 55.2489
11.2512 55.3428
11.2517 55.2999
11.252 55.3875
11.2525 55.339
11.253 55.2966
11.2535 55.2596
11.254 55.2271
11.2544 55.1987
11.2549 55.1739
11.2554 55.1521
11.2559 55.1331
11.2564 55.1165
11.2566 55.1019
11.2568 55.0892
11.2571 55.203
11.2576 55.1777
11.2578 55.1554
11.258 55.261
11.2583 55.2284
11.2588 55.1998
11.259 55.2999
11.2592 55.2624
11.2595 55.2296
11.26 55.2009
11.2602 55.1758
11.2604 55.1538
11.2608 55.1346
11.2612 55.1178
11.2614 55.103
11.2616 55.0902
11.262 55.2039
11.2624 55.1784
11.2626 55.1561
11.2628 55.1366
11.2631 55.2445
11.2636 55.2139
11.2638 55.1872
11.264 55.2888
11.2643 55.2527
11.2648 55.2211
11.265 55.3185
11.2653 55.2787
11.2655 55.2438
11.266 55.2134
11.2662 55.1867
11.2665 55.1633
11.2667 55.1429
11.2671 55.2501
11.2677 55.2188
11.2679 55.1915
11.2681 55.2925
11.2686 55.256
11.2689 55.224
11.2691 55.321
11.2696 55.2808
11.2698 55.2457
11.2701 55.34
11.2705 55.2975
11.2709 55.2603
11.2713 55.2278
11.2715 55.1993
11.272 55.1744
11.2722 55.1526
11.2726 55.1335
11.2729 55.1168
11.2732 55.1022
11.2735 55.0894
11.2739 55.0783
11.2741 55.1935
11.2745 55.1693
11.2749 55.1481
11.2751 55.2546
11.2755 55.2228
11.2758 55.1949
11.2761 55.2956
11.2764 55.2586
11.2768 55.2263
11.277 55.323
11.2774 55.2826
11.2779 55.2473
11.2782 55.3414
11.2786 55.2987
11.2789 55.2614
11.2792 55.3537
11.2795 55.3095
11.2799 55.2708
11.2802 55.362
11.2805 55.3167
11.2809 55.2771
11.2811 55.3675
11.2815 55.3215
11.2818 55.2814
11.2821 55.3712
11.2824 55.3248
11.2828 55.2842
11.283 55.3737
11.2834 55.327
11.2838 55.2861
11.284 55.2503
11.2844 55.219
11.2847 55.1917
11.285 55.1677
11.2854 55.1467
11.2857 55.1284
11.2859 55.1123
11.2862 55.2233
11.2864 55.1954
11.2866 55.171
11.2869 55.1496
11.2871 55.2559
11.2874 55.2239
11.2876 55.1959
11.2878 55.1714
11.2881 55.275
11.2883 55.2406
11.2886 55.2105
11.2888 55.1842
11.289 55.2862
11.2893 55.2504
11.2895 55.2191
11.2898 55.1917
11.29 55.2928
11.2902 55.3812
11.2905 55.3335
11.2907 55.2918
11.291 55.2554
11.2912 55.3484
11.2914 55.3049
11.2917 55.2668
11.2919 55.2334
11.2922 55.3292
11.2924 55.2881
11.2926 55.2521
11.2929 55.2206
11.2931 55.318
11.2934 55.2782
11.2936 55.2435
11.2938 55.213
11.2941 55.3114
11.2943 55.2725
11.2946 55.2384
11.2948 55.2086
11.2951 55.3075
11.2953 55.2691
11.2955 55.2355
11.2958 55.206
11.296 55.3053
11.2963 55.3921
11.2965 55.3431
11.2967 55.3002
11.297 55.2627
11.2972 55.3548
11.2975 55.3105
11.2977 55.2717
11.2979 55.2377
11.2982 55.333
11.2984 55.2914
11.2987 55.255
11.2989 55.2231
11.2991 55.3202
11.2994 55.2802
11.2997 55.2452
11.3001 55.3395
11.3003 55.2971
11.3007 55.2599
11.3012 55.3524
11.3017 55.3084
11.3021 55.3948
11.3026 55.3455
11.3031 55.4273
11.3036 55.3739
11.3041 55.4521
11.3045 55.3956
11.305 55.4712
11.3055 55.4123
11.306 55.3607
11.3065 55.3156
11.3069 55.2762
11.3073 55.2417
11.3078 55.2115
11.3083 55.31
11.3087 55.2713
11.3092 55.3624
11.3097 55.3171
11.3102 55.4024
11.3107 55.3521
11.3112 55.4331
11.3116 55.379
11.3119 55.3316
11.3121 55.4152
11.3124 55.3633
11.3128 55.3178
11.3131 55.4031
11.3133 55.3527
11.3136 55.3086
11.314 55.3951
11.3143 55.3457
11.3145 55.3025
11.3148 55.2647
11.3152 55.3566
11.3155 55.312
11.3157 55.273
11.3161 55.3639
11.3164 55.3184
11.3167 55.2786
11.3169 55.2438
11.3173 55.2133
11.3176 55.1866
11.3179 55.1633
11.3181 55.2679
11.3184 55.2344
11.3188 55.2051
11.3191 55.3045
11.3193 55.2664
11.3196 55.2331
11.32 55.329
11.3203 55.2878
11.3205 55.2519
11.3208 55.2204
11.3212 55.3178
11.3215 55.2781
11.3217 55.2433
11.322 55.2129
11.3223 55.1863
11.3229 55.163
11.3232 55.2676
11.3234 55.2342
11.3239 55.2049
11.3241 55.3043
11.3244 55.2663
11.3248 55.233
11.3251 55.3289
11.3253 55.2877
11.3258 55.2518
11.3262 55.3453
11.3265 55.3021
11.3268 55.2644
11.3273 55.3563
11.3275 55.3118
11.3279 55.2728
11.3282 55.3637
11.3285 55.3182
11.3288 55.2785
11.3292 55.3687
11.3294 55.4476
11.3297 55.3916
11.3301 55.4677
11.3304 55.5342
11.3306 55.4674
11.3311 55.534
11.3313 55.5923
11.3316 55.5182
11.3321 55.5784
11.3323 55.6311
11.3325 55.5522
11.333 55.6082
11.3335 55.6572
11.3337 55.575
11.3342 55.6282
11.3345 55.6746
11.3347 55.5903
11.3352 55.6415
11.3354 55.6863
11.3357 55.6005
11.3361 55.6505
11.3365 55.6942
11.3367 55.6074
11.3372 55.6565
11.3375 55.6994
11.3377 55.612
11.3382 55.6605
11.3384 55.7029
11.3387 55.6151
11.3391 55.6632
11.3394 55.7053
11.3396 55.7421
11.3401 55.7744
11.3404 55.8026
11.3407 55.8272
11.3411 55.8488
11.3413 55.8677
11.3416 55.8843
11.3418 55.7737
11.342 55.802
11.3423 55.8268
11.3425 55.8484
11.3428 55.7424
11.343 55.6496
11.3432 55.6934
11.3435 55.7317
11.3437 55.6402
11.344 55.5602
11.3442 55.6152
11.3444 55.6633
11.3447 55.5804
11.3449 55.5078
11.3452 55.5693
11.3454 55.6232
11.3456 55.5453
11.3459 55.4771
11.3461 55.5425
11.3464 55.5997
11.3466 55.6497
11.3468 55.5685
11.3471 55.6224
11.3473 55.6696
11.3476 55.7109
11.3478 55.6221
11.348 55.6693
11.3483 55.7106
11.3485 55.7468
11.3488 55.6535
11.349 55.6968
11.3492 55.7347
11.3495 55.7678
11.3497 55.6719
11.35 55.5879
11.3502 55.6394
11.3504 55.6845
11.3507 55.5989
11.3509 55.524
11.3512 55.5835
11.3514 55.6356
11.3516 55.5561
11.3519 55.4866
11.3521 55.5508
11.3524 55.6069
11.3526 55.6561
11.3528 55.5741
11.3531 55.6273
11.3533 55.6739
11.3536 55.7147
11.3538 55.6253
11.354 55.6722
11.3543 55.7131
11.3545 55.749
11.3548 55.6554
11.355 55.6984
11.3555 55.7361
11.3557 55.6441
11.356 55.5636
11.3565 55.6182
11.3569 55.5409
11.3574 55.5983
11.3579 55.5235
11.3584 55.5831
11.3589 55.5102
11.3593 55.5714
11.3598 55.5
11.3603 55.5625
11.3608 55.4922
11.3613 55.5556
11.3617 55.6112
11.3622 55.6598
11.3627 55.7023
11.3631 55.7395
11.3635 55.7721
11.364 55.8006
11.3645 55.8255
11.365 55.7223
11.3655 55.757
11.3659 55.6624
11.3664 55.7046
11.3669 55.6165
11.3673 55.6645
11.3675 55.7064
11.3677 55.6181
11.3681 55.6658
11.3685 55.7076
11.3687 55.6192
11.3689 55.5418
11.3693 55.599
11.3697 55.5242
11.3699 55.4586
11.3702 55.5263
11.3705 55.5855
11.3709 55.5123
11.3711 55.5733
11.3714 55.6266
11.3718 55.5483
11.3721 55.6048
11.3723 55.6542
11.3726 55.6974
11.373 55.7352
11.3733 55.7683
11.3735 55.7973
11.3738 55.6976
11.3741 55.7354
11.3745 55.7685
11.3747 55.6724
11.375 55.5884
11.3753 55.6398
11.3757 55.5598
11.3759 55.4899
11.3762 55.5536
11.3765 55.6094
11.3769 55.5332
11.3771 55.5916
11.3774 55.6426
11.3776 55.6873
11.3782 55.7264
11.3786 55.7606
11.3788 55.6655
11.3792 55.7073
11.3795 55.7439
11.3798 55.6509
11.3801 55.6946
11.3805 55.7327
11.3807 55.6411
11.3811 55.686
11.3814 55.7253
11.3819 55.6346
11.3822 55.6803
11.3825 55.7202
11.3829 55.6302
11.3831 55.6764
11.3836 55.7169
11.3838 55.6273
11.3841 55.6739
11.3846 55.7146
11.3848 55.6253
11.3851 55.6721
11.3854 55.7131
11.3858 55.624
11.386 55.671
11.3864 55.7121
11.3867 55.6231
11.387 55.5452
11.3873 55.6021
11.3877 55.5268
11.3879 55.4609
11.3883 55.5283
11.3888 55.4623
11.3891 55.5295
11.3895 55.5883
11.3899 55.5148
11.3901 55.5754
11.3905 55.6285
11.3908 55.5499
11.3911 55.6062
11.3914 55.6554
11.3918 55.5735
11.392 55.6268
11.3925 55.6735
11.3927 55.5893
11.393 55.5156
11.3935 55.5762
11.3937 55.5041
11.3939 55.4411
11.3944 55.511
11.3947 55.4471
11.3949 55.3912
11.3954 55.4673
11.3956 55.4089
11.396 55.3578
11.3963 55.4381
11.3966 55.3833
11.3968 55.3354
11.3971 55.4185
11.3973 55.4912
11.3975 55.4298
11.3978 55.376
11.398 55.454
11.3983 55.5223
11.3985 55.582
11.3987 55.5092
11.399 55.4456
11.3992 55.5149
11.3995 55.5755
11.3997 55.5036
11.3999 55.4406
11.4002 55.5106
11.4004 55.5717
11.4007 55.5003
11.4009 55.4377
11.4012 55.508
11.4014 55.5695
11.4016 55.4983
11.4019 55.436
11.4021 55.5065
11.4024 55.5682
11.4026 55.4972
11.4028 55.435
11.4031 55.5057
11.4033 55.5674
11.4036 55.4965
11.4038 55.4345
11.404 55.5051
11.4043 55.567
11.4045 55.4961
11.4048 55.4341
11.405 55.3798
11.4052 55.4574
11.4055 55.5252
11.4057 55.4595
11.406 55.4021
11.4062 55.4768
11.4064 55.5422
11.4067 55.4745
11.4069 55.4151
11.4072 55.4883
11.4074 55.5522
11.4076 55.4832
11.4079 55.4228
11.4081 55.4949
11.4084 55.5581
11.4086 55.4883
11.4088 55.4273
11.4091 55.4989
11.4093 55.5615
11.4096 55.4913
11.4098 55.4299
11.41 55.5012
11.4103 55.5635
11.4108 55.4931
11.411 55.5564
11.4112 55.6119
11.4117 55.6604
11.4122 55.7028
11.4127 55.74
11.4132 55.7725
11.4136 55.8009
11.4141 55.8258
11.4146 55.8476
11.4151 55.8666
11.4156 55.8833
11.4161 55.8979
11.4165 55.9107
11.417 55.9218
11.4175 55.9316
11.418 55.8151
11.4183 55.8383
11.4188 55.7335
11.4193 55.7668
11.4198 55.6709
11.4203 55.7121
11.4207 55.7481
11.4212 55.7796
11.4217 55.8071
11.4222 55.8312
11.4225 55.8523
11.4228 55.7458
11.423 55.7776
11.4234 55.8054
11.4237 55.7047
11.424 55.6166
11.4242 55.6645
11.4246 55.7065
11.4249 55.6182
11.4252 55.6659
11.4254 55.7076
11.4258 55.6192
11.4261 55.6668
11.4264 55.7084
11.4266 55.6199
11.4271 55.6674
11.4273 55.709
11.4276 55.6204
11.4278 55.5428
11.4283 55.6
11.4285 55.525
11.4288 55.4593
11.429 55.5269
11.4294 55.5861
11.4297 55.5128
11.43 55.4487
11.4302 55.5176
11.4306 55.5779
11.431 55.5057
11.4312 55.5675
11.4314 55.6215
11.4318 55.5438
11.4322 55.6009
11.4324 55.6507
11.4326 55.5694
11.4329 55.4982
11.4335 55.5609
11.4338 55.4908
11.4341 55.5545
11.4344 55.6102
11.4348 55.5339
11.435 55.5922
11.4354 55.6431
11.4358 55.5627
11.436 55.4924
11.4364 55.5559
11.4367 55.4864
11.4372 55.5506
11.4374 55.6068
11.4378 55.5309
11.4382 55.5895
11.4384 55.6408
11.4389 55.5607
11.4391 55.6156
11.4394 55.6637
11.4398 55.5807
11.4401 55.6331
11.4403 55.679
11.4407 55.5941
11.441 55.6449
11.4413 55.6892
11.4416 55.6031
11.442 55.6527
11.4422 55.6961
11.4426 55.7341
11.443 55.6423
11.4432 55.687
11.4434 55.7262
11.4439 55.6354
11.4444 55.681
11.4446 55.5958
11.4451 55.6464
11.4454 55.6906
11.4456 55.6042
11.4461 55.6537
11.4463 55.697
11.4466 55.6099
11.4471 55.6586
11.4473 55.7013
11.4477 55.6136
11.448 55.6619
11.4483 55.7042
11.4486 55.7412
11.449 55.6485
11.4492 55.6925
11.4496 55.7309
11.4501 55.7645
11.4503 55.794
11.4507 55.8197
11.451 55.8423
11.4513 55.862
11.4517 55.8792
11.452 55.7693
11.4522 55.7982
11.4525 55.8234
11.4527 55.7205
11.4529 55.6304
11.4532 55.6766
11.4534 55.717
11.4537 55.6274
11.4539 55.549
11.4541 55.6054
11.4544 55.6547
11.4546 55.6978
11.4549 55.6106
11.4551 55.6593
11.4553 55.7019
11.4556 55.7391
11.4558 55.6467
11.4561 55.6909
11.4563 55.7295
11.4565 55.7633
11.4568 55.6679
11.457 55.7094
11.4573 55.7458
11.4575 55.7775
11.4577 55.6803
11.458 55.5953
11.4582 55.6459
11.4585 55.6902
11.4587 55.6039
11.4589 55.5284
11.4592 55.5873
11.4594 55.6389
11.4597 55.5591
11.4599 55.4892
11.4602 55.553
11.4604 55.6089
11.4606 55.6578
11.4609 55.5756
11.4611 55.6286
11.4614 55.675
11.4616 55.7157
11.4618 55.6262
11.4621 55.6729
11.4623 55.7138
11.4626 55.7496
11.4628 55.6559
11.463 55.6989
11.4633 55.7365
11.4635 55.7695
11.4638 55.6733
11.464 55.5891
11.4642 55.6405
11.4645 55.6854
11.4647 55.5997
11.465 55.5248
11.4652 55.5842
11.4654 55.6362
11.4657 55.5566
11.466 55.6121
11.4664 55.6605
11.4666 55.578
11.467 55.5057
11.4675 55.5675
11.468 55.4966
11.4684 55.5595
11.4689 55.4896
11.4694 55.5534
11.4699 55.4842
11.4704 55.5487
11.4708 55.4801
11.4713 55.5451
11.4718 55.4769
11.4723 55.5423
11.4728 55.4745
11.4732 55.5402
11.4736 55.5977
11.4741 55.648
11.4746 55.692
11.475 55.7305
11.4755 55.7642
11.476 55.7936
11.4765 55.8194
11.477 55.717
11.4775 55.7524
11.4779 55.6583
11.4782 55.701
11.4784 55.7384
11.4787 55.6461
11.4791 55.6903
11.4794 55.7291
11.4796 55.7629
11.4799 55.6676
11.4803 55.7091
11.4806 55.7455
11.4808 55.6523
11.4811 55.6958
11.4815 55.7338
11.4818 55.6421
11.482 55.6868
11.4824 55.726
11.4827 55.6352
11.483 55.5558
11.4832 55.6113
11.4836 55.6599
11.4839 55.5774
11.4842 55.6302
11.4844 55.6765
11.4847 55.5919
11.4851 55.6429
11.4854 55.6876
11.4856 55.7266
11.4859 55.6358
11.4863 55.6813
11.4866 55.7211
11.4868 55.631
11.4871 55.6771
11.4875 55.7175
11.4878 55.6278
11.488 55.6743
11.4883 55.715
11.4886 55.7507
11.4892 55.7818
11.4895 55.8091
11.4897 55.708
11.4902 55.7445
11.4904 55.7764
11.4907 55.6794
11.4912 55.7194
11.4914 55.7545
11.4916 55.7852
11.4921 55.812
11.4925 55.8355
11.4928 55.7311
11.4931 55.7647
11.4936 55.7941
11.4938 55.6949
11.4942 55.733
11.4945 55.7664
11.4948 55.6706
11.4951 55.7118
11.4955 55.7478
11.4957 55.6543
11.496 55.5725
11.4964 55.626
11.4967 55.5477
11.4969 55.4792
11.4974 55.5443
11.4976 55.4763
11.4979 55.4168
11.4984 55.4897
11.4986 55.5535
11.4988 55.4843
11.4992 55.5487
11.4997 55.6051
11.5 55.6545
11.5004 55.6977
11.5008 55.6105
11.501 55.6592
11.5014 55.7018
11.5017 55.614
11.502 55.5373
11.5023 55.5951
11.5027 55.5207
11.5029 55.4556
11.5034 55.5237
11.5036 55.4582
11.5039 55.4009
11.5044 55.4758
11.5046 55.5414
11.5048 55.4737
11.5053 55.5395
11.5058 55.472
11.5061 55.538
11.5064 55.5958
11.5068 55.5213
11.507 55.5811
11.5075 55.6335
11.5077 55.6793
11.508 55.5944
11.5082 55.6451
11.5085 55.6895
11.5087 55.7283
11.5089 55.6372
11.5092 55.6826
11.5094 55.7223
11.5097 55.757
11.5099 55.6624
11.5101 55.7046
11.5104 55.7415
11.5106 55.7738
11.5109 55.6771
11.5111 55.7174
11.5113 55.7528
11.5116 55.7837
11.5118 55.6857
11.5121 55.725
11.5123 55.7594
11.5125 55.7894
11.5128 55.6908
11.513 55.7294
11.5133 55.7632
11.5135 55.7928
11.5137 55.8187
11.514 55.7164
11.5142 55.7518
11.5145 55.7829
11.5147 55.81
11.5149 55.7088
11.5152 55.7452
11.5154 55.777
11.5157 55.8049
11.5159 55.7043
11.5161 55.7412
11.5164 55.7736
11.5166 55.8019
11.5169 55.7017
11.5171 55.7389
11.5173 55.7716
11.5176 55.8001
11.5178 55.7001
11.5181 55.7376
11.5183 55.7704
11.5185 55.7991
11.5188 55.6992
11.519 55.7368
11.5193 55.7697
11.5195 55.7985
11.5197 55.8237
11.52 55.7207
11.5202 55.7556
11.5205 55.7862
11.5207 55.8129
11.521 55.7113
11.5212 55.7474
11.5214 55.779
11.5218 55.6816
11.5222 55.7214
11.5224 55.7562
11.5228 55.7867
11.5232 55.8133
11.5237 55.8367
11.5242 55.8571
11.5247 55.875
11.5252 55.8906
11.5256 55.9043
11.5261 55.9162
11.5266 55.9267
11.5271 55.9359
11.5276 55.9439
11.528 55.9509
11.5285 55.957
11.529 55.9624
11.5294 55.9671
11.5298 55.8462
11.5303 55.8654
11.5308 55.7573
11.5313 55.7876
11.5318 55.6891
11.5322 55.728
11.5327 55.762
11.5332 55.7918
11.5337 55.8178
11.5339 55.7156
11.5342 55.7511
11.5344 55.7822
11.5349 55.6844
11.5351 55.7239
11.5354 55.7584
11.5356 55.7886
11.5361 55.815
11.5363 55.8381
11.5366 55.8584
11.5368 55.7511
11.5373 55.7822
11.5375 55.8094
11.5378 55.7082
11.5381 55.7447
11.5385 55.7766
11.5387 55.8045
11.539 55.704
11.5393 55.741
11.5397 55.7734
11.5399 55.6767
11.5402 55.7171
11.5404 55.7525
11.5409 55.6584
11.5411 55.7011
11.5414 55.7385
11.5416 55.7712
11.5421 55.7998
11.5423 55.8248
11.5426 55.8467
11.5428 55.7409
11.5433 55.7732
11.5435 55.8016
11.5438 55.7014
11.544 55.7387
11.5444 55.7714
11.545 55.675
11.5452 55.7156
11.5455 55.7511
11.5459 55.6572
11.5462 55.7001
11.5464 55.7376
11.5469 55.6454
11.5471 55.6897
11.5474 55.7285
11.5479 55.6374
11.5482 55.6828
11.5486 55.7224
11.5488 55.6321
11.5493 55.6781
11.5495 55.7183
11.5499 55.6285
11.5503 55.675
11.5505 55.7156
11.5509 55.6261
11.5512 55.6729
11.5515 55.7138
11.5517 55.7495
11.5522 55.7809
11.5524 55.8082
11.5527 55.8322
11.5532 55.8532
11.5534 55.8715
11.5536 55.8876
11.5541 55.9016
11.5544 55.9139
11.5546 55.9247
11.555 55.8091
11.5554 55.833
11.5558 55.7288
11.5562 55.7627
11.5565 55.7924
11.5568 55.6933
11.5571 55.7317
11.5575 55.7652
11.5577 55.7946
11.558 55.8202
11.5584 55.8427
11.5587 55.8624
11.559 56.0046
11.5594 56.004
11.5596 56.0035
11.56 56.1281
11.5604 56.1121
11.5606 56.098
11.561 56.0858
11.5616 56.0751
11.5618 56.0657
11.562 56.0575
11.5625 56.0503
11.5628 56.044
11.5631 56.0385
11.5636 56.0337
11.5638 56.0295
11.5641 56.1508
11.5643 56.1319
11.5646 56.1154
11.5648 56.101
11.565 56.2134
11.5653 56.1867
11.5655 56.1634
11.5658 56.143
11.566 56.2501
11.5663 56.2188
11.5665 56.1915
11.5667 56.1675
11.567 56.1466
11.5672 56.1283
11.5675 56.1122
11.5677 56.0982
11.5679 56.0859
11.5682 56.0752
11.5684 56.0658
11.5687 56.0576
11.5689 56.0504
11.5691 56.0441
11.5694 56.0386
11.5696 56.0337
11.5699 56.0295
11.5701 56.1508
11.5703 56.132
11.5706 56.1155
11.5708 56.101
11.5711 56.2134
11.5713 56.1867
11.5715 56.1634
11.5718 56.143
11.572 56.2501
11.5723 56.2188
11.5725 56.1915
11.5727 56.1675
11.573 56.1466
11.5732 56.1283
11.5735 56.1122
11.5737 56.0982
11.5739 56.0859
11.5742 56.0752
11.5744 56.0658
11.5747 56.0576
11.5749 56.0504
11.5751 56.0441
11.5754 56.0386
11.5756 56.0337
11.5759 56.0295
11.5761 56.1508
11.5763 56.132
11.5766 56.1155
11.5768 56.101
11.5771 56.2134
11.5773 56.1867
11.5775 56.1634
11.578 56.268
11.5783 56.2345
11.5785 56.2052
11.579 56.1795
11.5795 56.1571
11.5799 56.1374
11.5804 56.1203
11.5809 56.1052
11.5814 56.0921
11.5819 56.0806
11.5824 56.0705
11.5828 56.0617
11.5833 56.054
11.5838 56.0472
11.5843 56.0413
11.5848 56.0362
11.5852 56.0316
11.5856 56.0277
11.5861 56.1492
11.5866 56.1306
11.587 56.2392
11.5875 56.2093
11.588 56.3082
11.5885 56.2696
11.589 56.2359
11.5894 56.2064
11.5898 56.1806
11.59 56.2831
11.5903 56.2477
11.5906 56.2167
11.591 56.3146
11.5912 56.2753
11.5915 56.2409
11.5918 56.2108
11.5922 56.1844
11.5924 56.1614
11.5927 56.1412
11.593 56.2486
11.5934 56.2175
11.5936 56.1903
11.5939 56.1665
11.5944 56.1457
11.5946 56.1275
11.5948 56.1115
11.5951 56.2226
11.5956 56.1948
11.5958 56.1704
11.5961 56.2741
11.5963 56.2399
11.5967 56.2099
11.597 56.3086
11.5973 56.2701
11.5975 56.2363
11.5979 56.2068
11.5982 56.1809
11.5985 56.1583
11.5987 56.1385
11.5991 56.2462
11.5994 56.2154
11.5997 56.1885
11.5999 56.1649
11.6001 56.1443
11.6007 56.1263
11.6011 56.2355
11.6013 56.2061
11.6017 56.1803
11.6021 56.2828
11.6023 56.2474
11.6027 56.2165
11.603 56.3144
11.6033 56.2751
11.6036 56.2407
11.604 56.2106
11.6045 56.1843
11.6047 56.1613
11.6051 56.2661
11.6054 56.2328
11.6057 56.2037
11.6061 56.3033
11.6064 56.2654
11.6066 56.2322
11.6071 56.3282
11.6073 56.2871
11.6076 56.2513
11.6079 56.2198
11.6083 56.1924
11.6085 56.1683
11.6089 56.1473
11.6093 56.1289
11.6095 56.1128
11.6099 56.0987
11.6102 56.0863
11.6105 56.0755
11.6107 56.0661
11.6112 56.1828
11.6117 56.16
11.6119 56.14
11.6124 56.1225
11.6126 56.1072
11.6129 56.0938
11.6134 56.0821
11.6136 56.0718
11.6138 56.0628
11.6142 56.18
11.6146 56.1575
11.6148 56.1378
11.6153 56.1206
11.6155 56.1055
11.6158 56.0923
11.6162 56.0808
11.6165 56.0707
11.6167 56.0618
11.6173 56.1791
11.6177 56.1567
11.6179 56.1371
11.6183 56.12
11.6186 56.105
11.6189 56.0919
11.6194 56.0804
11.6196 56.0703
11.6198 56.0615
11.6201 56.0538
11.6203 56.0471
11.6206 56.0412
11.6208 56.0361
11.621 56.0316
11.6213 56.0276
11.6215 56.0242
11.6218 56.0211
11.622 56.0185
11.6222 56.0162
11.6225 56.0142
11.6227 56.0124
11.623 56.0108
11.6232 56.0095
11.6234 56.0083
11.6237 56.0073
11.6239 56.0064
11.6242 56.0056
11.6244 56.0049
11.6246 56.0043
11.6249 56.0037
11.6251 56.0033
11.6254 56.0029
11.6256 56.0025
11.6259 56.0022
11.6261 56.0019
11.6263 56.0017
11.6266 56.0015
11.6268 56.0013
11.6271 56.0011
11.6273 56.001
11.6275 56.0009
11.6278 56.0007
11.628 56.0007
11.6283 56.0006
11.6285 56.0005
11.6287 56.0004
11.629 56.0004
11.6292 56.0003
11.6295 56.0003
11.6297 56.0003
11.6299 56.0002
11.6302 56.0002
11.6304 56.0002
11.6307 56.0001
11.6309 56.0001
11.6311 56.0001
11.6314 56.0001
11.6316 56.0001
11.6319 56.0001
11.6321 56.0001
11.6323 56.0001
11.6326 56
11.6328 56
11.6331 56
11.6333 56
11.6338 56
11.634 56
11.6343 56
11.6347 56
11.6352 56.125
11.6357 56.1094
11.6362 56.2207
11.6367 56.1931
11.6371 56.294
11.6376 56.2572
11.6381 56.3501
11.6386 56.3063
11.6391 56.393
11.6395 56.3439
11.64 56.4259
11.6405 56.3727
11.641 56.3261
11.6414 56.2853
11.6418 56.2497
11.6423 56.2185
11.6428 56.1911
11.6433 56.1673
11.6438 56.1463
11.6442 56.1281
11.6447 56.112
11.6452 56.223
11.6456 56.1952
11.6458 56.1708
11.646 56.1494
11.6464 56.1307
11.6468 56.1144
11.647 55.9751
11.6472 55.9782
11.6476 55.9809
11.648 55.9833
11.6482 55.9854
11.6484 55.9872
11.6488 55.9888
11.6492 55.9902
11.6494 55.9914
11.6496 55.9925
11.6501 56.1184
11.6504 56.1036
11.6506 56.0907
11.6508 56.0793
11.6513 56.0694
11.6516 56.0608
11.6518 56.0532
11.652 56.0465
11.6524 56.0407
11.6528 56.0356
11.653 56.0312
11.6532 56.0273
11.6536 56.0239
11.654 56.0209
11.6542 56.0183
11.6544 56.016
11.6548 56.014
11.6552 56.0122
11.6554 56.0107
11.6557 56.0094
11.6559 56.0082
11.6565 56.0072
11.6569 56.0063
11.6571 56.0055
11.6575 56.0048
11.6578 56.0042
11.6581 56.0037
11.6584 56.0032
11.6588 56.0028
11.659 56.0025
11.6594 56.0022
11.6597 56.0019
11.6602 56.1266
11.6605 56.1108
11.6608 56.097
11.6612 56.0848
11.6614 56.0742
11.6619 56.065
11.6621 56.0568
11.6624 56.0497
11.6629 56.0435
11.6631 56.0381
11.6633 56.0333
11.6637 56.0292
11.6641 56.1505
11.6643 56.1317
11.6647 56.1152
11.665 56.2258
11.6653 56.1976
11.6656 56.1729
11.666 56.1513
11.6662 56.1324
11.6665 56.1158
11.6669 56.1013
11.6674 56.0887
11.6677 56.0776
11.6681 56.1929
11.6684 56.1688
11.6686 56.1477
11.6691 56.2542
11.6693 56.2224
11.6696 56.1946
11.6699 56.1703
11.6703 56.149
11.6706 56.1304
11.671 56.2391
11.6713 56.2092
11.6715 56.1831
11.672 56.1602
11.6722 56.1401
11.6725 56.1226
11.6728 56.1073
11.6734 56.0939
11.6737 56.0822
11.6739 56.0719
11.6744 56.0629
11.6746 56.055
11.675 56.0482
11.6754 56.0421
11.6756 56.0369
11.6758 56.0323
11.6761 56.0282
11.6763 56.0247
11.6766 56.0216
11.6768 56.0189
11.677 56.0165
11.6773 56.0145
11.6775 56.0127
11.6778 56.0111
11.678 56.0097
11.6782 56.0085
11.6785 56.0074
11.6787 56.0065
11.679 56.0057
11.6792 56.005
11.6794 56.0043
11.6797 56.0038
11.6799 56.0033
11.6802 56.0029
11.6804 56.0025
11.6806 56.0022
11.6809 56.002
11.6811 56.0017
11.6814 56.0015
11.6816 56.0013
11.6818 56.0011
11.6821 56.001
11.6823 56.0009
11.6826 56.0008
11.6828 56.0007
11.683 56.0006
11.6833 56.0005
11.6835 56.0004
11.6838 56.0004
11.684 56.0003
11.6842 56.0003
11.6845 56.0003
11.6847 56.0002
11.685 56.0002
11.6852 56.0002
11.6855 56.0002
11.6857 56.0001
11.6859 56.0001
11.6862 56.0001
11.6864 56.0001
11.6867 56.0001
11.6869 56.0001
11.6871 56.0001
11.6874 56
11.6876 56
11.6879 56
11.6881 56
11.6883 56
11.6886 56
11.6888 56
11.6891 56
11.6894 56
11.6898 56
11.69 56
11.6904 56
11.6909 56
11.6913 56
11.6918 56
11.6923 56
11.6928 56
11.6934 56
11.6939 56
11.6943 56
11.6971 56.125
11.6976 56.1094
11.6981 56.2207
11.6985 56.1931
11.699 56.294
11.6995 56.2572
11.7 56.2251
11.7005 56.1969
11.701 56.1723
11.7014 56.1508
11.7017 56.1319
11.7019 56.1154
11.7022 56.101
11.7026 56.0884
11.7029 56.0773
11.7031 56.1927
11.7034 56.1686
11.7038 56.1475
11.7041 56.2541
11.7043 56.2223
11.7046 56.1945
11.705 56.2952
11.7053 56.2583
11.7055 56.226
11.7059 56.1978
11.7062 56.173
11.7065 56.1514
11.7067 56.1325
11.7071 56.2409
11.7074 56.2108
11.7077 56.1845
11.7079 56.1614
11.7082 56.1412
11.7086 56.1236
11.7089 56.1081
11.7091 56.0946
11.7094 56.0828
11.7098 56.0724
11.7101 56.1884
11.7103 56.1648
11.7106 56.1442
11.711 56.2512
11.7113 56.2198
11.7115 56.1923
11.7118 56.1683
11.7121 56.2722
11.7127 56.2382
11.713 56.2084
11.7132 56.1824
11.7137 56.1596
11.7139 56.1396
11.7142 56.1222
11.7146 56.1069
11.7149 56.0935
11.7151 56.0819
11.7156 56.0716
11.716 56.0627
11.7163 56.0548
11.7166 56.048
11.7171 56.167
11.7173 56.1461
11.7177 56.1278
11.718 56.2369
11.7183 56.2073
11.7186 56.1813
11.719 56.1587
11.7192 56.1388
11.7195 56.1215
11.7199 56.1063
11.7202 56.093
11.7204 56.0814
11.7209 56.0712
11.7211 56.0623
11.7214 56.0545
11.7219 56.0477
11.7221 56.1667
11.7223 56.1459
11.7227 56.1277
11.7232 56.2367
11.7235 56.2071
11.7239 56.1812
11.7243 56.1586
11.7245 56.1387
11.7249 56.1214
11.7252 56.1062
11.7255 56.093
11.7257 56.0813
11.7262 56.1962
11.7264 56.1716
11.7268 56.1502
11.7271 56.1314
11.7274 56.115
11.7277 56.1006
11.7281 56.213
11.7283 56.1864
11.7286 56.1631
11.7291 56.2677
11.7295 56.2343
11.7298 56.205
11.7301 56.3043
11.7305 56.2663
11.7308 56.233
11.7312 56.3289
11.7315 56.2878
11.7317 56.2518
11.732 56.2203
11.7322 56.1928
11.7324 56.1687
11.7327 56.1476
11.7329 56.1292
11.7332 56.113
11.7334 56.0989
11.7336 56.0865
11.7339 56.0757
11.7341 56.0662
11.7344 56.058
11.7346 56.0507
11.7348 56.0444
11.7351 56.1638
11.7353 56.1433
11.7356 56.1254
11.7358 56.1098
11.736 56.221
11.7363 56.1934
11.7365 56.1692
11.7368 56.1481
11.737 56.1296
11.7372 56.1134
11.7375 56.0992
11.7377 56.0868
11.738 56.0759
11.7382 56.0665
11.7384 56.0581
11.7387 56.0509
11.7389 56.0445
11.7392 56.039
11.7394 56.0341
11.7396 56.0298
11.7399 56.0261
11.7401 56.0228
11.7404 56.02
11.7406 56.0175
11.7408 56.0153
11.7411 56.1384
11.7413 56.1211
11.7416 56.1059
11.7418 56.0927
11.742 56.2061
11.7423 56.1804
11.7425 56.1578
11.7428 56.1381
11.743 56.2458
11.7432 56.2151
11.7435 56.1882
11.7437 56.1647
11.744 56.1441
11.7442 56.1261
11.7444 56.1103
11.7447 56.0965
11.7449 56.0845
11.7452 56.0739
11.7454 56.0647
11.7457 56.0566
11.7459 55.9245
11.7461 55.9339
11.7464 55.9422
11.7466 55.8244
11.7469 55.7214
11.7471 55.6312
11.7473 55.5523
11.7476 55.3583
11.7478 55.1885
11.7481 55.0399
11.7483 54.9099
11.7485 54.6712
11.7488 54.4623
11.749 54.2795
11.7493 54.1196
11.7495 53.8546
11.7497 53.6228
11.75 53.2949
11.7505 53.1331
11.7509 52.8664
11.7586 50.1331
11.759 47.7415
11.7593 45.6488
11.7596 43.8177
11.7598 42.2155
11.7603 40.8136
11.7608 39.5869
11.761 38.6385
11.7614 37.6837
11.7618 36.8482
11.762 36.1172
11.7625 35.4775
11.7627 34.9179
11.763 34.4281
11.7632 34.1246
11.7634 33.734
11.7637 33.3923
11.7639 33.0932
11.7642 32.9566
11.7644 32.712
11.7646 32.498
11.7649 32.3108
11.7651 32.2719
11.7654 32.1129
11.7656 31.9738
11.7658 31.8521
11.7661 31.8706
11.7663 31.7617
11.7666 31.6665
11.7668 31.5832
11.767 31.6353
11.7673 31.5559
11.7675 31.4864
11.7678 31.4256
11.768 31.4974
11.7682 31.5602
11.7685 31.4902
11.7687 31.4289
11.769 31.3753
11.7692 31.4534
11.7694 31.3967
11.7697 31.3471
11.7699 31.3037
11.7702 31.3908
11.7704 31.3419
11.7706 31.2992
11.7709 31.2618
11.7711 31.3541
11.7714 31.3098
11.7716 31.2711
11.7718 31.2372
11.7721 31.3325
11.7723 31.291
11.7726 31.2546
11.7728 31.2228
11.773 31.3199
11.7733 31.2799
11.7735 31.2449
11.7738 31.2143
11.774 31.3125
11.7742 31.2735
11.7745 31.2393
11.7747 31.2094
11.775 31.1832
11.7752 31.2853
11.7754 31.2496
11.7757 31.2184
11.7759 31.1911
11.7762 31.2922
11.7764 31.2557
11.7767 31.2237
11.7769 31.1958
11.7771 31.2963
11.7774 31.2593
11.7776 31.2269
11.7779 31.1985
11.7781 31.2987
11.7783 31.2614
11.7786 31.2287
11.7788 31.2001
11.7791 31.3001
11.7793 31.2626
11.7795 31.2297
11.7798 31.201
11.78 31.3009
11.7803 31.2633
11.7805 31.2304
11.7807 31.2016
11.781 31.1764
11.7812 31.2793
11.7817 31.2444
11.7822 31.3389
11.7899 31.2965
11.7902 31.3844
11.7906 31.3364
11.7908 31.2943
11.7911 31.3825
11.7916 31.3347
11.792 31.4179
11.7923 31.3656
11.7926 31.3199
11.793 31.2799
11.7932 31.37
11.7937 31.3237
11.794 31.2832
11.7942 31.3728
11.7944 31.3262
11.7947 31.2855
11.7949 31.2498
11.7952 31.3436
11.7954 31.3006
11.7956 31.263
11.7959 31.2302
11.7961 31.3264
11.7964 31.2856
11.7966 31.2499
11.7968 31.2187
11.7971 31.3163
11.7973 31.2768
11.7976 31.2422
11.7978 31.2119
11.798 31.3104
11.7983 31.2716
11.7985 31.2377
11.7988 31.208
11.799 31.307
11.7992 31.2686
11.7995 31.235
11.7997 31.2056
11.8 31.1799
11.8002 31.2824
11.8004 31.2471
11.8007 31.2162
11.8009 31.1892
11.8012 31.2906
11.8014 31.2542
11.8016 31.2225
11.8019 31.1947
11.8021 31.2953
11.8024 31.2584
11.8026 31.2261
11.8028 31.1978
11.8031 31.2981
11.8033 31.2608
11.8036 31.2282
11.8038 31.1997
11.804 31.2997
11.8043 31.2623
11.8045 31.2295
11.8048 31.2008
11.805 31.3007
11.8052 31.2631
11.8055 31.2302
11.8057 31.2014
11.806 31.1763
11.8062 31.2792
11.8065 31.2443
11.8067 31.2138
11.8069 31.1871
11.8072 31.2887
11.8074 31.2526
11.8077 31.221
11.8079 31.1934
11.8081 31.2942
11.8084 31.2574
11.8086 31.2253
11.8089 31.1971
11.8091 31.2975
11.8093 31.2603
11.8096 31.2277
11.8098 31.1993
11.8101 31.2994
11.8103 31.2619
11.8105 31.2292
11.8108 31.2005
11.811 31.3005
11.8113 31.2629
11.8115 31.2301
11.8117 31.2013
11.812 31.1761
11.8122 31.2791
11.8125 31.3692
11.8128 31.3231
11.8133 31.4077
11.8211 32.3567
11.8215 32.3121
11.822 32.1481
11.8222 32.1296
11.8224 32.1134
11.8228 31.9742
11.8234 31.9774
11.8236 31.8553
11.8239 31.7484
11.8244 31.7798
11.8246 31.8073
11.825 31.7064
11.8253 31.7431
11.8256 31.7752
11.8258 31.6783
11.826 31.7185
11.8263 31.7537
11.8265 31.7845
11.8268 31.6864
11.827 31.6006
11.8272 31.6506
11.8275 31.6942
11.8277 31.6075
11.828 31.5315
11.8282 31.5901
11.8284 31.6413
11.8287 31.5612
11.8289 31.491
11.8292 31.5546
11.8294 31.6103
11.8296 31.534
11.8299 31.4673
11.8301 31.5339
11.8304 31.5921
11.8306 31.5181
11.8308 31.4533
11.8311 31.5217
11.8313 31.5815
11.8316 31.6338
11.8318 31.5546
11.832 31.6102
11.8323 31.659
11.8325 31.7016
11.8328 31.6139
11.833 31.6622
11.8332 31.7044
11.8335 31.7413
11.8337 31.6487
11.834 31.5676
11.8342 31.6216
11.8344 31.6689
11.8347 31.5853
11.8349 31.5121
11.8352 31.5731
11.8354 31.6265
11.8357 31.5482
11.8359 31.4797
11.8361 31.5447
11.8364 31.6016
11.8366 31.5264
11.8369 31.4606
11.8371 31.528
11.8373 31.587
11.8376 31.6386
11.8378 31.5588
11.8381 31.614
11.8383 31.6622
11.8385 31.7044
11.8388 31.6164
11.839 31.6643
11.8393 31.7063
11.8395 31.743
11.8397 31.6501
11.84 31.5689
11.8402 31.6228
11.8405 31.6699
11.8407 31.5862
11.8409 31.5129
11.8412 31.5738
11.8414 31.6271
11.8417 31.5487
11.8419 31.4801
11.8421 31.5451
11.8424 31.6019
11.8426 31.5267
11.8429 31.4609
11.8431 31.5283
11.8433 31.5872
11.8436 31.6388
11.8438 31.559
11.8441 31.6141
11.8445 31.6623
11.8524 32.5795
11.8527 32.3821
11.8532 32.3343
11.8534 32.2925
11.8537 32.131
11.854 32.1146
11.8546 32.1003
11.8549 31.9627
11.8551 31.9674
11.8556 31.9715
11.8558 31.85
11.8562 31.8688
11.8566 31.8852
11.8568 31.7745
11.857 31.8027
11.8573 31.8274
11.8575 31.724
11.8578 31.6335
11.858 31.5543
11.8582 31.61
11.8585 31.6587
11.8587 31.5764
11.859 31.5043
11.8592 31.5663
11.8594 31.6205
11.8597 31.543
11.8599 31.4751
11.8602 31.5407
11.8604 31.5981
11.8606 31.5233
11.8609 31.4579
11.8611 31.5257
11.8614 31.585
11.8616 31.5119
11.8618 31.4479
11.8621 31.5169
11.8623 31.5773
11.8626 31.5051
11.8628 31.442
11.863 31.5117
11.8633 31.5728
11.8635 31.5012
11.8638 31.4385
11.864 31.5087
11.8642 31.5701
11.8645 31.4989
11.8647 31.4365
11.865 31.3819
11.8652 31.4592
11.8654 31.5268
11.8657 31.4609
11.8659 31.4033
11.8662 31.4779
11.8664 31.5432
11.8667 31.4753
11.8669 31.4159
11.8671 31.4889
11.8674 31.5528
11.8676 31.4837
11.8679 31.4232
11.8681 31.4953
11.8683 31.5584
11.8686 31.4886
11.8688 31.4275
11.8691 31.4991
11.8693 31.5617
11.8695 31.4915
11.8698 31.43
11.87 31.5013
11.8703 31.5636
11.8705 31.4932
11.8707 31.4315
11.871 31.3776
11.8712 31.4554
11.8715 31.5235
11.8717 31.458
11.8719 31.4008
11.8722 31.4757
11.8724 31.5412
11.8727 31.4736
11.8729 31.4144
11.8731 31.4876
11.8734 31.5516
11.8736 31.4827
11.8739 31.4223
11.8741 31.4945
11.8743 31.5577
11.8746 31.488
11.8748 31.427
11.8751 31.4986
11.8753 31.5613
11.8758 31.4911
11.8836 32.4297
11.8841 32.376
11.8846 32.329
11.8848 32.1629
11.885 32.1425
11.8854 32.1247
11.886 31.9841
11.8862 31.9861
11.8865 31.9878
11.887 31.8644
11.8872 31.8813
11.8876 31.8962
11.8879 31.7841
11.8882 31.8111
11.8884 31.8347
11.8886 31.7304
11.8889 31.6391
11.8891 31.6842
11.8894 31.7237
11.8896 31.7582
11.8898 31.6634
11.8901 31.7055
11.8903 31.7423
11.8906 31.7745
11.8908 31.6777
11.891 31.718
11.8913 31.7532
11.8915 31.7841
11.8918 31.6861
11.892 31.7253
11.8922 31.7597
11.8925 31.7897
11.8927 31.691
11.893 31.6046
11.8932 31.654
11.8934 31.6973
11.8937 31.6101
11.8939 31.5339
11.8942 31.5921
11.8944 31.6431
11.8946 31.5627
11.8949 31.4924
11.8951 31.5558
11.8954 31.6114
11.8956 31.5349
11.8959 31.4681
11.8961 31.5346
11.8963 31.5927
11.8966 31.6436
11.8968 31.5632
11.8971 31.6178
11.8973 31.6656
11.8975 31.7074
11.8978 31.6189
11.898 31.6666
11.8983 31.7083
11.8985 31.7447
11.8987 31.6516
11.899 31.5702
11.8992 31.6239
11.8995 31.6709
11.8997 31.5871
11.8999 31.5137
11.9002 31.5745
11.9004 31.6277
11.9007 31.5492
11.9009 31.4805
11.9011 31.5455
11.9014 31.6023
11.9016 31.527
11.9019 31.4611
11.9021 31.5285
11.9023 31.5874
11.9026 31.639
11.9028 31.5591
11.9031 31.6142
11.9033 31.6625
11.9035 31.7046
11.9038 31.6166
11.904 31.6645
11.9043 31.7064
11.9045 31.7431
11.9047 31.6502
11.905 31.569
11.9052 31.6228
11.9055 31.67
11.9057 31.5862
11.9059 31.513
11.9062 31.5738
11.9064 31.6271
11.9067 31.5487
11.9071 31.6051
11.9075 31.6545
11.9153 31.6977
11.9158 31.6105
11.9163 31.6592
11.9165 31.7018
11.9168 31.614
11.9171 31.6623
11.9177 31.7045
11.918 31.6164
11.9182 31.6644
11.9187 31.7063
11.9189 31.618
11.9193 31.6658
11.9196 31.7076
11.9199 31.6191
11.9201 31.6667
11.9204 31.7084
11.9206 31.7448
11.9208 31.6517
11.9211 31.6953
11.9213 31.7334
11.9216 31.7667
11.9218 31.6709
11.922 31.712
11.9223 31.748
11.9225 31.7795
11.9228 31.6821
11.923 31.7218
11.9232 31.7566
11.9235 31.787
11.9237 31.6886
11.924 31.6025
11.9242 31.6522
11.9244 31.6957
11.9247 31.7337
11.9249 31.642
11.9252 31.6868
11.9254 31.7259
11.9256 31.7602
11.9259 31.6652
11.9261 31.707
11.9264 31.7436
11.9266 31.7757
11.9269 31.6787
11.9271 31.7189
11.9273 31.754
11.9276 31.7848
11.9278 31.6867
11.9281 31.7258
11.9283 31.7601
11.9285 31.7901
11.9288 31.6913
11.929 31.7299
11.9293 31.7637
11.9295 31.7932
11.9297 31.6941
11.93 31.6073
11.9302 31.6564
11.9305 31.6993
11.9307 31.7369
11.9309 31.6448
11.9312 31.6892
11.9314 31.7281
11.9317 31.762
11.9319 31.6668
11.9321 31.7084
11.9324 31.7449
11.9326 31.7768
11.9329 31.6797
11.9331 31.7197
11.9333 31.7548
11.9336 31.7854
11.9338 31.6872
11.9341 31.7263
11.9343 31.7605
11.9345 31.7905
11.9348 31.6917
11.935 31.7302
11.9353 31.7639
11.9355 31.7934
11.9357 31.6943
11.936 31.6075
11.9362 31.6565
11.9365 31.6995
11.9367 31.737
11.9369 31.6449
11.9372 31.6893
11.9374 31.7281
11.9377 31.7621
11.9379 31.6668
11.9381 31.7085
11.9384 31.7449
11.9389 31.6518
11.9392 31.6953
11.9472 31.7334
11.9476 31.7667
11.9481 31.7959
11.9484 31.8214
11.9486 31.8437
11.949 31.7383
11.9496 31.771
11.9498 31.7996
11.95 31.8247
11.9505 31.8466
11.9508 31.8658
11.9511 31.8825
11.9515 31.8972
11.9517 31.9101
11.952 31.7963
11.9522 31.8218
11.9524 31.844
11.9527 31.8635
11.9529 31.7556
11.9532 31.7861
11.9534 31.8129
11.9536 31.8363
11.9539 31.7317
11.9541 31.7653
11.9544 31.7946
11.9546 31.8203
11.9548 31.7177
11.9551 31.753
11.9553 31.7839
11.9556 31.8109
11.9558 31.8345
11.9561 31.8552
11.9563 31.8733
11.9565 31.8892
11.9568 31.903
11.957 31.9151
11.9573 31.9257
11.9575 31.935
11.9577 31.9431
11.958 31.8253
11.9582 31.8471
11.9585 31.8662
11.9587 31.8829
11.9589 31.8976
11.9592 31.9104
11.9594 31.9216
11.9597 31.9314
11.9599 31.94
11.9601 31.9475
11.9604 31.954
11.9606 31.9598
11.9609 31.9648
11.9611 31.9692
11.9613 31.973
11.9616 31.9764
11.9618 31.9794
11.9621 32.1069
11.9623 32.0936
11.9625 32.0819
11.9628 32.0716
11.963 32.1877
11.9633 32.1642
11.9635 32.1437
11.9637 32.1257
11.964 32.11
11.9642 32.0963
11.9645 32.0842
11.9647 32.0737
11.9649 32.0645
11.9652 32.0564
11.9654 32.0494
11.9657 32.0432
11.9659 32.0378
11.9661 32.0331
11.9664 32.0289
11.9666 32.0253
11.9669 32.0222
11.9671 32.0194
11.9673 32.017
11.9676 32.0148
11.9678 32.013
11.9681 32.1364
11.9683 32.1193
11.9685 32.1044
11.9688 32.0913
11.969 32.2049
11.9693 32.1793
11.9695 32.1569
11.9697 32.1373
11.97 32.1201
11.9702 32.1051
11.9706 32.092
11.971 32.0805
11.9789 32.9454
11.9794 32.8272
11.9798 32.7238
11.9801 32.6334
11.9803 32.5542
11.9807 32.4849
11.9813 32.5493
11.9815 32.4806
11.9818 32.4206
11.9822 32.368
11.9825 32.322
11.9828 32.2817
11.9832 32.2465
11.9834 32.2157
11.9837 32.1887
11.9839 32.1651
11.9842 32.1445
11.9844 32.1264
11.9846 32.1106
11.9849 32.0968
11.9851 32.0847
11.9854 32.0741
11.9856 32.0649
11.9859 32.0567
11.9861 32.0497
11.9863 32.0434
11.9866 32.038
11.9868 32.0333
11.9871 32.0291
11.9873 32.0255
11.9875 32.0223
11.9878 32.0195
11.988 32.0171
11.9883 32.0149
11.9885 32.0131
11.9887 32.0114
11.989 31.885
11.9892 31.8994
11.9895 31.912
11.9897 31.923
11.9899 31.9326
11.9902 31.941
11.9904 31.9484
11.9907 31.9548
11.9909 31.9605
11.9911 31.9654
11.9914 31.9697
11.9916 31.9735
11.9919 31.9768
11.9921 31.9797
11.9923 31.9823
11.9926 31.9845
11.9928 31.9864
11.9931 31.9881
11.9933 31.9896
11.9935 31.9909
11.9938 31.992
11.994 31.993
11.9943 31.9939
11.9945 31.9947
11.9947 31.9953
11.995 31.8709
11.9952 31.887
11.9955 31.9012
11.9957 31.9135
11.9959 31.9243
11.9962 31.9338
11.9964 31.9421
11.9967 31.9493
11.9969 31.9556
11.9971 31.9612
11.9974 31.966
11.9976 31.9703
11.9979 31.974
11.9981 31.9772
11.9983 31.9801
11.9986 31.9826
11.9988 31.9848
11.9991 31.9867
11.9993 31.9883
11.9995 31.9898
11.9998 31.9911
12 31.9922
12.0003 31.9932
12.0005 31.994
12.0007 31.9948
12.001 31.8704
12.0012 31.8866
12.0015 31.9008
12.0017 31.9132
12.002 31.924
12.0023 31.9335
12.0027 31.9418
12.0106 32.9491
12.0112 32.9555
12.0117 32.836
12.0119 32.7315
12.0122 32.6401
12.0125 32.5601
12.0131 32.6151
12.0134 32.5382
12.0136 32.4709
12.0141 32.537
12.0143 32.4699
12.0147 32.4112
12.015 32.4848
12.0153 32.4242
12.0155 32.3712
12.0158 32.3248
12.016 32.4092
12.0163 32.358
12.0165 32.3133
12.0167 32.2741
12.017 32.2398
12.0172 32.2099
12.0175 32.1836
12.0177 32.1607
12.0179 32.1406
12.0182 32.123
12.0184 32.1076
12.0187 32.0942
12.0189 32.0824
12.0191 32.0721
12.0194 32.0631
12.0196 32.0552
12.0199 32.0483
12.0201 32.0423
12.0203 32.037
12.0206 32.0324
12.0208 32.0283
12.0211 32.1498
12.0213 32.1311
12.0215 32.1147
12.0218 32.1003
12.022 32.2128
12.0223 32.1862
12.0225 32.1629
12.0227 32.1426
12.023 32.1247
12.0232 32.1091
12.0235 32.0955
12.0237 32.0836
12.0239 32.0731
12.0242 32.064
12.0244 32.056
12.0247 32.049
12.0249 32.0429
12.0251 32.0375
12.0254 32.0328
12.0256 32.0287
12.0259 32.0251
12.0261 32.022
12.0263 32.0192
12.0266 32.0168
12.0268 32.0147
12.0271 32.1379
12.0273 32.1206
12.0275 32.1056
12.0278 32.0924
12.028 32.2058
12.0283 32.1801
12.0285 32.1576
12.0287 32.1379
12.029 32.1206
12.0292 32.1056
12.0295 32.0924
12.0297 32.0808
12.0299 32.0707
12.0302 32.0619
12.0304 32.0541
12.0307 32.0474
12.0309 32.0415
12.0312 32.0363
12.0314 32.0317
12.0316 32.0278
12.0319 32.0243
12.0321 32.0213
12.0324 32.0186
12.0326 32.0163
12.0328 32.0142
12.0331 32.1375
12.0333 32.1203
12.0336 32.1052
12.0338 32.0921
12.0342 32.2056
12.0345 32.1799
12.0349 32.1574
12.0428 32.1377
12.0434 32.1205
12.0439 32.1054
12.0441 32.2173
12.0444 32.1901
12.0447 32.1663
12.0453 32.1455
12.0456 32.1274
12.0458 32.1114
12.0463 32.0975
12.0465 32.0853
12.0469 32.0747
12.0473 32.0653
12.0475 32.0572
12.0477 32.05
12.048 32.0438
12.0482 32.0383
12.0485 32.0335
12.0487 32.0293
12.0489 32.0256
12.0492 32.1474
12.0494 32.129
12.0497 32.1129
12.0499 32.0988
12.0501 32.2114
12.0504 32.185
12.0506 32.1619
12.0509 32.1416
12.0511 32.2489
12.0513 32.2178
12.0516 32.1906
12.0518 32.1668
12.0521 32.2709
12.0523 32.2371
12.0525 32.2074
12.0528 32.1815
12.053 32.2838
12.0533 32.2483
12.0535 32.2173
12.0537 32.1901
12.054 32.1664
12.0542 32.1456
12.0545 32.1274
12.0547 32.1114
12.0549 32.0975
12.0552 32.2103
12.0554 32.184
12.0557 32.161
12.0559 32.1409
12.0561 32.2483
12.0564 32.2173
12.0566 32.1901
12.0569 32.1663
12.0571 32.2705
12.0573 32.2367
12.0576 32.2071
12.0578 32.1812
12.0581 32.2836
12.0583 32.2481
12.0585 32.2171
12.0588 32.19
12.059 32.2912
12.0593 32.2548
12.0595 32.223
12.0597 32.1951
12.06 32.1707
12.0602 32.1494
12.0605 32.1307
12.0607 32.1144
12.061 32.1001
12.0612 32.2126
12.0614 32.186
12.0617 32.1627
12.0619 32.1424
12.0622 32.2496
12.0624 32.2184
12.0626 32.1911
12.0629 32.1672
12.0631 32.2713
12.0634 32.2374
12.0636 32.2077
12.0638 32.1818
12.0641 32.284
12.0643 32.2485
12.0646 32.2175
12.0648 32.1903
12.065 32.2915
12.0653 32.2551
12.0655 32.2232
12.0658 32.1953
12.066 32.1709
12.0664 32.1495
12.0667 32.1308
12.0671 32.2395
12.0751 32.3345
12.0757 32.2927
12.0762 32.3811
12.0765 32.3335
12.0767 32.2918
12.0771 32.3803
12.0777 32.3328
12.0779 32.2912
12.0781 32.3798
12.0786 32.3323
12.0789 32.2908
12.0792 32.3794
12.0796 32.332
12.0798 32.2905
12.0801 32.3792
12.0803 32.4568
12.0805 32.3997
12.0808 32.3497
12.081 32.431
12.0813 32.5021
12.0815 32.4394
12.0817 32.3844
12.082 32.3364
12.0822 32.4193
12.0825 32.3669
12.0827 32.3211
12.0829 32.2809
12.0832 32.3708
12.0834 32.3245
12.0837 32.2839
12.0839 32.2484
12.0841 32.3424
12.0844 32.2996
12.0846 32.2621
12.0849 32.2294
12.0851 32.3257
12.0853 32.285
12.0856 32.2493
12.0858 32.2182
12.0861 32.3159
12.0863 32.4014
12.0865 32.3512
12.0868 32.3073
12.087 32.3939
12.0873 32.4697
12.0875 32.411
12.0877 32.3596
12.088 32.3146
12.0882 32.4003
12.0885 32.3503
12.0887 32.3065
12.0889 32.2682
12.0892 32.3597
12.0894 32.3147
12.0897 32.2754
12.0899 32.2409
12.0901 32.3358
12.0904 32.2938
12.0906 32.2571
12.0909 32.225
12.0911 32.3219
12.0914 32.2816
12.0916 32.2464
12.0918 32.2156
12.0921 32.3137
12.0923 32.3995
12.0926 32.3495
12.0928 32.3058
12.093 32.3926
12.0933 32.4685
12.0935 32.41
12.0938 32.3587
12.094 32.3139
12.0942 32.3996
12.0945 32.3497
12.0947 32.306
12.095 32.2677
12.0952 32.3593
12.0954 32.3144
12.0957 32.2751
12.0959 32.2407
12.0962 32.3356
12.0964 32.4186
12.0966 32.3663
12.0969 32.3205
12.0971 32.4055
12.0974 32.4798
12.0976 32.4198
12.0978 32.3673
12.0981 32.4464
12.0983 32.5156
12.0986 32.5762
12.099 32.6291
12.0993 32.6755
12.1073 33.5911
12.1079 33.3922
12.1084 33.3432
12.1087 33.1753
12.1089 33.0283
12.1093 33.0248
12.1099 32.8967
12.1101 32.9096
12.1103 32.9209
12.1108 32.8058
12.1111 32.8301
12.1114 32.8513
12.1118 32.7449
12.112 32.7768
12.1123 32.8047
12.1125 32.7041
12.1127 32.6161
12.113 32.5391
12.1132 32.5967
12.1135 32.5221
12.1137 32.4568
12.1139 32.3997
12.1142 32.4748
12.1144 32.5404
12.1147 32.4729
12.1149 32.4138
12.1151 32.487
12.1154 32.5512
12.1156 32.4823
12.1159 32.422
12.1161 32.4942
12.1163 32.5575
12.1166 32.4878
12.1168 32.4268
12.1171 32.4984
12.1173 32.5611
12.1175 32.491
12.1178 32.4296
12.118 32.5009
12.1183 32.5633
12.1185 32.4929
12.1187 32.4313
12.119 32.3774
12.1192 32.4552
12.1195 32.3983
12.1197 32.3485
12.1199 32.3049
12.1202 32.3918
12.1204 32.4678
12.1207 32.4094
12.1209 32.3582
12.1212 32.4384
12.1214 32.5086
12.1216 32.445
12.1219 32.3894
12.1221 32.4657
12.1224 32.5325
12.1226 32.4659
12.1228 32.4077
12.1231 32.4817
12.1233 32.5465
12.1236 32.4782
12.1238 32.4184
12.124 32.4911
12.1243 32.5547
12.1245 32.4854
12.1248 32.4247
12.125 32.3716
12.1252 32.4502
12.1255 32.3939
12.1257 32.3447
12.126 32.3016
12.1262 32.3889
12.1264 32.4653
12.1267 32.4071
12.1269 32.3562
12.1272 32.4367
12.1274 32.5071
12.1276 32.4437
12.1279 32.3883
12.1281 32.4647
12.1284 32.5316
12.1286 32.4652
12.1288 32.407
12.1291 32.4811
12.1293 32.546
12.1296 32.4778
12.1298 32.418
12.13 32.4908
12.1303 32.5544
12.1305 32.4851
12.1308 32.4245
12.1312 32.4964
12.1315 32.4344
12.1395 33.3801
12.1403 33.3326
12.1407 33.291
12.141 33.1296
12.1412 33.1134
12.1416 33.0992
12.1422 33.0868
12.1424 33.076
12.1427 32.9415
12.1431 32.9488
12.1434 32.9552
12.1437 32.8358
12.1441 32.8563
12.1443 32.8743
12.1446 32.765
12.1448 32.6694
12.1451 32.7107
12.1453 32.7469
12.1455 32.7785
12.1458 32.6812
12.146 32.721
12.1463 32.7559
12.1465 32.7864
12.1467 32.6881
12.147 32.6021
12.1472 32.6518
12.1475 32.6954
12.1477 32.6084
12.1479 32.5324
12.1482 32.5908
12.1484 32.642
12.1487 32.5617
12.1489 32.4915
12.1491 32.5551
12.1494 32.6107
12.1496 32.5344
12.1499 32.4676
12.1501 32.5341
12.1503 32.5923
12.1506 32.5183
12.1508 32.4535
12.1511 32.5218
12.1513 32.5816
12.1516 32.6339
12.1518 32.5547
12.152 32.6103
12.1523 32.659
12.1525 32.7017
12.1528 32.6139
12.153 32.5372
12.1532 32.5951
12.1535 32.6457
12.1537 32.565
12.154 32.4943
12.1542 32.5575
12.1544 32.6129
12.1547 32.5362
12.1549 32.4692
12.1552 32.5356
12.1554 32.5936
12.1556 32.5194
12.1559 32.4545
12.1561 32.5227
12.1564 32.5823
12.1566 32.5095
12.1568 32.4459
12.1571 32.5151
12.1573 32.5757
12.1576 32.6288
12.1578 32.5502
12.158 32.6064
12.1583 32.6556
12.1585 32.6986
12.1588 32.6113
12.159 32.6599
12.1592 32.7024
12.1595 32.7396
12.1597 32.6472
12.16 32.5663
12.1602 32.6205
12.1604 32.6679
12.1607 32.5844
12.1609 32.5114
12.1612 32.5725
12.1614 32.6259
12.1616 32.5477
12.1619 32.4792
12.1621 32.5443
12.1624 32.6013
12.1626 32.5261
12.1628 32.4603
12.1631 32.5278
12.1636 32.5868
12.1638 32.5135
12.1719 33.4493
12.1726 33.3931
12.1731 33.344
12.1734 33.301
12.1737 33.2634
12.1739 33.1054
12.1745 33.0923
12.1749 32.9557
12.1751 32.9613
12.1753 32.9661
12.1758 32.8453
12.1761 32.8647
12.1764 32.8816
12.1768 32.7714
12.177 32.8
12.1773 32.825
12.1775 32.8468
12.1777 32.741
12.178 32.6484
12.1782 32.6923
12.1785 32.7308
12.1787 32.6394
12.1789 32.5595
12.1792 32.6146
12.1794 32.6627
12.1797 32.7049
12.1799 32.6168
12.1801 32.6647
12.1804 32.7066
12.1806 32.7433
12.1809 32.6504
12.1811 32.6941
12.1814 32.7323
12.1816 32.7658
12.1818 32.67
12.1821 32.7113
12.1823 32.7474
12.1826 32.779
12.1828 32.6816
12.183 32.7214
12.1833 32.7562
12.1835 32.7867
12.1838 32.6884
12.184 32.6023
12.1842 32.652
12.1845 32.6955
12.1847 32.6086
12.185 32.5325
12.1852 32.5909
12.1854 32.6421
12.1857 32.6868
12.1859 32.601
12.1862 32.6508
12.1864 32.6945
12.1866 32.7327
12.1869 32.6411
12.1871 32.686
12.1874 32.7252
12.1876 32.7596
12.1878 32.6646
12.1881 32.7065
12.1883 32.7432
12.1886 32.7753
12.1888 32.6784
12.189 32.7186
12.1893 32.7538
12.1895 32.7846
12.1898 32.6865
12.19 32.7257
12.1902 32.76
12.1905 32.79
12.1907 32.6912
12.191 32.6048
12.1912 32.6542
12.1914 32.6974
12.1917 32.6103
12.1919 32.534
12.1922 32.5922
12.1924 32.6432
12.1926 32.6878
12.1929 32.6018
12.1931 32.6516
12.1934 32.6951
12.1936 32.7333
12.1938 32.6416
12.1941 32.6864
12.1943 32.7256
12.1946 32.7599
12.1948 32.6649
12.195 32.7068
12.1953 32.7434
12.1955 32.7755
12.1958 32.6786
12.1963 32.7188
12.1965 32.7539
12.2045 32.7847
12.2053 32.8116
12.2059 32.7101
12.2062 32.7464
12.2065 32.7781
12.2067 32.8058
12.2073 32.8301
12.2077 32.8513
12.2079 32.7449
12.2081 32.7768
12.2086 32.8047
12.2089 32.7041
12.2092 32.7411
12.2096 32.7735
12.2098 32.6768
12.2101 32.7172
12.2103 32.7525
12.2105 32.7835
12.2108 32.8105
12.211 32.8342
12.2113 32.8549
12.2115 32.8731
12.2118 32.8889
12.212 32.7778
12.2122 32.8056
12.2125 32.8299
12.2127 32.8512
12.213 32.7448
12.2132 32.7767
12.2134 32.8046
12.2137 32.829
12.2139 32.7254
12.2142 32.7597
12.2144 32.7897
12.2146 32.816
12.2149 32.714
12.2151 32.7498
12.2154 32.781
12.2156 32.8084
12.2158 32.7074
12.2161 32.7439
12.2163 32.7759
12.2166 32.804
12.2168 32.8285
12.217 32.8499
12.2173 32.8687
12.2175 32.8851
12.2178 32.8994
12.218 32.787
12.2182 32.8136
12.2185 32.8369
12.2187 32.8573
12.219 32.7501
12.2192 32.7814
12.2194 32.8087
12.2197 32.8326
12.2199 32.7285
12.2202 32.7625
12.2204 32.7922
12.2206 32.8181
12.2209 32.7159
12.2211 32.7514
12.2214 32.7825
12.2216 32.8097
12.2218 32.7084
12.2221 32.7449
12.2223 32.7768
12.2226 32.8047
12.2228 32.7041
12.223 32.7411
12.2233 32.7734
12.2235 32.8018
12.2238 32.8265
12.224 32.8482
12.2242 32.8672
12.2245 32.8838
12.2247 32.8983
12.225 32.786
12.2252 32.8128
12.2254 32.8362
12.2257 32.8567
12.2259 32.7496
12.2262 32.7809
12.2264 32.8083
12.2267 32.8322
12.2269 32.7282
12.2271 32.7622
12.2274 32.7919
12.2276 32.8179
12.2279 32.7157
12.2281 32.7512
12.2283 32.7823
12.2286 32.8095
12.2291 32.8333
12.2293 32.8542
12.2373 32.8724
12.2381 32.8883
12.2387 32.9023
12.2389 32.7895
12.2391 32.8158
12.2395 32.8388
12.2401 32.859
12.2403 32.8766
12.2406 32.892
12.2409 32.7805
12.2413 32.808
12.2416 32.832
12.242 32.853
12.2423 32.8714
12.2425 32.8874
12.2428 32.7765
12.243 32.6794
12.2432 32.7195
12.2435 32.7546
12.2437 32.6602
12.244 32.5777
12.2442 32.6305
12.2444 32.6767
12.2447 32.7171
12.2449 32.6275
12.2452 32.674
12.2454 32.7148
12.2456 32.7504
12.2459 32.7816
12.2461 32.8089
12.2464 32.8328
12.2466 32.8537
12.2468 32.872
12.2471 32.888
12.2473 32.902
12.2476 32.9142
12.2478 32.925
12.248 32.9343
12.2483 32.9425
12.2485 32.9497
12.2488 32.956
12.249 32.9615
12.2492 32.9663
12.2495 32.9705
12.2497 32.9742
12.25 32.8524
12.2502 32.8709
12.2504 32.887
12.2507 32.9011
12.2509 32.9135
12.2512 32.9243
12.2514 32.9338
12.2516 32.9421
12.2519 32.9493
12.2521 32.9556
12.2524 32.9612
12.2526 32.966
12.2528 32.9703
12.2531 32.974
12.2533 32.9772
12.2536 32.9801
12.2538 32.9826
12.254 32.9848
12.2543 32.9867
12.2545 32.9883
12.2548 32.9898
12.255 32.9911
12.2552 32.9922
12.2555 32.9932
12.2557 32.994
12.256 32.8698
12.2562 32.886
12.2565 32.9003
12.2567 32.9127
12.2569 32.7987
12.2572 32.8238
12.2574 32.8458
12.2577 32.8651
12.2579 32.882
12.2581 32.8967
12.2584 32.9096
12.2586 32.9209
12.2589 32.9308
12.2591 32.9395
12.2593 32.947
12.2596 32.9536
12.2598 32.9594
12.2601 32.9645
12.2603 32.9689
12.2605 32.9728
12.2608 32.9762
12.261 32.9792
12.2614 32.9818
12.2617 32.9841
12.262 32.8611
12.27 33.8784
12.2707 33.7686
12.2714 33.6725
12.2716 33.5885
12.2718 33.5149
12.2722 33.4506
12.2728 33.3942
12.273 33.345
12.2733 33.3018
12.2736 33.2641
12.2741 33.3561
12.2744 33.3116
12.2748 33.2726
12.2751 33.2386
12.2753 33.2087
12.2756 33.1826
12.2758 33.1598
12.276 33.2648
12.2763 33.2317
12.2765 33.2028
12.2768 33.1774
12.277 33.1552
12.2772 33.1358
12.2775 33.1189
12.2777 33.104
12.278 33.091
12.2782 33.0796
12.2784 33.0697
12.2787 33.061
12.2789 33.0533
12.2792 33.0467
12.2794 33.0408
12.2796 33.0357
12.2799 33.0313
12.2801 33.0274
12.2804 33.0239
12.2806 33.0209
12.2808 33.0183
12.2811 33.016
12.2813 33.014
12.2816 33.0123
12.2818 33.0107
12.282 33.0094
12.2823 33.0082
12.2825 33.0072
12.2828 33.0063
12.283 33.1305
12.2832 33.1142
12.2835 33.0999
12.2837 33.0874
12.284 33.0765
12.2842 33.0669
12.2844 33.0586
12.2847 33.0512
12.2849 33.0448
12.2852 33.0392
12.2854 33.0343
12.2856 33.03
12.2859 33.0263
12.2861 33.023
12.2864 33.0201
12.2866 33.0176
12.2869 33.0154
12.2871 33.0135
12.2873 33.0118
12.2876 33.0103
12.2878 33.009
12.2881 33.0079
12.2883 33.0069
12.2885 33.006
12.2888 33.0053
12.289 33.1296
12.2893 33.1134
12.2895 33.0992
12.2897 33.0868
12.29 33.076
12.2902 33.0665
12.2905 33.0582
12.2907 33.0509
12.2909 33.0445
12.2912 33.039
12.2914 33.0341
12.2917 33.0298
12.2919 33.0261
12.2921 33.0228
12.2924 33.02
12.2926 33.0175
12.2929 33.0153
12.2931 33.0134
12.2933 33.0117
12.2936 33.0102
12.2938 33.009
12.2942 33.0078
12.2945 33.0069
12.2948 33.006
12.3028 34.0053
12.3036 33.8796
12.3042 33.8946
12.3044 33.7828
12.3046 33.685
12.305 33.5993
12.3056 33.5244
12.3058 33.4589
12.3061 33.4015
12.3064 33.3513
12.3069 33.3074
12.3073 33.269
12.3076 33.2354
12.308 33.2059
12.3082 33.1802
12.3085 33.1577
12.3087 33.138
12.309 33.1207
12.3092 33.1056
12.3094 33.0924
12.3097 33.0809
12.3099 33.0708
12.3102 33.1869
12.3104 33.1635
12.3106 33.1431
12.3109 33.1252
12.3111 33.2346
12.3114 33.2052
12.3116 33.1796
12.3118 33.1571
12.3121 33.2625
12.3123 33.2297
12.3126 33.201
12.3128 33.1758
12.313 33.2789
12.3133 33.244
12.3135 33.2135
12.3138 33.1868
12.314 33.2885
12.3142 33.2524
12.3145 33.2209
12.3147 33.1932
12.315 33.1691
12.3152 33.148
12.3154 33.1295
12.3157 33.1133
12.3159 33.0991
12.3162 33.0867
12.3164 33.0759
12.3167 33.0664
12.3169 33.0581
12.3171 33.1758
12.3174 33.1539
12.3176 33.1346
12.3179 33.1178
12.3181 33.2281
12.3183 33.1996
12.3186 33.1746
12.3188 33.1528
12.3191 33.2587
12.3193 33.2264
12.3195 33.1981
12.3198 33.1733
12.32 33.2766
12.3203 33.2421
12.3205 33.2118
12.3207 33.1853
12.321 33.1622
12.3212 33.1419
12.3215 33.1242
12.3217 33.1086
12.3219 33.0951
12.3222 33.0832
12.3224 33.0728
12.3227 33.0637
12.3229 33.0557
12.3231 33.1738
12.3234 33.152
12.3236 33.133
12.3239 33.1164
12.3241 33.2268
12.3243 33.1985
12.3246 33.1737
12.3248 33.152
12.3251 33.258
12.3253 33.2257
12.3255 33.1975
12.3258 33.1728
12.326 33.2762
12.3263 33.2417
12.3265 33.2115
12.3267 33.185
12.327 33.1619
12.3273 33.1417
12.3277 33.124
12.3279 33.1085
12.336 33.0949
12.3367 33.083
12.3373 33.0727
12.3376 33.0636
12.3378 33.0556
12.3382 33.1737
12.3388 33.152
12.339 33.258
12.3392 33.2257
12.3396 33.1975
12.3401 33.2978
12.3404 33.2606
12.3408 33.228
12.3413 33.3245
12.3415 33.2839
12.3418 33.2485
12.342 33.3424
12.3422 33.4246
12.3425 33.3715
12.3427 33.3251
12.343 33.2844
12.3432 33.3739
12.3434 33.3272
12.3437 33.2863
12.3439 33.2505
12.3442 33.3442
12.3444 33.3011
12.3446 33.2635
12.3449 33.2306
12.3451 33.3267
12.3454 33.2859
12.3456 33.2502
12.3458 33.2189
12.3461 33.3165
12.3463 33.277
12.3466 33.2423
12.3468 33.212
12.3471 33.3105
12.3473 33.2717
12.3475 33.2378
12.3478 33.208
12.348 33.307
12.3483 33.3937
12.3485 33.3444
12.3487 33.3014
12.349 33.2637
12.3492 33.3558
12.3495 33.3113
12.3497 33.2724
12.3499 33.2383
12.3502 33.3335
12.3504 33.2918
12.3507 33.2554
12.3509 33.2234
12.3511 33.3205
12.3514 33.2804
12.3516 33.2454
12.3519 33.2147
12.3521 33.3129
12.3523 33.2738
12.3526 33.2395
12.3528 33.2096
12.3531 33.3084
12.3533 33.2698
12.3535 33.2361
12.3538 33.2066
12.354 33.3058
12.3543 33.3926
12.3545 33.3435
12.3547 33.3005
12.355 33.263
12.3552 33.3551
12.3555 33.3107
12.3557 33.2719
12.3559 33.2379
12.3562 33.3332
12.3564 33.2915
12.3567 33.2551
12.3569 33.2232
12.3571 33.3203
12.3574 33.2803
12.3576 33.2452
12.3579 33.2146
12.3581 33.3127
12.3583 33.2737
12.3586 33.2394
12.3588 33.2095
12.3591 33.3083
12.3593 33.2698
12.3595 33.2361
12.3598 33.2066
12.36 33.3057
12.3603 33.3925
12.3606 33.3435
12.361 33.3005
12.3612 33.388
12.3693 33.4645
12.37 33.5314
12.3706 33.465
12.3708 33.4069
12.3711 33.481
12.3714 33.4209
12.372 33.4933
12.3723 33.4316
12.3725 33.3777
12.3729 33.3304
12.3734 33.2891
12.3737 33.253
12.3741 33.3464
12.3744 33.3031
12.3747 33.2652
12.3749 33.232
12.3752 33.203
12.3754 33.1777
12.3756 33.1554
12.3759 33.136
12.3761 33.244
12.3764 33.2135
12.3766 33.1868
12.3769 33.1635
12.3771 33.268
12.3773 33.2345
12.3776 33.2052
12.3778 33.1796
12.3781 33.2821
12.3783 33.2469
12.3785 33.216
12.3788 33.189
12.379 33.2904
12.3793 33.2541
12.3795 33.2223
12.3797 33.1945
12.38 33.1702
12.3802 33.1489
12.3805 33.1303
12.3807 33.114
12.3809 33.0998
12.3812 33.0873
12.3814 33.0764
12.3817 33.0668
12.3819 33.0585
12.3821 33.1762
12.3824 33.1541
12.3826 33.1349
12.3829 33.118
12.3831 33.2283
12.3833 33.1997
12.3836 33.1748
12.3838 33.1529
12.3841 33.2588
12.3843 33.2265
12.3845 33.1981
12.3848 33.1734
12.385 33.2767
12.3853 33.3671
12.3855 33.3212
12.3857 33.2811
12.386 33.2459
12.3862 33.3402
12.3865 33.2977
12.3867 33.2605
12.3869 33.2279
12.3872 33.3244
12.3874 33.2839
12.3877 33.2484
12.3879 33.2173
12.3881 33.3152
12.3884 33.4008
12.3886 33.3507
12.3889 33.3068
12.3891 33.3935
12.3893 33.4693
12.3896 33.4106
12.3898 33.3593
12.3901 33.4394
12.3903 33.5095
12.3905 33.4458
12.3908 33.3901
12.391 33.4663
12.3913 33.533
12.3915 33.4664
12.3918 33.4081
12.392 33.3571
12.3922 33.4374
12.3925 33.3828
12.3927 33.3349
12.393 33.2931
12.3932 33.3814
12.3934 33.3337
12.3939 33.292
12.3942 33.3805
12.3944 33.458
12.4024 34.4007
12.4032 34.3506
12.4038 34.1818
12.404 34.1591
12.4042 34.1392
12.4046 33.9968
12.4052 33.9972
12.4054 33.8725
12.4057 33.7635
12.406 33.793
12.4065 33.8189
12.4069 33.7165
12.4073 33.752
12.4076 33.658
12.4079 33.5757
12.4081 33.6288
12.4083 33.6752
12.4086 33.5908
12.4088 33.5169
12.4091 33.5773
12.4093 33.6301
12.4095 33.5514
12.4098 33.4825
12.41 33.5471
12.4103 33.6038
12.4105 33.5283
12.4107 33.4622
12.411 33.4045
12.4112 33.4789
12.4115 33.419
12.4117 33.3667
12.4119 33.3208
12.4122 33.4057
12.4124 33.355
12.4127 33.3106
12.4129 33.2718
12.4131 33.3628
12.4134 33.4425
12.4136 33.3872
12.4139 33.3388
12.4141 33.4214
12.4143 33.4937
12.4146 33.432
12.4148 33.378
12.4151 33.4558
12.4153 33.5238
12.4155 33.4583
12.4158 33.401
12.416 33.4759
12.4163 33.5414
12.4165 33.4737
12.4167 33.4145
12.417 33.3627
12.4172 33.4424
12.4175 33.3871
12.4177 33.3387
12.4179 33.2964
12.4182 33.3843
12.4184 33.3363
12.4187 33.2942
12.4189 33.2575
12.4191 33.3503
12.4194 33.4315
12.4196 33.3776
12.4199 33.3304
12.4201 33.4141
12.4203 33.4873
12.4206 33.4264
12.4208 33.3731
12.4211 33.4515
12.4213 33.52
12.4216 33.455
12.4218 33.3981
12.422 33.4734
12.4223 33.5392
12.4225 33.4718
12.4228 33.4128
12.423 33.3612
12.4232 33.4411
12.4235 33.3859
12.4237 33.3377
12.424 33.2955
12.4242 33.3835
12.4244 33.3356
12.4247 33.2936
12.4249 33.2569
12.4252 33.3498
12.4254 33.4311
12.4256 33.3772
12.4259 33.3301
12.4261 33.4138
12.4264 33.4871
12.4266 33.4262
12.4271 33.4979
12.4273 33.5607
12.4276 33.4906
12.4356 34.4293
12.4365 34.3756
12.4371 34.3287
12.4373 34.2876
12.4375 34.1266
12.4379 33.9858
12.4385 33.9876
12.4387 33.8641
12.439 33.7561
12.4393 33.7866
12.4398 33.6883
12.4402 33.7272
12.4405 33.7613
12.4409 33.6662
12.4411 33.7079
12.4414 33.7444
12.4416 33.6514
12.4419 33.5699
12.4421 33.6237
12.4423 33.6707
12.4426 33.5869
12.4428 33.5135
12.4431 33.5743
12.4433 33.6275
12.4435 33.5491
12.4438 33.4805
12.444 33.5454
12.4443 33.6022
12.4445 33.6519
12.4447 33.5705
12.445 33.4991
12.4452 33.5618
12.4455 33.6165
12.4457 33.5395
12.4459 33.472
12.4462 33.538
12.4464 33.5958
12.4467 33.5213
12.4469 33.4561
12.4471 33.5241
12.4474 33.5836
12.4476 33.5107
12.4479 33.4468
12.4481 33.516
12.4483 33.5765
12.4486 33.5044
12.4488 33.4414
12.4491 33.5112
12.4493 33.5723
12.4495 33.5008
12.4498 33.4382
12.45 33.5084
12.4503 33.5698
12.4505 33.6236
12.4507 33.5457
12.451 33.4774
12.4512 33.5428
12.4515 33.5999
12.4517 33.5249
12.452 33.4593
12.4522 33.5269
12.4524 33.586
12.4527 33.5128
12.4529 33.4487
12.4532 33.5176
12.4534 33.5779
12.4536 33.5057
12.4539 33.4425
12.4541 33.5121
12.4544 33.5731
12.4546 33.5015
12.4548 33.4388
12.4551 33.5089
12.4553 33.5703
12.4556 33.499
12.4558 33.4367
12.456 33.5071
12.4563 33.5687
12.4565 33.6226
12.4568 33.5448
12.457 33.4767
12.4572 33.5421
12.4575 33.5993
12.4577 33.5244
12.458 33.4589
12.4582 33.5265
12.4584 33.5857
12.4587 33.5125
12.4589 33.4484
12.4592 33.5174
12.4594 33.5777
12.4596 33.5055
12.4599 33.4423
12.4604 33.512
12.4606 33.448
12.4608 33.392
12.4612 33.468
12.4693 33.5345
12.4701 33.5927
12.4707 33.5186
12.4709 33.4538
12.4712 33.5221
12.4715 33.5818
12.4721 33.6341
12.4724 33.6798
12.4726 33.7198
12.473 33.6299
12.4735 33.6761
12.4738 33.5916
12.4742 33.6427
12.4745 33.6873
12.4748 33.6014
12.475 33.6512
12.4753 33.6948
12.4755 33.733
12.4757 33.6414
12.476 33.5612
12.4762 33.616
12.4765 33.664
12.4767 33.581
12.4769 33.5084
12.4772 33.5698
12.4774 33.6236
12.4777 33.5457
12.4779 33.4775
12.4781 33.5428
12.4784 33.5999
12.4786 33.6499
12.4789 33.5687
12.4791 33.6226
12.4793 33.6698
12.4796 33.7111
12.4798 33.6222
12.4801 33.6694
12.4803 33.7107
12.4805 33.7469
12.4808 33.6535
12.481 33.6968
12.4813 33.7347
12.4815 33.7679
12.4818 33.6719
12.482 33.5879
12.4822 33.6394
12.4825 33.6845
12.4827 33.5989
12.483 33.5241
12.4832 33.5836
12.4834 33.6356
12.4837 33.5562
12.4839 33.4866
12.4842 33.5508
12.4844 33.607
12.4846 33.6561
12.4849 33.5741
12.4851 33.6273
12.4854 33.6739
12.4856 33.7147
12.4858 33.6253
12.4861 33.6722
12.4863 33.7131
12.4866 33.749
12.4868 33.6554
12.487 33.6985
12.4873 33.7361
12.4875 33.7691
12.4878 33.673
12.488 33.5889
12.4882 33.6403
12.4885 33.6852
12.4887 33.5996
12.489 33.5246
12.4892 33.584
12.4894 33.636
12.4897 33.5565
12.4899 33.487
12.4902 33.5511
12.4904 33.6072
12.4906 33.6563
12.4909 33.5743
12.4911 33.6275
12.4914 33.674
12.4916 33.7148
12.4918 33.6254
12.4921 33.6723
12.4923 33.7132
12.4926 33.7491
12.4928 33.6554
12.493 33.6985
12.4933 33.7362
12.4935 33.7692
12.494 33.798
12.4942 33.8233
12.4945 33.8454
12.4948 33.7397
12.503 33.7722
12.5039 33.6757
12.5045 33.7162
12.5047 33.7517
12.5049 33.6577
12.5053 33.7005
12.5059 33.613
12.5061 33.6613
12.5064 33.7037
12.5067 33.7407
12.5072 33.7731
12.5076 33.8015
12.5079 33.7013
12.5083 33.7386
12.5085 33.7713
12.5088 33.6749
12.509 33.7155
12.5093 33.7511
12.5095 33.7822
12.5097 33.8094
12.51 33.7082
12.5102 33.7447
12.5105 33.7766
12.5107 33.8045
12.5109 33.704
12.5112 33.741
12.5114 33.7734
12.5117 33.8017
12.5119 33.7015
12.5122 33.7388
12.5124 33.7714
12.5126 33.8
12.5129 33.7
12.5131 33.7375
12.5134 33.7703
12.5136 33.799
12.5138 33.6991
12.5141 33.7368
12.5143 33.7697
12.5146 33.7985
12.5148 33.6986
12.515 33.7363
12.5153 33.7693
12.5155 33.7981
12.5158 33.8233
12.516 33.7204
12.5162 33.7554
12.5165 33.786
12.5167 33.8127
12.517 33.7111
12.5172 33.7472
12.5174 33.7788
12.5177 33.8065
12.5179 33.7057
12.5182 33.7425
12.5184 33.7746
12.5186 33.8028
12.5189 33.7025
12.5191 33.7397
12.5194 33.7722
12.5196 33.8007
12.5198 33.7006
12.5201 33.738
12.5203 33.7708
12.5206 33.7994
12.5208 33.6995
12.521 33.7371
12.5213 33.7699
12.5215 33.7987
12.5218 33.8238
12.522 33.8459
12.5222 33.8651
12.5225 33.882
12.5227 33.8967
12.523 33.7846
12.5232 33.8116
12.5234 33.8351
12.5237 33.8557
12.5239 33.7488
12.5242 33.7802
12.5244 33.8076
12.5246 33.8317
12.5249 33.7277
12.5251 33.7618
12.5254 33.7915
12.5256 33.8176
12.5258 33.8404
12.5261 33.8603
12.5263 33.8778
12.5266 33.8931
12.5268 33.9064
12.5271 33.9181
12.5273 33.9284
12.5277 33.9373
12.528 33.9452
12.5283 33.952
12.5285 33.958
12.5367 34.9633
12.5375 34.8428
12.5381 34.8625
12.5383 34.7547
12.5386 34.6603
12.5389 34.5778
12.5395 34.5056
12.5398 34.4424
12.54 34.3871
12.5404 34.3387
12.5409 34.2964
12.5412 34.2593
12.5416 34.2269
12.542 34.1985
12.5422 34.1737
12.5424 34.152
12.5427 34.133
12.5429 33.9914
12.5432 33.9925
12.5434 33.9934
12.5436 33.9942
12.5439 33.9949
12.5441 33.9956
12.5444 33.9961
12.5446 33.9966
12.5448 33.997
12.5451 33.9974
12.5453 33.9977
12.5456 33.998
12.5458 33.9983
12.546 33.9985
12.5463 33.9987
12.5465 33.9988
12.5468 33.999
12.547 33.8741
12.5472 33.8898
12.5475 33.9036
12.5477 33.9157
12.548 33.8012
12.5482 33.8261
12.5484 33.8478
12.5487 33.8668
12.5489 33.7585
12.5492 33.7887
12.5494 33.8151
12.5496 33.8382
12.5499 33.8584
12.5501 33.8761
12.5504 33.8916
12.5506 33.9051
12.5508 33.917
12.5511 33.9274
12.5513 33.9365
12.5516 33.9444
12.5518 33.9513
12.552 33.9574
12.5523 33.9627
12.5525 33.9674
12.5528 33.9715
12.553 33.975
12.5532 33.9782
12.5535 33.9809
12.5537 33.9833
12.554 33.8604
12.5542 33.8778
12.5544 33.8931
12.5547 33.9065
12.5549 33.7932
12.5552 33.819
12.5554 33.8416
12.5556 33.8614
12.5559 33.7537
12.5561 33.7845
12.5564 33.8115
12.5566 33.835
12.5569 33.8557
12.5571 33.8737
12.5573 33.8895
12.5576 33.9033
12.5578 33.9154
12.5581 33.926
12.5583 33.9352
12.5585 33.9433
12.5588 33.9504
12.559 33.9566
12.5593 33.962
12.5595 33.9668
12.5597 33.9709
12.56 33.8496
12.5602 33.8684
12.5605 33.8848
12.5607 33.8992
12.5609 33.7868
12.5613 33.8135
12.5617 33.8368
12.5619 33.7322
12.5621 33.7657
12.5703 34.7949
12.5713 34.8206
12.5719 34.718
12.5721 34.6283
12.5724 34.5497
12.5727 34.481
12.5733 34.5459
12.5736 34.4776
12.5738 34.4179
12.5742 34.3657
12.5746 34.32
12.575 34.28
12.5754 34.245
12.5757 34.2144
12.576 34.1876
12.5762 34.1641
12.5764 34.1436
12.5767 34.1257
12.5769 34.1099
12.5772 34.0962
12.5774 34.0842
12.5776 34.0737
12.5779 34.0644
12.5781 34.0564
12.5784 34.0493
12.5786 34.0432
12.5788 34.0378
12.5791 34.0331
12.5793 34.0289
12.5796 34.0253
12.5798 34.0221
12.58 34.0194
12.5803 34.017
12.5805 34.0148
12.5808 34.013
12.581 34.1364
12.5812 34.1193
12.5815 34.1044
12.5817 34.0913
12.582 34.0799
12.5822 34.0699
12.5824 34.0612
12.5827 34.0535
12.5829 34.0469
12.5832 34.041
12.5834 34.0359
12.5836 34.0314
12.5839 34.0275
12.5841 34.024
12.5844 34.021
12.5846 34.0184
12.5848 34.0161
12.5851 34.0141
12.5853 34.0123
12.5856 34.0108
12.5858 34.0094
12.586 34.0083
12.5863 34.0072
12.5865 34.0063
12.5868 34.0055
12.587 34.0048
12.5873 34.0042
12.5875 34.0037
12.5877 34.0032
12.588 34.0028
12.5882 34.0025
12.5885 34.0022
12.5887 34.0019
12.5889 34.0017
12.5892 34.0015
12.5894 34.0013
12.5897 34.0011
12.5899 34.001
12.5901 34.0008
12.5904 34.0007
12.5906 34.0007
12.5909 34.0006
12.5911 34.0005
12.5913 34.0004
12.5916 34.0004
12.5918 34.0003
12.5921 34.0003
12.5923 34.0003
12.5925 34.0002
12.5928 34.0002
12.593 34.0002
12.5933 34.0001
12.5935 34.0001
12.5937 34.0001
12.594 34.0001
12.5942 34.0001
12.5945 34.0001
12.5947 34.0001
12.5951 34.1251
12.5954 34.1094
12.5957 34.0957
12.5959 34.0838
12.6041 35.0733
12.605 35.0641
12.6055 34.9311
12.606 34.8147
12.6062 34.7129
12.6065 34.6238
12.6068 34.5458
12.6074 34.4776
12.6077 34.4179
12.6079 34.3656
12.6083 34.3199
12.6088 34.2799
12.6091 34.37
12.6095 34.3237
12.6098 34.2832
12.6101 34.3728
12.6103 34.3262
12.6106 34.2855
12.6108 34.2498
12.611 34.3435
12.6113 34.3006
12.6115 34.263
12.6118 34.2302
12.612 34.3264
12.6122 34.2856
12.6125 34.2499
12.6127 34.2186
12.613 34.1913
12.6132 34.1674
12.6134 34.1465
12.6137 34.1282
12.6139 34.1121
12.6142 34.0981
12.6144 34.0859
12.6146 34.0751
12.6149 34.0657
12.6151 34.0575
12.6154 34.0503
12.6156 34.044
12.6158 34.0385
12.6161 34.1587
12.6163 34.1389
12.6166 34.1215
12.6168 34.1063
12.6171 34.218
12.6173 34.1908
12.6175 34.1669
12.6178 34.1461
12.618 34.2528
12.6183 34.2212
12.6185 34.1936
12.6187 34.1694
12.619 34.1482
12.6192 34.1297
12.6195 34.1135
12.6197 34.0993
12.6199 34.0869
12.6202 34.076
12.6204 34.0665
12.6207 34.0582
12.6209 34.0509
12.6211 34.0446
12.6214 34.039
12.6216 34.0341
12.6219 34.0298
12.6221 34.1511
12.6223 34.1322
12.6226 34.1157
12.6228 34.1012
12.6231 34.2136
12.6233 34.1869
12.6235 34.1635
12.6238 34.1431
12.624 34.2502
12.6243 34.2189
12.6245 34.1916
12.6247 34.1676
12.625 34.1467
12.6252 34.1283
12.6255 34.1123
12.6257 34.0982
12.6259 34.086
12.6262 34.0752
12.6264 34.0658
12.6267 34.0576
12.6269 34.0504
12.6271 34.0441
12.6274 34.0386
12.6276 34.0338
12.6279 34.0295
12.6281 34.1508
12.6283 34.132
12.6286 34.1155
12.6288 34.1011
12.6292 34.0884
12.6295 34.0774
12.6298 34.0677
12.63 34.1842
12.6382 34.1612
12.6393 34.1411
12.6398 34.1234
12.6402 34.233
12.6405 34.2039
12.6407 34.1784
12.6411 34.2811
12.6417 34.246
12.6419 34.2152
12.6422 34.3133
12.6425 34.2741
12.643 34.3649
12.6434 34.3193
12.6437 34.2794
12.6441 34.3694
12.6443 34.3233
12.6446 34.2828
12.6448 34.2475
12.645 34.3416
12.6453 34.2989
12.6455 34.2615
12.6458 34.2288
12.646 34.3252
12.6462 34.2846
12.6465 34.249
12.6467 34.2179
12.647 34.1906
12.6472 34.2918
12.6475 34.2553
12.6477 34.2234
12.6479 34.1955
12.6482 34.296
12.6484 34.259
12.6487 34.2267
12.6489 34.1983
12.6491 34.2985
12.6494 34.2612
12.6496 34.2286
12.6499 34.2
12.6501 34.3
12.6503 34.2625
12.6506 34.2297
12.6508 34.201
12.6511 34.3009
12.6513 34.2632
12.6515 34.2303
12.6518 34.2015
12.652 34.3014
12.6523 34.2637
12.6525 34.2307
12.6527 34.2019
12.653 34.1766
12.6532 34.2796
12.6535 34.2446
12.6537 34.214
12.6539 34.1873
12.6542 34.2889
12.6544 34.2528
12.6547 34.2212
12.6549 34.1935
12.6551 34.2943
12.6554 34.2575
12.6556 34.2253
12.6559 34.1972
12.6561 34.2975
12.6563 34.2603
12.6566 34.2278
12.6568 34.1993
12.6571 34.2994
12.6573 34.262
12.6575 34.2292
12.6578 34.2006
12.658 34.3005
12.6583 34.2629
12.6585 34.2301
12.6587 34.2013
12.659 34.1761
12.6592 34.2791
12.6595 34.2442
12.6597 34.2137
12.6599 34.187
12.6602 34.2886
12.6604 34.2525
12.6607 34.221
12.6609 34.1933
12.6611 34.2942
12.6614 34.2574
12.6616 34.2252
12.6619 34.1971
12.6621 34.2974
12.6624 34.2603
12.6626 34.2277
12.6628 34.1993
12.6631 34.2994
12.6634 34.2619
12.6638 34.2292
12.664 34.3255
12.6643 34.2848
12.6724 34.2492
12.6735 34.2181
12.674 34.3158
12.6744 34.2763
12.6746 34.2418
12.6748 34.2116
12.6753 34.1851
12.6758 34.162
12.676 34.2667
12.6763 34.2334
12.6768 34.2042
12.6773 34.1787
12.6775 34.1564
12.678 34.1368
12.6782 34.2447
12.6785 34.2141
12.6787 34.1874
12.6789 34.1639
12.6792 34.2684
12.6794 34.2349
12.6797 34.2055
12.6799 34.1798
12.6801 34.2824
12.6804 34.2471
12.6806 34.2162
12.6809 34.1892
12.6811 34.2905
12.6813 34.3792
12.6816 34.3318
12.6818 34.2903
12.6821 34.379
12.6823 34.4567
12.6825 34.3996
12.6828 34.3496
12.683 34.4309
12.6833 34.5021
12.6835 34.4393
12.6837 34.3844
12.684 34.3363
12.6842 34.4193
12.6845 34.3669
12.6847 34.321
12.6849 34.2809
12.6852 34.3708
12.6854 34.3244
12.6857 34.2839
12.6859 34.2484
12.6861 34.3423
12.6864 34.2995
12.6866 34.2621
12.6869 34.2293
12.6871 34.3257
12.6873 34.41
12.6876 34.3587
12.6878 34.3139
12.6881 34.3996
12.6883 34.4747
12.6885 34.4154
12.6888 34.3634
12.689 34.443
12.6893 34.5126
12.6895 34.4485
12.6897 34.3925
12.69 34.3434
12.6902 34.4255
12.6905 34.3723
12.6907 34.3258
12.6909 34.285
12.6912 34.3744
12.6914 34.3276
12.6917 34.2867
12.6919 34.2508
12.6922 34.3445
12.6924 34.3014
12.6926 34.2637
12.6929 34.2308
12.6931 34.3269
12.6934 34.4111
12.6936 34.3597
12.6938 34.3147
12.6941 34.4004
12.6943 34.4753
12.6946 34.4159
12.6948 34.3639
12.695 34.4434
12.6953 34.513
12.6955 34.4489
12.6958 34.3928
12.696 34.3437
12.6962 34.4257
12.6965 34.3725
12.6967 34.3259
12.697 34.2852
12.6972 34.3745
12.6976 34.3277
12.6979 34.2868
12.6982 34.3759
12.6984 34.3289
12.7067 35.2878
12.7078 35.2518
12.7083 35.2204
12.7086 35.0678
12.7089 34.9343
12.7091 34.9425
12.7096 34.9497
12.7101 34.956
12.7103 34.9615
12.7105 34.8413
12.711 34.8612
12.7115 34.8785
12.7117 34.7687
12.7122 34.7976
12.7125 34.8229
12.7127 34.72
12.7129 34.63
12.7132 34.6763
12.7134 34.7167
12.7137 34.6272
12.7139 34.5488
12.7141 34.6052
12.7144 34.6545
12.7146 34.5727
12.7149 34.5011
12.7151 34.5635
12.7153 34.618
12.7156 34.5408
12.7158 34.4732
12.7161 34.539
12.7163 34.5967
12.7165 34.5221
12.7168 34.4568
12.717 34.5247
12.7173 34.5841
12.7175 34.5111
12.7177 34.4472
12.718 34.3913
12.7182 34.4674
12.7185 34.534
12.7187 34.4672
12.7189 34.4088
12.7192 34.4827
12.7194 34.5474
12.7197 34.479
12.7199 34.4191
12.7201 34.4917
12.7204 34.5552
12.7206 34.4858
12.7209 34.4251
12.7211 34.497
12.7213 34.5598
12.7216 34.4899
12.7218 34.4286
12.7221 34.5001
12.7223 34.5625
12.7226 34.4922
12.7228 34.4307
12.723 34.5019
12.7233 34.5641
12.7235 34.4936
12.7238 34.4319
12.724 34.3779
12.7242 34.4557
12.7245 34.5237
12.7247 34.4583
12.725 34.401
12.7252 34.4759
12.7254 34.5414
12.7257 34.4737
12.7259 34.4145
12.7262 34.4877
12.7264 34.5517
12.7266 34.4827
12.7269 34.4224
12.7271 34.4946
12.7274 34.5578
12.7276 34.4881
12.7278 34.427
12.7281 34.4987
12.7283 34.5613
12.7286 34.4912
12.7288 34.4298
12.729 34.501
12.7293 34.5634
12.7295 34.493
12.7298 34.4314
12.73 34.5024
12.7302 34.5646
12.7305 34.6191
12.7307 34.5417
12.731 34.474
12.7312 34.5397
12.7314 34.5973
12.7317 34.5226
12.7319 34.4573
12.7322 34.5251
12.7324 34.4595
12.7414 35.527
12.7417 33.8362
12.7419 32.3566
12.7421 31.1871
12.7424 30.1637
12.7426 29.1432
12.7429 28.2503
12.7431 27.594
12.7433 27.0198
12.7436 26.3923
12.7438 25.8433
12.7441 25.4879
12.7443 25.1769
12.7445 24.7798
12.7448 24.4323
12.745 24.2533
12.7453 24.0966
12.7455 23.8345
12.7457 23.6052
12.746 23.4046
12.7462 23.354
12.7465 23.3097
12.7467 23.146
12.7469 23.0028
12.7472 23.0024
12.7474 23.0021
12.7477 22.8769
12.7479 22.7672
12.7481 22.7963
12.7484 22.8218
12.7486 22.7191
12.7489 22.6292
12.7491 22.6755
12.7493 22.7161
12.7496 22.6266
12.7498 22.5483
12.7501 22.6047
12.7503 22.6541
12.7505 22.5724
12.7508 22.5008
12.751 22.5632
12.7513 22.6178
12.7515 22.5406
12.7517 22.473
12.752 22.4139
12.7522 22.4872
12.7525 22.4263
12.7527 22.373
12.753 22.3264
12.7532 22.4106
12.7534 22.4842
12.7537 22.4237
12.7539 22.3707
12.7542 22.4494
12.7544 22.5182
12.7546 22.4534
12.7549 22.3968
12.7639 22.3472
12.7641 22.4288
12.7644 22.5002
12.7646 22.4377
12.7648 22.3829
12.7651 22.4601
12.7653 22.5276
12.7656 22.4616
12.7658 22.4039
12.766 22.4784
12.7663 22.5436
12.7665 22.6007
12.7668 22.5256
12.767 22.5849
12.7673 22.6368
12.7675 22.6822
12.7677 22.5969
12.768 22.5223
12.7682 22.582
12.7685 22.6343
12.7687 22.68
12.7689 22.595
12.7692 22.6456
12.7694 22.6899
12.7697 22.7287
12.7699 22.6376
12.7701 22.6829
12.7704 22.7225
12.7706 22.7572
12.7709 22.6626
12.7711 22.7047
12.7713 22.7416
12.7716 22.7739
12.7718 22.6772
12.7721 22.7175
12.7723 22.7529
12.7725 22.7837
12.7728 22.6858
12.773 22.7251
12.7733 22.7594
12.7735 22.7895
12.7737 22.6908
12.774 22.6045
12.7742 22.6539
12.7745 22.6972
12.7747 22.735
12.7749 22.6431
12.7752 22.6877
12.7754 22.7268
12.7757 22.7609
12.7759 22.6658
12.7761 22.7076
12.7764 22.7441
12.7766 22.7761
12.7769 22.6791
12.7771 22.7192
12.7775 22.7543
12.7864 23.91
12.7867 23.7963
12.787 23.5717
12.7872 23.5003
12.7874 23.4377
12.7877 23.383
12.7879 23.2101
12.7882 23.1839
12.7884 23.1609
12.7886 23.1408
12.7889 22.9982
12.7891 22.9984
12.7894 22.9986
12.7896 22.9988
12.7898 22.8739
12.7901 22.8897
12.7903 22.9035
12.7906 22.9155
12.7908 22.9261
12.791 22.9353
12.7913 22.9434
12.7915 22.9505
12.7918 22.9567
12.792 22.9621
12.7922 22.9668
12.7925 22.971
12.7927 22.9746
12.793 22.8528
12.7932 22.8712
12.7934 22.8873
12.7937 22.9014
12.7939 22.7887
12.7942 22.8151
12.7944 22.8382
12.7946 22.8584
12.7949 22.7511
12.7951 22.7822
12.7954 22.8095
12.7956 22.8333
12.7958 22.7291
12.7961 22.763
12.7963 22.7926
12.7966 22.8185
12.7968 22.8412
12.7971 22.8611
12.7973 22.8784
12.7975 22.8936
12.7978 22.9069
12.798 22.9186
12.7983 22.9287
12.7985 22.9376
12.7987 22.9454
12.799 22.8273
12.7992 22.8488
12.7995 22.8677
12.7997 22.8843
12.7999 22.7737
12.8088 23.802
12.8094 23.7018
12.8097 23.614
12.8099 23.5373
12.8101 23.4701
12.8104 23.4114
12.8106 23.3599
12.8109 23.3149
12.8111 23.2756
12.8113 23.2411
12.8116 23.211
12.8118 23.1846
12.8121 23.1615
12.8123 23.1413
12.8126 23.1237
12.8128 23.1082
12.813 23.0947
12.8133 23.0829
12.8135 23.0725
12.8138 23.0634
12.814 22.9305
12.8142 22.9392
12.8145 22.9468
12.8147 22.9534
12.815 22.8343
12.8152 22.855
12.8154 22.8731
12.8157 22.889
12.8159 22.9028
12.8162 22.915
12.8164 22.9256
12.8166 22.9349
12.8169 22.943
12.8171 22.9502
12.8174 22.9564
12.8176 22.9618
12.8178 22.9666
12.8181 22.9708
12.8183 22.9744
12.8186 22.9776
12.8188 22.9804
12.819 22.9829
12.8193 22.985
12.8195 22.9869
12.8198 22.9885
12.82 22.99
12.8202 22.9912
12.8205 22.9923
12.8207 22.9933
12.821 22.8691
12.8212 22.8855
12.8214 22.8998
12.8217 22.9123
12.8219 22.9233
12.8222 22.9329
12.8224 22.9413
12.8226 22.9486
12.8229 22.955
12.8318 22.9606
12.8323 22.9656
12.8325 22.9699
12.8327 22.9736
12.833 22.8519
12.8332 22.8704
12.8335 22.8866
12.8337 22.9008
12.8339 22.7882
12.8342 22.8147
12.8344 22.8378
12.8347 22.8581
12.8349 22.7508
12.8351 22.782
12.8354 22.8092
12.8356 22.8331
12.8359 22.7289
12.8361 22.7628
12.8363 22.7925
12.8366 22.8184
12.8368 22.8411
12.8371 22.861
12.8373 22.8784
12.8375 22.8936
12.8378 22.9069
12.838 22.9185
12.8383 22.9287
12.8385 22.9376
12.8387 22.9454
12.839 22.8272
12.8392 22.8488
12.8395 22.8677
12.8397 22.8843
12.8399 22.7737
12.8402 22.802
12.8404 22.8268
12.8407 22.8484
12.8409 22.7424
12.8411 22.7746
12.8414 22.8027
12.8416 22.8274
12.8419 22.724
12.8421 22.7585
12.8424 22.7887
12.8426 22.8151
12.8428 22.7132
12.8431 22.749
12.8433 22.7804
12.8436 22.8079
12.8438 22.8319
12.844 22.8529
12.8443 22.8713
12.8445 22.8874
12.8448 22.9015
12.845 22.7888
12.8452 22.8152
12.8455 22.8383
12.8458 22.8585
12.8548 22.8762
12.8552 22.8917
12.8554 22.9052
12.8557 22.917
12.8559 22.9274
12.8562 22.9365
12.8564 22.9444
12.8566 22.9514
12.8569 22.9575
12.8571 22.9628
12.8574 22.9674
12.8576 22.9715
12.8579 22.9751
12.8581 22.9782
12.8583 22.9809
12.8586 22.9833
12.8588 22.9854
12.8591 22.9872
12.8593 22.9888
12.8595 22.9902
12.8598 22.9914
12.86 22.9925
12.8603 22.9934
12.8605 22.9943
12.8607 22.995
12.861 22.9956
12.8612 22.9962
12.8615 22.9966
12.8617 22.9971
12.8619 22.9974
12.8622 23.1227
12.8624 23.1074
12.8627 23.094
12.8629 23.0822
12.8631 23.1969
12.8634 23.1723
12.8636 23.1508
12.8639 23.1319
12.8641 23.2404
12.8643 23.2104
12.8646 23.1841
12.8648 23.1611
12.8651 23.2659
12.8653 23.2327
12.8655 23.2036
12.8658 23.1782
12.866 23.2809
12.8663 23.2458
12.8665 23.2151
12.8667 23.1882
12.867 23.1647
12.8672 23.1441
12.8675 23.1261
12.8677 23.1103
12.8679 23.0965
12.8682 23.2094
12.8684 23.1833
12.8689 23.1604
12.8778 24.2653
12.8783 24.2321
12.8785 24.0781
12.8788 23.9434
12.879 23.8254
12.8792 23.8473
12.8795 23.7414
12.8797 23.6487
12.88 23.5676
12.8802 23.6216
12.8804 23.5439
12.8807 23.4759
12.8809 23.4165
12.8812 23.4894
12.8814 23.4282
12.8816 23.3747
12.8819 23.3279
12.8821 23.4119
12.8824 23.3604
12.8826 23.3153
12.8828 23.2759
12.8831 23.3664
12.8833 23.3206
12.8836 23.2805
12.8838 23.2455
12.884 23.3398
12.8843 23.4223
12.8845 23.3695
12.8848 23.3233
12.885 23.4079
12.8852 23.4819
12.8855 23.4217
12.8857 23.369
12.886 23.3229
12.8862 23.4075
12.8864 23.3566
12.8867 23.312
12.8869 23.273
12.8872 23.3639
12.8874 23.3184
12.8877 23.2786
12.8879 23.2438
12.8881 23.3383
12.8884 23.296
12.8886 23.259
12.8889 23.2266
12.8891 23.3233
12.8893 23.2829
12.8896 23.2475
12.8898 23.2166
12.8901 23.3145
12.8903 23.4002
12.8905 23.3502
12.8908 23.3064
12.891 23.3931
12.8913 23.469
12.8915 23.4103
12.8919 23.359
12.9007 24.4392
12.9013 24.3843
12.9017 24.2112
12.9019 24.0598
12.9022 24.0524
12.9024 24.0458
12.9027 23.9151
12.9029 23.8007
12.9032 23.8256
12.9034 23.8474
12.9036 23.7415
12.9039 23.6488
12.9041 23.6927
12.9044 23.7311
12.9046 23.6397
12.9048 23.5598
12.9051 23.6148
12.9053 23.6629
12.9056 23.5801
12.9058 23.5076
12.906 23.5691
12.9063 23.623
12.9065 23.5451
12.9068 23.477
12.907 23.4173
12.9072 23.4902
12.9075 23.4289
12.9077 23.3753
12.908 23.3284
12.9082 23.4123
12.9084 23.3608
12.9087 23.3157
12.9089 23.2762
12.9092 23.3667
12.9094 23.4459
12.9096 23.3901
12.9099 23.3414
12.9101 23.4237
12.9104 23.4957
12.9106 23.4338
12.9108 23.3795
12.9111 23.4571
12.9113 23.525
12.9116 23.4593
12.9118 23.4019
12.912 23.4767
12.9123 23.5421
12.9125 23.4743
12.9128 23.415
12.913 23.4882
12.9132 23.5521
12.9135 23.4831
12.9137 23.4227
12.914 23.3699
12.9142 23.4487
12.9144 23.3926
12.9147 23.3435
12.9149 23.3006
12.9153 23.388
12.9242 23.4645
12.9248 23.4064
12.925 23.4806
12.9253 23.5455
12.9255 23.4774
12.9257 23.4177
12.926 23.3655
12.9262 23.4448
12.9265 23.3892
12.9267 23.3405
12.9269 23.298
12.9272 23.3857
12.9274 23.3375
12.9277 23.2953
12.9279 23.2584
12.9281 23.3511
12.9284 23.3072
12.9286 23.2688
12.9289 23.2352
12.9291 23.3308
12.9293 23.2895
12.9296 23.2533
12.9298 23.2216
12.9301 23.3189
12.9303 23.404
12.9305 23.3535
12.9308 23.3093
12.931 23.3957
12.9313 23.4712
12.9315 23.4123
12.9317 23.3608
12.932 23.3157
12.9322 23.4012
12.9325 23.3511
12.9327 23.3072
12.933 23.2688
12.9332 23.3602
12.9334 23.3152
12.9337 23.2758
12.9339 23.2413
12.9342 23.3361
12.9344 23.2941
12.9346 23.2574
12.9349 23.2252
12.9351 23.322
12.9354 23.2818
12.9356 23.2466
12.9358 23.2157
12.9361 23.3138
12.9363 23.2745
12.9366 23.2402
12.9368 23.2102
12.937 23.3089
12.9373 23.3953
12.9375 23.3459
12.9378 23.3027
12.938 23.2648
12.9382 23.3567
12.9387 23.3121
12.9477 23.2731
12.9482 23.364
12.9485 23.3185
12.9487 23.2787
12.9489 23.2438
12.9492 23.3384
12.9494 23.4211
12.9497 23.3684
12.9499 23.3224
12.9501 23.4071
12.9504 23.4812
12.9506 23.421
12.9509 23.3684
12.9511 23.4474
12.9513 23.5164
12.9516 23.4519
12.9518 23.3954
12.9521 23.471
12.9523 23.5371
12.9525 23.47
12.9528 23.4112
12.953 23.4848
12.9533 23.5492
12.9535 23.4806
12.9537 23.4205
12.954 23.3679
12.9542 23.4469
12.9545 23.3911
12.9547 23.3422
12.9549 23.2994
12.9552 23.387
12.9554 23.4636
12.9557 23.5307
12.9559 23.4643
12.9561 23.5313
12.9564 23.5899
12.9566 23.6411
12.9569 23.561
12.9571 23.6159
12.9573 23.6639
12.9576 23.7059
12.9578 23.6177
12.9581 23.6655
12.9583 23.7073
12.9585 23.7439
12.9588 23.6509
12.959 23.6945
12.9593 23.7327
12.9595 23.7661
12.9597 23.6704
12.96 23.5866
12.9602 23.6382
12.9605 23.6835
12.9607 23.598
12.9609 23.5233
12.9612 23.5829
12.9614 23.635
12.9618 23.6806
12.9622 23.7205
12.9712 24.8805
12.9718 24.7704
12.972 24.6741
12.9722 24.5899
12.9725 24.5161
12.9727 24.4516
12.973 24.2702
12.9732 24.2364
12.9734 24.2068
12.9737 24.181
12.9739 24.0334
12.9742 24.0292
12.9744 24.0255
12.9746 24.0223
12.9749 23.8946
12.9751 23.9077
12.9754 23.9193
12.9756 23.9294
12.9758 23.8132
12.9761 23.8365
12.9763 23.857
12.9766 23.8748
12.9768 23.7655
12.977 23.7948
12.9773 23.8205
12.9775 23.8429
12.9778 23.8625
12.978 23.8797
12.9783 23.8948
12.9785 23.9079
12.9787 23.9194
12.979 23.8045
12.9792 23.8289
12.9795 23.8503
12.9797 23.869
12.9799 23.7604
12.9802 23.7903
12.9804 23.8166
12.9807 23.8395
12.9809 23.7345
12.9811 23.7677
12.9814 23.7968
12.9816 23.8222
12.9819 23.7194
12.9821 23.7545
12.9823 23.7852
12.9826 23.812
12.9828 23.7105
12.9831 23.7467
12.9833 23.7784
12.9835 23.8061
12.9838 23.8303
12.984 23.8515
12.9843 23.8701
12.9845 23.8863
12.9847 23.9005
12.985 23.788
12.9852 23.8145
12.9857 23.8377
12.9946 24.8579
12.9953 24.7507
12.9957 24.6569
12.9959 24.4498
12.9962 24.3935
12.9964 24.3443
12.9966 24.3013
12.9969 24.2636
12.9971 24.2307
12.9974 24.2018
12.9976 24.1766
12.9978 24.1545
12.9981 24.1352
12.9983 24.1183
12.9986 24.1035
12.9988 24.0906
12.999 24.0793
12.9993 24.0694
12.9995 24.0607
12.9998 24.0531
13 24.0465
13.0002 24.0407
13.0005 24.0356
13.0007 24.0311
13.001 23.9022
13.0012 23.9145
13.0014 23.9251
13.0017 23.9345
13.0019 23.8177
13.0022 23.8405
13.0024 23.8604
13.0026 23.8779
13.0029 23.8931
13.0031 23.9065
13.0034 23.9182
13.0036 23.9284
13.0038 23.9374
13.0041 23.9452
13.0043 23.952
13.0046 23.958
13.0048 23.9633
13.005 23.9679
13.0053 23.9719
13.0055 23.9754
13.0058 23.9785
13.006 23.9812
13.0062 23.9835
13.0065 23.9856
13.0067 23.9874
13.007 23.864
13.0072 23.881
13.0075 23.8958
13.0077 23.9089
13.0079 23.7953
13.0082 23.8208
13.0084 23.8432
13.0087 23.8628
13.0089 23.88
13.0091 23.895
13.0096 23.9081
13.0185 23.9196
13.0192 23.9296
13.0195 23.9384
13.0197 23.9461
13.0199 23.8279
13.0202 23.8494
13.0204 23.8682
13.0207 23.8847
13.0209 23.7741
13.0211 23.8023
13.0214 23.827
13.0216 23.8487
13.0219 23.7426
13.0221 23.7748
13.0224 23.8029
13.0226 23.8275
13.0228 23.7241
13.0231 23.7586
13.0233 23.7888
13.0236 23.8152
13.0238 23.7133
13.024 23.7491
13.0243 23.7805
13.0245 23.8079
13.0248 23.8319
13.025 23.7279
13.0252 23.7619
13.0255 23.7917
13.0257 23.8177
13.026 23.7155
13.0262 23.7511
13.0264 23.7822
13.0267 23.8094
13.0269 23.7082
13.0272 23.7447
13.0274 23.7766
13.0276 23.8045
13.0279 23.704
13.0281 23.741
13.0284 23.7734
13.0286 23.8017
13.0288 23.7015
13.0291 23.7388
13.0293 23.7714
13.0296 23.8
13.0298 23.7
13.03 23.7375
13.0303 23.7703
13.0305 23.799
13.0308 23.8241
13.031 23.8461
13.0312 23.8654
13.0315 23.8822
13.0317 23.8969
13.032 23.7848
13.0322 23.8117
13.0324 23.8352
13.0327 23.8558
13.033 23.8739
13.0335 23.8896
13.0425 23.9034
13.0431 23.9155
13.0434 23.9261
13.0436 23.9353
13.0439 23.9434
13.0441 23.9505
13.0443 23.9567
13.0446 23.9621
13.0448 23.9668
13.0451 23.971
13.0453 23.9746
13.0455 23.9778
13.0458 23.9805
13.046 23.983
13.0463 23.9851
13.0465 23.987
13.0467 23.9886
13.047 23.865
13.0472 23.8819
13.0475 23.8967
13.0477 23.9096
13.0479 23.7959
13.0482 23.8214
13.0484 23.8437
13.0487 23.8633
13.0489 23.8803
13.0491 23.8953
13.0494 23.9084
13.0496 23.9198
13.0499 23.9299
13.0501 23.9386
13.0503 23.9463
13.0506 23.953
13.0508 23.9589
13.0511 23.964
13.0513 23.9685
13.0515 23.9725
13.0518 23.9759
13.052 23.9789
13.0523 23.9815
13.0525 23.9839
13.0528 23.9859
13.053 23.9876
13.0532 23.9892
13.0535 23.9905
13.0537 23.9917
13.054 23.9928
13.0542 23.9937
13.0544 23.9944
13.0547 23.9951
13.0549 23.9957
13.0552 23.9963
13.0554 23.9967
13.0556 23.9972
13.0559 23.9975
13.0561 24.1228
13.0564 24.1075
13.0566 24.094
13.0571 24.2073
13.0574 24.1814
13.0664 25.2837
13.0672 25.2482
13.0674 25.0922
13.0677 24.9557
13.0679 24.8362
13.0681 24.8567
13.0684 24.7496
13.0686 24.6559
13.0689 24.5739
13.0691 24.6272
13.0693 24.5488
13.0696 24.4802
13.0698 24.4202
13.0701 24.4926
13.0703 24.4311
13.0705 24.3772
13.0708 24.33
13.071 24.4138
13.0713 24.4871
13.0715 24.4262
13.0717 24.3729
13.072 24.3263
13.0722 24.4105
13.0725 24.3592
13.0727 24.3143
13.0729 24.275
13.0732 24.3656
13.0734 24.3199
13.0737 24.2799
13.0739 24.2449
13.0741 24.3393
13.0744 24.2969
13.0746 24.2598
13.0749 24.2273
13.0751 24.3239
13.0753 24.2834
13.0756 24.248
13.0758 24.217
13.0761 24.3149
13.0763 24.2755
13.0765 24.2411
13.0768 24.2109
13.077 24.3096
13.0773 24.3959
13.0775 24.3464
13.0777 24.3031
13.078 24.2652
13.0782 24.3571
13.0785 24.3124
13.0787 24.2734
13.0789 24.2392
13.0792 24.3343
13.0794 24.2925
13.0797 24.2559
13.0799 24.224
13.0801 24.321
13.0804 24.2808
13.0806 24.2457
13.081 24.215
13.0813 24.1881
13.0904 25.2896
13.0912 25.2534
13.0916 25.0967
13.0918 24.9596
13.092 24.9647
13.0923 24.9691
13.0925 24.848
13.0928 24.742
13.093 24.7742
13.0932 24.8024
13.0935 24.7021
13.0937 24.6144
13.094 24.5376
13.0942 24.5954
13.0944 24.521
13.0947 24.4558
13.0949 24.3989
13.0952 24.474
13.0954 24.4147
13.0956 24.3629
13.0959 24.3175
13.0961 24.4028
13.0964 24.4775
13.0966 24.4178
13.0968 24.3656
13.0971 24.4449
13.0973 24.5143
13.0976 24.45
13.0978 24.3937
13.0981 24.4695
13.0983 24.5358
13.0985 24.4688
13.0988 24.4102
13.099 24.484
13.0993 24.5485
13.0995 24.4799
13.0997 24.4199
13.1 24.3674
13.1002 24.4465
13.1005 24.3907
13.1007 24.3419
13.1009 24.2991
13.1012 24.3867
13.1014 24.3384
13.1017 24.2961
13.1019 24.2591
13.1021 24.3517
13.1024 24.4327
13.1026 24.3786
13.1029 24.3313
13.1031 24.4149
13.1033 24.488
13.1036 24.427
13.1038 24.3736
13.1041 24.4519
13.1043 24.5204
13.1045 24.4554
13.1048 24.3985
13.105 24.4737
13.1054 24.5395
13.1057 24.472
13.1148 24.413
13.1156 24.3614
13.1158 24.3162
13.1161 24.4017
13.1163 24.3515
13.1166 24.3075
13.1168 24.2691
13.117 24.3605
13.1173 24.3154
13.1175 24.276
13.1178 24.2415
13.118 24.2113
13.1182 24.3099
13.1185 24.2711
13.1187 24.2373
13.119 24.2076
13.1192 24.3066
13.1194 24.2683
13.1197 24.2348
13.1199 24.2054
13.1202 24.3047
13.1204 24.2667
13.1206 24.2333
13.1209 24.2042
13.1211 24.3036
13.1214 24.2657
13.1216 24.2325
13.1218 24.2034
13.1221 24.303
13.1223 24.2651
13.1226 24.232
13.1228 24.203
13.123 24.3026
13.1233 24.2648
13.1235 24.2317
13.1238 24.2027
13.124 24.3024
13.1242 24.3896
13.1245 24.3409
13.1247 24.2983
13.125 24.261
13.1252 24.3534
13.1254 24.3092
13.1257 24.2705
13.1259 24.2367
13.1262 24.3321
13.1264 24.2906
13.1266 24.2543
13.1269 24.2225
13.1271 24.3197
13.1274 24.2797
13.1276 24.2448
13.1279 24.2142
13.1281 24.3124
13.1283 24.2733
13.1286 24.2392
13.1288 24.2093
13.1291 24.3081
13.1293 24.2696
13.1298 24.2359
13.1301 24.3314
13.1391 24.415
13.14 24.3631
13.1402 24.4427
13.1405 24.3874
13.1407 24.339
13.1409 24.2966
13.1412 24.3845
13.1414 24.3365
13.1417 24.2944
13.1419 24.2576
13.1421 24.3504
13.1424 24.4316
13.1426 24.3776
13.1429 24.3304
13.1431 24.4141
13.1434 24.4874
13.1436 24.4264
13.1438 24.3731
13.1441 24.4515
13.1443 24.5201
13.1446 24.4551
13.1448 24.3982
13.145 24.4734
13.1453 24.5392
13.1455 24.4718
13.1458 24.4128
13.146 24.3612
13.1462 24.4411
13.1465 24.3859
13.1467 24.3377
13.147 24.2955
13.1472 24.3836
13.1474 24.3356
13.1477 24.2937
13.1479 24.2569
13.1482 24.3498
13.1484 24.3061
13.1486 24.2678
13.1489 24.2344
13.1491 24.3301
13.1494 24.4138
13.1496 24.3621
13.1498 24.3168
13.1501 24.4022
13.1503 24.4769
13.1506 24.4173
13.1508 24.3652
13.151 24.4445
13.1513 24.5139
13.1515 24.4497
13.1518 24.3935
13.152 24.4693
13.1522 24.5356
13.1525 24.4687
13.1527 24.4101
13.153 24.3588
13.1532 24.439
13.1534 24.3841
13.1538 24.3361
13.1542 24.4191
13.1546 24.3667
13.1635 25.4459
13.1645 25.3901
13.1647 25.3414
13.165 25.1737
13.1652 25.152
13.1655 25.133
13.1657 25.1164
13.1659 24.9768
13.1662 24.9797
13.1664 24.9822
13.1667 24.9845
13.1669 24.8614
13.1671 24.8787
13.1674 24.8939
13.1676 24.9072
13.1679 24.7938
13.1681 24.8195
13.1683 24.8421
13.1686 24.8618
13.1688 24.7541
13.1691 24.7848
13.1693 24.8117
13.1695 24.8353
13.1698 24.7309
13.17 24.7645
13.1703 24.7939
13.1705 24.8197
13.1707 24.8422
13.171 24.737
13.1712 24.7698
13.1715 24.7986
13.1717 24.8238
13.1719 24.7208
13.1722 24.7557
13.1724 24.7862
13.1727 24.813
13.1729 24.7113
13.1732 24.7474
13.1734 24.779
13.1736 24.8066
13.1739 24.7058
13.1741 24.7426
13.1744 24.7747
13.1746 24.8029
13.1748 24.7025
13.1751 24.7397
13.1753 24.7723
13.1756 24.8007
13.1758 24.7006
13.176 24.7381
13.1763 24.7708
13.1765 24.7994
13.1768 24.6995
13.177 24.6121
13.1772 24.6606
13.1775 24.703
13.1777 24.7401
13.178 24.6476
13.1782 24.6917
13.1787 24.7302
13.179 24.7639
13.1879 25.7934
13.1889 25.6943
13.1893 25.6075
13.1895 25.5315
13.1897 25.4651
13.19 25.282
13.1902 25.2467
13.1905 25.2159
13.1907 25.1889
13.1909 25.0403
13.1912 25.0352
13.1914 25.0308
13.1917 25.027
13.1919 24.8986
13.1921 24.9113
13.1924 24.9224
13.1926 24.9321
13.1929 24.8156
13.1931 24.8386
13.1933 24.8588
13.1936 24.8764
13.1938 24.7669
13.1941 24.796
13.1943 24.8215
13.1945 24.8438
13.1948 24.7384
13.195 24.7711
13.1953 24.7997
13.1955 24.8247
13.1957 24.8466
13.196 24.7408
13.1962 24.7732
13.1965 24.8015
13.1967 24.8264
13.1969 24.7231
13.1972 24.7577
13.1974 24.788
13.1977 24.8145
13.1979 24.7127
13.1981 24.7486
13.1984 24.78
13.1986 24.8075
13.1989 24.7066
13.1991 24.7432
13.1993 24.7753
13.1996 24.8034
13.1998 24.703
13.2001 24.7401
13.2003 24.7726
13.2005 24.801
13.2008 24.7009
13.201 24.7383
13.2013 24.771
13.2015 24.7996
13.2017 24.8247
13.202 24.7216
13.2022 24.7564
13.2025 24.7868
13.2027 24.8135
13.2031 24.8368
13.2036 24.8572
13.2124 25.875
13.2134 25.8907
13.2139 25.7793
13.2141 25.6819
13.2144 25.5967
13.2146 25.5221
13.2148 25.4568
13.2151 25.3997
13.2153 25.3498
13.2156 25.306
13.2158 25.2678
13.216 25.2343
13.2163 25.205
13.2165 25.1794
13.2168 25.157
13.217 25.1373
13.2172 25.1202
13.2175 25.1052
13.2177 25.092
13.218 24.9555
13.2182 24.9611
13.2185 24.9659
13.2187 24.9702
13.2189 24.8489
13.2192 24.8678
13.2194 24.8843
13.2197 24.8988
13.2199 24.7864
13.2201 24.8131
13.2204 24.8365
13.2206 24.8569
13.2209 24.8748
13.2211 24.8905
13.2213 24.9042
13.2216 24.9161
13.2218 24.9266
13.2221 24.9358
13.2223 24.9438
13.2225 24.9508
13.2228 24.957
13.223 24.9624
13.2233 24.9671
13.2235 24.9712
13.2237 24.9748
13.224 24.8529
13.2242 24.8713
13.2245 24.8874
13.2247 24.9015
13.2249 24.7888
13.2252 24.8152
13.2254 24.8383
13.2257 24.8585
13.2259 24.7512
13.2261 24.7823
13.2264 24.8095
13.2266 24.8333
13.2269 24.8542
13.2271 24.8724
13.2273 24.8883
13.2276 24.9023
13.2279 24.7895
13.2284 24.8158
13.2373 24.8388
13.2383 24.859
13.2386 24.8766
13.2389 24.767
13.2391 24.7962
13.2394 24.8216
13.2396 24.8439
13.2398 24.7384
13.2401 24.7711
13.2403 24.7997
13.2406 24.8248
13.2408 24.7217
13.241 24.7565
13.2413 24.7869
13.2415 24.8135
13.2418 24.7118
13.242 24.7479
13.2422 24.7794
13.2425 24.807
13.2427 24.8311
13.243 24.7272
13.2432 24.7613
13.2434 24.7911
13.2437 24.8172
13.2439 24.7151
13.2442 24.7507
13.2444 24.7819
13.2446 24.8091
13.2449 24.708
13.2451 24.7445
13.2454 24.7764
13.2456 24.8044
13.2458 24.7038
13.2461 24.7408
13.2463 24.7732
13.2466 24.8016
13.2468 24.7014
13.247 24.7387
13.2473 24.7714
13.2475 24.8
13.2478 24.7
13.248 24.7375
13.2483 24.7703
13.2485 24.799
13.2487 24.8241
13.249 24.7211
13.2492 24.756
13.2495 24.7865
13.2497 24.8132
13.2499 24.7115
13.2502 24.7476
13.2504 24.7791
13.2507 24.8067
13.2509 24.7059
13.2511 24.7427
13.2514 24.7748
13.2516 24.803
13.2519 24.7026
13.2521 24.7398
13.2523 24.7723
13.2528 24.8008
13.2533 24.8257
13.2623 24.8475
13.2633 24.8665
13.2635 24.8832
13.2638 24.8978
13.264 24.7856
13.2642 24.8124
13.2645 24.8358
13.2647 24.8564
13.265 24.7493
13.2652 24.7806
13.2654 24.8081
13.2657 24.8321
13.2659 24.728
13.2662 24.762
13.2664 24.7918
13.2666 24.8178
13.2669 24.7156
13.2671 24.7511
13.2674 24.7822
13.2676 24.8095
13.2678 24.8333
13.2681 24.9791
13.2683 24.9817
13.2686 24.984
13.2688 24.986
13.269 25.1128
13.2693 25.0987
13.2695 25.0863
13.2698 25.0755
13.27 25.1911
13.2702 25.1672
13.2705 25.1463
13.2707 25.128
13.271 25.112
13.2712 25.098
13.2714 25.0858
13.2717 25.075
13.2719 25.0657
13.2722 25.0575
13.2724 25.0503
13.2726 25.044
13.2729 25.0385
13.2731 25.0337
13.2734 25.0295
13.2736 25.0258
13.2738 25.0226
13.2741 25.1447
13.2743 25.1266
13.2746 25.1108
13.2748 25.097
13.275 25.2098
13.2753 25.1836
13.2755 25.1607
13.2758 25.1406
13.276 25.248
13.2762 25.217
13.2765 25.1899
13.2767 25.1661
13.277 25.1454
13.2773 25.1272
13.2777 25.1113
13.2782 25.2224
13.2872 26.3196
13.2881 26.2796
13.2885 26.1197
13.2887 25.9797
13.289 25.8573
13.2892 25.8751
13.2895 25.7657
13.2897 25.67
13.2899 25.5862
13.2902 25.638
13.2904 25.5582
13.2907 25.4884
13.2909 25.4274
13.2911 25.499
13.2914 25.4366
13.2916 25.382
13.2919 25.3343
13.2921 25.4175
13.2923 25.3653
13.2926 25.3196
13.2928 25.2797
13.2931 25.3697
13.2933 25.3235
13.2936 25.2831
13.2938 25.2477
13.294 25.3417
13.2943 25.299
13.2945 25.2616
13.2948 25.2289
13.295 25.2003
13.2952 25.1753
13.2955 25.1534
13.2957 25.1342
13.296 25.1174
13.2962 25.2277
13.2964 25.1993
13.2967 25.1744
13.2969 25.1526
13.2972 25.2585
13.2974 25.2262
13.2976 25.1979
13.2979 25.1732
13.2981 25.2765
13.2984 25.242
13.2986 25.2117
13.2988 25.1852
13.2991 25.2871
13.2993 25.2512
13.2996 25.2198
13.2998 25.1923
13.3 25.2933
13.3003 25.2566
13.3005 25.2245
13.3008 25.1965
13.301 25.2969
13.3012 25.2598
13.3015 25.2273
13.3017 25.1989
13.302 25.174
13.3022 25.2773
13.3027 25.2426
13.303 25.3373
13.3121 26.4201
13.3131 26.3676
13.3136 26.1967
13.3139 26.0471
13.3141 26.0412
13.3143 26.036
13.3146 25.9065
13.3148 25.7932
13.3151 25.8191
13.3153 25.8417
13.3155 25.7365
13.3158 25.6444
13.316 25.6889
13.3163 25.7278
13.3165 25.6368
13.3167 25.5572
13.317 25.4875
13.3172 25.5516
13.3175 25.4826
13.3177 25.4223
13.3179 25.3695
13.3182 25.4483
13.3184 25.3923
13.3187 25.3433
13.3189 25.3003
13.3191 25.3878
13.3194 25.3393
13.3196 25.2969
13.3199 25.2598
13.3201 25.3523
13.3203 25.4333
13.3206 25.3791
13.3208 25.3317
13.3211 25.4153
13.3213 25.4884
13.3215 25.4273
13.3218 25.3739
13.322 25.4522
13.3223 25.5206
13.3225 25.4556
13.3228 25.3986
13.323 25.3488
13.3232 25.4302
13.3235 25.3764
13.3237 25.3294
13.324 25.2882
13.3242 25.3772
13.3244 25.33
13.3247 25.2888
13.3249 25.2527
13.3252 25.3461
13.3254 25.3028
13.3256 25.265
13.3259 25.2319
13.3261 25.3279
13.3264 25.2869
13.3266 25.251
13.3268 25.2196
13.3271 25.3172
13.3273 25.4025
13.3276 25.3522
13.328 25.4332
13.3284 25.379
13.3374 25.3317
13.3385 25.2902
13.3389 25.2539
13.3391 25.3472
13.3393 25.3038
13.3396 25.2658
13.3398 25.2326
13.3401 25.3285
13.3403 25.2874
13.3405 25.2515
13.3408 25.2201
13.341 25.3176
13.3413 25.2779
13.3415 25.2431
13.3417 25.2127
13.342 25.1862
13.3422 25.2879
13.3425 25.2519
13.3427 25.2204
13.3429 25.1929
13.3432 25.2937
13.3434 25.257
13.3437 25.2249
13.3439 25.1968
13.3441 25.2972
13.3444 25.26
13.3446 25.2275
13.3449 25.1991
13.3451 25.2992
13.3453 25.2618
13.3456 25.2291
13.3458 25.2004
13.3461 25.3004
13.3463 25.2628
13.3465 25.23
13.3468 25.2012
13.347 25.3011
13.3473 25.2634
13.3475 25.2305
13.3477 25.2017
13.348 25.1765
13.3482 25.2794
13.3485 25.2445
13.3487 25.2139
13.3489 25.1872
13.3492 25.2888
13.3494 25.2527
13.3497 25.2211
13.3499 25.1935
13.3501 25.2943
13.3504 25.2575
13.3506 25.2253
13.3509 25.1971
13.3511 25.2975
13.3513 25.2603
13.3516 25.2278
13.3518 25.1993
13.3521 25.2994
13.3523 25.262
13.3525 25.2292
13.3529 25.2006
13.3533 25.1755
13.3538 25.1536
13.3629 25.1344
13.364 25.1176
13.3642 25.2279
13.3644 25.1994
13.3647 25.1745
13.3649 25.1527
13.3652 25.2586
13.3654 25.2263
13.3656 25.198
13.3659 25.1732
13.3661 25.2766
13.3664 25.242
13.3666 25.2117
13.3668 25.1853
13.3671 25.2871
13.3673 25.3762
13.3676 25.3292
13.3678 25.288
13.3681 25.377
13.3683 25.4549
13.3685 25.398
13.3688 25.3483
13.369 25.4298
13.3693 25.501
13.3695 25.4384
13.3697 25.3836
13.37 25.3357
13.3702 25.4187
13.3705 25.3664
13.3707 25.3206
13.3709 25.2805
13.3712 25.3704
13.3714 25.3241
13.3717 25.2836
13.3719 25.2482
13.3721 25.3421
13.3724 25.4244
13.3726 25.3713
13.3729 25.3249
13.3731 25.4093
13.3733 25.4831
13.3736 25.5477
13.3738 25.4793
13.3741 25.5444
13.3743 25.6013
13.3745 25.6512
13.3748 25.5698
13.375 25.6235
13.3753 25.6706
13.3755 25.7118
13.3757 25.6228
13.376 25.5449
13.3762 25.6018
13.3765 25.6516
13.3767 25.5701
13.3769 25.4989
13.3772 25.5615
13.3774 25.6163
13.3777 25.5393
13.3779 25.4719
13.3784 25.5379
13.3786 25.5957
13.3791 25.6462
13.3882 26.8154
13.3893 26.8385
13.3897 26.7337
13.3899 26.517
13.3902 26.4523
13.3904 26.3958
13.3906 26.3463
13.3909 26.178
13.3911 26.1558
13.3914 26.1363
13.3916 26.1193
13.3918 25.9794
13.3921 25.9819
13.3923 25.9842
13.3926 25.9862
13.3928 25.8629
13.393 25.88
13.3933 25.895
13.3935 25.9082
13.3938 25.7946
13.394 25.8203
13.3942 25.8428
13.3945 25.8624
13.3947 25.7546
13.395 25.6603
13.3952 25.7028
13.3954 25.7399
13.3957 25.7724
13.3959 25.6759
13.3962 25.7164
13.3964 25.7518
13.3966 25.7829
13.3969 25.685
13.3971 25.7244
13.3974 25.7588
13.3976 25.789
13.3979 25.6903
13.3981 25.7291
13.3983 25.7629
13.3986 25.7926
13.3988 25.6935
13.3991 25.7318
13.3993 25.7653
13.3995 25.7947
13.3998 25.6953
13.4 25.7334
13.4003 25.7667
13.4005 25.7959
13.4007 25.6964
13.401 25.6094
13.4012 25.6582
13.4015 25.7009
13.4017 25.7383
13.4019 25.646
13.4022 25.6903
13.4024 25.729
13.4027 25.7629
13.4029 25.6675
13.4031 25.7091
13.4034 25.7454
13.4037 25.7772
13.4041 25.8051
13.4045 25.8295
13.4136 26.8508
13.4148 26.7444
13.4153 26.6514
13.4155 26.5699
13.4158 26.4987
13.416 26.3114
13.4162 26.2724
13.4165 26.2384
13.4167 26.2086
13.417 26.0575
13.4172 26.0503
13.4174 26.044
13.4177 26.0385
13.4179 25.9087
13.4182 25.9201
13.4184 25.9301
13.4186 25.9388
13.4189 25.8215
13.4191 25.8438
13.4194 25.8633
13.4196 25.8804
13.4198 25.7704
13.4201 25.7991
13.4203 25.8242
13.4206 25.8462
13.4208 25.8654
13.421 25.8822
13.4213 25.8969
13.4215 25.9098
13.4218 25.9211
13.422 25.931
13.4222 25.9396
13.4225 25.9471
13.4227 25.9537
13.423 25.8345
13.4232 25.8552
13.4234 25.8733
13.4237 25.8891
13.4239 25.778
13.4242 25.8057
13.4244 25.83
13.4246 25.8513
13.4249 25.7449
13.4251 25.7768
13.4254 25.8047
13.4256 25.8291
13.4258 25.7254
13.4261 25.7598
13.4263 25.7898
13.4266 25.8161
13.4268 25.8391
13.427 25.8592
13.4273 25.8768
13.4275 25.8922
13.4278 25.9057
13.428 25.9175
13.4283 25.9278
13.4285 25.9368
13.4287 25.9447
13.429 25.8266
13.4292 25.8483
13.4296 25.8672
13.4299 25.7588
13.4303 25.789
13.4394 25.8154
13.4406 25.8384
13.441 25.7336
13.4412 25.7669
13.4415 25.7961
13.4417 25.8216
13.4419 25.7189
13.4422 25.754
13.4424 25.7848
13.4427 25.8117
13.4429 25.7102
13.4432 25.7464
13.4434 25.7781
13.4436 25.8059
13.4439 25.7051
13.4441 25.742
13.4444 25.7742
13.4446 25.8025
13.4448 25.7021
13.4451 25.7394
13.4453 25.772
13.4456 25.8005
13.4458 25.7004
13.446 25.7379
13.4463 25.7706
13.4465 25.7993
13.4468 25.6994
13.447 25.612
13.4472 25.6605
13.4475 25.7029
13.4477 25.615
13.448 25.5382
13.4482 25.5959
13.4484 25.6464
13.4487 25.6906
13.4489 25.6043
13.4492 25.6537
13.4494 25.697
13.4496 25.7349
13.4499 25.643
13.4501 25.6877
13.4504 25.7267
13.4506 25.7609
13.4508 25.6658
13.4511 25.7075
13.4513 25.7441
13.4516 25.7761
13.4518 25.6791
13.452 25.7192
13.4523 25.7543
13.4525 25.785
13.4528 25.6869
13.453 25.726
13.4532 25.7603
13.4535 25.7902
13.4537 25.6915
13.454 25.605
13.4542 25.6544
13.4544 25.6976
13.4547 25.7354
13.4549 25.6435
13.4554 25.688
13.4556 25.727
13.4561 25.7612
13.4654 25.791
13.4666 25.8171
13.4668 25.84
13.4671 25.86
13.4673 25.8775
13.4675 25.8928
13.4678 25.9062
13.468 25.9179
13.4683 25.9282
13.4685 25.9372
13.4687 25.945
13.469 25.8269
13.4692 25.8485
13.4695 25.8675
13.4697 25.884
13.4699 25.7735
13.4702 25.8018
13.4704 25.8266
13.4707 25.8483
13.4709 25.7422
13.4711 25.7745
13.4714 25.8027
13.4716 25.8273
13.4719 25.7239
13.4721 25.7584
13.4723 25.7886
13.4726 25.815
13.4728 25.8382
13.4731 25.8584
13.4733 25.8761
13.4736 25.8916
13.4738 25.9051
13.474 25.917
13.4743 25.9274
13.4745 25.9364
13.4748 25.9444
13.475 25.8263
13.4752 25.848
13.4755 25.867
13.4757 25.8837
13.476 25.7732
13.4762 25.8015
13.4764 25.8264
13.4767 25.8481
13.4769 25.8671
13.4772 25.8837
13.4774 25.8982
13.4776 25.9109
13.4779 25.9221
13.4781 25.9318
13.4784 25.9403
13.4786 25.9478
13.4788 25.9543
13.4791 25.96
13.4793 25.965
13.4796 25.9694
13.4798 25.9732
13.48 26.1016
13.4803 26.0889
13.4805 26.0778
13.4809 26.068
13.4812 26.1845
13.4815 26.1615
13.482 26.1413
13.4912 27.2486
13.4924 27.2175
13.4928 27.0654
13.493 27.0572
13.4933 26.925
13.4935 26.8094
13.4937 26.7082
13.494 26.6197
13.4942 26.5422
13.4945 26.4745
13.4947 26.4151
13.4949 26.3633
13.4952 26.4428
13.4954 26.3875
13.4957 26.3391
13.4959 26.2967
13.4961 26.3846
13.4964 26.3365
13.4966 26.2944
13.4969 26.2576
13.4971 26.3504
13.4973 26.3066
13.4976 26.2683
13.4978 26.2348
13.4981 26.3304
13.4983 26.2891
13.4985 26.253
13.4988 26.2214
13.499 26.3187
13.4993 26.2788
13.4995 26.244
13.4997 26.2135
13.5 26.1868
13.5002 26.1635
13.5005 26.143
13.5007 26.1251
13.5009 26.1095
13.5012 26.2208
13.5014 26.1932
13.5017 26.1691
13.5019 26.1479
13.5021 26.2544
13.5024 26.2226
13.5026 26.1948
13.5029 26.1705
13.5031 26.2741
13.5034 26.2399
13.5036 26.2099
13.5038 26.1837
13.5041 26.2857
13.5043 26.25
13.5046 26.2187
13.5048 26.1914
13.505 26.2925
13.5053 26.2559
13.5055 26.2239
13.5058 26.1959
13.506 26.1714
13.5062 26.15
13.5065 26.1313
13.5067 26.1148
13.5072 26.2255
13.5074 26.1973
13.5078 26.1726
13.517 27.4011
13.5184 27.3509
13.5189 27.1821
13.5191 27.1593
13.5193 27.0144
13.5196 26.8876
13.5198 26.7766
13.5201 26.8046
13.5203 26.829
13.5205 26.7254
13.5208 26.6347
13.521 26.6804
13.5213 26.7203
13.5215 26.6303
13.5217 26.5515
13.522 26.4826
13.5222 26.5472
13.5225 26.4788
13.5227 26.419
13.5229 26.3666
13.5232 26.4458
13.5234 26.3901
13.5237 26.3413
13.5239 26.2986
13.5241 26.3863
13.5244 26.338
13.5246 26.2958
13.5249 26.2588
13.5251 26.3514
13.5253 26.3075
13.5256 26.2691
13.5258 26.2354
13.5261 26.331
13.5263 26.4146
13.5265 26.3628
13.5268 26.3175
13.527 26.4028
13.5273 26.4774
13.5275 26.4177
13.5277 26.3655
13.528 26.3198
13.5282 26.4049
13.5285 26.3542
13.5287 26.31
13.5289 26.2712
13.5292 26.3623
13.5294 26.317
13.5297 26.2774
13.5299 26.2427
13.5301 26.3374
13.5304 26.2952
13.5306 26.2583
13.5309 26.226
13.5311 26.3228
13.5313 26.2824
13.5316 26.2471
13.5318 26.2162
13.5321 26.3142
13.5323 26.3999
13.5325 26.3499
13.5328 26.3062
13.533 26.3929
13.5335 26.3438
13.5338 26.3008
13.5341 26.3882
13.5434 26.3397
13.5447 26.2972
13.545 26.3851
13.5453 26.3369
13.5455 26.2948
13.5458 26.258
13.546 26.3507
13.5462 26.3069
13.5465 26.2685
13.5467 26.235
13.547 26.2056
13.5472 26.1799
13.5474 26.1574
13.5477 26.1377
13.5479 26.1205
13.5482 26.2304
13.5484 26.2016
13.5487 26.1764
13.5489 26.1544
13.5491 26.2601
13.5494 26.2276
13.5496 26.1991
13.5499 26.1742
13.5501 26.2775
13.5503 26.2428
13.5506 26.2124
13.5508 26.1859
13.5511 26.2876
13.5513 26.2517
13.5515 26.2202
13.5518 26.1927
13.552 26.2936
13.5523 26.2569
13.5525 26.2248
13.5527 26.1967
13.553 26.1721
13.5532 26.1506
13.5535 26.1318
13.5537 26.1153
13.5539 26.1009
13.5542 26.2133
13.5544 26.1866
13.5547 26.1633
13.5549 26.1429
13.5551 26.25
13.5554 26.2188
13.5556 26.1914
13.5559 26.1675
13.5561 26.2716
13.5563 26.2376
13.5566 26.2079
13.5568 26.1819
13.5571 26.2842
13.5573 26.2487
13.5575 26.2176
13.5578 26.1904
13.558 26.2916
13.5583 26.2551
13.5585 26.2232
13.5587 26.1953
13.559 26.1709
13.5593 26.1496
13.5597 26.1309
13.5599 26.1145
13.5604 26.1002
13.5698 26.0877
13.5711 26.2017
13.5714 26.1765
13.5716 26.1544
13.5718 26.1351
13.5721 26.2432
13.5723 26.2128
13.5726 26.1862
13.5728 26.1629
13.573 26.2676
13.5733 26.3591
13.5735 26.3142
13.5738 26.275
13.574 26.3656
13.5742 26.4449
13.5745 26.3893
13.5747 26.3406
13.575 26.298
13.5752 26.3858
13.5754 26.3376
13.5757 26.2954
13.5759 26.2584
13.5762 26.3511
13.5764 26.3072
13.5766 26.2688
13.5769 26.2352
13.5771 26.3308
13.5774 26.2895
13.5776 26.2533
13.5778 26.2216
13.5781 26.3189
13.5783 26.2791
13.5786 26.2442
13.5788 26.2137
13.5791 26.3119
13.5793 26.398
13.5795 26.3482
13.5798 26.3047
13.58 26.3916
13.5803 26.4676
13.5805 26.4092
13.5807 26.358
13.581 26.3133
13.5812 26.3991
13.5815 26.3492
13.5817 26.3056
13.5819 26.2674
13.5822 26.359
13.5824 26.3141
13.5827 26.2748
13.5829 26.2405
13.5831 26.3354
13.5834 26.4185
13.5836 26.3662
13.5839 26.3204
13.5841 26.4054
13.5843 26.4797
13.5846 26.4197
13.5848 26.3673
13.5851 26.4463
13.5853 26.5156
13.5858 26.5761
13.586 26.6291
13.5863 26.6755
13.5867 26.716
13.5961 27.8765
13.5974 27.892
13.5978 27.6555
13.598 27.5735
13.5983 27.5018
13.5985 27.4391
13.5988 27.2592
13.599 27.1018
13.5992 27.0891
13.5995 27.078
13.5997 26.9432
13.6 26.8253
13.6002 26.8471
13.6004 26.8663
13.6007 26.758
13.6009 26.6632
13.6012 26.7053
13.6014 26.7422
13.6016 26.7744
13.6019 26.6776
13.6021 26.7179
13.6024 26.7532
13.6026 26.784
13.6028 26.686
13.6031 26.7253
13.6033 26.7596
13.6036 26.7896
13.6038 26.6909
13.604 26.7296
13.6043 26.7634
13.6045 26.793
13.6048 26.6938
13.605 26.7321
13.6052 26.7656
13.6055 26.7949
13.6057 26.6955
13.606 26.6086
13.6062 26.6575
13.6064 26.7003
13.6067 26.6128
13.6069 26.5362
13.6072 26.5942
13.6074 26.6449
13.6076 26.6893
13.6079 26.6031
13.6081 26.6527
13.6084 26.6961
13.6086 26.7341
13.6089 26.6424
13.6091 26.6871
13.6093 26.7262
13.6096 26.7604
13.6098 26.6654
13.6101 26.7072
13.6103 26.7438
13.6105 26.7758
13.6108 26.6788
13.611 26.719
13.6113 26.7541
13.6115 26.7848
13.6117 26.6867
13.6121 26.7259
13.6125 26.7602
13.6127 26.6651
13.6131 26.707
13.6224 27.8686
13.6239 27.76
13.6244 27.665
13.6246 27.5819
13.6248 27.3842
13.6251 27.3361
13.6253 27.2941
13.6256 27.2574
13.6258 27.2252
13.626 27.197
13.6263 27.1724
13.6265 27.1509
13.6268 27.132
13.627 26.9905
13.6272 26.9917
13.6275 26.9927
13.6277 26.9936
13.628 26.8694
13.6282 26.8858
13.6284 26.9
13.6287 26.9125
13.6289 26.7985
13.6292 26.8237
13.6294 26.8457
13.6296 26.865
13.6299 26.7569
13.6301 26.7873
13.6304 26.8138
13.6306 26.8371
13.6308 26.7325
13.6311 26.7659
13.6313 26.7952
13.6316 26.8208
13.6318 26.7182
13.632 26.7534
13.6323 26.7842
13.6325 26.8112
13.6328 26.8348
13.633 26.8555
13.6332 26.8735
13.6335 26.8893
13.6337 26.9032
13.634 26.7903
13.6342 26.8165
13.6344 26.8394
13.6347 26.8595
13.6349 26.7521
13.6352 26.783
13.6354 26.8102
13.6356 26.8339
13.6359 26.7297
13.6361 26.7635
13.6364 26.793
13.6366 26.8189
13.6368 26.7165
13.6371 26.752
13.6373 26.783
13.6376 26.8101
13.6378 26.7088
13.6381 26.7452
13.6383 26.7771
13.6385 26.8049
13.6389 26.7043
13.6393 26.7413
13.6395 26.7736
13.6399 26.6769
13.6492 26.7173
13.6507 26.7526
13.651 26.7836
13.6513 26.8106
13.6515 26.8343
13.6517 26.73
13.652 26.6387
13.6522 26.6839
13.6525 26.7234
13.6527 26.633
13.6529 26.5539
13.6532 26.6096
13.6534 26.6584
13.6537 26.7011
13.6539 26.6135
13.6542 26.6618
13.6544 26.7041
13.6546 26.7411
13.6549 26.6484
13.6551 26.6924
13.6554 26.7308
13.6556 26.7645
13.6558 26.6689
13.6561 26.7103
13.6563 26.7465
13.6566 26.7782
13.6568 26.6809
13.657 26.7208
13.6573 26.7557
13.6575 26.7862
13.6578 26.688
13.658 26.602
13.6582 26.6517
13.6585 26.6953
13.6587 26.6083
13.659 26.5323
13.6592 26.5908
13.6594 26.6419
13.6597 26.5617
13.6599 26.4915
13.6602 26.555
13.6604 26.6107
13.6606 26.6593
13.6609 26.5769
13.6611 26.6298
13.6614 26.6761
13.6616 26.7166
13.6618 26.627
13.6621 26.6736
13.6623 26.7144
13.6626 26.7501
13.6628 26.6563
13.663 26.6993
13.6633 26.7369
13.6635 26.7698
13.6638 26.6736
13.664 26.7144
13.6642 26.7501
13.6645 26.7813
13.6647 26.6836
13.665 26.5982
13.6652 26.6484
13.6657 26.6924
13.6659 26.6058
13.6662 26.6551
13.6666 26.6982
13.6761 26.7359
13.6776 26.7689
13.6778 26.6728
13.6781 26.7137
13.6783 26.7495
13.6785 26.7808
13.6788 26.8082
13.679 26.8322
13.6793 26.8532
13.6795 26.8715
13.6797 26.8876
13.68 26.7766
13.6802 26.8045
13.6805 26.829
13.6807 26.8504
13.6809 26.7441
13.6812 26.7761
13.6814 26.804
13.6817 26.8285
13.6819 26.725
13.6821 26.7594
13.6824 26.7894
13.6826 26.8158
13.6829 26.7138
13.6831 26.7496
13.6834 26.7809
13.6836 26.8083
13.6838 26.7072
13.6841 26.7438
13.6843 26.7758
13.6846 26.8039
13.6848 26.8284
13.685 26.8498
13.6853 26.8686
13.6855 26.885
13.6858 26.8994
13.686 26.787
13.6862 26.8136
13.6865 26.8369
13.6867 26.8573
13.687 26.7501
13.6872 26.7814
13.6874 26.8087
13.6877 26.8326
13.6879 26.7285
13.6882 26.7625
13.6884 26.7922
13.6886 26.8181
13.6889 26.7159
13.6891 26.7514
13.6894 26.7825
13.6896 26.8097
13.6898 26.7084
13.6901 26.7449
13.6903 26.7768
13.6906 26.8047
13.6908 26.7041
13.691 26.7411
13.6913 26.7734
13.6915 26.8018
13.6918 26.8265
13.6921 26.8482
13.6925 26.8672
13.6927 26.8838
13.6931 26.8983
13.6936 26.911
13.7031 26.9222
13.7045 26.9319
13.7047 26.9404
13.705 26.8228
13.7052 26.845
13.7055 26.8644
13.7057 26.8813
13.7059 26.8962
13.7062 26.9091
13.7064 26.9205
13.7067 26.9304
13.7069 26.9391
13.7071 27.0717
13.7074 27.0628
13.7076 27.0549
13.7079 27.0481
13.7081 27.167
13.7083 27.1462
13.7086 27.1279
13.7088 27.1119
13.7091 27.2229
13.7093 27.1951
13.7095 27.1707
13.7098 27.1493
13.71 27.2557
13.7103 27.2237
13.7105 27.1957
13.7107 27.1713
13.711 27.1499
13.7112 27.1311
13.7115 27.1147
13.7117 27.1004
13.7119 27.0878
13.7122 27.0769
13.7124 27.0673
13.7127 27.0588
13.7129 27.0515
13.7132 27.1701
13.7134 27.1488
13.7136 27.1302
13.7139 27.1139
13.7141 27.2247
13.7144 27.1966
13.7146 27.172
13.7148 27.1505
13.7151 27.2567
13.7153 27.2246
13.7156 27.1965
13.7158 27.172
13.716 27.2755
13.7163 27.241
13.7165 27.2109
13.7168 27.1845
13.717 27.1615
13.7172 27.1413
13.7175 27.1236
13.7177 27.1082
13.718 27.0947
13.7182 27.0828
13.7184 27.0725
13.7187 27.0634
13.7189 27.0555
13.7194 27.0485
13.7196 27.0425
13.7199 27.0372
13.7205 27.0325
13.7338 28.6535
13.7343 28.5718
13.7348 28.5003
13.7353 28.4378
13.7355 28.383
13.7357 28.3352
13.736 28.2933
13.7362 28.2566
13.7365 28.2245
13.7367 28.1965
13.7369 28.1719
13.7372 28.1504
13.7374 28.1316
13.7377 28.1152
13.7379 28.1008
13.7381 28.0882
13.7384 28.0771
13.7386 28.0675
13.7389 28.0591
13.7391 28.1767
13.7393 28.1546
13.7396 28.1353
13.7398 28.1184
13.7401 28.2286
13.7403 28.2
13.7405 28.175
13.7408 28.1531
13.741 28.259
13.7413 28.2266
13.7415 28.1983
13.7417 28.1735
13.742 28.1518
13.7422 28.1328
13.7425 28.1162
13.7427 28.1017
13.7429 28.089
13.7432 28.0779
13.7434 28.0681
13.7437 28.0596
13.7439 28.0522
13.7442 28.0456
13.7444 28.0399
13.7446 28.0349
13.7449 28.0306
13.7451 28.1518
13.7454 28.1328
13.7456 28.1162
13.7458 28.1017
13.7461 28.214
13.7463 28.1872
13.7466 28.1638
13.7468 28.1433
13.7472 28.2504
13.7475 28.2191
13.7478 28.1917
13.7482 28.2928
13.7616 29.8812
13.7622 29.771
13.7627 29.5496
13.7631 29.4809
13.7635 29.2958
13.7637 29.1338
13.764 28.9921
13.7642 28.9931
13.7645 28.869
13.7647 28.7603
13.7649 28.6653
13.7652 28.7071
13.7654 28.6187
13.7657 28.5414
13.7659 28.4737
13.7661 28.5395
13.7664 28.4721
13.7666 28.4131
13.7669 28.3614
13.7671 28.4412
13.7673 28.3861
13.7676 28.3378
13.7678 28.2956
13.7681 28.3836
13.7683 28.3357
13.7685 28.2937
13.7688 28.257
13.769 28.3499
13.7693 28.3062
13.7695 28.2679
13.7697 28.2344
13.77 28.2051
13.7702 28.3045
13.7705 28.2664
13.7707 28.2331
13.7709 28.204
13.7712 28.3035
13.7714 28.2655
13.7717 28.2323
13.7719 28.2033
13.7721 28.3029
13.7724 28.265
13.7726 28.2319
13.7729 28.2029
13.7731 28.3025
13.7734 28.2647
13.7736 28.2316
13.7738 28.2027
13.7741 28.3023
13.7743 28.2646
13.7746 28.2315
13.7748 28.2025
13.775 28.3022
13.7754 28.2644
13.7758 28.2314
13.776 28.2025
13.7765 28.1772
13.7898 28.155
13.7904 28.1356
13.7909 28.1187
13.7914 28.1038
13.7916 28.0909
13.7919 28.0795
13.7921 28.1946
13.7923 28.1702
13.7926 28.149
13.7928 28.1303
13.7931 28.2391
13.7933 28.2092
13.7935 28.183
13.7938 28.1601
13.794 28.2651
13.7943 28.232
13.7945 28.203
13.7947 28.1776
13.795 28.1554
13.7952 28.136
13.7955 28.119
13.7957 28.1041
13.7959 28.0911
13.7962 28.0797
13.7964 28.0697
13.7967 28.061
13.7969 28.0534
13.7971 28.0467
13.7974 28.0409
13.7976 28.0358
13.7979 28.0313
13.7981 28.1524
13.7983 28.1333
13.7986 28.1167
13.7988 28.1021
13.7991 28.2143
13.7993 28.1875
13.7995 28.1641
13.7998 28.1436
13.8 28.2506
13.8003 28.2193
13.8005 28.1919
13.8007 28.1679
13.801 28.1469
13.8012 28.1285
13.8015 28.1125
13.8017 28.0984
13.8019 28.0861
13.8022 28.0754
13.8024 28.0659
13.8027 28.0577
13.8029 28.0505
13.8031 28.0442
13.8036 28.0386
13.8039 28.0338
13.8042 28.1546
13.8047 28.1353
13.8182 28.2434
13.8188 28.2129
13.8193 28.3113
13.8196 28.2724
13.8199 28.2384
13.8201 28.3336
13.8203 28.2919
13.8206 28.2554
13.8208 28.2235
13.8211 28.3205
13.8213 28.2805
13.8215 28.2454
13.8218 28.2147
13.822 28.3129
13.8223 28.2738
13.8225 28.2396
13.8227 28.2096
13.823 28.1834
13.8232 28.2855
13.8235 28.2498
13.8237 28.2186
13.8239 28.1912
13.8242 28.2923
13.8244 28.2558
13.8247 28.2238
13.8249 28.1958
13.8251 28.2964
13.8254 28.3843
13.8256 28.3363
13.8259 28.2942
13.8261 28.3825
13.8263 28.4597
13.8266 28.4022
13.8268 28.3519
13.8271 28.4329
13.8273 28.5038
13.8275 28.4408
13.8278 28.3857
13.828 28.4625
13.8283 28.5297
13.8285 28.4635
13.8287 28.4056
13.829 28.3549
13.8292 28.4355
13.8295 28.5061
13.8297 28.4428
13.8299 28.3875
13.8302 28.464
13.8304 28.531
13.8307 28.4646
13.8309 28.4066
13.8311 28.4807
13.8315 28.5456
13.8319 28.4774
13.8321 28.5428
13.8325 28.5999
13.8329 28.5249
13.8464 30.2093
13.847 30.0581
13.8475 29.9259
13.848 29.6851
13.8482 29.5995
13.8485 29.5246
13.8487 29.334
13.8489 29.1672
13.8492 29.1463
13.8494 29.128
13.8497 28.987
13.8499 28.8637
13.8501 28.8807
13.8504 28.8956
13.8506 28.7837
13.8509 28.6857
13.8511 28.725
13.8513 28.7594
13.8516 28.7894
13.8518 28.6908
13.8521 28.7294
13.8523 28.7632
13.8525 28.7928
13.8528 28.6937
13.853 28.732
13.8533 28.7655
13.8535 28.7948
13.8537 28.6955
13.854 28.6085
13.8542 28.6575
13.8545 28.7003
13.8547 28.6127
13.8549 28.5362
13.8552 28.5941
13.8554 28.6449
13.8557 28.5643
13.8559 28.4937
13.8561 28.557
13.8564 28.6124
13.8566 28.5358
13.8569 28.4689
13.8571 28.5352
13.8573 28.5933
13.8576 28.6442
13.8578 28.5637
13.8581 28.6182
13.8583 28.6659
13.8585 28.7077
13.8588 28.6192
13.859 28.6668
13.8593 28.7085
13.8595 28.7449
13.8597 28.6518
13.8602 28.6953
13.8605 28.7334
13.8607 28.6417
13.8612 28.6865
13.8746 30.3507
13.8754 30.1819
13.8758 29.9091
13.8763 29.7955
13.8767 29.696
13.8769 29.484
13.8772 29.4235
13.8774 29.3706
13.8776 29.3243
13.8779 29.1587
13.8781 29.1389
13.8784 29.1215
13.8786 29.1063
13.8789 28.968
13.8791 28.972
13.8793 28.9755
13.8796 28.9786
13.8798 28.8563
13.8801 28.8742
13.8803 28.89
13.8805 28.9037
13.8808 28.7907
13.881 28.8169
13.8813 28.8398
13.8815 28.8598
13.8817 28.7523
13.882 28.6583
13.8822 28.701
13.8825 28.7384
13.8827 28.7711
13.8829 28.6747
13.8832 28.7154
13.8834 28.7509
13.8837 28.7821
13.8839 28.6843
13.8841 28.7238
13.8844 28.7583
13.8846 28.7885
13.8849 28.6899
13.8851 28.7287
13.8853 28.7626
13.8856 28.7923
13.8858 28.6933
13.8861 28.7316
13.8863 28.7651
13.8865 28.7945
13.8868 28.6952
13.887 28.7333
13.8873 28.7666
13.8875 28.7958
13.8877 28.6963
13.888 28.6093
13.8882 28.6581
13.8885 28.7009
13.8889 28.6132
13.8892 28.6616
13.8894 28.7039
13.8899 28.6159
13.9034 28.6639
13.9041 28.7059
13.9046 28.7427
13.905 28.7749
13.9053 28.803
13.9055 28.8276
13.9058 28.7242
13.906 28.7586
13.9062 28.7888
13.9065 28.8152
13.9067 28.7133
13.907 28.6241
13.9072 28.6711
13.9074 28.7122
13.9077 28.6232
13.9079 28.5453
13.9082 28.6021
13.9084 28.6519
13.9087 28.5704
13.9089 28.4991
13.9091 28.5617
13.9094 28.6165
13.9096 28.5394
13.9099 28.472
13.9101 28.538
13.9103 28.5957
13.9106 28.6463
13.9108 28.5655
13.9111 28.6198
13.9113 28.6673
13.9115 28.7089
13.9118 28.6203
13.912 28.6678
13.9123 28.7093
13.9125 28.7456
13.9127 28.6524
13.913 28.5709
13.9132 28.6245
13.9135 28.6714
13.9137 28.5875
13.9139 28.5141
13.9142 28.5748
13.9144 28.628
13.9147 28.5495
13.9149 28.4808
13.9151 28.5457
13.9154 28.6025
13.9156 28.5272
13.9159 28.4613
13.9161 28.5286
13.9163 28.5875
13.9166 28.6391
13.9168 28.5592
13.9172 28.6143
13.9175 28.6625
13.9178 28.5797
13.9181 28.6322
13.9186 28.6782
13.9322 28.7184
13.9329 28.6286
13.9334 28.675
13.9338 28.5907
13.934 28.6418
13.9342 28.6866
13.9345 28.7258
13.9347 28.6351
13.935 28.5557
13.9352 28.6112
13.9354 28.6598
13.9357 28.7023
13.9359 28.6145
13.9362 28.6627
13.9364 28.7049
13.9366 28.7418
13.9369 28.649
13.9371 28.6929
13.9374 28.7313
13.9376 28.7649
13.9378 28.6693
13.9381 28.7106
13.9383 28.7468
13.9386 28.7784
13.9388 28.6811
13.9391 28.721
13.9393 28.7559
13.9395 28.7864
13.9398 28.6881
13.94 28.7271
13.9403 28.7612
13.9405 28.791
13.9407 28.6922
13.941 28.6056
13.9412 28.6549
13.9415 28.6981
13.9417 28.7358
13.9419 28.6438
13.9422 28.6884
13.9424 28.7273
13.9427 28.7614
13.9429 28.7912
13.9431 28.8173
13.9434 28.8402
13.9436 28.8601
13.9439 28.8776
13.9441 28.8929
13.9443 28.9063
13.9446 28.918
13.9448 28.9283
13.9451 28.9372
13.9453 28.9451
13.9455 28.9519
13.946 29.0829
13.9463 29.0726
13.9465 29.0635
13.9469 29.0556
13.9473 29.0486
13.9609 30.6675
13.9616 30.4591
13.9621 30.4017
13.9626 30.2265
13.9628 30.0732
13.9631 29.939
13.9633 29.8217
13.9636 29.7189
13.9638 29.6291
13.964 29.6754
13.9643 29.591
13.9645 29.5171
13.9648 29.4525
13.965 29.5209
13.9652 29.4558
13.9655 29.3988
13.9657 29.349
13.966 29.3054
13.9662 29.2672
13.9664 29.2338
13.9667 29.2046
13.9669 29.179
13.9672 29.1566
13.9674 29.137
13.9676 29.1199
13.9679 29.1049
13.9681 29.0918
13.9684 29.0803
13.9686 29.0703
13.9689 29.0615
13.9691 29.0538
13.9693 29.0471
13.9696 29.0412
13.9698 29.036
13.9701 29.1565
13.9703 29.137
13.9705 29.1199
13.9708 29.1049
13.971 29.2168
13.9713 29.1897
13.9715 29.166
13.9717 29.1452
13.972 29.1271
13.9722 29.1112
13.9725 29.0973
13.9727 29.0851
13.9729 29.0745
13.9732 29.0652
13.9734 29.057
13.9737 29.0499
13.9739 29.0437
13.9741 29.0382
13.9744 29.0334
13.9747 29.0292
13.9751 29.0256
13.9753 29.0224
13.9756 29.0196
13.9761 29.1421
13.9896 30.7494
13.9905 30.6557
13.991 30.4487
13.9914 30.2676
13.9918 30.1092
13.992 30.0955
13.9923 29.9586
13.9925 29.8388
13.9928 29.7339
13.993 29.7672
13.9932 29.6713
13.9935 29.5874
13.9937 29.514
13.994 29.4497
13.9942 29.3935
13.9944 29.3443
13.9947 29.3013
13.9949 29.2636
13.9952 29.3557
13.9954 29.3112
13.9956 29.2723
13.9959 29.2383
13.9961 29.3335
13.9964 29.2918
13.9966 29.2553
13.9968 29.2234
13.9971 29.3205
13.9973 29.2804
13.9976 29.2454
13.9978 29.2147
13.998 29.3129
13.9983 29.2737
13.9985 29.2395
13.9988 29.2096
13.999 29.3084
13.9993 29.2698
13.9995 29.2361
13.9997 29.2066
14 29.1808
14.0002 29.1582
14.0005 29.1384
14.0007 29.1211
14.0009 29.106
14.0012 29.2177
14.0014 29.1905
14.0017 29.1667
14.0019 29.1459
14.0021 29.2526
14.0024 29.221
14.0026 29.1934
14.0029 29.1692
14.0031 29.2731
14.0033 29.2389
14.0036 29.2091
14.0039 29.1829
14.0043 29.1601
14.0045 29.1401
14.0048 29.1226
14.0053 29.1072
14.0188 29.0938
14.0197 29.0821
14.0202 29.1968
14.0206 29.1722
14.0209 29.1507
14.0211 29.1319
14.0214 29.1154
14.0216 29.101
14.0218 29.0883
14.0221 29.0773
14.0223 29.0676
14.0226 29.0592
14.0228 29.0518
14.023 29.1703
14.0233 29.149
14.0235 29.1304
14.0238 29.1141
14.024 29.2248
14.0242 29.1967
14.0245 29.1721
14.0247 29.1506
14.025 29.1318
14.0252 29.1153
14.0254 29.1009
14.0257 29.0883
14.0259 29.0773
14.0262 29.0676
14.0264 29.0591
14.0266 29.0518
14.0269 29.0453
14.0271 29.0396
14.0274 29.0347
14.0276 29.0303
14.0278 29.0265
14.0281 29.0232
14.0283 29.0203
14.0286 29.0178
14.0288 29.0156
14.0291 29.1386
14.0293 29.1213
14.0295 29.1061
14.0298 29.0929
14.03 29.2063
14.0303 29.1805
14.0305 29.1579
14.0307 29.1382
14.031 29.1209
14.0312 29.1058
14.0315 29.0926
14.0317 29.081
14.0319 29.0709
14.0322 29.062
14.0324 29.0543
14.0327 29.0475
14.0331 29.1665
14.0334 29.1457
14.0336 29.1275
14.034 29.1116
14.0345 29.0976
14.048 29.2104
14.049 29.1841
14.0495 29.1611
14.0498 29.141
14.0501 29.2483
14.0503 29.2173
14.0506 29.1901
14.0508 29.1664
14.051 29.2706
14.0513 29.2367
14.0515 29.2072
14.0518 29.1813
14.052 29.2836
14.0522 29.2482
14.0525 29.2171
14.0527 29.19
14.053 29.1662
14.0532 29.1455
14.0534 29.1273
14.0537 29.1114
14.0539 29.0974
14.0542 29.2103
14.0544 29.184
14.0546 29.161
14.0549 29.1409
14.0551 29.2483
14.0554 29.2172
14.0556 29.1901
14.0558 29.1663
14.0561 29.2705
14.0563 29.2367
14.0566 29.2071
14.0568 29.1812
14.057 29.2836
14.0573 29.2481
14.0575 29.2171
14.0578 29.19
14.058 29.2912
14.0582 29.2548
14.0585 29.223
14.0587 29.1951
14.059 29.1707
14.0592 29.1494
14.0595 29.1307
14.0597 29.1144
14.0599 29.1001
14.0602 29.2126
14.0604 29.311
14.0607 29.2721
14.0609 29.2381
14.0611 29.3333
14.0614 29.4167
14.0616 29.3646
14.062 29.319
14.0623 29.4041
14.0626 29.3536
14.0628 29.3094
14.0632 29.3957
14.0637 29.4713
14.0772 31.1624
14.0782 31.0171
14.0787 30.8899
14.0792 30.7787
14.0794 30.6814
14.0796 30.4712
14.0799 30.2873
14.0801 30.2514
14.0804 30.22
14.0806 30.0675
14.0808 29.934
14.0811 29.9423
14.0813 29.9495
14.0816 29.8308
14.0818 29.7269
14.082 29.7611
14.0823 29.7909
14.0825 29.8171
14.0828 29.7149
14.083 29.7506
14.0832 29.7818
14.0835 29.809
14.0837 29.7079
14.084 29.6194
14.0842 29.667
14.0844 29.7086
14.0847 29.62
14.0849 29.5425
14.0852 29.5997
14.0854 29.6497
14.0856 29.5685
14.0859 29.4975
14.0861 29.5603
14.0864 29.6152
14.0866 29.5383
14.0868 29.471
14.0871 29.5372
14.0873 29.595
14.0876 29.5206
14.0878 29.4556
14.088 29.5236
14.0883 29.5832
14.0885 29.6353
14.0888 29.5559
14.089 29.6114
14.0893 29.66
14.0895 29.7025
14.0897 29.6147
14.09 29.5378
14.0902 29.5956
14.0905 29.6461
14.0907 29.5654
14.0909 29.4947
14.0912 29.5579
14.0917 29.6131
14.0919 29.5365
14.0921 29.5944
14.0924 29.6451
14.0929 29.5645
14.1064 31.2439
14.1074 31.0884
14.1079 30.8274
14.1084 30.724
14.1087 30.5085
14.109 30.3199
14.1092 30.2799
14.1094 30.2449
14.1097 30.0893
14.1099 29.9531
14.1102 29.959
14.1104 29.9641
14.1106 29.8436
14.1109 29.7382
14.1111 29.7709
14.1114 29.7995
14.1116 29.6996
14.1118 29.6121
14.1121 29.6606
14.1123 29.703
14.1126 29.6152
14.1128 29.5383
14.113 29.596
14.1133 29.6465
14.1135 29.6907
14.1138 29.6043
14.114 29.6538
14.1142 29.6971
14.1145 29.7349
14.1147 29.6431
14.115 29.5627
14.1152 29.6173
14.1154 29.6652
14.1157 29.582
14.1159 29.5093
14.1162 29.5706
14.1164 29.6243
14.1166 29.5463
14.1169 29.478
14.1171 29.5432
14.1174 29.6003
14.1176 29.5253
14.1178 29.4596
14.1181 29.5272
14.1183 29.5863
14.1186 29.513
14.1188 29.4489
14.1191 29.5178
14.1193 29.578
14.1195 29.6308
14.1198 29.5519
14.12 29.6079
14.1203 29.6569
14.1205 29.6998
14.1207 29.6123
14.1212 29.6608
14.1215 29.7032
14.1217 29.6153
14.1219 29.5384
14.1224 29.5961
14.136 29.5216
14.1371 29.5814
14.1376 29.6337
14.138 29.6795
14.1384 29.7196
14.1386 29.7546
14.1389 29.6603
14.1391 29.7027
14.1394 29.7399
14.1396 29.7724
14.1398 29.6759
14.1401 29.7164
14.1403 29.7518
14.1406 29.7829
14.1408 29.685
14.141 29.7244
14.1413 29.7588
14.1415 29.789
14.1418 29.6903
14.142 29.7291
14.1422 29.7629
14.1425 29.7926
14.1427 29.6935
14.143 29.6068
14.1432 29.656
14.1434 29.699
14.1437 29.6116
14.1439 29.5351
14.1442 29.5932
14.1444 29.6441
14.1446 29.6886
14.1449 29.6025
14.1451 29.6522
14.1454 29.6957
14.1456 29.7337
14.1458 29.642
14.1461 29.6867
14.1463 29.7259
14.1466 29.7602
14.1468 29.6651
14.147 29.707
14.1473 29.7436
14.1475 29.7757
14.1478 29.6787
14.148 29.7189
14.1482 29.754
14.1485 29.7848
14.1487 29.6867
14.149 29.6008
14.1492 29.6507
14.1495 29.6944
14.1497 29.6076
14.1499 29.5316
14.1502 29.5902
14.1504 29.6414
14.1509 29.5612
14.1511 29.6161
14.1514 29.6641
14.1516 29.7061
14.1521 29.7428
14.1657 29.775
14.1668 29.6781
14.1672 29.7183
14.1677 29.6285
14.168 29.55
14.1682 29.6062
14.1684 29.6554
14.1687 29.5735
14.1689 29.5018
14.1692 29.5641
14.1694 29.6186
14.1696 29.5413
14.1699 29.4736
14.1701 29.5394
14.1704 29.597
14.1706 29.5224
14.1708 29.4571
14.1711 29.5249
14.1713 29.5843
14.1716 29.5113
14.1718 29.4474
14.172 29.5164
14.1723 29.5769
14.1725 29.6298
14.1728 29.5511
14.173 29.6072
14.1732 29.6563
14.1735 29.6992
14.1737 29.6118
14.174 29.5354
14.1742 29.5934
14.1744 29.6443
14.1747 29.5637
14.1749 29.4933
14.1752 29.5566
14.1754 29.612
14.1756 29.5355
14.1759 29.4686
14.1761 29.535
14.1764 29.5931
14.1766 29.519
14.1768 29.4541
14.1771 29.5223
14.1773 29.5821
14.1776 29.5093
14.1778 29.4456
14.178 29.5149
14.1783 29.5756
14.1785 29.6286
14.1788 29.55
14.179 29.6063
14.1793 29.6555
14.1795 29.6986
14.1797 29.6112
14.1801 29.6598
14.1805 29.7024
14.1807 29.7396
14.1809 29.6471
14.1812 29.6912
14.1817 29.7298
14.1954 31.3886
14.1964 31.34
14.1969 31.1725
14.1974 31.026
14.1976 30.8977
14.1979 30.7855
14.1981 30.6873
14.1984 30.6014
14.1986 30.5262
14.1988 30.4604
14.1991 30.4029
14.1993 30.3525
14.1996 30.3085
14.1998 30.2699
14.2 30.2362
14.2003 30.2066
14.2005 30.1808
14.2008 30.1582
14.201 30.0134
14.2012 30.0118
14.2015 30.0103
14.2017 30.009
14.202 29.8829
14.2022 29.8975
14.2024 29.9103
14.2027 29.9215
14.2029 29.8063
14.2032 29.8305
14.2034 29.8517
14.2036 29.8703
14.2039 29.8865
14.2041 29.9007
14.2044 29.9131
14.2046 29.9239
14.2048 29.9335
14.2051 29.9418
14.2053 29.9491
14.2056 29.9554
14.2058 29.961
14.206 29.9659
14.2063 29.9701
14.2065 29.9739
14.2068 29.9771
14.207 29.98
14.2072 29.9825
14.2075 29.9847
14.2077 29.9866
14.208 29.8633
14.2082 29.8804
14.2084 29.8953
14.2087 29.9084
14.2089 29.7949
14.2092 29.8205
14.2094 29.8429
14.2098 29.8626
14.2101 29.8797
14.2104 29.8948
14.2106 29.9079
14.2109 29.9194
14.2113 29.9295
14.225 31.6883
14.2261 31.6023
14.2266 31.402
14.2271 31.3517
14.2274 31.1828
14.2277 31.0349
14.2279 30.9056
14.2282 30.7924
14.2284 30.6933
14.2286 30.6067
14.2289 30.5308
14.2291 30.4645
14.2294 30.4064
14.2296 30.3556
14.2298 30.3112
14.2301 30.2723
14.2303 30.2382
14.2306 30.2085
14.2308 30.1824
14.231 30.2846
14.2313 30.249
14.2315 30.2179
14.2318 30.1907
14.232 30.2918
14.2322 30.2553
14.2325 30.2234
14.2327 30.1955
14.233 30.1711
14.2332 30.1497
14.2334 30.131
14.2337 30.1146
14.2339 30.1003
14.2342 30.0877
14.2344 30.0768
14.2346 30.0672
14.2349 30.0588
14.2351 30.0514
14.2354 30.045
14.2356 30.0394
14.2358 30.0345
14.2361 30.0301
14.2363 30.0264
14.2366 30.0231
14.2368 30.0202
14.237 30.0177
14.2373 30.0155
14.2375 30.0135
14.2378 30.0118
14.238 30.1354
14.2382 30.1184
14.2385 30.1036
14.2387 30.0907
14.239 30.0793
14.2392 30.0694
14.2395 30.0607
14.2399 30.0532
14.2402 30.0465
14.2404 30.0407
14.2407 30.0356
14.241 30.1562
14.2547 31.7616
14.2559 31.5414
14.2564 31.3488
14.2569 31.1802
14.2574 31.0326
14.2576 30.9036
14.2578 30.7906
14.2581 30.8168
14.2583 30.7147
14.2586 30.6254
14.2588 30.5472
14.259 30.6038
14.2593 30.5283
14.2595 30.4623
14.2598 30.4045
14.26 30.3539
14.2602 30.3097
14.2605 30.271
14.2607 30.2371
14.261 30.2075
14.2612 30.1815
14.2614 30.1588
14.2617 30.139
14.2619 30.1216
14.2622 30.1064
14.2624 30.0931
14.2626 30.0815
14.2629 30.0713
14.2631 30.1874
14.2634 30.164
14.2636 30.1435
14.2638 30.1255
14.2641 30.2348
14.2643 30.2055
14.2646 30.1798
14.2648 30.1573
14.265 30.2627
14.2653 30.2298
14.2655 30.2011
14.2658 30.176
14.266 30.279
14.2662 30.2441
14.2665 30.2136
14.2667 30.1869
14.267 30.1635
14.2672 30.1431
14.2674 30.1252
14.2677 30.1095
14.2679 30.0959
14.2682 30.0839
14.2684 30.0734
14.2686 30.0642
14.2689 30.0562
14.2691 30.1742
14.2694 30.1524
14.2696 30.1333
14.2701 30.2417
14.2703 30.2115
14.2706 30.185
14.2708 30.1619
14.2712 30.1417
14.2849 30.124
14.2861 30.2335
14.2866 30.2043
14.287 30.3037
14.2874 30.2658
14.2876 30.2326
14.2879 30.2035
14.2881 30.178
14.2884 30.1558
14.2886 30.1363
14.2888 30.1193
14.2891 30.1044
14.2893 30.0913
14.2896 30.0799
14.2898 30.0699
14.29 30.1862
14.2903 30.1629
14.2905 30.1425
14.2908 30.1247
14.291 30.1091
14.2912 30.0955
14.2915 30.0836
14.2917 30.0731
14.292 30.064
14.2922 30.056
14.2924 30.049
14.2927 30.0429
14.2929 30.0375
14.2932 30.0328
14.2934 30.0287
14.2936 30.0251
14.2939 30.022
14.2941 30.0192
14.2944 30.0168
14.2946 30.0147
14.2948 30.0129
14.2951 30.0113
14.2953 30.0099
14.2956 30.0086
14.2958 30.0075
14.296 30.0066
14.2963 30.0058
14.2965 30.0051
14.2968 30.0044
14.297 30.1289
14.2972 30.1128
14.2975 30.0987
14.2977 30.0863
14.298 30.0755
14.2982 30.0661
14.2984 30.0578
14.2987 30.0506
14.2989 30.0443
14.2992 30.0387
14.2994 30.0339
14.2998 30.0297
14.3001 30.026
14.3004 30.0227
14.3006 30.0199
14.3009 30.0174
14.3013 30.0152
14.3152 30.1383
14.3164 30.121
14.3168 30.1059
14.3173 30.0927
14.3176 30.0811
14.3178 30.0709
14.318 30.1871
14.3183 30.1637
14.3185 30.1432
14.3188 30.1253
14.319 30.1097
14.3192 30.0959
14.3195 30.084
14.3197 30.0735
14.32 30.0643
14.3202 30.0562
14.3204 30.0492
14.3207 30.0431
14.3209 30.0377
14.3212 30.158
14.3214 30.2632
14.3216 30.2303
14.3219 30.2015
14.3221 30.3013
14.3224 30.3887
14.3226 30.3401
14.3228 30.2976
14.3231 30.3854
14.3233 30.4622
14.3236 30.4044
14.3238 30.3539
14.324 30.4346
14.3243 30.5053
14.3245 30.4421
14.3248 30.3869
14.325 30.4635
14.3252 30.5306
14.3255 30.4643
14.3257 30.4062
14.326 30.3554
14.3262 30.436
14.3264 30.3815
14.3267 30.3338
14.3269 30.2921
14.3272 30.3806
14.3274 30.333
14.3276 30.2914
14.3279 30.255
14.3281 30.3481
14.3284 30.4296
14.3286 30.3759
14.3288 30.3289
14.3291 30.4128
14.3293 30.4862
14.3296 30.4254
14.3301 30.4972
14.3303 30.5601
14.3305 30.4901
14.3308 30.4288
14.331 30.5002
14.3315 30.5627
14.3453 32.2423
14.3465 32.0871
14.347 31.8262
14.3475 31.7229
14.3478 31.5075
14.3481 31.4441
14.3483 31.3886
14.3486 31.215
14.3488 31.0631
14.349 31.0552
14.3493 31.0483
14.3495 31.0423
14.3498 30.912
14.35 30.798
14.3502 30.8233
14.3505 30.8453
14.3507 30.7397
14.351 30.6472
14.3512 30.6913
14.3514 30.7299
14.3517 30.6387
14.3519 30.5588
14.3522 30.614
14.3524 30.6622
14.3526 30.5794
14.3529 30.507
14.3531 30.5686
14.3534 30.6226
14.3536 30.5447
14.3538 30.4766
14.3541 30.5421
14.3543 30.5993
14.3546 30.5244
14.3548 30.4588
14.355 30.5265
14.3553 30.5857
14.3555 30.5125
14.3558 30.4484
14.356 30.5174
14.3562 30.5777
14.3565 30.6305
14.3567 30.5517
14.357 30.4827
14.3572 30.5474
14.3574 30.6039
14.3577 30.5285
14.3579 30.4624
14.3582 30.5296
14.3584 30.5884
14.3586 30.5148
14.3589 30.4505
14.3591 30.5192
14.3594 30.5793
14.3596 30.5069
14.3599 30.4435
14.3602 30.5131
14.3606 30.4489
14.3608 30.3928
14.3611 30.4687
14.3613 30.5351
14.3617 30.4682
14.3755 32.1597
14.3768 32.0147
14.3773 31.8879
14.3778 31.7769
14.3782 31.6798
14.3785 31.5948
14.3787 31.3955
14.379 31.221
14.3792 31.1934
14.3794 31.1692
14.3797 31.0231
14.3799 30.8952
14.3802 30.9083
14.3804 30.9198
14.3806 30.9298
14.3809 30.8136
14.3811 30.8369
14.3814 30.8573
14.3816 30.8751
14.3818 30.7657
14.3821 30.795
14.3823 30.8206
14.3826 30.843
14.3828 30.7377
14.383 30.7705
14.3833 30.7991
14.3835 30.8243
14.3838 30.7212
14.384 30.7561
14.3842 30.7866
14.3845 30.8132
14.3847 30.7116
14.385 30.6226
14.3852 30.6698
14.3854 30.7111
14.3857 30.6222
14.3859 30.5444
14.3862 30.6014
14.3864 30.6512
14.3866 30.5698
14.3869 30.4986
14.3871 30.5612
14.3874 30.6161
14.3876 30.6641
14.3878 30.5811
14.3881 30.6334
14.3883 30.6793
14.3886 30.7193
14.3888 30.6294
14.3891 30.6758
14.3893 30.7163
14.3895 30.7517
14.3898 30.6578
14.39 30.7006
14.3903 30.738
14.3905 30.7707
14.3909 30.6744
14.3912 30.7151
14.3915 30.7507
14.3917 30.6569
14.3919 30.5748
14.3923 30.6279
14.4061 30.6744
14.4074 30.7151
14.4079 30.6257
14.4084 30.6725
14.4088 30.5884
14.409 30.5149
14.4092 30.5755
14.4095 30.6286
14.4097 30.55
14.41 30.4813
14.4102 30.5461
14.4104 30.6028
14.4107 30.5275
14.4109 30.4615
14.4112 30.5289
14.4114 30.5877
14.4116 30.5143
14.4119 30.45
14.4121 30.5187
14.4124 30.5789
14.4126 30.5065
14.4128 30.4432
14.4131 30.5128
14.4133 30.5737
14.4136 30.502
14.4138 30.4392
14.414 30.5093
14.4143 30.5707
14.4145 30.4993
14.4148 30.4369
14.415 30.5073
14.4152 30.5689
14.4155 30.6228
14.4157 30.5449
14.416 30.4768
14.4162 30.5422
14.4164 30.5994
14.4167 30.5245
14.4169 30.4589
14.4172 30.5266
14.4174 30.5858
14.4176 30.5125
14.4179 30.4485
14.4181 30.5174
14.4184 30.5777
14.4186 30.5055
14.4188 30.4423
14.4191 30.512
14.4193 30.573
14.4196 30.5014
14.4198 30.4387
14.4201 30.5089
14.4203 30.5703
14.4205 30.499
14.4208 30.4366
14.421 30.507
14.4215 30.5687
14.4217 30.4976
14.422 30.4354
14.4222 30.506
14.4225 30.5677
14.4229 30.4967
14.4369 30.4347
14.4382 30.5053
14.4387 30.5672
14.4392 30.6213
14.4394 30.6686
14.4396 30.71
14.4399 30.6213
14.4401 30.6686
14.4404 30.71
14.4406 30.7463
14.4408 30.653
14.4411 30.6964
14.4413 30.7343
14.4416 30.7675
14.4418 30.6716
14.442 30.7126
14.4423 30.7486
14.4425 30.78
14.4428 30.6825
14.443 30.7222
14.4432 30.7569
14.4435 30.7873
14.4437 30.6889
14.444 30.6028
14.4442 30.6524
14.4444 30.6959
14.4447 30.6089
14.4449 30.5328
14.4452 30.5912
14.4454 30.6423
14.4456 30.562
14.4459 30.4917
14.4461 30.5553
14.4464 30.6109
14.4466 30.6595
14.4468 30.7021
14.4471 30.7393
14.4473 30.7719
14.4476 30.8004
14.4478 30.8254
14.448 30.8472
14.4483 30.8663
14.4485 30.883
14.4488 30.8976
14.449 30.9104
14.4493 30.9216
14.4495 30.9314
14.4497 30.94
14.45 30.8225
14.4502 30.8447
14.4505 30.8641
14.4507 30.8811
14.4509 30.7709
14.4512 30.7996
14.4514 30.8246
14.4518 30.8466
14.4521 30.8657
14.4524 30.8825
14.4526 30.8972
14.4529 30.91
14.4531 30.9213
14.4536 30.9311
14.4675 32.6897
14.4688 32.6035
14.4693 32.4031
14.4698 32.2277
14.4702 32.0742
14.4704 31.94
14.4706 31.8225
14.4709 31.7197
14.4711 31.6297
14.4714 31.551
14.4716 31.4821
14.4718 31.4218
14.4721 31.3691
14.4723 31.323
14.4726 31.2826
14.4728 31.2473
14.473 31.2164
14.4733 31.1893
14.4735 31.1657
14.4738 31.1449
14.474 31.1268
14.4742 31.111
14.4745 31.0971
14.4747 31.085
14.475 31.0743
14.4752 31.065
14.4754 31.0569
14.4757 31.0498
14.4759 31.0436
14.4762 31.0381
14.4764 31.0334
14.4766 31.0292
14.4769 31.0255
14.4771 31.0223
14.4774 31.0196
14.4776 31.0171
14.4778 31.015
14.4781 31.0131
14.4783 31.0115
14.4786 31.01
14.4788 31.0088
14.479 31.0077
14.4793 31.0067
14.4795 31.0059
14.4798 31.0051
14.48 31.0045
14.4803 31.0039
14.4805 31.0034
14.4807 31.003
14.481 31.0026
14.4812 31.0023
14.4815 31.002
14.4817 31.0018
14.4819 31.0015
14.4822 31.0014
14.4824 31.0012
14.4829 31.001
14.4831 31.0009
14.4834 31.0008
14.4836 31.0007
14.4839 31.0006
14.4842 31.0005
14.4982 32.7505
14.4996 32.6567
14.5001 32.5746
14.5006 32.3777
14.501 32.3305
14.5013 32.1642
14.5015 32.0187
14.5018 31.8914
14.502 31.9049
14.5022 31.7918
14.5025 31.6928
14.5027 31.6062
14.503 31.5305
14.5032 31.4641
14.5034 31.4061
14.5037 31.3554
14.5039 31.3109
14.5042 31.2721
14.5044 31.2381
14.5046 31.2083
14.5049 31.1823
14.5051 31.1595
14.5054 31.1395
14.5056 31.1221
14.5058 31.1068
14.5061 31.2185
14.5063 31.1912
14.5066 31.1673
14.5068 31.1464
14.507 31.2531
14.5073 31.2214
14.5075 31.1938
14.5078 31.1695
14.508 31.2733
14.5082 31.2392
14.5085 31.2093
14.5087 31.1831
14.509 31.1602
14.5092 31.1402
14.5095 31.1227
14.5097 31.1073
14.5099 31.0939
14.5102 31.0822
14.5104 31.0719
14.5107 31.0629
14.5109 31.0551
14.5111 31.0482
14.5114 31.0421
14.5116 31.0369
14.5119 31.0323
14.5121 31.1532
14.5123 31.1341
14.5126 31.1173
14.5128 31.1027
14.5131 31.2148
14.5133 31.188
14.5135 31.1645
14.514 31.2689
14.5143 31.2353
14.5145 31.2059
14.5147 31.1801
14.515 31.1576
14.5153 31.1379
14.5293 31.1207
14.5307 31.1056
14.5312 31.0924
14.5317 31.0808
14.532 31.0707
14.5323 31.0619
14.5325 31.0542
14.5328 31.0474
14.533 31.0415
14.5332 31.0363
14.5335 31.0317
14.5337 31.0278
14.534 31.0243
14.5342 31.0213
14.5344 31.0186
14.5347 31.0163
14.5349 31.0142
14.5352 31.0125
14.5354 31.0109
14.5356 31.0095
14.5359 31.0083
14.5361 31.0073
14.5364 31.0064
14.5366 31.0056
14.5368 31.0049
14.5371 31.0043
14.5373 31.0037
14.5376 31.0033
14.5378 31.0029
14.538 31.0025
14.5383 31.0022
14.5385 31.0019
14.5388 31.0017
14.539 31.0015
14.5393 31.0013
14.5395 31.0011
14.5397 31.001
14.54 31.0009
14.5402 31.0008
14.5405 31.0007
14.5407 31.0006
14.5409 31.0005
14.5412 31.0004
14.5414 31.0004
14.5417 31.0003
14.5419 31.0003
14.5421 31.0003
14.5424 31.0002
14.5426 31.0002
14.5429 31.0002
14.5431 31.0001
14.5433 31.0001
14.5436 31.0001
14.5438 31.0001
14.5441 31.0001
14.5443 31.0001
14.5447 31.0001
14.545 31.0001
14.5453 31
14.5455 31
14.5457 31
14.546 31
14.5465 31
14.5605 31
14.562 31
14.5624 31
14.5629 31
14.5632 31
14.5634 31
14.5636 31
14.5639 31
14.5641 31
14.5644 31
14.5646 31
14.5648 31
14.5651 31.125
14.5653 31.1094
14.5656 31.0957
14.5658 31.0837
14.566 31.1983
14.5663 31.1735
14.5665 31.1518
14.5668 31.1328
14.567 31.2412
14.5672 31.2111
14.5675 31.1847
14.5677 31.1616
14.568 31.1414
14.5682 31.1237
14.5684 31.1083
14.5687 31.0947
14.5689 31.0829
14.5692 31.0725
14.5694 31.0635
14.5697 31.0555
14.5699 31.0486
14.5701 31.0425
14.5704 31.0372
14.5706 31.0325
14.5709 31.0285
14.5711 31.1499
14.5713 31.1312
14.5716 31.1148
14.5718 31.1004
14.5721 31.2129
14.5723 31.1863
14.5725 31.163
14.5728 31.1426
14.573 31.2498
14.5733 31.2186
14.5735 31.1912
14.5737 31.1673
14.574 31.1464
14.5742 31.2531
14.5745 31.2215
14.5747 31.1938
14.5749 31.1696
14.5752 31.2734
14.5754 31.2392
14.5759 31.2093
14.5761 31.3081
14.5764 31.2696
14.5766 31.2359
14.5769 31.2064
14.5771 31.3056
14.5776 31.3924
14.5916 33.0934
14.5931 33.0817
14.5936 32.9465
14.594 32.8282
14.5944 32.7246
14.5946 32.5091
14.5949 32.3204
14.5951 32.2804
14.5954 32.2453
14.5956 32.0897
14.5958 31.9535
14.5961 31.9593
14.5963 31.9644
14.5966 31.8438
14.5968 31.7383
14.597 31.771
14.5973 31.7997
14.5975 31.6997
14.5978 31.6122
14.598 31.6607
14.5982 31.7031
14.5985 31.6152
14.5987 31.5383
14.599 31.471
14.5992 31.5372
14.5995 31.595
14.5997 31.5206
14.5999 31.4556
14.6002 31.5236
14.6004 31.5832
14.6007 31.5103
14.6009 31.4465
14.6011 31.5157
14.6014 31.5762
14.6016 31.5042
14.6019 31.4412
14.6021 31.511
14.6023 31.5721
14.6026 31.5006
14.6028 31.438
14.6031 31.5083
14.6033 31.5697
14.6035 31.4985
14.6038 31.4362
14.604 31.5067
14.6043 31.5684
14.6045 31.4973
14.6047 31.4351
14.605 31.3807
14.6052 31.4582
14.6055 31.5259
14.6057 31.4601
14.6059 31.4026
14.6062 31.4773
14.6064 31.5426
14.6067 31.4748
14.607 31.5405
14.6074 31.5979
14.6076 31.5232
14.6079 31.4578
14.6081 31.5255
14.6083 31.5849
14.6087 31.5117
14.6228 33.1978
14.6242 33.1731
14.6248 32.9014
14.6253 32.7887
14.6258 32.5652
14.626 32.4945
14.6262 32.4327
14.6265 32.3786
14.6267 32.2063
14.627 32.0555
14.6272 32.0486
14.6274 32.0425
14.6277 31.9122
14.6279 31.7982
14.6282 31.8234
14.6284 31.8455
14.6286 31.7398
14.6289 31.6473
14.6291 31.6914
14.6294 31.73
14.6296 31.6387
14.6299 31.5589
14.6301 31.614
14.6303 31.6623
14.6306 31.7045
14.6308 31.6164
14.6311 31.6644
14.6313 31.7063
14.6315 31.743
14.6318 31.6502
14.632 31.6939
14.6323 31.7321
14.6325 31.7656
14.6327 31.6699
14.633 31.5862
14.6332 31.6379
14.6335 31.6832
14.6337 31.5978
14.6339 31.5231
14.6342 31.5827
14.6344 31.6348
14.6347 31.5555
14.6349 31.486
14.6351 31.5503
14.6354 31.6065
14.6356 31.5307
14.6359 31.4644
14.6361 31.5313
14.6363 31.5899
14.6366 31.6412
14.6368 31.561
14.6371 31.6159
14.6373 31.6639
14.6375 31.7059
14.6378 31.6177
14.638 31.6655
14.6383 31.7073
14.6386 31.6189
14.639 31.5415
14.6392 31.5988
14.6395 31.649
14.6397 31.5678
14.6399 31.4969
14.6403 31.5598
14.6544 31.6148
14.6558 31.5379
14.6564 31.5957
14.6569 31.5212
14.6572 31.5811
14.6575 31.5084
14.6577 31.4449
14.658 31.3893
14.6582 31.4656
14.6584 31.5324
14.6587 31.4659
14.6589 31.4076
14.6592 31.4817
14.6594 31.5465
14.6597 31.4782
14.6599 31.4184
14.6601 31.4911
14.6604 31.5547
14.6606 31.4854
14.6609 31.4247
14.6611 31.4966
14.6613 31.5595
14.6616 31.4896
14.6618 31.4284
14.6621 31.4998
14.6623 31.5624
14.6625 31.4921
14.6628 31.4306
14.663 31.5017
14.6633 31.564
14.6635 31.4935
14.6637 31.4318
14.664 31.3778
14.6642 31.4556
14.6645 31.5237
14.6647 31.4582
14.6649 31.4009
14.6652 31.4758
14.6654 31.5413
14.6657 31.4737
14.6659 31.4145
14.6661 31.4877
14.6664 31.5517
14.6666 31.4827
14.6669 31.4224
14.6671 31.4946
14.6673 31.5578
14.6676 31.488
14.6678 31.427
14.6681 31.4987
14.6683 31.5613
14.6685 31.4912
14.6688 31.4298
14.669 31.501
14.6693 31.5634
14.6695 31.493
14.6697 31.4314
14.6702 31.5024
14.6705 31.5646
14.6707 31.4941
14.6709 31.4323
14.6712 31.5033
14.6714 31.5654
14.6719 31.4947
14.686 31.4328
14.6874 31.5037
14.688 31.5658
14.6885 31.6201
14.6887 31.5425
14.689 31.4747
14.6892 31.5404
14.6895 31.5978
14.6897 31.5231
14.6899 31.4577
14.6902 31.5255
14.6904 31.5848
14.6907 31.5117
14.6909 31.4477
14.6911 31.5168
14.6914 31.5772
14.6916 31.505
14.6919 31.4419
14.6921 31.5117
14.6923 31.5727
14.6926 31.5011
14.6928 31.4385
14.6931 31.5087
14.6933 31.5701
14.6935 31.4988
14.6938 31.4365
14.694 31.5069
14.6943 31.5685
14.6945 31.4975
14.6947 31.4353
14.695 31.3809
14.6952 31.4583
14.6955 31.526
14.6957 31.4602
14.6959 31.4027
14.6962 31.4774
14.6964 31.5427
14.6967 31.4749
14.6969 31.4155
14.6971 31.4886
14.6974 31.5525
14.6976 31.4834
14.6979 31.423
14.6981 31.4951
14.6983 31.5582
14.6986 31.4885
14.6988 31.4274
14.6991 31.499
14.6993 31.5616
14.6995 31.4914
14.6998 31.43
14.7 31.5012
14.7003 31.5636
14.7005 31.4931
14.7007 31.4315
14.701 31.3775
14.7013 31.4554
14.7017 31.3984
14.7019 31.3486
14.7022 31.4301
14.7024 31.5013
14.7027 31.5636
14.703 31.6182
14.7034 31.6659
14.7176 33.4577
14.719 33.5255
14.7196 33.3348
14.7201 33.1679
14.7203 33.0219
14.7206 32.8942
14.7208 32.7824
14.7211 32.6846
14.7213 32.599
14.7215 32.5242
14.7218 32.4586
14.722 32.4013
14.7223 32.3511
14.7225 32.3073
14.7227 32.2688
14.723 32.1102
14.7232 32.0965
14.7235 32.0844
14.7237 32.0739
14.7239 31.9396
14.7242 31.9472
14.7244 31.9538
14.7247 31.9595
14.7249 31.8396
14.7251 31.8597
14.7254 31.8772
14.7256 31.8925
14.7259 31.781
14.7261 31.8084
14.7263 31.8323
14.7266 31.8533
14.7268 31.8716
14.7271 31.8877
14.7273 31.9017
14.7275 31.914
14.7278 31.9247
14.728 31.9341
14.7283 31.9424
14.7285 31.9496
14.7287 31.9559
14.729 31.8364
14.7292 31.8568
14.7295 31.8747
14.7297 31.8904
14.7299 31.7791
14.7302 31.8067
14.7304 31.8309
14.7307 31.852
14.7309 31.7455
14.7311 31.7773
14.7314 31.6802
14.7316 31.5951
14.7319 31.5207
14.7321 31.5807
14.7323 31.6331
14.7328 31.5539
14.7331 31.6097
14.7333 31.6585
14.7335 31.5762
14.7338 31.5041
14.734 31.5661
14.7345 31.4954
14.7349 31.4334
14.749 31.5043
14.7505 31.4412
14.7511 31.5111
14.7516 31.4472
14.7518 31.3913
14.7521 31.4674
14.7523 31.534
14.7525 31.4672
14.7528 31.4088
14.753 31.4827
14.7533 31.5474
14.7535 31.4789
14.7537 31.4191
14.754 31.3667
14.7542 31.4459
14.7545 31.5151
14.7547 31.4507
14.7549 31.3944
14.7552 31.4701
14.7554 31.5363
14.7557 31.4693
14.7559 31.4106
14.7561 31.4843
14.7564 31.5488
14.7566 31.4802
14.7569 31.4201
14.7571 31.4926
14.7573 31.556
14.7576 31.4865
14.7578 31.4257
14.7581 31.4975
14.7583 31.5603
14.7585 31.4903
14.7588 31.429
14.759 31.5004
14.7593 31.5628
14.7595 31.4925
14.7597 31.4309
14.76 31.377
14.7602 31.4549
14.7605 31.523
14.7607 31.4577
14.7609 31.4005
14.7612 31.4754
14.7614 31.541
14.7617 31.4734
14.7619 31.4142
14.7621 31.4874
14.7624 31.5515
14.7626 31.4825
14.7629 31.4222
14.7631 31.4944
14.7633 31.5576
14.7636 31.4879
14.7638 31.4269
14.7643 31.4986
14.7646 31.5613
14.7648 31.4911
14.765 31.5547
14.7653 31.6104
14.7655 31.6591
14.7659 31.5767
14.7662 31.6296
14.7804 33.4259
14.7819 33.2477
14.7825 33.0917
14.7829 32.8302
14.7833 32.7265
14.7835 32.6357
14.7838 32.4312
14.784 32.3773
14.7843 32.3301
14.7845 32.2889
14.7847 32.1278
14.785 31.9868
14.7852 31.9884
14.7855 31.9899
14.7857 31.9911
14.7859 31.8673
14.7862 31.8838
14.7864 31.8984
14.7867 31.9111
14.7869 31.7972
14.7871 31.8225
14.7874 31.8447
14.7876 31.8641
14.7879 31.7561
14.7881 31.7866
14.7883 31.8133
14.7886 31.8366
14.7888 31.732
14.7891 31.7655
14.7893 31.7948
14.7895 31.8205
14.7898 31.7179
14.79 31.7532
14.7903 31.784
14.7905 31.811
14.7907 31.7096
14.791 31.6209
14.7912 31.6683
14.7915 31.7098
14.7917 31.7461
14.7919 31.6528
14.7922 31.6962
14.7924 31.7342
14.7927 31.7674
14.7929 31.6715
14.7931 31.7125
14.7934 31.7485
14.7936 31.7799
14.7939 31.6824
14.7941 31.7221
14.7943 31.7569
14.7946 31.7872
14.7948 31.6888
14.7951 31.7277
14.7953 31.7618
14.7957 31.7915
14.796 31.8176
14.7963 31.8404
14.7965 31.8604
14.7968 31.7528
14.797 31.6587
14.7972 31.7014
14.7977 31.7387
14.8118 33.3964
14.8133 33.3468
14.8139 33.1785
14.8144 33.0312
14.8149 32.9023
14.8151 32.7895
14.8154 32.6908
14.8156 32.6044
14.8159 32.4039
14.8161 32.3534
14.8163 32.3092
14.8166 32.2706
14.8168 32.2367
14.8171 32.2072
14.8173 32.1813
14.8175 32.1586
14.8178 32.1388
14.818 32.1214
14.8183 32.1063
14.8185 32.093
14.8187 32.0813
14.819 31.9462
14.8192 31.9529
14.8195 31.9588
14.8197 31.9639
14.8199 31.8434
14.8202 31.863
14.8204 31.8801
14.8207 31.8951
14.8209 31.7832
14.8211 31.8103
14.8214 31.834
14.8216 31.8548
14.8219 31.7479
14.8221 31.7794
14.8223 31.807
14.8226 31.8311
14.8228 31.8522
14.8231 31.8707
14.8233 31.8869
14.8235 31.901
14.8238 31.9134
14.824 31.9242
14.8243 31.9337
14.8245 31.942
14.8248 31.9492
14.825 31.8306
14.8252 31.8517
14.8255 31.8703
14.8257 31.8865
14.826 31.7757
14.8262 31.8037
14.8264 31.8283
14.8267 31.8497
14.8269 31.7435
14.8272 31.7756
14.8276 31.8036
14.8279 31.7032
14.8281 31.7403
14.8284 31.7727
14.8286 31.8011
14.8288 31.826
14.8291 31.8478
14.8296 31.8668
14.8436 31.8834
14.8452 31.898
14.8458 31.9108
14.8463 31.9219
14.8466 31.9317
14.8469 31.8152
14.8471 31.8383
14.8473 31.8585
14.8476 31.8762
14.8478 31.7667
14.8481 31.7958
14.8483 31.8214
14.8485 31.8437
14.8488 31.7382
14.849 31.7709
14.8493 31.7996
14.8495 31.8246
14.8497 31.7216
14.85 31.6314
14.8502 31.6774
14.8505 31.7178
14.8507 31.753
14.8509 31.6589
14.8512 31.7015
14.8514 31.7389
14.8517 31.7715
14.8519 31.6751
14.8521 31.7157
14.8524 31.7512
14.8526 31.7823
14.8529 31.6845
14.8531 31.724
14.8533 31.7585
14.8536 31.7887
14.8538 31.6901
14.8541 31.7288
14.8543 31.7627
14.8545 31.7924
14.8548 31.6933
14.855 31.7317
14.8553 31.7652
14.8555 31.7945
14.8558 31.6952
14.856 31.6083
14.8562 31.6573
14.8565 31.7001
14.8567 31.7376
14.857 31.6454
14.8572 31.6897
14.8574 31.7285
14.8577 31.7624
14.8579 31.6671
14.8582 31.7087
14.8584 31.7452
14.8586 31.777
14.859 31.6799
14.8594 31.7199
14.8596 31.7549
14.8598 31.6605
14.8601 31.703
14.8603 31.7401
14.8606 31.7726
14.8609 31.676
14.8614 31.7165
14.8756 31.7519
14.8771 31.783
14.8777 31.8101
14.8782 31.8338
14.8785 31.8546
14.8787 31.8728
14.8789 31.7637
14.8792 31.7932
14.8794 31.8191
14.8797 31.8417
14.8799 31.7365
14.8801 31.7694
14.8804 31.7982
14.8806 31.8235
14.8809 31.7205
14.8811 31.7555
14.8813 31.786
14.8816 31.8128
14.8818 31.8362
14.8821 31.8567
14.8823 31.8746
14.8825 31.8902
14.8828 31.904
14.883 31.916
14.8833 31.9265
14.8835 31.9357
14.8837 31.9437
14.884 31.8257
14.8842 31.8475
14.8845 31.8666
14.8847 31.8833
14.885 31.7729
14.8852 31.8012
14.8854 31.8261
14.8857 31.8478
14.8859 31.7418
14.8862 31.7741
14.8864 31.8024
14.8866 31.8271
14.8869 31.7237
14.8871 31.7582
14.8874 31.7884
14.8876 31.8149
14.8878 31.838
14.8881 31.8583
14.8883 31.876
14.8886 31.8915
14.8888 31.905
14.889 31.9169
14.8893 31.9273
14.8895 31.9364
14.8898 31.9443
14.89 31.8263
14.8902 31.848
14.8905 31.867
14.891 31.8836
14.8912 31.8982
14.8914 31.9109
14.8917 31.922
14.8919 31.8068
14.8922 31.8309
14.8924 31.8521
14.8929 31.8706
14.8934 31.8867
14.9075 31.9009
14.9091 31.9133
14.9097 31.9241
14.9101 32.0586
14.9104 32.0513
14.9107 32.0449
14.9109 32.0393
14.9111 32.1594
14.9114 32.1394
14.9116 32.122
14.9119 32.1068
14.9121 32.2184
14.9123 32.1911
14.9126 32.1672
14.9128 32.1463
14.9131 32.253
14.9133 32.2214
14.9135 32.1937
14.9138 32.1695
14.914 32.2733
14.9143 32.2392
14.9145 32.2093
14.9148 32.1831
14.915 32.1602
14.9152 32.1402
14.9155 32.1227
14.9157 32.1073
14.916 32.0939
14.9162 32.2072
14.9164 32.1813
14.9167 32.1586
14.9169 32.1388
14.9172 32.2464
14.9174 32.2156
14.9176 32.1887
14.9179 32.1651
14.9181 32.2695
14.9184 32.2358
14.9186 32.2063
14.9188 32.1805
14.9191 32.2829
14.9193 32.2476
14.9196 32.2166
14.9198 32.1896
14.92 32.2909
14.9203 32.2545
14.9205 32.2227
14.9208 32.1949
14.921 32.1705
14.9212 32.1492
14.9215 32.1305
14.9217 32.1142
14.922 32.0999
14.9222 32.2124
14.9224 32.1859
14.9228 32.1627
14.9232 32.2673
14.9234 32.2339
14.9236 32.2047
14.9239 32.1791
14.9241 32.2817
14.9244 32.2465
14.9247 32.2157
14.9252 32.3137
14.9395 34.0245
14.9411 34.0214
14.9417 33.7688
14.942 33.6727
14.9425 33.4636
14.9427 33.2806
14.943 33.1206
14.9432 33.1055
14.9435 32.9673
14.9437 32.8464
14.9439 32.7406
14.9442 32.773
14.9444 32.6764
14.9447 32.5918
14.9449 32.5179
14.9452 32.5781
14.9454 32.5059
14.9456 32.4426
14.9459 32.3873
14.9461 32.4639
14.9464 32.4059
14.9466 32.3552
14.9468 32.3108
14.9471 32.3969
14.9473 32.4723
14.9476 32.4133
14.9478 32.3616
14.948 32.4414
14.9483 32.5112
14.9485 32.4473
14.9488 32.3914
14.949 32.3425
14.9492 32.4247
14.9495 32.3716
14.9497 32.3251
14.95 32.2845
14.9502 32.3739
14.9504 32.3272
14.9507 32.2863
14.9509 32.2505
14.9512 32.3442
14.9514 32.3012
14.9516 32.2635
14.9519 32.2306
14.9521 32.3268
14.9524 32.2859
14.9526 32.2502
14.9528 32.2189
14.9531 32.3165
14.9533 32.402
14.9536 32.3517
14.9538 32.3078
14.954 32.3943
14.9543 32.47
14.9545 32.4113
14.9548 32.3598
14.9552 32.4399
14.9555 32.3849
14.9557 32.3368
14.956 32.2947
14.9562 32.3828
14.9564 32.335
14.9567 32.2931
14.9572 32.3815
14.9715 34.0838
14.973 34.0733
14.9736 33.8141
14.974 33.5874
14.9745 33.389
14.9747 33.2153
14.975 33.0634
14.9752 33.0555
14.9754 32.9236
14.9757 32.8081
14.9759 32.7071
14.9762 32.7437
14.9764 32.6507
14.9766 32.5694
14.9769 32.4982
14.9771 32.5609
14.9774 32.4908
14.9776 32.4295
14.9778 32.3758
14.9781 32.4538
14.9783 32.3971
14.9786 32.3475
14.9788 32.304
14.979 32.391
14.9793 32.3421
14.9795 32.2994
14.9798 32.2619
14.98 32.2292
14.9802 32.2006
14.9805 32.1755
14.9807 32.1535
14.981 32.1344
14.9812 32.2426
14.9814 32.2122
14.9817 32.1857
14.9819 32.1625
14.9822 32.2672
14.9824 32.2338
14.9826 32.2046
14.9829 32.179
14.9831 32.2816
14.9834 32.2464
14.9836 32.2156
14.9838 32.1887
14.9841 32.2901
14.9843 32.2538
14.9846 32.2221
14.9848 32.1943
14.985 32.295
14.9853 32.2582
14.9855 32.2259
14.9858 32.1977
14.986 32.2979
14.9862 32.2607
14.9865 32.2281
14.9867 32.1996
14.9872 32.2996
14.9874 32.2622
14.9877 32.2294
14.9879 32.2007
14.9882 32.3006
14.9884 32.2631
14.9886 32.2302
14.989 32.3264
14.9895 32.2856
15.0038 32.2499
15.0055 32.2187
15.0061 32.3163
15.0064 32.4018
15.0068 32.3516
15.007 32.4326
15.0073 32.5035
15.0075 32.4406
15.0078 32.3855
15.008 32.3373
15.0082 32.4202
15.0085 32.3676
15.0087 32.3217
15.009 32.2815
15.0092 32.3713
15.0094 32.3249
15.0097 32.2843
15.0099 32.2487
15.0102 32.3426
15.0104 32.2998
15.0106 32.2623
15.0109 32.2295
15.0111 32.3259
15.0114 32.2851
15.0116 32.2495
15.0118 32.2183
15.0121 32.316
15.0123 32.4015
15.0126 32.3513
15.0128 32.3074
15.013 32.394
15.0133 32.4697
15.0135 32.411
15.0138 32.3596
15.014 32.4397
15.0142 32.5097
15.0145 32.446
15.0147 32.3903
15.015 32.3415
15.0152 32.4238
15.0154 32.3708
15.0157 32.3245
15.0159 32.2839
15.0162 32.3734
15.0164 32.3267
15.0166 32.2859
15.0169 32.2502
15.0171 32.3439
15.0174 32.3009
15.0176 32.2633
15.0178 32.2304
15.0181 32.3266
15.0183 32.2858
15.0186 32.25
15.0188 32.2188
15.0192 32.3164
15.0195 32.2769
15.0198 32.2423
15.02 32.337
15.0203 32.4199
15.0205 32.3674
15.0207 32.3215
15.021 32.2813
15.0215 32.2461
15.0219 32.2153
15.0362 32.3134
15.0379 32.2742
15.0385 32.24
15.0389 32.21
15.0392 32.3087
15.0395 32.2701
15.0397 32.2364
15.04 32.2068
15.0402 32.306
15.0404 32.3927
15.0407 32.4686
15.0409 32.4101
15.0412 32.4838
15.0414 32.5483
15.0416 32.6048
15.0419 32.5292
15.0421 32.588
15.0424 32.6395
15.0426 32.6846
15.0428 32.599
15.0431 32.6491
15.0433 32.693
15.0436 32.7314
15.0438 32.6399
15.044 32.685
15.0443 32.7243
15.0445 32.7588
15.0448 32.6639
15.045 32.7059
15.0452 32.7427
15.0455 32.7749
15.0457 32.678
15.046 32.5933
15.0462 32.6441
15.0464 32.6886
15.0467 32.6025
15.0469 32.5272
15.0472 32.5863
15.0474 32.638
15.0476 32.6833
15.0479 32.5979
15.0481 32.6481
15.0484 32.6921
15.0486 32.7306
15.0488 32.6393
15.0491 32.6844
15.0493 32.7238
15.0496 32.7583
15.0498 32.6635
15.0501 32.7056
15.0503 32.7424
15.0505 32.7746
15.0508 32.6778
15.051 32.7181
15.0513 32.7533
15.0515 32.7841
15.052 32.6861
15.0522 32.7254
15.0525 32.7597
15.0527 32.6647
15.0529 32.5816
15.0532 32.6339
15.0534 32.6797
15.0538 32.7197
15.0543 32.7548
15.0687 34.5354
15.0704 34.4685
15.071 34.2849
15.0713 34.1243
15.0718 33.9838
15.072 33.8608
15.0723 33.7532
15.0725 33.659
15.0728 33.5767
15.073 33.5046
15.0732 33.4415
15.0735 33.3863
15.0737 33.338
15.074 33.1708
15.0742 33.1494
15.0744 33.1307
15.0747 33.1144
15.0749 32.9751
15.0752 32.9782
15.0754 32.9809
15.0756 32.9833
15.0759 32.8604
15.0761 32.8779
15.0764 32.8931
15.0766 32.9065
15.0768 32.7932
15.0771 32.819
15.0773 32.8416
15.0776 32.8614
15.0778 32.7538
15.078 32.7845
15.0783 32.8115
15.0785 32.835
15.0788 32.8557
15.079 32.8737
15.0792 32.8895
15.0795 32.9033
15.0797 32.9154
15.08 32.801
15.0802 32.8258
15.0805 32.8476
15.0807 32.8667
15.0809 32.7583
15.0812 32.7885
15.0814 32.815
15.0817 32.8381
15.0819 32.7333
15.0821 32.7667
15.0824 32.7958
15.0826 32.8214
15.0829 32.7187
15.0831 32.7538
15.0833 32.7846
15.0836 32.8115
15.0838 32.7101
15.0841 32.7463
15.0844 32.778
15.0848 32.8058
15.085 32.8301
15.0853 32.8513
15.0855 32.8699
15.0857 32.8862
15.086 32.7754
15.0862 32.8035
15.0867 32.828
15.1011 34.5995
15.1028 34.5246
15.1034 34.334
15.1038 34.1673
15.1042 34.0213
15.1045 33.8937
15.1047 33.657
15.105 33.4498
15.1052 33.3936
15.1054 33.3444
15.1057 33.1764
15.1059 33.0293
15.1062 33.0257
15.1064 33.0224
15.1066 33.0196
15.1069 32.8922
15.1071 32.9057
15.1074 32.9175
15.1076 32.9278
15.1078 32.8118
15.1081 32.8353
15.1083 32.8559
15.1086 32.8739
15.1088 32.7647
15.109 32.7941
15.1093 32.8198
15.1095 32.8424
15.1098 32.7371
15.11 32.7699
15.1103 32.7987
15.1105 32.8238
15.1107 32.7209
15.111 32.6308
15.1112 32.6769
15.1115 32.7173
15.1117 32.6276
15.1119 32.5492
15.1122 32.6055
15.1124 32.6548
15.1127 32.698
15.1129 32.6107
15.1131 32.6594
15.1134 32.702
15.1136 32.7392
15.1139 32.6468
15.1141 32.691
15.1143 32.7296
15.1146 32.7634
15.1148 32.668
15.1151 32.7095
15.1153 32.7458
15.1155 32.7776
15.1158 32.6804
15.116 32.7203
15.1163 32.7553
15.1165 32.7859
15.1169 32.6876
15.1172 32.7267
15.1175 32.7608
15.1177 32.6657
15.1179 32.5825
15.1182 32.6347
15.1184 32.6804
15.1187 32.7203
15.119 32.7553
15.1195 32.7859
15.1339 32.6876
15.1357 32.7267
15.1363 32.7608
15.1367 32.7907
15.137 32.8169
15.1373 32.8398
15.1375 32.8598
15.1378 32.8773
15.138 32.8927
15.1382 32.9061
15.1385 32.9178
15.1387 32.9281
15.139 32.8121
15.1392 32.8356
15.1394 32.8561
15.1397 32.8741
15.1399 32.7648
15.1402 32.7942
15.1404 32.82
15.1407 32.8425
15.1409 32.7372
15.1411 32.77
15.1414 32.7988
15.1416 32.8239
15.1419 32.7209
15.1421 32.7558
15.1423 32.7863
15.1426 32.813
15.1428 32.7114
15.1431 32.7475
15.1433 32.779
15.1435 32.8067
15.1438 32.8308
15.144 32.852
15.1443 32.8705
15.1445 32.8867
15.1447 32.9008
15.145 32.7882
15.1452 32.8147
15.1455 32.8379
15.1457 32.8581
15.1459 32.7509
15.1462 32.782
15.1464 32.8093
15.1467 32.8331
15.1469 32.729
15.1471 32.7628
15.1474 32.7925
15.1476 32.8184
15.1479 32.7161
15.1481 32.7516
15.1483 32.7827
15.1486 32.8098
15.1488 32.7086
15.1491 32.745
15.1493 32.7769
15.1498 32.8048
15.15 32.8292
15.1503 32.8505
15.1505 32.8692
15.1507 32.8856
15.151 32.7749
15.1512 32.803
15.1515 32.8276
15.1519 32.7242
15.1524 32.7587
15.1668 32.7888
15.1686 32.8152
15.1692 32.8383
15.1696 32.8585
15.17 32.7512
15.1702 32.7823
15.1705 32.8095
15.1707 32.8333
15.1709 32.7292
15.1712 32.763
15.1714 32.7926
15.1717 32.8186
15.1719 32.8412
15.1721 32.8611
15.1724 32.8784
15.1726 32.8936
15.1729 32.9069
15.1731 32.9186
15.1733 32.9287
15.1736 32.9377
15.1738 32.9454
15.1741 32.9523
15.1743 32.9582
15.1745 32.9635
15.1748 32.968
15.175 32.972
15.1753 32.9755
15.1755 32.9786
15.1757 32.9813
15.176 32.9836
15.1762 32.9856
15.1765 32.9874
15.1767 32.989
15.1769 32.9904
15.1772 32.9916
15.1774 32.9926
15.1777 32.9936
15.1779 32.9944
15.1781 33.1201
15.1784 33.1051
15.1786 33.0919
15.1789 33.0804
15.1791 33.1954
15.1793 33.171
15.1796 33.1496
15.1798 33.1309
15.1801 33.2395
15.1803 33.2096
15.1805 33.1834
15.1808 33.1605
15.181 33.2654
15.1813 33.2322
15.1815 33.2032
15.1817 33.1778
15.182 33.1556
15.1822 33.1361
15.1826 33.1191
15.1829 33.1042
15.1832 33.0912
15.1834 33.0798
15.1837 33.0698
15.1839 33.0611
15.1841 33.1785
15.1844 33.1561
15.1847 33.1366
15.1852 33.2445
15.1998 34.964
15.2016 34.9685
15.2022 34.8474
15.2025 34.6165
15.203 34.5394
15.2033 34.472
15.2035 34.288
15.2037 34.127
15.204 33.9861
15.2042 33.9879
15.2045 33.8644
15.2047 33.7563
15.2049 33.6618
15.2052 33.7041
15.2054 33.6161
15.2057 33.539
15.2059 33.4717
15.2061 33.5377
15.2064 33.4705
15.2066 33.4117
15.2069 33.3602
15.2071 33.4402
15.2073 33.3852
15.2076 33.337
15.2078 33.2949
15.2081 33.383
15.2083 33.3352
15.2085 33.2933
15.2088 33.2566
15.209 33.3495
15.2093 33.4308
15.2095 33.377
15.2097 33.3299
15.21 33.2886
15.2102 33.3775
15.2105 33.3304
15.2107 33.2891
15.2109 33.2529
15.2112 33.3463
15.2114 33.303
15.2117 33.2651
15.2119 33.232
15.2121 33.328
15.2124 33.287
15.2126 33.2511
15.2129 33.2197
15.2131 33.3173
15.2133 33.2776
15.2136 33.2429
15.2138 33.2125
15.2141 33.311
15.2143 33.2721
15.2145 33.2381
15.2148 33.2083
15.215 33.3073
15.2153 33.3939
15.2155 33.3446
15.216 33.3016
15.2162 33.3889
15.2165 33.3403
15.2167 33.2977
15.217 33.2605
15.2172 33.3529
15.2174 33.3088
15.2177 33.2702
15.2182 33.3614
15.2327 35.0663
15.2345 35.058
15.2351 34.9257
15.2355 34.685
15.2359 34.4744
15.2362 34.2901
15.2364 34.1288
15.2367 33.9877
15.2369 33.8643
15.2371 33.8812
15.2374 33.7711
15.2376 33.6747
15.2379 33.5904
15.2381 33.6416
15.2383 33.5614
15.2386 33.4912
15.2388 33.4298
15.2391 33.5011
15.2393 33.4384
15.2395 33.3836
15.2398 33.3357
15.24 33.4187
15.2403 33.3664
15.2405 33.3206
15.2407 33.2805
15.241 33.2454
15.2412 33.2148
15.2415 33.1879
15.2417 33.1644
15.2419 33.1439
15.2422 33.1259
15.2424 33.1102
15.2427 33.0964
15.2429 33.0843
15.2431 33.1988
15.2434 33.1739
15.2436 33.1522
15.2439 33.1332
15.2441 33.2415
15.2443 33.2113
15.2446 33.1849
15.2448 33.1618
15.2451 33.2666
15.2453 33.2333
15.2456 33.2041
15.2458 33.1786
15.246 33.2813
15.2463 33.2461
15.2465 33.2153
15.2468 33.1884
15.247 33.1649
15.2472 33.1443
15.2475 33.1262
15.2477 33.1104
15.248 33.0966
15.2482 33.0846
15.2484 33.074
15.2489 33.0647
15.2492 33.1816
15.2494 33.1589
15.2496 33.1391
15.2499 33.1217
15.2501 33.2315
15.2504 33.2025
15.2506 33.1772
15.251 33.1551
15.2514 33.1357
15.266 33.1187
15.2679 33.1039
15.2685 33.0909
15.2689 33.0795
15.2692 33.1946
15.2695 33.1703
15.2697 33.149
15.2699 33.1304
15.2702 33.2391
15.2704 33.2092
15.2707 33.183
15.2709 33.1602
15.2711 33.2651
15.2714 33.232
15.2716 33.203
15.2719 33.1776
15.2721 33.2804
15.2723 33.2454
15.2726 33.2147
15.2728 33.1879
15.2731 33.2894
15.2733 33.2532
15.2735 33.2216
15.2738 33.1939
15.274 33.2946
15.2743 33.3828
15.2745 33.3349
15.2747 33.2931
15.275 33.2564
15.2752 33.3494
15.2755 33.3057
15.2757 33.2675
15.276 33.2341
15.2762 33.3298
15.2764 33.2886
15.2767 33.2525
15.2769 33.2209
15.2772 33.3183
15.2774 33.2785
15.2776 33.2437
15.2779 33.2133
15.2781 33.3116
15.2784 33.2726
15.2786 33.2386
15.2788 33.2087
15.2791 33.3076
15.2793 33.2692
15.2796 33.2355
15.2798 33.2061
15.28 33.3053
15.2803 33.3922
15.2805 33.3431
15.2808 33.3003
15.281 33.2627
15.2812 33.3549
15.2815 33.3105
15.2818 33.2717
15.2822 33.3627
15.2824 33.3174
15.2827 33.2777
15.2829 33.243
15.2832 33.3376
15.2834 33.2954
15.2836 33.2585
15.2839 33.2262
15.2844 33.3229
15.2848 33.2825
15.2994 33.3722
15.3013 33.4507
15.3019 33.3944
15.3023 33.4701
15.3026 33.4113
15.3029 33.3599
15.3031 33.4399
15.3033 33.5099
15.3036 33.4462
15.3038 33.3904
15.3041 33.4666
15.3043 33.5333
15.3045 33.4666
15.3048 33.4083
15.305 33.4823
15.3053 33.547
15.3055 33.4786
15.3058 33.4188
15.306 33.3664
15.3062 33.4456
15.3065 33.3899
15.3067 33.3412
15.307 33.2985
15.3072 33.3862
15.3074 33.3379
15.3077 33.2957
15.3079 33.2587
15.3082 33.3514
15.3084 33.4325
15.3086 33.3784
15.3089 33.3311
15.3091 33.4147
15.3094 33.4879
15.3096 33.4269
15.3098 33.3735
15.3101 33.4518
15.3103 33.5204
15.3106 33.4553
15.3108 33.3984
15.311 33.4736
15.3113 33.5394
15.3115 33.472
15.3118 33.413
15.312 33.3614
15.3122 33.4412
15.3125 33.386
15.3127 33.3378
15.313 33.2956
15.3132 33.3836
15.3134 33.3357
15.3137 33.2937
15.3139 33.257
15.3142 33.3499
15.3144 33.4311
15.3146 33.5022
15.3149 33.4395
15.3151 33.5095
15.3156 33.5708
15.3158 33.4995
15.3161 33.562
15.3163 33.6168
15.3166 33.6647
15.3168 33.5816
15.317 33.6339
15.3173 33.6797
15.3176 33.7197
15.3181 33.7547
15.3327 35.5354
15.3347 35.4685
15.3353 35.2849
15.3357 35.1243
15.3362 34.9838
15.3364 34.8608
15.3366 34.7532
15.3369 34.534
15.3371 34.4673
15.3374 34.4089
15.3376 34.3578
15.3378 34.188
15.3381 34.1645
15.3383 34.144
15.3386 34.126
15.3388 33.9852
15.339 33.9871
15.3393 33.9887
15.3395 33.9901
15.3398 33.9913
15.34 33.8674
15.3402 33.884
15.3405 33.8985
15.3407 33.9112
15.341 33.7973
15.3412 33.8226
15.3414 33.8448
15.3417 33.8642
15.3419 33.7562
15.3422 33.7866
15.3424 33.8133
15.3426 33.8367
15.3429 33.7321
15.3431 33.7656
15.3434 33.7949
15.3436 33.8205
15.3438 33.7179
15.3441 33.7532
15.3443 33.784
15.3446 33.811
15.3448 33.7097
15.345 33.746
15.3453 33.7777
15.3455 33.8055
15.3458 33.8298
15.346 33.8511
15.3462 33.8697
15.3465 33.886
15.3467 33.9002
15.347 33.7877
15.3472 33.8142
15.3474 33.8375
15.3477 33.8578
15.3479 33.7506
15.3482 33.7817
15.3484 33.809
15.3486 33.8329
15.349 33.8538
15.3494 33.8721
15.3496 33.888
15.3498 33.777
15.3501 33.8049
15.3503 33.8293
15.3506 33.8506
15.3508 33.7443
15.3511 33.7763
15.3515 33.8042
15.3661 35.5787
15.3681 35.6314
15.3687 35.4274
15.3691 35.249
15.3696 35.0929
15.3698 34.8313
15.37 34.7274
15.3703 34.6364
15.3705 34.5569
15.3708 34.3623
15.371 34.192
15.3712 34.168
15.3715 34.147
15.3717 34.0036
15.372 33.8782
15.3722 33.8934
15.3724 33.9067
15.3727 33.7934
15.3729 33.6942
15.3732 33.7324
15.3734 33.7659
15.3736 33.7951
15.3739 33.6957
15.3741 33.7338
15.3744 33.7671
15.3746 33.7962
15.3748 33.6967
15.3751 33.7346
15.3753 33.7677
15.3756 33.7968
15.3758 33.6972
15.376 33.735
15.3763 33.7682
15.3765 33.7971
15.3768 33.6975
15.377 33.7353
15.3772 33.7684
15.3775 33.7973
15.3777 33.6977
15.378 33.6105
15.3782 33.6592
15.3784 33.7018
15.3787 33.614
15.3789 33.5373
15.3792 33.5951
15.3794 33.6457
15.3796 33.565
15.3799 33.4944
15.3801 33.5576
15.3804 33.6129
15.3806 33.6613
15.3809 33.5786
15.3811 33.6313
15.3813 33.6774
15.3816 33.7177
15.3818 33.628
15.3821 33.6745
15.3824 33.7152
15.3828 33.6258
15.383 33.6726
15.3833 33.7135
15.3835 33.7493
15.3837 33.6556
15.384 33.5737
15.3842 33.627
15.3845 33.6736
15.3849 33.5894
15.3853 33.6407
15.3998 33.5606
15.4019 33.4906
15.4025 33.5542
15.4028 33.485
15.4032 33.5493
15.4034 33.6057
15.4037 33.53
15.4039 33.4637
15.4042 33.5307
15.4044 33.5894
15.4046 33.6407
15.4049 33.5606
15.4051 33.6156
15.4054 33.6636
15.4056 33.7057
15.4058 33.6175
15.4061 33.6653
15.4063 33.7071
15.4066 33.7437
15.4068 33.6508
15.407 33.6944
15.4073 33.7326
15.4075 33.766
15.4078 33.6703
15.408 33.7115
15.4082 33.7476
15.4085 33.7791
15.4087 33.6817
15.409 33.5965
15.4092 33.6469
15.4094 33.6911
15.4097 33.6047
15.4099 33.5291
15.4102 33.588
15.4104 33.6395
15.4107 33.5595
15.4109 33.4896
15.4111 33.5534
15.4114 33.6092
15.4116 33.6581
15.4119 33.5758
15.4121 33.6288
15.4123 33.6752
15.4126 33.7158
15.4128 33.6263
15.4131 33.6731
15.4133 33.7139
15.4135 33.7497
15.4138 33.656
15.414 33.699
15.4143 33.7366
15.4145 33.7695
15.4147 33.6733
15.415 33.5892
15.4152 33.6405
15.4155 33.6855
15.4157 33.5998
15.4162 33.6498
15.4164 33.6936
15.4167 33.6069
15.4169 33.531
15.4171 33.5896
15.4174 33.6409
15.4176 33.6858
15.4179 33.6001
15.4182 33.6501
15.4186 33.6938
15.4191 33.7321
15.4337 33.7656
15.4358 33.7949
15.4362 33.8205
15.4367 33.843
15.437 33.7376
15.4372 33.7704
15.4374 33.7991
15.4377 33.8242
15.4379 33.7212
15.4382 33.756
15.4384 33.7865
15.4386 33.8132
15.4389 33.7116
15.4391 33.7476
15.4394 33.7792
15.4396 33.8068
15.4398 33.7059
15.4401 33.7427
15.4403 33.7748
15.4406 33.803
15.4408 33.7026
15.4411 33.7398
15.4413 33.7723
15.4415 33.8008
15.4418 33.7007
15.442 33.7381
15.4423 33.7708
15.4425 33.7995
15.4427 33.8245
15.443 33.7215
15.4432 33.7563
15.4435 33.7868
15.4437 33.8134
15.4439 33.7117
15.4442 33.7478
15.4444 33.7793
15.4447 33.8069
15.4449 33.706
15.4451 33.7428
15.4454 33.7749
15.4456 33.8031
15.4459 33.7027
15.4461 33.7398
15.4463 33.7724
15.4466 33.8008
15.4468 33.7007
15.4471 33.7381
15.4473 33.7709
15.4475 33.7995
15.4478 33.6996
15.448 33.7371
15.4483 33.77
15.4485 33.7987
15.4487 33.8239
15.449 33.7209
15.4492 33.7558
15.4496 33.7863
15.4499 33.688
15.4502 33.727
15.4504 33.7611
15.4507 33.791
15.4509 33.6921
15.4511 33.7306
15.4514 33.7643
15.4516 33.7937
15.4521 33.8195
15.4525 33.8421
15.4529 33.7368
15.4676 33.7697
15.4696 33.7985
15.4701 33.8237
15.4706 33.8457
15.4709 33.865
15.4711 33.8819
15.4713 33.8966
15.4716 33.9096
15.4718 33.9209
15.4721 34.0558
15.4723 34.0488
15.4725 34.0427
15.4728 34.0374
15.473 34.1577
15.4733 34.138
15.4735 34.1207
15.4737 34.1056
15.474 34.0924
15.4742 34.0809
15.4745 34.0708
15.4747 34.0619
15.4749 34.0542
15.4752 34.0474
15.4754 34.0415
15.4757 34.0363
15.4759 34.0318
15.4761 34.0278
15.4764 34.0243
15.4766 34.0213
15.4769 34.0186
15.4771 34.1413
15.4773 34.1236
15.4776 34.1082
15.4778 34.0946
15.4781 34.2078
15.4783 34.1818
15.4785 34.1591
15.4788 34.1392
15.479 34.2468
15.4793 34.216
15.4795 34.189
15.4797 34.1653
15.48 34.1447
15.4802 34.1266
15.4805 34.1108
15.4807 34.0969
15.4809 34.0848
15.4812 34.0742
15.4814 34.0649
15.4817 34.0568
15.4819 34.0497
15.4821 34.0435
15.4824 34.0381
15.4826 34.0333
15.4829 34.0291
15.4831 34.1505
15.4833 34.1317
15.4838 34.1152
15.4841 34.2258
15.4843 34.1976
15.4845 34.1729
15.4848 34.1513
15.485 34.2574
15.4853 34.2252
15.4855 34.197
15.4859 34.1724
15.4862 34.1509
15.4867 34.132
15.5015 35.9905
15.5035 35.9917
15.5041 35.8677
15.5045 35.6343
15.5049 35.43
15.5051 35.3762
15.5053 35.2042
15.5056 35.0537
15.5058 34.922
15.5061 34.9317
15.5063 34.8153
15.5065 34.7133
15.5068 34.6242
15.507 34.6712
15.5073 34.5873
15.5075 34.5139
15.5077 34.4496
15.508 34.3934
15.5082 34.4692
15.5085 34.4106
15.5087 34.3593
15.5089 34.3144
15.5092 34.4001
15.5094 34.3501
15.5097 34.3063
15.5099 34.268
15.5101 34.3595
15.5104 34.3146
15.5106 34.2752
15.5109 34.2408
15.5111 34.3357
15.5113 34.2938
15.5116 34.257
15.5118 34.2249
15.5121 34.3218
15.5123 34.2816
15.5125 34.2464
15.5128 34.2156
15.513 34.3136
15.5133 34.2744
15.5135 34.2401
15.5137 34.2101
15.514 34.1838
15.5142 34.2859
15.5145 34.2501
15.5147 34.2189
15.5149 34.1915
15.5152 34.2926
15.5154 34.256
15.5157 34.224
15.5159 34.196
15.5162 34.2965
15.5164 34.2594
15.5166 34.227
15.5169 34.1986
15.5171 34.2988
15.5174 34.2614
15.5177 34.2288
15.5181 34.3252
15.5183 34.2845
15.5186 34.249
15.5188 34.2178
15.519 34.3156
15.5193 34.2762
15.5195 34.2416
15.5198 34.2114
15.5202 34.31
15.5206 34.2713
15.5354 36.1123
15.5374 36.0983
15.538 35.961
15.5384 35.7159
15.5387 35.5014
15.539 35.3137
15.5392 35.1495
15.5395 35.0058
15.5397 34.8801
15.5399 34.7701
15.5402 34.6738
15.5404 34.5896
15.5407 34.5159
15.5409 34.4514
15.5411 34.395
15.5414 34.3456
15.5416 34.3024
15.5419 34.2646
15.5421 34.3565
15.5423 34.312
15.5426 34.273
15.5428 34.2388
15.5431 34.334
15.5433 34.2922
15.5435 34.2557
15.5438 34.2237
15.544 34.3208
15.5443 34.2807
15.5445 34.2456
15.5447 34.2149
15.545 34.188
15.5452 34.1645
15.5455 34.144
15.5457 34.126
15.546 34.1102
15.5462 34.0964
15.5464 34.0844
15.5467 34.0738
15.5469 34.0646
15.5472 34.0565
15.5474 34.0495
15.5476 34.0433
15.5479 34.0379
15.5481 34.1581
15.5484 34.1384
15.5486 34.1211
15.5488 34.1059
15.5491 34.2177
15.5493 34.1905
15.5496 34.1667
15.5498 34.1458
15.55 34.2526
15.5503 34.221
15.5505 34.1934
15.5508 34.1692
15.551 34.1481
15.5512 34.1296
15.5516 34.1134
15.552 34.0992
15.5522 34.0868
15.5524 34.0759
15.5527 34.0665
15.5529 34.0581
15.5532 34.0509
15.5534 34.0445
15.5536 34.039
15.554 34.1591
15.5544 34.1392
15.5548 34.1218
15.5696 34.1066
15.5718 34.0932
15.5723 34.0816
15.5727 34.0714
15.573 34.0625
15.5732 34.1797
15.5735 34.1572
15.5737 34.1376
15.5739 34.1204
15.5742 34.2303
15.5744 34.2015
15.5747 34.1763
15.5749 34.1543
15.5751 34.26
15.5754 34.2275
15.5756 34.1991
15.5759 34.1742
15.5761 34.2774
15.5764 34.2427
15.5766 34.2124
15.5768 34.1858
15.5771 34.2876
15.5773 34.2517
15.5776 34.2202
15.5778 34.1927
15.578 34.2936
15.5783 34.2569
15.5785 34.2248
15.5788 34.1967
15.579 34.1721
15.5792 34.2756
15.5795 34.2411
15.5797 34.211
15.58 34.1846
15.5802 34.2865
15.5804 34.2507
15.5807 34.2194
15.5809 34.192
15.5812 34.293
15.5814 34.2563
15.5816 34.2243
15.5819 34.1963
15.5821 34.2967
15.5824 34.2596
15.5826 34.2272
15.5828 34.1988
15.5831 34.2989
15.5833 34.2616
15.5836 34.2289
15.5838 34.2003
15.584 34.3002
15.5843 34.2627
15.5845 34.2299
15.5848 34.2011
15.585 34.301
15.5852 34.3884
15.5855 34.3398
15.586 34.2973
15.5862 34.3852
15.5864 34.337
15.5867 34.2949
15.5869 34.258
15.5872 34.3508
15.5874 34.3069
15.5876 34.2686
15.5879 34.235
15.5884 34.2056
15.5887 34.1799
15.5892 34.2824
15.604 34.2471
15.6062 34.3412
15.6066 34.2986
15.6071 34.3863
15.6074 34.463
15.6076 34.4051
15.6078 34.3545
15.6081 34.4352
15.6083 34.5058
15.6086 34.4425
15.6088 34.3872
15.609 34.4638
15.6093 34.5308
15.6095 34.4645
15.6098 34.4064
15.61 34.3556
15.6102 34.4362
15.6105 34.3816
15.6107 34.3339
15.611 34.2922
15.6112 34.3807
15.6114 34.3331
15.6117 34.2915
15.6119 34.255
15.6122 34.3481
15.6124 34.4296
15.6126 34.3759
15.6129 34.3289
15.6131 34.4128
15.6134 34.4862
15.6136 34.5504
15.6138 34.4816
15.6141 34.5464
15.6143 34.6031
15.6146 34.6527
15.6148 34.5711
15.615 34.6247
15.6153 34.6717
15.6155 34.7127
15.6158 34.6236
15.616 34.6707
15.6162 34.7118
15.6165 34.7478
15.6167 34.6544
15.617 34.5726
15.6172 34.626
15.6174 34.6727
15.6177 34.5887
15.6179 34.5151
15.6182 34.5757
15.6184 34.6287
15.6186 34.5501
15.6189 34.4814
15.6191 34.5462
15.6194 34.6029
15.6196 34.5276
15.6198 34.4616
15.6202 34.5289
15.6206 34.5878
15.6208 34.5143
15.6211 34.575
15.6213 34.6282
15.6215 34.6746
15.6218 34.5903
15.622 34.6415
15.6223 34.6863
15.6226 34.7255
15.623 34.6348
15.6235 34.6805
15.6384 36.4704
15.6405 36.5366
15.6411 36.3445
15.6415 36.1765
15.6418 35.9044
15.6421 35.7914
15.6423 35.6924
15.6426 35.6059
15.6428 35.4052
15.643 35.3545
15.6433 35.3102
15.6435 35.2714
15.6438 35.1125
15.644 35.0984
15.6442 35.0861
15.6445 35.0754
15.6447 35.0659
15.645 34.9327
15.6452 34.9411
15.6454 34.9485
15.6457 34.9549
15.6459 34.8355
15.6462 34.8561
15.6464 34.8741
15.6466 34.8898
15.6469 34.7786
15.6471 34.8063
15.6474 34.8305
15.6476 34.8517
15.6478 34.7452
15.6481 34.7771
15.6483 34.8049
15.6486 34.8293
15.6488 34.7256
15.649 34.7599
15.6493 34.7899
15.6495 34.8162
15.6498 34.7142
15.65 34.7499
15.6502 34.7812
15.6505 34.8085
15.6507 34.7075
15.651 34.619
15.6512 34.6666
15.6515 34.7083
15.6517 34.7448
15.6519 34.6517
15.6522 34.6952
15.6524 34.7333
15.6527 34.7666
15.6529 34.6708
15.6531 34.712
15.6534 34.748
15.6536 34.7795
15.6539 34.682
15.6541 34.7218
15.6543 34.7566
15.6546 34.787
15.6551 34.8136
15.6553 34.8369
15.6555 34.8573
15.6558 34.7501
15.656 34.7814
15.6563 34.8087
15.6565 34.8326
15.6567 34.7285
15.657 34.6375
15.6575 34.6828
15.6578 34.7224
15.6727 36.5071
15.6749 36.4437
15.6755 36.2633
15.6758 35.9804
15.6762 35.8578
15.6764 35.7506
15.6767 35.5318
15.6769 35.3403
15.6772 35.2978
15.6774 35.2605
15.6776 35.103
15.6779 34.9651
15.6781 34.9695
15.6784 34.9733
15.6786 34.8516
15.6788 34.7452
15.6791 34.777
15.6793 34.8049
15.6796 34.8293
15.6798 34.7256
15.68 34.7599
15.6803 34.7899
15.6805 34.8162
15.6808 34.7142
15.681 34.7499
15.6813 34.7812
15.6815 34.8085
15.6817 34.7074
15.682 34.619
15.6822 34.6666
15.6825 34.7083
15.6827 34.6198
15.6829 34.5423
15.6832 34.5995
15.6834 34.6496
15.6837 34.5684
15.6839 34.4973
15.6841 34.5602
15.6844 34.6151
15.6846 34.5382
15.6849 34.471
15.6851 34.5371
15.6853 34.595
15.6856 34.6456
15.6858 34.5649
15.6861 34.6193
15.6863 34.6669
15.6865 34.7085
15.6868 34.6199
15.687 34.6675
15.6873 34.709
15.6875 34.7454
15.6877 34.6522
15.688 34.5707
15.6882 34.6244
15.6885 34.6713
15.6887 34.5874
15.6889 34.514
15.6894 34.5747
15.6897 34.5029
15.6899 34.44
15.6901 34.51
15.6904 34.5713
15.6906 34.4999
15.6909 34.4374
15.6911 34.5077
15.6913 34.5692
15.6917 34.6231
15.6921 34.6702
15.6925 34.7114
15.7074 34.7475
15.7096 34.7791
15.7102 34.8067
15.7107 34.8308
15.7109 34.727
15.7112 34.7611
15.7114 34.791
15.7117 34.8171
15.7119 34.715
15.7121 34.7506
15.7124 34.7818
15.7126 34.809
15.7129 34.7079
15.7131 34.7444
15.7133 34.7764
15.7136 34.8043
15.7138 34.7038
15.7141 34.7408
15.7143 34.7732
15.7145 34.8016
15.7148 34.7014
15.715 34.7387
15.7153 34.7714
15.7155 34.7999
15.7157 34.6999
15.716 34.6124
15.7162 34.6609
15.7165 34.7033
15.7167 34.7404
15.7169 34.6478
15.7172 34.6918
15.7174 34.7304
15.7177 34.7641
15.7179 34.6686
15.7181 34.71
15.7184 34.7462
15.7186 34.778
15.7189 34.6807
15.7191 34.7206
15.7193 34.7555
15.7196 34.7861
15.7198 34.6878
15.7201 34.7269
15.7203 34.761
15.7205 34.7909
15.7208 34.692
15.721 34.7305
15.7213 34.7642
15.7215 34.7937
15.7217 34.6945
15.722 34.6077
15.7222 34.6567
15.7225 34.6996
15.7227 34.7372
15.7229 34.645
15.7232 34.6894
15.7234 34.7282
15.7237 34.7622
15.7239 34.6669
15.7241 34.7085
15.7244 34.745
15.7246 34.6519
15.7249 34.5704
15.7251 34.6241
15.7253 34.6711
15.7256 34.5872
15.7258 34.5138
15.7261 34.5746
15.7263 34.5027
15.7266 34.4399
15.743 34.1349
15.7433 33.868
15.7435 33.5095
15.7437 33.1958
15.744 32.9214
15.7442 32.8062
15.7445 32.5804
15.7447 32.3829
15.7449 32.21
15.7452 32.1838
15.7454 32.0358
15.7457 31.9063
15.7459 31.793
15.7461 31.8189
15.7464 31.7165
15.7466 31.627
15.7469 31.5486
15.7471 31.605
15.7473 31.6544
15.7476 31.5726
15.7478 31.501
15.7481 31.5634
15.7483 31.618
15.7485 31.5407
15.7488 31.4731
15.749 31.539
15.7493 31.5966
15.7495 31.522
15.7497 31.4568
15.75 31.3997
15.7502 31.4747
15.7505 31.4154
15.7507 31.3635
15.7509 31.318
15.7512 31.4033
15.7514 31.3529
15.7517 31.3088
15.7519 31.2702
15.7521 31.3614
15.7524 31.3162
15.7526 31.2767
15.7529 31.2421
15.7531 31.3368
15.7533 31.4197
15.7536 31.3673
15.7538 31.3214
15.7541 31.4062
15.7543 31.4804
15.7545 31.4204
15.7548 31.3678
15.755 31.4468
15.7553 31.516
15.7555 31.4515
15.7557 31.3951
15.756 31.3457
15.7562 31.4275
15.7565 31.374
15.7567 31.3273
15.757 31.2864
15.7572 31.3756
15.7574 31.3286
15.7577 31.2875
15.7579 31.2516
15.7743 31.2202
15.7745 31.1926
15.7747 31.1686
15.775 31.1475
15.7752 31.254
15.7755 31.2223
15.7757 31.1945
15.7759 31.1702
15.7762 31.2739
15.7764 31.3647
15.7767 31.3191
15.7769 31.2792
15.7771 31.3693
15.7774 31.4481
15.7776 31.3921
15.7779 31.3431
15.7781 31.4252
15.7783 31.4971
15.7786 31.4349
15.7788 31.3806
15.7791 31.458
15.7793 31.5257
15.7795 31.46
15.7798 31.4025
15.78 31.4772
15.7803 31.5426
15.7805 31.4747
15.7807 31.4154
15.781 31.3635
15.7812 31.443
15.7815 31.5127
15.7817 31.4486
15.7819 31.3925
15.7822 31.4684
15.7824 31.5349
15.7827 31.468
15.7829 31.4095
15.7831 31.4833
15.7834 31.5479
15.7836 31.4794
15.7839 31.4195
15.7841 31.4921
15.7843 31.5556
15.7846 31.4861
15.7848 31.4253
15.7851 31.4972
15.7853 31.56
15.7855 31.49
15.7858 31.4288
15.786 31.5002
15.7863 31.5627
15.7865 31.4923
15.7868 31.4308
15.787 31.3769
15.7872 31.4548
15.7875 31.523
15.7877 31.4576
15.788 31.4004
15.7882 31.4753
15.7884 31.5409
15.7887 31.4733
15.7889 31.4141
15.7893 31.4874
15.8055 33.5515
15.8057 33.2325
15.806 32.9535
15.8062 32.8343
15.8065 32.73
15.8067 32.5137
15.8069 32.3245
15.8072 32.284
15.8074 32.2485
15.8077 32.0924
15.8079 31.9559
15.8081 31.9614
15.8084 31.9662
15.8086 31.8454
15.8089 31.7397
15.8091 31.7723
15.8093 31.8007
15.8096 31.7006
15.8098 31.6131
15.8101 31.6614
15.8103 31.7038
15.8105 31.6158
15.8108 31.5388
15.811 31.5965
15.8113 31.6469
15.8115 31.566
15.8117 31.4953
15.812 31.4334
15.8122 31.5042
15.8125 31.5662
15.8127 31.4954
15.8129 31.4335
15.8132 31.5043
15.8134 31.5663
15.8137 31.4955
15.8139 31.4335
15.8141 31.5043
15.8144 31.5663
15.8146 31.4955
15.8149 31.4336
15.8151 31.5044
15.8153 31.5663
15.8156 31.4955
15.8158 31.4336
15.8161 31.5044
15.8163 31.5663
15.8166 31.4956
15.8168 31.4336
15.817 31.5044
15.8173 31.5664
15.8175 31.4956
15.8178 31.4336
15.818 31.3794
15.8182 31.457
15.8185 31.5249
15.8187 31.4593
15.819 31.4018
15.8192 31.4766
15.8194 31.542
15.8197 31.4743
15.8199 31.415
15.8202 31.4881
15.8205 31.5521
15.8369 33.4831
15.8371 33.2977
15.8373 33.1355
15.8376 32.9936
15.8378 32.7444
15.8381 32.6513
15.8383 32.5699
15.8385 32.4987
15.8388 32.3113
15.839 32.2724
15.8393 32.2384
15.8395 32.2086
15.8397 32.0575
15.84 31.9253
15.8402 31.9346
15.8405 31.9428
15.8407 31.825
15.8409 31.7218
15.8412 31.7566
15.8414 31.787
15.8417 31.6887
15.8419 31.6026
15.8421 31.6522
15.8424 31.6957
15.8426 31.6088
15.8429 31.5327
15.8431 31.5911
15.8433 31.6422
15.8436 31.6869
15.8438 31.6011
15.8441 31.6509
15.8443 31.6946
15.8445 31.7327
15.8448 31.6411
15.845 31.686
15.8453 31.7252
15.8455 31.7596
15.8457 31.6646
15.846 31.5816
15.8462 31.6339
15.8465 31.6796
15.8467 31.5947
15.847 31.5203
15.8472 31.5803
15.8474 31.6328
15.8477 31.5537
15.8479 31.4845
15.8482 31.5489
15.8484 31.6053
15.8486 31.5296
15.8489 31.4634
15.8491 31.5305
15.8494 31.5892
15.8496 31.6405
15.8498 31.5605
15.8501 31.6154
15.8503 31.6635
15.8506 31.7055
15.8508 31.6174
15.851 31.6652
15.8513 31.707
15.8515 31.7437
15.8519 31.6507
15.8522 31.6944
15.8686 31.7326
15.8688 31.641
15.8691 31.6859
15.8693 31.7251
15.8695 31.7595
15.8698 31.6646
15.87 31.7065
15.8703 31.7432
15.8705 31.7753
15.8707 31.6784
15.871 31.5936
15.8712 31.6444
15.8715 31.6888
15.8717 31.7277
15.8719 31.6368
15.8722 31.6822
15.8724 31.7219
15.8727 31.7567
15.8729 31.6621
15.8731 31.7043
15.8734 31.7413
15.8736 31.7736
15.8739 31.6769
15.8741 31.7173
15.8743 31.7526
15.8746 31.7836
15.8748 31.6856
15.8751 31.7249
15.8753 31.7593
15.8755 31.7894
15.8758 31.6907
15.876 31.7294
15.8763 31.7632
15.8765 31.7928
15.8768 31.6937
15.877 31.607
15.8772 31.6561
15.8775 31.6991
15.8777 31.7367
15.878 31.6446
15.8782 31.689
15.8784 31.7279
15.8787 31.7619
15.8789 31.6667
15.8792 31.7083
15.8794 31.7448
15.8796 31.7767
15.8799 31.6796
15.8801 31.7197
15.8804 31.7547
15.8806 31.7854
15.8808 31.6872
15.8811 31.7263
15.8813 31.7605
15.8816 31.7904
15.8818 31.6916
15.882 31.7302
15.8823 31.7639
15.8825 31.7934
15.8828 31.6942
15.883 31.6075
15.8832 31.6565
15.8836 31.6995
15.884 31.612
15.9004 31.6605
15.9007 31.703
15.9009 31.6151
15.9011 31.6632
15.9014 31.7053
15.9016 31.7421
15.9019 31.6494
15.9021 31.6932
15.9023 31.7315
15.9026 31.7651
15.9028 31.7945
15.9031 31.8202
15.9033 31.8426
15.9035 31.8623
15.9038 31.8795
15.904 31.8946
15.9043 31.9078
15.9045 31.9193
15.9047 31.9294
15.905 31.9382
15.9052 31.9459
15.9055 31.9527
15.9057 31.9586
15.9059 31.9638
15.9062 31.9683
15.9064 31.9723
15.9067 31.9757
15.9069 31.9788
15.9072 31.9814
15.9074 31.9837
15.9076 31.9858
15.9079 31.9875
15.9081 31.9891
15.9084 31.9905
15.9086 31.9917
15.9088 31.9927
15.9091 32.1186
15.9093 32.1038
15.9096 32.0908
15.9098 32.0795
15.91 32.1945
15.9103 32.1702
15.9105 32.1489
15.9108 32.1303
15.911 32.114
15.9112 32.0998
15.9115 32.0873
15.9117 32.0764
15.912 32.0668
15.9122 32.0585
15.9124 32.0512
15.9127 32.0448
15.9129 32.0392
15.9132 32.0343
15.9134 32.03
15.9136 32.0262
15.9139 32.023
15.9141 32.0201
15.9144 32.0176
15.9146 32.0154
15.9148 32.0135
15.9151 32.1368
15.9153 32.1197
15.9158 32.1047
15.9321 34.2166
15.9324 33.9395
15.9326 33.6971
15.9329 33.485
15.9331 33.2993
15.9333 33.1369
15.9336 32.9948
15.9338 32.8705
15.9341 32.7617
15.9343 32.6664
15.9345 32.5831
15.9348 32.5102
15.935 32.4465
15.9353 32.3907
15.9355 32.3418
15.9357 32.2991
15.936 32.1367
15.9362 32.1196
15.9365 32.1047
15.9367 32.0916
15.937 32.0801
15.9372 32.0701
15.9374 32.0614
15.9377 32.0537
15.9379 32.047
15.9382 32.0411
15.9384 32.036
15.9386 32.0315
15.9389 32.0275
15.9391 32.0241
15.9394 32.0211
15.9396 32.0184
15.9398 32.0161
15.9401 32.0141
15.9403 32.0124
15.9406 32.0108
15.9408 32.0095
15.941 32.0083
15.9413 32.0072
15.9415 32.0063
15.9418 32.0055
15.942 31.8798
15.9422 31.8949
15.9425 31.908
15.9427 31.9195
15.943 31.9296
15.9432 31.9384
15.9434 31.9461
15.9437 31.9528
15.9439 31.9587
15.9442 31.9639
15.9444 31.9684
15.9446 31.9723
15.9449 31.9758
15.9451 31.9788
15.9454 31.9815
15.9456 31.9838
15.9458 31.9858
15.9461 31.9876
15.9463 31.9891
15.9466 31.9905
15.9468 31.9917
15.947 31.9927
15.9475 31.9936
15.9639 33.9944
15.9642 33.7451
15.9645 33.527
15.9647 33.3361
15.9649 33.1691
15.9652 33.023
15.9654 32.8951
15.9657 32.7832
15.9659 32.6853
15.9662 32.5996
15.9664 32.5247
15.9666 32.4591
15.9669 32.4017
15.9671 32.3515
15.9674 32.3076
15.9676 32.2691
15.9678 32.2355
15.9681 32.331
15.9683 32.2897
15.9686 32.2535
15.9688 32.2218
15.969 32.319
15.9693 32.2792
15.9695 32.2443
15.9698 32.2137
15.97 32.187
15.9702 32.1636
15.9705 32.1432
15.9707 32.1253
15.971 32.1096
15.9712 32.0959
15.9714 32.0839
15.9717 32.0734
15.9719 32.0643
15.9722 32.0562
15.9724 32.0492
15.9726 32.043
15.9729 32.0377
15.9731 32.033
15.9734 32.0288
15.9736 32.0252
15.9738 32.0221
15.9741 32.1443
15.9743 32.1263
15.9746 32.1105
15.9748 32.0967
15.975 32.2096
15.9753 32.1834
15.9755 32.1605
15.9758 32.1404
15.976 32.2479
15.9762 32.2169
15.9765 32.1898
15.9767 32.166
15.977 32.1453
15.9772 32.1271
15.9774 32.1112
15.9777 32.0973
15.9779 32.0852
15.9782 32.0745
15.9784 32.0652
15.9786 32.0571
15.9789 32.0499
15.9794 32.0437
15.9796 32.0382
15.9961 32.1584
15.9964 32.1386
15.9967 32.1213
15.9969 32.1061
15.9972 32.2179
15.9974 32.1906
15.9976 32.1668
15.9979 32.146
15.9981 32.2527
15.9984 32.2211
15.9986 32.1935
15.9988 32.1693
15.9991 32.2731
15.9993 32.239
15.9996 32.2091
15.9998 32.183
16 32.2851
16.0003 32.2495
16.0005 32.2183
16.0008 32.191
16.001 32.1671
16.0012 32.1462
16.0015 32.128
16.0017 32.112
16.002 32.098
16.0022 32.2107
16.0024 32.1844
16.0027 32.1613
16.0029 32.1412
16.0032 32.2485
16.0034 32.2175
16.0036 32.1903
16.0039 32.1665
16.0041 32.2707
16.0044 32.2368
16.0046 32.2072
16.0048 32.1813
16.0051 32.2837
16.0053 32.2482
16.0056 32.2172
16.0058 32.19
16.006 32.2913
16.0063 32.2549
16.0065 32.223
16.0068 32.1951
16.007 32.2957
16.0072 32.2588
16.0075 32.2264
16.0077 32.1981
16.008 32.1734
16.0082 32.1517
16.0084 32.1327
16.0087 32.1161
16.0089 32.1016
16.0092 32.2139
16.0094 32.1872
16.0096 32.1638
16.0099 32.1433
16.0101 32.2504
16.0104 32.2191
16.0106 32.1917
16.0108 32.1677
16.0111 32.2718
16.0116 32.2378
16.0118 32.2081
16.0284 32.1821
16.0288 32.1593
16.029 32.1394
16.0292 32.247
16.0295 32.2161
16.0297 32.1891
16.03 32.1654
16.0302 32.2698
16.0304 32.236
16.0307 32.2065
16.0309 32.1807
16.0312 32.2831
16.0314 32.2477
16.0316 32.2168
16.0319 32.1897
16.0321 32.291
16.0324 32.2546
16.0326 32.2228
16.0328 32.1949
16.0331 32.2956
16.0333 32.3836
16.0336 32.3357
16.0338 32.2937
16.034 32.382
16.0343 32.4592
16.0345 32.5268
16.0348 32.461
16.035 32.5284
16.0352 32.5873
16.0355 32.6389
16.0357 32.559
16.036 32.4892
16.0362 32.553
16.0364 32.6089
16.0367 32.5328
16.0369 32.4662
16.0372 32.5329
16.0374 32.5913
16.0376 32.5174
16.0379 32.4527
16.0381 32.5211
16.0384 32.581
16.0386 32.5084
16.0388 32.4448
16.0391 32.5142
16.0393 32.5749
16.0396 32.5031
16.0398 32.4402
16.04 32.5102
16.0403 32.5714
16.0405 32.625
16.0408 32.5468
16.041 32.6035
16.0413 32.6531
16.0415 32.6964
16.0417 32.6094
16.042 32.5332
16.0422 32.5915
16.0425 32.6426
16.0427 32.5623
16.0429 32.492
16.0432 32.5555
16.0434 32.6111
16.0438 32.5347
16.0441 32.5928
16.0606 34.6437
16.061 34.3133
16.0612 34.1491
16.0614 34.0055
16.0617 33.7548
16.0619 33.5354
16.0622 33.4685
16.0624 33.4099
16.0626 33.2337
16.0629 33.0795
16.0631 33.0696
16.0634 33.0609
16.0636 32.9282
16.0638 32.8122
16.0641 32.8357
16.0643 32.8562
16.0646 32.7492
16.0648 32.6555
16.065 32.6986
16.0653 32.7363
16.0655 32.6442
16.0658 32.5637
16.066 32.6182
16.0662 32.666
16.0665 32.5827
16.0667 32.5099
16.067 32.4461
16.0672 32.5154
16.0674 32.451
16.0677 32.3946
16.0679 32.3453
16.0682 32.4271
16.0684 32.4987
16.0686 32.4364
16.0689 32.3818
16.0691 32.4591
16.0694 32.5267
16.0696 32.4609
16.0698 32.4033
16.0701 32.4779
16.0703 32.5431
16.0706 32.4752
16.0708 32.4158
16.071 32.4888
16.0713 32.5527
16.0715 32.4836
16.0718 32.4232
16.072 32.4953
16.0723 32.5584
16.0725 32.4886
16.0727 32.4275
16.073 32.3741
16.0732 32.4523
16.0735 32.3958
16.0737 32.3463
16.0739 32.303
16.0742 32.3901
16.0744 32.4664
16.0747 32.4081
16.0749 32.3571
16.0751 32.4374
16.0754 32.5078
16.0756 32.4443
16.076 32.3887
16.0763 32.4652
16.0928 34.407
16.0933 34.2311
16.0935 34.0772
16.0938 33.8176
16.094 33.7154
16.0942 33.626
16.0945 33.5477
16.0947 33.3543
16.095 33.185
16.0952 33.1618
16.0954 33.1416
16.0957 32.9989
16.0959 32.874
16.0962 32.8898
16.0964 32.9036
16.0966 32.7906
16.0969 32.6918
16.0971 32.7303
16.0974 32.764
16.0976 32.6685
16.0978 32.585
16.0981 32.6368
16.0983 32.6822
16.0986 32.597
16.0988 32.5223
16.099 32.582
16.0993 32.6343
16.0995 32.68
16.0998 32.595
16.1 32.6456
16.1002 32.6899
16.1005 32.7287
16.1007 32.6376
16.101 32.5579
16.1012 32.6132
16.1015 32.6615
16.1017 32.5788
16.1019 32.5065
16.1022 32.5682
16.1024 32.6221
16.1027 32.5444
16.1029 32.4763
16.1031 32.5418
16.1034 32.5991
16.1036 32.5242
16.1039 32.4587
16.1041 32.5263
16.1043 32.5855
16.1046 32.5123
16.1048 32.4483
16.1051 32.5173
16.1053 32.5776
16.1055 32.6304
16.1058 32.5516
16.106 32.6076
16.1063 32.6567
16.1065 32.6996
16.1067 32.6122
16.107 32.5356
16.1072 32.5937
16.1075 32.6445
16.1077 32.5639
16.1079 32.4934
16.1083 32.5567
16.1087 32.6122
16.1089 32.5356
16.1255 32.5937
16.126 32.5195
16.1262 32.5795
16.1264 32.6321
16.1267 32.5531
16.1269 32.4839
16.1272 32.5485
16.1274 32.6049
16.1276 32.6543
16.1279 32.5725
16.1281 32.6259
16.1284 32.6727
16.1286 32.7136
16.1288 32.6244
16.1291 32.6714
16.1293 32.7124
16.1296 32.7484
16.1298 32.6548
16.13 32.698
16.1303 32.7357
16.1305 32.7688
16.1308 32.6727
16.131 32.7136
16.1312 32.7494
16.1315 32.7807
16.1317 32.6831
16.132 32.5977
16.1322 32.648
16.1325 32.692
16.1327 32.6055
16.1329 32.5298
16.1332 32.5886
16.1334 32.64
16.1337 32.685
16.1339 32.5994
16.1341 32.6495
16.1344 32.6933
16.1346 32.7316
16.1349 32.6402
16.1351 32.6851
16.1353 32.7245
16.1356 32.7589
16.1358 32.6641
16.1361 32.7061
16.1363 32.7428
16.1365 32.775
16.1368 32.6781
16.137 32.7183
16.1373 32.7535
16.1375 32.7843
16.1377 32.6863
16.138 32.6005
16.1382 32.6504
16.1385 32.6941
16.1387 32.6074
16.1389 32.5314
16.1392 32.59
16.1394 32.6413
16.1397 32.6861
16.1399 32.6003
16.1401 32.6503
16.1404 32.694
16.1406 32.7323
16.141 32.6407
16.1413 32.6856
16.1416 32.7249
16.1583 32.7593
16.1588 32.7894
16.159 32.8157
16.1592 32.8388
16.1595 32.8589
16.1597 32.8765
16.16 32.767
16.1602 32.7961
16.1604 32.8216
16.1607 32.8439
16.1609 32.7384
16.1612 32.7711
16.1614 32.7997
16.1617 32.8248
16.1619 32.7217
16.1621 32.7564
16.1624 32.7869
16.1626 32.8135
16.1629 32.7118
16.1631 32.7479
16.1633 32.7794
16.1636 32.807
16.1638 32.7061
16.1641 32.7428
16.1643 32.775
16.1645 32.8031
16.1648 32.8277
16.165 32.8492
16.1653 32.8681
16.1655 32.8846
16.1657 32.899
16.166 32.7866
16.1662 32.8133
16.1665 32.8366
16.1667 32.8571
16.1669 32.7499
16.1672 32.7812
16.1674 32.8085
16.1677 32.8325
16.1679 32.7284
16.1681 32.7624
16.1684 32.7921
16.1686 32.8181
16.1689 32.7158
16.1691 32.7513
16.1693 32.7824
16.1696 32.8096
16.1698 32.8334
16.1701 32.8542
16.1703 32.8724
16.1705 32.8884
16.1708 32.9023
16.171 33.0395
16.1713 33.0346
16.1715 33.0303
16.1717 33.0265
16.172 33.0232
16.1722 33.0203
16.1725 33.0177
16.1727 33.0155
16.1729 33.0136
16.1732 33.0119
16.1734 33.0104
16.1737 33.0091
16.1741 33.133
16.1744 33.1163
16.191 35.1018
16.1915 34.8391
16.1917 34.6092
16.1919 34.283
16.1922 34.1227
16.1924 33.9823
16.1927 33.8595
16.1929 33.7521
16.1931 33.6581
16.1934 33.5758
16.1936 33.5038
16.1939 33.4409
16.1941 33.3858
16.1943 33.3375
16.1946 33.2953
16.1948 33.2584
16.1951 33.2261
16.1953 33.1979
16.1955 33.1731
16.1958 33.1515
16.196 33.1325
16.1963 33.116
16.1965 33.1015
16.1967 33.0888
16.197 32.9527
16.1972 32.9586
16.1975 32.9638
16.1977 32.9683
16.1979 32.8473
16.1982 32.8664
16.1984 32.8831
16.1987 32.8977
16.1989 32.9105
16.1991 32.9217
16.1994 32.9315
16.1996 32.94
16.1999 32.9475
16.2001 32.9541
16.2003 32.9598
16.2006 32.9648
16.2008 32.9692
16.2011 32.9731
16.2013 32.9764
16.2015 32.9794
16.2018 32.982
16.202 32.9842
16.2023 32.9862
16.2025 32.9879
16.2027 32.9894
16.203 32.8657
16.2032 32.8825
16.2035 32.8972
16.2037 32.9101
16.2039 32.7963
16.2042 32.8218
16.2044 32.844
16.2047 32.8635
16.2049 32.8806
16.2051 32.8955
16.2054 32.9086
16.2056 32.92
16.2059 32.93
16.2061 32.9388
16.2063 32.9464
16.2068 32.9531
16.2071 32.959
16.2237 34.9641
16.2243 34.8436
16.2245 34.6131
16.2247 34.4115
16.225 34.2351
16.2252 34.0807
16.2255 33.9456
16.2257 33.8274
16.2259 33.724
16.2262 33.6335
16.2264 33.5543
16.2267 33.485
16.2269 33.4244
16.2271 33.3713
16.2274 33.3249
16.2276 33.2843
16.2279 33.2488
16.2281 33.2177
16.2283 33.1905
16.2286 33.1666
16.2288 33.1458
16.2291 33.1276
16.2293 33.1116
16.2295 33.0977
16.2298 33.0855
16.23 33.1998
16.2303 33.1748
16.2305 33.153
16.2307 33.1338
16.231 33.1171
16.2312 33.1025
16.2315 33.0897
16.2317 33.0785
16.2319 33.0686
16.2322 33.0601
16.2324 33.0526
16.2327 33.046
16.2329 33.0402
16.2331 33.0352
16.2334 33.0308
16.2336 33.027
16.2339 33.0236
16.2341 33.0206
16.2343 33.0181
16.2346 33.0158
16.2348 33.0138
16.2351 33.0121
16.2353 33.0106
16.2355 33.0093
16.2358 33.0081
16.236 33.1321
16.2363 33.1156
16.2365 33.1011
16.2368 33.0885
16.237 33.0774
16.2372 33.0677
16.2375 33.0593
16.2377 33.0519
16.238 33.0454
16.2382 33.0397
16.2384 33.0347
16.2387 33.0304
16.2389 33.0266
16.2392 33.0233
16.2396 33.0204
16.2399 33.0178
16.2401 33.0156
16.2568 33.0136
16.2574 33.0119
16.2577 33.0104
16.2579 33.0091
16.2581 33.133
16.2584 33.1164
16.2586 33.1018
16.2589 33.0891
16.2591 33.203
16.2593 33.1776
16.2596 33.1554
16.2598 33.136
16.2601 33.244
16.2603 33.2135
16.2605 33.1868
16.2608 33.1634
16.261 33.268
16.2613 33.2345
16.2615 33.2052
16.2617 33.1795
16.262 33.1571
16.2622 33.1375
16.2625 33.1203
16.2627 33.1052
16.2629 33.0921
16.2632 33.0806
16.2634 33.0705
16.2637 33.0617
16.2639 33.054
16.2641 33.1722
16.2644 33.1507
16.2646 33.1319
16.2649 33.1154
16.2651 33.226
16.2653 33.1977
16.2656 33.173
16.2658 33.1514
16.2661 33.2575
16.2663 33.2253
16.2666 33.1971
16.2668 33.1725
16.267 33.2759
16.2673 33.2414
16.2675 33.2112
16.2678 33.1848
16.268 33.1617
16.2682 33.1415
16.2685 33.1238
16.2687 33.1083
16.269 33.0948
16.2692 33.083
16.2694 33.0726
16.2697 33.0635
16.2699 33.0556
16.2702 33.1736
16.2704 33.1519
16.2706 33.1329
16.2709 33.1163
16.2711 33.2268
16.2714 33.1984
16.2716 33.1736
16.2718 33.1519
16.2721 33.2579
16.2723 33.2257
16.2728 33.1975
16.273 33.2978
16.2733 33.2606
16.2901 33.353
16.2907 33.3089
16.2909 33.2703
16.2912 33.3615
16.2914 33.3163
16.2917 33.2768
16.2919 33.2422
16.2921 33.3369
16.2924 33.2948
16.2926 33.2579
16.2929 33.2257
16.2931 33.3225
16.2933 33.2822
16.2936 33.2469
16.2938 33.216
16.2941 33.314
16.2943 33.2748
16.2945 33.2404
16.2948 33.2104
16.295 33.3091
16.2953 33.3954
16.2955 33.346
16.2957 33.3028
16.296 33.2649
16.2962 33.3568
16.2965 33.3122
16.2967 33.2732
16.297 33.239
16.2972 33.3341
16.2974 33.2924
16.2977 33.2558
16.2979 33.2239
16.2982 33.3209
16.2984 33.2808
16.2986 33.2457
16.2989 33.215
16.2991 33.3131
16.2994 33.2739
16.2996 33.2397
16.2998 33.2097
16.3001 33.3085
16.3003 33.27
16.3006 33.2362
16.3008 33.2067
16.301 33.3058
16.3013 33.3926
16.3015 33.3435
16.3018 33.3006
16.302 33.263
16.3022 33.3551
16.3025 33.3108
16.3027 33.2719
16.303 33.2379
16.3032 33.3332
16.3034 33.2915
16.3037 33.2551
16.3039 33.2232
16.3042 33.3203
16.3044 33.2803
16.3046 33.2452
16.3049 33.2146
16.3051 33.3128
16.3054 33.2737
16.3056 33.2395
16.3061 33.3345
16.3063 33.2927
16.3066 33.2561
16.3234 33.2241
16.3239 33.1961
16.3241 33.2966
16.3243 33.3845
16.3246 33.3364
16.3248 33.2944
16.3251 33.3826
16.3253 33.4598
16.3255 33.4023
16.3258 33.352
16.326 33.433
16.3263 33.5039
16.3265 33.4409
16.3268 33.3858
16.327 33.3376
16.3272 33.4204
16.3275 33.3678
16.3277 33.3218
16.328 33.2816
16.3282 33.3714
16.3284 33.325
16.3287 33.2844
16.3289 33.2488
16.3292 33.3427
16.3294 33.4249
16.3296 33.3718
16.3299 33.3253
16.3301 33.4096
16.3304 33.4834
16.3306 33.423
16.3308 33.3701
16.3311 33.4489
16.3313 33.5177
16.3316 33.453
16.3318 33.3964
16.332 33.4718
16.3323 33.5379
16.3325 33.4706
16.3328 33.4118
16.333 33.3603
16.3332 33.4403
16.3335 33.3853
16.3337 33.3371
16.334 33.295
16.3342 33.3831
16.3344 33.3352
16.3347 33.2933
16.3349 33.2566
16.3352 33.3496
16.3354 33.4309
16.3356 33.377
16.3359 33.3299
16.3361 33.4136
16.3364 33.4869
16.3366 33.4261
16.3368 33.3728
16.3371 33.4512
16.3373 33.5198
16.3376 33.4548
16.3378 33.398
16.338 33.4732
16.3383 33.5391
16.3385 33.4717
16.3389 33.4127
16.3392 33.4861
16.3395 33.4254
16.3397 33.3722
16.3567 35.4507
16.3572 35.2693
16.3574 35.1107
16.3576 34.8468
16.3579 34.616
16.3581 34.539
16.3584 34.4716
16.3586 34.2877
16.3588 34.1267
16.3591 34.1109
16.3593 34.097
16.3596 33.9599
16.3598 33.8399
16.36 33.8599
16.3603 33.8774
16.3605 33.8927
16.3608 33.7811
16.361 33.6835
16.3612 33.7231
16.3615 33.7577
16.3617 33.663
16.362 33.5801
16.3622 33.6326
16.3624 33.6785
16.3627 33.5937
16.3629 33.5195
16.3632 33.5795
16.3634 33.6321
16.3636 33.5531
16.3639 33.484
16.3641 33.5485
16.3644 33.6049
16.3646 33.5293
16.3648 33.4631
16.3651 33.5302
16.3653 33.589
16.3656 33.5153
16.3658 33.4509
16.366 33.5196
16.3663 33.5796
16.3665 33.6322
16.3668 33.5531
16.367 33.609
16.3672 33.6579
16.3675 33.7006
16.3677 33.6131
16.368 33.5364
16.3682 33.5944
16.3684 33.6451
16.3687 33.5644
16.3689 33.4939
16.3692 33.5571
16.3694 33.6125
16.3696 33.5359
16.3699 33.4689
16.3701 33.5353
16.3704 33.5934
16.3706 33.5192
16.3708 33.4543
16.3711 33.5225
16.3713 33.5822
16.3716 33.5094
16.3718 33.4458
16.3722 33.515
16.3725 33.5757
16.3728 33.5037
16.373 33.5657
16.39 35.62
16.3904 35.4175
16.3908 35.1153
16.391 34.9759
16.3913 34.8539
16.3915 34.7472
16.3918 34.5288
16.392 34.3377
16.3922 34.2955
16.3925 34.2585
16.3927 34.1012
16.393 33.9636
16.3932 33.9681
16.3934 33.9721
16.3937 33.8506
16.3939 33.7443
16.3942 33.7762
16.3944 33.8042
16.3946 33.8287
16.3949 33.7251
16.3951 33.7595
16.3954 33.7895
16.3956 33.8158
16.3958 33.7139
16.3961 33.7496
16.3963 33.7809
16.3966 33.8083
16.3968 33.7073
16.397 33.7439
16.3973 33.7759
16.3975 33.8039
16.3978 33.7034
16.398 33.7405
16.3982 33.7729
16.3985 33.8013
16.3987 33.7011
16.399 33.6135
16.3992 33.6618
16.3994 33.7041
16.3997 33.6161
16.3999 33.5391
16.4002 33.5967
16.4004 33.6471
16.4006 33.5662
16.4009 33.4954
16.4011 33.5585
16.4014 33.6137
16.4016 33.662
16.4019 33.5792
16.4021 33.6318
16.4023 33.6778
16.4026 33.7181
16.4028 33.6284
16.4031 33.6748
16.4033 33.7155
16.4035 33.751
16.4038 33.6571
16.404 33.7
16.4043 33.7375
16.4045 33.7703
16.4047 33.674
16.405 33.5898
16.4052 33.641
16.4055 33.6859
16.4058 33.6002
16.4062 33.6502
16.4064 33.6939
16.4067 33.6071
16.4236 33.6563
16.4242 33.6992
16.4246 33.7368
16.4248 33.6447
16.425 33.6891
16.4253 33.728
16.4255 33.762
16.4258 33.7917
16.426 33.8178
16.4262 33.8405
16.4265 33.8605
16.4267 33.8779
16.427 33.7682
16.4272 33.7972
16.4274 33.8225
16.4277 33.8447
16.4279 33.7391
16.4282 33.7717
16.4284 33.8003
16.4286 33.8252
16.4289 33.7221
16.4291 33.7568
16.4294 33.7872
16.4296 33.8138
16.4298 33.7121
16.4301 33.7481
16.4303 33.7796
16.4306 33.8071
16.4308 33.7062
16.431 33.7429
16.4313 33.7751
16.4315 33.8032
16.4318 33.7028
16.432 33.7399
16.4323 33.7724
16.4325 33.8009
16.4327 33.8258
16.433 33.7226
16.4332 33.7572
16.4335 33.7876
16.4337 33.8141
16.4339 33.7124
16.4342 33.7483
16.4344 33.7798
16.4347 33.8073
16.4349 33.7064
16.4351 33.7431
16.4354 33.7752
16.4356 33.8033
16.4359 33.7029
16.4361 33.74
16.4363 33.7725
16.4366 33.801
16.4368 33.7008
16.4371 33.7382
16.4373 33.771
16.4375 33.7996
16.4378 33.6996
16.438 33.7372
16.4383 33.77
16.4385 33.7988
16.4387 33.8239
16.439 33.7209
16.4392 33.7558
16.4396 33.7863
16.4399 33.688
16.4402 33.727
16.4404 33.7612
16.4574 33.791
16.458 33.6921
16.4582 33.7306
16.4584 33.7643
16.4587 33.6688
16.4589 33.5852
16.4592 33.637
16.4594 33.6824
16.4596 33.5971
16.4599 33.5225
16.4601 33.5821
16.4604 33.6344
16.4606 33.6801
16.4608 33.5951
16.4611 33.6457
16.4613 33.69
16.4616 33.7287
16.4618 33.6376
16.4621 33.6829
16.4623 33.7226
16.4625 33.7572
16.4628 33.6626
16.463 33.7048
16.4633 33.7417
16.4635 33.774
16.4637 33.8022
16.464 33.7019
16.4642 33.7392
16.4645 33.7718
16.4647 33.8003
16.4649 33.7003
16.4652 33.7377
16.4654 33.7705
16.4657 33.7992
16.4659 33.6993
16.4661 33.7369
16.4664 33.7698
16.4666 33.7986
16.4669 33.8237
16.4671 33.8458
16.4673 33.865
16.4676 33.8819
16.4678 33.8967
16.4681 33.9096
16.4683 33.9209
16.4685 33.9308
16.4688 33.9394
16.469 33.947
16.4693 33.9536
16.4695 33.9594
16.4697 33.9645
16.47 33.8439
16.4702 33.8634
16.4705 33.8805
16.4707 33.8954
16.4709 33.7835
16.4712 33.8106
16.4714 33.8343
16.4717 33.855
16.4719 33.7481
16.4721 33.7796
16.4724 33.8071
16.4726 33.8312
16.4729 33.8523
16.4733 33.8708
16.4736 33.8869
16.4738 33.9011
16.4741 33.9134
16.491 36.0493
16.4916 35.7931
16.4919 35.569
16.4921 35.3728
16.4923 35.2012
16.4926 35.0511
16.4928 34.9197
16.4931 34.8047
16.4933 34.7041
16.4935 34.6161
16.4938 34.5391
16.494 34.4717
16.4943 34.4128
16.4945 34.3612
16.4947 34.316
16.495 34.1515
16.4952 34.1326
16.4955 34.116
16.4957 34.1015
16.4959 33.9638
16.4962 33.9683
16.4964 33.9723
16.4967 33.9758
16.4969 33.8538
16.4971 33.8721
16.4974 33.8881
16.4976 33.902
16.4979 33.9143
16.4981 33.925
16.4983 33.9344
16.4986 33.9426
16.4988 33.9498
16.4991 33.956
16.4993 33.9615
16.4995 33.9663
16.4998 33.9705
16.5 33.9742
16.5003 33.9774
16.5005 33.9803
16.5007 33.9827
16.501 33.8599
16.5012 33.8774
16.5015 33.8927
16.5017 33.9061
16.5019 33.7929
16.5022 33.8188
16.5024 33.8414
16.5027 33.8612
16.5029 33.7536
16.5031 33.7844
16.5034 33.8113
16.5036 33.8349
16.5039 33.8556
16.5041 33.8736
16.5043 33.8894
16.5046 33.9032
16.5048 33.9153
16.5051 33.9259
16.5053 33.9352
16.5055 33.9433
16.5058 33.9504
16.506 33.9566
16.5063 33.962
16.5065 33.9667
16.5071 34.0959
16.5074 34.0839
16.5076 34.0734
16.5078 34.0642
16.5248 36.0562
16.5254 35.7992
16.5256 35.5743
16.5259 35.3775
16.5261 35.2053
16.5263 35.0546
16.5266 34.9228
16.5268 34.8075
16.5271 34.7065
16.5273 34.6182
16.5275 34.5409
16.5278 34.4733
16.528 34.4142
16.5283 34.3624
16.5285 34.3171
16.5287 34.2775
16.529 34.2428
16.5292 34.2124
16.5295 34.1859
16.5297 34.1626
16.5299 34.1423
16.5302 34.1245
16.5304 34.109
16.5307 34.0953
16.5309 34.0834
16.5311 34.073
16.5314 34.0639
16.5316 34.0559
16.5319 34.0489
16.5321 34.0428
16.5323 34.0374
16.5326 34.0328
16.5328 34.0287
16.5331 34.0251
16.5333 34.0219
16.5335 34.0192
16.5338 34.0168
16.534 34.0147
16.5343 34.0129
16.5345 34.0113
16.5347 34.0098
16.535 34.0086
16.5352 34.0075
16.5355 34.0066
16.5357 34.0058
16.5359 34.005
16.5362 34.0044
16.5364 34.0039
16.5367 34.0034
16.5369 34.003
16.5372 34.0026
16.5374 34.0023
16.5376 34.002
16.5379 34.0017
16.5381 34.0015
16.5384 34.0013
16.5386 34.0012
16.5388 34.001
16.5391 34.0009
16.5393 34.0008
16.5396 34.0007
16.5398 34.0006
16.54 34.0005
16.5403 34.0005
16.5408 34.0004
16.5412 34.0003
16.5415 34.0003
16.5417 34.0003
16.542 34.0002
16.5589 34.0002
16.5595 34.0002
16.5597 34.0002
16.56 34.0001
16.5602 34.0001
16.5605 34.0001
16.5607 34.0001
16.5609 34.0001
16.5612 34.0001
16.5614 34.0001
16.5617 34
16.5619 34
16.5621 34
16.5624 34
16.5626 34
16.5629 34
16.5631 34.125
16.5633 34.1094
16.5636 34.0957
16.5638 34.0838
16.5641 34.1983
16.5643 34.1735
16.5645 34.1518
16.5648 34.1328
16.565 34.2412
16.5653 34.2111
16.5655 34.1847
16.5657 34.1616
16.566 34.1414
16.5662 34.1237
16.5665 34.1083
16.5667 34.0947
16.567 34.0829
16.5672 34.0725
16.5674 34.0635
16.5677 34.0555
16.5679 34.0486
16.5682 34.0425
16.5684 34.0372
16.5686 34.0325
16.5689 34.0285
16.5691 34.1499
16.5694 34.1312
16.5696 34.1148
16.5698 34.1004
16.5701 34.2129
16.5703 34.1863
16.5706 34.163
16.5708 34.1426
16.571 34.2498
16.5713 34.2186
16.5715 34.1912
16.5718 34.1673
16.572 34.1464
16.5722 34.1281
16.5725 34.1121
16.5727 34.0981
16.573 34.0858
16.5732 34.0751
16.5734 34.0657
16.5737 34.0575
16.5739 34.0503
16.5742 34.044
16.5744 34.0385
16.5749 34.0337
16.5754 34.0295
16.5756 34.0258
16.5758 34.0226
16.5761 34.1448
16.5931 34.2517
16.5937 34.2202
16.594 34.1927
16.5942 34.2936
16.5945 34.2569
16.5947 34.2248
16.5949 34.1967
16.5952 34.2971
16.5954 34.26
16.5957 34.2275
16.5959 34.199
16.5961 34.2992
16.5964 34.2618
16.5966 34.229
16.5969 34.2004
16.5971 34.3004
16.5974 34.2628
16.5976 34.23
16.5978 34.2012
16.5981 34.3011
16.5983 34.2634
16.5986 34.2305
16.5988 34.2017
16.599 34.3015
16.5993 34.2638
16.5995 34.2308
16.5998 34.202
16.6 34.1767
16.6002 34.2796
16.6005 34.2447
16.6007 34.2141
16.601 34.1873
16.6012 34.2889
16.6014 34.2528
16.6017 34.2212
16.6019 34.1935
16.6022 34.2944
16.6024 34.2576
16.6026 34.2254
16.6029 34.1972
16.6031 34.2975
16.6034 34.3854
16.6036 34.3372
16.6038 34.295
16.6041 34.3832
16.6043 34.4603
16.6046 34.4027
16.6048 34.3524
16.605 34.4333
16.6053 34.5042
16.6055 34.4411
16.6058 34.386
16.606 34.4628
16.6062 34.5299
16.6065 34.5887
16.6067 34.5151
16.607 34.4507
16.6072 34.5194
16.6074 34.5794
16.6077 34.507
16.6079 34.4436
16.6082 34.5132
16.6084 34.574
16.6086 34.5023
16.609 34.5645
16.6095 34.6189
16.6098 34.5416
16.6101 34.5989
16.6103 34.649
16.6273 36.6929
16.6279 36.3563
16.6281 36.1867
16.6284 36.0384
16.6286 35.7836
16.6288 35.5606
16.6291 35.4906
16.6293 35.4292
16.6296 35.2506
16.6298 35.0943
16.63 35.0825
16.6303 35.0722
16.6305 34.9381
16.6308 34.8209
16.631 34.7183
16.6312 34.7535
16.6315 34.6593
16.6317 34.5769
16.632 34.5048
16.6322 34.5667
16.6324 34.4958
16.6327 34.4339
16.6329 34.3796
16.6332 34.4572
16.6334 34.4
16.6336 34.35
16.6339 34.3063
16.6341 34.393
16.6344 34.4689
16.6346 34.4103
16.6348 34.359
16.6351 34.4391
16.6353 34.5092
16.6356 34.4456
16.6358 34.3899
16.636 34.4661
16.6363 34.5329
16.6365 34.4663
16.6368 34.408
16.637 34.482
16.6372 34.5467
16.6375 34.4784
16.6377 34.4186
16.638 34.3663
16.6382 34.4455
16.6384 34.3898
16.6387 34.3411
16.6389 34.2984
16.6392 34.3861
16.6394 34.3379
16.6396 34.2956
16.6399 34.2587
16.6401 34.3513
16.6404 34.3074
16.6406 34.269
16.6408 34.2354
16.6411 34.3309
16.6413 34.4146
16.6416 34.3628
16.6418 34.3174
16.6421 34.4027
16.6423 34.4774
16.6425 34.4177
16.6428 34.3655
16.6431 34.4448
16.6436 34.3892
16.644 34.3406
16.6442 34.423
16.6445 34.3701
16.6614 36.4489
16.6621 36.2677
16.6624 36.1093
16.6626 35.8456
16.6628 35.6149
16.6631 35.538
16.6633 35.4708
16.6636 35.2869
16.6638 35.1261
16.664 35.1103
16.6643 35.0965
16.6645 34.9595
16.6648 34.8395
16.665 34.8596
16.6652 34.8771
16.6655 34.8925
16.6657 34.7809
16.666 34.6833
16.6662 34.7229
16.6664 34.7575
16.6667 34.6628
16.6669 34.58
16.6672 34.6325
16.6674 34.6784
16.6676 34.5936
16.6679 34.5194
16.6681 34.5795
16.6684 34.6321
16.6686 34.553
16.6688 34.4839
16.6691 34.5484
16.6693 34.6049
16.6696 34.5293
16.6698 34.4631
16.67 34.5302
16.6703 34.5889
16.6705 34.5153
16.6708 34.4509
16.671 34.5195
16.6712 34.5796
16.6715 34.5071
16.6717 34.4438
16.672 34.3883
16.6722 34.4647
16.6725 34.5317
16.6727 34.4652
16.6729 34.407
16.6732 34.4812
16.6734 34.546
16.6737 34.4778
16.6739 34.418
16.6741 34.4908
16.6744 34.5544
16.6746 34.4851
16.6749 34.4245
16.6751 34.4964
16.6753 34.5594
16.6756 34.4895
16.6758 34.4283
16.6761 34.4997
16.6763 34.5623
16.6765 34.492
16.6768 34.4305
16.677 34.5017
16.6774 34.564
16.6777 34.4935
16.6782 34.5568
16.6785 34.6122
16.6787 34.5357
16.6789 34.4687
16.696 34.5351
16.6967 34.4682
16.697 34.4097
16.6972 34.4835
16.6974 34.548
16.6977 34.4795
16.6979 34.4196
16.6982 34.4921
16.6984 34.5556
16.6986 34.4862
16.6989 34.4254
16.6991 34.4972
16.6994 34.5601
16.6996 34.4901
16.6998 34.4288
16.7001 34.5002
16.7003 34.5627
16.7006 34.6173
16.7008 34.5402
16.701 34.5977
16.7013 34.6479
16.7015 34.692
16.7018 34.6055
16.702 34.6548
16.7023 34.6979
16.7025 34.7357
16.7027 34.6437
16.703 34.5633
16.7032 34.6179
16.7035 34.6656
16.7037 34.5824
16.7039 34.5096
16.7042 34.5709
16.7044 34.6245
16.7047 34.5465
16.7049 34.4782
16.7051 34.5434
16.7054 34.6005
16.7056 34.5254
16.7059 34.4597
16.7061 34.5273
16.7063 34.5864
16.7066 34.6381
16.7068 34.5583
16.7071 34.6135
16.7073 34.6618
16.7075 34.7041
16.7078 34.6161
16.708 34.6641
16.7083 34.7061
16.7085 34.7428
16.7087 34.65
16.709 34.5687
16.7092 34.6226
16.7095 34.6698
16.7097 34.5861
16.7099 34.5128
16.7102 34.5737
16.7104 34.627
16.7107 34.5486
16.7109 34.48
16.7111 34.545
16.7114 34.6019
16.7116 34.5267
16.712 34.4608
16.7123 34.5282
16.7128 34.4622
16.7131 34.5294
16.7133 34.5882
16.7135 34.6397
16.7288 34.3098
16.7295 34.146
16.7298 34.0028
16.73 33.8774
16.7302 33.7677
16.7305 33.6718
16.7307 33.5878
16.731 33.3893
16.7312 33.3407
16.7314 33.2981
16.7317 33.2608
16.7319 33.1032
16.7322 32.8403
16.7324 32.6103
16.7327 32.409
16.7329 32.2329
16.7331 32.0788
16.7334 31.9439
16.7336 31.8259
16.7339 31.7227
16.7341 31.7573
16.7343 31.6627
16.7346 31.5798
16.7348 31.5074
16.7351 31.5689
16.7353 31.4978
16.7355 31.4356
16.7358 31.3811
16.736 31.4585
16.7363 31.4012
16.7365 31.351
16.7367 31.3072
16.737 31.2688
16.7372 31.2352
16.7375 31.2058
16.7377 31.1801
16.7379 31.1575
16.7382 31.1379
16.7384 31.1206
16.7387 31.1055
16.7389 31.0923
16.7391 31.0808
16.7394 31.0707
16.7396 31.0619
16.7399 31.0541
16.7401 31.1724
16.7403 31.1508
16.7406 31.132
16.7408 31.1155
16.7411 31.226
16.7413 31.1978
16.7415 31.1731
16.7418 31.1514
16.742 31.2575
16.7423 31.2253
16.7425 31.1971
16.7427 31.1725
16.7431 31.2759
16.7435 31.2414
16.7439 31.2113
16.7442 31.1849
16.7444 31.1617
16.7447 31.1415
16.76 31.2488
16.7606 31.2177
16.7609 31.1905
16.7611 31.1667
16.7614 31.1459
16.7616 31.1276
16.7618 31.1117
16.7621 31.2227
16.7623 31.1949
16.7626 31.1705
16.7628 31.1492
16.7631 31.2555
16.7633 31.2236
16.7635 31.1957
16.7638 31.1712
16.764 31.2748
16.7643 31.2404
16.7645 31.2104
16.7647 31.1841
16.765 31.1611
16.7652 31.1409
16.7655 31.1233
16.7657 31.1079
16.7659 31.0944
16.7662 31.0826
16.7664 31.0723
16.7667 31.0633
16.7669 31.0553
16.7671 31.0484
16.7674 31.0424
16.7676 31.0371
16.7679 31.0324
16.7681 31.1534
16.7683 31.1342
16.7686 31.1174
16.7688 31.1028
16.7691 31.2149
16.7693 31.188
16.7695 31.1645
16.7698 31.144
16.77 31.251
16.7703 31.2196
16.7705 31.1922
16.7707 31.1681
16.771 31.1471
16.7712 31.1287
16.7715 31.1126
16.7717 31.0986
16.7719 31.0862
16.7722 31.0755
16.7724 31.066
16.7727 31.0578
16.7729 31.0505
16.7731 31.0442
16.7734 31.0387
16.7736 31.0339
16.7739 31.0296
16.7743 31.0259
16.7747 31.0227
16.7751 31.1448
16.7753 31.1267
16.7755 31.1109
16.7759 31.097
16.7913 31.0849
16.7919 31.0743
16.7921 31.19
16.7924 31.1663
16.7926 31.1455
16.7929 31.1273
16.7931 31.2364
16.7933 31.2068
16.7936 31.181
16.7938 31.1584
16.7941 31.2636
16.7943 31.2306
16.7945 31.2018
16.7948 31.1766
16.795 31.2795
16.7953 31.2446
16.7955 31.214
16.7957 31.1872
16.796 31.1638
16.7962 31.2684
16.7965 31.2348
16.7967 31.2055
16.7969 31.1798
16.7972 31.2823
16.7974 31.247
16.7977 31.2161
16.7979 31.1891
16.7981 31.2905
16.7984 31.2542
16.7986 31.2224
16.7989 31.1946
16.7991 31.2953
16.7993 31.2584
16.7996 31.2261
16.7998 31.1978
16.8001 31.2981
16.8003 31.2608
16.8005 31.2282
16.8008 31.1997
16.801 31.2997
16.8013 31.2623
16.8015 31.2295
16.8017 31.2008
16.802 31.1757
16.8022 31.2787
16.8025 31.2439
16.8027 31.2134
16.8029 31.1867
16.8032 31.2884
16.8034 31.2523
16.8037 31.2208
16.8039 31.1932
16.8041 31.294
16.8044 31.3823
16.8046 31.3345
16.8049 31.2927
16.8051 31.3811
16.8055 31.4585
16.8058 31.4012
16.8063 31.476
16.8065 31.4165
16.8068 31.3644
16.807 31.4439
16.8225 33.3884
16.8233 33.2149
16.8235 33.063
16.8237 32.8051
16.824 32.5795
16.8242 32.507
16.8245 32.4437
16.8247 32.2632
16.8249 32.1053
16.8252 32.0921
16.8254 32.0806
16.8257 31.9455
16.8259 31.8274
16.8261 31.8489
16.8264 31.8678
16.8266 31.7593
16.8269 31.6644
16.8271 31.7064
16.8273 31.7431
16.8276 31.7752
16.8278 31.6783
16.8281 31.7185
16.8283 31.7537
16.8285 31.7845
16.8288 31.6864
16.829 31.7256
16.8293 31.7599
16.8295 31.7899
16.8297 31.6912
16.83 31.6048
16.8302 31.6542
16.8305 31.6974
16.8307 31.6102
16.8309 31.534
16.8312 31.5922
16.8314 31.6432
16.8317 31.5628
16.8319 31.4924
16.8321 31.5559
16.8324 31.6114
16.8326 31.535
16.8329 31.4681
16.8331 31.5346
16.8333 31.5928
16.8336 31.6437
16.8338 31.5632
16.8341 31.6178
16.8343 31.6656
16.8345 31.7074
16.8348 31.619
16.835 31.6666
16.8353 31.7083
16.8355 31.7447
16.8357 31.6516
16.836 31.5702
16.8362 31.6239
16.8365 31.6709
16.8367 31.5871
16.8372 31.6387
16.8376 31.6838
16.8379 31.5984
16.8382 31.6486
16.8384 31.6925
16.8538 33.4809
16.8545 33.2958
16.8547 33.0088
16.855 32.7577
16.8552 32.663
16.8555 32.5801
16.8557 32.3826
16.8559 32.2098
16.8562 32.1836
16.8564 32.1606
16.8567 32.0155
16.8569 31.8886
16.8571 31.9025
16.8574 31.9147
16.8576 31.8004
16.8579 31.7003
16.8581 31.7378
16.8583 31.7706
16.8586 31.6742
16.8588 31.59
16.8591 31.6412
16.8593 31.6861
16.8595 31.6003
16.8598 31.5253
16.86 31.5846
16.8603 31.6365
16.8605 31.557
16.8607 31.4873
16.861 31.4264
16.8612 31.4981
16.8615 31.5609
16.8617 31.4907
16.8619 31.4294
16.8622 31.5007
16.8624 31.5631
16.8627 31.4927
16.8629 31.4312
16.8631 31.5023
16.8634 31.5645
16.8636 31.4939
16.8639 31.4322
16.8641 31.5032
16.8643 31.5653
16.8646 31.4946
16.8648 31.4328
16.8651 31.5037
16.8653 31.5657
16.8655 31.495
16.8658 31.4331
16.866 31.504
16.8663 31.566
16.8665 31.4952
16.8667 31.4333
16.867 31.3792
16.8672 31.4568
16.8675 31.5247
16.8677 31.4591
16.868 31.4017
16.8684 31.4765
16.8687 31.4169
16.8692 31.4898
16.8694 31.5536
16.8696 31.4844
16.8699 31.4238
16.8854 31.4959
16.886 31.4339
16.8862 31.5046
16.8865 31.5666
16.8867 31.4957
16.8869 31.4338
16.8872 31.5045
16.8874 31.5665
16.8877 31.4957
16.8879 31.4337
16.8881 31.5045
16.8884 31.5664
16.8886 31.4956
16.8889 31.4337
16.8891 31.5045
16.8893 31.5664
16.8896 31.4956
16.8898 31.4337
16.8901 31.5044
16.8903 31.5664
16.8905 31.4956
16.8908 31.4336
16.891 31.5044
16.8913 31.5664
16.8915 31.4956
16.8917 31.4336
16.892 31.3794
16.8922 31.457
16.8925 31.5249
16.8927 31.4593
16.8929 31.4019
16.8932 31.4766
16.8934 31.542
16.8937 31.4743
16.8939 31.415
16.8941 31.4881
16.8944 31.5521
16.8946 31.4831
16.8949 31.4227
16.8951 31.4949
16.8953 31.558
16.8956 31.4883
16.8958 31.4272
16.8961 31.4988
16.8963 31.5615
16.8965 31.4913
16.8968 31.4299
16.897 31.5011
16.8973 31.5635
16.8975 31.4931
16.8978 31.4314
16.898 31.3775
16.8982 31.4553
16.8985 31.5234
16.8987 31.458
16.899 31.4007
16.8992 31.4756
16.8996 31.5412
16.8999 31.4735
16.9003 31.5393
16.9006 31.4719
16.9009 31.4129
16.9011 31.4863
16.9015 31.5505
16.9171 31.6067
16.9176 31.6559
16.9178 31.5739
16.9181 31.6271
16.9183 31.6738
16.9185 31.7145
16.9188 31.6252
16.919 31.6721
16.9193 31.7131
16.9195 31.7489
16.9197 31.6553
16.92 31.5734
16.9202 31.6267
16.9205 31.6734
16.9207 31.5892
16.9209 31.5156
16.9212 31.5761
16.9214 31.6291
16.9217 31.5505
16.9219 31.4817
16.9221 31.5464
16.9224 31.6031
16.9226 31.5277
16.9229 31.4618
16.9231 31.5291
16.9233 31.5879
16.9236 31.6394
16.9238 31.5595
16.9241 31.6146
16.9243 31.6627
16.9245 31.7049
16.9248 31.6168
16.925 31.6647
16.9253 31.7066
16.9255 31.7433
16.9257 31.6504
16.926 31.5691
16.9262 31.6229
16.9265 31.6701
16.9267 31.5863
16.9269 31.513
16.9272 31.5739
16.9274 31.6272
16.9277 31.5488
16.9279 31.4802
16.9282 31.5451
16.9284 31.602
16.9286 31.5267
16.9289 31.4609
16.9291 31.5283
16.9294 31.5873
16.9296 31.6388
16.9298 31.559
16.9301 31.6141
16.9303 31.6624
16.9306 31.7046
16.9308 31.6165
16.9313 31.6644
16.9315 31.7064
16.932 31.6181
16.9322 31.6658
16.9325 31.7076
16.9327 31.7441
16.9332 31.7761
16.9487 33.6791
16.9493 33.4692
16.9495 33.2856
16.9498 33.1249
16.95 32.9843
16.9503 32.8612
16.9505 32.7536
16.9507 32.6594
16.951 32.452
16.9512 32.3955
16.9515 32.346
16.9517 32.3028
16.9519 32.2649
16.9522 32.2318
16.9524 32.2028
16.9527 32.1775
16.9529 32.1553
16.9531 32.1359
16.9534 32.1189
16.9536 32.104
16.9539 32.091
16.9541 32.0796
16.9543 32.0697
16.9546 32.061
16.9548 32.0534
16.9551 32.0467
16.9553 32.0409
16.9555 32.0357
16.9558 32.0313
16.956 32.0274
16.9563 32.0239
16.9565 32.021
16.9567 32.0183
16.957 31.891
16.9572 31.9047
16.9575 31.9166
16.9577 31.927
16.958 31.9361
16.9582 31.9441
16.9584 31.9511
16.9587 31.9572
16.9589 31.9626
16.9592 31.9672
16.9594 31.9713
16.9596 31.9749
16.9599 31.9781
16.9601 31.9808
16.9604 31.9832
16.9606 31.9853
16.9608 31.9871
16.9611 31.9887
16.9613 31.9901
16.9616 31.9914
16.9618 31.9925
16.962 31.9934
16.9623 31.9942
16.9625 31.9949
16.9629 31.9956
16.9632 31.9961
16.9636 31.9966
16.964 31.997
16.9642 31.9974
16.9644 31.9977
16.9648 31.998
16.9803 33.8733
16.981 33.7641
16.9814 33.5436
16.9816 33.3506
16.9819 33.1818
16.9821 33.0341
16.9823 32.9048
16.9826 32.7917
16.9828 32.6928
16.9831 32.7312
16.9833 32.6398
16.9835 32.5598
16.9838 32.4898
16.984 32.5536
16.9843 32.4844
16.9845 32.4238
16.9847 32.3709
16.985 32.3245
16.9852 32.2839
16.9855 32.2484
16.9857 32.2174
16.9859 32.1902
16.9862 32.1664
16.9864 32.1456
16.9867 32.1274
16.9869 32.1115
16.9871 32.0976
16.9874 32.0854
16.9876 32.0747
16.9879 32.0654
16.9881 32.0572
16.9884 32.05
16.9886 32.0438
16.9888 32.0383
16.9891 32.1585
16.9893 32.1387
16.9896 32.1214
16.9898 32.1062
16.99 32.2179
16.9903 32.1907
16.9905 32.1668
16.9908 32.146
16.991 32.1277
16.9912 32.1118
16.9915 32.0978
16.9917 32.0856
16.992 32.0749
16.9922 32.0655
16.9924 32.0573
16.9927 32.0502
16.9929 32.0439
16.9932 32.0384
16.9934 32.0336
16.9936 32.0294
16.9939 32.0257
16.9941 32.0225
16.9944 32.0197
16.9946 32.0172
16.9951 32.1401
16.9953 32.1226
16.9958 32.1072
16.996 32.2188
16.9963 32.1915
16.9965 32.1675
16.997 32.2716
17.0124 32.2377
17.0131 32.2079
17.0133 32.182
17.0136 32.1592
17.0138 32.1393
17.0141 32.1219
17.0143 32.1067
17.0145 32.0933
17.0148 32.0817
17.015 32.0714
17.0153 32.0625
17.0155 32.0547
17.0157 32.0479
17.016 31.9169
17.0162 31.9273
17.0165 31.9364
17.0167 31.9443
17.0169 31.9513
17.0172 31.9574
17.0174 31.9627
17.0177 31.9674
17.0179 31.9714
17.0182 31.975
17.0184 31.9781
17.0186 31.9809
17.0189 31.9833
17.0191 31.9853
17.0194 31.9872
17.0196 31.9888
17.0198 31.9902
17.0201 31.9914
17.0203 31.9925
17.0206 31.9934
17.0208 31.9942
17.021 31.995
17.0213 31.9956
17.0215 31.9961
17.0218 31.9966
17.022 31.872
17.0222 31.888
17.0225 31.902
17.0227 31.9143
17.023 31.925
17.0232 31.9344
17.0234 31.9426
17.0237 31.9498
17.0239 31.956
17.0242 31.9615
17.0244 31.9663
17.0246 31.9705
17.0249 31.9742
17.0251 31.9774
17.0254 31.9803
17.0256 31.9827
17.0258 31.9849
17.0261 31.9868
17.0263 31.9884
17.0267 31.9899
17.027 31.9911
17.0274 31.9922
17.0278 31.9932
17.028 31.9941
17.0282 31.9948
17.0286 31.9955
17.0291 31.996
17.0446 31.9965
17.0452 31.997
17.0454 31.9973
17.0457 31.9977
17.0459 31.998
17.0461 31.9982
17.0464 31.9984
17.0466 31.9986
17.0469 31.9988
17.0471 31.999
17.0473 31.9991
17.0476 31.9992
17.0478 31.9993
17.0481 32.1244
17.0483 32.1088
17.0486 32.0952
17.0488 32.0833
17.049 32.1979
17.0493 32.1732
17.0495 32.1515
17.0498 32.1326
17.05 32.116
17.0502 32.1015
17.0505 32.0888
17.0507 32.0777
17.051 32.068
17.0512 32.0595
17.0514 32.0521
17.0517 32.0456
17.0519 32.0399
17.0522 32.0349
17.0524 32.0305
17.0526 32.0267
17.0529 32.0234
17.0531 32.0204
17.0534 32.0179
17.0536 32.0157
17.0538 32.0137
17.0541 32.137
17.0543 32.1199
17.0546 32.1049
17.0548 32.0918
17.055 32.2053
17.0553 32.1796
17.0555 32.1572
17.0558 32.1375
17.056 32.2453
17.0562 32.2147
17.0565 32.1878
17.0567 32.1644
17.057 32.1438
17.0572 32.1258
17.0574 32.1101
17.0577 32.0963
17.0579 32.0843
17.0582 32.0738
17.0584 32.0645
17.0589 32.0565
17.0591 32.0494
17.0596 32.0432
17.0598 32.0378
17.0601 32.0331
17.0603 32.029
17.0608 32.0253
17.0613 32.0222
17.0768 32.0194
17.0774 32.017
17.0776 32.0149
17.0779 32.013
17.0781 32.1364
17.0784 32.2443
17.0786 32.2138
17.0788 32.1871
17.0791 32.2887
17.0793 32.3776
17.0796 32.3304
17.0798 32.2891
17.08 32.378
17.0803 32.4557
17.0805 32.3987
17.0808 32.3489
17.081 32.3053
17.0812 32.3921
17.0815 32.3431
17.0817 32.3002
17.082 32.2627
17.0822 32.3549
17.0824 32.4355
17.0827 32.3811
17.0829 32.3334
17.0832 32.4168
17.0834 32.4897
17.0836 32.4284
17.0839 32.3749
17.0841 32.453
17.0844 32.5214
17.0846 32.4562
17.0848 32.3992
17.0851 32.4743
17.0853 32.54
17.0856 32.4725
17.0858 32.4134
17.086 32.4868
17.0863 32.5509
17.0865 32.4821
17.0868 32.4218
17.087 32.4941
17.0872 32.5573
17.0875 32.4876
17.0877 32.4267
17.088 32.3734
17.0882 32.4517
17.0884 32.3952
17.0887 32.3458
17.0889 32.3026
17.0892 32.3898
17.0894 32.466
17.0896 32.4078
17.0899 32.3568
17.0901 32.4372
17.0904 32.5076
17.0906 32.4441
17.091 32.3886
17.0913 32.465
17.0917 32.4069
17.092 32.481
17.0923 32.5459
17.0925 32.4777
17.0929 32.418
17.0934 32.4907
17.109 34.3044
17.1097 34.1413
17.11 33.8737
17.1102 33.7645
17.1104 33.6689
17.1107 33.4603
17.1109 33.2777
17.1112 33.243
17.1114 33.2126
17.1116 33.0611
17.1119 32.9284
17.1121 32.9374
17.1124 32.9452
17.1126 32.8271
17.1128 32.7237
17.1131 32.7582
17.1133 32.7884
17.1136 32.8149
17.1138 32.713
17.114 32.7489
17.1143 32.7803
17.1145 32.8077
17.1148 32.7068
17.115 32.6184
17.1152 32.6661
17.1155 32.7079
17.1157 32.6194
17.116 32.542
17.1162 32.5992
17.1164 32.6493
17.1167 32.5681
17.1169 32.4971
17.1172 32.56
17.1174 32.615
17.1176 32.5381
17.1179 32.4708
17.1181 32.537
17.1184 32.5949
17.1186 32.5205
17.1188 32.4554
17.1191 32.5235
17.1193 32.5831
17.1196 32.5102
17.1198 32.4464
17.12 32.5156
17.1203 32.5762
17.1205 32.6291
17.1208 32.5505
17.121 32.6067
17.1212 32.6558
17.1215 32.6989
17.1217 32.6115
17.122 32.5351
17.1222 32.5932
17.1224 32.644
17.1227 32.5635
17.1229 32.4931
17.1232 32.5565
17.1237 32.6119
17.1239 32.5354
17.1244 32.5935
17.1246 32.5193
17.1249 32.4544
17.1251 32.5226
17.1256 32.5823
17.1412 34.5095
17.1419 34.3208
17.1422 34.1557
17.1424 34.0112
17.1426 33.7598
17.1429 33.5398
17.1431 33.4724
17.1434 33.4133
17.1436 33.2367
17.1438 33.0821
17.1441 33.0718
17.1443 33.0628
17.1446 32.93
17.1448 32.8137
17.145 32.837
17.1453 32.8574
17.1455 32.7502
17.1458 32.6564
17.146 32.6994
17.1462 32.737
17.1465 32.6448
17.1467 32.5642
17.147 32.4937
17.1472 32.557
17.1474 32.6124
17.1477 32.5358
17.1479 32.4688
17.1482 32.5352
17.1484 32.5933
17.1486 32.5192
17.1489 32.4543
17.1491 32.5225
17.1494 32.5822
17.1496 32.5094
17.1498 32.4457
17.1501 32.515
17.1503 32.5756
17.1506 32.5037
17.1508 32.4407
17.151 32.5106
17.1513 32.5718
17.1515 32.5003
17.1518 32.4378
17.152 32.5081
17.1522 32.5696
17.1525 32.4984
17.1527 32.4361
17.153 32.3816
17.1532 32.4589
17.1535 32.4015
17.1537 32.3513
17.1539 32.3074
17.1542 32.394
17.1544 32.4697
17.1547 32.411
17.1549 32.3596
17.1551 32.4397
17.1554 32.5097
17.1559 32.446
17.1561 32.5153
17.1565 32.5758
17.1568 32.5039
17.1571 32.5659
17.1573 32.6201
17.1577 32.5426
17.1581 32.5998
17.1738 32.5248
17.1745 32.5842
17.1747 32.5112
17.175 32.4473
17.1752 32.5164
17.1754 32.5768
17.1757 32.5047
17.1759 32.4416
17.1762 32.5114
17.1764 32.5725
17.1766 32.5009
17.1769 32.4383
17.1771 32.5085
17.1774 32.57
17.1776 32.4987
17.1778 32.4364
17.1781 32.5068
17.1783 32.5685
17.1786 32.4974
17.1788 32.4352
17.179 32.5058
17.1793 32.5676
17.1795 32.6217
17.1798 32.5439
17.18 32.601
17.1802 32.6508
17.1805 32.6945
17.1807 32.6077
17.181 32.5317
17.1812 32.5902
17.1814 32.6415
17.1817 32.5613
17.1819 32.4911
17.1822 32.5547
17.1824 32.6104
17.1826 32.5341
17.1829 32.4673
17.1831 32.5339
17.1834 32.5922
17.1836 32.5182
17.1839 32.4534
17.1841 32.5217
17.1843 32.5815
17.1846 32.5088
17.1848 32.4452
17.1851 32.5146
17.1853 32.5752
17.1855 32.6283
17.1858 32.5498
17.186 32.6061
17.1863 32.6553
17.1865 32.6984
17.1867 32.6111
17.187 32.5347
17.1872 32.5929
17.1875 32.6438
17.1877 32.5633
17.1881 32.6179
17.1884 32.6656
17.1887 32.5824
17.1891 32.6346
17.1894 32.6803
17.1896 32.5953
17.1899 32.5209
17.1903 32.5807
17.1908 32.5082
17.2064 32.5696
17.2072 32.6234
17.2074 32.6705
17.2076 32.7117
17.2079 32.6227
17.2081 32.6699
17.2084 32.7112
17.2086 32.7473
17.2088 32.6538
17.2091 32.6971
17.2093 32.735
17.2096 32.7681
17.2098 32.6721
17.21 32.7131
17.2103 32.7489
17.2105 32.7803
17.2108 32.6828
17.211 32.7224
17.2112 32.7571
17.2115 32.7875
17.2117 32.6891
17.212 32.6029
17.2122 32.6526
17.2124 32.696
17.2127 32.734
17.2129 32.6422
17.2132 32.687
17.2134 32.7261
17.2137 32.7603
17.2139 32.7903
17.2141 32.8165
17.2144 32.8394
17.2146 32.8595
17.2149 32.8771
17.2151 32.8924
17.2153 32.9059
17.2156 32.9176
17.2158 32.9279
17.2161 32.9369
17.2163 32.9448
17.2165 32.9517
17.2168 32.9578
17.217 32.963
17.2173 32.9677
17.2175 32.9717
17.2177 32.9752
17.218 32.8533
17.2182 32.8717
17.2185 32.8877
17.2187 32.9017
17.2189 32.789
17.2192 32.8154
17.2194 32.8385
17.2197 32.8587
17.2199 32.8763
17.2201 32.8918
17.2204 32.9053
17.2206 32.9171
17.2211 32.9275
17.2213 32.9366
17.2217 32.9445
17.2221 32.9514
17.2223 32.9575
17.2225 32.9628
17.2229 32.9675
17.2234 32.9715
17.2391 34.9751
17.24 34.7282
17.2402 34.5122
17.2404 34.3232
17.2407 34.1578
17.2409 34.013
17.2412 33.8864
17.2414 33.7756
17.2416 33.6787
17.2419 33.5938
17.2421 33.5196
17.2424 33.4546
17.2426 33.3978
17.2429 33.3481
17.2431 33.3046
17.2433 33.2665
17.2436 33.2332
17.2438 33.204
17.2441 33.1785
17.2443 33.1562
17.2445 33.1367
17.2448 33.1196
17.245 33.2297
17.2453 33.2009
17.2455 33.1758
17.2457 33.1538
17.246 33.1346
17.2462 33.1178
17.2465 33.1031
17.2467 33.0902
17.2469 33.0789
17.2472 33.069
17.2474 33.0604
17.2477 33.0529
17.2479 33.0463
17.2481 33.0405
17.2484 33.0354
17.2486 33.031
17.2489 33.0271
17.2491 33.0237
17.2493 33.0208
17.2496 33.0182
17.2498 33.0159
17.2501 33.0139
17.2503 33.0122
17.2505 33.0106
17.2508 33.0093
17.251 33.1331
17.2513 33.1165
17.2515 33.1019
17.2517 33.0892
17.252 33.078
17.2522 33.0683
17.2525 33.0598
17.2527 33.0523
17.2529 33.0457
17.2532 33.04
17.2534 33.035
17.2538 33.0306
17.2541 33.0268
17.2544 33.0235
17.2549 33.0205
17.2551 33.018
17.2553 33.0157
17.2556 33.0138
17.2561 33.137
17.2718 34.9949
17.2726 34.7455
17.2729 34.5273
17.2731 34.3364
17.2734 34.1694
17.2736 34.0232
17.2739 33.8953
17.2741 33.7834
17.2743 33.6855
17.2746 33.5998
17.2748 33.5248
17.2751 33.4592
17.2753 33.4018
17.2755 33.3516
17.2758 33.3076
17.276 33.2692
17.2763 33.2355
17.2765 33.2061
17.2767 33.1803
17.277 33.0328
17.2772 33.0287
17.2775 33.0251
17.2777 33.022
17.2779 32.8942
17.2782 32.9074
17.2784 32.919
17.2787 32.9291
17.2789 32.938
17.2791 32.9457
17.2794 32.9525
17.2796 32.9585
17.2799 32.9636
17.2801 32.9682
17.2803 32.9722
17.2806 32.9756
17.2808 32.9787
17.2811 32.9814
17.2813 32.9837
17.2815 32.9857
17.2818 32.9875
17.282 32.9891
17.2823 32.9904
17.2825 32.9916
17.2827 32.9927
17.283 32.8686
17.2832 32.885
17.2835 32.8994
17.2837 32.912
17.2839 32.798
17.2842 32.8232
17.2844 32.8453
17.2847 32.8647
17.2849 32.8816
17.2851 32.8964
17.2854 32.9093
17.2856 32.9207
17.2859 32.9306
17.2861 32.9393
17.2865 32.9468
17.2868 32.9535
17.2871 32.9593
17.2874 32.9644
17.2878 32.9688
17.288 32.9727
17.2883 32.9761
17.2886 32.9791
17.2891 32.9817
17.3049 32.984
17.3057 32.986
17.3059 32.9878
17.3062 32.9893
17.3064 32.9906
17.3067 32.9918
17.3069 32.9928
17.3071 32.9937
17.3074 32.9945
17.3076 32.9952
17.3079 32.9958
17.3081 32.9963
17.3083 32.9968
17.3086 32.9972
17.3088 32.9975
17.3091 32.9978
17.3093 32.9981
17.3095 32.9983
17.3098 32.9986
17.31 33.1237
17.3103 33.1083
17.3105 33.0947
17.3107 33.0829
17.311 33.0725
17.3112 33.0635
17.3115 33.0555
17.3117 33.0486
17.3119 33.0425
17.3122 33.0372
17.3124 33.0325
17.3127 33.0285
17.3129 33.0249
17.3131 33.0218
17.3134 33.0191
17.3136 33.0167
17.3139 33.0146
17.3141 33.0128
17.3143 33.0112
17.3146 33.0098
17.3148 33.0086
17.3151 33.0075
17.3153 33.0066
17.3155 33.0057
17.3158 33.005
17.316 33.1294
17.3163 33.1132
17.3165 33.0991
17.3167 33.0867
17.317 33.0758
17.3172 33.0664
17.3175 33.0581
17.3177 33.0508
17.318 33.0445
17.3182 33.0389
17.3184 33.034
17.3187 33.0298
17.3189 33.0261
17.3192 33.0228
17.3196 33.02
17.3199 33.0175
17.3201 33.0153
17.3206 33.0134
17.3208 33.0117
17.3211 33.0102
17.3213 33.009
17.3218 33.0078
17.3223 33.0069
17.338 33.131
17.3389 33.1146
17.3391 33.2253
17.3393 33.1971
17.3396 33.1725
17.3398 33.1509
17.3401 33.2571
17.3403 33.2249
17.3405 33.1968
17.3408 33.1722
17.341 33.2757
17.3413 33.2412
17.3415 33.2111
17.3417 33.1847
17.342 33.1616
17.3422 33.1414
17.3425 33.1237
17.3427 33.1083
17.3429 33.0947
17.3432 33.0829
17.3434 33.0725
17.3437 33.0635
17.3439 33.0555
17.3441 33.1736
17.3444 33.1519
17.3446 33.1329
17.3449 33.1163
17.3451 33.2268
17.3453 33.1984
17.3456 33.1736
17.3458 33.1519
17.3461 33.2579
17.3463 33.2257
17.3465 33.1975
17.3468 33.1728
17.347 33.2762
17.3473 33.2417
17.3475 33.2115
17.3477 33.185
17.348 33.1619
17.3482 33.1417
17.3485 33.1239
17.3487 33.1085
17.349 33.0949
17.3492 33.083
17.3494 33.0727
17.3497 33.0636
17.3499 33.0556
17.3502 33.1737
17.3504 33.277
17.3506 33.2423
17.3509 33.212
17.3511 33.3105
17.3514 33.3967
17.3516 33.3471
17.3518 33.3037
17.3521 33.3908
17.3523 33.4669
17.3527 33.4086
17.353 33.4825
17.3533 33.5472
17.3536 33.4788
17.354 33.4189
17.3542 33.4916
17.3545 33.4301
17.3548 33.3764
17.3553 33.4543
17.3712 35.3975
17.3721 35.2228
17.3724 35.07
17.3726 34.8112
17.3729 34.5848
17.3731 34.5117
17.3733 34.4478
17.3736 34.2668
17.3738 34.1084
17.3741 34.0949
17.3743 34.083
17.3745 33.9476
17.3748 33.8292
17.375 33.8505
17.3753 33.8692
17.3755 33.8856
17.3757 33.7749
17.376 33.678
17.3762 33.7183
17.3765 33.7535
17.3767 33.6593
17.3769 33.5769
17.3772 33.6298
17.3774 33.676
17.3777 33.5915
17.3779 33.5176
17.3782 33.5779
17.3784 33.6307
17.3786 33.5518
17.3789 33.4828
17.3791 33.5475
17.3794 33.6041
17.3796 33.5285
17.3798 33.4625
17.3801 33.5297
17.3803 33.5885
17.3806 33.5149
17.3808 33.4505
17.381 33.5192
17.3813 33.5793
17.3815 33.6319
17.3818 33.5529
17.382 33.4838
17.3822 33.5483
17.3825 33.6048
17.3827 33.5292
17.383 33.463
17.3832 33.5302
17.3834 33.5889
17.3837 33.5153
17.3839 33.4509
17.3842 33.5195
17.3844 33.5796
17.3846 33.5071
17.3849 33.4437
17.3851 33.5133
17.3854 33.5741
17.3856 33.5023
17.3858 33.4395
17.3863 33.5096
17.3866 33.4459
17.3868 33.3902
17.3873 33.4664
17.3875 33.5331
17.3878 33.4665
17.388 33.5331
17.3885 33.5915
17.4043 35.5176
17.4053 35.3279
17.4055 35.0369
17.4058 34.7823
17.406 34.6845
17.4063 34.5989
17.4065 34.3991
17.4067 34.2242
17.407 34.0712
17.4072 34.0623
17.4075 33.9295
17.4077 33.8133
17.4079 33.7116
17.4082 33.7477
17.4084 33.6542
17.4087 33.5724
17.4089 33.5009
17.4092 33.5633
17.4094 33.6179
17.4096 33.5406
17.4099 33.4731
17.4101 33.5389
17.4104 33.5966
17.4106 33.522
17.4108 33.4567
17.4111 33.5246
17.4113 33.5841
17.4116 33.5111
17.4118 33.4472
17.412 33.5163
17.4123 33.5767
17.4125 33.5046
17.4128 33.4416
17.413 33.3864
17.4132 33.4631
17.4135 33.4052
17.4137 33.3545
17.414 33.3102
17.4142 33.3964
17.4144 33.3469
17.4147 33.3035
17.4149 33.2656
17.4152 33.3574
17.4154 33.4377
17.4156 33.383
17.4159 33.3351
17.4161 33.4182
17.4164 33.491
17.4166 33.4296
17.4168 33.3759
17.4171 33.4539
17.4173 33.5222
17.4176 33.4569
17.4178 33.3998
17.418 33.4748
17.4183 33.5405
17.4185 33.4729
17.4188 33.4138
17.419 33.4871
17.4195 33.5512
17.4197 33.4823
17.42 33.422
17.4203 33.4942
17.4207 33.4325
17.4209 33.3784
17.4212 33.4561
17.4215 33.3991
17.422 33.4742
17.4379 33.4149
17.4388 33.3631
17.4391 33.4427
17.4393 33.5123
17.4396 33.4483
17.4398 33.3923
17.44 33.4682
17.4403 33.5347
17.4405 33.5929
17.4408 33.5188
17.441 33.4539
17.4412 33.5222
17.4415 33.5819
17.4417 33.5092
17.442 33.4455
17.4422 33.5148
17.4424 33.5755
17.4427 33.5035
17.4429 33.4406
17.4432 33.5105
17.4434 33.5717
17.4436 33.5002
17.4439 33.4377
17.4441 33.508
17.4444 33.5695
17.4446 33.4983
17.4448 33.436
17.4451 33.5065
17.4453 33.5682
17.4456 33.4972
17.4458 33.435
17.446 33.5056
17.4463 33.5674
17.4465 33.6215
17.4468 33.5438
17.447 33.6008
17.4472 33.6507
17.4475 33.6944
17.4477 33.6076
17.448 33.5316
17.4482 33.5902
17.4484 33.6414
17.4487 33.5612
17.4489 33.4911
17.4492 33.5547
17.4494 33.6104
17.4496 33.5341
17.4499 33.4673
17.4501 33.5339
17.4504 33.5922
17.4506 33.5181
17.4508 33.4534
17.4511 33.5217
17.4513 33.5815
17.4516 33.5088
17.4518 33.4452
17.452 33.5145
17.4523 33.5752
17.4526 33.5033
17.453 33.5654
17.4533 33.6197
17.4535 33.6673
17.454 33.5839
17.4542 33.6359
17.4545 33.6814
17.4547 33.5962
17.4552 33.6467
17.4557 33.5659
17.4715 33.6201
17.4725 33.6676
17.4727 33.5842
17.473 33.5111
17.4732 33.5722
17.4734 33.6257
17.4737 33.5475
17.4739 33.4791
17.4742 33.5442
17.4744 33.6012
17.4746 33.651
17.4749 33.5696
17.4751 33.6234
17.4754 33.6705
17.4756 33.7117
17.4758 33.6227
17.4761 33.6699
17.4763 33.7111
17.4766 33.7473
17.4768 33.6538
17.477 33.6971
17.4773 33.735
17.4775 33.7681
17.4778 33.6721
17.478 33.7131
17.4782 33.7489
17.4785 33.7803
17.4787 33.6828
17.479 33.5974
17.4792 33.6478
17.4794 33.6918
17.4797 33.6053
17.4799 33.5296
17.4802 33.5884
17.4804 33.6399
17.4806 33.5599
17.4809 33.4899
17.4811 33.5537
17.4814 33.6095
17.4816 33.6583
17.4818 33.576
17.4821 33.629
17.4823 33.6754
17.4826 33.7159
17.4828 33.6265
17.483 33.6731
17.4833 33.714
17.4835 33.7498
17.4838 33.656
17.484 33.699
17.4843 33.7366
17.4845 33.7696
17.4847 33.6734
17.485 33.5892
17.4852 33.6405
17.4855 33.6855
17.4857 33.5998
17.4859 33.5248
17.4863 33.5842
17.4867 33.5112
17.4869 33.4473
17.4871 33.5164
17.4876 33.5768
17.4879 33.5047
17.4881 33.5666
17.4883 33.6208
17.4888 33.5432
17.4892 33.6003
17.5052 35.6503
17.5062 35.569
17.5065 35.3729
17.5067 35.2013
17.507 35.0511
17.5072 34.9197
17.5074 34.8047
17.5077 34.7041
17.5079 34.6161
17.5082 34.5391
17.5084 34.4717
17.5086 34.4128
17.5089 34.3612
17.5091 34.316
17.5094 34.2765
17.5096 34.2419
17.5098 34.2117
17.5101 34.1852
17.5103 34.1621
17.5106 34.1418
17.5108 34.1241
17.511 34.1086
17.5113 34.095
17.5115 34.0831
17.5118 34.0727
17.512 34.0636
17.5122 34.0557
17.5125 34.0487
17.5127 34.0426
17.513 34.0373
17.5132 34.0326
17.5135 34.0286
17.5137 34.025
17.5139 34.0219
17.5142 34.0191
17.5144 34.0167
17.5147 34.0146
17.5149 34.0128
17.5151 34.0112
17.5154 34.0098
17.5156 34.0086
17.5159 34.0075
17.5161 34.0066
17.5163 34.0057
17.5166 34.005
17.5168 34.0044
17.5171 34.0039
17.5173 34.0034
17.5175 34.0029
17.5178 34.0026
17.518 34.0023
17.5183 34.002
17.5185 34.0017
17.5187 34.0015
17.519 34.0013
17.5192 34.0012
17.5195 34.001
17.5197 34.0009
17.5199 34.0008
17.5204 34.0007
17.5207 34.0006
17.5209 34.0005
17.5213 34.0005
17.5216 34.0004
17.5219 34.0003
17.5221 34.0003
17.5225 34.0003
17.5228 34.0002
17.5388 35.8752
17.5399 35.6408
17.5401 35.4357
17.5404 35.2562
17.5406 35.0992
17.5408 34.9618
17.5411 34.8416
17.5413 34.7364
17.5416 34.6443
17.5418 34.5638
17.542 34.4933
17.5423 34.4317
17.5425 34.3777
17.5428 34.3305
17.543 34.2892
17.5433 34.253
17.5435 34.2214
17.5437 34.1937
17.544 34.0445
17.5442 34.0389
17.5445 34.0341
17.5447 34.0298
17.5449 33.9011
17.5452 33.9135
17.5454 33.9243
17.5457 33.9337
17.5459 33.817
17.5461 33.8399
17.5464 33.8599
17.5466 33.8774
17.5469 33.8927
17.5471 33.9061
17.5473 33.9179
17.5476 33.9281
17.5478 33.9371
17.5481 33.945
17.5483 33.9519
17.5485 33.9579
17.5488 33.9631
17.549 33.9677
17.5493 33.9718
17.5495 33.9753
17.5497 33.9784
17.55 33.8561
17.5502 33.8741
17.5505 33.8898
17.5507 33.9036
17.5509 33.7906
17.5512 33.8168
17.5514 33.8397
17.5517 33.8597
17.5519 33.7523
17.5521 33.7832
17.5524 33.8103
17.5526 33.834
17.5529 33.8548
17.5531 33.8729
17.5533 33.8888
17.5536 33.9027
17.5541 34.0399
17.5543 34.0349
17.5545 34.0305
17.5549 34.0267
17.5553 34.0234
17.5555 34.0205
17.5557 34.0179
17.5561 34.0157
17.5565 34.0137
17.5724 36.012
17.5735 35.8855
17.5738 35.6498
17.574 35.4436
17.5743 35.2631
17.5745 35.1052
17.5747 34.9671
17.575 34.7212
17.5752 34.631
17.5755 34.5522
17.5757 34.4831
17.5759 34.2978
17.5762 34.2605
17.5764 34.228
17.5767 34.1995
17.5769 34.0495
17.5771 34.0433
17.5774 34.0379
17.5776 34.0332
17.5779 34.029
17.5781 34.0254
17.5783 34.0222
17.5786 34.0195
17.5788 34.017
17.5791 34.0149
17.5793 34.013
17.5795 34.0114
17.5798 34.01
17.58 34.0087
17.5803 34.0076
17.5805 34.0067
17.5807 34.0058
17.581 33.8801
17.5812 33.8951
17.5815 33.9082
17.5817 33.9197
17.5819 33.8047
17.5822 33.8291
17.5824 33.8505
17.5827 33.8692
17.5829 33.7605
17.5831 33.7905
17.5834 33.8167
17.5836 33.8396
17.5839 33.8596
17.5841 33.8772
17.5843 33.8925
17.5846 33.906
17.5848 33.9177
17.5851 33.928
17.5853 33.937
17.5855 33.9449
17.5858 33.9518
17.586 33.9578
17.5863 33.9631
17.5865 33.9677
17.5867 33.9717
17.587 33.8503
17.5872 33.869
17.5877 33.8854
17.5879 33.7747
17.5882 33.8028
17.5884 33.8275
17.5889 33.8491
17.5892 33.8679
17.5894 33.8844
17.5896 33.8989
17.5901 33.9115
17.5905 33.9226
17.6065 33.9323
17.6075 33.9407
17.6078 33.9481
17.608 33.9546
17.6083 33.9603
17.6085 33.9653
17.6087 33.9696
17.609 33.9734
17.6092 33.9767
17.6095 33.9796
17.6097 33.9822
17.6099 33.9844
17.6102 33.9864
17.6104 33.9881
17.6107 33.9896
17.6109 33.9909
17.6111 33.992
17.6114 33.993
17.6116 33.9939
17.6119 33.9946
17.6121 33.9953
17.6123 33.9959
17.6126 33.9964
17.6128 33.9969
17.6131 33.9972
17.6133 33.9976
17.6135 33.9979
17.6138 33.9982
17.614 33.9984
17.6143 33.9986
17.6145 33.9988
17.6147 33.9989
17.615 33.9991
17.6152 33.9992
17.6155 33.9993
17.6157 33.9994
17.6159 33.9994
17.6162 33.9995
17.6164 33.9996
17.6167 33.9996
17.6169 33.9997
17.6171 33.9997
17.6174 33.9997
17.6176 33.9998
17.6179 33.9998
17.6181 33.9998
17.6184 33.9999
17.6186 33.9999
17.6188 33.9999
17.6191 33.9999
17.6193 33.9999
17.6196 33.9999
17.6198 33.9999
17.62 33.9999
17.6203 33.9999
17.6205 34
17.6208 34
17.621 34
17.6214 34
17.6217 34
17.622 34
17.6222 34
17.6226 34
17.6229 34
17.6232 34
17.6234 34
17.6238 34
17.6241 34
17.6246 34
17.6406 34
17.6417 34
17.6419 34
17.6421 34
17.6424 34
17.6431 34.125
17.6433 34.1094
17.6436 34.0957
17.6438 34.0837
17.6441 34.1983
17.6443 34.1735
17.6445 34.1518
17.6448 34.1328
17.645 34.2412
17.6453 34.3361
17.6455 34.2941
17.6457 34.2573
17.646 34.2251
17.6462 34.322
17.6465 34.2817
17.6467 34.2465
17.6469 34.2157
17.6472 34.3137
17.6474 34.2745
17.6477 34.2402
17.6479 34.2102
17.6481 34.3089
17.6484 34.2703
17.6486 34.2365
17.6489 34.2069
17.6491 34.3061
17.6494 34.3928
17.6496 34.3437
17.6498 34.3007
17.6501 34.3882
17.6503 34.4646
17.6506 34.4066
17.6508 34.3557
17.651 34.4363
17.6513 34.5067
17.6515 34.4434
17.6518 34.388
17.652 34.3395
17.6522 34.422
17.6525 34.3693
17.6527 34.3231
17.653 34.2827
17.6532 34.3724
17.6534 34.3258
17.6537 34.2851
17.6539 34.2495
17.6542 34.3433
17.6544 34.3004
17.6546 34.2628
17.6549 34.23
17.6551 34.3262
17.6554 34.4104
17.6558 34.3591
17.6561 34.4392
17.6563 34.5093
17.6566 34.4457
17.657 34.515
17.6573 34.5756
17.6575 34.5036
17.6578 34.4407
17.6582 34.5106
17.6586 34.4468
17.6747 36.3909
17.6759 36.2171
17.6761 36.0649
17.6764 35.9318
17.6766 35.6903
17.6769 35.479
17.6771 35.4192
17.6773 35.3668
17.6776 35.1959
17.6778 35.0464
17.6781 35.0406
17.6783 35.0355
17.6786 34.9061
17.6788 34.7928
17.679 34.8187
17.6793 34.8414
17.6795 34.7362
17.6798 34.6442
17.68 34.5637
17.6802 34.6182
17.6805 34.6659
17.6807 34.5827
17.681 34.5099
17.6812 34.5711
17.6814 34.6247
17.6817 34.5466
17.6819 34.4783
17.6822 34.5435
17.6824 34.6006
17.6826 34.5255
17.6829 34.4598
17.6831 34.5273
17.6834 34.5864
17.6836 34.5131
17.6838 34.449
17.6841 34.5179
17.6843 34.5781
17.6846 34.5059
17.6848 34.4426
17.685 34.5123
17.6853 34.5733
17.6855 34.5016
17.6858 34.4389
17.686 34.509
17.6862 34.5704
17.6865 34.6241
17.6867 34.5461
17.687 34.4778
17.6872 34.5431
17.6874 34.6002
17.6877 34.5252
17.6879 34.4595
17.6882 34.5271
17.6884 34.5862
17.6886 34.5129
17.6889 34.4488
17.6891 34.5177
17.6894 34.578
17.6896 34.5057
17.69 34.4425
17.6903 34.5122
17.6906 34.4482
17.6908 34.3922
17.6912 34.4681
17.6915 34.4096
17.6918 34.3584
17.692 34.4386
17.6924 34.5088
17.6927 34.4452
17.7088 36.3895
17.71 36.3408
17.7103 36.1732
17.7105 35.9016
17.7108 35.6639
17.711 35.4559
17.7112 35.3989
17.7115 35.224
17.7117 35.071
17.712 34.9372
17.7122 34.945
17.7124 34.8269
17.7127 34.7235
17.7129 34.6331
17.7132 34.679
17.7134 34.5941
17.7136 34.5198
17.7139 34.4548
17.7141 34.523
17.7144 34.5826
17.7146 34.5098
17.7148 34.4461
17.7151 34.5153
17.7153 34.5759
17.7156 34.5039
17.7158 34.4409
17.716 34.5108
17.7163 34.5719
17.7165 34.5005
17.7168 34.4379
17.717 34.5082
17.7172 34.5696
17.7175 34.4984
17.7177 34.4361
17.718 34.3816
17.7182 34.4589
17.7184 34.4015
17.7187 34.3514
17.7189 34.3074
17.7192 34.394
17.7194 34.3448
17.7196 34.3017
17.7199 34.264
17.7201 34.356
17.7204 34.3115
17.7206 34.2725
17.7208 34.2385
17.7211 34.3337
17.7213 34.4169
17.7216 34.3648
17.7218 34.3192
17.722 34.4043
17.7223 34.4788
17.7225 34.4189
17.7228 34.3666
17.723 34.4457
17.7232 34.515
17.7235 34.4506
17.7237 34.3943
17.724 34.345
17.7242 34.4269
17.7245 34.3735
17.7247 34.3268
17.7249 34.286
17.7252 34.2502
17.7254 34.219
17.7257 34.1916
17.7259 34.0426
17.7261 34.0373
17.7264 34.0326
17.7424 33.6536
17.7426 33.3219
17.7428 33.0316
17.7431 32.7777
17.7433 32.5555
17.7436 32.361
17.7438 32.1909
17.744 32.042
17.7443 31.9118
17.7445 31.7978
17.7448 31.6981
17.745 31.4858
17.7452 31.4251
17.7455 31.372
17.7457 31.3255
17.746 31.1598
17.7462 31.1398
17.7464 31.1223
17.7467 31.107
17.7469 30.9687
17.7472 30.9726
17.7474 30.976
17.7476 30.979
17.7479 30.8566
17.7481 30.8745
17.7484 30.8902
17.7486 30.9039
17.7488 30.916
17.7491 30.9265
17.7493 30.9357
17.7496 30.9437
17.7498 30.9507
17.75 30.9569
17.7503 30.9623
17.7505 30.967
17.7508 30.9711
17.751 30.9747
17.7512 30.9779
17.7515 30.9807
17.7517 30.9831
17.752 30.8602
17.7522 30.8777
17.7524 30.893
17.7527 30.9063
17.7529 30.793
17.7532 30.8189
17.7534 30.8415
17.7537 30.8614
17.7539 30.7537
17.7541 30.7845
17.7544 30.8114
17.7546 30.835
17.7549 30.8556
17.7551 30.8737
17.7553 30.8895
17.7556 30.9033
17.7558 30.9154
17.7561 30.9259
17.7563 30.9352
17.7565 30.9433
17.7568 30.9504
17.757 30.9566
17.7574 30.962
17.7735 30.9668
17.7737 30.9709
17.774 30.9746
17.7742 30.9777
17.7744 30.9805
17.7747 30.9829
17.7749 30.9851
17.7752 30.9869
17.7754 30.9886
17.7756 30.99
17.7759 30.9913
17.7761 31.1173
17.7764 31.2277
17.7766 31.1992
17.7768 31.1743
17.7771 31.2775
17.7773 31.3678
17.7776 31.3219
17.7778 31.2816
17.778 31.3714
17.7783 31.45
17.7785 31.3937
17.7788 31.3445
17.779 31.4265
17.7792 31.4981
17.7795 31.4359
17.7797 31.3814
17.78 31.3337
17.7802 31.417
17.7804 31.3649
17.7807 31.3193
17.7809 31.2794
17.7812 31.3694
17.7814 31.3233
17.7816 31.2829
17.7819 31.2475
17.7821 31.3416
17.7824 31.2989
17.7826 31.2615
17.7828 31.2288
17.7831 31.3252
17.7833 31.4096
17.7836 31.3584
17.7838 31.3136
17.7841 31.3994
17.7843 31.4745
17.7845 31.4151
17.7848 31.3633
17.785 31.4428
17.7853 31.5125
17.7855 31.4484
17.7857 31.3924
17.786 31.3433
17.7862 31.4254
17.7865 31.3722
17.7867 31.3257
17.7869 31.285
17.7872 31.3744
17.7874 31.3276
17.7877 31.2866
17.7879 31.2508
17.7881 31.3444
17.7884 31.3014
17.8045 33.2637
17.8047 32.9808
17.805 32.7332
17.8052 32.6415
17.8054 32.4363
17.8057 32.2568
17.8059 32.0997
17.8062 32.0872
17.8064 31.9513
17.8066 31.8324
17.8069 31.7284
17.8071 31.7623
17.8074 31.667
17.8076 31.5836
17.8078 31.5107
17.8081 31.5718
17.8083 31.5004
17.8086 31.4378
17.8088 31.3831
17.809 31.4602
17.8093 31.4027
17.8095 31.3523
17.8098 31.3083
17.81 31.3948
17.8102 31.3454
17.8105 31.3022
17.8107 31.2645
17.811 31.2314
17.8112 31.3275
17.8114 31.2865
17.8117 31.2507
17.8119 31.2194
17.8122 31.317
17.8124 31.2773
17.8126 31.2427
17.8129 31.2123
17.8131 31.3108
17.8134 31.2719
17.8136 31.238
17.8139 31.2082
17.8141 31.3072
17.8143 31.2688
17.8146 31.2352
17.8148 31.2058
17.8151 31.3051
17.8153 31.2669
17.8155 31.2336
17.8158 31.2044
17.816 31.3038
17.8163 31.2658
17.8165 31.2326
17.8167 31.2035
17.817 31.1781
17.8172 31.2808
17.8175 31.2457
17.8177 31.215
17.8179 31.1881
17.8182 31.2896
17.8184 31.2534
17.8187 31.2217
17.8189 31.194
17.8191 31.2948
17.8194 31.2579
17.8355 33.2257
17.8357 32.9475
17.836 32.704
17.8362 32.616
17.8364 32.414
17.8367 32.2373
17.8369 32.0826
17.8372 32.0723
17.8374 31.9383
17.8376 31.821
17.8379 31.7183
17.8381 31.7536
17.8384 31.6594
17.8386 31.5769
17.8388 31.5048
17.8391 31.5667
17.8393 31.4959
17.8396 31.4339
17.8398 31.3797
17.84 31.4572
17.8403 31.4
17.8405 31.35
17.8408 31.3063
17.841 31.393
17.8412 31.3439
17.8415 31.3009
17.8417 31.2633
17.842 31.2304
17.8422 31.3266
17.8424 31.2858
17.8427 31.25
17.8429 31.2188
17.8432 31.3164
17.8434 31.2769
17.8437 31.2423
17.8439 31.212
17.8441 31.3105
17.8444 31.2717
17.8446 31.2377
17.8449 31.208
17.8451 31.307
17.8453 31.2686
17.8456 31.235
17.8458 31.2057
17.8461 31.305
17.8463 31.2668
17.8465 31.2335
17.8468 31.2043
17.847 31.3038
17.8473 31.2658
17.8475 31.2326
17.8477 31.2035
17.848 31.1781
17.8482 31.2808
17.8485 31.2457
17.8487 31.215
17.8489 31.1881
17.8492 31.2896
17.8494 31.2534
17.8497 31.2217
17.8499 31.194
17.8501 31.2948
17.8504 31.2579
17.8509 31.2257
17.8668 31.1975
17.8671 31.2978
17.8673 31.3856
17.8676 31.3374
17.8678 31.2952
17.868 31.3833
17.8683 31.4604
17.8685 31.4028
17.8688 31.3525
17.869 31.4334
17.8692 31.5042
17.8695 31.4412
17.8697 31.3861
17.87 31.3378
17.8702 31.4206
17.8704 31.368
17.8707 31.322
17.8709 31.2818
17.8712 31.3715
17.8714 31.3251
17.8716 31.2845
17.8719 31.2489
17.8721 31.3428
17.8724 31.2999
17.8726 31.2624
17.8728 31.2296
17.8731 31.3259
17.8733 31.4102
17.8736 31.3589
17.8738 31.3141
17.8741 31.3998
17.8743 31.4748
17.8745 31.4155
17.8748 31.3635
17.875 31.4431
17.8753 31.5127
17.8755 31.4486
17.8757 31.3925
17.876 31.3435
17.8762 31.4255
17.8765 31.3723
17.8767 31.3258
17.8769 31.2851
17.8772 31.3744
17.8774 31.3276
17.8777 31.2867
17.8779 31.2508
17.8781 31.3445
17.8784 31.3014
17.8786 31.2637
17.8789 31.2308
17.8791 31.3269
17.8793 31.4111
17.8796 31.3597
17.8798 31.3147
17.8801 31.4004
17.8803 31.4753
17.8805 31.4159
17.8808 31.3639
17.881 31.4434
17.8813 31.513
17.8815 31.4489
17.8819 31.3928
17.8823 31.4687
17.8983 31.5351
17.8986 31.4682
17.8988 31.4097
17.899 31.4835
17.8993 31.548
17.8995 31.4795
17.8998 31.4196
17.9 31.4921
17.9002 31.5556
17.9005 31.4862
17.9007 31.4254
17.901 31.3722
17.9012 31.4507
17.9014 31.5194
17.9017 31.4544
17.9019 31.3976
17.9022 31.4729
17.9024 31.5388
17.9026 31.4715
17.9029 31.4125
17.9031 31.486
17.9034 31.5502
17.9036 31.6064
17.9039 31.5306
17.9041 31.5893
17.9043 31.6406
17.9046 31.6856
17.9048 31.5999
17.9051 31.6499
17.9053 31.6936
17.9055 31.7319
17.9058 31.6404
17.906 31.6854
17.9063 31.7247
17.9065 31.7591
17.9067 31.6642
17.907 31.5812
17.9072 31.6336
17.9075 31.6794
17.9077 31.7194
17.9079 31.6295
17.9082 31.6758
17.9084 31.7163
17.9087 31.7518
17.9089 31.6578
17.9091 31.7006
17.9094 31.738
17.9096 31.7708
17.9099 31.6744
17.9101 31.7151
17.9103 31.7507
17.9106 31.7819
17.9108 31.6842
17.9111 31.7236
17.9113 31.7582
17.9115 31.7884
17.9118 31.6899
17.912 31.7286
17.9123 31.7625
17.9125 31.7922
17.9127 31.6932
17.913 31.6065
17.9132 31.6557
17.9137 31.6988
17.9298 33.6114
17.9302 33.41
17.9304 33.2337
17.9306 33.0795
17.9309 32.8196
17.9311 32.7171
17.9314 32.6275
17.9316 32.5491
17.9318 32.3554
17.9321 32.311
17.9323 32.2721
17.9326 32.2381
17.9328 32.2083
17.933 32.1823
17.9333 32.1595
17.9335 32.1396
17.9338 32.1221
17.934 32.1069
17.9343 32.0935
17.9345 32.0818
17.9347 32.0716
17.935 31.9376
17.9352 31.9454
17.9355 31.9523
17.9357 31.9582
17.9359 31.8384
17.9362 31.8586
17.9364 31.8763
17.9367 31.8918
17.9369 31.7803
17.9371 31.8078
17.9374 31.8318
17.9376 31.8528
17.9379 31.7462
17.9381 31.7779
17.9383 31.8057
17.9386 31.83
17.9388 31.8512
17.9391 31.8698
17.9393 31.8861
17.9395 31.9003
17.9398 31.9128
17.94 31.9237
17.9403 31.9332
17.9405 31.9416
17.9407 31.9489
17.941 31.8303
17.9412 31.8515
17.9415 31.87
17.9417 31.8863
17.9419 31.7755
17.9422 31.8036
17.9424 31.8281
17.9427 31.8496
17.9429 31.7434
17.9431 31.7755
17.9434 31.8035
17.9436 31.8281
17.9439 31.7246
17.9441 31.759
17.9443 31.7891
17.9446 31.8155
17.9448 31.8386
17.9452 31.8587
17.9613 33.8764
17.9616 33.6418
17.9619 33.3116
17.9621 33.1477
17.9624 33.0042
17.9626 32.8787
17.9628 32.6438
17.9631 32.5634
17.9633 32.4929
17.9636 32.4313
17.9638 32.2524
17.9641 32.2209
17.9643 32.1932
17.9645 32.1691
17.9648 32.023
17.965 32.0201
17.9653 32.0176
17.9655 32.0154
17.9657 31.8885
17.966 31.7774
17.9662 31.8052
17.9665 31.8296
17.9667 31.8509
17.9669 31.7445
17.9672 31.7764
17.9674 31.8044
17.9677 31.8288
17.9679 31.7252
17.9681 31.7596
17.9684 31.7896
17.9686 31.8159
17.9689 31.7139
17.9691 31.7497
17.9693 31.781
17.9696 31.8084
17.9698 31.7073
17.9701 31.7439
17.9703 31.7759
17.9705 31.8039
17.9708 31.7034
17.971 31.7405
17.9713 31.7729
17.9715 31.8013
17.9717 31.7012
17.972 31.6135
17.9722 31.6618
17.9725 31.7041
17.9727 31.7411
17.9729 31.6484
17.9732 31.6924
17.9734 31.7308
17.9737 31.7645
17.9739 31.6689
17.9741 31.7103
17.9744 31.7465
17.9746 31.7782
17.9749 31.6809
17.9751 31.7208
17.9753 31.7557
17.9756 31.7862
17.9758 31.688
17.9761 31.727
17.9763 31.7611
17.9767 31.791
17.977 31.8171
17.9931 31.84
17.9935 31.86
17.9937 31.8775
17.994 31.7678
17.9942 31.7968
17.9945 31.8222
17.9947 31.8444
17.9949 31.7389
17.9952 31.7715
17.9954 31.8001
17.9957 31.8251
17.9959 31.7219
17.9961 31.7567
17.9964 31.7871
17.9966 31.8137
17.9969 31.712
17.9971 31.748
17.9973 31.7795
17.9976 31.8071
17.9978 31.8312
17.9981 31.8523
17.9983 31.8707
17.9985 31.8869
17.9988 31.901
17.999 31.9134
17.9993 31.9242
17.9995 31.9337
17.9997 31.942
18 31.8242
18.0002 31.8462
18.0005 31.8654
18.0007 31.8823
18.0009 31.772
18.0012 31.8005
18.0014 31.8254
18.0017 31.8472
18.0019 31.7413
18.0021 31.7737
18.0024 31.802
18.0026 31.8267
18.0029 31.7234
18.0031 31.758
18.0033 31.7882
18.0036 31.8147
18.0038 31.8378
18.0041 31.8581
18.0043 31.8758
18.0045 31.8914
18.0048 31.9049
18.005 31.9168
18.0053 31.9272
18.0055 31.9363
18.0057 31.9443
18.006 31.8262
18.0062 31.848
18.0065 31.867
18.0067 31.8836
18.0069 31.7731
18.0072 31.8015
18.0074 31.8263
18.0077 31.848
18.0079 31.742
18.0081 31.7743
18.0086 31.8025
18.009 31.7022
18.0251 31.7394
18.0255 31.772
18.0257 31.8005
18.0259 31.8254
18.0262 31.8472
18.0264 31.8663
18.0267 31.883
18.0269 31.8977
18.0271 31.9105
18.0274 31.9216
18.0276 31.9314
18.0279 31.94
18.0281 31.9475
18.0283 31.9541
18.0286 31.9598
18.0288 31.9648
18.0291 31.9692
18.0293 31.9731
18.0295 31.9764
18.0298 31.9794
18.03 31.982
18.0303 31.9842
18.0305 31.9862
18.0307 31.9879
18.031 31.8644
18.0312 31.8814
18.0315 31.8962
18.0317 31.9092
18.0319 31.9205
18.0322 32.0555
18.0324 32.0485
18.0327 32.0425
18.0329 32.0372
18.0331 32.1575
18.0334 32.1378
18.0336 32.1206
18.0339 32.1055
18.0341 32.2173
18.0343 32.1902
18.0346 32.1664
18.0348 32.1456
18.0351 32.2524
18.0353 32.2208
18.0355 32.1932
18.0358 32.1691
18.036 32.2729
18.0363 32.2388
18.0365 32.209
18.0367 32.1829
18.037 32.16
18.0372 32.14
18.0375 32.1225
18.0377 32.1072
18.0379 32.0938
18.0382 32.2071
18.0384 32.1812
18.0387 32.1585
18.0389 32.1387
18.0392 32.2464
18.0394 32.2156
18.0396 32.1886
18.0399 32.1651
18.0401 32.2694
18.0405 32.2357
18.0408 32.2063
18.0571 34.3055
18.0575 34.0173
18.0578 33.7651
18.058 33.6695
18.0583 33.5858
18.0585 33.3876
18.0587 33.2141
18.059 33.0624
18.0592 33.0546
18.0595 32.9227
18.0597 32.8074
18.0599 32.7065
18.0602 32.7432
18.0604 32.6503
18.0607 32.569
18.0609 32.4979
18.0611 32.5606
18.0614 32.4906
18.0616 32.4292
18.0619 32.3756
18.0621 32.4536
18.0623 32.3969
18.0626 32.3473
18.0628 32.3039
18.0631 32.3909
18.0633 32.467
18.0635 32.4087
18.0638 32.3576
18.064 32.4379
18.0643 32.5081
18.0645 32.4446
18.0647 32.389
18.065 32.3404
18.0652 32.4229
18.0655 32.37
18.0657 32.3238
18.0659 32.2833
18.0662 32.3729
18.0664 32.3263
18.0667 32.2855
18.0669 32.2498
18.0671 32.3436
18.0674 32.3006
18.0676 32.263
18.0679 32.2302
18.0681 32.3264
18.0683 32.2856
18.0686 32.2499
18.0688 32.2187
18.0691 32.3163
18.0693 32.4018
18.0696 32.3516
18.0698 32.3076
18.07 32.3942
18.0703 32.4699
18.0705 32.4112
18.0708 32.3598
18.071 32.3148
18.0712 32.4004
18.0715 32.3504
18.0717 32.3066
18.072 32.2683
18.0722 32.3597
18.0724 32.3148
18.0729 32.2754
18.089 34.366
18.0895 34.0702
18.0897 33.8115
18.09 33.585
18.0902 33.3869
18.0905 33.2135
18.0907 33.0618
18.0909 32.9291
18.0912 32.938
18.0914 32.8207
18.0917 32.7181
18.0919 32.6284
18.0921 32.6748
18.0924 32.5905
18.0926 32.5167
18.0929 32.4521
18.0931 32.5206
18.0933 32.4555
18.0936 32.3986
18.0938 32.3487
18.0941 32.4301
18.0943 32.3764
18.0945 32.3293
18.0948 32.2882
18.095 32.3771
18.0953 32.33
18.0955 32.2887
18.0957 32.2527
18.096 32.2211
18.0962 32.1934
18.0965 32.1693
18.0967 32.1481
18.0969 32.1296
18.0972 32.2384
18.0974 32.2086
18.0977 32.1825
18.0979 32.1597
18.0981 32.2647
18.0984 32.2316
18.0986 32.2027
18.0989 32.1774
18.0991 32.2802
18.0994 32.2452
18.0996 32.2145
18.0998 32.1877
18.1001 32.2892
18.1003 32.2531
18.1006 32.2214
18.1008 32.1938
18.101 32.2945
18.1013 32.2577
18.1015 32.2255
18.1018 32.1973
18.102 32.1727
18.1022 32.1511
18.1025 32.1322
18.1027 32.1157
18.103 32.1012
18.1032 32.2136
18.1034 32.1869
18.1037 32.1635
18.1039 32.1431
18.1042 32.2502
18.1044 32.2189
18.1049 32.1915
18.1051 32.2926
18.1213 32.256
18.1218 32.224
18.1221 32.321
18.1223 32.4059
18.1225 32.3552
18.1228 32.3108
18.123 32.3969
18.1233 32.4723
18.1235 32.4133
18.1237 32.3616
18.124 32.3164
18.1242 32.4019
18.1245 32.3516
18.1247 32.3077
18.1249 32.2692
18.1252 32.3606
18.1254 32.3155
18.1257 32.276
18.1259 32.2415
18.1261 32.3363
18.1264 32.2943
18.1266 32.2575
18.1269 32.2253
18.1271 32.3222
18.1273 32.2819
18.1276 32.2467
18.1278 32.2158
18.1281 32.3138
18.1283 32.3996
18.1285 32.3497
18.1288 32.306
18.129 32.3927
18.1293 32.4686
18.1295 32.41
18.1298 32.3588
18.13 32.3139
18.1302 32.3997
18.1305 32.3497
18.1307 32.306
18.131 32.2678
18.1312 32.3593
18.1314 32.3144
18.1317 32.2751
18.1319 32.2407
18.1322 32.3356
18.1324 32.2937
18.1326 32.2569
18.1329 32.2248
18.1331 32.3217
18.1334 32.2815
18.1336 32.2463
18.1338 32.2155
18.1341 32.3136
18.1343 32.3994
18.1346 32.3495
18.1348 32.3058
18.135 32.3926
18.1353 32.4685
18.1355 32.4099
18.1358 32.3587
18.136 32.3138
18.1362 32.3996
18.1365 32.3497
18.1368 32.306
18.1372 32.3927
18.1376 32.3436
18.1538 32.3007
18.1543 32.3881
18.1545 32.3396
18.1547 32.2971
18.155 32.26
18.1552 32.3525
18.1555 32.3084
18.1557 32.2699
18.1559 32.2361
18.1562 32.3316
18.1564 32.4152
18.1567 32.3633
18.1569 32.3179
18.1571 32.4031
18.1574 32.4777
18.1576 32.418
18.1579 32.3658
18.1581 32.445
18.1583 32.5144
18.1586 32.4501
18.1588 32.3938
18.1591 32.4696
18.1593 32.5359
18.1596 32.4689
18.1598 32.4103
18.16 32.484
18.1603 32.5485
18.1605 32.48
18.1608 32.42
18.161 32.3675
18.1612 32.4465
18.1615 32.3907
18.1617 32.3419
18.162 32.2991
18.1622 32.3867
18.1624 32.4634
18.1627 32.4055
18.1629 32.3548
18.1632 32.4354
18.1634 32.506
18.1636 32.4428
18.1639 32.3874
18.1641 32.464
18.1644 32.531
18.1646 32.4646
18.1648 32.4065
18.1651 32.4807
18.1653 32.5456
18.1656 32.6024
18.1658 32.5271
18.166 32.5862
18.1663 32.638
18.1665 32.6832
18.1668 32.5978
18.167 32.6481
18.1672 32.6921
18.1675 32.7306
18.1677 32.6392
18.168 32.5593
18.1682 32.6144
18.1684 32.6626
18.1687 32.7048
18.1689 32.6167
18.1692 32.6646
18.1696 32.7065
18.1699 32.6182
18.1862 34.6659
18.1868 34.4577
18.1871 34.2755
18.1873 34.116
18.1875 33.9765
18.1878 33.8545
18.188 33.7477
18.1883 33.6542
18.1885 33.5724
18.1887 33.5009
18.189 33.3133
18.1892 33.2741
18.1895 33.2398
18.1897 33.2099
18.19 33.0586
18.1902 33.0513
18.1904 33.0449
18.1907 33.0393
18.1909 32.9094
18.1912 32.9207
18.1914 32.9306
18.1916 32.9393
18.1919 32.8219
18.1921 32.8441
18.1924 32.8636
18.1926 32.8807
18.1928 32.7706
18.1931 32.7993
18.1933 32.8244
18.1936 32.8463
18.1938 32.8655
18.194 32.8823
18.1943 32.897
18.1945 32.9099
18.1948 32.9212
18.195 32.806
18.1952 32.8303
18.1955 32.8515
18.1957 32.87
18.196 32.7613
18.1962 32.7911
18.1964 32.8172
18.1967 32.8401
18.1969 32.7351
18.1972 32.7682
18.1974 32.7972
18.1976 32.8225
18.1979 32.7197
18.1981 32.7547
18.1984 32.7854
18.1986 32.8122
18.1988 32.7107
18.1991 32.7469
18.1993 32.7785
18.1996 32.8062
18.1998 32.7054
18.2 32.7422
18.2003 32.7745
18.2005 32.8026
18.2008 32.8273
18.201 32.8489
18.2012 32.8678
18.2015 32.8843
18.2017 32.8988
18.2021 32.9114
18.2024 32.9225
18.2187 34.9322
18.2193 34.6907
18.2195 34.4793
18.2198 34.1694
18.22 33.8982
18.2202 33.786
18.2205 33.6877
18.2207 33.4767
18.221 33.2922
18.2212 33.2556
18.2214 33.2237
18.2217 33.1957
18.2219 33.0463
18.2222 33.0405
18.2224 33.0354
18.2226 33.031
18.2229 32.9021
18.2231 32.9143
18.2234 32.9251
18.2236 32.9344
18.2238 32.8176
18.2241 32.8404
18.2243 32.8604
18.2246 32.8778
18.2248 32.7681
18.225 32.7971
18.2253 32.8224
18.2255 32.8446
18.2258 32.7391
18.226 32.6467
18.2262 32.6908
18.2265 32.7295
18.2267 32.6383
18.227 32.5585
18.2272 32.6137
18.2274 32.662
18.2277 32.7042
18.2279 32.6162
18.2282 32.6642
18.2284 32.7062
18.2286 32.7429
18.2289 32.65
18.2291 32.6938
18.2294 32.7321
18.2296 32.7655
18.2298 32.6698
18.2301 32.7111
18.2303 32.7472
18.2306 32.7788
18.2308 32.6815
18.231 32.7213
18.2313 32.7561
18.2315 32.7866
18.2318 32.6883
18.232 32.7272
18.2322 32.7613
18.2325 32.7912
18.2327 32.6923
18.233 32.6057
18.2332 32.655
18.2334 32.6981
18.2337 32.6109
18.2339 32.5345
18.2342 32.5927
18.2345 32.6436
18.2349 32.5632
18.2351 32.6178
18.2515 32.6655
18.2521 32.7074
18.2523 32.7439
18.2526 32.7759
18.2528 32.8039
18.253 32.8285
18.2533 32.8499
18.2535 32.8687
18.2538 32.8851
18.254 32.7744
18.2542 32.8026
18.2545 32.8273
18.2547 32.8489
18.255 32.7428
18.2552 32.7749
18.2554 32.8031
18.2557 32.8277
18.2559 32.7242
18.2562 32.7587
18.2564 32.7889
18.2566 32.8152
18.2569 32.7133
18.2571 32.7492
18.2574 32.7805
18.2576 32.808
18.2578 32.707
18.2581 32.7436
18.2583 32.7756
18.2586 32.8037
18.2588 32.8282
18.259 32.8497
18.2593 32.8685
18.2595 32.8849
18.2598 32.8993
18.26 32.9119
18.2602 32.9229
18.2605 32.9325
18.2607 32.941
18.261 32.8234
18.2612 32.8454
18.2614 32.8648
18.2617 32.8817
18.2619 32.7715
18.2622 32.8
18.2624 32.825
18.2626 32.8469
18.2629 32.741
18.2631 32.7734
18.2634 32.8017
18.2636 32.8265
18.2638 32.7232
18.2641 32.7578
18.2643 32.7881
18.2646 32.8146
18.2648 32.7127
18.2651 32.7486
18.2653 32.7801
18.2655 32.8076
18.2658 32.8316
18.266 32.8527
18.2663 32.8711
18.2665 32.8872
18.2667 32.9013
18.267 32.7886
18.2675 32.8151
18.2677 32.8382
18.2681 32.8584
18.2844 32.8761
18.285 32.7666
18.2852 32.7958
18.2855 32.8213
18.2857 32.8436
18.286 32.7382
18.2862 32.7709
18.2864 32.7995
18.2867 32.8246
18.2869 32.8465
18.2872 32.8657
18.2874 32.8825
18.2876 32.8972
18.2879 32.91
18.2881 32.9213
18.2884 32.9311
18.2886 32.9397
18.2888 32.9473
18.2891 32.9539
18.2893 32.9596
18.2896 32.9647
18.2898 32.9691
18.29 32.9729
18.2903 32.9763
18.2905 32.9793
18.2908 32.9819
18.291 32.9841
18.2912 32.9861
18.2915 32.9879
18.2917 32.9894
18.292 32.8657
18.2922 32.8825
18.2924 32.8972
18.2927 32.91
18.2929 32.7963
18.2932 32.8217
18.2934 32.844
18.2936 32.8635
18.2939 32.8806
18.2941 32.8955
18.2944 32.9086
18.2946 32.92
18.2949 32.93
18.2951 32.9387
18.2953 32.9464
18.2956 32.9531
18.2958 32.959
18.2961 32.9641
18.2963 32.9686
18.2965 32.9725
18.2968 32.9759
18.297 32.9789
18.2973 32.9816
18.2975 32.9839
18.2977 32.9859
18.298 32.8627
18.2982 32.8798
18.2985 32.8948
18.2987 32.908
18.2989 32.7945
18.2992 32.8202
18.2994 32.8427
18.2997 32.8623
18.2999 32.8795
18.3004 32.8946
18.3006 32.9078
18.301 32.7943
18.3174 32.82
18.318 32.9675
18.3183 32.9716
18.3185 32.9751
18.3188 32.9782
18.319 33.106
18.3192 33.2177
18.3195 33.1905
18.3197 33.1667
18.32 33.1458
18.3202 33.2526
18.3204 33.221
18.3207 33.1934
18.3209 33.1692
18.3212 33.2731
18.3214 33.2389
18.3216 33.2091
18.3219 33.1829
18.3221 33.2851
18.3224 33.2494
18.3226 33.2183
18.3228 33.191
18.3231 33.2921
18.3233 33.2556
18.3236 33.2236
18.3238 33.1957
18.324 33.2962
18.3243 33.2592
18.3245 33.2268
18.3248 33.1984
18.325 33.2986
18.3253 33.3863
18.3255 33.338
18.3257 33.2958
18.326 33.2588
18.3262 33.3514
18.3265 33.3075
18.3267 33.2691
18.3269 33.2354
18.3272 33.331
18.3274 33.2896
18.3277 33.2534
18.3279 33.2217
18.3281 33.319
18.3284 33.2792
18.3286 33.2443
18.3289 33.2137
18.3291 33.312
18.3293 33.273
18.3296 33.2389
18.3298 33.209
18.3301 33.3079
18.3303 33.2694
18.3305 33.2357
18.3308 33.2063
18.331 33.3055
18.3313 33.3923
18.3315 33.3433
18.3317 33.3003
18.332 33.2628
18.3322 33.355
18.3325 33.3106
18.3327 33.2718
18.3329 33.2378
18.3333 33.3331
18.3337 33.2914
18.3339 33.255
18.3504 35.3481
18.351 35.0546
18.3512 34.7978
18.3514 34.5731
18.3517 34.3764
18.3519 34.2044
18.3522 34.0538
18.3524 33.9221
18.3526 33.8068
18.3529 33.706
18.3531 33.7427
18.3534 33.6499
18.3536 33.5687
18.3538 33.4976
18.3541 33.5604
18.3543 33.4903
18.3546 33.429
18.3548 33.3754
18.3551 33.4535
18.3553 33.3968
18.3555 33.3472
18.3558 33.3038
18.356 33.3908
18.3563 33.342
18.3565 33.2992
18.3567 33.2618
18.357 33.2291
18.3572 33.2005
18.3575 33.1754
18.3577 33.1535
18.3579 33.1343
18.3582 33.1175
18.3584 33.1028
18.3587 33.09
18.3589 33.0787
18.3591 33.1939
18.3594 33.1696
18.3596 33.1484
18.3599 33.1299
18.3601 33.2386
18.3603 33.2088
18.3606 33.1827
18.3608 33.1599
18.3611 33.2649
18.3613 33.2318
18.3615 33.2028
18.3618 33.1775
18.362 33.2803
18.3623 33.2452
18.3625 33.2146
18.3627 33.1878
18.363 33.1643
18.3632 33.1438
18.3635 33.1258
18.3637 33.1101
18.3639 33.0963
18.3642 33.0843
18.3644 33.0737
18.3647 33.0645
18.3649 33.0564
18.3651 33.1744
18.3654 33.1526
18.3656 33.1335
18.3659 33.1168
18.3662 33.2272
18.3666 33.1988
18.3668 33.174
18.3833 35.2772
18.3839 34.9926
18.3841 34.8685
18.3844 34.6349
18.3846 34.4306
18.3849 34.2517
18.3851 34.2203
18.3853 34.0677
18.3856 33.9343
18.3858 33.8175
18.3861 33.8403
18.3863 33.7353
18.3865 33.6434
18.3868 33.5629
18.387 33.6176
18.3873 33.5404
18.3875 33.4728
18.3877 33.4137
18.388 33.362
18.3882 33.3168
18.3885 33.2772
18.3887 33.2425
18.3889 33.2122
18.3892 33.1857
18.3894 33.1625
18.3897 33.1422
18.3899 33.1244
18.3901 33.2338
18.3904 33.2046
18.3906 33.179
18.3909 33.1567
18.3911 33.2621
18.3913 33.2293
18.3916 33.2006
18.3918 33.1756
18.3921 33.2786
18.3923 33.2438
18.3925 33.2133
18.3928 33.1867
18.393 33.2883
18.3933 33.2523
18.3935 33.2207
18.3937 33.1932
18.394 33.169
18.3942 33.1479
18.3945 33.1294
18.3947 33.1132
18.3949 33.0991
18.3952 33.0867
18.3954 33.0758
18.3957 33.0664
18.3959 33.0581
18.3961 33.1758
18.3964 33.1538
18.3966 33.1346
18.3969 33.1178
18.3971 33.2281
18.3973 33.1995
18.3976 33.1746
18.3978 33.1528
18.3981 33.2587
18.3983 33.2263
18.3985 33.1981
18.3988 33.1733
18.3991 33.2766
18.3995 33.2421
18.3998 33.2118
18.4001 33.3103
18.4167 33.2715
18.4172 33.3626
18.4174 33.3173
18.4177 33.2776
18.4179 33.2429
18.4181 33.3375
18.4184 33.2953
18.4186 33.2584
18.4189 33.2261
18.4191 33.3229
18.4193 33.2825
18.4196 33.2472
18.4198 33.2163
18.4201 33.3143
18.4203 33.275
18.4205 33.2406
18.4208 33.2105
18.421 33.3092
18.4213 33.3956
18.4215 33.3461
18.4217 33.3028
18.422 33.265
18.4222 33.3569
18.4225 33.3123
18.4227 33.2732
18.4229 33.2391
18.4232 33.3342
18.4234 33.2924
18.4237 33.2559
18.4239 33.2239
18.4241 33.3209
18.4244 33.2808
18.4246 33.2457
18.4249 33.215
18.4251 33.3131
18.4253 33.274
18.4256 33.2397
18.4258 33.2098
18.4261 33.3085
18.4263 33.27
18.4265 33.2362
18.4268 33.2067
18.427 33.3059
18.4273 33.3926
18.4275 33.3435
18.4277 33.3006
18.428 33.263
18.4282 33.3551
18.4285 33.3108
18.4287 33.2719
18.4289 33.2379
18.4292 33.3332
18.4294 33.2915
18.4297 33.2551
18.4299 33.2232
18.4302 33.3203
18.4304 33.2803
18.4306 33.2452
18.4309 33.2146
18.4311 33.3128
18.4314 33.2737
18.4316 33.2395
18.4318 33.2095
18.4321 33.3083
18.4326 33.2698
18.4328 33.2361
18.433 33.3316
18.4335 33.2901
18.4501 33.3788
18.4506 33.3315
18.4508 33.2901
18.4511 33.3788
18.4513 33.4564
18.4515 33.3994
18.4518 33.3495
18.452 33.4308
18.4523 33.5019
18.4525 33.4392
18.4527 33.3843
18.453 33.3363
18.4532 33.4192
18.4535 33.3668
18.4537 33.321
18.4539 33.2808
18.4542 33.3707
18.4544 33.3244
18.4547 33.2838
18.4549 33.2484
18.4551 33.3423
18.4554 33.4245
18.4556 33.3715
18.4559 33.325
18.4561 33.4094
18.4563 33.4832
18.4566 33.5478
18.4568 33.4793
18.4571 33.5444
18.4573 33.6014
18.4575 33.6512
18.4578 33.5698
18.458 33.6236
18.4583 33.6706
18.4585 33.7118
18.4587 33.6228
18.459 33.545
18.4592 33.6018
18.4595 33.6516
18.4597 33.5702
18.46 33.4989
18.4602 33.5615
18.4604 33.6163
18.4607 33.5393
18.4609 33.4719
18.4612 33.5379
18.4614 33.5957
18.4616 33.6462
18.4619 33.5654
18.4621 33.6197
18.4624 33.6673
18.4626 33.7089
18.4628 33.6203
18.4631 33.6677
18.4633 33.7093
18.4636 33.7456
18.4638 33.6524
18.464 33.6959
18.4643 33.7339
18.4645 33.7671
18.4648 33.6712
18.465 33.5873
18.4652 33.6389
18.4655 33.6841
18.4658 33.5985
18.4662 33.6487
18.4664 33.6926
18.4668 33.6061
18.4835 35.6553
18.4841 35.4484
18.4843 35.2673
18.4846 35.1089
18.4848 34.8453
18.4851 34.7396
18.4853 34.6472
18.4855 34.5663
18.4858 34.3705
18.486 34.3242
18.4863 34.2837
18.4865 34.2482
18.4867 34.2172
18.487 34.065
18.4872 34.0569
18.4875 34.0498
18.4877 34.0436
18.4879 33.9131
18.4882 33.924
18.4884 33.9335
18.4887 33.9418
18.4889 33.8241
18.4891 33.8461
18.4894 33.8653
18.4896 33.8821
18.4899 33.7719
18.4901 33.8004
18.4904 33.8253
18.4906 33.8472
18.4908 33.7413
18.4911 33.7736
18.4913 33.8019
18.4916 33.8267
18.4918 33.7233
18.492 33.7579
18.4923 33.7882
18.4925 33.8147
18.4928 33.8378
18.493 33.7331
18.4932 33.7665
18.4935 33.7957
18.4937 33.8212
18.494 33.7185
18.4942 33.7537
18.4944 33.7845
18.4947 33.8114
18.4949 33.71
18.4952 33.7463
18.4954 33.778
18.4956 33.8057
18.4959 33.705
18.4961 33.7419
18.4964 33.7742
18.4966 33.8024
18.4968 33.7021
18.4971 33.7393
18.4973 33.7719
18.4976 33.8004
18.4978 33.7004
18.498 33.7378
18.4983 33.7706
18.4985 33.7993
18.4988 33.8244
18.499 33.8463
18.4992 33.8655
18.4997 33.8823
18.5 33.772
18.5002 33.8005
18.5169 35.8255
18.5175 35.5973
18.5177 35.2726
18.518 34.9885
18.5182 34.865
18.5185 34.7569
18.5187 34.5372
18.5189 34.3451
18.5192 34.302
18.5194 34.2642
18.5197 34.1062
18.5199 33.9679
18.5202 33.9719
18.5204 33.9754
18.5206 33.9785
18.5209 33.8562
18.5211 33.8742
18.5214 33.8899
18.5216 33.9037
18.5218 33.7907
18.5221 33.8169
18.5223 33.8398
18.5226 33.8598
18.5228 33.7523
18.523 33.7833
18.5233 33.8104
18.5235 33.8341
18.5238 33.7298
18.524 33.6386
18.5242 33.6838
18.5245 33.7233
18.5247 33.6329
18.525 33.5538
18.5252 33.6095
18.5254 33.6584
18.5257 33.5761
18.5259 33.504
18.5262 33.566
18.5264 33.6203
18.5266 33.6678
18.5269 33.5843
18.5271 33.6362
18.5274 33.6817
18.5276 33.7215
18.5278 33.6313
18.5281 33.6774
18.5283 33.7177
18.5286 33.753
18.5288 33.6589
18.529 33.7015
18.5293 33.7388
18.5295 33.7715
18.5298 33.675
18.53 33.7157
18.5302 33.7512
18.5305 33.7823
18.5307 33.6845
18.531 33.5989
18.5312 33.6491
18.5314 33.6929
18.5317 33.6063
18.5319 33.5305
18.5322 33.5892
18.5324 33.6406
18.5326 33.5605
18.5331 33.6154
18.5334 33.6635
18.5336 33.7056
18.534 33.6174
18.5507 33.6652
18.5513 33.707
18.5515 33.7437
18.5518 33.7757
18.552 33.6787
18.5522 33.7189
18.5525 33.754
18.5527 33.7848
18.553 33.6867
18.5532 33.7258
18.5534 33.7601
18.5537 33.7901
18.5539 33.6913
18.5542 33.7299
18.5544 33.7637
18.5546 33.7932
18.5549 33.6941
18.5551 33.7323
18.5554 33.7658
18.5556 33.795
18.5558 33.6957
18.5561 33.7337
18.5563 33.767
18.5566 33.7961
18.5568 33.6966
18.557 33.7345
18.5573 33.7677
18.5575 33.7967
18.5578 33.8222
18.558 33.8444
18.5582 33.8638
18.5585 33.8809
18.5587 33.8957
18.559 33.7838
18.5592 33.8108
18.5594 33.8345
18.5597 33.8551
18.5599 33.7483
18.5602 33.7797
18.5604 33.8073
18.5606 33.8313
18.5609 33.7274
18.5611 33.7615
18.5614 33.7913
18.5616 33.8174
18.5618 33.7152
18.5621 33.7508
18.5623 33.782
18.5626 33.8092
18.5628 33.7081
18.563 33.7446
18.5633 33.7765
18.5635 33.8044
18.5638 33.7039
18.564 33.7409
18.5642 33.7733
18.5645 33.8016
18.5647 33.8264
18.565 33.7231
18.5652 33.7577
18.5655 33.788
18.5657 33.8145
18.5659 33.7127
18.5662 33.7486
18.5665 33.78
18.5669 33.6825
18.5671 33.7222
18.5674 33.7569
18.5679 33.7873
18.5846 33.8139
18.5852 33.8372
18.5854 33.8575
18.5856 33.8753
18.5859 33.8909
18.5861 33.9045
18.5864 33.9165
18.5866 33.9269
18.5868 33.9361
18.5871 33.944
18.5873 33.951
18.5876 33.9572
18.5878 33.9625
18.588 33.9672
18.5883 33.9713
18.5885 33.9749
18.5888 33.978
18.589 33.9808
18.5892 33.9832
18.5895 33.9853
18.5897 33.9871
18.59 33.8637
18.5902 33.8808
18.5904 33.8957
18.5907 33.9087
18.5909 33.7951
18.5912 33.8207
18.5914 33.8431
18.5916 33.8627
18.5919 33.7549
18.5921 33.7855
18.5924 33.8123
18.5926 33.8358
18.5928 33.8563
18.5931 33.8743
18.5933 33.89
18.5936 33.9037
18.5938 33.9158
18.594 33.9263
18.5943 33.9355
18.5945 33.9436
18.5948 33.9506
18.595 34.0818
18.5953 34.0716
18.5955 34.0626
18.5957 34.0548
18.596 34.0479
18.5962 34.042
18.5965 34.0367
18.5967 34.0321
18.5969 34.0281
18.5972 34.0246
18.5974 34.0215
18.5977 34.0188
18.5979 34.0165
18.5981 34.0144
18.5984 34.0126
18.5986 34.011
18.5989 34.0097
18.5991 34.1334
18.5993 34.1168
18.5996 34.1022
18.5998 34.0894
18.6001 34.2032
18.6003 34.1778
18.6008 34.1556
18.601 34.2611
18.6013 34.2285
18.6016 34.1999
18.6184 36.2999
18.6192 36.1375
18.6194 35.8703
18.6196 35.6365
18.6199 35.4319
18.6201 35.3779
18.6204 35.2057
18.6206 35.055
18.6208 34.9231
18.6211 34.9327
18.6213 34.8161
18.6216 34.7141
18.6218 34.6248
18.622 34.6717
18.6223 34.5878
18.6225 34.5143
18.6228 34.45
18.623 34.5188
18.6232 34.4539
18.6235 34.3972
18.6237 34.3475
18.624 34.3041
18.6242 34.3911
18.6244 34.3422
18.6247 34.2994
18.6249 34.262
18.6252 34.3542
18.6254 34.31
18.6257 34.2712
18.6259 34.2373
18.6261 34.3326
18.6264 34.2911
18.6266 34.2547
18.6269 34.2228
18.6271 34.32
18.6273 34.28
18.6276 34.245
18.6278 34.2144
18.6281 34.3126
18.6283 34.2735
18.6285 34.2393
18.6288 34.2094
18.629 34.3082
18.6293 34.2697
18.6295 34.236
18.6297 34.2065
18.63 34.1807
18.6302 34.2831
18.6305 34.2477
18.6307 34.2167
18.6309 34.1896
18.6312 34.2909
18.6314 34.2546
18.6317 34.2228
18.6319 34.1949
18.6321 34.2955
18.6324 34.2586
18.6326 34.2263
18.6329 34.198
18.6331 34.2982
18.6333 34.261
18.6336 34.2283
18.6338 34.1998
18.6341 34.2998
18.6343 34.2623
18.6347 34.2296
18.635 34.3259
18.6353 34.2851
18.6355 34.2495
18.6523 36.3433
18.653 36.1754
18.6533 35.9035
18.6535 35.6655
18.6538 35.4573
18.654 35.4002
18.6542 35.2251
18.6545 35.072
18.6547 34.938
18.655 34.8208
18.6552 34.7182
18.6555 34.6284
18.6557 34.5498
18.6559 34.4811
18.6562 34.421
18.6564 34.3683
18.6567 34.3223
18.6569 34.282
18.6571 34.2468
18.6574 34.2159
18.6576 34.1889
18.6579 34.1653
18.6581 34.2696
18.6583 34.2359
18.6586 34.2064
18.6588 34.1806
18.6591 34.2831
18.6593 34.2477
18.6595 34.2167
18.6598 34.1896
18.66 34.2909
18.6603 34.2546
18.6605 34.2227
18.6607 34.1949
18.661 34.1705
18.6612 34.1492
18.6615 34.1306
18.6617 34.1142
18.6619 34.1
18.6622 34.0875
18.6624 34.0765
18.6627 34.067
18.6629 34.0586
18.6631 34.0513
18.6634 34.0449
18.6636 34.0393
18.6639 34.0343
18.6641 34.1551
18.6643 34.1357
18.6646 34.1187
18.6648 34.1039
18.6651 34.2159
18.6653 34.1889
18.6655 34.1653
18.6658 34.1446
18.666 34.2515
18.6663 34.2201
18.6665 34.1926
18.6667 34.1685
18.667 34.1475
18.6672 34.129
18.6675 34.1129
18.6677 34.0988
18.6679 34.0864
18.6682 34.0756
18.6685 34.0662
18.6689 34.0579
18.6691 34.0507
18.6694 34.0443
18.6698 34.0388
18.6866 34.0339
18.6873 34.0297
18.6875 34.026
18.6878 34.0227
18.688 34.1449
18.6883 34.1268
18.6885 34.1109
18.6887 34.0971
18.689 34.0849
18.6892 34.1993
18.6895 34.1744
18.6897 34.1526
18.6899 34.1335
18.6902 34.2418
18.6904 34.2116
18.6907 34.1852
18.6909 34.162
18.6911 34.2668
18.6914 34.2334
18.6916 34.2042
18.6919 34.1787
18.6921 34.2814
18.6923 34.2462
18.6926 34.2154
18.6928 34.1885
18.6931 34.2899
18.6933 34.2537
18.6935 34.222
18.6938 34.1942
18.694 34.295
18.6943 34.2581
18.6945 34.2258
18.6947 34.1976
18.695 34.1729
18.6952 34.2763
18.6955 34.2417
18.6957 34.2115
18.6959 34.1851
18.6962 34.2869
18.6964 34.2511
18.6967 34.2197
18.6969 34.1922
18.6971 34.2932
18.6974 34.2566
18.6976 34.2245
18.6979 34.1964
18.6981 34.2969
18.6983 34.2598
18.6986 34.2273
18.6988 34.1989
18.6991 34.299
18.6993 34.2616
18.6995 34.2289
18.6998 34.2003
18.7 34.3003
18.7003 34.2627
18.7005 34.2299
18.7008 34.2012
18.701 34.176
18.7012 34.279
18.7015 34.2441
18.7017 34.2136
18.702 34.1869
18.7022 34.2886
18.7024 34.2525
18.7029 34.2209
18.7032 34.3183
18.7034 34.2785
18.7036 34.2437
18.7041 34.3382
18.7193 34.171
18.72 33.8996
18.7202 33.7871
18.7205 33.6887
18.7207 33.4777
18.7209 33.2929
18.7212 33.2563
18.7214 33.2243
18.7217 33.1962
18.7219 33.0467
18.7221 33.0409
18.7224 33.0358
18.7226 33.0313
18.7229 32.9024
18.7231 32.9146
18.7233 32.9253
18.7236 32.9346
18.7238 32.8178
18.7241 32.8406
18.7243 32.8605
18.7245 32.8779
18.7248 32.7682
18.725 32.7972
18.7253 32.8225
18.7255 32.8447
18.7257 32.7391
18.726 32.6467
18.7262 32.6909
18.7265 32.7295
18.7267 32.6383
18.7269 32.5585
18.7272 32.6137
18.7274 32.662
18.7277 32.7043
18.7279 32.6162
18.7281 32.6642
18.7284 32.7062
18.7286 32.7429
18.7289 32.65
18.7291 32.6938
18.7293 32.7321
18.7296 32.7655
18.7298 32.6699
18.7301 32.7111
18.7303 32.7472
18.7306 32.7788
18.7308 32.6815
18.731 32.7213
18.7313 32.7561
18.7315 32.7866
18.7318 32.6883
18.732 32.4772
18.7322 32.4176
18.7325 32.2404
18.7327 32.0853
18.733 31.9497
18.7332 31.956
18.7334 31.8365
18.7338 31.7319
18.7342 31.7654
18.7344 31.6697
18.7346 31.586
18.735 31.5128
18.7501 33.3237
18.751 33.0332
18.7512 32.9041
18.7515 32.6661
18.7517 32.4578
18.7519 32.2756
18.7522 32.2411
18.7524 32.086
18.7527 31.9502
18.7529 31.8315
18.7531 31.8525
18.7534 31.746
18.7536 31.6527
18.7539 31.5711
18.7541 31.6247
18.7543 31.5466
18.7546 31.4783
18.7548 31.4185
18.7551 31.4912
18.7553 31.4298
18.7555 31.3761
18.7558 31.3291
18.756 31.4129
18.7563 31.3613
18.7565 31.3162
18.7567 31.2766
18.757 31.2421
18.7572 31.3368
18.7575 31.2947
18.7577 31.2579
18.7579 31.2256
18.7582 31.3224
18.7584 31.2821
18.7587 31.2469
18.7589 31.216
18.7591 31.314
18.7594 31.2747
18.7596 31.2404
18.7599 31.2104
18.7601 31.3091
18.7604 31.2704
18.7606 31.2366
18.7608 31.207
18.7611 31.3062
18.7613 31.2679
18.7616 31.2344
18.7618 31.2051
18.762 31.3045
18.7623 31.2664
18.7625 31.2331
18.7628 31.204
18.763 31.1785
18.7632 31.2812
18.7635 31.246
18.7637 31.2153
18.764 31.1884
18.7642 31.2898
18.7644 31.2536
18.7647 31.2219
18.7652 31.3191
18.7654 31.2793
18.7656 31.2443
18.7659 31.2138
18.781 33.1871
18.782 32.9137
18.7823 32.7995
18.7826 32.5745
18.7828 32.3777
18.7831 32.3305
18.7833 32.2892
18.7835 32.128
18.7838 31.987
18.784 31.9887
18.7843 31.9901
18.7845 31.8663
18.7847 31.758
18.785 31.6633
18.7852 31.7054
18.7855 31.6172
18.7857 31.54
18.7859 31.4725
18.7862 31.5385
18.7864 31.4712
18.7867 31.4123
18.7869 31.3607
18.7871 31.4406
18.7874 31.3856
18.7876 31.3374
18.7879 31.2952
18.7881 31.3833
18.7883 31.4604
18.7886 31.4028
18.7888 31.3525
18.7891 31.4334
18.7893 31.5042
18.7895 31.4412
18.7898 31.3861
18.79 31.4628
18.7903 31.5299
18.7905 31.4637
18.7908 31.4057
18.791 31.355
18.7912 31.4356
18.7915 31.3812
18.7917 31.3335
18.792 31.2918
18.7922 31.3804
18.7924 31.3328
18.7927 31.2912
18.7929 31.2548
18.7932 31.348
18.7934 31.3045
18.7936 31.2664
18.7939 31.2331
18.7941 31.329
18.7944 31.4128
18.7946 31.3612
18.7948 31.3161
18.7951 31.4016
18.7953 31.4764
18.7956 31.4168
18.7958 31.3647
18.7962 31.4441
18.7965 31.3886
18.7968 31.34
18.797 31.2975
18.812 33.2603
18.813 32.9778
18.8133 32.8556
18.8136 32.6236
18.8138 32.4207
18.8141 32.3681
18.8143 32.1971
18.8145 32.0474
18.8148 31.9165
18.815 31.9269
18.8153 31.8111
18.8155 31.7097
18.8157 31.621
18.816 31.5434
18.8162 31.6004
18.8165 31.5254
18.8167 31.4597
18.8169 31.4022
18.8172 31.477
18.8174 31.4173
18.8177 31.3652
18.8179 31.3195
18.8181 31.4046
18.8184 31.354
18.8186 31.3098
18.8189 31.271
18.8191 31.3622
18.8193 31.3169
18.8196 31.2773
18.8198 31.2426
18.8201 31.3373
18.8203 31.2951
18.8206 31.2582
18.8208 31.226
18.821 31.3227
18.8213 31.2824
18.8215 31.2471
18.8218 31.2162
18.822 31.1892
18.8222 31.2905
18.8225 31.2542
18.8227 31.2224
18.823 31.1946
18.8232 31.2953
18.8234 31.2584
18.8237 31.2261
18.8239 31.1978
18.8242 31.2981
18.8244 31.2608
18.8246 31.2282
18.8249 31.1997
18.8251 31.2997
18.8254 31.2623
18.8256 31.2295
18.8258 31.2008
18.8261 31.3007
18.8263 31.2631
18.8266 31.2302
18.8268 31.2014
18.8272 31.3013
18.8275 31.2636
18.8278 31.2307
18.828 31.3268
18.8282 31.411
18.8434 31.3596
18.8445 31.4396
18.8447 31.3847
18.8449 31.3366
18.8452 31.4195
18.8454 31.3671
18.8457 31.3212
18.8459 31.281
18.8461 31.3709
18.8464 31.3246
18.8466 31.284
18.8469 31.2485
18.8471 31.3424
18.8473 31.4246
18.8476 31.3715
18.8478 31.3251
18.8481 31.4095
18.8483 31.4833
18.8485 31.4229
18.8488 31.37
18.849 31.4488
18.8493 31.5177
18.8495 31.453
18.8497 31.3963
18.85 31.3468
18.8502 31.4284
18.8505 31.3749
18.8507 31.328
18.851 31.287
18.8512 31.3761
18.8514 31.3291
18.8517 31.288
18.8519 31.252
18.8522 31.3455
18.8524 31.3023
18.8526 31.2645
18.8529 31.2314
18.8531 31.3275
18.8534 31.4116
18.8536 31.3601
18.8538 31.3151
18.8541 31.4007
18.8543 31.4756
18.8546 31.4162
18.8548 31.3642
18.855 31.4436
18.8553 31.5132
18.8555 31.449
18.8558 31.3929
18.856 31.3438
18.8562 31.4258
18.8565 31.3726
18.8567 31.326
18.857 31.2853
18.8572 31.3746
18.8574 31.3278
18.8577 31.2868
18.8579 31.251
18.8582 31.3446
18.8586 31.3015
18.8589 31.2638
18.8591 31.3558
18.8594 31.3114
18.8597 31.2724
18.8749 31.2384
18.8759 31.2086
18.8762 31.3075
18.8764 31.3941
18.8767 31.3448
18.8769 31.3017
18.8771 31.389
18.8774 31.4654
18.8776 31.4072
18.8779 31.3563
18.8781 31.4368
18.8783 31.5072
18.8786 31.4438
18.8788 31.3883
18.8791 31.4648
18.8793 31.5317
18.8795 31.4652
18.8798 31.4071
18.88 31.4812
18.8803 31.546
18.8805 31.4778
18.8808 31.4181
18.881 31.3658
18.8812 31.4451
18.8815 31.5144
18.8817 31.5751
18.882 31.5032
18.8822 31.5653
18.8824 31.6197
18.8827 31.6672
18.8829 31.5838
18.8832 31.6358
18.8834 31.6813
18.8836 31.7212
18.8839 31.631
18.8841 31.6772
18.8844 31.7175
18.8846 31.7528
18.8848 31.6587
18.8851 31.7014
18.8853 31.7387
18.8856 31.7714
18.8858 31.6749
18.886 31.7156
18.8863 31.7511
18.8865 31.7822
18.8868 31.6845
18.887 31.5989
18.8872 31.649
18.8875 31.6929
18.8877 31.7313
18.888 31.6399
18.8882 31.6849
18.8884 31.7243
18.8887 31.7587
18.8889 31.6639
18.8892 31.7059
18.8894 31.7427
18.8896 31.7748
18.89 31.803
18.8904 31.8276
18.8906 31.8492
18.8908 31.743
18.8911 31.7751
18.9063 33.6782
18.9074 33.5935
18.9078 33.3943
18.908 33.22
18.9083 33.0675
18.9085 32.9341
18.9087 32.8173
18.909 32.5901
18.9092 32.5164
18.9095 32.4518
18.9097 32.3953
18.9099 32.2209
18.9102 32.1933
18.9104 32.1691
18.9107 32.148
18.9109 32.0045
18.9112 32.0039
18.9114 32.0034
18.9116 32.003
18.9119 31.8776
18.9121 31.8929
18.9124 31.9063
18.9126 31.918
18.9128 31.9283
18.9131 31.9372
18.9133 31.9451
18.9136 31.9519
18.9138 31.958
18.914 31.9632
18.9143 31.9678
18.9145 31.9718
18.9148 31.9754
18.915 31.8534
18.9152 31.8718
18.9155 31.8878
18.9157 31.9018
18.916 31.7891
18.9162 31.8154
18.9164 31.8385
18.9167 31.8587
18.9169 31.7514
18.9172 31.7824
18.9174 31.8096
18.9176 31.8334
18.9179 31.7293
18.9181 31.7631
18.9184 31.7927
18.9186 31.8186
18.9188 31.8413
18.9191 31.8611
18.9193 31.8785
18.9196 31.8937
18.9198 31.907
18.92 31.9186
18.9203 31.9288
18.9205 31.9377
18.9208 31.9455
18.921 31.9523
18.9212 31.9582
18.9215 31.9635
18.922 31.843
18.9222 31.8627
18.9224 31.8798
18.9227 31.8948
18.9378 33.658
18.9389 33.4507
18.9393 33.2694
18.9395 33.1107
18.9397 32.8469
18.94 32.616
18.9402 32.539
18.9405 32.4716
18.9407 32.4127
18.941 32.2361
18.9412 32.2066
18.9414 32.1808
18.9417 32.1582
18.9419 32.0134
18.9422 32.0117
18.9424 32.0103
18.9426 32.009
18.9429 31.8828
18.9431 31.8975
18.9434 31.9103
18.9436 31.9215
18.9438 31.8063
18.9441 31.8305
18.9443 31.8517
18.9446 31.8703
18.9448 31.7615
18.945 31.7913
18.9453 31.8174
18.9455 31.8402
18.9458 31.7352
18.946 31.6433
18.9462 31.6879
18.9465 31.7269
18.9467 31.761
18.947 31.6659
18.9472 31.7077
18.9474 31.7442
18.9477 31.7762
18.9479 31.6792
18.9482 31.7193
18.9484 31.7544
18.9486 31.7851
18.9489 31.6869
18.9491 31.7261
18.9494 31.7603
18.9496 31.7903
18.9498 31.6915
18.9501 31.73
18.9503 31.7638
18.9506 31.7933
18.9508 31.6941
18.951 31.7324
18.9513 31.7658
18.9515 31.7951
18.9518 31.6957
18.952 31.7337
18.9522 31.767
18.9525 31.7962
18.9527 31.6966
18.953 31.6096
18.9534 31.6584
18.9537 31.7011
18.9539 31.6134
18.9542 31.6618
18.9544 31.704
18.9697 31.741
18.9708 31.7734
18.9711 31.8017
18.9714 31.8265
18.9716 31.8482
18.9718 31.8672
18.9721 31.8838
18.9723 31.8983
18.9726 31.911
18.9728 31.9221
18.973 31.9319
18.9733 31.9404
18.9735 31.9478
18.9738 31.9544
18.974 31.8351
18.9742 31.8557
18.9745 31.8737
18.9747 31.8895
18.975 31.7783
18.9752 31.806
18.9754 31.8303
18.9757 31.8515
18.9759 31.7451
18.9762 31.7769
18.9764 31.8048
18.9766 31.8292
18.9769 31.7256
18.9771 31.7599
18.9774 31.7899
18.9776 31.8161
18.9778 31.8391
18.9781 31.8592
18.9783 31.8768
18.9786 31.8922
18.9788 31.9057
18.979 31.9175
18.9793 31.9278
18.9795 31.9368
18.9798 31.9447
18.98 31.9516
18.9802 31.9577
18.9805 31.963
18.9807 31.9676
18.981 31.8466
18.9812 31.8658
18.9814 31.8826
18.9817 31.8973
18.9819 31.7851
18.9822 31.812
18.9824 31.8355
18.9826 31.856
18.9829 31.749
18.9831 31.7804
18.9834 31.8079
18.9836 31.8319
18.9838 31.7279
18.9841 31.7619
18.9843 31.7917
18.9846 31.8177
18.9849 31.8405
18.9853 31.8604
18.9855 31.8779
18.9858 31.8931
18.986 31.9065
18.9864 31.9182
19.0016 31.9284
19.0027 31.9374
19.0031 31.9452
19.0033 31.952
19.0036 31.958
19.0038 31.9633
19.004 31.9679
19.0043 31.9719
19.0045 31.9754
19.0048 31.9785
19.005 31.8562
19.0052 31.8741
19.0055 31.8899
19.0057 31.9036
19.006 31.9157
19.0062 31.9262
19.0064 31.9354
19.0067 31.9435
19.0069 31.9506
19.0072 31.9568
19.0074 31.9622
19.0076 31.9669
19.0079 31.971
19.0081 31.9746
19.0084 31.9778
19.0086 31.9806
19.0088 31.983
19.0091 31.9851
19.0093 31.987
19.0096 31.9886
19.0098 31.99
19.01 32.1163
19.0103 32.1017
19.0105 32.089
19.0108 32.0779
19.011 32.1932
19.0112 32.169
19.0115 32.1479
19.0117 32.1294
19.012 32.1132
19.0122 32.0991
19.0124 32.0867
19.0127 32.0759
19.0129 32.0664
19.0132 32.1831
19.0134 32.1602
19.0136 32.1402
19.0139 32.1226
19.0141 32.2323
19.0144 32.2033
19.0146 32.1779
19.0148 32.1556
19.0151 32.2612
19.0153 32.2285
19.0156 32.2
19.0158 32.175
19.0161 32.2781
19.0163 32.2433
19.0165 32.2129
19.0168 32.1863
19.0173 32.288
19.0175 32.252
19.0177 32.2205
19.018 32.1929
19.0182 32.1688
19.0335 34.0227
19.0346 33.8949
19.035 33.783
19.0353 33.5601
19.0355 33.3651
19.0358 33.1945
19.036 33.0452
19.0362 32.9145
19.0365 32.8002
19.0367 32.7002
19.037 32.6127
19.0372 32.6611
19.0374 32.5784
19.0377 32.5061
19.0379 32.4429
19.0382 32.5125
19.0384 32.4484
19.0386 32.3924
19.0389 32.3433
19.0391 32.4254
19.0394 32.3722
19.0396 32.3257
19.0398 32.285
19.0401 32.3744
19.0403 32.3276
19.0406 32.2866
19.0408 32.2508
19.041 32.3444
19.0413 32.3014
19.0415 32.2637
19.0418 32.2308
19.042 32.3269
19.0422 32.286
19.0425 32.2503
19.0427 32.219
19.043 32.1916
19.0432 32.1677
19.0434 32.1467
19.0437 32.1284
19.0439 32.1123
19.0442 32.2233
19.0444 32.1954
19.0446 32.171
19.0449 32.1496
19.0451 32.2559
19.0454 32.2239
19.0456 32.1959
19.0459 32.1714
19.0461 32.275
19.0463 32.2406
19.0466 32.2105
19.0468 32.1842
19.0471 32.2862
19.0473 32.2504
19.0475 32.2191
19.0478 32.1917
19.048 32.2928
19.0483 32.2562
19.0485 32.2241
19.0487 32.1961
19.0491 32.2966
19.0495 32.2595
19.0497 32.2271
19.0499 32.1987
19.0502 32.2989
19.0653 34.1365
19.0665 33.9944
19.067 33.7451
19.0674 33.527
19.0676 33.3361
19.0678 33.1691
19.0681 33.148
19.0683 33.1295
19.0686 32.9883
19.0688 32.8648
19.069 32.8817
19.0693 32.8964
19.0695 32.7844
19.0698 32.6863
19.07 32.7255
19.0702 32.7599
19.0705 32.6649
19.0707 32.5818
19.071 32.509
19.0712 32.5704
19.0714 32.4991
19.0717 32.4367
19.0719 32.3821
19.0722 32.4594
19.0724 32.4019
19.0726 32.3517
19.0729 32.3077
19.0731 32.3943
19.0734 32.345
19.0736 32.3019
19.0738 32.2641
19.0741 32.3561
19.0743 32.3116
19.0746 32.2726
19.0748 32.2386
19.075 32.3337
19.0753 32.417
19.0755 32.3649
19.0758 32.3193
19.076 32.4044
19.0763 32.4788
19.0765 32.419
19.0767 32.3666
19.077 32.3208
19.0772 32.4057
19.0775 32.355
19.0777 32.3106
19.0779 32.2718
19.0782 32.3628
19.0784 32.3175
19.0787 32.2778
19.0789 32.243
19.0791 32.3377
19.0794 32.2955
19.0796 32.2585
19.0799 32.2262
19.0801 32.3229
19.0803 32.2826
19.0806 32.2472
19.0808 32.2163
19.0811 32.3143
19.0814 32.275
19.0818 32.2406
19.082 32.3356
19.0823 32.4186
19.0825 32.3663
19.0976 32.3205
19.0988 32.2804
19.0993 32.3704
19.0996 32.3241
19.0998 32.2836
19.1 32.3731
19.1003 32.3265
19.1005 32.2857
19.1008 32.25
19.101 32.3437
19.1012 32.3008
19.1015 32.2632
19.1017 32.2303
19.102 32.2015
19.1022 32.1763
19.1024 32.1543
19.1027 32.135
19.1029 32.1181
19.1032 32.2283
19.1034 32.1998
19.1036 32.1748
19.1039 32.153
19.1041 32.2588
19.1044 32.2265
19.1046 32.1982
19.1048 32.1734
19.1051 32.2767
19.1053 32.2421
19.1056 32.2119
19.1058 32.1854
19.1061 32.2872
19.1063 32.2513
19.1065 32.2199
19.1068 32.1924
19.107 32.2934
19.1073 32.2567
19.1075 32.2246
19.1077 32.1965
19.108 32.172
19.1082 32.1505
19.1085 32.1317
19.1087 32.1152
19.1089 32.1008
19.1092 32.2132
19.1094 32.1865
19.1097 32.1632
19.1099 32.1428
19.1101 32.25
19.1104 32.2187
19.1106 32.1914
19.1109 32.1675
19.1111 32.2715
19.1113 32.2376
19.1116 32.2079
19.1118 32.1819
19.1121 32.2842
19.1123 32.2486
19.1125 32.2176
19.1128 32.1904
19.113 32.2916
19.1133 32.2551
19.1137 32.2232
19.114 32.1953
19.1142 32.1709
19.1145 32.1495
19.1148 32.1309
19.1301 32.2395
19.1313 32.3346
19.1316 32.2927
19.1319 32.2561
19.1321 32.3491
19.1324 32.3055
19.1326 32.2673
19.1328 32.2339
19.1331 32.3297
19.1333 32.2884
19.1336 32.2524
19.1338 32.2208
19.134 32.3182
19.1343 32.4035
19.1345 32.353
19.1348 32.3089
19.135 32.3953
19.1352 32.4709
19.1355 32.412
19.1357 32.3605
19.136 32.3154
19.1362 32.401
19.1365 32.3509
19.1367 32.307
19.1369 32.2686
19.1372 32.3601
19.1374 32.3151
19.1377 32.2757
19.1379 32.2412
19.1381 32.3361
19.1384 32.2941
19.1386 32.2573
19.1389 32.2251
19.1391 32.322
19.1393 32.2817
19.1396 32.2465
19.1398 32.2157
19.1401 32.3137
19.1403 32.3995
19.1405 32.3496
19.1408 32.3059
19.141 32.3927
19.1413 32.4686
19.1415 32.41
19.1417 32.3587
19.142 32.3139
19.1422 32.3997
19.1425 32.3497
19.1427 32.306
19.1429 32.2677
19.1432 32.3593
19.1434 32.4394
19.1437 32.3844
19.1439 32.3364
19.1441 32.4193
19.1444 32.4919
19.1446 32.4304
19.1449 32.3766
19.1451 32.4545
19.1453 32.5227
19.1457 32.4574
19.1461 32.5252
19.1463 32.5846
19.1465 32.6365
19.1468 32.5569
19.1471 32.6123
19.1624 34.5358
19.1636 34.3438
19.1641 34.1758
19.1643 34.0288
19.1646 33.9002
19.1648 33.6627
19.165 33.5799
19.1653 33.5074
19.1655 33.444
19.1658 33.2635
19.166 33.2305
19.1663 33.2017
19.1665 33.1765
19.1667 33.0294
19.167 32.9008
19.1672 32.9132
19.1675 32.924
19.1677 32.8085
19.1679 32.7074
19.1682 32.744
19.1684 32.776
19.1687 32.804
19.1689 32.7035
19.1691 32.7406
19.1694 32.773
19.1696 32.8014
19.1699 32.7012
19.1701 32.7386
19.1703 32.7712
19.1706 32.7998
19.1708 32.6998
19.1711 32.7374
19.1713 32.7702
19.1715 32.7989
19.1718 32.6991
19.172 32.7367
19.1723 32.7696
19.1725 32.7984
19.1727 32.6986
19.173 32.6113
19.1732 32.6599
19.1735 32.7024
19.1737 32.6146
19.1739 32.5378
19.1742 32.5955
19.1744 32.6461
19.1747 32.6903
19.1749 32.604
19.1751 32.6535
19.1754 32.6968
19.1756 32.7347
19.1759 32.6429
19.1761 32.6875
19.1763 32.7266
19.1766 32.7608
19.1768 32.6657
19.1771 32.7075
19.1773 32.744
19.1775 32.776
19.1778 32.679
19.178 32.7191
19.1785 32.7542
19.1787 32.66
19.179 32.5775
19.1792 32.6303
19.1795 32.6765
19.1947 34.4669
19.1961 34.4086
19.1965 34.2325
19.1969 33.9534
19.1971 33.8343
19.1974 33.73
19.1976 33.6387
19.1979 33.4339
19.1981 33.3796
19.1983 33.3322
19.1986 33.2907
19.1988 33.1293
19.1991 33.1132
19.1993 33.099
19.1995 33.0866
19.1998 33.0758
19.2 33.0663
19.2003 33.058
19.2005 33.0508
19.2007 33.0444
19.201 32.9139
19.2012 32.9246
19.2015 32.9341
19.2017 32.9423
19.2019 32.8245
19.2022 32.8465
19.2024 32.8656
19.2027 32.8824
19.2029 32.7721
19.2031 32.8006
19.2034 32.8255
19.2036 32.8473
19.2039 32.7414
19.2041 32.7737
19.2043 32.802
19.2046 32.8268
19.2048 32.7234
19.2051 32.758
19.2053 32.7882
19.2055 32.8147
19.2058 32.8379
19.206 32.8581
19.2063 32.8759
19.2065 32.8914
19.2067 32.905
19.207 32.7918
19.2072 32.8179
19.2075 32.8406
19.2077 32.8606
19.2079 32.753
19.2082 32.7839
19.2084 32.8109
19.2087 32.8345
19.2089 32.7302
19.2091 32.7639
19.2094 32.7934
19.2096 32.8193
19.2099 32.7168
19.2101 32.7522
19.2103 32.7832
19.2106 32.8103
19.211 32.709
19.2113 32.7454
19.2116 32.7772
19.2118 32.8051
19.212 32.8294
19.2123 32.8508
19.2275 32.8694
19.2289 32.7607
19.2293 32.7906
19.2296 32.8168
19.2298 32.7147
19.2301 32.7504
19.2303 32.7816
19.2305 32.8089
19.2308 32.7078
19.231 32.7443
19.2313 32.7763
19.2315 32.8042
19.2317 32.7037
19.232 32.6157
19.2322 32.6638
19.2325 32.7058
19.2327 32.6176
19.2329 32.5404
19.2332 32.5978
19.2334 32.6481
19.2337 32.6921
19.2339 32.6056
19.2341 32.6549
19.2344 32.698
19.2346 32.7358
19.2349 32.6438
19.2351 32.6883
19.2353 32.7273
19.2356 32.7614
19.2358 32.6662
19.2361 32.7079
19.2363 32.7444
19.2365 32.7764
19.2368 32.6793
19.237 32.7194
19.2373 32.7545
19.2375 32.7852
19.2377 32.687
19.238 32.6011
19.2382 32.651
19.2385 32.6946
19.2387 32.6078
19.2389 32.5318
19.2392 32.5903
19.2394 32.6416
19.2397 32.6864
19.2399 32.6006
19.2401 32.6505
19.2404 32.6942
19.2406 32.7324
19.2409 32.6409
19.2411 32.6857
19.2414 32.725
19.2416 32.7594
19.2418 32.6645
19.2421 32.7064
19.2423 32.7431
19.2426 32.7752
19.2428 32.6783
19.243 32.7185
19.2433 32.7537
19.2438 32.7845
19.244 32.6864
19.2442 32.7256
19.2445 32.7599
19.2447 32.6649
19.2451 32.7068
19.2605 32.7435
19.2618 32.7755
19.2621 32.8036
19.2624 32.8281
19.2626 32.8496
19.2629 32.7434
19.2631 32.7755
19.2633 32.8036
19.2636 32.8281
19.2638 32.7246
19.2641 32.759
19.2643 32.7891
19.2645 32.8155
19.2648 32.8386
19.265 32.8587
19.2653 32.8764
19.2655 32.8918
19.2657 32.9054
19.266 32.7922
19.2662 32.8182
19.2665 32.8409
19.2667 32.8608
19.2669 32.7532
19.2672 32.784
19.2674 32.811
19.2677 32.8347
19.2679 32.7303
19.2681 32.764
19.2684 32.7935
19.2686 32.8193
19.2689 32.7169
19.2691 32.7523
19.2693 32.7833
19.2696 32.8104
19.2698 32.7091
19.2701 32.7454
19.2703 32.7772
19.2706 32.8051
19.2708 32.8295
19.271 32.8508
19.2713 32.8694
19.2715 32.8857
19.2718 32.9
19.272 32.7875
19.2722 32.8141
19.2725 32.8373
19.2727 32.8577
19.273 32.7504
19.2732 32.7816
19.2734 32.8089
19.2737 32.8328
19.2739 32.7287
19.2742 32.7626
19.2744 32.7923
19.2746 32.8183
19.2749 32.716
19.2751 32.7515
19.2754 32.7825
19.2756 32.8097
19.2758 32.7085
19.2762 32.7449
19.2766 32.7768
19.2768 32.8047
19.277 32.8291
19.2773 32.8505
19.2775 32.8692
19.278 32.8855
19.2934 32.8998
19.2947 32.9124
19.2951 32.9233
19.2953 32.9329
19.2955 32.9413
19.2958 32.9486
19.296 32.955
19.2963 32.9607
19.2965 32.9656
19.2967 32.9699
19.297 32.9736
19.2972 32.9769
19.2975 32.9798
19.2977 32.9823
19.2979 32.9846
19.2982 32.9865
19.2984 32.9882
19.2987 32.9896
19.2989 32.9909
19.2991 33.1171
19.2994 33.1024
19.2996 33.0896
19.2999 33.0784
19.3001 33.1936
19.3003 33.1694
19.3006 33.1482
19.3008 33.1297
19.3011 33.2385
19.3013 33.2087
19.3016 33.1826
19.3018 33.1598
19.302 33.2648
19.3023 33.2317
19.3025 33.2027
19.3028 33.1774
19.303 33.1552
19.3032 33.1358
19.3035 33.1188
19.3037 33.104
19.304 33.091
19.3042 33.0796
19.3044 33.0697
19.3047 33.061
19.3049 33.0533
19.3052 33.1717
19.3054 33.1502
19.3056 33.1314
19.3059 33.115
19.3061 33.2256
19.3064 33.1974
19.3066 33.1727
19.3068 33.1512
19.3071 33.2573
19.3073 33.2251
19.3076 33.197
19.3078 33.1723
19.308 33.2758
19.3083 33.2413
19.3085 33.2112
19.3088 33.1848
19.309 33.2867
19.3095 33.2508
19.3097 33.2195
19.31 33.192
19.3102 33.168
19.3104 33.147
19.3108 33.1287
19.3263 34.9876
19.3276 34.8641
19.3281 34.7561
19.3283 34.5366
19.3286 34.3445
19.3288 34.1765
19.3291 34.1544
19.3293 34.0101
19.3295 33.8838
19.3298 33.7734
19.33 33.8017
19.3303 33.8265
19.3305 33.7232
19.3308 33.6328
19.331 33.5537
19.3312 33.6095
19.3315 33.5333
19.3317 33.4666
19.332 33.4083
19.3322 33.4823
19.3324 33.422
19.3327 33.3692
19.3329 33.3231
19.3332 33.4077
19.3334 33.3567
19.3336 33.3121
19.3339 33.2731
19.3341 33.364
19.3344 33.3185
19.3346 33.2787
19.3348 33.2438
19.3351 33.3384
19.3353 33.2961
19.3356 33.2591
19.3358 33.2267
19.336 33.3233
19.3363 33.4079
19.3365 33.3569
19.3368 33.3123
19.337 33.2733
19.3372 33.3641
19.3375 33.3186
19.3377 33.2788
19.338 33.2439
19.3382 33.3384
19.3384 33.2961
19.3387 33.2591
19.3389 33.2267
19.3392 33.3234
19.3394 33.283
19.3396 33.2476
19.3399 33.2166
19.3401 33.3146
19.3404 33.2752
19.3406 33.2408
19.3408 33.2107
19.3411 33.3094
19.3413 33.2707
19.3416 33.2369
19.3418 33.2073
19.342 33.3064
19.3424 33.2681
19.3428 33.2346
19.343 33.3302
19.3432 33.414
19.3435 33.3622
19.3437 33.3169
19.3592 35.2773
19.3605 35.1176
19.361 34.9779
19.3613 34.7307
19.3615 34.5144
19.3618 34.3251
19.362 34.1594
19.3622 34.0145
19.3625 33.8877
19.3627 33.7767
19.363 33.6796
19.3632 33.5947
19.3634 33.5203
19.3637 33.4553
19.3639 33.3984
19.3642 33.4736
19.3644 33.4144
19.3646 33.3626
19.3649 33.3173
19.3651 33.4026
19.3654 33.3523
19.3656 33.3082
19.3658 33.2697
19.3661 33.361
19.3663 33.3159
19.3666 33.2764
19.3668 33.2418
19.367 33.3366
19.3673 33.2945
19.3675 33.2577
19.3678 33.2255
19.368 33.1973
19.3682 33.1726
19.3685 33.1511
19.3687 33.1322
19.369 33.1157
19.3692 33.1012
19.3694 33.0886
19.3697 33.0775
19.3699 33.0678
19.3702 33.1843
19.3704 33.1613
19.3706 33.1411
19.3709 33.1235
19.3711 33.233
19.3714 33.2039
19.3716 33.1784
19.3718 33.1561
19.3721 33.2616
19.3723 33.2289
19.3726 33.2003
19.3728 33.1753
19.373 33.2783
19.3733 33.2436
19.3735 33.2131
19.3738 33.1865
19.374 33.2882
19.3742 33.2521
19.3745 33.2206
19.3747 33.193
19.375 33.1689
19.3753 33.1478
19.3757 33.1293
19.3759 33.1132
19.3762 33.099
19.3764 33.0866
19.3767 33.0758
19.377 33.1913
19.3925 33.1674
19.394 33.1465
19.3943 33.1282
19.3946 33.1122
19.3948 33.0981
19.395 33.2109
19.3953 33.3095
19.3955 33.2708
19.3958 33.237
19.396 33.2073
19.3962 33.3064
19.3965 33.2681
19.3967 33.2346
19.397 33.2053
19.3972 33.3046
19.3974 33.2665
19.3977 33.2332
19.3979 33.2041
19.3982 33.3036
19.3984 33.2656
19.3986 33.2324
19.3989 33.2034
19.3991 33.3029
19.3994 33.2651
19.3996 33.2319
19.3998 33.2029
19.4001 33.3026
19.4003 33.2648
19.4006 33.2317
19.4008 33.2027
19.401 33.3024
19.4013 33.3896
19.4015 33.3409
19.4018 33.2983
19.402 33.386
19.4022 33.4627
19.4025 33.4049
19.4027 33.3543
19.403 33.31
19.4032 33.3962
19.4034 33.3467
19.4037 33.3034
19.4039 33.2655
19.4042 33.3573
19.4044 33.3126
19.4046 33.2735
19.4049 33.2393
19.4051 33.3344
19.4054 33.2926
19.4056 33.256
19.4059 33.224
19.4061 33.321
19.4063 33.2809
19.4066 33.2458
19.4068 33.2151
19.4071 33.3132
19.4073 33.274
19.4075 33.2398
19.4078 33.2098
19.408 33.3086
19.4083 33.395
19.4087 33.3456
19.409 33.3024
19.4092 33.3896
19.4095 33.3409
19.4097 33.2983
19.4099 33.261
19.4104 33.2284
19.4259 33.1998
19.4274 33.2999
19.4277 33.2624
19.428 33.2296
19.4282 33.3259
19.4284 33.2851
19.4287 33.2495
19.4289 33.2183
19.4292 33.316
19.4294 33.4015
19.4296 33.3513
19.4299 33.3074
19.4301 33.394
19.4304 33.4697
19.4306 33.411
19.4308 33.3596
19.4311 33.4397
19.4313 33.5097
19.4316 33.446
19.4318 33.3903
19.432 33.4665
19.4323 33.5332
19.4325 33.4665
19.4328 33.4082
19.433 33.4822
19.4332 33.5469
19.4335 33.4785
19.4337 33.4187
19.434 33.3664
19.4342 33.4456
19.4344 33.5149
19.4347 33.4505
19.4349 33.3942
19.4352 33.4699
19.4354 33.5362
19.4356 33.4692
19.4359 33.4105
19.4361 33.4842
19.4364 33.5487
19.4366 33.6051
19.4369 33.5295
19.4371 33.5883
19.4373 33.6397
19.4376 33.6848
19.4378 33.5992
19.4381 33.6493
19.4383 33.6931
19.4385 33.7315
19.4388 33.64
19.439 33.685
19.4393 33.7244
19.4395 33.7589
19.4397 33.664
19.44 33.581
19.4402 33.6334
19.4405 33.6792
19.4407 33.5943
19.4409 33.52
19.4412 33.58
19.4414 33.6325
19.4417 33.5534
19.442 33.6093
19.4424 33.6581
19.4426 33.7008
19.4429 33.6132
19.4431 33.6616
19.4433 33.7039
19.4437 33.7409
19.4593 35.6483
19.4608 35.5672
19.4612 35.3713
19.4615 35.1999
19.4617 35.0499
19.462 34.7937
19.4622 34.6945
19.4624 34.6077
19.4627 34.5317
19.4629 34.3402
19.4632 34.2977
19.4634 34.2605
19.4636 34.2279
19.4639 34.0744
19.4641 34.0651
19.4644 34.057
19.4646 34.0499
19.4648 33.9186
19.4651 33.9288
19.4653 33.9377
19.4656 33.9455
19.4658 33.8273
19.4661 33.8489
19.4663 33.8678
19.4665 33.8843
19.4668 33.7738
19.467 33.802
19.4673 33.8268
19.4675 33.8484
19.4677 33.8674
19.468 33.759
19.4682 33.7891
19.4685 33.8155
19.4687 33.8385
19.4689 33.7337
19.4692 33.767
19.4694 33.7961
19.4697 33.8216
19.4699 33.7189
19.4701 33.754
19.4704 33.7848
19.4706 33.8117
19.4709 33.7102
19.4711 33.7464
19.4713 33.7781
19.4716 33.8059
19.4718 33.7051
19.4721 33.742
19.4723 33.7742
19.4725 33.8025
19.4728 33.7022
19.473 33.7394
19.4733 33.772
19.4735 33.8005
19.4737 33.8254
19.474 33.7222
19.4742 33.757
19.4745 33.7873
19.4747 33.8139
19.4749 33.7122
19.4752 33.7482
19.4754 33.7796
19.4759 33.6822
19.4761 33.7219
19.4764 33.7567
19.4766 33.7871
19.4769 33.6887
19.4771 33.7276
19.4927 35.6367
19.4942 35.5571
19.4946 35.3624
19.4949 35.0671
19.4951 34.9337
19.4954 34.817
19.4956 34.7149
19.4959 34.5005
19.4961 34.438
19.4963 34.3832
19.4966 34.3353
19.4968 34.1684
19.4971 34.1474
19.4973 34.1289
19.4975 34.1128
19.4978 33.9737
19.498 33.977
19.4983 33.9799
19.4985 33.9824
19.4987 33.8596
19.499 33.7521
19.4992 33.7831
19.4995 33.8102
19.4997 33.709
19.4999 33.6203
19.5002 33.6678
19.5004 33.7093
19.5007 33.6207
19.5009 33.5431
19.5011 33.6002
19.5014 33.6502
19.5016 33.6939
19.5019 33.6072
19.5021 33.6563
19.5023 33.6992
19.5026 33.7368
19.5028 33.6447
19.5031 33.6891
19.5033 33.728
19.5035 33.762
19.5038 33.6667
19.504 33.7084
19.5043 33.7448
19.5045 33.7767
19.5047 33.6796
19.505 33.5947
19.5052 33.6454
19.5055 33.6897
19.5057 33.6035
19.5059 33.528
19.5062 33.587
19.5064 33.6387
19.5067 33.5588
19.5069 33.489
19.5071 33.5528
19.5074 33.6087
19.5076 33.6576
19.5079 33.5754
19.5081 33.6285
19.5083 33.6749
19.5086 33.7156
19.5088 33.6261
19.5093 33.6729
19.5095 33.7138
19.5098 33.6245
19.51 33.6715
19.5103 33.7125
19.5105 33.7485
19.5109 33.6549
19.5265 33.698
19.5281 33.7358
19.5284 33.7688
19.5287 33.7977
19.5289 33.698
19.5291 33.7357
19.5294 33.7688
19.5296 33.7977
19.5299 33.698
19.5301 33.7357
19.5303 33.7688
19.5306 33.7977
19.5308 33.698
19.5311 33.7357
19.5313 33.7687
19.5315 33.7977
19.5318 33.6979
19.532 33.7357
19.5323 33.7687
19.5325 33.7976
19.5327 33.8229
19.533 33.7201
19.5332 33.7551
19.5335 33.7857
19.5337 33.8125
19.5339 33.7109
19.5342 33.747
19.5344 33.7787
19.5347 33.8063
19.5349 33.7055
19.5351 33.7423
19.5354 33.7746
19.5356 33.8027
19.5359 33.7024
19.5361 33.7396
19.5363 33.7721
19.5366 33.8006
19.5368 33.7005
19.5371 33.738
19.5373 33.7707
19.5375 33.7994
19.5378 33.6995
19.538 33.737
19.5383 33.7699
19.5385 33.7987
19.5387 33.8238
19.539 33.7209
19.5392 33.7557
19.5395 33.7863
19.5397 33.813
19.5399 33.7114
19.5402 33.7474
19.5404 33.779
19.5407 33.8066
19.5409 33.7058
19.5412 33.7426
19.5414 33.7748
19.5416 33.8029
19.5419 33.7025
19.5421 33.7397
19.5424 33.7723
19.5427 33.8007
19.5431 33.8256
19.5433 33.8474
19.5436 33.8665
19.5438 33.7582
19.544 33.7884
19.5443 33.8149
19.5448 33.838
19.5604 33.8583
19.5619 33.751
19.5623 33.7821
19.5625 33.8093
19.5628 33.8332
19.563 33.854
19.5633 33.8723
19.5635 33.8882
19.5637 33.9022
19.564 33.7894
19.5642 33.8158
19.5645 33.8388
19.5647 33.8589
19.5649 33.7516
19.5652 33.7826
19.5654 33.8098
19.5657 33.8336
19.5659 33.7294
19.5661 33.7632
19.5664 33.7928
19.5666 33.8187
19.5669 33.8414
19.5671 33.8612
19.5673 33.8785
19.5676 33.8937
19.5678 33.907
19.5681 33.9186
19.5683 33.9288
19.5685 33.9377
19.5688 33.9455
19.569 33.9523
19.5693 33.9583
19.5695 33.9635
19.5697 33.968
19.57 33.847
19.5702 33.8662
19.5705 33.8829
19.5707 33.8975
19.571 33.7853
19.5712 33.8122
19.5714 33.8356
19.5717 33.8562
19.5719 33.7492
19.5722 33.7805
19.5724 33.808
19.5726 33.832
19.5729 33.853
19.5731 33.9963
19.5734 33.9968
19.5736 33.9972
19.5738 33.9976
19.5741 34.1229
19.5743 34.1075
19.5746 34.0941
19.5748 34.0823
19.575 34.197
19.5753 34.1724
19.5755 34.1508
19.5758 34.132
19.576 34.1155
19.5762 34.1011
19.5765 34.0884
19.577 34.0774
19.5772 34.0677
19.5774 34.0592
19.5777 34.0518
19.5779 34.0453
19.5782 34.0397
19.5785 34.0347
19.5943 36.0304
19.5958 35.9016
19.5963 35.7889
19.5965 35.5653
19.5968 35.3696
19.597 35.3234
19.5973 35.158
19.5975 35.0132
19.5977 34.8866
19.598 34.7758
19.5982 34.8038
19.5985 34.7033
19.5987 34.6154
19.5989 34.5385
19.5992 34.5962
19.5994 34.5216
19.5997 34.4564
19.5999 34.3994
19.6001 34.4745
19.6004 34.4152
19.6006 34.3633
19.6009 34.3178
19.6011 34.4031
19.6014 34.3527
19.6016 34.3086
19.6018 34.2701
19.6021 34.3613
19.6023 34.3161
19.6026 34.2766
19.6028 34.242
19.603 34.3368
19.6033 34.2947
19.6035 34.2578
19.6038 34.2256
19.604 34.1974
19.6042 34.2977
19.6045 34.2605
19.6047 34.228
19.605 34.1995
19.6052 34.2995
19.6054 34.2621
19.6057 34.2293
19.6059 34.2007
19.6062 34.3006
19.6064 34.263
19.6066 34.2301
19.6069 34.2014
19.6071 34.3012
19.6074 34.2635
19.6076 34.2306
19.6078 34.2018
19.6081 34.3016
19.6083 34.2639
19.6086 34.2309
19.6088 34.202
19.609 34.3018
19.6093 34.264
19.6095 34.231
19.6098 34.2022
19.61 34.3019
19.6102 34.3892
19.6105 34.3405
19.6108 34.2979
19.6112 34.3857
19.6114 34.3375
19.6117 34.2953
19.6119 34.2584
19.6122 34.3511
19.6124 34.3072
19.6281 36.2688
19.6297 36.1102
19.6302 35.9714
19.6304 35.725
19.6307 35.5094
19.6309 35.3207
19.6312 35.1556
19.6314 35.0112
19.6316 34.8848
19.6319 34.7742
19.6321 34.8024
19.6324 34.7021
19.6326 34.6143
19.6328 34.5375
19.6331 34.5953
19.6333 34.5209
19.6336 34.4558
19.6338 34.3988
19.634 34.474
19.6343 34.4147
19.6345 34.3629
19.6348 34.3175
19.635 34.2778
19.6352 34.2431
19.6355 34.2127
19.6357 34.1861
19.636 34.1629
19.6362 34.1425
19.6364 34.1247
19.6367 34.1091
19.6369 34.0955
19.6372 34.0835
19.6374 34.0731
19.6376 34.064
19.6379 34.056
19.6381 34.174
19.6384 34.1522
19.6386 34.1332
19.6388 34.1165
19.6391 34.227
19.6393 34.1986
19.6396 34.1738
19.6398 34.1521
19.64 34.258
19.6403 34.2258
19.6405 34.1976
19.6408 34.1729
19.641 34.2763
19.6412 34.2417
19.6415 34.2115
19.6417 34.1851
19.642 34.1619
19.6422 34.1417
19.6424 34.124
19.6427 34.1085
19.6429 34.0949
19.6432 34.0831
19.6434 34.0727
19.6436 34.0636
19.6439 34.0556
19.6441 34.0487
19.6444 34.0426
19.6447 34.0373
19.6451 34.1576
19.6453 34.1379
19.6456 34.1207
19.6458 34.1056
19.6461 34.2174
19.6463 34.1902
19.6467 34.1664
19.6624 34.1456
19.664 34.1274
19.6644 34.1115
19.6647 34.0976
19.6649 34.0854
19.6652 34.1997
19.6654 34.1747
19.6656 34.1529
19.6659 34.1338
19.6661 34.2421
19.6664 34.2118
19.6666 34.1853
19.6668 34.1622
19.6671 34.2669
19.6673 34.2335
19.6676 34.2043
19.6678 34.1788
19.668 34.2814
19.6683 34.2463
19.6685 34.2155
19.6688 34.1885
19.669 34.29
19.6692 34.3787
19.6695 34.3314
19.6697 34.29
19.67 34.2537
19.6702 34.347
19.6704 34.3036
19.6707 34.2657
19.6709 34.2325
19.6712 34.3284
19.6714 34.2874
19.6716 34.2514
19.6719 34.22
19.6721 34.3175
19.6724 34.2778
19.6726 34.2431
19.6728 34.2127
19.6731 34.3111
19.6733 34.2722
19.6736 34.2382
19.6738 34.2084
19.674 34.3074
19.6743 34.2689
19.6745 34.2353
19.6748 34.2059
19.675 34.3052
19.6752 34.267
19.6755 34.2336
19.6757 34.2044
19.676 34.1789
19.6762 34.2815
19.6765 34.2463
19.6767 34.2155
19.6769 34.1886
19.6772 34.29
19.6774 34.2538
19.6777 34.222
19.6779 34.1943
19.6781 34.295
19.6784 34.2581
19.6786 34.2259
19.6791 34.3226
19.6793 34.2823
19.6796 34.247
19.6798 34.2161
19.6801 34.3141
19.6803 34.2749
19.6805 34.2405
19.681 34.3354
19.6968 34.2935
19.6983 34.3818
19.6988 34.3341
19.699 34.4173
19.6993 34.4902
19.6995 34.4289
19.6998 34.3753
19.7 34.4534
19.7002 34.5217
19.7005 34.4565
19.7007 34.3994
19.701 34.3495
19.7012 34.4308
19.7014 34.377
19.7017 34.3298
19.7019 34.2886
19.7022 34.3775
19.7024 34.3303
19.7026 34.289
19.7029 34.2529
19.7031 34.3463
19.7034 34.303
19.7036 34.2651
19.7038 34.232
19.7041 34.328
19.7043 34.412
19.7046 34.3605
19.7048 34.3154
19.705 34.401
19.7053 34.4759
19.7055 34.4164
19.7058 34.3643
19.706 34.4438
19.7063 34.5133
19.7065 34.4492
19.7067 34.393
19.707 34.3439
19.7072 34.4259
19.7075 34.3727
19.7077 34.3261
19.7079 34.2853
19.7082 34.3747
19.7084 34.3278
19.7087 34.2868
19.7089 34.251
19.7091 34.3446
19.7094 34.3015
19.7096 34.2638
19.7099 34.2309
19.7101 34.327
19.7103 34.4111
19.7106 34.3597
19.7108 34.3148
19.7111 34.4004
19.7113 34.4754
19.7115 34.4159
19.7118 34.364
19.712 34.4435
19.7123 34.513
19.7125 34.5739
19.7127 34.5022
19.713 34.4394
19.7132 34.5095
19.7135 34.4458
19.7137 34.3901
19.7139 34.3413
19.7142 34.4236
19.7144 34.3707
19.7147 34.3243
19.7149 34.2838
19.7292 35.9983
19.7308 35.7485
19.7314 35.405
19.7316 35.1043
19.7318 34.7163
19.7321 34.5018
19.7323 34.064
19.7326 33.681
19.7328 33.3459
19.733 33.0527
19.7333 32.7961
19.7335 32.5716
19.7338 32.3751
19.734 32.2032
19.7342 32.0528
19.7345 31.9212
19.7347 31.8061
19.735 31.5803
19.7352 31.5078
19.7354 31.4443
19.7357 31.3888
19.7359 31.2152
19.7362 31.1883
19.7364 31.1647
19.7367 31.1441
19.7369 31.0011
19.7371 31.001
19.7374 31.0009
19.7376 31.0008
19.7379 31.0007
19.7381 31.0006
19.7383 31.0005
19.7386 31.0004
19.7388 31.0004
19.7391 31.0003
19.7393 31.0003
19.7395 31.0003
19.7398 31.0002
19.74 31.0002
19.7403 31.0002
19.7405 31.0001
19.7407 31.0001
19.741 30.8751
19.7412 30.8907
19.7415 30.9044
19.7417 30.9163
19.7419 30.8018
19.7422 30.8266
19.7424 30.8482
19.7427 30.8672
19.7429 30.7588
19.7431 30.789
19.7434 30.8153
19.7436 30.8384
19.7439 30.8586
19.7441 30.8763
19.7443 30.8918
19.7446 30.9053
19.7448 30.9171
19.7451 30.9275
19.7453 30.9365
19.7455 30.9445
19.7458 30.9514
19.7601 30.9575
19.7618 30.9628
19.7622 30.9675
19.7625 30.9715
19.7627 30.9751
19.763 30.8532
19.7632 30.8715
19.7634 30.8876
19.7637 30.9017
19.7639 30.7889
19.7642 30.8153
19.7644 30.8384
19.7646 30.8586
19.7649 30.8763
19.7651 30.8917
19.7654 30.9053
19.7656 30.9171
19.7658 30.9275
19.7661 31.0615
19.7663 31.0538
19.7666 31.0471
19.7668 31.0412
19.7671 31.1611
19.7673 31.1409
19.7675 31.1233
19.7678 31.1079
19.768 31.2194
19.7683 31.192
19.7685 31.168
19.7687 31.147
19.769 31.1286
19.7692 31.1125
19.7695 31.0985
19.7697 31.0862
19.7699 31.0754
19.7702 31.066
19.7704 31.0577
19.7707 31.0505
19.7709 31.0442
19.7711 31.0387
19.7714 31.0338
19.7716 31.0296
19.7719 31.0259
19.7721 31.1477
19.7723 31.1292
19.7726 31.1131
19.7728 31.0989
19.7731 31.2116
19.7733 31.1851
19.7735 31.162
19.7738 31.1417
19.774 31.249
19.7743 31.2179
19.7745 31.1906
19.7747 31.1668
19.775 31.146
19.7752 31.1277
19.7755 31.1118
19.7757 31.0978
19.7759 31.0856
19.7762 31.0749
19.7764 31.0655
19.7768 31.0573
19.791 32.8002
19.7926 32.7001
19.7932 32.6126
19.7935 32.411
19.7937 32.2347
19.794 32.0803
19.7942 32.0703
19.7944 31.9365
19.7947 31.8194
19.7949 31.717
19.7952 31.7524
19.7954 31.6583
19.7956 31.576
19.7959 31.504
19.7961 31.566
19.7964 31.4953
19.7966 31.4334
19.7969 31.3792
19.7971 31.4568
19.7973 31.3997
19.7976 31.3497
19.7978 31.306
19.7981 31.3928
19.7983 31.3437
19.7985 31.3007
19.7988 31.2631
19.799 31.3552
19.7993 31.3108
19.7995 31.272
19.7997 31.238
19.8 31.2082
19.8002 31.3072
19.8005 31.2688
19.8007 31.2352
19.8009 31.2058
19.8012 31.3051
19.8014 31.2669
19.8017 31.2336
19.8019 31.2044
19.8021 31.3038
19.8024 31.2658
19.8026 31.2326
19.8029 31.2035
19.8031 31.3031
19.8033 31.2652
19.8036 31.2321
19.8038 31.203
19.8041 31.3027
19.8043 31.2648
19.8045 31.2317
19.8048 31.2028
19.805 31.3024
19.8053 31.2646
19.8055 31.2315
19.8057 31.2026
19.806 31.1773
19.8062 31.2801
19.8065 31.2451
19.8067 31.2145
19.8069 31.1877
19.8072 31.2892
19.8074 31.253
19.8077 31.2214
19.8218 32.9437
19.8236 32.9508
19.8242 32.8319
19.8246 32.6029
19.8248 32.4026
19.8251 32.3522
19.8253 32.3082
19.8256 32.1447
19.8258 32.0016
19.826 32.0014
19.8263 32.0012
19.8265 31.8761
19.8268 31.7666
19.827 31.7957
19.8273 31.8213
19.8275 31.7186
19.8277 31.6288
19.828 31.5502
19.8282 31.6064
19.8285 31.5306
19.8287 31.4643
19.8289 31.4062
19.8292 31.4805
19.8294 31.4204
19.8297 31.3679
19.8299 31.3219
19.8301 31.4066
19.8304 31.3558
19.8306 31.3113
19.8309 31.2724
19.8311 31.3634
19.8313 31.4429
19.8316 31.3876
19.8318 31.3391
19.8321 31.4217
19.8323 31.494
19.8325 31.4323
19.8328 31.3782
19.833 31.456
19.8333 31.524
19.8335 31.4585
19.8337 31.4012
19.834 31.351
19.8342 31.4321
19.8345 31.3781
19.8347 31.3309
19.8349 31.2895
19.8352 31.3783
19.8354 31.331
19.8357 31.2896
19.8359 31.2534
19.8361 31.3468
19.8364 31.3034
19.8366 31.2655
19.8369 31.2323
19.8371 31.3283
19.8373 31.4122
19.8376 31.3607
19.8378 31.3156
19.8381 31.4012
19.8383 31.476
19.8385 31.4165
19.8388 31.3644
19.839 31.4439
19.8532 31.5134
19.855 31.5742
19.8556 31.5024
19.8558 31.4396
19.8561 31.5097
19.8563 31.446
19.8566 31.3902
19.8568 31.3414
19.8571 31.4238
19.8573 31.3708
19.8575 31.3244
19.8578 31.2839
19.858 31.3734
19.8583 31.3267
19.8585 31.2859
19.8587 31.2501
19.859 31.2189
19.8592 31.3165
19.8595 31.277
19.8597 31.2423
19.8599 31.212
19.8602 31.3105
19.8604 31.2717
19.8607 31.2378
19.8609 31.208
19.8611 31.307
19.8614 31.2687
19.8616 31.2351
19.8619 31.2057
19.8621 31.305
19.8623 31.2669
19.8626 31.2335
19.8628 31.2043
19.8631 31.3038
19.8633 31.2658
19.8635 31.2326
19.8638 31.2035
19.864 31.3031
19.8643 31.2652
19.8645 31.232
19.8647 31.203
19.865 31.1776
19.8652 31.2804
19.8655 31.2454
19.8657 31.2147
19.8659 31.1879
19.8662 31.2894
19.8664 31.2532
19.8667 31.2216
19.8669 31.1939
19.8671 31.2946
19.8674 31.2578
19.8676 31.2256
19.8679 31.1974
19.8681 31.2977
19.8683 31.2605
19.8686 31.2279
19.8688 31.1994
19.8691 31.2995
19.8693 31.2621
19.8695 31.2293
19.8698 31.2006
19.87 31.3006
19.8704 31.263
19.8847 31.2301
19.8865 31.2014
19.887 31.1762
19.8872 31.2792
19.8875 31.2443
19.8877 31.2137
19.8879 31.187
19.8882 31.2886
19.8884 31.2526
19.8887 31.221
19.8889 31.1934
19.8891 31.2942
19.8894 31.2574
19.8896 31.2252
19.8899 31.1971
19.8901 31.2974
19.8903 31.3853
19.8906 31.3371
19.8908 31.295
19.8911 31.3831
19.8913 31.4602
19.8915 31.4027
19.8918 31.3523
19.892 31.4333
19.8923 31.5041
19.8925 31.5661
19.8927 31.4954
19.893 31.4334
19.8932 31.5043
19.8935 31.5662
19.8937 31.4954
19.8939 31.4335
19.8942 31.5043
19.8944 31.5663
19.8947 31.4955
19.8949 31.4336
19.8951 31.5044
19.8954 31.5663
19.8956 31.4955
19.8959 31.4336
19.8961 31.5044
19.8963 31.5663
19.8966 31.6205
19.8968 31.543
19.8971 31.6001
19.8973 31.6501
19.8975 31.6938
19.8978 31.6071
19.898 31.6562
19.8983 31.6992
19.8985 31.7368
19.8987 31.6447
19.899 31.5641
19.8992 31.6186
19.8995 31.6663
19.8997 31.583
19.8999 31.5101
19.9002 31.5713
19.9004 31.6249
19.9007 31.5468
19.9009 31.4785
19.9011 31.5436
19.9014 31.6007
19.9019 31.5256
19.916 33.3349
19.9179 33.293
19.9185 33.1314
19.9187 32.99
19.9189 32.7412
19.9192 32.6486
19.9194 32.5675
19.9197 32.4966
19.9199 32.3095
19.9201 32.2708
19.9204 32.237
19.9206 32.2073
19.9209 32.0564
19.9211 32.0494
19.9213 32.0432
19.9216 32.0378
19.9218 31.9081
19.9221 31.9196
19.9223 31.9296
19.9225 31.9384
19.9228 31.8211
19.923 31.8435
19.9233 31.863
19.9235 31.8802
19.9237 31.7701
19.924 31.6739
19.9242 31.7146
19.9245 31.7503
19.9247 31.7815
19.9249 31.6838
19.9252 31.7233
19.9254 31.7579
19.9257 31.7882
19.9259 31.6897
19.9261 31.7285
19.9264 31.7624
19.9266 31.7921
19.9269 31.6931
19.9271 31.7314
19.9273 31.765
19.9276 31.7944
19.9278 31.6951
19.9281 31.7332
19.9283 31.7666
19.9285 31.7957
19.9288 31.6963
19.929 31.7342
19.9293 31.7675
19.9295 31.7965
19.9297 31.697
19.93 31.6098
19.9302 31.6586
19.9305 31.7013
19.9307 31.7386
19.9309 31.6463
19.9312 31.6905
19.9314 31.7292
19.9317 31.763
19.9319 31.6677
19.9322 31.7092
19.9324 31.7456
19.9326 31.7774
19.9329 31.6802
19.9332 31.7202
19.9474 33.5051
19.9493 33.442
19.9499 33.2617
19.9503 33.104
19.9505 32.966
19.9508 32.8453
19.951 32.7396
19.9513 32.6472
19.9515 32.5663
19.9517 32.4955
19.952 32.3085
19.9522 32.27
19.9525 32.2362
19.9527 32.2067
19.9529 32.0559
19.9532 32.0489
19.9534 32.0428
19.9537 32.0374
19.9539 31.9077
19.9541 31.9193
19.9544 31.9294
19.9546 31.9382
19.9549 31.8209
19.9551 31.8433
19.9553 31.8629
19.9556 31.88
19.9558 31.895
19.9561 31.9081
19.9563 31.9196
19.9565 31.9297
19.9568 31.9385
19.957 31.9462
19.9573 31.9529
19.9575 31.9588
19.9577 31.9639
19.958 31.8434
19.9582 31.863
19.9585 31.8801
19.9587 31.8951
19.9589 31.7832
19.9592 31.8103
19.9594 31.834
19.9597 31.8548
19.9599 31.7479
19.9601 31.7794
19.9604 31.807
19.9606 31.8311
19.9609 31.7272
19.9611 31.7613
19.9613 31.7912
19.9616 31.8173
19.9618 31.8401
19.9621 31.8601
19.9623 31.8776
19.9626 31.8929
19.9628 31.9063
19.963 31.918
19.9633 31.9282
19.9635 31.9372
19.9638 31.9451
19.964 31.8269
19.9642 31.8486
19.9645 31.8675
19.9647 31.8841
19.9651 31.8985
19.9793 31.9112
19.9812 31.9223
19.9818 31.932
19.982 31.9405
19.9823 31.948
19.9825 31.9545
19.9827 31.8352
19.983 31.7308
19.9832 31.7644
19.9835 31.7939
19.9837 31.8196
19.9839 31.7172
19.9842 31.7525
19.9844 31.7835
19.9847 31.8105
19.9849 31.7092
19.9851 31.7456
19.9854 31.7774
19.9856 31.8052
19.9859 31.7045
19.9861 31.7415
19.9863 31.7738
19.9866 31.8021
19.9868 31.7018
19.9871 31.7391
19.9873 31.7717
19.9875 31.8002
19.9878 31.7002
19.988 31.7377
19.9883 31.7705
19.9885 31.7992
19.9887 31.6993
19.989 31.6119
19.9892 31.6604
19.9895 31.7028
19.9897 31.74
19.9899 31.6475
19.9902 31.6915
19.9904 31.7301
19.9907 31.7638
19.9909 31.6684
19.9911 31.7098
19.9914 31.7461
19.9916 31.7778
19.9919 31.6806
19.9921 31.7205
19.9924 31.7555
19.9926 31.786
19.9928 31.6878
19.9931 31.7268
19.9933 31.7609
19.9936 31.7908
19.9938 31.692
19.994 31.7305
19.9943 31.7642
19.9945 31.7936
19.9948 31.6944
19.995 31.6076
19.9952 31.6567
19.9955 31.6996
19.9957 31.7371
19.996 31.645
19.9962 31.6894
19.9964 31.7282
19.9969 31.6372
20.0111 31.6825
20.013 31.7222
20.0136 31.7569
20.0139 31.6623
20.0141 31.7045
20.0143 31.7415
20.0146 31.7738
20.0148 31.8021
20.0151 31.8268
20.0153 31.8484
20.0155 31.8674
20.0158 31.884
20.016 31.8985
20.0163 31.9112
20.0165 31.9223
20.0167 31.932
20.017 31.8155
20.0172 31.8385
20.0175 31.8587
20.0177 31.8764
20.0179 31.7668
20.0182 31.796
20.0184 31.8215
20.0187 31.8438
20.0189 31.7383
20.0191 31.771
20.0194 31.7997
20.0196 31.8247
20.0199 31.7216
20.0201 31.7564
20.0203 31.7869
20.0206 31.8135
20.0208 31.8368
20.0211 31.9822
20.0213 31.9844
20.0216 31.9864
20.0218 31.9881
20.022 32.1146
20.0223 32.1002
20.0225 32.0877
20.0228 32.0768
20.023 32.0672
20.0232 32.0588
20.0235 32.0514
20.0237 32.045
20.024 32.0394
20.0242 32.0344
20.0244 32.0301
20.0247 32.0264
20.0249 32.0231
20.0252 32.0202
20.0254 32.0177
20.0256 32.0155
20.0259 32.0135
20.0261 32.0118
20.0264 32.0104
20.0266 32.0091
20.0268 32.0079
20.0271 32.1319
20.0273 32.1154
20.0276 32.101
20.0278 32.0884
20.028 32.2023
20.0284 32.177
20.0288 32.1549
20.0429 33.8855
20.0449 33.7749
20.0456 33.553
20.0458 33.3589
20.0461 33.314
20.0463 33.1498
20.0465 33.006
20.0468 32.8803
20.047 32.8952
20.0473 32.7833
20.0475 32.6854
20.0477 32.5997
20.048 32.5248
20.0482 32.4592
20.0485 32.4018
20.0487 32.3516
20.049 32.3076
20.0492 32.3942
20.0494 32.3449
20.0497 32.3018
20.0499 32.2641
20.0502 32.356
20.0504 32.3115
20.0506 32.2726
20.0509 32.2385
20.0511 32.3337
20.0514 32.292
20.0516 32.2555
20.0518 32.2236
20.0521 32.3206
20.0523 32.2805
20.0526 32.2455
20.0528 32.2148
20.053 32.3129
20.0533 32.2738
20.0535 32.2396
20.0538 32.2096
20.054 32.1834
20.0542 32.1605
20.0545 32.1404
20.0547 32.1229
20.055 32.1075
20.0552 32.2191
20.0554 32.1917
20.0557 32.1677
20.0559 32.1468
20.0562 32.2534
20.0564 32.2217
20.0566 32.194
20.0569 32.1698
20.0571 32.2736
20.0574 32.2394
20.0576 32.2094
20.0578 32.1833
20.0581 32.2853
20.0583 32.2497
20.0586 32.2185
20.0588 32.1912
20.059 32.2923
20.0593 32.2557
20.0595 32.2238
20.0598 32.1958
20.06 32.2963
20.0602 32.2593
20.0607 32.2269
20.0753 34.0735
20.0772 34.1893
20.0779 34.0407
20.0783 33.9106
20.0785 33.7968
20.0788 33.5722
20.079 33.3756
20.0792 33.3287
20.0795 33.2876
20.0797 33.1266
20.08 32.9858
20.0802 32.9876
20.0804 32.9891
20.0807 32.9905
20.0809 32.8667
20.0812 32.8833
20.0814 32.8979
20.0816 32.9107
20.0819 32.7969
20.0821 32.8222
20.0824 32.8445
20.0826 32.8639
20.0828 32.7559
20.0831 32.7864
20.0833 32.8131
20.0836 32.8365
20.0838 32.7319
20.084 32.7654
20.0843 32.7948
20.0845 32.8204
20.0848 32.7179
20.085 32.7531
20.0852 32.784
20.0855 32.811
20.0857 32.7096
20.086 32.6209
20.0862 32.6683
20.0864 32.7098
20.0867 32.746
20.0869 32.6528
20.0872 32.6962
20.0874 32.7342
20.0876 32.7674
20.0879 32.6715
20.0881 32.7125
20.0884 32.7485
20.0886 32.7799
20.0888 32.6824
20.0891 32.7221
20.0893 32.7568
20.0896 32.7872
20.0898 32.6888
20.0901 32.7277
20.0903 32.7618
20.0905 32.7915
20.0908 32.6926
20.091 32.731
20.0913 32.7646
20.0915 32.7941
20.0917 32.6948
20.092 32.608
20.0922 32.657
20.0925 32.6998
20.0927 32.6124
20.0929 32.5358
20.0934 32.5938
20.1082 32.6446
20.1101 32.689
20.1108 32.7279
20.1112 32.7619
20.1114 32.7917
20.1117 32.8177
20.1119 32.8405
20.1122 32.8604
20.1124 32.8779
20.1126 32.8931
20.1129 32.9065
20.1131 32.9182
20.1134 32.9284
20.1136 32.9374
20.1138 32.9452
20.1141 32.952
20.1143 32.958
20.1146 32.9633
20.1148 32.9679
20.115 32.9719
20.1153 32.9754
20.1155 32.9785
20.1158 32.9812
20.116 32.9835
20.1162 32.9856
20.1165 32.9874
20.1167 32.989
20.117 32.8653
20.1172 32.8822
20.1174 32.8969
20.1177 32.9098
20.1179 32.7961
20.1182 32.8216
20.1184 32.8439
20.1186 32.8634
20.1189 32.8805
20.1191 32.8954
20.1194 32.9085
20.1196 32.9199
20.1198 32.9299
20.1201 32.9387
20.1203 32.9463
20.1206 32.9531
20.1208 32.9589
20.1211 32.9641
20.1213 32.9685
20.1215 32.9725
20.1218 32.9759
20.122 32.9789
20.1223 32.9816
20.1225 32.9839
20.1227 32.9859
20.123 32.8626
20.1232 32.8798
20.1235 32.8948
20.1237 32.908
20.1239 32.7945
20.1242 32.8202
20.1244 32.8427
20.1247 32.8623
20.1249 32.8795
20.1251 32.8946
20.1254 32.9078
20.1256 32.9193
20.1259 32.9294
20.1263 32.9382
20.1416 32.9459
20.1435 32.9527
20.1442 33.0836
20.1445 33.0732
20.1447 33.064
20.145 33.056
20.1452 33.174
20.1454 33.1523
20.1457 33.1332
20.1459 33.1166
20.1462 33.227
20.1464 33.1986
20.1466 33.1738
20.1469 33.1521
20.1471 33.2581
20.1474 33.2258
20.1476 33.1976
20.1478 33.1729
20.1481 33.2763
20.1483 33.2417
20.1486 33.2115
20.1488 33.1851
20.149 33.2869
20.1493 33.2511
20.1495 33.2197
20.1498 33.1922
20.15 33.2932
20.1503 33.3815
20.1505 33.3339
20.1507 33.2921
20.151 33.2556
20.1512 33.3487
20.1515 33.3051
20.1517 33.2669
20.1519 33.2336
20.1522 33.3294
20.1524 33.2882
20.1527 33.2522
20.1529 33.2207
20.1531 33.3181
20.1534 33.2783
20.1536 33.2435
20.1539 33.2131
20.1541 33.3114
20.1543 33.2725
20.1546 33.2385
20.1548 33.2086
20.1551 33.3076
20.1553 33.2691
20.1555 33.2355
20.1558 33.206
20.156 33.3053
20.1563 33.3921
20.1565 33.4681
20.1567 33.4096
20.157 33.3584
20.1572 33.4386
20.1575 33.5088
20.1577 33.4452
20.1579 33.3895
20.1582 33.4658
20.1584 33.5326
20.1587 33.466
20.1589 33.4078
20.1593 33.4818
20.1596 33.5466
20.1754 35.4783
20.1773 35.5435
20.178 35.4755
20.1782 35.2911
20.1785 35.1297
20.1787 34.9885
20.179 34.8649
20.1792 34.7568
20.1794 34.6622
20.1797 34.5794
20.1799 34.507
20.1802 34.4436
20.1804 34.3882
20.1807 34.3397
20.1809 34.2972
20.1811 34.26
20.1814 34.2275
20.1816 34.1991
20.1819 34.1742
20.1821 34.1524
20.1823 34.1334
20.1826 34.1167
20.1828 34.1021
20.1831 34.0894
20.1833 34.0782
20.1835 34.0684
20.1838 34.0599
20.184 34.0524
20.1843 34.0458
20.1845 34.0401
20.1847 34.0351
20.185 34.0307
20.1852 34.0269
20.1855 34.0235
20.1857 34.0206
20.1859 34.018
20.1862 34.0157
20.1864 34.0138
20.1867 34.0121
20.1869 34.0105
20.1871 34.0092
20.1874 34.0081
20.1876 34.0071
20.1879 34.0062
20.1881 34.0054
20.1883 34.0047
20.1886 34.0041
20.1888 34.0036
20.1891 34.0032
20.1893 34.0028
20.1895 34.0024
20.1898 34.0021
20.19 34.0019
20.1903 34.0016
20.1905 34.0014
20.1907 34.0012
20.191 34.0011
20.1912 34.001
20.1915 34.0008
20.1917 34.0007
20.1919 34.0006
20.1922 34.0006
20.1924 34.0005
20.1927 34.0004
20.193 34.1254
20.1934 34.1097
20.2098 36.096
20.2118 36.084
20.2125 35.9485
20.2129 35.7049
20.2131 35.6168
20.2133 35.5397
20.2136 35.4722
20.2138 35.4132
20.2141 35.3616
20.2143 35.3164
20.2145 35.2768
20.2148 35.2422
20.215 35.2119
20.2153 35.1854
20.2155 35.1623
20.2157 35.142
20.216 34.9992
20.2162 34.9993
20.2165 34.9994
20.2167 34.9995
20.2169 34.8745
20.2172 34.8902
20.2174 34.904
20.2177 34.916
20.2179 34.8015
20.2181 34.8263
20.2184 34.848
20.2186 34.867
20.2189 34.7586
20.2191 34.7888
20.2193 34.8152
20.2196 34.8383
20.2198 34.8585
20.2201 34.8762
20.2203 34.8917
20.2205 34.9052
20.2208 34.9171
20.221 34.9274
20.2213 34.9365
20.2215 34.9444
20.2217 34.9514
20.222 34.8325
20.2222 34.8534
20.2225 34.8717
20.2227 34.8878
20.2229 34.7768
20.2232 34.8047
20.2234 34.8291
20.2237 34.8505
20.2239 34.7442
20.2241 34.7761
20.2244 34.8041
20.2246 34.8286
20.2249 34.725
20.2251 34.7594
20.2254 34.7895
20.2256 34.8158
20.2258 34.8388
20.2261 34.859
20.2263 34.8766
20.2266 34.892
20.2268 34.9055
20.227 34.9173
20.2273 34.9277
20.2275 34.9367
20.2279 34.8196
20.2282 34.8422
20.2458 34.9869
20.2478 35.1135
20.2485 35.2243
20.2489 35.3213
20.2491 35.4061
20.2494 35.4804
20.2496 35.5453
20.2499 35.6022
20.2501 35.6519
20.2503 35.6954
20.2506 35.7335
20.2508 35.7668
20.2511 35.7959
20.2513 35.8214
20.2515 35.8438
20.2518 35.8633
20.252 36.0054
20.2523 36.0047
20.2525 36.0041
20.2527 36.0036
20.253 36.0032
20.2532 36.0028
20.2535 36.0024
20.2537 36.0021
20.2539 36.0018
20.2542 36.0016
20.2544 36.0014
20.2547 36.0012
20.2549 36.0011
20.2552 36.0009
20.2554 36.0008
20.2556 36.0007
20.2559 36.0006
20.2561 36.0006
20.2564 36.0005
20.2566 36.0004
20.2568 36.0004
20.2571 36.0003
20.2573 36.0003
20.2576 36.0002
20.2578 36.0002
20.258 36.1252
20.2583 36.1095
20.2585 36.0958
20.2588 36.0839
20.259 36.0734
20.2592 36.0642
20.2595 36.0562
20.2597 36.0492
20.26 36.043
20.2602 36.0376
20.2604 36.0329
20.2607 36.0288
20.2609 36.0252
20.2612 36.0221
20.2614 36.0193
20.2616 36.0169
20.2619 36.0148
20.2621 36.0129
20.2624 36.0113
20.2626 36.0099
20.2628 36.0087
20.2631 36.0076
20.2633 36.0066
20.2636 36.0058
20.2639 36.0051
20.2643 36.0044
20.2836 36.2539
20.2857 36.4721
20.2864 36.6631
20.2866 36.8302
20.2869 36.8515
20.2871 36.995
20.2874 37.1206
20.2876 37.2306
20.2878 37.2017
20.2881 37.3015
20.2883 37.3888
20.2886 37.4652
20.2888 37.4071
20.289 37.4812
20.2893 37.546
20.2895 37.6028
20.2898 37.5274
20.29 37.4615
20.2902 37.5288
20.2905 37.5877
20.2907 37.6392
20.291 37.5593
20.2912 37.6144
20.2914 37.6626
20.2917 37.7048
20.2919 37.6167
20.2922 37.6646
20.2924 37.7065
20.2926 37.7432
20.2929 37.6503
20.2931 37.694
20.2934 37.7323
20.2936 37.7657
20.2938 37.67
20.2941 37.7113
20.2943 37.7474
20.2946 37.7789
20.2948 37.6816
20.295 37.7214
20.2953 37.7562
20.2955 37.7867
20.2958 37.6883
20.296 37.7273
20.2962 37.7614
20.2965 37.7912
20.2967 37.8173
20.297 37.7151
20.2972 37.7508
20.2974 37.7819
20.2977 37.8092
20.2979 37.708
20.2982 37.7445
20.2984 37.7765
20.2986 37.8044
20.2989 37.7038
20.2991 37.7409
20.2994 37.7733
20.2996 37.8016
20.2998 37.7014
20.3001 37.7387
20.3003 37.7714
20.3006 37.8
20.3008 37.7
20.3011 37.7375
20.3013 37.7703
20.3018 37.799
20.3021 37.8241
20.3241 38.2211
20.3262 38.5685
20.3268 38.7474
20.327 39.029
20.3272 39.2754
20.3275 39.3659
20.3277 39.4452
20.328 39.5145
20.3282 39.7002
20.3284 39.8627
20.3287 39.8799
20.3289 39.8949
20.3292 40.033
20.3294 40.1539
20.3296 40.1347
20.3299 40.1178
20.3301 40.2281
20.3304 40.3246
20.3306 40.409
20.3309 40.3579
20.3311 40.4381
20.3313 40.5084
20.3316 40.5698
20.3318 40.4986
20.3321 40.5613
20.3323 40.6161
20.3325 40.6641
20.3328 40.5811
20.333 40.6335
20.3333 40.6793
20.3335 40.7194
20.3337 40.6294
20.334 40.5508
20.3342 40.6069
20.3345 40.6561
20.3347 40.574
20.3349 40.5023
20.3352 40.5645
20.3354 40.6189
20.3357 40.5416
20.3359 40.4739
20.3361 40.5396
20.3364 40.5972
20.3366 40.5225
20.3369 40.4572
20.3371 40.5251
20.3373 40.5844
20.3376 40.6364
20.3378 40.5568
20.3381 40.6122
20.3383 40.6607
20.3385 40.7031
20.3388 40.6152
20.339 40.6633
20.3393 40.7054
20.3395 40.7422
20.3397 40.6494
20.34 40.5683
20.3402 40.6222
20.3405 40.6695
20.3407 40.5858
20.3409 40.5125
20.3412 40.5735
20.3414 40.6268
20.3418 40.5484
20.3421 40.6049
20.3425 40.6543
20.3681 43.8225
20.3701 44.0947
20.3709 44.0828
20.3711 44.1975
20.3713 44.1728
20.3716 44.1512
20.3718 44.1323
20.3721 44.2408
20.3723 44.3357
20.3725 44.2937
20.3728 44.257
20.373 44.3499
20.3733 44.4311
20.3735 44.3772
20.3737 44.3301
20.374 44.2888
20.3742 44.3777
20.3745 44.3305
20.3747 44.2892
20.3749 44.253
20.3752 44.3464
20.3754 44.3031
20.3757 44.2652
20.3759 44.2321
20.3762 44.3281
20.3764 44.2871
20.3766 44.2512
20.3769 44.2198
20.3771 44.3173
20.3774 44.2776
20.3776 44.2429
20.3778 44.2126
20.3781 44.311
20.3783 44.3971
20.3786 44.3475
20.3788 44.304
20.379 44.391
20.3793 44.4672
20.3795 44.4088
20.3798 44.3577
20.38 44.313
20.3802 44.3988
20.3805 44.349
20.3807 44.3054
20.381 44.2672
20.3812 44.3588
20.3814 44.3139
20.3817 44.2747
20.3819 44.2404
20.3822 44.3353
20.3824 44.2934
20.3826 44.2567
20.3829 44.2246
20.3831 44.3216
20.3834 44.2814
20.3836 44.2462
20.3838 44.2154
20.3841 44.3135
20.3843 44.3993
20.3846 44.3494
20.3848 44.3057
20.385 44.3925
20.3853 44.4684
20.3855 44.4099
20.3858 44.3586
20.3862 44.4388
20.3865 44.384
20.4178 48.211
20.42 48.6846
20.4207 48.849
20.4211 49.1179
20.4213 49.2282
20.4216 49.3246
20.4218 49.4091
20.4221 49.6079
20.4223 49.6569
20.4225 49.6998
20.4228 49.7373
20.423 49.8952
20.4233 49.9083
20.4235 49.9197
20.4237 49.9298
20.424 49.9385
20.4242 50.0712
20.4245 50.0623
20.4247 50.0545
20.4249 50.0477
20.4252 50.1668
20.4254 50.1459
20.4257 50.1277
20.4259 50.1117
20.4261 50.2227
20.4264 50.1949
20.4266 50.1705
20.4269 50.1492
20.4271 50.2556
20.4273 50.2236
20.4276 50.1957
20.4278 50.1712
20.4281 50.2748
20.4283 50.2405
20.4285 50.2104
20.4288 50.1841
20.429 50.2861
20.4293 50.2503
20.4295 50.219
20.4297 50.1917
20.43 50.1677
20.4302 50.2717
20.4305 50.2378
20.4307 50.208
20.4309 50.182
20.4312 50.2843
20.4314 50.2487
20.4317 50.2177
20.4319 50.1904
20.4321 50.2916
20.4324 50.2552
20.4326 50.2233
20.4329 50.1954
20.4331 50.296
20.4333 50.259
20.4336 50.2266
20.4338 50.1983
20.4341 50.2985
20.4343 50.2612
20.4345 50.2285
20.4348 50.2
20.435 50.3
20.4353 50.2625
20.4355 50.2297
20.4358 50.2009
20.436 50.1758
20.4365 50.1539
20.4367 50.1346
20.4764 51.2428
20.4785 52.0874
20.4792 52.9515
20.4795 53.5826
20.4797 54.1348
20.48 54.6179
20.4802 55.1657
20.4805 55.52
20.4807 55.83
20.4809 56.1012
20.4812 56.4636
20.4814 56.6556
20.4817 56.8237
20.4819 56.9707
20.4821 57.2244
20.4824 57.4463
20.4826 57.5155
20.4829 57.5761
20.4831 57.7541
20.4833 57.9098
20.4836 57.9211
20.4838 57.931
20.4841 58.0646
20.4843 58.1815
20.4845 58.1588
20.4848 58.139
20.485 58.2466
20.4853 58.3408
20.4855 58.2982
20.4857 58.2609
20.486 58.2283
20.4862 58.3248
20.4865 58.2842
20.4867 58.2486
20.4869 58.2176
20.4872 58.3154
20.4874 58.2759
20.4877 58.2414
20.4879 58.2113
20.4881 58.3099
20.4884 58.3961
20.4886 58.3466
20.4889 58.3033
20.4891 58.3904
20.4893 58.4666
20.4896 58.4083
20.4898 58.3572
20.4901 58.4376
20.4903 58.5079
20.4905 58.4444
20.4908 58.3888
20.491 58.4652
20.4913 58.5321
20.4915 58.4656
20.4917 58.4074
20.492 58.3564
20.4922 58.4369
20.4925 58.3823
20.4927 58.3345
20.4929 58.2927
20.4932 58.3811
20.4934 58.3335
20.4937 58.2918
20.4939 58.2553
20.4941 58.3484
20.4945 58.4298
20.4949 58.3761
20.4952 58.4541
20.5469 59.8973
20.5498 61.2852
20.5504 62.4995
20.5506 63.5621
20.5509 64.4918
20.5511 65.4303
20.5513 66.1265
20.5516 66.7357
20.5518 67.2688
20.5521 67.8602
20.5523 68.2526
20.5525 68.5961
20.5528 68.8966
20.553 69.2845
20.5533 69.4989
20.5535 69.6866
20.5537 69.8507
20.554 69.9944
20.5542 70.1201
20.5545 70.2301
20.5547 70.3263
20.5549 70.4105
20.5552 70.4842
20.5554 70.5487
20.5557 70.6051
20.5559 70.6545
20.5562 70.6977
20.5564 70.7354
20.5566 70.7685
20.5569 70.7975
20.5571 70.9478
20.5574 71.0793
20.5576 71.0694
20.5578 71.0607
20.5581 71.1781
20.5583 71.2809
20.5586 71.2457
20.5588 71.215
20.559 71.3132
20.5593 71.399
20.5595 71.3491
20.5598 71.3055
20.56 71.2673
20.5602 71.3589
20.5605 71.314
20.5607 71.2748
20.561 71.2404
20.5612 71.3354
20.5614 71.2934
20.5617 71.2568
20.5619 71.2247
20.5622 71.3216
20.5624 71.2814
20.5626 71.2462
20.5629 71.2154
20.5631 71.3135
20.5634 71.3993
20.5636 71.3494
20.5638 71.3057
20.5641 71.3925
20.5643 71.4684
20.5646 71.4099
20.5648 71.3587
20.565 71.4388
20.5653 71.509
20.5658 71.4453
20.566 71.5147
20.5664 71.5753
20.6201 78.2534
20.623 77.9717
20.6794 75.1003
20.6797 72.5877
20.6799 70.2643
20.6802 68.3562
20.6804 66.5617
20.6806 64.9915
20.6809 63.4926
20.6811 61.556
20.6814 59.7365
20.6816 58.1444
20.6818 56.7514
20.6821 55.6575
20.6823 54.5753
20.6826 53.6284
20.6828 52.7998
20.683 52.1998
20.6833 51.5499
20.6835 50.9811
20.6838 50.4835
20.684 50.173
20.6842 49.7764
20.6845 49.4294
20.6847 49.1257
20.685 48.86
20.6852 48.7525
20.6854 48.5334
20.6857 48.3417
20.6862 48.299
20.6864 48.1366
20.6866 47.9946
20.7316 48.9952
20.7353 49.9958
20.7355 50.8714
20.7358 51.5124
20.736 52.1984
20.7363 52.7986
20.7365 53.3238
20.7368 53.6583
20.737 53.951
20.7372 54.3321
20.7375 54.6656
20.7377 54.8324
20.738 54.9784
20.7382 55.2311
20.7384 55.4522
20.7387 55.5207
20.7389 55.5806
20.7392 55.758
20.7394 55.9133
20.7396 55.9241
20.7399 55.9336
20.7401 56.0669
20.7404 56.1835
20.7406 56.1606
20.7408 56.1405
20.7411 56.2479
20.7413 56.342
20.7416 56.4242
20.7418 56.3712
20.742 56.4498
20.7423 56.5186
20.7425 56.4537
20.7428 56.397
20.7879 61.9724
20.7917 61.7258
20.7919 61.0101
20.7921 60.5088
20.7924 60.0702
20.7926 59.6865
20.7929 59.3507
20.7931 59.1818
20.7933 59.0341
20.7936 58.9048
20.7938 58.7917
20.7941 58.8178
20.7943 58.8405
20.7945 58.8605
20.7948 58.8779
20.795 59.0182
20.7953 59.1409
20.7955 59.2483
20.7957 59.3423
20.796 59.4245
20.7962 59.6214
20.7965 59.7937
20.7967 59.9445
20.797 60.0765
20.7972 60.3169
20.7974 60.5273
20.7977 60.7114
20.7979 60.8725
20.7982 61.1384
20.7984 61.3711
20.7986 61.5747
20.7989 61.7529
20.7991 62.0338
20.7996 62.2795
20.8 62.4946
20.8004 62.8078
20.8009 63.0818
20.8014 63.4466
20.8019 63.7658
20.8024 64.045
20.8028 64.2894
20.8033 64.6282
20.8038 64.9247
20.8042 65.3091
20.8048 65.5205
20.8051 65.8304
20.8056 66.1016
20.8061 66.4639
20.8067 66.6559
20.807 66.9489
20.8075 67.2053
20.808 67.5546
20.8085 67.7353
20.809 67.8934
20.8094 68.1567
20.8099 68.3871
20.8104 68.5887
20.8109 68.7651
20.8115 69.0445
20.8119 69.2889
20.8123 69.5028
20.8128 69.69
20.8133 69.9787
20.8138 70.2314
20.8143 70.4525
20.8147 70.6459
20.8152 70.9402
20.8157 71.1976
20.8527 70.4229
20.8563 69.7451
20.8566 69.1519
20.8568 68.5079
20.857 68.0695
20.8573 67.6858
20.8575 67.35
20.8578 66.9313
20.858 66.5649
20.8582 66.3693
20.8585 66.1981
20.8587 65.9233
20.859 65.6829
20.8592 65.5976
20.8594 65.5229
20.8597 65.3325
20.8599 65.1659
20.8602 65.1452
20.8604 65.127
20.8606 65.1112
20.8609 64.9723
20.8611 64.9757
20.8614 64.9788
20.8616 64.9814
20.8618 64.8587
20.8621 64.8764
20.8623 64.8919
20.8626 64.9054
20.8628 64.7922
20.863 64.8182
20.8633 64.8409
20.8635 64.8608
20.8639 64.7532
20.8642 64.784
20.8647 64.811
20.8652 64.8347
20.8657 64.8553
20.8662 64.8734
20.8666 64.8892
20.8671 64.9031
20.8676 64.9152
20.8681 64.9258
20.8686 64.9351
20.8689 64.8182
20.8695 64.8409
20.8699 64.7358
20.8704 64.7688
20.8708 64.6727
20.8715 64.7136
20.8718 64.6244
20.8723 64.6714
20.8728 64.5874
20.8733 64.639
20.8737 64.6841
20.8742 64.7236
20.8747 64.7582
20.8752 64.7884
20.8757 64.8148
20.8763 64.838
20.8766 64.8582
20.8771 64.876
20.8776 64.8915
20.8781 64.905
20.8785 64.9169
20.879 64.9273
20.8795 64.9364
20.88 64.8193
20.8805 64.8419
20.9177 64.8617
20.9212 64.879
20.9214 64.8941
20.9217 64.9073
20.9219 64.7939
20.9222 64.8197
20.9224 64.8422
20.9226 64.8619
20.9229 64.8792
20.9231 64.8943
20.9234 64.9075
20.9236 64.9191
20.9238 64.9292
20.9241 64.938
20.9243 64.9458
20.9246 64.9526
20.9248 64.9585
20.925 64.9637
20.9253 64.9682
20.9255 64.9722
20.9258 64.9757
20.926 64.9787
20.9262 64.9814
20.9265 64.9837
20.9267 64.9857
20.927 64.8625
20.9272 64.8797
20.9274 64.8947
20.9277 64.9079
20.9279 64.7944
20.9282 64.8201
20.9284 64.8426
20.9289 64.8623
20.9292 64.8795
20.9297 64.8945
20.9302 64.9077
20.9307 64.9193
20.9312 64.9294
20.9317 64.9382
20.9321 64.9459
20.9326 64.9527
20.9331 64.9586
20.9335 64.9638
20.9341 65.0933
20.9344 65.0816
20.9349 65.0714
20.9354 65.0625
20.9359 65.0547
20.9363 65.0478
20.9368 65.0419
20.9373 65.0366
20.9378 65.0321
20.9383 65.028
20.9387 65.0245
20.9392 65.0215
20.9397 65.0188
20.9402 65.0164
20.9407 65.0144
20.9411 65.0126
20.9416 65.011
20.942 65.0096
20.9425 65.0084
20.9429 65.0074
20.9434 65.0065
20.9439 65.0056
20.9444 65.0049
20.9449 65.0043
20.9453 65.1288
20.9827 69.7377
20.9863 69.6455
20.9866 69.0648
20.9868 68.5567
20.987 68.2371
20.9873 67.9575
20.9875 67.5878
20.9878 67.2643
20.988 67.1063
20.9882 66.968
20.9885 66.722
20.9887 66.5067
20.989 66.3184
20.9892 66.2786
20.9894 66.1188
20.9897 65.9789
20.9899 65.8566
20.9902 65.8745
20.9904 65.7652
20.9906 65.6695
20.9909 65.5858
20.9911 65.6376
20.9914 65.5579
20.9916 65.4882
20.9919 65.4271
20.9921 65.4988
20.9923 65.5614
20.9926 65.4912
20.9928 65.4298
20.9931 65.5011
20.9933 65.5635
20.9935 65.493
20.9939 65.4314
20.9943 65.5025
20.9947 65.4397
20.9952 65.5097
20.9957 65.446
20.9962 65.5152
20.9967 65.4508
20.9971 65.5195
20.9976 65.4545
20.9981 65.5227
20.9986 65.4574
20.9991 65.5252
20.9995 65.4596
20.9999 65.4021
21.0004 65.4768
21.0009 65.4172
21.0015 65.4901
21.0018 65.4288
21.0023 65.5002
21.0028 65.4377
21.0033 65.508
21.0037 65.4445
21.0042 65.5139
21.0047 65.4497
21.0052 65.5185
21.0057 65.4537
21.0063 65.522
21.0066 65.4567
21.007 65.3996
21.0075 65.4747
21.008 65.4153
21.0084 65.4884
21.0089 65.4274
21.0094 65.4989
21.0099 65.4366
21.0104 65.507
21.048 70.0686
21.0516 69.935
21.0519 69.3182
21.0522 68.9034
21.0524 68.5405
21.0527 68.0979
21.0529 67.7107
21.0531 67.4968
21.0534 67.3097
21.0536 67.021
21.0539 66.7684
21.0541 66.6723
21.0543 66.5883
21.0546 66.5148
21.0548 66.3254
21.0551 66.2847
21.0553 66.2491
21.0555 66.218
21.0558 66.0658
21.056 66.0575
21.0563 66.0503
21.0565 66.044
21.0567 65.9135
21.057 65.7993
21.0572 65.8244
21.0575 65.8464
21.0577 65.7406
21.0579 65.648
21.0582 65.692
21.0584 65.7305
21.0587 65.6392
21.0589 65.5593
21.0591 65.6144
21.0596 65.6626
21.06 65.5798
21.0605 65.6323
21.0609 65.5533
21.0614 65.6091
21.0619 65.533
21.0624 65.5913
21.0629 65.5174
21.0633 65.5777
21.0638 65.5055
21.0643 65.5673
21.0648 65.4964
21.0651 65.5594
21.0656 65.6144
21.0661 65.6626
21.0667 65.7048
21.0671 65.7417
21.0676 65.774
21.068 65.8022
21.0685 65.827
21.069 65.7236
21.0695 65.7581
21.07 65.6634
21.0704 65.7055
21.0709 65.6173
21.0715 65.6651
21.0719 65.582
21.0724 65.6342
21.0727 65.6799
21.0732 65.72
21.0737 65.755
21.0742 65.7856
21.0746 65.8124
21.0751 65.8358
21.0756 65.8564
21.076 65.7493
21.1135 65.7806
21.1171 65.8081
21.1173 65.8321
21.1175 65.7281
21.1178 65.637
21.118 65.6824
21.1183 65.7221
21.1185 65.6318
21.1187 65.5529
21.119 65.4838
21.1192 65.5483
21.1195 65.4798
21.1197 65.4198
21.1199 65.3673
21.1202 65.4464
21.1204 65.3906
21.1207 65.3418
21.1209 65.299
21.1211 65.3867
21.1214 65.3383
21.1216 65.296
21.1219 65.259
21.1221 65.3517
21.1223 65.4327
21.1226 65.3786
21.1228 65.3313
21.1231 65.4149
21.1233 65.488
21.1235 65.427
21.1238 65.3736
21.124 65.4519
21.1243 65.5204
21.1246 65.4554
21.125 65.3985
21.1255 65.4737
21.1259 65.4144
21.1264 65.4876
21.1269 65.4267
21.1274 65.4983
21.1279 65.4361
21.1284 65.5065
21.1288 65.4432
21.1293 65.5128
21.1298 65.4487
21.1303 65.5176
21.1306 65.4529
21.1311 65.5213
21.1316 65.4561
21.1322 65.5241
21.1326 65.4586
21.133 65.5263
21.1335 65.4605
21.134 65.5279
21.1345 65.5869
21.135 65.5136
21.1354 65.5744
21.1359 65.5026
21.1364 65.5648
21.137 65.6192
21.1374 65.6668
21.1377 65.5834
21.1382 65.6355
21.1387 65.5561
21.1392 65.6115
21.1396 65.5351
21.1401 65.5932
21.1406 65.5191
21.1411 65.5792
21.1415 65.6318
21.1789 65.5528
21.1827 65.4837
21.1829 65.4232
21.1831 65.4953
21.1834 65.5584
21.1836 65.4886
21.1839 65.4275
21.1841 65.4991
21.1843 65.5617
21.1846 65.6165
21.1848 65.5394
21.1851 65.597
21.1853 65.6474
21.1855 65.6915
21.1858 65.605
21.186 65.6544
21.1863 65.6976
21.1865 65.7354
21.1868 65.6435
21.187 65.563
21.1872 65.6177
21.1875 65.6654
21.1877 65.5823
21.188 65.5095
21.1882 65.5708
21.1884 65.6244
21.1887 65.5464
21.1889 65.4781
21.1892 65.5433
21.1894 65.6004
21.1896 65.5254
21.1899 65.4597
21.1904 65.5272
21.1907 65.5863
21.1912 65.638
21.1917 65.6833
21.1922 65.7229
21.1926 65.7575
21.1931 65.7878
21.1936 65.8143
21.1941 65.8375
21.1946 65.8579
21.195 65.8756
21.1955 65.8912
21.1959 65.7798
21.1964 65.8073
21.1968 65.7064
21.1973 65.7431
21.1978 65.6502
21.1983 65.6939
21.1988 65.6072
21.1992 65.6563
21.1997 65.5743
21.2002 65.6275
21.2007 65.674
21.2012 65.7148
21.2017 65.7504
21.2021 65.7816
21.2026 65.6839
21.2031 65.7234
21.2035 65.758
21.2039 65.6633
21.2044 65.7053
21.2049 65.6172
21.2054 65.665
21.2059 65.5819
21.2063 65.6342
21.2067 65.5549
21.2072 65.6105
21.2447 65.6592
21.2485 65.7018
21.2488 65.7391
21.249 65.6467
21.2492 65.6909
21.2495 65.7295
21.2497 65.7633
21.25 65.7929
21.2502 65.8188
21.2504 65.8414
21.2507 65.8613
21.2509 65.8786
21.2512 65.8938
21.2514 65.9071
21.2516 65.9187
21.2519 65.9288
21.2521 65.9377
21.2524 65.9455
21.2526 65.9523
21.2528 65.9583
21.2531 66.0885
21.2533 66.0774
21.2536 66.0678
21.2538 66.0593
21.254 66.1769
21.2543 66.1548
21.2545 66.1354
21.2548 66.1185
21.255 66.2287
21.2552 66.2001
21.2555 66.1751
21.2557 66.1532
21.2561 66.259
21.2564 66.2267
21.2569 66.1983
21.2574 66.1735
21.2579 66.1518
21.2584 66.1329
21.2588 66.1163
21.2593 66.1017
21.2598 66.089
21.2603 66.0779
21.2608 66.0681
21.2612 66.0596
21.2617 66.0522
21.2621 66.1707
21.2626 66.1493
21.2631 66.2557
21.2637 66.2237
21.264 66.3207
21.2645 66.2806
21.265 66.2456
21.2655 66.2149
21.2659 66.188
21.2664 66.1645
21.2669 66.1439
21.2674 66.1259
21.2679 66.1102
21.2685 66.0964
21.2688 66.0844
21.2692 66.0738
21.2697 66.0646
21.2701 66.1815
21.2706 66.1588
21.2711 66.264
21.2716 66.231
21.2721 66.3271
21.2725 66.2862
21.2729 66.2504
21.3104 70.8441
21.3144 70.7386
21.3147 70.1463
21.315 69.628
21.3152 69.2995
21.3154 68.8871
21.3157 68.5262
21.3159 68.2104
21.3162 68.0591
21.3164 67.8017
21.3166 67.5765
21.3169 67.3794
21.3171 67.332
21.3174 67.1655
21.3176 67.0198
21.3178 66.8923
21.3181 66.9058
21.3183 66.7926
21.3186 66.6935
21.3188 66.6068
21.319 66.656
21.3193 66.574
21.3195 66.5022
21.3198 66.4394
21.32 66.5095
21.3202 66.4458
21.3205 66.3901
21.3207 66.3413
21.321 66.2987
21.3212 66.2613
21.3214 66.2287
21.3217 66.2001
21.3219 66.1751
21.3224 66.1532
21.3228 66.134
21.3233 66.2423
21.3237 66.212
21.3242 66.3105
21.3247 66.2717
21.3252 66.3627
21.3257 66.3174
21.3261 66.4027
21.3266 66.3524
21.3271 66.4333
21.3276 66.3792
21.3279 66.3318
21.3284 66.2903
21.3289 66.254
21.3295 66.2223
21.3299 66.1945
21.3303 66.1702
21.3308 66.1489
21.3313 66.2553
21.3318 66.2234
21.3323 66.3204
21.3327 66.2804
21.3332 66.3703
21.3337 66.324
21.3343 66.4085
21.3347 66.3575
21.3351 66.4378
21.3355 66.3831
21.336 66.3352
21.3366 66.2933
21.3371 66.3816
21.3376 66.3339
21.338 66.4172
21.3385 66.365
21.3389 66.3194
21.3764 71.0295
21.3803 70.9008
21.3807 70.2882
21.3809 69.7522
21.3812 69.4081
21.3814 68.9821
21.3817 68.6094
21.3819 68.2832
21.3821 68.1228
21.3824 67.8574
21.3826 67.6253
21.3829 67.4221
21.3831 67.3693
21.3833 67.1982
21.3836 67.0484
21.3838 66.9173
21.3841 66.9277
21.3843 66.8117
21.3845 66.7103
21.3848 66.6215
21.385 66.6688
21.3853 66.5852
21.3855 66.512
21.3857 66.448
21.386 66.392
21.3862 66.343
21.3865 66.3001
21.3867 66.2626
21.3869 66.2298
21.3872 66.3261
21.3874 66.2853
21.3877 66.2496
21.3879 66.2184
21.3884 66.3161
21.3886 66.2766
21.3891 66.367
21.3896 66.3212
21.3901 66.406
21.3905 66.3553
21.391 66.4359
21.3915 66.3814
21.392 66.3337
21.3925 66.292
21.3929 66.2555
21.3933 66.2236
21.3939 66.1956
21.3941 66.2962
21.3946 66.2591
21.3951 66.3517
21.3958 66.3078
21.3961 66.3943
21.3965 66.345
21.397 66.4269
21.3975 66.3735
21.398 66.3268
21.3985 66.286
21.399 66.2502
21.3994 66.219
21.3999 66.1916
21.4006 66.1676
21.4009 66.1467
21.4014 66.1283
21.4017 66.1123
21.4022 66.2233
21.4028 66.1954
21.4033 66.1709
21.4038 66.1496
21.4042 66.1309
21.4047 66.1145
21.4051 66.2252
21.4426 66.197
21.4465 66.1724
21.4468 66.1509
21.447 66.257
21.4473 66.2249
21.4475 66.1968
21.4477 66.1722
21.448 66.1507
21.4482 66.1318
21.4485 66.1153
21.4487 66.1009
21.4489 66.0883
21.4492 66.0773
21.4494 66.0676
21.4497 66.0592
21.4499 66.0518
21.4501 66.0453
21.4504 66.0396
21.4506 66.0347
21.4509 66.0303
21.4511 66.0265
21.4513 66.0232
21.4516 66.0203
21.4518 66.0178
21.4521 66.1406
21.4523 66.123
21.4525 66.1076
21.4528 66.0942
21.453 66.2074
21.4533 66.1815
21.4535 66.1588
21.4537 66.1389
21.4541 66.2466
21.4545 66.2157
21.4548 66.1888
21.4553 66.1652
21.4558 66.1445
21.4564 66.1265
21.4569 66.1107
21.4574 66.0968
21.4578 66.0847
21.4583 66.1991
21.4588 66.1742
21.4592 66.2775
21.4596 66.2428
21.4601 66.3374
21.4605 66.2952
21.461 66.2583
21.4614 66.226
21.462 66.3228
21.4624 66.2824
21.4629 66.2471
21.4634 66.2162
21.4638 66.1892
21.4643 66.2906
21.4648 66.2542
21.4653 66.3475
21.4658 66.304
21.4662 66.391
21.4668 66.3421
21.4672 66.4244
21.4676 66.3713
21.468 66.4499
21.4685 66.3937
21.4691 66.4695
21.4696 66.4108
21.4701 66.4844
21.4706 66.4239
21.4709 66.3709
21.4714 66.3245
21.509 66.409
21.5129 66.3578
21.5131 66.4381
21.5133 66.3833
21.5136 66.3354
21.5138 66.2935
21.5141 66.3818
21.5143 66.4591
21.5145 66.4017
21.5148 66.3515
21.515 66.4326
21.5153 66.5035
21.5155 66.4405
21.5157 66.3855
21.516 66.3373
21.5162 66.4201
21.5165 66.3676
21.5167 66.3217
21.517 66.2815
21.5172 66.3713
21.5174 66.4499
21.5177 66.3936
21.5179 66.3444
21.5182 66.4264
21.5184 66.4981
21.5186 66.4358
21.5189 66.3813
21.5191 66.4587
21.5194 66.5263
21.5196 66.4605
21.5198 66.403
21.5201 66.4776
21.5206 66.5429
21.5208 66.475
21.5212 66.5407
21.5216 66.5981
21.5221 66.6483
21.5227 66.6923
21.5232 66.7307
21.5237 66.7644
21.5242 66.7938
21.5246 66.8196
21.5251 66.8422
21.5256 66.8619
21.5261 66.8792
21.5266 66.8943
21.5269 66.7825
21.5274 66.8097
21.5279 66.8335
21.5285 66.8543
21.5288 66.7475
21.5293 66.7791
21.5298 66.8067
21.5303 66.8308
21.5308 66.852
21.5312 66.8705
21.5317 66.8867
21.5322 66.9008
21.5327 66.9132
21.5333 66.9241
21.5337 66.9336
21.534 66.9419
21.5345 66.9491
21.535 66.8305
21.5356 66.8517
21.5361 66.8702
21.5365 66.8864
21.537 66.9006
21.5374 66.9131
21.5379 66.9239
21.5755 71.5584
21.5794 71.3636
21.5797 70.8182
21.5799 70.2159
21.5802 69.8139
21.5804 69.4622
21.5806 69.1544
21.5809 68.7601
21.5811 68.5401
21.5814 68.3476
21.5816 68.1791
21.5818 67.9067
21.5821 67.7934
21.5823 67.6942
21.5826 67.6074
21.5828 67.5315
21.583 67.4651
21.5833 67.4069
21.5835 67.3561
21.5838 67.3116
21.584 67.1476
21.5842 67.1292
21.5845 67.113
21.5847 67.0989
21.585 66.9615
21.5852 66.9663
21.5854 66.9705
21.5857 66.9742
21.5859 66.8524
21.5862 66.8709
21.5864 66.887
21.5866 66.9012
21.587 66.9135
21.5874 66.9243
21.5876 66.9338
21.5881 66.9421
21.5886 66.9493
21.5892 66.9556
21.5896 66.9612
21.5901 66.966
21.5906 66.9703
21.5912 66.974
21.5917 66.9772
21.5922 66.9801
21.5927 66.9826
21.5931 66.9848
21.5935 66.9867
21.594 66.9883
21.5945 66.9898
21.5951 67.1161
21.5954 67.1016
21.5959 67.0889
21.5964 67.0778
21.5969 67.068
21.5973 67.0595
21.5978 67.0521
21.5983 67.0456
21.5988 67.0399
21.5993 67.0349
21.5999 67.0305
21.6002 67.0267
21.6007 67.0234
21.6011 67.0205
21.6015 67.0179
21.6021 67.1407
21.6026 67.1231
21.6031 67.1077
21.6036 67.0942
21.6041 67.0824
21.6044 67.0721
21.6422 71.8131
21.6461 71.7115
21.6465 71.1225
21.6467 70.6072
21.647 70.1563
21.6472 69.7618
21.6474 69.4166
21.6477 69.1145
21.6479 68.8502
21.6482 68.6189
21.6484 68.4165
21.6486 68.2395
21.6489 68.0845
21.6491 67.949
21.6494 67.8303
21.6496 67.7266
21.6498 67.6357
21.6501 67.5563
21.6503 67.4867
21.6506 67.4259
21.6508 67.3727
21.651 67.4511
21.6513 67.3947
21.6515 67.3454
21.6518 67.3022
21.652 67.3894
21.6523 67.3407
21.6525 67.2981
21.6527 67.2609
21.653 67.2283
21.6532 67.1997
21.6535 67.1748
21.6537 67.1529
21.6541 67.1338
21.6544 67.1171
21.6547 67.1024
21.6551 67.0896
21.6556 67.0784
21.6562 67.0686
21.6567 67.06
21.6572 67.0525
21.6577 67.046
21.6583 67.0402
21.6587 67.0352
21.6592 67.0308
21.6596 67.0269
21.6602 67.0236
21.6604 67.0206
21.6609 67.0181
21.6614 67.0158
21.6621 67.0138
21.6623 67.0121
21.6628 67.0106
21.6633 67.0093
21.6638 67.0081
21.6643 67.0071
21.6647 67.0062
21.6652 67.0054
21.6657 67.0047
21.6662 67.0042
21.6669 67.0036
21.6672 67.0032
21.6676 67.0028
21.668 66.8774
21.6685 66.8928
21.6691 66.9062
21.6696 66.9179
21.67 66.9282
21.6705 66.9371
21.671 66.82
21.6714 66.8425
21.7091 66.8622
21.7131 66.8794
21.7133 66.8945
21.7135 66.9077
21.7138 66.9192
21.714 66.9293
21.7143 66.9381
21.7145 66.9459
21.7147 66.9526
21.715 66.8336
21.7152 66.8544
21.7155 66.8726
21.7157 66.8885
21.7159 66.7774
21.7162 66.8053
21.7164 66.8296
21.7167 66.8509
21.7169 66.7445
21.7171 66.7765
21.7174 66.8044
21.7176 66.8289
21.7179 66.7252
21.7181 66.7596
21.7183 66.7896
21.7186 66.8159
21.7188 66.7139
21.7191 66.7497
21.7193 66.781
21.7195 66.8084
21.7198 66.8323
21.72 66.8533
21.7203 66.8716
21.7205 66.8877
21.721 66.7767
21.7212 66.8046
21.7216 66.829
21.7221 66.8504
21.7225 66.8691
21.7231 66.8855
21.7236 66.8998
21.7241 66.9123
21.7246 66.9233
21.7252 66.9329
21.7257 66.9413
21.7261 66.9486
21.7266 66.955
21.7271 66.9606
21.7275 66.9656
21.728 66.9699
21.7284 66.9736
21.729 66.9769
21.7294 66.9798
21.7299 66.9823
21.7304 66.9845
21.7308 66.9865
21.7313 66.9882
21.7318 66.9896
21.7323 66.9909
21.7328 66.9921
21.7332 66.9931
21.7338 66.9939
21.7342 66.9947
21.7346 66.9954
21.735 67.1209
21.7355 67.1058
21.7361 67.0926
21.7366 67.081
21.7371 67.0709
21.7376 67.062
21.7379 67.0543
21.7384 67.0475
21.7743 65.6666
21.7746 64.4582
21.7748 63.401
21.7751 62.4758
21.7753 61.6664
21.7755 60.9581
21.7758 60.3383
21.776 59.796
21.7763 59.3215
21.7766 58.9063
21.777 58.543
21.7772 58.2252
21.7777 57.947
21.7782 57.7036
21.7787 57.4907
21.7793 57.3043
21.7797 57.1413
21.7802 56.9986
21.7807 56.8738
21.7813 56.7646
21.7818 56.669
21.7824 56.5854
21.7827 56.5122
21.7832 56.4482
21.7837 56.3922
21.7842 56.4681
21.7847 56.4096
21.7851 56.3584
21.7856 56.3136
21.7861 56.3994
21.7866 56.3495
21.7871 56.4308
21.7876 56.377
21.788 56.4548
21.7885 56.398
21.789 56.3482
21.7895 56.3047
21.79 56.2666
21.7904 56.2333
21.7908 56.2041
21.7913 56.1786
21.7918 56.1563
21.7924 56.1367
21.7928 56.1197
21.7933 56.1047
21.7938 56.0916
21.7942 56.2052
21.7946 56.1795
21.8306 56.1571
21.8308 56.1374
21.831 56.2453
21.8313 56.2146
21.8315 56.1878
21.8318 56.1643
21.832 56.2688
21.8323 56.2352
21.8325 56.2058
21.8329 56.1801
21.8332 56.2825
21.8335 56.2472
21.8339 56.2163
21.8344 56.1893
21.8349 56.1656
21.8355 56.1449
21.836 56.1268
21.8365 56.111
21.8369 56.0971
21.8375 56.0849
21.838 56.1993
21.8386 56.1744
21.839 56.1526
21.8395 56.1335
21.8399 56.1168
21.8404 56.1022
21.8409 56.0895
21.8414 56.0783
21.8419 56.0685
21.8423 56.0599
21.8428 56.0524
21.8433 56.0459
21.8438 56.0401
21.8443 56.0351
21.8447 56.0307
21.8452 56.1519
21.8457 56.1329
21.8462 56.2413
21.8467 56.2111
21.847 56.3097
21.8475 56.271
21.848 56.2371
21.8486 56.2075
21.8491 56.3066
21.8496 56.2682
21.85 56.3597
21.8504 56.3147
21.8509 56.2754
21.887 56.366
21.8873 56.4452
21.8875 56.5146
21.8878 56.4503
21.888 56.519
21.8882 56.5791
21.8885 56.6317
21.8887 56.5527
21.889 56.4837
21.8892 56.5482
21.8897 56.6047
21.8899 56.5291
21.8903 56.588
21.8908 56.6395
21.8912 56.6845
21.8918 56.724
21.8923 56.7585
21.8928 56.7887
21.8933 56.8151
21.8939 56.8382
21.8944 56.8584
21.895 56.7511
21.8955 56.7822
21.8959 56.8094
21.8963 56.8333
21.8968 56.8541
21.8973 56.8723
21.8979 56.8883
21.8982 56.9023
21.8987 56.9145
21.8992 56.9252
21.8997 56.9345
21.9001 56.9427
21.9006 56.9499
21.9011 56.9561
21.9016 56.9616
21.9021 56.9664
21.9027 56.9706
21.903 56.9743
21.9034 56.9775
21.9039 56.8553
21.9043 56.8734
21.9049 56.8892
21.9054 56.9031
21.9059 56.7902
21.9064 56.8164
21.9067 56.7144
21.9072 56.7501
21.9433 61.2813
21.9435 60.6211
21.9438 60.0435
21.944 59.5381
21.9442 59.2208
21.9445 58.8182
21.9447 58.4659
21.945 58.1577
21.9452 58.013
21.9454 57.8864
21.9459 57.6506
21.9462 57.5692
21.9465 57.4981
21.947 57.4358
21.9475 57.3813
21.9481 57.3337
21.9486 57.292
21.949 57.2555
21.9495 57.2235
21.9501 57.1956
21.9506 57.1711
21.9512 57.1498
21.9517 57.131
21.9522 57.1147
21.9524 57.1003
21.9527 56.9628
21.9529 56.8424
21.9534 56.7371
21.9536 56.645
21.9539 56.4394
21.9541 56.3844
21.9543 56.2114
21.9546 56.06
21.9548 55.8025
21.9551 55.7022
21.9553 55.4894
21.9555 55.3032
21.956 55.1403
21.9563 54.9978
21.9565 54.748
21.9567 54.5295
21.957 54.3383
21.9572 54.1711
21.9575 54.0247
21.9577 53.7716
21.9579 53.5501
21.9582 53.3564
21.9584 53.1868
21.9907 56.9135
21.9911 55.7993
21.9913 54.8244
21.9916 53.9713
21.9918 53.2249
21.9921 52.5718
21.9923 52.0003
21.9925 51.5003
21.9928 51.0627
21.993 50.6799
21.9935 50.3449
21.9937 50.0518
21.994 49.6703
21.9945 49.4615
21.9949 49.1538
21.9954 49.0096
21.996 48.8834
21.9965 48.773
21.997 48.5514
21.9975 48.4824
21.9981 48.4221
21.9986 48.3694
21.9992 48.3232
21.9995 48.2828
22 48.1224
22.0002 48.1071
22.0005 48.0937
22.0007 48.082
22.0012 48.0718
22.0014 48.0628
22.0017 48.055
22.0019 47.9231
22.0022 47.9327
22.0024 47.9411
22.0026 47.9485
22.0029 47.8299
22.0031 47.8512
22.0034 47.8698
22.0038 47.7611
22.0041 47.7909
22.0043 47.8171
22.0046 47.8399
22.0048 47.8599
22.005 47.8774
22.0053 47.8928
22.0055 47.9062
22.0058 47.9179
22.006 47.9282
22.0062 47.9371
22.0389 47.945
22.0393 47.9519
22.0395 47.9579
22.0398 47.9631
22.04 48.0928
22.0402 48.0812
22.0405 48.071
22.0407 48.0621
22.041 48.0544
22.0412 48.0476
22.0417 48.0416
22.0419 48.0364
22.0422 48.1569
22.0427 48.1373
22.0431 48.2451
22.0436 48.2145
22.0442 48.1877
22.0447 48.1642
22.0452 48.2687
22.0457 48.2351
22.0463 48.2057
22.0467 48.18
22.0473 48.1575
22.0477 48.1378
22.0482 48.2456
22.0484 48.2149
22.0487 48.188
22.0489 48.1645
22.0494 48.144
22.0496 48.126
22.0499 48.1102
22.0501 48.2214
22.0503 48.1938
22.0506 48.1695
22.0508 48.1483
22.0511 48.2548
22.0513 48.2229
22.0515 48.1951
22.052 48.2957
22.0523 48.2587
22.0525 48.2264
22.0527 48.1981
22.053 48.1733
22.0532 48.1517
22.0535 48.1327
22.0537 48.1161
22.0539 48.1016
22.0542 48.0889
22.0544 48.0778
22.087 48.0681
22.0873 48.0596
22.0876 48.0521
22.0878 48.0456
22.0881 48.0399
22.0883 48.0349
22.0886 48.0305
22.0888 48.0267
22.089 48.1484
22.0893 48.1298
22.0898 48.1136
22.09 48.0994
22.0902 48.087
22.0907 48.0761
22.0913 48.0666
22.0917 48.0583
22.0923 48.176
22.0928 48.154
22.0932 48.2597
22.0937 48.2273
22.0943 48.3239
22.0948 48.2834
22.0955 48.373
22.0959 48.3263
22.0964 48.4105
22.0966 48.3592
22.0968 48.3143
22.0971 48.4
22.0976 48.475
22.0978 48.4156
22.098 48.4887
22.0983 48.5526
22.0985 48.4835
22.0988 48.4231
22.099 48.4952
22.0992 48.5583
22.0995 48.4885
22.0997 48.4274
22.1002 48.499
22.1004 48.4366
22.1007 48.3821
22.1009 48.3343
22.1012 48.4175
22.1014 48.4903
22.1016 48.429
22.1019 48.3754
22.1021 48.4535
22.1024 48.5218
22.1026 48.4566
22.1352 52.5245
22.1357 52.0839
22.1359 51.5734
22.1361 51.2518
22.1364 50.9703
22.1366 50.599
22.1369 50.2741
22.1371 50.1149
22.1373 49.9755
22.1376 49.7286
22.1379 49.5125
22.1383 49.4484
22.1385 49.3924
22.1389 49.2183
22.1395 49.191
22.1399 49.0422
22.1405 49.0369
22.1409 48.9073
22.1414 48.9189
22.1419 48.804
22.1425 48.8285
22.143 48.7249
22.1437 48.7593
22.1441 48.7894
22.1445 48.8157
22.1448 48.7138
22.145 48.7495
22.1453 48.7809
22.1457 48.6832
22.146 48.5978
22.1462 48.6481
22.1465 48.5671
22.1467 48.4962
22.1469 48.4342
22.1472 48.5049
22.1474 48.4418
22.1477 48.3866
22.1479 48.3382
22.1484 48.421
22.1486 48.3683
22.1489 48.3223
22.1491 48.407
22.1494 48.4811
22.1496 48.421
22.1498 48.3684
22.1501 48.4473
22.1503 48.5164
22.1506 48.4519
22.1508 48.3954
22.1835 52.471
22.184 51.9121
22.1842 51.5481
22.1844 51.2296
22.1847 50.8259
22.1849 50.4726
22.1852 50.2886
22.1854 50.1275
22.1856 49.8615
22.1859 49.6289
22.1862 49.5502
22.1866 49.4815
22.1868 49.2963
22.1872 49.2592
22.1878 49.2268
22.1882 49.1985
22.1888 49.1737
22.1894 49.152
22.1898 49.133
22.1903 49.1163
22.1908 49.1018
22.1913 49.0891
22.1918 49.0779
22.1924 49.0682
22.1927 48.9347
22.1932 48.9428
22.1935 48.95
22.1937 48.8312
22.1939 48.7273
22.1944 48.7614
22.1947 48.7912
22.1949 48.6923
22.1951 48.7308
22.1954 48.7644
22.1956 48.7939
22.1959 48.6946
22.1961 48.7328
22.1963 48.7662
22.1966 48.7954
22.1971 48.821
22.1973 48.8434
22.1975 48.863
22.1978 48.7551
22.198 48.7857
22.1983 48.8125
22.1985 48.8359
22.1987 48.7314
22.199 48.64
22.1992 48.685
22.1995 48.7244
22.2324 48.7588
22.2327 48.789
22.233 48.6904
22.2332 48.7291
22.2335 48.7629
22.2337 48.7926
22.2339 48.6935
22.2342 48.7318
22.2344 48.7653
22.2347 48.7947
22.2351 48.8203
22.2354 48.8428
22.2356 48.8624
22.2361 48.8796
22.2366 48.8947
22.2371 48.9078
22.2377 48.9194
22.2383 48.9294
22.2388 48.9383
22.2392 48.946
22.2397 48.9527
22.2402 48.9586
22.2407 48.9638
22.2413 48.9683
22.2416 48.9723
22.2421 48.9758
22.2424 48.9788
22.2426 48.9814
22.2428 48.9838
22.2433 48.9858
22.2436 48.9876
22.2438 48.9891
22.244 48.9905
22.2443 48.9917
22.2445 48.9927
22.2448 48.9936
22.245 48.8694
22.2452 48.8857
22.2455 48.9
22.246 48.7875
22.2462 48.8141
22.2464 48.8373
22.2467 48.8577
22.2469 48.7504
22.2472 48.7816
22.2474 48.8089
22.2476 48.8328
22.2479 48.8537
22.2481 48.872
22.2484 48.888
22.2812 48.902
22.2815 48.9142
22.2818 48.925
22.282 48.9343
22.2822 48.9426
22.2825 48.9497
22.2827 48.956
22.283 48.8365
22.2832 48.8569
22.2835 48.8748
22.2839 48.7655
22.2842 48.7948
22.2844 48.8204
22.2849 48.7179
22.2854 48.7532
22.2859 48.659
22.2865 48.7016
22.2871 48.7389
22.2875 48.7716
22.2881 48.8001
22.2886 48.8251
22.2891 48.847
22.2896 48.8661
22.2903 48.8828
22.2905 48.8975
22.291 49.0353
22.2913 49.0309
22.2915 49.027
22.2917 49.0236
22.2922 49.1457
22.2925 49.1275
22.2927 49.1115
22.2929 49.0976
22.2932 49.0854
22.2934 49.0747
22.2937 49.0654
22.2939 49.0572
22.2941 49.1751
22.2944 49.1532
22.2949 49.134
22.2951 49.2423
22.2953 49.212
22.2956 49.1855
22.2958 49.1623
22.2961 49.267
22.2963 49.2336
22.2965 49.2044
22.2968 49.1789
22.297 49.2815
22.2973 49.2463
22.3301 53.3405
22.3306 52.798
22.3308 52.3232
22.331 52.0328
22.3313 51.6537
22.3315 51.322
22.3318 51.0318
22.332 50.7778
22.3322 50.6806
22.3325 50.4705
22.3328 50.2867
22.3332 50.2508
22.3334 50.0945
22.3338 49.9577
22.3344 49.963
22.3348 49.8426
22.3354 49.8623
22.336 49.7545
22.3364 49.6602
22.337 49.7027
22.3375 49.6148
22.338 49.663
22.3385 49.5801
22.3392 49.6326
22.3394 49.5535
22.3399 49.4843
22.3402 49.4238
22.3404 49.3708
22.3406 49.3245
22.3411 49.4089
22.3414 49.3578
22.3416 49.3131
22.3418 49.2739
22.3421 49.3647
22.3423 49.3191
22.3426 49.2792
22.3428 49.2443
22.3431 49.3388
22.3433 49.2964
22.3438 49.2594
22.344 49.3519
22.3443 49.308
22.3445 49.2695
22.3447 49.2358
22.345 49.2063
22.3452 49.1805
22.3455 49.158
22.3457 49.1382
22.3459 49.1209
22.3462 49.1058
22.3791 53.2176
22.3796 52.6904
22.3798 52.2291
22.3801 51.9505
22.3803 51.5816
22.3805 51.2589
22.3808 50.9766
22.381 50.8545
22.3813 50.7477
22.3815 50.5292
22.3819 50.3381
22.3822 50.2958
22.3825 50.1338
22.3828 49.9921
22.3834 49.9931
22.3838 49.869
22.3844 49.8853
22.385 49.7747
22.3855 49.8028
22.3861 49.8275
22.3865 49.724
22.387 49.7585
22.3875 49.6637
22.3881 49.7058
22.3885 49.6175
22.3891 49.6653
22.3893 49.7072
22.3896 49.6188
22.3898 49.5414
22.3902 49.5987
22.3905 49.5239
22.3908 49.4584
22.391 49.4011
22.3912 49.476
22.3915 49.4165
22.3917 49.3644
22.392 49.3189
22.3922 49.404
22.3924 49.3535
22.3927 49.3093
22.3932 49.3957
22.3934 49.3462
22.3936 49.3029
22.3939 49.2651
22.3941 49.3569
22.3944 49.4373
22.3946 49.3826
22.3948 49.3348
22.3951 49.418
22.3953 49.4907
22.3956 49.4294
22.4287 49.3757
22.4291 49.4537
22.4293 49.522
22.4296 49.4568
22.4298 49.3997
22.43 49.4747
22.4303 49.5404
22.4305 49.4728
22.4308 49.4137
22.431 49.487
22.4315 49.5511
22.4317 49.4822
22.432 49.422
22.4324 49.4942
22.4329 49.4324
22.4334 49.5034
22.434 49.5655
22.4346 49.6198
22.4351 49.6673
22.4357 49.5839
22.4362 49.6359
22.4367 49.5564
22.4371 49.6119
22.4376 49.5354
22.4381 49.5935
22.4387 49.5193
22.4389 49.4544
22.4392 49.5226
22.4394 49.5822
22.4398 49.5095
22.4401 49.5708
22.4404 49.6244
22.4406 49.6714
22.4409 49.5875
22.4411 49.639
22.4413 49.6841
22.4416 49.7236
22.4418 49.6332
22.4421 49.679
22.4423 49.7191
22.4428 49.6293
22.443 49.6756
22.4433 49.7161
22.4435 49.7516
22.4437 49.6577
22.444 49.5755
22.4442 49.6285
22.4445 49.675
22.4447 49.5906
22.4449 49.5168
22.4452 49.5772
22.4782 49.63
22.4786 49.5513
22.4788 49.4824
22.4791 49.5471
22.4793 49.6037
22.4796 49.5282
22.4798 49.4622
22.48 49.5294
22.4803 49.5882
22.4805 49.5147
22.481 49.4504
22.4812 49.5191
22.4815 49.5792
22.482 49.5068
22.4824 49.5684
22.4829 49.4974
22.4835 49.4352
22.4841 49.5058
22.4846 49.4426
22.4852 49.5123
22.4857 49.4482
22.4862 49.5172
22.4866 49.4525
22.4872 49.521
22.4876 49.4559
22.4882 49.5239
22.4884 49.5834
22.4887 49.5105
22.4889 49.4467
22.4893 49.5158
22.4896 49.4513
22.4899 49.3949
22.4901 49.4706
22.4904 49.5367
22.4906 49.5946
22.4908 49.5203
22.4911 49.5803
22.4913 49.6327
22.4916 49.6786
22.4918 49.5938
22.4923 49.6446
22.4925 49.689
22.4928 49.6029
22.493 49.6525
22.4933 49.696
22.4935 49.734
22.4937 49.7672
22.494 49.6713
22.4942 49.7124
22.4945 49.7483
22.4947 49.7798
22.5277 53.8073
22.5282 53.3314
22.5285 52.915
22.5287 52.5506
22.5289 52.1068
22.5292 51.8434
22.5294 51.613
22.5297 51.4114
22.5299 51.11
22.5301 50.9712
22.5305 50.8498
22.5309 50.7436
22.5311 50.6506
22.5315 50.5693
22.5321 50.6231
22.5324 50.5452
22.533 50.6021
22.5336 50.5268
22.5341 50.461
22.5347 50.4034
22.5352 50.3529
22.5357 50.3088
22.5361 50.2702
22.5369 50.2364
22.5371 50.2069
22.5377 50.181
22.5381 50.1584
22.5383 50.1386
22.5386 50.1213
22.5388 50.1061
22.5393 50.0928
22.5395 50.0812
22.5398 50.0711
22.54 49.9372
22.5402 49.945
22.5405 49.9519
22.5407 49.9579
22.541 49.8382
22.5412 49.8584
22.5414 49.8761
22.5418 49.8916
22.5422 49.9051
22.5424 49.917
22.5426 49.9274
22.5429 49.8115
22.5431 49.835
22.5434 49.8556
22.5436 49.8737
22.5438 49.8895
22.5441 49.9033
22.5443 49.9154
22.5774 54.051
22.5778 53.5446
22.5781 53.1015
22.5783 52.7138
22.5786 52.3746
22.5788 52.0778
22.579 51.818
22.5793 51.5908
22.5795 51.3919
22.5798 51.2179
22.5801 51.0657
22.5805 50.9325
22.5807 50.8159
22.5811 50.7139
22.5817 50.6247
22.582 50.5466
22.5826 50.4783
22.5833 50.4185
22.5837 50.3662
22.5843 50.3204
22.5848 50.2804
22.5853 50.2453
22.5858 50.2146
22.5865 50.1878
22.5867 50.1643
22.5873 50.1438
22.5877 50.1258
22.5879 49.9851
22.5882 49.987
22.5884 49.9886
22.5889 49.99
22.5891 49.9913
22.5894 49.9924
22.5896 49.9933
22.5899 49.9941
22.5901 49.9949
22.5903 49.9955
22.5906 49.9961
22.5908 49.9966
22.5911 49.997
22.5914 49.9974
22.5918 49.9977
22.592 49.998
22.5923 49.9982
22.5925 49.9985
22.5927 49.9986
22.593 49.8738
22.5932 49.8896
22.5935 49.9034
22.5937 49.9155
22.5939 49.801
22.5942 49.8259
22.6276 49.8477
22.6279 49.8667
22.6282 49.8834
22.6284 49.8979
22.6287 49.9107
22.6289 49.9219
22.6292 49.9316
22.6294 49.9402
22.6296 49.9477
22.6299 49.9542
22.6304 49.9599
22.6306 49.9649
22.6308 49.9693
22.6313 49.9731
22.6318 49.9765
22.6323 49.9794
22.6329 49.982
22.6335 49.9843
22.634 49.9862
22.6346 49.9879
22.635 50.1145
22.6355 50.1001
22.636 50.2126
22.6366 50.186
22.637 50.1628
22.6376 50.1424
22.6378 50.1246
22.638 50.2341
22.6383 50.2048
22.6386 50.1792
22.639 50.2818
22.6392 50.2466
22.6395 50.2158
22.6397 50.1888
22.64 50.1652
22.6402 50.1445
22.6404 50.1265
22.6407 50.1107
22.6409 50.0968
22.6412 50.0847
22.6416 50.0741
22.6419 50.0649
22.6421 50.0568
22.6424 50.0497
22.6426 50.0435
22.6428 50.038
22.6431 50.1583
22.6433 50.1385
22.6436 50.1212
22.6438 50.106
22.6441 50.2178
22.6444 50.1906
22.6779 50.1667
22.6783 50.2709
22.6785 50.237
22.6788 50.2074
22.679 50.3065
22.6793 50.3932
22.6795 50.344
22.6797 50.301
22.68 50.2634
22.6802 50.3555
22.6807 50.311
22.6809 50.2722
22.6812 50.3631
22.6817 50.3177
22.6821 50.403
22.6826 50.3526
22.6832 50.4336
22.6838 50.3794
22.6843 50.4569
22.6849 50.3998
22.6854 50.3498
22.6859 50.3061
22.6863 50.2679
22.6869 50.2344
22.6873 50.3301
22.6879 50.2888
22.6881 50.3777
22.6884 50.3305
22.6886 50.2892
22.689 50.253
22.6894 50.2214
22.6896 50.1937
22.6898 50.1695
22.6901 50.2733
22.6903 50.3642
22.6906 50.3186
22.6908 50.2788
22.691 50.369
22.6913 50.4478
22.6915 50.3919
22.692 50.3429
22.6922 50.425
22.6925 50.3719
22.6927 50.3254
22.693 50.2847
22.6932 50.3741
22.6934 50.4524
22.6937 50.3958
22.6939 50.3463
22.6942 50.428
22.6944 50.4995
22.6946 50.4371
22.7282 54.6325
22.7286 54.1784
22.7289 53.6561
22.7291 53.3241
22.7294 53.0336
22.7296 52.6544
22.7298 52.3226
22.7301 52.1573
22.7303 52.0126
22.7306 51.886
22.7308 51.6503
22.731 51.569
22.7313 51.4979
22.7315 51.3106
22.7318 51.1468
22.732 51.0035
22.7322 50.878
22.7325 50.6433
22.7327 50.4379
22.733 50.1331
22.7332 49.9915
22.7335 49.7425
22.7337 49.5247
22.7342 49.3341
22.7344 49.1674
22.7347 48.8964
22.7349 48.6594
22.7351 48.452
22.7354 48.2705
22.7356 48.1117
22.7359 47.9727
22.7361 47.8511
22.7363 47.7447
22.7366 47.6516
22.7368 47.4452
22.7371 47.3895
22.7373 47.3408
22.7375 47.2982
22.7378 47.136
22.738 47.119
22.7383 47.1041
22.7385 47.0911
22.7387 46.9547
22.739 46.8354
22.7392 46.8559
22.7395 46.8739
22.7397 46.7647
22.7399 46.6691
22.7402 46.7105
22.7404 46.7467
22.7407 46.6533
22.7409 46.5717
22.7745 50.7502
22.7748 49.6564
22.775 48.8244
22.7753 48.0963
22.7755 47.3343
22.7757 46.6675
22.776 46.0841
22.7765 45.5736
22.7767 45.1269
22.7769 44.736
22.7772 44.519
22.7774 44.2041
22.7777 43.9286
22.7779 43.6875
22.7781 43.6016
22.7784 43.4014
22.7786 43.2262
22.7789 43.0729
22.7791 43.0638
22.7794 42.9308
22.7796 42.8145
22.7798 42.7127
22.7801 42.7486
22.7803 42.655
22.7806 42.5731
22.7808 42.5015
22.781 42.5638
22.7813 42.6183
22.7815 42.541
22.7818 42.4734
22.782 42.4142
22.7822 42.4875
22.7825 42.4265
22.7827 42.3732
22.783 42.3266
22.7832 42.4107
22.8171 42.4844
22.8173 42.5488
22.8176 42.4802
22.8178 42.4202
22.818 42.4927
22.8183 42.5561
22.8185 42.6116
22.819 42.6601
22.8192 42.7026
22.8195 42.7398
22.8197 42.6473
22.82 42.5664
22.8202 42.6206
22.8204 42.668
22.8207 42.5845
22.8209 42.5115
22.8212 42.5725
22.8214 42.626
22.8216 42.5477
22.8219 42.4792
22.8221 42.5443
22.8224 42.6013
22.8226 42.5261
22.8228 42.4604
22.8231 42.5278
22.8233 42.5868
22.8236 42.5135
22.8238 42.4493
22.8241 42.5181
22.8243 42.5784
22.8245 42.6311
22.8248 42.5522
22.825 42.6082
22.8253 42.6571
22.8255 42.7
22.8257 42.6125
22.8597 42.5359
22.86 42.4689
22.8602 42.5353
22.8605 42.5934
22.8607 42.6442
22.8609 42.5637
22.8612 42.6182
22.8617 42.666
22.8619 42.5827
22.8621 42.6349
22.8624 42.6805
22.8626 42.7204
22.8629 42.7554
22.8631 42.786
22.8633 42.8127
22.8636 42.8361
22.8638 42.8566
22.8641 42.8745
22.8643 42.8902
22.8645 42.9039
22.8648 42.9159
22.865 42.9265
22.8653 42.9356
22.8655 42.9437
22.8657 42.9507
22.866 42.8319
22.8662 42.8529
22.8665 42.8713
22.8667 42.8874
22.8669 42.7765
22.8672 42.8044
22.8674 42.8288
22.8677 42.8502
22.8679 42.744
22.8681 42.776
22.8684 42.804
22.9024 47.0785
22.9026 46.5687
22.9029 46.1226
22.9031 45.7323
22.9034 45.3907
22.9036 45.0919
22.9038 44.8304
22.9042 44.6016
22.9046 44.4014
22.9048 44.2262
22.905 44.0729
22.9053 43.9388
22.9055 43.8215
22.9058 43.7188
22.906 43.5039
22.9062 43.4409
22.9065 43.3858
22.9067 43.3376
22.907 43.1704
22.9072 43.1491
22.9074 43.1305
22.9077 43.1142
22.9079 42.9749
22.9082 42.978
22.9084 42.9808
22.9086 42.9832
22.9089 42.9853
22.9091 42.9871
22.9094 42.9887
22.9096 42.9901
22.9098 42.9914
22.9101 42.9924
22.9103 42.9934
22.9106 42.9942
22.9108 42.9949
22.911 42.9956
22.9413 46.7461
22.9417 45.7779
22.9419 44.9306
22.9422 44.3143
22.9424 43.65
22.9426 43.0688
22.9429 42.5602
22.9431 42.2401
22.9434 41.8351
22.9436 41.4807
22.9439 41.1706
22.9441 40.8993
22.9443 40.6619
22.9446 40.4542
22.9448 40.2724
22.9451 40.2383
22.9453 40.0835
22.9455 39.9481
22.9458 39.8296
22.946 39.8509
22.9463 39.7445
22.9465 39.6515
22.9467 39.57
22.947 39.4988
22.9472 39.4364
22.9475 39.3819
22.9477 39.3341
22.9479 39.2924
22.9482 39.2558
22.9484 39.2238
22.9487 39.1959
22.9489 39.1714
22.9491 39.15
22.9494 39.1312
22.9496 39.1148
22.9499 39.1005
22.9501 39.0879
22.978 38.7019
22.9783 38.4892
22.9786 38.303
22.9788 38.0151
22.9791 37.8883
22.9793 37.7772
22.9795 37.6801
22.9798 37.4701
22.98 37.4113
22.9803 37.3599
22.9805 37.3149
22.9807 37.1505
22.981 37.0067
22.9812 37.0059
22.9815 37.0051
22.9817 36.8795
22.9819 36.7696
22.9822 36.7984
22.9824 36.8236
22.9827 36.7206
22.9829 36.6305
22.9831 36.6767
22.9834 36.7171
22.9836 36.7525
22.9839 36.6584
22.9841 36.7011
22.9843 36.7385
22.9846 36.7712
22.9848 36.6748
22.9851 36.7154
22.9853 36.751
22.9855 36.7821
22.9858 36.6844
22.986 36.7238
22.9863 36.7583
22.9865 36.7885
22.9867 36.69
23.0147 36.7287
23.0152 36.7626
23.0155 36.7923
23.0157 36.8183
23.0159 36.716
23.0162 36.7515
23.0164 36.7826
23.0167 36.8097
23.0169 36.7085
23.0171 36.7449
23.0174 36.7768
23.0176 36.8047
23.0179 36.8291
23.0181 36.9755
23.0183 36.9786
23.0186 36.9812
23.0188 36.9836
23.0191 37.1106
23.0193 37.0968
23.0196 37.0847
23.0198 37.0741
23.02 37.1898
23.0203 37.1661
23.0205 37.1454
23.0208 37.1272
23.021 37.1113
23.0212 37.0974
23.0215 37.0852
23.0217 37.0746
23.022 37.0652
23.0222 37.0571
23.0224 37.0499
23.0227 37.0437
23.0229 37.0382
23.0232 37.0335
23.0234 37.0293
23.0236 37.0256
23.0516 40.5224
23.0521 40.2071
23.0524 39.8062
23.0526 39.4554
23.0528 39.1485
23.0531 39.0049
23.0533 38.7543
23.0536 38.535
23.0538 38.3432
23.054 38.3003
23.0543 38.1377
23.0545 37.9955
23.0548 37.8711
23.055 37.7622
23.0552 37.6669
23.0555 37.5835
23.0557 37.5106
23.056 37.4468
23.0562 37.3909
23.0564 37.3421
23.0567 37.2993
23.0569 37.2619
23.0572 37.2292
23.0574 37.2005
23.0576 37.1754
23.0579 37.1535
23.0581 37.2593
23.0584 37.2269
23.0586 37.1985
23.0588 37.1737
23.0591 37.277
23.0593 37.2424
23.0596 37.2121
23.0598 37.1856
23.06 37.2874
23.0603 37.2515
23.0605 37.22
23.0884 40.6925
23.0889 40.231
23.0891 39.8271
23.0894 39.4737
23.0896 39.1645
23.0898 38.8939
23.0901 38.6572
23.0903 38.45
23.0906 38.2688
23.0908 38.1102
23.091 37.9714
23.0913 37.85
23.0915 37.7437
23.0918 37.6508
23.092 37.6944
23.0922 37.6076
23.0925 37.5317
23.0927 37.4652
23.093 37.4071
23.0932 37.3562
23.0934 37.3117
23.0937 37.2727
23.0939 37.2386
23.0942 37.2088
23.0944 37.1827
23.0947 37.1598
23.0949 37.1399
23.0951 37.1224
23.0954 37.1071
23.0956 37.0937
23.0959 37.082
23.0961 37.0717
23.0963 37.0628
23.0966 37.0549
23.0968 37.0481
23.0971 37.042
23.0973 37.0368
23.0978 37.0322
23.1258 37.0282
23.1261 37.1496
23.1264 37.1309
23.1266 37.1146
23.1269 37.1003
23.1271 37.2127
23.1273 37.1861
23.1276 37.1629
23.1278 37.1425
23.1281 37.2497
23.1283 37.2185
23.1285 37.1912
23.1288 37.1673
23.129 37.2714
23.1293 37.2374
23.1295 37.2078
23.1297 37.1818
23.13 37.1591
23.1302 37.2642
23.1305 37.2312
23.1307 37.2023
23.1309 37.177
23.1312 37.2799
23.1314 37.2449
23.1317 37.2143
23.1319 37.1875
23.1321 37.289
23.1324 37.2529
23.1326 37.2213
23.1329 37.1936
23.1331 37.2944
23.1333 37.2576
23.1336 37.2254
23.1338 37.1972
23.1341 37.2976
23.1343 37.2604
23.1347 37.2278
23.1351 37.3244
23.1633 37.4088
23.1636 37.3577
23.1639 37.313
23.1641 37.3989
23.1643 37.474
23.1646 37.4148
23.1648 37.3629
23.1651 37.4425
23.1653 37.5122
23.1655 37.4482
23.1658 37.3922
23.166 37.4682
23.1663 37.5346
23.1665 37.4678
23.1667 37.4093
23.167 37.3582
23.1672 37.4384
23.1675 37.5086
23.1677 37.57
23.1679 37.4988
23.1682 37.5614
23.1684 37.6162
23.1687 37.6642
23.1689 37.5812
23.1692 37.6335
23.1694 37.6793
23.1696 37.7194
23.1699 37.6295
23.1701 37.6758
23.1704 37.7163
23.1706 37.7518
23.1708 37.6578
23.1711 37.7006
23.1713 37.738
23.1716 37.7708
23.1718 37.6744
23.172 37.7151
23.1725 37.7507
23.2009 41.1569
23.2014 40.7623
23.2016 40.417
23.2018 40.1149
23.2021 39.8505
23.2023 39.6192
23.2026 39.4168
23.2028 39.2397
23.203 39.0847
23.2033 38.9491
23.2035 38.8305
23.2038 38.7267
23.204 38.5108
23.2042 38.447
23.2045 38.3911
23.2047 38.3422
23.205 38.2994
23.2052 38.262
23.2054 38.2293
23.2057 38.2006
23.2059 38.1755
23.2062 38.1536
23.2064 38.1344
23.2066 38.1176
23.2069 38.1029
23.2071 38.09
23.2074 38.0788
23.2076 38.0689
23.2078 38.0603
23.2081 38.0528
23.2083 38.0462
23.2086 38.0404
23.2088 38.0354
23.209 38.0309
23.2093 38.0271
23.2095 38.0237
23.2098 38.0207
23.2101 38.0181
23.2384 41.5159
23.2388 41.0764
23.2391 40.6918
23.2393 40.3554
23.2396 40.0609
23.2398 39.6783
23.24 39.4685
23.2403 39.285
23.2405 39.1243
23.2408 38.8588
23.241 38.7514
23.2412 38.6575
23.2415 38.5753
23.2417 38.5034
23.242 38.3155
23.2422 38.276
23.2424 38.2415
23.2427 38.2113
23.2429 38.0599
23.2432 38.0524
23.2434 38.0459
23.2436 38.0401
23.2439 37.9101
23.2441 37.9214
23.2444 37.9312
23.2446 37.9398
23.2449 37.8223
23.2451 37.8445
23.2453 37.864
23.2456 37.881
23.2458 37.7708
23.2461 37.7995
23.2463 37.8246
23.2465 37.8465
23.2468 37.7407
23.247 37.7731
23.2473 37.8015
23.2476 37.8263
23.248 37.723
23.2763 37.7576
23.2767 37.7879
23.2769 37.6894
23.2772 37.7282
23.2774 37.7622
23.2777 37.7919
23.2779 37.6929
23.2781 37.7313
23.2784 37.7649
23.2786 37.7943
23.2789 37.695
23.2791 37.7331
23.2793 37.7665
23.2796 37.7957
23.2798 37.8212
23.2801 37.8436
23.2803 37.8631
23.2805 37.8802
23.2808 37.8952
23.281 37.9083
23.2813 37.9198
23.2815 37.9298
23.2817 37.9386
23.282 37.8212
23.2822 37.8436
23.2825 37.8631
23.2827 37.8802
23.2829 37.7702
23.2832 37.7989
23.2834 37.8241
23.2837 37.8461
23.2839 37.7403
23.2841 37.7728
23.2844 37.8012
23.2846 37.826
23.2849 37.7228
23.2851 37.7574
23.2856 37.7877
23.2859 37.8143
23.3144 37.8375
23.3148 37.8578
23.315 38.0006
23.3153 38.0005
23.3155 38.0004
23.3157 38.0004
23.316 38.0003
23.3162 38.0003
23.3165 38.0003
23.3167 38.0002
23.3169 38.0002
23.3172 38.0002
23.3174 38.0001
23.3177 38.0001
23.3179 38.0001
23.3181 38.0001
23.3184 38.0001
23.3186 38.0001
23.3189 38.0001
23.3191 38.0001
23.3194 38
23.3196 38
23.3198 38
23.3201 38.125
23.3203 38.1094
23.3206 38.0957
23.3208 38.0838
23.321 38.1983
23.3213 38.2985
23.3215 38.2612
23.3218 38.2285
23.322 38.2
23.3222 38.3
23.3225 38.2625
23.3227 38.2297
23.323 38.201
23.3232 38.3008
23.3236 38.2632
23.3239 38.2303
23.3526 41.8265
23.3531 41.4732
23.3534 41.1641
23.3536 40.7686
23.3538 40.4225
23.3541 40.2447
23.3543 40.0891
23.3546 39.953
23.3548 39.7088
23.355 39.6202
23.3553 39.5427
23.3555 39.4749
23.3558 39.2905
23.356 39.1292
23.3562 39.113
23.3565 39.0989
23.3567 38.9615
23.357 38.8414
23.3572 38.8612
23.3574 38.8785
23.3577 38.7687
23.3579 38.6726
23.3582 38.7135
23.3584 38.7494
23.3586 38.6557
23.3589 38.5737
23.3591 38.627
23.3594 38.6736
23.3596 38.5894
23.3598 38.5157
23.3601 38.5763
23.3603 38.6292
23.3606 38.6756
23.3608 38.5911
23.361 38.6422
23.3613 38.687
23.3615 38.7261
23.3618 38.6353
23.3622 38.6809
23.391 42.2208
23.3914 41.8182
23.3917 41.3409
23.3919 40.9233
23.3922 40.6829
23.3924 40.4725
23.3926 40.1635
23.3929 39.893
23.3931 39.7814
23.3934 39.6837
23.3936 39.4733
23.3938 39.2891
23.3941 39.253
23.3943 39.2213
23.3946 39.1937
23.3948 39.0445
23.3951 39.0389
23.3953 39.034
23.3955 39.0298
23.3958 38.9011
23.396 38.9134
23.3963 38.9243
23.3965 38.9337
23.3967 38.817
23.397 38.7149
23.3972 38.7505
23.3975 38.7817
23.3977 38.684
23.3979 38.5985
23.3982 38.6487
23.3984 38.6926
23.3987 38.606
23.3989 38.5303
23.3991 38.589
23.3994 38.6404
23.3996 38.5603
23.3999 38.4903
23.4001 38.554
23.4006 38.6097
23.4008 38.5335
23.4297 38.5918
23.43 38.6429
23.4303 38.6875
23.4305 38.7266
23.4307 38.6357
23.431 38.5563
23.4312 38.6117
23.4315 38.6603
23.4317 38.5777
23.4319 38.5055
23.4322 38.5673
23.4324 38.6214
23.4327 38.5437
23.4329 38.4758
23.4331 38.5413
23.4334 38.5986
23.4336 38.5238
23.4339 38.4583
23.4341 38.526
23.4343 38.5853
23.4346 38.5121
23.4348 38.4481
23.4351 38.5171
23.4353 38.5775
23.4355 38.6303
23.4358 38.5515
23.436 38.6076
23.4363 38.6566
23.4365 38.6995
23.4367 38.6121
23.437 38.5356
23.4372 38.5936
23.4375 38.6444
23.4377 38.5639
23.4379 38.4934
23.4382 38.5567
23.4384 38.6121
23.4388 38.5356
23.4391 38.5937
23.4395 38.6444
23.4685 38.6889
23.4688 38.6028
23.4691 38.6524
23.4693 38.6959
23.4696 38.7339
23.4698 38.7672
23.47 38.7963
23.4703 38.8217
23.4705 38.844
23.4708 38.8635
23.471 38.7556
23.4712 38.7861
23.4715 38.8129
23.4717 38.8362
23.472 38.7317
23.4722 38.7653
23.4724 38.7946
23.4727 38.8203
23.4729 38.7177
23.4732 38.753
23.4734 38.7839
23.4736 38.8109
23.4739 38.7095
23.4741 38.7458
23.4744 38.7776
23.4746 38.8054
23.4748 38.7047
23.4751 38.7416
23.4753 38.7739
23.4756 38.8022
23.4758 38.8269
23.476 38.8486
23.4763 38.8675
23.4765 38.884
23.4768 38.8985
23.477 39.0362
23.4772 39.0317
23.4775 39.0277
23.478 39.0243
23.4782 39.0212
23.5074 42.6436
23.5079 42.1881
23.5081 41.9146
23.5084 41.5503
23.5086 41.2315
23.5088 40.9526
23.5091 40.8335
23.5093 40.6043
23.5096 40.4038
23.5098 40.2283
23.51 40.1998
23.5103 40.1748
23.5105 40.0279
23.5108 39.8994
23.511 39.912
23.5112 39.923
23.5115 39.8076
23.5117 39.7067
23.512 39.6183
23.5122 39.6661
23.5124 39.5828
23.5127 39.5099
23.5129 39.4462
23.5132 39.5154
23.5134 39.451
23.5136 39.3946
23.5139 39.3453
23.5141 39.4271
23.5144 39.3737
23.5146 39.327
23.5149 39.2861
23.5151 39.3754
23.5153 39.3285
23.5156 39.2874
23.5158 39.2515
23.5161 39.345
23.5163 39.3019
23.5165 39.2642
23.5169 39.2311
23.5173 39.3273
23.5465 42.9113
23.5469 42.4224
23.5472 42.1196
23.5474 41.7297
23.5477 41.3885
23.5479 41.0899
23.5481 40.9537
23.5484 40.7095
23.5486 40.4958
23.5489 40.3088
23.5491 40.2702
23.5493 40.1114
23.5496 39.9725
23.5498 39.8509
23.5501 39.8696
23.5503 39.7609
23.5505 39.6658
23.5508 39.5825
23.551 39.6347
23.5513 39.6804
23.5515 39.5953
23.5517 39.5209
23.552 39.4558
23.5522 39.5238
23.5525 39.4583
23.5527 39.4011
23.5529 39.3509
23.5532 39.4321
23.5534 39.378
23.5537 39.3308
23.5539 39.2894
23.5541 39.3783
23.5544 39.331
23.5546 39.2896
23.5549 39.2534
23.5551 39.3467
23.5553 39.3034
23.5556 39.2655
23.5559 39.2323
23.5563 39.3282
23.5565 39.2872
23.5859 39.2513
23.5862 39.3449
23.5865 39.3018
23.5867 39.2641
23.5869 39.2311
23.5872 39.3272
23.5874 39.2863
23.5877 39.2505
23.5879 39.2192
23.5881 39.3168
23.5884 39.2772
23.5886 39.2425
23.5889 39.2122
23.5891 39.3107
23.5893 39.2719
23.5896 39.2379
23.5898 39.2081
23.5901 39.3071
23.5903 39.2687
23.5906 39.2351
23.5908 39.2057
23.591 39.305
23.5913 39.3919
23.5915 39.3429
23.5918 39.3
23.592 39.2625
23.5922 39.3547
23.5925 39.3104
23.5927 39.2716
23.593 39.2376
23.5932 39.3329
23.5934 39.2913
23.5937 39.2549
23.5939 39.223
23.5942 39.3202
23.5944 39.2801
23.5946 39.2451
23.5949 39.2145
23.5954 39.3127
23.5956 39.2736
23.596 39.2394
23.6253 39.3345
23.6256 39.2927
23.6259 39.2561
23.6261 39.3491
23.6264 39.4304
23.6266 39.3766
23.6268 39.3295
23.6271 39.4134
23.6273 39.4867
23.6276 39.4258
23.6278 39.3726
23.628 39.451
23.6283 39.5197
23.6285 39.4547
23.6288 39.3979
23.629 39.4731
23.6292 39.539
23.6295 39.4716
23.6297 39.4127
23.63 39.3611
23.6302 39.4409
23.6304 39.3858
23.6307 39.3376
23.6309 39.2954
23.6312 39.3835
23.6314 39.4605
23.6316 39.403
23.6319 39.3526
23.6321 39.4335
23.6324 39.5043
23.6326 39.4413
23.6328 39.3861
23.6331 39.4629
23.6333 39.53
23.6336 39.4638
23.6338 39.4058
23.634 39.4801
23.6343 39.5451
23.6348 39.4769
23.635 39.5423
23.6354 39.5995
23.6649 39.5246
23.6653 39.584
23.6655 39.636
23.6658 39.6815
23.666 39.7213
23.6663 39.7561
23.6665 39.7866
23.6667 39.8133
23.667 39.7116
23.6672 39.7477
23.6675 39.7792
23.6677 39.8068
23.6679 39.706
23.6682 39.7427
23.6684 39.7749
23.6687 39.803
23.6689 39.7026
23.6691 39.7398
23.6694 39.7723
23.6696 39.8008
23.6699 39.8257
23.6701 39.8475
23.6703 39.8665
23.6706 39.8832
23.6708 39.8978
23.6711 39.9106
23.6713 39.9218
23.6715 39.9315
23.6718 39.9401
23.672 39.9476
23.6723 39.9541
23.6725 39.9599
23.6727 39.9649
23.673 39.8443
23.6732 39.8637
23.6735 39.8808
23.6737 39.8957
23.6739 39.7837
23.6743 39.8108
23.6747 39.8344
23.6749 39.7301
23.7046 43.3888
23.7049 42.9652
23.7052 42.5946
23.7054 42.2703
23.7057 41.9865
23.7059 41.6132
23.7061 41.4115
23.7064 41.2351
23.7066 41.0807
23.7069 40.9456
23.7071 40.8274
23.7073 40.724
23.7076 40.6335
23.7078 40.5543
23.7081 40.485
23.7083 40.4244
23.7085 40.3713
23.7088 40.3249
23.709 40.2843
23.7093 40.2488
23.7095 40.2177
23.7098 40.1905
23.71 40.0417
23.7102 40.0364
23.7105 40.0319
23.7107 40.0279
23.711 39.8994
23.7112 39.912
23.7114 39.923
23.7117 39.9326
23.7119 39.816
23.7122 39.839
23.7124 39.8592
23.7126 39.8768
23.7129 39.8922
23.7131 39.9056
23.7134 39.9174
23.7136 39.9278
23.714 39.9368
23.7143 39.9447
23.7146 39.9516
23.7416 43.3327
23.7418 42.1661
23.7421 41.2703
23.7423 40.3615
23.7426 39.5663
23.7428 38.8705
23.743 38.3867
23.7433 37.8384
23.7435 37.3586
23.7438 36.9388
23.744 36.5714
23.7442 36.375
23.7445 36.0781
23.7447 35.8183
23.745 35.5911
23.7452 35.5172
23.7454 35.3275
23.7457 35.1616
23.7459 35.0164
23.7462 35.0143
23.7464 34.8875
23.7466 34.7766
23.7469 34.6795
23.7471 34.7196
23.7474 34.6296
23.7476 34.5509
23.748 34.4821
23.7483 34.5468
23.7486 34.4785
23.7755 37.7936
23.7757 37.3194
23.776 36.9045
23.7762 36.5414
23.7764 36.2238
23.7767 35.9458
23.7769 35.7026
23.7772 35.4897
23.7774 35.3035
23.7776 35.1406
23.7779 34.998
23.7781 34.9983
23.7784 34.8735
23.7786 34.7643
23.7788 34.6688
23.7791 34.7102
23.7793 34.6214
23.7796 34.5437
23.7798 34.4758
23.78 34.5413
23.7803 34.4736
23.7805 34.4144
23.7808 34.3626
23.781 34.4423
23.7812 34.387
23.7815 34.3386
23.7818 34.2963
23.7822 34.3843
23.7824 34.3362
23.7828 34.2942
23.8097 34.2574
23.81 34.2252
23.8102 34.3221
23.8104 34.2818
23.8107 34.2466
23.8109 34.2158
23.8112 34.3138
23.8114 34.2746
23.8116 34.2403
23.8119 34.2102
23.8121 34.3089
23.8124 34.2703
23.8126 34.2365
23.8128 34.207
23.8131 34.3061
23.8133 34.2678
23.8136 34.2344
23.8138 34.2051
23.814 34.3044
23.8143 34.2664
23.8145 34.2331
23.8148 34.2039
23.815 34.3034
23.8153 34.2655
23.8155 34.2323
23.8157 34.2033
23.8162 34.3029
23.8165 34.265
23.8167 34.2319
23.8172 34.3279
23.8442 34.4119
23.8444 34.4854
23.8447 34.4247
23.8449 34.3717
23.8452 34.4502
23.8454 34.5189
23.8457 34.4541
23.8459 34.3973
23.8461 34.4726
23.8464 34.5386
23.8466 34.4712
23.8469 34.4123
23.8471 34.4858
23.8473 34.5501
23.8476 34.4813
23.8478 34.4211
23.8481 34.4935
23.8483 34.5568
23.8485 34.6122
23.8488 34.5357
23.849 34.5937
23.8493 34.6445
23.8495 34.6889
23.8497 34.6028
23.85 34.5275
23.8503 34.5865
23.8507 34.6382
23.8509 34.5584
23.8512 34.6136
23.8517 34.6619
23.8789 37.9542
23.8792 37.5849
23.8794 37.2618
23.8797 36.9791
23.8799 36.7317
23.8801 36.5152
23.8804 36.3258
23.8806 36.1601
23.8809 36.0151
23.8811 35.8882
23.8813 35.7772
23.8816 35.68
23.8818 35.595
23.8821 35.5206
23.8823 35.4556
23.8825 35.3986
23.8828 35.3488
23.883 35.3052
23.8833 35.267
23.8835 35.2337
23.8837 35.2045
23.884 35.0539
23.8842 35.0472
23.8845 35.0413
23.8847 35.0361
23.8849 35.0316
23.8854 35.0276
23.8857 35.0242
23.8859 35.0212
23.8863 35.0185
23.9135 38.3912
23.9139 37.9673
23.9141 37.5964
23.9144 37.2718
23.9146 36.9879
23.9149 36.7394
23.9151 36.522
23.9153 36.3317
23.9156 36.1652
23.9158 36.0196
23.9161 35.8921
23.9163 35.7806
23.9165 35.683
23.9168 35.5977
23.917 35.523
23.9173 35.4576
23.9175 35.4004
23.9177 35.3503
23.918 35.1815
23.9182 35.1589
23.9185 35.139
23.9187 35.1216
23.9189 35.1064
23.9192 35.0931
23.9194 35.0815
23.9197 35.0713
23.9199 35.0624
23.9204 35.0546
23.9206 35.0478
23.9209 35.0418
23.9212 35.0366
23.946 34.657
23.9462 34.4499
23.9465 34.1436
23.9467 33.8757
23.9469 33.6412
23.9472 33.5611
23.9474 33.3659
23.9477 33.1952
23.9479 33.0458
23.9481 33.0401
23.9484 32.9101
23.9486 32.7963
23.9489 32.6968
23.9491 32.7347
23.9493 32.6428
23.9496 32.5625
23.9498 32.4922
23.9501 32.5556
23.9503 32.6112
23.9506 32.5348
23.9508 32.4679
23.951 32.5344
23.9513 32.5926
23.9515 32.5186
23.9518 32.4537
23.952 32.397
23.9524 32.4724
23.9527 32.4133
23.953 32.3617
23.9532 32.4415
23.9537 32.3863
23.9785 32.463
23.9788 32.4051
23.979 32.4795
23.9793 32.5445
23.9795 32.6015
23.9797 32.5263
23.98 32.4605
23.9802 32.5279
23.9805 32.5869
23.9807 32.5136
23.981 32.4494
23.9812 32.5182
23.9814 32.5784
23.9817 32.5061
23.9819 32.4429
23.9822 32.5125
23.9824 32.5734
23.9826 32.5018
23.9829 32.439
23.9831 32.5092
23.9834 32.5705
23.9836 32.4992
23.9838 32.4368
23.9841 32.5072
23.9843 32.5688
23.9846 32.6227
23.985 32.7949
23.9853 32.8205
23.9855 32.8429
23.9858 32.8626
23.9862 32.8798
24.0114 36.0198
24.0116 35.6423
24.0118 35.312
24.0121 35.023
24.0123 34.7701
24.0126 34.5489
24.0128 34.3553
24.013 34.3109
24.0133 34.147
24.0135 34.0036
24.0138 33.8782
24.014 33.7684
24.0142 33.6723
24.0145 33.5883
24.0147 33.5148
24.015 33.4504
24.0152 33.3941
24.0154 33.3449
24.0157 33.3017
24.0159 33.264
24.0162 33.231
24.0164 33.2021
24.0166 33.1769
24.0169 33.1548
24.0171 33.1354
24.0174 33.1185
24.0177 33.1037
24.0181 33.0907
24.0183 33.0794
24.0186 33.0695
24.0189 33.0608
24.044 36.1782
24.0444 35.7809
24.0446 35.4333
24.0449 35.1291
24.0451 34.863
24.0454 34.6301
24.0456 34.4263
24.0458 34.2481
24.0461 34.092
24.0463 33.9555
24.0466 33.8361
24.0468 33.7316
24.047 33.7651
24.0473 33.6695
24.0475 33.5858
24.0478 33.5126
24.048 33.5735
24.0482 33.5018
24.0485 33.4391
24.0487 33.3842
24.049 33.3362
24.0492 33.2942
24.0494 33.2574
24.0497 33.2252
24.0499 33.1971
24.0502 33.1724
24.0504 33.1509
24.0509 33.132
24.0511 33.1155
24.0514 33.1011
24.0516 33.0884
24.052 33.0774
24.0772 33.0677
24.0774 33.0592
24.0777 33.0518
24.0779 33.0454
24.0782 33.0397
24.0784 33.0347
24.0786 33.0304
24.0789 33.0266
24.0791 33.0233
24.0794 33.0204
24.0796 33.0178
24.0798 33.0156
24.0801 33.0136
24.0803 33.0119
24.0806 33.0104
24.0808 33.0091
24.081 33.008
24.0813 33.007
24.0815 33.0061
24.0818 33.0054
24.082 33.1297
24.0822 33.1135
24.0825 33.0993
24.0827 33.0869
24.083 33.076
24.0832 33.0665
24.0836 33.0582
24.0839 33.0509
24.0842 33.0446
24.0844 33.039
24.0846 33.0341
24.0851 33.1548
24.1105 33.1355
24.1107 33.1186
24.111 33.1037
24.1112 33.2158
24.1114 33.1888
24.1117 33.1652
24.1119 33.1445
24.1122 33.2515
24.1124 33.22
24.1126 33.1925
24.1129 33.1685
24.1131 33.2724
24.1134 33.2384
24.1136 33.2086
24.1138 33.1825
24.1141 33.2847
24.1143 33.2491
24.1146 33.218
24.1148 33.1907
24.115 33.2919
24.1153 33.2554
24.1155 33.2235
24.1158 33.1955
24.116 33.2961
24.1163 33.3841
24.1165 33.3361
24.117 33.2941
24.1172 33.3823
24.1175 33.3345
24.1177 33.2927
24.1181 33.3811
24.1184 33.4585
24.144 36.6512
24.1442 36.3198
24.1445 36.0298
24.1447 35.7761
24.145 35.4291
24.1452 35.2504
24.1455 35.0941
24.1457 34.9574
24.1459 34.7127
24.1462 34.6236
24.1464 34.5457
24.1467 34.4774
24.1469 34.2928
24.1471 34.2562
24.1474 34.2241
24.1476 34.1961
24.1479 34.0466
24.1481 34.0408
24.1483 34.0357
24.1486 34.0312
24.1488 33.9023
24.1491 33.9145
24.1493 33.9252
24.1495 33.9346
24.1498 33.8177
24.15 33.8405
24.1504 33.8605
24.1507 33.8779
24.151 33.7682
24.1512 33.7971
24.1515 33.8225
24.1519 33.7197
24.1773 36.8797
24.1778 36.3948
24.178 36.0954
24.1783 35.8335
24.1785 35.6043
24.1787 35.4038
24.179 35.1033
24.1792 34.9654
24.1795 34.8447
24.1797 34.7391
24.1799 34.5217
24.1802 34.4565
24.1804 34.3994
24.1807 34.3495
24.1809 34.1808
24.1811 34.1582
24.1814 34.1384
24.1816 34.1211
24.1819 33.981
24.1821 33.9834
24.1823 33.9854
24.1826 33.9873
24.1828 33.8639
24.1831 33.8809
24.1833 33.8958
24.1835 33.9088
24.1838 33.7952
24.1843 33.8208
24.1845 33.8432
24.1847 33.8628
24.185 33.7549
24.1853 33.7856
24.1857 33.8124
24.2112 33.8358
24.2115 33.8564
24.2118 33.7493
24.212 33.7806
24.2123 33.8081
24.2125 33.8321
24.2127 33.853
24.213 33.7464
24.2132 33.7781
24.2135 33.8058
24.2137 33.8301
24.2139 33.7264
24.2142 33.7606
24.2144 33.7905
24.2147 33.8167
24.2149 33.7146
24.2151 33.7503
24.2154 33.7815
24.2156 33.8088
24.2159 33.7077
24.2161 33.7442
24.2163 33.7762
24.2166 33.8042
24.2168 33.7037
24.2171 33.7407
24.2173 33.7731
24.2177 33.8015
24.218 33.8263
24.2183 33.848
24.2185 33.867
24.2187 33.8836
24.2192 33.8982
24.2196 33.9109
24.2453 33.922
24.2455 33.9318
24.2458 33.9403
24.246 33.9478
24.2463 33.9543
24.2465 33.96
24.2467 33.965
24.247 33.9694
24.2472 33.9732
24.2475 33.9766
24.2477 33.9795
24.2479 33.9821
24.2482 33.9843
24.2484 33.9863
24.2487 33.988
24.2489 33.9895
24.2491 33.9908
24.2494 33.9919
24.2496 33.993
24.2499 33.9938
24.2501 33.9946
24.2503 33.9953
24.2506 33.9959
24.2508 33.9964
24.2511 33.9968
24.2513 33.9972
24.2518 33.9976
24.252 33.9979
24.2523 33.9981
24.2525 33.9984
24.2529 33.9986
24.2532 33.9988
24.2537 33.9989
24.2794 33.999
24.2797 33.9992
24.2799 33.9993
24.2801 34.1244
24.2804 34.1088
24.2806 34.0952
24.2809 34.0833
24.2811 34.1979
24.2814 34.2982
24.2816 34.2609
24.2818 34.2283
24.2821 34.3247
24.2823 34.4091
24.2826 34.358
24.2828 34.3133
24.283 34.3991
24.2833 34.4742
24.2835 34.4149
24.2838 34.3631
24.284 34.3177
24.2842 34.403
24.2845 34.3526
24.2847 34.3085
24.285 34.27
24.2852 34.3612
24.2854 34.3161
24.2858 34.2766
24.2862 34.367
24.2864 34.3211
24.2866 34.281
24.2869 34.2458
24.2874 34.3401
24.2877 34.2976
24.3137 37.5104
24.314 37.1966
24.3143 36.922
24.3145 36.6818
24.3148 36.3465
24.315 36.0532
24.3152 35.9216
24.3155 35.8064
24.3157 35.5806
24.316 35.383
24.3162 35.3351
24.3164 35.2932
24.3167 35.1316
24.3169 34.9901
24.3172 34.9914
24.3174 34.9924
24.3176 34.8684
24.3179 34.7598
24.3181 34.7899
24.3184 34.8161
24.3186 34.8391
24.3188 34.7342
24.3191 34.7674
24.3193 34.7965
24.3196 34.8219
24.3198 34.7192
24.32 34.7543
24.3205 34.785
24.3208 34.6869
24.321 34.726
24.3212 34.7603
24.3216 34.7902
24.322 34.6915
24.3478 37.855
24.3482 37.4981
24.3484 37.0609
24.3486 36.6783
24.3489 36.3435
24.3491 36.1755
24.3494 36.0286
24.3496 35.775
24.3498 35.5531
24.3501 35.484
24.3503 35.4235
24.3506 35.2456
24.3508 35.0899
24.351 35.0786
24.3513 35.0688
24.3515 34.9352
24.3518 34.8183
24.352 34.841
24.3522 34.8609
24.3525 34.7533
24.3527 34.6591
24.353 34.5767
24.3532 34.6296
24.3534 34.5509
24.3537 34.4821
24.3539 34.4218
24.3542 34.4941
24.3546 34.4323
24.3549 34.3783
24.3551 34.456
24.3554 34.399
24.3556 34.3491
24.3561 34.4305
24.3565 34.5017
24.3824 34.564
24.3828 34.4935
24.383 34.5568
24.3832 34.6122
24.3835 34.6607
24.3837 34.5781
24.384 34.5058
24.3842 34.5676
24.3844 34.6216
24.3847 34.5439
24.3849 34.4759
24.3852 34.5415
24.3854 34.5988
24.3857 34.5239
24.3859 34.4584
24.3861 34.5261
24.3864 34.5854
24.3866 34.5122
24.3869 34.4482
24.3871 34.5171
24.3873 34.5775
24.3876 34.6303
24.3878 34.5515
24.3881 34.6076
24.3883 34.6566
24.3885 34.6996
24.3889 34.6121
24.3893 34.6606
24.3895 34.703
24.3897 34.6151
24.39 34.5382
24.3903 34.596
24.3907 34.5215
24.3912 34.5813
24.4173 34.6336
24.4176 34.6794
24.4179 34.5945
24.4181 34.6452
24.4183 34.6895
24.4186 34.7283
24.4188 34.7623
24.4191 34.792
24.4193 34.818
24.4195 34.8408
24.4198 34.8607
24.42 35.0031
24.4203 35.0027
24.4205 35.0024
24.4207 35.0021
24.421 35.0018
24.4212 35.0016
24.4215 35.0014
24.4217 35.0012
24.4219 35.0011
24.4222 35.0009
24.4224 35.0008
24.4227 35.0007
24.4229 35.0006
24.4231 35.0005
24.4234 35.0005
24.4236 35.0004
24.4241 35.1254
24.4243 35.1097
24.4246 35.096
24.4248 35.084
24.4251 35.1985
24.4255 35.1737
24.4259 35.152
24.4522 38.383
24.4527 37.9601
24.4529 37.5901
24.4532 37.3913
24.4534 37.0924
24.4537 36.8309
24.4539 36.602
24.4541 36.5267
24.4544 36.3359
24.4546 36.1689
24.4549 36.0228
24.4551 36.02
24.4553 35.8925
24.4556 35.7809
24.4558 35.6833
24.4561 35.7229
24.4563 35.7575
24.4565 35.6628
24.4568 35.58
24.457 35.6325
24.4573 35.6784
24.4575 35.5936
24.4577 35.5194
24.458 35.4545
24.4582 35.5227
24.4585 35.4573
24.4587 35.4002
24.4591 35.4751
24.4594 35.4158
24.4597 35.3638
24.4599 35.3183
24.4601 35.4035
24.4605 35.3531
24.4609 35.3089
24.4871 38.6453
24.4875 38.1897
24.4878 37.791
24.488 37.5671
24.4883 37.2462
24.4885 36.9654
24.4887 36.7197
24.489 36.5048
24.4892 36.3167
24.4895 36.1521
24.4897 36.0081
24.4899 35.8821
24.4902 35.7718
24.4904 35.6753
24.4907 35.5909
24.4909 35.5171
24.4912 35.4524
24.4914 35.3959
24.4916 35.3464
24.4919 35.3031
24.4921 35.2652
24.4924 35.2321
24.4926 35.203
24.4928 35.1777
24.4931 35.2805
24.4933 35.2454
24.4936 35.2147
24.4939 35.1879
24.4943 35.1644
24.4945 35.1438
24.4948 35.1259
24.495 35.1101
24.4952 35.0964
24.4957 35.0843
24.4961 35.1988
24.5224 35.1739
24.5229 35.1522
24.5231 35.2582
24.5234 35.2259
24.5236 35.1977
24.5238 35.1729
24.5241 35.2763
24.5243 35.3668
24.5246 35.3209
24.5248 35.2808
24.525 35.3707
24.5253 35.4494
24.5255 35.3932
24.5258 35.3441
24.526 35.301
24.5262 35.3884
24.5265 35.3399
24.5267 35.2974
24.527 35.2602
24.5272 35.3527
24.5274 35.3086
24.5277 35.27
24.5279 35.2363
24.5282 35.3317
24.5284 35.2903
24.5286 35.254
24.5289 35.2222
24.5294 35.3195
24.5296 35.2795
24.5298 35.2446
24.5301 35.339
24.5303 35.4216
24.5307 35.3689
24.531 35.4478
24.5315 35.3918
24.558 35.3429
24.5584 35.425
24.5587 35.3719
24.5589 35.3254
24.5592 35.4097
24.5594 35.4835
24.5596 35.4231
24.5599 35.3702
24.5601 35.4489
24.5604 35.5178
24.5606 35.4531
24.5608 35.3964
24.5611 35.4719
24.5613 35.5379
24.5616 35.5957
24.5618 35.5212
24.562 35.581
24.5623 35.6334
24.5625 35.6792
24.5628 35.7193
24.563 35.7544
24.5632 35.7851
24.5635 35.812
24.5637 35.8355
24.564 35.731
24.5642 35.7647
24.5644 35.7941
24.5648 35.8198
24.5652 35.8423
24.5654 35.862
24.5656 35.8793
24.5659 35.7694
24.5661 35.7982
24.5666 35.8234
24.567 35.7205
24.5935 39.0054
24.5941 38.7548
24.5944 38.4104
24.5946 38.1091
24.5948 37.8455
24.5951 37.6148
24.5953 37.4129
24.5956 37.2363
24.5958 37.0818
24.5961 36.9466
24.5963 36.8282
24.5965 36.7247
24.5968 36.6341
24.597 36.5549
24.5973 36.4855
24.5975 36.4248
24.5977 36.3717
24.598 36.2002
24.5982 36.1752
24.5985 36.1533
24.5987 36.1341
24.5989 35.9924
24.5992 35.9933
24.5994 35.9942
24.5997 35.9949
24.5999 35.9955
24.6001 35.9961
24.6004 35.9966
24.6009 35.997
24.6011 35.9974
24.6013 35.9977
24.6016 35.998
24.6018 35.9982
24.6022 35.9985
24.6025 35.9987
24.6291 39.3738
24.6297 38.9521
24.6301 38.5831
24.6303 38.2602
24.6305 37.9777
24.6308 37.7305
24.631 37.5142
24.6313 37.3249
24.6315 37.1593
24.6317 37.0144
24.632 36.7626
24.6322 36.6672
24.6325 36.5838
24.6327 36.5109
24.6329 36.322
24.6332 36.2818
24.6334 36.2465
24.6337 36.2157
24.6339 36.1887
24.6341 36.1652
24.6344 36.1445
24.6346 36.1264
24.6349 36.1106
24.6351 36.0968
24.6353 36.0847
24.6356 36.0741
24.6358 36.0649
24.6361 36.0567
24.6363 36.0497
24.6368 36.0434
24.637 36.038
24.6373 36.0333
24.6375 36.0291
24.6377 36.0255
24.6381 36.0223
24.6385 36.0195
24.6651 36.0171
24.6657 36.0149
24.666 35.8881
24.6662 35.9021
24.6665 35.9143
24.6667 35.925
24.6669 35.8094
24.6672 35.8332
24.6674 35.8541
24.6677 35.8723
24.6679 35.8883
24.6681 35.9022
24.6684 35.9144
24.6686 35.9251
24.6689 35.9345
24.6691 35.9427
24.6693 35.9498
24.6696 35.9561
24.6698 35.9616
24.6701 35.9664
24.6703 35.9706
24.6705 35.9743
24.6708 35.9775
24.671 35.9803
24.6713 35.9828
24.6715 35.9849
24.6718 35.9868
24.672 35.8635
24.6724 35.8805
24.6727 35.8955
24.673 35.7835
24.6732 35.8106
24.6734 35.8343
24.6737 35.855
24.6742 35.8731
24.6745 35.889
24.7014 35.9028
24.7019 35.915
24.7022 36.0506
24.7024 36.0443
24.7026 36.0388
24.7029 36.0339
24.7031 36.1547
24.7034 36.1353
24.7036 36.1184
24.7038 36.1036
24.7041 36.2157
24.7043 36.1887
24.7046 36.1651
24.7048 36.1445
24.705 36.2514
24.7053 36.22
24.7055 36.1925
24.7058 36.1684
24.706 36.1474
24.7062 36.129
24.7065 36.1128
24.7067 36.0987
24.707 36.0864
24.7072 36.2006
24.7074 36.1755
24.7077 36.1536
24.7079 36.1344
24.7082 36.2426
24.7086 36.3373
24.7089 36.2951
24.7091 36.3832
24.7094 36.4603
24.7096 36.4028
24.7098 36.3524
24.7103 36.4334
24.7107 36.3792
24.7358 39.4568
24.736 38.5247
24.7363 37.7091
24.7365 36.9955
24.7368 36.371
24.737 35.6997
24.7372 35.2372
24.7375 34.8325
24.7377 34.4785
24.738 34.1687
24.7382 33.8976
24.7384 33.6604
24.7387 33.4528
24.7389 33.2712
24.7392 33.1123
24.7394 32.9733
24.7396 32.8516
24.7399 32.7452
24.7401 32.652
24.7406 32.5705
24.7408 32.4992
24.7411 32.4368
24.7413 32.3822
24.7416 32.3344
24.7418 32.2926
24.7423 32.256
24.7426 32.224
24.7675 32.196
24.7678 32.0465
24.768 31.9157
24.7682 31.9262
24.7685 31.9355
24.7687 31.9435
24.769 31.8256
24.7692 31.8474
24.7694 31.8665
24.7697 31.8832
24.7699 31.7728
24.7702 31.8012
24.7704 31.826
24.7706 31.8478
24.7709 31.7418
24.7711 31.7741
24.7714 31.8023
24.7716 31.827
24.772 31.7236
24.7723 31.7582
24.7726 31.7884
24.7728 31.6899
24.773 31.7286
24.7733 31.7626
24.7736 31.7922
24.774 31.8182
24.7745 31.8409
24.7994 31.8608
24.7996 31.8782
24.7998 31.8934
24.8001 31.9068
24.8003 31.9184
24.8006 31.9286
24.8008 31.9375
24.801 31.9453
24.8013 31.9522
24.8015 31.9581
24.8018 31.9634
24.802 31.968
24.8022 31.972
24.8025 31.9755
24.8027 31.9785
24.803 31.8562
24.8032 31.8742
24.8034 31.8899
24.8039 31.9037
24.8042 31.9157
24.8044 31.9262
24.8046 31.9355
24.8049 31.8185
24.8051 31.8412
24.8056 31.8611
24.8058 31.8784
24.8063 31.8936
24.8314 35.0319
24.8317 34.6529
24.8319 34.3213
24.8322 34.1562
24.8324 33.8866
24.8326 33.6508
24.8329 33.4445
24.8331 33.3889
24.8334 33.2153
24.8336 33.0634
24.8338 32.9304
24.8341 32.9391
24.8343 32.8217
24.8346 32.719
24.8348 32.6292
24.835 32.6755
24.8353 32.7161
24.8355 32.6266
24.836 32.6732
24.8363 32.7141
24.8365 32.6248
24.8367 32.5467
24.837 32.4784
24.8372 32.5436
24.8377 32.4756
24.8379 32.4162
24.8384 32.4892
24.8636 35.553
24.864 35.2339
24.8642 34.9546
24.8645 34.7103
24.8647 34.3715
24.865 34.0751
24.8652 33.9407
24.8654 33.8231
24.8657 33.5952
24.8659 33.3958
24.8662 33.3463
24.8664 33.303
24.8667 33.1402
24.8669 32.9976
24.8671 32.9979
24.8674 32.9982
24.8676 32.8734
24.8679 32.7642
24.8682 32.7937
24.8686 32.6945
24.8688 32.6077
24.8691 32.6567
24.8693 32.6996
24.8695 32.7372
24.8699 32.645
24.8703 32.6894
24.8705 32.7282
24.871 32.6372
24.8962 32.6825
24.8966 32.5972
24.8968 32.5226
24.8971 32.5823
24.8973 32.6345
24.8975 32.6802
24.8978 32.5951
24.898 32.6457
24.8983 32.69
24.8985 32.7288
24.8987 32.6377
24.899 32.558
24.8992 32.6132
24.8995 32.6616
24.8997 32.5789
24.8999 32.5065
24.9002 32.5682
24.9004 32.6222
24.9008 32.5444
24.9011 32.6014
24.9014 32.6512
24.9016 32.5698
24.9019 32.4986
24.9021 32.5612
24.9025 32.6161
24.9028 32.5391
24.9031 32.5967
24.9035 32.6471
24.9289 32.5662
24.9291 32.6204
24.9294 32.6679
24.9296 32.5844
24.9299 32.5113
24.9301 32.5724
24.9303 32.6259
24.9306 32.5476
24.9308 32.4792
24.9311 32.5443
24.9313 32.6012
24.9315 32.6511
24.9318 32.5697
24.932 32.6235
24.9323 32.6706
24.9325 32.7117
24.9327 32.6228
24.933 32.5449
24.9335 32.6018
24.9337 32.5266
24.9339 32.4608
24.9342 32.5282
24.9344 32.5871
24.9347 32.5137
24.9351 32.5745
24.9354 32.6277
24.9357 32.5492
24.9362 32.6056
24.9591 32.4049
24.9593 32.2293
24.9595 31.9506
24.9598 31.7068
24.96 31.6184
24.9603 31.5411
24.9605 31.3485
24.9607 31.1799
24.961 31.0324
24.9612 31.0284
24.9615 30.8998
24.9617 30.7874
24.9619 30.6889
24.9622 30.7278
24.9624 30.6368
24.9627 30.5572
24.9629 30.4876
24.9633 30.5516
24.9636 30.6077
24.9639 30.5317
24.9641 30.5903
24.9643 30.6415
24.9646 30.5613
24.9648 30.4911
24.9653 30.5547
24.9655 30.4854
24.9659 30.4247
24.9664 30.4966
24.9893 33.3095
24.9896 32.8959
24.9898 32.5339
24.9901 32.3421
24.9903 32.1744
24.9905 31.9026
24.9908 31.6648
24.991 31.5817
24.9913 31.5089
24.9915 31.4453
24.9917 31.2647
24.992 31.1066
24.9922 31.0933
24.9925 31.0816
24.9927 30.9464
24.9929 30.8281
24.9932 30.8496
24.9934 30.8684
24.9939 30.7598
24.9941 30.7899
24.9944 30.8161
24.9946 30.7141
24.9949 30.6248
24.9951 30.6717
24.9955 30.7128
24.9958 30.6237
24.9961 30.6707
24.9965 30.7119
25.0195 33.4979
25.02 33.0607
25.0202 32.8031
25.0205 32.5777
25.0207 32.2555
25.0209 31.9735
25.0212 31.8518
25.0214 31.7454
25.0217 31.5272
25.0219 31.3363
25.0221 31.2943
25.0224 31.2575
25.0226 31.2253
25.0229 31.0721
25.0231 31.0631
25.0233 31.0552
25.0236 31.0483
25.0238 30.9173
25.0241 30.9276
25.0245 30.9367
25.0248 30.8196
25.025 30.8421
25.0253 30.8619
25.0255 30.8791
25.0257 30.7692
25.0261 30.7981
25.0265 30.8233
25.0267 30.7204
25.0272 30.7554
25.0503 30.7859
25.0506 30.8127
25.0509 30.7111
25.0511 30.7472
25.0513 30.7788
25.0516 30.8065
25.0518 30.7057
25.0521 30.7424
25.0523 30.7746
25.0525 30.8028
25.0528 30.7025
25.053 30.7397
25.0533 30.7722
25.0535 30.8007
25.0537 30.7006
25.054 30.613
25.0542 30.6614
25.0545 30.7037
25.0548 30.6157
25.0552 30.6638
25.0554 30.7058
25.0557 30.6176
25.0559 30.5404
25.0561 30.5978
25.0564 30.6481
25.0569 30.5671
25.0571 30.6212
25.0575 30.6686
25.0579 30.585
25.081 30.6369
25.0813 30.6823
25.0815 30.722
25.0817 30.6317
25.082 30.5528
25.0822 30.6087
25.0825 30.6576
25.0827 30.7004
25.0829 30.6128
25.0832 30.6612
25.0834 30.7036
25.0837 30.7406
25.0839 30.648
25.0841 30.692
25.0844 30.7305
25.0846 30.7642
25.0849 30.7937
25.0851 30.8195
25.0856 30.842
25.0858 30.8618
25.0861 30.8791
25.0863 30.8942
25.0865 30.9074
25.0868 30.919
25.087 30.9291
25.0875 30.938
25.0877 30.9457
25.0881 30.9525
25.0886 30.9584
25.1118 33.8386
25.1121 33.4838
25.1124 33.1733
25.1126 32.9017
25.1129 32.664
25.1131 32.581
25.1133 32.3833
25.1136 32.2104
25.1138 32.0591
25.1141 32.0517
25.1143 31.9203
25.1145 31.8052
25.1148 31.7046
25.115 31.7415
25.1153 31.6488
25.1155 31.5677
25.1157 31.4967
25.116 31.4347
25.1163 31.3803
25.1167 31.3328
25.1169 31.2912
25.1172 31.2548
25.1174 31.2229
25.1177 31.1951
25.1179 31.1707
25.1183 31.1493
25.1186 31.1307
25.1189 31.1143
25.1193 31.1001
25.1427 33.9625
25.1433 33.7172
25.1435 33.3776
25.1437 33.0804
25.144 32.8203
25.1442 32.7178
25.1445 32.5031
25.1447 32.3152
25.1449 32.1508
25.1452 32.1319
25.1454 31.9904
25.1457 31.8666
25.1459 31.7583
25.1461 31.7885
25.1464 31.69
25.1466 31.6037
25.1469 31.5282
25.1471 31.5872
25.1473 31.6388
25.1477 31.559
25.1481 31.6141
25.1483 31.6623
25.1485 31.5795
25.1488 31.5071
25.149 31.5687
25.1493 31.6226
25.1496 31.5448
25.15 31.4767
25.1502 31.5421
25.1507 31.4743
25.1741 31.54
25.1746 31.4725
25.1749 31.4135
25.1751 31.4868
25.1753 31.5509
25.1756 31.4821
25.1758 31.4218
25.1761 31.4941
25.1763 31.5573
25.1765 31.4877
25.1768 31.4267
25.177 31.4984
25.1773 31.5611
25.1775 31.4909
25.1777 31.4296
25.178 31.3759
25.1782 31.4539
25.1785 31.3971
25.1787 31.3475
25.1792 31.4291
25.1794 31.3754
25.1797 31.3285
25.1799 31.2874
25.1801 31.3765
25.1804 31.3294
25.1806 31.2883
25.1811 31.3772
25.1813 31.4551
25.1817 31.3982
25.1822 31.4734
25.2056 31.4142
25.206 31.3625
25.2062 31.4422
25.2065 31.3869
25.2067 31.3385
25.2069 31.2962
25.2072 31.3842
25.2074 31.3362
25.2077 31.2941
25.2079 31.2574
25.2081 31.3502
25.2084 31.3064
25.2086 31.2681
25.2089 31.2346
25.2091 31.3303
25.2093 31.414
25.2096 31.4872
25.2098 31.4263
25.2102 31.498
25.2105 31.5608
25.2108 31.4907
25.211 31.5544
25.2113 31.6101
25.2115 31.6588
25.2118 31.5764
25.212 31.5044
25.2125 31.5663
25.2127 31.4955
25.2131 31.5586
25.2136 31.6138
25.2371 34.5371
25.2376 34.2199
25.2378 33.9424
25.2381 33.6996
25.2383 33.4872
25.2385 33.3013
25.2388 33.1386
25.239 32.9963
25.2393 32.8718
25.2395 32.7628
25.2397 32.6674
25.24 32.459
25.2402 32.4016
25.2405 32.3514
25.2407 32.3075
25.2409 32.1441
25.2412 32.1261
25.2414 32.1103
25.2417 32.0965
25.2422 32.0844
25.2424 32.0739
25.2426 32.0647
25.2429 31.9316
25.2431 31.9401
25.2434 31.9476
25.2436 31.9542
25.244 31.9599
25.2443 31.9649
25.2446 31.9693
25.245 31.9731
25.2687 34.8515
25.2693 34.495
25.2697 34.1832
25.2699 33.9103
25.2701 33.6715
25.2704 33.4626
25.2706 33.2797
25.2709 33.1198
25.2711 32.9798
25.2713 32.8573
25.2716 32.7502
25.2718 32.6564
25.2721 32.6993
25.2723 32.6119
25.2726 32.5354
25.2728 32.4685
25.273 32.5349
25.2733 32.4681
25.2735 32.4096
25.2738 32.3584
25.2742 32.3136
25.2745 32.2744
25.2747 32.2401
25.275 32.2101
25.2752 32.1838
25.2754 32.1608
25.2757 32.1407
25.276 32.2481
25.2764 32.2171
25.2766 32.19
25.2771 32.1662
25.3009 32.1455
25.3015 32.1273
25.3017 32.1114
25.302 32.0974
25.3022 32.0853
25.3025 32.0746
25.3027 32.0653
25.303 32.0571
25.3032 32.05
25.3034 32.0437
25.3037 32.0383
25.3039 32.0335
25.3042 32.0293
25.3044 32.0256
25.3046 32.0224
25.3049 32.0196
25.3051 32.0172
25.3054 32.015
25.3056 32.0131
25.306 32.0115
25.3063 32.0101
25.3066 32.0088
25.3068 32.0077
25.307 32.1317
25.3073 32.1153
25.3075 32.1009
25.3078 32.0883
25.3082 32.0772
25.3085 32.0676
25.3088 32.0591
25.3093 32.0517
25.333 32.0453
25.3336 32.0396
25.3338 32.0347
25.3341 32.1553
25.3343 32.1359
25.3346 32.1189
25.3348 32.1041
25.335 32.216
25.3353 32.189
25.3355 32.1654
25.3358 32.1447
25.336 32.1266
25.3362 32.1108
25.3365 32.097
25.3367 32.0848
25.337 32.0742
25.3372 32.065
25.3374 32.0568
25.3377 32.0497
25.3382 32.1685
25.3384 32.2724
25.3386 32.2384
25.3389 32.2086
25.3391 32.3075
25.3394 32.2691
25.3396 32.2354
25.3398 32.206
25.3403 32.3053
25.3406 32.2671
25.3409 32.2337
25.3414 32.3295
25.3652 35.2883
25.3659 35.0023
25.3662 34.752
25.3664 34.533
25.3666 34.2164
25.3669 33.9393
25.3671 33.8219
25.3674 33.7192
25.3676 33.5043
25.3678 33.3162
25.3681 33.2767
25.3683 33.2421
25.3686 33.2119
25.3688 33.0604
25.369 33.0528
25.3693 33.0462
25.3695 33.0404
25.3698 32.9104
25.37 32.9216
25.3704 32.9314
25.3707 32.815
25.371 32.7131
25.3712 32.749
25.3714 32.7803
25.3717 32.6828
25.3719 32.5974
25.3722 32.6478
25.3725 32.6918
25.3729 32.6053
25.3731 32.6547
25.3736 32.6978
25.3975 35.6106
25.3982 35.2843
25.3987 34.9987
25.399 34.6239
25.3992 34.4209
25.3994 34.2433
25.3997 34.0879
25.3999 33.8269
25.4002 33.7235
25.4004 33.6331
25.4006 33.554
25.4009 33.3597
25.4011 33.3147
25.4014 33.2754
25.4016 33.241
25.4018 33.0859
25.4021 33.0751
25.4023 33.0657
25.4026 33.0575
25.4028 32.9253
25.4033 32.9347
25.4035 32.9428
25.4038 32.95
25.404 32.9562
25.4042 32.9617
25.4045 32.9665
25.4047 32.9707
25.405 32.8493
25.4053 32.8682
25.4057 32.8846
25.4059 32.7741
25.4064 32.8023
25.4304 32.827
25.4312 32.8486
25.4315 32.8676
25.4318 32.8841
25.432 32.8986
25.4322 32.9113
25.4325 32.9224
25.4327 32.9321
25.433 32.8156
25.4332 32.8386
25.4334 32.8588
25.4337 32.8764
25.4339 32.7669
25.4342 32.796
25.4344 32.8215
25.4346 32.8438
25.4349 32.7384
25.4351 32.7711
25.4354 32.7997
25.4357 32.8247
25.4361 32.8466
25.4363 32.8658
25.4366 32.8826
25.4368 32.7722
25.4371 32.8007
25.4373 32.8256
25.4375 32.8474
25.4378 32.8665
25.4383 32.8832
25.4385 32.8978
25.4389 32.9106
25.4393 32.9217
25.4632 32.9315
25.464 32.8151
25.4642 32.8382
25.4644 32.8584
25.4647 32.7511
25.4649 32.6572
25.4652 32.7001
25.4654 32.7376
25.4656 32.7704
25.4659 32.6741
25.4661 32.7148
25.4664 32.7505
25.4666 32.7817
25.4668 32.6839
25.4671 32.7235
25.4673 32.758
25.4676 32.7883
25.4678 32.6897
25.4681 32.7285
25.4685 32.7625
25.4688 32.6671
25.469 32.7088
25.4693 32.7452
25.4695 32.777
25.4697 32.8049
25.47 32.7043
25.4702 32.7412
25.4706 32.7736
25.4709 32.8019
25.4712 32.8266
25.4715 32.8483
25.4721 32.9923
25.4962 35.9932
25.4969 35.6191
25.4971 35.4167
25.4974 35.1146
25.4976 34.8503
25.4979 34.619
25.4981 34.5416
25.4983 34.3489
25.4986 34.1803
25.4988 34.0328
25.4991 34.0287
25.4993 33.9001
25.4995 33.7876
25.4998 33.6891
25.5 33.728
25.5003 33.637
25.5005 33.5574
25.5007 33.4877
25.501 33.4267
25.5015 33.3734
25.5017 33.3267
25.5019 33.2859
25.5022 33.2501
25.5024 33.2189
25.5027 33.1915
25.5029 33.1676
25.5031 33.2716
25.5035 33.2377
25.5039 33.208
25.5041 33.307
25.5045 33.2686
25.5051 33.36
25.5292 36.315
25.5299 35.9006
25.5303 35.6631
25.5305 35.3302
25.5308 35.0389
25.531 34.909
25.5313 34.7954
25.5315 34.571
25.5317 34.3746
25.532 34.2028
25.5322 34.1774
25.5325 34.0303
25.5327 33.9015
25.5329 33.7888
25.5332 33.8152
25.5334 33.7133
25.5337 33.6241
25.5339 33.5461
25.5341 33.6028
25.5345 33.6525
25.5349 33.5709
25.5351 33.6246
25.5353 33.6715
25.5356 33.5876
25.5358 33.5141
25.5361 33.5748
25.5363 33.628
25.5365 33.5495
25.5369 33.4808
25.5373 33.5457
25.5375 33.4775
25.5379 33.4178
25.5385 33.3656
25.5627 33.3199
25.5635 33.4049
25.5638 33.3543
25.5641 33.435
25.5643 33.5056
25.5645 33.4424
25.5648 33.3871
25.565 33.4637
25.5653 33.5308
25.5655 33.5894
25.5657 33.5157
25.566 33.4513
25.5662 33.5199
25.5665 33.5799
25.5667 33.5074
25.5669 33.444
25.5672 33.5135
25.5674 33.5743
25.5677 33.5025
25.568 33.5647
25.5684 33.6191
25.5686 33.5417
25.5689 33.474
25.5691 33.5397
25.5693 33.5973
25.5696 33.5226
25.5698 33.4573
25.5701 33.5251
25.5704 33.5845
25.5708 33.5114
25.571 33.5725
25.5714 33.6259
25.572 33.5477
25.5964 33.6042
25.5971 33.6537
25.5973 33.697
25.5976 33.6099
25.5978 33.5336
25.5981 33.5919
25.5983 33.6429
25.5985 33.5626
25.5988 33.4922
25.599 33.5557
25.5993 33.6113
25.5995 33.6598
25.5997 33.5774
25.6 33.5052
25.6002 33.567
25.6005 33.6212
25.6007 33.5435
25.6009 33.4756
25.6012 33.5411
25.6017 33.4735
25.6019 33.4143
25.6021 33.4875
25.6024 33.5516
25.6026 33.4826
25.6029 33.4223
25.6031 33.4945
25.6034 33.5577
25.6036 33.488
25.6041 33.552
25.6043 33.608
25.6046 33.657
25.605 33.6999
25.6055 33.7374
25.6299 36.7702
25.6306 36.4239
25.6309 35.9959
25.6311 35.7464
25.6313 35.5281
25.6316 35.3371
25.6318 35.045
25.6321 34.9144
25.6323 34.8001
25.6326 34.7001
25.6328 34.4875
25.633 34.4266
25.6333 34.3733
25.6335 34.3266
25.6338 34.2858
25.634 34.1251
25.6342 34.1094
25.6345 34.0958
25.6347 34.0838
25.6352 34.0733
25.6354 34.0641
25.6357 34.0561
25.6359 33.9241
25.6362 33.9336
25.6364 33.9419
25.6366 33.9492
25.6369 33.8305
25.6371 33.8517
25.6376 33.8702
25.6378 33.7615
25.6381 33.7913
25.6386 33.8174
25.639 33.8402
25.6636 36.8602
25.6643 36.6276
25.6646 36.2992
25.6649 36.0118
25.6651 35.7603
25.6654 35.5403
25.6656 35.3477
25.6658 35.1793
25.6661 35.0319
25.6663 34.9029
25.6666 34.79
25.6668 34.6913
25.667 34.6049
25.6673 34.5292
25.6675 34.4631
25.6678 34.4052
25.668 34.3546
25.6682 34.3102
25.6685 34.2715
25.6688 34.2375
25.6692 34.2078
25.6694 34.1819
25.6697 34.1591
25.6699 34.1392
25.6702 34.1218
25.6704 34.1066
25.6706 34.0933
25.6709 34.0816
25.6712 34.0714
25.6716 34.0625
25.6718 34.0547
25.6722 34.0478
25.6727 34.0419
25.673 34.0366
25.6978 34.032
25.6985 34.028
25.6989 34.0245
25.6991 34.1465
25.6994 34.1282
25.6996 34.1121
25.6998 34.0981
25.7001 34.2109
25.7003 34.1845
25.7006 34.1614
25.7008 34.1413
25.701 34.2486
25.7013 34.2175
25.7015 34.1903
25.7018 34.1665
25.702 34.2707
25.7022 34.3619
25.7025 34.3166
25.7027 34.2771
25.7031 34.3674
25.7034 34.3215
25.7037 34.2813
25.7039 34.2461
25.7042 34.3404
25.7044 34.2978
25.7046 34.2606
25.7049 34.228
25.7051 34.3245
25.7055 34.284
25.7058 34.2485
25.7061 34.3424
25.7064 34.2996
25.7069 34.2622
25.7073 34.2294
25.73 34.0757
25.7307 33.8162
25.731 33.5892
25.7312 33.3906
25.7314 32.9667
25.7317 32.5959
25.7319 32.2714
25.7322 31.9875
25.7324 31.739
25.7326 31.5217
25.733 31.4565
25.7334 31.2744
25.7336 31.1151
25.7338 30.9757
25.7341 30.9787
25.7343 30.8564
25.7346 30.7494
25.7348 30.6557
25.735 30.6987
25.7354 30.6114
25.7358 30.535
25.736 30.5931
25.7364 30.519
25.7368 30.4541
25.7372 30.5223
25.7598 33.207
25.7605 32.8062
25.7608 32.4554
25.761 32.2735
25.7612 31.9893
25.7615 31.7406
25.7617 31.523
25.762 31.3327
25.7622 31.1661
25.7624 31.0203
25.7628 30.8928
25.7632 30.7812
25.7634 30.6835
25.7636 30.5981
25.7639 30.5233
25.7641 30.4579
25.7644 30.4007
25.7646 30.3506
25.7648 30.3068
25.7652 30.2684
25.7656 30.2349
25.7658 30.2055
25.7662 30.1798
25.7666 30.1573
25.767 30.2627
25.7897 32.9798
25.7906 32.7324
25.7908 32.3908
25.791 32.217
25.7913 31.9398
25.7915 31.6974
25.7918 31.4852
25.792 31.4245
25.7922 31.3715
25.7925 31.2
25.7928 31.05
25.7932 31.0438
25.7934 30.9133
25.7937 30.7991
25.7939 30.6992
25.7942 30.7368
25.7944 30.6447
25.7946 30.5641
25.7949 30.4936
25.7952 30.5569
25.7956 30.4873
25.7958 30.4264
25.7961 30.4981
25.7966 30.4358
25.797 30.5064
25.7974 30.4431
25.8202 30.5127
25.8211 30.5736
25.8213 30.6269
25.8216 30.5485
25.8218 30.48
25.822 30.545
25.8223 30.6018
25.8225 30.5266
25.8228 30.4608
25.823 30.5282
25.8234 30.5872
25.8237 30.5138
25.824 30.4495
25.8242 30.5184
25.8244 30.5786
25.8247 30.5062
25.8249 30.443
25.8252 30.5126
25.8254 30.5735
25.8258 30.5018
25.8261 30.5641
25.8264 30.6186
25.8266 30.5413
25.8271 30.5986
25.8276 30.5238
25.8279 30.4583
25.851 30.526
25.8518 30.4603
25.8521 30.5277
25.8523 30.5868
25.8526 30.6384
25.8528 30.5586
25.853 30.6138
25.8533 30.6621
25.8535 30.7043
25.8538 30.6163
25.8541 30.6642
25.8545 30.7062
25.8547 30.7429
25.855 30.6501
25.8552 30.6938
25.8554 30.7321
25.8557 30.7656
25.8559 30.6699
25.8562 30.7111
25.8565 30.7472
25.8569 30.7788
25.8571 30.8065
25.8574 30.8307
25.8577 30.8518
25.8582 30.8704
25.8586 30.8866
25.8815 33.7757
25.8824 33.4288
25.8826 33.1252
25.8828 32.7345
25.8831 32.5177
25.8833 32.328
25.8836 32.162
25.8838 31.8917
25.884 31.7803
25.8843 31.6827
25.8846 31.5974
25.885 31.5227
25.8852 31.4574
25.8855 31.4002
25.8857 31.3502
25.886 31.1814
25.8862 31.1587
25.8864 31.1389
25.8867 31.1215
25.887 31.1063
25.8874 31.093
25.8877 31.0814
25.8879 30.9462
25.8883 30.953
25.8887 30.9588
25.8891 30.964
25.9122 33.8435
25.9131 33.613
25.9134 33.2864
25.9136 33.0006
25.9138 32.7505
25.9141 32.5317
25.9143 32.3403
25.9146 32.1727
25.9148 32.0261
25.915 31.8979
25.9154 31.7856
25.9158 31.6874
25.916 31.6015
25.9162 31.5263
25.9165 31.4605
25.9167 31.403
25.917 31.3526
25.9172 31.3085
25.9174 31.2699
25.9178 31.2362
25.9182 31.2067
25.9184 31.1808
25.9187 31.1582
25.919 31.2635
25.9194 31.2305
25.9199 31.2017
25.9202 31.1765
25.9399 30.6544
25.9409 30.1976
25.9411 29.9229
25.9414 29.6826
25.9416 29.4722
25.9418 29.1632
25.9421 29.0178
25.9423 28.8906
25.9426 28.7793
25.9428 28.5569
25.9432 28.4872
25.9435 28.4263
25.9438 28.248
25.944 28.217
25.9442 28.1899
25.9445 28.1662
25.9447 28.1454
25.945 28.0022
25.9452 28.0019
25.9456 28.0017
25.9459 27.8765
25.9462 27.8919
25.9464 27.9054
25.9468 27.7923
25.9471 27.8182
25.9476 27.8409
25.948 27.7358
25.9677 27.7688
25.9686 27.7977
25.9689 27.698
25.9691 27.7358
25.9694 27.7688
25.9696 27.7977
25.9698 27.698
25.9701 27.7357
25.9703 27.7688
25.9706 27.7977
25.9709 27.698
25.9713 27.7357
25.9715 27.7688
25.9718 27.6727
25.972 27.7136
25.9722 27.7494
25.9725 27.7807
25.9727 27.8081
25.973 27.7071
25.9733 27.7437
25.9737 27.7757
25.9739 27.6788
25.9742 27.7189
25.9745 27.7541
25.9749 27.6598
25.9752 27.7023
25.9756 27.7395
25.9954 30.2721
25.9964 30.1131
25.9966 29.8489
25.9969 29.6178
25.9971 29.4156
25.9974 29.2386
25.9976 29.0838
25.9978 28.9483
25.9981 28.8298
25.9983 28.7261
25.9987 28.6353
25.999 28.6809
25.9993 28.5958
25.9995 28.5213
25.9998 28.4561
26 28.2741
26.0002 28.2399
26.0005 28.2099
26.0007 28.1836
26.0011 28.2857
26.0014 28.25
26.0017 28.2187
26.0019 28.1914
26.0023 28.1675
26.0026 28.1465
26.003 28.2532
26.0034 28.2216
26.0233 30.6939
26.0244 30.4821
26.0246 30.1719
26.0249 29.9004
26.0251 29.7878
26.0254 29.5644
26.0256 29.3688
26.0258 29.1977
26.0261 29.173
26.0263 29.0264
26.0267 28.8981
26.027 28.9108
26.0273 28.797
26.0275 28.6973
26.0278 28.6102
26.028 28.5339
26.0282 28.5922
26.0285 28.5181
26.0287 28.4534
26.0291 28.5217
26.0294 28.4565
26.0297 28.3994
26.0299 28.3495
26.0303 28.4308
26.0306 28.377
26.031 28.4548
26.0314 28.398
26.0514 30.8482
26.0519 30.4922
26.0529 30.1807
26.0531 30.0331
26.0534 29.904
26.0536 29.666
26.0538 29.4577
26.0541 29.4005
26.0543 29.3504
26.0546 29.1816
26.0548 29.0339
26.0552 29.0297
26.0555 28.901
26.0558 28.7884
26.056 28.6898
26.0562 28.7286
26.0565 28.7625
26.0567 28.6672
26.057 28.5838
26.0572 28.6358
26.0576 28.5563
26.0579 28.4868
26.0582 28.5509
26.0584 28.6071
26.0588 28.5312
26.0591 28.5898
26.0595 28.5161
26.0598 28.4516
26.0798 28.3951
26.0804 28.4707
26.0813 28.5369
26.0816 28.4698
26.0818 28.4111
26.0821 28.4847
26.0823 28.5491
26.0825 28.4804
26.0828 28.4204
26.083 28.4928
26.0833 28.5562
26.0836 28.4867
26.084 28.4259
26.0842 28.4976
26.0845 28.5604
26.0847 28.4904
26.085 28.4291
26.0852 28.5004
26.0854 28.5629
26.0857 28.4925
26.086 28.556
26.0864 28.6115
26.0866 28.535
26.0869 28.4682
26.0872 28.5346
26.0876 28.4678
26.088 28.4093
26.0883 28.4832
26.1084 28.5478
26.109 28.4793
26.1098 28.4194
26.1101 28.492
26.1103 28.5555
26.1105 28.611
26.1108 28.5347
26.111 28.5928
26.1113 28.6437
26.1115 28.6883
26.1117 28.6022
26.1122 28.6519
26.1125 28.6954
26.1127 28.7335
26.113 28.6418
26.1132 28.6866
26.1134 28.7258
26.1137 28.7601
26.1139 28.665
26.1142 28.7069
26.1145 28.7435
26.1149 28.6506
26.1151 28.6943
26.1154 28.7325
26.1157 28.7659
26.1161 28.7952
26.1164 28.8208
26.1168 28.8432
26.1371 31.3628
26.1377 31.0674
26.1385 30.934
26.1388 30.6923
26.139 30.4807
26.1393 30.2956
26.1395 30.1337
26.1397 29.992
26.14 29.743
26.1402 29.6501
26.1405 29.5688
26.1409 29.4977
26.1412 29.4355
26.1414 29.3811
26.1417 29.3334
26.1419 29.2918
26.1421 29.2553
26.1424 29.2234
26.1426 29.1955
26.1429 29.171
26.1432 29.1496
26.1436 29.1309
26.1438 29.1146
26.1441 29.1002
26.1444 29.0877
26.1448 29.0768
26.1452 29.0672
26.1455 29.0588
26.1659 31.5514
26.1665 31.2325
26.1674 31.0784
26.1677 30.8186
26.168 30.5913
26.1682 30.3924
26.1685 30.2183
26.1687 30.066
26.1689 29.9328
26.1692 29.9412
26.1694 29.8235
26.1697 29.7206
26.1701 29.7555
26.1704 29.6611
26.1706 29.5784
26.1709 29.5061
26.1711 29.5679
26.1713 29.4969
26.1716 29.4348
26.1718 29.3804
26.1721 29.4579
26.1724 29.4006
26.1728 29.3506
26.173 29.4317
26.1733 29.3778
26.1736 29.3305
26.174 29.2892
26.1744 29.2531
26.1747 29.2214
26.195 29.3188
26.1956 29.2789
26.1965 29.2441
26.1969 29.2135
26.1972 29.3118
26.1974 29.2729
26.1977 29.2388
26.1979 29.2089
26.1981 29.3078
26.1984 29.2693
26.1986 29.2357
26.1989 29.2062
26.1993 29.1804
26.1996 29.1579
26.1998 29.1381
26.2001 29.2459
26.2003 29.2151
26.2005 29.1882
26.2008 29.1647
26.201 29.2691
26.2013 29.2355
26.2016 29.206
26.202 29.1803
26.2022 29.1578
26.2025 29.138
26.2028 29.1208
26.2032 29.2307
26.2036 29.2018
26.2039 29.1766
26.2243 29.1545
26.2249 29.1352
26.2258 29.1183
26.2261 29.2285
26.2264 29.2
26.2266 29.175
26.2269 29.1531
26.2271 29.259
26.2273 29.2266
26.2276 29.1983
26.2278 29.1735
26.2282 29.2768
26.2285 29.3672
26.2288 29.3213
26.229 29.4061
26.2293 29.4804
26.2295 29.4203
26.2297 29.3678
26.23 29.3218
26.2302 29.4066
26.2305 29.3558
26.2308 29.3113
26.2312 29.3974
26.2314 29.4727
26.2317 29.4136
26.232 29.4869
26.2324 29.551
26.2327 29.4822
26.2331 29.5469
26.2537 32.1035
26.2543 31.8406
26.2551 31.7355
26.2556 31.5186
26.2558 31.2038
26.2561 31.0533
26.2563 30.9216
26.2565 30.8064
26.2568 30.5806
26.257 30.508
26.2573 30.4445
26.2576 30.389
26.258 30.2153
26.2582 30.1884
26.2585 30.1649
26.2587 30.0193
26.2589 29.8919
26.2592 29.9054
26.2594 29.9172
26.2597 29.9276
26.2599 29.8116
26.2603 29.8352
26.2606 29.8558
26.2609 29.7488
26.2611 29.7802
26.2615 29.8077
26.2618 29.7067
26.2622 29.7434
26.2625 29.7754
26.2832 32.3035
26.2838 32.0156
26.2847 31.7636
26.2851 31.5432
26.2855 31.3503
26.2857 31.1815
26.286 30.9088
26.2862 30.7952
26.2865 30.6958
26.2867 30.6088
26.2869 30.4077
26.2872 30.3568
26.2875 30.3122
26.2879 30.2731
26.2881 30.239
26.2884 30.2091
26.2886 30.183
26.2889 30.1601
26.2891 30.1401
26.2893 30.1226
26.2896 30.1073
26.2898 30.0939
26.2902 30.0821
26.2905 30.0719
26.2908 30.0629
26.291 30.055
26.2914 30.0481
26.2917 30.0421
26.2921 30.0369
26.2925 30.0322
26.313 30.0282
26.3136 30.0247
26.3145 30.0216
26.3149 29.8939
26.3153 29.9072
26.3155 29.9188
26.3158 29.9289
26.316 29.9378
26.3163 29.9456
26.3165 29.9524
26.3167 29.9583
26.317 29.8385
26.3173 29.8587
26.3177 29.8764
26.3179 29.7668
26.3182 29.796
26.3184 29.8215
26.3187 29.8438
26.3189 29.7383
26.3191 29.771
26.3194 29.7997
26.3196 29.8247
26.32 29.7216
26.3203 29.7564
26.3206 29.7869
26.3208 29.6885
26.3212 29.7274
26.3217 29.7615
26.322 29.7913
26.3224 29.8174
26.3431 29.8402
26.3437 29.8602
26.3445 29.8777
26.345 29.893
26.3453 29.9063
26.3456 29.918
26.3458 29.9283
26.3461 29.9373
26.3463 29.9451
26.3465 29.952
26.3468 29.958
26.347 30.0882
26.3474 30.0772
26.3477 30.0675
26.348 30.0591
26.3482 30.1767
26.3485 30.1546
26.3487 30.1353
26.3489 30.1184
26.3492 30.2286
26.3494 30.2
26.3497 30.175
26.3499 30.1531
26.3504 30.259
26.3506 30.2266
26.3509 30.1983
26.3511 30.2985
26.3516 30.2612
26.3519 30.2285
26.3523 30.2
26.3731 32.8
26.3737 32.45
26.3745 32.2687
26.375 32.1101
26.3754 31.9714
26.3756 31.7249
26.3759 31.5093
26.3761 31.4457
26.3763 31.265
26.3766 31.1068
26.3768 30.9685
26.3771 30.9724
26.3774 30.8509
26.3778 30.7445
26.378 30.7764
26.3783 30.8044
26.3785 30.7038
26.3787 30.6159
26.379 30.5389
26.3792 30.5965
26.3795 30.522
26.3797 30.4567
26.3799 30.3996
26.3804 30.4747
26.3807 30.4153
26.3809 30.3634
26.3811 30.443
26.3816 30.3876
26.382 30.3392
26.3823 30.4218
26.4033 32.994
26.4039 32.6198
26.4047 32.4173
26.4052 32.2401
26.4055 31.9601
26.4058 31.7151
26.406 31.6257
26.4063 31.5475
26.4065 31.3541
26.4067 31.1848
26.407 31.0367
26.4072 31.0321
26.4076 30.9031
26.4079 30.7902
26.4082 30.8164
26.4084 30.7144
26.4087 30.6251
26.4089 30.5469
26.4091 30.6036
26.4094 30.6531
26.4096 30.5715
26.4099 30.5001
26.4101 30.5625
26.4106 30.6172
26.4108 30.5401
26.4111 30.5976
26.4113 30.6479
26.4117 30.5669
26.412 30.621
26.4125 30.6684
26.4129 30.5848
26.4339 30.5117
26.4345 30.5728
26.4353 30.6262
26.4358 30.5479
26.4362 30.6044
26.4364 30.6539
26.4367 30.5721
26.4369 30.5006
26.4371 30.563
26.4374 30.6177
26.4376 30.6654
26.4379 30.5823
26.4382 30.6345
26.4386 30.6802
26.4388 30.5952
26.4391 30.6458
26.4393 30.69
26.4395 30.7288
26.4398 30.6377
26.44 30.683
26.4403 30.7226
26.4405 30.7573
26.4407 30.6626
26.4412 30.7048
26.4415 30.7417
26.4417 30.649
26.4419 30.5679
26.4423 30.6219
26.4427 30.5441
26.4431 30.6011
26.4435 30.651
26.4645 30.6946
26.4651 30.7328
26.466 30.6412
26.4665 30.686
26.4668 30.6003
26.4671 30.6502
26.4673 30.694
26.4675 30.7322
26.4678 30.6407
26.468 30.6856
26.4683 30.7249
26.4685 30.7593
26.4689 30.6644
26.4692 30.7063
26.4695 30.743
26.4697 30.6502
26.4699 30.5689
26.4702 30.6228
26.4704 30.6699
26.4707 30.5862
26.4709 30.5129
26.4711 30.5738
26.4714 30.6271
26.4717 30.6737
26.4721 30.7145
26.4723 30.7502
26.4726 30.7814
26.4728 30.8087
26.4733 30.8326
26.4737 30.8536
26.474 30.8719
26.4952 33.5129
26.4958 33.1988
26.4966 32.9239
26.4971 32.8084
26.4975 32.5824
26.4977 32.3846
26.4979 32.0865
26.4982 31.9507
26.4984 31.8319
26.4987 31.7279
26.4989 31.5119
26.4991 31.4479
26.4995 31.3919
26.4999 31.3429
26.5001 31.3001
26.5003 31.2626
26.5006 31.2297
26.5008 31.201
26.5011 31.1759
26.5013 31.1539
26.5015 31.1347
26.5018 31.1178
26.502 31.1031
26.5024 31.0902
26.5027 31.0789
26.503 30.9441
26.5032 30.9511
26.5035 30.9572
26.504 30.9625
26.5043 30.9672
26.5047 30.9713
26.5259 33.4749
26.5267 33.1655
26.5275 33.0198
26.528 32.7674
26.5283 32.5464
26.5286 32.3531
26.5288 32.184
26.5291 32.161
26.5293 32.0159
26.5295 31.8889
26.5298 31.7778
26.53 31.8056
26.5304 31.7049
26.5307 31.6167
26.531 31.5397
26.5312 31.4722
26.5315 31.4132
26.5317 31.3615
26.5319 31.3163
26.5322 31.2768
26.5324 31.2422
26.5327 31.2119
26.5329 31.1854
26.5333 31.1622
26.5336 31.142
26.5339 31.1242
26.5341 31.2337
26.5344 31.2045
26.5347 31.1789
26.5351 31.2816
26.5356 31.2464
26.5359 31.2156
26.5573 31.3136
26.558 31.3994
26.5589 31.3495
26.5593 31.4308
26.5597 31.377
26.5599 31.3298
26.5602 31.4136
26.5604 31.3619
26.5607 31.3167
26.5609 31.2771
26.5611 31.3674
26.5614 31.3215
26.5617 31.2813
26.5621 31.3712
26.5623 31.4498
26.5626 31.3935
26.5628 31.3443
26.5631 31.4263
26.5633 31.498
26.5636 31.4358
26.5638 31.3813
26.564 31.4586
26.5643 31.5263
26.5646 31.4605
26.565 31.4029
26.5652 31.4776
26.5655 31.4179
26.5657 31.3656
26.5661 31.4449
26.5664 31.3893
26.5669 31.3407
26.5673 31.4231
26.5887 31.3702
26.5894 31.3239
26.5902 31.4084
26.5907 31.3574
26.5911 31.4377
26.5913 31.508
26.5915 31.4445
26.5918 31.3889
26.592 31.4653
26.5923 31.5321
26.5925 31.4656
26.5927 31.4074
26.5931 31.4815
26.5935 31.4213
26.5937 31.3686
26.594 31.3226
26.5942 31.4072
26.5944 31.3563
26.5947 31.3118
26.5949 31.2728
26.5952 31.3637
26.5954 31.3183
26.5956 31.2785
26.596 31.2437
26.5964 31.3382
26.5966 31.2959
26.5968 31.2589
26.5971 31.3516
26.5973 31.4326
26.5978 31.3785
26.5982 31.4562
26.5985 31.5242
26.62 34.2087
26.6207 33.9326
26.6216 33.691
26.6221 33.4796
26.6224 33.2947
26.6227 33.0078
26.6229 32.7569
26.6231 32.6623
26.6234 32.5795
26.6236 32.382
26.6239 32.2093
26.6241 32.1831
26.6245 32.1602
26.6248 32.0152
26.6251 32.0133
26.6253 32.0116
26.6256 32.0102
26.6258 31.8839
26.626 31.8984
26.6263 31.9111
26.6265 31.9222
26.6268 31.807
26.627 31.7061
26.6274 31.7428
26.6277 31.775
26.628 31.6781
26.6282 31.7183
26.6284 31.7535
26.6287 31.6593
26.6292 31.7019
26.6295 31.7392
26.6299 31.6468
26.6515 34.3159
26.6523 34.0264
26.6532 33.8981
26.6537 33.6609
26.654 33.4533
26.6543 33.2716
26.6545 33.1127
26.6548 32.9736
26.655 32.7269
26.6552 32.636
26.6555 32.5565
26.6557 32.4869
26.6561 32.4261
26.6564 32.3728
26.6567 32.3262
26.6569 32.1604
26.6572 32.1404
26.6574 32.1228
26.6576 32.1075
26.6579 31.969
26.6581 31.9729
26.6584 31.9763
26.6586 31.9793
26.659 31.9819
26.6593 31.9841
26.6596 31.9861
26.6598 31.9878
26.66 31.9894
26.6603 31.9907
26.6608 31.9919
26.661 31.8679
26.6615 31.8844
26.6618 31.8988
26.6836 31.9115
26.6844 31.9225
26.6853 31.9322
26.6858 31.9407
26.6861 31.9481
26.6864 31.9546
26.6866 31.9603
26.6868 31.9652
26.6871 32.0946
26.6873 32.0828
26.6876 32.0724
26.6878 32.0634
26.6882 32.0554
26.6885 32.0485
26.6888 32.0424
26.689 32.0371
26.6892 32.0325
26.6895 32.0284
26.6897 32.0249
26.69 32.0218
26.6902 32.019
26.6904 32.0167
26.6907 32.0146
26.691 32.1378
26.6914 32.1205
26.6916 32.1055
26.6919 32.0923
26.6921 32.0808
26.6924 32.0707
26.6928 32.0618
26.6931 32.1791
26.6936 32.1567
26.6939 32.1371
26.7139 31.87
26.7147 31.6362
26.7156 31.4317
26.716 31.3777
26.7164 31.2055
26.7166 31.0548
26.7169 30.923
26.7171 30.9326
26.7174 30.816
26.7176 30.714
26.7178 30.6248
26.7181 30.6717
26.7184 30.5877
26.7188 30.5142
26.719 30.575
26.7193 30.6281
26.7195 30.5496
26.7198 30.4809
26.72 30.4208
26.7202 30.4932
26.7205 30.4315
26.7207 30.3776
26.721 30.3304
26.7213 30.2891
26.7217 30.253
26.7219 30.2213
26.7222 30.3187
26.7224 30.2788
26.7226 30.244
26.7231 30.3385
26.7234 30.2962
26.7238 30.2591
26.7241 30.3518
26.7458 33.0578
26.7461 32.5506
26.7463 32.1067
26.7466 31.7184
26.7468 31.2536
26.7472 30.9719
26.7475 30.7254
26.7478 30.3847
26.748 30.0866
26.7482 29.9508
26.7485 29.832
26.7487 29.728
26.749 29.512
26.7492 29.448
26.7494 29.392
26.7497 29.343
26.75 29.3001
26.7504 29.2626
26.7506 29.2298
26.7509 29.076
26.7511 29.0665
26.7514 29.0582
26.7518 28.9259
26.7521 28.9352
26.7526 28.9433
26.7528 28.8254
26.7747 28.8472
26.775 28.8663
26.7753 28.883
26.7755 28.8976
26.7758 28.9104
26.7761 28.9216
26.7765 28.9314
26.7767 28.94
26.777 28.9475
26.7772 28.9541
26.7774 28.9598
26.7777 28.9648
26.7779 28.9692
26.7782 28.9731
26.7784 28.9764
26.7786 28.9794
26.779 28.857
26.7794 28.8748
26.7796 28.8905
26.7798 28.9042
26.7801 28.9162
26.7803 28.9266
26.7808 28.9358
26.781 28.9438
26.7815 28.9508
26.7818 28.957
26.8037 28.9624
26.804 28.8421
26.8042 28.8618
26.8045 28.8791
26.8047 28.8942
26.8052 28.9074
26.8054 28.919
26.8057 28.9291
26.8059 28.938
26.8062 28.9457
26.8064 28.9525
26.8066 28.9584
26.8069 28.9636
26.8071 29.0932
26.8074 29.0815
26.8076 29.0713
26.8081 29.1874
26.8083 29.289
26.8086 29.2529
26.8088 29.2213
26.809 29.3186
26.8093 29.2788
26.8098 29.2439
26.81 29.2134
26.8105 29.1868
26.8107 29.1634
26.8326 31.893
26.8328 31.5314
26.8331 31.3399
26.8333 31.0474
26.8335 30.7915
26.834 30.6926
26.8343 30.481
26.8345 30.2959
26.8348 30.1339
26.835 29.9922
26.8352 29.8681
26.8355 29.7596
26.8357 29.6647
26.836 29.5816
26.8362 29.5089
26.8364 29.4453
26.8369 29.3896
26.8372 29.3409
26.8374 29.2983
26.8376 29.261
26.8379 29.2284
26.8381 29.1998
26.8387 29.1749
26.839 29.153
26.8394 29.2589
26.8397 29.2265
26.8615 31.9482
26.8618 31.5797
26.862 31.3822
26.8623 31.0844
26.8625 30.8239
26.863 30.5959
26.8632 30.3964
26.8635 30.2219
26.8637 30.0691
26.864 29.9355
26.8642 29.9435
26.8644 29.8256
26.8647 29.7224
26.8649 29.6321
26.8652 29.6781
26.8654 29.5933
26.8659 29.5192
26.8661 29.5793
26.8664 29.5069
26.8666 29.4435
26.8668 29.3881
26.8671 29.4646
26.8674 29.4065
26.868 29.4807
26.8683 29.5456
26.8688 29.4774
26.869 29.4177
26.891 29.3655
26.8912 29.4448
26.8915 29.3892
26.8917 29.3406
26.8919 29.298
26.8924 29.3857
26.8927 29.3375
26.8929 29.2953
26.8931 29.3834
26.8934 29.4605
26.8936 29.4029
26.8939 29.3526
26.8941 29.4335
26.8944 29.5043
26.8946 29.4413
26.8948 29.3861
26.8953 29.4628
26.8956 29.405
26.8958 29.3544
26.896 29.4351
26.8963 29.5057
26.8965 29.4425
26.8969 29.3872
26.8975 29.3388
26.8977 29.2964
26.8982 29.3844
26.8986 29.4613
26.9207 29.5287
26.9209 29.4626
26.9211 29.5298
26.9214 29.5885
26.9216 29.64
26.9221 29.685
26.9223 29.7243
26.9226 29.7588
26.9228 29.664
26.9231 29.706
26.9233 29.7427
26.9235 29.7749
26.9238 29.678
26.924 29.7183
26.9243 29.7535
26.9245 29.7843
26.9249 29.8113
26.9252 29.8348
26.9255 29.8555
26.9257 29.8736
26.926 29.7644
26.9262 29.7938
26.9264 29.8196
26.927 29.9671
26.9274 29.9712
26.9278 29.9748
26.9281 29.978
26.9488 32.4807
26.949 32.0456
26.9493 31.6649
26.9495 31.2068
26.9497 30.806
26.9502 30.5802
26.9505 30.2577
26.9507 29.9755
26.9509 29.7285
26.9512 29.6375
26.9514 29.4328
26.9517 29.2537
26.9519 29.097
26.9521 29.0849
26.9524 28.9492
26.9526 28.8306
26.953 28.7268
26.9533 28.7609
26.9536 28.6658
26.9538 28.5826
26.9541 28.6348
26.9543 28.6804
26.9546 28.5954
26.9552 28.6459
26.9555 28.5652
26.9559 28.4945
26.9562 28.5577
26.977 31.113
26.9773 30.8489
26.9775 30.4928
26.9777 30.1812
26.978 29.9085
26.9785 29.795
26.9787 29.5706
26.9789 29.3743
26.9792 29.3275
26.9794 29.2865
26.9797 29.1257
26.9799 28.985
26.9801 28.9869
26.9804 28.9885
26.9806 28.865
26.9809 28.7568
26.9812 28.7872
26.9816 28.8138
26.9818 28.7121
26.9821 28.7481
26.9823 28.7796
26.9825 28.6821
26.9828 28.5969
26.9833 28.6473
26.9837 28.5663
26.984 28.4956
26.9845 28.5586
26.9848 28.4888
27.0057 28.4277
27.006 28.3742
27.0062 28.4524
27.0065 28.5209
27.0067 28.5808
27.0072 28.6332
27.0074 28.679
27.0077 28.7192
27.0079 28.6293
27.0081 28.6756
27.0084 28.7161
27.0086 28.7516
27.0089 28.6577
27.0091 28.7005
27.0093 28.7379
27.0096 28.7707
27.0099 28.6743
27.0103 28.715
27.0105 28.7507
27.0108 28.6568
27.011 28.6997
27.0113 28.7373
27.0115 28.7701
27.012 28.6738
27.0125 28.7146
27.0127 28.7503
27.0132 28.7815
27.0135 28.8088
27.0345 28.8327
27.0347 28.8536
27.0349 28.7469
27.0352 28.7785
27.0354 28.8062
27.0359 28.7055
27.0361 28.7423
27.0364 28.7745
27.0366 28.8027
27.0369 28.7023
27.0371 28.7395
27.0373 28.7721
27.0376 28.8006
27.0378 28.7005
27.0381 28.738
27.0383 28.7707
27.0387 28.7994
27.039 28.8244
27.0393 28.8464
27.0395 28.8656
27.0397 28.7574
27.04 28.6627
27.0402 28.7049
27.0406 28.7418
27.0411 28.899
27.0414 28.9117
27.0418 28.9227
27.0421 28.9324
27.0632 31.5658
27.0634 31.2451
27.0637 30.9645
27.0639 30.7189
27.0641 30.504
27.0646 30.316
27.0649 30.1515
27.0651 30.0076
27.0653 29.8816
27.0656 29.7714
27.0658 29.675
27.0661 29.5906
27.0663 29.5168
27.0665 29.4522
27.0668 29.3957
27.067 29.3462
27.0674 29.3029
27.0677 29.2651
27.068 29.1069
27.0682 29.0936
27.0685 29.0819
27.0687 29.0716
27.0689 29.0627
27.0693 29.0548
27.0698 29.048
27.0701 29.042
27.0705 29.0367
27.0709 29.0321
27.092 31.6531
27.0924 31.3215
27.0926 31.0313
27.0929 30.7774
27.0931 30.6802
27.0936 30.4702
27.0938 30.2864
27.0941 30.2506
27.0943 30.0943
27.0945 29.9575
27.0948 29.8378
27.095 29.8581
27.0953 29.7508
27.0955 29.657
27.0957 29.5748
27.096 29.503
27.0963 29.4401
27.0967 29.3851
27.0969 29.337
27.0972 29.4198
27.0974 29.3674
27.0977 29.3214
27.0979 29.2813
27.0983 29.3711
27.0986 29.3247
27.0991 29.4091
27.0993 29.358
27.0998 29.3132
27.1002 29.3991
27.1215 29.3492
27.1218 29.3055
27.1221 29.3924
27.1223 29.4683
27.1225 29.4098
27.123 29.4835
27.1233 29.5481
27.1235 29.4796
27.1237 29.4196
27.124 29.3672
27.1242 29.4463
27.1245 29.3905
27.1247 29.3417
27.1249 29.299
27.1252 29.3866
27.1254 29.4633
27.1258 29.4054
27.1261 29.4797
27.1264 29.5447
27.1266 29.4766
27.1269 29.4171
27.1271 29.4899
27.1273 29.5537
27.1277 29.4845
27.1281 29.5489
27.1285 29.4803
27.1288 29.4203
27.1293 29.4927
27.1296 29.4311
27.1509 29.3772
27.1513 29.4551
27.1515 29.3982
27.1517 29.3484
27.152 29.3049
27.1525 29.2668
27.1527 29.2334
27.1529 29.2042
27.1532 29.3037
27.1534 29.3907
27.1537 29.3419
27.1539 29.2992
27.1541 29.3868
27.1544 29.4634
27.1546 29.4055
27.1549 29.3548
27.1552 29.4355
27.1556 29.381
27.1558 29.3334
27.1561 29.4167
27.1563 29.4896
27.1565 29.4284
27.1568 29.3749
27.1571 29.453
27.1575 29.3964
27.158 29.3468
27.1582 29.4285
27.1586 29.4999
27.1589 29.4374
27.1803 32.1328
27.1807 31.8662
27.1809 31.5079
27.1812 31.3194
27.1814 31.1545
27.1819 31.0102
27.1821 30.8839
27.1824 30.7734
27.1826 30.6767
27.1829 30.4671
27.1831 30.4087
27.1833 30.3577
27.1836 30.3129
27.1838 30.1488
27.1841 30.1302
27.1843 30.1139
27.1847 30.0997
27.185 30.0872
27.1853 30.0763
27.1855 30.0668
27.1857 29.9334
27.186 29.8168
27.1862 29.8397
27.1866 29.8597
27.1869 29.7522
27.1874 29.7832
27.1877 29.8103
27.188 29.834
27.1884 29.8548
27.2099 32.4979
27.2104 32.1857
27.2106 31.9125
27.2109 31.6734
27.2111 31.4642
27.2116 31.2812
27.2118 31.1211
27.2121 30.9809
27.2123 30.8583
27.2125 30.751
27.2128 30.6571
27.213 30.575
27.2133 30.5031
27.2135 30.4402
27.2137 30.3852
27.214 30.2121
27.2143 30.1855
27.2147 30.1623
27.2149 30.0171
27.2152 30.0149
27.2154 30.0131
27.2157 30.0114
27.2159 30.01
27.2163 30.0087
27.2166 30.0077
27.2171 30.1317
27.2173 30.1152
27.2177 30.1008
27.2181 30.0882
27.2184 30.0772
27.2401 30.1925
27.2405 30.1685
27.2408 30.1474
27.241 30.254
27.2413 30.2222
27.2417 30.1945
27.242 30.1702
27.2422 30.1489
27.2425 30.1303
27.2427 30.114
27.2429 30.0997
27.2432 30.0873
27.2434 30.0764
27.2437 30.0668
27.2439 30.0585
27.2441 30.1762
27.2445 30.1541
27.2449 30.1349
27.2451 30.243
27.2453 30.2126
27.2456 30.1861
27.2458 30.1628
27.2461 30.2674
27.2464 30.234
27.2468 30.2048
27.2473 30.1792
27.2475 30.1568
27.2479 30.1372
27.2482 30.12
27.2486 30.105
27.2702 30.0919
27.2707 30.0804
27.2709 30.0704
27.2712 30.0616
27.2714 30.0539
27.2719 30.0471
27.2721 30.1662
27.2724 30.1455
27.2726 30.1273
27.2729 30.1114
27.2731 30.2224
27.2733 30.1946
27.2736 30.1703
27.2738 30.149
27.2741 30.2554
27.2743 30.2235
27.2747 30.1955
27.275 30.2961
27.2753 30.2591
27.2755 30.2267
27.2757 30.1984
27.276 30.1736
27.2762 30.1519
27.2766 30.1329
27.2769 30.1163
27.2774 30.1017
27.2777 30.089
27.278 30.2029
27.2784 30.1775
27.2787 30.1553
27.3005 30.1359
27.3009 30.1189
27.3011 30.2291
27.3013 30.3254
27.3016 30.2848
27.3021 30.3742
27.3023 30.4524
27.3025 30.3958
27.3028 30.3464
27.303 30.4281
27.3033 30.4996
27.3035 30.4371
27.3037 30.3825
27.304 30.3347
27.3042 30.4178
27.3045 30.3656
27.3048 30.3199
27.3052 30.4049
27.3054 30.3543
27.3057 30.31
27.3059 30.2713
27.3061 30.3623
27.3064 30.4421
27.3067 30.3868
27.3071 30.4634
27.3076 30.5305
27.3078 30.4642
27.3082 30.5312
27.3085 30.4648
27.3089 30.4067
27.3309 33.1058
27.3313 32.8426
27.3315 32.6123
27.3317 32.2858
27.332 32
27.3325 31.875
27.3327 31.6406
27.3329 31.4356
27.3332 31.3811
27.3334 31.3335
27.3337 31.1668
27.3339 31.0209
27.3341 31.0183
27.3344 31.016
27.3346 31.014
27.3349 30.8873
27.3352 30.9014
27.3356 30.9137
27.3358 30.7995
27.3361 30.8245
27.3363 30.8465
27.3365 30.8657
27.3368 30.7575
27.3371 30.7878
27.3375 30.8143
27.338 30.7125
27.3382 30.7485
27.3386 30.7799
27.3389 30.6824
27.3393 30.7221
27.3613 33.5068
27.3618 33.1935
27.362 32.9193
27.3623 32.6794
27.3625 32.4695
27.3627 32.2858
27.3632 32.1251
27.3635 31.9844
27.3637 31.8614
27.3639 31.6287
27.3642 31.5501
27.3644 31.4813
27.3647 31.4212
27.3649 31.2435
27.3651 31.2131
27.3654 31.1865
27.3656 31.1631
27.366 31.0178
27.3663 31.0155
27.3666 31.0136
27.3668 30.8869
27.3671 30.901
27.3673 30.9134
27.3675 30.9242
27.3679 30.8087
27.3683 30.8326
27.3687 30.8535
27.369 30.7468
27.3693 30.7785
27.3697 30.8062
27.3701 30.8304
27.3922 30.8516
27.3928 30.8701
27.393 30.8864
27.3933 30.9006
27.3935 30.913
27.3937 30.9239
27.3942 30.9334
27.3945 30.9417
27.3947 30.949
27.3949 30.9554
27.3952 30.961
27.3954 30.9658
27.3957 30.9701
27.3959 30.9738
27.3961 30.9771
27.3964 30.98
27.3966 30.9825
27.397 30.9847
27.3973 30.9866
27.3976 30.9883
27.3978 30.9897
27.3981 30.991
27.3983 30.9921
27.3985 30.9931
27.3989 30.994
27.3993 30.9947
27.3997 30.9954
27.4 30.996
27.4003 30.9965
27.4007 30.9969
27.4011 30.9973
27.4231 30.9976
27.4235 30.9979
27.4238 30.8732
27.424 30.889
27.4243 30.9029
27.4246 30.915
27.425 30.9257
27.4252 30.935
27.4255 30.9431
27.4257 30.9502
27.4259 30.9564
27.4262 30.9619
27.4264 30.9666
27.4267 30.9708
27.4269 30.9745
27.4271 30.9776
27.4274 30.9804
27.4277 30.9829
27.4281 31.11
27.4283 31.0963
27.4286 31.0842
27.4288 31.0737
27.4291 31.0645
27.4293 31.0564
27.4297 31.0494
27.43 31.1682
27.4305 31.1472
27.4307 31.1288
27.4311 31.2377
27.4315 31.208
27.4318 31.182
27.4541 33.9092
27.4545 33.5456
27.4548 33.2274
27.455 33.074
27.4553 32.8147
27.4556 32.5879
27.456 32.3894
27.4562 32.3407
27.4565 32.1731
27.4567 32.0265
27.4569 31.8982
27.4572 31.9109
27.4574 31.797
27.4577 31.6974
27.4579 31.6102
27.4581 31.659
27.4584 31.5766
27.4587 31.5045
27.4591 31.5664
27.4593 31.4956
27.4596 31.4337
27.4598 31.3795
27.4601 31.457
27.4603 31.3999
27.4607 31.3499
27.461 31.4312
27.4615 31.3773
27.4617 31.3301
27.4621 31.4139
27.4625 31.3621
27.4628 31.3169
27.4852 34.1522
27.4857 33.7582
27.486 33.5384
27.4863 33.3461
27.4865 33.0529
27.4867 32.7963
27.4872 32.6967
27.4875 32.6096
27.4877 32.4084
27.4879 32.2324
27.4882 32.2033
27.4884 32.1779
27.4887 32.0307
27.4889 31.9018
27.4891 31.9141
27.4894 31.9248
27.4896 31.8092
27.4899 31.7081
27.4902 31.7446
27.4906 31.6515
27.4908 31.5701
27.4911 31.6238
27.4913 31.6708
27.4915 31.587
27.4918 31.5136
27.4921 31.5744
27.4925 31.5026
27.493 31.4398
27.4932 31.5098
27.4936 31.4461
27.4939 31.3903
27.4943 31.4665
27.5168 31.4082
27.5173 31.4822
27.5177 31.4219
27.518 31.3692
27.5182 31.448
27.5185 31.517
27.5189 31.4524
27.5192 31.5208
27.5194 31.5807
27.5197 31.6331
27.5199 31.554
27.5201 31.6097
27.5204 31.6585
27.5206 31.7012
27.5209 31.6136
27.5211 31.6619
27.5213 31.7041
27.5216 31.7411
27.5219 31.6485
27.5223 31.6924
27.5225 31.7309
27.5228 31.6395
27.523 31.6846
27.5233 31.724
27.5235 31.7585
27.5239 31.6637
27.5242 31.7057
27.5247 31.7425
27.525 31.6497
27.5253 31.6935
27.5257 31.7318
27.526 31.7653
27.5484 31.7947
27.5489 31.6953
27.5492 31.7334
27.5495 31.7667
27.5497 31.6709
27.5501 31.712
27.5504 31.748
27.5507 31.6545
27.5509 31.5727
27.5511 31.6261
27.5514 31.6729
27.5516 31.5887
27.5519 31.5152
27.5521 31.5758
27.5523 31.6288
27.5526 31.6752
27.5528 31.5908
27.5531 31.6419
27.5535 31.6867
27.5538 31.7259
27.554 31.7601
27.5543 31.7901
27.5545 31.8163
27.5547 31.7143
27.555 31.625
27.5554 31.6719
27.5557 31.7129
27.5562 31.7488
27.5564 31.7802
27.5568 31.8077
27.5572 31.8317
27.5575 31.8527
27.58 34.4961
27.5805 34.1841
27.5808 33.9111
27.5811 33.6722
27.5813 33.4632
27.5817 33.2803
27.582 33.1203
27.5823 32.9802
27.5825 32.8577
27.5827 32.7505
27.583 32.5317
27.5832 32.4652
27.5835 32.4071
27.5837 32.3562
27.5839 32.1867
27.5842 32.1633
27.5844 32.1429
27.5847 32.125
27.5852 32.1094
27.5854 32.0957
27.5856 32.0838
27.5859 31.9483
27.5861 31.9548
27.5864 31.9604
27.5866 31.9654
27.587 31.9697
27.5873 31.9735
27.5879 31.9768
27.5882 31.9797
27.5885 31.9822
27.5889 31.9845
27.5892 31.9864
27.6118 34.7381
27.6123 34.5208
27.6127 34.2057
27.6129 33.93
27.6131 33.6888
27.6135 33.4777
27.6139 33.293
27.6141 33.1313
27.6143 32.9899
27.6146 32.8662
27.6148 32.7579
27.6151 32.7882
27.6153 32.6896
27.6156 32.6034
27.6158 32.528
27.616 32.587
27.6163 32.5136
27.6165 32.4494
27.617 32.3932
27.6172 32.3441
27.6175 32.3011
27.6177 32.2634
27.618 32.2305
27.6182 32.2017
27.6184 32.1765
27.6187 32.1544
27.6192 32.2601
27.6195 32.2276
27.6201 32.3242
27.6204 32.2836
27.6207 32.2482
27.6211 32.3422
27.6214 32.2994
27.6441 32.387
27.6446 32.3386
27.645 32.2963
27.6452 32.3842
27.6455 32.3362
27.6458 32.2942
27.6462 32.3824
27.6464 32.3346
27.6467 32.2928
27.6469 32.2562
27.6472 32.3492
27.6474 32.3055
27.6476 32.2673
27.6479 32.2339
27.6481 32.3297
27.6484 32.2885
27.6486 32.2524
27.6488 32.2209
27.6493 32.3182
27.6496 32.2785
27.6498 32.2437
27.65 32.3382
27.6503 32.4209
27.6505 32.3683
27.6508 32.3223
27.651 32.282
27.6515 32.2467
27.6518 32.2159
27.6524 32.1889
27.6527 32.1653
27.653 32.2696
27.6534 32.2359
27.6538 32.2064
27.6765 32.1806
27.677 32.1581
27.6773 32.2633
27.6776 32.2304
27.6778 32.2016
27.6782 32.3014
27.6785 32.2637
27.6788 32.2307
27.679 32.2019
27.6792 32.3017
27.6795 32.264
27.6797 32.231
27.68 32.2021
27.6802 32.3018
27.6804 32.2641
27.6807 32.2311
27.6809 32.2022
27.6812 32.3019
27.6816 32.2642
27.6819 32.2312
27.6821 32.3273
27.6824 32.4114
27.6826 32.3599
27.6828 32.3149
27.6831 32.4006
27.6833 32.4755
27.6837 32.5411
27.684 32.5984
27.6846 32.6486
27.685 32.6925
27.6852 32.731
27.6857 32.6396
27.686 32.5597
27.7088 35.3647
27.7093 35.0691
27.7096 34.8105
27.7099 34.4592
27.7101 34.2768
27.7105 34.1172
27.7108 33.8525
27.7111 33.746
27.7113 33.6527
27.7116 33.5711
27.7118 33.3747
27.712 33.3279
27.7123 33.2869
27.7125 33.251
27.7128 33.0947
27.713 33.0828
27.7132 33.0725
27.7135 33.0634
27.7137 32.9305
27.714 32.8142
27.7142 32.8374
27.7144 32.7327
27.7147 32.6411
27.7149 32.561
27.7152 32.6159
27.7154 32.5389
27.7156 32.4715
27.7159 32.4126
27.7161 32.361
27.7164 32.3159
27.7166 32.1514
27.7168 32.0075
27.7171 32.0065
27.7399 34.7557
27.7402 34.0363
27.7404 33.4067
27.7406 32.8559
27.7409 32.2489
27.7411 31.8428
27.7414 31.4874
27.7416 31.1765
27.7418 30.7794
27.7421 30.557
27.7423 30.3624
27.7426 30.1921
27.7428 30.0431
27.743 29.9127
27.7433 29.7986
27.7435 29.6988
27.7438 29.6114
27.744 29.535
27.7442 29.4681
27.7445 29.4096
27.7447 29.3584
27.745 29.1886
27.7452 29.165
27.7454 29.1444
27.7457 29.1263
27.7686 31.8606
27.7689 31.503
27.7691 31.1901
27.7694 30.9163
27.7696 30.6768
27.7698 30.4672
27.7701 30.2838
27.7703 30.1233
27.7706 29.9829
27.7708 29.86
27.771 29.7525
27.7713 29.6585
27.7715 29.5762
27.7718 29.5041
27.772 29.3161
27.7722 29.2766
27.7725 29.242
27.7727 29.2118
27.773 29.0603
27.7732 29.0528
27.7734 29.0462
27.7737 29.0404
27.7739 29.0353
27.7742 29.0309
27.7744 29.0271
27.7748 29.0237
27.7976 29.0207
27.7978 29.0181
27.7981 29.0159
27.7983 29.0139
27.7986 29.0121
27.7988 29.0106
27.799 29.0093
27.7993 29.0081
27.7995 29.0071
27.7998 29.0062
27.8 28.8804
27.8002 28.8954
27.8005 28.9085
27.8007 28.9199
27.801 28.9299
27.8012 28.9387
27.8014 28.9463
27.8017 28.9531
27.8019 28.9589
27.8022 28.9641
27.8024 28.9685
27.8026 28.9725
27.8029 28.9759
27.8031 28.9789
27.8034 28.9816
27.8038 28.9839
27.8268 28.9859
27.827 29.1126
27.8273 29.0986
27.8275 29.0862
27.8278 29.0755
27.828 29.066
27.8282 29.0578
27.8285 29.0506
27.8287 29.0442
27.829 29.0387
27.8292 29.1589
27.8294 29.139
27.8297 29.1216
27.8299 29.1064
27.8302 29.2181
27.8304 29.1909
27.8306 29.167
27.8309 29.1461
27.8311 29.2529
27.8314 29.2213
27.8316 29.1936
27.8318 29.1694
27.8321 29.2732
27.8323 29.3641
27.8326 29.3186
27.8329 29.2787
27.8561 32.2439
27.8565 31.9634
27.8567 31.593
27.857 31.2689
27.8572 31.1103
27.8574 30.9715
27.8577 30.85
27.8579 30.6188
27.8582 30.5414
27.8584 30.4738
27.8586 30.4145
27.8589 30.2377
27.8591 30.208
27.8594 30.182
27.8596 30.1593
27.8598 30.0143
27.8601 30.0125
27.8603 30.011
27.8606 30.0096
27.8608 29.8834
27.861 29.898
27.8613 29.9107
27.8615 29.9219
27.8618 29.8067
27.862 29.7058
27.8622 29.7426
27.8856 32.6498
27.8859 32.1935
27.8862 31.9194
27.8864 31.6794
27.8866 31.4695
27.8869 31.1608
27.8871 31.0157
27.8874 30.8887
27.8876 30.7777
27.8878 30.5554
27.8881 30.486
27.8883 30.4253
27.8886 30.3721
27.8888 30.2006
27.889 30.1755
27.8893 30.1536
27.8895 30.1344
27.8898 29.9926
27.89 29.8685
27.8902 29.8849
27.8905 29.8993
27.8907 29.7869
27.891 29.6885
27.8912 29.7275
27.8914 29.7615
27.8917 29.7913
27.8922 29.8174
27.9152 29.8403
27.9156 29.8602
27.9158 29.7527
27.9161 29.7836
27.9163 29.8107
27.9166 29.8343
27.9168 29.73
27.917 29.7638
27.9173 29.7933
27.9175 29.8191
27.9178 29.7167
27.918 29.6272
27.9182 29.6738
27.9185 29.7145
27.9187 29.6252
27.919 29.5471
27.9192 29.6037
27.9194 29.6532
27.9197 29.6966
27.9199 29.6095
27.9202 29.6583
27.9204 29.701
27.9206 29.7384
27.9209 29.6461
27.9211 29.6903
27.9215 29.729
27.922 29.6379
27.9432 29.4332
27.9436 29.254
27.9438 29.0973
27.9441 28.9601
27.9443 28.8401
27.9445 28.7351
27.9448 28.6432
27.945 28.5628
27.9453 28.4924
27.9455 28.4309
27.9458 28.377
27.946 28.3299
27.9462 28.2887
27.9465 28.2526
27.9467 28.221
27.947 28.1934
27.9472 28.1692
27.9474 28.1481
27.9477 28.1295
27.9479 28.1134
27.9482 28.0992
27.9484 28.0868
27.9486 28.0759
27.9489 28.0664
27.9491 28.0581
27.9495 28.0509
27.95 28.0445
27.9715 28.0389
27.9718 28.0341
27.9721 28.1548
27.9723 28.2605
27.9725 28.2279
27.9728 28.1994
27.973 28.2995
27.9733 28.3871
27.9735 28.3387
27.9737 28.2963
27.974 28.2593
27.9742 28.3519
27.9745 28.4329
27.9747 28.3788
27.9749 28.3314
27.9752 28.415
27.9754 28.4881
27.9757 28.4271
27.9759 28.3737
27.9762 28.452
27.9764 28.5205
27.9766 28.4554
27.9769 28.3985
27.9771 28.4737
27.9774 28.5395
27.9776 28.472
27.9782 28.538
27.9996 31.2208
28.0001 30.9432
28.0003 30.7003
28.0005 30.3628
28.0008 30.0674
28.001 29.934
28.0013 29.8172
28.0015 29.5901
28.0017 29.3913
28.002 29.2174
28.0022 29.1902
28.0025 29.1664
28.0027 29.0206
28.0029 28.8931
28.0032 28.9064
28.0034 28.9181
28.0037 28.8034
28.0039 28.7029
28.0041 28.7401
28.0044 28.7726
28.0046 28.676
28.0049 28.5915
28.0051 28.6426
28.0053 28.6872
28.0056 28.6013
28.0058 28.5262
28.0063 28.5854
28.0278 31.1372
28.0283 30.8701
28.0285 30.5113
28.0288 30.1974
28.029 30.0477
28.0293 29.9168
28.0295 29.6772
28.0297 29.4675
28.03 29.2841
28.0302 29.2486
28.0305 29.2175
28.0307 29.0653
28.0309 28.9321
28.0312 28.9406
28.0314 28.948
28.0317 28.8295
28.0319 28.7258
28.0321 28.7601
28.0324 28.7901
28.0326 28.6913
28.0329 28.6049
28.0331 28.6543
28.0333 28.6975
28.0336 28.6103
28.0338 28.534
28.0341 28.5923
28.0344 28.6432
28.0348 28.5628
28.0567 28.6175
28.057 28.6653
28.0573 28.7071
28.0575 28.7437
28.0577 28.6508
28.058 28.5694
28.0582 28.6232
28.0585 28.6703
28.0587 28.7115
28.0589 28.6226
28.0592 28.6698
28.0594 28.7111
28.0597 28.7472
28.0599 28.6538
28.0601 28.6971
28.0604 28.7349
28.0606 28.7681
28.0609 28.672
28.0611 28.713
28.0613 28.7489
28.0616 28.7803
28.0618 28.6828
28.0621 28.7224
28.0623 28.7571
28.0625 28.7875
28.0628 28.689
28.0633 28.7279
28.0636 28.7619
28.0856 28.7917
28.086 28.6927
28.0862 28.7311
28.0865 28.7647
28.0867 28.7941
28.0869 28.8199
28.0872 28.9674
28.0874 28.9715
28.0877 28.975
28.0879 28.9782
28.0881 29.1059
28.0884 29.0926
28.0886 29.0811
28.0889 29.0709
28.0891 29.1871
28.0893 29.1637
28.0896 29.1432
28.0898 29.1253
28.0901 29.2347
28.0903 29.2053
28.0905 29.1797
28.0908 29.1572
28.091 29.2625
28.0913 29.2297
28.0915 29.201
28.0917 29.1759
28.0921 29.2789
28.0925 29.244
28.1145 31.9635
28.1149 31.5931
28.1152 31.394
28.1154 31.0947
28.1157 30.8329
28.1159 30.6038
28.1161 30.5283
28.1164 30.3373
28.1166 30.1701
28.1169 30.0238
28.1171 30.0209
28.1173 29.8932
28.1176 29.7816
28.1178 29.6839
28.1181 29.7234
28.1183 29.633
28.1185 29.5539
28.1188 29.4846
28.119 29.549
28.1193 29.4804
28.1195 29.4204
28.1197 29.3678
28.12 29.3218
28.1202 29.2816
28.1205 29.2464
28.1207 29.2156
28.1209 29.1887
28.1214 29.1651
28.1434 31.8944
28.1439 31.5326
28.1441 31.3411
28.1444 31.0484
28.1446 30.7924
28.1449 30.5683
28.1451 30.4973
28.1453 30.3101
28.1456 30.1464
28.1458 30.0031
28.1461 30.0027
28.1463 29.8773
28.1465 29.7677
28.1468 29.6717
28.147 29.7127
28.1473 29.6237
28.1475 29.5457
28.1477 29.4775
28.148 29.4178
28.1482 29.3656
28.1485 29.3199
28.1487 29.2799
28.1489 29.2449
28.1492 29.3393
28.1494 29.2969
28.1497 29.2598
28.1499 29.2273
28.1504 29.3239
28.1506 29.2834
28.1729 29.248
28.1733 29.342
28.1736 29.2992
28.1738 29.2618
28.1741 29.3541
28.1743 29.4348
28.1745 29.3805
28.1748 29.3329
28.175 29.4163
28.1753 29.4893
28.1755 29.4281
28.1757 29.3746
28.176 29.3278
28.1762 29.4118
28.1765 29.3603
28.1767 29.3153
28.1769 29.2759
28.1772 29.3664
28.1774 29.4456
28.1777 29.3899
28.1779 29.3412
28.1781 29.4235
28.1784 29.4956
28.1786 29.4336
28.1789 29.3794
28.1791 29.457
28.1795 29.5249
28.1798 29.4593
28.1802 29.5268
28.2024 29.586
28.2029 29.5127
28.2031 29.5737
28.2034 29.6269
28.2036 29.5486
28.2039 29.48
28.2041 29.545
28.2043 29.6019
28.2046 29.5266
28.2048 29.4608
28.2051 29.5282
28.2053 29.5872
28.2055 29.6388
28.2058 29.6839
28.206 29.7234
28.2063 29.758
28.2065 29.7883
28.2067 29.8147
28.207 29.7129
28.2072 29.7488
28.2075 29.7802
28.2077 29.8077
28.2079 29.7067
28.2082 29.7434
28.2084 29.7754
28.2087 29.8035
28.2089 29.7031
28.2094 29.7402
28.2096 29.7727
28.2321 32.5511
28.2327 32.2322
28.2329 31.9532
28.2332 31.709
28.2334 31.4954
28.2337 31.3085
28.2339 31.1449
28.2341 31.0018
28.2344 30.8766
28.2346 30.767
28.2349 30.6711
28.2351 30.5872
28.2353 30.5138
28.2356 30.4496
28.2358 30.3934
28.2361 30.3442
28.2363 30.3012
28.2365 30.2635
28.2368 30.2306
28.237 30.3268
28.2373 30.2859
28.2375 30.2502
28.2377 30.2189
28.238 30.1915
28.2382 30.1676
28.2385 30.1467
28.2387 30.1283
28.2391 30.2373
28.2394 30.2076
28.2617 32.9317
28.2623 32.5652
28.2625 32.2446
28.2627 31.964
28.263 31.5935
28.2632 31.3943
28.2635 31.22
28.2637 31.0675
28.2639 30.8091
28.2642 30.7079
28.2644 30.6194
28.2647 30.542
28.2649 30.3493
28.2651 30.3056
28.2654 30.2674
28.2656 30.234
28.2659 30.0797
28.2661 30.0698
28.2663 30.061
28.2666 30.0534
28.2668 29.9217
28.2671 29.9315
28.2673 29.9401
28.2675 29.9476
28.2678 29.9541
28.268 29.9599
28.2683 29.9649
28.2686 29.9693
28.269 29.8481
28.2692 29.8671
28.2917 29.8837
28.2923 29.8982
28.2925 29.911
28.2928 29.9221
28.293 30.0568
28.2933 30.0497
28.2935 30.0435
28.2937 30.0381
28.294 30.0333
28.2942 30.0291
28.2945 30.0255
28.2947 30.0223
28.2949 30.0195
28.2952 30.0171
28.2954 30.0149
28.2957 30.0131
28.2959 30.0114
28.2961 30.01
28.2964 30.0088
28.2966 30.0077
28.2969 30.0067
28.2971 30.0059
28.2973 30.0051
28.2976 30.0045
28.2978 30.0039
28.2981 30.0034
28.2983 30.003
28.2988 30.0026
28.299 30.1273
28.2994 30.1114
28.322 30.0975
28.3226 30.0853
28.3228 30.0746
28.3231 30.1903
28.3233 30.1665
28.3235 30.1457
28.3238 30.1275
28.324 30.2365
28.3243 30.332
28.3245 30.2905
28.3247 30.2542
28.325 30.2224
28.3252 30.3196
28.3255 30.2796
28.3257 30.2447
28.3259 30.2141
28.3262 30.3123
28.3264 30.3983
28.3267 30.3485
28.3269 30.3049
28.3271 30.3918
28.3274 30.4678
28.3276 30.4094
28.3279 30.3582
28.3281 30.4384
28.3283 30.5086
28.3286 30.445
28.3289 30.3894
28.3293 30.4657
28.3295 30.4075
28.3524 33.2316
28.3531 33.0776
28.3533 32.8179
28.3536 32.5907
28.3538 32.2668
28.3541 32.1085
28.3543 31.9699
28.3545 31.8487
28.3548 31.6176
28.355 31.5404
28.3553 31.4728
28.3555 31.4137
28.3557 31.362
28.356 31.1918
28.3562 31.1678
28.3565 31.1468
28.3567 31.1285
28.3569 30.9874
28.3572 30.989
28.3574 30.9904
28.3577 30.9916
28.3579 30.8676
28.3581 30.8842
28.3584 30.8986
28.3586 30.9113
28.3589 30.7974
28.3591 30.8227
28.3593 30.8449
28.3598 30.8643
28.3601 30.8812
28.3827 33.6461
28.3834 33.3153
28.3836 32.9009
28.3839 32.5383
28.3841 32.346
28.3843 32.1778
28.3846 31.9055
28.3848 31.6673
28.3851 31.5839
28.3853 31.5109
28.3855 31.3221
28.3858 31.1568
28.386 31.1372
28.3863 31.1201
28.3865 31.105
28.3867 30.9669
28.387 30.8461
28.3872 30.8653
28.3875 30.8821
28.3877 30.7719
28.3879 30.6754
28.3882 30.716
28.3884 30.7515
28.3887 30.6575
28.3889 30.5753
28.3891 30.6284
28.3894 30.6749
28.3896 30.5905
28.3901 30.6417
28.3903 30.6865
28.3906 30.6007
28.4134 30.6506
28.4141 30.6943
28.4144 30.7325
28.4146 30.7659
28.4149 30.6702
28.4151 30.7114
28.4153 30.7475
28.4156 30.779
28.4158 30.6817
28.4161 30.7215
28.4163 30.7563
28.4165 30.7867
28.4168 30.6884
28.417 30.7273
28.4173 30.7614
28.4175 30.7912
28.4177 30.8173
28.418 30.7152
28.4182 30.7508
28.4185 30.7819
28.4187 30.8092
28.4189 30.708
28.4192 30.7445
28.4194 30.7765
28.4197 30.8044
28.4199 30.7039
28.4201 30.7409
28.4205 30.7733
28.4209 30.6766
28.4211 30.717
28.4215 30.7524
28.4444 30.7834
28.4451 30.8104
28.4454 30.8341
28.4456 30.8549
28.4459 30.873
28.4461 30.8889
28.4463 30.9028
28.4466 30.9149
28.4468 30.9256
28.4471 30.9349
28.4473 30.943
28.4475 30.9501
28.4478 30.9564
28.448 30.9618
28.4483 30.9666
28.4485 30.9708
28.4487 30.9744
28.449 30.9776
28.4492 30.9804
28.4495 30.9829
28.4497 30.985
28.4499 30.9869
28.4502 31.1135
28.4504 31.0993
28.4507 31.0869
28.4509 31.076
28.4511 31.1915
28.4514 31.1676
28.4519 31.1466
28.4521 31.2533
28.4523 31.2217
28.4755 34.0689
28.4764 33.8103
28.4766 33.459
28.4769 33.1517
28.4771 33.0077
28.4773 32.8817
28.4776 32.6465
28.4778 32.4407
28.4781 32.3856
28.4783 32.3374
28.4785 32.1702
28.4788 32.024
28.479 32.021
28.4793 32.0183
28.4795 31.891
28.4797 31.7797
28.48 31.6822
28.4802 31.7219
28.4805 31.7567
28.4807 31.6621
28.4809 31.5793
28.4812 31.6319
28.4814 31.6779
28.4817 31.5932
28.4819 31.519
28.4821 31.5792
28.4824 31.6318
28.4826 31.5528
28.483 31.4837
28.4833 31.5482
28.4836 31.4797
28.5065 34.2947
28.5074 34.0079
28.5076 33.6319
28.5079 33.3029
28.5081 33.1401
28.5083 32.8725
28.5086 32.6385
28.5088 32.4337
28.5091 32.3795
28.5093 32.207
28.5095 32.0561
28.5098 31.9241
28.51 31.9336
28.5103 31.8169
28.5105 31.7148
28.5107 31.6254
28.511 31.5473
28.5112 31.6039
28.5115 31.5284
28.5117 31.4623
28.5119 31.4045
28.5122 31.479
28.5124 31.4191
28.5127 31.3667
28.5129 31.3209
28.5131 31.4058
28.5134 31.355
28.5136 31.3107
28.514 31.2718
28.5143 31.3628
28.5146 31.3175
28.5148 31.2778
28.538 31.3681
28.5389 31.3221
28.5391 31.4068
28.5393 31.481
28.5396 31.4208
28.5398 31.3682
28.5401 31.4472
28.5403 31.5163
28.5405 31.4518
28.5408 31.3953
28.541 31.4709
28.5413 31.537
28.5415 31.4699
28.5417 31.4112
28.542 31.3598
28.5422 31.4398
28.5425 31.5098
28.5427 31.4461
28.5429 31.3903
28.5432 31.4665
28.5434 31.5332
28.5437 31.4666
28.5439 31.4082
28.5441 31.4822
28.5444 31.5469
28.5446 31.4786
28.5449 31.4187
28.5451 31.4914
28.5456 31.555
28.5458 31.4856
28.5461 31.5499
28.5464 31.6062
28.5697 31.5304
28.5706 31.5891
28.5708 31.5155
28.5711 31.576
28.5713 31.629
28.5715 31.6754
28.5718 31.591
28.572 31.6421
28.5723 31.6868
28.5725 31.726
28.5727 31.6352
28.573 31.5558
28.5732 31.6113
28.5735 31.6599
28.5737 31.7024
28.5739 31.6146
28.5742 31.6628
28.5744 31.705
28.5747 31.7418
28.5749 31.6491
28.5751 31.693
28.5754 31.7313
28.5756 31.7649
28.5759 31.6693
28.5761 31.7106
28.5764 31.7468
28.5766 31.7785
28.5768 31.6812
28.5773 31.721
28.5776 31.7559
28.5778 31.7864
28.578 31.8131
28.6015 34.7115
28.6024 34.4975
28.6027 34.1853
28.6029 33.9122
28.6031 33.6731
28.6034 33.464
28.6036 33.281
28.6039 33.1209
28.6041 32.9808
28.6043 32.8582
28.6046 32.7509
28.6048 32.657
28.6051 32.6999
28.6053 32.6124
28.6055 32.5359
28.6058 32.4689
28.606 32.5353
28.6063 32.4684
28.6065 32.4098
28.6068 32.3586
28.607 32.3138
28.6072 32.2745
28.6075 32.2402
28.6077 32.2102
28.608 32.1839
28.6082 32.1609
28.6084 32.1408
28.6087 32.1232
28.609 32.2328
28.6094 32.2037
28.6096 32.1782
28.6099 32.156
28.6333 35.0115
28.6343 34.76
28.6345 34.415
28.6347 34.1131
28.635 33.849
28.6352 33.6179
28.6355 33.4156
28.6357 33.2387
28.6359 33.0839
28.6362 32.9484
28.6364 32.8298
28.6367 32.7261
28.6369 32.6353
28.6372 32.5559
28.6374 32.4864
28.6376 32.4256
28.6379 32.3724
28.6381 32.3259
28.6384 32.2851
28.6386 32.2495
28.6388 32.2183
28.6391 32.316
28.6393 32.2765
28.6396 32.2419
28.6398 32.2117
28.64 32.3102
28.6403 32.2715
28.6405 32.2375
28.6409 32.2078
28.6412 32.1819
28.6415 32.1591
28.6417 32.1392
28.6421 32.2468
28.6654 32.216
28.6664 32.189
28.6666 32.1654
28.6668 32.1447
28.6671 32.2516
28.6673 32.2201
28.6676 32.1926
28.6678 32.1685
28.668 32.2725
28.6683 32.2384
28.6685 32.2086
28.6688 32.1825
28.669 32.1597
28.6692 32.1398
28.6695 32.1223
28.6697 32.107
28.67 32.0936
28.6702 32.0819
28.6704 32.0717
28.6707 32.0627
28.6709 32.0549
28.6712 32.048
28.6714 32.042
28.6716 32.0368
28.6719 32.0322
28.6721 32.0281
28.6724 32.0246
28.6726 32.0215
28.6731 32.1439
28.6733 32.1259
28.6736 32.1101
28.6738 32.0964
28.6743 32.0843
28.6977 32.0738
28.6987 32.0646
28.6989 32.0565
28.6992 32.1744
28.6994 32.1526
28.6996 32.1335
28.6999 32.1169
28.7001 32.2272
28.7004 32.1988
28.7006 32.174
28.7008 32.1522
28.7011 32.2582
28.7013 32.3509
28.7016 32.3071
28.7018 32.2687
28.702 32.3601
28.7023 32.4401
28.7025 32.3851
28.7028 32.3369
28.703 32.2948
28.7032 32.383
28.7035 32.3351
28.7037 32.2932
28.704 32.2566
28.7042 32.3495
28.7044 32.3058
28.7047 32.2676
28.7049 32.2341
28.7054 32.2049
28.7056 32.1793
28.7059 32.1568
28.7061 32.2622
28.7067 32.2295
28.7282 32.0758
28.7292 31.9413
28.7294 31.8236
28.7297 31.7207
28.7299 31.5056
28.7302 31.1924
28.7304 30.9183
28.7306 30.6786
28.7309 30.3437
28.7311 30.1758
28.7314 30.0288
28.7316 29.9002
28.7318 29.7877
28.7321 29.6892
28.7323 29.6031
28.7326 29.5277
28.7328 29.4617
28.733 29.404
28.7333 29.3535
28.7335 29.3093
28.7339 29.2706
28.7342 29.2368
28.7345 29.2072
28.7347 29.1813
28.7352 29.1586
28.7568 31.7638
28.7578 31.4183
28.7582 31.116
28.7584 30.8515
28.7586 30.6201
28.7589 30.4176
28.7591 30.2404
28.7594 30.0853
28.7596 29.9497
28.7598 29.831
28.7601 29.7271
28.7603 29.6362
28.7606 29.5567
28.7608 29.4871
28.761 29.4262
28.7613 29.3729
28.7615 29.3263
28.7618 29.2855
28.762 29.1248
28.7622 29.1092
28.7625 29.0956
28.7628 29.0836
28.7632 29.0732
28.7634 29.064
28.7637 29.056
28.7642 29.049
28.7857 29.0429
28.7868 29.0375
28.7871 29.0328
28.7874 29.0287
28.7876 29.0251
28.7878 29.022
28.7881 29.0192
28.7883 29.0168
28.7886 29.0147
28.7888 29.0129
28.789 29.0113
28.7893 29.0099
28.7895 29.0086
28.7898 29.0076
28.79 28.8816
28.7902 28.8964
28.7905 28.9094
28.7907 28.9207
28.791 28.9306
28.7912 28.9393
28.7914 28.9469
28.7918 28.9535
28.7922 28.9593
28.7924 28.9644
28.7926 28.9689
28.7932 28.9727
28.8147 28.9762
28.8158 28.9791
28.8161 28.9817
28.8163 28.984
28.8166 28.986
28.8168 28.9878
28.817 28.9893
28.8173 28.9906
28.8175 28.9918
28.8178 28.9928
28.818 28.9937
28.8182 28.9945
28.8185 28.9952
28.8187 28.9958
28.819 28.9963
28.8192 29.1218
28.8194 29.1066
28.8197 29.0932
28.8199 29.0816
28.8202 29.1964
28.8204 29.1718
28.8209 29.1504
28.8211 29.2566
28.8214 29.2245
28.8216 29.1964
28.8222 29.2969
28.8439 31.8848
28.845 31.7742
28.8453 31.5524
28.8455 31.2333
28.8457 30.9542
28.846 30.7099
28.8462 30.6212
28.8465 30.4185
28.8467 30.2412
28.847 30.0861
28.8472 30.0753
28.8474 30.0659
28.8477 29.9326
28.8479 29.8161
28.8482 29.8391
28.8484 29.8592
28.8486 29.7518
28.8489 29.6578
28.8491 29.7006
28.8494 29.738
28.8496 29.6458
28.8501 29.69
28.8503 29.7288
28.8506 29.6377
28.8508 29.558
28.8513 29.6132
28.8733 32.2866
28.8743 32.1257
28.8747 31.735
28.8749 31.3932
28.8752 31.219
28.8754 31.0666
28.8757 30.9333
28.8759 30.6916
28.8761 30.6052
28.8764 30.5295
28.8766 30.4633
28.8769 30.2804
28.8771 30.2454
28.8774 30.2147
28.8776 30.1879
28.8778 30.0394
28.8781 30.0345
28.8783 30.0301
28.8786 30.0264
28.8788 29.8981
28.879 29.9108
28.8793 29.922
28.8798 29.8067
28.88 29.7059
28.8802 29.7426
28.8805 29.7748
28.881 29.678
28.9028 29.5932
28.904 29.6441
28.9044 29.6886
28.9046 29.7275
28.9049 29.6365
28.9051 29.682
28.9053 29.7217
28.9056 29.7565
28.9058 29.662
28.9061 29.7042
28.9063 29.7412
28.9065 29.7735
28.9068 29.6768
28.907 29.7172
28.9073 29.7526
28.9075 29.7835
28.9078 29.6856
28.908 29.5999
28.9082 29.6499
28.9085 29.6937
28.9087 29.6069
28.909 29.5311
28.9094 29.5897
28.9097 29.641
28.9099 29.5609
28.9102 29.6157
28.9108 29.6638
28.9303 29.4558
28.9315 29.1488
28.9318 28.8802
28.932 28.7702
28.9323 28.6739
28.9325 28.4647
28.9327 28.2816
28.933 28.1214
28.9332 28.1062
28.9335 27.9679
28.9337 27.8469
28.9339 27.7411
28.9342 27.7734
28.9344 27.8018
28.9347 27.7015
28.9349 27.6138
28.9351 27.6621
28.9354 27.7044
28.9356 27.7413
28.9359 27.6486
28.9361 27.6926
28.9365 27.731
28.9368 27.7646
28.9371 27.794
28.9373 27.8198
28.9376 27.8423
28.9382 27.862
28.9579 30.2543
28.9591 30.0975
28.9593 29.8353
28.9595 29.6059
28.9598 29.2802
28.96 29.1201
28.9603 28.9801
28.9605 28.8576
28.9607 28.7504
28.961 28.5316
28.9612 28.4651
28.9615 28.407
28.9617 28.3561
28.9619 28.1866
28.9622 28.1633
28.9624 28.1429
28.9627 28.125
28.9629 27.9844
28.9631 27.9863
28.9634 27.988
28.9636 27.9895
28.964 27.8658
28.9643 27.8826
28.9646 27.8973
28.9648 27.7851
28.9651 27.812
28.9657 27.8355
28.9855 30.2311
28.9867 30.0772
28.9871 29.8175
28.9873 29.5903
28.9875 29.3915
28.9878 29.2176
28.988 29.0654
28.9883 28.9322
28.9885 28.8157
28.9887 28.7137
28.989 28.6245
28.9892 28.5464
28.9895 28.4781
28.9897 28.4184
28.9899 28.3661
28.9902 28.3203
28.9904 28.2803
28.9907 28.2452
28.9909 28.2146
28.9911 28.1878
28.9914 28.1643
28.9916 28.1438
28.992 28.1258
28.9923 28.1101
28.9926 28.0963
28.9928 28.0843
28.9931 28.0737
28.9938 28.0645
29.0136 28.0564
29.0149 28.0494
29.0153 28.0432
29.0155 28.0378
29.0158 28.0331
29.016 28.154
29.0163 28.1347
29.0165 28.1179
29.0167 28.1031
29.017 28.0902
29.0172 28.204
29.0175 28.1785
29.0177 28.1562
29.0179 28.1366
29.0182 28.2446
29.0184 28.214
29.0187 28.1872
29.0189 28.1638
29.0191 28.2684
29.0194 28.2348
29.0196 28.2055
29.0199 28.1798
29.0202 28.2823
29.0206 28.247
29.0208 28.2161
29.0211 28.3141
29.0213 28.2749
29.022 28.3655
29.0419 28.3198
29.0432 28.4048
29.0434 28.3542
29.0437 28.3099
29.0439 28.2712
29.0441 28.2373
29.0444 28.2076
29.0446 28.1817
29.0449 28.159
29.0451 28.2641
29.0453 28.2311
29.0456 28.2022
29.0458 28.1769
29.0461 28.2798
29.0463 28.2448
29.0465 28.2142
29.0468 28.1874
29.047 28.289
29.0473 28.2529
29.0475 28.2213
29.0477 28.1936
29.048 28.1694
29.0485 28.2732
29.0487 28.2391
29.0489 28.2092
29.0492 28.308
29.0494 28.2695
29.05 28.3608
29.0702 30.8157
29.0715 30.7138
29.0718 30.3746
29.072 30.2027
29.0723 30.0524
29.0725 29.9208
29.0727 29.6807
29.073 29.4706
29.0732 29.4118
29.0735 29.3603
29.0737 29.1903
29.0739 29.0415
29.0742 29.0363
29.0744 29.0318
29.0747 28.9028
29.0749 28.79
29.0751 28.8162
29.0754 28.8392
29.0756 28.7343
29.0759 28.6425
29.0761 28.6872
29.0763 28.7263
29.0768 28.7605
29.0771 28.7904
29.0773 28.8166
29.0775 28.8396
29.0778 28.7346
29.0783 28.7678
29.0984 31.1718
29.0998 30.9003
29.1001 30.6628
29.1004 30.4549
29.1006 30.1481
29.1008 29.8796
29.1011 29.7696
29.1013 29.6734
29.1016 29.5892
29.1018 29.3906
29.1021 29.3418
29.1023 29.299
29.1025 29.2617
29.1028 29.104
29.103 29.091
29.1033 29.0796
29.1035 29.0696
29.1037 28.9359
29.104 28.8189
29.1042 28.8416
29.1045 28.8614
29.1047 28.7537
29.1049 28.6595
29.1054 28.7021
29.1057 28.6143
29.1059 28.5375
29.1061 28.5953
29.1064 28.6459
29.107 28.5652
29.1272 28.6195
29.1286 28.6671
29.129 28.5837
29.1292 28.6357
29.1294 28.6813
29.1297 28.7211
29.1299 28.631
29.1302 28.6771
29.1304 28.7175
29.1306 28.7528
29.1309 28.6587
29.1311 28.7013
29.1314 28.7387
29.1316 28.7713
29.1318 28.6749
29.1321 28.7156
29.1323 28.7511
29.1326 28.7822
29.1328 28.8094
29.1331 28.8333
29.1333 28.8541
29.1335 28.8723
29.1338 28.8883
29.1343 28.9023
29.1345 28.9145
29.1347 28.9252
29.135 28.8095
29.1352 28.8333
29.1359 28.8542
29.1561 28.8724
29.1576 28.8883
29.1578 28.9023
29.158 28.9145
29.1583 28.9252
29.1585 28.9345
29.1588 28.9427
29.159 28.9499
29.1592 28.9562
29.1595 28.9616
29.1597 28.9664
29.16 28.8456
29.1602 28.8649
29.1604 28.8818
29.1607 28.8966
29.1609 28.7845
29.1612 28.8114
29.1614 28.835
29.1616 28.8556
29.1619 28.7487
29.1621 28.7801
29.1624 28.8076
29.1627 28.8316
29.1631 28.8527
29.1633 28.8711
29.1636 28.8872
29.1638 28.9013
29.1642 29.0386
29.1647 29.0338
29.1851 31.6546
29.1866 31.4478
29.1869 31.1418
29.1871 30.9991
29.1874 30.7492
29.1876 30.5305
29.1878 30.3392
29.1881 30.2968
29.1883 30.1347
29.1886 29.9929
29.1888 29.8688
29.189 29.8852
29.1893 29.8995
29.1895 29.7871
29.1898 29.6887
29.19 29.7276
29.1902 29.7617
29.1905 29.6664
29.1907 29.5831
29.191 29.5102
29.1912 29.5715
29.1914 29.5
29.1918 29.4375
29.1922 29.5078
29.1924 29.4444
29.1927 29.3888
29.1929 29.3402
29.1933 29.4227
29.1936 29.3698
29.214 31.9486
29.2156 31.705
29.216 31.3669
29.2162 31.196
29.2164 30.9215
29.2167 30.6813
29.2169 30.4712
29.2172 30.4123
29.2174 30.2357
29.2176 30.0813
29.2179 29.9461
29.2181 29.9529
29.2184 29.8337
29.2186 29.7295
29.2188 29.6383
29.2191 29.6835
29.2193 29.5981
29.2196 29.5233
29.2198 29.4579
29.22 29.5257
29.2203 29.585
29.2205 29.5118
29.2208 29.4479
29.2212 29.5169
29.2215 29.4523
29.2217 29.3957
29.222 29.3463
29.2222 29.428
29.2226 29.3745
29.2231 29.4527
29.2435 29.3961
29.245 29.4716
29.2455 29.5376
29.2458 29.4704
29.246 29.5366
29.2462 29.5945
29.2465 29.6452
29.2467 29.5646
29.247 29.494
29.2472 29.5572
29.2474 29.6126
29.2477 29.536
29.2479 29.469
29.2482 29.5354
29.2484 29.5935
29.2486 29.5193
29.2489 29.4544
29.2491 29.5226
29.2494 29.5823
29.2496 29.5095
29.2498 29.4458
29.2501 29.5151
29.2503 29.5757
29.2508 29.5037
29.251 29.5658
29.2513 29.62
29.2515 29.6675
29.2518 29.5841
29.2521 29.6361
29.2527 29.5566
29.2732 29.612
29.2747 29.5355
29.2751 29.5936
29.2753 29.6444
29.2756 29.5638
29.2758 29.4933
29.276 29.5567
29.2763 29.6121
29.2765 29.6606
29.2768 29.578
29.277 29.6308
29.2772 29.6769
29.2775 29.7173
29.2777 29.6276
29.278 29.5492
29.2782 29.6055
29.2784 29.6548
29.2787 29.573
29.2789 29.5014
29.2792 29.5637
29.2794 29.6182
29.2796 29.5409
29.28 29.5983
29.2804 29.6485
29.2806 29.5675
29.2808 29.4965
29.2811 29.5595
29.2813 29.6145
29.2818 29.5377
29.2822 29.5955
29.3028 32.1461
29.3044 32.0028
29.3049 31.7525
29.3051 31.5334
29.3054 31.3417
29.3056 31.174
29.3058 31.0273
29.3061 30.8988
29.3063 30.7865
29.3066 30.6882
29.3068 30.6022
29.307 30.5269
29.3073 30.461
29.3075 30.4034
29.3078 30.353
29.308 30.4338
29.3082 30.3796
29.3085 30.3322
29.3087 30.2906
29.309 30.2543
29.3092 30.2225
29.3094 30.1947
29.3098 30.1704
29.3102 30.1491
29.3104 30.1304
29.3106 30.1141
29.3109 30.0999
29.3111 30.0874
29.3116 30.0765
29.3118 30.0669
29.3325 32.5585
29.3341 32.4887
29.3346 32.1776
29.3349 31.9054
29.3352 31.6672
29.3354 31.4588
29.3356 31.2765
29.3359 31.1169
29.3361 30.9773
29.3364 30.8551
29.3366 30.7483
29.3368 30.6547
29.3371 30.5729
29.3373 30.5013
29.3376 30.4386
29.3378 30.3838
29.338 30.3358
29.3383 30.2938
29.3385 30.2571
29.3388 30.225
29.339 30.3218
29.3392 30.2816
29.3395 30.2464
29.34 30.2156
29.3402 30.1887
29.3404 30.1651
29.3407 30.1444
29.3409 30.1264
29.3413 30.1106
29.3416 30.0968
29.3623 32.7097
29.3639 32.496
29.3644 32.184
29.3647 31.911
29.3651 31.7971
29.3653 31.5725
29.3656 31.3759
29.3658 31.2039
29.366 31.1784
29.3663 31.0311
29.3665 30.9022
29.3668 30.7895
29.367 30.8158
29.3672 30.7138
29.3675 30.6246
29.3677 30.5465
29.368 30.4782
29.3682 30.4184
29.3684 30.3661
29.3687 30.3203
29.3689 30.2803
29.3692 30.2453
29.3694 30.2146
29.3696 30.1878
29.3701 30.2893
29.3704 30.2531
29.3706 30.2215
29.3708 30.1938
29.3711 30.2946
29.3714 30.2578
29.3719 30.2255
29.3927 30.1973
29.3943 30.2977
29.3948 30.2605
29.3951 30.3529
29.3955 30.3088
29.3957 30.2702
29.396 30.2364
29.3962 30.3319
29.3964 30.2904
29.3967 30.2541
29.3969 30.2223
29.3972 30.3195
29.3974 30.2796
29.3976 30.2446
29.3979 30.2141
29.3981 30.3123
29.3984 30.3983
29.3986 30.3485
29.3988 30.3049
29.3991 30.3918
29.3993 30.4678
29.3996 30.4094
29.3998 30.3582
29.4 30.4384
29.4005 30.3836
29.4008 30.3357
29.401 30.4187
29.4012 30.4914
29.4015 30.4299
29.4018 30.3762
29.4023 30.4542
29.4232 30.5224
29.4248 30.4571
29.4252 30.525
29.4256 30.4593
29.4259 30.4019
29.4261 30.4767
29.4264 30.5421
29.4266 30.5993
29.4268 30.5244
29.4271 30.5839
29.4273 30.6359
29.4276 30.6814
29.4278 30.5962
29.428 30.6467
29.4283 30.6909
29.4285 30.7295
29.4288 30.6383
29.429 30.6835
29.4292 30.7231
29.4295 30.7577
29.4297 30.663
29.43 30.5801
29.4302 30.6326
29.4304 30.6785
29.4309 30.5937
29.4312 30.6445
29.4314 30.6889
29.4316 30.6028
29.4319 30.5275
29.4322 30.5865
29.4326 30.6382
29.4536 33.1834
29.4552 33.0355
29.4556 32.7811
29.456 32.5584
29.4563 32.3636
29.4565 32.1932
29.4568 31.919
29.457 31.8041
29.4572 31.7036
29.4575 31.6157
29.4577 31.4137
29.458 31.237
29.4582 31.2074
29.4584 31.1815
29.4587 31.0338
29.4589 30.9045
29.4592 30.9165
29.4594 30.9269
29.4596 30.8111
29.4599 30.7097
29.4601 30.746
29.4604 30.7777
29.4606 30.8055
29.4608 30.7048
29.4613 30.7417
29.4616 30.774
29.4618 30.6772
29.462 30.7176
29.4623 30.7529
29.4627 30.7838
29.463 30.8108
29.4842 33.4595
29.4857 33.277
29.4862 32.9924
29.4866 32.7433
29.4869 32.4004
29.4872 32.2254
29.4874 32.0722
29.4876 31.9382
29.4879 31.6959
29.4881 31.6089
29.4884 31.5328
29.4886 31.4662
29.4888 31.4079
29.4891 31.3569
29.4893 31.3123
29.4896 31.2733
29.4898 31.2391
29.49 31.2092
29.4903 31.1831
29.4905 31.1602
29.4908 31.1402
29.491 31.1226
29.4912 31.1073
29.4915 31.0939
29.4917 31.0822
29.4922 31.0719
29.4925 31.0629
29.4927 31.055
29.4929 30.9232
29.4932 30.9328
29.4935 30.9412
29.494 30.9485
29.5152 30.955
29.5168 30.9606
29.5173 30.9655
29.5177 30.9698
29.518 31.0986
29.5183 31.0863
29.5185 31.0755
29.5188 31.0661
29.519 31.1828
29.5192 31.1599
29.5195 31.1399
29.5197 31.1225
29.52 31.1071
29.5202 31.0938
29.5204 31.082
29.5207 31.0718
29.5209 31.0628
29.5212 31.055
29.5214 31.0481
29.5216 31.0421
29.5219 31.0368
29.5221 31.0322
29.5224 31.0282
29.5226 31.0247
29.5229 31.0216
29.5233 31.0189
29.5236 31.0165
29.5238 31.0145
29.5241 31.1376
29.5243 31.1204
29.5247 31.1054
29.5251 31.0922
29.5464 31.0807
29.5481 31.1956
29.5484 31.1711
29.5489 31.1498
29.5492 31.131
29.5494 31.1147
29.5496 31.1003
29.5499 31.0878
29.5501 31.0768
29.5504 31.0672
29.5506 31.0588
29.5508 31.0515
29.5511 31.17
29.5513 31.2738
29.5516 31.2395
29.5518 31.2096
29.552 31.3084
29.5523 31.3949
29.5525 31.3455
29.5528 31.3023
29.553 31.3895
29.5533 31.4658
29.5535 31.4076
29.5537 31.3566
29.5541 31.4371
29.5545 31.5074
29.5547 31.444
29.5549 31.3885
29.5552 31.4649
29.5554 31.4068
29.5558 31.356
29.5561 31.4365
29.5775 34.0069
29.5792 33.881
29.5796 33.5209
29.58 33.3308
29.5803 33.1645
29.5805 32.8939
29.5808 32.6572
29.581 32.575
29.5812 32.5031
29.5815 32.3152
29.5817 32.1508
29.582 32.007
29.5822 32.0061
29.5824 31.8803
29.5827 31.7703
29.5829 31.674
29.5832 31.7148
29.5834 31.6254
29.5837 31.5472
29.5839 31.4788
29.5841 31.544
29.5844 31.476
29.5846 31.4165
29.5849 31.3644
29.5852 31.4439
29.5856 31.3884
29.5858 31.3398
29.5861 31.4224
29.5863 31.4946
29.5865 31.4327
29.5869 31.3786
29.5873 31.4563
29.6086 34.0243
29.6103 33.8962
29.6108 33.5342
29.6112 33.3424
29.6115 33.0496
29.6118 32.7934
29.612 32.6942
29.6122 32.6075
29.6125 32.4065
29.6127 32.2307
29.613 32.0769
29.6132 32.0673
29.6135 32.0589
29.6137 31.9265
29.6139 31.8107
29.6142 31.8343
29.6144 31.8551
29.6147 31.7482
29.6149 31.6547
29.6151 31.6978
29.6154 31.7356
29.6156 31.6436
29.6159 31.5632
29.6161 31.6178
29.6163 31.6656
29.6167 31.5824
29.6171 31.6346
29.6173 31.6803
29.6175 31.5952
29.6178 31.5208
29.618 31.5807
29.6184 31.6331
29.6189 31.554
29.6402 31.6097
29.642 31.6585
29.6425 31.7012
29.6429 31.6136
29.6433 31.6619
29.6435 31.7041
29.6437 31.6161
29.644 31.5391
29.6442 31.5967
29.6445 31.6471
29.6447 31.6912
29.6449 31.6048
29.6452 31.6542
29.6454 31.6974
29.6457 31.7353
29.6459 31.6434
29.6461 31.6879
29.6464 31.7269
29.6466 31.7611
29.6469 31.6659
29.6471 31.7077
29.6473 31.7442
29.6476 31.7762
29.6478 31.6792
29.6481 31.7193
29.6484 31.7544
29.6488 31.6601
29.649 31.7026
29.6493 31.7397
29.6495 31.7723
29.6497 31.6757
29.6501 31.7163
29.6507 31.7517
29.6721 31.7828
29.6739 31.6849
29.6743 31.7243
29.6747 31.7588
29.675 31.6639
29.6752 31.7059
29.6755 31.7427
29.6757 31.7749
29.6759 31.678
29.6762 31.7182
29.6764 31.7535
29.6767 31.7843
29.6769 31.6862
29.6771 31.7255
29.6774 31.7598
29.6776 31.7898
29.6779 31.6911
29.6781 31.7297
29.6783 31.7635
29.6786 31.793
29.6788 31.8189
29.6791 31.8416
29.6793 31.8614
29.6795 31.8787
29.6798 31.8939
29.6803 31.9071
29.6805 31.9187
29.6807 31.9289
29.681 31.8128
29.6812 31.8362
29.6815 31.8567
29.6818 31.8746
29.6823 31.8903
29.7041 34.654
29.7059 34.4472
29.7062 34.2663
29.7067 33.983
29.7069 33.7352
29.7072 33.6433
29.7074 33.4378
29.7077 33.2581
29.7079 33.1009
29.7081 33.0882
29.7084 32.9522
29.7086 32.8332
29.7089 32.729
29.7091 32.7629
29.7093 32.6675
29.7096 32.5841
29.7098 32.5111
29.7101 32.5722
29.7103 32.5007
29.7105 32.4381
29.7108 32.3833
29.711 32.4604
29.7113 32.4029
29.7115 32.3525
29.7117 32.3084
29.712 32.2699
29.7122 32.2361
29.7125 32.2066
29.7127 32.1808
29.7129 32.1582
29.7132 32.1384
29.7134 32.1211
29.7137 32.106
29.736 34.8427
29.7363 34.1124
29.7365 33.4733
29.7367 32.7892
29.737 32.1905
29.7372 31.7917
29.7375 31.4427
29.7377 31.0124
29.7379 30.6359
29.7382 30.4314
29.7384 30.2524
29.7387 29.9709
29.7389 29.7245
29.7391 29.634
29.7394 29.5547
29.7396 29.3604
29.7399 29.1903
29.7401 29.1665
29.7403 29.1457
29.7406 29.1275
29.7408 28.9866
29.7411 28.9882
29.7413 28.9897
29.7415 28.991
29.7418 28.8671
29.742 28.8837
29.7644 31.6483
29.7649 31.1922
29.7651 30.9182
29.7653 30.6784
29.7656 30.4686
29.7658 30.285
29.7661 30.1244
29.7663 29.9839
29.7665 29.8609
29.7668 29.7533
29.767 29.6591
29.7673 29.5767
29.7675 29.5046
29.7677 29.4416
29.768 29.2614
29.7682 29.2287
29.7685 29.2001
29.7687 29.1751
29.7689 29.0282
29.7692 29.0247
29.7694 29.0216
29.7697 29.0189
29.7699 28.8915
29.7701 28.9051
29.7704 28.917
29.7706 28.9273
29.7711 28.9364
29.7933 28.9444
29.7937 28.9513
29.7939 28.8324
29.7942 28.8534
29.7944 28.8717
29.7947 28.8877
29.7949 28.7768
29.7951 28.8047
29.7954 28.8291
29.7956 28.8504
29.7959 28.7441
29.7961 28.7761
29.7963 28.8041
29.7966 28.8286
29.7968 28.85
29.7971 28.8688
29.7973 28.8852
29.7975 28.8995
29.7978 28.9121
29.798 28.9231
29.7983 28.9327
29.7985 28.9411
29.7987 28.9485
29.799 28.8299
29.7992 28.8512
29.7995 28.8698
29.7999 28.761
29.8225 28.7909
29.8228 28.8171
29.823 28.9649
29.8233 28.9693
29.8235 28.9731
29.8237 28.9765
29.824 28.9794
29.8242 28.982
29.8245 28.9843
29.8247 28.9862
29.8249 28.9879
29.8252 28.9895
29.8254 28.9908
29.8257 28.9919
29.8259 28.9929
29.8261 28.9938
29.8264 28.9946
29.8266 28.9953
29.8269 28.9959
29.8271 29.1214
29.8273 29.1062
29.8276 29.0929
29.8278 29.0813
29.8281 29.1961
29.8283 29.2966
29.8285 29.2595
29.8289 29.2271
29.8515 32.0737
29.8518 31.6895
29.8521 31.4783
29.8523 31.1685
29.8526 30.8975
29.8528 30.6603
29.8531 30.5777
29.8533 30.5055
29.8535 30.3173
29.8538 30.1527
29.854 30.1336
29.8543 30.1169
29.8545 29.9773
29.8547 29.8551
29.855 29.7482
29.8552 29.7797
29.8555 29.6822
29.8557 29.597
29.8559 29.5223
29.8562 29.582
29.8564 29.5093
29.8567 29.4456
29.8569 29.3899
29.8571 29.4662
29.8574 29.4079
29.8576 29.3569
29.858 29.3123
29.8806 32.1483
29.8812 31.8797
29.8814 31.6448
29.8816 31.3142
29.8819 31.0249
29.8821 30.8968
29.8824 30.7847
29.8826 30.5616
29.8828 30.3664
29.8831 30.3206
29.8833 30.2805
29.8836 30.1205
29.8838 29.9804
29.8841 29.9828
29.8843 29.985
29.8845 29.9869
29.8848 29.8635
29.885 29.8806
29.8853 29.8955
29.8855 29.9086
29.8857 29.795
29.886 29.6956
29.8862 29.7337
29.8865 29.767
29.8867 29.6711
29.8869 29.5872
29.8873 29.6388
29.8877 29.6839
29.9102 29.7235
29.9107 29.633
29.911 29.5539
29.9112 29.6097
29.9114 29.6585
29.9117 29.5761
29.9119 29.5041
29.9122 29.5661
29.9124 29.6203
29.9126 29.5428
29.9129 29.475
29.9131 29.5406
29.9134 29.598
29.9136 29.5233
29.9139 29.4578
29.9141 29.5256
29.9143 29.5849
29.9146 29.5118
29.9148 29.4478
29.9151 29.5168
29.9153 29.5772
29.9155 29.6301
29.9158 29.5513
29.916 29.6074
29.9163 29.6565
29.9165 29.6994
29.9169 29.612
29.9172 29.6605
29.9343 28.9529
29.9346 28.3338
29.9349 27.7921
29.9351 27.3181
29.9354 26.9033
29.9356 26.5404
29.9358 26.2228
29.9361 25.945
29.9363 25.7019
29.9366 25.4891
29.9368 25.303
29.937 25.1401
29.9373 24.9976
29.9375 24.8729
29.9378 24.7638
29.938 24.6683
29.9382 24.5848
29.9385 24.5117
29.9387 24.4477
29.939 24.2668
29.9392 24.2334
29.9394 24.2042
29.9397 24.1787
29.9399 24.1564
29.9402 24.1368
29.9404 24.1197
29.9407 24.1048
29.9409 24.0917
29.9545 25.7052
29.955 25.117
29.9553 24.6024
29.9555 24.1521
29.9557 23.6331
29.956 23.179
29.9562 22.9066
29.9565 22.6683
29.9567 22.3347
29.9569 22.0429
29.9572 21.9125
29.9574 21.7985
29.9577 21.5737
29.9579 21.3769
29.9581 21.3298
29.9584 21.2886
29.9586 21.1275
29.9589 20.9866
29.9591 20.9883
29.9593 20.9897
29.9596 20.991
29.9598 20.8671
29.9601 20.8837
29.9603 20.8983
29.9605 20.911
29.9608 20.7971
29.961 20.8225
29.9613 20.8447
29.9748 22.4891
29.9753 22.3029
29.9756 22.0151
29.9759 21.7632
29.9761 21.6678
29.9763 21.5843
29.9766 21.5113
29.9768 21.3224
29.9771 21.2821
29.9773 21.2468
29.9775 21.216
29.9778 21.064
29.978 21.056
29.9783 21.049
29.9785 21.0428
29.9787 20.9125
29.979 20.7984
29.9792 20.8236
29.9795 20.8457
29.9797 20.74
29.9799 20.6475
29.9802 20.6915
29.9804 20.7301
29.9807 20.6388
29.9809 20.559
29.9811 20.6141
29.9814 20.6623
29.9816 20.5795
29.9819 20.5071
29.9953 20.5687
29.9958 20.4976
29.996 20.4354
29.9962 20.506
29.9965 20.4427
29.9967 20.3874
29.997 20.339
29.9972 20.4216
29.9974 20.3689
29.9977 20.3228
29.9979 20.2824
29.9982 20.3721
29.9984 20.3256
29.9986 20.2849
29.9989 20.2493
29.9991 20.3431
29.9994 20.4252
29.9996 20.3721
29.9998 20.3256
30.0001 20.4099
30.0003 20.4836
30.0006 20.4232
30.0008 20.3703
30.001 20.449
30.0013 20.5179
30.0015 20.4531
30.0018 20.3965
30.002 20.3469
30.0022 20.4286
30.0158 20.375
30.0161 20.4531
30.0164 20.5215
30.0166 20.4563
30.0168 20.3993
30.0171 20.4743
30.0173 20.5401
30.0176 20.4725
30.0178 20.4135
30.018 20.4868
30.0183 20.5509
30.0185 20.4821
30.0188 20.4218
30.019 20.4941
30.0192 20.5573
30.0195 20.4877
30.0197 20.4267
30.02 20.3734
30.0202 20.4517
30.0204 20.3952
30.0207 20.3458
30.0209 20.3026
30.0212 20.3898
30.0214 20.3411
30.0216 20.2984
30.0219 20.2611
30.0221 20.3535
30.0224 20.4343
30.0226 20.505
30.036 22.1919
30.0365 22.0429
30.0367 21.7875
30.037 21.5641
30.0372 21.4936
30.0375 21.4319
30.0377 21.2529
30.0379 21.0963
30.0382 21.0842
30.0384 21.0737
30.0387 20.9395
30.0389 20.8221
30.0391 20.8443
30.0394 20.8638
30.0396 20.7558
30.0399 20.6613
30.0401 20.7037
30.0403 20.7407
30.0406 20.7731
30.0408 20.6765
30.0411 20.7169
30.0413 20.7523
30.0415 20.7833
30.0418 20.6854
30.042 20.7247
30.0423 20.7591
30.0425 20.7892
30.0427 20.6906
30.043 20.6042
30.0563 22.2787
30.0567 21.9939
30.0571 21.8696
30.0573 21.7609
30.0576 21.6658
30.0578 21.4576
30.0581 21.4004
30.0583 21.3503
30.0585 21.3065
30.0588 21.1432
30.059 21.1253
30.0593 21.1097
30.0595 21.0959
30.0597 20.959
30.06 20.8391
30.0602 20.8592
30.0605 20.8768
30.0607 20.7672
30.0609 20.6713
30.0612 20.7124
30.0614 20.7483
30.0617 20.6548
30.0619 20.5729
30.0621 20.6263
30.0624 20.673
30.0626 20.5889
30.0629 20.5153
30.0631 20.5759
30.0633 20.6289
30.0765 22.3003
30.0769 22.0127
30.0773 21.8862
30.0776 21.6504
30.0778 21.4441
30.0781 21.3886
30.0783 21.34
30.0785 21.1725
30.0788 21.0259
30.079 21.0227
30.0793 21.0199
30.0795 20.8924
30.0798 20.7808
30.08 20.6832
30.0802 20.7228
30.0805 20.7575
30.0807 20.6628
30.081 20.5799
30.0812 20.6324
30.0814 20.6784
30.0817 20.5936
30.0819 20.5194
30.0822 20.5795
30.0824 20.632
30.0826 20.553
30.0829 20.4839
30.0831 20.5484
30.0834 20.6049
30.0836 20.5293
30.0838 20.4631
30.097 20.4052
30.0974 20.4796
30.0977 20.4196
30.098 20.3672
30.0982 20.4463
30.0984 20.3905
30.0987 20.3417
30.0989 20.299
30.0992 20.3866
30.0994 20.3383
30.0996 20.296
30.0999 20.259
30.1001 20.3516
30.1004 20.4327
30.1006 20.3786
30.1008 20.3313
30.1011 20.4148
30.1013 20.488
30.1016 20.427
30.1018 20.3736
30.102 20.4519
30.1023 20.5204
30.1025 20.4554
30.1028 20.3984
30.103 20.4736
30.1032 20.5394
30.1035 20.472
30.1037 20.413
30.104 20.3614
30.1042 20.4412
30.1174 20.5111
30.1178 20.4472
30.1181 20.5163
30.1183 20.5767
30.1186 20.6296
30.1188 20.5509
30.119 20.6071
30.1193 20.6562
30.1195 20.6992
30.1198 20.6118
30.12 20.6603
30.1202 20.7028
30.1205 20.7399
30.1207 20.6474
30.121 20.5665
30.1212 20.6207
30.1214 20.6681
30.1217 20.5846
30.1219 20.5115
30.1222 20.5726
30.1224 20.626
30.1227 20.5478
30.1229 20.4793
30.1231 20.5444
30.1234 20.6013
30.1236 20.5262
30.1239 20.4604
30.1241 20.5278
30.1243 20.5869
30.1246 20.6385
30.1376 22.1837
30.1381 22.0357
30.1385 21.9063
30.1387 21.668
30.1389 21.4595
30.1392 21.402
30.1394 21.3518
30.1397 21.1828
30.1399 21.035
30.1401 21.0306
30.1404 21.0268
30.1406 20.8984
30.1409 20.7861
30.1411 20.8129
30.1413 20.8362
30.1416 20.8567
30.1418 20.7496
30.1421 20.7809
30.1423 20.8083
30.1425 20.8323
30.1428 20.7282
30.143 20.7622
30.1433 20.7919
30.1435 20.8179
30.1437 20.7157
30.144 20.6262
30.1442 20.673
30.1445 20.7138
30.1447 20.6246
30.1449 20.5465
30.1579 22.1032
30.1583 21.9653
30.1588 21.7196
30.1591 21.6297
30.1593 21.551
30.1595 21.4821
30.1598 21.2968
30.16 21.2597
30.1603 21.2273
30.1605 21.1989
30.1607 21.049
30.161 20.9179
30.1612 20.9281
30.1615 20.9371
30.1617 20.82
30.1619 20.7175
30.1622 20.7528
30.1624 20.7837
30.1627 20.6857
30.1629 20.6
30.1631 20.65
30.1634 20.6938
30.1636 20.607
30.1639 20.5312
30.1641 20.5898
30.1644 20.641
30.1646 20.6859
30.1648 20.6002
30.1651 20.6502
30.1653 20.6939
30.1656 20.7321
30.1784 20.7656
30.1788 20.6699
30.1792 20.7112
30.1794 20.6223
30.1797 20.5445
30.1799 20.4764
30.1802 20.5419
30.1804 20.4741
30.1806 20.4149
30.1809 20.363
30.1811 20.4426
30.1814 20.5123
30.1816 20.4483
30.1818 20.3922
30.1821 20.4682
30.1823 20.5347
30.1826 20.4678
30.1828 20.4094
30.183 20.4832
30.1833 20.5478
30.1835 20.4793
30.1838 20.4194
30.184 20.367
30.1842 20.4461
30.1845 20.3903
30.1847 20.3415
30.185 20.2989
30.1852 20.3865
30.1854 20.3382
30.1857 20.2959
30.1859 20.2589
30.1988 20.2266
30.1993 20.3232
30.1996 20.2828
30.1998 20.2475
30.2 20.3415
30.2003 20.4238
30.2005 20.3709
30.2008 20.3245
30.201 20.4089
30.2012 20.4828
30.2015 20.5475
30.2017 20.479
30.202 20.4192
30.2022 20.4918
30.2024 20.5553
30.2027 20.4859
30.2029 20.4251
30.2032 20.497
30.2034 20.5599
30.2036 20.4899
30.2039 20.4287
30.2041 20.5001
30.2044 20.5626
30.2046 20.6172
30.2048 20.5401
30.2051 20.5976
30.2053 20.6479
30.2056 20.6919
30.2058 20.6054
30.2061 20.6547
30.2063 20.6979
30.2191 22.3607
30.2196 22.1906
30.2199 21.9167
30.2202 21.8022
30.2204 21.7019
30.2207 21.4891
30.2209 21.303
30.2211 21.2651
30.2214 21.232
30.2216 21.078
30.2219 20.9432
30.2221 20.9503
30.2223 20.9565
30.2226 20.962
30.2228 20.8417
30.2231 20.8615
30.2233 20.8788
30.2235 20.894
30.2238 20.7822
30.224 20.8094
30.2243 20.8333
30.2245 20.8541
30.2247 20.7473
30.225 20.6539
30.2252 20.6972
30.2255 20.735
30.2257 20.6432
30.2259 20.5628
30.2262 20.6174
30.2264 20.6652
30.2267 20.5821
30.2393 22.1343
30.2398 21.8675
30.2403 21.7591
30.2405 21.6642
30.2408 21.4562
30.241 21.3992
30.2413 21.3493
30.2415 21.3056
30.2417 21.1424
30.242 20.9996
30.2422 20.9997
30.2425 20.9997
30.2427 20.8747
30.2429 20.7654
30.2432 20.7947
30.2434 20.8204
30.2437 20.7178
30.2439 20.6281
30.2441 20.6746
30.2444 20.7153
30.2446 20.6259
30.2449 20.5476
30.2451 20.6042
30.2453 20.6536
30.2456 20.6969
30.2458 20.6098
30.2461 20.6586
30.2463 20.7013
30.2465 20.7386
30.2468 20.6463
30.247 20.6905
30.2473 20.7292
30.2598 20.638
30.2603 20.6833
30.2607 20.5979
30.2609 20.5231
30.2611 20.5827
30.2614 20.5099
30.2616 20.4462
30.2619 20.3904
30.2621 20.4666
30.2624 20.5333
30.2626 20.4666
30.2628 20.4083
30.2631 20.4822
30.2633 20.547
30.2636 20.4786
30.2638 20.4188
30.264 20.4914
30.2643 20.555
30.2645 20.4856
30.2648 20.4249
30.265 20.3718
30.2652 20.4503
30.2655 20.394
30.2657 20.3448
30.266 20.3017
30.2662 20.389
30.2664 20.3403
30.2667 20.2978
30.2669 20.2606
30.2672 20.353
30.2674 20.3089
30.2676 20.2703
30.2803 20.3615
30.2808 20.3163
30.281 20.4018
30.2813 20.4765
30.2815 20.417
30.2818 20.3649
30.282 20.3192
30.2822 20.4043
30.2825 20.3538
30.2827 20.3096
30.283 20.2709
30.2832 20.362
30.2834 20.3168
30.2837 20.2772
30.2839 20.2425
30.2842 20.3372
30.2844 20.4201
30.2846 20.3675
30.2849 20.3216
30.2851 20.4064
30.2854 20.4806
30.2856 20.5455
30.2858 20.4773
30.2861 20.5427
30.2863 20.5998
30.2866 20.6499
30.2868 20.5686
30.287 20.6225
30.2873 20.6697
30.2875 20.711
30.2878 20.6221
30.288 20.6694
30.3006 22.2107
30.301 22.0594
30.3014 21.9269
30.3016 21.6861
30.3019 21.4753
30.3021 21.4159
30.3024 21.3639
30.3026 21.3184
30.3028 21.1536
30.3031 21.1344
30.3033 21.1176
30.3036 21.1029
30.3038 20.965
30.3041 20.9694
30.3043 20.9732
30.3045 20.9766
30.3048 20.8545
30.305 20.8727
30.3053 20.8886
30.3055 20.9025
30.3057 20.7897
30.306 20.691
30.3062 20.7296
30.3065 20.7634
30.3067 20.668
30.3069 20.5845
30.3072 20.6364
30.3074 20.6819
30.3077 20.5966
30.3079 20.5221
30.3081 20.5818
30.3084 20.6341
30.3208 22.0548
30.3213 21.923
30.3218 21.6826
30.322 21.5973
30.3223 21.5226
30.3225 21.4573
30.3227 21.2751
30.323 21.1157
30.3232 21.1013
30.3235 21.0886
30.3237 20.9525
30.3239 20.8335
30.3242 20.8543
30.3244 20.8725
30.3247 20.7634
30.3249 20.668
30.3251 20.7095
30.3254 20.7458
30.3256 20.6526
30.3259 20.571
30.3261 20.6246
30.3263 20.6716
30.3266 20.7126
30.3268 20.6235
30.3271 20.6706
30.3273 20.7118
30.3275 20.7478
30.3278 20.6543
30.328 20.6975
30.3283 20.7353
30.3285 20.7684
30.3287 20.6724
30.329 20.5883
30.3413 20.6398
30.3418 20.5598
30.3421 20.6148
30.3424 20.538
30.3426 20.4707
30.3429 20.4119
30.3431 20.4854
30.3433 20.5497
30.3436 20.481
30.3438 20.4209
30.3441 20.4933
30.3443 20.5566
30.3445 20.487
30.3448 20.4262
30.345 20.4979
30.3453 20.5606
30.3455 20.4906
30.3458 20.4292
30.346 20.3756
30.3462 20.4536
30.3465 20.3969
30.3467 20.3473
30.347 20.3039
30.3472 20.3909
30.3474 20.3421
30.3477 20.2993
30.3479 20.2619
30.3482 20.3541
30.3484 20.3099
30.3486 20.2711
30.3489 20.2372
30.3491 20.3326
30.3494 20.416
30.3618 20.364
30.3623 20.4435
30.3625 20.3881
30.3628 20.3396
30.363 20.2971
30.3632 20.385
30.3635 20.3369
30.3637 20.2947
30.364 20.2579
30.3642 20.3507
30.3644 20.3068
30.3647 20.2685
30.3649 20.2349
30.3652 20.3306
30.3654 20.2892
30.3656 20.2531
30.3659 20.2214
30.3661 20.3188
30.3664 20.4039
30.3666 20.3534
30.3668 20.3092
30.3671 20.3956
30.3673 20.4711
30.3676 20.5372
30.3678 20.4701
30.368 20.5363
30.3683 20.5943
30.3685 20.645
30.3688 20.5644
30.369 20.6188
30.3692 20.6665
30.3695 20.7082
30.3697 20.6196
30.382 22.1672
30.3825 22.0213
30.3829 21.7686
30.3831 21.6725
30.3834 21.5885
30.3836 21.5149
30.3838 21.3256
30.3841 21.2849
30.3843 21.2493
30.3846 21.2181
30.3848 21.0658
30.385 21.0576
30.3853 21.0504
30.3855 21.0441
30.3858 20.9136
30.386 20.9244
30.3862 20.9338
30.3865 20.9421
30.3867 20.8243
30.387 20.7213
30.3872 20.7561
30.3875 20.7866
30.3877 20.6883
30.3879 20.6023
30.3882 20.652
30.3884 20.6955
30.3887 20.6085
30.3889 20.5325
30.3891 20.5909
30.3894 20.642
30.3896 20.5618
30.3899 20.4916
30.3901 20.5551
30.4023 22.1107
30.4028 21.8469
30.4033 21.741
30.4035 21.6484
30.4037 21.4423
30.404 21.2621
30.4042 21.2293
30.4045 21.2006
30.4047 21.0506
30.4049 20.9192
30.4052 20.9293
30.4054 20.9382
30.4057 20.8209
30.4059 20.7183
30.4061 20.7535
30.4064 20.7843
30.4066 20.6863
30.4069 20.6005
30.4071 20.6504
30.4073 20.6941
30.4076 20.7324
30.4078 20.6408
30.4081 20.6857
30.4083 20.725
30.4085 20.7594
30.4088 20.6644
30.409 20.7064
30.4093 20.7431
30.4095 20.7752
30.4097 20.6783
30.41 20.5935
30.4102 20.6443
30.4105 20.6888
30.4107 20.6027
30.4228 20.5273
30.4233 20.5864
30.4236 20.5131
30.4239 20.449
30.4241 20.5179
30.4243 20.5781
30.4246 20.5059
30.4248 20.4426
30.4251 20.5123
30.4253 20.5733
30.4255 20.5016
30.4258 20.4389
30.426 20.509
30.4263 20.5704
30.4265 20.4991
30.4267 20.4367
30.427 20.3821
30.4272 20.4594
30.4275 20.4019
30.4277 20.3517
30.4279 20.3077
30.4282 20.3943
30.4284 20.345
30.4287 20.3019
30.4289 20.2641
30.4291 20.3561
30.4294 20.3116
30.4296 20.2726
30.4299 20.2386
30.4301 20.3337
30.4304 20.417
30.4306 20.3649
30.4308 20.3193
30.4311 20.4044
30.4433 20.4788
30.4438 20.419
30.444 20.3666
30.4442 20.4458
30.4445 20.3901
30.4447 20.3413
30.445 20.2986
30.4452 20.3863
30.4454 20.338
30.4457 20.2958
30.4459 20.2588
30.4462 20.3514
30.4464 20.3075
30.4466 20.2691
30.4469 20.2354
30.4471 20.331
30.4474 20.4146
30.4476 20.3628
30.4478 20.3175
30.4481 20.4028
30.4483 20.4774
30.4486 20.4177
30.4488 20.3655
30.449 20.4448
30.4493 20.5142
30.4495 20.45
30.4498 20.3937
30.45 20.3445
30.4502 20.4264
30.4505 20.4981
30.4507 20.4359
30.451 20.3814
30.4512 20.4587
30.4514 20.5264
30.4635 21.9606
30.464 21.8405
30.4644 21.7354
30.4646 21.6435
30.4648 21.4381
30.4651 21.3833
30.4653 21.3354
30.4656 21.2935
30.4658 21.1318
30.466 21.1153
30.4663 21.1009
30.4665 21.0883
30.4668 20.9522
30.467 20.9582
30.4672 20.9634
30.4675 20.968
30.4677 20.847
30.468 20.7411
30.4682 20.7735
30.4684 20.8018
30.4687 20.7016
30.4689 20.6139
30.4692 20.6621
30.4694 20.7044
30.4696 20.6163
30.4699 20.5393
30.4701 20.5969
30.4704 20.6473
30.4706 20.6914
30.4708 20.6049
30.4711 20.6543
30.4713 20.6975
30.4716 20.7353
30.4718 20.6434
30.4838 22.063
30.4842 21.9301
30.4847 21.6889
30.485 21.4777
30.4852 21.418
30.4855 21.3658
30.4857 21.195
30.4859 21.0457
30.4862 21.04
30.4864 21.035
30.4867 20.9056
30.4869 20.7924
30.4871 20.8183
30.4874 20.841
30.4876 20.7359
30.4879 20.6439
30.4881 20.6884
30.4883 20.7274
30.4886 20.7615
30.4888 20.6663
30.4891 20.708
30.4893 20.7445
30.4895 20.7764
30.4898 20.6794
30.49 20.7195
30.4903 20.7545
30.4905 20.7852
30.4907 20.6871
30.491 20.6012
30.4912 20.651
30.4915 20.6946
30.4917 20.6078
30.4919 20.5318
30.4922 20.5904
30.4924 20.6416
30.5043 20.6864
30.5047 20.6006
30.5051 20.6505
30.5053 20.6942
30.5056 20.6074
30.5058 20.5315
30.5061 20.59
30.5063 20.6413
30.5065 20.5611
30.5068 20.491
30.507 20.5546
30.5073 20.6103
30.5075 20.534
30.5077 20.4673
30.508 20.4088
30.5082 20.4827
30.5085 20.4224
30.5087 20.3696
30.5089 20.3234
30.5092 20.408
30.5094 20.357
30.5097 20.3124
30.5099 20.2733
30.5101 20.3641
30.5104 20.3186
30.5106 20.2788
30.5109 20.2439
30.5111 20.3385
30.5113 20.4211
30.5116 20.3685
30.5118 20.3224
30.5121 20.4071
30.5123 20.4812
30.5125 20.4211
30.5128 20.3684
30.5247 20.3224
30.5252 20.4071
30.5255 20.3562
30.5257 20.3117
30.5259 20.2727
30.5262 20.3636
30.5264 20.3182
30.5267 20.2784
30.5269 20.2436
30.5272 20.3382
30.5274 20.2959
30.5276 20.2589
30.5279 20.2265
30.5281 20.3232
30.5284 20.4078
30.5286 20.3568
30.5288 20.3122
30.5291 20.3982
30.5293 20.4734
30.5296 20.4142
30.5298 20.3625
30.53 20.4422
30.5303 20.5119
30.5305 20.4479
30.5308 20.3919
30.531 20.3429
30.5312 20.4251
30.5315 20.3719
30.5317 20.3254
30.532 20.2848
30.5322 20.3742
30.5324 20.3274
30.5327 20.2865
30.5329 20.2507
30.5332 20.3443
30.545 21.8013
30.5455 21.7011
30.5458 21.4885
30.5461 21.4274
30.5463 21.374
30.5466 21.3272
30.5468 21.1613
30.547 21.1412
30.5473 21.1235
30.5475 21.1081
30.5478 20.9696
30.548 20.8484
30.5482 20.8673
30.5485 20.8839
30.5487 20.7734
30.549 20.6767
30.5492 20.7172
30.5494 20.7525
30.5497 20.6584
30.5499 20.5761
30.5502 20.6291
30.5504 20.6755
30.5506 20.591
30.5509 20.5172
30.5511 20.5775
30.5514 20.6303
30.5516 20.6765
30.5518 20.592
30.5521 20.643
30.5523 20.6876
30.5526 20.7266
30.5528 20.6358
30.553 20.6813
30.5533 20.7212
30.5535 20.756
30.5652 22.1615
30.5658 22.0163
30.5663 21.8893
30.5666 21.7781
30.5668 21.5559
30.567 21.4864
30.5673 21.4256
30.5675 21.3724
30.5678 21.2008
30.568 21.1757
30.5682 21.1538
30.5685 21.1345
30.5687 21.1177
30.569 20.978
30.5692 20.9808
30.5695 20.9832
30.5697 20.9853
30.5699 20.8621
30.5702 20.8793
30.5704 20.8944
30.5707 20.9076
30.5709 20.7942
30.5711 20.8199
30.5714 20.8424
30.5716 20.8621
30.5719 20.7543
30.5721 20.785
30.5723 20.8119
30.5726 20.8354
30.5728 20.731
30.5731 20.7646
30.5733 20.794
30.5735 20.8198
30.5738 20.7173
30.574 20.7527
30.5855 22.1586
30.5861 22.0137
30.5866 21.887
30.5868 21.6511
30.5871 21.5698
30.5873 21.4985
30.5875 21.3112
30.5878 21.1473
30.588 21.1289
30.5883 21.1128
30.5885 20.9737
30.5887 20.852
30.589 20.7455
30.5892 20.7773
30.5895 20.8051
30.5897 20.7045
30.5899 20.6164
30.5902 20.6644
30.5904 20.7063
30.5907 20.618
30.5909 20.5408
30.5911 20.5982
30.5914 20.6484
30.5916 20.5674
30.5919 20.4964
30.5921 20.5594
30.5923 20.6145
30.5926 20.5377
30.5928 20.4704
30.5931 20.5366
30.5933 20.5946
30.5935 20.5202
30.5938 20.4552
30.594 20.5233
30.5943 20.5829
30.5945 20.51
30.6059 20.4463
30.6066 20.3905
30.6069 20.3417
30.6072 20.424
30.6074 20.371
30.6077 20.3246
30.6079 20.284
30.6081 20.3735
30.6084 20.3268
30.6086 20.286
30.6089 20.2502
30.6091 20.3439
30.6093 20.426
30.6096 20.3727
30.6098 20.3261
30.6101 20.4104
30.6103 20.4841
30.6105 20.4236
30.6108 20.3706
30.611 20.4493
30.6113 20.5181
30.6115 20.4534
30.6118 20.3967
30.612 20.3471
30.6122 20.4287
30.6125 20.3751
30.6127 20.3282
30.613 20.2872
30.6132 20.3763
30.6134 20.3293
30.6137 20.2881
30.6139 20.2521
30.6142 20.3456
30.6144 20.3024
30.6146 20.2646
30.6149 20.2315
30.6262 20.3276
30.6271 20.4116
30.6273 20.4852
30.6276 20.4245
30.6278 20.3715
30.628 20.45
30.6283 20.5188
30.6285 20.5789
30.6288 20.5066
30.629 20.4432
30.6292 20.5128
30.6295 20.5737
30.6297 20.502
30.63 20.4393
30.6302 20.5094
30.6304 20.5707
30.6307 20.4993
30.6309 20.4369
30.6312 20.5073
30.6314 20.5689
30.6316 20.4978
30.6319 20.4356
30.6321 20.5061
30.6324 20.5678
30.6326 20.6219
30.6328 20.5441
30.6331 20.6011
30.6333 20.651
30.6336 20.6946
30.6338 20.6078
30.634 20.6568
30.6343 20.6997
30.6345 20.7372
30.6348 20.6451
30.635 20.6894
30.6352 20.7283
30.6465 22.1372
30.6473 21.9951
30.6477 21.7457
30.6479 21.5275
30.6482 21.4615
30.6484 21.4039
30.6486 21.2284
30.6489 21.0748
30.6491 21.0655
30.6494 21.0573
30.6496 21.0501
30.6498 20.9189
30.6501 20.929
30.6503 20.9379
30.6506 20.9456
30.6508 20.8274
30.651 20.849
30.6513 20.8679
30.6515 20.8844
30.6518 20.7738
30.652 20.8021
30.6522 20.8268
30.6525 20.8485
30.6527 20.7424
30.653 20.6496
30.6532 20.6934
30.6535 20.7317
30.6537 20.6403
30.6539 20.5602
30.6542 20.6152
30.6544 20.6633
30.6547 20.5804
30.6549 20.5078
30.6551 20.5694
30.6554 20.6232
30.6556 20.5453
30.6667 21.8521
30.6676 21.7456
30.6681 21.6524
30.6683 21.5709
30.6685 21.4995
30.6688 21.3121
30.669 21.2731
30.6693 21.2389
30.6695 21.2091
30.6697 21.0579
30.67 20.9257
30.6702 20.935
30.6705 20.9431
30.6707 20.8252
30.6709 20.7221
30.6712 20.7568
30.6714 20.7872
30.6717 20.6888
30.6719 20.6027
30.6721 20.6524
30.6724 20.6958
30.6726 20.6088
30.6729 20.5327
30.6731 20.5911
30.6733 20.6422
30.6736 20.687
30.6738 20.6011
30.6741 20.651
30.6743 20.6946
30.6745 20.7328
30.6748 20.6412
30.675 20.686
30.6753 20.7253
30.6755 20.7596
30.6757 20.6647
30.676 20.5816
30.6762 20.6339
30.6872 20.6796
30.6881 20.7197
30.6884 20.6297
30.6887 20.551
30.6889 20.4821
30.6891 20.5469
30.6894 20.4785
30.6896 20.4187
30.6899 20.3664
30.6901 20.4456
30.6903 20.5149
30.6906 20.4505
30.6908 20.3942
30.6911 20.4699
30.6913 20.5362
30.6915 20.4692
30.6918 20.4105
30.692 20.4842
30.6923 20.5487
30.6925 20.4801
30.6927 20.4201
30.693 20.3676
30.6932 20.4466
30.6935 20.3908
30.6937 20.3419
30.6939 20.2992
30.6942 20.3868
30.6944 20.3385
30.6947 20.2961
30.6949 20.2591
30.6951 20.3517
30.6954 20.3078
30.6956 20.2693
30.6959 20.2356
30.6961 20.3312
30.6964 20.4148
30.6966 20.3629
30.7077 20.3176
30.7088 20.2779
30.7094 20.3681
30.7099 20.4471
30.7104 20.6412
30.7108 20.6861
30.7113 20.8503
30.7118 20.994
30.7123 21.2448
30.7126 21.3392
30.7129 21.4218
30.7131 21.6191
30.7134 21.7917
30.7136 21.8177
30.7138 21.8405
30.7141 21.9854
30.7143 22.1123
30.7146 22.2232
30.7148 22.1953
30.715 22.2959
30.7153 22.3839
30.7155 22.4609
30.7158 22.5283
30.716 22.4623
30.7162 22.5295
30.7165 22.5883
30.7167 22.6398
30.717 22.5598
30.7172 22.6148
30.7174 22.663
30.7177 22.7051
30.7179 22.617
30.7182 22.6648
30.7184 22.7067
30.7186 22.7434
30.7189 22.6505
30.7191 22.6942
30.728 23.7324
30.729 23.5158
30.7295 23.2014
30.7299 22.9262
30.7302 22.8104
30.7306 22.7091
30.731 22.6205
30.7313 22.6679
30.7317 22.7094
30.732 22.8707
30.7324 23.0119
30.7328 23.1354
30.7331 23.3685
30.7335 23.5724
30.7338 23.6259
30.7342 23.7976
30.7346 23.8229
30.7348 23.8451
30.735 23.8644
30.7353 23.8814
30.7355 23.7712
30.7358 23.6748
30.736 23.7155
30.7362 23.626
30.7365 23.5478
30.7367 23.4793
30.737 23.4194
30.7372 23.367
30.7375 23.3211
30.7377 23.281
30.7379 23.2458
30.7382 23.2151
30.7384 23.1882
30.7387 23.1647
30.7389 23.1441
30.7391 23.2511
30.7394 23.2197
30.7396 23.1922
30.7399 23.1682
30.7401 23.2722
30.7403 23.2382
30.7406 23.2084
30.7408 23.1823
30.7411 23.2845
30.7413 23.249
30.7415 23.2179
30.7418 23.1906
30.742 23.2918
30.7502 24.2553
30.7513 24.2234
30.7517 23.9455
30.7521 23.8273
30.7525 23.7239
30.7528 23.5084
30.7532 23.4448
30.7536 23.3892
30.7539 23.2156
30.7543 23.1886
30.7546 23.0401
30.755 22.91
30.7554 22.9213
30.7557 22.8061
30.7561 22.8304
30.7564 22.8516
30.7568 22.7451
30.757 22.777
30.7573 22.8049
30.7575 22.7042
30.7578 22.6162
30.758 22.5392
30.7582 22.5968
30.7585 22.5222
30.7587 22.4569
30.759 22.3998
30.7592 22.4748
30.7594 22.5405
30.7597 22.4729
30.7599 22.4138
30.7602 22.4871
30.7604 22.5512
30.7606 22.4823
30.7609 22.422
30.7611 22.4943
30.7614 22.5575
30.7616 22.4878
30.7618 22.4268
30.7621 22.4985
30.7623 22.5612
30.7626 22.491
30.7628 22.4296
30.763 22.5009
30.7633 22.5633
30.7635 22.4929
30.7638 22.4313
30.764 22.5024
30.7642 22.5646
30.7724 23.494
30.7735 23.4323
30.774 23.2532
30.7743 23.2216
30.7748 23.0689
30.7751 23.0603
30.7755 23.0527
30.7758 22.9211
30.7763 22.931
30.7765 22.9396
30.777 22.8222
30.7772 22.8444
30.7777 22.8638
30.7779 22.7559
30.7784 22.7864
30.7787 22.6881
30.7791 22.7271
30.7794 22.7612
30.7796 22.666
30.7799 22.5828
30.7801 22.6349
30.7803 22.6806
30.7806 22.7205
30.7808 22.6304
30.7811 22.6766
30.7813 22.7171
30.7815 22.7524
30.7818 22.6584
30.782 22.7011
30.7823 22.7384
30.7825 22.7711
30.7828 22.6747
30.783 22.5904
30.7832 22.6416
30.7835 22.6864
30.7837 22.6006
30.784 22.5255
30.7842 22.5848
30.7844 22.6367
30.7847 22.5571
30.7849 22.4875
30.7852 22.5516
30.7854 22.6076
30.7856 22.5317
30.7859 22.4652
30.7861 22.5321
30.7864 22.5905
30.7866 22.5167
30.7868 22.4521
30.795 22.5206
30.7962 22.5805
30.7967 22.633
30.797 22.6788
30.7975 22.719
30.7978 22.6291
30.7983 22.6755
30.7985 22.716
30.799 22.6265
30.7992 22.6732
30.7997 22.7141
30.7999 22.6248
30.8004 22.6717
30.8007 22.7127
30.8011 22.7486
30.8014 22.7801
30.8019 22.6826
30.8021 22.7222
30.8023 22.757
30.8026 22.7873
30.8028 22.6889
30.8031 22.7278
30.8033 22.7618
30.8035 22.7916
30.8038 22.6927
30.804 22.7311
30.8043 22.7647
30.8045 22.7941
30.8047 22.6948
30.805 22.608
30.8052 22.657
30.8055 22.6999
30.8057 22.7374
30.8059 22.6452
30.8062 22.6896
30.8064 22.7284
30.8067 22.7623
30.8069 22.667
30.8071 22.7086
30.8074 22.7451
30.8076 22.7769
30.8079 22.6798
30.8081 22.7198
30.8083 22.7549
30.8086 22.7855
30.8088 22.6873
30.8091 22.7264
30.8093 22.7606
30.8095 22.7905
30.8177 22.6917
30.8189 22.6052
30.8194 22.6546
30.8198 22.5728
30.8201 22.6262
30.8205 22.6729
30.8208 22.5888
30.8212 22.6402
30.8216 22.6852
30.8219 22.5995
30.8223 22.6496
30.8226 22.6934
30.823 22.7317
30.8234 22.7652
30.8237 22.6696
30.8241 22.7109
30.8244 22.747
30.8247 22.6536
30.8249 22.5719
30.8252 22.6254
30.8254 22.6723
30.8256 22.5882
30.8259 22.5147
30.8261 22.5754
30.8264 22.6284
30.8266 22.5499
30.8268 22.4812
30.8271 22.546
30.8273 22.6028
30.8276 22.6524
30.8278 22.5709
30.8281 22.6245
30.8283 22.6714
30.8285 22.7125
30.8288 22.6234
30.829 22.6705
30.8293 22.7117
30.8295 22.7477
30.8297 22.6543
30.83 22.5725
30.8302 22.6259
30.8305 22.6727
30.8307 22.7136
30.8309 22.6244
30.8312 22.6713
30.8314 22.7124
30.8317 22.7484
30.8319 22.6548
30.8323 22.698
30.8404 23.7357
30.8416 23.7688
30.8421 23.7977
30.8425 23.698
30.8428 23.6107
30.8432 23.5344
30.8436 23.4676
30.8439 23.4091
30.8443 23.358
30.8446 23.3132
30.845 23.2741
30.8454 23.2398
30.8457 23.2098
30.8461 23.1836
30.8464 23.1607
30.8468 23.1406
30.8472 23.123
30.8474 23.1076
30.8476 23.0942
30.8479 23.0824
30.8481 23.0721
30.8484 23.0631
30.8486 23.0552
30.8488 23.0483
30.8491 23.0423
30.8493 23.037
30.8496 23.0324
30.8498 23.0283
30.85 23.0248
30.8503 23.0217
30.8505 23.019
30.8508 23.0166
30.851 23.0145
30.8512 23.0127
30.8515 23.0111
30.8517 23.0097
30.852 22.8835
30.8522 22.8981
30.8524 22.9108
30.8527 22.922
30.8529 22.9317
30.8532 22.9402
30.8534 22.9477
30.8536 22.9543
30.8539 22.96
30.8541 22.965
30.8544 22.9694
30.8546 22.9732
30.855 22.9765
30.8631 23.9795
30.8643 23.982
30.8648 23.8593
30.8652 23.7519
30.8657 23.6579
30.8659 23.5756
30.8664 23.5037
30.8666 23.4407
30.8671 23.5106
30.8673 23.4468
30.8678 23.391
30.8681 23.4671
30.8685 23.4087
30.8688 23.3576
30.8693 23.3129
30.8695 23.2738
30.87 23.2396
30.8702 23.2096
30.8705 23.1834
30.8707 23.1605
30.8709 23.1404
30.8712 23.1229
30.8714 23.1075
30.8717 23.0941
30.8719 23.0823
30.8721 23.072
30.8724 23.063
30.8726 23.0551
30.8729 23.0483
30.8731 23.0422
30.8734 23.0369
30.8736 23.0323
30.8738 23.0283
30.8741 23.0247
30.8743 23.0217
30.8746 23.0189
30.8748 23.0166
30.875 23.1395
30.8753 23.1221
30.8755 23.1068
30.8758 23.0935
30.876 23.0818
30.8762 23.0716
30.8765 23.0626
30.8767 23.0548
30.877 23.0479
30.8772 23.0419
30.8774 23.0367
30.8777 23.0321
30.878 23.1531
30.8862 23.134
30.8875 23.1172
30.888 23.2276
30.8884 23.1991
30.8889 23.1742
30.8891 23.2774
30.8896 23.2428
30.8898 23.2124
30.8903 23.1859
30.8905 23.1626
30.891 23.2673
30.8913 23.2339
30.8917 23.2047
30.892 23.1791
30.8925 23.1567
30.8927 23.1371
30.8932 23.245
30.8934 23.2143
30.8937 23.1875
30.8939 23.1641
30.8941 23.2686
30.8944 23.235
30.8946 23.2056
30.8949 23.1799
30.8951 23.2824
30.8953 23.2471
30.8956 23.2162
30.8958 23.1892
30.8961 23.2906
30.8963 23.2542
30.8965 23.2225
30.8968 23.1947
30.897 23.2953
30.8973 23.2584
30.8975 23.2261
30.8977 23.1978
30.898 23.1731
30.8982 23.1515
30.8985 23.1325
30.8987 23.116
30.8989 23.1015
30.8992 23.2138
30.8994 23.1871
30.8997 23.1637
30.8999 23.1432
30.9001 23.2503
30.9004 23.219
30.9006 23.1916
30.9009 23.1677
30.9012 23.1467
30.9094 23.1284
30.9107 23.1123
30.9112 23.0983
30.9116 23.086
30.9119 23.0753
30.9123 23.0658
30.9126 23.0576
30.913 23.1754
30.9134 23.1535
30.9137 23.1343
30.9141 23.1175
30.9144 23.1028
30.9148 23.09
30.9152 23.2037
30.9155 23.1783
30.9159 23.156
30.9162 23.1365
30.9165 23.1194
30.9167 23.1045
30.917 23.0914
30.9172 23.08
30.9174 23.07
30.9177 23.0612
30.9179 23.0536
30.9182 23.0469
30.9184 23.041
30.9187 23.0359
30.9189 23.0314
30.9191 23.0275
30.9194 23.0241
30.9196 23.021
30.9199 23.0184
30.9201 23.0161
30.9203 23.0141
30.9206 23.0123
30.9208 23.0108
30.9211 23.1344
30.9213 23.1176
30.9215 23.1029
30.9218 23.0901
30.922 23.2038
30.9223 23.1783
30.9225 23.156
30.9227 23.1365
30.923 23.1195
30.9232 23.1045
30.9235 23.0915
30.9237 23.08
30.9239 23.07
30.9244 23.1863
30.9326 24.163
30.9339 24.1426
30.9344 24.1248
30.9348 23.9842
30.9351 23.9862
30.9355 23.9879
30.9358 23.8644
30.9362 23.8814
30.9366 23.7712
30.9369 23.6748
30.9373 23.7154
30.9376 23.626
30.938 23.5478
30.9384 23.6043
30.9387 23.5288
30.9391 23.5877
30.9394 23.6392
30.9397 23.5593
30.9399 23.4894
30.9402 23.5532
30.9404 23.6091
30.9406 23.5329
30.9409 23.4663
30.9411 23.533
30.9414 23.5914
30.9416 23.5175
30.9418 23.4528
30.9421 23.5212
30.9423 23.581
30.9426 23.5084
30.9428 23.4449
30.943 23.5142
30.9433 23.575
30.9435 23.5031
30.9438 23.4402
30.944 23.5102
30.9442 23.5714
30.9445 23.5
30.9447 23.4375
30.945 23.3828
30.9452 23.4599
30.9454 23.4025
30.9457 23.3521
30.9459 23.3081
30.9462 23.3946
30.9464 23.4703
30.9466 23.4115
30.9469 23.3601
30.9471 23.4401
30.9476 23.51
30.9558 24.4463
30.9571 24.5155
30.9576 24.4511
30.9579 24.2697
30.9584 24.236
30.9587 24.0815
30.9591 24.0713
30.9594 24.0624
30.9599 23.9296
30.9601 23.9384
30.9606 23.9461
30.9608 23.8278
30.9613 23.8493
30.9615 23.8682
30.962 23.8847
30.9623 23.8991
30.9628 23.7867
30.963 23.6884
30.9632 23.7273
30.9635 23.7614
30.9637 23.6662
30.964 23.5829
30.9642 23.6351
30.9644 23.6807
30.9647 23.5956
30.9649 23.5212
30.9652 23.581
30.9654 23.6334
30.9656 23.5542
30.9659 23.4849
30.9661 23.5493
30.9664 23.6056
30.9666 23.5299
30.9668 23.4637
30.9671 23.5307
30.9673 23.5894
30.9676 23.5157
30.9678 23.4513
30.968 23.5198
30.9683 23.5799
30.9685 23.6324
30.9688 23.5533
30.969 23.4842
30.9692 23.5486
30.9695 23.6051
30.9697 23.5294
30.97 23.4633
30.9702 23.5303
30.9704 23.5891
30.9708 23.5154
30.979 24.451
30.9804 24.5196
30.9809 24.3297
30.9813 24.2885
30.9816 24.2524
30.9821 24.2208
30.9823 24.1932
30.9828 24.0441
30.9831 24.0386
30.9835 24.0338
30.9838 23.9045
30.9843 23.9165
30.9845 23.9269
30.985 23.811
30.9852 23.8347
30.9857 23.7303
30.9859 23.639
30.9864 23.6842
30.9867 23.7236
30.9869 23.6332
30.9871 23.679
30.9874 23.7192
30.9876 23.7543
30.9879 23.66
30.9881 23.7025
30.9883 23.7397
30.9886 23.7722
30.9888 23.6757
30.9891 23.7162
30.9893 23.7517
30.9895 23.7827
30.9898 23.6849
30.99 23.7243
30.9903 23.7587
30.9905 23.7889
30.9907 23.6903
30.991 23.604
30.9912 23.6535
30.9915 23.6968
30.9917 23.6097
30.9919 23.5335
30.9922 23.5918
30.9924 23.6428
30.9927 23.6875
30.9929 23.6015
30.9932 23.6514
30.9934 23.6949
30.9936 23.7331
30.9939 23.6414
30.9941 23.6863
30.9945 23.7255
31.0026 23.7598
31.0041 23.7898
31.0044 23.8161
31.0049 23.7141
31.0053 23.7498
31.0056 23.6561
31.006 23.6991
31.0064 23.7367
31.0067 23.6446
31.0071 23.689
31.0074 23.7279
31.0078 23.6369
31.0082 23.6823
31.0085 23.722
31.0089 23.6318
31.0093 23.6778
31.0096 23.7181
31.01 23.6283
31.0102 23.6748
31.0105 23.7154
31.0107 23.626
31.0109 23.5477
31.0112 23.6043
31.0114 23.6537
31.0117 23.572
31.0119 23.5005
31.0121 23.563
31.0124 23.6176
31.0126 23.5404
31.0129 23.4728
31.0131 23.5387
31.0133 23.5964
31.0136 23.5218
31.0138 23.4566
31.0141 23.5245
31.0143 23.584
31.0145 23.636
31.0148 23.5565
31.015 23.6119
31.0153 23.6604
31.0155 23.7029
31.0157 23.615
31.016 23.5381
31.0162 23.5959
31.0165 23.6464
31.0167 23.5656
31.0169 23.4949
31.0172 23.558
31.0174 23.6133
31.0177 23.5366
31.0181 23.5945
31.0263 23.6452
31.0279 23.5646
31.0282 23.619
31.0286 23.6666
31.0291 23.8333
31.0293 23.8541
31.0297 23.8724
31.03 23.8883
31.0304 23.9023
31.0308 23.9145
31.0311 23.9252
31.0315 23.9345
31.0318 23.9427
31.0322 23.9499
31.0326 23.9561
31.0329 23.9616
31.0333 23.9664
31.0336 23.9706
31.0339 23.9743
31.0341 23.9775
31.0344 23.9803
31.0346 23.9828
31.0348 23.9849
31.0351 23.9868
31.0353 23.9885
31.0356 23.9899
31.0358 23.9912
31.036 23.9923
31.0363 23.9932
31.0365 23.9941
31.0368 23.9948
31.037 23.9955
31.0372 23.996
31.0375 23.9965
31.0377 23.997
31.038 23.8723
31.0382 23.8883
31.0385 23.9023
31.0387 23.9145
31.0389 23.8002
31.0392 23.8251
31.0394 23.847
31.0397 23.8661
31.0399 23.8829
31.0401 23.8975
31.0404 23.9103
31.0406 23.9215
31.0409 23.9313
31.0411 23.9399
31.0413 23.9474
31.0418 23.954
31.05 24.8347
31.0515 24.8554
31.0519 24.7485
31.0524 24.6549
31.0527 24.5731
31.0531 24.5014
31.0534 24.4387
31.0538 24.3839
31.0541 24.3359
31.0546 24.2939
31.0548 24.2572
31.0553 24.225
31.0555 24.1969
31.056 24.1723
31.0562 24.1508
31.0567 24.1319
31.057 24.1154
31.0574 24.101
31.0577 24.0884
31.0579 24.0773
31.0582 24.0677
31.0584 24.0592
31.0586 24.0518
31.0589 24.0453
31.0591 24.0397
31.0594 24.0347
31.0596 24.0304
31.0598 24.0266
31.0601 24.0232
31.0603 24.0203
31.0606 24.0178
31.0608 24.0156
31.061 24.0136
31.0613 24.0119
31.0615 24.0104
31.0618 24.0091
31.062 24.133
31.0622 24.1164
31.0625 24.1018
31.0627 24.0891
31.063 24.078
31.0632 24.0682
31.0634 24.0597
31.0637 24.0522
31.0639 24.0457
31.0642 24.04
31.0644 24.035
31.0646 24.0306
31.0649 24.0268
31.0651 24.0234
31.0655 24.0205
31.0737 25.0179
31.0752 25.1407
31.0758 24.9981
31.0762 24.9983
31.0765 24.8736
31.077 24.8894
31.0773 24.7782
31.0776 24.6809
31.078 24.5958
31.0783 24.5213
31.0787 24.4562
31.0789 24.3991
31.0794 24.3492
31.0797 24.3056
31.0801 24.3924
31.0804 24.3433
31.0809 24.3004
31.0811 24.3879
31.0816 24.3394
31.0818 24.297
31.0821 24.3848
31.0823 24.3367
31.0825 24.2946
31.0828 24.2578
31.083 24.3506
31.0833 24.3068
31.0835 24.2684
31.0838 24.2349
31.084 24.2055
31.0842 24.1798
31.0845 24.1573
31.0847 24.1377
31.085 24.1205
31.0852 24.1054
31.0854 24.0922
31.0857 24.0807
31.0859 24.0706
31.0862 24.0618
31.0864 24.0541
31.0866 24.0473
31.0869 24.0414
31.0871 24.1612
31.0874 24.1411
31.0876 24.1234
31.0878 24.108
31.0881 24.2195
31.0883 24.1921
31.0886 24.1681
31.0888 24.147
31.089 24.2537
31.0893 24.222
31.0896 24.1942
31.0978 24.1699
31.0994 24.1487
31.0999 24.1301
31.1003 24.1138
31.1007 24.0996
31.1011 24.0872
31.1013 24.0763
31.1018 24.0667
31.102 24.1834
31.1025 24.1605
31.1027 24.1404
31.1031 24.2479
31.1035 24.2169
31.1038 24.1898
31.1042 24.166
31.1045 24.1453
31.1049 24.1271
31.1053 24.1112
31.1056 24.0973
31.1059 24.0852
31.1061 24.0745
31.1063 24.0652
31.1066 24.0571
31.1068 24.0499
31.1071 24.0437
31.1073 24.0382
31.1075 24.0334
31.1078 24.0293
31.108 24.1506
31.1083 24.1318
31.1085 24.1153
31.1087 24.1009
31.109 24.0883
31.1092 24.0772
31.1095 24.0676
31.1097 24.0591
31.1099 24.0517
31.1102 24.0453
31.1104 24.0396
31.1107 24.0347
31.1109 24.0303
31.1111 24.0265
31.1114 24.0232
31.1116 24.0203
31.1119 24.0178
31.1121 24.0156
31.1123 24.0136
31.1126 24.0119
31.1128 24.0104
31.1131 24.0091
31.1133 24.008
31.1138 24.007
31.122 24.0061
31.1235 24.0053
31.124 24.1297
31.1244 24.1135
31.1248 24.0993
31.1251 24.0869
31.1254 24.076
31.1258 24.0665
31.1262 24.0582
31.1265 24.0509
31.1268 24.0446
31.1272 24.039
31.1275 24.0341
31.128 24.0298
31.1283 24.0261
31.1288 24.0229
31.1291 24.145
31.1295 24.1269
31.1298 24.111
31.13 24.2221
31.1303 24.3194
31.1305 24.2794
31.1307 24.2445
31.131 24.2139
31.1312 24.3122
31.1315 24.2732
31.1317 24.239
31.1319 24.2092
31.1322 24.308
31.1324 24.2695
31.1327 24.2358
31.1329 24.2063
31.1331 24.3055
31.1334 24.3924
31.1336 24.3433
31.1339 24.3004
31.1341 24.3878
31.1343 24.4644
31.1346 24.4063
31.1348 24.3555
31.1351 24.4361
31.1353 24.5066
31.1355 24.4433
31.1358 24.3878
31.136 24.4644
31.1363 24.5313
31.1365 24.4649
31.1367 24.4068
31.137 24.3559
31.1372 24.4364
31.1376 24.3819
31.1379 24.3342
31.1461 25.4174
31.1477 25.4902
31.1482 25.4289
31.1485 25.2503
31.149 25.094
31.1492 25.0823
31.1496 24.947
31.15 24.8286
31.1503 24.85
31.1507 24.7438
31.1509 24.6508
31.1514 24.6945
31.1516 24.6076
31.1521 24.6567
31.1526 24.6996
31.153 24.6122
31.1533 24.6606
31.1537 24.5781
31.154 24.6308
31.1543 24.6769
31.1545 24.5923
31.1548 24.5183
31.155 24.5785
31.1552 24.6312
31.1555 24.6773
31.1557 24.5926
31.156 24.5185
31.1562 24.5787
31.1564 24.6314
31.1567 24.5525
31.1569 24.4834
31.1572 24.548
31.1574 24.6045
31.1576 24.5289
31.1579 24.4628
31.1581 24.53
31.1584 24.5887
31.1586 24.5151
31.1589 24.4507
31.1591 24.5194
31.1593 24.5795
31.1596 24.507
31.1598 24.4437
31.1601 24.5132
31.1603 24.574
31.1605 24.5023
31.1608 24.4395
31.161 24.5096
31.1613 24.5709
31.1615 24.6245
31.1617 24.5464
31.1622 24.6031
31.1703 25.6527
31.1718 25.5712
31.1723 25.4998
31.1728 25.3123
31.1732 25.2733
31.1735 25.2391
31.1738 25.0842
31.1742 25.0737
31.1745 25.0645
31.175 24.9314
31.1752 24.94
31.1756 24.9475
31.1759 24.829
31.1763 24.8504
31.1768 24.7441
31.1771 24.7761
31.1776 24.8041
31.1778 24.7036
31.1783 24.7406
31.1786 24.6481
31.1788 24.567
31.179 24.6212
31.1793 24.6685
31.1795 24.585
31.1798 24.5118
31.18 24.4479
31.1802 24.5169
31.1805 24.5773
31.1807 24.5051
31.181 24.442
31.1812 24.5117
31.1814 24.5728
31.1817 24.5012
31.1819 24.4385
31.1822 24.5087
31.1824 24.5701
31.1826 24.4988
31.1829 24.4365
31.1831 24.5069
31.1834 24.5686
31.1836 24.4975
31.1838 24.4353
31.1841 24.5059
31.1843 24.5677
31.1846 24.4967
31.1848 24.4346
31.185 24.5053
31.1853 24.5671
31.1855 24.4962
31.1858 24.4342
31.186 24.5049
31.1862 24.5668
31.1867 24.496
31.1948 24.434
31.1965 24.5047
31.1969 24.4416
31.1974 24.5114
31.1978 24.4475
31.1981 24.5166
31.1984 24.577
31.1989 24.5049
31.1991 24.5668
31.1996 24.6209
31.1998 24.5433
31.2002 24.6004
31.2005 24.6503
31.2009 24.569
31.2014 24.6229
31.2017 24.545
31.2022 24.6019
31.2025 24.6517
31.2029 24.5702
31.2032 24.6239
31.2034 24.6709
31.2037 24.5871
31.2039 24.5137
31.2042 24.5745
31.2044 24.6277
31.2046 24.6742
31.2049 24.5899
31.2051 24.6412
31.2054 24.686
31.2056 24.7253
31.2058 24.6346
31.2061 24.6803
31.2063 24.7203
31.2066 24.7552
31.2068 24.6608
31.207 24.7032
31.2073 24.7403
31.2075 24.7728
31.2078 24.6762
31.208 24.5917
31.2082 24.6427
31.2085 24.6874
31.2087 24.6014
31.209 24.5263
31.2092 24.5855
31.2094 24.6373
31.2097 24.5576
31.2099 24.4879
31.2102 24.5519
31.2104 24.6079
31.2106 24.532
31.2109 24.4655
31.2114 24.5323
31.2194 24.5907
31.2211 24.6419
31.2216 24.6867
31.2219 24.6008
31.2224 24.6507
31.2227 24.5694
31.223 24.6232
31.2234 24.6703
31.2237 24.5865
31.2241 24.6382
31.2243 24.6834
31.2248 24.598
31.2251 24.6482
31.2255 24.6922
31.226 24.7307
31.2264 24.7644
31.2267 24.6688
31.2271 24.7102
31.2275 24.7464
31.2277 24.6531
31.2279 24.5715
31.2282 24.625
31.2284 24.6719
31.2287 24.5879
31.2289 24.5144
31.2291 24.5751
31.2294 24.6282
31.2296 24.5497
31.2299 24.481
31.2301 24.5459
31.2303 24.6026
31.2306 24.5273
31.2308 24.4614
31.2311 24.5287
31.2313 24.5876
31.2315 24.6392
31.2318 24.5593
31.232 24.6144
31.2323 24.6626
31.2325 24.7047
31.2327 24.7417
31.233 24.6489
31.2332 24.6928
31.2335 24.7312
31.2337 24.7648
31.234 24.6692
31.2342 24.7106
31.2344 24.7467
31.2347 24.7784
31.2349 24.6811
31.2352 24.721
31.2355 24.7558
31.2359 24.7864
31.244 25.8131
31.2457 25.8364
31.2462 25.7319
31.2466 25.6404
31.247 25.6853
31.2473 25.5997
31.2476 25.5247
31.248 25.4591
31.2484 25.4017
31.2487 25.3515
31.249 25.1826
31.2495 25.1598
31.2497 25.1398
31.2502 25.1223
31.2507 25.107
31.251 25.0936
31.2514 25.0819
31.2517 25.0717
31.2521 25.0627
31.2523 25.0549
31.2526 25.048
31.2528 25.042
31.2531 25.0368
31.2533 25.0322
31.2535 25.0282
31.2538 25.0246
31.254 25.0216
31.2543 25.0189
31.2545 25.0165
31.2547 25.0144
31.255 24.8876
31.2552 24.9017
31.2555 24.914
31.2557 24.9247
31.2559 24.8091
31.2562 24.833
31.2564 24.8539
31.2567 24.8721
31.2569 24.7631
31.2571 24.7927
31.2574 24.8186
31.2576 24.8413
31.2579 24.8611
31.2581 24.8785
31.2583 24.8937
31.2586 24.907
31.2588 24.9186
31.2591 24.9288
31.2593 24.9377
31.2595 24.9455
31.2598 24.9523
31.2601 24.9582
31.2605 24.9635
31.2687 25.968
31.2704 25.972
31.2708 25.8505
31.2713 25.7442
31.2717 25.6512
31.272 25.5698
31.2723 25.4986
31.2728 25.4362
31.273 25.3817
31.2735 25.334
31.2737 25.2922
31.2741 25.3807
31.2744 25.3331
31.2748 25.2915
31.2753 25.255
31.2756 25.2232
31.2761 25.1953
31.2764 25.1709
31.2768 25.1495
31.2771 25.1308
31.2773 25.1145
31.2776 25.1002
31.2778 25.0876
31.278 25.0767
31.2783 25.0671
31.2785 25.0587
31.2788 25.0514
31.279 25.0449
31.2793 25.0393
31.2795 25.0344
31.2797 25.0301
31.28 25.0263
31.2802 25.0231
31.2805 25.0202
31.2807 25.0176
31.2809 25.0154
31.2812 25.0135
31.2814 25.0118
31.2817 25.0103
31.2819 25.0091
31.2821 25.0079
31.2824 25.0069
31.2826 25.0061
31.2829 25.0053
31.2831 25.0046
31.2833 25.0041
31.2836 25.0036
31.2838 25.0031
31.2841 25.0027
31.2843 25.0024
31.2845 25.0021
31.2848 25.0018
31.2851 25.0016
31.2855 25.0014
31.2937 25.0012
31.2955 25.0011
31.296 25.0009
31.2964 25.0008
31.2968 25.0007
31.2972 25.0006
31.2974 25.0005
31.2979 25.0005
31.2981 25.0004
31.2986 25.0004
31.2988 25.0003
31.2992 25.0003
31.2996 25.0002
31.2999 25.0002
31.3004 25.0002
31.3008 25.0002
31.3012 25.0001
31.3015 25.0001
31.302 25.0001
31.3022 25.0001
31.3024 25.0001
31.3027 25.0001
31.3029 25.0001
31.3032 25.0001
31.3034 25
31.3036 25
31.3039 25
31.3041 25
31.3044 25
31.3046 25
31.3048 25
31.3051 25.125
31.3053 25.1094
31.3056 25.0957
31.3058 25.0837
31.306 25.1983
31.3063 25.1735
31.3065 25.1518
31.3068 25.1328
31.307 25.2412
31.3072 25.2111
31.3075 25.1847
31.3077 25.1616
31.308 25.1414
31.3082 25.1237
31.3085 25.1083
31.3087 25.0947
31.3089 25.0829
31.3092 25.0725
31.3094 25.0635
31.3097 25.0555
31.3099 25.0486
31.3103 25.0425
31.3106 25.0372
31.3188 25.0325
31.3206 25.0285
31.3211 25.1499
31.3214 25.1312
31.3219 25.1148
31.3221 25.1004
31.3225 25.0879
31.3229 25.0769
31.3232 25.0673
31.3236 25.0589
31.3238 25.0515
31.3243 25.0451
31.3246 25.0394
31.325 25.1595
31.3255 25.1396
31.3259 25.1221
31.3262 25.1069
31.3266 25.0935
31.327 25.0818
31.3272 25.0716
31.3274 25.0626
31.3277 25.0548
31.3279 25.048
31.3282 25.042
31.3284 25.0367
31.3286 25.0321
31.3289 25.0281
31.3291 25.0246
31.3294 25.0215
31.3296 25.0188
31.3298 25.0165
31.3301 25.0144
31.3303 25.0126
31.3306 25.011
31.3308 25.0097
31.331 25.0084
31.3313 25.0074
31.3315 25.0065
31.3318 25.0057
31.332 25.005
31.3322 25.0043
31.3325 25.0038
31.3327 25.0033
31.333 25.0029
31.3332 25.1275
31.3334 25.1116
31.3337 25.0976
31.3339 25.0854
31.3342 25.1998
31.3344 25.1748
31.3346 25.1529
31.3349 25.1338
31.3354 25.2421
31.3356 25.2118
31.3439 26.1854
31.3457 26.2872
31.3462 26.2513
31.3465 26.0949
31.347 26.083
31.3473 26.0726
31.3476 25.9386
31.348 25.8212
31.3483 25.8436
31.3487 25.7381
31.3489 25.6459
31.3494 25.6901
31.3497 25.6039
31.3501 25.6534
31.3506 25.5717
31.351 25.5002
31.3513 25.5627
31.3517 25.4924
31.3521 25.5558
31.3523 25.6113
31.3525 25.5349
31.3528 25.4681
31.353 25.5346
31.3533 25.5927
31.3535 25.5186
31.3538 25.4538
31.354 25.3971
31.3542 25.4724
31.3545 25.4134
31.3547 25.3617
31.355 25.3165
31.3552 25.4019
31.3554 25.3517
31.3557 25.3077
31.3559 25.2693
31.3562 25.3606
31.3564 25.3155
31.3566 25.2761
31.3569 25.2416
31.3571 25.3364
31.3574 25.2943
31.3576 25.2575
31.3578 25.2253
31.3581 25.3222
31.3583 25.4069
31.3586 25.356
31.3588 25.3115
31.359 25.3976
31.3593 25.4729
31.3595 25.4138
31.3598 25.3621
31.36 25.3168
31.3605 25.4022
31.3607 25.3519
31.369 26.4329
31.3708 26.5038
31.3713 26.4408
31.3718 26.2607
31.3721 26.2281
31.3725 26.0746
31.3727 25.9403
31.3732 25.9478
31.3735 25.9543
31.3739 25.835
31.3742 25.8556
31.3745 25.8737
31.3749 25.7645
31.3753 25.7939
31.3757 25.6947
31.3761 25.7328
31.3766 25.7662
31.3768 25.6704
31.3773 25.7116
31.3775 25.6227
31.3778 25.5449
31.378 25.6017
31.3783 25.6515
31.3785 25.5701
31.3787 25.4988
31.379 25.4365
31.3792 25.5069
31.3795 25.5685
31.3797 25.4975
31.3799 25.4353
31.3802 25.5059
31.3804 25.5676
31.3807 25.4967
31.3809 25.4346
31.3811 25.5053
31.3814 25.5671
31.3816 25.4962
31.3819 25.4342
31.3821 25.5049
31.3823 25.5668
31.3826 25.496
31.3828 25.434
31.3831 25.5047
31.3833 25.5666
31.3836 25.4958
31.3838 25.4338
31.384 25.5046
31.3843 25.5665
31.3845 25.4957
31.3848 25.4337
31.385 25.3795
31.3852 25.4571
31.3855 25.5249
31.386 25.4593
31.3862 25.5269
31.3945 25.461
31.3964 25.5284
31.3969 25.4624
31.3974 25.5296
31.3977 25.4634
31.3981 25.5304
31.3983 25.5891
31.3988 25.5155
31.3991 25.5761
31.3995 25.6291
31.3998 25.5504
31.4001 25.6066
31.4005 25.6558
31.4009 25.5738
31.4013 25.6271
31.4017 25.5487
31.4022 25.6051
31.4024 25.6545
31.4029 25.5727
31.4031 25.6261
31.4034 25.6728
31.4036 25.5887
31.4039 25.5151
31.4041 25.5757
31.4043 25.6288
31.4046 25.6752
31.4048 25.5908
31.4051 25.6419
31.4053 25.6867
31.4055 25.7259
31.4058 25.6351
31.406 25.6807
31.4063 25.7206
31.4065 25.7556
31.4067 25.6611
31.407 25.5785
31.4072 25.6312
31.4075 25.6773
31.4077 25.5926
31.4079 25.5185
31.4082 25.5787
31.4084 25.6314
31.4087 25.5525
31.4089 25.4834
31.4091 25.548
31.4094 25.6045
31.4096 25.5289
31.4099 25.4628
31.4101 25.5299
31.4103 25.5887
31.4106 25.6401
31.4108 25.5601
31.4111 25.6151
31.4115 25.6632
31.4118 25.5803
31.4201 25.6328
31.422 25.6787
31.4225 25.7188
31.4228 25.629
31.4233 25.6754
31.4236 25.5909
31.4239 25.5171
31.4243 25.5774
31.4246 25.5053
31.425 25.5671
31.4252 25.6212
31.4257 25.5436
31.426 25.4756
31.4264 25.5412
31.4269 25.4735
31.4273 25.5393
31.4276 25.4719
31.428 25.5379
31.4284 25.5957
31.4286 25.5212
31.4289 25.4561
31.4291 25.5241
31.4293 25.5835
31.4296 25.5106
31.4298 25.4468
31.4301 25.5159
31.4303 25.5764
31.4305 25.5044
31.4308 25.4413
31.431 25.5112
31.4313 25.5723
31.4315 25.5007
31.4317 25.4381
31.432 25.3834
31.4322 25.4605
31.4325 25.5279
31.4327 25.4619
31.4329 25.4042
31.4332 25.4786
31.4334 25.5438
31.4337 25.4758
31.4339 25.4164
31.4341 25.4893
31.4344 25.5531
31.4346 25.484
31.4349 25.4235
31.4351 25.4956
31.4353 25.5586
31.4356 25.6138
31.4358 25.5371
31.4361 25.5949
31.4363 25.6456
31.4367 25.6899
31.437 25.7286
31.4373 25.7626
31.4457 26.7922
31.4476 26.8182
31.4481 26.7159
31.4484 26.6264
31.4489 26.5481
31.4492 26.4796
31.4495 26.4197
31.4499 26.3672
31.4502 26.3213
31.4506 26.2811
31.4508 26.121
31.4513 26.1059
31.4516 26.0926
31.452 26.2061
31.4525 26.1803
31.4529 26.1578
31.4532 26.138
31.4536 26.1208
31.454 25.9807
31.4542 25.9831
31.4544 25.9852
31.4547 25.9871
31.4549 25.8637
31.4552 25.8807
31.4554 25.8956
31.4556 25.9087
31.4559 25.7951
31.4561 25.8207
31.4564 25.8431
31.4566 25.8627
31.4568 25.7549
31.4571 25.7855
31.4573 25.8123
31.4576 25.8358
31.4578 25.8563
31.458 25.8743
31.4583 25.89
31.4585 25.9037
31.4588 25.9158
31.459 25.9263
31.4593 25.9355
31.4595 25.9436
31.4597 25.9506
31.46 25.8318
31.4602 25.8528
31.4605 25.8712
31.4607 25.8873
31.4609 25.7764
31.4612 25.8043
31.4614 25.8288
31.4617 25.8502
31.4619 25.7439
31.4623 25.7759
31.4626 25.8039
31.4629 25.7035
31.4713 26.7405
31.4732 26.898
31.4737 26.7857
31.4742 26.6875
31.4745 26.6016
31.4749 26.5264
31.4751 26.4606
31.4756 26.403
31.4758 26.3526
31.4763 26.3085
31.4766 26.27
31.4769 26.2362
31.4773 26.2067
31.4776 26.1809
31.4781 26.1583
31.4785 26.1385
31.479 26.1212
31.4792 26.106
31.4797 26.0928
31.4799 26.0812
31.4802 26.071
31.4804 26.0621
31.4806 26.0544
31.4809 26.0476
31.4811 26.0416
31.4814 26.0364
31.4816 26.0319
31.4818 26.0279
31.4821 26.0244
31.4823 26.0214
31.4826 26.0187
31.4828 26.0163
31.483 26.0143
31.4833 26.0125
31.4835 26.0109
31.4838 26.0096
31.484 26.0084
31.4842 26.0073
31.4845 26.0064
31.4847 26.0056
31.485 25.8799
31.4852 25.8949
31.4854 25.9081
31.4857 25.9195
31.4859 25.9296
31.4862 25.9384
31.4864 25.9461
31.4866 25.9528
31.4869 25.9587
31.4871 25.9639
31.4874 25.9684
31.4876 25.9724
31.4878 25.9758
31.4883 25.9788
31.4886 25.9815
31.4888 25.9838
31.4972 25.9858
31.4993 25.9876
31.4997 25.9891
31.5002 25.9905
31.5006 25.9917
31.5009 25.9927
31.5012 25.9936
31.5017 25.9944
31.5019 25.9951
31.5024 25.9957
31.5026 25.9963
31.503 25.9967
31.5033 25.9971
31.5037 25.9975
31.5042 25.9978
31.5046 25.9981
31.505 26.1233
31.5053 26.1079
31.5058 26.0944
31.506 26.0826
31.5062 26.0723
31.5065 26.0633
31.5067 26.0553
31.507 26.0484
31.5072 26.0424
31.5074 26.0371
31.5077 26.0324
31.5079 26.0284
31.5082 26.0248
31.5084 26.0217
31.5086 26.019
31.5089 26.0166
31.5091 26.0146
31.5094 26.0127
31.5096 26.0111
31.5098 26.0098
31.5101 26.0085
31.5103 26.0075
31.5106 26.0065
31.5108 26.0057
31.511 26.13
31.5113 26.1137
31.5115 26.0995
31.5118 26.0871
31.512 26.2012
31.5122 26.1761
31.5125 26.154
31.5127 26.1348
31.513 26.1179
31.5132 26.1032
31.5134 26.0903
31.5137 26.079
31.5139 26.0691
31.5144 26.0605
31.5146 26.0529
31.5149 26.0463
31.5233 26.0405
31.5253 26.0355
31.5258 26.031
31.5262 26.0271
31.5267 26.0238
31.5269 26.0208
31.5273 26.0182
31.5276 26.0159
31.528 26.0139
31.5283 26.0122
31.5286 26.0107
31.5291 26.1343
31.5293 26.1175
31.5298 26.1028
31.5303 26.09
31.5306 26.0787
31.531 25.9439
31.5313 25.9509
31.5317 25.957
31.5319 25.9624
31.5322 25.9671
31.5324 25.9712
31.5327 25.9748
31.5329 25.978
31.5331 25.9807
31.5334 25.9831
31.5336 25.9852
31.5339 25.9871
31.5341 25.9887
31.5344 25.9901
31.5346 25.9913
31.5348 25.9924
31.5351 25.9934
31.5353 25.9942
31.5356 25.9949
31.5358 25.9956
31.536 25.9961
31.5363 25.9966
31.5365 25.997
31.5368 25.9974
31.537 25.8727
31.5372 25.8886
31.5375 25.9026
31.5377 25.9147
31.538 25.8004
31.5382 25.8253
31.5384 25.8472
31.5387 25.8663
31.5389 25.883
31.5392 25.8976
31.5394 25.9104
31.5396 25.9216
31.54 25.9314
31.5404 25.94
31.5406 25.9475
31.541 25.954
31.5494 25.9598
31.5515 25.9648
31.552 26.0942
31.5524 26.0824
31.5527 26.0721
31.553 26.0631
31.5535 26.0552
31.5537 26.0483
31.5542 26.1673
31.5544 26.2714
31.5547 26.2374
31.5551 26.3328
31.5554 26.2912
31.5559 26.2548
31.5563 26.3479
31.5567 26.3044
31.5571 26.3914
31.5574 26.4675
31.5578 26.409
31.558 26.4829
31.5583 26.5475
31.5585 26.4791
31.5587 26.4192
31.559 26.3668
31.5592 26.446
31.5595 26.3902
31.5597 26.3414
31.5599 26.2988
31.5602 26.3864
31.5604 26.3381
31.5607 26.2958
31.5609 26.2589
31.5611 26.3515
31.5614 26.3076
31.5616 26.2691
31.5619 26.2355
31.5621 26.331
31.5623 26.2897
31.5626 26.2535
31.5628 26.2218
31.5631 26.3191
31.5633 26.4042
31.5636 26.3536
31.5638 26.3094
31.564 26.3958
31.5643 26.4713
31.5645 26.4124
31.5648 26.3608
31.565 26.3157
31.5652 26.4013
31.5655 26.3511
31.5657 26.3072
31.5661 26.3938
31.5664 26.4696
31.5667 26.4109
31.567 26.4845
31.5754 27.549
31.5776 27.6053
31.5781 27.5297
31.5784 27.3385
31.5789 27.1712
31.5792 27.1498
31.5795 27.131
31.5799 26.9897
31.5803 26.991
31.5806 26.8671
31.5809 26.7587
31.5812 26.7889
31.5816 26.6903
31.5819 26.604
31.5824 26.6535
31.5828 26.5718
31.5833 26.6253
31.5835 26.5471
31.584 26.4788
31.5842 26.5439
31.5845 26.4759
31.5847 26.4164
31.5849 26.3644
31.5852 26.4438
31.5854 26.5134
31.5857 26.4492
31.5859 26.393
31.5861 26.4689
31.5864 26.5353
31.5866 26.4684
31.5869 26.4098
31.5871 26.4836
31.5873 26.5481
31.5876 26.4796
31.5878 26.4197
31.5881 26.4922
31.5883 26.5557
31.5885 26.4862
31.5888 26.4254
31.589 26.4973
31.5893 26.5601
31.5895 26.4901
31.5897 26.4288
31.59 26.3752
31.5902 26.4533
31.5905 26.3967
31.5907 26.3471
31.5909 26.3037
31.5912 26.3907
31.5914 26.4669
31.5917 26.4085
31.5919 26.3575
31.5921 26.4378
31.5926 26.3831
31.5929 26.3352
31.5931 26.4183
31.6015 27.366
31.6037 27.4452
31.6042 27.3896
31.6046 27.2159
31.605 27.1889
31.6054 27.1653
31.6056 27.0196
31.6061 27.0172
31.6064 27.015
31.6069 26.8881
31.6072 26.9021
31.6074 26.9144
31.6079 26.8001
31.6081 26.8251
31.6086 26.8469
31.6091 26.8661
31.6095 26.8828
31.6098 26.7724
31.6101 26.8009
31.6105 26.8258
31.6108 26.7226
31.611 26.7572
31.6113 26.7876
31.6115 26.8141
31.6117 26.7124
31.612 26.6233
31.6122 26.6704
31.6125 26.7116
31.6127 26.6227
31.6129 26.5448
31.6132 26.6017
31.6134 26.6515
31.6137 26.5701
31.6139 26.4988
31.6141 26.5615
31.6144 26.6163
31.6146 26.5392
31.6149 26.4718
31.6151 26.5379
31.6153 26.5956
31.6156 26.5212
31.6158 26.456
31.6161 26.524
31.6163 26.5835
31.6165 26.6356
31.6168 26.5561
31.617 26.6116
31.6173 26.6602
31.6175 26.7026
31.6177 26.6148
31.618 26.538
31.6182 26.5957
31.6185 26.6462
31.6187 26.5655
31.6192 26.6198
31.6194 26.6673
31.6197 26.5839
31.6281 26.6359
31.6302 26.6814
31.6307 26.5962
31.6312 26.6467
31.6316 26.5659
31.6319 26.4951
31.6322 26.5582
31.6326 26.4885
31.633 26.5524
31.6334 26.6084
31.6336 26.5323
31.634 26.4658
31.6343 26.5325
31.6347 26.466
31.6352 26.5327
31.6355 26.4661
31.636 26.5329
31.6362 26.5913
31.6366 26.5174
31.637 26.4527
31.6372 26.5211
31.6374 26.456
31.6377 26.399
31.6379 26.3491
31.6382 26.4305
31.6384 26.5016
31.6387 26.4389
31.6389 26.3841
31.6391 26.4611
31.6394 26.5284
31.6396 26.4624
31.6399 26.4046
31.6401 26.479
31.6403 26.5441
31.6406 26.4761
31.6408 26.4166
31.6411 26.4895
31.6413 26.5533
31.6415 26.4842
31.6418 26.4236
31.642 26.4957
31.6423 26.5587
31.6425 26.4889
31.6427 26.4278
31.643 26.3743
31.6432 26.4525
31.6435 26.396
31.6437 26.3465
31.6439 26.3031
31.6442 26.3903
31.6444 26.4665
31.6447 26.4082
31.6449 26.3571
31.6453 26.4375
31.6456 26.3828
31.6459 26.335
31.6462 26.4181
31.6546 26.3658
31.6568 26.3201
31.6573 26.4051
31.6576 26.3544
31.6581 26.4351
31.6584 26.5057
31.6587 26.4425
31.6591 26.5122
31.6596 26.4482
31.6598 26.3922
31.66 26.4681
31.6605 26.5346
31.6608 26.4678
31.6612 26.5343
31.6617 26.4675
31.6621 26.5341
31.6626 26.4673
31.6628 26.4089
31.6633 26.4828
31.6635 26.5474
31.6638 26.479
31.664 26.5441
31.6642 26.6011
31.6645 26.651
31.6647 26.5696
31.665 26.4984
31.6652 26.5611
31.6654 26.616
31.6657 26.664
31.6659 26.581
31.6662 26.6334
31.6664 26.6792
31.6666 26.7193
31.6669 26.6294
31.6671 26.6757
31.6674 26.7162
31.6676 26.7517
31.6678 26.6577
31.6681 26.7005
31.6683 26.738
31.6686 26.7707
31.6688 26.6744
31.6691 26.7151
31.6693 26.7507
31.6695 26.7819
31.6698 26.8091
31.67 26.833
31.6703 26.8539
31.6705 26.8721
31.6707 26.8881
31.671 26.7771
31.6712 26.805
31.6715 26.8293
31.6719 26.8507
31.6722 26.8693
31.6724 26.8857
31.6728 26.9
31.6812 27.9125
31.6833 28.0484
31.6838 27.9174
31.6842 27.8027
31.6847 27.7023
31.6849 27.4896
31.6853 27.4284
31.6856 27.3748
31.6861 27.328
31.6864 27.287
31.6866 27.2511
31.6871 27.2197
31.6873 27.1922
31.6878 27.1682
31.6883 27.1472
31.6886 27.1288
31.6892 27.1127
31.6895 27.0986
31.6898 27.0863
31.6902 27.0755
31.6904 27.0661
31.6907 27.0578
31.6909 26.9256
31.6912 26.9349
31.6914 26.943
31.6916 26.9501
31.6919 26.9564
31.6921 26.9618
31.6924 26.9666
31.6926 26.9708
31.6928 26.9744
31.6931 26.9776
31.6933 26.9804
31.6936 26.9829
31.6938 26.985
31.694 26.9869
31.6943 26.9885
31.6945 26.99
31.6948 26.9912
31.695 26.9923
31.6952 26.9933
31.6955 26.9941
31.6957 26.9948
31.696 26.8705
31.6962 26.8867
31.6964 26.9008
31.6967 26.9132
31.6969 26.7991
31.6972 26.8242
31.6974 26.8462
31.6976 26.8654
31.6979 26.8822
31.6981 26.8969
31.6985 26.9098
31.6989 26.9211
31.6991 26.931
31.6993 26.9396
31.7077 27.9471
31.7101 28.0787
31.7109 27.9439
31.7115 27.9509
31.7122 27.9571
31.7127 27.9624
31.7133 28.0921
31.7139 28.0806
31.7146 28.1955
31.7151 28.2961
31.7156 28.3841
31.7163 28.5861
31.7168 28.6378
31.7175 28.8081
31.7182 29.0821
31.7188 29.1968
31.7196 29.4222
31.72 29.4944
31.7202 29.6826
31.7207 29.8473
31.721 29.8664
31.7212 30.0081
31.7214 30.1321
31.7217 30.2406
31.7219 30.2105
31.7222 30.3092
31.7224 30.3955
31.7226 30.4711
31.7229 30.4122
31.7231 30.4857
31.7234 30.55
31.7236 30.6062
31.7238 30.5304
31.7241 30.5891
31.7243 30.6405
31.7246 30.6854
31.7248 30.5998
31.725 30.6498
31.7253 30.6936
31.7255 30.7319
31.7258 30.6404
31.726 30.6853
31.7262 30.7247
31.7265 30.7591
31.7267 30.7892
31.727 30.6905
31.7272 30.7292
31.7274 30.7631
31.7277 30.7927
31.7279 30.6936
31.7282 30.7319
31.7284 30.7654
31.7286 30.7947
31.7289 30.6954
31.7293 30.7335
31.7296 30.7668
31.7299 30.6709
31.7301 30.7121
31.7385 30.7481
31.7389 30.7796
31.7393 30.9321
31.7398 31.0656
31.7403 31.3074
31.7408 31.519
31.7413 31.8291
31.7417 32.1005
31.7426 32.0879
31.7433 32.2019
31.7439 32.1767
31.7446 32.1546
31.7451 32.2603
31.7457 32.2277
31.7463 32.3243
31.747 32.4087
31.7475 32.3576
31.748 32.3129
31.7487 32.2738
31.7492 32.3646
31.7499 32.319
31.7506 32.2791
31.7514 32.3692
31.7522 32.4481
31.7526 32.5171
31.7528 32.4524
31.7533 32.5209
31.7535 32.5808
31.7538 32.5082
31.754 32.5697
31.7542 32.6234
31.7545 32.6705
31.7547 32.5867
31.755 32.5134
31.7552 32.5742
31.7554 32.6274
31.7557 32.549
31.7559 32.4804
31.7562 32.5453
31.7564 32.6022
31.7566 32.5269
31.7569 32.461
31.7571 32.5284
31.7574 32.5873
31.7576 32.5139
31.7578 32.4497
31.7581 32.5185
31.7583 32.5787
31.7586 32.5063
31.7588 32.443
31.7591 32.5127
31.7593 32.5736
31.7595 32.6269
31.7598 32.5485
31.76 32.605
31.7603 32.6543
31.7605 32.6975
31.7607 32.6103
31.761 32.5341
31.7612 32.5923
31.7615 32.6433
31.7618 32.5629
31.7622 32.6175
31.7624 32.6653
31.7627 32.5821
31.7711 32.6344
31.7714 32.6801
31.7719 32.5951
31.7724 32.6457
31.7729 32.565
31.7733 32.6194
31.7738 32.5419
31.7743 32.5992
31.7752 32.6493
31.7759 32.5681
31.7765 32.6221
31.7772 32.6693
31.7777 32.5857
31.7783 32.6375
31.7789 32.5578
31.7796 32.4881
31.7801 32.5521
31.7806 32.608
31.7813 32.657
31.7818 32.5749
31.7825 32.628
31.7832 32.6745
31.7839 32.5902
31.7848 32.5164
31.785 32.5769
31.7854 32.6298
31.7857 32.5511
31.786 32.4822
31.7862 32.5469
31.7864 32.4785
31.7867 32.4187
31.7869 32.3664
31.7872 32.4456
31.7874 32.5149
31.7876 32.4505
31.7879 32.3942
31.7881 32.4699
31.7884 32.5362
31.7886 32.4692
31.7889 32.4105
31.7891 32.4842
31.7893 32.5487
31.7896 32.4801
31.7898 32.4201
31.7901 32.4926
31.7903 32.556
31.7905 32.4865
31.7908 32.4257
31.791 32.4975
31.7913 32.5603
31.7915 32.4903
31.7917 32.429
31.792 32.3753
31.7922 32.4534
31.7925 32.3968
31.7927 32.3472
31.7929 32.3038
31.7932 32.3908
31.7934 32.4669
31.7937 32.4086
31.7939 32.3575
31.7944 32.4378
31.7946 32.3831
31.7949 32.3352
31.7952 32.4183
31.8035 32.366
31.804 32.3203
31.8045 32.4052
31.805 32.3546
31.8054 32.4353
31.8059 32.3808
31.8064 32.4582
31.8069 32.401
31.8077 32.3508
31.8084 32.432
31.809 32.503
31.8098 32.4401
31.8102 32.5101
31.8108 32.4463
31.8114 32.5155
31.8122 32.5761
31.8126 32.5041
31.8131 32.5661
31.8138 32.4953
31.8143 32.5584
31.815 32.6136
31.8158 32.5369
31.8165 32.5948
31.8173 32.6454
31.8176 32.5648
31.818 32.6192
31.8183 32.6668
31.8185 32.7084
31.8188 32.6199
31.819 32.6674
31.8193 32.709
31.8195 32.7453
31.8197 32.6522
31.82 32.5707
31.8202 32.6243
31.8205 32.6713
31.8207 32.5874
31.8209 32.5139
31.8212 32.5747
31.8214 32.6279
31.8217 32.5494
31.8219 32.4807
31.8221 32.5456
31.8224 32.6024
31.8226 32.5271
31.8229 32.4612
31.8231 32.5286
31.8233 32.5875
31.8236 32.5141
31.8238 32.4498
31.8241 32.5186
31.8243 32.5788
31.8245 32.6314
31.8248 32.6775
31.825 32.7178
31.8253 32.7531
31.8255 32.7839
31.8257 32.8109
31.826 32.7096
31.8262 32.7459
31.8266 32.7776
31.8269 32.8054
31.8272 32.8298
31.8274 32.851
31.8278 32.8697
31.8361 33.886
31.8366 33.7752
31.837 33.8033
31.8375 33.7029
31.838 33.615
31.8385 33.5382
31.839 33.4709
31.8394 33.412
31.8403 33.4855
31.841 33.4248
31.8416 33.3717
31.8423 33.3253
31.8428 33.2846
31.8434 33.249
31.844 33.3429
31.8447 33.3
31.8452 33.2625
31.8457 33.2297
31.8464 33.201
31.8469 33.1759
31.8476 33.1539
31.8483 33.1347
31.8491 33.2428
31.85 33.3375
31.8503 33.2953
31.8506 33.2584
31.851 33.1011
31.8512 33.0884
31.8515 33.0774
31.8517 33.0677
31.8519 32.9342
31.8522 32.9425
31.8524 32.9497
31.8527 32.9559
31.8529 32.9615
31.8531 32.9663
31.8534 32.9705
31.8536 32.9742
31.8539 32.9774
31.8541 32.9802
31.8543 32.9827
31.8546 32.9849
31.8548 32.9868
31.8551 32.9884
31.8553 32.9899
31.8555 32.9911
31.8558 32.9922
31.856 32.9932
31.8563 32.9941
31.8565 32.9948
31.8567 32.9954
31.857 32.871
31.8572 32.8871
31.8575 32.9012
31.8577 32.9136
31.8579 32.7994
31.8582 32.8245
31.8584 32.8464
31.8587 32.8656
31.8589 32.8824
31.8591 32.8971
31.8596 32.91
31.8599 32.9212
31.8601 32.9311
31.8603 32.9397
31.8686 33.9472
31.8691 33.8288
31.8696 33.7252
31.8701 33.6346
31.8706 33.5552
31.871 33.6108
31.8715 33.5345
31.872 33.5927
31.8728 33.5186
31.8736 33.4538
31.8742 33.522
31.8749 33.4568
31.8754 33.3997
31.876 33.3497
31.8766 33.306
31.8773 33.2678
31.8778 33.2343
31.8782 33.205
31.879 33.1794
31.8795 33.157
31.8802 33.2623
31.8809 33.2295
31.8816 33.2008
31.8826 33.1757
31.8829 33.0288
31.8832 33.0252
31.8837 33.022
31.8839 33.0193
31.8841 33.0169
31.8844 33.0148
31.8846 33.0129
31.8849 33.0113
31.8851 33.0099
31.8853 33.0086
31.8856 33.0076
31.8858 33.0066
31.8861 33.0058
31.8863 33.0051
31.8865 33.0044
31.8868 33.0039
31.887 33.0034
31.8873 33.003
31.8875 33.0026
31.8877 33.0023
31.888 32.877
31.8882 32.8924
31.8885 32.9058
31.8887 32.9176
31.8889 32.8029
31.8892 32.8275
31.8894 32.8491
31.8897 32.868
31.8899 32.8845
31.8901 32.8989
31.8904 32.9115
31.8906 32.9226
31.8909 32.9323
31.8911 32.9407
31.8913 32.9481
31.8916 32.9546
31.8918 32.9603
31.8921 32.9653
31.8925 32.9696
31.8928 32.9734
31.893 32.9767
31.8933 32.9796
31.9016 32.9822
31.9022 32.9844
31.9026 32.9864
31.9031 32.9881
31.9036 32.9896
31.9041 32.9909
31.9046 32.992
31.905 32.993
31.9059 32.9939
31.9066 32.9946
31.9072 32.9953
31.9079 32.9959
31.9084 32.9964
31.909 33.1219
31.9096 33.1066
31.9103 33.0933
31.9108 33.0816
31.9113 33.0714
31.912 33.1875
31.9125 33.1641
31.9132 33.1436
31.9139 33.1256
31.9147 33.1099
31.9156 33.0962
31.916 33.0841
31.9162 33.0736
31.9167 33.0644
31.9169 33.0564
31.9172 33.0493
31.9174 33.0432
31.9177 33.0378
31.9179 33.033
31.9181 33.0289
31.9184 33.0253
31.9186 33.0221
31.9189 33.0194
31.9191 33.0169
31.9193 33.0148
31.9196 33.013
31.9198 33.0114
31.9201 33.0099
31.9203 33.0087
31.9205 33.0076
31.9208 33.0067
31.921 33.1308
31.9213 33.1145
31.9215 33.1002
31.9217 33.0876
31.922 33.0767
31.9222 33.0671
31.9225 33.0587
31.9227 33.0514
31.9229 33.0449
31.9232 33.0393
31.9234 33.0344
31.9237 33.0301
31.9239 33.0263
31.9242 33.0231
31.9244 33.0202
31.9246 33.0176
31.9249 33.0154
31.9251 33.0135
31.9256 33.0118
31.9258 33.0103
31.9261 33.0091
31.9263 33.0079
31.9346 33.0069
31.9352 33.0061
31.9357 33.0053
31.9362 33.0046
31.9366 33.0041
31.9371 33.0036
31.9376 33.0031
31.9381 33.0027
31.9389 33.0024
31.9397 33.0021
31.9403 33.0018
31.941 33.0016
31.9415 33.0014
31.9421 33.0012
31.9427 33.0011
31.9434 33.0009
31.9439 33.0008
31.9443 33.0007
31.9451 33.0006
31.9455 33.0005
31.9463 33.0005
31.947 33.0004
31.9477 33.0004
31.9487 33.0003
31.9489 33.0003
31.9493 33.0002
31.9496 33.0002
31.9499 33.0002
31.9501 33.0002
31.9503 33.0001
31.9506 33.0001
31.9508 33.0001
31.9511 33.0001
31.9513 33.0001
31.9515 33.0001
31.9518 33.0001
31.952 33.0001
31.9523 33
31.9525 33
31.9527 33
31.953 32.875
31.9532 32.8907
31.9535 32.9043
31.9537 32.9163
31.9539 32.8017
31.9542 32.8265
31.9544 32.8482
31.9547 32.8672
31.9549 32.8838
31.9552 32.8983
31.9554 32.911
31.9556 32.9221
31.9559 32.9319
31.9561 32.9404
31.9564 32.9478
31.9566 32.9544
31.9568 32.9601
31.9571 32.9651
31.9573 32.9694
31.9576 32.9732
31.9578 32.9766
31.9582 32.9795
31.9585 32.9821
31.9588 32.9843
31.959 32.8613
31.9594 32.8786
31.9678 32.8938
31.9684 32.9071
31.9688 32.9187
31.9693 32.9288
31.9698 32.9377
31.9702 33.0705
31.9707 33.0617
31.9711 33.179
31.972 33.1566
31.9727 33.262
31.9733 33.3543
31.974 33.435
31.9745 33.5056
31.9751 33.5674
31.9757 33.4965
31.9764 33.5594
31.9769 33.4895
31.9774 33.5533
31.9781 33.6091
31.9786 33.533
31.9793 33.5914
31.98 33.6425
31.9807 33.6871
31.9817 33.7263
31.9819 33.6355
31.9823 33.681
31.9827 33.5959
31.9829 33.5214
31.9831 33.5812
31.9834 33.5086
31.9836 33.445
31.9839 33.3894
31.9841 33.4657
31.9844 33.4075
31.9846 33.3566
31.9848 33.312
31.9851 33.398
31.9853 33.3482
31.9856 33.3047
31.9858 33.2666
31.986 33.3583
31.9863 33.4385
31.9865 33.3837
31.9868 33.3357
31.987 33.2938
31.9872 33.382
31.9875 33.3343
31.9877 33.2925
31.988 33.2559
31.9882 33.3489
31.9884 33.3053
31.9887 33.2672
31.9889 33.2338
31.9892 33.3295
31.9894 33.2884
31.9896 33.2523
31.9899 33.2208
31.9901 33.3182
31.9904 33.2784
31.9906 33.2436
31.9908 33.2131
31.9912 33.3115
31.9916 33.2726
31.9918 33.2385
31.992 33.3337
31.9924 33.417
32.0008 34.3649
32.0014 34.3192
32.0019 34.1543
32.0024 34.135
32.0029 33.9932
32.0033 33.994
32.0037 33.8698
32.0042 33.886
32.005 33.9003
32.0057 33.9128
32.0063 33.9237
32.0071 33.9332
32.0075 33.8165
32.0081 33.8395
32.0087 33.7345
32.0095 33.7677
32.0099 33.6718
32.0104 33.7128
32.0111 33.7487
32.0116 33.6551
32.0123 33.6982
32.0131 33.7359
32.0138 33.6439
32.0148 33.6885
32.0151 33.7274
32.0154 33.7615
32.0158 33.6663
32.0161 33.708
32.0163 33.7445
32.0166 33.6514
32.0168 33.57
32.017 33.6238
32.0173 33.6708
32.0175 33.5869
32.0178 33.5136
32.018 33.4494
32.0182 33.5182
32.0185 33.4534
32.0187 33.3967
32.019 33.3472
32.0192 33.4288
32.0194 33.3752
32.0197 33.3283
32.0199 33.2872
32.0202 33.3763
32.0204 33.4543
32.0206 33.3975
32.0209 33.3478
32.0211 33.4293
32.0214 33.5007
32.0216 33.4381
32.0218 33.3833
32.0221 33.4604
32.0223 33.5279
32.0226 33.4619
32.0228 33.4041
32.023 33.4786
32.0233 33.5438
32.0235 33.4758
32.0238 33.4163
32.024 33.4893
32.0242 33.5531
32.0247 33.484
32.025 33.4235
32.0252 33.4956
32.0254 33.4336
32.0339 34.3794
32.0346 34.332
32.0351 34.2905
32.0355 34.2542
32.036 34.2224
32.0365 34.1946
32.0369 34.0453
32.0373 34.0396
32.0382 34.0347
32.0389 33.9053
32.0395 33.9172
32.0402 33.9275
32.0407 33.8116
32.0413 33.8351
32.0419 33.7307
32.0426 33.7644
32.0431 33.7938
32.0436 33.8196
32.0441 33.8422
32.0447 33.7369
32.0452 33.7698
32.0459 33.6736
32.0466 33.5894
32.0473 33.6407
32.0483 33.6856
32.0486 33.5999
32.0489 33.5249
32.0494 33.5843
32.0496 33.5113
32.0498 33.4474
32.0501 33.5164
32.0503 33.5769
32.0506 33.5048
32.0508 33.4417
32.051 33.5115
32.0513 33.5725
32.0515 33.626
32.0518 33.5477
32.052 33.6043
32.0522 33.6537
32.0525 33.697
32.0527 33.6099
32.053 33.5336
32.0532 33.5919
32.0534 33.6429
32.0537 33.5626
32.0539 33.4923
32.0542 33.5557
32.0544 33.6113
32.0546 33.5348
32.0549 33.468
32.0551 33.5345
32.0554 33.5927
32.0556 33.5186
32.0558 33.4538
32.0561 33.522
32.0563 33.5818
32.0566 33.5091
32.0568 33.4454
32.057 33.5148
32.0573 33.5754
32.0575 33.5035
32.0578 33.4405
32.0582 33.5105
32.0585 33.5717
32.0587 33.5002
32.059 33.4377
32.0674 33.508
32.0681 33.5695
32.0686 33.4983
32.0691 33.561
32.0695 33.4909
32.07 33.5545
32.0704 33.6102
32.0709 33.5339
32.0717 33.4672
32.0724 33.5338
32.073 33.5921
32.0737 33.5181
32.0742 33.5783
32.0748 33.506
32.0754 33.5678
32.0762 33.6218
32.0766 33.5441
32.0771 33.6011
32.0776 33.5259
32.0782 33.5852
32.0787 33.512
32.0794 33.573
32.0801 33.6264
32.0808 33.5481
32.0818 33.4796
32.082 33.5446
32.0824 33.6016
32.0828 33.5264
32.083 33.5856
32.0832 33.6374
32.0835 33.5577
32.0837 33.488
32.084 33.427
32.0842 33.4986
32.0844 33.4363
32.0847 33.3818
32.0849 33.334
32.0852 33.4173
32.0854 33.3651
32.0856 33.3195
32.0859 33.2795
32.0861 33.3696
32.0864 33.4484
32.0866 33.3923
32.0868 33.3433
32.0871 33.4254
32.0873 33.4972
32.0876 33.4351
32.0878 33.3807
32.088 33.4581
32.0883 33.5258
32.0885 33.4601
32.0888 33.4026
32.089 33.4773
32.0893 33.5426
32.0895 33.4748
32.0897 33.4154
32.09 33.3635
32.0902 33.4431
32.0905 33.3877
32.0907 33.3392
32.0909 33.2968
32.0913 33.3847
32.0917 33.3366
32.0919 33.2945
32.0921 33.3827
32.0925 33.4599
32.101 33.5274
32.1017 33.4615
32.1022 33.5288
32.1027 33.4627
32.1032 33.5299
32.1035 33.4636
32.104 33.5307
32.1045 33.5893
32.1054 33.6407
32.1061 33.6856
32.1067 33.5999
32.1074 33.6499
32.1079 33.5687
32.1085 33.6226
32.1091 33.6698
32.1098 33.586
32.1103 33.6378
32.1108 33.5581
32.1112 33.6133
32.1118 33.5366
32.1123 33.5946
32.113 33.6452
32.1138 33.5646
32.1145 33.619
32.1153 33.6666
32.1156 33.5833
32.116 33.6354
32.1163 33.681
32.1165 33.5958
32.1168 33.5214
32.117 33.5812
32.1172 33.6335
32.1175 33.6793
32.1177 33.7194
32.118 33.6295
32.1182 33.6758
32.1184 33.7163
32.1187 33.7518
32.1189 33.6578
32.1192 33.7006
32.1194 33.738
32.1197 33.7708
32.1199 33.6744
32.1201 33.7151
32.1204 33.7507
32.1206 33.7819
32.1209 33.6841
32.1211 33.7236
32.1213 33.7582
32.1216 33.7884
32.1218 33.6899
32.1221 33.7286
32.1223 33.7625
32.1225 33.7922
32.1228 33.6932
32.123 33.7315
32.1233 33.7651
32.1235 33.7945
32.1237 33.8202
32.124 33.7176
32.1242 33.7529
32.1245 33.7838
32.1249 33.8108
32.1252 33.8345
32.1254 33.8552
32.1257 33.8733
32.126 33.8891
32.1346 34.903
32.1353 34.7901
32.1358 34.6913
32.1362 34.6049
32.1367 34.5293
32.1372 34.4631
32.1376 34.4052
32.138 34.3546
32.1389 34.3103
32.1396 34.2715
32.1402 34.2375
32.1409 34.2079
32.1414 34.1819
32.142 34.2841
32.1426 34.2486
32.1433 34.2175
32.1438 34.1903
32.1443 34.1666
32.1448 34.1457
32.1454 34.1275
32.1458 34.1116
32.1466 34.0976
32.1473 34.0854
32.148 34.1997
32.149 34.1748
32.1492 34.1529
32.1496 34.1338
32.1499 33.9921
32.1502 33.9931
32.1504 33.9939
32.1507 33.9947
32.1509 33.8704
32.1511 33.8866
32.1514 33.9007
32.1516 33.9132
32.1519 33.924
32.1521 33.9335
32.1523 33.9418
32.1526 33.9491
32.1528 33.9555
32.1531 33.961
32.1533 33.9659
32.1535 33.9702
32.1538 33.9739
32.154 33.9771
32.1543 33.98
32.1545 33.9825
32.1547 33.9847
32.155 33.8616
32.1552 33.8789
32.1555 33.894
32.1557 33.9073
32.1559 33.7939
32.1562 33.8196
32.1564 33.8422
32.1567 33.8619
32.1569 33.7542
32.1571 33.7849
32.1574 33.8118
32.1576 33.8353
32.1579 33.8559
32.1581 33.8739
32.1585 33.8897
32.1588 33.9035
32.1591 33.9155
32.1593 33.9261
32.1595 33.9353
32.1681 34.9434
32.1688 34.8255
32.1693 34.7223
32.1698 34.632
32.1702 34.553
32.1707 34.4839
32.1711 34.4234
32.1717 34.3705
32.1725 34.3242
32.1732 34.4086
32.1738 34.3576
32.1746 34.3129
32.175 34.3988
32.1756 34.3489
32.1762 34.3053
32.177 34.2671
32.1774 34.2337
32.1779 34.2045
32.1784 34.179
32.179 34.2816
32.1795 34.2464
32.1802 34.3406
32.1809 34.298
32.1817 34.2608
32.1826 34.2282
32.183 34.1996
32.1832 34.1747
32.1837 34.1529
32.1839 34.1337
32.1842 34.117
32.1844 34.1024
32.1847 34.0896
32.1849 34.0784
32.1851 34.0686
32.1854 34.06
32.1856 34.0525
32.1859 34.046
32.1861 34.0402
32.1863 34.0352
32.1866 34.0308
32.1868 34.0269
32.1871 34.0236
32.1873 34.0206
32.1875 34.018
32.1878 34.0158
32.188 34.0138
32.1883 34.0121
32.1885 34.0106
32.1887 34.0093
32.189 34.0081
32.1892 34.0071
32.1895 34.0062
32.1897 34.0054
32.1899 34.0047
32.1902 34.0042
32.1904 34.0036
32.1907 34.0032
32.1909 34.0028
32.1911 34.0024
32.1914 34.0021
32.1916 34.0019
32.1919 34.0016
32.1921 34.0014
32.1925 34.0012
32.1928 34.0011
32.1931 34.001
32.1933 34.0008
32.1935 34.0007
32.2021 34.0006
32.2028 34.0006
32.2033 34.0005
32.2038 34.0004
32.2042 34.0004
32.2047 34.0003
32.2051 34.0003
32.2057 34.0002
32.2065 34.0002
32.2072 34.0002
32.2078 34.0002
32.2086 34.0001
32.209 34.0001
32.2097 34.0001
32.2103 34.0001
32.211 34.0001
32.2115 34.0001
32.2119 34.0001
32.2124 34.0001
32.213 34
32.2135 34
32.2142 34
32.2149 34
32.2157 34
32.2166 34
32.2169 34
32.2172 34
32.2176 34
32.2178 34
32.2181 34
32.2183 34
32.2185 34
32.2188 34
32.219 34
32.2193 34
32.2195 34
32.2197 34
32.22 33.875
32.2202 33.8906
32.2205 33.9043
32.2207 33.9163
32.2209 33.8017
32.2212 33.8265
32.2214 33.8482
32.2217 33.8672
32.2219 33.7588
32.2221 33.7889
32.2224 33.8153
32.2226 33.8384
32.2229 33.8586
32.2231 33.8763
32.2233 33.8917
32.2236 33.9053
32.2238 33.9171
32.2241 33.9275
32.2243 33.9365
32.2246 33.9445
32.2248 33.9514
32.225 33.9575
32.2253 33.9628
32.2255 33.9674
32.2258 33.9715
32.226 33.8501
32.2265 33.8688
32.2267 33.8852
32.227 33.7746
32.2272 33.8027
32.2276 33.8274
32.2361 33.849
32.2368 33.8679
32.2373 33.8844
32.2378 33.8988
32.2382 33.9115
32.2387 33.9225
32.2391 33.9322
32.2397 33.9407
32.2405 33.9481
32.2413 33.9546
32.2419 33.9603
32.2426 33.9652
32.2431 33.9696
32.2437 33.9734
32.2443 33.9767
32.245 33.9796
32.2456 33.9822
32.2461 34.1094
32.2465 34.0957
32.2471 34.0838
32.2476 34.0733
32.2483 34.0641
32.2491 34.1811
32.2498 34.1585
32.2506 34.1387
32.2509 34.1213
32.2513 34.1062
32.2516 34.0929
32.2518 34.0813
32.2521 34.0711
32.2523 34.0622
32.2525 34.0544
32.2528 34.0476
32.253 34.0417
32.2533 34.0365
32.2535 34.0319
32.2537 34.0279
32.254 34.0244
32.2542 34.0214
32.2545 34.0187
32.2547 34.0164
32.255 34.0143
32.2552 34.0125
32.2554 34.011
32.2557 34.0096
32.2559 34.0084
32.2562 34.0073
32.2564 34.0064
32.2566 34.0056
32.2569 34.0049
32.2571 34.1293
32.2574 34.1131
32.2576 34.099
32.2578 34.0866
32.2581 34.2008
32.2583 34.1757
32.2586 34.1537
32.2588 34.1345
32.259 34.2427
32.2593 34.2124
32.2595 34.1858
32.2598 34.1626
32.2601 34.2673
32.2605 34.3589
32.2607 34.314
32.261 34.2747
32.2612 34.3654
32.2616 34.3197
32.2701 35.4048
32.2708 35.2292
32.2713 35.2005
32.2718 35.0505
32.2723 35.0441
32.2727 34.9136
32.2731 34.9244
32.2737 34.8089
32.2745 34.8328
32.2753 34.8537
32.2759 34.747
32.2766 34.7786
32.2771 34.8063
32.2777 34.7055
32.2783 34.7423
32.279 34.6495
32.2796 34.6933
32.2801 34.7317
32.2805 34.6402
32.2811 34.6852
32.2816 34.5995
32.2823 34.6496
32.2831 34.6934
32.2838 34.6067
32.2848 34.6559
32.285 34.5739
32.2854 34.6272
32.2857 34.5488
32.286 34.4802
32.2862 34.5451
32.2864 34.477
32.2867 34.4174
32.2869 34.3652
32.2872 34.4446
32.2874 34.389
32.2876 34.3404
32.2879 34.2978
32.2881 34.3856
32.2884 34.4624
32.2886 34.4046
32.2888 34.354
32.2891 34.4348
32.2893 34.5054
32.2896 34.4422
32.2898 34.387
32.29 34.4636
32.2903 34.5306
32.2905 34.4643
32.2908 34.4063
32.291 34.3555
32.2912 34.4361
32.2915 34.3815
32.2917 34.3339
32.292 34.2921
32.2922 34.3806
32.2924 34.333
32.2927 34.2914
32.2929 34.255
32.2932 34.3481
32.2934 34.3046
32.2936 34.2665
32.2939 34.2332
32.2941 34.3291
32.2946 34.2879
32.2948 34.2519
32.2951 34.3454
32.2953 34.4273
32.2956 34.3738
32.3041 35.4521
32.3048 35.2706
32.3053 35.2368
32.3058 35.0822
32.3063 35.0719
32.3067 34.9379
32.3071 34.9457
32.3077 34.8275
32.3085 34.849
32.3093 34.8679
32.3099 34.7594
32.3106 34.7895
32.3111 34.8158
32.3117 34.7138
32.3123 34.7496
32.313 34.6559
32.3136 34.6989
32.3141 34.7365
32.3146 34.6445
32.3152 34.6889
32.3156 34.6028
32.3164 34.6525
32.3171 34.6959
32.3178 34.6089
32.3188 34.6578
32.3192 34.7006
32.3195 34.738
32.32 34.6457
32.3202 34.69
32.3204 34.7288
32.3207 34.6377
32.3209 34.558
32.3212 34.6132
32.3214 34.6616
32.3216 34.5789
32.3219 34.5065
32.3221 34.5682
32.3224 34.6222
32.3226 34.5444
32.3228 34.4764
32.3231 34.5418
32.3233 34.5991
32.3236 34.5242
32.3238 34.4587
32.324 34.5263
32.3243 34.5855
32.3245 34.5124
32.3248 34.4483
32.325 34.5173
32.3252 34.5776
32.3255 34.6304
32.3257 34.5516
32.326 34.4827
32.3262 34.5473
32.3264 34.6039
32.3267 34.5284
32.3269 34.4624
32.3272 34.5296
32.3274 34.5884
32.3276 34.5148
32.3279 34.4505
32.3281 34.5192
32.3284 34.5793
32.3286 34.5069
32.3291 34.5685
32.3293 34.6224
32.3296 34.5446
32.3298 34.4766
32.3301 34.542
32.3386 34.4742
32.3393 34.54
32.3398 34.4725
32.3403 34.5384
32.3407 34.4711
32.3412 34.5372
32.3416 34.4701
32.3422 34.5363
32.343 34.5943
32.3437 34.52
32.3443 34.58
32.3451 34.6325
32.3456 34.5534
32.3462 34.6092
32.3468 34.5331
32.3475 34.5915
32.3481 34.6425
32.3486 34.5622
32.349 34.6169
32.3496 34.5398
32.3501 34.5973
32.3508 34.5227
32.3516 34.4573
32.3523 34.5252
32.3532 34.5845
32.3536 34.5115
32.354 34.4475
32.3543 34.5166
32.3546 34.452
32.3548 34.3955
32.355 34.4711
32.3553 34.5372
32.3555 34.47
32.3558 34.4113
32.356 34.4849
32.3562 34.5493
32.3565 34.4806
32.3567 34.4205
32.357 34.368
32.3572 34.447
32.3574 34.3911
32.3577 34.3422
32.3579 34.2994
32.3582 34.387
32.3584 34.3386
32.3586 34.2963
32.3589 34.2593
32.3591 34.3519
32.3594 34.3079
32.3596 34.2694
32.3599 34.2357
32.3601 34.3312
32.3603 34.4148
32.3606 34.363
32.3608 34.3176
32.3611 34.4029
32.3613 34.4775
32.3615 34.4179
32.3618 34.3656
32.362 34.4449
32.3623 34.5143
32.3625 34.45
32.3627 34.3938
32.3631 34.4695
32.3635 34.4108
32.3637 34.3595
32.3639 34.3146
32.3642 34.4002
32.3645 34.3502
32.3731 34.4314
32.3738 34.3775
32.3743 34.4553
32.3748 34.3984
32.3752 34.4736
32.3757 34.4144
32.3761 34.4876
32.3767 34.4266
32.3775 34.3733
32.3782 34.4517
32.3788 34.3952
32.3796 34.3458
32.38 34.4276
32.3806 34.3741
32.3812 34.4524
32.382 34.3958
32.3826 34.3463
32.383 34.428
32.3835 34.3745
32.3841 34.4527
32.3846 34.3961
32.3853 34.4716
32.386 34.5377
32.3868 34.4705
32.3877 34.4116
32.388 34.3602
32.3884 34.4402
32.3887 34.3851
32.3889 34.337
32.3892 34.4199
32.3894 34.3674
32.3897 34.3215
32.3899 34.2813
32.3901 34.3711
32.3904 34.3247
32.3906 34.2841
32.3909 34.2486
32.3911 34.3425
32.3913 34.4247
32.3916 34.3716
32.3918 34.3252
32.3921 34.4095
32.3923 34.4833
32.3925 34.4229
32.3928 34.3701
32.393 34.4488
32.3933 34.5177
32.3935 34.453
32.3937 34.3964
32.394 34.3468
32.3942 34.4285
32.3945 34.3749
32.3947 34.328
32.3949 34.287
32.3952 34.3762
32.3954 34.3291
32.3957 34.288
32.3959 34.252
32.3961 34.3455
32.3964 34.3023
32.3966 34.2645
32.3969 34.2315
32.3971 34.3275
32.3976 34.2866
32.3978 34.2508
32.3981 34.3444
32.3983 34.4264
32.3985 34.4981
32.399 34.5608
32.4076 35.6157
32.4083 35.5387
32.4088 35.4714
32.4092 35.4125
32.4097 35.3609
32.4102 35.3158
32.4106 35.2763
32.4112 35.2418
32.412 35.2116
32.4127 35.1851
32.4133 35.162
32.414 35.2667
32.4145 35.2334
32.4151 35.2042
32.4157 35.1787
32.4164 35.1563
32.417 35.2618
32.4175 35.2291
32.418 35.2004
32.4186 35.1754
32.4191 35.1535
32.4198 35.1343
32.4205 35.1175
32.4213 35.1028
32.4222 35.215
32.4225 35.1881
32.4229 35.1646
32.4232 35.144
32.4234 35.126
32.4237 35.1103
32.4239 34.9715
32.4241 34.975
32.4244 34.9782
32.4246 34.9809
32.4249 34.8583
32.4251 34.876
32.4253 34.8915
32.4256 34.9051
32.4258 34.7919
32.4261 34.8179
32.4263 34.8407
32.4265 34.8606
32.4268 34.753
32.427 34.7839
32.4273 34.8109
32.4275 34.8345
32.4277 34.7302
32.428 34.6389
32.4282 34.6841
32.4285 34.7236
32.4287 34.7581
32.4289 34.6634
32.4292 34.7054
32.4294 34.7423
32.4297 34.7745
32.4299 34.6777
32.4301 34.718
32.4304 34.7532
32.4306 34.7841
32.4309 34.6861
32.4311 34.7253
32.4313 34.7596
32.4316 34.7897
32.4321 34.816
32.4323 34.839
32.4325 34.8591
32.4328 34.7517
32.433 34.7827
32.4335 34.8099
32.442 35.8337
32.4428 35.7295
32.4432 35.6383
32.4437 35.5585
32.4442 35.4887
32.4447 35.4276
32.445 35.3741
32.4456 35.3274
32.4465 35.2865
32.4472 35.3756
32.4478 35.3287
32.4485 35.2876
32.449 35.2517
32.4496 35.2202
32.4502 35.1927
32.4509 35.1686
32.4515 35.1475
32.452 35.1291
32.4525 35.1129
32.4531 35.0988
32.4536 35.0865
32.4543 35.0757
32.455 35.1912
32.4557 35.1673
32.4567 35.1464
32.4571 35.1281
32.4574 35.1121
32.4578 35.0981
32.458 35.0858
32.4583 35.0751
32.4585 35.0657
32.4587 35.0575
32.459 34.9253
32.4592 34.9346
32.4595 34.9428
32.4597 34.95
32.4599 34.8312
32.4602 34.8523
32.4604 34.8708
32.4607 34.8869
32.4609 34.7761
32.4611 34.804
32.4614 34.8285
32.4616 34.85
32.4619 34.7437
32.4621 34.7758
32.4623 34.8038
32.4626 34.8283
32.4628 34.8498
32.4631 34.8686
32.4633 34.885
32.4635 34.8994
32.4638 34.9119
32.464 34.9229
32.4643 34.9326
32.4645 34.941
32.4648 34.9484
32.465 34.8298
32.4652 34.8511
32.4655 34.8697
32.4657 34.886
32.466 34.7752
32.4662 34.8033
32.4666 34.8279
32.4669 34.7244
32.4672 34.7589
32.4674 34.789
32.4676 34.8154
32.468 34.7135
32.4765 35.7493
32.4774 35.6556
32.4778 35.5737
32.4783 35.502
32.4788 35.4392
32.4793 35.3843
32.4796 35.3363
32.48 35.2942
32.4806 35.2575
32.4815 35.2253
32.4822 35.1971
32.4828 35.1725
32.4835 35.1509
32.484 35.007
32.4846 35.0062
32.4852 35.0054
32.4859 35.0047
32.4865 35.0041
32.487 34.8786
32.4875 34.8938
32.4881 34.9071
32.4885 34.9187
32.4893 34.9288
32.49 34.8127
32.4907 34.8361
32.4917 34.8566
32.492 34.8745
32.4924 34.8902
32.4927 34.904
32.493 34.791
32.4932 34.8171
32.4935 34.84
32.4937 34.86
32.4939 34.8775
32.4942 34.8928
32.4944 34.9062
32.4947 34.9179
32.4949 34.9282
32.4952 34.9371
32.4954 34.945
32.4956 34.9519
32.4959 34.9579
32.4961 34.9632
32.4964 34.9678
32.4966 34.9718
32.4968 34.9753
32.4971 34.9784
32.4973 34.9811
32.4976 34.9835
32.4978 34.9855
32.498 34.9873
32.4983 34.9889
32.4985 34.9903
32.4988 34.9915
32.499 34.8676
32.4992 34.8841
32.4995 34.8986
32.4997 34.9113
32.5 34.9224
32.5002 34.9321
32.5004 34.9406
32.5007 34.948
32.5009 34.9545
32.5012 34.9602
32.5015 34.9652
32.5019 34.9695
32.5021 34.9733
32.5024 34.9767
32.5026 34.9796
32.503 34.9821
32.5115 34.9844
32.5123 34.9863
32.5128 34.988
32.5133 34.9895
32.5138 34.9908
32.5141 34.992
32.5146 34.993
32.515 34.8689
32.5156 34.8852
32.5164 34.8996
32.5171 34.9121
32.5177 34.9231
32.5185 34.9327
32.5189 34.9411
32.5195 34.9485
32.5201 34.9549
32.5209 34.9606
32.5215 34.9655
32.5219 34.9698
32.5224 34.9736
32.523 34.9769
32.5235 34.9798
32.5242 34.9823
32.525 34.9845
32.5257 34.9864
32.5266 34.9881
32.5269 34.8646
32.5274 34.8815
32.5276 34.8964
32.5278 34.9093
32.5281 34.9206
32.5283 34.9306
32.5286 34.9392
32.5288 34.9468
32.529 34.9535
32.5293 34.9593
32.5295 34.9644
32.5298 34.9688
32.53 34.8477
32.5302 34.8668
32.5305 34.8834
32.5307 34.898
32.531 34.7857
32.5312 34.8125
32.5314 34.836
32.5317 34.8565
32.5319 34.7494
32.5322 34.7807
32.5324 34.8081
32.5326 34.8321
32.5329 34.7281
32.5331 34.7621
32.5334 34.7918
32.5336 34.8178
32.5338 34.8406
32.5341 34.8605
32.5343 34.878
32.5346 34.8932
32.5348 34.9066
32.535 34.9182
32.5353 34.9285
32.5355 34.9374
32.5358 34.9452
32.536 34.9521
32.5365 34.9581
32.5367 34.9633
32.537 34.8429
32.5372 34.8625
32.5374 34.8797
32.5379 34.8948
32.5466 34.9079
32.5474 34.9194
32.5479 34.9295
32.5484 34.9383
32.5489 34.946
32.5492 34.9528
32.5496 34.9587
32.5501 35.0888
32.5507 35.0777
32.5515 35.068
32.5522 35.0595
32.5527 35.0521
32.5534 35.1706
32.5539 35.1492
32.5545 35.2556
32.5551 35.3486
32.5558 35.3051
32.5564 35.3919
32.5569 35.3429
32.5574 35.4251
32.558 35.3719
32.5585 35.3254
32.5592 35.4098
32.5599 35.3585
32.5606 35.4387
32.5616 35.5089
32.5618 35.4453
32.5623 35.5146
32.5626 35.4503
32.5628 35.394
32.563 35.4697
32.5633 35.411
32.5635 35.3597
32.5638 35.3147
32.564 35.4004
32.5642 35.3503
32.5645 35.3065
32.5647 35.2682
32.565 35.2347
32.5652 35.3303
32.5654 35.2891
32.5657 35.2529
32.5659 35.2213
32.5662 35.3186
32.5664 35.2788
32.5666 35.244
32.5669 35.2135
32.5671 35.3118
32.5674 35.2728
32.5676 35.2387
32.5678 35.2089
32.5681 35.3078
32.5683 35.2693
32.5686 35.2356
32.5688 35.2062
32.569 35.3054
32.5693 35.2672
32.5695 35.2338
32.5698 35.2046
32.57 35.304
32.5703 35.266
32.5705 35.2328
32.5707 35.2037
32.571 35.1782
32.5715 35.1559
32.5717 35.1364
32.5719 35.1194
32.5722 35.2295
32.5724 35.2008
32.5729 35.1757
32.5815 36.2787
32.5824 36.2439
32.5829 36.0884
32.5833 36.0773
32.5838 35.9427
32.5842 35.9498
32.5847 35.8311
32.585 35.8522
32.5856 35.7457
32.5865 35.7775
32.5872 35.8053
32.5877 35.7046
32.5884 35.7416
32.5889 35.6489
32.5895 35.6928
32.5901 35.7312
32.5908 35.6398
32.5914 35.6848
32.5919 35.5992
32.5924 35.6493
32.593 35.5681
32.5934 35.6221
32.5942 35.6693
32.5949 35.5857
32.5956 35.6375
32.5966 35.6828
32.5969 35.5974
32.5973 35.6478
32.5976 35.5668
32.5979 35.4959
32.5981 35.5589
32.5984 35.4891
32.5986 35.4279
32.5988 35.3744
32.5991 35.4526
32.5993 35.3961
32.5996 35.3466
32.5998 35.3032
32.6001 35.3903
32.6003 35.4665
32.6005 35.4082
32.6008 35.3572
32.601 35.4375
32.6013 35.5078
32.6015 35.4444
32.6017 35.3888
32.602 35.3402
32.6022 35.4227
32.6025 35.3699
32.6027 35.3236
32.6029 35.2832
32.6032 35.3728
32.6034 35.3262
32.6037 35.2854
32.6039 35.2497
32.6041 35.3435
32.6044 35.3006
32.6046 35.263
32.6049 35.2301
32.6051 35.3264
32.6053 35.2856
32.6056 35.2499
32.6058 35.2186
32.6061 35.3163
32.6064 35.4018
32.6068 35.3515
32.607 35.4326
32.6073 35.5035
32.6075 35.4406
32.6079 35.3855
32.6165 36.4623
32.6174 36.4045
32.6178 36.229
32.6183 36.2003
32.6188 36.0503
32.6193 36.044
32.6198 35.9135
32.6201 35.9243
32.6207 35.8088
32.6216 35.8327
32.6223 35.8536
32.6228 35.7469
32.6235 35.7785
32.624 35.6812
32.6246 35.7211
32.6249 35.6309
32.6255 35.5521
32.6262 35.6081
32.6268 35.532
32.6273 35.5905
32.6278 35.5167
32.6284 35.5771
32.6289 35.505
32.6296 35.4419
32.6303 35.5116
32.6311 35.5727
32.632 35.6261
32.6324 35.6728
32.6327 35.5887
32.6331 35.6401
32.6333 35.6851
32.6336 35.5995
32.6338 35.5245
32.6341 35.584
32.6343 35.636
32.6345 35.5565
32.6348 35.4869
32.635 35.5511
32.6353 35.6072
32.6355 35.5313
32.6357 35.4649
32.636 35.4068
32.6362 35.4809
32.6365 35.4208
32.6367 35.3682
32.6369 35.3222
32.6372 35.4069
32.6374 35.481
32.6377 35.4209
32.6379 35.3683
32.6381 35.4473
32.6384 35.5163
32.6386 35.4518
32.6389 35.3953
32.6391 35.4709
32.6393 35.537
32.6396 35.4699
32.6398 35.4112
32.6401 35.4848
32.6403 35.5492
32.6405 35.4805
32.6408 35.4205
32.641 35.4929
32.6413 35.5563
32.6415 35.4868
32.6419 35.4259
32.6422 35.4977
32.6425 35.4355
32.6427 35.381
32.6429 35.3334
32.6433 35.4167
32.652 35.3646
32.6528 35.3191
32.6533 35.4042
32.6538 35.3537
32.6542 35.4344
32.6547 35.3801
32.6552 35.4576
32.6556 35.4004
32.6562 35.4754
32.657 35.5409
32.6577 35.4733
32.6582 35.5392
32.6589 35.4718
32.6594 35.5378
32.66 35.5956
32.6604 35.6461
32.661 35.5654
32.6617 35.4947
32.6623 35.5579
32.6628 35.4881
32.6633 35.5521
32.6639 35.4831
32.6643 35.5477
32.6651 35.6042
32.6658 35.5287
32.6665 35.4626
32.6675 35.4048
32.6677 35.3542
32.6682 35.4349
32.6684 35.3806
32.6687 35.333
32.6689 35.2914
32.6691 35.3799
32.6694 35.3324
32.6696 35.2909
32.6699 35.2545
32.6701 35.3477
32.6703 35.3042
32.6706 35.2662
32.6708 35.2329
32.6711 35.3288
32.6713 35.4127
32.6715 35.3611
32.6718 35.316
32.672 35.4015
32.6723 35.4763
32.6725 35.4168
32.6727 35.3647
32.673 35.3191
32.6732 35.4042
32.6735 35.3537
32.6737 35.3095
32.6739 35.2708
32.6742 35.3619
32.6744 35.3167
32.6747 35.2771
32.6749 35.2425
32.6752 35.3372
32.6754 35.295
32.6756 35.2581
32.6759 35.2259
32.6761 35.3226
32.6764 35.2823
32.6766 35.247
32.6768 35.2161
32.6773 35.3141
32.6776 35.2749
32.6778 35.2405
32.678 35.3354
32.6783 35.4185
32.6788 35.3662
32.6874 35.4454
32.6882 35.5147
32.6887 35.4504
32.6892 35.5191
32.6897 35.4542
32.6902 35.5224
32.6905 35.4571
32.691 35.525
32.6916 35.4594
32.6925 35.4019
32.6932 35.4767
32.6937 35.4171
32.6945 35.49
32.695 35.4287
32.6955 35.3751
32.6959 35.3282
32.6965 35.4122
32.6973 35.4857
32.6979 35.425
32.6982 35.4969
32.6987 35.5597
32.6993 35.6148
32.6998 35.6629
32.7005 35.7051
32.7012 35.7419
32.7019 35.7742
32.7029 35.8024
32.7031 35.8271
32.7036 35.8487
32.7039 35.7426
32.7041 35.7748
32.7043 35.803
32.7046 35.8276
32.7048 35.7241
32.7051 35.7586
32.7053 35.7888
32.7056 35.8152
32.7058 35.7133
32.706 35.7491
32.7063 35.7805
32.7065 35.8079
32.7068 35.7069
32.707 35.6186
32.7072 35.6662
32.7075 35.708
32.7077 35.6195
32.708 35.542
32.7082 35.5993
32.7084 35.6494
32.7087 35.6932
32.7089 35.6065
32.7092 35.6557
32.7094 35.6988
32.7096 35.7364
32.7099 35.6444
32.7101 35.6888
32.7104 35.7277
32.7106 35.7617
32.7108 35.6665
32.7111 35.7082
32.7113 35.7447
32.7116 35.7766
32.7118 35.6795
32.712 35.7196
32.7123 35.7546
32.7128 35.7853
32.713 35.8121
32.7132 35.8356
32.7135 35.8562
32.7137 35.7491
32.714 35.6555
32.7209 36.4486
32.7218 36.1425
32.7223 35.8747
32.7227 35.6403
32.7232 35.4353
32.7237 35.2559
32.7241 35.0989
32.7245 34.9615
32.7251 34.8413
32.726 34.7362
32.7267 34.6442
32.7272 34.5636
32.728 34.6182
32.7285 34.5409
32.7291 34.5983
32.7295 34.5235
32.7301 34.5831
32.7308 34.5102
32.7314 34.4464
32.7317 34.3906
32.7322 34.3418
32.7355 34.6741
32.7358 34.3398
32.7361 34.1723
32.7363 33.9008
32.7366 33.6632
32.7368 33.4553
32.737 33.3984
32.7373 33.2236
32.7375 33.0706
32.7378 32.9368
32.738 32.8197
32.7382 32.7172
32.7385 32.6276
32.7387 32.5491
32.739 32.4805
32.7392 32.5454
32.7394 32.4773
32.7397 32.4176
32.7399 32.3654
32.7402 32.4447
32.7404 32.3891
32.7406 32.3405
32.7409 32.2979
32.7411 32.3857
32.7414 32.3375
32.7416 32.2953
32.7418 32.2584
32.7421 32.3511
32.7423 32.3072
32.7426 32.2688
32.7428 32.2352
32.743 32.3308
32.7433 32.2894
32.7435 32.2533
32.7438 32.2216
32.744 32.3189
32.7442 32.279
32.7446 32.2442
32.745 32.2136
32.7452 32.1869
32.7454 32.1636
32.7457 32.1431
32.7459 32.1252
32.7528 32.9846
32.7537 32.9865
32.7542 32.9882
32.7547 32.8647
32.7552 32.8816
32.7557 32.7714
32.7561 32.8
32.7565 32.7
32.7571 32.7375
32.7579 32.6453
32.7587 32.6896
32.7591 32.7284
32.76 32.6374
32.7605 32.5577
32.7611 32.613
32.7614 32.5364
32.762 32.5943
32.7627 32.52
32.7633 32.58
32.7638 32.5075
32.7642 32.5691
32.7674 32.8729
32.7679 32.7638
32.7682 32.7933
32.7684 32.6942
32.7686 32.6074
32.7689 32.5315
32.7691 32.59
32.7694 32.5163
32.7696 32.4518
32.7698 32.3953
32.7701 32.4709
32.7703 32.537
32.7706 32.4699
32.7708 32.4111
32.771 32.4848
32.7713 32.5492
32.7715 32.4805
32.7718 32.4205
32.772 32.3679
32.7722 32.4469
32.7725 32.391
32.7727 32.3422
32.773 32.2994
32.7732 32.387
32.7734 32.3386
32.7737 32.2963
32.7739 32.2592
32.7742 32.3518
32.7744 32.3079
32.7746 32.2694
32.7749 32.2357
32.7751 32.3312
32.7754 32.2898
32.7756 32.2536
32.7758 32.2219
32.7761 32.3192
32.7763 32.2793
32.7766 32.2444
32.7769 32.2138
32.7773 32.3121
32.7775 32.2731
32.7778 32.2389
32.778 32.3341
32.7782 32.4173
32.7851 32.4901
32.7861 32.5539
32.7865 32.4846
32.787 32.5491
32.7875 32.4804
32.788 32.4204
32.7883 32.3678
32.7888 32.3218
32.7894 32.2816
32.7903 32.3714
32.791 32.325
32.7915 32.2844
32.7923 32.3738
32.7928 32.3271
32.7934 32.2862
32.7937 32.2504
32.7943 32.2191
32.7951 32.3167
32.7957 32.2771
32.796 32.3675
32.7965 32.3216
32.7998 32.2814
32.8001 32.3712
32.8004 32.3248
32.8006 32.2842
32.8008 32.2487
32.8011 32.3426
32.8013 32.2998
32.8016 32.2623
32.8018 32.2295
32.802 32.3258
32.8023 32.2851
32.8025 32.2495
32.8028 32.2183
32.803 32.316
32.8032 32.2765
32.8035 32.2419
32.8037 32.2117
32.804 32.1852
32.8042 32.2871
32.8044 32.2512
32.8047 32.2198
32.8049 32.1923
32.8052 32.2933
32.8054 32.2566
32.8056 32.2245
32.8059 32.1965
32.8061 32.2969
32.8064 32.2598
32.8066 32.2273
32.8068 32.1989
32.8071 32.299
32.8073 32.2617
32.8076 32.229
32.8078 32.2003
32.808 32.3003
32.8083 32.2628
32.8085 32.2299
32.8088 32.2012
32.8092 32.301
32.8095 32.2634
32.8097 32.2305
32.81 32.2017
32.8102 32.1765
32.8106 32.1544
32.8175 32.1351
32.8185 32.1182
32.819 32.1034
32.8195 32.0905
32.8199 32.0792
32.8204 32.1943
32.8208 32.17
32.8213 32.2738
32.8219 32.2395
32.8227 32.2096
32.8234 32.3084
32.8239 32.2698
32.8247 32.2361
32.8252 32.3316
32.8257 32.2901
32.8262 32.3789
32.8268 32.3315
32.8275 32.2901
32.8281 32.3788
32.8285 32.3315
32.829 32.29
32.8322 32.3788
32.8324 32.3314
32.8327 32.29
32.8329 32.2537
32.8332 32.347
32.8334 32.3037
32.8336 32.2657
32.8339 32.2325
32.8341 32.3284
32.8344 32.2874
32.8346 32.2514
32.8348 32.22
32.8351 32.3175
32.8353 32.2778
32.8356 32.2431
32.8358 32.2127
32.836 32.3111
32.8363 32.3972
32.8365 32.3476
32.8368 32.3041
32.837 32.3911
32.8372 32.4672
32.8375 32.4088
32.8377 32.3577
32.838 32.313
32.8382 32.3989
32.8384 32.349
32.8387 32.3054
32.8389 32.2672
32.8392 32.3588
32.8394 32.314
32.8396 32.2747
32.8399 32.2404
32.8401 32.3353
32.8404 32.4184
32.8406 32.3661
32.8409 32.3203
32.8412 32.4053
32.8416 32.4796
32.8418 32.4197
32.8421 32.4922
32.8423 32.5557
32.8425 32.6112
32.8429 32.5348
32.8499 33.343
32.8508 33.3001
32.8513 33.2626
32.8518 33.2298
32.8523 33.201
32.8527 33.1759
32.8531 33.1539
32.8536 33.1347
32.8542 33.1178
32.855 33.2281
32.8558 33.1996
32.8562 33.1746
32.8571 33.2778
32.8576 33.2431
32.8582 33.2127
32.8585 33.1861
32.8591 33.1628
32.8598 33.1425
32.8604 33.1247
32.8608 32.9841
32.8613 32.9861
32.8645 33.3628
32.8649 33.1925
32.8651 33.1684
32.8654 33.1474
32.8656 33.1289
32.8658 32.9878
32.8661 32.9893
32.8663 32.9907
32.8666 32.9918
32.8668 32.8679
32.867 32.8844
32.8673 32.8988
32.8675 32.9115
32.8678 32.7975
32.868 32.8228
32.8682 32.845
32.8685 32.8644
32.8687 32.7563
32.869 32.6618
32.8692 32.7041
32.8694 32.741
32.8697 32.6484
32.8699 32.5674
32.8702 32.6214
32.8704 32.6688
32.8707 32.7102
32.8709 32.6214
32.8711 32.6687
32.8714 32.7101
32.8716 32.7464
32.8719 32.6531
32.8721 32.6964
32.8723 32.7344
32.8726 32.7676
32.8728 32.6716
32.8731 32.7127
32.8733 32.7486
32.8735 32.78
32.874 32.8075
32.8743 32.8316
32.8745 32.8526
32.8747 32.746
32.875 32.6528
32.8752 32.6962
32.8822 33.6092
32.8833 33.658
32.8837 33.5758
32.8842 33.5038
32.8847 33.4408
32.8852 33.3857
32.8857 33.3375
32.886 33.2953
32.8866 33.2584
32.8875 33.2261
32.8882 33.1978
32.8887 33.1731
32.8895 33.1515
32.89 33.0075
32.8906 33.0066
32.891 32.8808
32.8916 32.8957
32.8923 32.9087
32.8929 32.9201
32.8934 32.9301
32.8937 32.9388
32.897 33.1965
32.8974 33.1719
32.8977 33.1504
32.8979 33.0066
32.8982 33.0058
32.8984 33.0051
32.8986 33.0044
32.8989 32.8789
32.8991 32.894
32.8994 32.9073
32.8996 32.9189
32.8998 32.804
32.9001 32.8285
32.9003 32.8499
32.9006 32.8687
32.9008 32.7601
32.9011 32.7901
32.9013 32.8163
32.9015 32.8393
32.9018 32.8594
32.902 32.877
32.9023 32.8923
32.9025 32.9058
32.9027 32.9176
32.903 32.8029
32.9032 32.8275
32.9035 32.8491
32.9037 32.8679
32.9039 32.7594
32.9042 32.7895
32.9044 32.8158
32.9047 32.8388
32.9049 32.734
32.9051 32.7672
32.9054 32.7963
32.9056 32.8218
32.9059 32.7191
32.9061 32.7542
32.9065 32.7849
32.9068 32.6868
32.9071 32.7259
32.9073 32.7602
32.9075 32.7902
32.9078 32.8164
32.908 32.8394
32.915 32.7344
32.9161 32.7676
32.9166 32.7967
32.917 32.8221
32.9175 32.8443
32.918 32.7388
32.9184 32.7714
32.9188 32.675
32.9194 32.7156
32.9203 32.7512
32.921 32.6573
32.9215 32.7001
32.9223 32.7376
32.9228 32.7704
32.9234 32.7991
32.9238 32.8242
32.9244 32.8462
32.9251 32.8654
32.9257 32.8822
32.926 32.897
32.9265 32.9098
32.9298 32.9211
32.9301 32.931
32.9304 32.9396
32.9306 32.9471
32.9309 32.8288
32.9311 32.8502
32.9313 32.8689
32.9316 32.8853
32.9318 32.7746
32.9321 32.8028
32.9323 32.8274
32.9325 32.849
32.9328 32.7429
32.933 32.775
32.9333 32.8031
32.9335 32.8278
32.9337 32.7243
32.934 32.6337
32.9342 32.6795
32.9345 32.7196
32.9347 32.6296
32.9349 32.5509
32.9352 32.6071
32.9354 32.6562
32.9357 32.6992
32.9359 32.6118
32.9361 32.6603
32.9364 32.7028
32.9366 32.7399
32.9369 32.6474
32.9371 32.6915
32.9373 32.7301
32.9376 32.7638
32.9378 32.6683
32.9381 32.7098
32.9383 32.7461
32.9385 32.7778
32.9388 32.6806
32.9393 32.7205
32.9395 32.7554
32.9397 32.661
32.94 32.5784
32.9402 32.6311
32.9405 32.6772
32.9408 32.5925
32.9479 32.6435
32.949 32.563
32.9495 32.6177
32.95 32.5405
32.9504 32.5979
32.9509 32.6482
32.9513 32.6921
32.9518 32.7306
32.9524 32.7643
32.9532 32.7938
32.9539 32.8195
32.9544 32.8421
32.9552 32.8618
32.9557 32.8791
32.9562 32.8942
32.9567 32.9074
32.9573 32.919
32.958 32.9291
32.9586 32.938
32.959 32.8207
32.9594 32.8431
32.9627 32.8628
32.9629 32.7549
32.9632 32.7855
32.9634 32.8124
32.9637 32.8358
32.9639 32.7313
32.9641 32.7649
32.9644 32.7943
32.9646 32.82
32.9649 32.7175
32.9651 32.7528
32.9653 32.7837
32.9656 32.8108
32.9658 32.7094
32.9661 32.7457
32.9663 32.7775
32.9665 32.8053
32.9668 32.8297
32.967 32.851
32.9673 32.8696
32.9675 32.8859
32.9677 32.9001
32.968 32.7876
32.9682 32.8142
32.9685 32.8374
32.9687 32.8577
32.9689 32.7505
32.9692 32.7817
32.9694 32.809
32.9697 32.8329
32.9699 32.7288
32.9701 32.7627
32.9704 32.7923
32.9706 32.8183
32.9709 32.716
32.9711 32.7515
32.9713 32.7826
32.9717 32.8097
32.9721 32.8335
32.9723 32.8543
32.9725 32.8725
32.9728 32.8885
32.973 32.9024
32.9733 32.9146
32.9737 32.9253
32.9808 32.9346
32.9819 32.9428
32.9824 32.9499
32.9829 32.9562
32.9834 32.9617
32.9838 32.9665
32.9842 32.9707
32.9847 32.9743
32.9853 32.9775
32.986 33.1053
32.9867 33.0922
32.9872 33.2057
32.988 33.3049
32.9885 33.2668
32.9891 33.3585
32.9895 33.3137
32.9901 33.3995
32.9908 33.3495
32.9914 33.3058
32.9918 33.2676
32.9923 33.3592
32.9955 33.6893
32.9959 33.6031
32.9961 33.6527
32.9963 33.5711
32.9966 33.4997
32.9968 33.4373
32.9971 33.5076
32.9973 33.4442
32.9975 33.3886
32.9978 33.3401
32.998 33.4225
32.9983 33.3697
32.9985 33.3235
32.9987 33.2831
32.999 33.2477
32.9992 33.2167
32.9995 33.1896
32.9997 33.1659
32.9999 33.1452
33.0002 33.127
33.0004 33.1112
33.0007 33.0973
33.0009 33.0851
33.0011 33.1995
33.0014 33.1745
33.0016 33.1527
33.0019 33.1336
33.0021 33.2419
33.0023 33.2117
33.0026 33.1852
33.0028 33.1621
33.0031 33.2668
33.0033 33.2335
33.0035 33.2043
33.0038 33.1787
33.004 33.2814
33.0043 33.2462
33.0045 33.2154
33.005 33.1885
33.0052 33.1649
33.0055 33.1443
33.0057 33.1263
33.006 33.1105
33.0062 33.0967
33.0066 33.0846
33.0138 33.949
33.0148 33.9554
33.0153 33.961
33.0158 33.8408
33.0163 33.8607
33.0168 33.7532
33.0171 33.784
33.0176 33.686
33.0182 33.7253
33.0189 33.6346
33.0196 33.5553
33.0201 33.6109
33.021 33.5345
33.0215 33.4677
33.0221 33.5342
33.0224 33.4674
33.023 33.534
33.0237 33.4673
33.0243 33.5339
33.0248 33.4671
33.0252 33.5337
33.0284 33.842
33.0289 33.7368
33.0291 33.7697
33.0294 33.6735
33.0296 33.5893
33.0299 33.5156
33.0301 33.5762
33.0303 33.5041
33.0306 33.4411
33.0308 33.386
33.0311 33.4627
33.0313 33.4049
33.0315 33.3543
33.0318 33.31
33.032 33.3962
33.0323 33.4717
33.0325 33.4127
33.0327 33.3612
33.033 33.316
33.0332 33.4015
33.0335 33.3513
33.0337 33.3074
33.0339 33.269
33.0342 33.3604
33.0344 33.3153
33.0347 33.2759
33.0349 33.2414
33.0351 33.3362
33.0354 33.2942
33.0356 33.2574
33.0359 33.2252
33.0361 33.3221
33.0364 33.2818
33.0366 33.2466
33.0368 33.2158
33.0371 33.3138
33.0373 33.2746
33.0376 33.2403
33.0379 33.2102
33.0383 33.3089
33.0385 33.2703
33.0388 33.2365
33.039 33.207
33.0392 33.3061
33.0395 33.2678
33.0467 34.1094
33.0478 34.0957
33.0482 34.0837
33.0487 33.9483
33.0492 33.9547
33.0497 33.8354
33.05 33.856
33.0505 33.749
33.0511 33.7803
33.0519 33.6828
33.0526 33.7225
33.0531 33.7571
33.0539 33.6625
33.0544 33.7047
33.055 33.6166
33.0553 33.5395
33.0559 33.4721
33.0567 33.4131
33.0573 33.4864
33.0577 33.4256
33.0581 33.4974
33.0613 33.8102
33.0618 33.709
33.0621 33.7453
33.0623 33.6522
33.0625 33.5707
33.0628 33.4993
33.063 33.5619
33.0633 33.4917
33.0635 33.4302
33.0637 33.3764
33.064 33.3294
33.0642 33.2882
33.0645 33.2522
33.0647 33.2207
33.0649 33.1931
33.0652 33.1689
33.0654 33.1478
33.0657 33.1293
33.0659 33.1132
33.0662 33.224
33.0664 33.196
33.0666 33.1715
33.0669 33.1501
33.0671 33.2563
33.0674 33.2243
33.0676 33.1962
33.0678 33.1717
33.0681 33.2752
33.0683 33.2408
33.0686 33.2107
33.0688 33.1844
33.069 33.2863
33.0693 33.2506
33.0695 33.2192
33.0698 33.1918
33.07 33.1678
33.0702 33.1469
33.0705 33.1285
33.0707 33.1124
33.0712 33.2234
33.0714 33.1955
33.0717 33.171
33.0719 33.1497
33.0722 33.2559
33.0724 33.224
33.0728 33.196
33.08 33.1715
33.0812 33.275
33.0817 33.2406
33.0821 33.3356
33.0826 33.2936
33.0831 33.3819
33.0835 33.3342
33.0839 33.2924
33.0845 33.2559
33.0853 33.3489
33.086 33.3053
33.0865 33.2671
33.0873 33.3587
33.0878 33.3139
33.0884 33.3996
33.0887 33.3497
33.0893 33.431
33.0901 33.5021
33.0907 33.4393
33.091 33.5094
33.0915 33.4457
33.0947 33.39
33.0951 33.4663
33.0953 33.408
33.0956 33.357
33.0958 33.3124
33.0961 33.3983
33.0963 33.3485
33.0966 33.305
33.0968 33.2668
33.097 33.3585
33.0973 33.4387
33.0975 33.3838
33.0978 33.3359
33.098 33.2939
33.0982 33.3821
33.0985 33.3344
33.0987 33.2926
33.099 33.256
33.0992 33.349
33.0994 33.3054
33.0997 33.2672
33.0999 33.2338
33.1002 33.3296
33.1004 33.2884
33.1006 33.2523
33.1009 33.2208
33.1011 33.3182
33.1014 33.2784
33.1016 33.2436
33.1018 33.2132
33.1021 33.3115
33.1023 33.2726
33.1026 33.2385
33.1028 33.2087
33.103 33.3076
33.1033 33.3942
33.1035 33.3449
33.1038 33.3018
33.1041 33.3891
33.1045 33.3404
33.1047 33.2979
33.105 33.2606
33.1052 33.3531
33.1054 33.3089
33.1057 33.2703
33.1062 33.3615
33.1134 33.4413
33.1146 33.3862
33.1151 33.4629
33.1155 33.405
33.116 33.4794
33.1165 33.4195
33.1169 33.367
33.1173 33.4462
33.1179 33.3904
33.1187 33.3416
33.1194 33.4239
33.1199 33.3709
33.1207 33.3245
33.1212 33.409
33.1218 33.3579
33.1221 33.4381
33.1227 33.3834
33.1235 33.3354
33.1241 33.4185
33.1244 33.3662
33.1249 33.3204
33.1282 33.4054
33.1285 33.3547
33.1288 33.3104
33.129 33.2716
33.1292 33.3626
33.1295 33.3173
33.1297 33.2776
33.13 33.2429
33.1302 33.3376
33.1304 33.2954
33.1307 33.2584
33.1309 33.2261
33.1312 33.3229
33.1314 33.4075
33.1316 33.4816
33.1319 33.4214
33.1321 33.4937
33.1324 33.557
33.1326 33.6124
33.1328 33.5358
33.1331 33.5938
33.1333 33.6446
33.1336 33.689
33.1338 33.6029
33.134 33.6525
33.1343 33.696
33.1345 33.734
33.1348 33.6422
33.135 33.6869
33.1352 33.7261
33.1355 33.7603
33.1357 33.6653
33.136 33.5821
33.1362 33.6344
33.1364 33.6801
33.1367 33.5951
33.1369 33.5207
33.1372 33.5806
33.1374 33.633
33.1379 33.5539
33.1381 33.6096
33.1384 33.6584
33.1386 33.7011
33.1388 33.6135
33.1391 33.6618
33.1394 33.7041
33.1467 34.4911
33.1479 34.4297
33.1483 34.376
33.1489 34.204
33.1494 34.1785
33.1499 34.0312
33.1503 34.0273
33.1507 34.0239
33.1513 34.0209
33.1521 34.1433
33.1528 34.1254
33.1533 34.1097
33.1541 34.221
33.1546 34.1934
33.1552 34.1692
33.1555 34.148
33.1562 34.1295
33.1569 34.1133
33.1575 34.0992
33.158 33.9618
33.1583 33.9666
33.1616 34.3457
33.162 34.3025
33.1623 34.2647
33.1625 34.2316
33.1628 34.2027
33.163 34.0523
33.1632 34.0458
33.1635 34.0401
33.1637 34.0351
33.164 33.9057
33.1642 33.9175
33.1644 33.9278
33.1647 33.9368
33.1649 33.8197
33.1652 33.8422
33.1654 33.862
33.1656 33.8792
33.1659 33.7693
33.1661 33.7981
33.1664 33.8234
33.1666 33.8455
33.1668 33.7398
33.1671 33.7723
33.1673 33.8008
33.1676 33.8257
33.1678 33.7225
33.168 33.7572
33.1683 33.7875
33.1685 33.8141
33.1688 33.7123
33.169 33.7483
33.1692 33.7797
33.1695 33.8073
33.1697 33.8314
33.17 33.7274
33.1702 33.7615
33.1704 33.7913
33.1707 33.8174
33.1709 33.7152
33.1713 33.7508
33.1717 33.782
33.1719 33.6842
33.1721 33.7237
33.1724 33.7582
33.1726 33.7885
33.1729 33.6899
33.1801 34.6037
33.1813 34.6532
33.1817 34.5716
33.1823 34.5001
33.1828 34.4376
33.1833 34.3829
33.1837 34.335
33.1841 34.2932
33.1847 34.2565
33.1855 34.2244
33.1862 34.1964
33.1867 34.1718
33.1875 34.1504
33.188 34.0066
33.1886 34.0057
33.189 33.88
33.1896 33.895
33.1903 33.9081
33.1909 33.9196
33.1914 33.9297
33.1917 33.9385
33.195 34.1962
33.1954 34.1716
33.1957 34.0252
33.1959 33.897
33.1962 33.9099
33.1964 33.9212
33.1966 33.931
33.1969 33.8146
33.1971 33.8378
33.1974 33.8581
33.1976 33.8758
33.1978 33.7663
33.1981 33.7956
33.1983 33.8211
33.1986 33.8435
33.1988 33.738
33.199 33.7708
33.1993 33.7994
33.1995 33.8245
33.1998 33.7214
33.2 33.7563
33.2002 33.7867
33.2005 33.8134
33.2007 33.7117
33.201 33.6227
33.2012 33.6699
33.2015 33.7112
33.2017 33.6223
33.2019 33.5445
33.2022 33.6014
33.2024 33.6512
33.2027 33.5698
33.2029 33.4986
33.2031 33.5613
33.2034 33.6161
33.2036 33.6641
33.2039 33.5811
33.2041 33.6335
33.2043 33.6793
33.2047 33.7194
33.2051 33.7544
33.2053 33.7851
33.2055 33.812
33.2058 33.7105
33.206 33.7467
33.2063 33.7783
33.2066 33.8061
33.2138 33.7053
33.215 33.7421
33.2155 33.7744
33.2161 33.8026
33.2166 33.8272
33.2171 33.8488
33.2174 33.8677
33.2179 33.7593
33.2185 33.7894
33.2192 33.8157
33.22 33.7137
33.2204 33.7495
33.2213 33.7808
33.2218 33.8082
33.2224 33.8322
33.2227 33.8532
33.2234 33.8715
33.2242 33.8876
33.2248 33.9016
33.2251 33.9139
33.2256 33.9247
33.2288 33.9341
33.2292 33.9423
33.2294 33.9495
33.2297 33.9559
33.2299 33.8364
33.2302 33.8568
33.2304 33.8747
33.2306 33.8904
33.2309 33.7791
33.2311 33.8067
33.2314 33.8309
33.2316 33.852
33.2319 33.7455
33.2321 33.7773
33.2323 33.8051
33.2326 33.8295
33.2328 33.7258
33.2331 33.7601
33.2333 33.7901
33.2335 33.8163
33.2338 33.7143
33.234 33.75
33.2343 33.7812
33.2345 33.8086
33.2347 33.8325
33.235 33.7284
33.2352 33.7624
33.2355 33.7921
33.2357 33.8181
33.2359 33.7158
33.2362 33.7513
33.2364 33.7824
33.2367 33.8096
33.2369 33.7084
33.2371 33.7449
33.2374 33.7768
33.2376 33.8047
33.2379 33.7041
33.2381 33.7411
33.2386 33.7734
33.2388 33.6768
33.2391 33.7172
33.2393 33.7525
33.2395 33.7834
33.2398 33.6855
33.24 33.7248
33.2405 33.7592
33.2477 33.7893
33.2489 33.6907
33.2494 33.7293
33.25 33.6382
33.2505 33.6834
33.2508 33.598
33.2513 33.6482
33.2518 33.6922
33.2524 33.7307
33.2531 33.7643
33.2538 33.7938
33.2543 33.8196
33.2552 33.8421
33.2556 33.8619
33.2561 33.8791
33.2566 33.8942
33.2573 33.9075
33.258 33.919
33.2586 33.9291
33.259 33.938
33.2595 33.9457
33.2627 33.9525
33.2631 33.9585
33.2633 33.9637
33.2636 33.9682
33.2638 33.9722
33.2641 33.9757
33.2643 33.9787
33.2645 33.9814
33.2648 33.9837
33.265 33.9857
33.2653 33.9875
33.2655 33.9891
33.2657 33.9904
33.266 33.8666
33.2662 33.8833
33.2665 33.8979
33.2667 33.9107
33.2669 33.7968
33.2672 33.8222
33.2674 33.8444
33.2677 33.8639
33.2679 33.7559
33.2681 33.7864
33.2684 33.8131
33.2686 33.8365
33.2689 33.8569
33.2691 33.8748
33.2693 33.8904
33.2696 33.9041
33.2698 33.9161
33.2701 33.9266
33.2703 33.9358
33.2705 33.9438
33.2708 33.9508
33.271 34.082
33.2713 34.0717
33.2715 34.0628
33.2717 34.0549
33.272 34.0481
33.2723 34.042
33.2727 34.0368
33.2729 34.0322
33.2732 34.0282
33.2734 34.0246
33.2737 34.0216
33.2739 34.0189
33.2743 34.0165
33.2815 34.8894
33.2827 34.9033
33.2832 34.9154
33.2838 34.8009
33.2842 34.8258
33.2847 34.7226
33.2851 34.7573
33.2856 34.6626
33.2862 34.7048
33.2869 34.6167
33.2876 34.5396
33.2881 34.5971
33.2889 34.5225
33.2894 34.4572
33.29 34.525
33.2904 34.4594
33.2911 34.527
33.2918 34.4611
33.2924 34.4035
33.2929 34.353
33.2933 34.3089
33.2966 34.6453
33.2971 34.6896
33.2973 34.6034
33.2976 34.528
33.2978 34.462
33.2981 34.5292
33.2983 34.4631
33.2985 34.4052
33.2988 34.3546
33.299 34.4352
33.2993 34.3808
33.2995 34.3332
33.2997 34.2916
33.3 34.2551
33.3002 34.3482
33.3005 34.3047
33.3007 34.2666
33.3009 34.2333
33.3012 34.3291
33.3014 34.288
33.3017 34.252
33.3019 34.2205
33.3021 34.3179
33.3024 34.2782
33.3026 34.2434
33.3029 34.213
33.3031 34.3114
33.3033 34.2724
33.3036 34.2384
33.3038 34.2086
33.3041 34.3075
33.3043 34.2691
33.3045 34.2354
33.3048 34.206
33.305 34.3053
33.3053 34.2671
33.3055 34.2337
33.3057 34.2045
33.306 34.1789
33.3062 34.2816
33.3067 34.2464
33.307 34.2156
33.3072 34.3136
33.3074 34.2744
33.3077 34.2401
33.3079 34.2101
33.3082 34.3088
33.3154 35.1452
33.3166 35.1271
33.317 35.1112
33.3176 34.9723
33.3181 34.9758
33.3186 34.8538
33.319 34.7471
33.3194 34.6537
33.32 34.697
33.3208 34.6098
33.3215 34.6586
33.322 34.5763
33.3228 34.5043
33.3233 34.5662
33.3239 34.4954
33.3243 34.4335
33.325 34.3793
33.3257 34.3319
33.3263 34.4154
33.3268 34.3635
33.3271 34.4431
33.3305 34.7627
33.331 34.6673
33.3312 34.5839
33.3315 34.5109
33.3317 34.4471
33.3319 34.3912
33.3322 34.3423
33.3324 34.2995
33.3327 34.2621
33.3329 34.2293
33.3331 34.2006
33.3334 34.1756
33.3336 34.1536
33.3339 34.1344
33.3341 34.2426
33.3343 34.2123
33.3346 34.1857
33.3348 34.1625
33.3351 34.2672
33.3353 34.2338
33.3355 34.2046
33.3358 34.179
33.336 34.2816
33.3363 34.2464
33.3365 34.2156
33.3368 34.1887
33.337 34.1651
33.3372 34.1445
33.3375 34.1264
33.3377 34.1106
33.338 34.0968
33.3382 34.0847
33.3384 34.0741
33.3387 34.0648
33.3389 34.0567
33.3392 34.0496
33.3394 34.0434
33.3396 34.038
33.3399 34.0332
33.3401 34.1541
33.3406 34.1348
33.3408 34.118
33.3411 34.2282
33.3413 34.1997
33.3416 34.1747
33.3418 34.1529
33.342 34.2588
33.3425 34.2264
33.3496 34.1981
33.3508 34.1734
33.3513 34.1517
33.3519 34.1327
33.3524 34.1161
33.3529 34.1016
33.3532 34.2139
33.3537 34.1872
33.3543 34.1638
33.355 34.2683
33.3557 34.2348
33.3562 34.3304
33.3571 34.4141
33.3575 34.3624
33.3581 34.4421
33.3585 34.3868
33.3592 34.4635
33.3599 34.4055
33.3605 34.3548
33.361 34.4355
33.3614 34.381
33.3647 34.3334
33.3651 34.4167
33.3653 34.3646
33.3656 34.3191
33.3658 34.2792
33.3661 34.3693
33.3663 34.3231
33.3666 34.2827
33.3668 34.2474
33.367 34.3415
33.3673 34.2988
33.3675 34.2614
33.3678 34.2288
33.368 34.2002
33.3682 34.1751
33.3685 34.1532
33.3687 34.1341
33.369 34.1173
33.3692 34.1027
33.3694 34.0898
33.3697 34.0786
33.3699 34.0688
33.3702 34.0602
33.3704 34.0527
33.3706 34.0461
33.3709 34.0403
33.3711 34.1603
33.3714 34.1402
33.3716 34.1227
33.3718 34.1074
33.3721 34.2189
33.3723 34.1916
33.3726 34.1676
33.3728 34.1467
33.373 34.2533
33.3733 34.2217
33.3735 34.194
33.3738 34.1697
33.374 34.2735
33.3744 34.2393
33.3747 34.2094
33.375 34.1832
33.3752 34.1603
33.3754 34.1403
33.3757 34.1227
33.3759 34.1074
33.3763 34.094
33.3768 34.0822
33.384 34.0719
33.3852 34.188
33.3857 34.1645
33.3863 34.2689
33.3867 34.2353
33.3871 34.3309
33.3876 34.2895
33.3881 34.3783
33.3887 34.331
33.3894 34.2897
33.3901 34.3784
33.3906 34.3311
33.3914 34.2897
33.3919 34.2535
33.3924 34.2218
33.3929 34.1941
33.3936 34.1698
33.3943 34.2736
33.3949 34.2394
33.3953 34.2095
33.3957 34.1833
33.3991 34.2854
33.3994 34.2497
33.3996 34.2185
33.3998 34.1912
33.4001 34.2923
33.4003 34.2557
33.4006 34.2238
33.4008 34.1958
33.401 34.2963
33.4013 34.2593
33.4015 34.2269
33.4018 34.1985
33.402 34.1737
33.4022 34.277
33.4025 34.2424
33.4027 34.2121
33.403 34.1856
33.4032 34.2874
33.4034 34.2514
33.4037 34.22
33.4039 34.1925
33.4042 34.2934
33.4044 34.2568
33.4046 34.2247
33.4049 34.1966
33.4051 34.297
33.4054 34.2599
33.4056 34.2274
33.4058 34.199
33.4061 34.2991
33.4063 34.2617
33.4066 34.229
33.4068 34.2004
33.407 34.3003
33.4073 34.2628
33.4075 34.2299
33.4078 34.2012
33.408 34.301
33.4082 34.2634
33.4087 34.2305
33.409 34.2017
33.4092 34.3015
33.4094 34.2638
33.4097 34.2308
33.4099 34.202
33.4102 34.3017
33.4106 34.264
33.4111 34.356
33.4183 34.4365
33.4195 34.3819
33.4199 34.3342
33.4205 34.4174
33.421 34.3652
33.4215 34.4446
33.4218 34.389
33.4223 34.4654
33.4229 34.4072
33.4236 34.4813
33.4243 34.5461
33.4248 34.4779
33.4257 34.5431
33.4262 34.6002
33.4268 34.6502
33.4271 34.6939
33.4278 34.7322
33.4286 34.7657
33.4292 34.795
33.4296 34.8206
33.43 34.718
33.4334 35.1283
33.4337 34.9872
33.434 34.8638
33.4342 34.8808
33.4344 34.8957
33.4347 34.7838
33.4349 34.6858
33.4352 34.7251
33.4354 34.7594
33.4356 34.6645
33.4359 34.5814
33.4361 34.6338
33.4364 34.6795
33.4366 34.7196
33.4368 34.6296
33.4371 34.6759
33.4373 34.7165
33.4376 34.7519
33.4378 34.6579
33.438 34.7007
33.4383 34.7381
33.4385 34.7708
33.4388 34.6745
33.439 34.7152
33.4392 34.7508
33.4395 34.7819
33.4397 34.6842
33.44 34.5987
33.4402 34.6488
33.4404 34.6927
33.4407 34.6061
33.4409 34.5304
33.4412 34.5891
33.4414 34.6404
33.4417 34.5604
33.4419 34.4903
33.4421 34.554
33.4424 34.6098
33.4426 34.5336
33.443 34.4669
33.4433 34.5335
33.4436 34.5918
33.4438 34.5178
33.4441 34.5781
33.4443 34.6308
33.4445 34.677
33.4449 34.5924
33.4454 34.6433
33.4527 35.4379
33.4539 35.3832
33.4543 35.3353
33.4549 35.2934
33.4553 35.2567
33.4558 35.2246
33.4562 35.1965
33.4567 35.172
33.4573 35.1505
33.458 35.1317
33.4587 35.1152
33.4592 35.1008
33.46 35.2132
33.4605 35.1865
33.4611 35.1632
33.4615 35.1428
33.4622 35.125
33.4629 35.1093
33.4635 35.0957
33.464 35.0837
33.4644 35.0733
33.4677 35.4391
33.4682 35.3842
33.4684 35.3362
33.4687 35.2942
33.4689 35.1324
33.4692 35.1158
33.4694 35.1014
33.4696 35.0887
33.4699 34.9526
33.4701 34.9585
33.4704 34.9637
33.4706 34.9682
33.4708 34.8472
33.4711 34.8663
33.4713 34.883
33.4716 34.8976
33.4718 34.7854
33.4721 34.8123
33.4723 34.8357
33.4725 34.8563
33.4728 34.7492
33.473 34.7806
33.4733 34.808
33.4735 34.832
33.4737 34.728
33.474 34.637
33.4742 34.6824
33.4745 34.7221
33.4747 34.7568
33.4749 34.6622
33.4752 34.7044
33.4754 34.7414
33.4757 34.7737
33.4759 34.677
33.4761 34.7174
33.4764 34.7527
33.4766 34.7836
33.4769 34.6857
33.4771 34.725
33.4773 34.7593
33.4778 34.7894
33.4781 34.8157
33.4783 34.8388
33.4785 34.8589
33.4788 34.7516
33.479 34.7826
33.4793 34.8098
33.4797 34.8336
33.4871 35.7294
33.4883 35.7632
33.4886 35.6678
33.4892 35.5843
33.4897 35.5113
33.4902 35.4474
33.4906 35.3914
33.491 35.3425
33.4915 35.2997
33.492 35.1372
33.4927 35.1201
33.4934 35.1051
33.4939 34.9669
33.4948 34.8461
33.4952 34.8653
33.4958 34.7571
33.4962 34.7875
33.4969 34.6891
33.4976 34.7279
33.4982 34.7619
33.4987 34.6667
33.4991 34.7084
33.5025 34.7448
33.5028 34.6517
33.5031 34.6952
33.5033 34.7333
33.5035 34.7667
33.5038 34.6708
33.504 34.712
33.5043 34.748
33.5045 34.7795
33.5047 34.6821
33.505 34.5968
33.5052 34.6472
33.5055 34.6913
33.5057 34.6049
33.5059 34.5293
33.5062 34.5881
33.5064 34.6396
33.5067 34.5596
33.5069 34.4897
33.5071 34.5535
33.5074 34.6093
33.5076 34.5331
33.5079 34.4665
33.5081 34.5332
33.5083 34.5915
33.5086 34.6426
33.5088 34.5623
33.5091 34.617
33.5093 34.6649
33.5095 34.7067
33.5098 34.6184
33.51 34.6661
33.5103 34.7078
33.5105 34.7444
33.5107 34.6513
33.511 34.5699
33.5112 34.6237
33.5115 34.6707
33.5117 34.5869
33.5121 34.6385
33.5124 34.6837
33.5127 34.5982
33.5129 34.5235
33.5131 34.583
33.5134 34.6351
33.5136 34.5557
33.514 34.4863
33.5145 34.5505
33.5218 34.4817
33.523 34.4215
33.5234 34.4938
33.5241 34.5571
33.5246 34.6124
33.525 34.6609
33.5254 34.7033
33.5259 34.6154
33.5264 34.6634
33.5268 34.7055
33.5276 34.7423
33.5283 34.7745
33.5288 34.8027
33.5296 34.8274
33.5301 34.849
33.5306 34.8678
33.531 34.8844
33.5318 34.8988
33.5325 34.9115
33.5331 34.9225
33.5335 34.9322
33.5339 34.8157
33.5373 34.8387
33.5375 34.8589
33.5378 34.7515
33.538 34.7826
33.5383 34.8098
33.5385 34.8335
33.5387 34.7293
33.539 34.6382
33.5392 34.6834
33.5395 34.723
33.5397 34.7576
33.5399 34.6629
33.5402 34.705
33.5404 34.7419
33.5407 34.7742
33.5409 34.6774
33.5411 34.7177
33.5414 34.753
33.5416 34.7839
33.5419 34.6859
33.5421 34.7252
33.5423 34.7595
33.5426 34.7896
33.5428 34.6909
33.5431 34.7295
33.5433 34.7633
33.5435 34.7929
33.5438 34.6938
33.544 34.7321
33.5443 34.7656
33.5445 34.7949
33.5447 34.6955
33.545 34.6086
33.5452 34.6575
33.5455 34.7003
33.5457 34.7378
33.5459 34.6455
33.5462 34.6899
33.5464 34.7286
33.5469 34.6375
33.5472 34.6829
33.5474 34.7225
33.5476 34.7572
33.5479 34.6625
33.5481 34.7047
33.5484 34.7416
33.5488 34.7739
33.5493 34.8022
33.5566 34.8269
33.5577 34.8485
33.5582 34.8675
33.5589 34.759
33.5594 34.7892
33.5599 34.6905
33.5602 34.7292
33.5607 34.763
33.5612 34.7927
33.5617 34.8186
33.5624 34.8413
33.5631 34.8611
33.5636 34.8785
33.5645 34.8937
33.5648 34.9069
33.5654 34.9186
33.5658 34.9288
33.5665 34.9377
33.5672 35.0705
33.5678 35.0616
33.5683 35.0539
33.5687 35.0472
33.572 35.5413
33.5724 35.4736
33.5726 35.4144
33.5729 35.3626
33.5731 35.3173
33.5733 35.2776
33.5736 35.2429
33.5738 35.2126
33.5741 35.311
33.5743 35.2721
33.5745 35.2381
33.5748 35.2083
33.575 35.3073
33.5753 35.2689
33.5755 35.2353
33.5757 35.2059
33.576 35.1801
33.5762 35.1576
33.5765 35.1379
33.5767 35.1207
33.577 35.1056
33.5772 35.0924
33.5774 35.0808
33.5777 35.0707
33.5779 35.0619
33.5782 35.0542
33.5784 35.0474
33.5786 35.0415
33.5789 35.0363
33.5791 35.0317
33.5794 35.0278
33.5796 35.0243
33.5798 35.0213
33.5801 35.1436
33.5803 35.1257
33.5806 35.1099
33.5808 35.0962
33.581 35.2092
33.5813 35.183
33.5816 35.1602
33.582 35.1401
33.5822 35.1226
33.5825 35.1073
33.5827 35.0939
33.583 35.0821
33.5832 35.0719
33.5836 35.0629
33.584 35.18
33.5914 36.0325
33.5926 36.0285
33.5929 35.8999
33.5937 35.7874
33.5941 35.814
33.5946 35.7122
33.595 35.6232
33.5955 35.5453
33.5959 35.4771
33.5964 35.4175
33.5971 35.4903
33.5979 35.429
33.5985 35.3754
33.5993 35.4535
33.5997 35.3968
33.6003 35.4722
33.6006 35.4132
33.6013 35.4865
33.6021 35.5507
33.6027 35.4819
33.6031 35.5466
33.6035 35.4783
33.6069 35.7935
33.6074 35.6943
33.6076 35.6075
33.6078 35.5316
33.6081 35.5901
33.6083 35.5164
33.6086 35.4518
33.6088 35.3953
33.609 35.4709
33.6093 35.4121
33.6095 35.3606
33.6098 35.3155
33.61 35.276
33.6102 35.2415
33.6105 35.2113
33.6107 35.1849
33.611 35.1618
33.6112 35.2666
33.6114 35.2333
33.6117 35.2041
33.6119 35.1786
33.6122 35.2813
33.6124 35.2461
33.6126 35.2153
33.6129 35.1884
33.6131 35.2899
33.6134 35.2536
33.6136 35.2219
33.6138 35.1942
33.6141 35.2949
33.6143 35.2581
33.6146 35.2258
33.6148 35.1976
33.615 35.2979
33.6153 35.2606
33.6155 35.2281
33.6158 35.1996
33.616 35.2996
33.6162 35.2622
33.6165 35.2294
33.617 35.2007
33.6172 35.3006
33.6174 35.263
33.6177 35.2302
33.6179 35.2014
33.6182 35.3012
33.6184 35.2636
33.6189 35.2306
33.6262 36.0768
33.6274 36.0672
33.6278 35.9338
33.6285 35.9421
33.629 35.8243
33.6295 35.7213
33.6299 35.6311
33.6303 35.6772
33.6308 35.5926
33.6313 35.6435
33.632 35.5631
33.6327 35.4927
33.6333 35.5561
33.6341 35.6116
33.6345 35.5351
33.6351 35.5932
33.6355 35.5191
33.6362 35.5792
33.6369 35.5068
33.6374 35.4434
33.6379 35.388
33.6384 35.3395
33.6387 35.2971
33.6421 35.3849
33.6424 35.3368
33.6427 35.2947
33.6429 35.2579
33.6432 35.2256
33.6434 35.1974
33.6436 35.1728
33.6439 35.1512
33.6441 35.1323
33.6444 35.1157
33.6446 35.1013
33.6448 35.0886
33.6451 35.2025
33.6453 35.1772
33.6456 35.1551
33.6458 35.1357
33.646 35.2437
33.6463 35.2133
33.6465 35.1866
33.6468 35.1633
33.647 35.2679
33.6472 35.2344
33.6475 35.2051
33.6477 35.1794
33.648 35.157
33.6482 35.1374
33.6484 35.1202
33.6487 35.1052
33.6489 35.092
33.6492 35.0805
33.6494 35.0705
33.6496 35.0617
33.6499 35.0539
33.6501 35.0472
33.6504 35.0413
33.6506 35.0361
33.6508 35.0316
33.6511 35.0277
33.6513 35.0242
33.6517 35.0212
33.6521 35.1435
33.6523 35.1256
33.6525 35.1099
33.6528 35.0962
33.653 35.2091
33.6533 35.183
33.6536 35.1601
33.6541 35.2651
33.6614 35.232
33.6626 35.203
33.663 35.1776
33.6637 35.1554
33.6642 35.261
33.6647 35.2284
33.665 35.3248
33.6655 35.2842
33.666 35.2487
33.6665 35.2176
33.6672 35.3154
33.6679 35.276
33.6685 35.2415
33.6694 35.2113
33.6697 35.1849
33.6703 35.1618
33.6707 35.1415
33.6714 35.1239
33.6721 35.2334
33.6726 35.2042
33.6732 35.3037
33.6736 35.2657
33.674 35.3575
33.6774 35.3128
33.6776 35.2737
33.6779 35.2395
33.6781 35.3346
33.6784 35.2927
33.6786 35.2561
33.6788 35.2241
33.6791 35.3211
33.6793 35.281
33.6796 35.2458
33.6798 35.2151
33.68 35.3132
33.6803 35.2741
33.6805 35.2398
33.6808 35.2098
33.681 35.3086
33.6812 35.27
33.6815 35.2363
33.6817 35.2067
33.682 35.1809
33.6822 35.1583
33.6825 35.1385
33.6827 35.1212
33.6829 35.106
33.6832 35.2178
33.6834 35.1906
33.6837 35.1667
33.6839 35.1459
33.6841 35.2527
33.6844 35.2211
33.6846 35.1934
33.6849 35.1693
33.6851 35.2731
33.6853 35.239
33.6856 35.2091
33.6858 35.183
33.6861 35.2851
33.6863 35.2495
33.6865 35.2183
33.687 35.316
33.6873 35.2765
33.6875 35.2419
33.6877 35.2117
33.688 35.1852
33.6882 35.1621
33.6885 35.1418
33.6889 35.1241
33.6894 35.1086
33.6968 35.095
33.6978 35.0831
33.6983 35.1977
33.699 35.298
33.6995 35.2608
33.7 35.2282
33.7004 35.1996
33.7008 35.1747
33.7013 35.2779
33.7018 35.2431
33.7025 35.2127
33.7032 35.3111
33.7038 35.2722
33.7046 35.2382
33.705 35.3334
33.7055 35.2918
33.706 35.3803
33.7067 35.3328
33.7074 35.2912
33.7079 35.2548
33.7085 35.2229
33.7089 35.1951
33.7094 35.1707
33.7126 35.5243
33.713 35.4588
33.7132 35.5264
33.7135 35.5856
33.7137 35.5124
33.7139 35.4484
33.7142 35.5173
33.7144 35.5777
33.7147 35.5055
33.7149 35.4423
33.7151 35.512
33.7154 35.573
33.7156 35.5014
33.7159 35.4387
33.7161 35.5089
33.7163 35.5702
33.7166 35.499
33.7168 35.4366
33.7171 35.507
33.7173 35.5686
33.7175 35.6226
33.7178 35.5447
33.718 35.6016
33.7183 35.6514
33.7185 35.695
33.7187 35.6081
33.719 35.5321
33.7192 35.5906
33.7195 35.6418
33.7197 35.5616
33.7199 35.4914
33.7202 35.5549
33.7204 35.6106
33.7207 35.5342
33.7209 35.4675
33.7211 35.534
33.7214 35.5923
33.7216 35.5182
33.7219 35.4535
33.7221 35.5218
33.7223 35.4566
33.7226 35.3995
33.7228 35.3496
33.7231 35.4309
33.7233 35.502
33.7235 35.4392
33.7238 35.3843
33.724 35.4613
33.73 36.1536
33.7312 36.0094
33.7316 35.7583
33.7323 35.5385
33.7348 35.4712
33.7354 35.0373
33.7363 34.7826
33.7366 34.4348
33.7372 34.1304
33.7376 33.8641
33.7383 33.6311
33.739 33.5522
33.7395 33.3582
33.7401 33.3134
33.7406 33.1492
33.741 33.0056
33.7442 33.2549
33.7447 33.098
33.7449 32.9608
33.7452 32.8407
33.7454 32.7356
33.7457 32.6436
33.7459 32.5632
33.7461 32.4928
33.7464 32.4312
33.7466 32.3773
33.7469 32.3301
33.7471 32.2889
33.7473 32.2528
33.7476 32.2212
33.7478 32.1935
33.7481 32.1693
33.7483 32.1482
33.7485 32.1296
33.7488 32.1134
33.749 32.0993
33.7493 32.0868
33.7495 32.076
33.7497 32.0665
33.75 31.9332
33.7502 31.9415
33.7505 31.9488
33.7507 31.9552
33.7509 31.9608
33.7512 31.9657
33.7514 31.97
33.7517 31.9738
33.7519 31.977
33.7521 31.9799
33.7524 31.9824
33.7526 31.9846
33.7529 31.9865
33.7531 31.9882
33.7533 31.9897
33.7536 31.991
33.7538 31.9921
33.7541 31.9931
33.7543 31.994
33.7545 31.9947
33.7548 31.9954
33.755 31.996
33.7553 31.9965
33.7555 31.9969
33.7557 31.9973
33.7616 32.6226
33.7628 32.5448
33.7632 32.4767
33.7639 32.4171
33.7664 32.615
33.767 32.6631
33.7679 32.5802
33.7682 32.5077
33.7688 32.4442
33.7692 32.3887
33.7699 32.3401
33.7706 32.2976
33.7711 32.2604
33.7717 32.2278
33.7722 32.1994
33.7726 32.1744
33.7758 32.5276
33.7763 32.4617
33.7767 32.404
33.7769 32.3535
33.7771 32.3093
33.7774 32.2706
33.7776 32.2368
33.7779 32.2072
33.7781 32.1813
33.7783 32.1586
33.7786 32.1388
33.7788 32.1215
33.7791 32.1063
33.7793 32.093
33.7795 32.0814
33.7798 32.0712
33.78 32.0623
33.7803 32.0545
33.7805 32.0477
33.7807 32.0417
33.781 31.9115
33.7812 31.9226
33.7815 31.9323
33.7817 31.9407
33.7819 31.9481
33.7822 31.9546
33.7824 31.9603
33.7827 31.9652
33.7829 31.9696
33.7831 31.9734
33.7834 31.9767
33.7836 31.9796
33.7839 31.9822
33.7841 31.9844
33.7843 31.9864
33.7846 31.9881
33.7848 31.9895
33.7851 31.9909
33.7853 31.992
33.7855 31.993
33.7858 31.9939
33.786 31.9946
33.7863 31.9953
33.7865 31.9959
33.7868 31.9964
33.787 31.8719
33.7872 31.8879
33.7875 31.9019
33.7932 32.6642
33.7946 32.7061
33.795 32.7429
33.7956 32.65
33.7982 32.9438
33.7988 32.8258
33.7996 32.7226
33.8001 32.7572
33.8006 32.6626
33.801 32.7048
33.8017 32.6167
33.8024 32.6646
33.8029 32.5815
33.8035 32.5088
33.8039 32.4452
33.8044 32.3896
33.8075 32.7159
33.808 32.7514
33.8085 32.6575
33.8087 32.5753
33.809 32.5034
33.8092 32.4404
33.8095 32.3854
33.8097 32.3372
33.8099 32.2951
33.8102 32.2582
33.8104 32.2259
33.8107 32.1977
33.8109 32.173
33.8111 32.1513
33.8114 32.1324
33.8116 32.1159
33.8119 32.1014
33.8121 32.0887
33.8123 32.0776
33.8126 32.0679
33.8128 32.0594
33.8131 32.177
33.8133 32.1549
33.8135 32.1355
33.8138 32.1186
33.814 32.2288
33.8143 32.2002
33.8145 32.1751
33.8147 32.1532
33.815 32.1341
33.8152 32.1173
33.8155 32.1027
33.8157 32.0898
33.8159 32.0786
33.8162 32.0688
33.8164 32.0602
33.8167 32.0527
33.8169 32.0461
33.8172 32.0403
33.8174 32.0353
33.8176 32.0309
33.8179 32.027
33.8181 32.0236
33.8184 32.0207
33.8186 32.0181
33.8188 32.0158
33.8191 32.1388
33.8193 32.1215
33.8196 32.1063
33.8253 32.093
33.8266 32.0814
33.827 32.0712
33.8277 32.0623
33.8302 32.0545
33.8308 32.0477
33.8317 32.0417
33.8321 32.0365
33.8327 32.032
33.833 32.028
33.8337 32.0245
33.8345 32.0214
33.8349 32.0187
33.8355 32.0164
33.836 32.1393
33.8364 32.1219
33.8396 32.1067
33.8401 32.0933
33.8405 32.0817
33.8407 32.0715
33.8409 32.0625
33.8412 32.0547
33.8414 32.0479
33.8417 32.0419
33.8419 32.0367
33.8421 32.0321
33.8424 32.0281
33.8426 32.0246
33.8429 32.0215
33.8431 32.0188
33.8433 32.0164
33.8436 32.0144
33.8438 32.0126
33.8441 32.011
33.8443 32.0096
33.8445 32.0084
33.8448 32.0074
33.845 32.0065
33.8453 32.0056
33.8455 32.0049
33.8457 32.0043
33.846 31.8788
33.8462 31.8939
33.8465 31.9072
33.8467 31.9188
33.847 31.9289
33.8472 31.9378
33.8474 31.9456
33.8477 31.9524
33.8479 31.9583
33.8482 31.9636
33.8484 31.9681
33.8486 31.9721
33.8489 31.9756
33.8491 31.9786
33.8494 31.9813
33.8496 31.9836
33.8498 31.9857
33.8501 31.9875
33.8503 31.989
33.8506 31.9904
33.8508 31.9916
33.851 31.9927
33.8513 31.9936
33.8516 31.9944
33.8575 31.9951
33.8588 31.9957
33.8592 31.9962
33.8599 31.9967
33.8625 31.9971
33.8631 32.1225
33.8639 32.1072
33.8643 32.0938
33.8649 32.082
33.8652 32.0718
33.8659 32.0628
33.8667 32.055
33.8671 32.1731
33.8677 32.1515
33.8682 32.1325
33.8686 32.116
33.8718 32.1015
33.8723 32.0888
33.8725 32.0777
33.8728 32.068
33.873 32.1845
33.8733 32.2864
33.8735 32.2506
33.8737 32.2193
33.874 32.1919
33.8742 32.2929
33.8745 32.2563
33.8747 32.2242
33.8749 32.1962
33.8752 32.2967
33.8754 32.2596
33.8757 32.2271
33.8759 32.1988
33.8761 32.2989
33.8764 32.2615
33.8766 32.2289
33.8769 32.2002
33.8771 32.3002
33.8774 32.2627
33.8776 32.2298
33.8778 32.2011
33.8781 32.301
33.8783 32.3884
33.8786 32.3398
33.8788 32.2973
33.879 32.3852
33.8793 32.462
33.8795 32.4043
33.8798 32.3537
33.88 32.3095
33.8802 32.3958
33.8805 32.3463
33.8807 32.3031
33.881 32.2652
33.8812 32.357
33.8814 32.3124
33.8817 32.2733
33.8819 32.2392
33.8822 32.3343
33.8824 32.2925
33.8826 32.2559
33.8829 32.2239
33.8831 32.3209
33.8834 32.2808
33.8838 32.2457
33.8896 32.965
33.8909 32.9694
33.8913 32.9732
33.892 32.9766
33.8945 33.2295
33.8951 33.2008
33.896 33.0507
33.8963 33.0444
33.8969 32.9138
33.8973 32.9246
33.898 32.934
33.8987 32.9423
33.8992 32.9495
33.8998 32.8308
33.9003 32.8519
33.9007 32.7455
33.9039 33.0273
33.9044 33.0239
33.9047 32.8959
33.905 32.7839
33.9052 32.8109
33.9055 32.7095
33.9057 32.6208
33.9059 32.5432
33.9062 32.6003
33.9064 32.6503
33.9067 32.569
33.9069 32.4979
33.9072 32.5606
33.9074 32.6156
33.9076 32.5386
33.9079 32.4713
33.9081 32.5374
33.9084 32.5952
33.9086 32.5208
33.9088 32.4557
33.9091 32.5237
33.9093 32.5833
33.9096 32.5104
33.9098 32.4466
33.91 32.5157
33.9103 32.5763
33.9105 32.5042
33.9108 32.4412
33.911 32.3861
33.9112 32.4628
33.9115 32.4049
33.9117 32.3543
33.912 32.31
33.9122 32.3963
33.9124 32.4717
33.9127 32.4128
33.9129 32.3612
33.9132 32.441
33.9134 32.5109
33.9136 32.447
33.9139 32.3912
33.9141 32.4673
33.9144 32.5339
33.9146 32.4671
33.9148 32.4087
33.9151 32.4826
33.9153 32.5473
33.9156 32.4789
33.9159 32.419
33.9217 33.1167
33.9231 33.2271
33.9236 33.1987
33.9242 33.1739
33.9267 33.2771
33.9273 33.2425
33.9282 33.2122
33.9287 33.1856
33.9291 33.1624
33.9296 33.1421
33.9302 33.1244
33.9309 32.9838
33.9314 32.9858
33.932 32.9876
33.9325 32.9892
33.933 32.8655
33.9361 33.2573
33.9366 33.2252
33.9371 33.197
33.9373 33.1724
33.9376 33.1508
33.9378 33.007
33.938 33.0061
33.9383 33.0053
33.9385 33.0047
33.9388 32.8791
33.939 32.7692
33.9392 32.7981
33.9395 32.8233
33.9397 32.7204
33.94 32.6303
33.9402 32.6765
33.9404 32.717
33.9407 32.6274
33.9409 32.5489
33.9412 32.6053
33.9414 32.6547
33.9416 32.5728
33.9419 32.5012
33.9421 32.5636
33.9424 32.6181
33.9426 32.5409
33.9428 32.4732
33.9431 32.5391
33.9433 32.5967
33.9436 32.6471
33.9438 32.5662
33.944 32.6204
33.9443 32.6679
33.9445 32.7094
33.9448 32.6207
33.945 32.6681
33.9452 32.7096
33.9455 32.7459
33.9457 32.6527
33.946 32.5711
33.9462 32.6247
33.9464 32.6716
33.9467 32.5877
33.9469 32.5142
33.9472 32.5749
33.9474 32.6281
33.9476 32.5496
33.9479 32.4809
33.9481 32.5458
33.9485 32.6025
33.9543 32.6522
33.9557 32.5707
33.9561 32.6244
33.9568 32.5463
33.9593 32.603
33.9599 32.5276
33.9607 32.4617
33.9611 32.529
33.9617 32.4629
33.9621 32.53
33.9628 32.4637
33.9635 32.5308
33.964 32.4644
33.9646 32.4064
33.9651 32.4806
33.9654 32.5455
33.9687 32.4773
33.9692 32.5427
33.9695 32.4748
33.9698 32.4155
33.97 32.3635
33.9702 32.4431
33.9705 32.3877
33.9707 32.3392
33.971 32.2968
33.9712 32.3847
33.9714 32.4616
33.9717 32.4039
33.9719 32.3534
33.9722 32.4343
33.9724 32.505
33.9726 32.4419
33.9729 32.3866
33.9731 32.4633
33.9734 32.5304
33.9736 32.4641
33.9738 32.4061
33.9741 32.4803
33.9743 32.5453
33.9746 32.4771
33.9748 32.4175
33.975 32.4903
33.9753 32.554
33.9755 32.4848
33.9758 32.4242
33.976 32.4961
33.9762 32.5591
33.9765 32.4892
33.9767 32.4281
33.977 32.3746
33.9772 32.4527
33.9774 32.3962
33.9777 32.3466
33.9779 32.3033
33.9782 32.3904
33.9784 32.4666
33.9786 32.4083
33.9789 32.3572
33.9791 32.4376
33.9794 32.5079
33.9796 32.4444
33.9798 32.3888
33.9801 32.4652
33.9803 32.5321
33.9806 32.4656
33.981 32.5324
33.9868 32.4658
33.9883 32.5326
33.9886 32.466
33.9895 32.5328
33.992 32.4662
33.9926 32.5329
33.9934 32.5913
33.9938 32.5174
33.9944 32.5777
33.9947 32.5055
33.9955 32.5673
33.9962 32.6214
33.9967 32.6687
33.9973 32.7101
33.9978 32.6214
33.9981 32.6687
34.0014 32.7101
34.0018 32.6213
34.0021 32.6687
34.0023 32.7101
34.0026 32.7463
34.0028 32.653
34.003 32.6964
34.0033 32.7344
34.0035 32.7676
34.0038 32.6716
34.004 32.5877
34.0042 32.6392
34.0045 32.6843
34.0047 32.5988
34.005 32.5239
34.0052 32.5834
34.0054 32.6355
34.0057 32.5561
34.0059 32.4866
34.0062 32.5507
34.0064 32.6069
34.0066 32.531
34.0069 32.4647
34.0071 32.5316
34.0074 32.5901
34.0076 32.6414
34.0078 32.5612
34.0081 32.616
34.0083 32.664
34.0086 32.706
34.0088 32.6178
34.009 32.6656
34.0093 32.7074
34.0095 32.7439
34.0098 32.7759
34.01 32.804
34.0102 32.8285
34.0105 32.8499
34.0107 32.8687
34.011 32.7601
34.0112 32.7901
34.0114 32.8163
34.0117 32.8393
34.0119 32.7344
34.0122 32.7676
34.0124 32.7966
34.0127 32.822
34.0129 32.7193
34.0133 32.7544
34.0136 32.7851
34.0194 33.4369
34.0208 33.5073
34.0212 33.4439
34.022 33.5134
34.0245 33.6992
34.0251 33.7368
34.026 33.6447
34.0263 33.5641
34.027 33.4936
34.0273 33.4319
34.028 33.5029
34.0288 33.4401
34.0292 33.3851
34.0298 33.3369
34.0303 33.2948
34.0307 33.258
34.0339 33.4757
34.0344 33.4162
34.0348 33.3642
34.035 33.3187
34.0352 33.2789
34.0355 33.244
34.0357 33.2135
34.036 33.0618
34.0362 33.0541
34.0364 33.0473
34.0367 33.0414
34.0369 33.0362
34.0372 33.0317
34.0374 33.0277
34.0376 33.0243
34.0379 33.0212
34.0381 33.0186
34.0384 33.0163
34.0386 33.0142
34.0388 33.0124
34.0391 33.0109
34.0393 33.0095
34.0396 33.0083
34.0398 33.0073
34.04 33.0064
34.0403 33.0056
34.0405 33.0049
34.0408 33.0043
34.041 33.0037
34.0412 33.0033
34.0415 33.0029
34.0417 33.0025
34.042 32.8772
34.0422 32.8925
34.0425 32.906
34.0427 32.9177
34.0429 32.803
34.0432 32.8276
34.0434 32.8492
34.0437 32.868
34.0439 32.8845
34.0441 32.899
34.0444 32.9116
34.0446 32.9226
34.0449 32.9323
34.0451 32.9408
34.0453 32.9482
34.0456 32.9547
34.0458 32.9603
34.0463 32.9653
34.0519 33.5946
34.0534 33.6453
34.0537 33.5646
34.0546 33.4941
34.0571 33.6823
34.0578 33.597
34.0587 33.5224
34.0592 33.5821
34.0596 33.5093
34.0601 33.5707
34.0607 33.4993
34.0614 33.4369
34.0619 33.3823
34.0625 33.3345
34.063 33.2927
34.0635 33.2561
34.0666 33.5991
34.0671 33.6492
34.0676 33.5681
34.0678 33.497
34.068 33.4349
34.0683 33.3806
34.0685 33.333
34.0688 33.2914
34.069 33.3799
34.0692 33.3324
34.0695 33.2909
34.0697 33.2545
34.07 33.2227
34.0702 33.1949
34.0704 33.1705
34.0707 33.1492
34.0709 33.1305
34.0712 33.1142
34.0714 33.0999
34.0716 33.0875
34.0719 33.0765
34.0721 33.067
34.0724 33.0586
34.0726 33.0513
34.0729 33.0449
34.0731 33.0392
34.0733 33.0343
34.0736 33.03
34.0738 33.0263
34.0741 33.023
34.0743 33.0201
34.0745 33.0176
34.0748 33.0154
34.075 33.1385
34.0753 33.1212
34.0755 33.106
34.0757 33.0928
34.076 33.0812
34.0762 33.071
34.0765 33.0621
34.0767 33.0544
34.0769 33.0476
34.0772 33.0416
34.0774 33.0364
34.0777 33.0319
34.0779 33.0279
34.0781 33.0244
34.0784 33.0214
34.0786 33.0187
34.0789 33.0163
34.0793 33.0143
34.085 33.0125
34.0864 33.0109
34.0868 33.0096
34.0876 33.0084
34.0902 33.0073
34.0909 33.0064
34.0917 33.0056
34.0921 33.0049
34.0927 33.0043
34.093 33.0038
34.0938 33.0033
34.0945 33.0029
34.095 33.0025
34.0956 33.0022
34.096 33.1269
34.0964 33.1111
34.0996 33.0972
34.1001 33.085
34.1005 33.0744
34.1007 33.0651
34.101 32.932
34.1012 32.9405
34.1014 32.9479
34.1017 32.9544
34.1019 32.8351
34.1022 32.8557
34.1024 32.8738
34.1027 32.8895
34.1029 32.9033
34.1031 32.9154
34.1034 32.926
34.1036 32.9352
34.1039 32.9433
34.1041 32.9504
34.1043 32.9566
34.1046 32.962
34.1048 32.9668
34.1051 32.9709
34.1053 32.9746
34.1055 32.9777
34.1058 32.9805
34.106 32.983
34.1063 32.9851
34.1065 32.987
34.1067 32.9886
34.107 32.865
34.1072 32.8819
34.1075 32.8966
34.1077 32.9096
34.1079 32.7959
34.1082 32.8214
34.1084 32.8437
34.1087 32.8632
34.1089 32.8803
34.1091 32.8953
34.1094 32.9084
34.1096 32.9198
34.1099 32.9299
34.1101 32.9386
34.1103 32.9463
34.1106 32.953
34.1108 32.9589
34.1111 32.964
34.1113 32.9685
34.1115 32.9725
34.1119 32.9759
34.1124 32.9789
34.118 33.1065
34.1195 33.0932
34.1198 33.0816
34.1207 33.0714
34.1233 33.0625
34.124 33.1796
34.1249 33.1572
34.1252 33.1375
34.1258 33.1203
34.1262 33.1053
34.1269 33.0921
34.1276 33.0806
34.1281 33.1955
34.1287 33.1711
34.1292 33.1497
34.1296 33.131
34.1328 33.1146
34.1333 33.1003
34.1335 33.0878
34.1338 33.0768
34.134 33.1922
34.1343 33.1682
34.1345 33.1471
34.1347 33.1288
34.135 33.1127
34.1352 33.0986
34.1355 33.0863
34.1357 33.0755
34.1359 33.066
34.1362 33.0578
34.1364 33.0506
34.1367 33.0442
34.1369 33.0387
34.1371 33.0339
34.1374 33.0296
34.1376 33.0259
34.1379 33.0227
34.1381 33.0199
34.1383 33.0174
34.1386 33.0152
34.1388 33.0133
34.1391 33.0116
34.1393 33.0102
34.1395 33.0089
34.1398 33.0078
34.14 33.1318
34.1403 33.1153
34.1405 33.1009
34.1407 33.0883
34.141 33.0773
34.1412 33.0676
34.1415 33.0592
34.1417 33.0518
34.1419 33.0453
34.1422 33.0396
34.1424 33.0347
34.1427 33.0303
34.1429 33.0265
34.1431 33.0232
34.1434 33.0203
34.1436 33.0178
34.1439 33.0156
34.1441 33.0136
34.1443 33.0119
34.1446 33.0104
34.1451 33.1341
34.1454 33.2424
34.1511 33.9621
34.1525 33.9668
34.1529 33.846
34.1537 33.8652
34.1564 34.1321
34.1571 34.1155
34.1579 33.9761
34.1583 33.9791
34.1589 33.8567
34.1592 33.8746
34.16 33.7653
34.1607 33.7946
34.1612 33.8203
34.1618 33.7178
34.1623 33.753
34.1626 33.6589
34.1659 33.9515
34.1663 33.9576
34.1667 33.8379
34.1669 33.7332
34.1672 33.7665
34.1674 33.6707
34.1677 33.5869
34.1679 33.5135
34.1681 33.5743
34.1684 33.6275
34.1686 33.5491
34.1689 33.4805
34.1691 33.5454
34.1693 33.6022
34.1696 33.5269
34.1698 33.4611
34.1701 33.5284
34.1703 33.5874
34.1705 33.514
34.1708 33.4497
34.171 33.5185
34.1713 33.5787
34.1715 33.5064
34.1717 33.4431
34.172 33.3877
34.1722 33.4642
34.1725 33.4062
34.1727 33.3554
34.1729 33.311
34.1732 33.3971
34.1734 33.3475
34.1737 33.304
34.1739 33.266
34.1741 33.3578
34.1744 33.4381
34.1746 33.3833
34.1749 33.3354
34.1751 33.4185
34.1753 33.4912
34.1756 33.4298
34.1758 33.376
34.1761 33.454
34.1763 33.5223
34.1765 33.457
34.1768 33.3999
34.177 33.4749
34.1773 33.5405
34.1775 33.473
34.1778 33.4138
34.1781 33.4871
34.1785 33.4262
34.1841 34.1229
34.1856 34.1076
34.1859 33.9691
34.1868 33.973
34.1894 34.2264
34.1901 34.1981
34.191 34.0483
34.1916 34.0423
34.1921 34.037
34.1925 34.0324
34.1931 34.0283
34.1939 34.0248
34.1943 34.0217
34.1949 33.894
34.1954 33.9072
34.1959 33.7938
34.199 34.1946
34.1995 34.1703
34.2 34.024
34.2002 34.021
34.2005 34.0184
34.2007 33.8911
34.2009 33.7797
34.2012 33.8072
34.2014 33.8313
34.2017 33.7274
34.2019 33.6365
34.2021 33.6819
34.2024 33.7217
34.2026 33.6315
34.2029 33.5525
34.2031 33.6085
34.2033 33.6574
34.2036 33.5752
34.2038 33.5033
34.2041 33.5654
34.2043 33.6197
34.2045 33.5423
34.2048 33.4745
34.205 33.5402
34.2053 33.5976
34.2055 33.6479
34.2057 33.5669
34.206 33.4961
34.2062 33.5591
34.2065 33.6142
34.2067 33.5374
34.2069 33.4702
34.2072 33.5365
34.2074 33.5944
34.2077 33.5201
34.2079 33.4551
34.2082 33.5232
34.2084 33.5828
34.2086 33.5099
34.2089 33.4462
34.2091 33.5154
34.2094 33.576
34.2096 33.504
34.2098 33.441
34.2101 33.5109
34.2103 33.572
34.2106 33.5005
34.2108 33.4379
34.211 33.5082
34.2113 33.5697
34.2118 33.4985
34.2173 34.1862
34.2187 34.1629
34.2192 34.1425
34.2199 34.1247
34.2226 34.3591
34.2233 34.3142
34.2241 34.275
34.2247 34.2406
34.2252 34.2105
34.2257 34.0592
34.2259 33.9268
34.2267 33.8109
34.2274 33.8346
34.2279 33.7303
34.2285 33.764
34.2289 33.6685
34.2293 33.7099
34.2325 33.6212
34.233 33.6685
34.2334 33.71
34.2336 33.6212
34.2339 33.5436
34.2341 33.6006
34.2343 33.6505
34.2346 33.5692
34.2348 33.4981
34.2351 33.5608
34.2353 33.6157
34.2355 33.5387
34.2358 33.4714
34.236 33.5375
34.2363 33.5953
34.2365 33.5209
34.2367 33.4558
34.237 33.3988
34.2372 33.4739
34.2375 33.4147
34.2377 33.3629
34.238 33.3175
34.2382 33.4028
34.2384 33.3525
34.2387 33.3084
34.2389 33.2699
34.2392 33.3611
34.2394 33.441
34.2396 33.3859
34.2399 33.3376
34.2401 33.4204
34.2404 33.4929
34.2406 33.4313
34.2408 33.3774
34.2411 33.4552
34.2413 33.5233
34.2416 33.4579
34.2418 33.4006
34.242 33.4756
34.2423 33.5411
34.2425 33.4735
34.2428 33.4143
34.243 33.3625
34.2432 33.4422
34.2435 33.3869
34.2437 33.3386
34.244 33.2962
34.2442 33.3842
34.2444 33.3362
34.2448 33.2942
34.2452 33.3824
34.2508 33.3346
34.2523 33.4178
34.2526 33.3655
34.2535 33.4448
34.2561 33.5142
34.2568 33.45
34.2577 33.3937
34.2583 33.4695
34.2589 33.4108
34.2592 33.4845
34.2596 33.5489
34.2603 33.6053
34.261 33.6546
34.2615 33.6978
34.2621 33.7356
34.2626 33.7686
34.2629 33.6725
34.2662 33.7135
34.2667 33.6243
34.2669 33.5463
34.2672 33.603
34.2674 33.6526
34.2676 33.571
34.2679 33.4996
34.2681 33.5622
34.2684 33.6169
34.2686 33.5398
34.2688 33.4723
34.2691 33.5383
34.2693 33.596
34.2696 33.5215
34.2698 33.4563
34.27 33.5243
34.2703 33.5837
34.2705 33.6358
34.2708 33.5563
34.271 33.4868
34.2712 33.5509
34.2715 33.6071
34.2717 33.5312
34.272 33.4648
34.2722 33.5317
34.2724 33.5902
34.2727 33.5164
34.2729 33.4519
34.2732 33.5204
34.2734 33.5803
34.2736 33.5078
34.2739 33.4443
34.2741 33.5138
34.2744 33.5746
34.2746 33.5027
34.2748 33.4399
34.2751 33.5099
34.2753 33.5712
34.2756 33.4998
34.2758 33.4373
34.276 33.5076
34.2763 33.5692
34.2765 33.623
34.2768 33.5452
34.277 33.602
34.2772 33.6518
34.2775 33.6953
34.2777 33.6084
34.278 33.5323
34.2784 33.5908
34.2788 33.5169
34.2845 33.5773
34.2859 33.5052
34.2863 33.567
34.2871 33.6211
34.2897 33.5435
34.2905 33.6006
34.2913 33.6505
34.2919 33.5692
34.2925 33.623
34.2929 33.5451
34.2932 33.602
34.2939 33.5268
34.2947 33.4609
34.2951 33.5283
34.2957 33.4623
34.2962 33.5295
34.2966 33.5883
34.2998 33.5148
34.3003 33.5754
34.3006 33.6285
34.3008 33.6749
34.301 33.7156
34.3013 33.7511
34.3015 33.7822
34.3018 33.8094
34.302 33.7083
34.3022 33.7447
34.3025 33.7766
34.3027 33.8046
34.303 33.704
34.3032 33.741
34.3034 33.7734
34.3037 33.8017
34.3039 33.7015
34.3042 33.7388
34.3044 33.7714
34.3046 33.8
34.3049 33.825
34.3051 33.8469
34.3054 33.866
34.3056 33.8828
34.3058 33.8974
34.3061 33.9102
34.3063 33.9215
34.3066 33.9313
34.3068 33.9399
34.307 33.9474
34.3073 33.954
34.3075 33.9597
34.3078 33.9648
34.308 33.9692
34.3082 33.973
34.3085 33.9764
34.3087 33.9793
34.309 33.8569
34.3092 33.8748
34.3094 33.8905
34.3097 33.9041
34.3099 33.7911
34.3102 33.8172
34.3104 33.8401
34.3106 33.8601
34.3109 33.7526
34.3111 33.7835
34.3114 33.8106
34.3116 33.8342
34.312 33.855
34.3123 33.8731
34.318 34.5139
34.3194 34.5747
34.3198 34.5029
34.3206 34.44
34.3233 34.635
34.324 34.5556
34.3248 34.4862
34.3254 34.4254
34.326 34.4972
34.3265 34.4351
34.3267 34.3807
34.3276 34.3331
34.3283 34.4165
34.3288 34.3644
34.3294 34.3189
34.3299 34.279
34.3302 34.2441
34.3335 34.5886
34.334 34.515
34.3343 34.4507
34.3346 34.3943
34.3348 34.345
34.335 34.3019
34.3353 34.2642
34.3355 34.2311
34.3358 34.2022
34.336 34.302
34.3362 34.2642
34.3365 34.2312
34.3367 34.2023
34.337 34.177
34.3372 34.1549
34.3374 34.1355
34.3377 34.1186
34.3379 34.1038
34.3382 34.0908
34.3384 34.0794
34.3386 34.0695
34.3389 34.0608
34.3391 34.0532
34.3394 34.0466
34.3396 34.0407
34.3398 34.0357
34.3401 34.0312
34.3403 34.0273
34.3406 34.0239
34.3408 34.0209
34.341 34.0183
34.3413 34.016
34.3415 34.014
34.3418 34.0122
34.342 34.0107
34.3423 34.0094
34.3425 34.0082
34.3427 34.0072
34.343 34.0063
34.3432 34.0055
34.3435 34.0048
34.3437 34.0042
34.3439 34.0037
34.3442 34.0032
34.3444 34.0028
34.3447 34.0025
34.3449 34.0022
34.3451 34.0019
34.3454 34.0016
34.3456 34.0014
34.3461 34.1263
34.3516 34.7355
34.3531 34.8935
34.3535 34.7819
34.3543 34.8091
34.3569 34.958
34.3576 34.8382
34.3585 34.8585
34.3591 34.8761
34.3597 34.7666
34.3602 34.6708
34.3605 34.5869
34.3612 34.6386
34.362 34.5588
34.3624 34.4889
34.363 34.5528
34.3635 34.4837
34.3639 34.4232
34.3671 34.7453
34.3676 34.6522
34.368 34.5706
34.3682 34.4993
34.3684 34.4369
34.3687 34.3823
34.3689 34.2095
34.3692 34.1833
34.3694 34.1604
34.3696 34.1403
34.3699 33.9978
34.3701 33.9981
34.3704 33.9983
34.3706 33.9985
34.3708 33.9987
34.3711 33.9989
34.3713 33.999
34.3716 33.9991
34.3718 33.9992
34.372 33.9993
34.3723 33.9994
34.3725 33.9995
34.3728 33.9996
34.373 33.9996
34.3733 33.9997
34.3735 33.9997
34.3737 33.9997
34.374 33.8748
34.3742 33.8904
34.3745 33.9041
34.3747 33.9161
34.3749 33.8016
34.3752 33.8264
34.3754 33.8481
34.3757 33.8671
34.3759 33.7587
34.3761 33.7889
34.3764 33.8152
34.3766 33.8383
34.3769 33.8586
34.3771 33.8762
34.3773 33.8917
34.3776 33.9052
34.3778 33.9171
34.3781 33.9274
34.3783 33.9365
34.3785 33.9445
34.3788 33.9514
34.379 33.9575
34.3793 33.9628
34.3797 33.9674
34.38 33.8465
34.3856 33.8657
34.3871 33.8825
34.3874 33.8972
34.3883 33.91
34.3909 33.9213
34.3916 33.9311
34.3925 33.9397
34.3931 33.9473
34.3937 33.9538
34.3942 33.9596
34.3944 33.9647
34.3952 33.9691
34.396 33.9729
34.3964 33.9763
34.397 33.9793
34.3975 33.9819
34.3979 33.9841
34.4011 33.9861
34.4017 33.9879
34.402 33.9894
34.4022 33.9907
34.4025 33.9919
34.4027 33.9929
34.4029 33.9938
34.4032 33.9945
34.4034 33.9952
34.4037 33.9958
34.4039 33.9963
34.4041 33.9968
34.4044 33.9972
34.4046 33.9976
34.4049 33.9979
34.4051 33.9981
34.4053 33.9984
34.4056 33.9986
34.4058 33.9987
34.4061 33.9989
34.4063 33.999
34.4065 33.9992
34.4068 33.9993
34.407 33.9994
34.4073 33.9994
34.4075 33.9995
34.4077 33.9996
34.408 33.9996
34.4082 33.9997
34.4085 33.9997
34.4087 33.9997
34.4089 33.9998
34.4092 33.9998
34.4094 33.9998
34.4097 33.9998
34.4099 33.9999
34.4101 33.9999
34.4104 33.9999
34.4106 33.9999
34.4109 33.9999
34.4111 33.9999
34.4113 33.9999
34.4116 33.9999
34.4118 34
34.4121 34
34.4123 34
34.4125 34
34.4128 34
34.413 34
34.4134 34
34.4137 34
34.4141 34.125
34.4198 34.1094
34.4212 34.0957
34.4216 34.0837
34.4224 34.0733
34.425 34.1891
34.4258 34.1655
34.4266 34.1448
34.4272 34.1267
34.4278 34.1108
34.4282 34.097
34.4285 34.0849
34.4294 34.0743
34.4301 34.19
34.4306 34.1662
34.4312 34.1454
34.4315 34.1273
34.432 34.2364
34.4353 34.2068
34.4359 34.181
34.4361 34.2833
34.4363 34.2479
34.4366 34.2169
34.4368 34.1898
34.4371 34.2911
34.4373 34.2547
34.4375 34.2229
34.4378 34.195
34.438 34.2956
34.4383 34.2587
34.4385 34.2263
34.4387 34.198
34.439 34.1733
34.4392 34.1516
34.4395 34.1327
34.4397 34.1161
34.4399 34.1016
34.4402 34.2139
34.4404 34.1871
34.4407 34.1638
34.4409 34.1433
34.4411 34.2504
34.4414 34.2191
34.4416 34.1917
34.4419 34.1677
34.4421 34.2718
34.4423 34.3628
34.4426 34.3174
34.4428 34.2778
34.4431 34.368
34.4433 34.447
34.4435 34.3912
34.4438 34.3423
34.444 34.4245
34.4443 34.4964
34.4445 34.4344
34.4447 34.3801
34.445 34.3326
34.4452 34.416
34.4455 34.364
34.4457 34.3185
34.4459 34.2787
34.4462 34.3688
34.4464 34.3227
34.4467 34.2824
34.4469 34.2471
34.4471 34.3412
34.4474 34.2986
34.4479 34.2612
34.4481 34.3536
34.4538 34.9344
34.4552 35.0676
34.4556 34.9341
34.4564 34.9424
34.459 35.1996
34.4598 35.0496
34.4606 35.0434
34.4612 35.038
34.4618 34.9082
34.4623 34.9197
34.4625 34.8047
34.4634 34.8292
34.4641 34.8505
34.4646 34.7442
34.4652 34.7762
34.4657 34.6791
34.466 34.7193
34.4693 35.0043
34.4699 34.8788
34.4702 34.894
34.4705 34.7822
34.4707 34.6844
34.4709 34.5989
34.4712 34.649
34.4714 34.5679
34.4717 34.4969
34.4719 34.4348
34.4721 34.5054
34.4724 34.4423
34.4726 34.387
34.4729 34.3386
34.4731 34.4213
34.4733 34.4936
34.4736 34.4319
34.4738 34.3779
34.4741 34.4557
34.4743 34.5237
34.4745 34.4583
34.4748 34.401
34.475 34.4759
34.4753 34.5414
34.4755 34.4737
34.4757 34.4145
34.476 34.3627
34.4762 34.4423
34.4765 34.387
34.4767 34.3387
34.4769 34.2963
34.4772 34.3843
34.4774 34.3363
34.4777 34.2942
34.4779 34.2574
34.4782 34.3503
34.4784 34.3065
34.4786 34.2682
34.4789 34.2346
34.4791 34.3303
34.4794 34.414
34.4796 34.3623
34.4798 34.317
34.4801 34.4024
34.4803 34.4771
34.4806 34.4174
34.4808 34.3653
34.481 34.4446
34.4813 34.514
34.4815 34.4498
34.4819 34.3935
34.4822 34.4694
34.4878 35.0357
34.4893 35.1562
34.4898 35.0117
34.4905 35.0102
34.4932 35.259
34.4939 35.1016
34.4947 35.0889
34.4953 35.0778
34.4959 34.9431
34.4964 34.9502
34.4968 34.8314
34.4975 34.8525
34.4982 34.8709
34.4987 34.762
34.4993 34.7918
34.4998 34.6928
34.5001 34.7312
34.5034 35.0148
34.504 34.888
34.5045 34.902
34.5047 34.7892
34.5049 34.6906
34.5052 34.7292
34.5054 34.7631
34.5057 34.6677
34.5059 34.5842
34.5061 34.6362
34.5064 34.6817
34.5066 34.5965
34.5069 34.5219
34.5071 34.5817
34.5073 34.634
34.5076 34.5547
34.5078 34.4854
34.5081 34.5497
34.5083 34.606
34.5086 34.5302
34.5088 34.464
34.509 34.531
34.5093 34.5896
34.5095 34.5159
34.5098 34.4514
34.51 34.395
34.5102 34.4706
34.5105 34.5368
34.5107 34.4697
34.511 34.411
34.5112 34.4846
34.5114 34.549
34.5117 34.4804
34.5119 34.4203
34.5122 34.4928
34.5124 34.5562
34.5126 34.4867
34.5129 34.4258
34.5131 34.4976
34.5134 34.5604
34.5136 34.4904
34.5138 34.4291
34.5141 34.5004
34.5143 34.5629
34.5146 34.4925
34.5148 34.431
34.515 34.5021
34.5153 34.5643
34.5155 34.4938
34.5158 34.4321
34.516 34.503
34.5164 34.5652
34.5167 34.4945
34.5222 34.5577
34.5238 34.488
34.5242 34.552
34.525 34.608
34.5277 34.532
34.5284 34.5905
34.5292 34.6417
34.5298 34.5615
34.5304 34.6163
34.5309 34.5393
34.5311 34.5968
34.532 34.5222
34.5327 34.457
34.5332 34.5248
34.5338 34.4592
34.5343 34.5268
34.5346 34.461
34.5379 34.4034
34.5385 34.4779
34.5388 34.4182
34.5391 34.4909
34.5393 34.5546
34.5396 34.4852
34.5398 34.4246
34.54 34.4965
34.5403 34.5594
34.5405 34.4895
34.5408 34.4283
34.541 34.3748
34.5412 34.4529
34.5415 34.3963
34.5417 34.3468
34.542 34.3034
34.5422 34.3905
34.5424 34.3417
34.5427 34.299
34.5429 34.2616
34.5432 34.3539
34.5434 34.3097
34.5436 34.271
34.5439 34.2371
34.5441 34.3325
34.5444 34.4159
34.5446 34.3639
34.5448 34.3184
34.5451 34.4036
34.5453 34.4782
34.5456 34.4184
34.5458 34.3661
34.546 34.4453
34.5463 34.5147
34.5465 34.4503
34.5468 34.394
34.547 34.4698
34.5472 34.5361
34.5475 34.4691
34.5477 34.4104
34.548 34.3591
34.5482 34.4392
34.5484 34.3843
34.5487 34.3363
34.5489 34.2942
34.5492 34.3825
34.5494 34.3347
34.5496 34.2928
34.5499 34.2562
34.5501 34.3492
34.5504 34.3055
34.5508 34.2674
34.5512 34.3589
34.5567 34.3141
34.5584 34.3998
34.5588 34.3498
34.5596 34.3061
34.5623 34.3928
34.563 34.3437
34.5638 34.3008
34.5644 34.3882
34.565 34.4646
34.5654 34.5316
34.5657 34.4651
34.5666 34.532
34.5673 34.5905
34.5678 34.5167
34.5684 34.5771
34.5688 34.505
34.5692 34.5668
34.5725 34.621
34.5731 34.6684
34.5733 34.7098
34.5736 34.6211
34.5738 34.5434
34.574 34.6005
34.5743 34.6505
34.5745 34.5691
34.5748 34.498
34.575 34.5607
34.5752 34.6157
34.5755 34.6637
34.5757 34.5807
34.576 34.5081
34.5762 34.5696
34.5764 34.6234
34.5767 34.5455
34.5769 34.4773
34.5772 34.5426
34.5774 34.5998
34.5776 34.5248
34.5779 34.4592
34.5781 34.5268
34.5784 34.586
34.5786 34.5127
34.5788 34.4486
34.5791 34.5176
34.5793 34.5779
34.5796 34.5056
34.5798 34.4424
34.58 34.5121
34.5803 34.5731
34.5805 34.6265
34.5808 34.5482
34.581 34.6046
34.5812 34.6541
34.5815 34.6973
34.5817 34.6101
34.582 34.5339
34.5822 34.5921
34.5824 34.6431
34.5827 34.6877
34.5829 34.6018
34.5832 34.6515
34.5834 34.6951
34.5837 34.7332
34.5839 34.6416
34.5841 34.6864
34.5844 34.7256
34.5846 34.7599
34.585 34.6649
34.5853 34.7068
34.5857 34.7434
34.5912 35.4005
34.5929 35.4754
34.5933 35.416
34.5941 35.489
34.5967 35.6779
34.5975 35.5931
34.5983 35.644
34.5989 35.5635
34.5995 35.4931
34.6 35.3064
34.6002 35.2681
34.6011 35.3596
34.6018 35.3147
34.6023 35.2753
34.6029 35.2409
34.6034 35.2108
34.6037 35.1844
34.607 35.4114
34.6076 35.36
34.6079 35.19
34.6082 35.1662
34.6084 35.1454
34.6086 35.1273
34.6089 34.9864
34.6091 34.9881
34.6094 34.9896
34.6096 34.9909
34.6098 34.867
34.6101 34.8836
34.6103 34.8982
34.6106 34.9109
34.6108 34.922
34.611 34.9318
34.6113 34.9403
34.6115 34.9478
34.6118 34.9543
34.612 34.96
34.6122 34.965
34.6125 34.9694
34.6127 34.9732
34.613 34.8516
34.6132 34.8701
34.6135 34.8863
34.6137 34.9006
34.6139 34.788
34.6142 34.8145
34.6144 34.8377
34.6147 34.858
34.6149 34.7507
34.6151 34.7819
34.6154 34.8091
34.6156 34.833
34.6159 34.7289
34.6161 34.7628
34.6163 34.7924
34.6166 34.8184
34.6168 34.8411
34.6171 34.8609
34.6173 34.8783
34.6175 34.8935
34.6178 34.9068
34.618 34.9185
34.6183 34.9287
34.6185 34.9376
34.6187 34.9454
34.619 34.8272
34.6192 34.8488
34.6195 34.8677
34.6199 34.8842
34.6202 34.8987
34.6257 35.5364
34.6274 35.5943
34.6279 35.52
34.6286 35.455
34.6312 35.6482
34.6321 35.6921
34.6329 35.6056
34.6335 35.5299
34.6341 35.5887
34.6346 35.5151
34.635 35.4507
34.6357 35.3944
34.6364 35.3451
34.6369 35.3019
34.6375 35.2642
34.638 35.2312
34.6383 35.2023
34.6416 35.552
34.6422 35.608
34.6427 35.532
34.6429 35.4655
34.6431 35.4073
34.6434 35.3564
34.6436 35.3118
34.6439 35.2729
34.6441 35.2388
34.6443 35.2089
34.6446 35.1828
34.6448 35.1599
34.6451 35.14
34.6453 35.1225
34.6455 35.1071
34.6458 35.0938
34.646 35.082
34.6463 35.0718
34.6465 35.0628
34.6467 35.055
34.647 34.9231
34.6472 34.9327
34.6475 34.9411
34.6477 34.9485
34.6479 34.9549
34.6482 34.9605
34.6484 34.9655
34.6487 34.9698
34.6489 34.9736
34.6491 34.9769
34.6494 34.9798
34.6496 34.9823
34.6499 34.9845
34.6501 34.9864
34.6503 34.9881
34.6506 34.9896
34.6508 34.9909
34.6511 34.992
34.6513 34.993
34.6515 34.9939
34.6518 34.9947
34.652 34.9953
34.6523 34.9959
34.6525 34.9964
34.6527 34.9969
34.653 34.8723
34.6532 34.8882
34.6535 34.9022
34.6537 34.9144
34.6539 34.9251
34.6542 34.9345
34.6544 34.9427
34.6549 34.9498
34.6551 34.9561
34.6607 34.9616
34.6624 34.9664
34.6628 34.9706
34.6636 34.9743
34.6662 34.9775
34.667 34.9803
34.6679 34.9828
34.6685 34.9849
34.6691 34.9868
34.6696 34.9885
34.6698 34.9899
34.6706 34.9912
34.6714 34.9923
34.6718 34.9932
34.6724 34.9941
34.6729 34.9948
34.6733 34.9955
34.6765 34.996
34.6771 34.9965
34.6775 34.997
34.6777 34.9973
34.678 34.8727
34.6782 34.8886
34.6785 34.9025
34.6787 34.9147
34.6789 34.8004
34.6792 34.8253
34.6794 34.8471
34.6797 34.8663
34.6799 34.758
34.6801 34.7882
34.6804 34.8147
34.6806 34.8379
34.6809 34.7331
34.6811 34.7665
34.6813 34.7957
34.6816 34.8212
34.6818 34.8436
34.6821 34.8631
34.6823 34.8802
34.6825 34.8952
34.6828 34.9083
34.683 34.9198
34.6833 34.9298
34.6835 34.9386
34.6837 34.9462
34.684 34.828
34.6842 34.8495
34.6845 34.8683
34.6847 34.8847
34.6849 34.7742
34.6852 34.8024
34.6854 34.8271
34.6857 34.8487
34.6859 34.7426
34.6861 34.7748
34.6864 34.8029
34.6866 34.8276
34.6869 34.7241
34.6871 34.7586
34.6873 34.7888
34.6876 34.8152
34.6878 34.8383
34.6881 34.8585
34.6883 34.8762
34.6886 34.8917
34.6888 34.9052
34.689 34.9171
34.6894 34.9274
34.6898 34.9365
34.6901 34.9444
34.6956 34.9514
34.6973 34.9575
34.6978 34.9628
34.6985 34.9674
34.7012 34.9715
34.702 34.9751
34.7029 34.9782
34.7035 34.9809
34.7041 34.9833
34.7044 34.9854
34.7048 34.9872
34.7056 34.9888
34.7065 34.9902
34.7069 34.9914
34.7075 34.9925
34.7079 34.9934
34.7084 34.9943
34.7116 34.995
34.7122 34.9956
34.7125 34.9962
34.7127 34.9966
34.7129 34.9971
34.7132 34.9974
34.7134 34.9977
34.7137 34.998
34.7139 34.9983
34.7141 34.9985
34.7144 34.9987
34.7146 34.9988
34.7149 34.999
34.7151 34.9991
34.7153 34.9992
34.7156 34.9993
34.7158 34.9994
34.7161 34.9995
34.7163 34.9995
34.7165 34.9996
34.7168 34.9997
34.717 34.9997
34.7173 34.9997
34.7175 34.9998
34.7178 34.9998
34.718 34.8748
34.7182 34.8905
34.7185 34.9042
34.7187 34.9161
34.719 34.9266
34.7192 34.9358
34.7194 34.9438
34.7197 34.9508
34.7199 34.957
34.7202 34.9624
34.7204 34.9671
34.7206 34.9712
34.7209 34.9748
34.7211 34.9779
34.7214 34.9807
34.7216 34.9831
34.7218 34.9852
34.7221 35.1121
34.7223 35.0981
34.7226 35.0858
34.7228 35.0751
34.723 35.1907
34.7233 35.1669
34.7235 35.146
34.7238 35.1277
34.724 35.1118
34.7242 35.0978
34.7245 35.0856
34.7247 35.0749
34.7288 35.4405
34.7305 35.3855
34.731 35.0873
34.7317 34.9514
34.7371 35.4574
34.7379 35.0253
34.7384 34.6471
34.739 34.4412
34.7395 34.1361
34.7399 33.8691
34.7431 34.0104
34.7437 33.7591
34.7441 33.5392
34.7443 33.3468
34.7445 33.1785
34.7448 33.0312
34.745 32.9023
34.7453 32.7895
34.7455 32.6908
34.7457 32.6044
34.746 32.4039
34.7462 32.3534
34.7465 32.3092
34.7467 32.2706
34.7469 32.1118
34.7472 32.0978
34.7474 32.0856
34.7477 32.0749
34.7479 31.9405
34.7482 31.9479
34.7484 31.9544
34.7486 31.9601
34.7489 31.8401
34.7491 31.8601
34.7494 31.8776
34.7496 31.8929
34.7498 31.9063
34.7501 31.918
34.7503 31.9282
34.7506 31.9372
34.7508 31.9451
34.751 31.9519
34.7513 31.9579
34.7515 31.9632
34.7518 31.9678
34.752 31.8468
34.7522 31.866
34.7525 31.8827
34.7527 31.8974
34.753 31.7852
34.7532 31.8121
34.7534 31.8355
34.7537 31.8561
34.7539 31.7491
34.7542 31.7805
34.7544 31.8079
34.7546 31.8319
34.7549 31.7279
34.7551 31.7619
34.7554 31.7917
34.7556 31.8177
34.7558 31.8405
34.7561 31.8604
34.7563 31.8779
34.7603 32.3932
34.762 32.469
34.7624 32.4104
34.7632 32.4841
34.7686 33.0486
34.7694 32.9175
34.7699 32.8028
34.7705 32.7025
34.771 32.4897
34.7713 32.4284
34.7746 32.7499
34.7752 32.6562
34.7755 32.5741
34.7758 32.3774
34.776 32.3302
34.7763 32.2889
34.7765 32.2528
34.7767 32.0962
34.777 31.9592
34.7772 31.9643
34.7775 31.9687
34.7777 31.9727
34.778 31.8511
34.7782 31.8697
34.7784 31.886
34.7787 31.9002
34.7789 31.7877
34.7792 31.8142
34.7794 31.8375
34.7796 31.8578
34.7799 31.7506
34.7801 31.7817
34.7804 31.809
34.7806 31.8329
34.7808 31.7288
34.7811 31.7627
34.7813 31.7923
34.7816 31.8183
34.7818 31.716
34.782 31.7515
34.7823 31.7826
34.7825 31.8097
34.7828 31.7085
34.783 31.62
34.7832 31.6675
34.7835 31.709
34.7837 31.7454
34.784 31.6522
34.7842 31.6957
34.7844 31.7337
34.7847 31.767
34.7849 31.6711
34.7852 31.7122
34.7854 31.7482
34.7856 31.7797
34.7859 31.6822
34.7861 31.7219
34.7864 31.7567
34.7866 31.7871
34.7868 31.6887
34.7871 31.7276
34.7873 31.7617
34.7876 31.7915
34.7878 31.6925
34.7918 32.106
34.7935 32.2177
34.7939 32.1905
34.7947 32.1667
34.8001 32.7709
34.8009 32.6745
34.8014 32.5902
34.802 32.5164
34.8025 32.4519
34.8028 32.3954
34.8061 32.721
34.8067 32.6308
34.807 32.552
34.8073 32.483
34.8075 32.4226
34.8077 32.2448
34.808 32.0892
34.8082 32.078
34.8085 32.0683
34.8087 32.0597
34.809 31.9273
34.8092 31.9364
34.8094 31.9443
34.8097 31.9513
34.8099 31.8324
34.8102 31.8533
34.8104 31.8717
34.8106 31.8877
34.8109 31.7767
34.8111 31.8046
34.8114 31.8291
34.8116 31.8504
34.8118 31.7441
34.8121 31.7761
34.8123 31.8041
34.8126 31.8286
34.8128 31.725
34.813 31.7594
34.8133 31.7895
34.8135 31.8158
34.8138 31.7138
34.814 31.6246
34.8142 31.6715
34.8145 31.7126
34.8147 31.7485
34.815 31.6549
34.8152 31.6981
34.8154 31.7358
34.8157 31.7688
34.8159 31.6727
34.8162 31.7136
34.8164 31.7494
34.8166 31.7808
34.8169 31.6832
34.8171 31.7228
34.8174 31.7574
34.8176 31.7877
34.8178 31.6893
34.8181 31.7281
34.8183 31.7621
34.8186 31.7918
34.8188 31.6929
34.819 31.7312
34.8193 31.7648
34.8196 31.7942
34.8236 31.82
34.8254 31.8425
34.8259 31.8622
34.8266 31.8794
34.832 31.8945
34.8329 31.9077
34.8333 31.9192
34.8339 31.9293
34.8343 31.9381
34.8348 31.9459
34.838 31.9526
34.8386 31.9586
34.8389 31.8387
34.8391 31.8589
34.8394 31.8765
34.8396 31.892
34.8398 31.9055
34.8401 31.9173
34.8403 31.9276
34.8406 31.9367
34.8408 31.9446
34.841 31.9515
34.8413 31.9576
34.8415 31.9629
34.8418 31.9675
34.842 31.8466
34.8422 31.8658
34.8425 31.8825
34.8427 31.8972
34.843 31.7851
34.8432 31.8119
34.8434 31.8354
34.8437 31.856
34.8439 31.749
34.8442 31.7804
34.8444 31.8078
34.8446 31.8319
34.8449 31.7279
34.8451 31.7619
34.8454 31.7917
34.8456 31.8177
34.8458 31.8405
34.8461 31.8604
34.8463 31.8779
34.8466 31.8931
34.8468 31.9065
34.847 31.9182
34.8473 31.9284
34.8475 31.9374
34.8478 31.9452
34.848 31.952
34.8482 31.958
34.8485 31.9633
34.8487 31.9679
34.849 31.8469
34.8492 31.866
34.8494 31.8828
34.8497 31.8974
34.8499 31.7852
34.8502 31.8121
34.8504 31.8356
34.8506 31.8561
34.8509 31.7491
34.8511 31.7805
34.8516 31.8079
34.8556 31.8319
34.8574 31.8529
34.8579 31.8713
34.8586 31.8874
34.864 31.7765
34.8648 31.8044
34.8653 31.8289
34.8659 31.8503
34.8663 31.869
34.8667 31.8854
34.87 31.7747
34.8706 31.8028
34.8708 31.8275
34.8711 31.8491
34.8713 31.8679
34.8716 31.8844
34.8718 31.8989
34.872 31.9115
34.8723 31.9226
34.8725 31.9323
34.8728 31.9407
34.873 31.8231
34.8732 31.8452
34.8735 31.8646
34.8737 31.8815
34.874 31.8963
34.8742 31.9093
34.8744 31.9206
34.8747 31.9305
34.8749 31.9392
34.8752 31.9468
34.8754 31.9535
34.8756 31.9593
34.8759 31.9644
34.8761 31.9688
34.8764 31.9727
34.8766 31.9761
34.8768 31.9791
34.8771 31.9817
34.8773 31.984
34.8776 31.986
34.8778 31.9878
34.878 31.9893
34.8783 31.9906
34.8785 31.9918
34.8788 31.9928
34.879 31.9937
34.8792 31.9945
34.8795 31.9952
34.8797 31.9958
34.88 31.8713
34.8802 31.8874
34.8804 31.9015
34.8807 31.9138
34.8809 31.9246
34.8812 31.934
34.8814 31.9422
34.8816 31.9495
34.8819 31.9558
34.8821 31.9613
34.8824 31.9661
34.8826 31.9704
34.8828 31.9741
34.8831 31.9773
34.8836 31.9802
34.8877 31.9826
34.8895 31.9848
34.8898 31.9867
34.8905 32.1134
34.8959 32.7242
34.8968 32.7587
34.8973 32.7888
34.8979 32.6902
34.8984 32.729
34.8987 32.6378
34.902 32.9331
34.9026 32.9415
34.9029 32.8238
34.9032 32.8458
34.9034 32.7401
34.9036 32.6476
34.9039 32.5666
34.9041 32.6208
34.9044 32.5432
34.9046 32.4753
34.9048 32.4159
34.9051 32.4889
34.9053 32.5528
34.9056 32.4837
34.9058 32.4232
34.906 32.4953
34.9063 32.5584
34.9065 32.4886
34.9068 32.4275
34.907 32.4991
34.9072 32.5617
34.9075 32.4915
34.9077 32.4301
34.908 32.3763
34.9082 32.4543
34.9084 32.3975
34.9087 32.3478
34.9089 32.3043
34.9092 32.3913
34.9094 32.3424
34.9096 32.2996
34.9099 32.2621
34.9101 32.3544
34.9104 32.3101
34.9106 32.2713
34.9108 32.2374
34.9111 32.3327
34.9113 32.2911
34.9116 32.2547
34.9118 32.2229
34.912 32.32
34.9123 32.405
34.9125 32.3544
34.9128 32.3101
34.913 32.3963
34.9133 32.4718
34.9135 32.4128
34.9137 32.3612
34.914 32.3161
34.9142 32.4016
34.9145 32.3514
34.9147 32.3074
34.9149 32.269
34.9152 32.3604
34.9155 32.3153
34.9196 32.7759
34.9214 32.9289
34.9218 32.8128
34.9225 32.8362
34.9279 33.3567
34.9288 33.3121
34.9292 33.2731
34.9298 33.1139
34.9303 33.0997
34.9307 32.9622
34.9339 33.217
34.9345 33.1898
34.9349 33.0411
34.9351 33.036
34.9354 32.9065
34.9356 32.7932
34.9358 32.694
34.9361 32.7323
34.9363 32.6407
34.9366 32.5606
34.9368 32.4906
34.937 32.5542
34.9373 32.485
34.9375 32.4243
34.9378 32.3713
34.938 32.4499
34.9382 32.3936
34.9385 32.3444
34.9387 32.3014
34.939 32.2637
34.9392 32.2307
34.9394 32.2019
34.9397 32.1767
34.9399 32.1546
34.9402 32.2603
34.9404 32.2277
34.9406 32.1993
34.9409 32.1744
34.9411 32.2776
34.9414 32.2429
34.9416 32.2125
34.9418 32.1859
34.9421 32.2877
34.9423 32.2517
34.9426 32.2203
34.9428 32.1927
34.9431 32.2936
34.9433 32.2569
34.9435 32.2248
34.9438 32.1967
34.944 32.2971
34.9443 32.26
34.9445 32.2275
34.9447 32.199
34.945 32.1742
34.9452 32.1524
34.9455 32.1333
34.9457 32.1167
34.9459 32.1021
34.9462 32.2143
34.9464 32.1875
34.9467 32.1641
34.9469 32.1436
34.9471 32.2506
34.9475 32.2193
34.9516 32.6919
34.9534 32.8554
34.9539 32.7485
34.9546 32.7799
34.96 33.3074
34.9608 33.269
34.9613 33.2354
34.9619 33.081
34.9624 33.0708
34.9626 32.937
34.9631 32.9449
34.9664 32.9517
34.967 32.8328
34.9672 32.8537
34.9674 32.747
34.9677 32.6536
34.9679 32.5719
34.9682 32.6254
34.9684 32.5472
34.9686 32.4788
34.9689 32.419
34.9691 32.4916
34.9694 32.4302
34.9696 32.3764
34.9698 32.3293
34.9701 32.4132
34.9703 32.3615
34.9706 32.3163
34.9708 32.2768
34.971 32.3672
34.9713 32.4463
34.9715 32.3905
34.9718 32.3417
34.972 32.424
34.9722 32.496
34.9725 32.434
34.9727 32.3797
34.973 32.3323
34.9732 32.4157
34.9735 32.3638
34.9737 32.3183
34.9739 32.2785
34.9742 32.3687
34.9744 32.3226
34.9747 32.2823
34.9749 32.247
34.9751 32.3411
34.9754 32.2985
34.9756 32.2612
34.9759 32.2285
34.9761 32.325
34.9763 32.2843
34.9766 32.2488
34.9768 32.2177
34.9771 32.3155
34.9773 32.401
34.9775 32.3509
34.9778 32.307
34.978 32.3937
34.9783 32.4695
34.9785 32.4108
34.9787 32.3594
34.979 32.3145
34.9792 32.4002
34.9795 32.3502
34.9799 32.3064
34.984 32.3931
34.9858 32.344
34.9863 32.426
34.987 32.4977
34.9924 32.5605
34.9933 32.6154
34.9938 32.5385
34.9944 32.5962
34.9948 32.5217
34.9951 32.5815
34.9956 32.5088
34.9988 32.4452
34.9994 32.5145
34.9996 32.4502
34.9999 32.3939
35.0001 32.4697
35.0004 32.536
35.0006 32.469
35.0008 32.4104
35.0011 32.4841
35.0013 32.5486
35.0016 32.48
35.0018 32.42
35.002 32.4925
35.0023 32.5559
35.0025 32.4864
35.0028 32.4256
35.003 32.4974
35.0033 32.5602
35.0035 32.4902
35.0037 32.4289
35.004 32.3753
35.0042 32.4534
35.0045 32.3967
35.0047 32.3471
35.0049 32.3037
35.0052 32.3908
35.0054 32.4669
35.0057 32.4086
35.0059 32.3575
35.0061 32.4378
35.0064 32.5081
35.0066 32.4446
35.0069 32.389
35.0071 32.4654
35.0073 32.5322
35.0076 32.4657
35.0078 32.4075
35.0081 32.4815
35.0083 32.5463
35.0085 32.478
35.0088 32.4183
35.009 32.491
35.0093 32.5546
35.0095 32.4853
35.0097 32.4246
35.01 32.3716
35.0102 32.4501
35.0105 32.3938
35.0107 32.3446
35.0109 32.3015
35.0112 32.3888
35.0114 32.4652
35.0117 32.4071
35.0119 32.3562
35.0124 32.4367
35.0165 32.3821
35.0183 32.4593
35.0188 32.4019
35.0195 32.3517
35.025 32.3077
35.0258 32.2692
35.0263 32.3606
35.0269 32.3155
35.0274 32.4011
35.0276 32.3509
35.0281 32.4321
35.0314 32.5031
35.032 32.4402
35.0322 32.5102
35.0324 32.5714
35.0327 32.5
35.0329 32.4375
35.0332 32.5078
35.0334 32.5693
35.0337 32.4981
35.0339 32.4359
35.0341 32.5064
35.0344 32.5681
35.0346 32.6221
35.0349 32.5443
35.0351 32.6013
35.0353 32.6511
35.0356 32.6947
35.0358 32.6079
35.0361 32.6569
35.0363 32.6998
35.0365 32.7373
35.0368 32.7702
35.037 32.7989
35.0373 32.824
35.0375 32.846
35.0377 32.8653
35.038 32.7571
35.0382 32.7875
35.0385 32.814
35.0387 32.8373
35.0389 32.7326
35.0392 32.766
35.0394 32.7953
35.0397 32.8209
35.0399 32.7183
35.0401 32.7535
35.0404 32.7843
35.0406 32.8113
35.0409 32.7098
35.0411 32.7461
35.0413 32.7779
35.0416 32.8056
35.0418 32.7049
35.0421 32.7418
35.0423 32.7741
35.0425 32.8023
35.0428 32.827
35.043 32.8486
35.0433 32.8676
35.0435 32.8841
35.0437 32.8986
35.044 32.7863
35.0442 32.813
35.0445 32.8364
35.0448 32.8568
35.0489 33.2497
35.0507 33.3435
35.0512 33.3006
35.0519 33.263
35.0574 33.8551
35.0583 33.8732
35.0588 33.7641
35.0594 33.6686
35.0598 33.585
35.0601 33.5119
35.0606 33.4479
35.0638 33.6419
35.0644 33.5617
35.0647 33.4915
35.0649 33.305
35.0651 33.2669
35.0654 33.2335
35.0656 33.2043
35.0659 33.0538
35.0661 33.0471
35.0663 33.0412
35.0666 33.036
35.0668 32.9065
35.0671 32.9182
35.0673 32.9284
35.0675 32.9374
35.0678 32.8202
35.068 32.8427
35.0683 32.8623
35.0685 32.8796
35.0687 32.7696
35.069 32.6734
35.0692 32.7142
35.0695 32.75
35.0697 32.6562
35.0699 32.5742
35.0702 32.6274
35.0704 32.674
35.0707 32.7147
35.0709 32.6254
35.0711 32.6722
35.0714 32.7132
35.0716 32.749
35.0719 32.6554
35.0721 32.6985
35.0723 32.7362
35.0726 32.7691
35.0728 32.673
35.0731 32.7139
35.0733 32.7496
35.0735 32.7809
35.0738 32.6833
35.074 32.7229
35.0743 32.7575
35.0745 32.7878
35.0747 32.6894
35.075 32.6032
35.0752 32.6528
35.0755 32.6962
35.0757 32.6092
35.0759 32.533
35.0762 32.5914
35.0764 32.6425
35.0767 32.6872
35.0769 32.6013
35.0773 32.6511
35.0814 33.1947
35.0832 33.4204
35.0836 33.3678
35.0844 33.3219
35.0899 33.9066
35.0908 33.7933
35.0913 33.6941
35.0919 33.6074
35.0924 33.5314
35.0926 33.465
35.0931 33.4069
35.0964 33.731
35.097 33.6396
35.0972 33.5597
35.0975 33.4897
35.0977 33.4285
35.0979 33.2499
35.0982 33.2187
35.0984 33.1914
35.0987 33.1674
35.0989 33.0215
35.0991 33.0188
35.0994 33.0165
35.0996 33.0144
35.0999 32.8876
35.1001 32.9017
35.1003 32.9139
35.1006 32.9247
35.1008 32.8091
35.1011 32.833
35.1013 32.8539
35.1015 32.8721
35.1018 32.8881
35.102 32.9021
35.1023 32.9143
35.1025 32.925
35.1027 32.9344
35.103 32.8176
35.1032 32.8404
35.1035 32.8604
35.1037 32.8778
35.1039 32.7681
35.1042 32.7971
35.1044 32.8224
35.1047 32.8446
35.1049 32.7391
35.1051 32.7717
35.1054 32.8002
35.1056 32.8252
35.1059 32.722
35.1061 32.7568
35.1063 32.7872
35.1066 32.8138
35.1068 32.7121
35.1071 32.7481
35.1073 32.7795
35.1075 32.8071
35.1078 32.8312
35.108 32.8523
35.1083 32.8708
35.1085 32.8869
35.1088 32.9011
35.109 32.7884
35.1092 32.8149
35.1095 32.838
35.1098 32.8583
35.1102 32.876
35.1143 32.8915
35.1161 32.905
35.1166 32.9169
35.1173 32.9273
35.1228 32.9364
35.1238 32.9443
35.1243 32.9513
35.1249 32.9574
35.1253 32.9627
35.1256 32.9674
35.1261 32.9714
35.1293 32.975
35.1299 32.9781
35.1301 32.9809
35.1304 32.9833
35.1306 32.9854
35.1309 32.9872
35.1311 32.9888
35.1313 32.9902
35.1316 32.9914
35.1318 32.9925
35.1321 32.9934
35.1323 32.9942
35.1325 32.995
35.1328 32.9956
35.133 32.9961
35.1333 32.9966
35.1335 32.997
35.1337 32.9974
35.134 32.8727
35.1342 32.8886
35.1345 32.9026
35.1347 32.9147
35.1349 32.8004
35.1352 32.8254
35.1354 32.8472
35.1357 32.8663
35.1359 32.883
35.1361 32.8976
35.1364 32.9104
35.1366 32.9216
35.1369 32.9314
35.1371 32.94
35.1373 32.9475
35.1376 32.9541
35.1378 32.9598
35.1381 32.9648
35.1383 32.9692
35.1386 32.9731
35.1388 32.9764
35.139 32.9794
35.1393 32.982
35.1395 32.9842
35.1398 32.9862
35.14 32.8629
35.1402 32.88
35.1405 32.895
35.1407 32.9082
35.141 32.7946
35.1412 32.8203
35.1414 32.8428
35.1417 32.8624
35.1419 32.8796
35.1422 32.8947
35.1424 32.9078
35.1428 32.9194
35.1431 32.9294
35.1472 32.9383
35.149 32.946
35.1495 32.9527
35.1502 32.9586
35.1559 32.9638
35.1568 32.9683
35.1573 32.9723
35.1579 32.9757
35.1584 32.9788
35.1586 32.9814
35.1591 32.9838
35.1623 32.9858
35.1629 32.9876
35.1632 32.9891
35.1634 32.9905
35.1637 32.9917
35.1639 32.9927
35.1641 32.9936
35.1644 32.9944
35.1646 32.9951
35.1649 32.9957
35.1651 32.9963
35.1653 32.9967
35.1656 32.9971
35.1658 32.9975
35.1661 32.9978
35.1663 32.9981
35.1665 32.9983
35.1668 32.9985
35.167 33.1237
35.1673 33.1082
35.1675 33.0947
35.1677 33.0829
35.168 33.0725
35.1682 33.0635
35.1685 33.0555
35.1687 33.0486
35.169 33.0425
35.1692 33.0372
35.1694 33.0325
35.1697 33.0285
35.1699 33.0249
35.1702 33.0218
35.1704 33.0191
35.1706 33.0167
35.1709 33.0146
35.1711 33.1378
35.1714 33.1206
35.1716 33.1055
35.1718 33.0923
35.1721 33.2058
35.1723 33.18
35.1726 33.1575
35.1728 33.1378
35.173 33.2456
35.1733 33.3399
35.1735 33.2974
35.1738 33.2602
35.174 33.2277
35.1742 33.3242
35.1745 33.2837
35.1747 33.2483
35.175 33.2172
35.1752 33.3151
35.1754 33.2757
35.1757 33.2412
35.1762 33.3361
35.1801 33.7941
35.1819 33.8198
35.1824 33.7173
35.1831 33.7527
35.1888 34.2836
35.1897 34.2481
35.1902 34.2171
35.1908 34.065
35.1913 34.0569
35.1915 33.9247
35.192 33.9342
35.1953 34.1924
35.1959 34.0433
35.1961 34.0379
35.1963 33.9082
35.1966 33.7947
35.1968 33.6953
35.1971 33.7334
35.1973 33.6417
35.1975 33.5615
35.1978 33.4913
35.198 33.5549
35.1983 33.4855
35.1985 33.4248
35.1988 33.3717
35.199 33.3253
35.1992 33.2846
35.1995 33.249
35.1997 33.2179
35.2 33.1907
35.2002 33.1668
35.2004 33.146
35.2007 33.1277
35.2009 33.1118
35.2012 33.2228
35.2014 33.1949
35.2016 33.1706
35.2019 33.1493
35.2021 33.2556
35.2024 33.2236
35.2026 33.1957
35.2028 33.1712
35.2031 33.2748
35.2033 33.2405
35.2036 33.2104
35.2038 33.1841
35.204 33.2861
35.2043 33.2503
35.2045 33.219
35.2048 33.1917
35.205 33.1677
35.2052 33.1467
35.2055 33.1284
35.2057 33.1123
35.206 33.0983
35.2062 33.086
35.2064 33.0753
35.2067 33.0659
35.2069 33.0576
35.2072 33.1754
35.2074 33.1535
35.2076 33.1343
35.2079 33.1175
35.2081 33.2278
35.2084 33.1993
35.2086 33.1744
35.2091 33.2776
35.213 33.7429
35.2149 33.7751
35.2153 33.8032
35.2161 33.8278
35.2217 34.3493
35.2228 34.3056
35.2233 34.2674
35.2239 34.109
35.2243 34.0954
35.2246 33.9585
35.2251 33.9636
35.2283 34.2182
35.2289 34.0659
35.2292 34.0577
35.2294 33.9255
35.2296 33.8098
35.2299 33.7086
35.2301 33.745
35.2304 33.6519
35.2306 33.5704
35.2308 33.4991
35.2311 33.5617
35.2313 33.4915
35.2316 33.43
35.2318 33.3763
35.232 33.4543
35.2323 33.5225
35.2325 33.4572
35.2328 33.4
35.233 33.35
35.2332 33.4313
35.2335 33.3774
35.2337 33.3302
35.234 33.2889
35.2342 33.3778
35.2344 33.3306
35.2347 33.2893
35.2349 33.2531
35.2352 33.3465
35.2354 33.3031
35.2356 33.2653
35.2359 33.2321
35.2361 33.3281
35.2364 33.2871
35.2366 33.2512
35.2368 33.2198
35.2371 33.3173
35.2373 33.2777
35.2376 33.2429
35.2378 33.2126
35.238 33.311
35.2383 33.3971
35.2385 33.3475
35.2388 33.3041
35.239 33.391
35.2392 33.4672
35.2395 33.4088
35.2397 33.3577
35.24 33.313
35.2402 33.3988
35.2404 33.349
35.2407 33.3054
35.2409 33.2672
35.2412 33.3588
35.2414 33.3139
35.2416 33.2747
35.2421 33.3654
35.2424 33.3197
35.2465 33.2797
35.2483 33.3698
35.2487 33.3235
35.2495 33.2831
35.2551 33.3727
35.2562 33.4511
35.2567 33.3947
35.2573 33.4704
35.2577 33.4116
35.258 33.3601
35.2585 33.3151
35.2617 33.2757
35.2623 33.3663
35.2626 33.3205
35.2628 33.2804
35.263 33.3704
35.2633 33.4491
35.2635 33.3929
35.2638 33.3438
35.264 33.3008
35.2642 33.3882
35.2645 33.3397
35.2647 33.2972
35.265 33.2601
35.2652 33.3526
35.2654 33.3085
35.2657 33.2699
35.2659 33.2362
35.2662 33.3317
35.2664 33.4152
35.2666 33.3633
35.2669 33.3179
35.2671 33.4032
35.2674 33.4778
35.2676 33.418
35.2678 33.3658
35.2681 33.4451
35.2683 33.5144
35.2686 33.4501
35.2688 33.3939
35.269 33.4696
35.2693 33.5359
35.2695 33.4689
35.2698 33.4103
35.27 33.484
35.2702 33.5485
35.2705 33.48
35.2707 33.42
35.271 33.3675
35.2712 33.4465
35.2714 33.3907
35.2717 33.3419
35.2719 33.2991
35.2722 33.3867
35.2724 33.3384
35.2726 33.2961
35.2729 33.2591
35.2731 33.3517
35.2734 33.4327
35.2736 33.3786
35.2739 33.3313
35.2741 33.4149
35.2743 33.488
35.2746 33.427
35.2748 33.3737
35.2751 33.4519
35.2755 33.3955
35.2758 33.346
35.2799 33.3028
35.2817 33.2649
35.2821 33.3568
35.2829 33.3122
35.2886 33.2732
35.2897 33.239
35.2902 33.3342
35.2908 33.2924
35.2913 33.3808
35.2915 33.4582
35.292 33.401
35.2952 33.4758
35.2958 33.4164
35.2961 33.4893
35.2963 33.5531
35.2966 33.484
35.2968 33.4235
35.297 33.4956
35.2973 33.5586
35.2975 33.6138
35.2978 33.5371
35.298 33.5949
35.2982 33.6456
35.2985 33.6899
35.2987 33.6036
35.299 33.5282
35.2992 33.5872
35.2994 33.6388
35.2997 33.5589
35.2999 33.489
35.3002 33.5529
35.3004 33.6088
35.3006 33.5327
35.3009 33.4661
35.3011 33.5328
35.3014 33.5912
35.3016 33.5173
35.3018 33.4527
35.3021 33.5211
35.3023 33.5809
35.3026 33.5083
35.3028 33.4448
35.303 33.5142
35.3033 33.5749
35.3035 33.5031
35.3038 33.4402
35.304 33.5101
35.3043 33.5714
35.3045 33.625
35.3047 33.5468
35.305 33.4785
35.3052 33.5437
35.3055 33.6007
35.3057 33.5256
35.3059 33.4599
35.3062 33.5274
35.3064 33.5865
35.3067 33.5132
35.3069 33.449
35.3071 33.5179
35.3074 33.5782
35.3076 33.5059
35.3079 33.4427
35.3081 33.5123
35.3083 33.5733
35.3086 33.5016
35.3091 33.5639
35.3093 33.6184
35.3133 34.1661
35.3151 34.3954
35.3155 34.3459
35.3163 34.3027
35.322 35.0149
35.3231 35.013
35.3236 34.8864
35.3242 34.7756
35.3247 34.6786
35.3249 34.4688
35.3254 34.4102
35.3286 34.7339
35.3292 34.6422
35.3295 34.5619
35.3297 34.3667
35.33 34.1958
35.3302 34.1714
35.3304 34.1499
35.3307 34.0062
35.3309 33.8804
35.3312 33.8954
35.3314 33.9084
35.3316 33.7949
35.3319 33.6955
35.3321 33.7336
35.3324 33.7669
35.3326 33.796
35.3328 33.6965
35.3331 33.7345
35.3333 33.7676
35.3336 33.7967
35.3338 33.6971
35.3341 33.735
35.3343 33.7681
35.3345 33.7971
35.3348 33.6974
35.335 33.7353
35.3353 33.7684
35.3355 33.7973
35.3357 33.6976
35.336 33.6104
35.3362 33.6591
35.3365 33.7017
35.3367 33.614
35.3369 33.5373
35.3372 33.5951
35.3374 33.6457
35.3377 33.565
35.3379 33.4944
35.3381 33.5576
35.3384 33.6129
35.3386 33.6613
35.3389 33.5786
35.3391 33.6313
35.3393 33.6774
35.3396 33.7177
35.3398 33.628
35.3401 33.6745
35.3403 33.7152
35.3405 33.7508
35.3408 33.6569
35.341 33.6998
35.3413 33.7373
35.3415 33.7702
35.3417 33.6739
35.342 33.5897
35.3425 33.641
35.3427 33.5608
35.3467 33.9907
35.3485 34.1169
35.349 33.9773
35.3497 33.9801
35.3554 34.6076
35.3565 34.5316
35.3571 34.4652
35.3577 34.407
35.3582 34.3562
35.3584 34.3116
35.3589 34.2727
35.3622 34.6136
35.3628 34.5369
35.363 34.4698
35.3632 34.4111
35.3635 34.3597
35.3637 34.3147
35.364 34.1504
35.3642 34.1316
35.3645 34.1151
35.3647 34.1007
35.3649 33.9631
35.3652 33.9678
35.3654 33.9718
35.3657 33.9753
35.3659 33.8534
35.3661 33.8717
35.3664 33.8878
35.3666 33.9018
35.3669 33.7891
35.3671 33.8154
35.3673 33.8385
35.3676 33.8587
35.3678 33.7514
35.3681 33.7824
35.3683 33.8096
35.3685 33.8334
35.3688 33.7292
35.369 33.7631
35.3693 33.7927
35.3695 33.8186
35.3697 33.8413
35.37 33.7361
35.3702 33.7691
35.3705 33.798
35.3707 33.8232
35.3709 33.7203
35.3712 33.7553
35.3714 33.7859
35.3717 33.8126
35.3719 33.7111
35.3721 33.7472
35.3724 33.7788
35.3726 33.8064
35.3729 33.7056
35.3731 33.7424
35.3733 33.7746
35.3736 33.8028
35.3738 33.7024
35.3741 33.7396
35.3743 33.7722
35.3745 33.8007
35.3748 33.7006
35.375 33.738
35.3753 33.7708
35.3755 33.7994
35.376 33.8245
35.3762 33.8464
35.3802 34.3656
35.382 34.4449
35.3825 34.3893
35.3832 34.4656
35.389 35.0324
35.39 35.0284
35.3906 34.8998
35.3912 34.7874
35.3916 34.6889
35.3921 34.6028
35.3923 34.5275
35.3928 34.4615
35.3961 34.4038
35.3967 34.3534
35.3969 34.1842
35.3971 34.1612
35.3974 34.141
35.3976 34.1234
35.3979 34.108
35.3981 34.0945
35.3983 34.0827
35.3986 34.0723
35.3988 34.0633
35.3991 34.0554
35.3993 34.0485
35.3995 34.0424
35.3998 34.0371
35.4 34.0325
35.4003 34.0284
35.4005 34.0249
35.4007 34.0217
35.401 33.894
35.4012 33.9073
35.4015 33.9189
35.4017 33.929
35.4019 33.8129
35.4022 33.8363
35.4024 33.8567
35.4027 33.8746
35.4029 33.7653
35.4031 33.7946
35.4034 33.8203
35.4036 33.8428
35.4039 33.8624
35.4041 33.8796
35.4043 33.8947
35.4046 33.9078
35.4048 33.9194
35.4051 33.9294
35.4053 33.9383
35.4055 33.946
35.4058 33.9527
35.406 33.9586
35.4063 33.9638
35.4065 33.9683
35.4067 33.9723
35.407 33.8508
35.4072 33.8694
35.4075 33.8857
35.4077 33.9
35.4079 33.7875
35.4082 33.8141
35.4084 33.8373
35.4087 33.8576
35.4089 33.7504
35.4092 33.7816
35.4094 33.8089
35.4099 33.8328
35.4101 33.8537
35.4141 33.872
35.4159 33.888
35.4164 33.902
35.4171 33.9142
35.4228 33.925
35.4239 33.8093
35.4245 33.8332
35.4251 33.854
35.4256 33.8723
35.4261 33.8882
35.4263 33.9022
35.4268 33.9144
35.4301 33.9251
35.4307 33.9345
35.4309 33.9427
35.4311 33.9498
35.4314 33.9561
35.4316 33.9616
35.4319 33.9664
35.4321 33.9706
35.4323 33.9743
35.4326 33.9775
35.4328 33.9803
35.4331 33.9828
35.4333 33.9849
35.4335 33.9868
35.4338 33.9885
35.434 33.9899
35.4343 33.9912
35.4345 33.9923
35.4347 33.9932
35.435 33.9941
35.4352 33.9948
35.4355 33.9955
35.4357 33.996
35.4359 33.9965
35.4362 33.997
35.4364 33.9973
35.4367 33.9977
35.4369 33.998
35.4371 33.9982
35.4374 33.9984
35.4376 33.9986
35.4379 33.9988
35.4381 33.999
35.4383 33.9991
35.4386 33.9992
35.4388 33.9993
35.4391 33.9994
35.4393 33.9995
35.4396 33.9995
35.4398 33.9996
35.44 33.9996
35.4403 33.9997
35.4405 33.9997
35.4408 33.9998
35.441 33.9998
35.4412 33.9998
35.4415 33.9998
35.4417 33.9999
35.442 33.9999
35.4422 33.9999
35.4424 33.9999
35.4427 33.9999
35.4429 33.9999
35.4432 33.9999
35.4434 33.9999
35.4439 33.9999
35.4441 34
35.4481 34
35.4499 34
35.4504 34
35.4511 34
35.4569 34
35.4579 34
35.4585 34
35.4591 34
35.4596 34
35.46 33.875
35.4603 33.8906
35.4608 33.9043
35.4641 33.9162
35.4645 33.9267
35.4648 33.9359
35.465 33.9439
35.4653 33.9509
35.4655 33.957
35.4657 33.9624
35.466 33.9671
35.4662 33.9712
35.4665 33.9748
35.4667 33.978
35.4669 33.9807
35.4672 33.9831
35.4674 33.9852
35.4677 33.9871
35.4679 33.9887
35.4681 33.9901
35.4684 33.9913
35.4686 33.9924
35.4689 33.9934
35.4691 34.1192
35.4694 34.1043
35.4696 34.0913
35.4698 34.0799
35.4701 34.1949
35.4703 34.1705
35.4706 34.1492
35.4708 34.1305
35.471 34.2392
35.4713 34.2093
35.4715 34.1832
35.4718 34.1603
35.472 34.1402
35.4722 34.1227
35.4725 34.1074
35.4727 34.0939
35.473 34.0822
35.4732 34.0719
35.4734 34.0629
35.4737 34.0551
35.4739 34.0482
35.4742 34.0422
35.4744 34.0369
35.4746 34.0323
35.4749 34.0282
35.4751 34.1497
35.4754 34.131
35.4756 34.1146
35.4758 34.1003
35.4761 34.2128
35.4763 34.1862
35.4766 34.1629
35.4768 34.1425
35.477 34.2497
35.4774 34.2185
35.4778 34.1912
35.478 34.2923
35.482 34.6307
35.4838 34.6769
35.4843 34.7173
35.485 34.6276
35.4907 35.1742
35.4918 35.1524
35.4924 35.1334
35.493 35.1167
35.4935 34.9771
35.4939 34.855
35.4942 34.8731
35.4947 34.764
35.4979 35.0435
35.4984 34.913
35.4987 34.7989
35.4989 34.699
35.4992 34.6117
35.4994 34.5352
35.4996 34.4683
35.4999 34.4098
35.5001 34.4835
35.5004 34.4231
35.5006 34.3702
35.5008 34.3239
35.5011 34.4084
35.5013 34.3574
35.5016 34.3127
35.5018 34.2736
35.502 34.3644
35.5023 34.3189
35.5025 34.279
35.5028 34.2441
35.503 34.2136
35.5032 34.1869
35.5035 34.1635
35.5037 34.1431
35.504 34.1252
35.5042 34.1096
35.5044 34.0959
35.5047 34.0839
35.5049 34.0734
35.5052 34.0642
35.5054 34.0562
35.5056 34.0492
35.5059 34.043
35.5061 34.1626
35.5064 34.1423
35.5066 34.1245
35.5068 34.109
35.5071 34.2203
35.5073 34.1928
35.5076 34.1687
35.5078 34.1476
35.508 34.2542
35.5083 34.2224
35.5085 34.1946
35.5088 34.1703
35.509 34.274
35.5092 34.2397
35.5095 34.2098
35.5097 34.1835
35.51 34.1606
35.5102 34.1405
35.5104 34.123
35.5107 34.1076
35.5109 34.0941
35.5113 34.0824
35.5118 34.0721
35.512 34.1881
35.516 34.5396
35.5178 34.7221
35.5183 34.7568
35.519 34.6622
35.5247 35.3295
35.5258 35.2883
35.5264 35.2522
35.527 35.2207
35.5275 35.0681
35.5279 34.9346
35.5282 34.9428
35.5287 34.8249
35.532 35.0968
35.5324 35.0847
35.5327 34.9491
35.5329 34.8305
35.5332 34.8517
35.5334 34.7452
35.5336 34.6521
35.5339 34.5706
35.5341 34.6242
35.5344 34.5462
35.5346 34.4779
35.5348 34.4182
35.5351 34.4909
35.5353 34.4295
35.5356 34.3759
35.5358 34.3289
35.536 34.4128
35.5363 34.3612
35.5365 34.316
35.5368 34.2765
35.537 34.367
35.5372 34.4461
35.5375 34.3903
35.5377 34.3415
35.538 34.2988
35.5382 34.3865
35.5384 34.3382
35.5387 34.2959
35.5389 34.2589
35.5392 34.3515
35.5394 34.3076
35.5396 34.2692
35.5399 34.2355
35.5401 34.3311
35.5404 34.2897
35.5406 34.2535
35.5408 34.2218
35.5411 34.3191
35.5413 34.2792
35.5416 34.2443
35.5418 34.2137
35.542 34.312
35.5423 34.273
35.5425 34.2389
35.5428 34.209
35.543 34.3079
35.5432 34.2694
35.5435 34.2357
35.5437 34.2063
35.544 34.1805
35.5442 34.2829
35.5445 34.2476
35.5447 34.2166
35.5449 34.1895
35.5453 34.2908
35.5457 34.2545
35.5461 34.3477
35.5464 34.3042
35.5503 34.3912
35.5521 34.4673
35.5526 34.4089
35.5533 34.4828
35.5591 34.5474
35.5602 34.604
35.5608 34.5285
35.5614 34.4624
35.5619 34.4046
35.5622 34.479
35.5626 34.4192
35.5631 34.4918
35.5663 34.5553
35.5668 34.4859
35.567 34.5502
35.5673 34.6064
35.5675 34.5306
35.5678 34.4643
35.568 34.5312
35.5682 34.5898
35.5685 34.5161
35.5687 34.4516
35.569 34.3951
35.5692 34.4707
35.5694 34.4119
35.5697 34.3604
35.5699 34.3154
35.5702 34.4009
35.5704 34.3508
35.5706 34.307
35.5709 34.2686
35.5711 34.36
35.5714 34.315
35.5716 34.2756
35.5718 34.2412
35.5721 34.336
35.5723 34.419
35.5726 34.3667
35.5728 34.3208
35.573 34.4057
35.5733 34.48
35.5735 34.42
35.5738 34.3675
35.574 34.4466
35.5743 34.5157
35.5745 34.4513
35.5747 34.3949
35.575 34.3455
35.5752 34.4273
35.5755 34.3739
35.5757 34.3272
35.5759 34.2863
35.5762 34.3755
35.5764 34.3285
35.5767 34.2875
35.5769 34.2515
35.5771 34.3451
35.5774 34.302
35.5776 34.2642
35.5779 34.2312
35.5781 34.3273
35.5783 34.4114
35.5786 34.36
35.5788 34.315
35.5791 34.4006
35.5793 34.4755
35.5797 34.4161
35.58 34.4891
35.5805 34.4279
35.5807 34.3744
35.5848 34.3276
35.5866 34.2867
35.5871 34.3758
35.5878 34.3289
35.5936 34.2878
35.5947 34.2518
35.5953 34.3453
35.5959 34.3021
35.5964 34.3894
35.5967 34.3407
35.5971 34.4231
35.5976 34.3702
35.6008 34.3239
35.6013 34.4085
35.6015 34.3574
35.6018 34.3127
35.602 34.3986
35.6022 34.4738
35.6025 34.4146
35.6027 34.3628
35.603 34.3174
35.6032 34.4027
35.6034 34.4774
35.6037 34.4177
35.6039 34.3655
35.6042 34.4448
35.6044 34.5142
35.6047 34.4499
35.6049 34.3937
35.6051 34.4695
35.6054 34.5358
35.6056 34.5938
35.6059 34.5196
35.6061 34.5796
35.6063 34.6322
35.6066 34.6782
35.6068 34.5934
35.6071 34.6442
35.6073 34.6887
35.6075 34.7276
35.6078 34.6367
35.608 34.6821
35.6083 34.7218
35.6085 34.7566
35.6087 34.662
35.609 34.5793
35.6092 34.6319
35.6095 34.6779
35.6097 34.7181
35.6099 34.6284
35.6102 34.6748
35.6104 34.7155
35.6107 34.751
35.6109 34.6572
35.6111 34.7
35.6114 34.7375
35.6116 34.7703
35.6119 34.674
35.6121 34.7148
35.6123 34.7504
35.6126 34.7816
35.6128 34.6839
35.6131 34.7234
35.6133 34.758
35.6135 34.7882
35.6138 34.6897
35.614 34.7285
35.6145 34.7624
35.6149 34.6671
35.6152 34.7087
35.6192 35.2452
35.621 35.3395
35.6215 35.2971
35.6222 35.2599
35.628 35.8524
35.629 35.8709
35.6296 35.762
35.6302 35.6668
35.6307 35.5834
35.6311 35.5105
35.6314 35.4467
35.6319 35.2658
35.6352 35.6076
35.6357 35.5317
35.6359 35.3402
35.6361 35.2977
35.6364 35.2605
35.6366 35.1029
35.6369 34.965
35.6371 34.9694
35.6373 34.9732
35.6376 34.9766
35.6378 34.8545
35.6381 34.8727
35.6383 34.8886
35.6385 34.9025
35.6388 34.7897
35.639 34.816
35.6393 34.839
35.6395 34.8591
35.6397 34.7517
35.64 34.6578
35.6402 34.7005
35.6405 34.738
35.6407 34.6457
35.6409 34.565
35.6412 34.6194
35.6414 34.667
35.6417 34.5836
35.6419 34.5106
35.6421 34.5718
35.6424 34.6253
35.6426 34.5472
35.6429 34.4788
35.6431 34.5439
35.6433 34.6009
35.6436 34.6508
35.6438 34.5695
35.6441 34.6233
35.6443 34.6704
35.6445 34.7116
35.6448 34.6226
35.645 34.6698
35.6453 34.7111
35.6455 34.7472
35.6457 34.6538
35.646 34.5721
35.6462 34.6256
35.6465 34.6724
35.6467 34.5883
35.6469 34.5148
35.6472 34.5754
35.6474 34.6285
35.6477 34.5499
35.6479 34.4812
35.6481 34.546
35.6484 34.6028
35.6489 34.5274
35.6492 34.5865
35.6496 34.6382
35.6536 35.0584
35.6554 35.1761
35.6558 35.1541
35.6566 35.1348
35.6623 35.743
35.6635 35.7751
35.6641 35.6782
35.6647 35.5934
35.6652 35.5193
35.6656 35.4544
35.6659 35.2726
35.6664 35.2385
35.6697 35.5837
35.6701 35.5107
35.6704 35.4469
35.6706 35.391
35.6709 35.2171
35.6711 35.19
35.6713 35.1662
35.6716 35.1455
35.6718 35.0023
35.6721 35.002
35.6723 35.0017
35.6725 35.0015
35.6728 34.8763
35.673 34.8918
35.6733 34.9053
35.6735 34.9172
35.6737 34.8025
35.674 34.7022
35.6742 34.7394
35.6745 34.772
35.6747 34.8005
35.6749 34.7004
35.6752 34.7379
35.6754 34.7706
35.6757 34.7993
35.6759 34.6994
35.6761 34.737
35.6764 34.7698
35.6766 34.7986
35.6769 34.6988
35.6771 34.7364
35.6773 34.7694
35.6776 34.7982
35.6778 34.6984
35.6781 34.7361
35.6783 34.7691
35.6785 34.798
35.6788 34.6982
35.679 34.7359
35.6793 34.769
35.6795 34.7978
35.6798 34.6981
35.68 34.6108
35.6802 34.6595
35.6805 34.702
35.6807 34.7393
35.681 34.6469
35.6812 34.691
35.6814 34.7296
35.6817 34.7634
35.6819 34.668
35.6822 34.7095
35.6824 34.7458
35.6826 34.7776
35.6829 34.6804
35.6834 34.7203
35.6836 34.7553
35.6841 34.7859
35.6843 34.8126
35.6884 34.8361
35.6902 34.8566
35.6907 34.8745
35.6914 34.8902
35.6972 34.9039
35.6984 34.9159
35.699 34.8014
35.6996 34.8262
35.7001 34.848
35.7004 34.867
35.7008 34.8836
35.7013 34.8981
35.7045 34.9109
35.705 34.797
35.7052 34.8224
35.7055 34.8446
35.7057 34.864
35.7059 34.756
35.7062 34.7865
35.7064 34.8132
35.7067 34.8365
35.7069 34.732
35.7071 34.7655
35.7074 34.7948
35.7076 34.8204
35.7079 34.7179
35.7081 34.7532
35.7083 34.784
35.7086 34.811
35.7088 34.8346
35.7091 34.8553
35.7093 34.8734
35.7096 34.8892
35.7098 34.9031
35.71 34.9152
35.7103 34.9258
35.7105 34.9351
35.7108 34.9432
35.711 34.8253
35.7112 34.8471
35.7115 34.8662
35.7117 34.883
35.712 34.7726
35.7122 34.801
35.7124 34.8259
35.7127 34.8476
35.7129 34.7417
35.7132 34.774
35.7134 34.8022
35.7136 34.827
35.7139 34.7236
35.7141 34.7581
35.7144 34.7884
35.7146 34.8148
35.7148 34.838
35.7151 34.8582
35.7153 34.8759
35.7156 34.8915
35.7158 34.905
35.716 34.9169
35.7163 34.9273
35.7165 34.9364
35.7168 34.9443
35.717 34.9513
35.7172 34.9574
35.7175 34.9627
35.7177 34.9674
35.718 34.8464
35.7182 34.8656
35.7184 34.7574
35.7187 34.6628
35.7214 34.4549
35.7232 34.273
35.7237 34.1139
35.7245 33.9747
35.7302 33.8528
35.7314 33.7462
35.732 33.778
35.7366 33.4307
35.7368 33.1269
35.7371 32.986
35.7373 32.8628
35.7375 32.6299
35.7378 32.4262
35.738 32.3729
35.7383 32.3263
35.7385 32.1605
35.7387 32.0154
35.739 31.8885
35.7392 31.9024
35.7395 31.7896
35.7397 31.6909
35.74 31.6046
35.7402 31.654
35.7404 31.5722
35.7407 31.5007
35.7409 31.4381
35.7412 31.5084
35.7414 31.4448
35.7416 31.3892
35.7419 31.3406
35.7421 31.423
35.7424 31.4951
35.7426 31.4332
35.7428 31.3791
35.7431 31.4567
35.7433 31.5246
35.7436 31.459
35.7438 31.4016
35.744 31.4764
35.7443 31.5419
35.7445 31.4741
35.7448 31.4149
35.745 31.363
35.7452 31.4426
35.7455 31.3873
35.7457 31.3389
35.746 31.2965
35.7462 31.3845
35.7464 31.3364
35.7467 31.2944
35.7469 31.2576
35.7472 31.3504
35.7474 31.3066
35.7476 31.2682
35.7479 31.2347
35.7481 31.3304
35.7484 31.2891
35.7486 31.2529
35.7488 31.2213
35.7491 31.3187
35.7493 31.4038
35.7496 31.3533
35.7498 31.3092
35.75 31.3955
35.7528 31.3461
35.7546 31.3028
35.7551 31.39
35.7558 31.3412
35.7616 31.2986
35.7628 31.2612
35.7634 31.2286
35.7678 31.2
35.7681 31.3
35.7683 31.2625
35.7685 31.2297
35.7688 31.201
35.769 31.3009
35.7693 31.2633
35.7695 31.2303
35.7698 31.2016
35.77 31.1764
35.7702 31.2793
35.7705 31.2444
35.7707 31.2138
35.771 31.1871
35.7712 31.2887
35.7714 31.2526
35.7717 31.2211
35.7719 31.1934
35.7722 31.2942
35.7724 31.2575
35.7726 31.2253
35.7729 31.1971
35.7731 31.2975
35.7734 31.2603
35.7736 31.2278
35.7738 31.1993
35.7741 31.2994
35.7743 31.262
35.7746 31.2292
35.7748 31.2006
35.775 31.3005
35.7753 31.2629
35.7755 31.2301
35.7758 31.2013
35.776 31.1761
35.7762 31.2791
35.7765 31.2442
35.7767 31.2137
35.777 31.187
35.7772 31.2886
35.7774 31.2525
35.7777 31.221
35.7779 31.1933
35.7782 31.2942
35.7784 31.2574
35.7786 31.2252
35.7789 31.1971
35.7791 31.2974
35.7794 31.2603
35.7796 31.2277
35.7798 31.1993
35.7801 31.2994
35.7803 31.2619
35.7806 31.2292
35.7808 31.2005
35.781 31.3005
35.7814 31.2629
35.7842 31.355
35.786 31.3107
35.7865 31.2718
35.7872 31.3629
35.7931 31.4425
35.7943 31.5122
35.7949 31.4482
35.7992 31.5171
35.7994 31.4525
35.7997 31.3959
35.7999 31.3464
35.8002 31.4281
35.8004 31.3746
35.8006 31.3278
35.8009 31.2868
35.8011 31.376
35.8014 31.454
35.8016 31.3972
35.8018 31.3476
35.8021 31.4291
35.8023 31.5005
35.8026 31.4379
35.8028 31.3832
35.803 31.4603
35.8033 31.5277
35.8035 31.4618
35.8038 31.4041
35.804 31.3535
35.8042 31.4344
35.8045 31.5051
35.8047 31.4419
35.805 31.3867
35.8052 31.4633
35.8054 31.5304
35.8057 31.4641
35.8059 31.4061
35.8062 31.4803
35.8064 31.5453
35.8066 31.4771
35.8069 31.4175
35.8071 31.4903
35.8074 31.554
35.8076 31.6098
35.8078 31.5335
35.8081 31.5919
35.8083 31.6429
35.8086 31.6875
35.8088 31.6016
35.809 31.6514
35.8093 31.695
35.8095 31.7331
35.8098 31.6414
35.81 31.6863
35.8102 31.7255
35.8105 31.7598
35.8107 31.6648
35.811 31.5817
35.8112 31.634
35.8114 31.6798
35.8117 31.5948
35.8119 31.5204
35.8122 31.5804
35.8124 31.6328
35.8129 31.5537
35.8155 31.8595
35.8173 32.0021
35.8178 32.0018
35.8185 32.0016
35.8244 32.6264
35.8256 32.5481
35.8262 32.4796
35.8307 32.9196
35.8309 32.6797
35.8312 32.5947
35.8314 32.5204
35.8316 32.4553
35.8319 32.2734
35.8321 32.2392
35.8324 32.2093
35.8326 32.1832
35.8328 32.0353
35.8331 32.0309
35.8333 32.027
35.8336 32.0236
35.8338 31.8957
35.834 31.9087
35.8343 31.9201
35.8345 31.9301
35.8348 31.8138
35.835 31.7121
35.8352 31.7481
35.8355 31.7796
35.8357 31.8071
35.836 31.7062
35.8362 31.743
35.8364 31.7751
35.8367 31.8032
35.8369 31.7028
35.8372 31.74
35.8374 31.7725
35.8376 31.8009
35.8379 31.7008
35.8381 31.7382
35.8384 31.7709
35.8386 31.7995
35.8388 31.6996
35.8391 31.7372
35.8393 31.77
35.8396 31.7988
35.8398 31.6989
35.84 31.7365
35.8403 31.7695
35.8405 31.7983
35.8408 31.6985
35.841 31.7362
35.8412 31.7692
35.8415 31.798
35.8417 31.6983
35.842 31.611
35.8422 31.6596
35.8424 31.7022
35.8427 31.7394
35.8429 31.647
35.8432 31.6911
35.8434 31.7297
35.8436 31.7635
35.8439 31.6681
35.8443 31.7095
35.8469 31.9959
35.8487 32.1214
35.8492 32.1062
35.8499 32.0929
35.8558 32.7063
35.857 32.618
35.8577 32.5408
35.8622 32.9732
35.8625 32.8515
35.8628 32.7451
35.863 32.5269
35.8632 32.4611
35.8635 32.4034
35.8637 32.353
35.864 32.1839
35.8642 32.1609
35.8644 32.1408
35.8647 32.1232
35.8649 31.9828
35.8652 31.9849
35.8654 31.9868
35.8656 31.9885
35.8659 31.8649
35.8661 31.8818
35.8664 31.8966
35.8666 31.9095
35.8668 31.9208
35.8671 31.9307
35.8673 31.9394
35.8676 31.9469
35.8678 31.9536
35.868 31.9594
35.8683 31.9645
35.8685 31.9689
35.8688 31.9728
35.869 31.9762
35.8692 31.9792
35.8695 31.9818
35.8697 31.984
35.87 31.861
35.8702 31.8784
35.8704 31.8936
35.8707 31.9069
35.8709 31.7935
35.8712 31.8194
35.8714 31.8419
35.8716 31.8617
35.8719 31.754
35.8721 31.7847
35.8724 31.8116
35.8726 31.8352
35.8728 31.7308
35.8731 31.7644
35.8733 31.7939
35.8736 31.8196
35.8738 31.8422
35.874 31.8619
35.8743 31.8792
35.8745 31.8943
35.8748 31.9075
35.875 31.9191
35.8753 31.9292
35.8755 31.938
35.8757 31.9458
35.8761 31.9526
35.8787 31.9585
35.8805 31.9637
35.881 31.9682
35.8817 31.9722
35.8876 31.9757
35.8888 31.9787
35.8896 31.9814
35.894 31.8587
35.8942 31.8764
35.8945 31.8918
35.8947 31.9053
35.895 31.7922
35.8952 31.8181
35.8954 31.8409
35.8957 31.8608
35.8959 31.7532
35.8962 31.784
35.8964 31.811
35.8966 31.8346
35.8969 31.7303
35.8971 31.764
35.8974 31.7935
35.8976 31.8193
35.8978 31.7169
35.8981 31.7523
35.8983 31.7833
35.8986 31.8104
35.8988 31.7091
35.899 31.7454
35.8993 31.7772
35.8995 31.8051
35.8998 31.7045
35.9 31.7414
35.9002 31.7737
35.9005 31.802
35.9007 31.7018
35.901 31.614
35.9012 31.6623
35.9014 31.7045
35.9017 31.7414
35.9019 31.6488
35.9022 31.6927
35.9024 31.7311
35.9026 31.7647
35.9029 31.6691
35.9031 31.7105
35.9034 31.7467
35.9036 31.7783
35.9038 31.681
35.9041 31.7209
35.9043 31.7558
35.9046 31.7863
35.9048 31.688
35.9051 31.727
35.9053 31.7611
35.9055 31.791
35.9058 31.6921
35.906 31.7306
35.9063 31.7643
35.9065 31.7937
35.9067 31.6945
35.907 31.6077
35.9072 31.6567
35.9075 31.6997
35.9079 31.6122
35.9106 31.6607
35.9124 31.7031
35.9129 31.6152
35.9136 31.6633
35.9195 31.7054
35.9207 31.7422
35.9214 31.7744
35.9258 31.8026
35.9261 31.8273
35.9263 31.8489
35.9266 31.8678
35.9268 31.8843
35.927 31.8988
35.9273 31.9114
35.9275 31.9225
35.9278 31.9322
35.928 31.9407
35.9282 31.9481
35.9285 31.9546
35.9287 31.9602
35.929 31.8402
35.9292 31.8602
35.9294 31.8777
35.9297 31.893
35.9299 31.7813
35.9302 31.8087
35.9304 31.8326
35.9306 31.8535
35.9309 31.7468
35.9311 31.7785
35.9314 31.8062
35.9316 31.8304
35.9318 31.7266
35.9321 31.7608
35.9323 31.7907
35.9326 31.8168
35.9328 31.8397
35.933 31.9848
35.9333 31.9867
35.9335 31.9883
35.9338 31.9898
35.934 32.1161
35.9342 32.1016
35.9345 32.0889
35.9347 32.0778
35.935 32.068
35.9352 32.0595
35.9355 32.0521
35.9357 32.0456
35.9359 32.0399
35.9362 32.0349
35.9364 32.0305
35.9367 32.0267
35.9369 32.0234
35.9371 32.0205
35.9374 32.0179
35.9376 32.0157
35.9379 32.0137
35.9381 32.012
35.9383 32.0105
35.9386 32.0092
35.9388 32.008
35.9391 32.132
35.9394 32.1155
35.9398 32.1011
35.9424 32.4634
35.9442 32.6555
35.9447 32.5736
35.9454 32.6269
35.9513 33.2985
35.9525 33.2612
35.9532 33.2286
35.9578 33.575
35.958 33.5031
35.9583 33.3152
35.9585 33.1508
35.9588 33.007
35.959 33.0061
35.9592 32.8803
35.9595 32.7703
35.9597 32.674
35.96 32.5898
35.9602 32.516
35.9604 32.4515
35.9607 32.3951
35.9609 32.3457
35.9612 32.4275
35.9614 32.3741
35.9616 32.3273
35.9619 32.2864
35.9621 32.3756
35.9624 32.3286
35.9626 32.2876
35.9628 32.2516
35.9631 32.3452
35.9633 32.302
35.9636 32.2643
35.9638 32.2312
35.964 32.3273
35.9643 32.2864
35.9645 32.2506
35.9648 32.2193
35.965 32.3169
35.9653 32.2773
35.9655 32.2426
35.9657 32.2123
35.966 32.1857
35.9662 32.1625
35.9665 32.1422
35.9667 32.1244
35.9669 32.1089
35.9672 32.2203
35.9674 32.1927
35.9677 32.1686
35.9679 32.1476
35.9681 32.2541
35.9684 32.2223
35.9686 32.1946
35.9689 32.1702
35.9691 32.274
35.9693 32.2397
35.9696 32.2097
35.9698 32.1835
35.9701 32.2856
35.9703 32.2499
35.9705 32.2187
35.9708 32.1913
35.971 32.2924
35.9713 32.2559
35.9717 32.2239
35.9743 32.5709
35.9761 32.7495
35.9765 32.6558
35.9773 32.6989
35.9832 33.3615
35.9844 33.3163
35.9851 33.2768
35.9896 33.6172
35.9901 33.54
35.9904 33.3475
35.9906 33.1791
35.9908 33.0317
35.9911 33.0277
35.9913 32.8993
35.9916 32.7869
35.9918 32.6885
35.992 32.7274
35.9923 32.7615
35.9925 32.6663
35.9928 32.583
35.993 32.6351
35.9932 32.6808
35.9935 32.5957
35.9937 32.5212
35.994 32.4561
35.9942 32.524
35.9945 32.4585
35.9947 32.4012
35.9949 32.3511
35.9952 32.4322
35.9954 32.3782
35.9957 32.3309
35.9959 32.2895
35.9961 32.3783
35.9964 32.331
35.9966 32.2897
35.9969 32.2535
35.9971 32.3468
35.9973 32.3034
35.9976 32.2655
35.9978 32.2323
35.9981 32.3283
35.9983 32.4122
35.9985 32.3607
35.9988 32.3156
35.999 32.4012
35.9993 32.476
35.9995 32.4165
35.9997 32.3645
36 32.3189
36.0002 32.404
36.0005 32.3535
36.0007 32.3093
36.0009 32.2707
36.0012 32.3618
36.0014 32.3166
36.0017 32.277
36.0019 32.2424
36.0021 32.3371
36.0024 32.295
36.0026 32.2581
36.0029 32.2258
36.0031 32.3226
36.0033 32.2823
36.0036 32.247
36.0041 32.3411
36.0066 32.2985
36.0084 32.2612
36.0089 32.2285
36.0096 32.2
36.0155 32.175
36.0167 32.1531
36.0174 32.134
36.022 32.1172
36.0223 32.1026
36.0226 32.0897
36.0228 32.0785
36.023 32.1937
36.0233 32.1695
36.0235 32.1483
36.0238 32.1298
36.024 32.2385
36.0242 32.2087
36.0245 32.1826
36.0247 32.1598
36.025 32.1398
36.0252 32.1224
36.0255 32.1071
36.0257 32.0937
36.0259 32.082
36.0262 32.1967
36.0264 32.1721
36.0267 32.1506
36.0269 32.1318
36.0271 32.2403
36.0274 32.2103
36.0276 32.184
36.0279 32.161
36.0281 32.2659
36.0283 32.2326
36.0286 32.2036
36.0288 32.1781
36.0291 32.2808
36.0293 32.2457
36.0295 32.215
36.0298 32.1881
36.03 32.2896
36.0303 32.2534
36.0305 32.2217
36.0307 32.194
36.031 32.1698
36.0312 32.1485
36.0315 32.13
36.0317 32.1137
36.0319 32.0995
36.0322 32.2121
36.0324 32.1856
36.0327 32.1624
36.0329 32.1421
36.0331 32.2493
36.0334 32.2181
36.0336 32.1909
36.0339 32.167
36.0341 32.2711
36.0343 32.2372
36.0346 32.2076
36.0348 32.1816
36.0351 32.2839
36.0353 32.2484
36.0355 32.2174
36.0359 32.1902
36.0364 32.1664
36.0389 32.1456
36.0407 32.1274
36.0412 32.2365
36.0419 32.2069
36.0478 32.1811
36.049 32.2834
36.0497 32.248
36.0543 32.342
36.0545 32.2993
36.0548 32.2618
36.055 32.3541
36.0553 32.3099
36.0555 32.2711
36.0557 32.2372
36.056 32.2076
36.0562 32.1816
36.0565 32.1589
36.0567 32.1391
36.0569 32.1217
36.0572 32.2315
36.0574 32.2025
36.0577 32.1772
36.0579 32.1551
36.0581 32.2607
36.0584 32.2281
36.0586 32.1996
36.0589 32.1746
36.0591 32.2778
36.0593 32.2431
36.0596 32.2127
36.0598 32.1861
36.0601 32.2878
36.0603 32.2519
36.0605 32.2204
36.0608 32.1928
36.061 32.2937
36.0613 32.257
36.0615 32.2249
36.0617 32.1968
36.062 32.1722
36.0622 32.1507
36.0625 32.1318
36.0627 32.1153
36.0629 32.1009
36.0632 32.2133
36.0634 32.1866
36.0637 32.1633
36.0639 32.1429
36.0641 32.25
36.0644 32.2188
36.0646 32.1914
36.0649 32.1675
36.0651 32.2716
36.0653 32.2376
36.0656 32.2079
36.0658 32.1819
36.0661 32.2842
36.0663 32.3737
36.0665 32.327
36.0668 32.2861
36.067 32.3753
36.0673 32.4534
36.0675 32.3967
36.0677 32.3471
36.0682 32.4287
36.0686 32.5002
36.0712 32.8126
36.073 33.0861
36.0735 33.0753
36.0742 33.0659
36.0801 33.8076
36.0813 33.8317
36.082 33.7277
36.0866 34.1368
36.0869 33.8697
36.0871 33.761
36.0873 33.6658
36.0876 33.4576
36.0878 33.2754
36.0881 33.241
36.0883 33.2109
36.0885 33.1845
36.0888 33.0364
36.089 33.0319
36.0893 33.0279
36.0895 33.0244
36.0897 32.8964
36.09 32.7843
36.0902 32.8113
36.0905 32.8349
36.0907 32.7305
36.0909 32.6392
36.0912 32.6843
36.0914 32.7238
36.0917 32.6333
36.0919 32.5541
36.0921 32.6099
36.0924 32.6586
36.0926 32.5763
36.0929 32.5043
36.0931 32.5662
36.0933 32.6204
36.0936 32.5429
36.0938 32.475
36.0941 32.5406
36.0943 32.5981
36.0945 32.6483
36.0948 32.5673
36.095 32.6214
36.0953 32.6687
36.0955 32.7101
36.0957 32.6213
36.096 32.5437
36.0962 32.6007
36.0965 32.6506
36.0967 32.5693
36.0969 32.4981
36.0972 32.5609
36.0974 32.6158
36.0977 32.5388
36.0979 32.4714
36.0981 32.5375
36.0984 32.5953
36.0986 32.5209
36.0989 32.4558
36.0991 32.5238
36.0993 32.5833
36.0996 32.5104
36.0998 32.4466
36.1001 32.5158
36.1006 32.5763
36.1009 32.5043
36.1036 32.8162
36.1054 32.9642
36.1058 32.8437
36.1066 32.8632
36.1124 33.5053
36.1136 33.4422
36.1144 33.3869
36.1189 33.7135
36.1193 33.6243
36.1195 33.5463
36.1198 33.353
36.12 33.3089
36.1203 33.2703
36.1205 33.2365
36.1207 33.0819
36.121 32.9467
36.1212 32.9533
36.1215 32.9592
36.1217 32.8393
36.1219 32.7344
36.1222 32.7676
36.1224 32.7966
36.1227 32.822
36.1229 32.7193
36.1231 32.7544
36.1234 32.7851
36.1236 32.8119
36.1239 32.7105
36.1241 32.7466
36.1243 32.7783
36.1246 32.806
36.1248 32.7053
36.1251 32.7421
36.1253 32.7743
36.1255 32.8026
36.1258 32.7022
36.126 32.7395
36.1263 32.772
36.1265 32.8005
36.1267 32.7005
36.127 32.6129
36.1272 32.6613
36.1275 32.7036
36.1277 32.6157
36.1279 32.5387
36.1282 32.5964
36.1284 32.6468
36.1287 32.691
36.1289 32.6046
36.1291 32.654
36.1294 32.6973
36.1296 32.7351
36.1299 32.6432
36.1301 32.6878
36.1304 32.7268
36.1306 32.761
36.1308 32.6659
36.1311 32.7076
36.1313 32.7442
36.1316 32.7762
36.1318 32.6791
36.132 32.7192
36.1323 32.7543
36.1325 32.785
36.1329 32.6869
36.1332 32.726
36.1359 33.0103
36.1377 33.134
36.1382 33.1173
36.1386 33.1026
36.1394 33.0898
36.1453 33.0785
36.1465 33.0687
36.1472 33.0601
36.1517 33.0526
36.1521 33.046
36.1523 33.0403
36.1526 33.0353
36.1528 32.9058
36.1531 32.9176
36.1533 32.9279
36.1535 32.9369
36.1538 32.9448
36.154 32.9517
36.1543 32.9577
36.1545 32.963
36.1547 32.9676
36.155 32.8467
36.1552 32.8659
36.1555 32.8826
36.1557 32.8973
36.1559 32.7851
36.1562 32.812
36.1564 32.8355
36.1567 32.8561
36.1569 32.749
36.1571 32.7804
36.1574 32.8079
36.1576 32.8319
36.1579 32.7279
36.1581 32.7619
36.1583 32.7917
36.1586 32.8177
36.1588 32.7155
36.1591 32.7511
36.1593 32.7822
36.1595 32.8094
36.1598 32.8332
36.16 32.8541
36.1603 32.8723
36.1605 32.8883
36.1608 32.9022
36.161 32.7895
36.1612 32.8158
36.1615 32.8388
36.1617 32.859
36.162 32.7516
36.1622 32.7826
36.1624 32.8098
36.1627 32.8336
36.1629 32.7294
36.1632 32.7632
36.1634 32.7928
36.1636 32.8187
36.1639 32.7164
36.1641 32.7518
36.1644 32.7828
36.1646 32.81
36.1648 32.7087
36.1651 32.7451
36.1653 32.777
36.1657 32.8049
36.166 32.8293
36.1687 32.8506
36.1705 32.8693
36.171 32.7606
36.1714 32.7905
36.1722 32.8167
36.1781 32.8396
36.1793 32.8597
36.18 32.7522
36.1845 32.7832
36.1848 32.6853
36.185 32.7246
36.1853 32.759
36.1855 32.7892
36.1857 32.6905
36.186 32.6042
36.1862 32.6537
36.1865 32.697
36.1867 32.6098
36.1869 32.5336
36.1872 32.5919
36.1874 32.6429
36.1877 32.6876
36.1879 32.6016
36.1881 32.6514
36.1884 32.695
36.1886 32.7331
36.1889 32.6415
36.1891 32.6863
36.1893 32.7255
36.1896 32.7598
36.1898 32.6648
36.1901 32.7067
36.1903 32.7434
36.1906 32.7755
36.1908 32.6785
36.191 32.7187
36.1913 32.7539
36.1915 32.7846
36.1918 32.6866
36.192 32.6007
36.1922 32.6506
36.1925 32.6943
36.1927 32.6075
36.193 32.5316
36.1932 32.5901
36.1934 32.6414
36.1937 32.6862
36.1939 32.6004
36.1942 32.6504
36.1944 32.6941
36.1946 32.7323
36.1949 32.6408
36.1951 32.6857
36.1954 32.725
36.1956 32.7593
36.1958 32.6644
36.1961 32.7064
36.1963 32.7431
36.1966 32.7752
36.1968 32.6783
36.197 32.7185
36.1973 32.7537
36.1975 32.7845
36.1978 32.6864
36.198 32.7256
36.1985 32.7599
36.1988 32.6649
36.2015 32.7068
36.2033 32.7435
36.2038 32.7755
36.2042 32.8036
36.205 32.7031
36.211 32.6152
36.2122 32.6633
36.2129 32.7054
36.2173 32.7422
36.2176 32.7745
36.2178 32.6777
36.2181 32.7179
36.2183 32.7532
36.2185 32.7841
36.2188 32.811
36.219 32.9597
36.2193 32.9647
36.2195 32.9691
36.2198 32.973
36.22 32.9764
36.2202 32.9793
36.2205 32.9819
36.2207 32.9842
36.221 32.9861
36.2212 32.9879
36.2214 32.9894
36.2217 32.9907
36.2219 32.9919
36.2222 32.9929
36.2224 32.9938
36.2226 32.9946
36.2229 32.9952
36.2231 32.9958
36.2234 32.9963
36.2236 32.9968
36.2238 32.9972
36.2241 32.9976
36.2243 32.9979
36.2246 32.9981
36.2248 32.9984
36.225 33.1236
36.2253 33.1081
36.2255 33.0946
36.2258 33.0828
36.226 33.0724
36.2262 33.0634
36.2265 33.0555
36.2267 33.0485
36.227 33.0425
36.2272 33.0371
36.2274 33.0325
36.2277 33.0284
36.2279 33.0249
36.2282 33.0218
36.2284 33.0191
36.2286 33.0167
36.2289 33.0146
36.2291 33.0128
36.2294 33.0112
36.2296 33.0098
36.2298 33.0085
36.2301 33.0075
36.2303 33.0065
36.2306 33.0057
36.2309 33.005
36.2313 33.0044
36.2316 33.0038
36.2343 33.3784
36.2361 33.5811
36.2366 33.5084
36.2371 33.5699
36.2378 33.4986
36.2438 34.1863
36.245 34.163
36.2457 34.0176
36.2503 34.5154
36.2505 34.326
36.2508 34.1603
36.251 34.0152
36.2512 33.8883
36.2515 33.7773
36.2517 33.6801
36.252 33.5951
36.2522 33.5207
36.2524 33.4556
36.2527 33.3987
36.2529 33.3488
36.2532 33.4302
36.2534 33.3765
36.2536 33.3294
36.2539 33.2882
36.2541 33.3772
36.2544 33.33
36.2546 33.2888
36.2548 33.2527
36.2551 33.3461
36.2553 33.3028
36.2556 33.265
36.2558 33.2319
36.256 33.3279
36.2563 33.2869
36.2565 33.251
36.2568 33.2197
36.257 33.1922
36.2572 33.1682
36.2575 33.1471
36.2577 33.1288
36.258 33.1127
36.2582 33.0986
36.2584 33.0863
36.2587 33.0755
36.2589 33.066
36.2592 33.1828
36.2594 33.1599
36.2596 33.1399
36.2599 33.1225
36.2601 33.2321
36.2604 33.2031
36.2606 33.1777
36.2608 33.1555
36.2611 33.2611
36.2613 33.2284
36.2616 33.1999
36.2618 33.1749
36.262 33.278
36.2623 33.2433
36.2625 33.2129
36.2628 33.1863
36.263 33.288
36.2632 33.252
36.2635 33.2205
36.2637 33.1929
36.2642 33.2938
36.2644 33.2571
36.2671 33.5999
36.2689 33.65
36.2694 33.5687
36.2699 33.4976
36.2706 33.4354
36.2766 34.131
36.2779 34.1146
36.2786 34.1003
36.2832 34.5878
36.2836 34.3893
36.2838 34.2156
36.284 34.1887
36.2843 34.1651
36.2845 34.0194
36.2848 33.892
36.285 33.7805
36.2852 33.8079
36.2855 33.707
36.2857 33.6186
36.286 33.5413
36.2862 33.5986
36.2864 33.5238
36.2867 33.4583
36.2869 33.401
36.2872 33.4759
36.2874 33.4164
36.2876 33.3644
36.2879 33.3188
36.2881 33.404
36.2884 33.3535
36.2886 33.3093
36.2888 33.2706
36.2891 33.3618
36.2893 33.3166
36.2896 33.277
36.2898 33.2424
36.29 33.3371
36.2903 33.4199
36.2905 33.3674
36.2908 33.3215
36.291 33.4063
36.2912 33.4805
36.2915 33.4205
36.2917 33.3679
36.292 33.3219
36.2922 33.4067
36.2924 33.3558
36.2927 33.3114
36.2929 33.2724
36.2932 33.3634
36.2934 33.318
36.2936 33.2782
36.2939 33.2434
36.2941 33.338
36.2944 33.2958
36.2946 33.2588
36.2949 33.2264
36.2951 33.3231
36.2953 33.2827
36.2956 33.2474
36.2958 33.2165
36.2961 33.3144
36.2963 33.2751
36.2965 33.2407
36.2968 33.2106
36.297 33.3093
36.2975 33.2706
36.2977 33.2368
36.3004 33.2072
36.3022 33.3063
36.3027 33.268
36.3031 33.3595
36.3039 33.3146
36.3099 33.2753
36.3112 33.3658
36.3119 33.3201
36.3165 33.2801
36.3167 33.2451
36.317 33.2144
36.3172 33.1876
36.3174 33.1642
36.3177 33.1437
36.3179 33.1257
36.3182 33.235
36.3184 33.2056
36.3186 33.1799
36.3189 33.1574
36.3191 33.2627
36.3194 33.2299
36.3196 33.2012
36.3198 33.176
36.3201 33.279
36.3203 33.2441
36.3206 33.2136
36.3208 33.1869
36.321 33.2886
36.3213 33.2525
36.3215 33.2209
36.3218 33.1933
36.322 33.2941
36.3222 33.2574
36.3225 33.2252
36.3227 33.1971
36.323 33.1724
36.3232 33.1509
36.3234 33.132
36.3237 33.1155
36.3239 33.1011
36.3242 33.0884
36.3244 33.0774
36.3246 33.0677
36.3249 33.0592
36.3251 33.1768
36.3254 33.1547
36.3256 33.1354
36.3259 33.1185
36.3261 33.2287
36.3263 33.2001
36.3266 33.1751
36.3268 33.1532
36.3271 33.259
36.3273 33.2267
36.3275 33.1983
36.3278 33.1735
36.328 33.2768
36.3283 33.2422
36.3285 33.212
36.3287 33.1855
36.329 33.1623
36.3292 33.142
36.3295 33.1242
36.3297 33.1087
36.3299 33.0951
36.3303 33.0832
36.3307 33.0728
36.331 33.1887
36.3337 33.1651
36.3355 33.1445
36.3359 33.1264
36.3364 33.1106
36.3371 33.2218
36.3433 33.3191
36.3446 33.2792
36.3453 33.3693
36.3498 33.3231
36.35 33.4077
36.3502 33.4818
36.3505 33.4215
36.3507 33.3689
36.351 33.3227
36.3512 33.4074
36.3514 33.3565
36.3517 33.3119
36.3519 33.2729
36.3522 33.3638
36.3524 33.3183
36.3526 33.2785
36.3529 33.2437
36.3531 33.3383
36.3534 33.296
36.3536 33.259
36.3538 33.2266
36.3541 33.3233
36.3543 33.2829
36.3546 33.2475
36.3548 33.2166
36.3551 33.3145
36.3553 33.2752
36.3555 33.2408
36.3558 33.2107
36.356 33.3094
36.3563 33.3957
36.3565 33.4712
36.3567 33.4123
36.357 33.3608
36.3572 33.4407
36.3575 33.5106
36.3577 33.4468
36.3579 33.3909
36.3582 33.4671
36.3584 33.5337
36.3587 33.467
36.3589 33.4086
36.3591 33.4825
36.3594 33.5472
36.3596 33.4788
36.3599 33.419
36.3601 33.4916
36.3603 33.5551
36.3606 33.4857
36.3608 33.425
36.3611 33.4969
36.3613 33.5598
36.3615 33.4898
36.3618 33.4286
36.362 33.5
36.3623 33.5625
36.3625 33.6172
36.3627 33.54
36.363 33.4725
36.3632 33.5385
36.3637 33.5962
36.3639 33.5216
36.3643 33.5814
36.3669 33.7588
36.3687 33.9139
36.3692 33.9247
36.3697 33.9341
36.3704 33.9423
36.3766 34.5745
36.3779 34.5027
36.3786 34.4399
36.3832 34.8849
36.3834 34.7743
36.3836 34.5525
36.3839 34.3584
36.3841 34.3136
36.3844 34.2744
36.3846 34.2401
36.3848 34.0851
36.3851 34.0745
36.3853 34.0652
36.3856 34.057
36.3858 33.9249
36.3861 33.9343
36.3863 33.9425
36.3865 33.9497
36.3868 33.831
36.387 33.8521
36.3873 33.8706
36.3875 33.8868
36.3877 33.7759
36.388 33.6789
36.3882 33.7191
36.3885 33.7542
36.3887 33.6599
36.3889 33.5774
36.3892 33.6302
36.3894 33.6765
36.3897 33.5919
36.3899 33.5179
36.3901 33.5782
36.3904 33.6309
36.3906 33.677
36.3909 33.5924
36.3911 33.6434
36.3913 33.6879
36.3916 33.7269
36.3918 33.6361
36.3921 33.6816
36.3923 33.7214
36.3925 33.7562
36.3928 33.6617
36.393 33.704
36.3933 33.741
36.3935 33.7733
36.3937 33.6767
36.394 33.5921
36.3942 33.6431
36.3945 33.6877
36.3947 33.6017
36.3949 33.5265
36.3952 33.5857
36.3954 33.6375
36.3957 33.5578
36.3959 33.4881
36.3961 33.5521
36.3964 33.6081
36.3966 33.657
36.397 33.5749
36.3973 33.6281
36.3976 33.6745
36.4002 33.9652
36.402 34.2196
36.4025 34.1921
36.403 34.0431
36.4037 34.0377
36.4098 34.658
36.4113 34.7008
36.412 34.7382
36.4166 35.1459
36.4169 34.8777
36.4172 34.7679
36.4174 34.672
36.4177 34.588
36.4179 34.3895
36.4181 34.3408
36.4184 34.2982
36.4186 34.2609
36.4189 34.1033
36.4191 34.0904
36.4193 34.0791
36.4196 34.0692
36.4198 33.9355
36.4201 33.9436
36.4203 33.9507
36.4205 33.9568
36.4208 33.8372
36.421 33.8576
36.4213 33.8754
36.4215 33.8909
36.4217 33.9046
36.422 33.7915
36.4222 33.8176
36.4225 33.8404
36.4227 33.8603
36.4229 33.7528
36.4232 33.7837
36.4234 33.8107
36.4237 33.8344
36.4239 33.7301
36.4241 33.7638
36.4244 33.7933
36.4246 33.8192
36.4249 33.7168
36.4251 33.7522
36.4253 33.7832
36.4256 33.8103
36.4258 33.709
36.4261 33.7454
36.4263 33.7772
36.4265 33.805
36.4268 33.7044
36.427 33.7414
36.4273 33.7737
36.4275 33.802
36.4277 33.8267
36.428 33.7234
36.4282 33.758
36.4285 33.7882
36.4287 33.8147
36.4289 33.7129
36.4292 33.7487
36.4294 33.7802
36.4297 33.8076
36.4299 33.7067
36.4302 33.7433
36.4304 33.7754
36.4308 33.8035
36.4311 33.8281
36.4314 33.8496
36.434 33.7434
36.4358 33.6504
36.4363 33.6941
36.4368 33.7324
36.4375 33.7658
36.4436 33.7951
36.4451 33.8207
36.4458 33.7181
36.4503 33.7534
36.4506 33.7842
36.4508 33.6862
36.4511 33.7254
36.4513 33.7597
36.4515 33.7897
36.4518 33.691
36.452 33.7297
36.4523 33.7634
36.4525 33.793
36.4527 33.6939
36.453 33.6072
36.4532 33.6563
36.4535 33.6992
36.4537 33.6118
36.4539 33.5353
36.4542 33.5934
36.4544 33.6442
36.4547 33.5637
36.4549 33.4933
36.4551 33.5566
36.4554 33.612
36.4556 33.6605
36.4559 33.578
36.4561 33.6307
36.4563 33.6769
36.4566 33.7173
36.4568 33.6276
36.4571 33.6741
36.4573 33.7149
36.4575 33.7505
36.4578 33.6567
36.458 33.6996
36.4583 33.7372
36.4585 33.77
36.4587 33.6738
36.459 33.5895
36.4592 33.6409
36.4595 33.6857
36.4597 33.6
36.4599 33.525
36.4602 33.5844
36.4604 33.6363
36.4607 33.5568
36.4609 33.4872
36.4612 33.5513
36.4614 33.6074
36.4616 33.6565
36.4619 33.5744
36.4621 33.6276
36.4624 33.6742
36.4626 33.7149
36.4628 33.6255
36.4631 33.6723
36.4633 33.7133
36.4636 33.7491
36.4638 33.6555
36.464 33.6985
36.4645 33.7362
36.4648 33.6442
36.4651 33.6887
36.4678 33.7276
36.4696 33.7616
36.47 33.7914
36.4705 33.8175
36.4712 33.8403
36.4775 33.8603
36.4789 33.7527
36.4797 33.7836
36.4841 33.8107
36.4843 33.8344
36.4846 33.8551
36.4848 33.7482
36.4851 33.7797
36.4853 33.8072
36.4855 33.8313
36.4858 33.7274
36.486 33.7615
36.4863 33.7913
36.4865 33.8174
36.4867 33.8402
36.487 33.7352
36.4872 33.7683
36.4875 33.7972
36.4877 33.8226
36.4879 33.7198
36.4882 33.7548
36.4884 33.7854
36.4887 33.8123
36.4889 33.7107
36.4891 33.7469
36.4894 33.7785
36.4896 33.8062
36.4899 33.7054
36.4901 33.7423
36.4904 33.7745
36.4906 33.8027
36.4908 33.7023
36.4911 33.7395
36.4913 33.7721
36.4916 33.8006
36.4918 33.7005
36.492 33.7379
36.4923 33.7707
36.4925 33.7994
36.4928 33.8244
36.493 33.7214
36.4932 33.7562
36.4935 33.7867
36.4937 33.8133
36.494 33.7117
36.4942 33.7477
36.4944 33.7793
36.4947 33.8068
36.4949 33.831
36.4952 33.8521
36.4954 33.8706
36.4956 33.8868
36.4959 33.9009
36.4961 33.9133
36.4964 33.9241
36.4966 33.9336
36.4968 33.9419
36.4971 33.9492
36.4973 33.9555
36.4976 33.9611
36.4979 33.966
36.4983 33.9702
36.4985 33.9739
36.4989 33.9772
36.5015 34.23
36.5033 34.4513
36.5038 34.3949
36.5043 34.3455
36.505 34.4273
36.5113 35.1239
36.5127 35.1084
36.5134 35.0949
36.518 35.458
36.5182 35.2758
36.5185 35.1163
36.5187 34.9768
36.5189 34.8547
36.5192 34.7478
36.5194 34.6543
36.5197 34.5726
36.5199 34.501
36.5202 34.4384
36.5204 34.3836
36.5206 34.3356
36.5209 34.2937
36.5211 34.382
36.5214 34.3342
36.5216 34.2924
36.5218 34.2559
36.5221 34.3489
36.5223 34.3053
36.5226 34.2671
36.5228 34.2337
36.523 34.3295
36.5233 34.2883
36.5235 34.2523
36.5238 34.2207
36.524 34.1932
36.5242 34.169
36.5245 34.1479
36.5247 34.1294
36.525 34.1132
36.5252 34.0991
36.5254 34.0867
36.5257 34.0758
36.5259 34.0664
36.5262 34.0581
36.5264 34.0508
36.5266 34.0445
36.5269 34.0389
36.5271 34.159
36.5274 34.1392
36.5276 34.1218
36.5278 34.1065
36.5281 34.2182
36.5283 34.1909
36.5286 34.1671
36.5288 34.1462
36.529 34.2529
36.5293 34.2213
36.5295 34.1936
36.5298 34.1694
36.53 34.2733
36.5302 34.2391
36.5305 34.2092
36.5307 34.1831
36.531 34.1602
36.5312 34.1402
36.5314 34.1226
36.5317 34.1073
36.5322 34.2189
36.5324 34.1915
36.5326 34.1676
36.5353 34.5216
36.5371 34.7064
36.5376 34.6181
36.5381 34.6659
36.5388 34.5826
36.545 35.2598
36.5466 35.2273
36.5473 35.1989
36.5519 35.549
36.5522 35.4804
36.5525 35.2954
36.5527 35.1334
36.553 34.9918
36.5532 34.9928
36.5534 34.8687
36.5537 34.7601
36.5539 34.6651
36.5542 34.707
36.5544 34.6186
36.5546 34.5413
36.5549 34.4736
36.5551 34.5394
36.5554 34.472
36.5556 34.413
36.5558 34.3614
36.5561 34.4412
36.5563 34.386
36.5566 34.3378
36.5568 34.2956
36.557 34.3836
36.5573 34.3357
36.5575 34.2937
36.5578 34.257
36.558 34.3499
36.5582 34.4311
36.5585 34.3772
36.5587 34.3301
36.559 34.2888
36.5592 34.3777
36.5594 34.3305
36.5597 34.2892
36.5599 34.253
36.5602 34.3464
36.5604 34.3031
36.5606 34.2652
36.5609 34.2321
36.5611 34.3281
36.5614 34.2871
36.5616 34.2512
36.5618 34.2198
36.5621 34.3173
36.5623 34.2776
36.5626 34.2429
36.5628 34.2126
36.563 34.311
36.5633 34.2721
36.5635 34.2381
36.5638 34.2083
36.564 34.3073
36.5642 34.2689
36.5645 34.2353
36.5647 34.2059
36.565 34.1801
36.5652 34.2826
36.5655 34.2473
36.5657 34.2164
36.5659 34.1893
36.5664 34.1657
36.5667 34.145
36.5669 34.1268
36.5695 34.111
36.5713 34.0971
36.5718 34.085
36.5723 34.0743
36.573 34.1901
36.5793 34.1663
36.5808 34.1455
36.5816 34.1273
36.5861 34.2364
36.5864 34.2069
36.5866 34.181
36.5868 34.1584
36.5871 34.2636
36.5873 34.2306
36.5876 34.2018
36.5878 34.1766
36.588 34.2795
36.5883 34.2446
36.5885 34.214
36.5888 34.1872
36.589 34.2888
36.5892 34.2527
36.5895 34.2211
36.5897 34.1935
36.59 34.1693
36.5902 34.1481
36.5904 34.1296
36.5907 34.1134
36.5909 34.0992
36.5912 34.0868
36.5914 34.076
36.5916 34.0665
36.5919 34.0582
36.5921 34.0509
36.5924 34.0445
36.5926 34.039
36.5928 34.0341
36.5931 34.1548
36.5933 34.1355
36.5936 34.1185
36.5938 34.1037
36.594 34.2158
36.5943 34.1888
36.5945 34.1652
36.5948 34.1445
36.595 34.2515
36.5953 34.22
36.5955 34.1925
36.5957 34.1685
36.596 34.1474
36.5962 34.129
36.5965 34.1129
36.5967 34.0988
36.5969 34.0864
36.5972 34.0756
36.5974 34.0662
36.5977 34.0579
36.5979 34.0506
36.5981 34.0443
36.5984 34.0388
36.5986 34.0339
36.5989 34.0297
36.5991 34.151
36.5993 34.1321
36.5996 34.1156
36.5998 34.1011
36.6002 34.2135
36.6005 34.1868
36.6008 34.1635
36.6011 34.268
36.6038 34.2345
36.6056 34.2052
36.6061 34.3046
36.6065 34.2665
36.6073 34.2332
36.6135 34.204
36.6151 34.3035
36.6158 34.2656
36.6204 34.2324
36.6206 34.2033
36.6208 34.1779
36.6211 34.2807
36.6213 34.2456
36.6216 34.2149
36.6218 34.188
36.622 34.2895
36.6223 34.2533
36.6225 34.2217
36.6228 34.194
36.623 34.2947
36.6232 34.2579
36.6235 34.2256
36.6237 34.1974
36.624 34.1728
36.6242 34.2762
36.6244 34.2416
36.6247 34.2114
36.6249 34.185
36.6252 34.2869
36.6254 34.251
36.6257 34.2196
36.6259 34.1922
36.6261 34.2932
36.6264 34.2565
36.6266 34.2244
36.6269 34.1964
36.6271 34.2968
36.6273 34.2597
36.6276 34.2273
36.6278 34.1989
36.6281 34.299
36.6283 34.2616
36.6285 34.2289
36.6288 34.2003
36.629 34.3003
36.6293 34.2627
36.6295 34.2299
36.6297 34.2012
36.63 34.176
36.6302 34.279
36.6305 34.2441
36.6307 34.2136
36.6309 34.1869
36.6312 34.2885
36.6314 34.2525
36.6317 34.2209
36.6319 34.1933
36.6321 34.2941
36.6324 34.2574
36.6326 34.2252
36.6329 34.197
36.6331 34.2974
36.6333 34.2602
36.6336 34.2277
36.6338 34.1992
36.6341 34.2993
36.6345 34.3869
36.6348 34.3386
36.635 34.4212
36.6354 34.4936
36.638 34.8069
36.6398 34.956
36.6403 34.9615
36.6408 34.8413
36.6415 34.8612
36.6478 35.5035
36.6493 35.5656
36.65 35.4949
36.6547 35.933
36.655 35.6914
36.6552 35.605
36.6555 35.5293
36.6557 35.3382
36.6559 35.1709
36.6562 35.1495
36.6564 35.1308
36.6567 34.9895
36.6569 34.8658
36.6571 34.8826
36.6574 34.8973
36.6576 34.7851
36.6579 34.687
36.6581 34.7261
36.6583 34.7603
36.6586 34.7903
36.6588 34.6915
36.6591 34.7301
36.6593 34.7638
36.6595 34.7933
36.6598 34.6942
36.66 34.7324
36.6603 34.7658
36.6605 34.7951
36.6607 34.6957
36.661 34.6088
36.6612 34.6577
36.6615 34.7005
36.6617 34.6129
36.6619 34.5363
36.6622 34.5942
36.6624 34.645
36.6627 34.5643
36.6629 34.4938
36.6631 34.5571
36.6634 34.6124
36.6636 34.5359
36.6639 34.4689
36.6641 34.5353
36.6643 34.5934
36.6646 34.6442
36.6648 34.5637
36.6651 34.6182
36.6653 34.6659
36.6655 34.7077
36.6658 34.6192
36.666 34.6668
36.6663 34.7085
36.6665 34.7449
36.6667 34.6518
36.667 34.5703
36.6672 34.624
36.6675 34.671
36.6677 34.5871
36.6679 34.5138
36.6682 34.5745
36.6684 34.6277
36.6688 34.5493
36.6691 34.6056
36.6694 34.6549
36.6696 34.573
36.6723 34.8764
36.6741 35.0169
36.6746 35.0147
36.675 35.0129
36.6758 35.0113
36.682 35.7599
36.6836 35.7899
36.6843 35.6912
36.689 35.9798
36.6893 35.8573
36.6896 35.7501
36.6898 35.5314
36.6901 35.4649
36.6903 35.4068
36.6905 35.356
36.6908 35.1865
36.691 35.1632
36.6913 35.1428
36.6915 35.1249
36.6917 34.9843
36.692 34.8613
36.6922 34.8786
36.6925 34.8938
36.6927 34.7821
36.6929 34.6843
36.6932 34.7238
36.6934 34.7583
36.6937 34.6635
36.6939 34.5806
36.6941 34.633
36.6944 34.6789
36.6946 34.594
36.6949 34.5198
36.6951 34.5798
36.6953 34.6323
36.6956 34.6783
36.6958 34.5935
36.6961 34.6443
36.6963 34.6888
36.6965 34.7277
36.6968 34.6367
36.697 34.6821
36.6973 34.7219
36.6975 34.7566
36.6977 34.662
36.698 34.5793
36.6982 34.6319
36.6985 34.6779
36.6987 34.5932
36.6989 34.519
36.6992 34.5791
36.6994 34.6317
36.6997 34.5528
36.6999 34.4837
36.7001 34.5482
36.7004 34.6047
36.7006 34.5291
36.7009 34.463
36.7011 34.5301
36.7014 34.5888
36.7016 34.6402
36.7018 34.5602
36.7021 34.6152
36.7023 34.6633
36.7026 34.7054
36.7028 34.6172
36.703 34.665
36.7035 34.7069
36.7038 34.6185
36.704 34.5412
36.7042 34.5986
36.7069 34.5238
36.7088 34.4583
36.7093 34.526
36.7098 34.4602
36.7105 34.5277
36.7149 34.2118
36.7165 34.0603
36.7172 33.9277
36.7219 33.8118
36.7223 33.7103
36.7225 33.6215
36.7227 33.5438
36.723 33.3508
36.7232 33.307
36.7235 33.2686
36.7237 33.235
36.7239 33.0807
36.7242 33.0706
36.7244 33.0618
36.7247 33.054
36.7249 33.0473
36.7251 33.0414
36.7254 33.0362
36.7256 33.0317
36.7259 33.0277
36.7261 33.0242
36.7263 33.0212
36.7266 33.0186
36.7268 33.0162
36.7271 33.0142
36.7273 33.0124
36.7275 33.0109
36.7278 33.0095
36.728 33.0083
36.7283 33.0073
36.7285 33.0064
36.7287 33.0056
36.729 32.8799
36.7292 32.8949
36.7295 32.908
36.7297 32.9195
36.7299 32.8046
36.7302 32.829
36.7304 32.8504
36.7307 32.8691
36.7309 32.8855
36.7312 32.8998
36.7314 32.9123
36.7316 32.9233
36.7319 32.9329
36.7321 32.9412
36.7324 32.6986
36.7326 32.4863
36.7328 32.3005
36.7331 32.2629
36.7333 32.1051
36.7336 31.9669
36.7338 31.8461
36.734 31.8653
36.7343 31.7571
36.7348 31.6625
36.735 31.5797
36.7352 31.6322
36.7355 31.5532
36.7381 31.609
36.74 31.6579
36.7405 31.5757
36.741 31.6287
36.7417 31.5501
36.7462 31.6064
36.7477 31.5306
36.7485 31.4642
36.7531 31.5312
36.7535 31.4648
36.7537 31.4067
36.754 31.3559
36.7542 31.4364
36.7545 31.3818
36.7547 31.3341
36.7549 31.2923
36.7552 31.3808
36.7554 31.3332
36.7557 31.2915
36.7559 31.2551
36.7561 31.3482
36.7564 31.3047
36.7566 31.2666
36.7569 31.2333
36.7571 31.3291
36.7573 31.288
36.7576 31.252
36.7578 31.2205
36.7581 31.3179
36.7583 31.2782
36.7585 31.2434
36.7588 31.213
36.759 31.3114
36.7593 31.2724
36.7595 31.2384
36.7597 31.2086
36.76 31.1825
36.7602 31.2847
36.7605 31.2491
36.7607 31.218
36.761 31.1907
36.7612 31.2919
36.7614 31.2554
36.7617 31.2235
36.7619 31.1955
36.7622 31.2961
36.7624 31.2591
36.7626 31.2267
36.7629 31.1984
36.7631 31.2986
36.7634 31.2612
36.7636 31.2286
36.7638 31.2
36.7641 31.3
36.7643 31.2625
36.7646 31.2297
36.7648 31.201
36.765 31.3009
36.7653 31.2633
36.7655 31.2303
36.766 31.2016
36.7662 31.3014
36.7665 31.2637
36.7667 31.2307
36.7694 31.2019
36.7713 31.1766
36.7718 31.1546
36.7722 31.1352
36.773 31.1183
36.7774 31.1035
36.779 31.0906
36.7797 31.0793
36.7844 31.0694
36.7847 31.0607
36.785 31.0531
36.7852 31.1715
36.7855 31.15
36.7857 31.1313
36.7859 31.1149
36.7862 31.2255
36.7864 31.1973
36.7867 31.1727
36.7869 31.1511
36.7871 31.2572
36.7874 31.225
36.7876 31.1969
36.7879 31.1723
36.7881 31.2758
36.7883 31.2413
36.7886 31.2111
36.7888 31.1847
36.7891 31.2866
36.7893 31.3758
36.7895 31.3288
36.7898 31.2877
36.79 31.3768
36.7903 31.4547
36.7905 31.3978
36.7908 31.3481
36.791 31.3046
36.7912 31.3915
36.7915 31.4676
36.7917 31.4091
36.792 31.358
36.7922 31.4382
36.7924 31.5085
36.7927 31.4449
36.7929 31.3893
36.7932 31.4656
36.7934 31.5324
36.7936 31.4659
36.7939 31.4076
36.7941 31.4817
36.7944 31.5465
36.7946 31.4782
36.7948 31.4184
36.7951 31.4911
36.7953 31.5547
36.7956 31.4854
36.7958 31.4247
36.796 31.4966
36.7963 31.5595
36.7965 31.4896
36.7968 31.4284
36.7971 31.4998
36.7975 31.5624
36.7977 31.4921
36.798 31.4306
36.8006 31.7517
36.8025 31.9078
36.803 31.9193
36.8035 31.9294
36.8042 31.9382
36.8087 32.4459
36.8102 32.5152
36.8109 32.4508
36.8156 32.8944
36.8161 32.7826
36.8163 32.6848
36.8166 32.5992
36.8168 32.3993
36.8171 32.3494
36.8173 32.3057
36.8175 32.2675
36.8178 32.1091
36.818 32.0954
36.8183 32.0835
36.8185 32.0731
36.8187 31.9389
36.819 31.8216
36.8192 31.8439
36.8195 31.8634
36.8197 31.7555
36.8199 31.661
36.8202 31.7034
36.8204 31.7405
36.8207 31.6479
36.8209 31.5669
36.8212 31.6211
36.8214 31.6684
36.8216 31.5849
36.8219 31.5118
36.8221 31.5728
36.8224 31.6262
36.8226 31.6729
36.8228 31.5888
36.8231 31.6402
36.8233 31.6852
36.8236 31.7245
36.8238 31.634
36.824 31.6797
36.8243 31.7198
36.8245 31.7548
36.8248 31.6604
36.825 31.5779
36.8252 31.6306
36.8255 31.6768
36.8257 31.5922
36.826 31.5182
36.8262 31.5784
36.8264 31.6311
36.8267 31.5522
36.8269 31.4832
36.8272 31.5478
36.8274 31.6043
36.8276 31.5288
36.8279 31.4627
36.8281 31.5298
36.8284 31.5886
36.8288 31.515
36.8291 31.5757
36.8293 31.6287
36.8318 31.9251
36.8338 32.0595
36.8342 32.052
36.8347 31.9205
36.8354 31.9305
36.8399 32.3142
36.8415 32.3999
36.8422 32.3499
36.8469 32.8062
36.8473 32.7054
36.8476 32.4922
36.8478 32.3057
36.8481 32.2675
36.8483 32.234
36.8485 32.0798
36.8488 31.9448
36.849 31.9517
36.8493 31.9577
36.8495 31.838
36.8497 31.7333
36.85 31.6416
36.8502 31.6864
36.8505 31.7256
36.8507 31.6349
36.851 31.5555
36.8512 31.6111
36.8514 31.6597
36.8517 31.5772
36.8519 31.5051
36.8522 31.567
36.8524 31.6211
36.8526 31.5434
36.8529 31.4755
36.8531 31.5411
36.8534 31.5984
36.8536 31.5236
36.8538 31.4582
36.8541 31.5259
36.8543 31.5852
36.8546 31.512
36.8548 31.448
36.855 31.517
36.8553 31.5774
36.8555 31.5052
36.8558 31.4421
36.856 31.3868
36.8562 31.4635
36.8565 31.5305
36.8567 31.4642
36.857 31.4062
36.8572 31.4804
36.8574 31.5454
36.8577 31.4772
36.8579 31.4175
36.8582 31.4903
36.8584 31.5541
36.8586 31.4848
36.8589 31.4242
36.8591 31.4962
36.8594 31.5591
36.8596 31.4893
36.8601 31.5531
36.8603 31.609
36.8606 31.5328
36.8608 31.4662
36.8634 31.533
36.8654 31.5913
36.8659 31.5174
36.8663 31.5777
36.8671 31.6305
36.8716 31.6767
36.8732 31.7171
36.8739 31.6275
36.8786 31.674
36.8789 31.5898
36.8792 31.6411
36.8794 31.6859
36.8797 31.6002
36.8799 31.5252
36.8801 31.5845
36.8804 31.6365
36.8806 31.5569
36.8809 31.4873
36.8811 31.5514
36.8814 31.6075
36.8816 31.6565
36.8818 31.5745
36.8821 31.6276
36.8823 31.6742
36.8826 31.7149
36.8828 31.6256
36.883 31.6724
36.8833 31.7133
36.8835 31.7491
36.8838 31.6555
36.884 31.5736
36.8842 31.6269
36.8845 31.6735
36.8847 31.5893
36.885 31.5157
36.8852 31.5762
36.8854 31.6292
36.8857 31.5505
36.8859 31.4817
36.8862 31.5465
36.8864 31.6032
36.8866 31.5278
36.8869 31.4618
36.8871 31.5291
36.8874 31.5879
36.8876 31.6395
36.8878 31.5595
36.8881 31.6146
36.8883 31.6628
36.8886 31.7049
36.8888 31.6168
36.889 31.6647
36.8893 31.7066
36.8895 31.7433
36.8898 31.6504
36.89 31.6941
36.8902 31.7323
36.8905 31.7658
36.8907 31.6701
36.891 31.5863
36.8913 31.638
36.8917 31.5583
36.8919 31.4885
36.8922 31.5524
36.8925 31.6084
36.8952 31.6573
36.8971 31.7002
36.8976 31.7376
36.8981 31.7704
36.8988 31.6741
36.9033 31.7149
36.9049 31.6255
36.9056 31.6723
36.9103 31.7133
36.9107 31.7491
36.9109 31.6555
36.9112 31.6985
36.9114 31.7362
36.9116 31.7692
36.9119 31.673
36.9121 31.7139
36.9124 31.7497
36.9126 31.781
36.9128 31.6833
36.9131 31.7229
36.9133 31.7576
36.9136 31.7879
36.9138 31.6894
36.914 31.7282
36.9143 31.7622
36.9145 31.7919
36.9148 31.6929
36.915 31.6063
36.9152 31.6555
36.9155 31.6986
36.9157 31.7363
36.916 31.6442
36.9162 31.6887
36.9164 31.7276
36.9167 31.7617
36.9169 31.7914
36.9172 31.8175
36.9174 31.8403
36.9176 31.8603
36.9179 31.8778
36.9181 31.893
36.9184 31.9064
36.9186 31.9181
36.9188 31.9283
36.9191 31.9373
36.9193 31.9451
36.9196 31.952
36.9198 31.958
36.92 31.9632
36.9203 31.9678
36.9205 31.9719
36.9208 31.9754
36.921 31.9785
36.9212 31.9811
36.9215 31.9835
36.9217 31.9856
36.922 31.8624
36.9222 31.8796
36.9224 31.8946
36.9227 31.9078
36.9229 31.9193
36.9234 31.9294
36.9236 31.9382
36.9239 31.9459
36.9241 31.9527
36.9268 32.2086
36.9287 32.3075
36.9292 32.2691
36.9297 32.2355
36.9304 32.206
36.9351 32.8053
36.9366 32.8296
36.9373 32.8509
36.942 33.3695
36.9425 33.1984
36.9428 33.0486
36.943 32.9175
36.9432 32.8028
36.9435 32.7025
36.9437 32.6146
36.944 32.5378
36.9442 32.4706
36.9444 32.4118
36.9447 32.3603
36.9449 32.3153
36.9452 32.2758
36.9454 32.2414
36.9456 32.2112
36.9459 32.1848
36.9461 32.1617
36.9464 32.1415
36.9466 32.1238
36.9468 32.1083
36.9471 32.2198
36.9473 32.1923
36.9476 32.1683
36.9478 32.1472
36.948 32.2538
36.9483 32.2221
36.9485 32.1943
36.9488 32.17
36.949 32.2738
36.9492 32.2396
36.9495 32.2096
36.9497 32.1834
36.95 32.1605
36.9502 32.1404
36.9504 32.1229
36.9507 32.1075
36.9509 32.0941
36.9512 32.0823
36.9514 32.072
36.9516 32.063
36.9519 32.0551
36.9521 32.0482
36.9524 32.0422
36.9526 32.0369
36.9528 32.0323
36.9531 32.0283
36.9533 32.0247
36.9536 32.0217
36.9538 32.0189
36.954 32.1416
36.9543 32.1239
36.9545 32.1084
36.9548 32.0948
36.9551 32.208
36.9555 32.182
36.9557 32.1592
36.956 32.1393
36.9585 32.3719
36.9604 32.5754
36.9609 32.5035
36.9614 32.4406
36.9621 32.5105
36.9668 32.9467
36.9683 32.9533
36.9691 32.9592
36.9738 33.3393
36.9742 33.1719
36.9745 33.0254
36.9747 32.8972
36.975 32.7851
36.9752 32.6869
36.9754 32.6011
36.9757 32.5259
36.9759 32.4602
36.9762 32.4027
36.9764 32.3523
36.9766 32.3083
36.9769 32.2698
36.9771 32.236
36.9774 32.2065
36.9776 32.1807
36.9778 32.1581
36.9781 32.1384
36.9783 32.1211
36.9786 32.1059
36.9788 32.0927
36.979 32.0811
36.9793 32.071
36.9795 32.0621
36.9798 32.0543
36.98 32.0475
36.9802 32.0416
36.9805 32.0364
36.9807 32.0318
36.981 31.9029
36.9812 31.915
36.9814 31.9256
36.9817 31.9349
36.9819 31.9431
36.9822 31.9502
36.9824 31.9564
36.9826 31.9619
36.9829 31.9666
36.9831 31.9708
36.9834 31.9744
36.9836 31.9776
36.9838 31.9804
36.9841 31.9829
36.9843 31.985
36.9846 31.9869
36.9848 31.9885
36.985 31.99
36.9853 31.9912
36.9855 31.9923
36.9858 31.9933
36.986 31.9941
36.9863 31.9948
36.9865 31.9955
36.9869 31.9961
36.9872 31.9965
36.9875 31.997
36.9877 31.9974
36.9879 31.9977
36.9906 31.998
36.9925 31.9982
36.993 31.9984
36.9935 31.9986
36.9942 31.9988
36.9989 31.999
37.0004 31.9991
37.0013 31.9992
37.006 31.9993
37.0063 31.9994
37.0066 31.9995
37.0068 31.9995
37.007 32.1246
37.0073 32.109
37.0075 32.0954
37.0078 32.0835
37.008 32.073
37.0082 32.0639
37.0085 32.0559
37.0087 32.0489
37.009 32.0428
37.0092 32.0375
37.0094 32.0328
37.0097 32.0287
37.0099 32.0251
37.0102 32.022
37.0104 32.0192
37.0106 32.0168
37.0109 32.0147
37.0111 32.0129
37.0114 32.0113
37.0116 32.0099
37.0118 32.0086
37.0121 32.0075
37.0123 32.0066
37.0126 32.0058
37.0128 32.0051
37.013 32.1294
37.0133 32.1132
37.0135 32.0991
37.0138 32.0867
37.014 32.2009
37.0142 32.1758
37.0145 32.1538
37.0147 32.1346
37.015 32.1177
37.0152 32.103
37.0154 32.0901
37.0157 32.0789
37.0159 32.069
37.0162 32.0604
37.0164 32.0528
37.0167 32.0462
37.0169 32.0405
37.0171 32.0354
37.0174 32.031
37.0176 32.0271
37.0179 32.0237
37.0181 32.0207
37.0183 32.0182
37.0186 32.0159
37.0191 32.1389
37.0193 32.1215
37.0195 32.1063
37.0198 32.093
37.0201 32.2064
37.0228 32.1806
37.0247 32.158
37.0252 32.2633
37.0257 32.2304
37.0264 32.2016
37.0311 32.3014
37.0326 32.2637
37.0335 32.2307
37.0382 32.3269
37.0385 32.286
37.0388 32.2503
37.039 32.344
37.0392 32.301
37.0395 32.2634
37.0397 32.2304
37.04 32.2016
37.0402 32.3014
37.0404 32.2638
37.0407 32.2308
37.0409 32.2019
37.0412 32.3017
37.0414 32.264
37.0416 32.231
37.0419 32.2021
37.0421 32.3018
37.0424 32.2641
37.0426 32.2311
37.0428 32.2022
37.0431 32.3019
37.0433 32.2642
37.0436 32.2312
37.0438 32.2023
37.044 32.302
37.0443 32.2642
37.0445 32.2312
37.0448 32.2023
37.045 32.302
37.0452 32.2643
37.0455 32.2312
37.0457 32.2023
37.046 32.177
37.0462 32.1549
37.0465 32.1355
37.0467 32.1186
37.0469 32.1038
37.0472 32.2158
37.0474 32.1888
37.0477 32.1652
37.0479 32.1446
37.0481 32.2515
37.0484 32.2201
37.0486 32.1926
37.0489 32.1685
37.0491 32.2724
37.0493 32.3634
37.0496 32.3179
37.0498 32.2782
37.0501 32.3684
37.0503 32.4474
37.0505 32.3915
37.0508 32.3425
37.0511 32.4247
37.0515 32.3716
37.0517 32.3252
37.052 32.2845
37.0522 32.374
37.0549 32.5772
37.0568 32.7551
37.0573 32.7857
37.0577 32.6875
37.0585 32.7265
37.0632 33.2607
37.0647 33.2281
37.0656 33.1996
37.0704 33.6747
37.0708 33.4653
37.0711 33.4072
37.0713 33.3563
37.0716 33.1867
37.0718 33.0384
37.072 33.0336
37.0723 33.0294
37.0725 33.0257
37.0728 32.8975
37.073 32.9103
37.0732 32.9215
37.0735 32.9313
37.0737 32.8149
37.074 32.7131
37.0742 32.7489
37.0744 32.7803
37.0747 32.6828
37.0749 32.5974
37.0752 32.6477
37.0754 32.6918
37.0756 32.6053
37.0759 32.5296
37.0761 32.5884
37.0764 32.6399
37.0766 32.5599
37.0769 32.4899
37.0771 32.5537
37.0773 32.6095
37.0776 32.5333
37.0778 32.4666
37.0781 32.5333
37.0783 32.5916
37.0785 32.6427
37.0788 32.5623
37.079 32.617
37.0793 32.6649
37.0795 32.7068
37.0797 32.6184
37.08 32.5411
37.0802 32.5985
37.0805 32.6487
37.0807 32.5676
37.0809 32.4967
37.0812 32.5596
37.0814 32.6146
37.0817 32.5378
37.0819 32.4706
37.0821 32.5367
37.0824 32.5947
37.0826 32.5203
37.0829 32.4553
37.0831 32.5234
37.0833 32.5829
37.0838 32.5101
37.0841 32.5713
37.0843 32.6249
37.0845 32.6718
37.0871 32.9628
37.089 33.0925
37.0895 33.0809
37.0899 32.9458
37.0907 32.9526
37.0954 33.4585
37.0969 33.4012
37.0978 33.351
37.1026 33.8072
37.103 33.7063
37.1033 33.618
37.1035 33.4157
37.1038 33.2388
37.104 33.2089
37.1042 33.1828
37.1045 33.035
37.1047 32.9056
37.105 32.7924
37.1052 32.8183
37.1054 32.716
37.1057 32.6265
37.1059 32.5482
37.1062 32.6047
37.1064 32.6541
37.1067 32.5723
37.1069 32.5008
37.1071 32.5632
37.1074 32.6178
37.1076 32.5406
37.1079 32.473
37.1081 32.5389
37.1083 32.5965
37.1086 32.522
37.1088 32.4567
37.1091 32.5246
37.1093 32.584
37.1095 32.511
37.1098 32.4472
37.11 32.5163
37.1103 32.5767
37.1105 32.5046
37.1107 32.4416
37.111 32.3864
37.1112 32.4631
37.1115 32.4052
37.1117 32.3545
37.1119 32.3102
37.1122 32.3964
37.1124 32.4719
37.1127 32.4129
37.1129 32.3613
37.1131 32.4411
37.1134 32.511
37.1136 32.4471
37.1139 32.3912
37.1141 32.4673
37.1143 32.5339
37.1146 32.4672
37.1148 32.4088
37.1151 32.4827
37.1153 32.5473
37.1155 32.4789
37.116 32.5441
37.1163 32.601
37.1165 32.5259
37.1167 32.4602
37.1171 32.5277
37.1196 32.4617
37.1216 32.529
37.122 32.5879
37.1225 32.6394
37.1232 32.6845
37.1279 32.5989
37.1295 32.649
37.1303 32.6929
37.1351 32.7313
37.1356 32.6399
37.1358 32.5599
37.1361 32.6149
37.1363 32.663
37.1366 32.5802
37.1368 32.5076
37.1371 32.5692
37.1373 32.623
37.1375 32.6702
37.1378 32.5864
37.138 32.6381
37.1383 32.6833
37.1385 32.7229
37.1387 32.6325
37.139 32.5535
37.1392 32.6093
37.1395 32.6581
37.1397 32.5759
37.1399 32.5039
37.1402 32.5659
37.1404 32.6202
37.1407 32.5426
37.1409 32.4748
37.1411 32.5405
37.1414 32.5979
37.1416 32.5232
37.1419 32.4578
37.1421 32.5255
37.1423 32.5849
37.1426 32.5117
37.1428 32.4478
37.1431 32.5168
37.1433 32.5772
37.1435 32.6301
37.1438 32.5513
37.144 32.6074
37.1443 32.6565
37.1445 32.6994
37.1447 32.612
37.145 32.5355
37.1452 32.5935
37.1455 32.6444
37.1457 32.5638
37.1459 32.4933
37.1462 32.5567
37.1464 32.6121
37.1467 32.5356
37.1469 32.4686
37.1471 32.535
37.1474 32.5932
37.1476 32.519
37.1479 32.4541
37.1482 32.5224
37.1486 32.4571
37.1488 32.3999
37.1491 32.4749
37.1493 32.5406
37.1498 32.473
37.1523 32.5389
37.1542 32.5965
37.1547 32.522
37.1552 32.5817
37.1559 32.509
37.1606 32.5704
37.1622 32.6241
37.163 32.6711
37.1678 32.5872
37.1683 32.6388
37.1685 32.6839
37.1688 32.5984
37.169 32.6486
37.1693 32.6926
37.1695 32.731
37.1697 32.6396
37.17 32.5597
37.1702 32.6147
37.1705 32.6629
37.1707 32.58
37.1709 32.5075
37.1712 32.5691
37.1714 32.6229
37.1717 32.6701
37.1719 32.5863
37.1721 32.638
37.1724 32.6833
37.1726 32.7229
37.1729 32.6325
37.1731 32.6784
37.1733 32.7186
37.1736 32.7538
37.1738 32.6596
37.1741 32.7021
37.1743 32.7394
37.1745 32.7719
37.1748 32.6754
37.175 32.716
37.1753 32.7515
37.1755 32.7826
37.1757 32.6848
37.176 32.5992
37.1762 32.6493
37.1765 32.6931
37.1767 32.6065
37.1769 32.5307
37.1772 32.5893
37.1774 32.6407
37.1777 32.6856
37.1779 32.5999
37.1781 32.6499
37.1784 32.6937
37.1786 32.7319
37.1789 32.6405
37.1791 32.6854
37.1793 32.7247
37.1796 32.7591
37.1798 32.6642
37.1801 32.7062
37.1803 32.7429
37.1805 32.7751
37.1809 32.6782
37.1813 32.7184
37.1815 32.7536
37.1818 32.6594
37.182 32.577
37.1825 32.6299
37.185 32.5511
37.1869 32.4822
37.1874 32.547
37.1879 32.4786
37.1886 32.5438
37.1933 32.6008
37.1948 32.5257
37.1957 32.46
37.2005 32.5275
37.201 32.4615
37.2012 32.5289
37.2015 32.5877
37.2017 32.6393
37.2019 32.5594
37.2022 32.6144
37.2024 32.6626
37.2027 32.7048
37.2029 32.7417
37.2031 32.774
37.2034 32.8022
37.2036 32.827
37.2039 32.8486
37.2041 32.8675
37.2043 32.8841
37.2046 32.8986
37.2048 32.9112
37.2051 32.9223
37.2053 32.932
37.2055 32.9405
37.2058 32.948
37.206 32.9545
37.2063 32.9602
37.2065 32.9651
37.2067 32.9695
37.207 32.8483
37.2072 32.8673
37.2075 32.8839
37.2077 32.8984
37.2079 32.7861
37.2082 32.8128
37.2084 32.8362
37.2087 32.8567
37.2089 32.8746
37.2091 32.8903
37.2094 32.904
37.2096 32.916
37.2099 32.9265
37.2101 32.9357
37.2103 32.9437
37.2106 32.9508
37.2108 32.9569
37.2111 32.9623
37.2113 32.967
37.2116 32.9711
37.2118 32.9747
37.212 32.9779
37.2123 32.9807
37.2125 32.9831
37.2128 32.9852
37.213 32.862
37.2132 32.8793
37.2135 32.8944
37.214 32.9076
37.2142 32.9191
37.2144 32.9292
37.2147 32.9381
37.215 33.0708
37.2177 33.312
37.2196 33.523
37.2201 33.5826
37.2206 33.5098
37.2213 33.5711
37.226 33.9997
37.2275 33.9997
37.2284 33.9997
37.2332 34.4998
37.2338 34.3123
37.234 34.2733
37.2343 34.1141
37.2345 33.9748
37.2347 33.853
37.235 33.7464
37.2352 33.6531
37.2355 33.5714
37.2357 33.5
37.2359 33.4375
37.2362 33.3828
37.2364 33.335
37.2367 33.2931
37.2369 33.2565
37.2371 33.2244
37.2374 33.1963
37.2376 33.1718
37.2379 33.1503
37.2381 33.1315
37.2383 33.1151
37.2386 33.1007
37.2388 33.0881
37.2391 33.0771
37.2393 33.0675
37.2395 33.059
37.2398 33.0517
37.24 33.1702
37.2403 33.1489
37.2405 33.1303
37.2407 33.114
37.241 33.0998
37.2412 33.0873
37.2415 33.0764
37.2417 33.0668
37.242 33.0585
37.2422 33.0512
37.2424 33.0448
37.2427 33.0392
37.2429 33.0343
37.2432 33.03
37.2434 33.0262
37.2436 33.023
37.2439 33.0201
37.2441 33.0176
37.2444 33.0154
37.2446 33.0135
37.2448 33.0118
37.2451 33.0103
37.2453 33.009
37.2456 33.0079
37.2458 33.0069
37.246 33.131
37.2463 33.1147
37.2466 33.1003
37.247 33.0878
37.2472 33.0768
37.2475 33.0672
37.2477 33.0588
37.2504 33.3015
37.2523 33.5138
37.2528 33.4496
37.2532 33.3934
37.254 33.3442
37.2587 33.8012
37.2602 33.951
37.2611 33.9571
37.2659 34.3375
37.2665 34.1703
37.2667 34.024
37.2669 33.771
37.2672 33.6746
37.2674 33.5903
37.2677 33.5165
37.2679 33.452
37.2681 33.3955
37.2684 33.346
37.2686 33.3028
37.2689 33.2649
37.2691 33.2318
37.2693 33.2028
37.2696 33.1775
37.2698 33.1553
37.2701 33.1359
37.2703 33.1189
37.2705 33.104
37.2708 33.091
37.271 33.0796
37.2713 33.0697
37.2715 33.061
37.2718 33.0534
37.272 32.9217
37.2722 32.9315
37.2725 32.94
37.2727 32.9475
37.273 32.8291
37.2732 32.8505
37.2734 32.8691
37.2737 32.8855
37.2739 32.8998
37.2742 32.9123
37.2744 32.9233
37.2746 32.9329
37.2749 32.9413
37.2751 32.9486
37.2754 32.955
37.2756 32.9607
37.2758 32.9656
37.2761 32.9699
37.2763 32.9736
37.2766 32.9769
37.2768 32.9798
37.277 32.9823
37.2773 32.9845
37.2775 32.9865
37.2778 32.9882
37.278 32.8646
37.2782 32.8816
37.2785 32.8964
37.2787 32.9093
37.279 32.7957
37.2793 32.8212
37.2797 32.8435
37.2799 32.8631
37.2802 32.8802
37.2804 32.8952
37.2808 32.9083
37.2834 32.9198
37.2854 32.9298
37.2859 32.9386
37.2864 32.9462
37.2871 33.078
37.2918 33.0682
37.2934 33.0597
37.2942 33.0522
37.299 33.1707
37.2995 33.1494
37.2997 33.1307
37.3 33.1144
37.3002 33.1001
37.3005 33.0876
37.3007 33.0766
37.3009 33.067
37.3012 33.0587
37.3014 33.0513
37.3017 33.0449
37.3019 33.0393
37.3022 33.0344
37.3024 33.0301
37.3026 33.0263
37.3029 33.023
37.3031 33.0202
37.3034 33.0176
37.3036 33.0154
37.3038 33.0135
37.3041 33.0118
37.3043 33.0103
37.3046 33.009
37.3048 33.0079
37.305 33.1319
37.3053 33.1154
37.3055 33.101
37.3058 33.0884
37.306 33.0773
37.3062 33.0677
37.3065 33.0592
37.3067 33.0518
37.307 33.0453
37.3072 33.0397
37.3074 33.0347
37.3077 33.0304
37.3079 33.0266
37.3082 33.0232
37.3084 33.0203
37.3086 33.0178
37.3089 33.0156
37.3091 33.0136
37.3094 33.0119
37.3096 33.0104
37.3098 33.0091
37.3101 33.008
37.3103 33.007
37.3106 33.0061
37.3108 33.0053
37.311 33.1297
37.3113 33.1135
37.3115 33.0993
37.3118 33.0869
37.312 33.201
37.3125 33.1759
37.3127 33.1539
37.313 33.1347
37.3132 33.1178
37.3134 33.1031
37.3139 33.0902
37.3166 33.0789
37.3186 33.0691
37.3191 33.1854
37.3196 33.1623
37.3203 33.142
37.325 33.1242
37.3265 33.1087
37.3274 33.0951
37.3322 33.0832
37.3327 33.0728
37.3329 33.0637
37.3332 33.1807
37.3334 33.1582
37.3336 33.1384
37.3339 33.1211
37.3341 33.2309
37.3344 33.2021
37.3346 33.1768
37.3348 33.1547
37.3351 33.2604
37.3353 33.2278
37.3356 33.1994
37.3358 33.1744
37.336 33.2776
37.3363 33.2429
37.3365 33.2126
37.3368 33.186
37.337 33.1627
37.3372 33.1424
37.3375 33.1246
37.3377 33.109
37.338 33.0954
37.3382 33.2085
37.3384 33.1824
37.3387 33.1596
37.3389 33.1397
37.3392 33.2472
37.3394 33.3413
37.3396 33.2986
37.3399 33.2613
37.3401 33.3536
37.3404 33.4344
37.3406 33.3801
37.3408 33.3326
37.3411 33.416
37.3413 33.489
37.3416 33.4279
37.3418 33.3744
37.342 33.4526
37.3423 33.521
37.3425 33.4559
37.3428 33.3989
37.343 33.4741
37.3432 33.5398
37.3435 33.4723
37.3437 33.4133
37.344 33.3616
37.3442 33.4414
37.3444 33.3862
37.3447 33.338
37.3449 33.2957
37.3452 33.3837
37.3455 33.3358
37.3459 33.2938
37.3461 33.3821
37.3464 33.4593
37.3466 33.4019
37.347 33.3517
37.3496 33.6827
37.3518 33.8474
37.3523 33.8664
37.3527 33.7581
37.3535 33.7884
37.3581 34.3148
37.3597 34.4005
37.3605 34.3504
37.3654 34.8066
37.366 34.5808
37.3662 34.5082
37.3664 34.4447
37.3667 34.2641
37.3669 34.1061
37.3672 34.0928
37.3674 34.0812
37.3676 33.9461
37.3679 33.8278
37.3681 33.8493
37.3684 33.8682
37.3686 33.7596
37.3688 33.6647
37.3691 33.7066
37.3693 33.7433
37.3696 33.6504
37.3698 33.5691
37.37 33.6229
37.3703 33.6701
37.3705 33.7113
37.3708 33.6224
37.371 33.6696
37.3712 33.7109
37.3715 33.747
37.3717 33.6537
37.372 33.5719
37.3722 33.6255
37.3724 33.6723
37.3727 33.5882
37.3729 33.5147
37.3732 33.5754
37.3734 33.6284
37.3736 33.5499
37.3739 33.4812
37.3741 33.546
37.3744 33.6028
37.3746 33.5274
37.3748 33.4615
37.3751 33.5288
37.3753 33.5877
37.3756 33.5142
37.3758 33.45
37.376 33.5187
37.3763 33.5789
37.3765 33.5065
37.3768 33.4432
37.377 33.5128
37.3773 33.5737
37.3775 33.627
37.3777 33.5486
37.378 33.48
37.3782 33.545
37.3785 33.6019
37.3787 33.5267
37.3792 33.5858
37.3794 33.6376
37.3797 33.5579
37.3799 33.4882
37.3801 33.5521
37.3828 33.8581
37.3849 34.0009
37.3854 34.0007
37.3859 33.8757
37.3866 33.8912
37.3913 34.4048
37.3929 34.3542
37.3937 34.3099
37.3985 34.7712
37.3991 34.6748
37.3994 34.5904
37.3996 34.3916
37.3998 34.2177
37.4001 34.1905
37.4003 34.1667
37.4006 34.0208
37.4008 33.8932
37.401 33.9066
37.4013 33.9182
37.4015 33.8035
37.4018 33.703
37.402 33.7402
37.4022 33.7726
37.4025 33.6761
37.4027 33.5915
37.403 33.5176
37.4032 33.5779
37.4034 33.5057
37.4037 33.4425
37.4039 33.3871
37.4042 33.4638
37.4044 33.4058
37.4046 33.3551
37.4049 33.3107
37.4051 33.3968
37.4054 33.4722
37.4056 33.4132
37.4058 33.3616
37.4061 33.4414
37.4063 33.5112
37.4066 33.4473
37.4068 33.3914
37.4071 33.4675
37.4073 33.534
37.4075 33.4673
37.4078 33.4089
37.408 33.4828
37.4083 33.5474
37.4085 33.479
37.4087 33.4191
37.409 33.3667
37.4092 33.4459
37.4095 33.3901
37.4097 33.3414
37.4099 33.2987
37.4102 33.3864
37.4104 33.3381
37.4107 33.2958
37.4109 33.2588
37.4111 33.3515
37.4114 33.4325
37.4116 33.3785
37.4119 33.3312
37.4123 33.4148
37.4126 33.3629
37.4128 33.3176
37.4131 33.4029
37.4133 33.4775
37.4137 33.4178
37.4163 33.4906
37.4185 33.5543
37.4191 33.61
37.4195 33.6587
37.4203 33.7014
37.425 33.6137
37.4265 33.662
37.4274 33.7043
37.4322 33.7412
37.4326 33.6486
37.4329 33.5675
37.4331 33.6216
37.4334 33.6689
37.4336 33.5853
37.4338 33.5121
37.4341 33.5731
37.4343 33.6264
37.4346 33.5481
37.4348 33.4796
37.435 33.5447
37.4353 33.6016
37.4355 33.5264
37.4358 33.4606
37.436 33.528
37.4362 33.587
37.4365 33.6386
37.4367 33.5588
37.437 33.489
37.4372 33.5528
37.4375 33.6087
37.4377 33.5326
37.4379 33.4661
37.4382 33.5328
37.4384 33.5912
37.4387 33.5173
37.4389 33.4526
37.4391 33.5211
37.4394 33.5809
37.4396 33.5083
37.4399 33.4448
37.4401 33.5142
37.4403 33.5749
37.4406 33.503
37.4408 33.4402
37.4411 33.5101
37.4413 33.5714
37.4415 33.4999
37.4418 33.4375
37.442 33.5078
37.4423 33.5693
37.4425 33.6231
37.4427 33.5452
37.443 33.4771
37.4432 33.5425
37.4435 33.5996
37.4437 33.5247
37.4439 33.4591
37.4442 33.5267
37.4444 33.5859
37.4447 33.5126
37.4449 33.4486
37.4451 33.5175
37.4455 33.5778
37.4459 33.5056
37.4461 33.5674
37.4463 33.6215
37.4466 33.5438
37.4468 33.4758
37.4473 33.5413
37.4499 33.4737
37.4521 33.5395
37.4527 33.472
37.4532 33.538
37.4539 33.4708
37.4586 33.5369
37.4602 33.5948
37.461 33.6455
37.4658 33.5648
37.4663 33.6192
37.4665 33.6668
37.4668 33.5834
37.467 33.6355
37.4673 33.6811
37.4675 33.7209
37.4677 33.6308
37.468 33.552
37.4682 33.608
37.4685 33.657
37.4687 33.5748
37.4689 33.503
37.4692 33.5651
37.4694 33.6195
37.4697 33.542
37.4699 33.4743
37.4701 33.54
37.4704 33.5975
37.4706 33.6478
37.4709 33.5668
37.4711 33.621
37.4713 33.6684
37.4716 33.7098
37.4718 33.6211
37.4721 33.6684
37.4723 33.7099
37.4725 33.7462
37.4728 33.6529
37.473 33.6963
37.4733 33.7342
37.4735 33.7675
37.4737 33.6715
37.474 33.5876
37.4742 33.6391
37.4745 33.6842
37.4747 33.5987
37.4749 33.5239
37.4752 33.5834
37.4754 33.6355
37.4757 33.681
37.4759 33.5959
37.4761 33.6464
37.4764 33.6906
37.4766 33.7293
37.4769 33.7631
37.4771 33.7927
37.4773 33.8186
37.4776 33.8413
37.4778 33.8611
37.4781 33.8785
37.4783 33.8937
37.4785 33.907
37.4788 33.9186
37.479 33.9288
37.4795 33.9377
37.4797 33.9455
37.48 33.8273
37.4802 33.8489
37.4805 33.8678
37.4808 33.8843
37.4835 34.1488
37.4856 34.3802
37.4862 34.3326
37.4867 34.2911
37.4876 34.2547
37.4922 34.8478
37.4938 34.8669
37.4946 34.7585
37.4995 35.1637
37.5001 35.1432
37.5003 35.0003
37.5005 34.8753
37.5008 34.7659
37.501 34.6701
37.5013 34.5864
37.5015 34.5131
37.5017 34.4489
37.502 34.3928
37.5022 34.3437
37.5025 34.3008
37.5027 34.2632
37.5029 34.2303
37.5032 34.2015
37.5034 34.1763
37.5037 34.1543
37.5039 34.135
37.5041 34.1181
37.5044 34.1033
37.5046 34.0904
37.5049 34.0791
37.5051 34.0692
37.5053 34.0606
37.5056 34.053
37.5058 34.0464
37.5061 34.0406
37.5063 34.0355
37.5065 34.0311
37.5068 34.0272
37.507 34.0238
37.5073 34.0208
37.5075 34.0182
37.5077 34.0159
37.508 34.0139
37.5082 34.0122
37.5085 34.0107
37.5087 34.0093
37.5089 34.0082
37.5092 34.0071
37.5094 34.0063
37.5097 34.0055
37.5099 34.0048
37.5101 34.0042
37.5104 34.0037
37.5106 34.0032
37.5109 34.0028
37.5111 34.0025
37.5113 34.0021
37.5116 34.0019
37.5118 34.0016
37.5121 34.0014
37.5123 34.0013
37.5126 34.0011
37.5128 34.001
37.5132 34.0008
37.5135 34.0007
37.5138 34.0006
37.514 34.0006
37.5142 34.0005
37.5145 34.0004
37.5171 34.3754
37.5193 34.5785
37.5199 34.5061
37.5204 34.4429
37.5212 34.5125
37.5259 34.9485
37.5275 34.9549
37.5283 34.9605
37.5331 35.4655
37.5337 35.2823
37.5339 34.997
37.5342 34.8724
37.5344 34.7633
37.5347 34.6679
37.5349 34.4594
37.5351 34.402
37.5354 34.3517
37.5356 34.3078
37.5359 34.2693
37.5361 34.2356
37.5363 34.2062
37.5366 34.1804
37.5368 34.1579
37.5371 34.1381
37.5373 34.1209
37.5375 34.1058
37.5378 34.0925
37.538 34.081
37.5383 34.0708
37.5385 34.062
37.5387 34.0542
37.539 33.9225
37.5392 33.9322
37.5395 33.9406
37.5397 33.9481
37.5399 33.8295
37.5402 33.8509
37.5404 33.8695
37.5407 33.8858
37.5409 33.7751
37.5411 33.8032
37.5414 33.8278
37.5416 33.8493
37.5419 33.8682
37.5421 33.8846
37.5424 33.8991
37.5426 33.9117
37.5428 33.9227
37.5431 33.9324
37.5433 33.9408
37.5436 33.9482
37.5438 33.9547
37.544 33.9604
37.5443 33.9653
37.5445 33.9696
37.5448 33.9734
37.545 33.8518
37.5452 33.8703
37.5455 33.8865
37.5457 33.9007
37.546 33.7881
37.5462 33.8146
37.5464 33.8378
37.5468 33.858
37.5472 33.8758
37.5474 33.8913
37.5476 33.9049
37.5479 33.9168
37.5481 33.9272
37.5485 33.9363
37.5511 33.9443
37.5533 33.9512
37.5539 33.9573
37.5544 33.9627
37.5552 33.9673
37.5599 33.9714
37.5616 33.975
37.5624 33.9781
37.5672 33.9808
37.5677 33.9832
37.5679 33.9853
37.5682 33.9872
37.5684 33.9888
37.5687 33.9902
37.5689 33.9914
37.5691 33.9925
37.5694 33.9934
37.5696 33.9942
37.5699 33.995
37.5701 33.9956
37.5703 33.9961
37.5706 33.9966
37.5708 33.997
37.5711 33.9974
37.5713 33.9977
37.5716 33.998
37.5718 33.9983
37.572 33.9985
37.5723 33.9987
37.5725 33.9988
37.5728 33.999
37.573 33.9991
37.5732 33.9992
37.5735 33.9993
37.5737 33.9994
37.574 33.9995
37.5742 33.9995
37.5744 33.9996
37.5747 33.9996
37.5749 33.9997
37.5752 33.9997
37.5754 33.9998
37.5756 33.9998
37.5759 33.9998
37.5761 33.9998
37.5764 33.9999
37.5766 33.9999
37.5768 33.9999
37.5771 33.9999
37.5773 33.9999
37.5776 33.9999
37.5778 33.9999
37.578 33.9999
37.5783 33.9999
37.5785 34
37.5788 34
37.579 34.125
37.5792 34.1093
37.5795 34.0957
37.5797 34.0837
37.58 34.0733
37.5802 34.0641
37.5804 34.0561
37.5809 34.0491
37.5812 34.0429
37.5814 34.0376
37.5816 34.0329
37.5819 34.0288
37.5821 34.0252
37.5826 34.022
37.5852 34.0193
37.5874 34.0169
37.588 34.1398
37.5885 34.1223
37.5893 34.107
37.594 34.2186
37.5957 34.1913
37.5965 34.1674
37.6013 34.1465
37.6018 34.1282
37.6021 34.2371
37.6023 34.2075
37.6026 34.1816
37.6028 34.1589
37.603 34.264
37.6033 34.231
37.6035 34.2021
37.6038 34.1769
37.604 34.1548
37.6042 34.1354
37.6045 34.1185
37.6047 34.1037
37.605 34.0907
37.6052 34.0794
37.6054 34.0695
37.6057 34.0608
37.6059 34.0532
37.6062 34.0465
37.6064 34.0407
37.6066 34.0356
37.6069 34.0312
37.6071 34.1523
37.6074 34.1332
37.6076 34.1166
37.6078 34.102
37.6081 34.2143
37.6083 34.1875
37.6086 34.164
37.6088 34.1435
37.609 34.2506
37.6093 34.2193
37.6095 34.1919
37.6098 34.1679
37.61 34.2719
37.6102 34.2379
37.6105 34.2082
37.6107 34.1821
37.611 34.1594
37.6112 34.1395
37.6114 34.122
37.6117 34.1068
37.6119 34.0934
37.6122 34.0817
37.6124 34.0715
37.6126 34.0626
37.6129 34.0548
37.6131 34.0479
37.6134 34.0419
37.6136 34.0367
37.6138 34.0321
37.6141 34.1531
37.6143 34.2589
37.6146 34.2266
37.6149 34.1983
37.6153 34.2985
37.6155 34.2612
37.6158 34.2285
37.616 34.325
37.6162 34.4093
37.6166 34.3582
37.6193 34.6884
37.6214 34.8523
37.622 34.8708
37.6225 34.7619
37.6233 34.7917
37.6281 35.3177
37.6298 35.278
37.6307 35.2433
37.6355 35.7129
37.6361 35.6238
37.6363 35.5458
37.6366 35.3526
37.6368 35.1835
37.637 35.1606
37.6373 35.1405
37.6375 34.9979
37.6378 34.8732
37.638 34.764
37.6382 34.7935
37.6385 34.8193
37.6387 34.7169
37.639 34.6273
37.6392 34.6739
37.6394 34.7147
37.6397 34.6253
37.6399 34.5472
37.6402 34.6038
37.6404 34.6533
37.6406 34.5716
37.6409 34.5002
37.6411 34.5627
37.6414 34.6173
37.6416 34.5402
37.6418 34.4726
37.6421 34.5386
37.6423 34.5962
37.6426 34.5217
37.6428 34.4565
37.643 34.5244
37.6433 34.5839
37.6435 34.5109
37.6438 34.447
37.644 34.5161
37.6442 34.5766
37.6445 34.5046
37.6447 34.4415
37.645 34.3863
37.6452 34.463
37.6454 34.5301
37.6457 34.4639
37.6459 34.4059
37.6462 34.4801
37.6464 34.5451
37.6467 34.477
37.6469 34.4174
37.6471 34.4902
37.6474 34.5539
37.6476 34.4847
37.6479 34.4241
37.6481 34.4961
37.6483 34.5591
37.6486 34.4892
37.6488 34.428
37.6491 34.4995
37.6495 34.5621
37.6498 34.4918
37.65 34.5553
37.6503 34.6109
37.6505 34.5346
37.6507 34.4677
37.6534 34.7843
37.6555 34.9362
37.6561 34.9442
37.6566 34.8262
37.6575 34.8479
37.6623 35.3669
37.664 35.3211
37.6648 35.2809
37.6696 35.7458
37.6702 35.6526
37.6704 35.446
37.6707 35.2653
37.6709 35.1071
37.6712 35.0937
37.6714 34.957
37.6716 34.8374
37.6719 34.7327
37.6721 34.7661
37.6724 34.7953
37.6726 34.6959
37.6728 34.6089
37.6731 34.6578
37.6733 34.7006
37.6736 34.613
37.6738 34.5364
37.674 34.5943
37.6743 34.645
37.6745 34.5644
37.6748 34.4939
37.675 34.5571
37.6752 34.6125
37.6755 34.5359
37.6757 34.4689
37.676 34.4103
37.6762 34.484
37.6764 34.4235
37.6767 34.3706
37.6769 34.3243
37.6772 34.4087
37.6774 34.3576
37.6777 34.3129
37.6779 34.2738
37.6781 34.3646
37.6784 34.319
37.6786 34.2791
37.6789 34.2442
37.6791 34.3387
37.6793 34.4214
37.6796 34.3687
37.6798 34.3226
37.6801 34.4073
37.6803 34.4814
37.6805 34.4212
37.6808 34.3686
37.681 34.4475
37.6813 34.5165
37.6815 34.452
37.6817 34.3955
37.682 34.346
37.6822 34.4278
37.6825 34.3743
37.6827 34.3275
37.6829 34.2866
37.6832 34.3758
37.6837 34.3288
37.6839 34.2877
37.6841 34.3767
37.6844 34.3296
37.6846 34.2884
37.6849 34.2524
37.6853 34.3458
37.6879 34.3026
37.69 34.3898
37.6906 34.3411
37.6911 34.4234
37.692 34.3705
37.6968 34.3242
37.6984 34.4087
37.6994 34.4826
37.7042 34.5473
37.7047 34.4788
37.7049 34.419
37.7052 34.4916
37.7054 34.5552
37.7056 34.4858
37.7059 34.425
37.7061 34.4969
37.7064 34.5598
37.7066 34.4898
37.7069 34.4286
37.7071 34.5
37.7073 34.5625
37.7076 34.4922
37.7078 34.4307
37.7081 34.5018
37.7083 34.5641
37.7085 34.4936
37.7088 34.4319
37.709 34.5029
37.7093 34.565
37.7095 34.4944
37.7097 34.4326
37.71 34.3785
37.7102 34.4562
37.7105 34.5242
37.7107 34.4587
37.7109 34.4013
37.7112 34.4762
37.7114 34.5416
37.7117 34.4739
37.7119 34.4147
37.7121 34.4879
37.7124 34.5519
37.7126 34.4829
37.7129 34.4225
37.7131 34.4947
37.7133 34.5579
37.7136 34.4881
37.7138 34.4271
37.7141 34.4987
37.7143 34.5614
37.7145 34.4912
37.7148 34.4298
37.715 34.5011
37.7153 34.5634
37.7155 34.493
37.7157 34.4314
37.716 34.3775
37.7162 34.4553
37.7165 34.5234
37.7167 34.4579
37.7169 34.4007
37.7172 34.4756
37.7174 34.5412
37.7177 34.4735
37.7179 34.4143
37.7181 34.4875
37.7184 34.4266
37.7186 34.3733
37.7189 34.3266
37.7191 34.4108
37.7193 34.3594
37.7208 34.1895
37.723 33.9158
37.7236 33.8013
37.724 33.7012
37.7249 33.6135
37.7297 33.5368
37.7314 33.4697
37.7371 33.286
37.7374 33.0003
37.7376 32.7502
37.7379 32.5314
37.7381 32.465
37.7383 32.2819
37.7386 32.1217
37.7388 31.9814
37.7391 31.9838
37.7393 31.8608
37.7395 31.7532
37.7398 31.659
37.74 31.7017
37.7403 31.614
37.7405 31.5372
37.7407 31.4701
37.741 31.4113
37.7412 31.4849
37.7415 31.4243
37.7417 31.3712
37.7419 31.3248
37.7422 31.4092
37.7424 31.3581
37.7427 31.3133
37.7429 31.2742
37.7431 31.3649
37.7434 31.3193
37.7436 31.2794
37.7439 31.2444
37.7441 31.3389
37.7443 31.2965
37.7446 31.2595
37.7448 31.227
37.7451 31.3236
37.7453 31.2832
37.7455 31.2478
37.7458 31.2168
37.746 31.3147
37.7463 31.2754
37.7465 31.241
37.7467 31.2108
37.747 31.1845
37.7472 31.2864
37.7475 31.2506
37.7477 31.2193
37.7479 31.1919
37.7482 31.2929
37.7484 31.2563
37.7487 31.2242
37.7489 31.1962
37.7491 31.2967
37.7494 31.2596
37.7496 31.2271
37.7499 31.1988
37.7501 31.2989
37.7503 31.2615
37.7506 31.2289
37.752 31.3252
37.7542 31.4096
37.7548 31.3584
37.7553 31.3136
37.7561 31.3994
37.7609 31.3495
37.7626 31.3058
37.7684 31.2676
37.7686 31.2341
37.7689 31.2049
37.7691 31.3042
37.7693 31.2662
37.7696 31.2329
37.7698 31.2038
37.7701 31.3033
37.7703 31.2654
37.7705 31.2322
37.7708 31.2032
37.771 31.3028
37.7713 31.265
37.7715 31.2318
37.7717 31.2029
37.772 31.1775
37.7722 31.2803
37.7725 31.2453
37.7727 31.2146
37.7729 31.1878
37.7732 31.2893
37.7734 31.2531
37.7737 31.2215
37.7739 31.1938
37.7741 31.2946
37.7744 31.2578
37.7746 31.2255
37.7749 31.1974
37.7751 31.2977
37.7753 31.2605
37.7756 31.2279
37.7758 31.1994
37.7761 31.2995
37.7763 31.2621
37.7765 31.2293
37.7768 31.2006
37.777 31.3006
37.7773 31.263
37.7775 31.2301
37.7777 31.2013
37.778 31.1762
37.7782 31.2792
37.7785 31.2443
37.7787 31.2137
37.7789 31.187
37.7792 31.2886
37.7794 31.2526
37.7797 31.221
37.7799 31.1934
37.7801 31.2942
37.7804 31.2574
37.7806 31.2252
37.7809 31.1971
37.7811 31.2974
37.7813 31.2603
37.7816 31.2277
37.7818 31.1993
37.7833 31.1744
37.7854 31.1526
37.786 31.2585
37.7865 31.2262
37.7874 31.1979
37.7922 31.2982
37.7938 31.2609
37.7997 31.2283
37.8 31.1997
37.8002 31.2998
37.8005 31.2623
37.8007 31.2295
37.8009 31.2008
37.8012 31.3007
37.8014 31.2631
37.8017 31.2302
37.8019 31.2015
37.8021 31.3013
37.8024 31.2636
37.8026 31.2307
37.8029 31.2018
37.8031 31.3016
37.8033 31.3889
37.8036 31.3403
37.8038 31.2978
37.8041 31.3855
37.8043 31.4623
37.8045 31.4045
37.8048 31.354
37.805 31.4347
37.8053 31.5054
37.8055 31.5672
37.8057 31.4963
37.806 31.4343
37.8062 31.505
37.8065 31.5669
37.8067 31.496
37.8069 31.434
37.8072 31.5048
37.8074 31.5667
37.8077 31.4958
37.8079 31.4338
37.8081 31.5046
37.8084 31.5665
37.8086 31.4957
37.8089 31.4338
37.8091 31.5045
37.8093 31.5665
37.8096 31.6207
37.8098 31.5431
37.8101 31.6002
37.8103 31.6502
37.8105 31.6939
37.8108 31.6072
37.811 31.6563
37.8113 31.6992
37.8115 31.7368
37.8117 31.6447
37.812 31.5641
37.8122 31.6186
37.8125 31.6663
37.8127 31.583
37.813 31.5101
37.8132 31.5714
37.8145 31.7499
37.8167 31.9062
37.8173 31.9179
37.8178 31.8032
37.8186 31.8278
37.8234 32.3493
37.8251 32.4306
37.831 33.0018
37.8312 32.8766
37.8315 32.767
37.8317 32.5461
37.8319 32.3529
37.8322 32.3088
37.8324 32.2702
37.8327 32.1114
37.8329 31.9725
37.8331 31.9759
37.8334 31.9789
37.8336 31.8566
37.8339 31.7495
37.8341 31.7808
37.8343 31.8082
37.8346 31.7072
37.8348 31.6188
37.8351 31.6664
37.8353 31.7081
37.8355 31.6196
37.8358 31.5422
37.836 31.5994
37.8363 31.6495
37.8365 31.5683
37.8367 31.4972
37.837 31.4351
37.8372 31.5057
37.8375 31.5675
37.8377 31.4966
37.8379 31.4345
37.8382 31.5052
37.8384 31.567
37.8387 31.4961
37.8389 31.4341
37.8391 31.5049
37.8394 31.5668
37.8396 31.4959
37.8399 31.4339
37.8401 31.5047
37.8403 31.5666
37.8406 31.4958
37.8408 31.4338
37.8411 31.5046
37.8413 31.5665
37.8415 31.4957
37.8418 31.4337
37.842 31.5045
37.8423 31.5664
37.8425 31.4956
37.8428 31.4337
37.843 31.3795
37.8432 31.457
37.8435 31.5249
37.8437 31.4593
37.844 31.4019
37.8442 31.4766
37.8444 31.5421
37.8458 31.5993
37.8479 31.7744
37.8485 31.8026
37.849 31.7023
37.8498 31.7395
37.8546 32.272
37.8563 32.363
37.8622 32.9427
37.8626 32.8248
37.8628 32.5967
37.8631 32.5221
37.8633 32.4569
37.8635 32.3998
37.8638 32.2248
37.864 32.1967
37.8643 32.1721
37.8645 32.1506
37.8647 32.0068
37.865 31.8809
37.8652 31.8958
37.8655 31.9088
37.8657 31.7952
37.8659 31.6958
37.8662 31.7338
37.8664 31.7671
37.8667 31.6712
37.8669 31.5873
37.8671 31.6389
37.8674 31.684
37.8676 31.5985
37.8679 31.5237
37.8681 31.5833
37.8683 31.6353
37.8686 31.6809
37.8688 31.5958
37.8691 31.6463
37.8693 31.6905
37.8695 31.7292
37.8698 31.6381
37.87 31.6833
37.8703 31.7229
37.8705 31.7575
37.8707 31.6628
37.871 31.58
37.8712 31.6325
37.8715 31.6784
37.8717 31.5936
37.872 31.5194
37.8722 31.5795
37.8724 31.6321
37.8727 31.553
37.8729 31.4839
37.8732 31.5484
37.8734 31.6049
37.8736 31.5293
37.8739 31.4631
37.8741 31.5302
37.8744 31.5889
37.8746 31.6403
37.8748 31.5603
37.8751 31.6152
37.8753 31.6633
37.8756 31.7054
37.8758 31.6172
37.8763 31.6651
37.8775 31.707
37.8796 31.7436
37.8802 31.7756
37.8807 31.8037
37.8816 31.8282
37.8864 31.8497
37.8881 31.8685
37.8939 31.7599
37.8943 31.7899
37.8945 31.8162
37.8948 31.7142
37.895 31.7499
37.8953 31.7812
37.8955 31.8085
37.8957 31.7074
37.896 31.619
37.8962 31.6666
37.8965 31.7083
37.8967 31.7448
37.8969 31.6517
37.8972 31.6952
37.8974 31.7333
37.8977 31.7666
37.8979 31.6708
37.8981 31.712
37.8984 31.748
37.8986 31.7795
37.8989 31.682
37.8991 31.7218
37.8993 31.7566
37.8996 31.787
37.8998 31.6886
37.9001 31.7275
37.9003 31.7616
37.9005 31.7914
37.9008 31.6925
37.901 31.7309
37.9013 31.7645
37.9015 31.794
37.9017 31.6947
37.902 31.6079
37.9022 31.6569
37.9025 31.6998
37.9027 31.7373
37.903 31.6451
37.9032 31.6895
37.9034 31.7283
37.9037 31.7623
37.9039 31.667
37.9042 31.7086
37.9044 31.745
37.9046 31.7769
37.9049 31.6798
37.9051 31.7198
37.9054 31.7548
37.9056 31.7855
37.9058 31.6873
37.9061 31.7264
37.9063 31.7606
37.9066 31.7905
37.9068 31.6917
37.907 31.7302
37.9073 31.764
37.9075 31.7935
37.908 31.6943
37.9092 31.7325
37.9114 31.7659
37.912 31.6702
37.9124 31.7114
37.9133 31.7475
37.9181 31.7791
37.9198 31.6817
37.9257 31.7215
37.926 31.7563
37.9263 31.7867
37.9265 31.8134
37.9267 31.7117
37.927 31.6228
37.9272 31.6699
37.9275 31.7112
37.9277 31.7473
37.9279 31.6539
37.9282 31.6971
37.9284 31.735
37.9287 31.7681
37.9289 31.6721
37.9291 31.7131
37.9294 31.749
37.9296 31.7803
37.9299 31.6828
37.9301 31.7224
37.9303 31.7571
37.9306 31.7875
37.9308 31.6891
37.9311 31.7279
37.9313 31.7619
37.9315 31.7917
37.9318 31.6927
37.932 31.7311
37.9323 31.7647
37.9325 31.7942
37.9328 31.8199
37.933 31.7174
37.9332 31.7527
37.9335 31.7836
37.9337 31.8107
37.934 31.8343
37.9342 31.855
37.9344 31.8732
37.9347 31.889
37.9349 31.9029
37.9352 31.915
37.9354 31.9257
37.9356 31.9349
37.9359 31.9431
37.9361 31.9502
37.9364 31.9564
37.9366 31.9619
37.9368 31.9666
37.9371 31.9708
37.9373 31.9745
37.9376 31.9776
37.9378 31.9804
37.938 31.9829
37.9383 31.985
37.9385 31.9869
37.9388 31.9885
37.939 31.865
37.9392 31.8818
37.9396 31.8966
37.9409 32.0345
37.9431 32.2802
37.9437 32.2452
37.9442 32.3395
37.945 32.4221
37.9498 32.8693
37.9515 32.8857
37.9574 33.525
37.9579 33.3343
37.9581 33.1675
37.9583 33.0216
37.9586 32.8939
37.9588 32.7822
37.9591 32.8094
37.9593 32.7082
37.9595 32.6197
37.9598 32.5422
37.96 32.5994
37.9603 32.5245
37.9605 32.459
37.9607 32.4016
37.961 32.3514
37.9612 32.3075
37.9615 32.269
37.9617 32.2354
37.9619 32.206
37.9622 32.1802
37.9624 32.1577
37.9627 32.138
37.9629 32.1207
37.9632 32.1056
37.9634 32.0924
37.9636 32.0809
37.9639 32.0708
37.9641 32.0619
37.9644 32.0542
37.9646 32.0474
37.9648 32.0415
37.9651 32.1613
37.9653 32.1411
37.9656 32.1235
37.9658 32.1081
37.966 32.2195
37.9663 32.1921
37.9665 32.1681
37.9668 32.1471
37.967 32.1287
37.9672 32.1126
37.9675 32.0985
37.9677 32.0862
37.968 32.0754
37.9682 32.066
37.9684 32.0578
37.9687 32.0505
37.9689 32.0442
37.9692 32.0387
37.9694 32.0339
37.9696 32.0296
37.9699 32.0259
37.9701 32.0227
37.9704 32.0198
37.9706 32.0174
37.9708 32.0152
37.9711 32.1383
37.9713 32.121
37.9726 32.2309
37.9748 32.452
37.9754 32.3955
37.9759 32.3461
37.9767 32.3028
37.9815 32.765
37.9832 32.9193
37.9891 33.5544
37.9896 33.3601
37.9898 33.1901
37.9901 33.0413
37.9903 32.9112
37.9905 32.7973
37.9908 32.6976
37.991 32.6104
37.9913 32.5341
37.9915 32.4673
37.9917 32.4089
37.992 32.2328
37.9922 32.2037
37.9925 32.1782
37.9927 32.156
37.993 32.1365
37.9932 32.1194
37.9934 32.1045
37.9937 32.0914
37.9939 32.08
37.9942 32.07
37.9944 32.0612
37.9946 32.0536
37.9949 32.0469
37.9951 32.041
37.9954 32.0359
37.9956 32.0314
37.9958 32.0275
37.9961 32.024
37.9963 32.021
37.9966 32.0184
37.9968 32.0161
37.997 32.0141
37.9973 32.0123
37.9975 32.0108
37.9978 32.0094
37.998 31.8833
37.9982 31.8979
37.9985 31.9106
37.9987 31.9218
37.999 31.9316
37.9992 31.9401
37.9994 31.9476
37.9997 31.9542
37.9999 31.9599
38.0002 31.9649
38.0004 31.9693
38.0006 31.9731
38.0009 31.9765
38.0011 31.9794
38.0014 31.982
38.0016 31.9842
38.0018 31.9862
38.0021 31.9879
38.0023 31.9894
38.0026 31.9908
38.0028 31.9919
38.003 31.9929
38.0035 31.9938
38.0047 31.9946
38.0069 31.9953
38.0076 31.9959
38.0081 32.1214
38.0089 32.1062
38.0137 32.0929
38.0154 32.0813
38.0213 32.0711
38.0217 32.0623
38.0219 32.0545
38.0222 32.0477
38.0224 32.0417
38.0226 32.0365
38.0229 32.0319
38.0231 32.0279
38.0234 32.0244
38.0236 32.0214
38.0238 32.0187
38.0241 32.1414
38.0243 32.1237
38.0246 32.1082
38.0248 32.0947
38.025 32.2079
38.0253 32.1819
38.0255 32.1591
38.0258 32.1393
38.026 32.1218
38.0262 32.1066
38.0265 32.0933
38.0267 32.0816
38.027 32.0714
38.0272 32.0625
38.0274 32.0547
38.0277 32.0478
38.0279 32.0419
38.0282 32.0366
38.0284 32.0321
38.0286 32.028
38.0289 32.0245
38.0291 32.0215
38.0294 32.0188
38.0296 32.0164
38.0298 32.0144
38.0301 32.1376
38.0303 32.1204
38.0306 32.1053
38.0308 32.0922
38.031 32.2056
38.0313 32.1799
38.0315 32.1574
38.0318 32.1378
38.032 32.2455
38.0322 32.2149
38.0325 32.188
38.0327 32.1645
38.033 32.1439
38.0332 32.1259
38.0334 32.1102
38.0337 32.0964
38.0339 32.0844
38.0342 32.0738
38.0344 32.0646
38.0346 32.0565
38.0349 32.0495
38.0352 32.0433
38.0357 32.0379
38.0369 32.0331
38.0391 32.154
38.0398 32.1347
38.0403 32.1179
38.0411 32.2282
38.0459 32.1996
38.0476 32.1747
38.0535 32.1528
38.0539 32.1337
38.0541 32.242
38.0544 32.2118
38.0546 32.1853
38.0548 32.1621
38.0551 32.2669
38.0553 32.2335
38.0556 32.2043
38.0558 32.1788
38.056 32.2814
38.0563 32.2463
38.0565 32.2155
38.0568 32.1885
38.057 32.165
38.0572 32.1443
38.0575 32.1263
38.0577 32.1105
38.058 32.0967
38.0582 32.2096
38.0584 32.1834
38.0587 32.1605
38.0589 32.1404
38.0592 32.2479
38.0594 32.2169
38.0596 32.1898
38.0599 32.1661
38.0601 32.2703
38.0604 32.2365
38.0606 32.2069
38.0608 32.1811
38.0611 32.2834
38.0613 32.248
38.0616 32.217
38.0618 32.1899
38.062 32.2911
38.0623 32.2548
38.0625 32.2229
38.0628 32.195
38.063 32.2957
38.0632 32.2587
38.0635 32.2264
38.0637 32.1981
38.064 32.1733
38.0642 32.1516
38.0644 32.1327
38.0647 32.1161
38.0649 32.1016
38.0652 32.2139
38.0654 32.3122
38.0656 32.2731
38.0659 32.239
38.0661 32.3341
38.0664 32.4174
38.0666 32.3652
38.0668 32.3195
38.0671 32.4046
38.0673 32.479
38.0678 32.4191
38.069 32.6167
38.0712 32.9147
38.0719 32.8003
38.0724 32.8253
38.0732 32.8471
38.0781 33.3662
38.0798 33.4455
38.0857 34.0148
38.0862 33.8879
38.0864 33.7769
38.0867 33.5548
38.0869 33.3605
38.0872 33.3154
38.0874 33.276
38.0876 33.1165
38.0879 32.9769
38.0881 32.9798
38.0884 32.9823
38.0886 32.8595
38.0888 32.7521
38.0891 32.7831
38.0893 32.8102
38.0896 32.8339
38.0898 32.7297
38.09 32.7635
38.0903 32.793
38.0905 32.8189
38.0908 32.7165
38.091 32.752
38.0912 32.783
38.0915 32.8101
38.0917 32.7088
38.092 32.6202
38.0922 32.6677
38.0924 32.7092
38.0927 32.6206
38.0929 32.543
38.0932 32.6001
38.0934 32.6501
38.0936 32.5689
38.0939 32.4977
38.0941 32.5605
38.0944 32.6155
38.0946 32.5385
38.0948 32.4712
38.0951 32.5373
38.0953 32.5951
38.0956 32.5208
38.0958 32.4557
38.096 32.5237
38.0963 32.5832
38.0965 32.6353
38.0968 32.5559
38.097 32.6114
38.0973 32.66
38.0975 32.7025
38.0977 32.6147
38.098 32.5378
38.0982 32.5956
38.0985 32.6462
38.0987 32.5654
38.0989 32.4947
38.0992 32.5579
38.0994 32.6131
38.0997 32.5365
38.1 32.5944
38.1012 32.7701
38.1034 32.9239
38.1041 32.9334
38.1046 32.9417
38.1054 32.949
38.1103 33.4554
38.112 33.5234
38.1179 34.083
38.1184 33.9476
38.1186 33.7042
38.1189 33.4912
38.1191 33.4298
38.1194 33.376
38.1196 33.204
38.1198 33.0535
38.1201 33.0468
38.1203 33.041
38.1206 32.9109
38.1208 32.797
38.121 32.8224
38.1213 32.8446
38.1215 32.739
38.1218 32.6466
38.122 32.6908
38.1222 32.7294
38.1225 32.6383
38.1227 32.5585
38.123 32.4887
38.1232 32.5526
38.1234 32.4835
38.1237 32.4231
38.1239 32.3702
38.1242 32.4489
38.1244 32.5178
38.1246 32.4531
38.1249 32.3964
38.1251 32.4719
38.1254 32.5379
38.1256 32.4707
38.1258 32.4118
38.1261 32.4853
38.1263 32.5497
38.1266 32.481
38.1268 32.4208
38.127 32.4932
38.1273 32.5566
38.1275 32.487
38.1278 32.4261
38.128 32.4979
38.1283 32.5606
38.1285 32.4906
38.1287 32.4292
38.129 32.3756
38.1292 32.4536
38.1295 32.3969
38.1297 32.3473
38.1299 32.3039
38.1302 32.3909
38.1304 32.467
38.1307 32.4087
38.1309 32.3576
38.1311 32.4379
38.1314 32.5081
38.1316 32.4446
38.1319 32.389
38.1322 32.4654
38.1334 32.5322
38.1356 32.7157
38.1359 32.6262
38.1367 32.548
38.1371 32.6045
38.138 32.5289
38.1429 32.4628
38.1447 32.4049
38.1506 32.4793
38.151 32.4194
38.1512 32.492
38.1514 32.5555
38.1517 32.486
38.1519 32.4253
38.1522 32.4971
38.1524 32.56
38.1526 32.49
38.1529 32.4287
38.1531 32.5001
38.1534 32.5626
38.1536 32.4923
38.1538 32.4308
38.1541 32.5019
38.1543 32.5642
38.1546 32.4937
38.1548 32.4319
38.155 32.503
38.1553 32.5651
38.1555 32.6194
38.1558 32.542
38.156 32.5993
38.1562 32.6494
38.1565 32.6932
38.1567 32.6065
38.157 32.5307
38.1572 32.5894
38.1575 32.6407
38.1577 32.5606
38.1579 32.4905
38.1582 32.5542
38.1584 32.6099
38.1587 32.5337
38.1589 32.467
38.1591 32.5336
38.1594 32.5919
38.1596 32.5179
38.1599 32.4532
38.1601 32.5215
38.1603 32.5813
38.1606 32.5087
38.1608 32.4451
38.1611 32.5145
38.1613 32.5751
38.1615 32.6283
38.1618 32.5497
38.162 32.606
38.1623 32.6553
38.1625 32.6983
38.1627 32.6111
38.163 32.5347
38.1632 32.5928
38.1635 32.6437
38.1637 32.5633
38.1639 32.4929
38.1642 32.5562
38.1644 32.6117
38.1649 32.5353
38.1661 32.5933
38.1683 32.6442
38.1686 32.6887
38.1693 32.7276
38.1698 32.6366
38.1707 32.682
38.1756 32.7218
38.1774 32.7566
38.1833 32.787
38.1836 32.8136
38.1839 32.7119
38.1841 32.7479
38.1844 32.7794
38.1846 32.807
38.1848 32.7061
38.1851 32.7429
38.1853 32.775
38.1856 32.8031
38.1858 32.7027
38.186 32.7399
38.1863 32.7724
38.1865 32.8009
38.1868 32.7007
38.187 32.7382
38.1872 32.7709
38.1875 32.7995
38.1877 32.6996
38.188 32.6121
38.1882 32.6606
38.1885 32.703
38.1887 32.6152
38.1889 32.5383
38.1892 32.596
38.1894 32.6465
38.1897 32.6907
38.1899 32.6043
38.1901 32.6538
38.1904 32.6971
38.1906 32.7349
38.1909 32.6431
38.1911 32.6877
38.1913 32.7267
38.1916 32.7609
38.1918 32.6658
38.1921 32.7076
38.1923 32.7441
38.1925 32.7761
38.1928 32.6791
38.193 32.7192
38.1933 32.7543
38.1935 32.785
38.1937 32.6869
38.194 32.601
38.1942 32.6509
38.1945 32.6945
38.1947 32.6077
38.1949 32.5317
38.1952 32.5903
38.1954 32.6415
38.1957 32.6863
38.1959 32.6005
38.1961 32.6505
38.1964 32.6941
38.1966 32.7324
38.1969 32.6408
38.1971 32.6857
38.1976 32.725
38.1988 32.6344
38.2009 32.5551
38.2013 32.6107
38.202 32.6594
38.2025 32.7019
38.2034 32.7392
38.2083 32.7718
38.2102 32.8003
38.2161 32.8253
38.2164 32.8471
38.2167 32.8662
38.2169 32.758
38.2172 32.7882
38.2174 32.8147
38.2177 32.8378
38.2179 32.8581
38.2181 32.8758
38.2184 32.8914
38.2186 32.9049
38.2189 32.9168
38.2191 32.9272
38.2193 32.9363
38.2196 32.9443
38.2198 32.9512
38.2201 32.9573
38.2203 32.9627
38.2205 32.9673
38.2208 32.9714
38.221 33.1
38.2213 33.0875
38.2215 33.0766
38.2217 33.067
38.222 33.0586
38.2222 33.0513
38.2225 33.0449
38.2227 33.0393
38.2229 33.0344
38.2232 33.0301
38.2234 33.0263
38.2237 33.023
38.2239 33.0201
38.2241 33.0176
38.2244 33.0154
38.2246 33.0135
38.2249 33.0118
38.2251 33.0103
38.2253 33.009
38.2256 33.0079
38.2258 33.0069
38.2261 33.0061
38.2263 33.0053
38.2265 33.0046
38.2268 33.0041
38.227 33.1285
38.2273 33.1125
38.2275 33.0984
38.2277 33.0861
38.228 33.0753
38.2282 33.0659
38.2285 33.0577
38.2287 33.0505
38.2289 33.0442
38.2292 33.0386
38.2294 33.0338
38.2297 33.0296
38.2299 33.0259
38.2303 33.0227
38.2315 33.1448
38.2336 33.3767
38.234 33.3296
38.2347 33.2884
38.2352 33.2524
38.236 33.3458
38.241 33.8026
38.2429 33.8273
38.2488 34.3489
38.2491 34.1803
38.2494 34.0327
38.2496 33.9036
38.2499 33.7907
38.2501 33.6918
38.2503 33.6054
38.2506 33.5297
38.2508 33.4635
38.2511 33.4055
38.2513 33.3548
38.2515 33.3105
38.2518 33.2717
38.252 33.2377
38.2523 33.208
38.2525 33.182
38.2527 33.1593
38.253 33.0143
38.2532 33.0126
38.2535 33.011
38.2537 33.0096
38.2539 32.8834
38.2542 32.898
38.2544 32.9107
38.2547 32.9219
38.2549 32.9317
38.2551 32.9402
38.2554 32.9477
38.2556 32.9542
38.2559 32.9599
38.2561 32.9649
38.2563 32.9693
38.2566 32.9732
38.2568 32.9765
38.2571 32.9794
38.2573 32.982
38.2575 32.9843
38.2578 32.9862
38.258 32.988
38.2583 32.9895
38.2585 32.9908
38.2587 32.9919
38.259 32.8679
38.2592 32.8844
38.2595 32.8989
38.2597 32.9115
38.2599 32.7976
38.2602 32.8229
38.2604 32.845
38.2607 32.8644
38.2609 32.8813
38.2611 32.8962
38.2614 32.9092
38.2616 32.9205
38.2619 32.9304
38.2621 32.9391
38.2623 32.9467
38.2626 32.9534
38.263 32.9592
38.2642 33.0893
38.2663 33.3282
38.2667 33.2871
38.2674 33.3762
38.2679 33.3292
38.2687 33.2881
38.2736 33.7521
38.2756 33.908
38.2816 34.5445
38.2819 34.3515
38.2822 34.1825
38.2824 34.0347
38.2827 33.9054
38.2829 33.7922
38.2831 33.6932
38.2834 33.6065
38.2836 33.5307
38.2839 33.4644
38.2841 33.4063
38.2843 33.3555
38.2846 33.3111
38.2848 33.2722
38.2851 33.2382
38.2853 33.2084
38.2855 33.1824
38.2858 33.1596
38.286 33.2646
38.2863 33.2315
38.2865 33.2026
38.2867 33.1773
38.287 33.1551
38.2872 33.1357
38.2875 33.1188
38.2877 33.1039
38.2879 33.0909
38.2882 33.0796
38.2884 33.0696
38.2887 33.0609
38.2889 33.0533
38.2891 33.0466
38.2894 33.0408
38.2896 33.0357
38.2899 33.0312
38.2901 33.0273
38.2903 33.0239
38.2906 33.0209
38.2908 33.0183
38.2911 33.016
38.2913 33.014
38.2915 33.0123
38.2918 33.0107
38.292 33.1344
38.2923 33.1176
38.2925 33.1029
38.2928 33.09
38.293 33.0788
38.2932 33.0689
38.2935 33.0603
38.2937 33.0528
38.294 33.0462
38.2942 33.0404
38.2944 33.0354
38.2947 33.0309
38.2949 33.0271
38.2952 33.0237
38.2954 33.0207
38.2958 33.0181
38.2961 33.1409
38.2973 33.1233
38.2995 33.1078
38.2998 33.0944
38.3006 33.0826
38.301 33.1972
38.3019 33.1726
38.3068 33.151
38.3087 33.1321
38.3147 33.1156
38.3151 33.2262
38.3153 33.1979
38.3156 33.1732
38.3158 33.1515
38.3161 33.2576
38.3163 33.2254
38.3165 33.1972
38.3168 33.1726
38.317 33.276
38.3173 33.2415
38.3175 33.2113
38.3177 33.1849
38.318 33.1618
38.3182 33.1416
38.3185 33.1239
38.3187 33.1084
38.3189 33.0948
38.3192 33.083
38.3194 33.0726
38.3197 33.0635
38.3199 33.0556
38.3201 33.1736
38.3204 33.1519
38.3206 33.1329
38.3209 33.1163
38.3211 33.2268
38.3213 33.1984
38.3216 33.1736
38.3218 33.1519
38.3221 33.2579
38.3223 33.2257
38.3226 33.1975
38.3228 33.1728
38.323 33.2762
38.3233 33.2417
38.3235 33.2115
38.3238 33.185
38.324 33.1619
38.3242 33.1417
38.3245 33.124
38.3247 33.1085
38.325 33.0949
38.3252 33.083
38.3254 33.0727
38.3257 33.0636
38.3259 33.0556
38.3262 33.1737
38.3264 33.152
38.3266 33.133
38.3269 33.1163
38.3271 33.2268
38.3274 33.1985
38.3276 33.1736
38.3278 33.1519
38.3281 33.2579
38.3283 33.2257
38.3286 33.1975
38.3289 33.1728
38.3293 33.1512
38.3305 33.1323
38.3326 33.1158
38.333 33.2263
38.3337 33.198
38.3342 33.1733
38.335 33.2766
38.34 33.242
38.3419 33.2118
38.348 33.3103
38.3484 33.2715
38.3486 33.2376
38.3489 33.2079
38.3491 33.3069
38.3493 33.2685
38.3496 33.235
38.3498 33.2056
38.3501 33.3049
38.3503 33.2668
38.3505 33.2334
38.3508 33.2043
38.351 33.3037
38.3513 33.3908
38.3515 33.3419
38.3517 33.2992
38.352 33.2618
38.3522 33.3541
38.3525 33.3098
38.3527 33.2711
38.353 33.2372
38.3532 33.3325
38.3534 33.291
38.3537 33.2546
38.3539 33.2228
38.3542 33.3199
38.3544 33.4049
38.3546 33.3543
38.3549 33.31
38.3551 33.3963
38.3554 33.4717
38.3556 33.4128
38.3558 33.3612
38.3561 33.441
38.3563 33.5109
38.3566 33.447
38.3568 33.3912
38.357 33.4673
38.3573 33.5339
38.3575 33.5921
38.3578 33.5181
38.358 33.4533
38.3582 33.5217
38.3585 33.5815
38.3587 33.5088
38.359 33.4452
38.3592 33.5145
38.3594 33.5752
38.3597 33.5033
38.3599 33.4404
38.3602 33.5103
38.3604 33.5716
38.3606 33.5001
38.3609 33.4376
38.3611 33.5079
38.3614 33.5694
38.3616 33.4982
38.3618 33.436
38.3621 33.5065
38.3626 33.5681
38.3636 33.6221
38.3658 33.7944
38.3662 33.8201
38.3669 33.7176
38.3674 33.7529
38.3682 33.7838
38.3731 34.3108
38.3751 34.5219
38.3812 35.2067
38.3815 34.9309
38.3818 34.6895
38.382 34.6033
38.3823 34.5279
38.3825 34.3369
38.3828 34.1698
38.383 34.0236
38.3832 34.0206
38.3835 33.893
38.3837 33.7814
38.384 33.6837
38.3842 33.7233
38.3844 33.6329
38.3847 33.5538
38.3849 33.4845
38.3852 33.549
38.3854 33.6053
38.3856 33.5297
38.3859 33.4635
38.3861 33.5305
38.3864 33.5892
38.3866 33.5156
38.3868 33.4511
38.3871 33.5197
38.3873 33.5798
38.3876 33.5073
38.3878 33.4439
38.388 33.5134
38.3883 33.5742
38.3885 33.5024
38.3888 33.4396
38.389 33.3847
38.3892 33.4616
38.3895 33.4039
38.3897 33.3534
38.39 33.3092
38.3902 33.3956
38.3904 33.3461
38.3907 33.3029
38.3909 33.265
38.3912 33.3569
38.3914 33.4373
38.3916 33.3826
38.3919 33.3348
38.3921 33.4179
38.3924 33.4907
38.3926 33.4294
38.3928 33.3757
38.3931 33.4537
38.3933 33.522
38.3936 33.4568
38.3938 33.3997
38.394 33.4747
38.3943 33.5404
38.3945 33.4728
38.3948 33.4137
38.395 33.487
38.3952 33.5511
38.3957 33.4822
38.3968 33.547
38.399 33.7286
38.3993 33.7625
38.4001 33.7922
38.4005 33.8182
38.4014 33.8409
38.4063 34.3608
38.4082 34.4407
38.4144 35.0106
38.4148 34.7593
38.4151 34.6644
38.4153 34.5813
38.4156 34.3837
38.4158 34.2107
38.416 34.1844
38.4163 34.1613
38.4165 34.1412
38.4168 33.9985
38.417 33.8737
38.4172 33.8895
38.4175 33.9033
38.4177 33.7904
38.418 33.6916
38.4182 33.7301
38.4184 33.7639
38.4187 33.6684
38.4189 33.5848
38.4192 33.6367
38.4194 33.6821
38.4196 33.5969
38.4199 33.5223
38.4201 33.582
38.4204 33.6342
38.4206 33.555
38.4208 33.4856
38.4211 33.5499
38.4213 33.6061
38.4216 33.5304
38.4218 33.4641
38.422 33.5311
38.4223 33.5897
38.4225 33.641
38.4228 33.5609
38.423 33.6157
38.4232 33.6638
38.4235 33.7058
38.4237 33.6176
38.424 33.5404
38.4242 33.5978
38.4244 33.6481
38.4247 33.5671
38.4249 33.4962
38.4252 33.5592
38.4254 33.6143
38.4256 33.5375
38.4259 33.4703
38.4261 33.5365
38.4264 33.5945
38.4266 33.5201
38.4268 33.4551
38.4271 33.5232
38.4273 33.5828
38.4276 33.51
38.4278 33.4462
38.4281 33.5155
38.4283 33.576
38.4285 33.504
38.429 33.566
38.4293 33.6203
38.4305 33.6677
38.4326 33.7093
38.433 33.6206
38.4337 33.543
38.4342 33.6001
38.435 33.6501
38.4399 33.5689
38.4419 33.4978
38.448 33.4355
38.4485 33.5061
38.4487 33.4428
38.449 33.3875
38.4492 33.464
38.4494 33.531
38.4497 33.4647
38.4499 33.4066
38.4502 33.4808
38.4504 33.5457
38.4506 33.6024
38.4509 33.5271
38.4511 33.5862
38.4514 33.638
38.4516 33.6832
38.4518 33.5978
38.4521 33.6481
38.4523 33.6921
38.4526 33.7306
38.4528 33.6392
38.453 33.6843
38.4533 33.7238
38.4535 33.7583
38.4538 33.6635
38.454 33.7056
38.4542 33.7424
38.4545 33.7746
38.4547 33.6778
38.455 33.593
38.4552 33.6439
38.4554 33.6884
38.4557 33.6024
38.4559 33.5271
38.4562 33.5862
38.4564 33.6379
38.4566 33.5582
38.4569 33.4884
38.4571 33.5524
38.4574 33.6083
38.4576 33.6573
38.4579 33.5751
38.4581 33.6282
38.4583 33.6747
38.4586 33.7154
38.4588 33.6259
38.4591 33.6727
38.4593 33.7136
38.4595 33.7494
38.4598 33.6557
38.46 33.6988
38.4603 33.7364
38.4605 33.7694
38.4607 33.6732
38.461 33.589
38.4612 33.6404
38.4615 33.6854
38.4617 33.5997
38.4619 33.5247
38.4622 33.5841
38.4627 33.5111
38.4629 33.4472
38.4641 33.5163
38.4663 33.5768
38.4666 33.6297
38.4673 33.676
38.4678 33.5915
38.4687 33.5175
38.4736 33.5778
38.4755 33.6306
38.4818 33.6768
38.4822 33.7172
38.4825 33.7525
38.4827 33.7835
38.483 33.6855
38.4832 33.7248
38.4834 33.7592
38.4837 33.7893
38.4839 33.6907
38.4842 33.7293
38.4844 33.7632
38.4846 33.7928
38.4849 33.6937
38.4851 33.732
38.4854 33.7655
38.4856 33.7948
38.4858 33.6954
38.4861 33.7335
38.4863 33.7668
38.4866 33.796
38.4868 33.6965
38.487 33.7344
38.4873 33.7676
38.4875 33.7967
38.4878 33.6971
38.488 33.7349
38.4883 33.7681
38.4885 33.7971
38.4887 33.8224
38.489 33.7196
38.4892 33.7547
38.4895 33.7853
38.4897 33.8122
38.4899 33.7106
38.4902 33.7468
38.4904 33.7785
38.4907 33.8062
38.4909 33.7054
38.4911 33.7422
38.4914 33.7744
38.4916 33.8026
38.4919 33.7023
38.4921 33.7395
38.4923 33.7721
38.4926 33.8006
38.4928 33.8255
38.4931 33.8473
38.4933 33.8664
38.4935 33.8831
38.4938 33.8977
38.494 33.9105
38.4943 33.9217
38.4945 33.9315
38.4947 33.94
38.495 33.9475
38.4952 33.9541
38.4955 33.9598
38.4957 33.9648
38.4959 33.9692
38.4963 33.9731
38.4967 33.9764
38.4977 34.1044
38.4999 34.2163
38.5003 34.1893
38.501 34.1656
38.5015 34.1449
38.5023 34.2518
38.5072 34.8453
38.5092 34.9897
38.5154 35.616
38.5159 35.414
38.5161 35.2372
38.5164 35.0826
38.5166 34.9472
38.5168 34.8288
38.5171 34.7252
38.5173 34.6346
38.5176 34.5553
38.5178 34.4858
38.5181 34.4251
38.5183 34.372
38.5185 34.3255
38.5188 34.2848
38.519 34.2492
38.5193 34.218
38.5195 34.1908
38.5197 34.1669
38.52 34.0211
38.5202 34.0184
38.5205 34.0161
38.5207 34.0141
38.5209 33.8873
38.5212 33.9014
38.5214 33.9138
38.5217 33.9245
38.5219 33.809
38.5221 33.8328
38.5224 33.8537
38.5226 33.872
38.5229 33.888
38.5231 33.902
38.5233 33.9143
38.5236 33.925
38.5238 33.9344
38.5241 33.9426
38.5243 33.9497
38.5245 33.956
38.5248 33.9615
38.525 33.9663
38.5253 33.9705
38.5255 33.9742
38.5257 33.9774
38.526 33.8553
38.5262 33.8734
38.5265 33.8892
38.5267 33.903
38.5269 33.7902
38.5272 33.8164
38.5274 33.8393
38.5277 33.8594
38.5279 33.752
38.5281 33.783
38.5284 33.8101
38.5286 33.8339
38.5289 33.8546
38.5291 33.8728
38.5293 33.8887
38.5296 33.9026
38.5299 33.9148
38.5303 33.9254
38.5314 34.0598
38.5336 34.3023
38.5339 34.2645
38.5346 34.2314
38.5351 34.3275
38.536 34.2866
38.5409 34.7507
38.5428 34.7819
38.5491 35.4342
38.5497 35.2549
38.5499 35.098
38.5501 34.9608
38.5504 34.8407
38.5506 34.7356
38.5509 34.6436
38.5511 34.5632
38.5513 34.4928
38.5516 34.4312
38.5518 34.3773
38.5521 34.3301
38.5523 34.2889
38.5525 34.2528
38.5528 34.2212
38.553 34.1935
38.5533 34.1693
38.5535 34.1482
38.5537 34.1296
38.554 34.1134
38.5542 34.0993
38.5545 34.0868
38.5547 34.076
38.5549 34.0665
38.5552 34.0582
38.5554 34.0509
38.5557 34.0445
38.5559 34.039
38.5561 34.0341
38.5564 34.0298
38.5566 34.0261
38.5569 34.0228
38.5571 34.02
38.5573 34.0175
38.5576 34.0153
38.5578 34.0134
38.5581 34.0117
38.5583 34.0103
38.5585 34.009
38.5588 34.0078
38.559 34.0069
38.5593 34.006
38.5595 34.0053
38.5597 34.0046
38.56 34.004
38.5602 34.0035
38.5605 34.0031
38.5607 34.0027
38.5609 34.0024
38.5612 34.0021
38.5614 34.0018
38.5617 34.0016
38.5619 34.0014
38.5621 34.0012
38.5624 34.0011
38.5626 34.0009
38.5629 34.0008
38.5631 34.0007
38.5634 34.0006
38.5637 34.0005
38.5641 34.1255
38.5643 34.1098
38.5655 34.0961
38.5677 34.0841
38.568 34.1985
38.5688 34.1737
38.5692 34.152
38.5701 34.258
38.575 34.3508
38.5769 34.3069
38.5832 34.2685
38.5838 34.235
38.584 34.3306
38.5843 34.2893
38.5845 34.2531
38.5847 34.2215
38.585 34.1938
38.5852 34.1696
38.5855 34.1484
38.5857 34.1298
38.5859 34.1136
38.5862 34.0994
38.5864 34.087
38.5867 34.0761
38.5869 34.0666
38.5871 34.0583
38.5874 34.051
38.5876 34.0446
38.5879 34.039
38.5881 34.1592
38.5883 34.1393
38.5886 34.1219
38.5888 34.1066
38.5891 34.2183
38.5893 34.191
38.5895 34.1671
38.5898 34.1462
38.59 34.253
38.5903 34.2213
38.5905 34.1937
38.5907 34.1695
38.591 34.1483
38.5912 34.1297
38.5915 34.1135
38.5917 34.0993
38.5919 34.0869
38.5922 34.0761
38.5924 34.0665
38.5927 34.0582
38.5929 34.0509
38.5932 34.0446
38.5934 34.039
38.5936 34.0341
38.5939 34.0299
38.5941 34.1511
38.5944 34.1322
38.5946 34.1157
38.5948 34.1012
38.5951 34.2136
38.5953 34.1869
38.5956 34.1635
38.5958 34.1431
38.596 34.2502
38.5963 34.2189
38.5965 34.1916
38.5968 34.1676
38.597 34.1467
38.5972 34.1283
38.5975 34.1123
38.5978 34.0983
38.5982 34.086
38.5984 34.0752
38.5996 34.0658
38.6018 34.0576
38.6022 34.0504
38.6029 34.0441
38.6034 34.0386
38.6042 34.0338
38.6091 34.0295
38.6111 34.1508
38.6174 34.132
38.618 34.2405
38.6183 34.2104
38.6185 34.1841
38.6187 34.1611
38.619 34.141
38.6192 34.2483
38.6195 34.2173
38.6197 34.1901
38.6199 34.1664
38.6202 34.2706
38.6204 34.2368
38.6207 34.2072
38.6209 34.1813
38.6211 34.2836
38.6214 34.2482
38.6216 34.2171
38.6219 34.19
38.6221 34.2912
38.6223 34.2548
38.6226 34.223
38.6228 34.1951
38.6231 34.2957
38.6233 34.2588
38.6236 34.2264
38.6238 34.1981
38.624 34.2983
38.6243 34.2611
38.6245 34.2284
38.6248 34.1999
38.625 34.1749
38.6252 34.278
38.6255 34.2433
38.6257 34.2129
38.626 34.1863
38.6262 34.288
38.6264 34.252
38.6267 34.2205
38.6269 34.1929
38.6272 34.2938
38.6274 34.2571
38.6276 34.2249
38.6279 34.1968
38.6281 34.2972
38.6284 34.2601
38.6286 34.2276
38.6288 34.1991
38.6291 34.2992
38.6293 34.2618
38.6296 34.2291
38.6298 34.2005
38.63 34.3004
38.6303 34.2628
38.6305 34.23
38.6308 34.2012
38.631 34.3011
38.6312 34.3885
38.6315 34.4649
38.6317 34.4068
38.632 34.3559
38.6324 34.4364
38.6327 34.3819
38.6338 34.4592
38.6359 34.6518
38.6363 34.6953
38.637 34.7334
38.6375 34.7667
38.6383 34.7959
38.6433 35.3214
38.6452 35.4062
38.6515 35.9804
38.6521 35.8579
38.6524 35.6256
38.6526 35.4224
38.6529 35.2446
38.6531 35.2141
38.6534 35.1873
38.6536 35.0389
38.6538 34.909
38.6541 34.9204
38.6543 34.9303
38.6546 34.8141
38.6548 34.7123
38.655 34.7483
38.6553 34.7797
38.6555 34.6823
38.6558 34.597
38.656 34.5224
38.6562 34.5821
38.6565 34.5093
38.6567 34.4456
38.657 34.3899
38.6572 34.4662
38.6574 34.4079
38.6577 34.3569
38.6579 34.3123
38.6582 34.3983
38.6584 34.3485
38.6586 34.3049
38.6589 34.2668
38.6591 34.3585
38.6594 34.4387
38.6596 34.3838
38.6598 34.3358
38.6601 34.4189
38.6603 34.4915
38.6606 34.4301
38.6608 34.3763
38.661 34.4543
38.6613 34.5225
38.6615 34.4572
38.6618 34.4
38.662 34.475
38.6622 34.5406
38.6625 34.4731
38.6627 34.4139
38.663 34.3622
38.6632 34.4419
38.6634 34.3867
38.6637 34.3383
38.6639 34.296
38.6642 34.384
38.6644 34.336
38.6646 34.294
38.6649 34.2573
38.6651 34.3501
38.6654 34.3064
38.6656 34.2681
38.6658 34.2345
38.6661 34.3302
38.6666 34.414
38.6668 34.3622
38.6679 34.4419
38.6701 34.7617
38.6704 34.7915
38.6711 34.8175
38.6716 34.7153
38.6725 34.7509
38.6774 35.2821
38.6793 35.3718
38.6857 35.9503
38.6863 35.8315
38.6865 35.6026
38.6868 35.4023
38.687 35.227
38.6872 35.1986
38.6875 35.0488
38.6877 34.9177
38.688 34.803
38.6882 34.8276
38.6884 34.7242
38.6887 34.6336
38.6889 34.5544
38.6892 34.6101
38.6894 34.5339
38.6896 34.4671
38.6899 34.4087
38.6901 34.4826
38.6904 34.5473
38.6906 34.4789
38.6908 34.419
38.6911 34.4917
38.6913 34.5552
38.6916 34.4858
38.6918 34.4251
38.692 34.4969
38.6923 34.5598
38.6925 34.4898
38.6928 34.4286
38.693 34.5
38.6932 34.5625
38.6935 34.4922
38.6937 34.4307
38.694 34.3768
38.6942 34.4547
38.6944 34.3979
38.6947 34.3482
38.6949 34.3046
38.6952 34.3916
38.6954 34.3426
38.6956 34.2998
38.6959 34.2623
38.6961 34.3545
38.6964 34.3102
38.6966 34.2714
38.6968 34.2375
38.6971 34.3328
38.6973 34.4162
38.6976 34.3642
38.6978 34.3187
38.6981 34.4038
38.6983 34.4783
38.6985 34.4186
38.6988 34.3662
38.699 34.4455
38.6993 34.5148
38.6995 34.4504
38.6997 34.3941
38.7 34.3449
38.7002 34.4267
38.7007 34.3734
38.7009 34.3267
38.7012 34.4109
38.7024 34.4845
38.7045 34.424
38.705 34.496
38.7057 34.434
38.7062 34.5047
38.7071 34.5666
38.712 34.4958
38.7131 34.4338
38.7185 34.2546
38.719 33.9728
38.7192 33.8512
38.7194 33.7448
38.7197 33.6517
38.7199 33.4452
38.7202 33.3896
38.7204 33.3409
38.7206 33.2983
38.7209 33.136
38.7211 33.119
38.7214 33.1041
38.7216 33.0911
38.7218 32.9547
38.7221 32.9604
38.7223 32.9653
38.7226 32.9697
38.7228 32.8484
38.723 32.8674
38.7233 32.884
38.7235 32.8985
38.7238 32.7862
38.724 32.8129
38.7242 32.8363
38.7245 32.8567
38.7247 32.7497
38.725 32.6559
38.7252 32.699
38.7254 32.7366
38.7257 32.6445
38.7259 32.5639
38.7262 32.6185
38.7264 32.6661
38.7266 32.7079
38.7269 32.6194
38.7271 32.667
38.7274 32.7086
38.7276 32.745
38.7278 32.6519
38.7281 32.6954
38.7283 32.7335
38.7286 32.7668
38.7288 32.6709
38.7291 32.7121
38.7293 32.7481
38.7295 32.7796
38.7298 32.6821
38.73 32.7218
38.7303 32.7566
38.7305 32.787
38.7307 32.6887
38.731 32.6026
38.7312 32.6523
38.7315 32.6957
38.7317 32.6088
38.7319 32.5327
38.7335 32.3411
38.7357 32.1734
38.7361 32.0268
38.7369 31.8984
38.7373 31.7861
38.7382 31.6878
38.7431 31.7269
38.7442 31.636
38.7497 31.5565
38.7501 31.6119
38.7503 31.5355
38.7506 31.4685
38.7508 31.41
38.751 31.4837
38.7513 31.4232
38.7515 31.3703
38.7518 31.324
38.752 31.4085
38.7522 31.3575
38.7525 31.3128
38.7527 31.2737
38.753 31.2395
38.7532 31.2095
38.7534 31.1833
38.7537 31.1604
38.7539 31.1404
38.7542 31.1228
38.7544 31.1075
38.7546 31.094
38.7549 31.0823
38.7551 31.072
38.7554 31.063
38.7556 31.0551
38.7558 31.0482
38.7561 31.1672
38.7563 31.1463
38.7566 31.128
38.7568 31.112
38.757 31.223
38.7573 31.1951
38.7575 31.1707
38.7578 31.1494
38.758 31.2557
38.7583 31.2238
38.7585 31.1958
38.7587 31.1713
38.759 31.1499
38.7592 31.1312
38.7595 31.1148
38.7597 31.1004
38.7599 31.0879
38.7602 31.0769
38.7604 31.0673
38.7607 31.0589
38.7609 31.0515
38.7611 31.0451
38.7614 31.0394
38.7616 31.0345
38.7619 31.0302
38.7621 31.1514
38.7623 31.1325
38.7626 31.1159
38.7628 31.1014
38.7632 31.2138
38.7647 31.187
38.7669 31.1637
38.7674 31.1432
38.7681 31.2503
38.7686 31.219
38.7694 31.1916
38.7744 31.1677
38.7754 31.1467
38.781 31.1284
38.7813 31.1123
38.7816 31.0983
38.7818 31.086
38.782 31.2003
38.7823 31.1752
38.7825 31.1533
38.7828 31.1342
38.783 31.2424
38.7832 31.2121
38.7835 31.1856
38.7837 31.1624
38.784 31.1421
38.7842 31.2493
38.7844 31.2182
38.7847 31.1909
38.7849 31.167
38.7852 31.2711
38.7854 31.2373
38.7856 31.2076
38.7859 31.1816
38.7861 31.2839
38.7864 31.2484
38.7866 31.2174
38.7868 31.1902
38.7871 31.2914
38.7873 31.255
38.7876 31.2231
38.7878 31.1952
38.788 31.2958
38.7883 31.2589
38.7885 31.2265
38.7888 31.1982
38.789 31.2984
38.7893 31.2611
38.7895 31.2285
38.7897 31.1999
38.79 31.1749
38.7902 31.2781
38.7905 31.2433
38.7907 31.2129
38.7909 31.1863
38.7912 31.288
38.7914 31.252
38.7917 31.2205
38.7919 31.1929
38.7921 31.2938
38.7924 31.2571
38.7926 31.2249
38.7929 31.1968
38.7931 31.2972
38.7933 31.2601
38.7936 31.2276
38.7938 31.1991
38.7941 31.2992
38.7944 31.2618
38.796 31.2291
38.7981 31.3255
38.7986 31.2848
38.7993 31.2492
38.7998 31.218
38.8007 31.1908
38.8056 31.1669
38.8067 31.1461
38.8122 31.2528
38.8126 31.2212
38.8128 31.1936
38.813 31.2944
38.8133 31.2576
38.8135 31.2254
38.8138 31.1972
38.814 31.2975
38.8142 31.2604
38.8145 31.2278
38.8147 31.1993
38.815 31.1744
38.8152 31.2776
38.8154 31.2429
38.8157 31.2125
38.8159 31.186
38.8162 31.2877
38.8164 31.2518
38.8166 31.2203
38.8169 31.1928
38.8171 31.2937
38.8174 31.257
38.8176 31.2248
38.8178 31.1967
38.8181 31.2971
38.8183 31.26
38.8186 31.2275
38.8188 31.1991
38.8191 31.2992
38.8193 31.2618
38.8195 31.2291
38.8198 31.2004
38.82 31.3004
38.8203 31.2628
38.8205 31.23
38.8207 31.2012
38.821 31.1761
38.8212 31.2791
38.8215 31.2442
38.8217 31.2137
38.8219 31.1869
38.8222 31.2886
38.8224 31.2525
38.8227 31.2209
38.8229 31.1933
38.8231 31.2942
38.8234 31.2574
38.8236 31.2252
38.8239 31.1971
38.8241 31.2974
38.8243 31.2602
38.8246 31.2277
38.8248 31.1993
38.8251 31.2993
38.8253 31.2619
38.8257 31.2292
38.8272 31.3255
38.8295 31.2848
38.83 31.2492
38.8307 31.2181
38.8311 31.3158
38.8319 31.4013
38.8368 31.9762
38.8379 31.9792
38.8434 32.6068
38.8439 32.4059
38.8442 32.3552
38.8444 32.3108
38.8446 32.1469
38.8449 32.0036
38.8451 32.0031
38.8454 32.0027
38.8456 31.8774
38.8458 31.7677
38.8461 31.7967
38.8463 31.8222
38.8466 31.8444
38.8468 31.7388
38.847 31.7715
38.8473 31.8
38.8475 31.825
38.8478 31.7219
38.848 31.7567
38.8483 31.7871
38.8485 31.8137
38.8487 31.712
38.849 31.623
38.8492 31.6701
38.8495 31.7113
38.8497 31.6224
38.8499 31.5446
38.8502 31.6015
38.8504 31.6514
38.8507 31.5699
38.8509 31.4987
38.8511 31.5614
38.8514 31.6162
38.8516 31.5392
38.8519 31.4718
38.8521 31.5378
38.8523 31.5956
38.8526 31.6461
38.8528 31.5654
38.8531 31.6197
38.8533 31.6672
38.8535 31.7088
38.8538 31.6202
38.854 31.6677
38.8543 31.7092
38.8545 31.7456
38.8547 31.6524
38.855 31.5708
38.8552 31.6245
38.8555 31.6714
38.8557 31.5875
38.8559 31.5141
38.8562 31.5748
38.8564 31.6279
38.8567 31.5495
38.8569 31.4808
38.8585 31.6707
38.8607 31.8368
38.8612 31.8572
38.8619 31.8751
38.8623 31.8907
38.8631 31.9044
38.8681 32.5413
38.8692 32.5986
38.8747 33.1488
38.8752 33.0052
38.8754 32.8796
38.8756 32.6446
38.8759 32.439
38.8761 32.3842
38.8764 32.3361
38.8766 32.1691
38.8768 32.023
38.8771 32.0201
38.8773 32.0176
38.8776 31.8904
38.8778 31.7791
38.878 31.8067
38.8783 31.8309
38.8785 31.727
38.8788 31.6361
38.879 31.6816
38.8793 31.7214
38.8795 31.6312
38.8797 31.5523
38.88 31.4833
38.8802 31.5479
38.8805 31.6044
38.8807 31.5288
38.8809 31.4627
38.8812 31.5299
38.8814 31.5887
38.8817 31.5151
38.8819 31.4507
38.8821 31.5194
38.8824 31.5794
38.8826 31.507
38.8829 31.4436
38.8831 31.5132
38.8833 31.574
38.8836 31.5023
38.8838 31.4395
38.8841 31.5096
38.8843 31.5709
38.8845 31.4995
38.8848 31.4371
38.885 31.5074
38.8853 31.569
38.8855 31.4979
38.8857 31.4356
38.886 31.3812
38.8862 31.4585
38.8865 31.5262
38.8867 31.4604
38.8869 31.4029
38.8872 31.4775
38.8874 31.5428
38.8877 31.475
38.8879 31.4156
38.8881 31.4887
38.8897 31.6776
38.892 31.8429
38.8925 31.8625
38.8932 31.8797
38.8936 31.8947
38.8944 31.9079
38.8994 32.4194
38.9005 32.367
38.901 32.3211
38.9064 32.281
38.9068 32.1208
38.907 32.1057
38.9072 32.0925
38.9075 32.081
38.9077 31.9458
38.908 31.8276
38.9082 31.8492
38.9085 31.868
38.9087 31.7595
38.9089 31.6646
38.9092 31.7065
38.9094 31.7432
38.9097 31.6503
38.9099 31.569
38.9101 31.6229
38.9104 31.67
38.9106 31.5863
38.9109 31.513
38.9111 31.5739
38.9113 31.6271
38.9116 31.6737
38.9118 31.5895
38.9121 31.6408
38.9123 31.6857
38.9125 31.725
38.9128 31.6344
38.913 31.6801
38.9133 31.7201
38.9135 31.7551
38.9137 31.6607
38.914 31.5781
38.9142 31.6308
38.9145 31.677
38.9147 31.5924
38.9149 31.5183
38.9152 31.5785
38.9154 31.6312
38.9157 31.5523
38.9159 31.4833
38.9161 31.5479
38.9164 31.6044
38.9166 31.5288
38.9169 31.4627
38.9171 31.5299
38.9173 31.5886
38.9176 31.6401
38.9178 31.5601
38.9181 31.615
38.9183 31.6632
38.9185 31.7053
38.9188 31.6171
38.919 31.665
38.9193 31.7069
38.9195 31.7435
38.9199 31.6506
38.9214 31.6942
38.9237 31.7325
38.9242 31.7659
38.9248 31.6702
38.9253 31.7114
38.9261 31.7475
38.9312 31.779
38.9322 31.8067
38.9327 31.7058
38.9381 31.7426
38.9385 31.7748
38.9387 31.6779
38.939 31.5932
38.9392 31.644
38.9395 31.6885
38.9397 31.7275
38.9399 31.6365
38.9402 31.682
38.9404 31.7217
38.9407 31.7565
38.9409 31.6619
38.9411 31.7042
38.9414 31.7412
38.9416 31.7735
38.9419 31.6768
38.9421 31.7172
38.9423 31.7526
38.9426 31.7835
38.9428 31.6856
38.9431 31.7249
38.9433 31.7593
38.9435 31.7894
38.9438 31.6907
38.944 31.7293
38.9443 31.7632
38.9445 31.7928
38.9447 31.6937
38.945 31.607
38.9452 31.6561
38.9455 31.6991
38.9457 31.7367
38.9459 31.6446
38.9462 31.689
38.9464 31.7279
38.9467 31.7619
38.9469 31.6667
38.9471 31.7083
38.9474 31.7448
38.9476 31.7767
38.9479 31.6796
38.9481 31.7197
38.9483 31.7547
38.9486 31.7854
38.9488 31.6872
38.9491 31.7263
38.9493 31.7605
38.9495 31.7904
38.9498 31.6916
38.95 31.7302
38.9503 31.7639
38.9505 31.7934
38.9507 31.6942
38.951 31.6075
38.9512 31.6565
38.9516 31.6995
38.9531 31.737
38.9554 31.7699
38.9559 31.6737
38.9565 31.7145
38.957 31.6251
38.9578 31.547
38.963 31.6036
38.9641 31.6532
38.9646 31.6965
38.97 31.6095
38.9703 31.6583
38.9706 31.701
38.9708 31.7384
38.9711 31.8961
38.9713 31.9091
38.9715 31.9204
38.9718 31.9304
38.972 32.0641
38.9723 32.0561
38.9725 32.0491
38.9727 32.0429
38.973 32.0376
38.9732 32.0329
38.9735 32.0288
38.9737 32.0252
38.9739 32.022
38.9742 32.0193
38.9744 32.0169
38.9747 32.0147
38.9749 32.0129
38.9751 32.0113
38.9754 32.0099
38.9756 32.0086
38.9759 32.0076
38.9761 32.0066
38.9763 32.0058
38.9766 32.0051
38.9768 32.0044
38.9771 32.1289
38.9773 32.1128
38.9775 32.0987
38.9778 32.0863
38.978 32.2005
38.9783 32.1755
38.9785 32.1535
38.9787 32.1343
38.979 32.1176
38.9792 32.1029
38.9795 32.09
38.9797 32.0788
38.9799 32.0689
38.9802 32.0603
38.9804 32.0528
38.9807 32.0462
38.9809 32.0404
38.9811 32.0353
38.9814 32.0309
38.9816 32.0271
38.9819 32.0237
38.9821 32.0207
38.9823 32.0181
38.9826 32.0159
38.9828 32.0139
38.9831 32.1371
38.9833 32.12
38.9849 32.23
38.9872 32.4512
38.9876 32.3948
38.9884 32.4705
38.9887 32.4117
38.9896 32.4852
38.9947 33.0496
38.9958 32.9184
38.9963 32.8036
39.0017 33.3281
39.0021 33.2871
39.0023 33.1262
39.0025 32.9854
39.0028 32.8623
39.003 32.7545
39.0033 32.6602
39.0035 32.5776
39.0037 32.5054
39.004 32.3173
39.0042 32.2776
39.0045 32.2429
39.0047 32.2125
39.0049 32.186
39.0052 32.1627
39.0054 32.1424
39.0057 32.1246
39.0059 32.109
39.0061 32.0954
39.0064 32.0835
39.0066 32.073
39.0069 32.0639
39.0071 32.0559
39.0073 32.0489
39.0076 32.0428
39.0078 32.0375
39.0081 32.0328
39.0083 32.0287
39.0085 32.0251
39.0088 32.022
39.009 32.0192
39.0093 32.0168
39.0095 32.0147
39.0097 32.0129
39.01 31.8863
39.0102 31.9005
39.0105 31.9129
39.0107 31.9238
39.0109 31.9333
39.0112 31.9417
39.0114 31.949
39.0117 31.9553
39.0119 31.9609
39.0121 31.9658
39.0124 31.9701
39.0126 31.9738
39.0129 31.9771
39.0131 31.98
39.0133 31.9825
39.0136 31.9847
39.0138 31.9866
39.0141 31.9882
39.0143 31.9897
39.0146 31.991
39.0148 31.9921
39.015 31.9931
39.0166 32.119
39.0189 32.3541
39.0194 32.3098
39.0201 32.3961
39.0204 32.3466
39.0213 32.4283
39.0264 32.9997
39.0275 32.9998
39.0281 32.9998
39.0335 33.4998
39.0339 33.3123
39.0341 33.1483
39.0344 33.0048
39.0346 32.8792
39.0349 32.7693
39.0351 32.6731
39.0353 32.589
39.0356 32.5153
39.0358 32.4509
39.0361 32.5196
39.0363 32.4546
39.0365 32.3978
39.0368 32.3481
39.037 32.4296
39.0373 32.3759
39.0375 32.3289
39.0377 32.2878
39.038 32.2518
39.0382 32.2203
39.0385 32.1928
39.0387 32.1687
39.0389 32.1476
39.0392 32.1291
39.0394 32.113
39.0397 32.0989
39.0399 32.0865
39.0401 32.0757
39.0404 32.0662
39.0406 32.058
39.0409 32.0507
39.0411 32.0444
39.0413 32.0388
39.0416 32.034
39.0418 32.0297
39.0421 32.151
39.0423 32.1321
39.0425 32.1156
39.0428 32.1012
39.043 32.2135
39.0433 32.1868
39.0435 32.1635
39.0438 32.143
39.044 32.1252
39.0442 32.1095
39.0445 32.0958
39.0447 32.0838
39.045 32.0734
39.0452 32.0642
39.0454 32.0562
39.0457 32.0491
39.0459 32.043
39.0462 32.0376
39.0464 32.0329
39.0466 32.0288
39.0469 32.0252
39.0474 32.0221
39.0488 32.0193
39.0511 32.1419
39.0516 32.1241
39.0522 32.1086
39.0526 32.0951
39.0535 32.0832
39.0587 32.0728
39.0597 32.0637
39.0603 32.0557
39.0657 32.0487
39.0661 32.1677
39.0663 32.1467
39.0666 32.1284
39.0668 32.1123
39.0671 32.2233
39.0673 32.1954
39.0675 32.1709
39.0678 32.1496
39.068 32.2559
39.0683 32.2239
39.0685 32.1959
39.0687 32.1714
39.069 32.15
39.0692 32.1312
39.0695 32.1148
39.0697 32.1005
39.0699 32.0879
39.0702 32.2019
39.0704 32.1767
39.0707 32.1546
39.0709 32.1353
39.0711 32.2434
39.0714 32.2129
39.0716 32.1863
39.0719 32.163
39.0721 32.2677
39.0723 32.2342
39.0726 32.2049
39.0728 32.1793
39.0731 32.2819
39.0733 32.2467
39.0736 32.2158
39.0738 32.1888
39.074 32.2902
39.0743 32.254
39.0745 32.2222
39.0748 32.1944
39.075 32.1701
39.0752 32.1489
39.0755 32.1303
39.0757 32.114
39.076 32.0997
39.0762 32.2123
39.0764 32.1857
39.0767 32.1625
39.0769 32.1422
39.0772 32.2494
39.0774 32.2182
39.0776 32.191
39.0779 32.1671
39.0781 32.2712
39.0784 32.2373
39.0786 32.2076
39.0788 32.1817
39.0791 32.284
39.0796 32.2485
39.081 32.3424
39.0833 32.2996
39.0838 32.2622
39.0844 32.2294
39.0848 32.2007
39.0857 32.1756
39.0909 32.1537
39.0919 32.1345
39.0925 32.1177
39.0981 32.2279
39.0984 32.1995
39.0987 32.1745
39.0989 32.1527
39.0991 32.2586
39.0994 32.2263
39.0996 32.198
39.0999 32.1733
39.1001 32.2766
39.1003 32.242
39.1006 32.2118
39.1008 32.1853
39.1011 32.2871
39.1013 32.3762
39.1015 32.3292
39.1018 32.2881
39.102 32.377
39.1023 32.4549
39.1025 32.3981
39.1027 32.3483
39.103 32.3048
39.1032 32.3917
39.1035 32.4677
39.1037 32.4092
39.104 32.3581
39.1042 32.4383
39.1044 32.5085
39.1047 32.445
39.1049 32.3893
39.1052 32.4657
39.1054 32.5325
39.1056 32.4659
39.1059 32.4077
39.1061 32.4817
39.1064 32.5465
39.1066 32.4782
39.1068 32.4184
39.1071 32.4911
39.1073 32.5547
39.1076 32.6104
39.1078 32.5341
39.108 32.5923
39.1083 32.6433
39.1085 32.6879
39.1088 32.6019
39.109 32.5266
39.1092 32.5858
39.1095 32.6376
39.1097 32.5579
39.11 32.4882
39.1102 32.5521
39.1104 32.6081
39.1107 32.5321
39.1109 32.4656
39.1112 32.5324
39.1114 32.5908
39.1118 32.517
39.1132 32.7024
39.1155 32.8646
39.116 32.7565
39.1167 32.7869
39.117 32.8136
39.1179 32.8369
39.1231 33.4823
39.1241 33.547
39.1247 33.4786
39.1303 34.0438
39.1306 33.7883
39.1309 33.5648
39.1311 33.4942
39.1313 33.4324
39.1316 33.2533
39.1318 33.0967
39.1321 33.0846
39.1323 33.074
39.1325 32.9398
39.1328 32.8223
39.133 32.8445
39.1333 32.8639
39.1335 32.756
39.1338 32.6615
39.134 32.5788
39.1342 32.6314
39.1345 32.5525
39.1347 32.4834
39.135 32.423
39.1352 32.4951
39.1354 32.5582
39.1357 32.4885
39.1359 32.4274
39.1362 32.499
39.1364 32.5616
39.1366 32.4914
39.1369 32.43
39.1371 32.5012
39.1374 32.5636
39.1376 32.4931
39.1378 32.4315
39.1381 32.5025
39.1383 32.5647
39.1386 32.4941
39.1388 32.4324
39.139 32.5033
39.1393 32.5654
39.1395 32.4947
39.1398 32.4329
39.14 32.3788
39.1402 32.4564
39.1405 32.3994
39.1407 32.3495
39.141 32.3058
39.1412 32.3925
39.1414 32.4685
39.1417 32.4099
39.1419 32.3587
39.1422 32.4388
39.1424 32.509
39.1426 32.4454
39.1429 32.3897
39.1431 32.466
39.1434 32.5327
39.1436 32.4661
39.144 32.4079
39.1454 32.6069
39.1477 32.781
39.1482 32.8084
39.1489 32.8323
39.1493 32.8533
39.1501 32.8716
39.1553 33.5127
39.1563 33.4486
39.1569 33.2675
39.1625 33.8591
39.1629 33.6267
39.1632 33.5484
39.1634 33.4798
39.1637 33.2948
39.1639 33.133
39.1642 33.1164
39.1644 33.1018
39.1646 32.9641
39.1649 32.8436
39.1651 32.8631
39.1654 32.8802
39.1656 32.7702
39.1658 32.6739
39.1661 32.7147
39.1663 32.7504
39.1666 32.7816
39.1668 32.6839
39.167 32.7234
39.1673 32.758
39.1675 32.7882
39.1678 32.6897
39.168 32.6035
39.1682 32.653
39.1685 32.6964
39.1687 32.6094
39.169 32.5332
39.1692 32.5915
39.1694 32.6426
39.1697 32.5623
39.1699 32.492
39.1702 32.5555
39.1704 32.6111
39.1706 32.5347
39.1709 32.4678
39.1711 32.5344
39.1714 32.5926
39.1716 32.5185
39.1718 32.4537
39.1721 32.522
39.1723 32.5817
39.1726 32.634
39.1728 32.5548
39.173 32.6104
39.1733 32.6591
39.1735 32.7017
39.1738 32.614
39.174 32.6623
39.1742 32.7045
39.1745 32.7414
39.1747 32.6487
39.175 32.5676
39.1752 32.6217
39.1754 32.669
39.1757 32.5854
39.1759 32.5122
39.1763 32.5732
39.1766 32.6265
39.1781 32.6732
39.1804 32.7141
39.1809 32.6248
39.1815 32.6717
39.1819 32.5877
39.1828 32.5143
39.1879 32.45
39.189 32.5187
39.1896 32.5789
39.1952 32.6315
39.1956 32.6776
39.1959 32.5929
39.1961 32.6438
39.1964 32.6883
39.1966 32.7273
39.1968 32.6364
39.1971 32.6818
39.1973 32.7216
39.1976 32.7564
39.1978 32.6618
39.198 32.7041
39.1983 32.7411
39.1985 32.7735
39.1988 32.6768
39.199 32.5922
39.1992 32.6432
39.1995 32.6878
39.1997 32.6018
39.2 32.5266
39.2002 32.5857
39.2004 32.6375
39.2007 32.6828
39.2009 32.5975
39.2012 32.6478
39.2014 32.6918
39.2016 32.7303
39.2019 32.639
39.2021 32.6842
39.2024 32.7236
39.2026 32.7582
39.2028 32.6634
39.2031 32.7055
39.2033 32.7423
39.2036 32.7745
39.2038 32.6777
39.204 32.718
39.2043 32.7532
39.2045 32.7841
39.2048 32.6861
39.205 32.7253
39.2052 32.7596
39.2055 32.7897
39.2057 32.691
39.206 32.6046
39.2062 32.654
39.2064 32.6973
39.2067 32.6101
39.2069 32.5339
39.2072 32.5921
39.2074 32.6431
39.2076 32.6877
39.2079 32.6018
39.2081 32.6515
39.2084 32.6951
39.2086 32.7332
39.209 32.6416
39.2093 32.6864
39.2108 32.6006
39.2131 32.6505
39.2135 32.6942
39.2141 32.7324
39.2146 32.7659
39.2155 32.7951
39.2206 32.8207
39.2217 32.7181
39.2223 32.7534
39.2278 32.6592
39.2283 32.7018
39.2287 32.7391
39.2289 32.6467
39.2292 32.6909
39.2294 32.7295
39.2296 32.7633
39.2299 32.6679
39.2301 32.7094
39.2304 32.7457
39.2306 32.7775
39.2308 32.6803
39.2311 32.7203
39.2313 32.7552
39.2316 32.7858
39.2318 32.8126
39.232 32.836
39.2323 32.8565
39.2325 32.8745
39.2328 32.8902
39.233 32.9039
39.2332 32.9159
39.2335 32.9264
39.2337 32.9356
39.234 32.8187
39.2342 32.8413
39.2344 32.8612
39.2347 32.8785
39.2349 32.7687
39.2352 32.7976
39.2354 32.8229
39.2356 32.845
39.2359 32.7394
39.2361 32.772
39.2364 32.8005
39.2366 32.8254
39.2368 32.7222
39.2371 32.757
39.2373 32.7873
39.2376 32.8139
39.2378 32.7122
39.238 32.7482
39.2383 32.7796
39.2385 32.8072
39.2388 32.8313
39.239 32.8524
39.2393 32.8708
39.2395 32.887
39.2397 32.9011
39.24 32.9135
39.2402 32.9243
39.2405 32.9337
39.2407 32.942
39.2409 32.9493
39.2412 32.9556
39.2414 32.9612
39.2417 32.966
39.2421 33.0953
39.2435 33.2084
39.2457 33.4323
39.2462 33.3783
39.2469 33.331
39.2473 33.2896
39.2481 33.3784
39.2533 33.9561
39.2544 33.9616
39.255 33.8414
39.2605 34.3612
39.261 34.1911
39.2614 34.0422
39.2616 33.9119
39.2618 33.7979
39.2621 33.6982
39.2623 33.6109
39.2626 33.5345
39.2628 33.4677
39.263 33.4093
39.2633 33.3581
39.2635 33.3133
39.2638 33.2742
39.264 33.2399
39.2642 33.2099
39.2645 33.1837
39.2647 33.1607
39.265 33.0156
39.2652 33.0137
39.2654 33.012
39.2657 33.0105
39.2659 32.8842
39.2662 32.8986
39.2664 32.9113
39.2666 32.9224
39.2669 32.9321
39.2671 32.9406
39.2674 32.948
39.2676 32.9545
39.2678 32.9602
39.2681 32.9652
39.2683 32.9695
39.2686 32.9733
39.2688 32.9767
39.2691 32.9796
39.2693 32.9821
39.2695 32.9844
39.2698 32.9863
39.27 32.988
39.2703 32.9895
39.2705 32.9908
39.2707 32.992
39.271 32.868
39.2712 32.8845
39.2715 32.8989
39.2717 32.9116
39.2719 32.7976
39.2722 32.8229
39.2724 32.845
39.2727 32.8644
39.2729 32.8814
39.2731 32.8962
39.2734 32.9092
39.2736 32.9205
39.2739 32.9305
39.2741 32.9391
39.2743 32.9468
39.2748 32.9534
39.2761 33.0842
39.2784 33.3237
39.2789 33.2832
39.2796 33.2478
39.28 33.2169
39.2808 33.1897
39.286 33.666
39.2871 33.7078
39.2877 33.6193
39.2932 34.2919
39.2937 34.1304
39.294 34.1141
39.2943 33.9748
39.2945 33.853
39.2948 33.7464
39.295 33.6531
39.2952 33.5714
39.2955 33.5
39.2957 33.4375
39.296 33.2578
39.2962 33.2256
39.2964 33.1974
39.2967 33.1727
39.2969 33.0261
39.2972 33.0229
39.2974 33.02
39.2976 33.0175
39.2979 33.0153
39.2981 33.0134
39.2984 33.0117
39.2986 33.0103
39.2989 33.009
39.2991 33.0079
39.2993 33.0069
39.2996 33.006
39.2998 33.0053
39.3001 33.0046
39.3003 33.004
39.3005 33.0035
39.3008 33.0031
39.301 33.0027
39.3013 33.0024
39.3015 33.0021
39.3017 33.0018
39.302 32.8766
39.3022 32.892
39.3025 32.9055
39.3027 32.9173
39.3029 32.8027
39.3032 32.8273
39.3034 32.8489
39.3037 32.8678
39.3039 32.8843
39.3041 32.8988
39.3044 32.9114
39.3046 32.9225
39.3049 32.9322
39.3051 32.9407
39.3053 32.9481
39.3056 32.9546
39.3058 32.9602
39.3061 32.9652
39.3063 32.9696
39.3065 32.9734
39.3068 32.9767
39.307 32.9796
39.3075 32.9822
39.3077 32.9844
39.3092 32.9863
39.3115 32.988
39.3121 33.1145
39.3127 33.1002
39.3131 33.2127
39.314 33.1861
39.3192 33.2878
39.3202 33.2519
39.3208 33.2204
39.3264 33.1928
39.3268 33.1687
39.3271 33.1476
39.3273 33.1292
39.3276 33.113
39.3278 33.0989
39.328 33.0865
39.3283 33.0757
39.3285 33.0663
39.3288 33.058
39.329 33.1757
39.3293 33.1538
39.3295 33.1345
39.3297 33.1177
39.33 33.103
39.3302 33.0901
39.3305 33.0789
39.3307 33.069
39.3309 33.0604
39.3312 33.0528
39.3314 33.0462
39.3317 33.0404
39.3319 33.0354
39.3321 33.031
39.3324 33.0271
39.3326 33.0237
39.3329 33.0207
39.3331 33.0182
39.3333 33.0159
39.3336 33.0139
39.3338 33.0122
39.3341 33.0106
39.3343 33.0093
39.3345 33.0081
39.3348 33.0071
39.335 33.1312
39.3353 33.1148
39.3355 33.1005
39.3357 33.0879
39.336 33.0769
39.3362 33.0673
39.3365 33.0589
39.3367 33.0515
39.3369 33.0451
39.3372 33.0395
39.3374 33.0345
39.3377 33.0302
39.3379 33.0264
39.3381 33.0231
39.3384 33.0202
39.3386 33.0177
39.3389 33.0155
39.3391 33.0136
39.3393 33.0119
39.3396 33.0104
39.3398 33.0091
39.3402 33.0079
39.3405 33.007
39.3409 33.0061
39.3423 33.0053
39.3446 33.0047
39.3452 33.0041
39.3458 33.0036
39.3463 33.0031
39.3472 33.1277
39.3523 33.1118
39.3534 33.0978
39.354 33.2106
39.3595 33.1842
39.36 33.2862
39.3603 33.2504
39.3605 33.2191
39.3607 33.1917
39.361 33.1678
39.3612 33.1468
39.3615 33.1284
39.3617 33.1124
39.3619 33.0983
39.3622 33.0861
39.3624 33.0753
39.3627 33.0659
39.3629 33.0576
39.3631 33.1754
39.3634 33.1535
39.3636 33.1343
39.3639 33.1175
39.3641 33.2278
39.3643 33.1994
39.3646 33.1744
39.3648 33.1526
39.3651 33.2586
39.3653 33.2262
39.3655 33.198
39.3658 33.1732
39.366 33.2766
39.3663 33.242
39.3665 33.2117
39.3667 33.1853
39.367 33.1621
39.3672 33.1418
39.3675 33.1241
39.3677 33.1086
39.3679 33.095
39.3682 33.0831
39.3684 33.0728
39.3687 33.0637
39.3689 33.0557
39.3691 33.1737
39.3694 33.152
39.3696 33.133
39.3699 33.1164
39.3701 33.2268
39.3703 33.1985
39.3706 33.1737
39.3708 33.152
39.3711 33.258
39.3713 33.2257
39.3715 33.1975
39.3718 33.1728
39.372 33.2762
39.3723 33.2417
39.3725 33.2115
39.3727 33.185
39.373 33.1619
39.3733 33.1417
39.3737 33.124
39.3741 33.2335
39.3755 33.2043
39.3779 33.1787
39.3785 33.1564
39.3791 33.2619
39.3796 33.2291
39.3804 33.2005
39.3856 33.1754
39.3867 33.1535
39.3872 33.2593
39.3927 33.8519
39.3932 33.8704
39.3935 33.7616
39.3938 33.6664
39.394 33.7081
39.3943 33.7446
39.3945 33.7765
39.3947 33.6794
39.395 33.5945
39.3952 33.6452
39.3955 33.6896
39.3957 33.6034
39.3959 33.5279
39.3962 33.5869
39.3964 33.6386
39.3967 33.5588
39.3969 33.4889
39.3971 33.5528
39.3974 33.6087
39.3976 33.5326
39.3979 33.466
39.3981 33.5328
39.3983 33.5912
39.3986 33.5173
39.3988 33.4526
39.3991 33.521
39.3993 33.5809
39.3995 33.5083
39.3998 33.4448
39.4 33.5142
39.4003 33.5749
39.4005 33.628
39.4007 33.5495
39.401 33.4808
39.4012 33.5457
39.4015 33.6025
39.4017 33.5272
39.4019 33.4613
39.4022 33.5286
39.4024 33.5876
39.4027 33.5141
39.4029 33.4498
39.4031 33.5186
39.4034 33.5788
39.4036 33.5064
39.4039 33.4431
39.4041 33.5127
39.4044 33.5736
39.4046 33.5019
39.4048 33.4392
39.4051 33.5093
39.4053 33.5706
39.4056 33.4993
39.4058 33.4369
39.406 33.5073
39.4063 33.5689
39.4065 33.6228
39.407 33.5449
39.4072 33.6018
39.4087 33.6516
39.4111 33.9451
39.4117 33.952
39.4123 33.958
39.4128 33.8382
39.4136 33.8585
39.4188 34.3762
39.4199 34.3291
39.4203 34.288
39.4259 34.752
39.4263 34.658
39.4267 34.4507
39.4269 34.2694
39.4272 34.2357
39.4274 34.0813
39.4277 33.9461
39.4279 33.8278
39.4281 33.8494
39.4284 33.8682
39.4286 33.7597
39.4289 33.6647
39.4291 33.7066
39.4293 33.7433
39.4296 33.6504
39.4298 33.5691
39.4301 33.6229
39.4303 33.6701
39.4305 33.5863
39.4308 33.513
39.431 33.5739
39.4313 33.6272
39.4315 33.5488
39.4317 33.4802
39.432 33.4201
39.4322 33.4926
39.4325 33.431
39.4327 33.3772
39.4329 33.33
39.4332 33.4138
39.4334 33.362
39.4337 33.3168
39.4339 33.2772
39.4342 33.3675
39.4344 33.4466
39.4346 33.3908
39.4349 33.3419
39.4351 33.4242
39.4354 33.4962
39.4356 33.4341
39.4358 33.3799
39.4361 33.4574
39.4363 33.5252
39.4366 33.4596
39.4368 33.4021
39.437 33.4769
39.4373 33.5422
39.4375 33.4745
39.4378 33.4152
39.438 33.3633
39.4382 33.4429
39.4385 33.3875
39.4387 33.3391
39.439 33.2967
39.4392 33.3846
39.4394 33.3365
39.4397 33.2945
39.4402 33.3826
39.4404 33.4598
39.4418 33.5273
39.4442 33.8364
39.4448 33.7319
39.4456 33.7654
39.446 33.7947
39.4469 33.8204
39.4521 34.4678
39.4531 34.5343
39.4536 34.4676
39.4591 35.0341
39.4596 34.9048
39.46 34.6667
39.4602 34.5834
39.4605 34.5105
39.4607 34.3217
39.4609 34.1565
39.4612 34.1369
39.4614 34.1198
39.4617 33.9798
39.4619 33.8573
39.4621 33.8752
39.4624 33.8908
39.4626 33.7794
39.4629 33.682
39.4631 33.7217
39.4633 33.7565
39.4636 33.662
39.4638 33.5792
39.4641 33.6318
39.4643 33.6778
39.4646 33.5931
39.4648 33.519
39.465 33.5791
39.4653 33.6317
39.4655 33.6777
39.4658 33.593
39.466 33.5189
39.4662 33.579
39.4665 33.6317
39.4667 33.5527
39.467 33.4836
39.4672 33.5482
39.4674 33.6046
39.4677 33.5291
39.4679 33.4629
39.4682 33.5301
39.4684 33.5888
39.4686 33.5152
39.4689 33.4508
39.4691 33.5194
39.4694 33.5795
39.4696 33.5071
39.4698 33.4437
39.4701 33.5132
39.4703 33.5741
39.4706 33.5023
39.4708 33.4395
39.471 33.5096
39.4713 33.5709
39.4715 33.6245
39.4718 33.5465
39.472 33.6032
39.4722 33.6528
39.4725 33.6962
39.4727 33.6091
39.473 33.533
39.4734 33.5914
39.4737 33.5175
39.474 33.5778
39.4755 33.6305
39.4779 33.5517
39.4785 33.6078
39.4792 33.6568
39.4797 33.5747
39.4805 33.6279
39.4857 33.5494
39.4868 33.4807
39.4873 33.5456
39.4928 33.4774
39.4933 33.5427
39.4936 33.5999
39.4939 33.5249
39.4941 33.5843
39.4944 33.6363
39.4946 33.6817
39.4948 33.5965
39.4951 33.6469
39.4953 33.6911
39.4956 33.7297
39.4958 33.6385
39.496 33.6837
39.4963 33.7232
39.4965 33.7578
39.4968 33.6631
39.497 33.5802
39.4972 33.6327
39.4975 33.6786
39.4977 33.5938
39.498 33.5195
39.4982 33.5796
39.4984 33.6321
39.4987 33.5531
39.4989 33.484
39.4992 33.5485
39.4994 33.6049
39.4996 33.6543
39.4999 33.5725
39.5001 33.626
39.5004 33.6727
39.5006 33.7136
39.5008 33.6244
39.5011 33.6714
39.5013 33.7124
39.5016 33.7484
39.5018 33.6548
39.502 33.698
39.5023 33.7357
39.5025 33.7688
39.5028 33.6727
39.503 33.7136
39.5032 33.7494
39.5035 33.7807
39.5037 33.6831
39.504 33.5977
39.5042 33.648
39.5044 33.692
39.5047 33.6055
39.5049 33.5298
39.5052 33.5886
39.5054 33.64
39.5056 33.56
39.5059 33.49
39.5061 33.5538
39.5064 33.6095
39.5066 33.6583
39.5071 33.7011
39.5073 33.7384
39.5077 33.6461
39.5091 33.6904
39.5115 33.7291
39.5121 33.7629
39.5129 33.6676
39.5133 33.7091
39.5143 33.7455
39.5195 33.7773
39.5205 33.8051
39.521 33.8295
39.5266 33.8508
39.527 33.8695
39.5274 33.8858
39.5276 33.9
39.5279 33.7875
39.5281 33.8141
39.5284 33.8373
39.5286 33.8577
39.5288 33.7505
39.5291 33.7817
39.5293 33.8089
39.5296 33.8328
39.5298 33.7287
39.53 33.7626
39.5303 33.7923
39.5305 33.8183
39.5308 33.841
39.531 33.8609
39.5312 33.8783
39.5315 33.8935
39.5317 33.9068
39.532 33.9184
39.5322 33.9286
39.5324 33.9376
39.5327 33.9454
39.5329 33.9522
39.5332 33.9582
39.5334 33.9634
39.5336 33.968
39.5339 33.972
39.5341 33.9755
39.5344 33.9785
39.5346 33.9812
39.5348 33.9836
39.5351 33.9856
39.5353 33.9874
39.5356 33.989
39.5358 33.9904
39.536 33.9916
39.5363 33.9926
39.5365 33.9935
39.5368 33.9944
39.537 33.9951
39.5372 33.9957
39.5375 33.9962
39.5377 33.9967
39.538 33.9971
39.5382 33.9975
39.5384 33.9978
39.5387 33.9981
39.5389 33.9983
39.5392 33.9985
39.5394 33.9987
39.5397 33.9989
39.5399 33.999
39.5401 33.9991
39.5404 33.9992
39.5407 33.9993
39.5411 33.9994
39.5413 33.9995
39.5428 34.1245
39.5452 34.359
39.5458 34.3141
39.5465 34.2748
39.547 34.2405
39.5479 34.2104
39.5531 34.8091
39.5542 34.833
39.5547 34.7289
39.5602 35.2628
39.5607 35.1049
39.561 34.9668
39.5613 34.8459
39.5615 34.7402
39.5618 34.6477
39.562 34.5667
39.5622 34.4959
39.5625 34.4339
39.5627 34.3797
39.563 34.2072
39.5632 34.1813
39.5634 34.1586
39.5637 34.1388
39.5639 33.9965
39.5642 33.9969
39.5644 33.9973
39.5646 33.9976
39.5649 33.9979
39.5651 33.9982
39.5654 33.9984
39.5656 33.9986
39.5658 33.9988
39.5661 33.9989
39.5663 33.9991
39.5666 33.9992
39.5668 33.9993
39.567 33.9994
39.5673 33.9995
39.5675 33.9995
39.5678 33.9996
39.568 33.9996
39.5682 33.9997
39.5685 33.9997
39.5687 33.9998
39.569 33.8748
39.5692 33.8904
39.5695 33.9041
39.5697 33.9161
39.5699 33.8016
39.5702 33.8264
39.5704 33.8481
39.5707 33.8671
39.5709 33.7587
39.5711 33.7889
39.5714 33.8153
39.5716 33.8383
39.5719 33.8586
39.5721 33.8762
39.5723 33.8917
39.5726 33.9052
39.5728 33.9171
39.5731 33.9274
39.5733 33.9365
39.5735 33.9445
39.5738 33.9514
39.574 33.9575
39.5744 33.9628
39.5747 33.9674
39.575 33.8465
39.5764 33.9907
39.5788 34.2419
39.5794 34.2116
39.5801 34.3102
39.5806 34.2714
39.5816 34.3625
39.5868 34.9422
39.588 34.8244
39.5884 34.7213
39.594 35.2562
39.5944 35.0992
39.5948 34.9618
39.595 34.8415
39.5953 34.7363
39.5955 34.6443
39.5958 34.5638
39.596 34.4933
39.5962 34.4316
39.5965 34.3777
39.5967 34.3305
39.597 34.2892
39.5972 34.253
39.5974 34.2214
39.5977 34.1937
39.5979 34.1695
39.5982 34.1483
39.5984 34.1298
39.5986 34.1135
39.5989 34.0994
39.5991 34.0869
39.5994 34.0761
39.5996 34.0666
39.5999 34.0582
39.6001 34.051
39.6003 34.0446
39.6006 34.039
39.6008 34.0341
39.6011 34.0299
39.6013 34.0261
39.6015 34.0229
39.6018 34.02
39.602 34.0175
39.6023 34.0153
39.6025 34.0134
39.6027 34.0117
39.603 34.0103
39.6032 34.009
39.6035 34.0079
39.6037 34.0069
39.6039 34.006
39.6042 34.0053
39.6044 34.0046
39.6047 34.004
39.6049 34.0035
39.6051 34.0031
39.6054 34.0027
39.6056 34.0024
39.6059 34.0021
39.6061 34.0018
39.6063 34.0016
39.6066 34.0014
39.6068 34.0012
39.6071 34.0011
39.6073 34.0009
39.6075 34.0008
39.6078 34.0007
39.6081 34.0006
39.6085 34.0005
39.6087 34.0005
39.6091 34.1254
39.6105 34.1097
39.6129 34.096
39.6135 34.084
39.6143 34.0735
39.6148 34.0643
39.6157 34.0563
39.6209 34.0492
39.6221 34.1681
39.6226 34.1471
39.6281 34.2537
39.6286 34.222
39.6289 34.1942
39.6292 34.17
39.6294 34.1487
39.6297 34.1301
39.6299 34.1139
39.6301 34.0996
39.6304 34.0872
39.6306 34.0763
39.6309 34.0667
39.6311 34.1834
39.6313 34.1605
39.6316 34.1404
39.6318 34.1229
39.6321 34.2325
39.6323 34.2034
39.6325 34.178
39.6328 34.1558
39.633 34.2613
39.6333 34.2286
39.6335 34.2
39.6337 34.175
39.634 34.1532
39.6342 34.134
39.6345 34.1173
39.6347 34.1026
39.6349 34.0898
39.6352 34.0786
39.6354 34.0687
39.6357 34.0601
39.6359 34.0526
39.6361 34.046
39.6364 34.0403
39.6366 34.0353
39.6369 34.0308
39.6371 34.152
39.6373 34.133
39.6376 34.1164
39.6378 34.1018
39.6381 34.2141
39.6383 34.1873
39.6385 34.1639
39.6388 34.1434
39.639 34.2505
39.6393 34.2192
39.6395 34.1918
39.6397 34.1678
39.64 34.1468
39.6402 34.1285
39.6405 34.1124
39.6407 34.0984
39.6409 34.0861
39.6412 34.0753
39.6414 34.0659
39.6417 34.0577
39.6419 34.0505
39.6423 34.0441
39.6426 34.0386
39.6429 34.0338
39.6432 34.0296
39.6447 34.0259
39.6471 34.1476
39.6477 34.1292
39.6484 34.113
39.6489 34.0989
39.6498 34.0865
39.6551 34.2007
39.6563 34.1756
39.6568 34.1537
39.6623 34.1345
39.6628 34.1177
39.6632 34.228
39.6634 34.1995
39.6637 34.1745
39.6639 34.1527
39.6641 34.2586
39.6644 34.2263
39.6646 34.198
39.6649 34.1733
39.6651 34.2766
39.6653 34.242
39.6656 34.2118
39.6658 34.1853
39.6661 34.2871
39.6663 34.2512
39.6665 34.2198
39.6668 34.1924
39.667 34.2933
39.6673 34.2566
39.6675 34.2246
39.6677 34.1965
39.668 34.1719
39.6682 34.2754
39.6685 34.241
39.6687 34.2109
39.6689 34.1845
39.6692 34.2865
39.6694 34.3756
39.6697 34.3287
39.6699 34.2876
39.6701 34.3767
39.6704 34.4546
39.6706 34.3977
39.6709 34.348
39.6711 34.4295
39.6713 34.5008
39.6716 34.4382
39.6718 34.3835
39.6721 34.4605
39.6723 34.528
39.6725 34.462
39.6728 34.4042
39.673 34.4787
39.6733 34.5439
39.6735 34.4759
39.6737 34.4164
39.674 34.3643
39.6742 34.4438
39.6745 34.5133
39.6747 34.4492
39.675 34.393
39.6752 34.4689
39.6754 34.5353
39.6757 34.4684
39.6759 34.4098
39.6762 34.4836
39.6764 34.5481
39.6769 34.4796
39.6771 34.5447
39.6774 34.6016
39.6788 34.6514
39.6812 34.945
39.6818 34.8268
39.6825 34.8485
39.683 34.8674
39.684 34.884
39.6892 35.5235
39.6905 35.4581
39.6909 35.2758
39.6965 35.8663
39.6969 35.633
39.6973 35.5539
39.6975 35.3597
39.6978 35.1897
39.698 35.166
39.6983 35.1452
39.6985 35.0021
39.6987 34.8768
39.699 34.7672
39.6992 34.7963
39.6995 34.6968
39.6997 34.6097
39.6999 34.5335
39.7002 34.5918
39.7004 34.5178
39.7007 34.4531
39.7009 34.3964
39.7011 34.4719
39.7014 34.4129
39.7016 34.3613
39.7019 34.3161
39.7021 34.4016
39.7023 34.4764
39.7026 34.4169
39.7028 34.3648
39.7031 34.4442
39.7033 34.5136
39.7035 34.4494
39.7038 34.3933
39.704 34.4691
39.7043 34.5355
39.7045 34.4685
39.7048 34.41
39.705 34.3587
39.7052 34.4389
39.7055 34.384
39.7057 34.336
39.706 34.294
39.7062 34.3823
39.7064 34.3345
39.7067 34.2927
39.7069 34.2561
39.7072 34.3491
39.7074 34.3054
39.7076 34.2673
39.7079 34.2338
39.7081 34.3296
39.7084 34.4134
39.7086 34.3617
39.7088 34.3165
39.7091 34.402
39.7093 34.4767
39.7096 34.4171
39.7098 34.365
39.71 34.4444
39.7103 34.5138
39.7105 34.4496
39.711 34.3934
39.7112 34.4692
39.7115 34.4106
39.7127 34.4842
39.7135 34.5487
39.7141 34.3551
39.7148 34.1857
39.7153 34.0375
39.7163 33.9078
39.7216 34.4193
39.7228 34.2419
39.7233 34.0867
39.7288 34.5758
39.7293 34.3789
39.7296 34.2065
39.7299 33.9307
39.7301 33.8144
39.7303 33.7126
39.7306 33.4985
39.7308 33.3112
39.7311 33.2723
39.7313 33.2382
39.7315 33.2085
39.7318 33.0574
39.732 32.8002
39.7323 32.5752
39.7325 32.3783
39.7327 32.206
39.733 31.9303
39.7332 31.814
39.7335 31.7122
39.7337 31.6232
39.7339 31.4203
39.7342 31.3678
39.7344 31.3218
39.7347 31.2816
39.7349 31.1214
39.7352 31.1062
39.7354 31.0929
39.7356 31.0813
39.7359 31.0711
39.7361 31.0623
39.7364 31.0545
39.7366 31.0477
39.7368 31.0417
39.7371 31.0365
39.7373 31.0319
39.7376 31.0279
39.7378 31.0244
39.738 31.0214
39.7383 31.0187
39.7385 31.0164
39.7388 31.0143
39.739 30.8875
39.7392 30.9016
39.7395 30.9139
39.7397 30.9247
39.74 30.8091
39.7402 30.8329
39.7404 30.8538
39.7407 30.8721
39.7409 30.7631
39.7412 30.7927
39.7416 30.8186
39.7419 30.8413
39.7421 30.8611
39.7433 31.0035
39.7442 31.128
39.7448 31.112
39.7455 31.098
39.746 31.0858
39.7469 31.0751
39.7522 31.6907
39.7535 31.7293
39.754 31.7632
39.7595 32.2928
39.76 32.2562
39.7605 32.0992
39.7607 31.9618
39.761 31.8415
39.7612 31.7363
39.7615 31.6443
39.7617 31.5638
39.7619 31.4933
39.7622 31.4316
39.7624 31.3777
39.7627 31.3305
39.7629 31.2892
39.7631 31.253
39.7634 31.2214
39.7636 31.1937
39.7639 31.1695
39.7641 31.2733
39.7643 31.2391
39.7646 31.2093
39.7648 31.1831
39.7651 31.2852
39.7653 31.2496
39.7656 31.2184
39.7658 31.1911
39.766 31.2922
39.7663 31.2557
39.7665 31.2237
39.7668 31.1957
39.767 31.1713
39.7672 31.1499
39.7675 31.1311
39.7677 31.1147
39.768 31.1004
39.7682 31.0878
39.7684 31.0769
39.7687 31.0673
39.7689 31.0588
39.7692 31.0515
39.7694 31.0451
39.7696 31.0394
39.7699 31.0345
39.7701 31.1552
39.7704 31.1358
39.7706 31.1188
39.7708 31.104
39.7711 31.216
39.7713 31.189
39.7716 31.1653
39.7718 31.1447
39.772 31.2516
39.7724 31.2201
39.7728 31.1926
39.773 31.2935
39.7741 31.3819
39.7749 31.3341
39.7755 31.2924
39.7762 31.3808
39.7767 31.3332
39.7777 31.4166
39.783 31.9895
39.7843 31.9908
39.7848 31.8669
39.7903 32.3836
39.7908 32.2106
39.7913 32.0593
39.7915 31.9269
39.7917 31.811
39.792 31.7096
39.7922 31.6209
39.7925 31.5433
39.7927 31.4754
39.7929 31.416
39.7932 31.364
39.7934 31.3185
39.7937 31.2787
39.7939 31.2438
39.7941 31.2134
39.7944 31.1867
39.7946 31.1634
39.7949 31.1429
39.7951 31.1251
39.7954 31.1094
39.7956 31.0958
39.7958 31.0838
39.7961 31.0733
39.7963 31.0641
39.7966 31.0561
39.7968 31.0491
39.797 31.043
39.7973 31.0376
39.7975 31.0329
39.7978 31.0288
39.798 31.0252
39.7982 31.022
39.7985 31.0193
39.7987 31.0169
39.799 31.0148
39.7992 31.0129
39.7994 31.0113
39.7997 31.0099
39.7999 31.0087
39.8002 31.0076
39.8004 31.0066
39.8006 31.0058
39.8009 31.0051
39.8011 31.0044
39.8014 31.0039
39.8016 31.0034
39.8018 31.003
39.8021 31.0026
39.8023 31.0023
39.8026 31.002
39.8028 31.0017
39.8032 31.0015
39.8035 31.0013
39.8038 31.0012
39.804 31.001
39.8052 31.0009
39.806 31.1258
39.8066 31.1101
39.8074 31.0963
39.8078 31.0843
39.8088 31.0737
39.8141 31.1895
39.8155 31.1658
39.816 31.2701
39.8215 31.2363
39.822 31.3318
39.8224 31.2903
39.8226 31.254
39.8229 31.2223
39.8231 31.3195
39.8233 31.2796
39.8236 31.2446
39.8238 31.214
39.8241 31.3123
39.8243 31.2732
39.8246 31.2391
39.8248 31.2092
39.825 31.308
39.8253 31.2695
39.8255 31.2358
39.8258 31.2064
39.826 31.1806
39.8262 31.158
39.8265 31.1382
39.8267 31.121
39.827 31.1058
39.8272 31.0926
39.8274 31.081
39.8277 31.0709
39.8279 31.062
39.8282 31.0543
39.8284 31.0475
39.8286 31.0416
39.8289 31.0364
39.8291 31.1568
39.8294 31.1372
39.8296 31.1201
39.8298 31.1051
39.8301 31.2169
39.8303 31.1898
39.8306 31.1661
39.8308 31.1453
39.831 31.2522
39.8313 31.2206
39.8315 31.1931
39.8318 31.1689
39.832 31.2728
39.8322 31.2387
39.8325 31.2089
39.8327 31.1828
39.833 31.1599
39.8332 31.1399
39.8334 31.1224
39.8337 31.1071
39.8339 31.0937
39.8344 31.082
39.8346 31.0718
39.8349 31.0628
39.8352 31.0549
39.8364 31.0481
39.8373 31.0421
39.8379 31.0368
39.8386 31.0322
39.8391 31.1532
39.8401 31.259
39.8453 31.2267
39.8468 31.1983
39.8473 31.1735
39.8528 31.1518
39.8533 31.1329
39.8536 31.1163
39.8539 31.1017
39.8541 31.214
39.8543 31.1873
39.8546 31.1638
39.8548 31.1434
39.8551 31.2504
39.8553 31.2191
39.8556 31.1917
39.8558 31.1678
39.856 31.2718
39.8563 31.2378
39.8565 31.2081
39.8568 31.1821
39.857 31.1593
39.8572 31.2644
39.8575 31.2314
39.8577 31.2024
39.858 31.1771
39.8582 31.28
39.8584 31.245
39.8587 31.2144
39.8589 31.1876
39.8592 31.2891
39.8594 31.253
39.8596 31.2214
39.8599 31.1937
39.8601 31.2945
39.8604 31.2577
39.8606 31.2255
39.8608 31.1973
39.8611 31.2976
39.8613 31.2604
39.8616 31.2279
39.8618 31.1994
39.862 31.2995
39.8623 31.262
39.8625 31.2293
39.8628 31.2006
39.863 31.3005
39.8632 31.263
39.8635 31.2301
39.8637 31.2013
39.864 31.1762
39.8642 31.2791
39.8644 31.3693
39.8647 31.3231
39.8649 31.2827
39.8652 31.3724
39.8655 31.4508
39.8659 31.3945
39.8661 31.4702
39.8664 31.5364
39.8676 31.5943
39.8684 31.645
39.869 31.6894
39.8697 31.7282
39.8702 31.7622
39.8712 31.7919
39.8765 32.3179
39.8779 32.2782
39.8784 32.2434
39.884 32.838
39.8845 32.7332
39.885 32.5166
39.8852 32.452
39.8855 32.3955
39.8857 32.2211
39.886 32.0684
39.8862 32.0599
39.8864 32.0524
39.8867 31.9208
39.8869 31.8057
39.8872 31.83
39.8874 31.8513
39.8876 31.7449
39.8879 31.6518
39.8881 31.6953
39.8884 31.7334
39.8886 31.7667
39.8888 31.6709
39.8891 31.712
39.8893 31.748
39.8896 31.7795
39.8898 31.6821
39.89 31.7218
39.8903 31.7566
39.8905 31.787
39.8908 31.6886
39.891 31.6026
39.8912 31.6522
39.8915 31.6957
39.8917 31.6087
39.892 31.5326
39.8922 31.5911
39.8924 31.6422
39.8927 31.5619
39.8929 31.4917
39.8932 31.5552
39.8934 31.6108
39.8936 31.5345
39.8939 31.4676
39.8941 31.5342
39.8944 31.5924
39.8946 31.5184
39.8948 31.4536
39.8951 31.5219
39.8953 31.5816
39.8956 31.6339
39.8958 31.5547
39.896 31.6104
39.8963 31.6591
39.8965 31.7017
39.8968 31.614
39.8972 31.6622
39.8975 31.7044
39.8977 31.6164
39.8988 31.6643
39.8997 31.7063
39.9003 31.743
39.901 31.6501
39.9015 31.6939
39.9024 31.7321
39.9077 32.2656
39.9091 32.3574
39.9096 32.3127
39.9153 32.8986
39.9158 32.6613
39.9162 32.5786
39.9165 32.5063
39.9167 32.318
39.917 32.1533
39.9172 32.1341
39.9174 32.1173
39.9177 31.9777
39.9179 31.8555
39.9182 31.8735
39.9184 31.8893
39.9186 31.7782
39.9189 31.6809
39.9191 31.7208
39.9194 31.7557
39.9196 31.6612
39.9198 31.5786
39.9201 31.6313
39.9203 31.6773
39.9206 31.5927
39.9208 31.5186
39.921 31.5788
39.9213 31.6314
39.9215 31.5525
39.9218 31.4834
39.922 31.423
39.9222 31.4951
39.9225 31.5582
39.9227 31.4885
39.923 31.4274
39.9232 31.499
39.9234 31.5616
39.9237 31.4914
39.9239 31.43
39.9242 31.5012
39.9244 31.5636
39.9246 31.4931
39.9249 31.4315
39.9251 31.5025
39.9254 31.5647
39.9256 31.4941
39.9258 31.4324
39.9261 31.5033
39.9263 31.5654
39.9266 31.4947
39.9268 31.4329
39.927 31.5038
39.9273 31.5658
39.9275 31.4951
39.9278 31.4332
39.928 31.504
39.9285 31.566
39.9287 31.4953
39.929 31.4334
39.9292 31.5042
39.9304 31.5662
39.9313 31.6204
