20.5677 1117857 549888
20.5679 1119305 549888
20.568 1120753 549888
20.5683 1122201 549888
20.5686 1125097 549888
20.5688 1126545 549888
20.5689 1127993 549888
20.5691 1129441 549888
20.5692 1130889 549888
20.5694 1132337 549888
20.5695 1133785 549888
20.5697 1135233 549888
20.5698 1136681 549888
20.57 1138129 549888
20.5701 1139577 549888
20.5703 1141025 549888
20.5704 1142473 549888
20.5706 1143921 549888
20.5707 1145369 549888
20.5709 1146817 549888
20.571 1148265 551424
20.5712 1149713 551424
20.5715 1151161 551424
20.5719 1155505 551424
20.5721 1156953 551424
20.5722 1158401 551424
20.5724 1159849 551424
20.5725 1161297 551424
20.5727 1162745 551424
20.5728 1164193 551424
20.5731 1165641 551424
20.5734 1167089 551424
20.5736 1168537 551424
20.5737 1169985 551424
20.5739 1171433 551424
20.574 1172881 551424
20.5742 1174329 551424
20.5743 1175777 551424
20.5745 1177225 551424
20.5746 1178673 552960
20.5749 1180121 552960
20.5752 1183017 552960
20.5754 1184465 552960
20.5755 1185913 552960
20.5757 1187361 552960
20.5758 1188809 552960
20.576 1190257 552960
20.5761 1191705 552960
20.5763 1193153 552960
20.5764 1194601 552960
20.5767 1196049 552960
20.577 1197497 552960
20.5772 1198945 552960
20.5773 1200393 552960
20.5775 1201841 552960
20.5776 1203289 552960
20.5778 1204737 552960
20.5779 1206185 552960
20.5781 1207633 552960
20.5782 1209081 554496
20.5785 1210529 554496
20.5788 1213425 554496
20.579 1214873 554496
20.5791 1216321 554496
20.5793 1217769 554496
20.5794 1219217 554496
20.5796 1220665 554496
20.5797 1222113 554496
20.5799 1223561 554496
20.58 1225009 554496
20.5803 1226457 554496
20.5806 1227905 554496
20.5808 1229353 554496
20.5809 1230801 554496
20.5811 1232249 554496
20.5812 1233697 554496
20.5814 1235145 554496
20.5815 1236593 554496
20.5817 1238041 554496
20.582 1239489 556032
20.5823 1240937 556032
20.5824 1242385 556032
20.5826 1243833 556032
20.5827 1245281 556032
20.5829 1246729 556032
20.583 1248177 556032
20.5832 1249625 556032
20.5833 1251073 556032
20.5836 1252521 556032
20.5838 1253969 556032
20.5839 1255417 556032
20.5841 1256865 556032
20.5842 1258313 556032
20.5844 1259761 556032
20.5845 1261209 556032
20.5847 1262657 556032
20.585 1264105 556032
20.5853 1265553 556032
20.5854 1267001 556032
20.5856 1268449 556032
20.5857 1269897 557056
20.5859 1271345 557056
20.586 1272793 557056
20.5862 1274241 557056
20.5865 1275689 557056
20.5868 1278585 557056
20.5869 1280033 557056
20.5871 1281481 557056
20.5872 1282929 557056
20.5874 1284377 557056
20.5875 1285825 557056
20.5877 1287273 557056
20.588 1288721 557056
20.5883 1290169 557056
20.5884 1291617 557056
20.5886 1293065 557056
20.5887 1294513 557056
20.5889 1295961 557056
20.589 1297409 557056
20.5893 1298857 557056
20.5896 1300305 558592
20.5898 1301753 558592
20.5899 1303201 558592
20.5901 1304649 558592
20.5902 1306097 558592
20.5905 1307545 558592
20.5908 1310441 558592
20.591 1311889 558592
20.5911 1313337 558592
20.5913 1314785 558592
20.5914 1316233 558592
20.5917 1317681 558592
20.592 1319129 558592
20.5922 1320577 558592
20.5923 1322025 558592
20.5925 1323473 558592
20.5926 1324921 558592
20.5929 1326369 558592
20.5932 1327817 558592
20.5934 1329265 558592
20.5935 1330713 560128
20.5937 1332161 560128
20.5938 1333609 560128
20.5941 1335057 560128
20.5944 1337953 560128
20.5946 1339401 560128
20.5947 1340849 560128
20.5949 1342297 560128
20.595 1343745 560128
20.5953 1345193 560128
20.5956 1346641 560128
20.5958 1348089 560128
20.5959 1349537 560128
20.5961 1350985 560128
20.5962 1352433 560128
20.5965 1353881 560128
20.5968 1355329 560128
20.597 1356777 560128
20.5971 1358225 560128
20.5973 1359673 560128
20.5974 1361121 561664
20.5977 1362569 561664
20.598 1365465 561664
20.5982 1366913 561664
20.5983 1368361 561664
20.5985 1369809 561664
20.5986 1371257 561664
20.5989 1372705 561664
20.5992 1374153 561664
20.5994 1375601 561664
20.5995 1377049 561664
20.5997 1378497 561664
20.5998 1379945 561664
20.6001 1381393 561664
20.6004 1382841 561664
20.6006 1384289 561664
20.6007 1385737 561664
20.6009 1387185 561664
20.601 1388633 561664
20.6013 1390081 561664
20.6016 1391529 563200
20.6018 1392977 563200
20.6019 1394425 563200
20.6021 1395873 563200
20.6022 1397321 563200
20.6025 1398769 563200
20.6028 1401665 563200
20.6032 1403113 563200
20.6035 1404561 563200
20.6036 1406009 563200
20.6039 1407457 563200
20.6042 1408905 563200
20.6044 1410353 563200
20.6045 1411801 563200
20.6048 1413249 563200
20.6051 1414697 563200
20.6053 1416145 563200
20.6054 1417593 563200
20.6057 1419041 563200
20.606 1420489 563200
20.6062 1421937 564224
20.6063 1423385 564224
20.6065 1424833 564224
20.6068 1426281 564224
20.6069 1427729 564224
20.6071 1429177 564224
20.6072 1430625 564224
20.6075 1432073 564224
20.6078 1433521 564224
20.608 1434969 564224
20.6081 1436417 564224
20.6084 1437865 564224
20.6087 1439313 564224
20.6089 1440761 564224
20.609 1442209 564224
20.6093 1443657 564224
20.6096 1445105 564224
20.6098 1446553 564224
20.6099 1448001 564224
20.6102 1449449 564224
20.6105 1450897 564224
20.6107 1452345 565760
20.6108 1453793 565760
20.611 1455241 565760
20.6113 1456689 565760
20.6114 1458137 565760
20.6116 1459585 565760
20.6117 1461033 565760
20.612 1462481 565760
20.6123 1463929 565760
20.6125 1465377 565760
20.6126 1466825 565760
20.6129 1468273 565760
20.6132 1469721 565760
20.6134 1471169 565760
20.6135 1472617 565760
20.6138 1474065 565760
20.6141 1475513 565760
20.6143 1476961 565760
20.6144 1478409 565760
20.6147 1479857 565760
20.615 1481305 565760
20.6152 1482753 567296
20.6153 1484201 567296
20.6155 1485649 567296
20.6158 1487097 567296
20.6159 1488545 567296
20.6161 1489993 567296
20.6162 1491441 567296
20.6165 1492889 567296
20.6168 1494337 567296
20.617 1495785 567296
20.6171 1497233 567296
20.6174 1498681 567296
20.6177 1500129 567296
20.6179 1501577 567296
20.618 1503025 567296
20.6183 1504473 567296
20.6186 1505921 567296
20.6188 1507369 567296
20.6189 1508817 567296
20.6192 1510265 567296
20.6195 1511713 567296
20.6197 1513161 568832
20.6198 1514609 568832
20.62 1516057 568832
20.6203 1517505 568832
20.6204 1518953 568832
20.6206 1520401 568832
20.6207 1521849 568832
20.621 1523297 568832
20.6213 1524745 568832
20.6215 1526193 568832
20.6216 1527641 568832
20.6219 1529089 568832
20.6222 1530537 568832
20.6224 1531985 568832
20.6225 1533433 568832
20.6228 1534881 568832
20.6231 1536329 568832
20.6233 1537777 568832
20.6234 1539225 568832
20.6237 1540673 568832
20.624 1542121 568832
20.6243 1543569 570368
20.6246 1545017 570368
20.6248 1546465 570368
20.6251 1547913 570368
20.6252 1549361 570368
20.6255 1550809 570368
20.6258 1552257 570368
20.6261 1553705 570368
20.6264 1555153 570368
20.6267 1556601 570368
20.627 1558049 570368
20.6273 1559497 570368
20.6276 1560945 570368
20.6279 1562393 570368
20.6282 1563841 570368
20.6285 1565289 570368
20.6288 1566737 570368
20.6291 1568185 570368
20.6294 1569633 570368
20.6297 1571081 570368
20.63 1572529 570368
20.6303 1573977 571904
20.6306 1575425 571904
20.6308 1576873 571904
20.6311 1578321 571904
20.6312 1579769 571904
20.6315 1581217 571904
20.6318 1582665 571904
20.6321 1584113 571904
20.6324 1585561 571904
20.6327 1587009 571904
20.633 1588457 571904
20.6333 1589905 571904
20.6336 1591353 571904
20.6339 1592801 571904
20.6342 1594249 571904
20.6345 1595697 571904
20.6348 1597145 571904
20.6351 1598593 571904
20.6354 1600041 571904
20.6357 1601489 571904
20.636 1602937 571904
20.6363 1604385 572928
20.6366 1605833 572928
20.6368 1607281 572928
20.6371 1608729 572928
20.6372 1610177 572928
20.6375 1611625 572928
20.6378 1613073 572928
20.6381 1614521 572928
20.6384 1615969 572928
20.6387 1617417 572928
20.639 1618865 572928
20.6523 1046905 519680
20.6527 1048353 516608
20.6529 1049801 516096
20.6533 1051249 515584
20.6538 1052697 492032
20.7965 2418161 402432
20.7966 2419609 402432
20.7968 2421057 403968
20.7969 2422505 403968
20.7971 2423953 403968
20.7974 2425401 403968
20.7977 2426849 403968
20.7978 2428297 403968
20.798 2429745 403968
20.7981 2431193 403968
20.7983 2432641 403968
20.7984 2434089 403968
20.7986 2435537 403968
20.7989 2436985 403968
20.7992 2438433 403968
20.7993 2439881 403968
20.7995 2441329 403968
20.7996 2442777 403968
20.7998 2444225 403968
20.7999 2445673 403968
20.8001 2447121 403968
20.8002 2448569 403968
20.8004 2450017 403968
20.8005 2451465 403968
20.8007 2452913 403968
20.801 2454361 403968
20.8013 2455809 403968
20.8014 2457257 403968
20.8016 2458705 403968
20.8017 2460153 403968
20.8019 2461601 403968
20.802 2463049 403968
20.8022 2464497 403968
20.8023 2465945 403968
20.8025 2467393 403968
20.8026 2468841 403968
20.8028 2470289 403968
20.8029 2471737 403968
20.8031 2473185 403968
20.8032 2474633 403968
20.8034 2476081 403968
20.8035 2477529 403968
20.8037 2478977 403968
20.8038 2480425 403968
20.804 2481873 403968
20.8041 2483321 403968
20.8043 2484769 403968
20.8044 2486217 403968
20.8046 2487665 403968
20.8047 2489113 403968
20.8049 2490561 403968
20.805 2492009 403968
20.8052 2493457 403968
20.8053 2494905 403968
20.8055 2496353 403968
20.8056 2497801 403968
20.8058 2499249 403968
20.8059 2500697 403968
20.8061 2502145 403968
20.8062 2503593 403968
20.8064 2505041 403968
20.8065 2506489 403968
20.8067 2507937 403968
20.8068 2509385 403968
20.807 2510833 403968
20.8071 2512281 403968
20.8073 2513729 403968
20.8074 2515177 403968
20.8076 2516625 403968
20.8077 2518073 403968
20.8079 2519521 403968
20.808 2520969 403968
20.8082 2522417 403968
20.8083 2523865 403968
20.8085 2525313 403968
20.8086 2526761 403968
20.8088 2528209 403968
20.8089 2529657 403968
20.8091 2531105 403968
20.8092 2532553 403968
20.8094 2534001 403968
20.8095 2535449 403968
20.8097 2536897 403968
20.8098 2538345 403968
20.81 2539793 403968
20.8101 2541241 403968
20.8103 2542689 403968
20.8104 2544137 403968
20.8106 2545585 403968
20.8107 2547033 403968
20.8109 2548481 403968
20.811 2549929 403968
20.8112 2551377 403968
20.8113 2552825 403968
20.8115 2554273 403968
20.8116 2555721 403968
20.8118 2557169 403968
20.8119 2558617 404992
20.8121 2560065 404992
20.8122 2561513 404992
20.8124 2562961 404992
20.8125 2564409 404992
20.8127 2565857 404992
20.8128 2567305 404992
20.813 2568753 404992
20.8131 2570201 404992
20.8133 2571649 404992
20.8134 2573097 404992
20.8136 2574545 404992
20.8137 2575993 404992
20.8139 2577441 404992
20.814 2578889 404992
20.8142 2580337 404992
20.8143 2581785 404992
20.8145 2583233 404992
20.8146 2584681 404992
20.8148 2586129 404992
20.8149 2587577 404992
20.8151 2589025 404992
20.8152 2590473 404992
20.8154 2591921 404992
20.8155 2593369 404992
20.8157 2594817 404992
20.8158 2596265 404992
20.816 2597713 404992
20.8161 2599161 404992
20.8163 2600609 404992
20.8164 2602057 404992
20.8166 2603505 404992
20.8167 2604953 404992
20.8169 2606401 404992
20.817 2607849 404992
20.8172 2609297 404992
20.8173 2610745 404992
20.8175 2612193 404992
20.8176 2613641 404992
20.8178 2615089 404992
20.8179 2616537 404992
20.8181 2617985 404992
20.8182 2619433 404992
20.8184 2620881 404992
20.8185 2622329 404992
20.8187 2623777 404992
20.8188 2625225 404992
20.819 2626673 404992
20.8191 2628121 404992
20.8193 2629569 404992
20.8194 2631017 404992
20.8196 2632465 404992
20.8197 2633913 404992
20.8199 2635361 404992
20.82 2636809 404992
20.8202 2638257 404992
20.8203 2639705 404992
20.8205 2641153 404992
20.8206 2642601 404992
20.8208 2644049 404992
20.8209 2645497 404992
20.8211 2646945 404992
20.8212 2648393 404992
20.8214 2649841 404992
20.8215 2651289 404992
20.8217 2652737 404992
20.8218 2654185 404992
20.822 2655633 404992
20.8221 2657081 404992
20.8223 2658529 404992
20.8224 2659977 404992
20.8226 2661425 404992
20.8227 2662873 404992
20.8229 2664321 404992
20.823 2665769 404992
20.8232 2667217 404992
20.8233 2668665 404992
20.8235 2670113 404992
20.8236 2671561 404992
20.8239 2673009 404992
20.8242 2674457 404992
20.8245 2675905 404992
20.8247 2677353 404992
20.825 2678801 404992
20.8253 2680249 404992
20.8256 2681697 404992
20.8259 2683145 404992
20.8262 2684593 404992
20.8265 2686041 404992
20.8268 2687489 404992
20.8271 2688937 404992
20.8274 2690385 404992
20.8277 2691833 404992
20.828 2693281 404992
20.8283 2694729 404992
20.8286 2696177 404992
20.8289 2697625 404992
20.8292 2699073 404992
20.8295 2700521 404992
20.8298 2701969 404992
20.8301 2703417 404992
20.8303 2704865 404992
20.8304 2706313 404992
20.8307 2707761 404992
20.831 2709209 404992
20.8315 2710657 404992
20.8318 2712105 404992
20.8321 2713553 404992
20.8324 2715001 404992
20.8327 2716449 404992
20.833 2717897 404992
20.8333 2719345 404992
20.8336 2720793 404992
20.8339 2722241 404992
20.8342 2723689 404992
20.8345 2725137 404992
20.8348 2726585 404992
20.8351 2728033 404992
20.8354 2729481 404992
20.8357 2730929 404992
20.836 2732377 404992
20.8361 2733825 404992
20.8364 2735273 404992
20.8367 2736721 404992
20.8369 2738169 404992
20.8372 2739617 404992
20.8375 2741065 404992
20.8379 2742513 404992
20.8381 2743961 404992
20.8385 2745409 404992
20.8387 2746857 404992
20.852 2748305 406528
20.8523 2749753 406528
20.8526 2751201 406528
20.8528 2752649 406528
20.8529 2754097 406528
20.8531 2755545 406528
20.8534 2756993 406528
20.8537 2758441 406528
20.8538 2759889 406528
20.8543 2761337 406528
20.8546 2762785 406528
20.8564 2764233 406528
20.8565 2765681 406528
20.8567 2767129 406528
20.8568 2768577 406528
20.857 2770025 406528
20.8571 2771473 406528
20.8576 2772921 406528
20.8577 2774369 406528
20.8579 2775817 406528
20.858 2777265 406528
20.8582 2778713 406528
20.8583 2780161 406528
20.8585 2781609 406528
20.8586 2783057 406528
20.8588 2784505 406528
20.8591 2785953 406528
20.8595 2787401 406528
20.8597 2788849 406528
20.8598 2790297 406528
20.86 2791745 406528
20.8601 2793193 406528
20.8603 2794641 406528
20.8604 2796089 406528
20.8606 2797537 406528
20.861 2798985 406528
20.8612 2800433 406528
20.8613 2801881 406528
20.8615 2803329 406528
20.8616 2804777 406528
20.8618 2806225 406528
20.8619 2807673 406528
20.8621 2809121 406528
20.8625 2810569 406528
20.8627 2812017 406528
20.8631 2813465 406528
20.8633 2814913 406528
20.8634 2816361 406528
20.8636 2817809 406528
20.8637 2819257 406528
20.8639 2820705 406528
20.864 2822153 406528
20.8642 2823601 406528
20.8643 2825049 406528
20.8645 2826497 406528
20.8646 2827945 406528
20.8648 2829393 406528
20.8651 2830841 406528
20.8654 2832289 406528
20.8655 2833737 406528
20.8657 2835185 406528
20.8658 2836633 406528
20.866 2838081 406528
20.8662 2839529 406528
20.8663 2840977 406528
20.8666 2842425 406528
20.8669 2843873 406528
20.8671 2845321 406528
20.8672 2846769 406528
20.8674 2848217 406528
20.8675 2849665 406528
20.8677 2851113 406528
20.8678 2852561 406528
20.868 2854009 406528
20.8681 2855457 406528
20.8683 2856905 406528
20.8684 2858353 406528
20.8687 2859801 406528
20.869 2861249 406528
20.8692 2862697 406528
20.8693 2864145 406528
20.8695 2865593 406528
20.8696 2867041 406528
20.8698 2868489 406528
20.8699 2869937 406528
20.8701 2871385 408064
20.8702 2872833 408064
20.8704 2874281 408064
20.8705 2875729 408064
20.8707 2877177 408064
20.8708 2878625 408064
20.871 2880073 408064
20.8711 2881521 408064
20.8713 2882969 408064
20.8714 2884417 408064
20.8716 2885865 408064
20.8717 2887313 408064
20.8719 2888761 408064
20.872 2890209 408064
20.8722 2891657 408064
20.8723 2893105 408064
20.8725 2894553 408064
20.8726 2896001 408064
20.8728 2897449 408064
20.8729 2898897 408064
20.8731 2900345 408064
20.8732 2901793 408064
20.8734 2903241 408064
20.8735 2904689 408064
20.8737 2906137 408064
20.8738 2907585 408064
20.874 2909033 408064
20.8741 2910481 408064
20.8743 2911929 408064
20.8744 2913377 408064
20.8746 2914825 408064
20.8747 2916273 408064
20.8749 2917721 408064
20.875 2919169 408064
20.8752 2920617 408064
20.8753 2922065 408064
20.8755 2923513 408064
20.8756 2924961 408064
20.8758 2926409 408064
20.8759 2927857 408064
20.8761 2929305 408064
20.8762 2930753 408064
20.8764 2932201 408064
20.8765 2933649 408064
20.8767 2935097 408064
20.8768 2936545 408064
20.877 2937993 408064
20.8771 2939441 408064
20.8773 2940889 408064
20.8774 2942337 408064
20.8776 2943785 408064
20.8777 2945233 408064
20.8779 2946681 408064
20.878 2948129 408064
20.8782 2949577 408064
20.8783 2951025 408064
20.8785 2952473 408064
20.8786 2953921 408064
20.8788 2955369 408064
20.8789 2956817 408064
20.8791 2958265 408064
20.8792 2959713 408064
20.8794 2961161 408064
20.8795 2962609 408064
20.8797 2964057 408064
20.8798 2965505 408064
20.88 2966953 408064
20.8801 2968401 408064
20.8803 2969849 408064
20.8804 2971297 408064
20.8806 2972745 408064
20.8807 2974193 408064
20.8809 2975641 408064
20.881 2977089 408064
20.8812 2978537 408064
20.8813 2979985 408064
20.8815 2981433 408064
20.8816 2982881 408064
20.8818 2984329 408064
20.8819 2985777 408064
20.8821 2987225 408064
20.8822 2988673 408064
20.8824 2990121 408064
20.8825 2991569 408064
20.8827 2993017 408064
20.8828 2994465 408064
20.883 2995913 408064
20.8831 2997361 408064
20.8833 2998809 408064
20.8834 3000257 408064
20.8836 3001705 408064
20.8837 3003153 408064
20.8839 3004601 408064
20.884 3006049 408064
20.8842 3007497 408064
20.8843 3008945 408064
20.8845 3010393 408064
20.8846 3011841 408064
20.8848 3013289 408064
20.8849 3014737 408064
20.8851 3016185 408064
20.8852 3017633 408064
20.8854 3019081 408064
20.8855 3020529 408064
20.8857 3021977 408064
20.8858 3023425 408064
20.886 3024873 408064
20.8861 3026321 409600
20.8863 3027769 409600
20.8864 3029217 409600
20.8866 3030665 409600
20.8867 3032113 409600
20.8869 3033561 409600
20.887 3035009 409600
20.8872 3036457 409600
20.8873 3037905 409600
20.8875 3039353 409600
20.8876 3040801 409600
20.8878 3042249 409600
20.8879 3043697 409600
20.8881 3045145 409600
20.8882 3046593 409600
20.8884 3048041 409600
20.8885 3049489 409600
20.8887 3050937 409600
20.8888 3052385 409600
20.889 3053833 409600
20.8891 3055281 409600
20.8893 3056729 409600
20.8894 3058177 409600
20.8896 3059625 409600
20.8897 3061073 409600
20.8899 3062521 409600
20.89 3063969 409600
20.8902 3065417 409600
20.8903 3066865 409600
20.8905 3068313 409600
20.8906 3069761 409600
20.8908 3071209 409600
20.8909 3072657 409600
20.8911 3074105 409600
20.8912 3075553 409600
20.8914 3077001 409600
20.8917 3078449 409600
20.892 3079897 409600
20.8923 3081345 409600
20.8924 3082793 409600
20.8927 3084241 409600
20.893 3085689 409600
20.8932 3087137 409600
20.8935 3088585 409600
20.8938 3090033 409600
20.8941 3091481 409600
20.8944 3092929 409600
20.8947 3094377 409600
20.895 3095825 409600
20.8953 3097273 409600
20.8956 3098721 409600
20.8959 3100169 409600
20.8962 3101617 409600
20.8965 3103065 409600
20.8968 3104513 409600
20.8971 3105961 409600
20.8974 3107409 409600
20.8977 3108857 409600
20.898 3110305 409600
20.8983 3111753 409600
20.8986 3113201 409600
20.8987 3114649 409600
20.8989 3116097 409600
20.8992 3117545 409600
20.8995 3118993 409600
20.8999 3120441 409600
20.9002 3121889 409600
20.9005 3123337 409600
20.9008 3124785 409600
20.9011 3126233 409600
20.9014 3127681 409600
20.9017 3129129 409600
20.902 3130577 409600
20.9023 3132025 409600
20.9026 3133473 409600
20.9029 3134921 409600
20.9032 3136369 409600
20.9036 3137817 409600
20.9039 3139265 409600
20.9042 3140713 409600
20.9043 3142161 409600
20.9046 3143609 409600
20.9049 3145057 409600
20.9051 3146505 409600
20.9054 3147953 409600
20.9057 3149401 409600
20.906 3150849 409600
20.9063 3152297 409600
20.9066 3153745 409600
20.9069 3155193 409600
20.9072 3156641 409600
20.9207 3158089 409600
20.921 3159537 409600
20.9211 3160985 409600
20.9213 3162433 409600
20.9214 3163881 411136
20.9217 3165329 411136
20.922 3166777 411136
20.9222 3168225 411136
20.9223 3169673 411136
20.9228 3171121 411136
20.9231 3172569 411136
20.9249 3174017 411136
20.925 3175465 411136
20.9252 3176913 411136
20.9253 3178361 411136
20.9255 3179809 411136
20.9256 3181257 411136
20.9261 3182705 411136
20.9262 3184153 411136
20.9264 3185601 411136
20.9265 3187049 411136
20.9267 3188497 411136
20.9268 3189945 411136
20.927 3191393 411136
20.9271 3192841 411136
20.9273 3194289 411136
20.9276 3195737 411136
20.928 3197185 411136
20.9283 3198633 411136
20.9285 3200081 411136
20.9286 3201529 411136
20.9288 3202977 411136
20.9289 3204425 411136
20.9291 3205873 411136
20.9292 3207321 411136
20.9295 3208769 411136
20.9298 3210217 411136
20.93 3211665 411136
20.9301 3213113 411136
20.9303 3214561 411136
20.9304 3216009 411136
20.9306 3217457 411136
20.9307 3218905 411136
20.931 3220353 411136
20.9313 3221801 411136
20.9316 3223249 411136
20.9319 3224697 411136
20.9321 3226145 411136
20.9322 3227593 411136
20.9324 3229041 411136
20.9325 3230489 411136
20.9327 3231937 411136
20.9328 3233385 411136
20.933 3234833 411136
20.9331 3236281 411136
20.9333 3237729 411136
20.9334 3239177 411136
20.9336 3240625 411136
20.9339 3242073 411136
20.9342 3243521 411136
20.9343 3244969 411136
20.9345 3246417 411136
20.9346 3247865 411136
20.9348 3249313 411136
20.9349 3250761 411136
20.9351 3252209 411136
20.9354 3253657 411136
20.9357 3255105 411136
20.9358 3256553 411136
20.936 3258001 411136
20.9361 3259449 411136
20.9363 3260897 411136
20.9364 3262345 411136
20.9366 3263793 411136
20.9367 3265241 411136
20.9369 3266689 411136
20.937 3268137 411136
20.9372 3269585 411136
20.9375 3271033 411136
20.9378 3272481 411136
20.9379 3273929 411136
20.9381 3275377 411136
20.9382 3276825 411136
20.9384 3278273 411136
20.9385 3279721 411136
20.9387 3281169 411136
20.9388 3282617 411136
20.939 3284065 411136
20.9391 3285513 411136
20.9393 3286961 411136
20.9394 3288409 411136
20.9396 3289857 411136
20.9397 3291305 411136
20.9399 3292753 411136
20.94 3294201 411136
20.9402 3295649 411136
20.9403 3297097 411136
20.9405 3298545 411136
20.9406 3299993 411136
20.9408 3301441 412672
20.941 3302889 412672
20.9411 3304337 412672
20.9413 3305785 412672
20.9414 3307233 412672
20.9416 3308681 412672
20.9417 3310129 412672
20.9419 3311577 412672
20.942 3313025 412672
20.9422 3314473 412672
20.9423 3315921 412672
20.9425 3317369 412672
20.9426 3318817 412672
20.9428 3320265 412672
20.9429 3321713 412672
20.9431 3323161 412672
20.9432 3324609 412672
20.9434 3326057 412672
20.9435 3327505 412672
20.9437 3328953 412672
20.9438 3330401 412672
20.944 3331849 412672
20.9441 3333297 412672
20.9443 3334745 412672
20.9444 3336193 412672
20.9446 3337641 412672
20.9447 3339089 412672
20.9449 3340537 412672
20.945 3341985 412672
20.9452 3343433 412672
20.9453 3344881 412672
20.9455 3346329 412672
20.9456 3347777 412672
20.9458 3349225 412672
20.9459 3350673 412672
20.9461 3352121 412672
20.9462 3353569 412672
20.9464 3355017 412672
20.9465 3356465 412672
20.9467 3357913 412672
20.9468 3359361 412672
20.947 3360809 412672
20.9471 3362257 412672
20.9473 3363705 412672
20.9474 3365153 412672
20.9476 3366601 412672
20.9477 3368049 412672
20.9479 3369497 412672
20.948 3370945 412672
20.9482 3372393 412672
20.9483 3373841 412672
20.9485 3375289 412672
20.9486 3376737 412672
20.9488 3378185 412672
20.9489 3379633 412672
20.9491 3381081 412672
20.9492 3382529 412672
20.9494 3383977 412672
20.9495 3385425 412672
20.9497 3386873 412672
20.9498 3388321 412672
20.95 3389769 412672
20.9501 3391217 412672
20.9503 3392665 412672
20.9504 3394113 412672
20.9506 3395561 412672
20.9507 3397009 412672
20.9509 3398457 412672
20.951 3399905 412672
20.9512 3401353 412672
20.9513 3402801 412672
20.9515 3404249 412672
20.9516 3405697 412672
20.9518 3407145 412672
20.9519 3408593 412672
20.9521 3410041 412672
20.9522 3411489 412672
20.9524 3412937 412672
20.9525 3414385 412672
20.9527 3415833 412672
20.9528 3417281 412672
20.953 3418729 412672
20.9531 3420177 412672
20.9533 3421625 412672
20.9534 3423073 412672
20.9536 3424521 412672
20.9537 3425969 412672
20.9539 3427417 412672
20.954 3428865 412672
20.9542 3430313 412672
20.9543 3431761 412672
20.9545 3433209 412672
20.9546 3434657 412672
20.9548 3436105 412672
20.9549 3437553 412672
20.9551 3439001 413696
20.9552 3440449 413696
20.9554 3441897 413696
20.9555 3443345 413696
20.9557 3444793 413696
20.9558 3446241 413696
20.956 3447689 413696
20.9561 3449137 413696
20.9563 3450585 413696
20.9564 3452033 413696
20.9566 3453481 413696
20.9567 3454929 413696
20.9569 3456377 413696
20.957 3457825 413696
20.9572 3459273 413696
20.9573 3460721 413696
20.9575 3462169 413696
20.9576 3463617 413696
20.9578 3465065 413696
20.9579 3466513 413696
20.9581 3467961 413696
20.9582 3469409 413696
20.9584 3470857 413696
20.9585 3472305 413696
20.9587 3473753 413696
20.9588 3475201 413696
20.959 3476649 413696
20.9591 3478097 413696
20.9593 3479545 413696
20.9594 3480993 413696
20.9596 3482441 413696
20.9597 3483889 413696
20.9599 3485337 413696
20.96 3486785 413696
20.9602 3488233 413696
20.9603 3489681 413696
20.9606 3491129 413696
20.9609 3492577 413696
20.9612 3494025 413696
20.9614 3495473 413696
20.9617 3496921 413696
20.962 3498369 413696
20.9621 3499817 413696
20.9624 3501265 413696
20.9627 3502713 413696
20.963 3504161 413696
20.9633 3505609 413696
20.9636 3507057 413696
20.9639 3508505 413696
20.9642 3509953 413696
20.9645 3511401 413696
20.9648 3512849 413696
20.9651 3514297 413696
20.9654 3515745 413696
20.9657 3517193 413696
20.966 3518641 413696
20.9663 3520089 413696
20.9666 3521537 413696
20.9669 3522985 413696
20.9672 3524433 413696
20.9675 3525881 413696
20.9677 3527329 413696
20.9678 3528777 413696
20.9681 3530225 413696
20.9684 3531673 413696
20.9689 3533121 413696
20.9692 3534569 413696
20.9695 3536017 413696
20.9698 3537465 413696
20.9702 3538913 413696
20.9705 3540361 413696
20.9708 3541809 413696
20.9711 3543257 413696
20.9714 3544705 413696
20.9717 3546153 413696
20.972 3547601 413696
20.9723 3549049 413696
20.9726 3550497 413696
20.9729 3551945 413696
20.9732 3553393 413696
20.9734 3554841 413696
20.9737 3556289 413696
20.974 3557737 413696
20.9741 3559185 413696
20.9744 3560633 413696
20.9747 3562081 413696
20.975 3563529 413696
20.9753 3564977 413696
20.9756 3566425 413696
20.9759 3567873 413696
20.9762 3569321 413696
20.9898 3570769 415232
20.9901 3572217 415232
20.9904 3573665 415232
20.9905 3575113 415232
20.9907 3576561 415232
20.9908 3578009 415232
20.991 3579457 415232
20.9913 3580905 415232
20.9916 3582353 415232
20.9917 3583801 415232
20.9919 3585249 415232
20.9923 3586697 415232
20.9926 3588145 415232
20.9944 3589593 415232
20.9946 3591041 415232
20.9947 3592489 415232
20.9949 3593937 415232
20.995 3595385 415232
20.9952 3596833 415232
20.9956 3598281 415232
20.9958 3599729 415232
20.9959 3601177 415232
20.9961 3602625 415232
20.9962 3604073 415232
20.9964 3605521 415232
20.9965 3606969 415232
20.9967 3608417 415232
20.9968 3609865 415232
20.9971 3611313 415232
20.9976 3612761 415232
20.9979 3614209 415232
20.998 3615657 415232
20.9982 3617105 415232
20.9983 3618553 415232
20.9985 3620001 415232
20.9986 3621449 415232
20.9988 3622897 415232
20.9991 3624345 415232
20.9994 3625793 415232
20.9997 3627241 415232
20.9998 3628689 415232
21 3630137 415232
21.0001 3631585 415232
21.0003 3633033 415232
21.0004 3634481 415232
21.0007 3635929 415232
21.001 3637377 415232
21.0013 3638825 415232
21.0016 3640273 415232
21.0018 3641721 415232
21.0019 3643169 415232
21.0021 3644617 415232
21.0022 3646065 415232
21.0024 3647513 415232
21.0025 3648961 415232
21.0027 3650409 415232
21.0028 3651857 415232
21.003 3653305 415232
21.0031 3654753 415232
21.0033 3656201 415232
21.0036 3657649 415232
21.0039 3659097 415232
21.004 3660545 415232
21.0042 3661993 415232
21.0043 3663441 415232
21.0045 3664889 415232
21.0046 3666337 415232
21.0048 3667785 415232
21.0051 3669233 415232
21.0054 3670681 415232
21.0055 3672129 415232
21.0057 3673577 415232
21.0058 3675025 415232
21.006 3676473 415232
21.0061 3677921 415232
21.0063 3679369 415232
21.0064 3680817 415232
21.0066 3682265 416768
21.0067 3683713 416768
21.0069 3685161 416768
21.007 3686609 416768
21.0073 3688057 416768
21.0076 3689505 416768
21.0078 3690953 416768
21.0079 3692401 416768
21.0081 3693849 416768
21.0082 3695297 416768
21.0084 3696745 416768
21.0085 3698193 416768
21.0087 3699641 416768
21.0088 3701089 416768
21.009 3702537 416768
21.0091 3703985 416768
21.0093 3705433 416768
21.0094 3706881 416768
21.0096 3708329 416768
21.0097 3709777 416768
21.0099 3711225 416768
21.01 3712673 416768
21.0102 3714121 416768
21.0103 3715569 416768
21.0105 3717017 416768
21.0106 3718465 416768
21.0108 3719913 416768
21.0109 3721361 416768
21.0111 3722809 416768
21.0112 3724257 416768
21.0114 3725705 416768
21.0115 3727153 416768
21.0117 3728601 416768
21.0118 3730049 416768
21.012 3731497 416768
21.0121 3732945 416768
21.0123 3734393 416768
21.0124 3735841 416768
21.0126 3737289 416768
21.0127 3738737 416768
21.0129 3740185 416768
21.013 3741633 416768
21.0132 3743081 416768
21.0133 3744529 416768
21.0135 3745977 416768
21.0136 3747425 416768
21.0138 3748873 416768
21.0139 3750321 416768
21.0141 3751769 416768
21.0142 3753217 416768
21.0144 3754665 416768
21.0145 3756113 416768
21.0147 3757561 416768
21.0148 3759009 416768
21.015 3760457 416768
21.0151 3761905 416768
21.0153 3763353 416768
21.0154 3764801 416768
21.0156 3766249 416768
21.0157 3767697 416768
21.0159 3769145 416768
21.016 3770593 416768
21.0162 3772041 416768
21.0164 3773489 416768
21.0165 3774937 416768
21.0167 3776385 416768
21.0168 3777833 416768
21.017 3779281 416768
21.0171 3780729 416768
21.0173 3782177 416768
21.0174 3783625 416768
21.0176 3785073 416768
21.0177 3786521 416768
21.0179 3787969 416768
21.018 3789417 416768
21.0182 3790865 416768
21.0183 3792313 416768
21.0185 3793761 416768
21.0186 3795209 416768
21.0188 3796657 416768
21.0189 3798105 416768
21.0191 3799553 416768
21.0192 3801001 416768
21.0194 3802449 416768
21.0195 3803897 416768
21.0197 3805345 416768
21.0198 3806793 416768
21.02 3808241 416768
21.0201 3809689 416768
21.0203 3811137 416768
21.0204 3812585 416768
21.0206 3814033 416768
21.0207 3815481 416768
21.0209 3816929 416768
21.021 3818377 416768
21.0212 3819825 416768
21.0213 3821273 416768
21.0215 3822721 418304
21.0216 3824169 418304
21.0218 3825617 418304
21.0219 3827065 418304
21.0221 3828513 418304
21.0222 3829961 418304
21.0224 3831409 418304
21.0225 3832857 418304
21.0227 3834305 418304
21.0228 3835753 418304
21.023 3837201 418304
21.0231 3838649 418304
21.0233 3840097 418304
21.0234 3841545 418304
21.0236 3842993 418304
21.0237 3844441 418304
21.0239 3845889 418304
21.024 3847337 418304
21.0242 3848785 418304
21.0243 3850233 418304
21.0245 3851681 418304
21.0246 3853129 418304
21.0248 3854577 418304
21.0249 3856025 418304
21.0251 3857473 418304
21.0252 3858921 418304
21.0254 3860369 418304
21.0255 3861817 418304
21.0257 3863265 418304
21.0258 3864713 418304
21.026 3866161 418304
21.0261 3867609 418304
21.0263 3869057 418304
21.0264 3870505 418304
21.0266 3871953 418304
21.0267 3873401 418304
21.0269 3874849 418304
21.027 3876297 418304
21.0272 3877745 418304
21.0273 3879193 418304
21.0275 3880641 418304
21.0276 3882089 418304
21.0278 3883537 418304
21.0279 3884985 418304
21.0281 3886433 418304
21.0282 3887881 418304
21.0284 3889329 418304
21.0285 3890777 418304
21.0287 3892225 418304
21.0288 3893673 418304
21.029 3895121 418304
21.0291 3896569 418304
21.0293 3898017 418304
21.0294 3899465 418304
21.0296 3900913 418304
21.0297 3902361 418304
21.0299 3903809 418304
21.03 3905257 418304
21.0302 3906705 418304
21.0303 3908153 418304
21.0306 3909601 418304
21.0311 3911049 418304
21.0312 3912497 418304
21.0315 3913945 418304
21.0318 3915393 418304
21.032 3916841 418304
21.0323 3918289 418304
21.0326 3919737 418304
21.0329 3921185 418304
21.0332 3922633 418304
21.0335 3924081 418304
21.0338 3925529 418304
21.0341 3926977 418304
21.0344 3928425 418304
21.0347 3929873 418304
21.035 3931321 418304
21.0353 3932769 418304
21.0356 3934217 418304
21.0359 3935665 418304
21.0362 3937113 418304
21.0365 3938561 418304
21.0368 3940009 418304
21.0371 3941457 418304
21.0374 3942905 418304
21.0375 3944353 418304
21.0377 3945801 418304
21.038 3947249 418304
21.0383 3948697 418304
21.0386 3950145 418304
21.039 3951593 418304
21.0393 3953041 418304
21.0396 3954489 418304
21.0399 3955937 418304
21.0404 3957385 418304
21.0407 3958833 418304
21.041 3960281 418304
21.0413 3961729 418304
21.0416 3963177 419840
21.0419 3964625 419840
21.0422 3966073 419840
21.0423 3967521 419840
21.0426 3968969 419840
21.0429 3970417 419840
21.0432 3971865 419840
21.0435 3973313 419840
21.0437 3974761 419840
21.044 3976209 419840
21.0443 3977657 419840
21.0444 3979105 419840
21.0447 3980553 419840
21.045 3982001 419840
21.0453 3983449 419840
21.0456 3984897 419840
21.0459 3986345 419840
21.0462 3987793 419840
21.0465 3989241 419840
21.0602 3990689 419840
21.0605 3992137 419840
21.0608 3993585 419840
21.061 3995033 419840
21.0611 3996481 419840
21.0613 3997929 419840
21.0614 3999377 419840
21.0617 4000825 419840
21.062 4002273 419840
21.0622 4003721 419840
21.0625 4005169 419840
21.0628 4006617 419840
21.0646 4008065 419840
21.0649 4009513 419840
21.065 4010961 419840
21.0652 4012409 419840
21.0653 4013857 419840
21.0655 4015305 419840
21.0658 4016753 419840
21.0661 4018201 419840
21.0662 4019649 419840
21.0664 4021097 419840
21.0665 4022545 419840
21.0667 4023993 419840
21.0668 4025441 419840
21.067 4026889 419840
21.0671 4028337 419840
21.0673 4029785 419840
21.0677 4031233 419840
21.068 4032681 419840
21.0683 4034129 419840
21.0685 4035577 419840
21.0686 4037025 419840
21.0688 4038473 419840
21.0689 4039921 419840
21.0691 4041369 419840
21.0692 4042817 419840
21.0695 4044265 419840
21.0698 4045713 419840
21.07 4047161 419840
21.0701 4048609 419840
21.0703 4050057 419840
21.0704 4051505 419840
21.0706 4052953 419840
21.0709 4054401 419840
21.0712 4055849 419840
21.0715 4057297 419840
21.0718 4058745 419840
21.0719 4060193 419840
21.0721 4061641 419840
21.0722 4063089 419840
21.0724 4064537 419840
21.0725 4065985 419840
21.0727 4067433 419840
21.0728 4068881 420864
21.073 4070329 420864
21.0731 4071777 420864
21.0733 4073225 420864
21.0734 4074673 420864
21.0737 4076121 420864
21.074 4077569 420864
21.0742 4079017 420864
21.0743 4080465 420864
21.0745 4081913 420864
21.0746 4083361 420864
21.0748 4084809 420864
21.0749 4086257 420864
21.0751 4087705 420864
21.0754 4089153 420864
21.0757 4090601 420864
21.0758 4092049 420864
21.076 4093497 420864
21.0761 4094945 420864
21.0763 4096393 420864
21.0764 4097841 420864
21.0766 4099289 420864
21.0767 4100737 420864
21.0769 4102185 420864
21.077 4103633 420864
21.0772 4105081 420864
21.0773 4106529 420864
21.0776 4107977 420864
21.0779 4109425 420864
21.0781 4110873 420864
21.0782 4112321 420864
21.0784 4113769 420864
21.0785 4115217 420864
21.0787 4116665 420864
21.0788 4118113 420864
21.079 4119561 420864
21.0791 4121009 420864
21.0793 4122457 420864
21.0794 4123905 420864
21.0796 4125353 420864
21.0797 4126801 420864
21.0799 4128249 420864
21.08 4129697 420864
21.0802 4131145 420864
21.0803 4132593 420864
21.0805 4134041 420864
21.0806 4135489 420864
21.0808 4136937 420864
21.0809 4138385 420864
21.0811 4139833 420864
21.0812 4141281 420864
21.0814 4142729 420864
21.0815 4144177 420864
21.0817 4145625 420864
21.0818 4147073 420864
21.082 4148521 420864
21.0821 4149969 420864
21.0823 4151417 420864
21.0824 4152865 420864
21.0826 4154313 420864
21.0827 4155761 420864
21.0829 4157209 420864
21.083 4158657 420864
21.0832 4160105 420864
21.0833 4161553 420864
21.0835 4163001 420864
21.0836 4164449 420864
21.0838 4165897 420864
21.0839 4167345 420864
21.0841 4168793 420864
21.0842 4170241 420864
21.0844 4171689 420864
21.0845 4173137 420864
21.0847 4174585 420864
21.0848 4176033 420864
21.085 4177481 420864
21.0851 4178929 420864
21.0853 4180377 420864
21.0854 4181825 420864
21.0856 4183273 420864
21.0857 4184721 420864
21.0859 4186169 420864
21.086 4187617 420864
21.0862 4189065 420864
21.0863 4190513 420864
21.0865 4191961 420864
21.0866 4193409 420864
21.0868 4194857 420864
21.0869 4196305 420864
21.0871 4197753 420864
21.0872 4199201 420864
21.0874 4200649 420864
21.0875 4202097 420864
21.0877 4203545 420864
21.0878 4204993 420864
21.088 4206441 420864
21.0881 4207889 420864
21.0883 4209337 420864
21.0884 4210785 420864
21.0886 4212233 422400
21.0887 4213681 422400
21.0889 4215129 422400
21.089 4216577 422400
21.0892 4218025 422400
21.0893 4219473 422400
21.0895 4220921 422400
21.0896 4222369 422400
21.0898 4223817 422400
21.0899 4225265 422400
21.0901 4226713 422400
21.0902 4228161 422400
21.0904 4229609 422400
21.0905 4231057 422400
21.0907 4232505 422400
21.0908 4233953 422400
21.091 4235401 422400
21.0911 4236849 422400
21.0913 4238297 422400
21.0915 4239745 422400
21.0916 4241193 422400
21.0918 4242641 422400
21.0919 4244089 422400
21.0921 4245537 422400
21.0922 4246985 422400
21.0924 4248433 422400
21.0925 4249881 422400
21.0927 4251329 422400
21.0928 4252777 422400
21.093 4254225 422400
21.0931 4255673 422400
21.0933 4257121 422400
21.0934 4258569 422400
21.0936 4260017 422400
21.0937 4261465 422400
21.0939 4262913 422400
21.094 4264361 422400
21.0942 4265809 422400
21.0943 4267257 422400
21.0945 4268705 422400
21.0946 4270153 422400
21.0948 4271601 422400
21.0949 4273049 422400
21.0951 4274497 422400
21.0952 4275945 422400
21.0954 4277393 422400
21.0955 4278841 422400
21.0957 4280289 422400
21.0958 4281737 422400
21.096 4283185 422400
21.0961 4284633 422400
21.0963 4286081 422400
21.0964 4287529 422400
21.0966 4288977 422400
21.0967 4290425 422400
21.0969 4291873 422400
21.097 4293321 422400
21.0972 4294769 422400
21.0973 4296217 422400
21.0975 4297665 422400
21.0976 4299113 422400
21.0978 4300561 422400
21.0979 4302009 422400
21.0981 4303457 422400
21.0982 4304905 422400
21.0984 4306353 422400
21.0985 4307801 422400
21.0987 4309249 422400
21.0988 4310697 422400
21.099 4312145 422400
21.0991 4313593 422400
21.0993 4315041 422400
21.0994 4316489 422400
21.0996 4317937 422400
21.0997 4319385 422400
21.0999 4320833 422400
21.1 4322281 422400
21.1002 4323729 422400
21.1003 4325177 422400
21.1005 4326625 422400
21.1006 4328073 422400
21.1009 4329521 422400
21.1012 4330969 422400
21.1017 4332417 422400
21.102 4333865 422400
21.1021 4335313 422400
21.1024 4336761 422400
21.1027 4338209 422400
21.1029 4339657 422400
21.1032 4341105 422400
21.1035 4342553 422400
21.1038 4344001 422400
21.1041 4345449 422400
21.1044 4346897 422400
21.1047 4348345 422400
21.105 4349793 422400
21.1053 4351241 422400
21.1056 4352689 423936
21.1059 4354137 423936
21.106 4355585 423936
21.1063 4357033 423936
21.1066 4358481 423936
21.1069 4359929 423936
21.1072 4361377 423936
21.1075 4362825 423936
21.1078 4364273 423936
21.1081 4365721 423936
21.1084 4367169 423936
21.1086 4368617 423936
21.1087 4370065 423936
21.109 4371513 423936
21.1093 4372961 423936
21.1098 4374409 423936
21.1101 4375857 423936
21.1104 4377305 423936
21.1107 4378753 423936
21.1111 4380201 423936
21.1114 4381649 423936
21.1117 4383097 423936
21.112 4384545 423936
21.1123 4385993 423936
21.1126 4387441 423936
21.1129 4388889 423936
21.1132 4390337 423936
21.1134 4391785 423936
21.1137 4393233 423936
21.114 4394681 423936
21.1143 4396129 423936
21.1146 4397577 423936
21.1147 4399025 423936
21.115 4400473 423936
21.1153 4401921 423936
21.1155 4403369 423936
21.1158 4404817 423936
21.1161 4406265 423936
21.1164 4407713 423936
21.1167 4409161 423936
21.117 4410609 423936
21.1174 4412057 423936
21.1177 4413505 423936
21.1314 4414953 423936
21.1317 4416401 423936
21.1319 4417849 423936
21.132 4419297 423936
21.1322 4420745 423936
21.1323 4422193 423936
21.1326 4423641 423936
21.1329 4425089 423936
21.1331 4426537 423936
21.1334 4427985 423936
21.1337 4429433 423936
21.134 4430881 423936
21.1358 4432329 423936
21.1359 4433777 423936
21.1361 4435225 423936
21.1362 4436673 423936
21.1364 4438121 423936
21.1367 4439569 423936
21.137 4441017 423936
21.1371 4442465 423936
21.1373 4443913 423936
21.1374 4445361 423936
21.1376 4446809 423936
21.1377 4448257 423936
21.1379 4449705 423936
21.138 4451153 423936
21.1382 4452601 423936
21.1385 4454049 423936
21.1389 4455497 423936
21.1392 4456945 423936
21.1394 4458393 423936
21.1395 4459841 423936
21.1397 4461289 425472
21.1398 4462737 425472
21.14 4464185 425472
21.1401 4465633 425472
21.1404 4467081 425472
21.1407 4468529 425472
21.1409 4469977 425472
21.141 4471425 425472
21.1412 4472873 425472
21.1413 4474321 425472
21.1415 4475769 425472
21.1416 4477217 425472
21.1419 4478665 425472
21.1422 4480113 425472
21.1425 4481561 425472
21.1428 4483009 425472
21.143 4484457 425472
21.1431 4485905 425472
21.1433 4487353 425472
21.1434 4488801 425472
21.1436 4490249 425472
21.1437 4491697 425472
21.1439 4493145 425472
21.144 4494593 425472
21.1442 4496041 425472
21.1443 4497489 425472
21.1445 4498937 425472
21.1448 4500385 425472
21.1451 4501833 425472
21.1452 4503281 425472
21.1454 4504729 425472
21.1455 4506177 425472
21.1457 4507625 425472
21.1458 4509073 425472
21.146 4510521 425472
21.1461 4511969 425472
21.1464 4513417 425472
21.1467 4514865 425472
21.1469 4516313 425472
21.147 4517761 425472
21.1472 4519209 425472
21.1473 4520657 425472
21.1475 4522105 425472
21.1476 4523553 425472
21.1478 4525001 425472
21.1479 4526449 425472
21.1481 4527897 425472
21.1482 4529345 425472
21.1484 4530793 425472
21.1487 4532241 425472
21.149 4533689 425472
21.1493 4535137 425472
21.1494 4536585 425472
21.1496 4538033 425472
21.1497 4539481 425472
21.1499 4540929 425472
21.15 4542377 425472
21.1502 4543825 425472
21.1503 4545273 425472
21.1505 4546721 425472
21.1506 4548169 425472
21.1508 4549617 425472
21.1509 4551065 425472
21.1511 4552513 425472
21.1512 4553961 425472
21.1514 4555409 425472
21.1515 4556857 425472
21.1517 4558305 425472
21.1518 4559753 425472
21.152 4561201 425472
21.1521 4562649 425472
21.1523 4564097 425472
21.1524 4565545 425472
21.1526 4566993 425472
21.1527 4568441 425472
21.1529 4569889 425472
21.153 4571337 425472
21.1532 4572785 425472
21.1533 4574233 425472
21.1535 4575681 425472
21.1536 4577129 425472
21.1538 4578577 425472
21.1539 4580025 425472
21.1541 4581473 425472
21.1542 4582921 425472
21.1544 4584369 425472
21.1545 4585817 425472
21.1547 4587265 425472
21.1548 4588713 425472
21.155 4590161 425472
21.1551 4591609 425472
21.1553 4593057 425472
21.1554 4594505 425472
21.1556 4595953 425472
21.1557 4597401 425472
21.1559 4598849 425472
21.156 4600297 425472
21.1562 4601745 425472
21.1563 4603193 425472
21.1565 4604641 427008
21.1566 4606089 427008
21.1568 4607537 427008
21.1569 4608985 427008
21.1571 4610433 427008
21.1572 4611881 427008
21.1574 4613329 427008
21.1575 4614777 427008
21.1577 4616225 427008
21.1578 4617673 427008
21.158 4619121 427008
21.1581 4620569 427008
21.1583 4622017 427008
21.1584 4623465 427008
21.1586 4624913 427008
21.1587 4626361 427008
21.1589 4627809 427008
21.159 4629257 427008
21.1592 4630705 427008
21.1593 4632153 427008
21.1595 4633601 427008
21.1596 4635049 427008
21.1598 4636497 427008
21.1599 4637945 427008
21.1601 4639393 427008
21.1602 4640841 427008
21.1604 4642289 427008
21.1605 4643737 427008
21.1607 4645185 427008
21.1608 4646633 427008
21.161 4648081 427008
21.1611 4649529 427008
21.1613 4650977 427008
21.1614 4652425 427008
21.1616 4653873 427008
21.1617 4655321 427008
21.1619 4656769 427008
21.162 4658217 427008
21.1622 4659665 427008
21.1623 4661113 427008
21.1625 4662561 427008
21.1626 4664009 427008
21.1628 4665457 427008
21.1629 4666905 427008
21.1631 4668353 427008
21.1632 4669801 427008
21.1634 4671249 427008
21.1635 4672697 427008
21.1637 4674145 427008
21.1638 4675593 427008
21.164 4677041 427008
21.1641 4678489 427008
21.1643 4679937 427008
21.1644 4681385 427008
21.1646 4682833 427008
21.1647 4684281 427008
21.1649 4685729 427008
21.165 4687177 427008
21.1652 4688625 427008
21.1653 4690073 427008
21.1655 4691521 427008
21.1656 4692969 427008
21.1658 4694417 427008
21.1659 4695865 427008
21.1661 4697313 427008
21.1663 4698761 427008
21.1664 4700209 427008
21.1666 4701657 427008
21.1667 4703105 427008
21.1669 4704553 427008
21.167 4706001 427008
21.1672 4707449 427008
21.1673 4708897 427008
21.1675 4710345 428544
21.1676 4711793 428544
21.1678 4713241 428544
21.1679 4714689 428544
21.1681 4716137 428544
21.1682 4717585 428544
21.1684 4719033 428544
21.1685 4720481 428544
21.1687 4721929 428544
21.1688 4723377 428544
21.169 4724825 428544
21.1691 4726273 428544
21.1693 4727721 428544
21.1694 4729169 428544
21.1696 4730617 428544
21.1697 4732065 428544
21.1699 4733513 428544
21.17 4734961 428544
21.1702 4736409 428544
21.1703 4737857 428544
21.1705 4739305 428544
21.1706 4740753 428544
21.1708 4742201 428544
21.1709 4743649 428544
21.1711 4745097 428544
21.1712 4746545 428544
21.1714 4747993 428544
21.1715 4749441 428544
21.1717 4750889 428544
21.1718 4752337 428544
21.1721 4753785 428544
21.1724 4755233 428544
21.1726 4756681 428544
21.1727 4758129 428544
21.173 4759577 428544
21.1735 4761025 428544
21.1738 4762473 428544
21.1739 4763921 428544
21.1742 4765369 428544
21.1745 4766817 428544
21.1747 4768265 428544
21.175 4769713 428544
21.1753 4771161 428544
21.1756 4772609 428544
21.1759 4774057 428544
21.1762 4775505 428544
21.1765 4776953 428544
21.1768 4778401 428544
21.1771 4779849 428544
21.1774 4781297 428544
21.1777 4782745 428544
21.1778 4784193 428544
21.1781 4785641 428544
21.1786 4787089 428544
21.1789 4788537 428544
21.1792 4789985 428544
21.1795 4791433 428544
21.1798 4792881 428544
21.1801 4794329 428544
21.1804 4795777 428544
21.1805 4797225 428544
21.1807 4798673 428544
21.181 4800121 428544
21.1814 4801569 428544
21.1817 4803017 428544
21.182 4804465 428544
21.1823 4805913 428544
21.1828 4807361 428544
21.1831 4808809 428544
21.1834 4810257 428544
21.1837 4811705 428544
21.184 4813153 428544
21.1843 4814601 428544
21.1846 4816049 428544
21.1849 4817497 428544
21.1852 4818945 428544
21.1853 4820393 428544
21.1856 4821841 428544
21.1859 4823289 428544
21.1862 4824737 428544
21.1865 4826185 428544
21.1867 4827633 428544
21.187 4829081 428544
21.1873 4830529 428544
21.1874 4831977 428544
21.1877 4833425 428544
21.188 4834873 428544
21.1883 4836321 428544
21.1886 4837769 428544
21.1891 4839217 428544
21.1894 4840665 428544
21.203 4842113 429568
21.2033 4843561 429568
21.2035 4845009 429568
21.2036 4846457 429568
21.2038 4847905 429568
21.204 4849353 429568
21.2041 4850801 429568
21.2044 4852249 429568
21.2047 4853697 429568
21.2049 4855145 429568
21.2052 4856593 429568
21.2055 4858041 429568
21.2058 4859489 429568
21.2076 4860937 429568
21.2077 4862385 429568
21.2079 4863833 429568
21.208 4865281 429568
21.2082 4866729 429568
21.2085 4868177 429568
21.2088 4869625 429568
21.2089 4871073 429568
21.2091 4872521 429568
21.2092 4873969 429568
21.2094 4875417 429568
21.2095 4876865 429568
21.2097 4878313 429568
21.2098 4879761 429568
21.21 4881209 429568
21.2103 4882657 429568
21.2109 4884105 429568
21.2112 4885553 429568
21.2113 4887001 429568
21.2115 4888449 429568
21.2116 4889897 429568
21.2118 4891345 429568
21.2119 4892793 429568
21.2121 4894241 429568
21.2124 4895689 429568
21.2127 4897137 429568
21.2128 4898585 429568
21.213 4900033 429568
21.2131 4901481 429568
21.2133 4902929 429568
21.2134 4904377 429568
21.2136 4905825 429568
21.2139 4907273 429568
21.2142 4908721 429568
21.2145 4910169 429568
21.2148 4911617 429568
21.2149 4913065 429568
21.2151 4914513 429568
21.2152 4915961 429568
21.2154 4917409 429568
21.2155 4918857 429568
21.2157 4920305 429568
21.2158 4921753 429568
21.216 4923201 429568
21.2161 4924649 429568
21.2163 4926097 429568
21.2164 4927545 429568
21.2167 4928993 429568
21.217 4930441 429568
21.2172 4931889 429568
21.2173 4933337 429568
21.2175 4934785 429568
21.2176 4936233 429568
21.2178 4937681 429568
21.2179 4939129 429568
21.2181 4940577 429568
21.2184 4942025 429568
21.2187 4943473 429568
21.2188 4944921 429568
21.219 4946369 429568
21.2191 4947817 429568
21.2193 4949265 429568
21.2194 4950713 429568
21.2196 4952161 429568
21.2197 4953609 429568
21.2199 4955057 429568
21.22 4956505 429568
21.2202 4957953 429568
21.2203 4959401 429568
21.2206 4960849 429568
21.2209 4962297 429568
21.2212 4963745 429568
21.2215 4965193 431104
21.2217 4966641 431104
21.2218 4968089 431104
21.222 4969537 431104
21.2221 4970985 431104
21.2223 4972433 431104
21.2224 4973881 431104
21.2226 4975329 431104
21.2227 4976777 431104
21.2229 4978225 431104
21.223 4979673 431104
21.2232 4981121 431104
21.2233 4982569 431104
21.2235 4984017 431104
21.2236 4985465 431104
21.2238 4986913 431104
21.2239 4988361 431104
21.2241 4989809 431104
21.2242 4991257 431104
21.2244 4992705 431104
21.2245 4994153 431104
21.2247 4995601 431104
21.2248 4997049 431104
21.225 4998497 431104
21.2251 4999945 431104
21.2253 5001393 431104
21.2254 5002841 431104
21.2256 5004289 431104
21.2257 5005737 431104
21.2259 5007185 431104
21.226 5008633 431104
21.2262 5010081 431104
21.2263 5011529 431104
21.2265 5012977 431104
21.2266 5014425 431104
21.2268 5015873 431104
21.2269 5017321 431104
21.2271 5018769 431104
21.2272 5020217 431104
21.2274 5021665 431104
21.2275 5023113 431104
21.2277 5024561 431104
21.2278 5026009 431104
21.228 5027457 431104
21.2281 5028905 431104
21.2283 5030353 431104
21.2284 5031801 431104
21.2286 5033249 431104
21.2287 5034697 431104
21.2289 5036145 431104
21.229 5037593 431104
21.2292 5039041 431104
21.2293 5040489 431104
21.2295 5041937 431104
21.2296 5043385 431104
21.2298 5044833 431104
21.2299 5046281 431104
21.2301 5047729 431104
21.2302 5049177 431104
21.2304 5050625 431104
21.2305 5052073 431104
21.2307 5053521 431104
21.2308 5054969 431104
21.231 5056417 431104
21.2311 5057865 431104
21.2313 5059313 431104
21.2314 5060761 431104
21.2316 5062209 431104
21.2317 5063657 431104
21.2319 5065105 431104
21.232 5066553 431104
21.2322 5068001 431104
21.2323 5069449 431104
21.2325 5070897 431104
21.2326 5072345 431104
21.2328 5073793 432640
21.2329 5075241 432640
21.2331 5076689 432640
21.2332 5078137 432640
21.2334 5079585 432640
21.2335 5081033 432640
21.2337 5082481 432640
21.2338 5083929 432640
21.234 5085377 432640
21.2341 5086825 432640
21.2343 5088273 432640
21.2344 5089721 432640
21.2346 5091169 432640
21.2347 5092617 432640
21.2349 5094065 432640
21.235 5095513 432640
21.2352 5096961 432640
21.2353 5098409 432640
21.2355 5099857 432640
21.2356 5101305 432640
21.2358 5102753 432640
21.2359 5104201 432640
21.2361 5105649 432640
21.2362 5107097 432640
21.2364 5108545 432640
21.2365 5109993 432640
21.2367 5111441 432640
21.2368 5112889 432640
21.237 5114337 432640
21.2371 5115785 432640
21.2373 5117233 432640
21.2374 5118681 432640
21.2376 5120129 432640
21.2377 5121577 432640
21.2379 5123025 432640
21.238 5124473 432640
21.2382 5125921 432640
21.2383 5127369 432640
21.2385 5128817 432640
21.2386 5130265 432640
21.2388 5131713 432640
21.2389 5133161 432640
21.2391 5134609 432640
21.2392 5136057 432640
21.2394 5137505 432640
21.2395 5138953 432640
21.2397 5140401 432640
21.2398 5141849 432640
21.24 5143297 432640
21.2401 5144745 432640
21.2403 5146193 432640
21.2404 5147641 432640
21.2406 5149089 432640
21.2407 5150537 432640
21.2409 5151985 432640
21.241 5153433 432640
21.2412 5154881 432640
21.2414 5156329 432640
21.2415 5157777 432640
21.2417 5159225 432640
21.2418 5160673 432640
21.242 5162121 432640
21.2421 5163569 432640
21.2423 5165017 432640
21.2424 5166465 432640
21.2426 5167913 432640
21.2427 5169361 432640
21.2429 5170809 432640
21.243 5172257 432640
21.2432 5173705 432640
21.2433 5175153 432640
21.2435 5176601 432640
21.2436 5178049 432640
21.2438 5179497 432640
21.2439 5180945 432640
21.2441 5182393 432640
21.2442 5183841 432640
21.2445 5185289 432640
21.2448 5186737 432640
21.2451 5188185 432640
21.2453 5189633 432640
21.2454 5191081 432640
21.2457 5192529 432640
21.2462 5193977 432640
21.2465 5195425 432640
21.2466 5196873 432640
21.2469 5198321 432640
21.2472 5199769 432640
21.2474 5201217 432640
21.2477 5202665 432640
21.248 5204113 432640
21.2483 5205561 432640
21.2486 5207009 432640
21.2489 5208457 432640
21.2492 5209905 432640
21.2495 5211353 432640
21.2498 5212801 432640
21.2501 5214249 432640
21.2504 5215697 432640
21.2505 5217145 434176
21.2508 5218593 434176
21.2511 5220041 434176
21.2514 5221489 434176
21.2517 5222937 434176
21.252 5224385 434176
21.2523 5225833 434176
21.2526 5227281 434176
21.2529 5228729 434176
21.2531 5230177 434176
21.2532 5231625 434176
21.2535 5233073 434176
21.2538 5234521 434176
21.2543 5235969 434176
21.2546 5237417 434176
21.2549 5238865 434176
21.2552 5240313 434176
21.2556 5241761 434176
21.2559 5243209 434176
21.2562 5244657 434176
21.2565 5246105 434176
21.2568 5247553 434176
21.2571 5249001 434176
21.2574 5250449 434176
21.2577 5251897 434176
21.2579 5253345 434176
21.2582 5254793 434176
21.2585 5256241 434176
21.2588 5257689 434176
21.2591 5259137 434176
21.2592 5260585 434176
21.2595 5262033 434176
21.2598 5263481 434176
21.26 5264929 434176
21.2603 5266377 434176
21.2606 5267825 434176
21.2609 5269273 434176
21.2612 5270721 434176
21.2615 5272169 434176
21.2619 5273617 434176
21.2622 5275065 434176
21.276 5276513 434176
21.2762 5277961 434176
21.2763 5279409 434176
21.2765 5280857 434176
21.2766 5282305 434176
21.2768 5283753 434176
21.2771 5285201 434176
21.2774 5286649 434176
21.2775 5288097 434176
21.2778 5289545 434176
21.2781 5290993 434176
21.2784 5292441 434176
21.2803 5293889 434176
21.2804 5295337 434176
21.2806 5296785 434176
21.2807 5298233 434176
21.2809 5299681 434176
21.2812 5301129 434176
21.2815 5302577 434176
21.2816 5304025 434176
21.2818 5305473 434176
21.2819 5306921 434176
21.2821 5308369 434176
21.2822 5309817 434176
21.2824 5311265 434176
21.2825 5312713 434176
21.2827 5314161 434176
21.283 5315609 434176
21.2836 5317057 434176
21.2839 5318505 434176
21.2842 5319953 434176
21.2843 5321401 434176
21.2845 5322849 434176
21.2846 5324297 434176
21.2848 5325745 434176
21.2849 5327193 434176
21.2851 5328641 434176
21.2854 5330089 434176
21.2857 5331537 434176
21.2858 5332985 434176
21.286 5334433 434176
21.2861 5335881 434176
21.2863 5337329 434176
21.2864 5338777 434176
21.2866 5340225 434176
21.2869 5341673 434176
21.2872 5343121 434176
21.2875 5344569 434176
21.2878 5346017 435712
21.2879 5347465 435712
21.2881 5348913 435712
21.2882 5350361 435712
21.2884 5351809 435712
21.2885 5353257 435712
21.2887 5354705 435712
21.2888 5356153 435712
21.289 5357601 435712
21.2891 5359049 435712
21.2893 5360497 435712
21.2894 5361945 435712
21.2896 5363393 435712
21.2899 5364841 435712
21.2902 5366289 435712
21.2903 5367737 435712
21.2905 5369185 435712
21.2906 5370633 435712
21.2908 5372081 435712
21.2909 5373529 435712
21.2911 5374977 435712
21.2912 5376425 435712
21.2915 5377873 435712
21.2918 5379321 435712
21.292 5380769 435712
21.2921 5382217 435712
21.2923 5383665 435712
21.2924 5385113 435712
21.2926 5386561 435712
21.2927 5388009 435712
21.2929 5389457 435712
21.293 5390905 435712
21.2932 5392353 435712
21.2933 5393801 435712
21.2935 5395249 435712
21.2938 5396697 435712
21.2941 5398145 435712
21.2944 5399593 435712
21.2947 5401041 435712
21.2948 5402489 435712
21.295 5403937 435712
21.2951 5405385 435712
21.2953 5406833 435712
21.2954 5408281 435712
21.2956 5409729 435712
21.2957 5411177 435712
21.2959 5412625 435712
21.296 5414073 435712
21.2962 5415521 435712
21.2963 5416969 435712
21.2965 5418417 435712
21.2966 5419865 435712
21.2968 5421313 435712
21.2969 5422761 435712
21.2971 5424209 435712
21.2972 5425657 435712
21.2974 5427105 435712
21.2975 5428553 435712
21.2977 5430001 435712
21.2978 5431449 435712
21.298 5432897 435712
21.2981 5434345 435712
21.2983 5435793 435712
21.2984 5437241 435712
21.2986 5438689 435712
21.2987 5440137 435712
21.2989 5441585 435712
21.299 5443033 435712
21.2992 5444481 435712
21.2993 5445929 435712
21.2995 5447377 435712
21.2996 5448825 435712
21.2998 5450273 435712
21.2999 5451721 435712
21.3001 5453169 435712
21.3002 5454617 435712
21.3004 5456065 435712
21.3005 5457513 435712
21.3007 5458961 435712
21.3008 5460409 435712
21.301 5461857 435712
21.3011 5463305 435712
21.3013 5464753 435712
21.3014 5466201 435712
21.3016 5467649 435712
21.3017 5469097 435712
21.3019 5470545 435712
21.302 5471993 435712
21.3022 5473441 435712
21.3023 5474889 437248
21.3025 5476337 437248
21.3026 5477785 437248
21.3028 5479233 437248
21.3029 5480681 437248
21.3031 5482129 437248
21.3032 5483577 437248
21.3034 5485025 437248
21.3035 5486473 437248
21.3037 5487921 437248
21.3038 5489369 437248
21.304 5490817 437248
21.3041 5492265 437248
21.3043 5493713 437248
21.3044 5495161 437248
21.3046 5496609 437248
21.3047 5498057 437248
21.3049 5499505 437248
21.305 5500953 437248
21.3052 5502401 437248
21.3053 5503849 437248
21.3055 5505297 437248
21.3056 5506745 437248
21.3058 5508193 437248
21.3059 5509641 437248
21.3061 5511089 437248
21.3062 5512537 437248
21.3064 5513985 437248
21.3065 5515433 437248
21.3067 5516881 437248
21.3068 5518329 437248
21.307 5519777 437248
21.3071 5521225 437248
21.3073 5522673 437248
21.3074 5524121 437248
21.3076 5525569 437248
21.3077 5527017 437248
21.3079 5528465 437248
21.308 5529913 437248
21.3082 5531361 437248
21.3083 5532809 437248
21.3085 5534257 437248
21.3086 5535705 437248
21.3088 5537153 437248
21.3089 5538601 437248
21.3091 5540049 437248
21.3092 5541497 437248
21.3094 5542945 437248
21.3095 5544393 437248
21.3097 5545841 437248
21.3098 5547289 437248
21.31 5548737 437248
21.3101 5550185 437248
21.3103 5551633 437248
21.3104 5553081 437248
21.3106 5554529 437248
21.3107 5555977 437248
21.3109 5557425 437248
21.311 5558873 437248
21.3112 5560321 437248
21.3113 5561769 437248
21.3115 5563217 437248
21.3116 5564665 437248
21.3118 5566113 437248
21.3119 5567561 437248
21.3121 5569009 437248
21.3122 5570457 437248
21.3124 5571905 437248
21.3125 5573353 437248
21.3127 5574801 437248
21.3128 5576249 437248
21.313 5577697 437248
21.3131 5579145 437248
21.3133 5580593 437248
21.3134 5582041 437248
21.3136 5583489 437248
21.3137 5584937 437248
21.3139 5586385 437248
21.314 5587833 437248
21.3142 5589281 437248
21.3143 5590729 437248
21.3145 5592177 437248
21.3146 5593625 437248
21.3148 5595073 437248
21.3149 5596521 437248
21.3151 5597969 437248
21.3152 5599417 437248
21.3154 5600865 437248
21.3155 5602313 437248
21.3157 5603761 437248
21.3158 5605209 437248
21.316 5606657 437248
21.3161 5608105 437248
21.3163 5609553 437248
21.3164 5611001 437248
21.3166 5612449 437248
21.3168 5613897 437248
21.3169 5615345 437248
21.3171 5616793 437248
21.3172 5618241 437248
21.3174 5619689 437248
21.3175 5621137 438272
21.3178 5622585 438272
21.3181 5624033 438272
21.3184 5625481 438272
21.3186 5626929 438272
21.3187 5628377 438272
21.319 5629825 438272
21.3195 5631273 438272
21.3198 5632721 438272
21.3199 5634169 438272
21.3202 5635617 438272
21.3205 5637065 438272
21.3207 5638513 438272
21.321 5639961 438272
21.3213 5641409 438272
21.3216 5642857 438272
21.3219 5644305 438272
21.3222 5645753 438272
21.3225 5647201 438272
21.3228 5648649 438272
21.3231 5650097 438272
21.3234 5651545 438272
21.3237 5652993 438272
21.3238 5654441 438272
21.3241 5655889 438272
21.3244 5657337 438272
21.3247 5658785 438272
21.325 5660233 438272
21.3253 5661681 438272
21.3256 5663129 438272
21.3259 5664577 438272
21.3262 5666025 438272
21.3264 5667473 438272
21.3265 5668921 438272
21.3268 5670369 438272
21.3271 5671817 438272
21.3274 5673265 438272
21.3279 5674713 438272
21.3282 5676161 438272
21.3285 5677609 438272
21.3288 5679057 438272
21.3292 5680505 438272
21.3295 5681953 438272
21.3298 5683401 438272
21.3301 5684849 438272
21.3304 5686297 438272
21.3307 5687745 438272
21.331 5689193 438272
21.3312 5690641 438272
21.3315 5692089 438272
21.3318 5693537 438272
21.3321 5694985 438272
21.3324 5696433 438272
21.3325 5697881 438272
21.3328 5699329 438272
21.3331 5700777 438272
21.3333 5702225 438272
21.3336 5703673 438272
21.3339 5705121 438272
21.3342 5706569 438272
21.3345 5708017 438272
21.3348 5709465 438272
21.3351 5710913 438272
21.3355 5712361 438272
21.3358 5713809 438272
21.3496 5715257 438272
21.3499 5716705 438272
21.3501 5718153 438272
21.3502 5719601 438272
21.3504 5721049 438272
21.3505 5722497 438272
21.3508 5723945 438272
21.3511 5725393 438272
21.3513 5726841 438272
21.3516 5728289 438272
21.3519 5729737 438272
21.3522 5731185 438272
21.354 5732633 438272
21.3542 5734081 438272
21.3543 5735529 438272
21.3545 5736977 438272
21.3546 5738425 438272
21.3549 5739873 438272
21.3552 5741321 439808
21.3554 5742769 439808
21.3555 5744217 439808
21.3557 5745665 439808
21.3558 5747113 439808
21.356 5748561 439808
21.3561 5750009 439808
21.3563 5751457 439808
21.3564 5752905 439808
21.3566 5754353 439808
21.3569 5755801 439808
21.3575 5757249 439808
21.3578 5758697 439808
21.3581 5760145 439808
21.3582 5761593 439808
21.3584 5763041 439808
21.3585 5764489 439808
21.3587 5765937 439808
21.3588 5767385 439808
21.359 5768833 439808
21.3593 5770281 439808
21.3596 5771729 439808
21.3597 5773177 439808
21.3599 5774625 439808
21.36 5776073 439808
21.3602 5777521 439808
21.3603 5778969 439808
21.3605 5780417 439808
21.3608 5781865 439808
21.3611 5783313 439808
21.3614 5784761 439808
21.3617 5786209 439808
21.3618 5787657 439808
21.362 5789105 439808
21.3621 5790553 439808
21.3623 5792001 439808
21.3624 5793449 439808
21.3626 5794897 439808
21.3627 5796345 439808
21.3629 5797793 439808
21.363 5799241 439808
21.3632 5800689 439808
21.3633 5802137 439808
21.3635 5803585 439808
21.3638 5805033 439808
21.3641 5806481 439808
21.3642 5807929 439808
21.3644 5809377 439808
21.3645 5810825 439808
21.3647 5812273 439808
21.3648 5813721 439808
21.365 5815169 439808
21.3651 5816617 439808
21.3654 5818065 439808
21.3657 5819513 439808
21.3659 5820961 439808
21.366 5822409 439808
21.3662 5823857 439808
21.3663 5825305 439808
21.3665 5826753 439808
21.3666 5828201 439808
21.3668 5829649 439808
21.3669 5831097 439808
21.3671 5832545 439808
21.3672 5833993 439808
21.3674 5835441 439808
21.3677 5836889 439808
21.368 5838337 439808
21.3683 5839785 439808
21.3686 5841233 439808
21.3687 5842681 439808
21.3689 5844129 439808
21.369 5845577 439808
21.3692 5847025 439808
21.3693 5848473 439808
21.3695 5849921 439808
21.3696 5851369 439808
21.3698 5852817 439808
21.3699 5854265 439808
21.3701 5855713 439808
21.3702 5857161 439808
21.3704 5858609 439808
21.3705 5860057 439808
21.3707 5861505 439808
21.3708 5862953 439808
21.371 5864401 439808
21.3711 5865849 439808
21.3713 5867297 439808
21.3714 5868745 439808
21.3716 5870193 439808
21.3717 5871641 439808
21.3719 5873089 439808
21.372 5874537 439808
21.3722 5875985 439808
21.3723 5877433 439808
21.3725 5878881 441344
21.3726 5880329 441344
21.3728 5881777 441344
21.3729 5883225 441344
21.3731 5884673 441344
21.3732 5886121 441344
21.3734 5887569 441344
21.3735 5889017 441344
21.3737 5890465 441344
21.3738 5891913 441344
21.374 5893361 441344
21.3741 5894809 441344
21.3743 5896257 441344
21.3744 5897705 441344
21.3746 5899153 441344
21.3747 5900601 441344
21.3749 5902049 441344
21.375 5903497 441344
21.3752 5904945 441344
21.3753 5906393 441344
21.3755 5907841 441344
21.3756 5909289 441344
21.3758 5910737 441344
21.3759 5912185 441344
21.3761 5913633 441344
21.3762 5915081 441344
21.3764 5916529 441344
21.3765 5917977 441344
21.3767 5919425 441344
21.3768 5920873 441344
21.377 5922321 441344
21.3771 5923769 441344
21.3773 5925217 441344
21.3774 5926665 441344
21.3776 5928113 441344
21.3777 5929561 441344
21.3779 5931009 441344
21.378 5932457 441344
21.3782 5933905 441344
21.3783 5935353 441344
21.3785 5936801 441344
21.3786 5938249 441344
21.3788 5939697 441344
21.3789 5941145 441344
21.3791 5942593 441344
21.3792 5944041 441344
21.3794 5945489 441344
21.3795 5946937 441344
21.3797 5948385 441344
21.3798 5949833 441344
21.38 5951281 441344
21.3801 5952729 441344
21.3803 5954177 441344
21.3804 5955625 441344
21.3806 5957073 441344
21.3807 5958521 441344
21.3809 5959969 441344
21.381 5961417 441344
21.3812 5962865 441344
21.3813 5964313 441344
21.3815 5965761 441344
21.3816 5967209 441344
21.3818 5968657 441344
21.3819 5970105 441344
21.3821 5971553 441344
21.3822 5973001 441344
21.3824 5974449 441344
21.3825 5975897 441344
21.3827 5977345 441344
21.3828 5978793 441344
21.383 5980241 441344
21.3831 5981689 441344
21.3833 5983137 441344
21.3834 5984585 441344
21.3836 5986033 441344
21.3837 5987481 441344
21.3839 5988929 441344
21.384 5990377 441344
21.3842 5991825 441344
21.3843 5993273 441344
21.3845 5994721 441344
21.3846 5996169 441344
21.3848 5997617 441344
21.3849 5999065 441344
21.3851 6000513 441344
21.3852 6001961 441344
21.3854 6003409 441344
21.3855 6004857 441344
21.3857 6006305 441344
21.3858 6007753 441344
21.386 6009201 441344
21.3861 6010649 441344
21.3863 6012097 441344
21.3864 6013545 441344
21.3866 6014993 441344
21.3867 6016441 441344
21.3869 6017889 441344
21.387 6019337 441344
21.3872 6020785 441344
21.3873 6022233 441344
21.3875 6023681 441344
21.3876 6025129 442880
21.3878 6026577 442880
21.3879 6028025 442880
21.3881 6029473 442880
21.3882 6030921 442880
21.3884 6032369 442880
21.3885 6033817 442880
21.3887 6035265 442880
21.3888 6036713 442880
21.389 6038161 442880
21.3891 6039609 442880
21.3893 6041057 442880
21.3894 6042505 442880
21.3896 6043953 442880
21.3897 6045401 442880
21.3899 6046849 442880
21.39 6048297 442880
21.3902 6049745 442880
21.3903 6051193 442880
21.3905 6052641 442880
21.3906 6054089 442880
21.3908 6055537 442880
21.3909 6056985 442880
21.3911 6058433 442880
21.3912 6059881 442880
21.3914 6061329 442880
21.3915 6062777 442880
21.3919 6064225 442880
21.3922 6065673 442880
21.3925 6067121 442880
21.3926 6068569 442880
21.3928 6070017 442880
21.3931 6071465 442880
21.3935 6072913 442880
21.3938 6074361 442880
21.394 6075809 442880
21.3943 6077257 442880
21.3946 6078705 442880
21.3947 6080153 442880
21.395 6081601 442880
21.3953 6083049 442880
21.3956 6084497 442880
21.3959 6085945 442880
21.3962 6087393 442880
21.3965 6088841 442880
21.3968 6090289 442880
21.3971 6091737 442880
21.3974 6093185 442880
21.3977 6094633 442880
21.3979 6096081 442880
21.3982 6097529 442880
21.3985 6098977 442880
21.3988 6100425 442880
21.3991 6101873 442880
21.3994 6103321 442880
21.3997 6104769 442880
21.4 6106217 442880
21.4003 6107665 442880
21.4004 6109113 442880
21.4006 6110561 442880
21.4009 6112009 442880
21.4012 6113457 442880
21.4015 6114905 442880
21.4019 6116353 442880
21.4022 6117801 442880
21.4025 6119249 442880
21.4028 6120697 442880
21.4033 6122145 442880
21.4036 6123593 442880
21.4039 6125041 442880
21.4042 6126489 442880
21.4046 6127937 442880
21.4049 6129385 442880
21.4052 6130833 442880
21.4054 6132281 442880
21.4057 6133729 442880
21.406 6135177 442880
21.4063 6136625 442880
21.4066 6138073 442880
21.4067 6139521 442880
21.407 6140969 442880
21.4073 6142417 442880
21.4075 6143865 442880
21.4078 6145313 442880
21.4081 6146761 442880
21.4084 6148209 442880
21.4087 6149657 442880
21.409 6151105 442880
21.4093 6152553 442880
21.4097 6154001 442880
21.41 6155449 442880
21.4238 6156897 442880
21.4241 6158345 442880
21.4244 6159793 444416
21.4246 6161241 444416
21.4247 6162689 444416
21.4249 6164137 444416
21.425 6165585 444416
21.4252 6167033 444416
21.4255 6168481 444416
21.4258 6169929 444416
21.4259 6171377 444416
21.4262 6172825 444416
21.4265 6174273 444416
21.4283 6175721 444416
21.4286 6177169 444416
21.4288 6178617 444416
21.4289 6180065 444416
21.4291 6181513 444416
21.4293 6182961 444416
21.4296 6184409 444416
21.4299 6185857 444416
21.43 6187305 444416
21.4302 6188753 444416
21.4303 6190201 444416
21.4305 6191649 444416
21.4306 6193097 444416
21.4308 6194545 444416
21.4309 6195993 444416
21.4311 6197441 444416
21.4312 6198889 444416
21.4315 6200337 444416
21.4321 6201785 444416
21.4324 6203233 444416
21.4327 6204681 444416
21.4329 6206129 444416
21.433 6207577 444416
21.4332 6209025 444416
21.4333 6210473 444416
21.4335 6211921 444416
21.4336 6213369 444416
21.4339 6214817 444416
21.4342 6216265 444416
21.4344 6217713 444416
21.4345 6219161 444416
21.4347 6220609 444416
21.4348 6222057 444416
21.435 6223505 444416
21.4351 6224953 444416
21.4354 6226401 444416
21.4357 6227849 444416
21.436 6229297 444416
21.4363 6230745 444416
21.4365 6232193 444416
21.4366 6233641 444416
21.4368 6235089 444416
21.4369 6236537 444416
21.4371 6237985 444416
21.4372 6239433 444416
21.4374 6240881 444416
21.4375 6242329 444416
21.4377 6243777 444416
21.4378 6245225 444416
21.438 6246673 444416
21.4381 6248121 444416
21.4384 6249569 444416
21.4387 6251017 444416
21.439 6252465 444416
21.4392 6253913 444416
21.4393 6255361 444416
21.4395 6256809 444416
21.4396 6258257 444416
21.4398 6259705 444416
21.4399 6261153 444416
21.4402 6262601 444416
21.4405 6264049 444416
21.4407 6265497 444416
21.4408 6266945 444416
21.441 6268393 444416
21.4411 6269841 444416
21.4413 6271289 444416
21.4414 6272737 444416
21.4416 6274185 444416
21.4417 6275633 444416
21.4419 6277081 444416
21.442 6278529 444416
21.4422 6279977 444416
21.4425 6281425 444416
21.4428 6282873 444416
21.4431 6284321 444416
21.4434 6285769 445952
21.4435 6287217 445952
21.4437 6288665 445952
21.4438 6290113 445952
21.444 6291561 445952
21.4441 6293009 445952
21.4443 6294457 445952
21.4444 6295905 445952
21.4446 6297353 445952
21.4447 6298801 445952
21.4449 6300249 445952
21.445 6301697 445952
21.4452 6303145 445952
21.4453 6304593 445952
21.4455 6306041 445952
21.4456 6307489 445952
21.4458 6308937 445952
21.4459 6310385 445952
21.4461 6311833 445952
21.4462 6313281 445952
21.4464 6314729 445952
21.4465 6316177 445952
21.4467 6317625 445952
21.4468 6319073 445952
21.447 6320521 445952
21.4471 6321969 445952
21.4473 6323417 445952
21.4474 6324865 445952
21.4476 6326313 445952
21.4477 6327761 445952
21.4479 6329209 445952
21.448 6330657 445952
21.4482 6332105 445952
21.4483 6333553 445952
21.4485 6335001 445952
21.4486 6336449 445952
21.4488 6337897 445952
21.4489 6339345 445952
21.4491 6340793 445952
21.4492 6342241 445952
21.4494 6343689 445952
21.4495 6345137 445952
21.4497 6346585 445952
21.4498 6348033 445952
21.45 6349481 445952
21.4501 6350929 445952
21.4503 6352377 445952
21.4504 6353825 445952
21.4506 6355273 445952
21.4507 6356721 445952
21.4509 6358169 445952
21.451 6359617 445952
21.4512 6361065 445952
21.4513 6362513 445952
21.4515 6363961 445952
21.4516 6365409 445952
21.4518 6366857 445952
21.4519 6368305 445952
21.4521 6369753 445952
21.4522 6371201 445952
21.4524 6372649 445952
21.4525 6374097 445952
21.4527 6375545 445952
21.4528 6376993 445952
21.453 6378441 445952
21.4531 6379889 445952
21.4533 6381337 445952
21.4534 6382785 445952
21.4536 6384233 445952
21.4537 6385681 445952
21.4539 6387129 445952
21.454 6388577 445952
21.4542 6390025 445952
21.4543 6391473 445952
21.4545 6392921 445952
21.4546 6394369 445952
21.4548 6395817 445952
21.4549 6397265 445952
21.4551 6398713 445952
21.4552 6400161 445952
21.4554 6401609 445952
21.4555 6403057 445952
21.4557 6404505 445952
21.4558 6405953 445952
21.456 6407401 445952
21.4561 6408849 445952
21.4563 6410297 445952
21.4564 6411745 445952
21.4566 6413193 445952
21.4567 6414641 445952
21.4569 6416089 445952
21.457 6417537 445952
21.4572 6418985 445952
21.4573 6420433 445952
21.4575 6421881 445952
21.4576 6423329 445952
21.4578 6424777 445952
21.4579 6426225 445952
21.4581 6427673 445952
21.4582 6429121 445952
21.4584 6430569 445952
21.4585 6432017 445952
21.4587 6433465 445952
21.4588 6434913 446976
21.459 6436361 446976
21.4591 6437809 446976
21.4593 6439257 446976
21.4594 6440705 446976
21.4596 6442153 446976
21.4597 6443601 446976
21.4599 6445049 446976
21.46 6446497 446976
21.4602 6447945 446976
21.4603 6449393 446976
21.4605 6450841 446976
21.4606 6452289 446976
21.4608 6453737 446976
21.4609 6455185 446976
21.4611 6456633 446976
21.4612 6458081 446976
21.4614 6459529 446976
21.4615 6460977 446976
21.4617 6462425 446976
21.4618 6463873 446976
21.462 6465321 446976
21.4621 6466769 446976
21.4623 6468217 446976
21.4624 6469665 446976
21.4626 6471113 446976
21.4627 6472561 446976
21.4629 6474009 446976
21.463 6475457 446976
21.4632 6476905 446976
21.4633 6478353 446976
21.4635 6479801 446976
21.4636 6481249 446976
21.4638 6482697 446976
21.4639 6484145 446976
21.4641 6485593 446976
21.4642 6487041 446976
21.4644 6488489 446976
21.4645 6489937 446976
21.4647 6491385 446976
21.4648 6492833 446976
21.465 6494281 446976
21.4651 6495729 446976
21.4653 6497177 446976
21.4654 6498625 446976
21.4656 6500073 446976
21.4657 6501521 446976
21.4659 6502969 446976
21.466 6504417 446976
21.4662 6505865 446976
21.4663 6507313 446976
21.4665 6508761 446976
21.4668 6510209 446976
21.4671 6511657 446976
21.4673 6513105 446976
21.4674 6514553 446976
21.4676 6516001 446976
21.4679 6517449 446976
21.4682 6518897 446976
21.4686 6520345 446976
21.4688 6521793 446976
21.4691 6523241 446976
21.4694 6524689 446976
21.4695 6526137 446976
21.4698 6527585 446976
21.4701 6529033 446976
21.4704 6530481 446976
21.4707 6531929 446976
21.471 6533377 446976
21.4713 6534825 446976
21.4716 6536273 446976
21.4719 6537721 446976
21.4722 6539169 446976
21.4727 6540617 446976
21.4728 6542065 446976
21.4731 6543513 446976
21.4734 6544961 446976
21.4737 6546409 446976
21.474 6547857 446976
21.4743 6549305 446976
21.4746 6550753 446976
21.4749 6552201 446976
21.4752 6553649 446976
21.4754 6555097 446976
21.4755 6556545 446976
21.4758 6557993 446976
21.4761 6559441 446976
21.4764 6560889 446976
21.4767 6562337 446976
21.4772 6563785 446976
21.4775 6565233 446976
21.4778 6566681 446976
21.4781 6568129 446976
21.4785 6569577 446976
21.4788 6571025 446976
21.4791 6572473 446976
21.4794 6573921 446976
21.4799 6575369 446976
21.4802 6576817 446976
21.4805 6578265 446976
21.4806 6579713 446976
21.4809 6581161 446976
21.4812 6582609 446976
21.4815 6584057 446976
21.4818 6585505 446976
21.482 6586953 448512
21.4823 6588401 448512
21.4826 6589849 448512
21.4827 6591297 448512
21.4829 6592745 448512
21.4832 6594193 448512
21.4835 6595641 448512
21.4838 6597089 448512
21.4841 6598537 448512
21.4844 6599985 448512
21.4847 6601433 448512
21.4851 6602881 448512
21.4854 6604329 448512
21.4992 6605777 448512
21.4995 6607225 448512
21.4998 6608673 448512
21.5 6610121 448512
21.5001 6611569 448512
21.5003 6613017 448512
21.5004 6614465 448512
21.5006 6615913 448512
21.5009 6617361 448512
21.5012 6618809 448512
21.5013 6620257 448512
21.5016 6621705 448512
21.5034 6623153 448512
21.5037 6624601 448512
21.504 6626049 448512
21.5042 6627497 448512
21.5044 6628945 448512
21.5045 6630393 448512
21.5047 6631841 448512
21.505 6633289 448512
21.5053 6634737 448512
21.5054 6636185 448512
21.5056 6637633 448512
21.5057 6639081 448512
21.5059 6640529 448512
21.506 6641977 448512
21.5062 6643425 448512
21.5063 6644873 448512
21.5065 6646321 448512
21.5066 6647769 448512
21.5072 6649217 448512
21.5075 6650665 448512
21.508 6652113 448512
21.5083 6653561 448512
21.5084 6655009 448512
21.5086 6656457 448512
21.5087 6657905 448512
21.5089 6659353 448512
21.509 6660801 448512
21.5092 6662249 448512
21.5095 6663697 448512
21.5098 6665145 448512
21.5099 6666593 448512
21.5101 6668041 448512
21.5102 6669489 448512
21.5104 6670937 448512
21.5105 6672385 448512
21.5107 6673833 448512
21.511 6675281 448512
21.5113 6676729 448512
21.5116 6678177 448512
21.5119 6679625 448512
21.512 6681073 448512
21.5122 6682521 448512
21.5123 6683969 448512
21.5125 6685417 448512
21.5126 6686865 448512
21.5128 6688313 448512
21.5129 6689761 448512
21.5131 6691209 448512
21.5132 6692657 448512
21.5134 6694105 448512
21.5135 6695553 448512
21.5137 6697001 448512
21.514 6698449 448512
21.5143 6699897 448512
21.5144 6701345 448512
21.5146 6702793 448512
21.5147 6704241 448512
21.5149 6705689 448512
21.515 6707137 448512
21.5152 6708585 448512
21.5155 6710033 448512
21.5158 6711481 448512
21.5159 6712929 448512
21.5161 6714377 448512
21.5162 6715825 448512
21.5164 6717273 448512
21.5165 6718721 448512
21.5167 6720169 448512
21.5168 6721617 448512
21.517 6723065 448512
21.5171 6724513 448512
21.5173 6725961 448512
21.5174 6727409 448512
21.5177 6728857 448512
21.518 6730305 448512
21.5183 6731753 448512
21.5186 6733201 448512
21.5188 6734649 448512
21.5189 6736097 450048
21.5191 6737545 450048
21.5192 6738993 450048
21.5194 6740441 450048
21.5195 6741889 450048
21.5197 6743337 450048
21.5198 6744785 450048
21.52 6746233 450048
21.5201 6747681 450048
21.5203 6749129 450048
21.5204 6750577 450048
21.5206 6752025 450048
21.5207 6753473 450048
21.5209 6754921 450048
21.521 6756369 450048
21.5212 6757817 450048
21.5213 6759265 450048
21.5215 6760713 450048
21.5216 6762161 450048
21.5218 6763609 450048
21.5219 6765057 450048
21.5221 6766505 450048
21.5222 6767953 450048
21.5224 6769401 450048
21.5225 6770849 450048
21.5227 6772297 450048
21.5228 6773745 450048
21.523 6775193 450048
21.5231 6776641 450048
21.5233 6778089 450048
21.5234 6779537 450048
21.5236 6780985 450048
21.5237 6782433 450048
21.5239 6783881 450048
21.524 6785329 450048
21.5242 6786777 450048
21.5243 6788225 450048
21.5245 6789673 450048
21.5246 6791121 450048
21.5248 6792569 450048
21.5249 6794017 450048
21.5251 6795465 450048
21.5252 6796913 450048
21.5254 6798361 450048
21.5255 6799809 450048
21.5257 6801257 450048
21.5258 6802705 450048
21.526 6804153 450048
21.5261 6805601 450048
21.5263 6807049 450048
21.5264 6808497 450048
21.5266 6809945 450048
21.5267 6811393 450048
21.5269 6812841 450048
21.527 6814289 450048
21.5272 6815737 450048
21.5273 6817185 450048
21.5275 6818633 450048
21.5276 6820081 450048
21.5278 6821529 450048
21.5279 6822977 450048
21.5281 6824425 450048
21.5282 6825873 450048
21.5284 6827321 450048
21.5285 6828769 450048
21.5287 6830217 450048
21.5288 6831665 450048
21.529 6833113 450048
21.5291 6834561 450048
21.5293 6836009 450048
21.5294 6837457 450048
21.5296 6838905 450048
21.5297 6840353 450048
21.5299 6841801 450048
21.53 6843249 450048
21.5302 6844697 450048
21.5303 6846145 450048
21.5305 6847593 450048
21.5306 6849041 450048
21.5308 6850489 451584
21.5309 6851937 451584
21.5311 6853385 451584
21.5312 6854833 451584
21.5314 6856281 451584
21.5315 6857729 451584
21.5317 6859177 451584
21.5318 6860625 451584
21.532 6862073 451584
21.5321 6863521 451584
21.5323 6864969 451584
21.5324 6866417 451584
21.5326 6867865 451584
21.5327 6869313 451584
21.5329 6870761 451584
21.533 6872209 451584
21.5332 6873657 451584
21.5333 6875105 451584
21.5335 6876553 451584
21.5336 6878001 451584
21.5338 6879449 451584
21.5339 6880897 451584
21.5341 6882345 451584
21.5342 6883793 451584
21.5344 6885241 451584
21.5345 6886689 451584
21.5347 6888137 451584
21.5348 6889585 451584
21.535 6891033 451584
21.5351 6892481 451584
21.5353 6893929 451584
21.5354 6895377 451584
21.5356 6896825 451584
21.5357 6898273 451584
21.5359 6899721 451584
21.536 6901169 451584
21.5362 6902617 451584
21.5363 6904065 451584
21.5365 6905513 451584
21.5366 6906961 451584
21.5368 6908409 451584
21.5369 6909857 451584
21.5371 6911305 451584
21.5372 6912753 451584
21.5374 6914201 451584
21.5375 6915649 451584
21.5377 6917097 451584
21.5378 6918545 451584
21.538 6919993 451584
21.5381 6921441 451584
21.5383 6922889 451584
21.5384 6924337 451584
21.5386 6925785 451584
21.5387 6927233 451584
21.5389 6928681 451584
21.539 6930129 451584
21.5392 6931577 451584
21.5393 6933025 451584
21.5395 6934473 451584
21.5396 6935921 451584
21.5398 6937369 451584
21.5399 6938817 451584
21.5401 6940265 451584
21.5402 6941713 451584
21.5404 6943161 451584
21.5405 6944609 451584
21.5407 6946057 451584
21.5408 6947505 451584
21.541 6948953 451584
21.5411 6950401 451584
21.5413 6951849 451584
21.5414 6953297 451584
21.5416 6954745 451584
21.5418 6956193 451584
21.5421 6957641 451584
21.5424 6959089 451584
21.5427 6960537 451584
21.5428 6961985 451584
21.543 6963433 451584
21.5431 6964881 451584
21.5433 6966329 451584
21.5436 6967777 451584
21.5439 6969225 451584
21.5443 6970673 451584
21.5445 6972121 451584
21.5448 6973569 451584
21.5451 6975017 451584
21.5452 6976465 451584
21.5455 6977913 451584
21.546 6979361 451584
21.5463 6980809 451584
21.5466 6982257 451584
21.5469 6983705 451584
21.5472 6985153 451584
21.5475 6986601 451584
21.5478 6988049 451584
21.5481 6989497 451584
21.5485 6990945 451584
21.5488 6992393 451584
21.549 6993841 451584
21.5493 6995289 451584
21.5496 6996737 451584
21.5499 6998185 451584
21.5502 6999633 451584
21.5505 7001081 451584
21.5508 7002529 453120
21.5511 7003977 453120
21.5514 7005425 453120
21.5515 7006873 453120
21.5517 7008321 453120
21.5518 7009769 453120
21.5521 7011217 453120
21.5524 7012665 453120
21.5527 7014113 453120
21.5532 7015561 453120
21.5535 7017009 453120
21.5538 7018457 453120
21.5541 7019905 453120
21.5545 7021353 453120
21.5548 7022801 453120
21.5551 7024249 453120
21.5554 7025697 453120
21.5559 7027145 453120
21.5562 7028593 453120
21.5565 7030041 453120
21.5568 7031489 453120
21.5569 7032937 453120
21.5572 7034385 453120
21.5575 7035833 453120
21.5578 7037281 453120
21.5581 7038729 453120
21.5583 7040177 453120
21.5586 7041625 453120
21.5589 7043073 453120
21.559 7044521 453120
21.5592 7045969 453120
21.5595 7047417 453120
21.5598 7048865 453120
21.5601 7050313 453120
21.5604 7051761 453120
21.5607 7053209 453120
21.561 7054657 453120
21.5614 7056105 453120
21.5617 7057553 453120
21.5755 7059001 453120
21.5758 7060449 453120
21.5761 7061897 453120
21.5763 7063345 453120
21.5764 7064793 453120
21.5766 7066241 453120
21.5767 7067689 453120
21.5769 7069137 453120
21.5772 7070585 453120
21.5775 7072033 453120
21.5776 7073481 453120
21.5779 7074929 453120
21.5799 7076377 453120
21.5802 7077825 453120
21.5805 7079273 453120
21.5807 7080721 453120
21.5808 7082169 453120
21.581 7083617 453120
21.5811 7085065 453120
21.5814 7086513 453120
21.5817 7087961 453120
21.5819 7089409 453120
21.582 7090857 453120
21.5822 7092305 453120
21.5823 7093753 453120
21.5825 7095201 453120
21.5826 7096649 453120
21.5828 7098097 453120
21.5829 7099545 453120
21.5831 7100993 453120
21.5837 7102441 453120
21.584 7103889 453120
21.5844 7105337 453120
21.5846 7106785 453120
21.5847 7108233 453120
21.5849 7109681 453120
21.585 7111129 453120
21.5852 7112577 453120
21.5853 7114025 453120
21.5856 7115473 453120
21.5859 7116921 453120
21.5861 7118369 453120
21.5862 7119817 453120
21.5864 7121265 453120
21.5865 7122713 453120
21.5867 7124161 453120
21.5868 7125609 453120
21.5871 7127057 453120
21.5874 7128505 453120
21.5877 7129953 453120
21.588 7131401 453120
21.5882 7132849 453120
21.5883 7134297 453120
21.5885 7135745 453120
21.5886 7137193 453120
21.5888 7138641 453120
21.5889 7140089 453120
21.5891 7141537 453120
21.5892 7142985 453120
21.5894 7144433 453120
21.5895 7145881 453120
21.5897 7147329 453120
21.5898 7148777 453120
21.5901 7150225 453120
21.5904 7151673 453120
21.5906 7153121 453120
21.5907 7154569 454656
21.5909 7156017 454656
21.591 7157465 454656
21.5912 7158913 454656
21.5913 7160361 454656
21.5916 7161809 454656
21.5919 7163257 454656
21.5921 7164705 454656
21.5922 7166153 454656
21.5924 7167601 454656
21.5925 7169049 454656
21.5927 7170497 454656
21.5928 7171945 454656
21.593 7173393 454656
21.5931 7174841 454656
21.5933 7176289 454656
21.5934 7177737 454656
21.5936 7179185 454656
21.5937 7180633 454656
21.594 7182081 454656
21.5943 7183529 454656
21.5946 7184977 454656
21.5949 7186425 454656
21.5951 7187873 454656
21.5952 7189321 454656
21.5954 7190769 454656
21.5955 7192217 454656
21.5957 7193665 454656
21.5958 7195113 454656
21.596 7196561 454656
21.5961 7198009 454656
21.5963 7199457 454656
21.5964 7200905 454656
21.5966 7202353 454656
21.5967 7203801 454656
21.5969 7205249 454656
21.597 7206697 454656
21.5972 7208145 454656
21.5973 7209593 454656
21.5975 7211041 454656
21.5976 7212489 454656
21.5978 7213937 454656
21.5979 7215385 454656
21.5981 7216833 454656
21.5982 7218281 454656
21.5984 7219729 454656
21.5985 7221177 454656
21.5987 7222625 454656
21.5988 7224073 454656
21.599 7225521 454656
21.5991 7226969 454656
21.5993 7228417 454656
21.5994 7229865 454656
21.5996 7231313 454656
21.5997 7232761 454656
21.5999 7234209 454656
21.6 7235657 454656
21.6002 7237105 454656
21.6003 7238553 454656
21.6005 7240001 454656
21.6006 7241449 454656
21.6008 7242897 454656
21.6009 7244345 454656
21.6011 7245793 454656
21.6012 7247241 454656
21.6014 7248689 454656
21.6015 7250137 454656
21.6017 7251585 454656
21.6018 7253033 454656
21.602 7254481 454656
21.6021 7255929 454656
21.6023 7257377 454656
21.6024 7258825 454656
21.6026 7260273 454656
21.6027 7261721 454656
21.6029 7263169 454656
21.603 7264617 454656
21.6032 7266065 454656
21.6033 7267513 454656
21.6035 7268961 454656
21.6036 7270409 454656
21.6038 7271857 454656
21.6039 7273305 454656
21.6041 7274753 454656
21.6042 7276201 454656
21.6044 7277649 454656
21.6045 7279097 454656
21.6047 7280545 454656
21.6048 7281993 454656
21.605 7283441 454656
21.6051 7284889 454656
21.6053 7286337 454656
21.6054 7287785 454656
21.6056 7289233 454656
21.6057 7290681 454656
21.6059 7292129 454656
21.606 7293577 454656
21.6062 7295025 454656
21.6063 7296473 454656
21.6065 7297921 454656
21.6066 7299369 454656
21.6068 7300817 454656
21.6069 7302265 454656
21.6071 7303713 454656
21.6072 7305161 454656
21.6074 7306609 455680
21.6075 7308057 455680
21.6077 7309505 455680
21.6078 7310953 455680
21.608 7312401 455680
21.6081 7313849 455680
21.6083 7315297 455680
21.6084 7316745 455680
21.6086 7318193 455680
21.6087 7319641 455680
21.6089 7321089 455680
21.609 7322537 455680
21.6092 7323985 455680
21.6093 7325433 455680
21.6095 7326881 455680
21.6096 7328329 455680
21.6098 7329777 455680
21.6099 7331225 455680
21.6101 7332673 455680
21.6102 7334121 455680
21.6104 7335569 455680
21.6105 7337017 455680
21.6107 7338465 455680
21.6108 7339913 455680
21.611 7341361 455680
21.6111 7342809 455680
21.6113 7344257 455680
21.6114 7345705 455680
21.6116 7347153 455680
21.6117 7348601 455680
21.6119 7350049 455680
21.612 7351497 455680
21.6122 7352945 455680
21.6123 7354393 455680
21.6125 7355841 455680
21.6126 7357289 455680
21.6128 7358737 455680
21.6129 7360185 455680
21.6131 7361633 455680
21.6132 7363081 455680
21.6134 7364529 455680
21.6135 7365977 455680
21.6137 7367425 455680
21.6138 7368873 455680
21.614 7370321 455680
21.6141 7371769 455680
21.6143 7373217 455680
21.6144 7374665 455680
21.6146 7376113 455680
21.6147 7377561 455680
21.6149 7379009 455680
21.615 7380457 455680
21.6152 7381905 455680
21.6153 7383353 455680
21.6155 7384801 455680
21.6156 7386249 455680
21.6158 7387697 455680
21.6159 7389145 455680
21.6161 7390593 455680
21.6162 7392041 455680
21.6164 7393489 455680
21.6165 7394937 455680
21.6167 7396385 455680
21.6168 7397833 455680
21.617 7399281 455680
21.6172 7400729 455680
21.6173 7402177 455680
21.6175 7403625 455680
21.6176 7405073 455680
21.6178 7406521 455680
21.6179 7407969 455680
21.6181 7409417 455680
21.6184 7410865 455680
21.6187 7412313 455680
21.619 7413761 455680
21.6193 7415209 455680
21.6196 7416657 455680
21.6197 7418105 455680
21.6199 7419553 455680
21.62 7421001 455680
21.6202 7422449 455680
21.6205 7423897 455680
21.6208 7425345 455680
21.6212 7426793 455680
21.6214 7428241 455680
21.6217 7429689 455680
21.622 7431137 455680
21.6221 7432585 455680
21.6223 7434033 455680
21.6227 7435481 455680
21.623 7436929 455680
21.6233 7438377 455680
21.6236 7439825 455680
21.6239 7441273 455680
21.6242 7442721 455680
21.6245 7444169 455680
21.6248 7445617 455680
21.6253 7447065 455680
21.6256 7448513 455680
21.6257 7449961 455680
21.626 7451409 455680
21.6263 7452857 455680
21.6266 7454305 455680
21.6269 7455753 455680
21.6272 7457201 455680
21.6275 7458649 457216
21.6278 7460097 457216
21.6281 7461545 457216
21.6283 7462993 457216
21.6284 7464441 457216
21.6286 7465889 457216
21.6287 7467337 457216
21.629 7468785 457216
21.6293 7470233 457216
21.6298 7471681 457216
21.6301 7473129 457216
21.6304 7474577 457216
21.6307 7476025 457216
21.6311 7477473 457216
21.6314 7478921 457216
21.6317 7480369 457216
21.632 7481817 457216
21.6325 7483265 457216
21.6328 7484713 457216
21.6331 7486161 457216
21.6334 7487609 457216
21.6337 7489057 457216
21.6338 7490505 457216
21.6341 7491953 457216
21.6344 7493401 457216
21.6347 7494849 457216
21.635 7496297 457216
21.6352 7497745 457216
21.6355 7499193 457216
21.6358 7500641 457216
21.6359 7502089 457216
21.6361 7503537 457216
21.6364 7504985 457216
21.6367 7506433 457216
21.637 7507881 457216
21.6373 7509329 457216
21.6376 7510777 457216
21.638 7512225 457216
21.6383 7513673 457216
21.6521 7515121 457216
21.6524 7516569 457216
21.6529 7518017 457216
21.6532 7519465 457216
21.6533 7520913 457216
21.6535 7522361 457216
21.6536 7523809 457216
21.6538 7525257 457216
21.6539 7526705 457216
21.6542 7528153 457216
21.6546 7529601 457216
21.6547 7531049 457216
21.6567 7532497 457216
21.657 7533945 457216
21.6573 7535393 457216
21.6574 7536841 457216
21.6576 7538289 457216
21.6577 7539737 457216
21.6579 7541185 457216
21.6582 7542633 457216
21.6585 7544081 457216
21.6586 7545529 457216
21.6588 7546977 457216
21.6589 7548425 457216
21.6591 7549873 457216
21.6592 7551321 457216
21.6594 7552769 457216
21.6595 7554217 457216
21.6597 7555665 457216
21.6598 7557113 457216
21.6604 7558561 457216
21.6607 7560009 457216
21.6612 7561457 457216
21.6613 7562905 457216
21.6615 7564353 457216
21.6616 7565801 457216
21.6618 7567249 457216
21.6619 7568697 457216
21.6621 7570145 457216
21.6624 7571593 457216
21.6627 7573041 457216
21.6628 7574489 457216
21.663 7575937 457216
21.6631 7577385 457216
21.6633 7578833 457216
21.6634 7580281 457216
21.6636 7581729 457216
21.6639 7583177 457216
21.6642 7584625 457216
21.6645 7586073 457216
21.6648 7587521 457216
21.6649 7588969 457216
21.6651 7590417 457216
21.6652 7591865 457216
21.6654 7593313 457216
21.6655 7594761 457216
21.6657 7596209 457216
21.6658 7597657 457216
21.666 7599105 457216
21.6661 7600553 457216
21.6663 7602001 457216
21.6664 7603449 457216
21.6666 7604897 458752
21.6669 7606345 458752
21.6672 7607793 458752
21.6673 7609241 458752
21.6675 7610689 458752
21.6676 7612137 458752
21.6678 7613585 458752
21.6679 7615033 458752
21.6681 7616481 458752
21.6682 7617929 458752
21.6685 7619377 458752
21.6688 7620825 458752
21.669 7622273 458752
21.6691 7623721 458752
21.6693 7625169 458752
21.6694 7626617 458752
21.6696 7628065 458752
21.6697 7629513 458752
21.6699 7630961 458752
21.67 7632409 458752
21.6702 7633857 458752
21.6703 7635305 458752
21.6705 7636753 458752
21.6706 7638201 458752
21.6709 7639649 458752
21.6712 7641097 458752
21.6715 7642545 458752
21.6718 7643993 458752
21.672 7645441 458752
21.6721 7646889 458752
21.6723 7648337 458752
21.6724 7649785 458752
21.6726 7651233 458752
21.6727 7652681 458752
21.6729 7654129 458752
21.673 7655577 458752
21.6732 7657025 458752
21.6733 7658473 458752
21.6735 7659921 458752
21.6736 7661369 458752
21.6738 7662817 458752
21.6739 7664265 458752
21.6741 7665713 458752
21.6742 7667161 458752
21.6744 7668609 458752
21.6745 7670057 458752
21.6747 7671505 458752
21.6748 7672953 458752
21.675 7674401 458752
21.6751 7675849 458752
21.6753 7677297 458752
21.6754 7678745 458752
21.6756 7680193 458752
21.6757 7681641 458752
21.6759 7683089 458752
21.676 7684537 458752
21.6762 7685985 458752
21.6763 7687433 458752
21.6765 7688881 458752
21.6766 7690329 458752
21.6768 7691777 458752
21.6769 7693225 458752
21.6771 7694673 458752
21.6772 7696121 458752
21.6774 7697569 458752
21.6775 7699017 458752
21.6777 7700465 458752
21.6778 7701913 458752
21.678 7703361 458752
21.6781 7704809 458752
21.6783 7706257 458752
21.6784 7707705 458752
21.6786 7709153 458752
21.6787 7710601 458752
21.6789 7712049 458752
21.679 7713497 458752
21.6792 7714945 458752
21.6793 7716393 458752
21.6795 7717841 458752
21.6796 7719289 458752
21.6798 7720737 458752
21.6799 7722185 458752
21.6801 7723633 458752
21.6802 7725081 458752
21.6804 7726529 458752
21.6805 7727977 460288
21.6807 7729425 460288
21.6808 7730873 460288
21.681 7732321 460288
21.6811 7733769 460288
21.6813 7735217 460288
21.6814 7736665 460288
21.6816 7738113 460288
21.6817 7739561 460288
21.6819 7741009 460288
21.682 7742457 460288
21.6822 7743905 460288
21.6823 7745353 460288
21.6825 7746801 460288
21.6826 7748249 460288
21.6828 7749697 460288
21.6829 7751145 460288
21.6831 7752593 460288
21.6832 7754041 460288
21.6834 7755489 460288
21.6835 7756937 460288
21.6837 7758385 460288
21.6838 7759833 460288
21.684 7761281 460288
21.6841 7762729 460288
21.6843 7764177 460288
21.6844 7765625 460288
21.6846 7767073 460288
21.6847 7768521 460288
21.6849 7769969 460288
21.685 7771417 460288
21.6852 7772865 460288
21.6853 7774313 460288
21.6855 7775761 460288
21.6856 7777209 460288
21.6858 7778657 460288
21.6859 7780105 460288
21.6861 7781553 460288
21.6862 7783001 460288
21.6864 7784449 460288
21.6865 7785897 460288
21.6867 7787345 460288
21.6868 7788793 460288
21.687 7790241 460288
21.6871 7791689 460288
21.6873 7793137 460288
21.6874 7794585 460288
21.6876 7796033 460288
21.6877 7797481 460288
21.6879 7798929 460288
21.688 7800377 460288
21.6882 7801825 460288
21.6883 7803273 460288
21.6885 7804721 460288
21.6886 7806169 460288
21.6888 7807617 460288
21.6889 7809065 460288
21.6891 7810513 460288
21.6892 7811961 460288
21.6894 7813409 460288
21.6895 7814857 460288
21.6897 7816305 460288
21.6898 7817753 460288
21.69 7819201 460288
21.6901 7820649 460288
21.6903 7822097 460288
21.6904 7823545 460288
21.6906 7824993 460288
21.6907 7826441 460288
21.6909 7827889 460288
21.691 7829337 460288
21.6912 7830785 460288
21.6913 7832233 460288
21.6915 7833681 460288
21.6916 7835129 460288
21.6918 7836577 460288
21.6919 7838025 460288
21.6921 7839473 460288
21.6923 7840921 460288
21.6924 7842369 460288
21.6926 7843817 460288
21.6927 7845265 460288
21.6929 7846713 460288
21.693 7848161 460288
21.6932 7849609 460288
21.6933 7851057 460288
21.6935 7852505 460288
21.6936 7853953 460288
21.6938 7855401 460288
21.6939 7856849 460288
21.6941 7858297 460288
21.6942 7859745 460288
21.6944 7861193 460288
21.6945 7862641 460288
21.6947 7864089 460288
21.6948 7865537 460288
21.695 7866985 460288
21.6953 7868433 460288
21.6956 7869881 460288
21.6959 7871329 460288
21.6962 7872777 460288
21.6965 7874225 460288
21.6968 7875673 460288
21.6971 7877121 460288
21.6972 7878569 460288
21.6974 7880017 460288
21.6975 7881465 460288
21.6977 7882913 461824
21.698 7884361 461824
21.6983 7885809 461824
21.6986 7887257 461824
21.6989 7888705 461824
21.699 7890153 461824
21.6993 7891601 461824
21.6996 7893049 461824
21.6998 7894497 461824
21.7001 7895945 461824
21.7004 7897393 461824
21.7007 7898841 461824
21.701 7900289 461824
21.7013 7901737 461824
21.7016 7903185 461824
21.7019 7904633 461824
21.7022 7906081 461824
21.7026 7907529 461824
21.7029 7908977 461824
21.7032 7910425 461824
21.7034 7911873 461824
21.7037 7913321 461824
21.704 7914769 461824
21.7043 7916217 461824
21.7046 7917665 461824
21.7049 7919113 461824
21.7052 7920561 461824
21.7055 7922009 461824
21.7058 7923457 461824
21.7059 7924905 461824
21.7061 7926353 461824
21.7062 7927801 461824
21.7064 7929249 461824
21.7067 7930697 461824
21.707 7932145 461824
21.7074 7933593 461824
21.7077 7935041 461824
21.708 7936489 461824
21.7083 7937937 461824
21.7088 7939385 461824
21.7091 7940833 461824
21.7094 7942281 461824
21.7097 7943729 461824
21.7101 7945177 461824
21.7104 7946625 461824
21.7107 7948073 461824
21.711 7949521 461824
21.7113 7950969 461824
21.7115 7952417 461824
21.7118 7953865 461824
21.7121 7955313 461824
21.7124 7956761 461824
21.7127 7958209 461824
21.7128 7959657 461824
21.7131 7961105 461824
21.7134 7962553 461824
21.7136 7964001 461824
21.7137 7965449 461824
21.714 7966897 461824
21.7143 7968345 461824
21.7146 7969793 461824
21.7149 7971241 461824
21.7152 7972689 461824
21.7157 7974137 461824
21.716 7975585 461824
21.73 7977033 461824
21.7303 7978481 461824
21.7307 7979929 461824
21.7309 7981377 461824
21.731 7982825 461824
21.7312 7984273 461824
21.7313 7985721 461824
21.7315 7987169 461824
21.7318 7988617 461824
21.7321 7990065 461824
21.7322 7991513 461824
21.7325 7992961 461824
21.7345 7994409 461824
21.7348 7995857 461824
21.7349 7997305 461824
21.7351 7998753 461824
21.7352 8000201 461824
21.7354 8001649 461824
21.7357 8003097 461824
21.736 8004545 461824
21.7361 8005993 461824
21.7363 8007441 461824
21.7364 8008889 461824
21.7366 8010337 461824
21.7367 8011785 461824
21.7369 8013233 461824
21.737 8014681 461824
21.7372 8016129 461824
21.7373 8017577 461824
21.7376 8019025 461824
21.7382 8020473 461824
21.7385 8021921 461824
21.7388 8023369 461824
21.739 8024817 461824
21.7391 8026265 461824
21.7393 8027713 461824
21.7394 8029161 461824
21.7396 8030609 461824
21.7399 8032057 461824
21.7402 8033505 461824
21.7403 8034953 461824
21.7405 8036401 461824
21.7406 8037849 463360
21.7408 8039297 463360
21.7409 8040745 463360
21.7411 8042193 463360
21.7414 8043641 463360
21.7417 8045089 463360
21.7418 8046537 463360
21.7421 8047985 463360
21.7424 8049433 463360
21.7426 8050881 463360
21.7427 8052329 463360
21.7429 8053777 463360
21.743 8055225 463360
21.7432 8056673 463360
21.7433 8058121 463360
21.7435 8059569 463360
21.7436 8061017 463360
21.7438 8062465 463360
21.7439 8063913 463360
21.7441 8065361 463360
21.7442 8066809 463360
21.7445 8068257 463360
21.7448 8069705 463360
21.745 8071153 463360
21.7451 8072601 463360
21.7453 8074049 463360
21.7454 8075497 463360
21.7456 8076945 463360
21.7457 8078393 463360
21.7459 8079841 463360
21.7462 8081289 463360
21.7465 8082737 463360
21.7466 8084185 463360
21.7468 8085633 463360
21.7469 8087081 463360
21.7471 8088529 463360
21.7472 8089977 463360
21.7474 8091425 463360
21.7475 8092873 463360
21.7477 8094321 463360
21.7478 8095769 463360
21.748 8097217 463360
21.7481 8098665 463360
21.7483 8100113 463360
21.7486 8101561 463360
21.7489 8103009 463360
21.7492 8104457 463360
21.7495 8105905 463360
21.7496 8107353 463360
21.7498 8108801 463360
21.7499 8110249 463360
21.7501 8111697 463360
21.7502 8113145 463360
21.7504 8114593 463360
21.7505 8116041 463360
21.7507 8117489 463360
21.7508 8118937 463360
21.751 8120385 463360
21.7511 8121833 463360
21.7513 8123281 463360
21.7514 8124729 463360
21.7516 8126177 463360
21.7517 8127625 463360
21.7519 8129073 463360
21.752 8130521 463360
21.7522 8131969 463360
21.7523 8133417 463360
21.7525 8134865 463360
21.7526 8136313 463360
21.7528 8137761 463360
21.7529 8139209 463360
21.7531 8140657 463360
21.7532 8142105 463360
21.7534 8143553 463360
21.7535 8145001 463360
21.7537 8146449 463360
21.7538 8147897 463360
21.754 8149345 463360
21.7541 8150793 463360
21.7543 8152241 463360
21.7544 8153689 463360
21.7546 8155137 463360
21.7547 8156585 463360
21.7549 8158033 463360
21.755 8159481 463360
21.7552 8160929 463360
21.7553 8162377 463360
21.7555 8163825 463360
21.7556 8165273 463360
21.7558 8166721 463360
21.7559 8168169 463360
21.7561 8169617 463360
21.7562 8171065 463360
21.7564 8172513 463360
21.7565 8173961 463360
21.7567 8175409 463360
21.7568 8176857 463360
21.757 8178305 463360
21.7571 8179753 463360
21.7573 8181201 463360
21.7574 8182649 463360
21.7576 8184097 463360
21.7577 8185545 463360
21.7579 8186993 463360
21.758 8188441 463360
21.7582 8189889 463360
21.7583 8191337 463360
21.7585 8192785 464384
21.7586 8194233 464384
21.7588 8195681 464384
21.7589 8197129 464384
21.7591 8198577 464384
21.7592 8200025 464384
21.7594 8201473 464384
21.7595 8202921 464384
21.7597 8204369 464384
21.7598 8205817 464384
21.76 8207265 464384
21.7601 8208713 464384
21.7603 8210161 464384
21.7604 8211609 464384
21.7606 8213057 464384
21.7607 8214505 464384
21.7609 8215953 464384
21.761 8217401 464384
21.7612 8218849 464384
21.7613 8220297 464384
21.7615 8221745 464384
21.7616 8223193 464384
21.7618 8224641 464384
21.7619 8226089 464384
21.7621 8227537 464384
21.7622 8228985 464384
21.7624 8230433 464384
21.7625 8231881 464384
21.7627 8233329 464384
21.7628 8234777 464384
21.763 8236225 464384
21.7631 8237673 464384
21.7633 8239121 464384
21.7634 8240569 464384
21.7636 8242017 464384
21.7637 8243465 464384
21.7639 8244913 464384
21.764 8246361 464384
21.7642 8247809 464384
21.7643 8249257 464384
21.7645 8250705 464384
21.7646 8252153 464384
21.7648 8253601 464384
21.7649 8255049 464384
21.7651 8256497 464384
21.7652 8257945 464384
21.7654 8259393 464384
21.7655 8260841 464384
21.7657 8262289 464384
21.7658 8263737 464384
21.766 8265185 464384
21.7661 8266633 464384
21.7663 8268081 464384
21.7664 8269529 464384
21.7666 8270977 464384
21.7667 8272425 464384
21.7669 8273873 464384
21.7671 8275321 464384
21.7672 8276769 464384
21.7674 8278217 464384
21.7675 8279665 464384
21.7677 8281113 464384
21.7678 8282561 464384
21.768 8284009 464384
21.7681 8285457 464384
21.7683 8286905 464384
21.7684 8288353 464384
21.7686 8289801 464384
21.7687 8291249 464384
21.7689 8292697 464384
21.769 8294145 464384
21.7692 8295593 464384
21.7693 8297041 464384
21.7695 8298489 464384
21.7696 8299937 464384
21.7698 8301385 464384
21.7699 8302833 464384
21.7701 8304281 464384
21.7702 8305729 464384
21.7704 8307177 464384
21.7705 8308625 464384
21.7707 8310073 464384
21.7708 8311521 464384
21.771 8312969 464384
21.7711 8314417 464384
21.7713 8315865 464384
21.7714 8317313 464384
21.7716 8318761 464384
21.7717 8320209 464384
21.7719 8321657 464384
21.772 8323105 464384
21.7722 8324553 464384
21.7723 8326001 464384
21.7725 8327449 464384
21.7726 8328897 464384
21.7729 8330345 464384
21.7732 8331793 464384
21.7735 8333241 464384
21.7738 8334689 464384
21.7741 8336137 464384
21.7744 8337585 464384
21.7747 8339033 464384
21.775 8340481 464384
21.7753 8341929 464384
21.7755 8343377 464384
21.7756 8344825 464384
21.7758 8346273 464384
21.7759 8347721 464384
21.7762 8349169 464384
21.7765 8350617 465920
21.7768 8352065 465920
21.7771 8353513 465920
21.7773 8354961 465920
21.7774 8356409 465920
21.7777 8357857 465920
21.778 8359305 465920
21.7782 8360753 465920
21.7785 8362201 465920
21.7788 8363649 465920
21.7791 8365097 465920
21.7794 8366545 465920
21.7797 8367993 465920
21.78 8369441 465920
21.7803 8370889 465920
21.7807 8372337 465920
21.781 8373785 465920
21.7813 8375233 465920
21.7816 8376681 465920
21.7818 8378129 465920
21.7821 8379577 465920
21.7824 8381025 465920
21.7827 8382473 465920
21.783 8383921 465920
21.7833 8385369 465920
21.7836 8386817 465920
21.7839 8388265 465920
21.7842 8389713 465920
21.7843 8391161 465920
21.7845 8392609 465920
21.7846 8394057 465920
21.7848 8395505 465920
21.7851 8396953 465920
21.7855 8398401 465920
21.7858 8399849 465920
21.7861 8401297 465920
21.7864 8402745 465920
21.7869 8404193 465920
21.7872 8405641 465920
21.7875 8407089 465920
21.7878 8408537 465920
21.7882 8409985 465920
21.7885 8411433 465920
21.7888 8412881 465920
21.7891 8414329 465920
21.7894 8415777 465920
21.7897 8417225 465920
21.7899 8418673 465920
21.7902 8420121 465920
21.7905 8421569 465920
21.7908 8423017 465920
21.7911 8424465 465920
21.7912 8425913 465920
21.7915 8427361 465920
21.7918 8428809 465920
21.792 8430257 465920
21.7921 8431705 465920
21.7924 8433153 465920
21.7927 8434601 465920
21.793 8436049 465920
21.7933 8437497 465920
21.7938 8438945 465920
21.7941 8440393 465920
21.8081 8441841 465920
21.8084 8443289 465920
21.809 8444737 465920
21.8091 8446185 465920
21.8093 8447633 465920
21.8094 8449081 465920
21.8096 8450529 465920
21.8097 8451977 465920
21.81 8453425 465920
21.8103 8454873 465920
21.8105 8456321 465920
21.8108 8457769 465920
21.8127 8459217 465920
21.813 8460665 465920
21.8132 8462113 465920
21.8133 8463561 465920
21.8135 8465009 465920
21.8136 8466457 465920
21.8139 8467905 465920
21.8142 8469353 465920
21.8144 8470801 465920
21.8145 8472249 465920
21.8147 8473697 465920
21.8148 8475145 465920
21.815 8476593 465920
21.8151 8478041 465920
21.8153 8479489 465920
21.8154 8480937 465920
21.8156 8482385 465920
21.8159 8483833 465920
21.8165 8485281 465920
21.8168 8486729 465920
21.8171 8488177 465920
21.8172 8489625 465920
21.8174 8491073 465920
21.8175 8492521 465920
21.8177 8493969 465920
21.8178 8495417 465920
21.8181 8496865 465920
21.8184 8498313 465920
21.8186 8499761 465920
21.8187 8501209 465920
21.8189 8502657 465920
21.819 8504105 465920
21.8192 8505553 467456
21.8193 8507001 467456
21.8196 8508449 467456
21.8199 8509897 467456
21.8201 8511345 467456
21.8202 8512793 467456
21.8205 8514241 467456
21.8208 8515689 467456
21.821 8517137 467456
21.8211 8518585 467456
21.8213 8520033 467456
21.8214 8521481 467456
21.8216 8522929 467456
21.8217 8524377 467456
21.8219 8525825 467456
21.822 8527273 467456
21.8222 8528721 467456
21.8223 8530169 467456
21.8225 8531617 467456
21.8226 8533065 467456
21.8229 8534513 467456
21.8232 8535961 467456
21.8234 8537409 467456
21.8235 8538857 467456
21.8237 8540305 467456
21.8238 8541753 467456
21.824 8543201 467456
21.8243 8544649 467456
21.8246 8546097 467456
21.8249 8547545 467456
21.8252 8548993 467456
21.8253 8550441 467456
21.8255 8551889 467456
21.8256 8553337 467456
21.8258 8554785 467456
21.8259 8556233 467456
21.8261 8557681 467456
21.8262 8559129 467456
21.8264 8560577 467456
21.8265 8562025 467456
21.8267 8563473 467456
21.8268 8564921 467456
21.827 8566369 467456
21.8273 8567817 467456
21.8276 8569265 467456
21.8279 8570713 467456
21.8282 8572161 467456
21.8283 8573609 467456
21.8285 8575057 467456
21.8286 8576505 467456
21.8288 8577953 467456
21.8289 8579401 467456
21.8291 8580849 467456
21.8292 8582297 467456
21.8294 8583745 467456
21.8295 8585193 467456
21.8297 8586641 467456
21.8298 8588089 467456
21.83 8589537 467456
21.8301 8590985 467456
21.8303 8592433 467456
21.8304 8593881 467456
21.8306 8595329 467456
21.8307 8596777 467456
21.8309 8598225 467456
21.831 8599673 467456
21.8312 8601121 467456
21.8313 8602569 467456
21.8315 8604017 467456
21.8316 8605465 467456
21.8318 8606913 467456
21.8319 8608361 467456
21.8321 8609809 467456
21.8322 8611257 467456
21.8324 8612705 467456
21.8325 8614153 467456
21.8327 8615601 467456
21.8328 8617049 467456
21.833 8618497 467456
21.8331 8619945 467456
21.8333 8621393 467456
21.8334 8622841 467456
21.8336 8624289 467456
21.8337 8625737 467456
21.8339 8627185 467456
21.834 8628633 467456
21.8342 8630081 467456
21.8343 8631529 467456
21.8345 8632977 467456
21.8346 8634425 467456
21.8348 8635873 467456
21.8349 8637321 467456
21.8351 8638769 467456
21.8352 8640217 467456
21.8354 8641665 467456
21.8355 8643113 467456
21.8357 8644561 467456
21.8358 8646009 467456
21.836 8647457 467456
21.8361 8648905 467456
21.8363 8650353 467456
21.8364 8651801 467456
21.8366 8653249 467456
21.8367 8654697 467456
21.8369 8656145 467456
21.837 8657593 467456
21.8372 8659041 467456
21.8373 8660489 467456
21.8375 8661937 467456
21.8376 8663385 468992
21.8378 8664833 468992
21.8379 8666281 468992
21.8381 8667729 468992
21.8382 8669177 468992
21.8384 8670625 468992
21.8385 8672073 468992
21.8387 8673521 468992
21.8388 8674969 468992
21.839 8676417 468992
21.8391 8677865 468992
21.8393 8679313 468992
21.8394 8680761 468992
21.8396 8682209 468992
21.8397 8683657 468992
21.8399 8685105 468992
21.84 8686553 468992
21.8402 8688001 468992
21.8403 8689449 468992
21.8405 8690897 468992
21.8406 8692345 468992
21.8408 8693793 468992
21.8409 8695241 468992
21.8411 8696689 468992
21.8412 8698137 468992
21.8414 8699585 468992
21.8415 8701033 468992
21.8417 8702481 468992
21.8418 8703929 468992
21.842 8705377 468992
21.8422 8706825 468992
21.8423 8708273 468992
21.8425 8709721 468992
21.8426 8711169 468992
21.8428 8712617 468992
21.8429 8714065 468992
21.8431 8715513 468992
21.8432 8716961 468992
21.8434 8718409 468992
21.8435 8719857 468992
21.8437 8721305 468992
21.8438 8722753 468992
21.844 8724201 468992
21.8441 8725649 468992
21.8443 8727097 468992
21.8444 8728545 468992
21.8446 8729993 468992
21.8447 8731441 468992
21.8449 8732889 468992
21.845 8734337 468992
21.8452 8735785 468992
21.8453 8737233 468992
21.8455 8738681 468992
21.8456 8740129 468992
21.8458 8741577 468992
21.8459 8743025 468992
21.8461 8744473 468992
21.8462 8745921 468992
21.8464 8747369 468992
21.8465 8748817 468992
21.8467 8750265 468992
21.8468 8751713 468992
21.847 8753161 468992
21.8471 8754609 468992
21.8473 8756057 468992
21.8474 8757505 468992
21.8476 8758953 468992
21.8477 8760401 468992
21.8479 8761849 468992
21.848 8763297 468992
21.8482 8764745 468992
21.8483 8766193 468992
21.8485 8767641 468992
21.8486 8769089 468992
21.8488 8770537 468992
21.8489 8771985 468992
21.8491 8773433 468992
21.8492 8774881 468992
21.8494 8776329 468992
21.8495 8777777 468992
21.8497 8779225 468992
21.8498 8780673 468992
21.85 8782121 468992
21.8501 8783569 468992
21.8503 8785017 468992
21.8504 8786465 468992
21.8506 8787913 468992
21.8507 8789361 468992
21.8509 8790809 468992
21.851 8792257 468992
21.8512 8793705 468992
21.8513 8795153 468992
21.8516 8796601 468992
21.8519 8798049 468992
21.8522 8799497 468992
21.8525 8800945 468992
21.8528 8802393 468992
21.8531 8803841 468992
21.8534 8805289 468992
21.8537 8806737 468992
21.854 8808185 468992
21.8543 8809633 468992
21.8546 8811081 468992
21.8548 8812529 468992
21.8549 8813977 468992
21.8551 8815425 468992
21.8552 8816873 468992
21.8555 8818321 468992
21.8558 8819769 468992
21.8561 8821217 470528
21.8564 8822665 470528
21.8566 8824113 470528
21.8567 8825561 470528
21.8569 8827009 470528
21.8572 8828457 470528
21.8575 8829905 470528
21.8576 8831353 470528
21.8579 8832801 470528
21.8582 8834249 470528
21.8585 8835697 470528
21.8588 8837145 470528
21.8591 8838593 470528
21.8594 8840041 470528
21.8597 8841489 470528
21.8602 8842937 470528
21.8605 8844385 470528
21.8608 8845833 470528
21.8611 8847281 470528
21.8612 8848729 470528
21.8615 8850177 470528
21.8618 8851625 470528
21.8621 8853073 470528
21.8624 8854521 470528
21.8627 8855969 470528
21.863 8857417 470528
21.8633 8858865 470528
21.8636 8860313 470528
21.8638 8861761 470528
21.8639 8863209 470528
21.8641 8864657 470528
21.8642 8866105 470528
21.8645 8867553 470528
21.865 8869001 470528
21.8653 8870449 470528
21.8656 8871897 470528
21.8659 8873345 470528
21.8663 8874793 470528
21.8666 8876241 470528
21.8669 8877689 470528
21.8672 8879137 470528
21.8677 8880585 470528
21.868 8882033 470528
21.8683 8883481 470528
21.8686 8884929 470528
21.8689 8886377 470528
21.8692 8887825 470528
21.8693 8889273 470528
21.8696 8890721 470528
21.8699 8892169 470528
21.8702 8893617 470528
21.8705 8895065 470528
21.8707 8896513 470528
21.871 8897961 470528
21.8713 8899409 470528
21.8714 8900857 470528
21.8716 8902305 470528
21.8719 8903753 470528
21.8722 8905201 470528
21.8725 8906649 470528
21.8728 8908097 470528
21.8732 8909545 470528
21.8735 8910993 470528
21.8877 8912441 470528
21.888 8913889 470528
21.8884 8915337 470528
21.8886 8916785 470528
21.8887 8918233 470528
21.8889 8919681 470528
21.889 8921129 470528
21.8893 8922577 470528
21.8896 8924025 470528
21.8898 8925473 470528
21.8901 8926921 470528
21.8904 8928369 470528
21.8923 8929817 470528
21.8925 8931265 470528
21.8926 8932713 470528
21.8928 8934161 470528
21.8929 8935609 470528
21.8932 8937057 470528
21.8935 8938505 470528
21.8937 8939953 470528
21.8938 8941401 470528
21.894 8942849 470528
21.8941 8944297 470528
21.8943 8945745 470528
21.8944 8947193 470528
21.8946 8948641 470528
21.8947 8950089 470528
21.8949 8951537 470528
21.8952 8952985 470528
21.8955 8954433 470528
21.8961 8955881 470528
21.8964 8957329 470528
21.8965 8958777 470528
21.8967 8960225 470528
21.8968 8961673 470528
21.897 8963121 470528
21.8971 8964569 470528
21.8974 8966017 470528
21.8977 8967465 470528
21.8979 8968913 470528
21.898 8970361 470528
21.8982 8971809 470528
21.8983 8973257 470528
21.8985 8974705 470528
21.8986 8976153 470528
21.8989 8977601 470528
21.8992 8979049 471552
21.8994 8980497 471552
21.8995 8981945 471552
21.8998 8983393 471552
21.9001 8984841 471552
21.9003 8986289 471552
21.9004 8987737 471552
21.9006 8989185 471552
21.9007 8990633 471552
21.9009 8992081 471552
21.901 8993529 471552
21.9012 8994977 471552
21.9013 8996425 471552
21.9015 8997873 471552
21.9016 8999321 471552
21.9018 9000769 471552
21.9019 9002217 471552
21.9021 9003665 471552
21.9024 9005113 471552
21.9027 9006561 471552
21.9028 9008009 471552
21.903 9009457 471552
21.9031 9010905 471552
21.9033 9012353 471552
21.9034 9013801 471552
21.9036 9015249 471552
21.9039 9016697 471552
21.9045 9018145 471552
21.9048 9019593 471552
21.9049 9021041 471552
21.9051 9022489 471552
21.9052 9023937 471552
21.9054 9025385 471552
21.9055 9026833 471552
21.9057 9028281 471552
21.9058 9029729 471552
21.906 9031177 471552
21.9061 9032625 471552
21.9063 9034073 471552
21.9064 9035521 471552
21.9066 9036969 471552
21.9069 9038417 471552
21.9072 9039865 471552
21.9075 9041313 471552
21.9078 9042761 471552
21.9079 9044209 471552
21.9081 9045657 471552
21.9082 9047105 471552
21.9084 9048553 471552
21.9085 9050001 471552
21.9087 9051449 471552
21.9088 9052897 471552
21.909 9054345 471552
21.9091 9055793 471552
21.9093 9057241 471552
21.9094 9058689 471552
21.9096 9060137 471552
21.9097 9061585 471552
21.9099 9063033 471552
21.91 9064481 471552
21.9102 9065929 471552
21.9103 9067377 471552
21.9105 9068825 471552
21.9106 9070273 471552
21.9108 9071721 471552
21.9109 9073169 471552
21.9111 9074617 471552
21.9112 9076065 471552
21.9114 9077513 471552
21.9115 9078961 471552
21.9117 9080409 471552
21.9118 9081857 471552
21.912 9083305 471552
21.9121 9084753 471552
21.9123 9086201 471552
21.9124 9087649 471552
21.9126 9089097 471552
21.9127 9090545 471552
21.9129 9091993 471552
21.913 9093441 471552
21.9132 9094889 471552
21.9133 9096337 471552
21.9135 9097785 471552
21.9136 9099233 471552
21.9138 9100681 471552
21.9139 9102129 471552
21.9141 9103577 471552
21.9142 9105025 471552
21.9144 9106473 471552
21.9145 9107921 471552
21.9147 9109369 471552
21.9148 9110817 471552
21.915 9112265 471552
21.9151 9113713 471552
21.9153 9115161 471552
21.9154 9116609 471552
21.9156 9118057 471552
21.9157 9119505 471552
21.9159 9120953 471552
21.916 9122401 471552
21.9162 9123849 471552
21.9163 9125297 471552
21.9165 9126745 471552
21.9166 9128193 471552
21.9168 9129641 471552
21.9169 9131089 471552
21.9171 9132537 471552
21.9172 9133985 471552
21.9174 9135433 471552
21.9176 9136881 473088
21.9177 9138329 473088
21.9179 9139777 473088
21.918 9141225 473088
21.9182 9142673 473088
21.9183 9144121 473088
21.9185 9145569 473088
21.9186 9147017 473088
21.9188 9148465 473088
21.9189 9149913 473088
21.9191 9151361 473088
21.9192 9152809 473088
21.9194 9154257 473088
21.9195 9155705 473088
21.9197 9157153 473088
21.9198 9158601 473088
21.92 9160049 473088
21.9201 9161497 473088
21.9203 9162945 473088
21.9204 9164393 473088
21.9206 9165841 473088
21.9207 9167289 473088
21.9209 9168737 473088
21.921 9170185 473088
21.9212 9171633 473088
21.9213 9173081 473088
21.9215 9174529 473088
21.9216 9175977 473088
21.9218 9177425 473088
21.9219 9178873 473088
21.9221 9180321 473088
21.9222 9181769 473088
21.9224 9183217 473088
21.9225 9184665 473088
21.9227 9186113 473088
21.9228 9187561 473088
21.923 9189009 473088
21.9231 9190457 473088
21.9233 9191905 473088
21.9234 9193353 473088
21.9236 9194801 473088
21.9237 9196249 473088
21.9239 9197697 473088
21.924 9199145 473088
21.9242 9200593 473088
21.9243 9202041 473088
21.9245 9203489 473088
21.9246 9204937 473088
21.9248 9206385 473088
21.9249 9207833 473088
21.9251 9209281 473088
21.9252 9210729 473088
21.9254 9212177 473088
21.9255 9213625 473088
21.9257 9215073 473088
21.9258 9216521 473088
21.926 9217969 473088
21.9261 9219417 473088
21.9263 9220865 473088
21.9264 9222313 473088
21.9266 9223761 473088
21.9267 9225209 473088
21.9269 9226657 473088
21.927 9228105 473088
21.9272 9229553 473088
21.9273 9231001 473088
21.9275 9232449 473088
21.9276 9233897 473088
21.9278 9235345 473088
21.9279 9236793 473088
21.9281 9238241 473088
21.9282 9239689 473088
21.9284 9241137 473088
21.9285 9242585 473088
21.9287 9244033 473088
21.9288 9245481 473088
21.929 9246929 473088
21.9291 9248377 473088
21.9293 9249825 473088
21.9294 9251273 473088
21.9296 9252721 473088
21.9297 9254169 473088
21.9299 9255617 473088
21.93 9257065 473088
21.9302 9258513 473088
21.9303 9259961 473088
21.9305 9261409 473088
21.9306 9262857 473088
21.9308 9264305 473088
21.9309 9265753 473088
21.9312 9267201 473088
21.9315 9268649 473088
21.9318 9270097 473088
21.9321 9271545 473088
21.9324 9272993 473088
21.9327 9274441 473088
21.933 9275889 473088
21.9333 9277337 473088
21.9336 9278785 473088
21.9339 9280233 473088
21.9342 9281681 473088
21.9345 9283129 473088
21.9348 9284577 473088
21.935 9286025 473088
21.9351 9287473 473088
21.9353 9288921 473088
21.9354 9290369 473088
21.9357 9291817 473088
21.936 9293265 473088
21.9363 9294713 474624
21.9366 9296161 474624
21.9368 9297609 474624
21.9369 9299057 474624
21.9371 9300505 474624
21.9372 9301953 474624
21.9375 9303401 474624
21.9378 9304849 474624
21.938 9306297 474624
21.9383 9307745 474624
21.9386 9309193 474624
21.9389 9310641 474624
21.9392 9312089 474624
21.9395 9313537 474624
21.9398 9314985 474624
21.9402 9316433 474624
21.9405 9317881 474624
21.9408 9319329 474624
21.9411 9320777 474624
21.9414 9322225 474624
21.9416 9323673 474624
21.9419 9325121 474624
21.9422 9326569 474624
21.9425 9328017 474624
21.9428 9329465 474624
21.9431 9330913 474624
21.9434 9332361 474624
21.9437 9333809 474624
21.944 9335257 474624
21.9441 9336705 474624
21.9443 9338153 474624
21.9444 9339601 474624
21.9446 9341049 474624
21.945 9342497 474624
21.9453 9343945 474624
21.9456 9345393 474624
21.9459 9346841 474624
21.9464 9348289 474624
21.9467 9349737 474624
21.947 9351185 474624
21.9473 9352633 474624
21.9477 9354081 474624
21.948 9355529 474624
21.9483 9356977 474624
21.9486 9358425 474624
21.9489 9359873 474624
21.9492 9361321 474624
21.9495 9362769 474624
21.9497 9364217 474624
21.95 9365665 474624
21.9503 9367113 474624
21.9506 9368561 474624
21.9509 9370009 474624
21.951 9371457 474624
21.9513 9372905 474624
21.9516 9374353 474624
21.9518 9375801 474624
21.9519 9377249 474624
21.9522 9378697 474624
21.9525 9380145 474624
21.9528 9381593 474624
21.9533 9383041 474624
21.9536 9384489 474624
21.9677 9385937 474624
21.968 9387385 474624
21.9685 9388833 474624
21.9686 9390281 474624
21.9688 9391729 474624
21.9689 9393177 474624
21.9691 9394625 474624
21.9694 9396073 474624
21.9697 9397521 474624
21.9698 9398969 474624
21.9701 9400417 474624
21.9704 9401865 474624
21.9725 9403313 474624
21.9727 9404761 474624
21.9728 9406209 474624
21.973 9407657 474624
21.9731 9409105 474624
21.9734 9410553 474624
21.9737 9412001 474624
21.9739 9413449 474624
21.974 9414897 474624
21.9742 9416345 474624
21.9743 9417793 474624
21.9745 9419241 474624
21.9746 9420689 474624
21.9748 9422137 474624
21.9749 9423585 474624
21.9751 9425033 474624
21.9754 9426481 474624
21.9757 9427929 474624
21.9763 9429377 474624
21.9766 9430825 474624
21.9767 9432273 474624
21.9769 9433721 474624
21.977 9435169 474624
21.9772 9436617 474624
21.9773 9438065 474624
21.9776 9439513 474624
21.9779 9440961 474624
21.9781 9442409 474624
21.9782 9443857 474624
21.9784 9445305 474624
21.9785 9446753 474624
21.9787 9448201 474624
21.9788 9449649 474624
21.9791 9451097 474624
21.9794 9452545 474624
21.9796 9453993 474624
21.9797 9455441 476160
21.98 9456889 476160
21.9803 9458337 476160
21.9805 9459785 476160
21.9806 9461233 476160
21.9808 9462681 476160
21.9809 9464129 476160
21.9811 9465577 476160
21.9812 9467025 476160
21.9814 9468473 476160
21.9815 9469921 476160
21.9817 9471369 476160
21.9818 9472817 476160
21.982 9474265 476160
21.9821 9475713 476160
21.9823 9477161 476160
21.9824 9478609 476160
21.9827 9480057 476160
21.983 9481505 476160
21.9832 9482953 476160
21.9833 9484401 476160
21.9835 9485849 476160
21.9836 9487297 476160
21.9838 9488745 476160
21.9839 9490193 476160
21.9841 9491641 476160
21.9844 9493089 476160
21.9851 9494537 476160
21.9853 9495985 476160
21.9854 9497433 476160
21.9856 9498881 476160
21.9857 9500329 476160
21.9859 9501777 476160
21.986 9503225 476160
21.9862 9504673 476160
21.9863 9506121 476160
21.9865 9507569 476160
21.9866 9509017 476160
21.9868 9510465 476160
21.9869 9511913 476160
21.9872 9513361 476160
21.9875 9514809 476160
21.9878 9516257 476160
21.9881 9517705 476160
21.9883 9519153 476160
21.9884 9520601 476160
21.9886 9522049 476160
21.9887 9523497 476160
21.9889 9524945 476160
21.989 9526393 476160
21.9892 9527841 476160
21.9893 9529289 476160
21.9895 9530737 476160
21.9896 9532185 476160
21.9898 9533633 476160
21.9899 9535081 476160
21.9901 9536529 476160
21.9902 9537977 476160
21.9904 9539425 476160
21.9905 9540873 476160
21.9907 9542321 476160
21.9908 9543769 476160
21.991 9545217 476160
21.9911 9546665 476160
21.9913 9548113 476160
21.9914 9549561 476160
21.9916 9551009 476160
21.9917 9552457 476160
21.9919 9553905 476160
21.992 9555353 476160
21.9922 9556801 476160
21.9923 9558249 476160
21.9925 9559697 476160
21.9927 9561145 476160
21.9928 9562593 476160
21.993 9564041 476160
21.9931 9565489 476160
21.9933 9566937 476160
21.9934 9568385 476160
21.9936 9569833 476160
21.9937 9571281 476160
21.9939 9572729 476160
21.994 9574177 476160
21.9942 9575625 476160
21.9943 9577073 476160
21.9945 9578521 476160
21.9946 9579969 476160
21.9948 9581417 476160
21.9949 9582865 476160
21.9951 9584313 476160
21.9952 9585761 476160
21.9954 9587209 476160
21.9955 9588657 476160
21.9957 9590105 476160
21.9958 9591553 476160
21.996 9593001 476160
21.9961 9594449 476160
21.9963 9595897 476160
21.9964 9597345 476160
21.9966 9598793 476160
21.9967 9600241 476160
21.9969 9601689 476160
21.997 9603137 476160
21.9972 9604585 476160
21.9973 9606033 476160
21.9975 9607481 476160
21.9976 9608929 476160
21.9978 9610377 476160
21.9979 9611825 476160
21.9981 9613273 477696
21.9982 9614721 477696
21.9984 9616169 477696
21.9985 9617617 477696
21.9987 9619065 477696
21.9988 9620513 477696
21.999 9621961 477696
21.9991 9623409 477696
21.9993 9624857 477696
21.9994 9626305 477696
21.9996 9627753 477696
21.9997 9629201 477696
21.9999 9630649 477696
22 9632097 477696
22.0002 9633545 477696
22.0003 9634993 477696
22.0005 9636441 477696
22.0006 9637889 477696
22.0008 9639337 477696
22.0009 9640785 477696
22.0011 9642233 477696
22.0012 9643681 477696
22.0014 9645129 477696
22.0015 9646577 477696
22.0017 9648025 477696
22.0018 9649473 477696
22.002 9650921 477696
22.0021 9652369 477696
22.0023 9653817 477696
22.0024 9655265 477696
22.0026 9656713 477696
22.0027 9658161 477696
22.0029 9659609 477696
22.003 9661057 477696
22.0032 9662505 477696
22.0033 9663953 477696
22.0035 9665401 477696
22.0036 9666849 477696
22.0038 9668297 477696
22.0039 9669745 477696
22.0041 9671193 477696
22.0042 9672641 477696
22.0044 9674089 477696
22.0045 9675537 477696
22.0047 9676985 477696
22.0048 9678433 477696
22.005 9679881 477696
22.0051 9681329 477696
22.0053 9682777 477696
22.0054 9684225 477696
22.0056 9685673 477696
22.0057 9687121 477696
22.0059 9688569 477696
22.006 9690017 477696
22.0062 9691465 477696
22.0063 9692913 477696
22.0065 9694361 477696
22.0066 9695809 477696
22.0068 9697257 477696
22.0069 9698705 477696
22.0071 9700153 477696
22.0072 9701601 477696
22.0074 9703049 477696
22.0075 9704497 477696
22.0077 9705945 477696
22.0078 9707393 477696
22.008 9708841 477696
22.0081 9710289 477696
22.0083 9711737 477696
22.0084 9713185 477696
22.0086 9714633 477696
22.0087 9716081 477696
22.0089 9717529 477696
22.009 9718977 477696
22.0092 9720425 477696
22.0093 9721873 477696
22.0095 9723321 477696
22.0096 9724769 477696
22.0098 9726217 477696
22.0099 9727665 477696
22.0101 9729113 477696
22.0102 9730561 477696
22.0104 9732009 477696
22.0105 9733457 477696
22.0107 9734905 477696
22.0108 9736353 477696
22.011 9737801 477696
22.0111 9739249 477696
22.0113 9740697 477696
22.0116 9742145 477696
22.0119 9743593 477696
22.012 9745041 477696
22.0123 9746489 477696
22.0126 9747937 477696
22.0129 9749385 477696
22.0132 9750833 477696
22.0135 9752281 477696
22.014 9753729 477696
22.0143 9755177 477696
22.0146 9756625 477696
22.0149 9758073 477696
22.0152 9759521 477696
22.0155 9760969 477696
22.0158 9762417 477696
22.0159 9763865 477696
22.0161 9765313 477696
22.0162 9766761 477696
22.0164 9768209 477696
22.0167 9769657 477696
22.017 9771105 477696
22.0173 9772553 477696
22.0176 9774001 479232
22.0177 9775449 479232
22.0179 9776897 479232
22.018 9778345 479232
22.0182 9779793 479232
22.0183 9781241 479232
22.0186 9782689 479232
22.0189 9784137 479232
22.0191 9785585 479232
22.0194 9787033 479232
22.0197 9788481 479232
22.02 9789929 479232
22.0203 9791377 479232
22.0206 9792825 479232
22.0209 9794273 479232
22.0213 9795721 479232
22.0216 9797169 479232
22.0219 9798617 479232
22.0222 9800065 479232
22.0225 9801513 479232
22.0227 9802961 479232
22.023 9804409 479232
22.0233 9805857 479232
22.0236 9807305 479232
22.0239 9808753 479232
22.0242 9810201 479232
22.0245 9811649 479232
22.0248 9813097 479232
22.0251 9814545 479232
22.0252 9815993 479232
22.0254 9817441 479232
22.0255 9818889 479232
22.0257 9820337 479232
22.0261 9821785 479232
22.0264 9823233 479232
22.0267 9824681 479232
22.027 9826129 479232
22.0275 9827577 479232
22.0278 9829025 479232
22.0281 9830473 479232
22.0284 9831921 479232
22.0288 9833369 479232
22.0291 9834817 479232
22.0294 9836265 479232
22.0297 9837713 479232
22.0301 9839161 479232
22.0304 9840609 479232
22.0307 9842057 479232
22.0308 9843505 479232
22.0311 9844953 479232
22.0314 9846401 479232
22.0317 9847849 479232
22.032 9849297 479232
22.0322 9850745 479232
22.0325 9852193 479232
22.0328 9853641 479232
22.0329 9855089 479232
22.0331 9856537 479232
22.0334 9857985 479232
22.0337 9859433 479232
22.034 9860881 479232
22.0344 9862329 479232
22.0347 9863777 479232
22.0488 9865225 479232
22.0491 9866673 479232
22.0496 9868121 479232
22.0497 9869569 479232
22.0499 9871017 479232
22.05 9872465 479232
22.0502 9873913 479232
22.0505 9875361 479232
22.0508 9876809 479232
22.0509 9878257 479232
22.0512 9879705 479232
22.0515 9881153 479232
22.0535 9882601 479232
22.0536 9884049 479232
22.0538 9885497 479232
22.0539 9886945 479232
22.0542 9888393 479232
22.0545 9889841 479232
22.0547 9891289 479232
22.0548 9892737 479232
22.055 9894185 479232
22.0551 9895633 479232
22.0553 9897081 479232
22.0554 9898529 479232
22.0556 9899977 479232
22.0557 9901425 479232
22.0559 9902873 479232
22.0562 9904321 479232
22.0565 9905769 479232
22.0568 9907217 479232
22.0575 9908665 479232
22.0577 9910113 479232
22.0578 9911561 479232
22.058 9913009 479232
22.0581 9914457 479232
22.0583 9915905 479232
22.0586 9917353 479232
22.0589 9918801 479232
22.059 9920249 479232
22.0592 9921697 479232
22.0593 9923145 479232
22.0595 9924593 479232
22.0596 9926041 479232
22.0598 9927489 479232
22.0601 9928937 479232
22.0604 9930385 479232
22.0605 9931833 479232
22.0607 9933281 479232
22.061 9934729 480256
22.0613 9936177 480256
22.0614 9937625 480256
22.0616 9939073 480256
22.0617 9940521 480256
22.0619 9941969 480256
22.062 9943417 480256
22.0622 9944865 480256
22.0623 9946313 480256
22.0625 9947761 480256
22.0626 9949209 480256
22.0628 9950657 480256
22.0629 9952105 480256
22.0631 9953553 480256
22.0632 9955001 480256
22.0634 9956449 480256
22.0635 9957897 480256
22.0638 9959345 480256
22.0641 9960793 480256
22.0643 9962241 480256
22.0644 9963689 480256
22.0646 9965137 480256
22.0647 9966585 480256
22.0649 9968033 480256
22.065 9969481 480256
22.0652 9970929 480256
22.0655 9972377 480256
22.0664 9973825 480256
22.0667 9975273 480256
22.067 9976721 480256
22.0671 9978169 480256
22.0673 9979617 480256
22.0675 9981065 480256
22.0676 9982513 480256
22.0678 9983961 480256
22.0679 9985409 480256
22.0681 9986857 480256
22.0682 9988305 480256
22.0684 9989753 480256
22.0685 9991201 480256
22.0688 9992649 480256
22.0691 9994097 480256
22.0694 9995545 480256
22.0697 9996993 480256
22.0699 9998441 480256
22.07 9999889 480256
22.0702 10001337 480256
22.0703 10002785 480256
22.0705 10004233 480256
22.0706 10005681 480256
22.0708 10007129 480256
22.0709 10008577 480256
22.0711 10010025 480256
22.0712 10011473 480256
22.0714 10012921 480256
22.0715 10014369 480256
22.0717 10015817 480256
22.0718 10017265 480256
22.072 10018713 480256
22.0721 10020161 480256
22.0723 10021609 480256
22.0724 10023057 480256
22.0726 10024505 480256
22.0727 10025953 480256
22.0729 10027401 480256
22.073 10028849 480256
22.0732 10030297 480256
22.0733 10031745 480256
22.0735 10033193 480256
22.0736 10034641 480256
22.0738 10036089 480256
22.0739 10037537 480256
22.0741 10038985 480256
22.0742 10040433 480256
22.0744 10041881 480256
22.0745 10043329 480256
22.0747 10044777 480256
22.0748 10046225 480256
22.075 10047673 480256
22.0751 10049121 480256
22.0753 10050569 480256
22.0754 10052017 480256
22.0756 10053465 480256
22.0757 10054913 480256
22.0759 10056361 480256
22.076 10057809 480256
22.0762 10059257 480256
22.0763 10060705 480256
22.0765 10062153 480256
22.0766 10063601 480256
22.0768 10065049 480256
22.0769 10066497 480256
22.0771 10067945 480256
22.0772 10069393 480256
22.0774 10070841 480256
22.0775 10072289 480256
22.0777 10073737 480256
22.0778 10075185 480256
22.078 10076633 480256
22.0781 10078081 480256
22.0783 10079529 480256
22.0784 10080977 480256
22.0786 10082425 480256
22.0787 10083873 480256
22.0789 10085321 480256
22.079 10086769 480256
22.0792 10088217 480256
22.0793 10089665 480256
22.0795 10091113 480256
22.0796 10092561 480256
22.0798 10094009 480256
22.0799 10095457 481792
22.0801 10096905 481792
22.0802 10098353 481792
22.0804 10099801 481792
22.0805 10101249 481792
22.0807 10102697 481792
22.0808 10104145 481792
22.081 10105593 481792
22.0811 10107041 481792
22.0813 10108489 481792
22.0814 10109937 481792
22.0816 10111385 481792
22.0817 10112833 481792
22.0819 10114281 481792
22.082 10115729 481792
22.0822 10117177 481792
22.0823 10118625 481792
22.0825 10120073 481792
22.0826 10121521 481792
22.0828 10122969 481792
22.0829 10124417 481792
22.0831 10125865 481792
22.0832 10127313 481792
22.0834 10128761 481792
22.0835 10130209 481792
22.0837 10131657 481792
22.0838 10133105 481792
22.084 10134553 481792
22.0841 10136001 481792
22.0843 10137449 481792
22.0844 10138897 481792
22.0846 10140345 481792
22.0847 10141793 481792
22.0849 10143241 481792
22.085 10144689 481792
22.0852 10146137 481792
22.0853 10147585 481792
22.0855 10149033 481792
22.0856 10150481 481792
22.0858 10151929 481792
22.0859 10153377 481792
22.0861 10154825 481792
22.0862 10156273 481792
22.0864 10157721 481792
22.0865 10159169 481792
22.0867 10160617 481792
22.0868 10162065 481792
22.087 10163513 481792
22.0871 10164961 481792
22.0873 10166409 481792
22.0874 10167857 481792
22.0876 10169305 481792
22.0877 10170753 481792
22.0879 10172201 481792
22.088 10173649 481792
22.0882 10175097 481792
22.0883 10176545 481792
22.0885 10177993 481792
22.0886 10179441 481792
22.0888 10180889 481792
22.0889 10182337 481792
22.0891 10183785 481792
22.0892 10185233 481792
22.0894 10186681 481792
22.0895 10188129 481792
22.0897 10189577 481792
22.0898 10191025 481792
22.09 10192473 481792
22.0901 10193921 481792
22.0903 10195369 481792
22.0904 10196817 481792
22.0906 10198265 481792
22.0907 10199713 481792
22.0909 10201161 481792
22.091 10202609 481792
22.0912 10204057 481792
22.0913 10205505 481792
22.0915 10206953 481792
22.0916 10208401 481792
22.0918 10209849 481792
22.0919 10211297 481792
22.0921 10212745 481792
22.0922 10214193 481792
22.0924 10215641 481792
22.0925 10217089 481792
22.0927 10218537 481792
22.0928 10219985 481792
22.0931 10221433 481792
22.0934 10222881 481792
22.0936 10224329 481792
22.0937 10225777 481792
22.094 10227225 481792
22.0943 10228673 481792
22.0946 10230121 481792
22.0949 10231569 481792
22.0952 10233017 481792
22.0955 10234465 481792
22.096 10235913 481792
22.0963 10237361 481792
22.0966 10238809 481792
22.0969 10240257 481792
22.0972 10241705 481792
22.0975 10243153 481792
22.0978 10244601 481792
22.0979 10246049 481792
22.0981 10247497 481792
22.0982 10248945 481792
22.0984 10250393 481792
22.0987 10251841 481792
22.099 10253289 481792
22.0993 10254737 481792
22.0996 10256185 481792
22.0997 10257633 481792
22.0999 10259081 481792
22.1 10260529 481792
22.1002 10261977 481792
22.1003 10263425 481792
22.1006 10264873 481792
22.1009 10266321 481792
22.1011 10267769 481792
22.1014 10269217 481792
22.1017 10270665 481792
22.102 10272113 481792
22.1023 10273561 481792
22.1026 10275009 481792
22.1032 10276457 483328
22.1035 10277905 483328
22.1036 10279353 483328
22.1039 10280801 483328
22.1042 10282249 483328
22.1045 10283697 483328
22.1048 10285145 483328
22.105 10286593 483328
22.1053 10288041 483328
22.1056 10289489 483328
22.1059 10290937 483328
22.1062 10292385 483328
22.1065 10293833 483328
22.1068 10295281 483328
22.1071 10296729 483328
22.1074 10298177 483328
22.1076 10299625 483328
22.1077 10301073 483328
22.1079 10302521 483328
22.1082 10303969 483328
22.1085 10305417 483328
22.1088 10306865 483328
22.1091 10308313 483328
22.1095 10309761 483328
22.1098 10311209 483328
22.1101 10312657 483328
22.1104 10314105 483328
22.1109 10315553 483328
22.1112 10317001 483328
22.1115 10318449 483328
22.1118 10319897 483328
22.1121 10321345 483328
22.1124 10322793 483328
22.1127 10324241 483328
22.113 10325689 483328
22.1131 10327137 483328
22.1134 10328585 483328
22.1137 10330033 483328
22.114 10331481 483328
22.1143 10332929 483328
22.1145 10334377 483328
22.1148 10335825 483328
22.1151 10337273 483328
22.1152 10338721 483328
22.1154 10340169 483328
22.1157 10341617 483328
22.116 10343065 483328
22.1164 10344513 483328
22.1167 10345961 483328
22.1308 10347409 483328
22.1311 10348857 483328
22.1316 10350305 483328
22.1319 10351753 483328
22.132 10353201 483328
22.1322 10354649 483328
22.1323 10356097 483328
22.1325 10357545 483328
22.1328 10358993 483328
22.1331 10360441 483328
22.1332 10361889 483328
22.1335 10363337 483328
22.1355 10364785 483328
22.1358 10366233 483328
22.1359 10367681 483328
22.1361 10369129 483328
22.1362 10370577 483328
22.1365 10372025 483328
22.1368 10373473 483328
22.137 10374921 483328
22.1371 10376369 483328
22.1373 10377817 483328
22.1374 10379265 483328
22.1376 10380713 483328
22.1377 10382161 483328
22.1379 10383609 483328
22.138 10385057 483328
22.1382 10386505 483328
22.1385 10387953 483328
22.1388 10389401 483328
22.1395 10390849 483328
22.1397 10392297 483328
22.1398 10393745 483328
22.14 10395193 483328
22.1401 10396641 483328
22.1403 10398089 483328
22.1406 10399537 483328
22.1409 10400985 483328
22.141 10402433 483328
22.1412 10403881 483328
22.1413 10405329 483328
22.1415 10406777 483328
22.1416 10408225 483328
22.1418 10409673 483328
22.1421 10411121 483328
22.1424 10412569 483328
22.1425 10414017 483328
22.1427 10415465 483328
22.143 10416913 483328
22.1433 10418361 483328
22.1435 10419809 484864
22.1436 10421257 484864
22.1438 10422705 484864
22.1439 10424153 484864
22.1441 10425601 484864
22.1442 10427049 484864
22.1444 10428497 484864
22.1445 10429945 484864
22.1447 10431393 484864
22.1448 10432841 484864
22.145 10434289 484864
22.1451 10435737 484864
22.1453 10437185 484864
22.1454 10438633 484864
22.1456 10440081 484864
22.1459 10441529 484864
22.1462 10442977 484864
22.1463 10444425 484864
22.1465 10445873 484864
22.1466 10447321 484864
22.1468 10448769 484864
22.1469 10450217 484864
22.1471 10451665 484864
22.1472 10453113 484864
22.1474 10454561 484864
22.1475 10456009 484864
22.1478 10457457 484864
22.149 10458905 484864
22.1493 10460353 484864
22.1496 10461801 484864
22.1499 10463249 484864
22.1501 10464697 484864
22.1502 10466145 484864
22.1504 10467593 484864
22.1505 10469041 484864
22.1507 10470489 484864
22.1508 10471937 484864
22.151 10473385 484864
22.1511 10474833 484864
22.1514 10476281 484864
22.1517 10477729 484864
22.1522 10479177 484864
22.1525 10480625 484864
22.1526 10482073 484864
22.1528 10483521 484864
22.1529 10484969 484864
22.1531 10486417 484864
22.1532 10487865 484864
22.1534 10489313 484864
22.1535 10490761 484864
22.1537 10492209 484864
22.1538 10493657 484864
22.154 10495105 484864
22.1541 10496553 484864
22.1543 10498001 484864
22.1544 10499449 484864
22.1546 10500897 484864
22.1547 10502345 484864
22.1549 10503793 484864
22.155 10505241 484864
22.1552 10506689 484864
22.1553 10508137 484864
22.1555 10509585 484864
22.1556 10511033 484864
22.1558 10512481 484864
22.1559 10513929 484864
22.1561 10515377 484864
22.1562 10516825 484864
22.1564 10518273 484864
22.1565 10519721 484864
22.1567 10521169 484864
22.1568 10522617 484864
22.157 10524065 484864
22.1571 10525513 484864
22.1573 10526961 484864
22.1574 10528409 484864
22.1576 10529857 484864
22.1577 10531305 484864
22.1579 10532753 484864
22.158 10534201 484864
22.1582 10535649 484864
22.1583 10537097 484864
22.1585 10538545 484864
22.1586 10539993 484864
22.1588 10541441 484864
22.1589 10542889 484864
22.1591 10544337 484864
22.1592 10545785 484864
22.1594 10547233 484864
22.1595 10548681 484864
22.1597 10550129 484864
22.1598 10551577 484864
22.16 10553025 484864
22.1601 10554473 484864
22.1603 10555921 484864
22.1604 10557369 484864
22.1606 10558817 484864
22.1607 10560265 484864
22.1609 10561713 484864
22.161 10563161 484864
22.1612 10564609 484864
22.1613 10566057 484864
22.1615 10567505 484864
22.1616 10568953 484864
22.1618 10570401 484864
22.1619 10571849 484864
22.1621 10573297 484864
22.1622 10574745 484864
22.1624 10576193 484864
22.1625 10577641 484864
22.1627 10579089 484864
22.1628 10580537 484864
22.163 10581985 484864
22.1631 10583433 486400
22.1633 10584881 486400
22.1634 10586329 486400
22.1636 10587777 486400
22.1637 10589225 486400
22.1639 10590673 486400
22.164 10592121 486400
22.1642 10593569 486400
22.1643 10595017 486400
22.1645 10596465 486400
22.1646 10597913 486400
22.1648 10599361 486400
22.1649 10600809 486400
22.1651 10602257 486400
22.1652 10603705 486400
22.1654 10605153 486400
22.1655 10606601 486400
22.1657 10608049 486400
22.1658 10609497 486400
22.166 10610945 486400
22.1661 10612393 486400
22.1663 10613841 486400
22.1664 10615289 486400
22.1666 10616737 486400
22.1667 10618185 486400
22.1669 10619633 486400
22.167 10621081 486400
22.1672 10622529 486400
22.1673 10623977 486400
22.1675 10625425 486400
22.1676 10626873 486400
22.1678 10628321 486400
22.1679 10629769 486400
22.1681 10631217 486400
22.1682 10632665 486400
22.1684 10634113 486400
22.1685 10635561 486400
22.1687 10637009 486400
22.1688 10638457 486400
22.169 10639905 486400
22.1691 10641353 486400
22.1693 10642801 486400
22.1694 10644249 486400
22.1696 10645697 486400
22.1697 10647145 486400
22.1699 10648593 486400
22.17 10650041 486400
22.1702 10651489 486400
22.1703 10652937 486400
22.1705 10654385 486400
22.1706 10655833 486400
22.1708 10657281 486400
22.1709 10658729 486400
22.1711 10660177 486400
22.1712 10661625 486400
22.1714 10663073 486400
22.1715 10664521 486400
22.1717 10665969 486400
22.1718 10667417 486400
22.172 10668865 486400
22.1721 10670313 486400
22.1723 10671761 486400
22.1724 10673209 486400
22.1726 10674657 486400
22.1727 10676105 486400
22.1729 10677553 486400
22.173 10679001 486400
22.1732 10680449 486400
22.1733 10681897 486400
22.1735 10683345 486400
22.1736 10684793 486400
22.1738 10686241 486400
22.1739 10687689 486400
22.1741 10689137 486400
22.1742 10690585 486400
22.1744 10692033 486400
22.1745 10693481 486400
22.1747 10694929 486400
22.1748 10696377 486400
22.175 10697825 486400
22.1751 10699273 486400
22.1753 10700721 486400
22.1754 10702169 486400
22.1756 10703617 486400
22.1759 10705065 486400
22.1762 10706513 486400
22.1763 10707961 486400
22.1765 10709409 486400
22.1766 10710857 486400
22.1769 10712305 486400
22.1772 10713753 486400
22.1775 10715201 486400
22.1778 10716649 486400
22.1781 10718097 486400
22.1784 10719545 486400
22.1789 10720993 486400
22.1792 10722441 486400
22.1795 10723889 486400
22.1798 10725337 486400
22.1801 10726785 486400
22.1804 10728233 486400
22.1807 10729681 486400
22.1809 10731129 486400
22.181 10732577 486400
22.1812 10734025 486400
22.1813 10735473 486400
22.1816 10736921 486400
22.1819 10738369 486400
22.1822 10739817 486400
22.1825 10741265 486400
22.1827 10742713 486400
22.1828 10744161 486400
22.183 10745609 486400
22.1831 10747057 486400
22.1833 10748505 486400
22.1836 10749953 486400
22.1839 10751401 486400
22.184 10752849 486400
22.1843 10754297 486400
22.1846 10755745 486400
22.1849 10757193 486400
22.1852 10758641 486400
22.1855 10760089 486400
22.1861 10761537 486400
22.1864 10762985 486400
22.1867 10764433 486400
22.1869 10765881 486400
22.1872 10767329 486400
22.1875 10768777 486400
22.1878 10770225 486400
22.1881 10771673 486400
22.1882 10773121 486400
22.1885 10774569 486400
22.1888 10776017 486400
22.1891 10777465 486400
22.1894 10778913 486400
22.1897 10780361 486400
22.19 10781809 486400
22.1903 10783257 486400
22.1906 10784705 486400
22.1908 10786153 486400
22.1909 10787601 486400
22.1911 10789049 486400
22.1914 10790497 486400
22.1917 10791945 486400
22.192 10793393 486400
22.1923 10794841 486400
22.1927 10796289 486400
22.193 10797737 486400
22.1933 10799185 487936
22.1936 10800633 487936
22.1939 10802081 487936
22.1942 10803529 487936
22.1945 10804977 487936
22.1948 10806425 487936
22.1951 10807873 487936
22.1954 10809321 487936
22.1957 10810769 487936
22.196 10812217 487936
22.1963 10813665 487936
22.1966 10815113 487936
22.1969 10816561 487936
22.1972 10818009 487936
22.1975 10819457 487936
22.1978 10820905 487936
22.198 10822353 487936
22.1983 10823801 487936
22.1986 10825249 487936
22.1987 10826697 487936
22.1989 10828145 487936
22.1992 10829593 487936
22.1995 10831041 487936
22.1999 10832489 487936
22.2002 10833937 487936
22.2143 10835385 487936
22.2146 10836833 487936
22.2151 10838281 487936
22.2154 10839729 487936
22.2155 10841177 487936
22.2157 10842625 487936
22.2158 10844073 487936
22.216 10845521 487936
22.2163 10846969 487936
22.2166 10848417 487936
22.2167 10849865 487936
22.217 10851313 487936
22.219 10852761 487936
22.2193 10854209 487936
22.2195 10855657 487936
22.2196 10857105 487936
22.2198 10858553 487936
22.2201 10860001 487936
22.2204 10861449 487936
22.2205 10862897 487936
22.2207 10864345 487936
22.2208 10865793 487936
22.221 10867241 487936
22.2211 10868689 487936
22.2213 10870137 487936
22.2214 10871585 487936
22.2216 10873033 487936
22.2217 10874481 487936
22.222 10875929 487936
22.2223 10877377 487936
22.2231 10878825 487936
22.2232 10880273 487936
22.2234 10881721 487936
22.2235 10883169 487936
22.2237 10884617 487936
22.2238 10886065 487936
22.2241 10887513 487936
22.2244 10888961 487936
22.2246 10890409 487936
22.2247 10891857 487936
22.2249 10893305 487936
22.225 10894753 487936
22.2252 10896201 487936
22.2253 10897649 487936
22.2256 10899097 487936
22.2259 10900545 487936
22.2261 10901993 487936
22.2262 10903441 487936
22.2265 10904889 487936
22.2268 10906337 487936
22.227 10907785 487936
22.2271 10909233 487936
22.2273 10910681 488960
22.2274 10912129 488960
22.2276 10913577 488960
22.2277 10915025 488960
22.2279 10916473 488960
22.228 10917921 488960
22.2282 10919369 488960
22.2283 10920817 488960
22.2285 10922265 488960
22.2286 10923713 488960
22.2288 10925161 488960
22.2289 10926609 488960
22.2291 10928057 488960
22.2292 10929505 488960
22.2295 10930953 488960
22.2298 10932401 488960
22.23 10933849 488960
22.2301 10935297 488960
22.2303 10936745 488960
22.2304 10938193 488960
22.2306 10939641 488960
22.2307 10941089 488960
22.2309 10942537 488960
22.231 10943985 488960
22.2312 10945433 488960
22.2325 10946881 488960
22.2328 10948329 488960
22.2334 10949777 488960
22.2337 10951225 488960
22.234 10952673 488960
22.2342 10954121 488960
22.2343 10955569 488960
22.2345 10957017 488960
22.2346 10958465 488960
22.2348 10959913 488960
22.2349 10961361 488960
22.2351 10962809 488960
22.2352 10964257 488960
22.2355 10965705 488960
22.236 10967153 488960
22.2363 10968601 488960
22.2364 10970049 488960
22.2366 10971497 488960
22.2367 10972945 488960
22.2369 10974393 488960
22.237 10975841 488960
22.2372 10977289 488960
22.2373 10978737 488960
22.2375 10980185 488960
22.2376 10981633 488960
22.2378 10983081 488960
22.2379 10984529 488960
22.2381 10985977 488960
22.2382 10987425 488960
22.2384 10988873 488960
22.2385 10990321 488960
22.2387 10991769 488960
22.2388 10993217 488960
22.239 10994665 488960
22.2391 10996113 488960
22.2393 10997561 488960
22.2394 10999009 488960
22.2396 11000457 488960
22.2397 11001905 488960
22.2399 11003353 488960
22.24 11004801 488960
22.2402 11006249 488960
22.2403 11007697 488960
22.2405 11009145 488960
22.2406 11010593 488960
22.2408 11012041 488960
22.2409 11013489 488960
22.2411 11014937 488960
22.2412 11016385 488960
22.2414 11017833 488960
22.2415 11019281 488960
22.2417 11020729 488960
22.2418 11022177 488960
22.242 11023625 488960
22.2421 11025073 488960
22.2423 11026521 488960
22.2424 11027969 488960
22.2426 11029417 488960
22.2427 11030865 488960
22.2429 11032313 488960
22.243 11033761 488960
22.2432 11035209 488960
22.2433 11036657 488960
22.2435 11038105 488960
22.2436 11039553 488960
22.2438 11041001 488960
22.2439 11042449 488960
22.2441 11043897 488960
22.2442 11045345 488960
22.2444 11046793 488960
22.2445 11048241 488960
22.2447 11049689 488960
22.2448 11051137 488960
22.245 11052585 488960
22.2451 11054033 488960
22.2453 11055481 488960
22.2454 11056929 488960
22.2456 11058377 488960
22.2457 11059825 488960
22.2459 11061273 488960
22.246 11062721 488960
22.2462 11064169 488960
22.2463 11065617 488960
22.2465 11067065 488960
22.2466 11068513 488960
22.2468 11069961 488960
22.2469 11071409 488960
22.2471 11072857 488960
22.2472 11074305 488960
22.2474 11075753 488960
22.2475 11077201 488960
22.2477 11078649 488960
22.2478 11080097 488960
22.248 11081545 488960
22.2481 11082993 488960
22.2483 11084441 488960
22.2484 11085889 488960
22.2486 11087337 488960
22.2487 11088785 488960
22.2489 11090233 488960
22.249 11091681 488960
22.2492 11093129 488960
22.2493 11094577 488960
22.2495 11096025 488960
22.2496 11097473 488960
22.2498 11098921 488960
22.2499 11100369 488960
22.2501 11101817 488960
22.2502 11103265 488960
22.2504 11104713 488960
22.2505 11106161 488960
22.2507 11107609 488960
22.2508 11109057 488960
22.251 11110505 488960
22.2511 11111953 488960
22.2513 11113401 488960
22.2514 11114849 488960
22.2516 11116297 488960
22.2517 11117745 488960
22.2519 11119193 488960
22.252 11120641 488960
22.2522 11122089 488960
22.2523 11123537 488960
22.2525 11124985 488960
22.2526 11126433 488960
22.2528 11127881 488960
22.2529 11129329 488960
22.2531 11130777 488960
22.2532 11132225 488960
22.2534 11133673 488960
22.2535 11135121 488960
22.2537 11136569 488960
22.2538 11138017 488960
22.254 11139465 488960
22.2541 11140913 488960
22.2543 11142361 488960
22.2544 11143809 488960
22.2546 11145257 488960
22.2547 11146705 488960
22.2549 11148153 488960
22.255 11149601 488960
22.2552 11151049 488960
22.2554 11152497 490496
22.2555 11153945 490496
22.2557 11155393 490496
22.2558 11156841 490496
22.256 11158289 490496
22.2561 11159737 490496
22.2563 11161185 490496
22.2564 11162633 490496
22.2566 11164081 490496
22.2567 11165529 490496
22.2569 11166977 490496
22.257 11168425 490496
22.2572 11169873 490496
22.2573 11171321 490496
22.2575 11172769 490496
22.2576 11174217 490496
22.2578 11175665 490496
22.2579 11177113 490496
22.2581 11178561 490496
22.2582 11180009 490496
22.2584 11181457 490496
22.2585 11182905 490496
22.2587 11184353 490496
22.2588 11185801 490496
22.259 11187249 490496
22.2591 11188697 490496
22.2593 11190145 490496
22.2594 11191593 490496
22.2597 11193041 490496
22.26 11194489 490496
22.2603 11195937 490496
22.2605 11197385 490496
22.2606 11198833 490496
22.2608 11200281 490496
22.2611 11201729 490496
22.2614 11203177 490496
22.2617 11204625 490496
22.262 11206073 490496
22.2623 11207521 490496
22.2626 11208969 490496
22.2629 11210417 490496
22.2633 11211865 490496
22.2636 11213313 490496
22.2639 11214761 490496
22.2642 11216209 490496
22.2645 11217657 490496
22.2648 11219105 490496
22.265 11220553 490496
22.2651 11222001 490496
22.2653 11223449 490496
22.2654 11224897 490496
22.2657 11226345 490496
22.266 11227793 490496
22.2663 11229241 490496
22.2666 11230689 490496
22.2668 11232137 490496
22.2669 11233585 490496
22.2671 11235033 490496
22.2672 11236481 490496
22.2674 11237929 490496
22.2677 11239377 490496
22.268 11240825 490496
22.2681 11242273 490496
22.2684 11243721 490496
22.2687 11245169 490496
22.269 11246617 490496
22.2693 11248065 490496
22.2696 11249513 490496
22.2699 11250961 490496
22.2705 11252409 490496
22.2708 11253857 490496
22.271 11255305 490496
22.2713 11256753 490496
22.2716 11258201 490496
22.2719 11259649 490496
22.2722 11261097 490496
22.2723 11262545 490496
22.2726 11263993 490496
22.2729 11265441 490496
22.2732 11266889 490496
22.2735 11268337 490496
22.2738 11269785 490496
22.2741 11271233 490496
22.2744 11272681 490496
22.2747 11274129 490496
22.2749 11275577 490496
22.275 11277025 490496
22.2752 11278473 490496
22.2755 11279921 490496
22.2758 11281369 490496
22.2761 11282817 490496
22.2764 11284265 490496
22.2767 11285713 490496
22.2771 11287161 490496
22.2774 11288609 490496
22.2777 11290057 490496
22.278 11291505 490496
22.2783 11292953 490496
22.2786 11294401 490496
22.2789 11295849 490496
22.2792 11297297 490496
22.2795 11298745 490496
22.2798 11300193 490496
22.2801 11301641 490496
22.2804 11303089 490496
22.2807 11304537 490496
22.281 11305985 490496
22.2813 11307433 490496
22.2816 11308881 490496
22.2819 11310329 490496
22.2822 11311777 490496
22.2824 11313225 490496
22.2827 11314673 490496
22.283 11316121 490496
22.2831 11317569 490496
22.2833 11319017 492032
22.2836 11320465 492032
22.2839 11321913 492032
22.2842 11323361 492032
22.2845 11324809 492032
22.2986 11326257 492032
22.2989 11327705 492032
22.2995 11329153 492032
22.2998 11330601 492032
22.3001 11332049 492032
22.3003 11333497 492032
22.3004 11334945 492032
22.3006 11336393 492032
22.3007 11337841 492032
22.301 11339289 492032
22.3013 11340737 492032
22.3015 11342185 492032
22.3034 11343633 492032
22.3037 11345081 492032
22.304 11346529 492032
22.3042 11347977 492032
22.3043 11349425 492032
22.3045 11350873 492032
22.3048 11352321 492032
22.3051 11353769 492032
22.3052 11355217 492032
22.3054 11356665 492032
22.3055 11358113 492032
22.3057 11359561 492032
22.3058 11361009 492032
22.306 11362457 492032
22.3061 11363905 492032
22.3063 11365353 492032
22.3064 11366801 492032
22.3067 11368249 492032
22.3075 11369697 492032
22.3078 11371145 492032
22.3079 11372593 492032
22.3081 11374041 492032
22.3082 11375489 492032
22.3084 11376937 492032
22.3085 11378385 492032
22.3088 11379833 492032
22.3091 11381281 492032
22.3093 11382729 492032
22.3094 11384177 492032
22.3096 11385625 492032
22.3097 11387073 492032
22.3099 11388521 492032
22.31 11389969 492032
22.3103 11391417 492032
22.3106 11392865 492032
22.3108 11394313 492032
22.3109 11395761 492032
22.3112 11397209 492032
22.3115 11398657 492032
22.3117 11400105 492032
22.3118 11401553 492032
22.312 11403001 492032
22.3121 11404449 492032
22.3123 11405897 492032
22.3124 11407345 492032
22.3126 11408793 492032
22.3127 11410241 492032
22.3129 11411689 492032
22.313 11413137 492032
22.3132 11414585 492032
22.3133 11416033 492032
22.3135 11417481 492032
22.3136 11418929 492032
22.3138 11420377 492032
22.3139 11421825 492032
22.3142 11423273 492032
22.3145 11424721 492032
22.3147 11426169 492032
22.3148 11427617 492032
22.315 11429065 492032
22.3151 11430513 492032
22.3153 11431961 492032
22.3154 11433409 492032
22.3156 11434857 492032
22.3157 11436305 492032
22.316 11437753 492032
22.3177 11439201 492032
22.318 11440649 492032
22.3189 11442097 492032
22.3192 11443545 492032
22.3196 11444993 492032
22.3198 11446441 492032
22.3199 11447889 492032
22.3201 11449337 492032
22.3202 11450785 492032
22.3204 11452233 492032
22.3205 11453681 492032
22.3207 11455129 492032
22.3208 11456577 492032
22.3211 11458025 492032
22.3216 11459473 492032
22.3219 11460921 492032
22.322 11462369 492032
22.3222 11463817 492032
22.3223 11465265 492032
22.3225 11466713 492032
22.3226 11468161 492032
22.3228 11469609 492032
22.3229 11471057 492032
22.3231 11472505 492032
22.3232 11473953 492032
22.3234 11475401 492032
22.3235 11476849 492032
22.3237 11478297 492032
22.3238 11479745 492032
22.324 11481193 492032
22.3241 11482641 492032
22.3243 11484089 492032
22.3244 11485537 493568
22.3246 11486985 493568
22.3247 11488433 493568
22.3249 11489881 493568
22.325 11491329 493568
22.3252 11492777 493568
22.3253 11494225 493568
22.3255 11495673 493568
22.3256 11497121 493568
22.3258 11498569 493568
22.3259 11500017 493568
22.3261 11501465 493568
22.3262 11502913 493568
22.3264 11504361 493568
22.3265 11505809 493568
22.3267 11507257 493568
22.3268 11508705 493568
22.327 11510153 493568
22.3271 11511601 493568
22.3273 11513049 493568
22.3274 11514497 493568
22.3276 11515945 493568
22.3277 11517393 493568
22.3279 11518841 493568
22.328 11520289 493568
22.3282 11521737 493568
22.3283 11523185 493568
22.3285 11524633 493568
22.3286 11526081 493568
22.3288 11527529 493568
22.3289 11528977 493568
22.3291 11530425 493568
22.3292 11531873 493568
22.3294 11533321 493568
22.3295 11534769 493568
22.3297 11536217 493568
22.3298 11537665 493568
22.33 11539113 493568
22.3301 11540561 493568
22.3303 11542009 493568
22.3305 11543457 493568
22.3306 11544905 493568
22.3308 11546353 493568
22.3309 11547801 493568
22.3311 11549249 493568
22.3312 11550697 493568
22.3314 11552145 493568
22.3315 11553593 493568
22.3317 11555041 493568
22.3318 11556489 493568
22.332 11557937 493568
22.3321 11559385 493568
22.3323 11560833 493568
22.3324 11562281 493568
22.3326 11563729 493568
22.3327 11565177 493568
22.3329 11566625 493568
22.333 11568073 493568
22.3332 11569521 493568
22.3333 11570969 493568
22.3335 11572417 493568
22.3336 11573865 493568
22.3338 11575313 493568
22.3339 11576761 493568
22.3341 11578209 493568
22.3342 11579657 493568
22.3344 11581105 493568
22.3345 11582553 493568
22.3347 11584001 493568
22.3348 11585449 493568
22.335 11586897 493568
22.3351 11588345 493568
22.3353 11589793 493568
22.3354 11591241 493568
22.3356 11592689 493568
22.3357 11594137 493568
22.3359 11595585 493568
22.336 11597033 493568
22.3362 11598481 493568
22.3363 11599929 493568
22.3365 11601377 493568
22.3366 11602825 493568
22.3368 11604273 493568
22.3369 11605721 493568
22.3371 11607169 493568
22.3372 11608617 493568
22.3374 11610065 493568
22.3375 11611513 493568
22.3377 11612961 493568
22.3378 11614409 493568
22.338 11615857 493568
22.3381 11617305 493568
22.3383 11618753 493568
22.3384 11620201 493568
22.3386 11621649 493568
22.3387 11623097 493568
22.3389 11624545 493568
22.339 11625993 493568
22.3392 11627441 493568
22.3393 11628889 493568
22.3395 11630337 493568
22.3396 11631785 493568
22.3398 11633233 493568
22.3399 11634681 493568
22.3401 11636129 493568
22.3402 11637577 493568
22.3404 11639025 493568
22.3405 11640473 493568
22.3407 11641921 493568
22.3408 11643369 493568
22.341 11644817 493568
22.3411 11646265 493568
22.3413 11647713 493568
22.3414 11649161 493568
22.3416 11650609 493568
22.3417 11652057 493568
22.3419 11653505 493568
22.342 11654953 493568
22.3422 11656401 493568
22.3423 11657849 493568
22.3425 11659297 493568
22.3426 11660745 493568
22.3428 11662193 493568
22.3429 11663641 493568
22.3431 11665089 493568
22.3432 11666537 493568
22.3434 11667985 493568
22.3435 11669433 493568
22.3437 11670881 493568
22.3438 11672329 493568
22.344 11673777 493568
22.3441 11675225 493568
22.3443 11676673 493568
22.3444 11678121 493568
22.3446 11679569 493568
22.3447 11681017 493568
22.3449 11682465 493568
22.345 11683913 493568
22.3452 11685361 493568
22.3455 11686809 493568
22.3458 11688257 493568
22.3461 11689705 493568
22.3462 11691153 493568
22.3464 11692601 493568
22.3467 11694049 493568
22.347 11695497 493568
22.3473 11696945 493568
22.3476 11698393 493568
22.3479 11699841 493568
22.3482 11701289 493568
22.3485 11702737 493568
22.3489 11704185 493568
22.3492 11705633 493568
22.3495 11707081 493568
22.3498 11708529 493568
22.3501 11709977 493568
22.3504 11711425 493568
22.3506 11712873 493568
22.3507 11714321 493568
22.3509 11715769 493568
22.351 11717217 493568
22.3513 11718665 495104
22.3516 11720113 495104
22.3518 11721561 495104
22.3521 11723009 495104
22.3524 11724457 495104
22.3525 11725905 495104
22.3527 11727353 495104
22.3528 11728801 495104
22.353 11730249 495104
22.3531 11731697 495104
22.3534 11733145 495104
22.3537 11734593 495104
22.3539 11736041 495104
22.3542 11737489 495104
22.3545 11738937 495104
22.3548 11740385 495104
22.3551 11741833 495104
22.3554 11743281 495104
22.3557 11744729 495104
22.3563 11746177 495104
22.3566 11747625 495104
22.3567 11749073 495104
22.357 11750521 495104
22.3573 11751969 495104
22.3576 11753417 495104
22.3579 11754865 495104
22.3581 11756313 495104
22.3584 11757761 495104
22.3587 11759209 495104
22.359 11760657 495104
22.3593 11762105 495104
22.3596 11763553 495104
22.3599 11765001 495104
22.3602 11766449 495104
22.3605 11767897 495104
22.3606 11769345 495104
22.3608 11770793 495104
22.3609 11772241 495104
22.3612 11773689 495104
22.3615 11775137 495104
22.3618 11776585 495104
22.3621 11778033 495104
22.3624 11779481 495104
22.3629 11780929 495104
22.3632 11782377 495104
22.3635 11783825 495104
22.3638 11785273 495104
22.3641 11786721 495104
22.3644 11788169 495104
22.3647 11789617 495104
22.365 11791065 495104
22.3653 11792513 495104
22.3656 11793961 495104
22.3659 11795409 495104
22.3662 11796857 495104
22.3665 11798305 495104
22.3668 11799753 495104
22.3671 11801201 495104
22.3674 11802649 495104
22.3677 11804097 495104
22.368 11805545 495104
22.3682 11806993 495104
22.3685 11808441 495104
22.3688 11809889 495104
22.3689 11811337 495104
22.3691 11812785 495104
22.3694 11814233 495104
22.3697 11815681 495104
22.37 11817129 495104
22.3703 11818577 495104
22.3706 11820025 495104
22.3847 11821473 496640
22.385 11822921 496640
22.3853 11824369 496640
22.3857 11825817 496640
22.386 11827265 496640
22.3863 11828713 496640
22.3865 11830161 496640
22.3866 11831609 496640
22.3868 11833057 496640
22.3869 11834505 496640
22.3872 11835953 496640
22.3875 11837401 496640
22.3877 11838849 496640
22.3896 11840297 496640
22.3899 11841745 496640
22.3902 11843193 496640
22.3904 11844641 496640
22.3905 11846089 496640
22.3907 11847537 496640
22.391 11848985 496640
22.3913 11850433 496640
22.3914 11851881 496640
22.3916 11853329 496640
22.3917 11854777 496640
22.3919 11856225 496640
22.392 11857673 496640
22.3922 11859121 496640
22.3923 11860569 496640
22.3925 11862017 496640
22.3926 11863465 496640
22.3929 11864913 496640
22.3937 11866361 496640
22.394 11867809 496640
22.3941 11869257 496640
22.3943 11870705 496640
22.3944 11872153 496640
22.3946 11873601 496640
22.3947 11875049 496640
22.395 11876497 496640
22.3953 11877945 496640
22.3956 11879393 496640
22.3958 11880841 496640
22.3959 11882289 496640
22.3961 11883737 496640
22.3962 11885185 496640
22.3964 11886633 496640
22.3967 11888081 496640
22.397 11889529 496640
22.3971 11890977 496640
22.3973 11892425 496640
22.3976 11893873 496640
22.3979 11895321 496640
22.398 11896769 496640
22.3982 11898217 496640
22.3983 11899665 496640
22.3985 11901113 496640
22.3986 11902561 496640
22.3988 11904009 496640
22.3989 11905457 496640
22.3991 11906905 496640
22.3992 11908353 496640
22.3994 11909801 496640
22.3995 11911249 496640
22.3997 11912697 496640
22.3998 11914145 496640
22.4 11915593 496640
22.4001 11917041 496640
22.4003 11918489 496640
22.4006 11919937 496640
22.4009 11921385 496640
22.401 11922833 496640
22.4012 11924281 496640
22.4013 11925729 496640
22.4015 11927177 496640
22.4016 11928625 496640
22.4018 11930073 496640
22.4019 11931521 496640
22.4022 11932969 496640
22.4025 11934417 496640
22.4045 11935865 496640
22.4046 11937313 496640
22.4057 11938761 496640
22.4059 11940209 496640
22.4063 11941657 496640
22.4065 11943105 496640
22.4066 11944553 496640
22.4068 11946001 496640
22.4069 11947449 496640
22.4071 11948897 496640
22.4072 11950345 496640
22.4074 11951793 496640
22.4075 11953241 496640
22.4078 11954689 496640
22.4083 11956137 496640
22.4086 11957585 496640
22.4087 11959033 496640
22.4089 11960481 496640
22.409 11961929 496640
22.4092 11963377 496640
22.4093 11964825 496640
22.4095 11966273 496640
22.4096 11967721 496640
22.4098 11969169 496640
22.4099 11970617 496640
22.4101 11972065 496640
22.4102 11973513 496640
22.4104 11974961 496640
22.4105 11976409 496640
22.4107 11977857 496640
22.4108 11979305 496640
22.411 11980753 496640
22.4111 11982201 496640
22.4113 11983649 496640
22.4114 11985097 496640
22.4116 11986545 496640
22.4117 11987993 496640
22.4119 11989441 496640
22.412 11990889 496640
22.4122 11992337 496640
22.4123 11993785 496640
22.4125 11995233 496640
22.4126 11996681 496640
22.4128 11998129 496640
22.4129 11999577 496640
22.4131 12001025 496640
22.4132 12002473 496640
22.4134 12003921 496640
22.4135 12005369 496640
22.4137 12006817 496640
22.4138 12008265 496640
22.414 12009713 496640
22.4141 12011161 496640
22.4143 12012609 496640
22.4144 12014057 496640
22.4146 12015505 496640
22.4147 12016953 496640
22.4149 12018401 496640
22.415 12019849 496640
22.4152 12021297 496640
22.4153 12022745 496640
22.4155 12024193 496640
22.4156 12025641 496640
22.4158 12027089 496640
22.4159 12028537 496640
22.4161 12029985 496640
22.4162 12031433 496640
22.4164 12032881 496640
22.4165 12034329 496640
22.4167 12035777 496640
22.4168 12037225 496640
22.417 12038673 496640
22.4171 12040121 496640
22.4173 12041569 496640
22.4174 12043017 497664
22.4176 12044465 497664
22.4177 12045913 497664
22.4179 12047361 497664
22.418 12048809 497664
22.4182 12050257 497664
22.4183 12051705 497664
22.4185 12053153 497664
22.4186 12054601 497664
22.4188 12056049 497664
22.4189 12057497 497664
22.4191 12058945 497664
22.4192 12060393 497664
22.4194 12061841 497664
22.4195 12063289 497664
22.4197 12064737 497664
22.4198 12066185 497664
22.42 12067633 497664
22.4201 12069081 497664
22.4203 12070529 497664
22.4204 12071977 497664
22.4206 12073425 497664
22.4207 12074873 497664
22.4209 12076321 497664
22.421 12077769 497664
22.4212 12079217 497664
22.4213 12080665 497664
22.4215 12082113 497664
22.4216 12083561 497664
22.4218 12085009 497664
22.4219 12086457 497664
22.4221 12087905 497664
22.4222 12089353 497664
22.4224 12090801 497664
22.4225 12092249 497664
22.4227 12093697 497664
22.4228 12095145 497664
22.423 12096593 497664
22.4231 12098041 497664
22.4233 12099489 497664
22.4234 12100937 497664
22.4236 12102385 497664
22.4237 12103833 497664
22.4239 12105281 497664
22.424 12106729 497664
22.4242 12108177 497664
22.4243 12109625 497664
22.4245 12111073 497664
22.4246 12112521 497664
22.4248 12113969 497664
22.4249 12115417 497664
22.4251 12116865 497664
22.4252 12118313 497664
22.4254 12119761 497664
22.4255 12121209 497664
22.4257 12122657 497664
22.4258 12124105 497664
22.426 12125553 497664
22.4261 12127001 497664
22.4263 12128449 497664
22.4264 12129897 497664
22.4266 12131345 497664
22.4267 12132793 497664
22.4269 12134241 497664
22.427 12135689 497664
22.4272 12137137 497664
22.4273 12138585 497664
22.4275 12140033 497664
22.4276 12141481 497664
22.4278 12142929 497664
22.4279 12144377 497664
22.4281 12145825 497664
22.4282 12147273 497664
22.4284 12148721 497664
22.4285 12150169 497664
22.4287 12151617 497664
22.4288 12153065 497664
22.429 12154513 497664
22.4291 12155961 497664
22.4293 12157409 497664
22.4294 12158857 497664
22.4296 12160305 497664
22.4297 12161753 497664
22.4299 12163201 497664
22.43 12164649 497664
22.4302 12166097 497664
22.4303 12167545 497664
22.4305 12168993 497664
22.4306 12170441 497664
22.4308 12171889 497664
22.4309 12173337 497664
22.4311 12174785 497664
22.4312 12176233 497664
22.4314 12177681 497664
22.4315 12179129 497664
22.4317 12180577 497664
22.4318 12182025 497664
22.432 12183473 497664
22.4324 12186369 497664
22.4326 12187817 497664
22.4327 12189265 497664
22.433 12190713 497664
22.4333 12192161 497664
22.4336 12193609 497664
22.4339 12195057 497664
22.4342 12196505 497664
22.4345 12197953 497664
22.4348 12199401 497664
22.4353 12200849 497664
22.4356 12202297 497664
22.4359 12203745 497664
22.4362 12205193 497664
22.4365 12206641 497664
22.4368 12208089 497664
22.4369 12209537 497664
22.4371 12210985 497664
22.4372 12212433 497664
22.4374 12213881 497664
22.4377 12215329 497664
22.438 12216777 497664
22.4381 12218225 497664
22.4384 12219673 497664
22.4387 12221121 497664
22.4389 12222569 497664
22.439 12224017 497664
22.4392 12225465 497664
22.4393 12226913 497664
22.4395 12228361 497664
22.4398 12229809 497664
22.4401 12231257 497664
22.4402 12232705 499200
22.4405 12234153 499200
22.4408 12237049 499200
22.4411 12238497 499200
22.4414 12239945 499200
22.4417 12241393 499200
22.442 12242841 499200
22.4423 12244289 499200
22.4429 12245737 499200
22.4431 12247185 499200
22.4434 12248633 499200
22.4437 12250081 499200
22.444 12251529 499200
22.4443 12252977 499200
22.4445 12254425 499200
22.4448 12255873 499200
22.4451 12257321 499200
22.4454 12258769 499200
22.4457 12260217 499200
22.446 12261665 499200
22.4463 12263113 499200
22.4466 12264561 499200
22.4469 12266009 499200
22.447 12267457 499200
22.4472 12268905 499200
22.4473 12270353 499200
22.4476 12271801 499200
22.4479 12273249 499200
22.4482 12274697 499200
22.4485 12276145 499200
22.4488 12277593 499200
22.4491 12279041 499200
22.4496 12280489 499200
22.4499 12281937 499200
22.4502 12283385 499200
22.4505 12284833 499200
22.4508 12286281 499200
22.4511 12287729 499200
22.4514 12289177 499200
22.4517 12290625 499200
22.452 12292073 499200
22.4523 12293521 499200
22.4526 12294969 499200
22.4529 12296417 499200
22.4532 12297865 499200
22.4535 12299313 499200
22.4538 12300761 499200
22.4541 12302209 499200
22.4544 12303657 499200
22.4545 12305105 499200
22.4548 12306553 499200
22.4551 12308001 499200
22.4553 12309449 499200
22.4554 12310897 499200
22.4557 12312345 499200
22.456 12313793 499200
22.4563 12315241 499200
22.4566 12316689 499200
22.4569 12318137 499200
22.4572 12319585 499200
22.4713 12321033 499200
22.4716 12322481 499200
22.4721 12323929 499200
22.4724 12325377 499200
22.4727 12326825 499200
22.4728 12328273 499200
22.473 12329721 499200
22.4731 12331169 499200
22.4733 12332617 499200
22.4736 12334065 499200
22.4739 12335513 499200
22.474 12336961 499200
22.476 12338409 499200
22.4763 12339857 499200
22.4766 12341305 499200
22.4767 12342753 499200
22.4769 12344201 499200
22.477 12345649 499200
22.4773 12347097 499200
22.4776 12348545 499200
22.4778 12349993 499200
22.4779 12351441 499200
22.4781 12352889 499200
22.4782 12354337 499200
22.4784 12355785 499200
22.4785 12357233 499200
22.4787 12358681 499200
22.4788 12360129 499200
22.479 12361577 499200
22.4793 12363025 499200
22.48 12364473 499200
22.4803 12365921 499200
22.4805 12367369 499200
22.4807 12368817 499200
22.4808 12370265 499200
22.481 12371713 499200
22.4811 12373161 499200
22.4814 12374609 499200
22.4817 12376057 499200
22.482 12377505 499200
22.4823 12378953 499200
22.4825 12380401 499200
22.4826 12381849 499200
22.4828 12383297 499200
22.4829 12384745 499200
22.4831 12386193 499200
22.4834 12387641 499200
22.4837 12389089 499200
22.4838 12390537 499200
22.484 12391985 499200
22.4843 12393433 499200
22.4846 12394881 499200
22.4847 12396329 499200
22.4849 12397777 499200
22.485 12399225 499200
22.4852 12400673 499200
22.4853 12402121 500736
22.4855 12403569 500736
22.4856 12405017 500736
22.4858 12406465 500736
22.4859 12407913 500736
22.4861 12409361 500736
22.4862 12410809 500736
22.4864 12412257 500736
22.4865 12413705 500736
22.4867 12415153 500736
22.4868 12416601 500736
22.487 12418049 500736
22.4871 12419497 500736
22.4874 12420945 500736
22.4876 12422393 500736
22.4877 12423841 500736
22.4879 12425289 500736
22.488 12426737 500736
22.4882 12428185 500736
22.4883 12429633 500736
22.4885 12431081 500736
22.4888 12432529 500736
22.4889 12433977 500736
22.4909 12435425 500736
22.4912 12436873 500736
22.4922 12438321 500736
22.4924 12439769 500736
22.4927 12441217 500736
22.4928 12442665 500736
22.493 12444113 500736
22.4931 12445561 500736
22.4933 12447009 500736
22.4934 12448457 500736
22.4936 12449905 500736
22.4937 12451353 500736
22.4939 12452801 500736
22.494 12454249 500736
22.4948 12455697 500736
22.4949 12457145 500736
22.4951 12458593 500736
22.4952 12460041 500736
22.4954 12461489 500736
22.4955 12462937 500736
22.4957 12464385 500736
22.4958 12465833 500736
22.496 12467281 500736
22.4961 12468729 500736
22.4963 12470177 500736
22.4964 12471625 500736
22.4966 12473073 500736
22.4967 12474521 500736
22.4969 12475969 500736
22.497 12477417 500736
22.4972 12478865 500736
22.4973 12480313 500736
22.4975 12481761 500736
22.4976 12483209 500736
22.4978 12484657 500736
22.4979 12486105 500736
22.4981 12487553 500736
22.4982 12489001 500736
22.4984 12490449 500736
22.4985 12491897 500736
22.4987 12493345 500736
22.4988 12494793 500736
22.499 12496241 500736
22.4991 12497689 500736
22.4993 12499137 500736
22.4994 12500585 500736
22.4996 12502033 500736
22.4997 12503481 500736
22.4999 12504929 500736
22.5 12506377 500736
22.5002 12507825 500736
22.5003 12509273 500736
22.5005 12510721 500736
22.5006 12512169 500736
22.5008 12513617 500736
22.5009 12515065 500736
22.5011 12516513 500736
22.5012 12517961 500736
22.5014 12519409 500736
22.5015 12520857 500736
22.5017 12522305 500736
22.5018 12523753 500736
22.502 12525201 500736
22.5021 12526649 500736
22.5023 12528097 500736
22.5024 12529545 500736
22.5026 12530993 500736
22.5027 12532441 500736
22.5029 12533889 500736
22.503 12535337 500736
22.5032 12536785 500736
22.5033 12538233 500736
22.5035 12539681 500736
22.5036 12541129 500736
22.5038 12542577 500736
22.5039 12544025 500736
22.5041 12545473 500736
22.5042 12546921 500736
22.5044 12548369 500736
22.5045 12549817 500736
22.5047 12551265 500736
22.5048 12552713 500736
22.505 12554161 500736
22.5051 12555609 500736
22.5053 12557057 500736
22.5054 12558505 500736
22.5056 12559953 500736
22.5057 12561401 500736
22.5059 12562849 500736
22.506 12564297 500736
22.5062 12565745 500736
22.5063 12567193 500736
22.5065 12568641 500736
22.5066 12570089 500736
22.5068 12571537 500736
22.5069 12572985 500736
22.5071 12574433 500736
22.5072 12575881 500736
22.5074 12577329 500736
22.5075 12578777 500736
22.5077 12580225 500736
22.5078 12581673 500736
22.508 12583121 500736
22.5081 12584569 500736
22.5083 12586017 500736
22.5084 12587465 500736
22.5086 12588913 500736
22.5087 12590361 500736
22.5089 12591809 500736
22.509 12593257 500736
22.5092 12594705 500736
22.5093 12596153 500736
22.5095 12597601 500736
22.5096 12599049 500736
22.5098 12600497 500736
22.5099 12601945 500736
22.5101 12603393 500736
22.5102 12604841 500736
22.5104 12606289 500736
22.5105 12607737 500736
22.5107 12609185 500736
22.5108 12610633 500736
22.511 12612081 500736
22.5111 12613529 500736
22.5113 12614977 500736
22.5114 12616425 500736
22.5116 12617873 500736
22.5117 12619321 500736
22.5119 12620769 500736
22.512 12622217 500736
22.5122 12623665 500736
22.5123 12625113 500736
22.5125 12626561 500736
22.5126 12628009 500736
22.5128 12629457 500736
22.5129 12630905 500736
22.5131 12632353 500736
22.5132 12633801 500736
22.5134 12635249 500736
22.5135 12636697 500736
22.5137 12638145 500736
22.5138 12639593 500736
22.514 12641041 500736
22.5141 12642489 500736
22.5143 12643937 500736
22.5144 12645385 500736
22.5146 12646833 500736
22.5147 12648281 500736
22.5149 12649729 500736
22.515 12651177 500736
22.5152 12652625 502272
22.5153 12654073 502272
22.5155 12655521 502272
22.5156 12656969 502272
22.5158 12658417 502272
22.5159 12659865 502272
22.5161 12661313 502272
22.5162 12662761 502272
22.5164 12664209 502272
22.5165 12665657 502272
22.5167 12667105 502272
22.5168 12668553 502272
22.517 12670001 502272
22.5171 12671449 502272
22.5173 12672897 502272
22.5174 12674345 502272
22.5176 12675793 502272
22.5177 12677241 502272
22.5179 12678689 502272
22.518 12680137 502272
22.5182 12681585 502272
22.5184 12683033 502272
22.5185 12684481 502272
22.5188 12685929 502272
22.519 12687377 502272
22.5191 12688825 502272
22.5194 12184921 500736
22.5197 12690273 499200
22.52 12691721 498688
22.5203 12693169 498176
22.5206 12694617 497152
22.6011 13045033 351744
22.6013 13046481 351744
22.6016 13047929 351744
22.6017 13049377 351744
22.6019 13050825 351744
22.602 13052273 351744
22.6022 13053721 351744
22.6023 13055169 351744
22.6025 13056617 351744
22.6026 13058065 351744
22.6028 13059513 351744
22.6029 13060961 351744
22.6038 13062409 351744
22.604 13063857 351744
22.6043 13065305 351744
22.6044 13066753 351744
22.6046 13068201 351744
22.6047 13069649 351744
22.6049 13071097 351744
22.605 13072545 351744
22.6055 13073993 351744
22.6056 13075441 351744
22.6061 13076889 351744
22.6062 13078337 351744
22.6064 13079785 351744
22.6065 13081233 351744
22.6067 13082681 353280
22.6068 13084129 353280
22.607 13085577 353280
22.6073 13087025 353280
22.6074 13088473 353280
22.6077 13089921 353280
22.6079 13091369 353280
22.6082 13092817 353280
22.6083 13094265 353280
22.6086 13095713 353280
22.6088 13097161 353280
22.6089 13098609 353280
22.6091 13100057 353280
22.6092 13101505 353280
22.6094 13102953 353280
22.6095 13104401 353280
22.6097 13105849 353280
22.6098 13107297 353280
22.61 13108745 353280
22.6101 13110193 353280
22.6103 13111641 353280
22.6104 13113089 353280
22.6106 13114537 353280
22.6107 13115985 353280
22.6109 13117433 353280
22.611 13118881 353280
22.6112 13120329 353280
22.6115 13121777 353280
22.6116 13123225 353280
22.6118 13124673 353280
22.6119 13126121 353280
22.6121 13127569 353280
22.6122 13129017 353280
22.6124 13130465 353280
22.6125 13131913 353280
22.6128 13133361 353280
22.613 13134809 353280
22.6143 13136257 353280
22.6145 13137705 353280
22.6154 13139153 353280
22.6155 13140601 353280
22.6158 13142049 353280
22.616 13143497 353280
22.6161 13144945 353280
22.6163 13146393 353280
22.6164 13147841 353280
22.6166 13149289 353280
22.6167 13150737 353280
22.6169 13152185 353280
22.617 13153633 353280
22.6172 13155081 353280
22.6181 13156529 353280
22.6184 13157977 353280
22.6185 13159425 353280
22.6187 13160873 353280
22.6188 13162321 353280
22.619 13163769 353280
22.6191 13165217 353280
22.6193 13166665 353280
22.6194 13168113 353280
22.6196 13169561 353280
22.6197 13171009 353280
22.6199 13172457 353280
22.62 13173905 353280
22.6202 13175353 353280
22.6203 13176801 353280
22.6205 13178249 353280
22.6206 13179697 353280
22.6208 13181145 353280
22.6209 13182593 353280
22.6211 13184041 353280
22.6212 13185489 353280
22.6214 13186937 353280
22.6215 13188385 353280
22.6217 13189833 353280
22.6218 13191281 353280
22.622 13192729 353280
22.6221 13194177 353280
22.6223 13195625 353280
22.6224 13197073 353280
22.6226 13198521 353280
22.6227 13199969 353280
22.6229 13201417 353280
22.623 13202865 353280
22.6232 13204313 353280
22.6233 13205761 353280
22.6235 13207209 353280
22.6236 13208657 353280
22.6238 13210105 353280
22.6239 13211553 353280
22.6241 13213001 353280
22.6242 13214449 353280
22.6244 13215897 353280
22.6245 13217345 353280
22.6247 13218793 353280
22.6248 13220241 353280
22.625 13221689 353280
22.6251 13223137 353280
22.6253 13224585 353280
22.6254 13226033 353280
22.6256 13227481 353280
22.6257 13228929 353280
22.6259 13230377 353280
22.626 13231825 353280
22.6262 13233273 353280
22.6263 13234721 353280
22.6265 13236169 353280
22.6266 13237617 353280
22.6268 13239065 353280
22.6269 13240513 353280
22.6271 13241961 353280
22.6272 13243409 353280
22.6274 13244857 353280
22.6275 13246305 353280
22.6277 13247753 353280
22.6278 13249201 353280
22.628 13250649 353280
22.6281 13252097 353280
22.6283 13253545 353280
22.6284 13254993 353280
22.6286 13256441 353280
22.6287 13257889 353280
22.6289 13259337 353280
22.629 13260785 353280
22.6292 13262233 353280
22.6293 13263681 353280
22.6295 13265129 353280
22.6296 13266577 353280
22.6298 13268025 353280
22.6299 13269473 353280
22.6301 13270921 353280
22.6302 13272369 353280
22.6304 13273817 353280
22.6305 13275265 353280
22.6307 13276713 353280
22.6309 13278161 353280
22.631 13279609 353280
22.6312 13281057 353280
22.6313 13282505 353280
22.6315 13283953 353280
22.6316 13285401 353280
22.6318 13286849 353280
22.6319 13288297 353280
22.6321 13289745 353280
22.6322 13291193 353280
22.6324 13292641 353280
22.6325 13294089 353280
22.6327 13295537 353280
22.6328 13296985 353280
22.633 13298433 353280
22.6331 13299881 353280
22.6333 13301329 353280
22.6334 13302777 353280
22.6336 13304225 353280
22.6337 13305673 353280
22.6339 13307121 353280
22.634 13308569 353280
22.6342 13310017 353280
22.6343 13311465 353280
22.6345 13312913 353280
22.6346 13314361 353280
22.6348 13315809 353280
22.6349 13317257 353280
22.6351 13318705 353280
22.6352 13320153 353280
22.6354 13321601 353280
22.6355 13323049 353280
22.6357 13324497 353280
22.6358 13325945 353280
22.636 13327393 353280
22.6361 13328841 353280
22.6363 13330289 353280
22.6364 13331737 353280
22.6366 13333185 353280
22.6367 13334633 353280
22.6369 13336081 353280
22.637 13337529 353280
22.6372 13338977 353280
22.6373 13340425 353280
22.6375 13341873 353280
22.6376 13343321 353280
22.6378 13344769 353280
22.6379 13346217 353280
22.6381 13347665 353280
22.6382 13349113 353280
22.6384 13350561 353280
22.6385 13352009 353280
22.6387 13353457 353280
22.6388 13354905 353280
22.639 13356353 353280
22.6391 13357801 353280
22.6393 13359249 353280
22.6394 13360697 353280
22.6396 13362145 353280
22.6397 13363593 353280
22.6399 13365041 353280
22.64 13366489 353280
22.6402 13367937 353280
22.6403 13369385 353280
22.6405 13370833 353280
22.6406 13372281 353280
22.6408 13373729 353280
22.6409 13375177 353280
22.6411 13376625 353280
22.6412 13378073 353280
22.6414 13379521 353280
22.6415 13380969 353280
22.6417 13382417 353280
22.6418 13383865 353280
22.642 13385313 353280
22.6421 13386761 353280
22.6423 13388209 353280
22.6426 13389657 353280
22.6429 13391105 353280
22.6432 13392553 353280
22.6436 13394001 353280
22.6439 13395449 353280
22.6625 13396897 354304
22.6627 13398345 354304
22.663 13399793 354304
22.6633 13401241 354304
22.6634 13402689 354304
22.6636 13404137 354304
22.6637 13405585 354304
22.6639 13407033 354304
22.664 13408481 354304
22.6642 13409929 354304
22.6643 13411377 354304
22.6645 13412825 354304
22.6646 13414273 354304
22.6654 13415721 354304
22.6655 13417169 354304
22.6658 13418617 354304
22.6661 13420065 354304
22.6663 13421513 354304
22.6664 13422961 354304
22.6666 13424409 354304
22.6667 13425857 354304
22.667 13427305 354304
22.6673 13428753 354304
22.6676 13430201 354304
22.6679 13431649 354304
22.6681 13433097 354304
22.6683 13434545 354304
22.6684 13435993 354304
22.6686 13437441 354304
22.6687 13438889 354304
22.6689 13440337 354304
22.669 13441785 354304
22.6693 13443233 354304
22.6696 13444681 354304
22.6698 13446129 354304
22.6699 13447577 354304
22.6702 13449025 354304
22.6705 13450473 354304
22.6707 13451921 354304
22.6708 13453369 354304
22.671 13454817 354304
22.6711 13456265 354304
22.6713 13457713 354304
22.6714 13459161 354304
22.6716 13460609 354304
22.6717 13462057 354304
22.6719 13463505 354304
22.672 13464953 354304
22.6722 13466401 354304
22.6723 13467849 354304
22.6725 13469297 354304
22.6726 13470745 354304
22.6728 13472193 354304
22.6729 13473641 354304
22.6731 13475089 354304
22.6732 13476537 354304
22.6734 13477985 354304
22.6735 13479433 354304
22.6737 13480881 354304
22.6738 13482329 354304
22.674 13483777 354304
22.6741 13485225 354304
22.6743 13486673 354304
22.6746 13488121 354304
22.6747 13489569 354304
22.6761 13491017 354304
22.6762 13492465 354304
22.6771 13493913 354304
22.6773 13495361 354304
22.6776 13496809 354304
22.6777 13498257 354304
22.6779 13499705 354304
22.678 13501153 354304
22.6782 13502601 354304
22.6783 13504049 354304
22.6785 13505497 354304
22.6786 13506945 354304
22.6788 13508393 354304
22.6791 13509841 354304
22.68 13511289 354304
22.6801 13512737 354304
22.6803 13514185 354304
22.6804 13515633 354304
22.6806 13517081 354304
22.6807 13518529 354304
22.6809 13519977 354304
22.681 13521425 354304
22.6812 13522873 354304
22.6813 13524321 354304
22.6815 13525769 354304
22.6816 13527217 354304
22.6818 13528665 354304
22.6819 13530113 354304
22.6821 13531561 354304
22.6822 13533009 354304
22.6824 13534457 354304
22.6825 13535905 354304
22.6827 13537353 354304
22.6828 13538801 354304
22.683 13540249 354304
22.6831 13541697 354304
22.6833 13543145 354304
22.6834 13544593 354304
22.6836 13546041 354304
22.6837 13547489 354304
22.6839 13548937 354304
22.684 13550385 354304
22.6842 13551833 354304
22.6843 13553281 354304
22.6845 13554729 354304
22.6846 13556177 354304
22.6848 13557625 354304
22.6849 13559073 354304
22.6851 13560521 354304
22.6852 13561969 354304
22.6854 13563417 354304
22.6855 13564865 354304
22.6857 13566313 354304
22.6858 13567761 354304
22.686 13569209 354304
22.6861 13570657 354304
22.6863 13572105 354304
22.6864 13573553 354304
22.6866 13575001 354304
22.6867 13576449 354304
22.6869 13577897 354304
22.687 13579345 354304
22.6872 13580793 354304
22.6873 13582241 354304
22.6875 13583689 354304
22.6876 13585137 354304
22.6878 13586585 354304
22.6879 13588033 354304
22.6881 13589481 354304
22.6882 13590929 354304
22.6884 13592377 354304
22.6885 13593825 354304
22.6887 13595273 354304
22.6888 13596721 354304
22.689 13598169 354304
22.6891 13599617 354304
22.6893 13601065 354304
22.6894 13602513 354304
22.6896 13603961 354304
22.6897 13605409 354304
22.6899 13606857 354304
22.69 13608305 354304
22.6902 13609753 354304
22.6903 13611201 354304
22.6905 13612649 354304
22.6906 13614097 354304
22.6908 13615545 354304
22.6909 13616993 354304
22.6911 13618441 355840
22.6912 13619889 355840
22.6914 13621337 355840
22.6915 13622785 355840
22.6917 13624233 355840
22.6918 13625681 355840
22.692 13627129 355840
22.6921 13628577 355840
22.6923 13630025 355840
22.6924 13631473 355840
22.6926 13632921 355840
22.6927 13634369 355840
22.6929 13635817 355840
22.693 13637265 355840
22.6932 13638713 355840
22.6933 13640161 355840
22.6935 13641609 355840
22.6936 13643057 355840
22.6938 13644505 355840
22.6939 13645953 355840
22.6941 13647401 355840
22.6942 13648849 355840
22.6944 13650297 355840
22.6945 13651745 355840
22.6947 13653193 355840
22.6948 13654641 355840
22.695 13656089 355840
22.6951 13657537 355840
22.6953 13658985 355840
22.6954 13660433 355840
22.6956 13661881 355840
22.6957 13663329 355840
22.6959 13664777 355840
22.696 13666225 355840
22.6962 13667673 355840
22.6963 13669121 355840
22.6965 13670569 355840
22.6966 13672017 355840
22.6968 13673465 355840
22.6969 13674913 355840
22.6971 13676361 355840
22.6972 13677809 355840
22.6974 13679257 355840
22.6975 13680705 355840
22.6977 13682153 355840
22.6978 13683601 355840
22.698 13685049 355840
22.6981 13686497 355840
22.6983 13687945 355840
22.6984 13689393 355840
22.6986 13690841 355840
22.6987 13692289 355840
22.6989 13693737 355840
22.699 13695185 355840
22.6992 13696633 355840
22.6993 13698081 355840
22.6995 13699529 355840
22.6996 13700977 355840
22.6998 13702425 355840
22.6999 13703873 355840
22.7001 13705321 355840
22.7002 13706769 355840
22.7004 13708217 355840
22.7005 13709665 355840
22.7007 13711113 355840
22.7008 13712561 355840
22.701 13714009 355840
22.7011 13715457 355840
22.7013 13716905 355840
22.7014 13718353 355840
22.7016 13719801 355840
22.7017 13721249 355840
22.7019 13722697 355840
22.702 13724145 355840
22.7022 13725593 355840
22.7023 13727041 355840
22.7025 13728489 355840
22.7026 13729937 355840
22.7028 13731385 355840
22.7029 13732833 355840
22.7031 13734281 355840
22.7032 13735729 355840
22.7034 13737177 355840
22.7035 13738625 355840
22.7037 13740073 355840
22.7038 13741521 355840
22.7041 13742969 355840
22.7044 13744417 355840
22.7047 13745865 355840
22.705 13747313 355840
22.7053 13748761 355840
22.7058 13750209 355840
22.7061 13751657 355840
22.7247 13753105 355840
22.7249 13754553 355840
22.7252 13756001 355840
22.7255 13757449 355840
22.7256 13758897 355840
22.7258 13760345 355840
22.7259 13761793 355840
22.7261 13763241 355840
22.7262 13764689 355840
22.7264 13766137 355840
22.7265 13767585 355840
22.7267 13769033 355840
22.7273 13770481 355840
22.7276 13771929 355840
22.7277 13773377 355840
22.728 13774825 355840
22.7283 13776273 355840
22.7285 13777721 355840
22.7286 13779169 355840
22.7288 13780617 355840
22.7289 13782065 355840
22.7292 13783513 355840
22.7295 13784961 355840
22.7298 13786409 355840
22.7301 13787857 355840
22.7303 13789305 355840
22.7304 13790753 355840
22.7306 13792201 355840
22.7307 13793649 355840
22.7309 13795097 355840
22.731 13796545 357376
22.7312 13797993 357376
22.7313 13799441 357376
22.7316 13800889 357376
22.7319 13802337 357376
22.7321 13803785 357376
22.7322 13805233 357376
22.7325 13806681 357376
22.7328 13808129 357376
22.733 13809577 357376
22.7331 13811025 357376
22.7333 13812473 357376
22.7334 13813921 357376
22.7336 13815369 357376
22.7337 13816817 357376
22.7339 13818265 357376
22.734 13819713 357376
22.7342 13821161 357376
22.7343 13822609 357376
22.7345 13824057 357376
22.7346 13825505 357376
22.7348 13826953 357376
22.7349 13828401 357376
22.7351 13829849 357376
22.7352 13831297 357376
22.7354 13832745 357376
22.7355 13834193 357376
22.7357 13835641 357376
22.7358 13837089 357376
22.736 13838537 357376
22.7361 13839985 357376
22.7363 13841433 357376
22.7364 13842881 357376
22.7367 13844329 357376
22.7369 13845777 357376
22.7382 13847225 357376
22.7384 13848673 357376
22.7393 13850121 357376
22.7394 13851569 357376
22.7397 13853017 357376
22.7399 13854465 357376
22.74 13855913 357376
22.7402 13857361 357376
22.7403 13858809 357376
22.7405 13860257 357376
22.7406 13861705 357376
22.7408 13863153 357376
22.7409 13864601 357376
22.7411 13866049 357376
22.742 13867497 357376
22.7423 13868945 357376
22.7426 13870393 357376
22.7427 13871841 357376
22.7429 13873289 357376
22.743 13874737 357376
22.7432 13876185 357376
22.7433 13877633 357376
22.7435 13879081 357376
22.7437 13880529 357376
22.7438 13881977 357376
22.744 13883425 357376
22.7441 13884873 357376
22.7443 13886321 357376
22.7444 13887769 357376
22.7446 13889217 357376
22.7447 13890665 357376
22.7449 13892113 357376
22.745 13893561 357376
22.7452 13895009 357376
22.7453 13896457 357376
22.7455 13897905 357376
22.7456 13899353 357376
22.7458 13900801 357376
22.7459 13902249 357376
22.7461 13903697 357376
22.7462 13905145 357376
22.7464 13906593 357376
22.7465 13908041 357376
22.7467 13909489 357376
22.7468 13910937 357376
22.747 13912385 357376
22.7471 13913833 357376
22.7473 13915281 357376
22.7474 13916729 357376
22.7476 13918177 357376
22.7477 13919625 357376
22.7479 13921073 357376
22.748 13922521 357376
22.7482 13923969 357376
22.7483 13925417 357376
22.7485 13926865 357376
22.7486 13928313 357376
22.7488 13929761 357376
22.7489 13931209 357376
22.7491 13932657 357376
22.7492 13934105 357376
22.7494 13935553 357376
22.7495 13937001 357376
22.7497 13938449 357376
22.7498 13939897 357376
22.75 13941345 357376
22.7501 13942793 357376
22.7503 13944241 357376
22.7504 13945689 357376
22.7506 13947137 357376
22.7507 13948585 357376
22.7509 13950033 357376
22.751 13951481 357376
22.7512 13952929 357376
22.7513 13954377 357376
22.7515 13955825 357376
22.7516 13957273 357376
22.7518 13958721 357376
22.7519 13960169 357376
22.7521 13961617 357376
22.7522 13963065 357376
22.7524 13964513 357376
22.7525 13965961 357376
22.7527 13967409 357376
22.7528 13968857 357376
22.753 13970305 357376
22.7531 13971753 357376
22.7533 13973201 357376
22.7534 13974649 357376
22.7536 13976097 357376
22.7537 13977545 357376
22.7539 13978993 357376
22.754 13980441 357376
22.7542 13981889 357376
22.7543 13983337 357376
22.7545 13984785 357376
22.7546 13986233 357376
22.7548 13987681 357376
22.7549 13989129 357376
22.7551 13990577 357376
22.7552 13992025 357376
22.7554 13993473 357376
22.7555 13994921 357376
22.7557 13996369 357376
22.7558 13997817 357376
22.756 13999265 357376
22.7561 14000713 357376
22.7563 14002161 357376
22.7564 14003609 357376
22.7566 14005057 357376
22.7567 14006505 357376
22.7569 14007953 357376
22.757 14009401 357376
22.7572 14010849 357376
22.7573 14012297 357376
22.7575 14013745 357376
22.7576 14015193 357376
22.7578 14016641 357376
22.7579 14018089 357376
22.7581 14019537 357376
22.7582 14020985 357376
22.7584 14022433 357376
22.7585 14023881 357376
22.7587 14025329 357376
22.7588 14026777 357376
22.759 14028225 357376
22.7591 14029673 357376
22.7593 14031121 357376
22.7594 14032569 357376
22.7596 14034017 357376
22.7597 14035465 357376
22.7599 14036913 357376
22.76 14038361 357376
22.7602 14039809 357376
22.7603 14041257 357376
22.7605 14042705 357376
22.7606 14044153 357376
22.7608 14045601 357376
22.7609 14047049 357376
22.7611 14048497 357376
22.7612 14049945 357376
22.7614 14051393 357376
22.7615 14052841 357376
22.7617 14054289 357376
22.7618 14055737 357376
22.762 14057185 357376
22.7621 14058633 357376
22.7623 14060081 357376
22.7624 14061529 357376
22.7626 14062977 357376
22.7627 14064425 357376
22.7629 14065873 357376
22.763 14067321 358912
22.7632 14068769 358912
22.7633 14070217 358912
22.7635 14071665 358912
22.7636 14073113 358912
22.7638 14074561 358912
22.7639 14076009 358912
22.7641 14077457 358912
22.7642 14078905 358912
22.7644 14080353 358912
22.7645 14081801 358912
22.7647 14083249 358912
22.7648 14084697 358912
22.765 14086145 358912
22.7651 14087593 358912
22.7653 14089041 358912
22.7654 14090489 358912
22.7656 14091937 358912
22.7657 14093385 358912
22.7659 14094833 358912
22.766 14096281 358912
22.7662 14097729 358912
22.7663 14099177 358912
22.7665 14100625 358912
22.7668 14102073 358912
22.7671 14103521 358912
22.7674 14104969 358912
22.7677 14106417 358912
22.768 14107865 358912
22.7684 14109313 358912
22.7687 14110761 358912
22.7874 14112209 358912
22.7877 14113657 358912
22.788 14115105 358912
22.7881 14116553 358912
22.7883 14118001 358912
22.7884 14119449 358912
22.7886 14120897 358912
22.7887 14122345 358912
22.7889 14123793 358912
22.789 14125241 358912
22.7892 14126689 358912
22.7895 14128137 358912
22.7901 14129585 358912
22.7902 14131033 358912
22.7905 14132481 358912
22.7908 14133929 358912
22.791 14135377 358912
22.7911 14136825 358912
22.7913 14138273 358912
22.7914 14139721 358912
22.7917 14141169 358912
22.792 14142617 358912
22.7923 14144065 358912
22.7926 14145513 358912
22.7928 14146961 358912
22.7929 14148409 358912
22.7931 14149857 358912
22.7932 14151305 358912
22.7934 14152753 358912
22.7935 14154201 358912
22.7937 14155649 358912
22.7938 14157097 358912
22.7941 14158545 358912
22.7944 14159993 358912
22.7946 14161441 358912
22.7947 14162889 358912
22.795 14164337 358912
22.7953 14165785 358912
22.7955 14167233 358912
22.7956 14168681 358912
22.7958 14170129 358912
22.7959 14171577 358912
22.7961 14173025 358912
22.7962 14174473 358912
22.7964 14175921 358912
22.7965 14177369 358912
22.7967 14178817 358912
22.7968 14180265 358912
22.797 14181713 358912
22.7971 14183161 358912
22.7973 14184609 358912
22.7974 14186057 358912
22.7976 14187505 358912
22.7977 14188953 358912
22.7979 14190401 358912
22.798 14191849 358912
22.7982 14193297 358912
22.7983 14194745 358912
22.7985 14196193 358912
22.7986 14197641 358912
22.7988 14199089 360448
22.7989 14200537 360448
22.7991 14201985 360448
22.7994 14203433 360448
22.7995 14204881 360448
22.8009 14206329 360448
22.801 14207777 360448
22.8019 14209225 360448
22.8021 14210673 360448
22.8024 14212121 360448
22.8025 14213569 360448
22.8027 14215017 360448
22.8028 14216465 360448
22.803 14217913 360448
22.8031 14219361 360448
22.8033 14220809 360448
22.8034 14222257 360448
22.8036 14223705 360448
22.8037 14225153 360448
22.8046 14226601 360448
22.8049 14228049 360448
22.8052 14229497 360448
22.8055 14230945 360448
22.8057 14232393 360448
22.8058 14233841 360448
22.806 14235289 360448
22.8061 14236737 360448
22.8063 14238185 360448
22.8064 14239633 360448
22.8066 14241081 360448
22.8067 14242529 360448
22.8069 14243977 360448
22.807 14245425 360448
22.8072 14246873 360448
22.8073 14248321 360448
22.8075 14249769 360448
22.8076 14251217 360448
22.8078 14252665 360448
22.8079 14254113 360448
22.8081 14255561 360448
22.8082 14257009 360448
22.8084 14258457 360448
22.8085 14259905 360448
22.8087 14261353 360448
22.8088 14262801 360448
22.809 14264249 360448
22.8091 14265697 360448
22.8093 14267145 360448
22.8094 14268593 360448
22.8096 14270041 360448
22.8097 14271489 360448
22.8099 14272937 360448
22.81 14274385 360448
22.8102 14275833 360448
22.8103 14277281 360448
22.8105 14278729 360448
22.8106 14280177 360448
22.8108 14281625 360448
22.8109 14283073 360448
22.8111 14284521 360448
22.8112 14285969 360448
22.8114 14287417 360448
22.8115 14288865 360448
22.8117 14290313 360448
22.8118 14291761 360448
22.812 14293209 360448
22.8121 14294657 360448
22.8123 14296105 360448
22.8124 14297553 360448
22.8126 14299001 360448
22.8127 14300449 360448
22.8129 14301897 360448
22.813 14303345 360448
22.8132 14304793 360448
22.8133 14306241 360448
22.8135 14307689 360448
22.8136 14309137 360448
22.8138 14310585 360448
22.8139 14312033 360448
22.8141 14313481 360448
22.8142 14314929 360448
22.8144 14316377 360448
22.8145 14317825 360448
22.8147 14319273 360448
22.8148 14320721 360448
22.815 14322169 360448
22.8151 14323617 360448
22.8153 14325065 360448
22.8154 14326513 360448
22.8156 14327961 360448
22.8157 14329409 360448
22.8159 14330857 360448
22.816 14332305 360448
22.8162 14333753 360448
22.8163 14335201 360448
22.8165 14336649 360448
22.8166 14338097 360448
22.8168 14339545 360448
22.8169 14340993 360448
22.8171 14342441 360448
22.8172 14343889 360448
22.8174 14345337 360448
22.8175 14346785 360448
22.8177 14348233 360448
22.8178 14349681 360448
22.818 14351129 360448
22.8181 14352577 360448
22.8183 14354025 360448
22.8184 14355473 360448
22.8186 14356921 360448
22.8188 14358369 360448
22.8189 14359817 360448
22.8191 14361265 360448
22.8192 14362713 360448
22.8194 14364161 360448
22.8195 14365609 360448
22.8197 14367057 360448
22.8198 14368505 360448
22.82 14369953 360448
22.8201 14371401 360448
22.8203 14372849 360448
22.8204 14374297 360448
22.8206 14375745 360448
22.8207 14377193 360448
22.8209 14378641 360448
22.821 14380089 360448
22.8212 14381537 360448
22.8213 14382985 360448
22.8215 14384433 360448
22.8216 14385881 360448
22.8218 14387329 360448
22.8219 14388777 360448
22.8221 14390225 360448
22.8222 14391673 360448
22.8224 14393121 360448
22.8225 14394569 360448
22.8227 14396017 360448
22.8228 14397465 360448
22.823 14398913 360448
22.8231 14400361 360448
22.8233 14401809 360448
22.8234 14403257 360448
22.8236 14404705 360448
22.8237 14406153 360448
22.8239 14407601 360448
22.824 14409049 360448
22.8242 14410497 360448
22.8243 14411945 360448
22.8245 14413393 360448
22.8246 14414841 360448
22.8248 14416289 360448
22.8249 14417737 360448
22.8251 14419185 360448
22.8252 14420633 360448
22.8254 14422081 360448
22.8255 14423529 360448
22.8257 14424977 360448
22.8258 14426425 360448
22.826 14427873 360448
22.8261 14429321 360448
22.8263 14430769 360448
22.8264 14432217 360448
22.8266 14433665 360448
22.8267 14435113 360448
22.8269 14436561 360448
22.827 14438009 360448
22.8272 14439457 360448
22.8273 14440905 360448
22.8275 14442353 360448
22.8276 14443801 360448
22.8278 14445249 360448
22.8279 14446697 360448
22.8281 14448145 360448
22.8282 14449593 360448
22.8284 14451041 360448
22.8285 14452489 360448
22.8287 14453937 360448
22.8288 14455385 360448
22.829 14456833 360448
22.8291 14458281 360448
22.8293 14459729 360448
22.8294 14461177 360448
22.8297 14462625 360448
22.83 14464073 360448
22.8303 14465521 360448
22.8306 14466969 360448
22.8309 14468417 360448
22.8314 14469865 360448
22.8317 14471313 360448
22.8504 14472761 361984
22.8507 14474209 361984
22.8509 14475657 361984
22.851 14477105 361984
22.8512 14478553 361984
22.8513 14480001 361984
22.8515 14481449 361984
22.8516 14482897 361984
22.8518 14484345 361984
22.8519 14485793 361984
22.8521 14487241 361984
22.8524 14488689 361984
22.8527 14490137 361984
22.8531 14491585 361984
22.8534 14493033 361984
22.8537 14494481 361984
22.8539 14495929 361984
22.854 14497377 361984
22.8542 14498825 361984
22.8543 14500273 361984
22.8546 14501721 361984
22.8549 14503169 361984
22.8552 14504617 361984
22.8555 14506065 361984
22.8557 14507513 361984
22.8558 14508961 361984
22.856 14510409 361984
22.8562 14511857 361984
22.8563 14513305 361984
22.8565 14514753 361984
22.8566 14516201 361984
22.8568 14517649 361984
22.8571 14519097 361984
22.8574 14520545 361984
22.8575 14521993 361984
22.8577 14523441 361984
22.858 14524889 361984
22.8583 14526337 361984
22.8584 14527785 361984
22.8586 14529233 361984
22.8587 14530681 361984
22.8589 14532129 361984
22.859 14533577 361984
22.8592 14535025 361984
22.8593 14536473 361984
22.8595 14537921 361984
22.8596 14539369 361984
22.8598 14540817 361984
22.8599 14542265 361984
22.8601 14543713 361984
22.8602 14545161 361984
22.8604 14546609 361984
22.8605 14548057 361984
22.8607 14549505 361984
22.8608 14550953 361984
22.861 14552401 361984
22.8611 14553849 361984
22.8613 14555297 361984
22.8614 14556745 361984
22.8616 14558193 361984
22.8617 14559641 361984
22.8619 14561089 361984
22.862 14562537 361984
22.8623 14563985 361984
22.8625 14565433 361984
22.8638 14566881 361984
22.864 14568329 361984
22.8649 14569777 361984
22.865 14571225 361984
22.8653 14572673 361984
22.8655 14574121 361984
22.8656 14575569 361984
22.8658 14577017 361984
22.8659 14578465 361984
22.8661 14579913 361984
22.8662 14581361 361984
22.8664 14582809 361984
22.8665 14584257 361984
22.8667 14585705 361984
22.8676 14587153 361984
22.8679 14588601 361984
22.8682 14590049 361984
22.8685 14591497 361984
22.8686 14592945 361984
22.8688 14594393 361984
22.8689 14595841 361984
22.8691 14597289 361984
22.8692 14598737 361984
22.8694 14600185 361984
22.8695 14601633 361984
22.8697 14603081 361984
22.8698 14604529 361984
22.87 14605977 361984
22.8701 14607425 361984
22.8703 14608873 361984
22.8704 14610321 361984
22.8706 14611769 361984
22.8707 14613217 361984
22.8709 14614665 361984
22.871 14616113 361984
22.8712 14617561 361984
22.8713 14619009 361984
22.8715 14620457 361984
22.8716 14621905 363008
22.8718 14623353 363008
22.8719 14624801 363008
22.8721 14626249 363008
22.8722 14627697 363008
22.8724 14629145 363008
22.8725 14630593 363008
22.8727 14632041 363008
22.8728 14633489 363008
22.873 14634937 363008
22.8731 14636385 363008
22.8733 14637833 363008
22.8734 14639281 363008
22.8736 14640729 363008
22.8737 14642177 363008
22.8739 14643625 363008
22.874 14645073 363008
22.8742 14646521 363008
22.8743 14647969 363008
22.8745 14649417 363008
22.8746 14650865 363008
22.8748 14652313 363008
22.8749 14653761 363008
22.8751 14655209 363008
22.8752 14656657 363008
22.8754 14658105 363008
22.8755 14659553 363008
22.8757 14661001 363008
22.8758 14662449 363008
22.876 14663897 363008
22.8761 14665345 363008
22.8763 14666793 363008
22.8764 14668241 363008
22.8766 14669689 363008
22.8767 14671137 363008
22.8769 14672585 363008
22.877 14674033 363008
22.8772 14675481 363008
22.8773 14676929 363008
22.8775 14678377 363008
22.8776 14679825 363008
22.8778 14681273 363008
22.8779 14682721 363008
22.8781 14684169 363008
22.8782 14685617 363008
22.8784 14687065 363008
22.8785 14688513 363008
22.8787 14689961 363008
22.8788 14691409 363008
22.879 14692857 363008
22.8791 14694305 363008
22.8793 14695753 363008
22.8794 14697201 363008
22.8796 14698649 363008
22.8797 14700097 363008
22.8799 14701545 363008
22.88 14702993 363008
22.8802 14704441 363008
22.8803 14705889 363008
22.8805 14707337 363008
22.8806 14708785 363008
22.8808 14710233 363008
22.8809 14711681 363008
22.8811 14713129 363008
22.8812 14714577 363008
22.8814 14716025 363008
22.8815 14717473 363008
22.8817 14718921 363008
22.8818 14720369 363008
22.882 14721817 363008
22.8821 14723265 363008
22.8823 14724713 363008
22.8824 14726161 363008
22.8826 14727609 363008
22.8827 14729057 363008
22.8829 14730505 363008
22.883 14731953 363008
22.8832 14733401 363008
22.8833 14734849 363008
22.8835 14736297 363008
22.8836 14737745 363008
22.8838 14739193 363008
22.8839 14740641 363008
22.8841 14742089 363008
22.8842 14743537 363008
22.8844 14744985 363008
22.8845 14746433 363008
22.8847 14747881 363008
22.8848 14749329 363008
22.885 14750777 363008
22.8851 14752225 363008
22.8853 14753673 363008
22.8854 14755121 363008
22.8856 14756569 363008
22.8857 14758017 363008
22.8859 14759465 363008
22.886 14760913 363008
22.8862 14762361 363008
22.8863 14763809 363008
22.8865 14765257 363008
22.8866 14766705 363008
22.8868 14768153 363008
22.8869 14769601 363008
22.8871 14771049 363008
22.8872 14772497 363008
22.8874 14773945 363008
22.8875 14775393 363008
22.8877 14776841 363008
22.8878 14778289 363008
22.888 14779737 363008
22.8881 14781185 363008
22.8883 14782633 363008
22.8884 14784081 363008
22.8886 14785529 363008
22.8887 14786977 363008
22.8889 14788425 363008
22.889 14789873 363008
22.8892 14791321 363008
22.8893 14792769 363008
22.8895 14794217 363008
22.8896 14795665 363008
22.8898 14797113 363008
22.8899 14798561 363008
22.8901 14800009 363008
22.8902 14801457 363008
22.8904 14802905 363008
22.8905 14804353 363008
22.8907 14805801 363008
22.8908 14807249 363008
22.891 14808697 363008
22.8911 14810145 363008
22.8913 14811593 363008
22.8914 14813041 363008
22.8916 14814489 363008
22.8917 14815937 363008
22.8919 14817385 363008
22.892 14818833 363008
22.8922 14820281 363008
22.8923 14821729 363008
22.8926 14823177 363008
22.8929 14824625 363008
22.8932 14826073 363008
22.8936 14827521 363008
22.8939 14828969 363008
22.8942 14830417 363008
22.8946 14831865 363008
22.8949 14833313 363008
22.9137 14834761 364544
22.914 14836209 364544
22.9143 14837657 364544
22.9144 14839105 364544
22.9146 14840553 364544
22.9147 14842001 364544
22.9149 14843449 364544
22.915 14844897 364544
22.9152 14846345 364544
22.9153 14847793 364544
22.9155 14849241 364544
22.9156 14850689 364544
22.9158 14852137 364544
22.9161 14853585 364544
22.9164 14855033 364544
22.9168 14856481 364544
22.9171 14857929 364544
22.9174 14859377 364544
22.9176 14860825 364544
22.9177 14862273 364544
22.9179 14863721 364544
22.918 14865169 364544
22.9183 14866617 364544
22.9186 14868065 364544
22.9189 14869513 364544
22.9192 14870961 364544
22.9194 14872409 364544
22.9195 14873857 364544
22.9197 14875305 364544
22.9198 14876753 364544
22.92 14878201 364544
22.9201 14879649 364544
22.9203 14881097 364544
22.9204 14882545 364544
22.9207 14883993 364544
22.921 14885441 364544
22.9212 14886889 364544
22.9213 14888337 364544
22.9216 14889785 364544
22.9219 14891233 364544
22.9221 14892681 364544
22.9222 14894129 364544
22.9224 14895577 364544
22.9225 14897025 364544
22.9227 14898473 364544
22.9228 14899921 364544
22.923 14901369 364544
22.9231 14902817 364544
22.9233 14904265 364544
22.9234 14905713 364544
22.9236 14907161 364544
22.9237 14908609 364544
22.9239 14910057 364544
22.924 14911505 364544
22.9242 14912953 364544
22.9243 14914401 364544
22.9245 14915849 364544
22.9246 14917297 364544
22.9248 14918745 364544
22.9249 14920193 364544
22.9251 14921641 364544
22.9252 14923089 364544
22.9254 14924537 364544
22.9255 14925985 364544
22.9257 14927433 364544
22.926 14928881 364544
22.9261 14930329 364544
22.9275 14931777 364544
22.9276 14933225 364544
22.9285 14934673 364544
22.9287 14936121 364544
22.929 14937569 364544
22.9291 14939017 364544
22.9293 14940465 364544
22.9294 14941913 364544
22.9296 14943361 364544
22.9297 14944809 364544
22.9299 14946257 364544
22.93 14947705 364544
22.9302 14949153 364544
22.9303 14950601 364544
22.9313 14952049 364544
22.9316 14953497 364544
22.9319 14954945 364544
22.9322 14956393 364544
22.9323 14957841 364544
22.9325 14959289 364544
22.9326 14960737 364544
22.9328 14962185 364544
22.9329 14963633 364544
22.9331 14965081 364544
22.9332 14966529 364544
22.9334 14967977 364544
22.9335 14969425 364544
22.9337 14970873 364544
22.9338 14972321 364544
22.934 14973769 364544
22.9341 14975217 364544
22.9343 14976665 364544
22.9344 14978113 364544
22.9346 14979561 364544
22.9347 14981009 364544
22.9349 14982457 364544
22.935 14983905 364544
22.9352 14985353 364544
22.9353 14986801 364544
22.9355 14988249 364544
22.9356 14989697 364544
22.9358 14991145 364544
22.9359 14992593 364544
22.9361 14994041 364544
22.9362 14995489 364544
22.9364 14996937 364544
22.9365 14998385 364544
22.9367 14999833 364544
22.9368 15001281 364544
22.937 15002729 364544
22.9371 15004177 364544
22.9373 15005625 364544
22.9374 15007073 364544
22.9376 15008521 364544
22.9377 15009969 364544
22.9379 15011417 364544
22.938 15012865 364544
22.9382 15014313 364544
22.9383 15015761 364544
22.9385 15017209 364544
22.9386 15018657 364544
22.9388 15020105 364544
22.9389 15021553 364544
22.9391 15023001 364544
22.9392 15024449 364544
22.9394 15025897 364544
22.9395 15027345 364544
22.9397 15028793 364544
22.9398 15030241 364544
22.94 15031689 364544
22.9401 15033137 364544
22.9403 15034585 364544
22.9404 15036033 364544
22.9406 15037481 364544
22.9407 15038929 364544
22.9409 15040377 364544
22.941 15041825 364544
22.9412 15043273 364544
22.9413 15044721 364544
22.9415 15046169 364544
22.9416 15047617 364544
22.9418 15049065 364544
22.9419 15050513 364544
22.9421 15051961 364544
22.9422 15053409 364544
22.9424 15054857 364544
22.9425 15056305 364544
22.9427 15057753 364544
22.9428 15059201 364544
22.943 15060649 364544
22.9431 15062097 364544
22.9433 15063545 364544
22.9434 15064993 364544
22.9436 15066441 364544
22.9437 15067889 364544
22.9439 15069337 364544
22.944 15070785 366080
22.9442 15072233 366080
22.9443 15073681 366080
22.9445 15075129 366080
22.9446 15076577 366080
22.9448 15078025 366080
22.9449 15079473 366080
22.9451 15080921 366080
22.9452 15082369 366080
22.9454 15083817 366080
22.9455 15085265 366080
22.9457 15086713 366080
22.9458 15088161 366080
22.946 15089609 366080
22.9461 15091057 366080
22.9463 15092505 366080
22.9464 15093953 366080
22.9466 15095401 366080
22.9467 15096849 366080
22.9469 15098297 366080
22.947 15099745 366080
22.9472 15101193 366080
22.9473 15102641 366080
22.9475 15104089 366080
22.9476 15105537 366080
22.9478 15106985 366080
22.9479 15108433 366080
22.9481 15109881 366080
22.9482 15111329 366080
22.9484 15112777 366080
22.9485 15114225 366080
22.9487 15115673 366080
22.9488 15117121 366080
22.949 15118569 366080
22.9491 15120017 366080
22.9493 15121465 366080
22.9494 15122913 366080
22.9496 15124361 366080
22.9497 15125809 366080
22.9499 15127257 366080
22.95 15128705 366080
22.9502 15130153 366080
22.9503 15131601 366080
22.9505 15133049 366080
22.9506 15134497 366080
22.9508 15135945 366080
22.9509 15137393 366080
22.9511 15138841 366080
22.9512 15140289 366080
22.9514 15141737 366080
22.9515 15143185 366080
22.9517 15144633 366080
22.9518 15146081 366080
22.952 15147529 366080
22.9521 15148977 366080
22.9523 15150425 366080
22.9524 15151873 366080
22.9526 15153321 366080
22.9527 15154769 366080
22.9529 15156217 366080
22.953 15157665 366080
22.9532 15159113 366080
22.9533 15160561 366080
22.9535 15162009 366080
22.9536 15163457 366080
22.9538 15164905 366080
22.9539 15166353 366080
22.9541 15167801 366080
22.9542 15169249 366080
22.9544 15170697 366080
22.9545 15172145 366080
22.9547 15173593 366080
22.9548 15175041 366080
22.955 15176489 366080
22.9551 15177937 366080
22.9553 15179385 366080
22.9554 15180833 366080
22.9556 15182281 366080
22.9557 15183729 366080
22.9559 15185177 366080
22.956 15186625 366080
22.9562 15188073 366080
22.9565 15189521 366080
22.9569 15190969 366080
22.9572 15192417 366080
22.9575 15193865 366080
22.9578 15195313 366080
22.9583 15196761 366080
22.9586 15198209 366080
22.9774 15199657 366080
22.9777 15201105 366080
22.978 15202553 366080
22.9781 15204001 366080
22.9783 15205449 366080
22.9784 15206897 366080
22.9786 15208345 366080
22.9787 15209793 366080
22.9789 15211241 366080
22.979 15212689 366080
22.9792 15214137 366080
22.9793 15215585 366080
22.9795 15217033 366080
22.9798 15218481 366080
22.9801 15219929 366080
22.9804 15221377 366080
22.9808 15222825 366080
22.9811 15224273 366080
22.9813 15225721 366080
22.9814 15227169 366080
22.9816 15228617 366080
22.9817 15230065 366080
22.982 15231513 366080
22.9823 15232961 366080
22.9826 15234409 366080
22.9829 15235857 366080
22.9831 15237305 366080
22.9832 15238753 366080
22.9834 15240201 366080
22.9835 15241649 366080
22.9837 15243097 366080
22.9838 15244545 366080
22.984 15245993 366080
22.9841 15247441 366080
22.9844 15248889 366080
22.9847 15250337 366080
22.9849 15251785 366080
22.985 15253233 366080
22.9853 15254681 366080
22.9856 15256129 366080
22.9858 15257577 367616
22.9859 15259025 367616
22.9861 15260473 367616
22.9862 15261921 367616
22.9864 15263369 367616
22.9865 15264817 367616
22.9867 15266265 367616
22.9868 15267713 367616
22.987 15269161 367616
22.9871 15270609 367616
22.9873 15272057 367616
22.9874 15273505 367616
22.9876 15274953 367616
22.9877 15276401 367616
22.9879 15277849 367616
22.988 15279297 367616
22.9882 15280745 367616
22.9883 15282193 367616
22.9885 15283641 367616
22.9886 15285089 367616
22.9888 15286537 367616
22.9889 15287985 367616
22.9891 15289433 367616
22.9892 15290881 367616
22.9894 15292329 367616
22.9895 15293777 367616
22.9898 15295225 367616
22.99 15296673 367616
22.9901 15298121 367616
22.9915 15299569 367616
22.9916 15301017 367616
22.9925 15302465 367616
22.9927 15303913 367616
22.993 15305361 367616
22.9931 15306809 367616
22.9933 15308257 367616
22.9934 15309705 367616
22.9936 15311153 367616
22.9937 15312601 367616
22.9939 15314049 367616
22.994 15315497 367616
22.9942 15316945 367616
22.9945 15318393 367616
22.9955 15319841 367616
22.9958 15321289 367616
22.9961 15322737 367616
22.9963 15324185 367616
22.9964 15325633 367616
22.9966 15327081 367616
22.9967 15328529 367616
22.9969 15329977 367616
22.997 15331425 367616
22.9972 15332873 367616
22.9973 15334321 367616
22.9975 15335769 367616
22.9976 15337217 367616
22.9978 15338665 367616
22.9979 15340113 367616
22.9981 15341561 367616
22.9982 15343009 367616
22.9984 15344457 367616
22.9985 15345905 367616
22.9987 15347353 367616
22.9988 15348801 367616
22.999 15350249 367616
22.9991 15351697 367616
22.9993 15353145 367616
22.9994 15354593 367616
22.9996 15356041 367616
22.9997 15357489 367616
22.9999 15358937 367616
23 15360385 367616
23.0002 15361833 367616
23.0003 15363281 367616
23.0005 15364729 367616
23.0006 15366177 367616
23.0008 15367625 367616
23.0009 15369073 367616
23.0011 15370521 367616
23.0012 15371969 367616
23.0014 15373417 367616
23.0015 15374865 367616
23.0017 15376313 367616
23.0018 15377761 367616
23.002 15379209 367616
23.0021 15380657 367616
23.0023 15382105 367616
23.0024 15383553 367616
23.0026 15385001 367616
23.0027 15386449 367616
23.0029 15387897 367616
23.003 15389345 367616
23.0032 15390793 367616
23.0033 15392241 367616
23.0035 15393689 367616
23.0036 15395137 367616
23.0038 15396585 367616
23.0039 15398033 367616
23.0041 15399481 367616
23.0042 15400929 367616
23.0044 15402377 367616
23.0045 15403825 367616
23.0047 15405273 367616
23.0048 15406721 367616
23.005 15408169 367616
23.0051 15409617 367616
23.0053 15411065 367616
23.0054 15412513 367616
23.0056 15413961 367616
23.0057 15415409 367616
23.0059 15416857 367616
23.006 15418305 367616
23.0062 15419753 367616
23.0064 15421201 367616
23.0065 15422649 367616
23.0067 15424097 367616
23.0068 15425545 367616
23.007 15426993 367616
23.0071 15428441 367616
23.0073 15429889 367616
23.0074 15431337 367616
23.0076 15432785 367616
23.0077 15434233 367616
23.0079 15435681 367616
23.008 15437129 367616
23.0082 15438577 367616
23.0083 15440025 367616
23.0085 15441473 367616
23.0086 15442921 367616
23.0088 15444369 367616
23.0089 15445817 367616
23.0091 15447265 367616
23.0092 15448713 367616
23.0094 15450161 367616
23.0095 15451609 367616
23.0097 15453057 367616
23.0098 15454505 367616
23.01 15455953 367616
23.0101 15457401 367616
23.0103 15458849 367616
23.0104 15460297 367616
23.0106 15461745 367616
23.0107 15463193 367616
23.0109 15464641 367616
23.011 15466089 367616
23.0112 15467537 367616
23.0113 15468985 367616
23.0115 15470433 367616
23.0116 15471881 367616
23.0118 15473329 367616
23.0119 15474777 367616
23.0121 15476225 367616
23.0122 15477673 367616
23.0124 15479121 367616
23.0125 15480569 367616
23.0127 15482017 367616
23.0128 15483465 367616
23.013 15484913 367616
23.0131 15486361 367616
23.0133 15487809 367616
23.0134 15489257 367616
23.0136 15490705 367616
23.0137 15492153 367616
23.0139 15493601 367616
23.014 15495049 367616
23.0142 15496497 367616
23.0143 15497945 367616
23.0145 15499393 367616
23.0146 15500841 367616
23.0148 15502289 367616
23.0149 15503737 367616
23.0151 15505185 367616
23.0152 15506633 367616
23.0154 15508081 367616
23.0155 15509529 367616
23.0157 15510977 367616
23.0158 15512425 367616
23.016 15513873 367616
23.0161 15515321 367616
23.0163 15516769 367616
23.0164 15518217 367616
23.0166 15519665 367616
23.0167 15521113 367616
23.0169 15522561 367616
23.017 15524009 367616
23.0172 15525457 367616
23.0173 15526905 367616
23.0175 15528353 367616
23.0176 15529801 367616
23.0178 15531249 367616
23.0179 15532697 367616
23.0181 15534145 367616
23.0182 15535593 367616
23.0184 15537041 367616
23.0185 15538489 367616
23.0187 15539937 367616
23.0188 15541385 367616
23.019 15542833 367616
23.0191 15544281 367616
23.0193 15545729 367616
23.0194 15547177 367616
23.0196 15548625 367616
23.0197 15550073 367616
23.0199 15551521 367616
23.02 15552969 367616
23.0202 15554417 367616
23.0205 15555865 367616
23.0209 15557313 367616
23.0212 15558761 367616
23.0215 15560209 367616
23.0218 15561657 367616
23.0223 15563105 367616
23.0226 15564553 367616
23.0413 15566001 369152
23.0416 15567449 369152
23.0418 15568897 369152
23.0421 15570345 369152
23.0424 15571793 369152
23.0425 15573241 369152
23.0427 15574689 369152
23.0428 15576137 369152
23.043 15577585 369152
23.0431 15579033 369152
23.0433 15580481 369152
23.0434 15581929 369152
23.0436 15583377 369152
23.0437 15584825 369152
23.0439 15586273 369152
23.0442 15587721 369152
23.0445 15589169 369152
23.045 15590617 369152
23.0453 15592065 369152
23.0456 15593513 369152
23.0457 15594961 369152
23.0459 15596409 369152
23.046 15597857 369152
23.0462 15599305 369152
23.0465 15600753 369152
23.0468 15602201 369152
23.0471 15603649 369152
23.0474 15605097 369152
23.0475 15606545 369152
23.0477 15607993 369152
23.0478 15609441 369152
23.048 15610889 369152
23.0481 15612337 369152
23.0483 15613785 369152
23.0484 15615233 369152
23.0486 15616681 369152
23.0489 15618129 369152
23.0492 15619577 369152
23.0493 15621025 369152
23.0495 15622473 369152
23.0498 15623921 369152
23.0501 15625369 369152
23.0504 15626817 369152
23.0505 15628265 369152
23.0507 15629713 369152
23.0508 15631161 369152
23.051 15632609 369152
23.0511 15634057 369152
23.0513 15635505 369152
23.0514 15636953 369152
23.0516 15638401 369152
23.0517 15639849 369152
23.0519 15641297 369152
23.052 15642745 369152
23.0522 15644193 369152
23.0523 15645641 369152
23.0525 15647089 369152
23.0526 15648537 369152
23.0528 15649985 369152
23.0529 15651433 369152
23.0531 15652881 369152
23.0532 15654329 369152
23.0534 15655777 369152
23.0535 15657225 369152
23.0537 15658673 369152
23.0538 15660121 369152
23.054 15661569 369152
23.0543 15663017 369152
23.0544 15664465 369152
23.0546 15665913 369152
23.0547 15667361 369152
23.0561 15668809 369152
23.0562 15670257 369152
23.0571 15671705 369152
23.0573 15673153 369152
23.0576 15674601 369152
23.0577 15676049 369152
23.0579 15677497 369152
23.058 15678945 369152
23.0582 15680393 369152
23.0583 15681841 369152
23.0585 15683289 369152
23.0586 15684737 369152
23.0588 15686185 369152
23.0591 15687633 369152
23.0601 15689081 369152
23.0604 15690529 369152
23.0606 15691977 369152
23.0607 15693425 369152
23.0609 15694873 369152
23.061 15696321 369152
23.0612 15697769 369152
23.0613 15699217 369152
23.0615 15700665 369152
23.0616 15702113 369152
23.0618 15703561 369152
23.0619 15705009 369152
23.0621 15706457 369152
23.0622 15707905 369152
23.0624 15709353 369152
23.0625 15710801 369152
23.0627 15712249 369152
23.0628 15713697 369152
23.063 15715145 369152
23.0631 15716593 369152
23.0633 15718041 369152
23.0634 15719489 369152
23.0636 15720937 369152
23.0637 15722385 369152
23.0639 15723833 369152
23.064 15725281 369152
23.0642 15726729 369152
23.0643 15728177 369152
23.0645 15729625 369152
23.0646 15731073 369152
23.0648 15732521 369152
23.0649 15733969 369152
23.0651 15735417 370688
23.0652 15736865 370688
23.0654 15738313 370688
23.0655 15739761 370688
23.0657 15741209 370688
23.0658 15742657 370688
23.066 15744105 370688
23.0661 15745553 370688
23.0663 15747001 370688
23.0664 15748449 370688
23.0666 15749897 370688
23.0667 15751345 370688
23.0669 15752793 370688
23.067 15754241 370688
23.0672 15755689 370688
23.0673 15757137 370688
23.0675 15758585 370688
23.0676 15760033 370688
23.0678 15761481 370688
23.0679 15762929 370688
23.0681 15764377 370688
23.0682 15765825 370688
23.0684 15767273 370688
23.0685 15768721 370688
23.0687 15770169 370688
23.0688 15771617 370688
23.069 15773065 370688
23.0691 15774513 370688
23.0693 15775961 370688
23.0694 15777409 370688
23.0696 15778857 370688
23.0697 15780305 370688
23.0699 15781753 370688
23.07 15783201 370688
23.0702 15784649 370688
23.0703 15786097 370688
23.0705 15787545 370688
23.0706 15788993 370688
23.0708 15790441 370688
23.0709 15791889 370688
23.0711 15793337 370688
23.0712 15794785 370688
23.0714 15796233 370688
23.0715 15797681 370688
23.0717 15799129 370688
23.0718 15800577 370688
23.072 15802025 370688
23.0721 15803473 370688
23.0723 15804921 370688
23.0724 15806369 370688
23.0726 15807817 370688
23.0727 15809265 370688
23.0729 15810713 370688
23.073 15812161 370688
23.0732 15813609 370688
23.0733 15815057 370688
23.0735 15816505 370688
23.0736 15817953 370688
23.0738 15819401 370688
23.0739 15820849 370688
23.0741 15822297 370688
23.0742 15823745 370688
23.0744 15825193 370688
23.0745 15826641 370688
23.0747 15828089 370688
23.0748 15829537 370688
23.075 15830985 370688
23.0751 15832433 370688
23.0753 15833881 370688
23.0754 15835329 370688
23.0756 15836777 370688
23.0757 15838225 370688
23.0759 15839673 370688
23.076 15841121 370688
23.0762 15842569 370688
23.0763 15844017 370688
23.0765 15845465 370688
23.0766 15846913 370688
23.0768 15848361 370688
23.0769 15849809 370688
23.0771 15851257 370688
23.0772 15852705 370688
23.0774 15854153 370688
23.0775 15855601 370688
23.0777 15857049 370688
23.0778 15858497 370688
23.078 15859945 370688
23.0781 15861393 370688
23.0783 15862841 370688
23.0784 15864289 370688
23.0786 15865737 370688
23.0787 15867185 370688
23.0789 15868633 370688
23.079 15870081 370688
23.0792 15871529 370688
23.0793 15872977 370688
23.0795 15874425 370688
23.0796 15875873 370688
23.0798 15877321 370688
23.0799 15878769 370688
23.0801 15880217 370688
23.0802 15881665 370688
23.0804 15883113 370688
23.0805 15884561 370688
23.0807 15886009 370688
23.0808 15887457 370688
23.081 15888905 370688
23.0811 15890353 370688
23.0813 15891801 370688
23.0815 15893249 370688
23.0816 15894697 370688
23.0818 15896145 370688
23.0819 15897593 370688
23.0821 15899041 370688
23.0822 15900489 370688
23.0824 15901937 370688
23.0825 15903385 370688
23.0827 15904833 370688
23.0828 15906281 370688
23.083 15907729 370688
23.0831 15909177 370688
23.0833 15910625 370688
23.0834 15912073 370688
23.0836 15913521 370688
23.0837 15914969 370688
23.0839 15916417 370688
23.084 15917865 370688
23.0842 15919313 370688
23.0843 15920761 370688
23.0845 15922209 370688
23.0848 15923657 370688
23.0851 15925105 370688
23.0852 15926553 370688
23.0857 15928001 370688
23.086 15929449 370688
23.0863 15930897 370688
23.0866 15932345 370688
23.087 15933793 370688
23.0873 15935241 370688
23.1061 15936689 371712
23.1062 15938137 371712
23.1065 15939585 371712
23.1068 15941033 371712
23.107 15942481 371712
23.1071 15943929 371712
23.1073 15945377 371712
23.1074 15946825 371712
23.1076 15948273 371712
23.1077 15949721 371712
23.1079 15951169 371712
23.108 15952617 371712
23.1082 15954065 371712
23.1083 15955513 371712
23.1085 15956961 371712
23.1088 15958409 371712
23.1091 15959857 371712
23.1097 15961305 371712
23.11 15962753 371712
23.1103 15964201 371712
23.1104 15965649 371712
23.1106 15967097 371712
23.1107 15968545 371712
23.1109 15969993 371712
23.1112 15971441 371712
23.1115 15972889 371712
23.1118 15974337 371712
23.1121 15975785 371712
23.1122 15977233 371712
23.1124 15978681 371712
23.1125 15980129 371712
23.1127 15981577 371712
23.1128 15983025 371712
23.113 15984473 371712
23.1131 15985921 371712
23.1133 15987369 371712
23.1136 15988817 371712
23.1139 15990265 371712
23.114 15991713 371712
23.1142 15993161 371712
23.1145 15994609 371712
23.1148 15996057 371712
23.1151 15997505 371712
23.1154 15998953 371712
23.1155 16000401 371712
23.1157 16001849 371712
23.1158 16003297 371712
23.116 16004745 371712
23.1161 16006193 371712
23.1163 16007641 371712
23.1164 16009089 371712
23.1166 16010537 371712
23.1167 16011985 371712
23.1169 16013433 371712
23.117 16014881 371712
23.1172 16016329 371712
23.1173 16017777 371712
23.1175 16019225 371712
23.1176 16020673 371712
23.1178 16022121 371712
23.1179 16023569 371712
23.1181 16025017 371712
23.1182 16026465 371712
23.1184 16027913 371712
23.1185 16029361 371712
23.1187 16030809 371712
23.1188 16032257 371712
23.1192 16033705 371712
23.1193 16035153 371712
23.1195 16036601 371712
23.1196 16038049 371712
23.121 16039497 371712
23.1211 16040945 371712
23.122 16042393 371712
23.1222 16043841 371712
23.1225 16045289 371712
23.1226 16046737 371712
23.1228 16048185 371712
23.1229 16049633 371712
23.1231 16051081 371712
23.1232 16052529 371712
23.1234 16053977 371712
23.1235 16055425 371712
23.1237 16056873 371712
23.1238 16058321 371712
23.1249 16059769 371712
23.1252 16061217 371712
23.1255 16062665 371712
23.1256 16064113 371712
23.1258 16065561 371712
23.1259 16067009 371712
23.1261 16068457 371712
23.1262 16069905 371712
23.1264 16071353 371712
23.1265 16072801 371712
23.1267 16074249 371712
23.1268 16075697 371712
23.127 16077145 371712
23.1271 16078593 371712
23.1273 16080041 371712
23.1274 16081489 371712
23.1276 16082937 371712
23.1277 16084385 371712
23.1279 16085833 371712
23.128 16087281 371712
23.1282 16088729 371712
23.1283 16090177 371712
23.1285 16091625 371712
23.1286 16093073 371712
23.1288 16094521 371712
23.1289 16095969 371712
23.1291 16097417 371712
23.1292 16098865 371712
23.1294 16100313 371712
23.1295 16101761 371712
23.1297 16103209 371712
23.1298 16104657 371712
23.13 16106105 371712
23.1301 16107553 371712
23.1303 16109001 371712
23.1304 16110449 371712
23.1306 16111897 371712
23.1307 16113345 371712
23.1309 16114793 371712
23.131 16116241 371712
23.1312 16117689 371712
23.1313 16119137 371712
23.1315 16120585 371712
23.1316 16122033 371712
23.1318 16123481 371712
23.1319 16124929 371712
23.1321 16126377 371712
23.1322 16127825 371712
23.1324 16129273 371712
23.1325 16130721 371712
23.1327 16132169 371712
23.1328 16133617 371712
23.133 16135065 371712
23.1331 16136513 371712
23.1333 16137961 371712
23.1334 16139409 371712
23.1336 16140857 371712
23.1337 16142305 371712
23.1339 16143753 371712
23.134 16145201 371712
23.1342 16146649 371712
23.1343 16148097 371712
23.1345 16149545 371712
23.1346 16150993 371712
23.1348 16152441 371712
23.1349 16153889 371712
23.1351 16155337 371712
23.1352 16156785 371712
23.1354 16158233 371712
23.1355 16159681 371712
23.1357 16161129 371712
23.1358 16162577 371712
23.136 16164025 371712
23.1361 16165473 371712
23.1363 16166921 371712
23.1364 16168369 371712
23.1366 16169817 371712
23.1367 16171265 371712
23.1369 16172713 371712
23.137 16174161 371712
23.1372 16175609 371712
23.1373 16177057 371712
23.1375 16178505 371712
23.1376 16179953 371712
23.1378 16181401 371712
23.1379 16182849 371712
23.1381 16184297 373248
23.1382 16185745 373248
23.1384 16187193 373248
23.1385 16188641 373248
23.1387 16190089 373248
23.1388 16191537 373248
23.139 16192985 373248
23.1391 16194433 373248
23.1393 16195881 373248
23.1394 16197329 373248
23.1396 16198777 373248
23.1397 16200225 373248
23.1399 16201673 373248
23.14 16203121 373248
23.1402 16204569 373248
23.1403 16206017 373248
23.1405 16207465 373248
23.1406 16208913 373248
23.1408 16210361 373248
23.1409 16211809 373248
23.1411 16213257 373248
23.1412 16214705 373248
23.1414 16216153 373248
23.1415 16217601 373248
23.1417 16219049 373248
23.1418 16220497 373248
23.142 16221945 373248
23.1421 16223393 373248
23.1423 16224841 373248
23.1424 16226289 373248
23.1426 16227737 373248
23.1427 16229185 373248
23.1429 16230633 373248
23.143 16232081 373248
23.1432 16233529 373248
23.1433 16234977 373248
23.1435 16236425 373248
23.1436 16237873 373248
23.1438 16239321 373248
23.1439 16240769 373248
23.1441 16242217 373248
23.1442 16243665 373248
23.1444 16245113 373248
23.1445 16246561 373248
23.1447 16248009 373248
23.1448 16249457 373248
23.145 16250905 373248
23.1451 16252353 373248
23.1453 16253801 373248
23.1454 16255249 373248
23.1456 16256697 373248
23.1457 16258145 373248
23.1459 16259593 373248
23.146 16261041 373248
23.1462 16262489 373248
23.1463 16263937 373248
23.1465 16265385 373248
23.1466 16266833 373248
23.1468 16268281 373248
23.1469 16269729 373248
23.1471 16271177 373248
23.1472 16272625 373248
23.1474 16274073 373248
23.1475 16275521 373248
23.1477 16276969 373248
23.1478 16278417 373248
23.148 16279865 373248
23.1481 16281313 373248
23.1483 16282761 373248
23.1484 16284209 373248
23.1486 16285657 373248
23.1487 16287105 373248
23.1489 16288553 373248
23.149 16290001 373248
23.1492 16291449 373248
23.1493 16292897 373248
23.1495 16294345 373248
23.1496 16295793 373248
23.1499 16297241 373248
23.1502 16298689 373248
23.1504 16300137 373248
23.1508 16301585 373248
23.1511 16303033 373248
23.1514 16304481 373248
23.1517 16305929 373248
23.1522 16307377 373248
23.1525 16308825 373248
23.1713 16310273 373248
23.1716 16311721 373248
23.1719 16313169 373248
23.1722 16314617 373248
23.1723 16316065 373248
23.1725 16317513 373248
23.1726 16318961 373248
23.1728 16320409 373248
23.1729 16321857 373248
23.1731 16323305 373248
23.1732 16324753 373248
23.1734 16326201 373248
23.1735 16327649 373248
23.1737 16329097 373248
23.1738 16330545 373248
23.1741 16331993 373248
23.1747 16333441 373248
23.175 16334889 373248
23.1753 16336337 373248
23.1755 16337785 373248
23.1756 16339233 373248
23.1758 16340681 373248
23.1759 16342129 373248
23.1762 16343577 373248
23.1765 16345025 373248
23.1768 16346473 373248
23.1771 16347921 373248
23.1773 16349369 373248
23.1774 16350817 373248
23.1776 16352265 373248
23.1777 16353713 373248
23.1779 16355161 373248
23.178 16356609 373248
23.1782 16358057 373248
23.1783 16359505 373248
23.1786 16360953 373248
23.1789 16362401 373248
23.1791 16363849 373248
23.1792 16365297 373248
23.1795 16366745 373248
23.1798 16368193 373248
23.1801 16369641 373248
23.1804 16371089 373248
23.1806 16372537 373248
23.1807 16373985 373248
23.1809 16375433 373248
23.181 16376881 373248
23.1812 16378329 373248
23.1813 16379777 373248
23.1815 16381225 373248
23.1816 16382673 373248
23.1818 16384121 373248
23.1819 16385569 373248
23.1821 16387017 373248
23.1822 16388465 373248
23.1824 16389913 373248
23.1825 16391361 373248
23.1827 16392809 373248
23.1828 16394257 373248
23.183 16395705 373248
23.1831 16397153 373248
23.1833 16398601 373248
23.1834 16400049 373248
23.1836 16401497 373248
23.1837 16402945 373248
23.1839 16404393 373248
23.1842 16405841 373248
23.1843 16407289 373248
23.1845 16408737 373248
23.1846 16410185 373248
23.186 16411633 373248
23.1861 16413081 373248
23.187 16414529 373248
23.1872 16415977 373248
23.1875 16417425 373248
23.1876 16418873 373248
23.1878 16420321 373248
23.1879 16421769 373248
23.1881 16423217 373248
23.1882 16424665 373248
23.1884 16426113 373248
23.1885 16427561 373248
23.1887 16429009 373248
23.1888 16430457 373248
23.1899 16431905 374784
23.1902 16433353 374784
23.1905 16434801 374784
23.1906 16436249 374784
23.1908 16437697 374784
23.1909 16439145 374784
23.1911 16440593 374784
23.1912 16442041 374784
23.1914 16443489 374784
23.1915 16444937 374784
23.1917 16446385 374784
23.1918 16447833 374784
23.192 16449281 374784
23.1921 16450729 374784
23.1923 16452177 374784
23.1924 16453625 374784
23.1926 16455073 374784
23.1927 16456521 374784
23.1929 16457969 374784
23.193 16459417 374784
23.1932 16460865 374784
23.1933 16462313 374784
23.1935 16463761 374784
23.1936 16465209 374784
23.1938 16466657 374784
23.194 16468105 374784
23.1941 16469553 374784
23.1943 16471001 374784
23.1944 16472449 374784
23.1946 16473897 374784
23.1947 16475345 374784
23.1949 16476793 374784
23.195 16478241 374784
23.1952 16479689 374784
23.1953 16481137 374784
23.1955 16482585 374784
23.1956 16484033 374784
23.1958 16485481 374784
23.1959 16486929 374784
23.1961 16488377 374784
23.1962 16489825 374784
23.1964 16491273 374784
23.1965 16492721 374784
23.1967 16494169 374784
23.1968 16495617 374784
23.197 16497065 374784
23.1971 16498513 374784
23.1973 16499961 374784
23.1974 16501409 374784
23.1976 16502857 374784
23.1977 16504305 374784
23.1979 16505753 374784
23.198 16507201 374784
23.1982 16508649 374784
23.1983 16510097 374784
23.1985 16511545 374784
23.1986 16512993 374784
23.1988 16514441 374784
23.1989 16515889 374784
23.1991 16517337 374784
23.1992 16518785 374784
23.1994 16520233 374784
23.1995 16521681 374784
23.1997 16523129 374784
23.1998 16524577 374784
23.2 16526025 374784
23.2001 16527473 374784
23.2003 16528921 374784
23.2004 16530369 374784
23.2006 16531817 374784
23.2007 16533265 374784
23.2009 16534713 374784
23.201 16536161 374784
23.2012 16537609 374784
23.2013 16539057 374784
23.2015 16540505 374784
23.2016 16541953 374784
23.2018 16543401 374784
23.2019 16544849 374784
23.2021 16546297 374784
23.2022 16547745 374784
23.2024 16549193 374784
23.2025 16550641 374784
23.2027 16552089 374784
23.2028 16553537 374784
23.203 16554985 374784
23.2031 16556433 374784
23.2033 16557881 374784
23.2034 16559329 374784
23.2036 16560777 374784
23.2037 16562225 374784
23.2039 16563673 374784
23.204 16565121 374784
23.2042 16566569 374784
23.2043 16568017 374784
23.2045 16569465 374784
23.2046 16570913 374784
23.2048 16572361 374784
23.2049 16573809 374784
23.2051 16575257 374784
23.2052 16576705 374784
23.2054 16578153 374784
23.2055 16579601 374784
23.2057 16581049 374784
23.2058 16582497 374784
23.206 16583945 374784
23.2061 16585393 374784
23.2063 16586841 374784
23.2064 16588289 374784
23.2066 16589737 374784
23.2067 16591185 374784
23.2069 16592633 374784
23.207 16594081 374784
23.2072 16595529 374784
23.2073 16596977 374784
23.2075 16598425 374784
23.2076 16599873 374784
23.2078 16601321 374784
23.2079 16602769 374784
23.2081 16604217 374784
23.2082 16605665 374784
23.2084 16607113 374784
23.2085 16608561 374784
23.2087 16610009 374784
23.2088 16611457 374784
23.209 16612905 374784
23.2091 16614353 374784
23.2093 16615801 374784
23.2094 16617249 374784
23.2096 16618697 374784
23.2097 16620145 374784
23.2099 16621593 374784
23.21 16623041 374784
23.2102 16624489 374784
23.2103 16625937 374784
23.2105 16627385 374784
23.2106 16628833 374784
23.2108 16630281 374784
23.2109 16631729 374784
23.2111 16633177 374784
23.2112 16634625 374784
23.2114 16636073 374784
23.2115 16637521 374784
23.2117 16638969 374784
23.2118 16640417 374784
23.212 16641865 374784
23.2121 16643313 374784
23.2123 16644761 374784
23.2124 16646209 374784
23.2126 16647657 374784
23.2127 16649105 374784
23.2129 16650553 374784
23.213 16652001 374784
23.2132 16653449 374784
23.2133 16654897 374784
23.2135 16656345 374784
23.2136 16657793 374784
23.2138 16659241 374784
23.2139 16660689 374784
23.2141 16662137 374784
23.2142 16663585 374784
23.2144 16665033 374784
23.2145 16666481 374784
23.2147 16667929 374784
23.2148 16669377 374784
23.2151 16670825 374784
23.2154 16672273 374784
23.2156 16673721 374784
23.2159 16675169 374784
23.2163 16676617 374784
23.2166 16678065 374784
23.2169 16679513 374784
23.2172 16680961 374784
23.2177 16682409 374784
23.218 16683857 374784
23.2369 16685305 376320
23.2372 16686753 376320
23.2374 16688201 376320
23.2377 16689649 376320
23.238 16691097 376320
23.2381 16692545 376320
23.2383 16693993 376320
23.2384 16695441 376320
23.2386 16696889 376320
23.2387 16698337 376320
23.2389 16699785 376320
23.239 16701233 376320
23.2392 16702681 376320
23.2393 16704129 376320
23.2395 16705577 376320
23.2396 16707025 376320
23.2399 16708473 376320
23.2405 16709921 376320
23.2408 16711369 376320
23.2411 16712817 376320
23.2413 16714265 376320
23.2414 16715713 376320
23.2416 16717161 376320
23.2417 16718609 376320
23.242 16720057 376320
23.2423 16721505 376320
23.2426 16722953 376320
23.2429 16724401 376320
23.2431 16725849 376320
23.2432 16727297 376320
23.2434 16728745 376320
23.2435 16730193 376320
23.2437 16731641 376320
23.2438 16733089 376320
23.244 16734537 376320
23.2441 16735985 376320
23.2444 16737433 376320
23.2447 16738881 376320
23.2449 16740329 376320
23.245 16741777 376320
23.2453 16743225 376320
23.2456 16744673 376320
23.2459 16746121 376320
23.2462 16747569 376320
23.2464 16749017 376320
23.2465 16750465 376320
23.2467 16751913 376320
23.2468 16753361 376320
23.247 16754809 376320
23.2471 16756257 376320
23.2473 16757705 376320
23.2474 16759153 376320
23.2476 16760601 376320
23.2477 16762049 376320
23.2479 16763497 376320
23.248 16764945 376320
23.2482 16766393 376320
23.2483 16767841 376320
23.2485 16769289 376320
23.2486 16770737 376320
23.2488 16772185 376320
23.2489 16773633 376320
23.2491 16775081 376320
23.2492 16776529 376320
23.2494 16777977 376320
23.2495 16779425 376320
23.2497 16780873 376320
23.25 16782321 376320
23.2501 16783769 376320
23.2503 16785217 376320
23.2504 16786665 376320
23.2518 16788113 376320
23.2519 16789561 376320
23.2528 16791009 376320
23.253 16792457 376320
23.2533 16793905 376320
23.2534 16795353 376320
23.2536 16796801 376320
23.2537 16798249 376320
23.2539 16799697 376320
23.254 16801145 376320
23.2542 16802593 376320
23.2543 16804041 376320
23.2545 16805489 376320
23.2546 16806937 376320
23.2557 16808385 376320
23.256 16809833 376320
23.2563 16811281 376320
23.2564 16812729 376320
23.2566 16814177 376320
23.2567 16815625 376320
23.2569 16817073 376320
23.257 16818521 376320
23.2572 16819969 376320
23.2573 16821417 376320
23.2575 16822865 376320
23.2576 16824313 376320
23.2578 16825761 376320
23.2579 16827209 376320
23.2581 16828657 376320
23.2582 16830105 376320
23.2584 16831553 376320
23.2585 16833001 376320
23.2587 16834449 376320
23.2588 16835897 376320
23.259 16837345 376320
23.2591 16838793 376320
23.2593 16840241 376320
23.2594 16841689 376320
23.2596 16843137 376320
23.2597 16844585 376320
23.2599 16846033 376320
23.26 16847481 376320
23.2602 16848929 376320
23.2603 16850377 376320
23.2605 16851825 376320
23.2606 16853273 376320
23.2608 16854721 376320
23.2609 16856169 376320
23.2611 16857617 376320
23.2612 16859065 376320
23.2614 16860513 376320
23.2615 16861961 376320
23.2617 16863409 376320
23.2618 16864857 376320
23.262 16866305 376320
23.2621 16867753 376320
23.2623 16869201 376320
23.2624 16870649 376320
23.2626 16872097 376320
23.2627 16873545 376320
23.2629 16874993 376320
23.263 16876441 376320
23.2632 16877889 376320
23.2633 16879337 376320
23.2635 16880785 376320
23.2636 16882233 376320
23.2638 16883681 376320
23.2639 16885129 376320
23.2641 16886577 376320
23.2642 16888025 376320
23.2644 16889473 376320
23.2645 16890921 376320
23.2647 16892369 376320
23.2648 16893817 376320
23.265 16895265 376320
23.2651 16896713 376320
23.2653 16898161 376320
23.2654 16899609 376320
23.2656 16901057 376320
23.2657 16902505 376320
23.2659 16903953 376320
23.266 16905401 376320
23.2662 16906849 376320
23.2663 16908297 376320
23.2665 16909745 376320
23.2666 16911193 376320
23.2668 16912641 376320
23.2669 16914089 376320
23.2671 16915537 376320
23.2672 16916985 376320
23.2674 16918433 376320
23.2675 16919881 376320
23.2677 16921329 376320
23.2678 16922777 376320
23.268 16924225 376320
23.2681 16925673 376320
23.2683 16927121 376320
23.2684 16928569 376320
23.2686 16930017 376320
23.2687 16931465 376320
23.2689 16932913 376320
23.2691 16934361 376320
23.2692 16935809 376320
23.2694 16937257 376320
23.2695 16938705 377856
23.2697 16940153 377856
23.2698 16941601 377856
23.27 16943049 377856
23.2701 16944497 377856
23.2703 16945945 377856
23.2704 16947393 377856
23.2706 16948841 377856
23.2707 16950289 377856
23.2709 16951737 377856
23.271 16953185 377856
23.2712 16954633 377856
23.2713 16956081 377856
23.2715 16957529 377856
23.2716 16958977 377856
23.2718 16960425 377856
23.2719 16961873 377856
23.2721 16963321 377856
23.2722 16964769 377856
23.2724 16966217 377856
23.2725 16967665 377856
23.2727 16969113 377856
23.2728 16970561 377856
23.273 16972009 377856
23.2731 16973457 377856
23.2733 16974905 377856
23.2734 16976353 377856
23.2736 16977801 377856
23.2737 16979249 377856
23.2739 16980697 377856
23.274 16982145 377856
23.2742 16983593 377856
23.2743 16985041 377856
23.2745 16986489 377856
23.2746 16987937 377856
23.2748 16989385 377856
23.2749 16990833 377856
23.2751 16992281 377856
23.2752 16993729 377856
23.2754 16995177 377856
23.2755 16996625 377856
23.2757 16998073 377856
23.2758 16999521 377856
23.276 17000969 377856
23.2761 17002417 377856
23.2763 17003865 377856
23.2764 17005313 377856
23.2766 17006761 377856
23.2767 17008209 377856
23.2769 17009657 377856
23.277 17011105 377856
23.2772 17012553 377856
23.2773 17014001 377856
23.2775 17015449 377856
23.2776 17016897 377856
23.2778 17018345 377856
23.2779 17019793 377856
23.2781 17021241 377856
23.2782 17022689 377856
23.2784 17024137 377856
23.2785 17025585 377856
23.2787 17027033 377856
23.2788 17028481 377856
23.279 17029929 377856
23.2791 17031377 377856
23.2793 17032825 377856
23.2794 17034273 377856
23.2796 17035721 377856
23.2797 17037169 377856
23.2799 17038617 377856
23.28 17040065 377856
23.2802 17041513 377856
23.2803 17042961 377856
23.2805 17044409 377856
23.2806 17045857 377856
23.2808 17047305 377856
23.2811 17048753 377856
23.2814 17050201 377856
23.2815 17051649 377856
23.282 17053097 377856
23.2823 17054545 377856
23.2826 17055993 377856
23.2829 17057441 377856
23.2833 17058889 377856
23.2836 17060337 377856
23.3025 17061785 377856
23.3028 17063233 377856
23.3031 17064681 377856
23.3034 17066129 377856
23.3037 17067577 377856
23.3039 17069025 377856
23.304 17070473 377856
23.3042 17071921 377856
23.3043 17073369 377856
23.3045 17074817 377856
23.3046 17076265 377856
23.3048 17077713 377856
23.3049 17079161 377856
23.3051 17080609 377856
23.3052 17082057 377856
23.3054 17083505 377856
23.3057 17084953 377856
23.306 17086401 377856
23.3066 17087849 377856
23.3069 17089297 377856
23.3071 17090745 377856
23.3072 17092193 377856
23.3074 17093641 377856
23.3075 17095089 377856
23.3078 17096537 377856
23.3081 17097985 377856
23.3084 17099433 377856
23.3087 17100881 377856
23.3089 17102329 377856
23.309 17103777 377856
23.3092 17105225 377856
23.3093 17106673 377856
23.3095 17108121 377856
23.3096 17109569 377856
23.3098 17111017 377856
23.3099 17112465 377856
23.3102 17113913 377856
23.3105 17115361 377856
23.3107 17116809 377856
23.3108 17118257 377856
23.3111 17119705 377856
23.3114 17121153 377856
23.3117 17122601 377856
23.312 17124049 377856
23.3122 17125497 377856
23.3123 17126945 377856
23.3125 17128393 377856
23.3126 17129841 377856
23.3128 17131289 377856
23.3129 17132737 377856
23.3131 17134185 377856
23.3132 17135633 377856
23.3134 17137081 377856
23.3135 17138529 377856
23.3137 17139977 377856
23.3138 17141425 377856
23.314 17142873 377856
23.3141 17144321 377856
23.3143 17145769 377856
23.3144 17147217 377856
23.3146 17148665 377856
23.3147 17150113 377856
23.3149 17151561 377856
23.315 17153009 377856
23.3152 17154457 377856
23.3153 17155905 377856
23.3155 17157353 377856
23.3156 17158801 377856
23.3159 17160249 377856
23.3161 17161697 377856
23.3162 17163145 377856
23.3164 17164593 377856
23.3177 17166041 377856
23.3179 17167489 377856
23.3188 17168937 377856
23.3189 17170385 377856
23.3192 17171833 377856
23.3194 17173281 377856
23.3195 17174729 377856
23.3197 17176177 377856
23.3198 17177625 377856
23.32 17179073 377856
23.3201 17180521 377856
23.3203 17181969 377856
23.3204 17183417 378880
23.3207 17184865 378880
23.321 17186313 378880
23.3219 17187761 378880
23.3222 17189209 378880
23.3224 17190657 378880
23.3225 17192105 378880
23.3227 17193553 378880
23.3228 17195001 378880
23.323 17196449 378880
23.3231 17197897 378880
23.3233 17199345 378880
23.3234 17200793 378880
23.3236 17202241 378880
23.3237 17203689 378880
23.3239 17205137 378880
23.324 17206585 378880
23.3242 17208033 378880
23.3243 17209481 378880
23.3245 17210929 378880
23.3246 17212377 378880
23.3248 17213825 378880
23.3249 17215273 378880
23.3251 17216721 378880
23.3252 17218169 378880
23.3254 17219617 378880
23.3255 17221065 378880
23.3257 17222513 378880
23.3258 17223961 378880
23.326 17225409 378880
23.3261 17226857 378880
23.3263 17228305 378880
23.3264 17229753 378880
23.3266 17231201 378880
23.3267 17232649 378880
23.3269 17234097 378880
23.327 17235545 378880
23.3272 17236993 378880
23.3273 17238441 378880
23.3275 17239889 378880
23.3276 17241337 378880
23.3278 17242785 378880
23.3279 17244233 378880
23.3281 17245681 378880
23.3282 17247129 378880
23.3284 17248577 378880
23.3285 17250025 378880
23.3287 17251473 378880
23.3288 17252921 378880
23.329 17254369 378880
23.3291 17255817 378880
23.3293 17257265 378880
23.3294 17258713 378880
23.3296 17260161 378880
23.3297 17261609 378880
23.3299 17263057 378880
23.33 17264505 378880
23.3302 17265953 378880
23.3303 17267401 378880
23.3305 17268849 378880
23.3306 17270297 378880
23.3308 17271745 378880
23.3309 17273193 378880
23.3311 17274641 378880
23.3312 17276089 378880
23.3314 17277537 378880
23.3315 17278985 378880
23.3317 17280433 378880
23.3318 17281881 378880
23.332 17283329 378880
23.3321 17284777 378880
23.3323 17286225 378880
23.3324 17287673 378880
23.3326 17289121 378880
23.3327 17290569 378880
23.3329 17292017 378880
23.333 17293465 378880
23.3332 17294913 378880
23.3333 17296361 378880
23.3335 17297809 378880
23.3336 17299257 378880
23.3338 17300705 378880
23.3339 17302153 378880
23.3341 17303601 378880
23.3342 17305049 378880
23.3344 17306497 378880
23.3345 17307945 378880
23.3347 17309393 378880
23.3348 17310841 378880
23.335 17312289 378880
23.3351 17313737 378880
23.3353 17315185 378880
23.3354 17316633 378880
23.3356 17318081 378880
23.3357 17319529 378880
23.3359 17320977 378880
23.336 17322425 378880
23.3362 17323873 378880
23.3363 17325321 378880
23.3365 17326769 378880
23.3366 17328217 378880
23.3368 17329665 378880
23.3369 17331113 378880
23.3371 17332561 378880
23.3372 17334009 378880
23.3374 17335457 378880
23.3375 17336905 378880
23.3377 17338353 378880
23.3378 17339801 378880
23.338 17341249 378880
23.3381 17342697 378880
23.3383 17344145 378880
23.3384 17345593 378880
23.3386 17347041 378880
23.3387 17348489 378880
23.3389 17349937 378880
23.339 17351385 378880
23.3392 17352833 378880
23.3393 17354281 378880
23.3395 17355729 378880
23.3396 17357177 378880
23.3398 17358625 378880
23.3399 17360073 378880
23.3401 17361521 378880
23.3402 17362969 378880
23.3404 17364417 378880
23.3405 17365865 378880
23.3407 17367313 378880
23.3408 17368761 378880
23.341 17370209 378880
23.3411 17371657 378880
23.3413 17373105 378880
23.3414 17374553 378880
23.3416 17376001 378880
23.3417 17377449 378880
23.3419 17378897 378880
23.342 17380345 378880
23.3422 17381793 378880
23.3423 17383241 378880
23.3425 17384689 378880
23.3426 17386137 378880
23.3428 17387585 378880
23.3429 17389033 378880
23.3431 17390481 378880
23.3432 17391929 378880
23.3434 17393377 378880
23.3435 17394825 378880
23.3437 17396273 378880
23.3438 17397721 378880
23.344 17399169 378880
23.3441 17400617 378880
23.3443 17402065 378880
23.3445 17403513 378880
23.3446 17404961 378880
23.3448 17406409 378880
23.3449 17407857 378880
23.3451 17409305 378880
23.3452 17410753 378880
23.3454 17412201 378880
23.3455 17413649 378880
23.3457 17415097 378880
23.3458 17416545 378880
23.346 17417993 378880
23.3461 17419441 378880
23.3463 17420889 378880
23.3464 17422337 378880
23.3466 17423785 378880
23.3467 17425233 378880
23.347 17426681 378880
23.3473 17428129 378880
23.3475 17429577 378880
23.3479 17431025 378880
23.3482 17432473 378880
23.3485 17433921 378880
23.3488 17435369 378880
23.3493 17436817 378880
23.3496 17438265 378880
23.3685 17439713 380416
23.3688 17441161 380416
23.3691 17442609 380416
23.3694 17444057 380416
23.3697 17445505 380416
23.37 17446953 380416
23.3703 17448401 380416
23.3704 17449849 380416
23.3706 17451297 380416
23.3707 17452745 380416
23.3709 17454193 380416
23.371 17455641 380416
23.3712 17457089 380416
23.3713 17458537 380416
23.3715 17459985 380416
23.3716 17461433 380416
23.3718 17462881 380416
23.3719 17464329 380416
23.3722 17465777 380416
23.3728 17467225 380416
23.3731 17468673 380416
23.3734 17470121 380416
23.3736 17471569 380416
23.3737 17473017 380416
23.3739 17474465 380416
23.374 17475913 380416
23.3743 17477361 380416
23.3746 17478809 380416
23.3749 17480257 380416
23.3752 17481705 380416
23.3754 17483153 380416
23.3755 17484601 380416
23.3757 17486049 380416
23.3758 17487497 380416
23.376 17488945 380416
23.3761 17490393 380416
23.3763 17491841 380416
23.3764 17493289 380416
23.3767 17494737 380416
23.377 17496185 380416
23.3772 17497633 380416
23.3773 17499081 380416
23.3776 17500529 380416
23.3779 17501977 380416
23.3782 17503425 380416
23.3785 17504873 380416
23.3787 17506321 380416
23.3788 17507769 380416
23.379 17509217 380416
23.3791 17510665 380416
23.3793 17512113 380416
23.3794 17513561 380416
23.3796 17515009 380416
23.3797 17516457 380416
23.3799 17517905 380416
23.38 17519353 380416
23.3802 17520801 380416
23.3803 17522249 380416
23.3805 17523697 380416
23.3806 17525145 380416
23.3808 17526593 380416
23.3809 17528041 380416
23.3811 17529489 380416
23.3812 17530937 380416
23.3814 17532385 380416
23.3815 17533833 380416
23.3817 17535281 380416
23.3819 17536729 380416
23.382 17538177 380416
23.3823 17539625 380416
23.3825 17541073 380416
23.3826 17542521 380416
23.3828 17543969 380416
23.3841 17545417 380416
23.3843 17546865 380416
23.3852 17548313 380416
23.3853 17549761 380416
23.3856 17551209 380416
23.3858 17552657 380416
23.3859 17554105 380416
23.3861 17555553 380416
23.3862 17557001 380416
23.3864 17558449 380416
23.3865 17559897 380416
23.3867 17561345 380416
23.3868 17562793 380416
23.387 17564241 380416
23.3873 17565689 380416
23.3876 17567137 380416
23.3885 17568585 380416
23.3888 17570033 380416
23.3889 17571481 380416
23.3891 17572929 380416
23.3892 17574377 380416
23.3894 17575825 380416
23.3895 17577273 380416
23.3897 17578721 380416
23.3898 17580169 380416
23.39 17581617 380416
23.3901 17583065 380416
23.3903 17584513 380416
23.3904 17585961 380416
23.3906 17587409 380416
23.3907 17588857 380416
23.3909 17590305 380416
23.391 17591753 380416
23.3912 17593201 380416
23.3913 17594649 380416
23.3915 17596097 380416
23.3916 17597545 380416
23.3918 17598993 380416
23.3919 17600441 380416
23.3921 17601889 380416
23.3922 17603337 380416
23.3924 17604785 380416
23.3925 17606233 380416
23.3927 17607681 380416
23.3928 17609129 380416
23.393 17610577 380416
23.3931 17612025 380416
23.3933 17613473 380416
23.3934 17614921 380416
23.3936 17616369 380416
23.3937 17617817 380416
23.3939 17619265 380416
23.394 17620713 380416
23.3942 17622161 380416
23.3943 17623609 380416
23.3945 17625057 380416
23.3946 17626505 380416
23.3948 17627953 380416
23.3949 17629401 380416
23.3951 17630849 380416
23.3952 17632297 380416
23.3954 17633745 380416
23.3955 17635193 380416
23.3957 17636641 380416
23.3958 17638089 380416
23.396 17639537 380416
23.3961 17640985 380416
23.3963 17642433 380416
23.3964 17643881 380416
23.3966 17645329 380416
23.3967 17646777 380416
23.3969 17648225 380416
23.397 17649673 380416
23.3972 17651121 380416
23.3973 17652569 380416
23.3975 17654017 380416
23.3976 17655465 380416
23.3978 17656913 380416
23.3979 17658361 380416
23.3981 17659809 380416
23.3982 17661257 380416
23.3984 17662705 380416
23.3985 17664153 380416
23.3987 17665601 380416
23.3988 17667049 380416
23.399 17668497 380416
23.3991 17669945 380416
23.3993 17671393 380416
23.3994 17672841 380416
23.3996 17674289 380416
23.3997 17675737 380416
23.3999 17677185 380416
23.4 17678633 380416
23.4002 17680081 380416
23.4003 17681529 380416
23.4005 17682977 380416
23.4006 17684425 380416
23.4008 17685873 380416
23.4009 17687321 380416
23.4011 17688769 380416
23.4012 17690217 380416
23.4014 17691665 380416
23.4015 17693113 380416
23.4017 17694561 380416
23.4018 17696009 380416
23.402 17697457 380416
23.4021 17698905 380416
23.4023 17700353 380416
23.4024 17701801 381952
23.4026 17703249 381952
23.4027 17704697 381952
23.4029 17706145 381952
23.403 17707593 381952
23.4032 17709041 381952
23.4033 17710489 381952
23.4035 17711937 381952
23.4036 17713385 381952
23.4038 17714833 381952
23.4039 17716281 381952
23.4041 17717729 381952
23.4042 17719177 381952
23.4044 17720625 381952
23.4045 17722073 381952
23.4047 17723521 381952
23.4048 17724969 381952
23.405 17726417 381952
23.4051 17727865 381952
23.4053 17729313 381952
23.4054 17730761 381952
23.4056 17732209 381952
23.4057 17733657 381952
23.4059 17735105 381952
23.406 17736553 381952
23.4062 17738001 381952
23.4063 17739449 381952
23.4065 17740897 381952
23.4066 17742345 381952
23.4068 17743793 381952
23.4069 17745241 381952
23.4071 17746689 381952
23.4072 17748137 381952
23.4074 17749585 381952
23.4075 17751033 381952
23.4077 17752481 381952
23.4078 17753929 381952
23.408 17755377 381952
23.4081 17756825 381952
23.4083 17758273 381952
23.4084 17759721 381952
23.4086 17761169 381952
23.4087 17762617 381952
23.4089 17764065 381952
23.409 17765513 381952
23.4092 17766961 381952
23.4093 17768409 381952
23.4095 17769857 381952
23.4096 17771305 381952
23.4098 17772753 381952
23.4099 17774201 381952
23.4101 17775649 381952
23.4102 17777097 381952
23.4104 17778545 381952
23.4105 17779993 381952
23.4107 17781441 381952
23.4108 17782889 381952
23.411 17784337 381952
23.4111 17785785 381952
23.4113 17787233 381952
23.4114 17788681 381952
23.4116 17790129 381952
23.4117 17791577 381952
23.4119 17793025 381952
23.412 17794473 381952
23.4122 17795921 381952
23.4123 17797369 381952
23.4125 17798817 381952
23.4126 17800265 381952
23.4128 17801713 381952
23.4129 17803161 381952
23.4131 17804609 381952
23.4132 17806057 381952
23.4134 17807505 381952
23.4137 17808953 381952
23.414 17810401 381952
23.4141 17811849 381952
23.4146 17813297 381952
23.4149 17814745 381952
23.4152 17816193 381952
23.4155 17817641 381952
23.4159 17819089 381952
23.4162 17820537 381952
23.4353 17821985 381952
23.4356 17823433 381952
23.4359 17824881 381952
23.4362 17826329 381952
23.4365 17827777 381952
23.4368 17829225 381952
23.437 17830673 381952
23.4371 17832121 381952
23.4373 17833569 381952
23.4374 17835017 381952
23.4376 17836465 381952
23.4377 17837913 381952
23.4379 17839361 381952
23.438 17840809 381952
23.4382 17842257 381952
23.4383 17843705 381952
23.4385 17845153 381952
23.4388 17846601 381952
23.4394 17848049 381952
23.4397 17849497 381952
23.44 17850945 381952
23.4401 17852393 381952
23.4403 17853841 381952
23.4404 17855289 381952
23.4406 17856737 381952
23.4409 17858185 381952
23.4412 17859633 381952
23.4415 17861081 381952
23.4418 17862529 381952
23.4419 17863977 381952
23.4421 17865425 381952
23.4422 17866873 381952
23.4424 17868321 381952
23.4425 17869769 381952
23.4427 17871217 381952
23.4428 17872665 381952
23.443 17874113 381952
23.4433 17875561 381952
23.4436 17877009 381952
23.4437 17878457 381952
23.4439 17879905 381952
23.4442 17881353 381952
23.4445 17882801 381952
23.4448 17884249 381952
23.4451 17885697 381952
23.4452 17887145 381952
23.4454 17888593 381952
23.4455 17890041 381952
23.4457 17891489 381952
23.4458 17892937 381952
23.446 17894385 381952
23.4461 17895833 381952
23.4463 17897281 381952
23.4464 17898729 381952
23.4466 17900177 381952
23.4467 17901625 381952
23.4469 17903073 381952
23.447 17904521 381952
23.4472 17905969 381952
23.4473 17907417 381952
23.4475 17908865 381952
23.4476 17910313 381952
23.4478 17911761 381952
23.4479 17913209 381952
23.4481 17914657 381952
23.4482 17916105 381952
23.4484 17917553 381952
23.4485 17919001 381952
23.4488 17920449 381952
23.449 17921897 381952
23.4491 17923345 381952
23.4493 17924793 381952
23.4506 17926241 381952
23.4508 17927689 381952
23.4517 17929137 381952
23.4518 17930585 381952
23.4521 17932033 381952
23.4523 17933481 381952
23.4524 17934929 381952
23.4526 17936377 381952
23.4527 17937825 381952
23.4529 17939273 381952
23.453 17940721 381952
23.4532 17942169 381952
23.4533 17943617 381952
23.4535 17945065 381952
23.4538 17946513 381952
23.4541 17947961 381952
23.455 17949409 381952
23.4553 17950857 381952
23.4554 17952305 381952
23.4556 17953753 381952
23.4557 17955201 381952
23.4559 17956649 381952
23.456 17958097 381952
23.4562 17959545 381952
23.4563 17960993 381952
23.4565 17962441 381952
23.4566 17963889 381952
23.4568 17965337 381952
23.457 17966785 381952
23.4571 17968233 381952
23.4573 17969681 381952
23.4574 17971129 381952
23.4576 17972577 381952
23.4577 17974025 381952
23.4579 17975473 381952
23.458 17976921 381952
23.4582 17978369 381952
23.4583 17979817 381952
23.4585 17981265 381952
23.4586 17982713 381952
23.4588 17984161 381952
23.4589 17985609 381952
23.4591 17987057 381952
23.4592 17988505 381952
23.4594 17989953 381952
23.4595 17991401 381952
23.4597 17992849 381952
23.4598 17994297 381952
23.46 17995745 381952
23.4601 17997193 381952
23.4603 17998641 383488
23.4604 18000089 383488
23.4606 18001537 383488
23.4607 18002985 383488
23.4609 18004433 383488
23.461 18005881 383488
23.4612 18007329 383488
23.4613 18008777 383488
23.4615 18010225 383488
23.4616 18011673 383488
23.4618 18013121 383488
23.4619 18014569 383488
23.4621 18016017 383488
23.4622 18017465 383488
23.4624 18018913 383488
23.4625 18020361 383488
23.4627 18021809 383488
23.4628 18023257 383488
23.463 18024705 383488
23.4631 18026153 383488
23.4633 18027601 383488
23.4634 18029049 383488
23.4636 18030497 383488
23.4637 18031945 383488
23.4639 18033393 383488
23.464 18034841 383488
23.4642 18036289 383488
23.4643 18037737 383488
23.4645 18039185 383488
23.4646 18040633 383488
23.4648 18042081 383488
23.4649 18043529 383488
23.4651 18044977 383488
23.4652 18046425 383488
23.4654 18047873 383488
23.4655 18049321 383488
23.4657 18050769 383488
23.4658 18052217 383488
23.466 18053665 383488
23.4661 18055113 383488
23.4663 18056561 383488
23.4664 18058009 383488
23.4666 18059457 383488
23.4667 18060905 383488
23.4669 18062353 383488
23.467 18063801 383488
23.4672 18065249 383488
23.4673 18066697 383488
23.4675 18068145 383488
23.4676 18069593 383488
23.4678 18071041 383488
23.4679 18072489 383488
23.4681 18073937 383488
23.4682 18075385 383488
23.4684 18076833 383488
23.4685 18078281 383488
23.4687 18079729 383488
23.4688 18081177 383488
23.469 18082625 383488
23.4691 18084073 383488
23.4693 18085521 383488
23.4694 18086969 383488
23.4696 18088417 383488
23.4697 18089865 383488
23.4699 18091313 383488
23.47 18092761 383488
23.4702 18094209 383488
23.4703 18095657 383488
23.4705 18097105 383488
23.4706 18098553 383488
23.4708 18100001 383488
23.4711 18101449 383488
23.4712 18102897 383488
23.4714 18104345 383488
23.4715 18105793 383488
23.4717 18107241 383488
23.4718 18108689 383488
23.472 18110137 383488
23.4721 18111585 383488
23.4723 18113033 383488
23.4724 18114481 383488
23.4726 18115929 383488
23.4727 18117377 383488
23.4729 18118825 383488
23.473 18120273 383488
23.4732 18121721 383488
23.4733 18123169 383488
23.4735 18124617 383488
23.4736 18126065 383488
23.4738 18127513 383488
23.4739 18128961 383488
23.4741 18130409 383488
23.4742 18131857 383488
23.4744 18133305 383488
23.4745 18134753 383488
23.4747 18136201 383488
23.4748 18137649 383488
23.475 18139097 383488
23.4751 18140545 383488
23.4753 18141993 383488
23.4754 18143441 383488
23.4756 18144889 383488
23.4757 18146337 383488
23.4759 18147785 383488
23.476 18149233 383488
23.4762 18150681 383488
23.4763 18152129 383488
23.4765 18153577 383488
23.4766 18155025 383488
23.4768 18156473 383488
23.4769 18157921 383488
23.4771 18159369 383488
23.4772 18160817 383488
23.4774 18162265 383488
23.4775 18163713 383488
23.4777 18165161 383488
23.4778 18166609 383488
23.478 18168057 383488
23.4781 18169505 383488
23.4783 18170953 383488
23.4784 18172401 383488
23.4786 18173849 383488
23.4787 18175297 383488
23.4789 18176745 383488
23.479 18178193 383488
23.4792 18179641 383488
23.4793 18181089 383488
23.4795 18182537 383488
23.4796 18183985 383488
23.4798 18185433 383488
23.4799 18186881 383488
23.4801 18188329 383488
23.4804 18189777 383488
23.4807 18191225 383488
23.4808 18192673 383488
23.481 18194121 383488
23.4813 18195569 383488
23.4817 18197017 383488
23.482 18198465 383488
23.4823 18199913 383488
23.4826 18201361 383488
23.4831 18202809 383488
23.4834 18204257 383488
23.5026 18205705 383488
23.5029 18207153 383488
23.5032 18208601 383488
23.5035 18210049 383488
23.5038 18211497 383488
23.5041 18212945 383488
23.5043 18214393 383488
23.5044 18215841 383488
23.5046 18217289 383488
23.5047 18218737 383488
23.5049 18220185 383488
23.505 18221633 383488
23.5052 18223081 383488
23.5053 18224529 383488
23.5055 18225977 383488
23.5056 18227425 383488
23.5058 18228873 383488
23.5061 18230321 383488
23.5067 18231769 383488
23.507 18233217 383488
23.5073 18234665 383488
23.5074 18236113 383488
23.5076 18237561 383488
23.5077 18239009 383488
23.5079 18240457 383488
23.5082 18241905 383488
23.5085 18243353 383488
23.5088 18244801 383488
23.5091 18246249 383488
23.5092 18247697 383488
23.5094 18249145 385024
23.5095 18250593 385024
23.5097 18252041 385024
23.5098 18253489 385024
23.51 18254937 385024
23.5101 18256385 385024
23.5103 18257833 385024
23.5104 18259281 385024
23.5107 18260729 385024
23.511 18262177 385024
23.5112 18263625 385024
23.5113 18265073 385024
23.5116 18266521 385024
23.5119 18267969 385024
23.5122 18269417 385024
23.5125 18270865 385024
23.5127 18272313 385024
23.5128 18273761 385024
23.513 18275209 385024
23.5131 18276657 385024
23.5133 18278105 385024
23.5134 18279553 385024
23.5136 18281001 385024
23.5137 18282449 385024
23.5139 18283897 385024
23.514 18285345 385024
23.5142 18286793 385024
23.5143 18288241 385024
23.5145 18289689 385024
23.5146 18291137 385024
23.5148 18292585 385024
23.5149 18294033 385024
23.5151 18295481 385024
23.5152 18296929 385024
23.5154 18298377 385024
23.5155 18299825 385024
23.5157 18301273 385024
23.5158 18302721 385024
23.516 18304169 385024
23.5161 18305617 385024
23.5163 18307065 385024
23.5164 18308513 385024
23.5166 18309961 385024
23.5167 18311409 385024
23.5169 18312857 385024
23.517 18314305 385024
23.5172 18315753 385024
23.5173 18317201 385024
23.5175 18318649 385024
23.5176 18320097 385024
23.5178 18321545 385024
23.5179 18322993 385024
23.5181 18324441 385024
23.5182 18325889 385024
23.5184 18327337 385024
23.5185 18328785 385024
23.5187 18330233 385024
23.519 18331681 385024
23.5193 18333129 385024
23.5202 18334577 385024
23.5205 18336025 385024
23.5206 18337473 385024
23.5208 18338921 385024
23.5209 18340369 385024
23.5211 18341817 385024
23.5212 18343265 385024
23.5214 18344713 385024
23.5215 18346161 385024
23.5217 18347609 385024
23.5218 18349057 385024
23.522 18350505 385024
23.5221 18351953 385024
23.5223 18353401 385024
23.5224 18354849 385024
23.5226 18356297 385024
23.5227 18357745 385024
23.5229 18359193 385024
23.523 18360641 385024
23.5232 18362089 385024
23.5233 18363537 385024
23.5235 18364985 385024
23.5236 18366433 385024
23.5238 18367881 385024
23.5239 18369329 385024
23.5241 18370777 385024
23.5242 18372225 385024
23.5244 18373673 385024
23.5245 18375121 385024
23.5247 18376569 385024
23.5248 18378017 385024
23.525 18379465 385024
23.5251 18380913 385024
23.5253 18382361 385024
23.5254 18383809 385024
23.5256 18385257 385024
23.5257 18386705 385024
23.5259 18388153 385024
23.526 18389601 385024
23.5262 18391049 385024
23.5263 18392497 385024
23.5265 18393945 385024
23.5266 18395393 385024
23.5268 18396841 385024
23.5269 18398289 385024
23.5271 18399737 385024
23.5272 18401185 385024
23.5274 18402633 385024
23.5275 18404081 385024
23.5277 18405529 385024
23.5278 18406977 385024
23.528 18408425 385024
23.5281 18409873 385024
23.5283 18411321 385024
23.5284 18412769 385024
23.5286 18414217 385024
23.5287 18415665 385024
23.5289 18417113 385024
23.529 18418561 385024
23.5292 18420009 385024
23.5293 18421457 385024
23.5295 18422905 385024
23.5296 18424353 385024
23.5298 18425801 385024
23.5299 18427249 385024
23.5301 18428697 385024
23.5302 18430145 385024
23.5304 18431593 385024
23.5305 18433041 385024
23.5307 18434489 385024
23.5308 18435937 385024
23.531 18437385 385024
23.5311 18438833 385024
23.5313 18440281 385024
23.5314 18441729 385024
23.5316 18443177 385024
23.5317 18444625 385024
23.5319 18446073 385024
23.5321 18447521 385024
23.5322 18448969 385024
23.5324 18450417 385024
23.5325 18451865 385024
23.5327 18453313 385024
23.5328 18454761 385024
23.533 18456209 385024
23.5331 18457657 385024
23.5333 18459105 385024
23.5334 18460553 385024
23.5336 18462001 385024
23.5337 18463449 385024
23.5339 18464897 385024
23.534 18466345 385024
23.5342 18467793 385024
23.5343 18469241 385024
23.5345 18470689 385024
23.5346 18472137 385024
23.5348 18473585 386560
23.5349 18475033 386560
23.5351 18476481 386560
23.5352 18477929 386560
23.5354 18479377 386560
23.5355 18480825 386560
23.5357 18482273 386560
23.5358 18483721 386560
23.536 18485169 386560
23.5363 18486617 386560
23.5366 18488065 386560
23.5367 18489513 386560
23.5369 18490961 386560
23.537 18492409 386560
23.5372 18493857 386560
23.5373 18495305 386560
23.5375 18496753 386560
23.5376 18498201 386560
23.5378 18499649 386560
23.5379 18501097 386560
23.5381 18502545 386560
23.5382 18503993 386560
23.5384 18505441 386560
23.5385 18506889 386560
23.5387 18508337 386560
23.5388 18509785 386560
23.539 18511233 386560
23.5391 18512681 386560
23.5393 18514129 386560
23.5394 18515577 386560
23.5396 18517025 386560
23.5397 18518473 386560
23.5399 18519921 386560
23.54 18521369 386560
23.5402 18522817 386560
23.5403 18524265 386560
23.5405 18525713 386560
23.5406 18527161 386560
23.5408 18528609 386560
23.5409 18530057 386560
23.5411 18531505 386560
23.5412 18532953 386560
23.5414 18534401 386560
23.5415 18535849 386560
23.5417 18537297 386560
23.5418 18538745 386560
23.542 18540193 386560
23.5421 18541641 386560
23.5423 18543089 386560
23.5424 18544537 386560
23.5426 18545985 386560
23.5427 18547433 386560
23.5429 18548881 386560
23.543 18550329 386560
23.5432 18551777 386560
23.5433 18553225 386560
23.5435 18554673 386560
23.5436 18556121 386560
23.5438 18557569 386560
23.5439 18559017 386560
23.5441 18560465 386560
23.5442 18561913 386560
23.5444 18563361 386560
23.5445 18564809 386560
23.5447 18566257 386560
23.5448 18567705 386560
23.545 18569153 386560
23.5451 18570601 386560
23.5453 18572049 386560
23.5454 18573497 386560
23.5456 18574945 386560
23.5459 18576393 386560
23.5462 18577841 386560
23.5463 18579289 386560
23.5465 18580737 386560
23.5469 18582185 386560
23.5472 18583633 386560
23.5475 18585081 386560
23.5478 18586529 386560
23.5483 18587977 386560
23.5486 18589425 386560
23.5678 18590873 386560
23.5681 18592321 386560
23.5685 18593769 386560
23.5688 18595217 386560
23.5691 18596665 386560
23.5694 18598113 386560
23.5696 18599561 386560
23.5698 18601009 386560
23.5699 18602457 386560
23.5701 18603905 386560
23.5702 18605353 386560
23.5704 18606801 386560
23.5705 18608249 386560
23.5707 18609697 386560
23.5708 18611145 386560
23.571 18612593 386560
23.5711 18614041 386560
23.5714 18615489 386560
23.572 18616937 386560
23.5723 18618385 386560
23.5726 18619833 386560
23.5728 18621281 386560
23.5729 18622729 386560
23.5731 18624177 386560
23.5732 18625625 386560
23.5735 18627073 386560
23.5738 18628521 386560
23.5741 18629969 386560
23.5744 18631417 386560
23.5746 18632865 386560
23.5747 18634313 386560
23.5749 18635761 386560
23.575 18637209 386560
23.5752 18638657 386560
23.5753 18640105 386560
23.5755 18641553 386560
23.5756 18643001 386560
23.5758 18644449 386560
23.5761 18645897 386560
23.5764 18647345 386560
23.5765 18648793 386560
23.5767 18650241 386560
23.577 18651689 386560
23.5773 18653137 386560
23.5776 18654585 386560
23.5779 18656033 386560
23.578 18657481 386560
23.5782 18658929 386560
23.5783 18660377 386560
23.5785 18661825 386560
23.5786 18663273 386560
23.5788 18664721 386560
23.5789 18666169 386560
23.5791 18667617 386560
23.5792 18669065 386560
23.5794 18670513 386560
23.5795 18671961 386560
23.5797 18673409 386560
23.5798 18674857 386560
23.58 18676305 386560
23.5801 18677753 386560
23.5803 18679201 386560
23.5804 18680649 386560
23.5806 18682097 386560
23.5807 18683545 386560
23.5809 18684993 386560
23.581 18686441 386560
23.5812 18687889 386560
23.5813 18689337 386560
23.5815 18690785 386560
23.5816 18692233 386560
23.5818 18693681 386560
23.5819 18695129 386560
23.5821 18696577 386560
23.5822 18698025 386560
23.5824 18699473 386560
23.5825 18700921 386560
23.5827 18702369 386560
23.5828 18703817 386560
23.583 18705265 386560
23.5831 18706713 386560
23.5833 18708161 386560
23.5834 18709609 386560
23.5836 18711057 386560
23.5837 18712505 386560
23.5839 18713953 386560
23.584 18715401 386560
23.5843 18716849 386560
23.5846 18718297 386560
23.5849 18719745 386560
23.5858 18721193 386560
23.586 18722641 386560
23.5861 18724089 386560
23.5863 18725537 386560
23.5864 18726985 386560
23.5866 18728433 386560
23.5867 18729881 386560
23.5869 18731329 386560
23.587 18732777 386560
23.5872 18734225 386560
23.5873 18735673 386560
23.5875 18737121 386560
23.5876 18738569 386560
23.5878 18740017 386560
23.5879 18741465 386560
23.5881 18742913 386560
23.5882 18744361 386560
23.5884 18745809 386560
23.5885 18747257 386560
23.5887 18748705 386560
23.5888 18750153 386560
23.589 18751601 386560
23.5891 18753049 386560
23.5893 18754497 386560
23.5894 18755945 386560
23.5896 18757393 386560
23.5897 18758841 386560
23.5899 18760289 386560
23.59 18761737 386560
23.5902 18763185 386560
23.5903 18764633 386560
23.5905 18766081 386560
23.5906 18767529 386560
23.5908 18768977 386560
23.5909 18770425 386560
23.5911 18771873 386560
23.5912 18773321 386560
23.5914 18774769 386560
23.5915 18776217 386560
23.5917 18777665 386560
23.5918 18779113 386560
23.592 18780561 386560
23.5921 18782009 386560
23.5923 18783457 386560
23.5924 18784905 386560
23.5926 18786353 386560
23.5927 18787801 386560
23.5929 18789249 386560
23.593 18790697 386560
23.5932 18792145 386560
23.5933 18793593 386560
23.5935 18795041 386560
23.5936 18796489 386560
23.5938 18797937 386560
23.5939 18799385 386560
23.5941 18800833 386560
23.5942 18802281 386560
23.5944 18803729 386560
23.5945 18805177 386560
23.5947 18806625 386560
23.5948 18808073 386560
23.595 18809521 386560
23.5951 18810969 386560
23.5953 18812417 386560
23.5954 18813865 386560
23.5956 18815313 386560
23.5957 18816761 386560
23.5959 18818209 386560
23.596 18819657 386560
23.5962 18821105 386560
23.5963 18822553 386560
23.5965 18824001 386560
23.5966 18825449 386560
23.5968 18826897 386560
23.5969 18828345 386560
23.5971 18829793 386560
23.5972 18831241 386560
23.5974 18832689 386560
23.5975 18834137 386560
23.5977 18835585 386560
23.5978 18837033 386560
23.598 18838481 386560
23.5981 18839929 386560
23.5983 18841377 386560
23.5984 18842825 386560
23.5986 18844273 386560
23.5987 18845721 386560
23.5989 18847169 386560
23.599 18848617 386560
23.5992 18850065 386560
23.5993 18851513 386560
23.5995 18852961 386560
23.5996 18854409 386560
23.5998 18855857 386560
23.5999 18857305 386560
23.6001 18858753 386560
23.6002 18860201 386560
23.6004 18861649 386560
23.6005 18863097 387584
23.6007 18864545 387584
23.6008 18865993 387584
23.601 18867441 387584
23.6011 18868889 387584
23.6013 18870337 387584
23.6016 18871785 387584
23.6017 18873233 387584
23.6019 18874681 387584
23.602 18876129 387584
23.6022 18877577 387584
23.6023 18879025 387584
23.6025 18880473 387584
23.6026 18881921 387584
23.6028 18883369 387584
23.6029 18884817 387584
23.6031 18886265 387584
23.6032 18887713 387584
23.6034 18889161 387584
23.6035 18890609 387584
23.6037 18892057 387584
23.6038 18893505 387584
23.604 18894953 387584
23.6041 18896401 387584
23.6043 18897849 387584
23.6044 18899297 387584
23.6046 18900745 387584
23.6047 18902193 387584
23.6049 18903641 387584
23.605 18905089 387584
23.6052 18906537 387584
23.6053 18907985 387584
23.6055 18909433 387584
23.6056 18910881 387584
23.6058 18912329 387584
23.6059 18913777 387584
23.6061 18915225 387584
23.6062 18916673 387584
23.6064 18918121 387584
23.6065 18919569 387584
23.6067 18921017 387584
23.6068 18922465 387584
23.607 18923913 387584
23.6072 18925361 387584
23.6073 18926809 387584
23.6075 18928257 387584
23.6076 18929705 387584
23.6078 18931153 387584
23.6079 18932601 387584
23.6081 18934049 387584
23.6082 18935497 387584
23.6084 18936945 387584
23.6085 18938393 387584
23.6087 18939841 387584
23.6088 18941289 387584
23.609 18942737 387584
23.6091 18944185 387584
23.6093 18945633 387584
23.6094 18947081 387584
23.6096 18948529 387584
23.6097 18949977 387584
23.6099 18951425 387584
23.61 18952873 387584
23.6102 18954321 387584
23.6103 18955769 387584
23.6105 18957217 387584
23.6106 18958665 387584
23.6108 18960113 387584
23.6109 18961561 387584
23.6112 18963009 387584
23.6115 18964457 387584
23.6117 18965905 387584
23.6118 18967353 387584
23.6123 18968801 387584
23.6126 18970249 387584
23.6129 18971697 387584
23.6132 18973145 387584
23.6136 18974593 387584
23.6139 18976041 387584
23.6331 18977489 387584
23.6334 18978937 387584
23.6339 18980385 387584
23.6342 18981833 387584
23.6345 18983281 387584
23.6348 18984729 387584
23.6351 18986177 387584
23.6352 18987625 387584
23.6354 18989073 387584
23.6355 18990521 387584
23.6357 18991969 387584
23.6358 18993417 387584
23.636 18994865 387584
23.6361 18996313 387584
23.6363 18997761 387584
23.6364 18999209 387584
23.6366 19000657 387584
23.6367 19002105 387584
23.6373 19003553 387584
23.6376 19005001 387584
23.6379 19006449 387584
23.6382 19007897 387584
23.6384 19009345 387584
23.6385 19010793 387584
23.6387 19012241 387584
23.6388 19013689 387584
23.6391 19015137 387584
23.6394 19016585 387584
23.6397 19018033 387584
23.64 19019481 387584
23.6403 19020929 387584
23.6405 19022377 387584
23.6406 19023825 387584
23.6408 19025273 387584
23.6409 19026721 387584
23.6411 19028169 387584
23.6412 19029617 387584
23.6414 19031065 387584
23.6415 19032513 387584
23.6418 19033961 387584
23.6421 19035409 387584
23.6423 19036857 387584
23.6424 19038305 387584
23.6427 19039753 387584
23.643 19041201 387584
23.6433 19042649 387584
23.6436 19044097 387584
23.6438 19045545 387584
23.6439 19046993 387584
23.6441 19048441 387584
23.6442 19049889 387584
23.6444 19051337 387584
23.6445 19052785 387584
23.6447 19054233 387584
23.6449 19055681 387584
23.645 19057129 387584
23.6452 19058577 387584
23.6453 19060025 387584
23.6455 19061473 387584
23.6456 19062921 387584
23.6458 19064369 387584
23.6459 19065817 387584
23.6461 19067265 387584
23.6462 19068713 387584
23.6464 19070161 387584
23.6465 19071609 387584
23.6467 19073057 387584
23.6468 19074505 387584
23.647 19075953 387584
23.6471 19077401 387584
23.6473 19078849 387584
23.6474 19080297 387584
23.6476 19081745 387584
23.6477 19083193 387584
23.6479 19084641 387584
23.648 19086089 387584
23.6482 19087537 387584
23.6483 19088985 387584
23.6485 19090433 387584
23.6486 19091881 387584
23.6488 19093329 387584
23.6489 19094777 387584
23.6491 19096225 387584
23.6492 19097673 387584
23.6494 19099121 387584
23.6495 19100569 387584
23.6497 19102017 387584
23.6498 19103465 387584
23.6501 19104913 387584
23.6504 19106361 387584
23.6513 19107809 387584
23.6516 19109257 387584
23.6518 19110705 387584
23.6519 19112153 387584
23.6521 19113601 387584
23.6522 19115049 387584
23.6524 19116497 387584
23.6525 19117945 387584
23.6527 19119393 387584
23.6528 19120841 387584
23.653 19122289 387584
23.6531 19123737 387584
23.6533 19125185 387584
23.6534 19126633 387584
23.6536 19128081 387584
23.6537 19129529 387584
23.6539 19130977 387584
23.654 19132425 387584
23.6542 19133873 387584
23.6543 19135321 387584
23.6545 19136769 387584
23.6546 19138217 387584
23.6548 19139665 387584
23.6549 19141113 387584
23.6551 19142561 387584
23.6552 19144009 387584
23.6554 19145457 387584
23.6555 19146905 387584
23.6557 19148353 387584
23.6558 19149801 387584
23.656 19151249 387584
23.6561 19152697 387584
23.6563 19154145 387584
23.6564 19155593 387584
23.6566 19157041 387584
23.6567 19158489 387584
23.6569 19159937 387584
23.657 19161385 387584
23.6572 19162833 387584
23.6573 19164281 387584
23.6575 19165729 387584
23.6576 19167177 387584
23.6578 19168625 387584
23.6579 19170073 387584
23.6581 19171521 387584
23.6582 19172969 387584
23.6584 19174417 387584
23.6585 19175865 387584
23.6587 19177313 387584
23.6588 19178761 387584
23.659 19180209 387584
23.6591 19181657 387584
23.6593 19183105 387584
23.6594 19184553 387584
23.6596 19186001 387584
23.6597 19187449 387584
23.6599 19188897 387584
23.66 19190345 387584
23.6602 19191793 387584
23.6603 19193241 387584
23.6605 19194689 387584
23.6606 19196137 387584
23.6608 19197585 389120
23.6609 19199033 389120
23.6611 19200481 389120
23.6612 19201929 389120
23.6614 19203377 389120
23.6615 19204825 389120
23.6617 19206273 389120
23.6618 19207721 389120
23.662 19209169 389120
23.6621 19210617 389120
23.6623 19212065 389120
23.6624 19213513 389120
23.6626 19214961 389120
23.6627 19216409 389120
23.6629 19217857 389120
23.663 19219305 389120
23.6632 19220753 389120
23.6633 19222201 389120
23.6635 19223649 389120
23.6636 19225097 389120
23.6638 19226545 389120
23.6639 19227993 389120
23.6641 19229441 389120
23.6642 19230889 389120
23.6644 19232337 389120
23.6645 19233785 389120
23.6647 19235233 389120
23.6648 19236681 389120
23.665 19238129 389120
23.6651 19239577 389120
23.6653 19241025 389120
23.6654 19242473 389120
23.6656 19243921 389120
23.6657 19245369 389120
23.6659 19246817 389120
23.666 19248265 389120
23.6662 19249713 389120
23.6663 19251161 389120
23.6665 19252609 389120
23.6666 19254057 389120
23.6668 19255505 389120
23.6669 19256953 389120
23.6672 19258401 389120
23.6675 19259849 389120
23.6678 19261297 389120
23.6681 19262745 389120
23.6683 19264193 389120
23.6684 19265641 389120
23.6686 19267089 389120
23.6687 19268537 389120
23.6689 19269985 389120
23.669 19271433 389120
23.6692 19272881 389120
23.6693 19274329 389120
23.6695 19275777 389120
23.6696 19277225 389120
23.6698 19278673 389120
23.6699 19280121 389120
23.6701 19281569 389120
23.6702 19283017 389120
23.6704 19284465 389120
23.6705 19285913 389120
23.6707 19287361 389120
23.6708 19288809 389120
23.671 19290257 389120
23.6711 19291705 389120
23.6713 19293153 389120
23.6714 19294601 389120
23.6716 19296049 389120
23.6717 19297497 389120
23.6719 19298945 389120
23.672 19300393 389120
23.6722 19301841 389120
23.6723 19303289 389120
23.6725 19304737 389120
23.6726 19306185 389120
23.6728 19307633 389120
23.6729 19309081 389120
23.6731 19310529 389120
23.6732 19311977 389120
23.6734 19313425 389120
23.6735 19314873 389120
23.6737 19316321 389120
23.6738 19317769 389120
23.674 19319217 389120
23.6741 19320665 389120
23.6743 19322113 389120
23.6744 19323561 389120
23.6746 19325009 389120
23.6747 19326457 389120
23.6749 19327905 389120
23.675 19329353 389120
23.6752 19330801 389120
23.6753 19332249 389120
23.6755 19333697 389120
23.6756 19335145 389120
23.6758 19336593 389120
23.6759 19338041 389120
23.6761 19339489 389120
23.6762 19340937 389120
23.6764 19342385 389120
23.6765 19343833 389120
23.6767 19345281 389120
23.6768 19346729 389120
23.677 19348177 389120
23.6771 19349625 389120
23.6773 19351073 389120
23.6776 19352521 389120
23.6779 19353969 389120
23.678 19355417 389120
23.6782 19356865 389120
23.6786 19358313 389120
23.6789 19359761 389120
23.6792 19361209 389120
23.6795 19362657 389120
23.68 19364105 389120
23.6803 19365553 389120
23.6995 19367001 389120
23.6998 19368449 389120
23.7003 19369897 389120
23.7006 19371345 389120
23.7009 19372793 389120
23.7012 19374241 389120
23.7015 19375689 389120
23.7016 19377137 389120
23.7018 19378585 389120
23.7019 19380033 389120
23.7021 19381481 389120
23.7022 19382929 389120
23.7024 19384377 389120
23.7025 19385825 389120
23.7027 19387273 389120
23.7028 19388721 389120
23.703 19390169 389120
23.7031 19391617 389120
23.7037 19393065 389120
23.704 19394513 389120
23.7043 19395961 389120
23.7046 19397409 389120
23.7048 19398857 389120
23.7049 19400305 389120
23.7051 19401753 389120
23.7052 19403201 389120
23.7055 19404649 389120
23.7058 19406097 389120
23.7061 19407545 389120
23.7064 19408993 389120
23.7066 19410441 389120
23.7067 19411889 389120
23.7069 19413337 389120
23.707 19414785 389120
23.7072 19416233 389120
23.7073 19417681 389120
23.7075 19419129 389120
23.7076 19420577 389120
23.7079 19422025 389120
23.7082 19423473 389120
23.7084 19424921 389120
23.7085 19426369 389120
23.7088 19427817 389120
23.7091 19429265 389120
23.7094 19430713 389120
23.7097 19432161 389120
23.7099 19433609 389120
23.71 19435057 389120
23.7102 19436505 389120
23.7103 19437953 389120
23.7105 19439401 389120
23.7106 19440849 389120
23.7108 19442297 389120
23.7109 19443745 389120
23.7111 19445193 389120
23.7112 19446641 389120
23.7114 19448089 390656
23.7115 19449537 390656
23.7117 19450985 390656
23.7118 19452433 390656
23.712 19453881 390656
23.7121 19455329 390656
23.7123 19456777 390656
23.7124 19458225 390656
23.7126 19459673 390656
23.7127 19461121 390656
23.7129 19462569 390656
23.713 19464017 390656
23.7132 19465465 390656
23.7133 19466913 390656
23.7135 19468361 390656
23.7136 19469809 390656
23.7138 19471257 390656
23.7139 19472705 390656
23.7141 19474153 390656
23.7142 19475601 390656
23.7144 19477049 390656
23.7145 19478497 390656
23.7147 19479945 390656
23.7148 19481393 390656
23.715 19482841 390656
23.7151 19484289 390656
23.7153 19485737 390656
23.7154 19487185 390656
23.7156 19488633 390656
23.7157 19490081 390656
23.7159 19491529 390656
23.7162 19492977 390656
23.7165 19494425 390656
23.7166 19495873 390656
23.7169 19497321 390656
23.7178 19498769 390656
23.718 19500217 390656
23.7181 19501665 390656
23.7183 19503113 390656
23.7184 19504561 390656
23.7186 19506009 390656
23.7187 19507457 390656
23.7189 19508905 390656
23.719 19510353 390656
23.7192 19511801 390656
23.7193 19513249 390656
23.7195 19514697 390656
23.7197 19516145 390656
23.7198 19517593 390656
23.72 19519041 390656
23.7201 19520489 390656
23.7203 19521937 390656
23.7204 19523385 390656
23.7206 19524833 390656
23.7207 19526281 390656
23.7209 19527729 390656
23.721 19529177 390656
23.7212 19530625 390656
23.7213 19532073 390656
23.7215 19533521 390656
23.7216 19534969 390656
23.7218 19536417 390656
23.7219 19537865 390656
23.7221 19539313 390656
23.7222 19540761 390656
23.7224 19542209 390656
23.7225 19543657 390656
23.7227 19545105 390656
23.7228 19546553 390656
23.723 19548001 390656
23.7231 19549449 390656
23.7233 19550897 390656
23.7234 19552345 390656
23.7236 19553793 390656
23.7237 19555241 390656
23.7239 19556689 390656
23.724 19558137 390656
23.7242 19559585 390656
23.7243 19561033 390656
23.7245 19562481 390656
23.7246 19563929 390656
23.7248 19565377 390656
23.7249 19566825 390656
23.7251 19568273 390656
23.7252 19569721 390656
23.7254 19571169 390656
23.7255 19572617 390656
23.7257 19574065 390656
23.7258 19575513 390656
23.726 19576961 390656
23.7261 19578409 390656
23.7263 19579857 390656
23.7264 19581305 390656
23.7266 19582753 390656
23.7267 19584201 390656
23.7269 19585649 390656
23.727 19587097 390656
23.7272 19588545 390656
23.7273 19589993 390656
23.7275 19591441 390656
23.7276 19592889 390656
23.7278 19594337 390656
23.7279 19595785 390656
23.7281 19597233 390656
23.7282 19598681 390656
23.7284 19600129 390656
23.7285 19601577 390656
23.7287 19603025 390656
23.7288 19604473 390656
23.729 19605921 390656
23.7291 19607369 390656
23.7293 19608817 390656
23.7294 19610265 390656
23.7296 19611713 390656
23.7297 19613161 390656
23.7299 19614609 390656
23.73 19616057 390656
23.7302 19617505 390656
23.7303 19618953 390656
23.7305 19620401 390656
23.7306 19621849 390656
23.7308 19623297 390656
23.7309 19624745 390656
23.7311 19626193 390656
23.7312 19627641 390656
23.7314 19629089 390656
23.7315 19630537 390656
23.7317 19631985 390656
23.7318 19633433 390656
23.732 19634881 390656
23.7321 19636329 390656
23.7323 19637777 390656
23.7324 19639225 390656
23.7326 19640673 390656
23.7327 19642121 390656
23.7329 19643569 390656
23.733 19645017 390656
23.7332 19646465 390656
23.7333 19647913 390656
23.7336 19649361 390656
23.7339 19650809 390656
23.7345 19652257 390656
23.7348 19653705 390656
23.7351 19655153 390656
23.7354 19656601 390656
23.7356 19658049 390656
23.7357 19659497 390656
23.7359 19660945 390656
23.736 19662393 390656
23.7362 19663841 390656
23.7363 19665289 390656
23.7365 19666737 390656
23.7366 19668185 390656
23.7368 19669633 390656
23.7369 19671081 390656
23.7371 19672529 390656
23.7372 19673977 390656
23.7374 19675425 390656
23.7375 19676873 390656
23.7377 19678321 390656
23.7378 19679769 390656
23.738 19681217 390656
23.7381 19682665 390656
23.7383 19684113 390656
23.7384 19685561 390656
23.7386 19687009 390656
23.7387 19688457 390656
23.7389 19689905 390656
23.739 19691353 390656
23.7392 19692801 390656
23.7393 19694249 390656
23.7395 19695697 390656
23.7396 19697145 390656
23.7398 19698593 390656
23.7399 19700041 390656
23.7401 19701489 390656
23.7402 19702937 390656
23.7404 19704385 390656
23.7405 19705833 390656
23.7407 19707281 390656
23.7408 19708729 390656
23.741 19710177 390656
23.7411 19711625 390656
23.7413 19713073 390656
23.7414 19714521 390656
23.7416 19715969 390656
23.7417 19717417 390656
23.7419 19718865 390656
23.742 19720313 390656
23.7422 19721761 390656
23.7423 19723209 390656
23.7425 19724657 390656
23.7426 19726105 390656
23.7428 19727553 390656
23.7429 19729001 390656
23.7431 19730449 390656
23.7432 19731897 390656
23.7434 19733345 390656
23.7435 19734793 390656
23.7437 19736241 390656
23.7438 19737689 390656
23.744 19739137 390656
23.7441 19740585 390656
23.7444 19742033 390656
23.7447 19743481 390656
23.745 19744929 390656
23.7452 19746377 390656
23.7456 19747825 390656
23.7459 19749273 390656
23.7462 19750721 390656
23.7465 19752169 390656
23.747 19753617 390656
23.7473 19755065 390656
23.7665 19756513 390656
23.7668 19757961 390656
23.7673 19759409 390656
23.7676 19760857 390656
23.7679 19762305 390656
23.7682 19763753 390656
23.7685 19765201 390656
23.7686 19766649 390656
23.7688 19768097 390656
23.7689 19769545 390656
23.7691 19770993 390656
23.7692 19772441 390656
23.7694 19773889 390656
23.7695 19775337 390656
23.7697 19776785 390656
23.7698 19778233 390656
23.77 19779681 390656
23.7701 19781129 390656
23.7707 19782577 390656
23.771 19784025 390656
23.7713 19785473 392192
23.7716 19786921 392192
23.7718 19788369 392192
23.7719 19789817 392192
23.7721 19791265 392192
23.7722 19792713 392192
23.7724 19794161 392192
23.7727 19795609 392192
23.773 19797057 392192
23.7733 19798505 392192
23.7736 19799953 392192
23.7737 19801401 392192
23.7739 19802849 392192
23.774 19804297 392192
23.7742 19805745 392192
23.7743 19807193 392192
23.7745 19808641 392192
23.7746 19810089 392192
23.7748 19811537 392192
23.7751 19812985 392192
23.7754 19814433 392192
23.7755 19815881 392192
23.7757 19817329 392192
23.776 19818777 392192
23.7763 19820225 392192
23.7766 19821673 392192
23.7769 19823121 392192
23.777 19824569 392192
23.7772 19826017 392192
23.7773 19827465 392192
23.7775 19828913 392192
23.7776 19830361 392192
23.7778 19831809 392192
23.7779 19833257 392192
23.7781 19834705 392192
23.7782 19836153 392192
23.7784 19837601 392192
23.7785 19839049 392192
23.7787 19840497 392192
23.7788 19841945 392192
23.779 19843393 392192
23.7791 19844841 392192
23.7793 19846289 392192
23.7794 19847737 392192
23.7796 19849185 392192
23.7797 19850633 392192
23.7799 19852081 392192
23.78 19853529 392192
23.7802 19854977 392192
23.7803 19856425 392192
23.7805 19857873 392192
23.7806 19859321 392192
23.7808 19860769 392192
23.7809 19862217 392192
23.7811 19863665 392192
23.7812 19865113 392192
23.7814 19866561 392192
23.7815 19868009 392192
23.7817 19869457 392192
23.7818 19870905 392192
23.782 19872353 392192
23.7821 19873801 392192
23.7823 19875249 392192
23.7824 19876697 392192
23.7826 19878145 392192
23.7827 19879593 392192
23.7829 19881041 392192
23.783 19882489 392192
23.7833 19883937 392192
23.7836 19885385 392192
23.7838 19886833 392192
23.7841 19888281 392192
23.7844 19889729 392192
23.7851 19891177 392192
23.7853 19892625 392192
23.7854 19894073 392192
23.7856 19895521 392192
23.7857 19896969 392192
23.7859 19898417 392192
23.786 19899865 392192
23.7862 19901313 392192
23.7863 19902761 392192
23.7865 19904209 392192
23.7866 19905657 392192
23.7868 19907105 392192
23.7869 19908553 392192
23.7871 19910001 392192
23.7872 19911449 392192
23.7874 19912897 392192
23.7875 19914345 392192
23.7877 19915793 392192
23.7878 19917241 392192
23.788 19918689 392192
23.7881 19920137 392192
23.7883 19921585 392192
23.7884 19923033 392192
23.7886 19924481 392192
23.7887 19925929 392192
23.7889 19927377 392192
23.789 19928825 392192
23.7892 19930273 392192
23.7893 19931721 392192
23.7895 19933169 392192
23.7896 19934617 392192
23.7898 19936065 392192
23.7899 19937513 392192
23.7901 19938961 392192
23.7902 19940409 392192
23.7904 19941857 392192
23.7905 19943305 392192
23.7907 19944753 392192
23.7908 19946201 392192
23.791 19947649 392192
23.7911 19949097 392192
23.7913 19950545 392192
23.7914 19951993 392192
23.7916 19953441 392192
23.7917 19954889 392192
23.7919 19956337 392192
23.792 19957785 392192
23.7922 19959233 392192
23.7923 19960681 392192
23.7925 19962129 392192
23.7926 19963577 392192
23.7928 19965025 392192
23.7929 19966473 392192
23.7931 19967921 392192
23.7932 19969369 392192
23.7934 19970817 392192
23.7935 19972265 392192
23.7937 19973713 392192
23.7938 19975161 392192
23.794 19976609 392192
23.7941 19978057 392192
23.7943 19979505 392192
23.7944 19980953 392192
23.7946 19982401 392192
23.7948 19983849 392192
23.7949 19985297 392192
23.7951 19986745 392192
23.7952 19988193 392192
23.7954 19989641 392192
23.7955 19991089 392192
23.7957 19992537 392192
23.7958 19993985 392192
23.796 19995433 392192
23.7961 19996881 392192
23.7963 19998329 392192
23.7964 19999777 392192
23.7966 20001225 392192
23.7967 20002673 392192
23.7969 20004121 392192
23.797 20005569 392192
23.7972 20007017 392192
23.7973 20008465 392192
23.7975 20009913 392192
23.7976 20011361 392192
23.7978 20012809 392192
23.7979 20014257 392192
23.7981 20015705 392192
23.7982 20017153 392192
23.7984 20018601 392192
23.7985 20020049 392192
23.7987 20021497 392192
23.7988 20022945 392192
23.799 20024393 392192
23.7991 20025841 392192
23.7993 20027289 392192
23.7994 20028737 392192
23.7996 20030185 392192
23.7997 20031633 392192
23.7999 20033081 392192
23.8 20034529 392192
23.8002 20035977 392192
23.8003 20037425 392192
23.8005 20038873 393728
23.8006 20040321 393728
23.8008 20041769 393728
23.8011 20043217 393728
23.8014 20044665 393728
23.8023 20046113 393728
23.8026 20047561 393728
23.8032 20049009 393728
23.8035 20050457 393728
23.8038 20051905 393728
23.8041 20053353 393728
23.8044 20054801 393728
23.8047 20056249 393728
23.8048 20057697 393728
23.805 20059145 393728
23.8051 20060593 393728
23.8053 20062041 393728
23.8054 20063489 393728
23.8056 20064937 393728
23.8057 20066385 393728
23.8059 20067833 393728
23.806 20069281 393728
23.8062 20070729 393728
23.8063 20072177 393728
23.8065 20073625 393728
23.8066 20075073 393728
23.8068 20076521 393728
23.8069 20077969 393728
23.8071 20079417 393728
23.8072 20080865 393728
23.8074 20082313 393728
23.8075 20083761 393728
23.8077 20085209 393728
23.8078 20086657 393728
23.808 20088105 393728
23.8081 20089553 393728
23.8083 20091001 393728
23.8084 20092449 393728
23.8086 20093897 393728
23.8087 20095345 393728
23.8089 20096793 393728
23.809 20098241 393728
23.8092 20099689 393728
23.8093 20101137 393728
23.8095 20102585 393728
23.8096 20104033 393728
23.8098 20105481 393728
23.8099 20106929 393728
23.8101 20108377 393728
23.8102 20109825 393728
23.8104 20111273 393728
23.8105 20112721 393728
23.8107 20114169 393728
23.8108 20115617 393728
23.811 20117065 393728
23.8111 20118513 393728
23.8113 20119961 393728
23.8114 20121409 393728
23.8116 20122857 393728
23.8117 20124305 393728
23.8119 20125753 393728
23.812 20127201 393728
23.8122 20128649 393728
23.8123 20130097 393728
23.8125 20131545 393728
23.8126 20132993 393728
23.8129 20134441 393728
23.8134 20135889 393728
23.8137 20137337 393728
23.814 20138785 393728
23.8141 20140233 393728
23.8146 20141681 393728
23.8149 20143129 393728
23.8152 20144577 393728
23.8155 20146025 393728
23.8159 20147473 393728
23.8162 20148921 393728
23.8355 20150369 393728
23.8358 20151817 393728
23.8362 20153265 393728
23.8365 20154713 393728
23.8368 20156161 393728
23.8371 20157609 393728
23.8374 20159057 393728
23.8376 20160505 393728
23.8377 20161953 393728
23.8379 20163401 393728
23.838 20164849 393728
23.8382 20166297 393728
23.8383 20167745 393728
23.8385 20169193 393728
23.8386 20170641 393728
23.8388 20172089 393728
23.8389 20173537 393728
23.8391 20174985 393728
23.8397 20176433 393728
23.84 20177881 393728
23.8403 20179329 393728
23.8406 20180777 393728
23.8407 20182225 393728
23.8409 20183673 393728
23.841 20185121 393728
23.8412 20186569 393728
23.8413 20188017 393728
23.8416 20189465 393728
23.8419 20190913 393728
23.8422 20192361 393728
23.8425 20193809 393728
23.8427 20195257 393728
23.8428 20196705 393728
23.843 20198153 393728
23.8431 20199601 393728
23.8433 20201049 393728
23.8434 20202497 393728
23.8436 20203945 393728
23.8437 20205393 393728
23.844 20206841 393728
23.8443 20208289 393728
23.8445 20209737 393728
23.8446 20211185 393728
23.8449 20212633 393728
23.8452 20214081 393728
23.8455 20215529 393728
23.8458 20216977 393728
23.846 20218425 393728
23.8461 20219873 393728
23.8463 20221321 393728
23.8464 20222769 393728
23.8466 20224217 393728
23.8467 20225665 393728
23.8469 20227113 393728
23.847 20228561 393728
23.8472 20230009 393728
23.8473 20231457 393728
23.8475 20232905 393728
23.8476 20234353 393728
23.8478 20235801 393728
23.8479 20237249 393728
23.8481 20238697 393728
23.8482 20240145 393728
23.8484 20241593 393728
23.8485 20243041 393728
23.8487 20244489 393728
23.8488 20245937 393728
23.849 20247385 393728
23.8491 20248833 393728
23.8493 20250281 393728
23.8494 20251729 393728
23.8496 20253177 393728
23.8497 20254625 393728
23.8499 20256073 393728
23.85 20257521 393728
23.8502 20258969 393728
23.8503 20260417 393728
23.8505 20261865 393728
23.8506 20263313 393728
23.8508 20264761 393728
23.8509 20266209 393728
23.8511 20267657 393728
23.8512 20269105 393728
23.8514 20270553 393728
23.8515 20272001 393728
23.8517 20273449 393728
23.8518 20274897 393728
23.852 20276345 393728
23.8523 20277793 393728
23.8526 20279241 393728
23.8527 20280689 393728
23.853 20282137 393728
23.8538 20283585 393728
23.8541 20285033 393728
23.8542 20286481 393728
23.8544 20287929 393728
23.8545 20289377 393728
23.8547 20290825 393728
23.8548 20292273 393728
23.855 20293721 393728
23.8551 20295169 393728
23.8553 20296617 393728
23.8554 20298065 393728
23.8556 20299513 393728
23.8557 20300961 393728
23.8559 20302409 393728
23.856 20303857 393728
23.8562 20305305 393728
23.8563 20306753 393728
23.8565 20308201 393728
23.8566 20309649 393728
23.8568 20311097 393728
23.8569 20312545 393728
23.8571 20313993 393728
23.8572 20315441 393728
23.8574 20316889 393728
23.8575 20318337 393728
23.8577 20319785 393728
23.8578 20321233 393728
23.858 20322681 393728
23.8581 20324129 393728
23.8583 20325577 393728
23.8584 20327025 393728
23.8586 20328473 393728
23.8587 20329921 393728
23.8589 20331369 393728
23.859 20332817 393728
23.8592 20334265 393728
23.8593 20335713 393728
23.8595 20337161 393728
23.8596 20338609 393728
23.8598 20340057 393728
23.8599 20341505 393728
23.8601 20342953 393728
23.8602 20344401 393728
23.8604 20345849 393728
23.8605 20347297 393728
23.8607 20348745 393728
23.8608 20350193 393728
23.861 20351641 393728
23.8611 20353089 393728
23.8613 20354537 393728
23.8614 20355985 393728
23.8616 20357433 393728
23.8617 20358881 393728
23.8619 20360329 393728
23.862 20361777 393728
23.8622 20363225 393728
23.8623 20364673 393728
23.8625 20366121 393728
23.8626 20367569 393728
23.8628 20369017 393728
23.8629 20370465 393728
23.8631 20371913 393728
23.8632 20373361 393728
23.8634 20374809 393728
23.8635 20376257 393728
23.8637 20377705 393728
23.8638 20379153 393728
23.864 20380601 393728
23.8641 20382049 393728
23.8643 20383497 393728
23.8644 20384945 393728
23.8646 20386393 393728
23.8647 20387841 393728
23.8649 20389289 393728
23.865 20390737 393728
23.8652 20392185 393728
23.8653 20393633 393728
23.8655 20395081 393728
23.8656 20396529 393728
23.8658 20397977 393728
23.8659 20399425 393728
23.8661 20400873 393728
23.8662 20402321 393728
23.8664 20403769 393728
23.8665 20405217 393728
23.8667 20406665 393728
23.8668 20408113 393728
23.867 20409561 393728
23.8671 20411009 393728
23.8673 20412457 393728
23.8674 20413905 393728
23.8676 20415353 393728
23.8677 20416801 393728
23.8679 20418249 393728
23.868 20419697 393728
23.8682 20421145 393728
23.8683 20422593 393728
23.8685 20424041 393728
23.8686 20425489 393728
23.8688 20426937 393728
23.8689 20428385 393728
23.8691 20429833 393728
23.8692 20431281 393728
23.8694 20432729 393728
23.8695 20434177 395264
23.8697 20435625 395264
23.8698 20437073 395264
23.8702 20438521 395264
23.8705 20439969 395264
23.8717 20441417 395264
23.872 20442865 395264
23.8729 20444313 395264
23.8732 20445761 395264
23.8738 20447209 395264
23.8741 20448657 395264
23.8745 20450105 395264
23.8748 20451553 395264
23.8751 20453001 395264
23.8753 20454449 395264
23.8754 20455897 395264
23.8756 20457345 395264
23.8757 20458793 395264
23.8759 20460241 395264
23.876 20461689 395264
23.8762 20463137 395264
23.8763 20464585 395264
23.8765 20466033 395264
23.8766 20467481 395264
23.8768 20468929 395264
23.8769 20470377 395264
23.8771 20471825 395264
23.8772 20473273 395264
23.8774 20474721 395264
23.8775 20476169 395264
23.8777 20477617 395264
23.8778 20479065 395264
23.878 20480513 395264
23.8781 20481961 395264
23.8783 20483409 395264
23.8784 20484857 395264
23.8786 20486305 395264
23.8787 20487753 395264
23.8789 20489201 395264
23.879 20490649 395264
23.8792 20492097 395264
23.8793 20493545 395264
23.8795 20494993 395264
23.8796 20496441 395264
23.8798 20497889 395264
23.8799 20499337 395264
23.8801 20500785 395264
23.8802 20502233 395264
23.8804 20503681 395264
23.8805 20505129 395264
23.8807 20506577 395264
23.8808 20508025 395264
23.881 20509473 395264
23.8811 20510921 395264
23.8813 20512369 395264
23.8814 20513817 395264
23.8816 20515265 395264
23.8817 20516713 395264
23.8819 20518161 395264
23.882 20519609 395264
23.8822 20521057 395264
23.8823 20522505 395264
23.8825 20523953 395264
23.8826 20525401 395264
23.8828 20526849 395264
23.8829 20528297 395264
23.8832 20529745 395264
23.8837 20531193 395264
23.884 20532641 395264
23.8841 20534089 395264
23.8844 20535537 395264
23.8849 20536985 395264
23.8852 20538433 395264
23.8855 20539881 395264
23.8858 20541329 395264
23.8862 20542777 395264
23.8865 20544225 395264
23.9059 20545673 395264
23.9062 20547121 395264
23.9066 20548569 395264
23.9069 20550017 395264
23.9072 20551465 395264
23.9076 20552913 395264
23.9077 20554361 395264
23.9079 20555809 395264
23.908 20557257 395264
23.9082 20558705 395264
23.9083 20560153 395264
23.9085 20561601 395264
23.9086 20563049 395264
23.9088 20564497 395264
23.9089 20565945 395264
23.9091 20567393 395264
23.9092 20568841 395264
23.9095 20570289 395264
23.9101 20571737 395264
23.9104 20573185 395264
23.9107 20574633 395264
23.9109 20576081 395264
23.911 20577529 395264
23.9112 20578977 395264
23.9113 20580425 395264
23.9115 20581873 395264
23.9118 20583321 395264
23.9121 20584769 395264
23.9124 20586217 395264
23.9127 20587665 395264
23.9128 20589113 395264
23.913 20590561 395264
23.9131 20592009 395264
23.9133 20593457 395264
23.9134 20594905 395264
23.9136 20596353 395264
23.9137 20597801 395264
23.9139 20599249 395264
23.9142 20600697 395264
23.9145 20602145 395264
23.9146 20603593 395264
23.9148 20605041 395264
23.9151 20606489 395264
23.9154 20607937 395264
23.9157 20609385 395264
23.916 20610833 395264
23.9161 20612281 395264
23.9163 20613729 395264
23.9164 20615177 395264
23.9166 20616625 395264
23.9167 20618073 395264
23.9169 20619521 395264
23.917 20620969 395264
23.9172 20622417 395264
23.9173 20623865 395264
23.9175 20625313 395264
23.9176 20626761 395264
23.9178 20628209 395264
23.9179 20629657 395264
23.9181 20631105 395264
23.9182 20632553 395264
23.9184 20634001 395264
23.9185 20635449 395264
23.9187 20636897 395264
23.9188 20638345 395264
23.919 20639793 395264
23.9191 20641241 395264
23.9193 20642689 395264
23.9194 20644137 395264
23.9196 20645585 395264
23.9197 20647033 395264
23.9199 20648481 395264
23.92 20649929 395264
23.9202 20651377 395264
23.9203 20652825 395264
23.9205 20654273 395264
23.9206 20655721 395264
23.9208 20657169 395264
23.9209 20658617 395264
23.9211 20660065 395264
23.9212 20661513 395264
23.9214 20662961 395264
23.9215 20664409 395264
23.9217 20665857 395264
23.9218 20667305 395264
23.922 20668753 395264
23.9221 20670201 395264
23.9224 20671649 395264
23.9227 20673097 395264
23.9229 20674545 395264
23.9232 20675993 395264
23.9235 20677441 395264
23.9242 20678889 395264
23.9244 20680337 395264
23.9245 20681785 395264
23.9247 20683233 395264
23.9248 20684681 395264
23.925 20686129 395264
23.9251 20687577 395264
23.9253 20689025 395264
23.9254 20690473 395264
23.9256 20691921 395264
23.9257 20693369 395264
23.9259 20694817 395264
23.926 20696265 395264
23.9262 20697713 395264
23.9263 20699161 395264
23.9265 20700609 395264
23.9266 20702057 395264
23.9268 20703505 395264
23.9269 20704953 395264
23.9271 20706401 395264
23.9272 20707849 395264
23.9274 20709297 395264
23.9275 20710745 395264
23.9277 20712193 395264
23.9278 20713641 395264
23.928 20715089 395264
23.9281 20716537 395264
23.9283 20717985 395264
23.9284 20719433 395264
23.9286 20720881 395264
23.9287 20722329 395264
23.9289 20723777 395264
23.929 20725225 395264
23.9292 20726673 395264
23.9293 20728121 395264
23.9295 20729569 395264
23.9296 20731017 395264
23.9298 20732465 395264
23.9299 20733913 395264
23.9301 20735361 395264
23.9302 20736809 395264
23.9304 20738257 395264
23.9305 20739705 395264
23.9307 20741153 395264
23.9308 20742601 395264
23.931 20744049 395264
23.9311 20745497 395264
23.9313 20746945 395264
23.9314 20748393 395264
23.9316 20749841 395264
23.9317 20751289 395264
23.9319 20752737 395264
23.932 20754185 395264
23.9322 20755633 395264
23.9323 20757081 395264
23.9325 20758529 395264
23.9326 20759977 395264
23.9328 20761425 395264
23.9329 20762873 395264
23.9331 20764321 395264
23.9332 20765769 395264
23.9334 20767217 395264
23.9335 20768665 395264
23.9337 20770113 395264
23.9338 20771561 395264
23.934 20773009 395264
23.9341 20774457 395264
23.9343 20775905 395264
23.9344 20777353 395264
23.9346 20778801 395264
23.9347 20780249 395264
23.9349 20781697 395264
23.935 20783145 395264
23.9352 20784593 395264
23.9353 20786041 395264
23.9355 20787489 395264
23.9356 20788937 395264
23.9358 20790385 395264
23.9359 20791833 395264
23.9361 20793281 395264
23.9362 20794729 395264
23.9364 20796177 395264
23.9365 20797625 395264
23.9367 20799073 395264
23.9368 20800521 395264
23.937 20801969 395264
23.9371 20803417 395264
23.9373 20804865 395264
23.9374 20806313 395264
23.9376 20807761 395264
23.9377 20809209 395264
23.9379 20810657 395264
23.938 20812105 395264
23.9382 20813553 395264
23.9383 20815001 395264
23.9385 20816449 395264
23.9386 20817897 395264
23.9388 20819345 395264
23.9389 20820793 395264
23.9391 20822241 395264
23.9392 20823689 395264
23.9394 20825137 395264
23.9395 20826585 395264
23.9397 20828033 395264
23.9398 20829481 395264
23.94 20830929 395264
23.9401 20832377 396288
23.9404 20833825 396288
23.9407 20835273 396288
23.9419 20836721 396288
23.9422 20838169 396288
23.9434 20839617 396288
23.9437 20841065 396288
23.9446 20842513 396288
23.9449 20843961 396288
23.9457 20845409 396288
23.946 20846857 396288
23.9466 20848305 396288
23.9469 20849753 396288
23.9472 20851201 396288
23.9475 20852649 396288
23.9478 20854097 396288
23.948 20855545 396288
23.9481 20856993 396288
23.9483 20858441 396288
23.9484 20859889 396288
23.9486 20861337 396288
23.9487 20862785 396288
23.9489 20864233 396288
23.949 20865681 396288
23.9492 20867129 396288
23.9493 20868577 396288
23.9495 20870025 396288
23.9496 20871473 396288
23.9498 20872921 396288
23.9499 20874369 396288
23.9501 20875817 396288
23.9502 20877265 396288
23.9504 20878713 396288
23.9505 20880161 396288
23.9507 20881609 396288
23.9508 20883057 396288
23.951 20884505 396288
23.9511 20885953 396288
23.9513 20887401 396288
23.9514 20888849 396288
23.9516 20890297 396288
23.9517 20891745 396288
23.9519 20893193 396288
23.952 20894641 396288
23.9522 20896089 396288
23.9523 20897537 396288
23.9525 20898985 396288
23.9526 20900433 396288
23.9528 20901881 396288
23.9529 20903329 396288
23.9531 20904777 396288
23.9532 20906225 396288
23.9534 20907673 396288
23.9535 20909121 396288
23.9537 20910569 396288
23.9538 20912017 396288
23.954 20913465 396288
23.9541 20914913 396288
23.9543 20916361 396288
23.9544 20917809 396288
23.9546 20919257 396288
23.9547 20920705 396288
23.9549 20922153 396288
23.955 20923601 396288
23.9553 20925049 396288
23.9558 20926497 396288
23.9561 20927945 396288
23.9562 20929393 396288
23.9565 20930841 396288
23.957 20932289 396288
23.9573 20933737 396288
23.9576 20935185 396288
23.9579 20936633 396288
23.9583 20938081 396288
23.9586 20939529 396288
23.978 20940977 396288
23.9783 20942425 396288
23.9787 20943873 396288
23.979 20945321 396288
23.9793 20946769 396288
23.9796 20948217 396288
23.9799 20949665 396288
23.9801 20951113 396288
23.9802 20952561 396288
23.9804 20954009 396288
23.9805 20955457 396288
23.9807 20956905 396288
23.9808 20958353 396288
23.981 20959801 396288
23.9811 20961249 396288
23.9813 20962697 396288
23.9814 20964145 396288
23.9816 20965593 396288
23.9822 20967041 396288
23.9825 20968489 396288
23.9828 20969937 396288
23.9831 20971385 396288
23.9833 20972833 396288
23.9834 20974281 396288
23.9836 20975729 396288
23.9837 20977177 396288
23.9839 20978625 396288
23.9842 20980073 396288
23.9845 20981521 396288
23.9848 20982969 396288
23.9851 20984417 396288
23.9852 20985865 396288
23.9854 20987313 396288
23.9855 20988761 396288
23.9857 20990209 396288
23.9858 20991657 396288
23.986 20993105 396288
23.9861 20994553 396288
23.9863 20996001 396288
23.9866 20997449 396288
23.9869 20998897 396288
23.987 21000345 396288
23.9872 21001793 396288
23.9875 21003241 396288
23.9878 21004689 396288
23.9881 21006137 396288
23.9884 21007585 396288
23.9885 21009033 396288
23.9887 21010481 396288
23.9888 21011929 396288
23.989 21013377 396288
23.9891 21014825 396288
23.9893 21016273 396288
23.9894 21017721 396288
23.9896 21019169 396288
23.9897 21020617 396288
23.9899 21022065 396288
23.99 21023513 396288
23.9902 21024961 396288
23.9903 21026409 396288
23.9905 21027857 396288
23.9906 21029305 396288
23.9908 21030753 396288
23.9909 21032201 396288
23.9911 21033649 396288
23.9912 21035097 396288
23.9914 21036545 396288
23.9915 21037993 396288
23.9917 21039441 396288
23.9918 21040889 396288
23.992 21042337 396288
23.9921 21043785 396288
23.9923 21045233 396288
23.9924 21046681 396288
23.9926 21048129 396288
23.9927 21049577 396288
23.9929 21051025 396288
23.993 21052473 396288
23.9932 21053921 396288
23.9933 21055369 396288
23.9935 21056817 396288
23.9936 21058265 396288
23.9938 21059713 396288
23.9939 21061161 396288
23.9941 21062609 396288
23.9942 21064057 396288
23.9944 21065505 396288
23.9945 21066953 396288
23.9948 21068401 396288
23.9951 21069849 396288
23.9954 21071297 396288
23.9957 21072745 396288
23.9965 21074193 396288
23.9968 21075641 396288
23.9969 21077089 396288
23.9971 21078537 396288
23.9972 21079985 396288
23.9974 21081433 396288
23.9975 21082881 396288
23.9977 21084329 396288
23.9978 21085777 396288
23.998 21087225 396288
23.9981 21088673 396288
23.9983 21090121 396288
23.9984 21091569 396288
23.9986 21093017 396288
23.9987 21094465 396288
23.9989 21095913 396288
23.999 21097361 396288
23.9992 21098809 396288
23.9993 21100257 396288
23.9995 21101705 396288
23.9996 21103153 396288
23.9998 21104601 396288
23.9999 21106049 396288
24.0001 21107497 396288
24.0002 21108945 396288
24.0004 21110393 396288
24.0005 21111841 396288
24.0007 21113289 396288
24.0008 21114737 396288
24.001 21116185 396288
24.0011 21117633 396288
24.0013 21119081 396288
24.0014 21120529 396288
24.0016 21121977 396288
24.0017 21123425 396288
24.0019 21124873 396288
24.002 21126321 396288
24.0022 21127769 396288
24.0023 21129217 396288
24.0025 21130665 396288
24.0026 21132113 396288
24.0028 21133561 396288
24.0029 21135009 396288
24.0031 21136457 396288
24.0032 21137905 396288
24.0034 21139353 396288
24.0035 21140801 396288
24.0037 21142249 396288
24.0038 21143697 396288
24.004 21145145 396288
24.0041 21146593 396288
24.0043 21148041 396288
24.0044 21149489 396288
24.0046 21150937 396288
24.0047 21152385 396288
24.0049 21153833 396288
24.005 21155281 396288
24.0052 21156729 396288
24.0053 21158177 396288
24.0055 21159625 396288
24.0056 21161073 396288
24.0058 21162521 396288
24.0059 21163969 396288
24.0061 21165417 396288
24.0062 21166865 396288
24.0064 21168313 396288
24.0065 21169761 396288
24.0067 21171209 396288
24.0068 21172657 396288
24.007 21174105 396288
24.0071 21175553 396288
24.0073 21177001 396288
24.0074 21178449 396288
24.0076 21179897 396288
24.0077 21181345 396288
24.0079 21182793 396288
24.008 21184241 396288
24.0082 21185689 396288
24.0083 21187137 396288
24.0085 21188585 396288
24.0086 21190033 396288
24.0088 21191481 396288
24.0089 21192929 396288
24.0091 21194377 396288
24.0092 21195825 396288
24.0094 21197273 396288
24.0095 21198721 396288
24.0097 21200169 396288
24.0098 21201617 396288
24.01 21203065 396288
24.0101 21204513 396288
24.0103 21205961 396288
24.0104 21207409 396288
24.0106 21208857 396288
24.0107 21210305 396288
24.0109 21211753 396288
24.011 21213201 396288
24.0112 21214649 396288
24.0113 21216097 396288
24.0115 21217545 396288
24.0116 21218993 396288
24.0118 21220441 396288
24.0119 21221889 396288
24.0121 21223337 396288
24.0122 21224785 396288
24.0124 21226233 396288
24.0125 21227681 396288
24.0127 21229129 396288
24.013 21230577 397824
24.0133 21232025 397824
24.0136 21233473 397824
24.0149 21234921 397824
24.0152 21236369 397824
24.0167 21237817 397824
24.017 21239265 397824
24.0182 21240713 397824
24.0185 21242161 397824
24.0196 21243609 397824
24.0199 21245057 397824
24.0208 21246505 397824
24.0211 21247953 397824
24.0217 21249401 397824
24.022 21250849 397824
24.0225 21252297 397824
24.0228 21253745 397824
24.0231 21255193 397824
24.0234 21256641 397824
24.0237 21258089 397824
24.024 21259537 397824
24.0241 21260985 397824
24.0243 21262433 397824
24.0244 21263881 397824
24.0246 21265329 397824
24.0247 21266777 397824
24.0249 21268225 397824
24.025 21269673 397824
24.0252 21271121 397824
24.0253 21272569 397824
24.0255 21274017 397824
24.0256 21275465 397824
24.0258 21276913 397824
24.0259 21278361 397824
24.0261 21279809 397824
24.0262 21281257 397824
24.0264 21282705 397824
24.0265 21284153 397824
24.0267 21285601 397824
24.0268 21287049 397824
24.027 21288497 397824
24.0271 21289945 397824
24.0273 21291393 397824
24.0274 21292841 397824
24.0276 21294289 397824
24.0277 21295737 397824
24.0279 21297185 397824
24.028 21298633 397824
24.0282 21300081 397824
24.0283 21301529 397824
24.0285 21302977 397824
24.0286 21304425 397824
24.0288 21305873 397824
24.0289 21307321 397824
24.0291 21308769 397824
24.0292 21310217 397824
24.0294 21311665 397824
24.0295 21313113 397824
24.0297 21314561 397824
24.0298 21316009 397824
24.03 21317457 397824
24.0301 21318905 397824
24.0303 21320353 397824
24.0304 21321801 397824
24.0307 21323249 397824
24.0312 21324697 397824
24.0315 21326145 397824
24.0316 21327593 397824
24.0319 21329041 397824
24.0324 21330489 397824
24.0327 21331937 397824
24.033 21333385 397824
24.0333 21334833 397824
24.0337 21336281 397824
24.034 21337729 397824
24.0534 21339177 397824
24.0537 21340625 397824
24.0541 21342073 397824
24.0544 21343521 397824
24.0547 21344969 397824
24.055 21346417 397824
24.0553 21347865 397824
24.0555 21349313 397824
24.0556 21350761 397824
24.0558 21352209 397824
24.0559 21353657 397824
24.0561 21355105 397824
24.0562 21356553 397824
24.0564 21358001 397824
24.0565 21359449 397824
24.0567 21360897 397824
24.0568 21362345 397824
24.057 21363793 397824
24.0576 21365241 397824
24.0579 21366689 397824
24.0582 21368137 397824
24.0585 21369585 397824
24.0587 21371033 397824
24.0588 21372481 397824
24.059 21373929 397824
24.0591 21375377 397824
24.0593 21376825 397824
24.0596 21378273 397824
24.0599 21379721 397824
24.0602 21381169 397824
24.0605 21382617 397824
24.0606 21384065 397824
24.0608 21385513 397824
24.0609 21386961 397824
24.0611 21388409 397824
24.0612 21389857 397824
24.0614 21391305 397824
24.0615 21392753 397824
24.0617 21394201 397824
24.062 21395649 397824
24.0623 21397097 397824
24.0624 21398545 397824
24.0626 21399993 397824
24.0629 21401441 397824
24.0632 21402889 397824
24.0635 21404337 397824
24.0638 21405785 397824
24.0639 21407233 397824
24.0641 21408681 397824
24.0642 21410129 397824
24.0644 21411577 397824
24.0645 21413025 397824
24.0647 21414473 397824
24.0648 21415921 397824
24.065 21417369 397824
24.0651 21418817 397824
24.0653 21420265 397824
24.0654 21421713 397824
24.0656 21423161 397824
24.0657 21424609 397824
24.0659 21426057 397824
24.066 21427505 397824
24.0662 21428953 397824
24.0663 21430401 397824
24.0665 21431849 397824
24.0666 21433297 397824
24.0668 21434745 397824
24.0669 21436193 397824
24.0671 21437641 397824
24.0672 21439089 397824
24.0674 21440537 397824
24.0675 21441985 397824
24.0677 21443433 397824
24.0678 21444881 397824
24.068 21446329 397824
24.0681 21447777 397824
24.0683 21449225 397824
24.0684 21450673 397824
24.0686 21452121 397824
24.0687 21453569 397824
24.0689 21455017 397824
24.069 21456465 397824
24.0692 21457913 397824
24.0693 21459361 397824
24.0695 21460809 397824
24.0696 21462257 397824
24.0698 21463705 397824
24.0699 21465153 397824
24.0702 21466601 397824
24.0705 21468049 397824
24.0708 21469497 397824
24.0711 21470945 397824
24.0719 21472393 397824
24.072 21473841 397824
24.0722 21475289 397824
24.0723 21476737 397824
24.0725 21478185 397824
24.0726 21479633 397824
24.0728 21481081 397824
24.0729 21482529 397824
24.0731 21483977 397824
24.0732 21485425 397824
24.0734 21486873 397824
24.0735 21488321 397824
24.0737 21489769 397824
24.0738 21491217 397824
24.074 21492665 397824
24.0741 21494113 397824
24.0743 21495561 397824
24.0744 21497009 397824
24.0746 21498457 397824
24.0747 21499905 397824
24.0749 21501353 397824
24.075 21502801 397824
24.0752 21504249 397824
24.0753 21505697 397824
24.0755 21507145 397824
24.0756 21508593 397824
24.0758 21510041 397824
24.0759 21511489 397824
24.0761 21512937 397824
24.0762 21514385 397824
24.0764 21515833 397824
24.0765 21517281 397824
24.0767 21518729 397824
24.0768 21520177 397824
24.077 21521625 397824
24.0771 21523073 397824
24.0773 21524521 397824
24.0774 21525969 397824
24.0776 21527417 397824
24.0777 21528865 397824
24.0779 21530313 397824
24.078 21531761 397824
24.0782 21533209 397824
24.0783 21534657 397824
24.0785 21536105 397824
24.0786 21537553 397824
24.0788 21539001 397824
24.0789 21540449 397824
24.0791 21541897 397824
24.0792 21543345 397824
24.0794 21544793 397824
24.0795 21546241 397824
24.0797 21547689 397824
24.0798 21549137 397824
24.08 21550585 397824
24.0801 21552033 397824
24.0803 21553481 397824
24.0804 21554929 397824
24.0806 21556377 397824
24.0807 21557825 397824
24.0809 21559273 397824
24.081 21560721 397824
24.0812 21562169 397824
24.0813 21563617 397824
24.0815 21565065 397824
24.0816 21566513 397824
24.0818 21567961 399360
24.0819 21569409 399360
24.0821 21570857 399360
24.0822 21572305 399360
24.0824 21573753 399360
24.0825 21575201 399360
24.0827 21576649 399360
24.0828 21578097 399360
24.083 21579545 399360
24.0831 21580993 399360
24.0833 21582441 399360
24.0834 21583889 399360
24.0836 21585337 399360
24.0837 21586785 399360
24.0839 21588233 399360
24.084 21589681 399360
24.0842 21591129 399360
24.0843 21592577 399360
24.0845 21594025 399360
24.0846 21595473 399360
24.0848 21596921 399360
24.0849 21598369 399360
24.0851 21599817 399360
24.0852 21601265 399360
24.0854 21602713 399360
24.0855 21604161 399360
24.0857 21605609 399360
24.0858 21607057 399360
24.086 21608505 399360
24.0861 21609953 399360
24.0863 21611401 399360
24.0864 21612849 399360
24.0866 21614297 399360
24.0867 21615745 399360
24.0869 21617193 399360
24.087 21618641 399360
24.0872 21620089 399360
24.0873 21621537 399360
24.0875 21622985 399360
24.0876 21624433 399360
24.0878 21625881 399360
24.0879 21627329 399360
24.0881 21628777 399360
24.0884 21630225 399360
24.0887 21631673 399360
24.0902 21633121 399360
24.0905 21634569 399360
24.0923 21636017 399360
24.0926 21637465 399360
24.0941 21638913 399360
24.0944 21640361 399360
24.0958 21641809 399360
24.0961 21643257 399360
24.0973 21644705 399360
24.0976 21646153 399360
24.0985 21647601 399360
24.0988 21649049 399360
24.0995 21650497 399360
24.0998 21651945 399360
24.1004 21653393 399360
24.1007 21654841 399360
24.1013 21656289 399360
24.1016 21657737 399360
24.1021 21659185 399360
24.1024 21660633 399360
24.1027 21662081 399360
24.103 21663529 399360
24.1033 21664977 399360
24.1036 21666425 399360
24.1039 21667873 399360
24.1042 21669321 399360
24.1045 21670769 399360
24.1048 21672217 399360
24.1049 21673665 399360
24.1051 21675113 399360
24.1052 21676561 399360
24.1054 21678009 399360
24.1055 21679457 399360
24.1057 21680905 399360
24.1058 21682353 399360
24.106 21683801 399360
24.1061 21685249 399360
24.1063 21686697 399360
24.1064 21688145 399360
24.1066 21689593 399360
24.1067 21691041 399360
24.1069 21692489 399360
24.107 21693937 399360
24.1072 21695385 399360
24.1073 21696833 399360
24.1075 21698281 399360
24.1076 21699729 399360
24.1078 21701177 399360
24.1079 21702625 399360
24.1081 21704073 399360
24.1082 21705521 399360
24.1084 21706969 399360
24.1085 21708417 399360
24.1087 21709865 399360
24.1088 21711313 399360
24.109 21712761 399360
24.1091 21714209 399360
24.1093 21715657 399360
24.1094 21717105 399360
24.1096 21718553 399360
24.1097 21720001 399360
24.11 21721449 399360
24.1106 21722897 399360
24.1109 21724345 399360
24.1111 21725793 399360
24.1114 21727241 399360
24.1118 21728689 399360
24.1121 21730137 399360
24.1124 21731585 399360
24.1127 21733033 399360
24.1132 21734481 399360
24.1135 21735929 399360
24.1329 21737377 399360
24.1332 21738825 399360
24.1336 21740273 399360
24.1339 21741721 399360
24.1342 21743169 399360
24.1345 21744617 399360
24.1348 21746065 399360
24.135 21747513 399360
24.1351 21748961 399360
24.1353 21750409 399360
24.1354 21751857 399360
24.1356 21753305 399360
24.1357 21754753 399360
24.1359 21756201 399360
24.136 21757649 399360
24.1362 21759097 399360
24.1363 21760545 399360
24.1365 21761993 399360
24.1371 21763441 399360
24.1374 21764889 399360
24.1377 21766337 399360
24.138 21767785 399360
24.1381 21769233 399360
24.1383 21770681 399360
24.1384 21772129 399360
24.1386 21773577 399360
24.1387 21775025 399360
24.139 21776473 399360
24.1393 21777921 399360
24.1396 21779369 399360
24.1399 21780817 399360
24.1401 21782265 399360
24.1402 21783713 399360
24.1404 21785161 399360
24.1405 21786609 399360
24.1407 21788057 399360
24.1408 21789505 399360
24.141 21790953 399360
24.1411 21792401 399360
24.1414 21793849 399360
24.1417 21795297 399360
24.1419 21796745 399360
24.142 21798193 399360
24.1423 21799641 399360
24.1426 21801089 399360
24.1429 21802537 399360
24.1432 21803985 399360
24.1434 21805433 399360
24.1435 21806881 399360
24.1437 21808329 399360
24.1438 21809777 399360
24.144 21811225 399360
24.1441 21812673 399360
24.1443 21814121 399360
24.1444 21815569 399360
24.1446 21817017 399360
24.1447 21818465 399360
24.1449 21819913 399360
24.145 21821361 399360
24.1452 21822809 399360
24.1453 21824257 399360
24.1455 21825705 399360
24.1456 21827153 399360
24.1458 21828601 399360
24.1459 21830049 400896
24.1461 21831497 400896
24.1462 21832945 400896
24.1464 21834393 400896
24.1465 21835841 400896
24.1467 21837289 400896
24.1468 21838737 400896
24.147 21840185 400896
24.1471 21841633 400896
24.1473 21843081 400896
24.1474 21844529 400896
24.1476 21845977 400896
24.1477 21847425 400896
24.1479 21848873 400896
24.148 21850321 400896
24.1482 21851769 400896
24.1483 21853217 400896
24.1485 21854665 400896
24.1486 21856113 400896
24.1488 21857561 400896
24.1489 21859009 400896
24.1491 21860457 400896
24.1492 21861905 400896
24.1494 21863353 400896
24.1497 21864801 400896
24.15 21866249 400896
24.1501 21867697 400896
24.1504 21869145 400896
24.1507 21870593 400896
24.1515 21872041 400896
24.1516 21873489 400896
24.1518 21874937 400896
24.1519 21876385 400896
24.1521 21877833 400896
24.1522 21879281 400896
24.1524 21880729 400896
24.1525 21882177 400896
24.1527 21883625 400896
24.1528 21885073 400896
24.153 21886521 400896
24.1531 21887969 400896
24.1533 21889417 400896
24.1534 21890865 400896
24.1536 21892313 400896
24.1537 21893761 400896
24.1539 21895209 400896
24.154 21896657 400896
24.1542 21898105 400896
24.1543 21899553 400896
24.1545 21901001 400896
24.1546 21902449 400896
24.1548 21903897 400896
24.1549 21905345 400896
24.1551 21906793 400896
24.1552 21908241 400896
24.1554 21909689 400896
24.1555 21911137 400896
24.1557 21912585 400896
24.1558 21914033 400896
24.156 21915481 400896
24.1561 21916929 400896
24.1563 21918377 400896
24.1564 21919825 400896
24.1566 21921273 400896
24.1567 21922721 400896
24.1569 21924169 400896
24.157 21925617 400896
24.1572 21927065 400896
24.1573 21928513 400896
24.1575 21929961 400896
24.1576 21931409 400896
24.1578 21932857 400896
24.1579 21934305 400896
24.1581 21935753 400896
24.1582 21937201 400896
24.1584 21938649 400896
24.1585 21940097 400896
24.1587 21941545 400896
24.1588 21942993 400896
24.159 21944441 400896
24.1591 21945889 400896
24.1593 21947337 400896
24.1594 21948785 400896
24.1596 21950233 400896
24.1597 21951681 400896
24.1599 21953129 400896
24.16 21954577 400896
24.1602 21956025 400896
24.1603 21957473 400896
24.1605 21958921 400896
24.1606 21960369 400896
24.1608 21961817 400896
24.1609 21963265 400896
24.1611 21964713 400896
24.1612 21966161 400896
24.1614 21967609 400896
24.1615 21969057 400896
24.1617 21970505 400896
24.1618 21971953 400896
24.162 21973401 400896
24.1621 21974849 400896
24.1623 21976297 400896
24.1624 21977745 400896
24.1626 21979193 400896
24.1627 21980641 400896
24.1629 21982089 400896
24.163 21983537 400896
24.1632 21984985 400896
24.1633 21986433 400896
24.1635 21987881 400896
24.1636 21989329 400896
24.1638 21990777 400896
24.1639 21992225 400896
24.1641 21993673 400896
24.1642 21995121 400896
24.1644 21996569 400896
24.1645 21998017 400896
24.1647 21999465 400896
24.1648 22000913 400896
24.165 22002361 400896
24.1651 22003809 400896
24.1653 22005257 400896
24.1654 22006705 400896
24.1656 22008153 400896
24.1657 22009601 400896
24.1659 22011049 400896
24.166 22012497 400896
24.1662 22013945 400896
24.1663 22015393 400896
24.1665 22016841 400896
24.1666 22018289 400896
24.1668 22019737 400896
24.1669 22021185 400896
24.1671 22022633 400896
24.1672 22024081 400896
24.1674 22025529 400896
24.1675 22026977 400896
24.1677 22028425 400896
24.1678 22029873 400896
24.1681 22031321 400896
24.1684 22032769 400896
24.1702 22034217 400896
24.1706 22035665 400896
24.1727 22037113 400896
24.173 22038561 400896
24.1748 22040009 400896
24.1751 22041457 400896
24.1767 22042905 400896
24.177 22044353 400896
24.1785 22045801 400896
24.1788 22047249 400896
24.18 22048697 400896
24.1803 22050145 400896
24.1814 22051593 400896
24.1817 22053041 400896
24.1826 22054489 400896
24.1829 22055937 400896
24.1838 22057385 400896
24.1841 22058833 400896
24.1848 22060281 400896
24.1851 22061729 400896
24.1857 22063177 400896
24.186 22064625 400896
24.1866 22066073 400896
24.1869 22067521 400896
24.1875 22068969 400896
24.1878 22070417 400896
24.1884 22071865 400896
24.1887 22073313 400896
24.189 22074761 400896
24.1893 22076209 400896
24.1896 22077657 400896
24.1899 22079105 400896
24.1902 22080553 400896
24.1905 22082001 400896
24.1908 22083449 400896
24.1911 22084897 400896
24.1914 22086345 400896
24.1917 22087793 400896
24.192 22089241 400896
24.1922 22090689 400896
24.1923 22092137 400896
24.1925 22093585 400896
24.1926 22095033 400896
24.1928 22096481 400896
24.1929 22097929 400896
24.1931 22099377 400896
24.1932 22100825 400896
24.1934 22102273 400896
24.1935 22103721 400896
24.1937 22105169 400896
24.1938 22106617 400896
24.194 22108065 400896
24.1941 22109513 400896
24.1943 22110961 400896
24.1944 22112409 400896
24.1946 22113857 400896
24.1947 22115305 400896
24.1949 22116753 400896
24.195 22118201 400896
24.1952 22119649 400896
24.1955 22121097 400896
24.1958 22122545 400896
24.1964 22123993 400896
24.1967 22125441 400896
24.1968 22126889 400896
24.1971 22128337 400896
24.1976 22129785 400896
24.1979 22131233 400896
24.1982 22132681 400896
24.1985 22134129 400896
24.1989 22135577 400896
24.1992 22137025 400896
24.2188 22138473 400896
24.2191 22139921 400896
24.2195 22141369 400896
24.2198 22142817 400896
24.2201 22144265 400896
24.2204 22145713 400896
24.2207 22147161 400896
24.2209 22148609 400896
24.221 22150057 400896
24.2212 22151505 400896
24.2213 22152953 400896
24.2215 22154401 400896
24.2216 22155849 400896
24.2218 22157297 400896
24.2219 22158745 400896
24.2221 22160193 400896
24.2222 22161641 400896
24.2224 22163089 400896
24.223 22164537 400896
24.2233 22165985 400896
24.2236 22167433 400896
24.2239 22168881 400896
24.224 22170329 400896
24.2242 22171777 400896
24.2243 22173225 400896
24.2245 22174673 400896
24.2246 22176121 400896
24.2249 22177569 400896
24.2252 22179017 400896
24.2255 22180465 400896
24.2258 22181913 400896
24.226 22183361 400896
24.2261 22184809 400896
24.2263 22186257 400896
24.2264 22187705 400896
24.2266 22189153 400896
24.2267 22190601 400896
24.2269 22192049 400896
24.227 22193497 400896
24.2273 22194945 400896
24.2276 22196393 400896
24.2278 22197841 400896
24.2279 22199289 400896
24.2282 22200737 400896
24.2285 22202185 400896
24.2288 22203633 400896
24.2291 22205081 400896
24.2293 22206529 400896
24.2294 22207977 402432
24.2296 22209425 402432
24.2297 22210873 402432
24.2299 22212321 402432
24.23 22213769 402432
24.2302 22215217 402432
24.2303 22216665 402432
24.2305 22218113 402432
24.2306 22219561 402432
24.2308 22221009 402432
24.2309 22222457 402432
24.2311 22223905 402432
24.2312 22225353 402432
24.2314 22226801 402432
24.2315 22228249 402432
24.2317 22229697 402432
24.2318 22231145 402432
24.232 22232593 402432
24.2321 22234041 402432
24.2323 22235489 402432
24.2324 22236937 402432
24.2326 22238385 402432
24.2327 22239833 402432
24.2329 22241281 402432
24.233 22242729 402432
24.2332 22244177 402432
24.2333 22245625 402432
24.2335 22247073 402432
24.2336 22248521 402432
24.2338 22249969 402432
24.2339 22251417 402432
24.2341 22252865 402432
24.2342 22254313 402432
24.2344 22255761 402432
24.2345 22257209 402432
24.2347 22258657 402432
24.2348 22260105 402432
24.235 22261553 402432
24.2351 22263001 402432
24.2353 22264449 402432
24.2354 22265897 402432
24.2357 22267345 402432
24.236 22268793 402432
24.2362 22270241 402432
24.2365 22271689 402432
24.2372 22273137 402432
24.2375 22274585 402432
24.2377 22276033 402432
24.2378 22277481 402432
24.238 22278929 402432
24.2381 22280377 402432
24.2383 22281825 402432
24.2384 22283273 402432
24.2386 22284721 402432
24.2387 22286169 402432
24.2389 22287617 402432
24.239 22289065 402432
24.2392 22290513 402432
24.2393 22291961 402432
24.2395 22293409 402432
24.2396 22294857 402432
24.2398 22296305 402432
24.2399 22297753 402432
24.2401 22299201 402432
24.2402 22300649 402432
24.2404 22302097 402432
24.2405 22303545 402432
24.2407 22304993 402432
24.2408 22306441 402432
24.241 22307889 402432
24.2411 22309337 402432
24.2413 22310785 402432
24.2414 22312233 402432
24.2416 22313681 402432
24.2417 22315129 402432
24.2419 22316577 402432
24.242 22318025 402432
24.2422 22319473 402432
24.2423 22320921 402432
24.2425 22322369 402432
24.2426 22323817 402432
24.2428 22325265 402432
24.2429 22326713 402432
24.2431 22328161 402432
24.2432 22329609 402432
24.2434 22331057 402432
24.2435 22332505 402432
24.2437 22333953 402432
24.2438 22335401 402432
24.244 22336849 402432
24.2441 22338297 402432
24.2443 22339745 402432
24.2444 22341193 402432
24.2446 22342641 402432
24.2447 22344089 402432
24.2449 22345537 402432
24.245 22346985 402432
24.2452 22348433 402432
24.2453 22349881 402432
24.2455 22351329 402432
24.2457 22352777 402432
24.2458 22354225 402432
24.246 22355673 402432
24.2461 22357121 402432
24.2463 22358569 402432
24.2464 22360017 402432
24.2466 22361465 402432
24.2467 22362913 402432
24.2469 22364361 402432
24.247 22365809 402432
24.2472 22367257 402432
24.2473 22368705 402432
24.2475 22370153 402432
24.2476 22371601 402432
24.2478 22373049 402432
24.2479 22374497 402432
24.2481 22375945 402432
24.2482 22377393 402432
24.2484 22378841 402432
24.2485 22380289 402432
24.2487 22381737 402432
24.2488 22383185 402432
24.249 22384633 402432
24.2491 22386081 402432
24.2493 22387529 402432
24.2494 22388977 402432
24.2496 22390425 402432
24.2497 22391873 402432
24.2499 22393321 402432
24.25 22394769 402432
24.2502 22396217 402432
24.2503 22397665 402432
24.2505 22399113 402432
24.2506 22400561 402432
24.2508 22402009 402432
24.2509 22403457 402432
24.2511 22404905 402432
24.2512 22406353 402432
24.2514 22407801 402432
24.2515 22409249 402432
24.2517 22410697 402432
24.2518 22412145 402432
24.252 22413593 402432
24.2521 22415041 402432
24.2523 22416489 402432
24.2524 22417937 402432
24.2526 22419385 402432
24.2527 22420833 402432
24.2529 22422281 402432
24.253 22423729 402432
24.2532 22425177 402432
24.2533 22426625 402432
24.2535 22428073 402432
24.2536 22429521 402432
24.2538 22430969 402432
24.2541 22432417 402432
24.2544 22433865 402432
24.2563 22435313 403968
24.2566 22436761 403968
24.2569 22438209 403968
24.2592 22439657 403968
24.2593 22441105 403968
24.2613 22442553 403968
24.2614 22444001 403968
24.2632 22445449 403968
24.2634 22446897 403968
24.265 22448345 403968
24.2652 22449793 403968
24.2665 22451241 403968
24.2667 22452689 403968
24.2679 22454137 403968
24.268 22455585 403968
24.2691 22457033 403968
24.2692 22458481 403968
24.2703 22459929 403968
24.2704 22461377 403968
24.2713 22462825 403968
24.2715 22464273 403968
24.2722 22465721 403968
24.2724 22467169 403968
24.2731 22468617 403968
24.2733 22470065 403968
24.274 22471513 403968
24.2742 22472961 403968
24.2749 22474409 403968
24.2751 22475857 403968
24.2755 22477305 403968
24.2757 22478753 403968
24.2761 22480201 403968
24.2763 22481649 403968
24.2767 22483097 403968
24.2769 22484545 403968
24.2773 22485993 403968
24.2775 22487441 403968
24.2779 22488889 403968
24.2781 22490337 403968
24.2785 22491785 403968
24.2787 22493233 403968
24.2788 22494681 403968
24.279 22496129 403968
24.2791 22497577 403968
24.2793 22499025 403968
24.2794 22500473 403968
24.2796 22501921 403968
24.2797 22503369 403968
24.2799 22504817 403968
24.28 22506265 403968
24.2802 22507713 403968
24.2803 22509161 403968
24.2805 22510609 403968
24.2806 22512057 403968
24.2808 22513505 403968
24.2809 22514953 403968
24.2811 22516401 403968
24.2812 22517849 403968
24.2814 22519297 403968
24.2815 22520745 403968
24.2817 22522193 403968
24.2818 22523641 403968
24.2821 22525089 403968
24.2827 22526537 403968
24.2831 22527985 403968
24.2834 22529433 403968
24.2835 22530881 403968
24.284 22532329 403968
24.2843 22533777 403968
24.2846 22535225 403968
24.2849 22536673 403968
24.2853 22538121 403968
24.2856 22539569 403968
24.3051 22541017 403968
24.3054 22542465 403968
24.3059 22543913 403968
24.3062 22545361 403968
24.3065 22546809 403968
24.3068 22548257 403968
24.3071 22549705 403968
24.3072 22551153 403968
24.3074 22552601 403968
24.3075 22554049 403968
24.3077 22555497 403968
24.3078 22556945 403968
24.308 22558393 403968
24.3081 22559841 403968
24.3083 22561289 403968
24.3084 22562737 403968
24.3086 22564185 403968
24.3087 22565633 403968
24.3093 22567081 403968
24.3096 22568529 403968
24.3099 22569977 403968
24.3102 22571425 403968
24.3104 22572873 403968
24.3105 22574321 403968
24.3107 22575769 403968
24.3108 22577217 403968
24.311 22578665 403968
24.3113 22580113 403968
24.3116 22581561 403968
24.3119 22583009 403968
24.3122 22584457 403968
24.3123 22585905 403968
24.3125 22587353 403968
24.3126 22588801 403968
24.3128 22590249 403968
24.3129 22591697 403968
24.3131 22593145 403968
24.3132 22594593 403968
24.3134 22596041 403968
24.3137 22597489 403968
24.314 22598937 403968
24.3141 22600385 403968
24.3143 22601833 403968
24.3146 22603281 403968
24.3149 22604729 403968
24.3152 22606177 403968
24.3155 22607625 403968
24.3156 22609073 403968
24.3158 22610521 403968
24.3159 22611969 403968
24.3161 22613417 403968
24.3162 22614865 403968
24.3164 22616313 403968
24.3165 22617761 403968
24.3167 22619209 403968
24.3168 22620657 403968
24.317 22622105 403968
24.3171 22623553 403968
24.3173 22625001 403968
24.3174 22626449 403968
24.3176 22627897 403968
24.3177 22629345 403968
24.3179 22630793 403968
24.318 22632241 403968
24.3182 22633689 403968
24.3183 22635137 403968
24.3185 22636585 403968
24.3186 22638033 403968
24.3188 22639481 403968
24.3189 22640929 403968
24.3191 22642377 403968
24.3192 22643825 403968
24.3194 22645273 403968
24.3195 22646721 403968
24.3197 22648169 403968
24.3198 22649617 403968
24.32 22651065 403968
24.3201 22652513 403968
24.3203 22653961 403968
24.3205 22655409 403968
24.3206 22656857 403968
24.3208 22658305 403968
24.3209 22659753 403968
24.3211 22661201 403968
24.3212 22662649 403968
24.3214 22664097 403968
24.3215 22665545 403968
24.3217 22666993 403968
24.3218 22668441 403968
24.3221 22669889 403968
24.3224 22671337 403968
24.3226 22672785 403968
24.3229 22674233 403968
24.3232 22675681 403968
24.3239 22677129 403968
24.3241 22678577 403968
24.3242 22680025 403968
24.3244 22681473 403968
24.3245 22682921 403968
24.3247 22684369 403968
24.3248 22685817 403968
24.325 22687265 403968
24.3251 22688713 403968
24.3253 22690161 403968
24.3254 22691609 403968
24.3256 22693057 403968
24.3257 22694505 403968
24.3259 22695953 403968
24.326 22697401 403968
24.3262 22698849 403968
24.3263 22700297 403968
24.3265 22701745 403968
24.3266 22703193 403968
24.3268 22704641 403968
24.3269 22706089 403968
24.3271 22707537 403968
24.3272 22708985 403968
24.3274 22710433 403968
24.3275 22711881 403968
24.3277 22713329 403968
24.3278 22714777 403968
24.328 22716225 403968
24.3281 22717673 403968
24.3283 22719121 403968
24.3284 22720569 403968
24.3286 22722017 403968
24.3287 22723465 403968
24.3289 22724913 403968
24.329 22726361 403968
24.3292 22727809 403968
24.3293 22729257 403968
24.3295 22730705 403968
24.3296 22732153 403968
24.3298 22733601 403968
24.3299 22735049 403968
24.3301 22736497 403968
24.3302 22737945 403968
24.3304 22739393 403968
24.3305 22740841 403968
24.3307 22742289 403968
24.3308 22743737 403968
24.331 22745185 403968
24.3311 22746633 403968
24.3313 22748081 403968
24.3314 22749529 403968
24.3316 22750977 403968
24.3317 22752425 403968
24.3319 22753873 403968
24.332 22755321 403968
24.3322 22756769 403968
24.3323 22758217 403968
24.3325 22759665 403968
24.3326 22761113 403968
24.3328 22762561 403968
24.3329 22764009 403968
24.3331 22765457 403968
24.3332 22766905 403968
24.3334 22768353 403968
24.3335 22769801 403968
24.3337 22771249 403968
24.3338 22772697 403968
24.334 22774145 403968
24.3341 22775593 403968
24.3343 22777041 403968
24.3344 22778489 403968
24.3346 22779937 403968
24.3347 22781385 403968
24.3349 22782833 403968
24.335 22784281 403968
24.3352 22785729 403968
24.3353 22787177 403968
24.3355 22788625 403968
24.3356 22790073 403968
24.3358 22791521 403968
24.3359 22792969 403968
24.3361 22794417 403968
24.3362 22795865 403968
24.3364 22797313 403968
24.3365 22798761 403968
24.3367 22800209 403968
24.3368 22801657 403968
24.337 22803105 403968
24.3371 22804553 403968
24.3373 22806001 403968
24.3374 22807449 403968
24.3376 22808897 403968
24.3377 22810345 403968
24.3379 22811793 403968
24.338 22813241 403968
24.3382 22814689 403968
24.3383 22816137 403968
24.3385 22817585 403968
24.3386 22819033 403968
24.3388 22820481 403968
24.3389 22821929 403968
24.3391 22823377 403968
24.3392 22824825 403968
24.3394 22826273 403968
24.3395 22827721 403968
24.3397 22829169 403968
24.3398 22830617 403968
24.34 22832065 403968
24.3401 22833513 403968
24.3404 22834961 403968
24.3409 22836409 403968
24.3431 22839305 403968
24.3433 22840753 403968
24.3457 22842201 404992
24.3458 22843649 404992
24.346 22845097 404992
24.3478 22846545 404992
24.3479 22847993 404992
24.3491 22849441 404992
24.3493 22850889 404992
24.3494 22852337 404992
24.3496 22853785 404992
24.3497 22855233 404992
24.3499 22856681 404992
24.35 22858129 404992
24.3502 22859577 404992
24.3503 22861025 404992
24.3505 22862473 404992
24.3512 22863921 404992
24.3514 22865369 404992
24.3523 22866817 404992
24.3524 22868265 404992
24.3532 22869713 404992
24.3533 22871161 404992
24.3541 22872609 404992
24.3542 22874057 404992
24.355 22875505 404992
24.3551 22876953 404992
24.3559 22878401 404992
24.356 22879849 404992
24.3565 22881297 404992
24.3566 22882745 404992
24.3571 22884193 404992
24.3572 22885641 404992
24.3577 22887089 404992
24.3578 22888537 404992
24.3583 22889985 404992
24.3585 22891433 404992
24.3589 22892881 404992
24.3591 22894329 404992
24.3595 22895777 404992
24.3597 22897225 404992
24.3598 22898673 404992
24.36 22900121 404992
24.3601 22901569 404992
24.3603 22903017 404992
24.3604 22904465 404992
24.3606 22905913 404992
24.3607 22907361 404992
24.3609 22908809 404992
24.361 22910257 404992
24.3612 22911705 404992
24.3613 22913153 404992
24.3615 22914601 404992
24.3616 22916049 404992
24.3618 22917497 404992
24.3619 22918945 404992
24.3621 22920393 404992
24.3622 22921841 404992
24.3624 22923289 404992
24.3625 22924737 404992
24.3627 22926185 404992
24.3628 22927633 404992
24.3631 22929081 404992
24.3639 22930529 404992
24.3642 22931977 404992
24.3645 22933425 404992
24.3646 22934873 404992
24.3651 22936321 404992
24.3654 22937769 404992
24.3657 22939217 404992
24.366 22940665 404992
24.3664 22942113 404992
24.3667 22943561 404992
24.3862 22945009 404992
24.3865 22946457 404992
24.387 22947905 404992
24.3873 22949353 404992
24.3876 22950801 404992
24.3879 22952249 404992
24.3882 22953697 404992
24.3883 22955145 404992
24.3885 22956593 404992
24.3886 22958041 404992
24.3888 22959489 404992
24.3889 22960937 404992
24.3891 22962385 404992
24.3892 22963833 404992
24.3894 22965281 404992
24.3895 22966729 404992
24.3897 22968177 404992
24.3898 22969625 404992
24.3904 22971073 404992
24.3907 22972521 404992
24.391 22973969 404992
24.3913 22975417 404992
24.3915 22976865 404992
24.3916 22978313 404992
24.3918 22979761 404992
24.3919 22981209 404992
24.3921 22982657 404992
24.3924 22984105 404992
24.3927 22985553 404992
24.393 22987001 404992
24.3933 22988449 404992
24.3934 22989897 404992
24.3936 22991345 404992
24.3937 22992793 404992
24.3939 22994241 404992
24.394 22995689 404992
24.3942 22997137 404992
24.3943 22998585 404992
24.3945 23000033 404992
24.3948 23001481 404992
24.3951 23002929 404992
24.3952 23004377 404992
24.3954 23005825 404992
24.3957 23007273 404992
24.396 23008721 404992
24.3963 23010169 404992
24.3966 23011617 404992
24.3968 23013065 404992
24.3969 23014513 404992
24.3971 23015961 404992
24.3972 23017409 404992
24.3974 23018857 404992
24.3975 23020305 404992
24.3977 23021753 404992
24.3978 23023201 404992
24.398 23024649 404992
24.3981 23026097 404992
24.3983 23027545 404992
24.3984 23028993 404992
24.3986 23030441 404992
24.3987 23031889 404992
24.3989 23033337 404992
24.399 23034785 404992
24.3992 23036233 404992
24.3993 23037681 404992
24.3995 23039129 404992
24.3996 23040577 404992
24.3998 23042025 404992
24.3999 23043473 404992
24.4001 23044921 404992
24.4002 23046369 404992
24.4004 23047817 404992
24.4005 23049265 404992
24.4007 23050713 404992
24.4008 23052161 404992
24.401 23053609 404992
24.4011 23055057 404992
24.4013 23056505 404992
24.4014 23057953 404992
24.4016 23059401 404992
24.4017 23060849 404992
24.4019 23062297 404992
24.402 23063745 404992
24.4022 23065193 404992
24.4023 23066641 404992
24.4025 23068089 404992
24.4026 23069537 404992
24.4028 23070985 404992
24.4029 23072433 404992
24.4032 23073881 404992
24.4035 23075329 404992
24.4037 23076777 404992
24.404 23078225 404992
24.4043 23079673 404992
24.405 23081121 404992
24.4052 23082569 404992
24.4053 23084017 404992
24.4055 23085465 404992
24.4056 23086913 404992
24.4058 23088361 404992
24.4059 23089809 404992
24.4061 23091257 404992
24.4062 23092705 404992
24.4064 23094153 404992
24.4065 23095601 404992
24.4067 23097049 404992
24.4068 23098497 404992
24.407 23099945 404992
24.4071 23101393 404992
24.4073 23102841 404992
24.4074 23104289 404992
24.4076 23105737 404992
24.4077 23107185 404992
24.4079 23108633 404992
24.408 23110081 404992
24.4082 23111529 404992
24.4083 23112977 404992
24.4085 23114425 404992
24.4086 23115873 404992
24.4088 23117321 404992
24.4089 23118769 404992
24.4091 23120217 404992
24.4092 23121665 404992
24.4094 23123113 404992
24.4095 23124561 404992
24.4097 23126009 404992
24.4098 23127457 404992
24.41 23128905 404992
24.4101 23130353 404992
24.4103 23131801 404992
24.4104 23133249 404992
24.4106 23134697 404992
24.4107 23136145 404992
24.4109 23137593 404992
24.411 23139041 404992
24.4112 23140489 404992
24.4113 23141937 404992
24.4115 23143385 404992
24.4116 23144833 404992
24.4118 23146281 404992
24.4119 23147729 404992
24.4121 23149177 404992
24.4122 23150625 404992
24.4124 23152073 404992
24.4125 23153521 404992
24.4127 23154969 404992
24.4128 23156417 404992
24.413 23157865 404992
24.4131 23159313 404992
24.4133 23160761 404992
24.4134 23162209 404992
24.4136 23163657 404992
24.4137 23165105 404992
24.4139 23166553 404992
24.414 23168001 404992
24.4142 23169449 404992
24.4143 23170897 404992
24.4145 23172345 404992
24.4146 23173793 404992
24.4148 23175241 404992
24.4149 23176689 404992
24.4151 23178137 404992
24.4152 23179585 404992
24.4154 23181033 404992
24.4155 23182481 404992
24.4157 23183929 404992
24.4158 23185377 404992
24.416 23186825 404992
24.4161 23188273 404992
24.4163 23189721 404992
24.4164 23191169 404992
24.4166 23192617 404992
24.4167 23194065 404992
24.4169 23195513 404992
24.417 23196961 404992
24.4172 23198409 404992
24.4173 23199857 404992
24.4175 23201305 404992
24.4176 23202753 404992
24.4178 23204201 404992
24.4179 23205649 404992
24.4181 23207097 404992
24.4182 23208545 404992
24.4184 23209993 404992
24.4185 23211441 404992
24.4187 23212889 404992
24.4188 23214337 404992
24.419 23215785 404992
24.4191 23217233 404992
24.4193 23218681 404992
24.4194 23220129 404992
24.4196 23221577 404992
24.4197 23223025 404992
24.4199 23224473 404992
24.42 23225921 404992
24.4202 23227369 404992
24.4203 23228817 404992
24.4205 23230265 404992
24.4206 23231713 404992
24.4208 23233161 404992
24.4209 23234609 404992
24.4211 23236057 404992
24.4212 23237505 404992
24.4214 23238953 404992
24.422 23240401 404992
24.4221 23241849 404992
24.4244 23243297 404992
24.4245 23244745 404992
24.4269 22837857 403968
24.4271 23246193 402432
24.4289 23247641 401408
24.4301 23249089 400896
24.4302 23250537 400384
24.4304 23251985 399872
24.4349 23253433 369152
24.4947 23528553 285184
24.4948 23530001 285184
24.4962 23531449 286208
24.4963 23532897 286208
24.4966 23534345 286208
24.4977 23535793 286208
24.4978 23537241 286208
24.5023 23538689 286208
24.5025 23540137 286208
24.5273 23541585 286208
24.5276 23543033 286208
24.5279 23544481 286208
24.528 23545929 286208
24.5282 23547377 286208
24.5283 23548825 286208
24.5285 23550273 286208
24.5286 23551721 286208
24.5291 23553169 287744
24.5292 23554617 287744
24.5295 23556065 287744
24.5298 23557513 287744
24.53 23558961 287744
24.5301 23560409 287744
24.5303 23561857 287744
24.5304 23563305 287744
24.5306 23564753 287744
24.5307 23566201 287744
24.5309 23567649 287744
24.531 23569097 287744
24.5312 23570545 287744
24.5316 23571993 287744
24.5318 23573441 287744
24.5319 23574889 287744
24.5321 23576337 287744
24.5325 23577785 287744
24.5327 23579233 287744
24.5331 23580681 287744
24.5333 23582129 287744
24.5334 23583577 287744
24.5336 23585025 287744
24.5337 23586473 287744
24.5339 23587921 287744
24.534 23589369 287744
24.5342 23590817 287744
24.5343 23592265 287744
24.5345 23593713 287744
24.5346 23595161 287744
24.5348 23596609 287744
24.5349 23598057 287744
24.5351 23599505 287744
24.5352 23600953 287744
24.5354 23602401 287744
24.5355 23603849 287744
24.5357 23605297 287744
24.5358 23606745 287744
24.536 23608193 287744
24.5361 23609641 287744
24.5363 23611089 287744
24.5364 23612537 287744
24.5366 23613985 287744
24.5367 23615433 287744
24.5369 23616881 287744
24.537 23618329 287744
24.5372 23619777 287744
24.5373 23621225 287744
24.5375 23622673 287744
24.5376 23624121 287744
24.5378 23625569 287744
24.5379 23627017 287744
24.5381 23628465 287744
24.5382 23629913 287744
24.5384 23631361 287744
24.5385 23632809 287744
24.5387 23634257 287744
24.5388 23635705 287744
24.539 23637153 287744
24.5391 23638601 287744
24.5393 23640049 287744
24.5394 23641497 287744
24.5396 23642945 287744
24.54 23644393 287744
24.5402 23645841 287744
24.5403 23647289 287744
24.5406 23648737 287744
24.5415 23650185 287744
24.5417 23651633 287744
24.5418 23653081 287744
24.542 23654529 287744
24.5421 23655977 287744
24.5423 23657425 287744
24.5424 23658873 287744
24.5426 23660321 287744
24.5427 23661769 287744
24.5429 23663217 287744
24.543 23664665 287744
24.5432 23666113 287744
24.5433 23667561 287744
24.5435 23669009 287744
24.5436 23670457 287744
24.5438 23671905 287744
24.5439 23673353 287744
24.5441 23674801 287744
24.5442 23676249 287744
24.5444 23677697 287744
24.5445 23679145 287744
24.5447 23680593 287744
24.5448 23682041 287744
24.545 23683489 287744
24.5451 23684937 287744
24.5453 23686385 287744
24.5454 23687833 287744
24.5456 23689281 287744
24.5458 23690729 287744
24.5459 23692177 287744
24.5461 23693625 287744
24.5462 23695073 287744
24.5464 23696521 287744
24.5465 23697969 287744
24.5467 23699417 287744
24.5468 23700865 287744
24.547 23702313 287744
24.5471 23703761 287744
24.5473 23705209 287744
24.5474 23706657 287744
24.5476 23708105 287744
24.5477 23709553 287744
24.5479 23711001 287744
24.548 23712449 287744
24.5482 23713897 287744
24.5483 23715345 287744
24.5485 23716793 287744
24.5486 23718241 287744
24.5488 23719689 287744
24.5489 23721137 287744
24.5491 23722585 287744
24.5492 23724033 287744
24.5494 23725481 287744
24.5495 23726929 287744
24.5497 23728377 287744
24.5498 23729825 287744
24.55 23731273 287744
24.5501 23732721 287744
24.5503 23734169 287744
24.5504 23735617 287744
24.5506 23737065 287744
24.5507 23738513 287744
24.5509 23739961 287744
24.551 23741409 287744
24.5512 23742857 287744
24.5513 23744305 287744
24.5515 23745753 287744
24.5516 23747201 287744
24.5518 23748649 287744
24.5519 23750097 287744
24.5521 23751545 287744
24.5522 23752993 287744
24.5524 23754441 287744
24.5525 23755889 287744
24.5527 23757337 287744
24.5528 23758785 287744
24.553 23760233 287744
24.5531 23761681 287744
24.5533 23763129 287744
24.5534 23764577 287744
24.5536 23766025 287744
24.5537 23767473 287744
24.5539 23768921 287744
24.554 23770369 287744
24.5542 23771817 287744
24.5543 23773265 287744
24.5545 23774713 287744
24.5546 23776161 287744
24.5548 23777609 287744
24.5549 23779057 287744
24.5551 23780505 287744
24.5552 23781953 287744
24.5554 23783401 287744
24.5555 23784849 287744
24.5557 23786297 287744
24.5558 23787745 287744
24.556 23789193 287744
24.5561 23790641 287744
24.5563 23792089 287744
24.5564 23793537 287744
24.5566 23794985 287744
24.5567 23796433 287744
24.5569 23797881 287744
24.557 23799329 287744
24.5572 23800777 287744
24.5573 23802225 287744
24.5575 23803673 287744
24.5576 23805121 287744
24.5578 23806569 287744
24.5579 23808017 287744
24.5585 23809465 287744
24.5587 23810913 287744
24.5608 23812361 287744
24.5609 23813809 287744
24.5621 23815257 287744
24.5623 23816705 287744
24.5636 23818153 287744
24.5638 23819601 287744
24.5641 23821049 287744
24.5642 23822497 287744
24.5653 23823945 287744
24.5654 23825393 287744
24.5699 23826841 289280
24.5701 23828289 289280
24.5704 23829737 289280
24.5953 23831185 289280
24.5956 23832633 289280
24.5958 23834081 289280
24.5959 23835529 289280
24.5961 23836977 289280
24.5962 23838425 289280
24.5964 23839873 289280
24.5967 23841321 289280
24.597 23842769 289280
24.5973 23844217 289280
24.5976 23845665 289280
24.5977 23847113 289280
24.5979 23848561 289280
24.598 23850009 289280
24.5982 23851457 289280
24.5983 23852905 289280
24.5985 23854353 289280
24.5986 23855801 289280
24.5988 23857249 289280
24.5989 23858697 289280
24.5994 23860145 289280
24.5995 23861593 289280
24.5997 23863041 289280
24.5998 23864489 289280
24.6003 23865937 289280
24.6004 23867385 289280
24.6009 23868833 289280
24.601 23870281 289280
24.6012 23871729 289280
24.6013 23873177 289280
24.6015 23874625 289280
24.6016 23876073 289280
24.6018 23877521 289280
24.6019 23878969 289280
24.6021 23880417 289280
24.6022 23881865 289280
24.6024 23883313 289280
24.6025 23884761 289280
24.6027 23886209 289280
24.6028 23887657 289280
24.603 23889105 289280
24.6031 23890553 289280
24.6033 23892001 289280
24.6034 23893449 289280
24.6036 23894897 289280
24.6037 23896345 289280
24.6039 23897793 289280
24.604 23899241 289280
24.6042 23900689 289280
24.6043 23902137 289280
24.6045 23903585 289280
24.6046 23905033 289280
24.6048 23906481 289280
24.6049 23907929 289280
24.6051 23909377 289280
24.6052 23910825 289280
24.6054 23912273 289280
24.6055 23913721 289280
24.6057 23915169 289280
24.6058 23916617 289280
24.606 23918065 289280
24.6061 23919513 289280
24.6063 23920961 289280
24.6064 23922409 289280
24.6066 23923857 289280
24.6067 23925305 289280
24.6069 23926753 289280
24.607 23928201 289280
24.6072 23929649 289280
24.6073 23931097 289280
24.6078 23932545 289280
24.6079 23933993 289280
24.6081 23935441 289280
24.6084 23936889 289280
24.6093 23938337 289280
24.6094 23939785 289280
24.6096 23941233 289280
24.6097 23942681 289280
24.6099 23944129 289280
24.61 23945577 289280
24.6102 23947025 289280
24.6103 23948473 289280
24.6105 23949921 289280
24.6106 23951369 289280
24.6108 23952817 289280
24.6109 23954265 289280
24.6111 23955713 289280
24.6112 23957161 289280
24.6114 23958609 289280
24.6115 23960057 289280
24.6117 23961505 289280
24.6118 23962953 289280
24.612 23964401 289280
24.6121 23965849 289280
24.6123 23967297 289280
24.6124 23968745 289280
24.6126 23970193 289280
24.6127 23971641 289280
24.6129 23973089 289280
24.613 23974537 289280
24.6132 23975985 289280
24.6133 23977433 289280
24.6135 23978881 289280
24.6136 23980329 289280
24.6138 23981777 289280
24.6139 23983225 289280
24.6141 23984673 289280
24.6142 23986121 289280
24.6144 23987569 289280
24.6145 23989017 289280
24.6147 23990465 289280
24.6148 23991913 289280
24.615 23993361 289280
24.6151 23994809 289280
24.6153 23996257 289280
24.6154 23997705 289280
24.6156 23999153 289280
24.6157 24000601 289280
24.6159 24002049 289280
24.616 24003497 289280
24.6162 24004945 289280
24.6163 24006393 289280
24.6165 24007841 289280
24.6166 24009289 289280
24.6168 24010737 289280
24.6169 24012185 289280
24.6171 24013633 289280
24.6172 24015081 289280
24.6174 24016529 289280
24.6175 24017977 289280
24.6177 24019425 290816
24.6178 24020873 290816
24.618 24022321 290816
24.6181 24023769 290816
24.6183 24025217 290816
24.6184 24026665 290816
24.6186 24028113 290816
24.6187 24029561 290816
24.6189 24031009 290816
24.619 24032457 290816
24.6192 24033905 290816
24.6193 24035353 290816
24.6195 24036801 290816
24.6196 24038249 290816
24.6198 24039697 290816
24.6199 24041145 290816
24.6201 24042593 290816
24.6202 24044041 290816
24.6204 24045489 290816
24.6205 24046937 290816
24.6207 24048385 290816
24.6209 24049833 290816
24.621 24051281 290816
24.6212 24052729 290816
24.6213 24054177 290816
24.6215 24055625 290816
24.6216 24057073 290816
24.6218 24058521 290816
24.6219 24059969 290816
24.6221 24061417 290816
24.6222 24062865 290816
24.6224 24064313 290816
24.6225 24065761 290816
24.6227 24067209 290816
24.6228 24068657 290816
24.623 24070105 290816
24.6231 24071553 290816
24.6233 24073001 290816
24.6234 24074449 290816
24.6236 24075897 290816
24.6237 24077345 290816
24.6239 24078793 290816
24.624 24080241 290816
24.6242 24081689 290816
24.6243 24083137 290816
24.6245 24084585 290816
24.6246 24086033 290816
24.6248 24087481 290816
24.6249 24088929 290816
24.6251 24090377 290816
24.6252 24091825 290816
24.6254 24093273 290816
24.6255 24094721 290816
24.6257 24096169 290816
24.6258 24097617 290816
24.6264 24099065 290816
24.6266 24100513 290816
24.6287 24101961 290816
24.6288 24103409 290816
24.63 24104857 290816
24.6302 24106305 290816
24.6315 24107753 290816
24.6317 24109201 290816
24.632 24110649 290816
24.6321 24112097 290816
24.6332 24113545 290816
24.6333 24114993 290816
24.6378 24116441 290816
24.638 24117889 290816
24.6383 24119337 290816
24.6384 24120785 290816
24.6635 24122233 290816
24.6638 24123681 290816
24.664 24125129 290816
24.6641 24126577 290816
24.6643 24128025 290816
24.6644 24129473 290816
24.6646 24130921 290816
24.6649 24132369 290816
24.6652 24133817 290816
24.6655 24135265 290816
24.6658 24136713 290816
24.6659 24138161 290816
24.6661 24139609 290816
24.6662 24141057 290816
24.6664 24142505 290816
24.6665 24143953 290816
24.6667 24145401 290816
24.6668 24146849 290816
24.667 24148297 290816
24.6671 24149745 290816
24.6676 24151193 290816
24.6677 24152641 290816
24.6679 24154089 290816
24.668 24155537 290816
24.6685 24156985 290816
24.6686 24158433 290816
24.6691 24159881 290816
24.6692 24161329 290816
24.6694 24162777 290816
24.6695 24164225 290816
24.6697 24165673 290816
24.6698 24167121 290816
24.67 24168569 290816
24.6701 24170017 290816
24.6703 24171465 290816
24.6704 24172913 290816
24.6706 24174361 290816
24.6707 24175809 290816
24.6709 24177257 290816
24.671 24178705 290816
24.6712 24180153 290816
24.6713 24181601 290816
24.6715 24183049 290816
24.6716 24184497 290816
24.6718 24185945 290816
24.6719 24187393 290816
24.6721 24188841 290816
24.6722 24190289 290816
24.6724 24191737 290816
24.6725 24193185 290816
24.6727 24194633 290816
24.6728 24196081 290816
24.673 24197529 290816
24.6731 24198977 290816
24.6733 24200425 290816
24.6734 24201873 290816
24.6736 24203321 290816
24.6737 24204769 290816
24.6739 24206217 290816
24.674 24207665 290816
24.6742 24209113 290816
24.6743 24210561 290816
24.6745 24212009 290816
24.6746 24213457 290816
24.6748 24214905 290816
24.6749 24216353 290816
24.6751 24217801 290816
24.6752 24219249 290816
24.6754 24220697 290816
24.6755 24222145 290816
24.676 24223593 290816
24.6761 24225041 290816
24.6763 24226489 290816
24.6766 24227937 290816
24.6775 24229385 290816
24.6776 24230833 290816
24.6778 24232281 290816
24.6779 24233729 290816
24.6781 24235177 290816
24.6782 24236625 290816
24.6784 24238073 290816
24.6785 24239521 290816
24.6787 24240969 290816
24.6788 24242417 290816
24.679 24243865 290816
24.6791 24245313 290816
24.6793 24246761 290816
24.6794 24248209 290816
24.6796 24249657 290816
24.6797 24251105 290816
24.6799 24252553 290816
24.68 24254001 290816
24.6802 24255449 290816
24.6803 24256897 290816
24.6805 24258345 290816
24.6806 24259793 290816
24.6808 24261241 290816
24.6809 24262689 290816
24.6811 24264137 290816
24.6812 24265585 290816
24.6814 24267033 290816
24.6815 24268481 290816
24.6817 24269929 290816
24.6818 24271377 290816
24.682 24272825 290816
24.6821 24274273 290816
24.6823 24275721 290816
24.6824 24277169 290816
24.6826 24278617 290816
24.6827 24280065 290816
24.6829 24281513 290816
24.683 24282961 290816
24.6832 24284409 290816
24.6833 24285857 290816
24.6835 24287305 290816
24.6836 24288753 290816
24.6838 24290201 290816
24.6839 24291649 290816
24.6841 24293097 290816
24.6842 24294545 290816
24.6844 24295993 290816
24.6845 24297441 290816
24.6847 24298889 290816
24.6848 24300337 290816
24.685 24301785 290816
24.6851 24303233 290816
24.6853 24304681 290816
24.6854 24306129 290816
24.6856 24307577 290816
24.6857 24309025 290816
24.6859 24310473 292352
24.686 24311921 292352
24.6862 24313369 292352
24.6863 24314817 292352
24.6865 24316265 292352
24.6866 24317713 292352
24.6868 24319161 292352
24.6869 24320609 292352
24.6871 24322057 292352
24.6872 24323505 292352
24.6874 24324953 292352
24.6875 24326401 292352
24.6877 24327849 292352
24.6878 24329297 292352
24.688 24330745 292352
24.6881 24332193 292352
24.6883 24333641 292352
24.6884 24335089 292352
24.6886 24336537 292352
24.6887 24337985 292352
24.6889 24339433 292352
24.689 24340881 292352
24.6892 24342329 292352
24.6893 24343777 292352
24.6895 24345225 292352
24.6896 24346673 292352
24.6898 24348121 292352
24.6899 24349569 292352
24.6901 24351017 292352
24.6902 24352465 292352
24.6904 24353913 292352
24.6905 24355361 292352
24.6907 24356809 292352
24.6908 24358257 292352
24.691 24359705 292352
24.6911 24361153 292352
24.6913 24362601 292352
24.6914 24364049 292352
24.6916 24365497 292352
24.6917 24366945 292352
24.6919 24368393 292352
24.692 24369841 292352
24.6922 24371289 292352
24.6923 24372737 292352
24.6925 24374185 292352
24.6926 24375633 292352
24.6928 24377081 292352
24.6929 24378529 292352
24.6931 24379977 292352
24.6932 24381425 292352
24.6934 24382873 292352
24.6935 24384321 292352
24.6937 24385769 292352
24.6938 24387217 292352
24.694 24388665 292352
24.6946 24390113 292352
24.6947 24391561 292352
24.6969 24393009 292352
24.697 24394457 292352
24.6982 24395905 292352
24.6984 24397353 292352
24.6997 24398801 292352
24.6999 24400249 292352
24.7002 24401697 292352
24.7003 24403145 292352
24.7014 24404593 292352
24.7015 24406041 292352
24.706 24407489 292352
24.7062 24408937 292352
24.7065 24410385 292352
24.7066 24411833 292352
24.7315 24413281 292352
24.7318 24414729 292352
24.7321 24416177 292352
24.7323 24417625 292352
24.7324 24419073 292352
24.7326 24420521 292352
24.7327 24421969 292352
24.7329 24423417 292352
24.7332 24424865 292352
24.7335 24426313 292352
24.7338 24427761 292352
24.7341 24429209 292352
24.7343 24430657 292352
24.7344 24432105 292352
24.7346 24433553 292352
24.7347 24435001 292352
24.7349 24436449 292352
24.735 24437897 292352
24.7352 24439345 292352
24.7353 24440793 292352
24.7356 24442241 292352
24.7359 24443689 292352
24.7361 24445137 292352
24.7362 24446585 292352
24.7365 24448033 292352
24.7368 24449481 292352
24.7371 24450929 292352
24.7374 24452377 292352
24.7376 24453825 292352
24.7377 24455273 292352
24.7379 24456721 292352
24.738 24458169 292352
24.7382 24459617 293888
24.7383 24461065 293888
24.7385 24462513 293888
24.7386 24463961 293888
24.7388 24465409 293888
24.7389 24466857 293888
24.7391 24468305 293888
24.7392 24469753 293888
24.7394 24471201 293888
24.7395 24472649 293888
24.7397 24474097 293888
24.7398 24475545 293888
24.74 24476993 293888
24.7401 24478441 293888
24.7403 24479889 293888
24.7404 24481337 293888
24.7406 24482785 293888
24.7407 24484233 293888
24.7409 24485681 293888
24.741 24487129 293888
24.7412 24488577 293888
24.7413 24490025 293888
24.7415 24491473 293888
24.7416 24492921 293888
24.7418 24494369 293888
24.7419 24495817 293888
24.7421 24497265 293888
24.7422 24498713 293888
24.7424 24500161 293888
24.7425 24501609 293888
24.7427 24503057 293888
24.7428 24504505 293888
24.743 24505953 293888
24.7431 24507401 293888
24.7433 24508849 293888
24.7434 24510297 293888
24.7436 24511745 293888
24.7437 24513193 293888
24.7439 24514641 293888
24.7442 24516089 293888
24.7445 24517537 293888
24.7446 24518985 293888
24.7448 24520433 293888
24.7457 24521881 293888
24.746 24523329 293888
24.7461 24524777 293888
24.7463 24526225 293888
24.7464 24527673 293888
24.7466 24529121 293888
24.7467 24530569 293888
24.7469 24532017 293888
24.747 24533465 293888
24.7472 24534913 293888
24.7473 24536361 293888
24.7475 24537809 293888
24.7476 24539257 293888
24.7478 24540705 293888
24.7479 24542153 293888
24.7481 24543601 293888
24.7482 24545049 293888
24.7484 24546497 293888
24.7485 24547945 293888
24.7487 24549393 293888
24.7488 24550841 293888
24.749 24552289 293888
24.7491 24553737 293888
24.7493 24555185 293888
24.7494 24556633 293888
24.7496 24558081 293888
24.7497 24559529 293888
24.7499 24560977 293888
24.75 24562425 293888
24.7502 24563873 293888
24.7503 24565321 293888
24.7505 24566769 293888
24.7506 24568217 293888
24.7508 24569665 293888
24.7509 24571113 293888
24.7511 24572561 293888
24.7512 24574009 293888
24.7514 24575457 293888
24.7515 24576905 293888
24.7517 24578353 293888
24.7518 24579801 293888
24.752 24581249 293888
24.7521 24582697 293888
24.7523 24584145 293888
24.7524 24585593 293888
24.7526 24587041 293888
24.7527 24588489 293888
24.7529 24589937 293888
24.753 24591385 293888
24.7532 24592833 293888
24.7533 24594281 293888
24.7535 24595729 293888
24.7536 24597177 293888
24.7538 24598625 293888
24.7539 24600073 293888
24.7541 24601521 293888
24.7542 24602969 293888
24.7544 24604417 293888
24.7545 24605865 293888
24.7547 24607313 293888
24.7548 24608761 293888
24.755 24610209 293888
24.7551 24611657 293888
24.7553 24613105 293888
24.7554 24614553 293888
24.7556 24616001 293888
24.7557 24617449 293888
24.7559 24618897 293888
24.756 24620345 293888
24.7562 24621793 293888
24.7563 24623241 293888
24.7565 24624689 293888
24.7566 24626137 293888
24.7568 24627585 293888
24.7569 24629033 293888
24.7571 24630481 293888
24.7572 24631929 293888
24.7574 24633377 293888
24.7575 24634825 293888
24.7577 24636273 293888
24.7578 24637721 293888
24.758 24639169 293888
24.7581 24640617 293888
24.7583 24642065 293888
24.7584 24643513 293888
24.7586 24644961 293888
24.7587 24646409 293888
24.7589 24647857 293888
24.759 24649305 293888
24.7592 24650753 293888
24.7593 24652201 293888
24.7595 24653649 293888
24.7596 24655097 293888
24.7598 24656545 293888
24.7599 24657993 293888
24.7601 24659441 293888
24.7602 24660889 293888
24.7604 24662337 293888
24.7605 24663785 293888
24.7607 24665233 293888
24.7608 24666681 293888
24.761 24668129 293888
24.7611 24669577 293888
24.7613 24671025 293888
24.7614 24672473 293888
24.7616 24673921 293888
24.7617 24675369 293888
24.7619 24676817 293888
24.762 24678265 293888
24.7622 24679713 293888
24.7623 24681161 293888
24.7625 24682609 293888
24.7631 24684057 293888
24.7632 24685505 293888
24.7653 24686953 293888
24.7655 24688401 293888
24.7667 24689849 293888
24.7668 24691297 293888
24.7682 24692745 293888
24.7683 24694193 293888
24.7686 24695641 293888
24.7688 24697089 293888
24.7698 24698537 293888
24.77 24699985 293888
24.7745 24701433 293888
24.7747 24702881 293888
24.775 24704329 294912
24.7751 24705777 294912
24.7754 24707225 294912
24.8003 24708673 294912
24.8006 24710121 294912
24.8009 24711569 294912
24.8011 24713017 294912
24.8012 24714465 294912
24.8014 24715913 294912
24.8015 24717361 294912
24.8017 24718809 294912
24.802 24720257 294912
24.8023 24721705 294912
24.8026 24723153 294912
24.8029 24724601 294912
24.803 24726049 294912
24.8032 24727497 294912
24.8033 24728945 294912
24.8035 24730393 294912
24.8036 24731841 294912
24.8038 24733289 294912
24.8039 24734737 294912
24.8041 24736185 294912
24.8044 24737633 294912
24.8047 24739081 294912
24.8048 24740529 294912
24.805 24741977 294912
24.8053 24743425 294912
24.8056 24744873 294912
24.8059 24746321 294912
24.8062 24747769 294912
24.8063 24749217 294912
24.8065 24750665 294912
24.8066 24752113 294912
24.8068 24753561 294912
24.8069 24755009 294912
24.8071 24756457 294912
24.8072 24757905 294912
24.8074 24759353 294912
24.8075 24760801 294912
24.8077 24762249 294912
24.8078 24763697 294912
24.808 24765145 294912
24.8081 24766593 294912
24.8083 24768041 294912
24.8084 24769489 294912
24.8086 24770937 294912
24.8088 24772385 294912
24.8089 24773833 294912
24.8091 24775281 294912
24.8092 24776729 294912
24.8094 24778177 294912
24.8095 24779625 294912
24.8097 24781073 294912
24.8098 24782521 294912
24.81 24783969 294912
24.8101 24785417 294912
24.8103 24786865 294912
24.8104 24788313 294912
24.8106 24789761 294912
24.8107 24791209 294912
24.8109 24792657 294912
24.811 24794105 294912
24.8112 24795553 294912
24.8113 24797001 294912
24.8115 24798449 294912
24.8116 24799897 294912
24.8118 24801345 294912
24.8119 24802793 294912
24.8121 24804241 294912
24.8122 24805689 294912
24.8124 24807137 294912
24.8125 24808585 294912
24.8127 24810033 294912
24.813 24811481 294912
24.8133 24812929 294912
24.8134 24814377 294912
24.8142 24815825 294912
24.8145 24817273 294912
24.8148 24818721 294912
24.8149 24820169 294912
24.8151 24821617 294912
24.8152 24823065 294912
24.8154 24824513 294912
24.8155 24825961 294912
24.8157 24827409 294912
24.8158 24828857 294912
24.816 24830305 294912
24.8161 24831753 294912
24.8163 24833201 294912
24.8164 24834649 294912
24.8166 24836097 294912
24.8167 24837545 294912
24.8169 24838993 294912
24.817 24840441 294912
24.8172 24841889 294912
24.8173 24843337 294912
24.8175 24844785 294912
24.8176 24846233 294912
24.8178 24847681 294912
24.8179 24849129 294912
24.8181 24850577 294912
24.8182 24852025 294912
24.8184 24853473 294912
24.8185 24854921 294912
24.8187 24856369 296448
24.8188 24857817 296448
24.819 24859265 296448
24.8191 24860713 296448
24.8193 24862161 296448
24.8194 24863609 296448
24.8196 24865057 296448
24.8197 24866505 296448
24.8199 24867953 296448
24.82 24869401 296448
24.8202 24870849 296448
24.8203 24872297 296448
24.8205 24873745 296448
24.8206 24875193 296448
24.8208 24876641 296448
24.8209 24878089 296448
24.8211 24879537 296448
24.8212 24880985 296448
24.8214 24882433 296448
24.8215 24883881 296448
24.8217 24885329 296448
24.8218 24886777 296448
24.822 24888225 296448
24.8221 24889673 296448
24.8223 24891121 296448
24.8224 24892569 296448
24.8226 24894017 296448
24.8227 24895465 296448
24.8229 24896913 296448
24.823 24898361 296448
24.8232 24899809 296448
24.8233 24901257 296448
24.8235 24902705 296448
24.8236 24904153 296448
24.8238 24905601 296448
24.8239 24907049 296448
24.8241 24908497 296448
24.8242 24909945 296448
24.8244 24911393 296448
24.8245 24912841 296448
24.8247 24914289 296448
24.8248 24915737 296448
24.825 24917185 296448
24.8251 24918633 296448
24.8253 24920081 296448
24.8254 24921529 296448
24.8256 24922977 296448
24.8257 24924425 296448
24.8259 24925873 296448
24.826 24927321 296448
24.8262 24928769 296448
24.8263 24930217 296448
24.8265 24931665 296448
24.8266 24933113 296448
24.8268 24934561 296448
24.8269 24936009 296448
24.8271 24937457 296448
24.8272 24938905 296448
24.8274 24940353 296448
24.8275 24941801 296448
24.8277 24943249 296448
24.8278 24944697 296448
24.828 24946145 296448
24.8281 24947593 296448
24.8283 24949041 296448
24.8284 24950489 296448
24.8286 24951937 296448
24.8287 24953385 296448
24.8289 24954833 296448
24.829 24956281 296448
24.8292 24957729 296448
24.8293 24959177 296448
24.8295 24960625 296448
24.8296 24962073 296448
24.8298 24963521 296448
24.8299 24964969 296448
24.8301 24966417 296448
24.8302 24967865 296448
24.8304 24969313 296448
24.8305 24970761 296448
24.8307 24972209 296448
24.8308 24973657 296448
24.831 24975105 296448
24.8311 24976553 296448
24.8313 24978001 296448
24.8319 24979449 296448
24.832 24980897 296448
24.8341 24982345 296448
24.8343 24983793 296448
24.8355 24985241 296448
24.8356 24986689 296448
24.837 24988137 296448
24.8371 24989585 296448
24.8374 24991033 296448
24.8376 24992481 296448
24.8386 24993929 296448
24.8388 24995377 296448
24.8433 24996825 296448
24.8434 24998273 296448
24.8437 24999721 296448
24.8439 25001169 296448
24.8442 25002617 296448
24.8443 25004065 296448
24.8693 25005513 297984
24.8696 25006961 297984
24.8697 25008409 297984
24.8699 25009857 297984
24.87 25011305 297984
24.8702 25012753 297984
24.8703 25014201 297984
24.8705 25015649 297984
24.8708 25017097 297984
24.8711 25018545 297984
24.8714 25019993 297984
24.8717 25021441 297984
24.8718 25022889 297984
24.872 25024337 297984
24.8721 25025785 297984
24.8723 25027233 297984
24.8724 25028681 297984
24.8726 25030129 297984
24.8727 25031577 297984
24.8729 25033025 297984
24.8732 25034473 297984
24.8735 25035921 297984
24.8736 25037369 297984
24.8738 25038817 297984
24.8741 25040265 297984
24.8744 25041713 297984
24.8747 25043161 297984
24.875 25044609 297984
24.8751 25046057 297984
24.8753 25047505 297984
24.8754 25048953 297984
24.8756 25050401 297984
24.8757 25051849 297984
24.8759 25053297 297984
24.876 25054745 297984
24.8762 25056193 297984
24.8763 25057641 297984
24.8765 25059089 297984
24.8766 25060537 297984
24.8768 25061985 297984
24.8769 25063433 297984
24.8771 25064881 297984
24.8772 25066329 297984
24.8774 25067777 297984
24.8775 25069225 297984
24.8777 25070673 297984
24.8778 25072121 297984
24.878 25073569 297984
24.8781 25075017 297984
24.8783 25076465 297984
24.8784 25077913 297984
24.8786 25079361 297984
24.8787 25080809 297984
24.8789 25082257 297984
24.879 25083705 297984
24.8792 25085153 297984
24.8793 25086601 297984
24.8795 25088049 297984
24.8796 25089497 297984
24.8798 25090945 297984
24.8799 25092393 297984
24.8801 25093841 297984
24.8802 25095289 297984
24.8804 25096737 297984
24.8805 25098185 297984
24.8807 25099633 297984
24.8808 25101081 297984
24.881 25102529 297984
24.8811 25103977 297984
24.8813 25105425 297984
24.8814 25106873 297984
24.8817 25108321 297984
24.882 25109769 297984
24.8822 25111217 297984
24.8825 25112665 297984
24.8832 25114113 297984
24.8835 25115561 297984
24.8837 25117009 297984
24.8839 25118457 297984
24.884 25119905 297984
24.8842 25121353 297984
24.8843 25122801 297984
24.8845 25124249 297984
24.8846 25125697 297984
24.8848 25127145 297984
24.8849 25128593 297984
24.8851 25130041 297984
24.8852 25131489 297984
24.8854 25132937 297984
24.8855 25134385 297984
24.8857 25135833 297984
24.8858 25137281 297984
24.886 25138729 297984
24.8861 25140177 297984
24.8863 25141625 297984
24.8864 25143073 297984
24.8866 25144521 297984
24.8867 25145969 297984
24.8869 25147417 297984
24.887 25148865 297984
24.8872 25150313 297984
24.8873 25151761 297984
24.8875 25153209 297984
24.8876 25154657 297984
24.8878 25156105 297984
24.8879 25157553 297984
24.8881 25159001 297984
24.8882 25160449 297984
24.8884 25161897 297984
24.8885 25163345 297984
24.8887 25164793 297984
24.8888 25166241 297984
24.889 25167689 297984
24.8891 25169137 297984
24.8893 25170585 297984
24.8894 25172033 297984
24.8896 25173481 297984
24.8897 25174929 297984
24.8899 25176377 297984
24.89 25177825 297984
24.8902 25179273 297984
24.8903 25180721 297984
24.8905 25182169 297984
24.8906 25183617 297984
24.8908 25185065 297984
24.8909 25186513 297984
24.8911 25187961 297984
24.8912 25189409 297984
24.8914 25190857 297984
24.8915 25192305 297984
24.8917 25193753 297984
24.8918 25195201 297984
24.892 25196649 297984
24.8921 25198097 297984
24.8923 25199545 297984
24.8924 25200993 297984
24.8926 25202441 297984
24.8927 25203889 299520
24.8929 25205337 299520
24.893 25206785 299520
24.8932 25208233 299520
24.8933 25209681 299520
24.8935 25211129 299520
24.8936 25212577 299520
24.8938 25214025 299520
24.8939 25215473 299520
24.8941 25216921 299520
24.8942 25218369 299520
24.8944 25219817 299520
24.8945 25221265 299520
24.8947 25222713 299520
24.8948 25224161 299520
24.895 25225609 299520
24.8951 25227057 299520
24.8953 25228505 299520
24.8954 25229953 299520
24.8956 25231401 299520
24.8957 25232849 299520
24.8959 25234297 299520
24.896 25235745 299520
24.8962 25237193 299520
24.8963 25238641 299520
24.8965 25240089 299520
24.8966 25241537 299520
24.8968 25242985 299520
24.8969 25244433 299520
24.8971 25245881 299520
24.8972 25247329 299520
24.8974 25248777 299520
24.8975 25250225 299520
24.8977 25251673 299520
24.8978 25253121 299520
24.898 25254569 299520
24.8981 25256017 299520
24.8983 25257465 299520
24.8984 25258913 299520
24.8986 25260361 299520
24.8987 25261809 299520
24.8989 25263257 299520
24.899 25264705 299520
24.8992 25266153 299520
24.8993 25267601 299520
24.8995 25269049 299520
24.8996 25270497 299520
24.8998 25271945 299520
24.8999 25273393 299520
24.9001 25274841 299520
24.9002 25276289 299520
24.9008 25277737 299520
24.901 25279185 299520
24.9031 25280633 299520
24.9032 25282081 299520
24.9044 25283529 299520
24.9046 25284977 299520
24.9059 25286425 299520
24.9061 25287873 299520
24.9064 25289321 299520
24.9065 25290769 299520
24.9076 25292217 299520
24.9077 25293665 299520
24.9122 25295113 299520
24.9124 25296561 299520
24.9127 25298009 299520
24.9128 25299457 299520
24.9131 25300905 299520
24.9133 25302353 299520
24.9382 25303801 299520
24.9385 25305249 299520
24.9387 25306697 299520
24.9388 25308145 299520
24.939 25309593 299520
24.9391 25311041 299520
24.9393 25312489 299520
24.9394 25313937 299520
24.9397 25315385 299520
24.94 25316833 299520
24.9403 25318281 299520
24.9406 25319729 299520
24.9408 25321177 299520
24.9409 25322625 299520
24.9411 25324073 299520
24.9412 25325521 299520
24.9414 25326969 299520
24.9415 25328417 299520
24.9417 25329865 299520
24.9418 25331313 299520
24.9421 25332761 299520
24.9424 25334209 299520
24.9426 25335657 299520
24.9427 25337105 299520
24.943 25338553 299520
24.9433 25340001 299520
24.9436 25341449 299520
24.9439 25342897 299520
24.9441 25344345 299520
24.9442 25345793 299520
24.9444 25347241 299520
24.9445 25348689 299520
24.9447 25350137 299520
24.9448 25351585 299520
24.945 25353033 299520
24.9451 25354481 299520
24.9453 25355929 299520
24.9454 25357377 299520
24.9456 25358825 299520
24.9457 25360273 299520
24.9459 25361721 299520
24.946 25363169 299520
24.9462 25364617 299520
24.9463 25366065 299520
24.9465 25367513 299520
24.9466 25368961 299520
24.9468 25370409 299520
24.9469 25371857 299520
24.9471 25373305 299520
24.9472 25374753 299520
24.9474 25376201 299520
24.9475 25377649 299520
24.9477 25379097 299520
24.9478 25380545 299520
24.948 25381993 299520
24.9481 25383441 299520
24.9483 25384889 299520
24.9484 25386337 299520
24.9486 25387785 299520
24.9487 25389233 299520
24.9489 25390681 299520
24.949 25392129 299520
24.9492 25393577 299520
24.9493 25395025 299520
24.9495 25396473 299520
24.9496 25397921 299520
24.9498 25399369 299520
24.9499 25400817 299520
24.9501 25402265 299520
24.9502 25403713 299520
24.9504 25405161 299520
24.9507 25406609 299520
24.951 25408057 299520
24.9511 25409505 299520
24.9514 25410953 299520
24.9517 25412401 299520
24.9525 25413849 299520
24.9526 25415297 299520
24.9528 25416745 299520
24.9529 25418193 299520
24.9531 25419641 299520
24.9532 25421089 299520
24.9534 25422537 299520
24.9535 25423985 299520
24.9537 25425433 299520
24.9538 25426881 299520
24.954 25428329 299520
24.9541 25429777 299520
24.9543 25431225 299520
24.9544 25432673 299520
24.9546 25434121 299520
24.9547 25435569 299520
24.9549 25437017 301056
24.955 25438465 301056
24.9552 25439913 301056
24.9553 25441361 301056
24.9555 25442809 301056
24.9556 25444257 301056
24.9558 25445705 301056
24.9559 25447153 301056
24.9561 25448601 301056
24.9562 25450049 301056
24.9564 25451497 301056
24.9565 25452945 301056
24.9567 25454393 301056
24.9568 25455841 301056
24.957 25457289 301056
24.9571 25458737 301056
24.9573 25460185 301056
24.9574 25461633 301056
24.9576 25463081 301056
24.9577 25464529 301056
24.9579 25465977 301056
24.958 25467425 301056
24.9582 25468873 301056
24.9583 25470321 301056
24.9585 25471769 301056
24.9586 25473217 301056
24.9588 25474665 301056
24.959 25476113 301056
24.9591 25477561 301056
24.9593 25479009 301056
24.9594 25480457 301056
24.9596 25481905 301056
24.9597 25483353 301056
24.9599 25484801 301056
24.96 25486249 301056
24.9602 25487697 301056
24.9603 25489145 301056
24.9605 25490593 301056
24.9606 25492041 301056
24.9608 25493489 301056
24.9609 25494937 301056
24.9611 25496385 301056
24.9612 25497833 301056
24.9614 25499281 301056
24.9615 25500729 301056
24.9617 25502177 301056
24.9618 25503625 301056
24.962 25505073 301056
24.9621 25506521 301056
24.9623 25507969 301056
24.9624 25509417 301056
24.9626 25510865 301056
24.9627 25512313 301056
24.9629 25513761 301056
24.963 25515209 301056
24.9632 25516657 301056
24.9633 25518105 301056
24.9635 25519553 301056
24.9636 25521001 301056
24.9638 25522449 301056
24.9639 25523897 301056
24.9641 25525345 301056
24.9642 25526793 301056
24.9644 25528241 301056
24.9645 25529689 301056
24.9647 25531137 301056
24.9648 25532585 301056
24.965 25534033 301056
24.9651 25535481 301056
24.9653 25536929 301056
24.9654 25538377 301056
24.9656 25539825 301056
24.9657 25541273 301056
24.9659 25542721 301056
24.966 25544169 301056
24.9662 25545617 301056
24.9663 25547065 301056
24.9665 25548513 301056
24.9666 25549961 301056
24.9668 25551409 301056
24.9669 25552857 301056
24.9671 25554305 301056
24.9672 25555753 301056
24.9674 25557201 301056
24.9675 25558649 301056
24.9677 25560097 301056
24.9678 25561545 301056
24.968 25562993 301056
24.9681 25564441 301056
24.9683 25565889 301056
24.9684 25567337 301056
24.9686 25568785 301056
24.9687 25570233 301056
24.9689 25571681 301056
24.969 25573129 301056
24.9692 25574577 301056
24.9693 25576025 301056
24.9699 25577473 301056
24.9701 25578921 301056
24.9722 25580369 301056
24.9723 25581817 301056
24.9735 25583265 301056
24.9737 25584713 301056
24.975 25586161 301056
24.9752 25587609 301056
24.9755 25589057 301056
24.9756 25590505 301056
24.9767 25591953 301056
24.9768 25593401 301056
24.9813 25594849 301056
24.9815 25596297 301056
24.9818 25597745 301056
24.9819 25599193 301056
24.9822 25600641 301056
24.9824 25602089 301056
25.0073 25603537 302592
25.0076 25604985 302592
25.0079 25606433 302592
25.0081 25607881 302592
25.0082 25609329 302592
25.0084 25610777 302592
25.0085 25612225 302592
25.0087 25613673 302592
25.0088 25615121 302592
25.0091 25616569 302592
25.0094 25618017 302592
25.0097 25619465 302592
25.01 25620913 302592
25.0102 25622361 302592
25.0103 25623809 302592
25.0105 25625257 302592
25.0106 25626705 302592
25.0108 25628153 302592
25.0109 25629601 302592
25.0111 25631049 302592
25.0112 25632497 302592
25.0115 25633945 302592
25.0118 25635393 302592
25.012 25636841 302592
25.0121 25638289 302592
25.0124 25639737 302592
25.0127 25641185 302592
25.013 25642633 302592
25.0133 25644081 302592
25.0135 25645529 302592
25.0136 25646977 302592
25.0138 25648425 302592
25.0139 25649873 302592
25.0141 25651321 302592
25.0142 25652769 302592
25.0144 25654217 302592
25.0145 25655665 302592
25.0147 25657113 302592
25.0148 25658561 302592
25.015 25660009 302592
25.0151 25661457 302592
25.0153 25662905 302592
25.0154 25664353 302592
25.0156 25665801 302592
25.0157 25667249 302592
25.0159 25668697 302592
25.016 25670145 302592
25.0162 25671593 302592
25.0163 25673041 302592
25.0165 25674489 302592
25.0166 25675937 302592
25.0168 25677385 302592
25.0169 25678833 302592
25.0171 25680281 302592
25.0172 25681729 302592
25.0174 25683177 302592
25.0175 25684625 302592
25.0177 25686073 302592
25.0178 25687521 302592
25.018 25688969 302592
25.0181 25690417 302592
25.0183 25691865 302592
25.0184 25693313 302592
25.0186 25694761 302592
25.0187 25696209 302592
25.0189 25697657 302592
25.019 25699105 302592
25.0192 25700553 302592
25.0193 25702001 302592
25.0195 25703449 302592
25.0196 25704897 302592
25.0198 25706345 302592
25.0201 25707793 302592
25.0204 25709241 302592
25.0205 25710689 302592
25.0208 25712137 302592
25.0211 25713585 302592
25.0219 25715033 302592
25.022 25716481 302592
25.0222 25717929 302592
25.0223 25719377 302592
25.0225 25720825 302592
25.0226 25722273 302592
25.0228 25723721 302592
25.0229 25725169 302592
25.0231 25726617 302592
25.0232 25728065 302592
25.0234 25729513 302592
25.0235 25730961 302592
25.0237 25732409 302592
25.0238 25733857 302592
25.024 25735305 302592
25.0241 25736753 302592
25.0243 25738201 302592
25.0244 25739649 302592
25.0246 25741097 302592
25.0247 25742545 302592
25.0249 25743993 302592
25.025 25745441 302592
25.0252 25746889 302592
25.0253 25748337 302592
25.0255 25749785 302592
25.0256 25751233 302592
25.0258 25752681 302592
25.0259 25754129 302592
25.0261 25755577 302592
25.0262 25757025 302592
25.0264 25758473 302592
25.0265 25759921 302592
25.0267 25761369 302592
25.0268 25762817 302592
25.027 25764265 302592
25.0271 25765713 302592
25.0273 25767161 302592
25.0274 25768609 302592
25.0276 25770057 302592
25.0277 25771505 302592
25.0279 25772953 302592
25.028 25774401 302592
25.0282 25775849 302592
25.0283 25777297 302592
25.0285 25778745 302592
25.0286 25780193 302592
25.0288 25781641 302592
25.0289 25783089 302592
25.0291 25784537 302592
25.0292 25785985 302592
25.0294 25787433 302592
25.0295 25788881 302592
25.0297 25790329 302592
25.0298 25791777 302592
25.03 25793225 302592
25.0301 25794673 302592
25.0303 25796121 302592
25.0304 25797569 302592
25.0306 25799017 302592
25.0307 25800465 302592
25.0309 25801913 302592
25.031 25803361 302592
25.0312 25804809 302592
25.0313 25806257 302592
25.0315 25807705 302592
25.0316 25809153 302592
25.0318 25810601 303616
25.0319 25812049 303616
25.0321 25813497 303616
25.0322 25814945 303616
25.0324 25816393 303616
25.0325 25817841 303616
25.0327 25819289 303616
25.0328 25820737 303616
25.033 25822185 303616
25.0331 25823633 303616
25.0333 25825081 303616
25.0334 25826529 303616
25.0336 25827977 303616
25.0337 25829425 303616
25.0339 25830873 303616
25.0341 25832321 303616
25.0342 25833769 303616
25.0344 25835217 303616
25.0345 25836665 303616
25.0347 25838113 303616
25.0348 25839561 303616
25.035 25841009 303616
25.0351 25842457 303616
25.0353 25843905 303616
25.0354 25845353 303616
25.0356 25846801 303616
25.0357 25848249 303616
25.0359 25849697 303616
25.036 25851145 303616
25.0362 25852593 303616
25.0363 25854041 303616
25.0365 25855489 303616
25.0366 25856937 303616
25.0368 25858385 303616
25.0369 25859833 303616
25.0371 25861281 303616
25.0372 25862729 303616
25.0374 25864177 303616
25.0375 25865625 303616
25.0377 25867073 303616
25.0378 25868521 303616
25.038 25869969 303616
25.0381 25871417 303616
25.0383 25872865 303616
25.0384 25874313 303616
25.0386 25875761 303616
25.0387 25877209 303616
25.0389 25878657 303616
25.0392 25880105 303616
25.0396 25881553 303616
25.0398 25883001 303616
25.0419 25884449 303616
25.042 25885897 303616
25.0432 25887345 303616
25.0434 25888793 303616
25.0447 25890241 303616
25.0449 25891689 303616
25.0452 25893137 303616
25.0453 25894585 303616
25.0464 25896033 303616
25.0465 25897481 303616
25.051 25898929 303616
25.0512 25900377 303616
25.0515 25901825 303616
25.0516 25903273 303616
25.0519 25904721 303616
25.0521 25906169 303616
25.0772 25907617 303616
25.0775 25909065 303616
25.0778 25910513 303616
25.0779 25911961 303616
25.0781 25913409 303616
25.0782 25914857 303616
25.0784 25916305 303616
25.0785 25917753 303616
25.0787 25919201 303616
25.079 25920649 303616
25.0793 25922097 303616
25.0796 25923545 303616
25.0799 25924993 303616
25.08 25926441 303616
25.0802 25927889 303616
25.0803 25929337 303616
25.0805 25930785 303616
25.0806 25932233 303616
25.0808 25933681 303616
25.0809 25935129 303616
25.0811 25936577 303616
25.0814 25938025 303616
25.0817 25939473 303616
25.0818 25940921 303616
25.082 25942369 303616
25.0823 25943817 303616
25.0826 25945265 303616
25.0829 25946713 303616
25.0832 25948161 303616
25.0833 25949609 303616
25.0835 25951057 303616
25.0836 25952505 303616
25.0838 25953953 303616
25.0839 25955401 303616
25.0841 25956849 303616
25.0842 25958297 303616
25.0844 25959745 303616
25.0845 25961193 303616
25.0847 25962641 303616
25.0848 25964089 303616
25.085 25965537 303616
25.0851 25966985 303616
25.0853 25968433 303616
25.0854 25969881 303616
25.0856 25971329 303616
25.0857 25972777 303616
25.0859 25974225 303616
25.086 25975673 303616
25.0862 25977121 303616
25.0863 25978569 303616
25.0865 25980017 303616
25.0866 25981465 303616
25.0868 25982913 303616
25.0869 25984361 303616
25.0871 25985809 303616
25.0872 25987257 303616
25.0874 25988705 303616
25.0875 25990153 303616
25.0877 25991601 303616
25.0878 25993049 303616
25.088 25994497 303616
25.0881 25995945 303616
25.0883 25997393 303616
25.0884 25998841 303616
25.0886 26000289 303616
25.0887 26001737 303616
25.0889 26003185 303616
25.089 26004633 303616
25.0892 26006081 303616
25.0893 26007529 303616
25.0895 26008977 303616
25.0896 26010425 303616
25.0899 26011873 303616
25.0902 26013321 303616
25.0904 26014769 303616
25.0907 26016217 303616
25.0914 26017665 303616
25.0917 26019113 303616
25.0919 26020561 303616
25.092 26022009 303616
25.0922 26023457 303616
25.0923 26024905 303616
25.0925 26026353 303616
25.0926 26027801 303616
25.0928 26029249 303616
25.0929 26030697 303616
25.0931 26032145 303616
25.0932 26033593 303616
25.0934 26035041 303616
25.0935 26036489 303616
25.0937 26037937 303616
25.0938 26039385 303616
25.094 26040833 303616
25.0941 26042281 303616
25.0943 26043729 303616
25.0944 26045177 303616
25.0946 26046625 303616
25.0947 26048073 303616
25.0949 26049521 303616
25.095 26050969 303616
25.0952 26052417 303616
25.0953 26053865 303616
25.0955 26055313 303616
25.0956 26056761 303616
25.0958 26058209 303616
25.0959 26059657 303616
25.0961 26061105 303616
25.0962 26062553 303616
25.0964 26064001 303616
25.0965 26065449 303616
25.0967 26066897 303616
25.0968 26068345 303616
25.097 26069793 303616
25.0971 26071241 303616
25.0973 26072689 303616
25.0974 26074137 303616
25.0976 26075585 303616
25.0977 26077033 303616
25.0979 26078481 303616
25.098 26079929 303616
25.0982 26081377 303616
25.0983 26082825 303616
25.0985 26084273 303616
25.0986 26085721 303616
25.0988 26087169 303616
25.0989 26088617 303616
25.0991 26090065 303616
25.0992 26091513 303616
25.0994 26092961 303616
25.0995 26094409 303616
25.0997 26095857 303616
25.0998 26097305 303616
25.1 26098753 303616
25.1001 26100201 303616
25.1003 26101649 303616
25.1004 26103097 303616
25.1006 26104545 303616
25.1007 26105993 303616
25.1009 26107441 303616
25.101 26108889 303616
25.1012 26110337 305152
25.1013 26111785 305152
25.1015 26113233 305152
25.1016 26114681 305152
25.1018 26116129 305152
25.1019 26117577 305152
25.1021 26119025 305152
25.1022 26120473 305152
25.1024 26121921 305152
25.1025 26123369 305152
25.1027 26124817 305152
25.1028 26126265 305152
25.103 26127713 305152
25.1031 26129161 305152
25.1033 26130609 305152
25.1034 26132057 305152
25.1036 26133505 305152
25.1037 26134953 305152
25.1039 26136401 305152
25.104 26137849 305152
25.1042 26139297 305152
25.1043 26140745 305152
25.1045 26142193 305152
25.1046 26143641 305152
25.1048 26145089 305152
25.1049 26146537 305152
25.1051 26147985 305152
25.1052 26149433 305152
25.1054 26150881 305152
25.1055 26152329 305152
25.1057 26153777 305152
25.1058 26155225 305152
25.106 26156673 305152
25.1061 26158121 305152
25.1063 26159569 305152
25.1064 26161017 305152
25.1066 26162465 305152
25.1067 26163913 305152
25.1069 26165361 305152
25.107 26166809 305152
25.1072 26168257 305152
25.1073 26169705 305152
25.1075 26171153 305152
25.1076 26172601 305152
25.1078 26174049 305152
25.1079 26175497 305152
25.1081 26176945 305152
25.1082 26178393 305152
25.1084 26179841 305152
25.1085 26181289 305152
25.1087 26182737 305152
25.109 26184185 305152
25.1092 26185633 305152
25.1096 26187081 305152
25.1098 26188529 305152
25.1119 26189977 305152
25.112 26191425 305152
25.1132 26192873 305152
25.1134 26194321 305152
25.1147 26195769 305152
25.1149 26197217 305152
25.1152 26198665 305152
25.1153 26200113 305152
25.1164 26201561 305152
25.1165 26203009 305152
25.121 26204457 305152
25.1212 26205905 305152
25.1215 26207353 305152
25.1216 26208801 305152
25.1219 26210249 305152
25.1221 26211697 305152
25.1472 26213145 305152
25.1475 26214593 305152
25.1478 26216041 305152
25.1479 26217489 305152
25.1481 26218937 305152
25.1482 26220385 305152
25.1484 26221833 305152
25.1485 26223281 305152
25.1487 26224729 305152
25.149 26226177 305152
25.1493 26227625 305152
25.1496 26229073 305152
25.1499 26230521 305152
25.15 26231969 305152
25.1502 26233417 305152
25.1503 26234865 305152
25.1505 26236313 305152
25.1506 26237761 305152
25.1508 26239209 305152
25.1509 26240657 305152
25.1511 26242105 305152
25.1514 26243553 305152
25.1517 26245001 305152
25.1518 26246449 305152
25.152 26247897 305152
25.1523 26249345 305152
25.1526 26250793 306688
25.1529 26252241 306688
25.1532 26253689 306688
25.1533 26255137 306688
25.1535 26256585 306688
25.1536 26258033 306688
25.1538 26259481 306688
25.1539 26260929 306688
25.1541 26262377 306688
25.1542 26263825 306688
25.1544 26265273 306688
25.1545 26266721 306688
25.1547 26268169 306688
25.1548 26269617 306688
25.155 26271065 306688
25.1551 26272513 306688
25.1553 26273961 306688
25.1554 26275409 306688
25.1556 26276857 306688
25.1557 26278305 306688
25.1559 26279753 306688
25.156 26281201 306688
25.1562 26282649 306688
25.1563 26284097 306688
25.1565 26285545 306688
25.1566 26286993 306688
25.1568 26288441 306688
25.1569 26289889 306688
25.1571 26291337 306688
25.1572 26292785 306688
25.1574 26294233 306688
25.1575 26295681 306688
25.1577 26297129 306688
25.1578 26298577 306688
25.158 26300025 306688
25.1581 26301473 306688
25.1583 26302921 306688
25.1584 26304369 306688
25.1586 26305817 306688
25.1587 26307265 306688
25.1589 26308713 306688
25.159 26310161 306688
25.1592 26311609 306688
25.1593 26313057 306688
25.1595 26314505 306688
25.1596 26315953 306688
25.1598 26317401 306688
25.1601 26318849 306688
25.1604 26320297 306688
25.1605 26321745 306688
25.1608 26323193 306688
25.1616 26324641 306688
25.1619 26326089 306688
25.162 26327537 306688
25.1622 26328985 306688
25.1623 26330433 306688
25.1625 26331881 306688
25.1626 26333329 306688
25.1628 26334777 306688
25.1629 26336225 306688
25.1631 26337673 306688
25.1632 26339121 306688
25.1634 26340569 306688
25.1635 26342017 306688
25.1637 26343465 306688
25.1638 26344913 306688
25.164 26346361 306688
25.1641 26347809 306688
25.1643 26349257 306688
25.1644 26350705 306688
25.1646 26352153 306688
25.1647 26353601 306688
25.1649 26355049 306688
25.165 26356497 306688
25.1652 26357945 306688
25.1653 26359393 306688
25.1655 26360841 306688
25.1656 26362289 306688
25.1658 26363737 306688
25.1659 26365185 306688
25.1661 26366633 306688
25.1662 26368081 306688
25.1664 26369529 306688
25.1665 26370977 306688
25.1667 26372425 306688
25.1668 26373873 306688
25.167 26375321 306688
25.1671 26376769 306688
25.1673 26378217 306688
25.1674 26379665 306688
25.1676 26381113 306688
25.1677 26382561 306688
25.1679 26384009 306688
25.168 26385457 306688
25.1682 26386905 306688
25.1683 26388353 306688
25.1685 26389801 306688
25.1686 26391249 306688
25.1688 26392697 306688
25.1689 26394145 306688
25.1691 26395593 306688
25.1692 26397041 306688
25.1694 26398489 306688
25.1695 26399937 306688
25.1697 26401385 306688
25.1698 26402833 306688
25.17 26404281 306688
25.1701 26405729 306688
25.1703 26407177 306688
25.1704 26408625 306688
25.1706 26410073 306688
25.1707 26411521 306688
25.1709 26412969 306688
25.171 26414417 306688
25.1712 26415865 306688
25.1713 26417313 306688
25.1715 26418761 306688
25.1716 26420209 306688
25.1718 26421657 306688
25.1719 26423105 306688
25.1721 26424553 306688
25.1722 26426001 308224
25.1724 26427449 308224
25.1725 26428897 308224
25.1727 26430345 308224
25.1728 26431793 308224
25.173 26433241 308224
25.1731 26434689 308224
25.1733 26436137 308224
25.1734 26437585 308224
25.1736 26439033 308224
25.1737 26440481 308224
25.1739 26441929 308224
25.174 26443377 308224
25.1742 26444825 308224
25.1743 26446273 308224
25.1745 26447721 308224
25.1746 26449169 308224
25.1748 26450617 308224
25.1749 26452065 308224
25.1751 26453513 308224
25.1752 26454961 308224
25.1754 26456409 308224
25.1755 26457857 308224
25.1757 26459305 308224
25.1758 26460753 308224
25.176 26462201 308224
25.1761 26463649 308224
25.1763 26465097 308224
25.1764 26466545 308224
25.1766 26467993 308224
25.1767 26469441 308224
25.1769 26470889 308224
25.177 26472337 308224
25.1772 26473785 308224
25.1773 26475233 308224
25.1775 26476681 308224
25.1776 26478129 308224
25.1778 26479577 308224
25.1779 26481025 308224
25.1781 26482473 308224
25.1782 26483921 308224
25.1784 26485369 308224
25.1785 26486817 308224
25.1787 26488265 308224
25.1788 26489713 308224
25.1791 26491161 308224
25.1793 26492609 308224
25.1797 26494057 308224
25.1799 26495505 308224
25.182 26496953 308224
25.1821 26498401 308224
25.1833 26499849 308224
25.1835 26501297 308224
25.1849 26502745 308224
25.185 26504193 308224
25.1853 26505641 308224
25.1855 26507089 308224
25.1865 26508537 308224
25.1867 26509985 308224
25.1912 26511433 308224
25.1913 26512881 308224
25.1916 26514329 308224
25.1918 26515777 308224
25.1921 26517225 308224
25.1922 26518673 308224
25.2171 26520121 308224
25.2174 26521569 308224
25.2179 26523017 308224
25.2182 26524465 308224
25.2183 26525913 308224
25.2185 26527361 308224
25.2186 26528809 308224
25.2188 26530257 308224
25.2189 26531705 308224
25.2191 26533153 308224
25.2194 26534601 308224
25.2197 26536049 308224
25.22 26537497 308224
25.2203 26538945 308224
25.2204 26540393 308224
25.2206 26541841 308224
25.2207 26543289 308224
25.2209 26544737 308224
25.221 26546185 308224
25.2212 26547633 308224
25.2213 26549081 308224
25.2215 26550529 308224
25.2218 26551977 308224
25.2221 26553425 308224
25.2223 26554873 308224
25.2224 26556321 308224
25.2227 26557769 308224
25.223 26559217 308224
25.2233 26560665 308224
25.2236 26562113 308224
25.2238 26563561 308224
25.2239 26565009 308224
25.2241 26566457 308224
25.2242 26567905 308224
25.2244 26569353 308224
25.2245 26570801 308224
25.2247 26572249 308224
25.2248 26573697 308224
25.225 26575145 308224
25.2251 26576593 308224
25.2253 26578041 308224
25.2254 26579489 308224
25.2256 26580937 308224
25.2257 26582385 308224
25.2259 26583833 308224
25.226 26585281 308224
25.2262 26586729 308224
25.2263 26588177 308224
25.2265 26589625 308224
25.2266 26591073 308224
25.2268 26592521 308224
25.2269 26593969 308224
25.2271 26595417 308224
25.2272 26596865 308224
25.2274 26598313 308224
25.2275 26599761 308224
25.2277 26601209 308224
25.2278 26602657 308224
25.228 26604105 308224
25.2281 26605553 308224
25.2283 26607001 308224
25.2284 26608449 308224
25.2286 26609897 308224
25.2287 26611345 308224
25.2289 26612793 308224
25.229 26614241 308224
25.2292 26615689 308224
25.2293 26617137 308224
25.2295 26618585 308224
25.2296 26620033 308224
25.2298 26621481 308224
25.2299 26622929 308224
25.2301 26624377 308224
25.2302 26625825 308224
25.2305 26627273 308224
25.2308 26628721 308224
25.231 26630169 308224
25.2313 26631617 308224
25.232 26633065 308224
25.2323 26634513 308224
25.2325 26635961 308224
25.2326 26637409 308224
25.2328 26638857 308224
25.2329 26640305 308224
25.2331 26641753 308224
25.2332 26643201 308224
25.2334 26644649 308224
25.2335 26646097 308224
25.2337 26647545 308224
25.2338 26648993 308224
25.234 26650441 308224
25.2341 26651889 308224
25.2343 26653337 308224
25.2344 26654785 308224
25.2346 26656233 308224
25.2347 26657681 308224
25.2349 26659129 308224
25.235 26660577 308224
25.2352 26662025 308224
25.2353 26663473 308224
25.2355 26664921 308224
25.2356 26666369 308224
25.2358 26667817 308224
25.2359 26669265 308224
25.2361 26670713 308224
25.2362 26672161 308224
25.2364 26673609 308224
25.2365 26675057 308224
25.2367 26676505 308224
25.2368 26677953 308224
25.237 26679401 308224
25.2371 26680849 308224
25.2373 26682297 308224
25.2374 26683745 308224
25.2376 26685193 308224
25.2377 26686641 308224
25.2379 26688089 308224
25.238 26689537 308224
25.2382 26690985 308224
25.2383 26692433 308224
25.2385 26693881 308224
25.2386 26695329 308224
25.2388 26696777 308224
25.2389 26698225 308224
25.2391 26699673 308224
25.2392 26701121 308224
25.2394 26702569 308224
25.2395 26704017 308224
25.2397 26705465 308224
25.2398 26706913 308224
25.24 26708361 308224
25.2401 26709809 308224
25.2403 26711257 308224
25.2404 26712705 308224
25.2406 26714153 308224
25.2407 26715601 308224
25.2409 26717049 308224
25.241 26718497 308224
25.2412 26719945 308224
25.2413 26721393 308224
25.2415 26722841 308224
25.2416 26724289 308224
25.2418 26725737 308224
25.2419 26727185 308224
25.2421 26728633 308224
25.2422 26730081 308224
25.2424 26731529 308224
25.2425 26732977 308224
25.2427 26734425 308224
25.2428 26735873 308224
25.243 26737321 309760
25.2431 26738769 309760
25.2433 26740217 309760
25.2434 26741665 309760
25.2436 26743113 309760
25.2437 26744561 309760
25.2439 26746009 309760
25.244 26747457 309760
25.2442 26748905 309760
25.2443 26750353 309760
25.2445 26751801 309760
25.2446 26753249 309760
25.2448 26754697 309760
25.2449 26756145 309760
25.2451 26757593 309760
25.2452 26759041 309760
25.2454 26760489 309760
25.2455 26761937 309760
25.2457 26763385 309760
25.2458 26764833 309760
25.246 26766281 309760
25.2461 26767729 309760
25.2463 26769177 309760
25.2464 26770625 309760
25.2466 26772073 309760
25.2467 26773521 309760
25.2469 26774969 309760
25.247 26776417 309760
25.2472 26777865 309760
25.2473 26779313 309760
25.2475 26780761 309760
25.2476 26782209 309760
25.2478 26783657 309760
25.2479 26785105 309760
25.2481 26786553 309760
25.2482 26788001 309760
25.2484 26789449 309760
25.2485 26790897 309760
25.2487 26792345 309760
25.2488 26793793 309760
25.249 26795241 309760
25.2491 26796689 309760
25.2493 26798137 309760
25.2496 26799585 309760
25.2497 26801033 309760
25.2502 26802481 309760
25.2503 26803929 309760
25.2524 26805377 309760
25.2526 26806825 309760
25.2538 26808273 309760
25.2539 26809721 309760
25.2553 26811169 309760
25.2554 26812617 309760
25.2557 26814065 309760
25.2559 26815513 309760
25.2569 26816961 309760
25.2571 26818409 309760
25.2616 26819857 309760
25.2618 26821305 309760
25.2621 26822753 309760
25.2622 26824201 309760
25.2625 26825649 309760
25.2627 26827097 309760
25.2874 26828545 309760
25.2877 26829993 309760
25.2882 26831441 309760
25.2885 26832889 309760
25.2886 26834337 309760
25.2888 26835785 309760
25.2889 26837233 309760
25.2891 26838681 309760
25.2892 26840129 309760
25.2894 26841577 309760
25.2897 26843025 309760
25.29 26844473 309760
25.2903 26845921 309760
25.2906 26847369 309760
25.2907 26848817 309760
25.2909 26850265 309760
25.291 26851713 309760
25.2912 26853161 309760
25.2913 26854609 309760
25.2915 26856057 309760
25.2916 26857505 309760
25.2918 26858953 309760
25.2921 26860401 309760
25.2924 26861849 309760
25.2925 26863297 309760
25.2927 26864745 309760
25.293 26866193 309760
25.2933 26867641 309760
25.2936 26869089 309760
25.2939 26870537 309760
25.294 26871985 309760
25.2942 26873433 309760
25.2943 26874881 309760
25.2945 26876329 309760
25.2946 26877777 309760
25.2948 26879225 309760
25.2949 26880673 309760
25.2951 26882121 309760
25.2952 26883569 309760
25.2954 26885017 309760
25.2955 26886465 309760
25.2957 26887913 309760
25.2958 26889361 309760
25.296 26890809 309760
25.2961 26892257 309760
25.2963 26893705 309760
25.2964 26895153 309760
25.2966 26896601 309760
25.2967 26898049 309760
25.2969 26899497 309760
25.2971 26900945 309760
25.2972 26902393 309760
25.2974 26903841 309760
25.2975 26905289 309760
25.2977 26906737 309760
25.2978 26908185 309760
25.298 26909633 309760
25.2981 26911081 309760
25.2983 26912529 309760
25.2984 26913977 309760
25.2986 26915425 309760
25.2987 26916873 309760
25.2989 26918321 309760
25.299 26919769 309760
25.2992 26921217 309760
25.2993 26922665 309760
25.2995 26924113 309760
25.2996 26925561 309760
25.2998 26927009 309760
25.2999 26928457 309760
25.3001 26929905 309760
25.3002 26931353 309760
25.3004 26932801 309760
25.3005 26934249 309760
25.3008 26935697 309760
25.3011 26937145 309760
25.3013 26938593 309760
25.3016 26940041 309760
25.3023 26941489 309760
25.3026 26942937 309760
25.3028 26944385 309760
25.3029 26945833 309760
25.3031 26947281 309760
25.3032 26948729 309760
25.3034 26950177 309760
25.3035 26951625 309760
25.3037 26953073 309760
25.3038 26954521 309760
25.304 26955969 309760
25.3041 26957417 309760
25.3043 26958865 309760
25.3044 26960313 309760
25.3046 26961761 309760
25.3047 26963209 309760
25.3049 26964657 309760
25.305 26966105 309760
25.3052 26967553 309760
25.3053 26969001 309760
25.3055 26970449 309760
25.3056 26971897 309760
25.3058 26973345 309760
25.3059 26974793 309760
25.3061 26976241 309760
25.3062 26977689 309760
25.3064 26979137 309760
25.3065 26980585 309760
25.3067 26982033 309760
25.3068 26983481 309760
25.307 26984929 309760
25.3071 26986377 309760
25.3073 26987825 309760
25.3074 26989273 309760
25.3076 26990721 309760
25.3077 26992169 309760
25.3079 26993617 309760
25.308 26995065 309760
25.3082 26996513 309760
25.3083 26997961 309760
25.3085 26999409 309760
25.3086 27000857 309760
25.3088 27002305 309760
25.3089 27003753 309760
25.3091 27005201 309760
25.3092 27006649 309760
25.3094 27008097 309760
25.3095 27009545 309760
25.3097 27010993 309760
25.3098 27012441 309760
25.31 27013889 309760
25.3101 27015337 309760
25.3103 27016785 309760
25.3104 27018233 309760
25.3106 27019681 309760
25.3107 27021129 309760
25.3109 27022577 309760
25.311 27024025 309760
25.3112 27025473 309760
25.3113 27026921 309760
25.3115 27028369 309760
25.3116 27029817 309760
25.3118 27031265 309760
25.3119 27032713 309760
25.3121 27034161 309760
25.3122 27035609 309760
25.3124 27037057 309760
25.3125 27038505 309760
25.3127 27039953 309760
25.3128 27041401 309760
25.313 27042849 309760
25.3131 27044297 309760
25.3133 27045745 309760
25.3134 27047193 309760
25.3136 27048641 311296
25.3137 27050089 311296
25.3139 27051537 311296
25.314 27052985 311296
25.3142 27054433 311296
25.3143 27055881 311296
25.3145 27057329 311296
25.3146 27058777 311296
25.3148 27060225 311296
25.3149 27061673 311296
25.3151 27063121 311296
25.3152 27064569 311296
25.3154 27066017 311296
25.3155 27067465 311296
25.3157 27068913 311296
25.3158 27070361 311296
25.316 27071809 311296
25.3161 27073257 311296
25.3163 27074705 311296
25.3164 27076153 311296
25.3166 27077601 311296
25.3167 27079049 311296
25.3169 27080497 311296
25.317 27081945 311296
25.3172 27083393 311296
25.3173 27084841 311296
25.3175 27086289 311296
25.3176 27087737 311296
25.3178 27089185 311296
25.3179 27090633 311296
25.3181 27092081 311296
25.3182 27093529 311296
25.3184 27094977 311296
25.3185 27096425 311296
25.3187 27097873 311296
25.3188 27099321 311296
25.319 27100769 311296
25.3191 27102217 311296
25.3193 27103665 311296
25.3194 27105113 311296
25.3196 27106561 311296
25.3197 27108009 311296
25.32 27109457 311296
25.3202 27110905 311296
25.3203 27112353 311296
25.3208 27113801 311296
25.3209 27115249 311296
25.323 27116697 311296
25.3232 27118145 311296
25.3244 27119593 311296
25.3245 27121041 311296
25.3259 27122489 311296
25.326 27123937 311296
25.3263 27125385 311296
25.3265 27126833 311296
25.3275 27128281 311296
25.3277 27129729 311296
25.3296 27131177 311296
25.3298 27132625 311296
25.3299 27134073 311296
25.3301 27135521 311296
25.3302 27136969 311296
25.3304 27138417 311296
25.3544 27139865 311296
25.3547 27141313 311296
25.3552 27142761 311296
25.3553 27144209 311296
25.3555 27145657 311296
25.3556 27147105 311296
25.3558 27148553 311296
25.3559 27150001 311296
25.3561 27151449 311296
25.3564 27152897 311296
25.3567 27154345 311296
25.357 27155793 311296
25.3573 27157241 311296
25.3574 27158689 311296
25.3576 27160137 311296
25.3577 27161585 311296
25.3579 27163033 311296
25.358 27164481 311296
25.3582 27165929 311296
25.3583 27167377 311296
25.3585 27168825 311296
25.3588 27170273 311296
25.3591 27171721 311296
25.3592 27173169 311296
25.3594 27174617 311296
25.3597 27176065 311296
25.36 27177513 311296
25.3603 27178961 311296
25.3606 27180409 311296
25.3607 27181857 311296
25.3609 27183305 311296
25.361 27184753 311296
25.3612 27186201 311296
25.3613 27187649 311296
25.3615 27189097 311296
25.3616 27190545 311296
25.3618 27191993 311296
25.3619 27193441 311296
25.3621 27194889 311296
25.3622 27196337 311296
25.3624 27197785 311296
25.3625 27199233 311296
25.3627 27200681 311296
25.3628 27202129 311296
25.363 27203577 311296
25.3631 27205025 311296
25.3633 27206473 311296
25.3634 27207921 311296
25.3636 27209369 311296
25.3637 27210817 311296
25.3639 27212265 311296
25.364 27213713 311296
25.3642 27215161 311296
25.3643 27216609 311296
25.3645 27218057 311296
25.3646 27219505 311296
25.3648 27220953 311296
25.3649 27222401 311296
25.3651 27223849 311296
25.3652 27225297 311296
25.3654 27226745 311296
25.3655 27228193 311296
25.3657 27229641 311296
25.3658 27231089 311296
25.366 27232537 311296
25.3661 27233985 311296
25.3663 27235433 311296
25.3664 27236881 311296
25.3666 27238329 311296
25.3667 27239777 311296
25.3669 27241225 312320
25.367 27242673 312320
25.3672 27244121 312320
25.3675 27245569 312320
25.3678 27247017 312320
25.3679 27248465 312320
25.3681 27249913 312320
25.3684 27251361 312320
25.3687 27252809 312320
25.3694 27254257 312320
25.3696 27255705 312320
25.3697 27257153 312320
25.3699 27258601 312320
25.37 27260049 312320
25.3702 27261497 312320
25.3703 27262945 312320
25.3705 27264393 312320
25.3706 27265841 312320
25.3708 27267289 312320
25.3709 27268737 312320
25.3711 27270185 312320
25.3712 27271633 312320
25.3714 27273081 312320
25.3715 27274529 312320
25.3717 27275977 312320
25.3718 27277425 312320
25.372 27278873 312320
25.3722 27280321 312320
25.3723 27281769 312320
25.3725 27283217 312320
25.3726 27284665 312320
25.3728 27286113 312320
25.3729 27287561 312320
25.3731 27289009 312320
25.3732 27290457 312320
25.3734 27291905 312320
25.3735 27293353 312320
25.3737 27294801 312320
25.3738 27296249 312320
25.374 27297697 312320
25.3741 27299145 312320
25.3743 27300593 312320
25.3744 27302041 312320
25.3746 27303489 312320
25.3747 27304937 312320
25.3749 27306385 312320
25.375 27307833 312320
25.3752 27309281 312320
25.3753 27310729 312320
25.3755 27312177 312320
25.3756 27313625 312320
25.3758 27315073 312320
25.3759 27316521 312320
25.3761 27317969 312320
25.3762 27319417 312320
25.3764 27320865 312320
25.3765 27322313 312320
25.3767 27323761 312320
25.3768 27325209 312320
25.377 27326657 312320
25.3771 27328105 312320
25.3773 27329553 312320
25.3774 27331001 312320
25.3776 27332449 312320
25.3777 27333897 312320
25.3779 27335345 312320
25.378 27336793 312320
25.3782 27338241 312320
25.3783 27339689 312320
25.3785 27341137 312320
25.3786 27342585 312320
25.3788 27344033 312320
25.3789 27345481 312320
25.3791 27346929 312320
25.3792 27348377 312320
25.3794 27349825 312320
25.3795 27351273 312320
25.3797 27352721 312320
25.3798 27354169 312320
25.38 27355617 312320
25.3801 27357065 312320
25.3803 27358513 312320
25.3804 27359961 312320
25.3806 27361409 312320
25.3807 27362857 312320
25.3809 27364305 312320
25.381 27365753 312320
25.3812 27367201 312320
25.3813 27368649 312320
25.3815 27370097 312320
25.3816 27371545 312320
25.3818 27372993 312320
25.3819 27374441 312320
25.3821 27375889 312320
25.3822 27377337 312320
25.3824 27378785 312320
25.3825 27380233 312320
25.3827 27381681 312320
25.3828 27383129 312320
25.383 27384577 312320
25.3831 27386025 312320
25.3833 27387473 312320
25.3834 27388921 312320
25.3836 27390369 312320
25.3837 27391817 312320
25.3839 27393265 312320
25.384 27394713 312320
25.3842 27396161 312320
25.3843 27397609 312320
25.3845 27399057 312320
25.3846 27400505 312320
25.3848 27401953 312320
25.3849 27403401 312320
25.3851 27404849 312320
25.3852 27406297 312320
25.3854 27407745 312320
25.3855 27409193 312320
25.3857 27410641 312320
25.3858 27412089 312320
25.386 27413537 312320
25.3861 27414985 312320
25.3863 27416433 312320
25.3864 27417881 312320
25.3866 27419329 312320
25.3867 27420777 312320
25.3869 27422225 312320
25.387 27423673 312320
25.3872 27425121 312320
25.3873 27426569 312320
25.3875 27428017 312320
25.3876 27429465 312320
25.3878 27430913 312320
25.3879 27432361 312320
25.3881 27433809 312320
25.3882 27435257 312320
25.3884 27436705 312320
25.3885 27438153 312320
25.3887 27439601 312320
25.3888 27441049 312320
25.3891 27442497 312320
25.3894 27443945 312320
25.3896 27445393 312320
25.3897 27446841 312320
25.3899 27448289 312320
25.39 27449737 312320
25.4141 27451185 312320
25.4144 27452633 312320
25.4148 27454081 312320
25.415 27455529 312320
25.4151 27456977 312320
25.4153 27458425 312320
25.4154 27459873 312320
25.4156 27461321 312320
25.4157 27462769 312320
25.416 27464217 312320
25.4163 27465665 312320
25.4166 27467113 312320
25.4169 27468561 312320
25.4171 27470009 312320
25.4172 27471457 312320
25.4174 27472905 312320
25.4175 27474353 312320
25.4177 27475801 312320
25.4178 27477249 312320
25.418 27478697 312320
25.4181 27480145 312320
25.4184 27481593 312320
25.4187 27483041 313856
25.4189 27484489 313856
25.419 27485937 313856
25.4193 27487385 313856
25.4196 27488833 313856
25.4198 27490281 313856
25.4201 27491729 313856
25.4204 27493177 313856
25.4205 27494625 313856
25.4207 27496073 313856
25.4208 27497521 313856
25.421 27498969 313856
25.4211 27500417 313856
25.4213 27501865 313856
25.4214 27503313 313856
25.4216 27504761 313856
25.4217 27506209 313856
25.4219 27507657 313856
25.422 27509105 313856
25.4222 27510553 313856
25.4223 27512001 313856
25.4225 27513449 313856
25.4226 27514897 313856
25.4228 27516345 313856
25.4229 27517793 313856
25.4231 27519241 313856
25.4232 27520689 313856
25.4234 27522137 313856
25.4235 27523585 313856
25.4237 27525033 313856
25.4238 27526481 313856
25.424 27527929 313856
25.4241 27529377 313856
25.4243 27530825 313856
25.4244 27532273 313856
25.4246 27533721 313856
25.4247 27535169 313856
25.4249 27536617 313856
25.425 27538065 313856
25.4252 27539513 313856
25.4253 27540961 313856
25.4255 27542409 313856
25.4256 27543857 313856
25.4258 27545305 313856
25.4259 27546753 313856
25.4261 27548201 313856
25.4262 27549649 313856
25.4264 27551097 313856
25.4265 27552545 313856
25.4267 27553993 313856
25.4268 27555441 313856
25.427 27556889 313856
25.4273 27558337 313856
25.4276 27559785 313856
25.4277 27561233 313856
25.4279 27562681 313856
25.4282 27564129 313856
25.4285 27565577 313856
25.4288 27567025 313856
25.4294 27568473 313856
25.4295 27569921 313856
25.4297 27571369 313856
25.4298 27572817 313856
25.43 27574265 313856
25.4301 27575713 313856
25.4303 27577161 313856
25.4304 27578609 313856
25.4306 27580057 313856
25.4307 27581505 313856
25.4309 27582953 313856
25.431 27584401 313856
25.4312 27585849 313856
25.4313 27587297 313856
25.4315 27588745 313856
25.4316 27590193 313856
25.4318 27591641 313856
25.4319 27593089 313856
25.4321 27594537 313856
25.4322 27595985 313856
25.4324 27597433 313856
25.4325 27598881 313856
25.4327 27600329 313856
25.4328 27601777 313856
25.433 27603225 313856
25.4331 27604673 313856
25.4333 27606121 313856
25.4334 27607569 313856
25.4336 27609017 313856
25.4337 27610465 313856
25.4339 27611913 313856
25.434 27613361 313856
25.4342 27614809 313856
25.4343 27616257 313856
25.4345 27617705 313856
25.4346 27619153 313856
25.4348 27620601 313856
25.4349 27622049 313856
25.4351 27623497 313856
25.4352 27624945 313856
25.4354 27626393 313856
25.4355 27627841 313856
25.4357 27629289 313856
25.4358 27630737 313856
25.436 27632185 313856
25.4361 27633633 313856
25.4363 27635081 313856
25.4364 27636529 313856
25.4366 27637977 313856
25.4367 27639425 313856
25.4369 27640873 313856
25.437 27642321 313856
25.4372 27643769 313856
25.4373 27645217 313856
25.4375 27646665 313856
25.4376 27648113 313856
25.4378 27649561 313856
25.4379 27651009 313856
25.4381 27652457 313856
25.4382 27653905 313856
25.4384 27655353 313856
25.4385 27656801 313856
25.4387 27658249 313856
25.4388 27659697 313856
25.439 27661145 313856
25.4391 27662593 313856
25.4393 27664041 313856
25.4394 27665489 313856
25.4396 27666937 313856
25.4397 27668385 313856
25.4399 27669833 313856
25.44 27671281 313856
25.4402 27672729 313856
25.4403 27674177 313856
25.4405 27675625 313856
25.4406 27677073 313856
25.4408 27678521 315392
25.4409 27679969 315392
25.4411 27681417 315392
25.4412 27682865 315392
25.4414 27684313 315392
25.4415 27685761 315392
25.4417 27687209 315392
25.4418 27688657 315392
25.442 27690105 315392
25.4421 27691553 315392
25.4423 27693001 315392
25.4424 27694449 315392
25.4426 27695897 315392
25.4427 27697345 315392
25.4429 27698793 315392
25.443 27700241 315392
25.4432 27701689 315392
25.4433 27703137 315392
25.4435 27704585 315392
25.4436 27706033 315392
25.4438 27707481 315392
25.4439 27708929 315392
25.4441 27710377 315392
25.4442 27711825 315392
25.4444 27713273 315392
25.4445 27714721 315392
25.4447 27716169 315392
25.4448 27717617 315392
25.445 27719065 315392
25.4451 27720513 315392
25.4453 27721961 315392
25.4454 27723409 315392
25.4456 27724857 315392
25.4457 27726305 315392
25.4459 27727753 315392
25.446 27729201 315392
25.4462 27730649 315392
25.4463 27732097 315392
25.4465 27733545 315392
25.4466 27734993 315392
25.4468 27736441 315392
25.447 27737889 315392
25.4471 27739337 315392
25.4473 27740785 315392
25.4474 27742233 315392
25.4476 27743681 315392
25.4477 27745129 315392
25.4479 27746577 315392
25.448 27748025 315392
25.4482 27749473 315392
25.4483 27750921 315392
25.4485 27752369 315392
25.4486 27753817 315392
25.4489 27755265 315392
25.4491 27756713 315392
25.4492 27758161 315392
25.4494 27759609 315392
25.4495 27761057 315392
25.4497 27762505 315392
25.4498 27763953 315392
25.4501 27765401 315392
25.4741 27766849 315392
25.4744 27768297 315392
25.4747 27769745 315392
25.4749 27771193 315392
25.475 27772641 315392
25.4752 27774089 315392
25.4753 27775537 315392
25.4755 27776985 315392
25.4758 27778433 315392
25.4761 27779881 315392
25.4764 27781329 315392
25.4767 27782777 315392
25.4768 27784225 315392
25.477 27785673 315392
25.4771 27787121 315392
25.4773 27788569 315392
25.4774 27790017 315392
25.4776 27791465 315392
25.4777 27792913 315392
25.4779 27794361 315392
25.4782 27795809 315392
25.4785 27797257 315392
25.4786 27798705 315392
25.4788 27800153 315392
25.4791 27801601 315392
25.4794 27803049 315392
25.4795 27804497 315392
25.4798 27805945 315392
25.4801 27807393 315392
25.4803 27808841 315392
25.4804 27810289 315392
25.4806 27811737 315392
25.4807 27813185 315392
25.4809 27814633 315392
25.481 27816081 315392
25.4812 27817529 315392
25.4813 27818977 315392
25.4815 27820425 315392
25.4816 27821873 315392
25.4818 27823321 315392
25.4819 27824769 315392
25.4821 27826217 315392
25.4822 27827665 315392
25.4824 27829113 315392
25.4825 27830561 315392
25.4827 27832009 315392
25.4828 27833457 315392
25.483 27834905 315392
25.4831 27836353 315392
25.4833 27837801 315392
25.4834 27839249 315392
25.4836 27840697 315392
25.4837 27842145 315392
25.4839 27843593 315392
25.484 27845041 315392
25.4842 27846489 315392
25.4843 27847937 315392
25.4845 27849385 315392
25.4847 27850833 315392
25.4848 27852281 315392
25.485 27853729 315392
25.4851 27855177 315392
25.4853 27856625 315392
25.4854 27858073 315392
25.4856 27859521 315392
25.4857 27860969 315392
25.4859 27862417 315392
25.486 27863865 315392
25.4862 27865313 315392
25.4863 27866761 315392
25.4865 27868209 315392
25.4866 27869657 315392
25.4868 27871105 315392
25.4871 27872553 315392
25.4874 27874001 315392
25.4875 27875449 315392
25.4877 27876897 315392
25.488 27878345 315392
25.4883 27879793 315392
25.4886 27881241 315392
25.4892 27882689 315392
25.4893 27884137 315392
25.4895 27885585 315392
25.4896 27887033 315392
25.4898 27888481 315392
25.4899 27889929 315392
25.4901 27891377 315392
25.4902 27892825 315392
25.4904 27894273 315392
25.4905 27895721 315392
25.4907 27897169 315392
25.4908 27898617 315392
25.491 27900065 315392
25.4911 27901513 315392
25.4913 27902961 315392
25.4914 27904409 315392
25.4916 27905857 315392
25.4917 27907305 315392
25.4919 27908753 315392
25.492 27910201 315392
25.4922 27911649 315392
25.4923 27913097 315392
25.4925 27914545 315392
25.4926 27915993 315392
25.4928 27917441 315392
25.4929 27918889 315392
25.4931 27920337 315392
25.4932 27921785 315392
25.4934 27923233 315392
25.4935 27924681 315392
25.4937 27926129 315392
25.4938 27927577 315392
25.494 27929025 315392
25.4941 27930473 315392
25.4943 27931921 315392
25.4944 27933369 315392
25.4946 27934817 315392
25.4947 27936265 315392
25.4949 27937713 315392
25.495 27939161 315392
25.4952 27940609 315392
25.4953 27942057 315392
25.4955 27943505 315392
25.4956 27944953 315392
25.4958 27946401 315392
25.4959 27947849 315392
25.4961 27949297 315392
25.4962 27950745 315392
25.4964 27952193 315392
25.4965 27953641 315392
25.4967 27955089 315392
25.4968 27956537 315392
25.497 27957985 315392
25.4971 27959433 315392
25.4973 27960881 315392
25.4974 27962329 315392
25.4976 27963777 315392
25.4977 27965225 315392
25.4979 27966673 315392
25.498 27968121 315392
25.4982 27969569 315392
25.4983 27971017 315392
25.4985 27972465 315392
25.4986 27973913 315392
25.4988 27975361 315392
25.4989 27976809 315392
25.4991 27978257 315392
25.4992 27979705 315392
25.4994 27981153 315392
25.4995 27982601 315392
25.4997 27984049 315392
25.4998 27985497 315392
25.5 27986945 315392
25.5001 27988393 315392
25.5003 27989841 315392
25.5004 27991289 315392
25.5006 27992737 315392
25.5007 27994185 315392
25.5009 27995633 316928
25.501 27997081 316928
25.5012 27998529 316928
25.5013 27999977 316928
25.5015 28001425 316928
25.5016 28002873 316928
25.5018 28004321 316928
25.5019 28005769 316928
25.5021 28007217 316928
25.5022 28008665 316928
25.5024 28010113 316928
25.5025 28011561 316928
25.5027 28013009 316928
25.5028 28014457 316928
25.503 28015905 316928
25.5031 28017353 316928
25.5033 28018801 316928
25.5034 28020249 316928
25.5036 28021697 316928
25.5037 28023145 316928
25.5039 28024593 316928
25.504 28026041 316928
25.5042 28027489 316928
25.5043 28028937 316928
25.5045 28030385 316928
25.5046 28031833 316928
25.5048 28033281 316928
25.5049 28034729 316928
25.5051 28036177 316928
25.5052 28037625 316928
25.5054 28039073 316928
25.5055 28040521 316928
25.5057 28041969 316928
25.5058 28043417 316928
25.506 28044865 316928
25.5061 28046313 316928
25.5063 28047761 316928
25.5064 28049209 316928
25.5066 28050657 316928
25.5067 28052105 316928
25.5069 28053553 316928
25.507 28055001 316928
25.5072 28056449 316928
25.5073 28057897 316928
25.5075 28059345 316928
25.5076 28060793 316928
25.5078 28062241 316928
25.5079 28063689 316928
25.5081 28065137 316928
25.5082 28066585 316928
25.5084 28068033 316928
25.5087 28069481 316928
25.509 28070929 316928
25.5093 28072377 316928
25.5096 28073825 316928
25.5097 28075273 316928
25.5099 28076721 316928
25.51 28078169 316928
25.5102 28079617 316928
25.5105 28081065 316928
25.5108 28082513 316928
25.5348 28083961 316928
25.5351 28085409 316928
25.5353 28086857 316928
25.5354 28088305 316928
25.5356 28089753 316928
25.5357 28091201 316928
25.5359 28092649 316928
25.5362 28094097 316928
25.5365 28095545 316928
25.5368 28096993 316928
25.5371 28098441 316928
25.5372 28099889 316928
25.5374 28101337 316928
25.5375 28102785 316928
25.5377 28104233 316928
25.5378 28105681 316928
25.538 28107129 316928
25.5381 28108577 316928
25.5383 28110025 316928
25.5386 28111473 316928
25.5389 28112921 316928
25.539 28114369 316928
25.5392 28115817 316928
25.5395 28117265 316928
25.5398 28118713 316928
25.5399 28120161 316928
25.5402 28121609 316928
25.5405 28123057 316928
25.5407 28124505 316928
25.5408 28125953 316928
25.541 28127401 316928
25.5411 28128849 316928
25.5413 28130297 316928
25.5414 28131745 316928
25.5416 28133193 316928
25.5417 28134641 316928
25.5419 28136089 316928
25.542 28137537 316928
25.5422 28138985 316928
25.5423 28140433 316928
25.5425 28141881 316928
25.5426 28143329 316928
25.5428 28144777 316928
25.5429 28146225 316928
25.5431 28147673 316928
25.5432 28149121 316928
25.5434 28150569 316928
25.5435 28152017 316928
25.5437 28153465 316928
25.5438 28154913 316928
25.544 28156361 316928
25.5441 28157809 316928
25.5443 28159257 316928
25.5444 28160705 316928
25.5446 28162153 316928
25.5447 28163601 316928
25.5449 28165049 316928
25.545 28166497 316928
25.5452 28167945 316928
25.5453 28169393 316928
25.5455 28170841 316928
25.5456 28172289 316928
25.5458 28173737 316928
25.5459 28175185 316928
25.5461 28176633 316928
25.5462 28178081 316928
25.5464 28179529 316928
25.5465 28180977 316928
25.5467 28182425 316928
25.5468 28183873 316928
25.547 28185321 316928
25.5471 28186769 316928
25.5474 28188217 316928
25.5477 28189665 316928
25.5479 28191113 316928
25.548 28192561 316928
25.5483 28194009 316928
25.5486 28195457 316928
25.5489 28196905 316928
25.5492 28198353 316928
25.5498 28199801 316928
25.55 28201249 316928
25.5501 28202697 316928
25.5503 28204145 316928
25.5504 28205593 316928
25.5506 28207041 316928
25.5507 28208489 316928
25.5509 28209937 316928
25.551 28211385 316928
25.5512 28212833 316928
25.5513 28214281 316928
25.5515 28215729 316928
25.5516 28217177 316928
25.5518 28218625 316928
25.5519 28220073 316928
25.5521 28221521 316928
25.5522 28222969 316928
25.5524 28224417 316928
25.5525 28225865 316928
25.5527 28227313 316928
25.5528 28228761 316928
25.553 28230209 316928
25.5531 28231657 316928
25.5533 28233105 316928
25.5534 28234553 316928
25.5536 28236001 316928
25.5537 28237449 316928
25.5539 28238897 316928
25.554 28240345 316928
25.5542 28241793 316928
25.5543 28243241 316928
25.5545 28244689 316928
25.5546 28246137 316928
25.5548 28247585 316928
25.5549 28249033 316928
25.5551 28250481 316928
25.5552 28251929 316928
25.5554 28253377 316928
25.5555 28254825 316928
25.5557 28256273 316928
25.5558 28257721 316928
25.556 28259169 316928
25.5561 28260617 316928
25.5563 28262065 316928
25.5564 28263513 316928
25.5566 28264961 316928
25.5567 28266409 316928
25.5569 28267857 316928
25.557 28269305 316928
25.5572 28270753 316928
25.5573 28272201 316928
25.5575 28273649 316928
25.5576 28275097 316928
25.5578 28276545 316928
25.5579 28277993 316928
25.5581 28279441 316928
25.5582 28280889 316928
25.5584 28282337 316928
25.5585 28283785 316928
25.5587 28285233 316928
25.5588 28286681 316928
25.559 28288129 316928
25.5591 28289577 316928
25.5593 28291025 316928
25.5594 28292473 316928
25.5596 28293921 316928
25.5598 28295369 316928
25.5599 28296817 316928
25.5601 28298265 316928
25.5602 28299713 316928
25.5604 28301161 316928
25.5605 28302609 316928
25.5607 28304057 316928
25.5608 28305505 316928
25.561 28306953 316928
25.5611 28308401 316928
25.5613 28309849 316928
25.5614 28311297 316928
25.5616 28312745 318464
25.5617 28314193 318464
25.5619 28315641 318464
25.562 28317089 318464
25.5622 28318537 318464
25.5623 28319985 318464
25.5625 28321433 318464
25.5626 28322881 318464
25.5628 28324329 318464
25.5629 28325777 318464
25.5631 28327225 318464
25.5632 28328673 318464
25.5634 28330121 318464
25.5635 28331569 318464
25.5637 28333017 318464
25.5638 28334465 318464
25.564 28335913 318464
25.5641 28337361 318464
25.5643 28338809 318464
25.5644 28340257 318464
25.5646 28341705 318464
25.5647 28343153 318464
25.5649 28344601 318464
25.565 28346049 318464
25.5652 28347497 318464
25.5653 28348945 318464
25.5655 28350393 318464
25.5656 28351841 318464
25.5658 28353289 318464
25.5659 28354737 318464
25.5661 28356185 318464
25.5662 28357633 318464
25.5664 28359081 318464
25.5665 28360529 318464
25.5667 28361977 318464
25.5668 28363425 318464
25.567 28364873 318464
25.5671 28366321 318464
25.5673 28367769 318464
25.5674 28369217 318464
25.5676 28370665 318464
25.5677 28372113 318464
25.5679 28373561 318464
25.568 28375009 318464
25.5682 28376457 318464
25.5683 28377905 318464
25.5685 28379353 318464
25.5686 28380801 318464
25.5688 28382249 318464
25.5689 28383697 318464
25.5691 28385145 318464
25.5692 28386593 318464
25.5695 28388041 318464
25.57 28389489 318464
25.5703 28390937 318464
25.5707 28392385 318464
25.571 28393833 318464
25.5713 28395281 318464
25.5715 28396729 318464
25.5718 28398177 318464
25.5721 28399625 318464
25.5961 28401073 318464
25.5964 28402521 318464
25.5965 28403969 318464
25.5967 28405417 318464
25.5968 28406865 318464
25.597 28408313 318464
25.5971 28409761 318464
25.5975 28411209 318464
25.5978 28412657 318464
25.5981 28414105 318464
25.5984 28415553 318464
25.5985 28417001 318464
25.5987 28418449 318464
25.5988 28419897 318464
25.599 28421345 318464
25.5991 28422793 318464
25.5993 28424241 318464
25.5994 28425689 318464
25.5996 28427137 318464
25.5999 28428585 318464
25.6002 28430033 318464
25.6003 28431481 318464
25.6005 28432929 318464
25.6008 28434377 318464
25.6011 28435825 318464
25.6012 28437273 318464
25.6015 28438721 318464
25.6018 28440169 318464
25.602 28441617 318464
25.6021 28443065 318464
25.6023 28444513 318464
25.6024 28445961 318464
25.6026 28447409 318464
25.6027 28448857 318464
25.6029 28450305 318464
25.603 28451753 318464
25.6032 28453201 318464
25.6033 28454649 318464
25.6035 28456097 318464
25.6036 28457545 318464
25.6038 28458993 318464
25.6039 28460441 318464
25.6041 28461889 318464
25.6042 28463337 318464
25.6044 28464785 318464
25.6045 28466233 318464
25.6047 28467681 318464
25.6048 28469129 318464
25.605 28470577 318464
25.6051 28472025 318464
25.6053 28473473 318464
25.6054 28474921 318464
25.6056 28476369 318464
25.6057 28477817 318464
25.6059 28479265 318464
25.606 28480713 318464
25.6062 28482161 318464
25.6063 28483609 318464
25.6065 28485057 318464
25.6066 28486505 318464
25.6068 28487953 318464
25.6069 28489401 318464
25.6071 28490849 318464
25.6072 28492297 318464
25.6074 28493745 318464
25.6075 28495193 318464
25.6077 28496641 318464
25.6078 28498089 318464
25.608 28499537 318464
25.6081 28500985 318464
25.6083 28502433 318464
25.6084 28503881 318464
25.6087 28505329 318464
25.609 28506777 318464
25.6092 28508225 318464
25.6093 28509673 318464
25.6096 28511121 318464
25.6099 28512569 318464
25.6102 28514017 318464
25.6105 28515465 318464
25.6111 28516913 318464
25.6114 28518361 318464
25.6116 28519809 318464
25.6117 28521257 318464
25.6119 28522705 318464
25.612 28524153 318464
25.6122 28525601 318464
25.6123 28527049 318464
25.6125 28528497 318464
25.6126 28529945 318464
25.6128 28531393 318464
25.6129 28532841 318464
25.6131 28534289 318464
25.6132 28535737 318464
25.6134 28537185 318464
25.6135 28538633 318464
25.6137 28540081 318464
25.6138 28541529 318464
25.614 28542977 318464
25.6141 28544425 318464
25.6143 28545873 318464
25.6144 28547321 318464
25.6146 28548769 318464
25.6147 28550217 318464
25.6149 28551665 318464
25.615 28553113 318464
25.6152 28554561 318464
25.6153 28556009 318464
25.6155 28557457 318464
25.6156 28558905 318464
25.6158 28560353 318464
25.6159 28561801 318464
25.6161 28563249 318464
25.6162 28564697 318464
25.6164 28566145 318464
25.6165 28567593 318464
25.6167 28569041 318464
25.6168 28570489 318464
25.617 28571937 318464
25.6171 28573385 318464
25.6173 28574833 318464
25.6174 28576281 318464
25.6176 28577729 318464
25.6177 28579177 318464
25.6179 28580625 318464
25.618 28582073 318464
25.6182 28583521 318464
25.6183 28584969 318464
25.6185 28586417 318464
25.6186 28587865 318464
25.6188 28589313 318464
25.6189 28590761 318464
25.6191 28592209 318464
25.6192 28593657 318464
25.6194 28595105 318464
25.6195 28596553 318464
25.6197 28598001 318464
25.6198 28599449 318464
25.62 28600897 318464
25.6201 28602345 318464
25.6203 28603793 318464
25.6204 28605241 318464
25.6206 28606689 318464
25.6207 28608137 318464
25.6209 28609585 318464
25.621 28611033 318464
25.6212 28612481 318464
25.6213 28613929 318464
25.6215 28615377 318464
25.6216 28616825 318464
25.6218 28618273 318464
25.6219 28619721 318464
25.6221 28621169 318464
25.6222 28622617 318464
25.6224 28624065 318464
25.6225 28625513 318464
25.6227 28626961 318464
25.6228 28628409 318464
25.623 28629857 318464
25.6231 28631305 318464
25.6233 28632753 320000
25.6234 28634201 320000
25.6236 28635649 320000
25.6237 28637097 320000
25.6239 28638545 320000
25.624 28639993 320000
25.6242 28641441 320000
25.6243 28642889 320000
25.6245 28644337 320000
25.6246 28645785 320000
25.6248 28647233 320000
25.6249 28648681 320000
25.6251 28650129 320000
25.6252 28651577 320000
25.6254 28653025 320000
25.6255 28654473 320000
25.6257 28655921 320000
25.6258 28657369 320000
25.626 28658817 320000
25.6261 28660265 320000
25.6263 28661713 320000
25.6264 28663161 320000
25.6266 28664609 320000
25.6267 28666057 320000
25.6269 28667505 320000
25.627 28668953 320000
25.6272 28670401 320000
25.6273 28671849 320000
25.6275 28673297 320000
25.6276 28674745 320000
25.6278 28676193 320000
25.6279 28677641 320000
25.6281 28679089 320000
25.6282 28680537 320000
25.6284 28681985 320000
25.6285 28683433 320000
25.6287 28684881 320000
25.6288 28686329 320000
25.629 28687777 320000
25.6291 28689225 320000
25.6293 28690673 320000
25.6294 28692121 320000
25.6296 28693569 320000
25.6297 28695017 320000
25.6299 28696465 320000
25.63 28697913 320000
25.6302 28699361 320000
25.6303 28700809 320000
25.6305 28702257 320000
25.6306 28703705 320000
25.6308 28705153 320000
25.6309 28706601 320000
25.6312 28708049 320000
25.6318 28709497 320000
25.6321 28710945 320000
25.6329 28712393 320000
25.6332 28713841 320000
25.6336 28715289 320000
25.6339 28716737 320000
25.6347 28718185 320000
25.635 28719633 320000
25.659 28721081 320000
25.6593 28722529 320000
25.6595 28723977 320000
25.6596 28725425 320000
25.6598 28726873 320000
25.6599 28728321 320000
25.6601 28729769 320000
25.6604 28731217 320000
25.6607 28732665 320000
25.661 28734113 320000
25.6613 28735561 320000
25.6614 28737009 320000
25.6616 28738457 320000
25.6617 28739905 320000
25.6619 28741353 320000
25.662 28742801 320000
25.6622 28744249 320000
25.6623 28745697 320000
25.6625 28747145 320000
25.6628 28748593 320000
25.6631 28750041 320000
25.6632 28751489 320000
25.6634 28752937 320000
25.6637 28754385 320000
25.664 28755833 320000
25.6641 28757281 320000
25.6644 28758729 320000
25.6647 28760177 320000
25.6649 28761625 320000
25.665 28763073 320000
25.6652 28764521 320000
25.6653 28765969 320000
25.6655 28767417 320000
25.6656 28768865 320000
25.6658 28770313 320000
25.6659 28771761 320000
25.6661 28773209 320000
25.6662 28774657 320000
25.6664 28776105 320000
25.6665 28777553 320000
25.6667 28779001 320000
25.6668 28780449 320000
25.667 28781897 320000
25.6671 28783345 320000
25.6673 28784793 320000
25.6674 28786241 320000
25.6676 28787689 320000
25.6677 28789137 320000
25.6679 28790585 320000
25.668 28792033 320000
25.6682 28793481 320000
25.6683 28794929 320000
25.6685 28796377 320000
25.6686 28797825 320000
25.6688 28799273 320000
25.6689 28800721 320000
25.6691 28802169 320000
25.6692 28803617 320000
25.6694 28805065 320000
25.6695 28806513 320000
25.6697 28807961 320000
25.6698 28809409 320000
25.67 28810857 320000
25.6701 28812305 320000
25.6703 28813753 320000
25.6704 28815201 320000
25.6706 28816649 320000
25.6707 28818097 320000
25.6709 28819545 320000
25.671 28820993 320000
25.6712 28822441 320000
25.6713 28823889 320000
25.6716 28825337 320000
25.6719 28826785 320000
25.6721 28828233 320000
25.6722 28829681 320000
25.6726 28831129 320000
25.6729 28832577 320000
25.6732 28834025 320000
25.6735 28835473 320000
25.6741 28836921 320000
25.6744 28838369 320000
25.6745 28839817 320000
25.6747 28841265 320000
25.6748 28842713 320000
25.675 28844161 320000
25.6751 28845609 320000
25.6753 28847057 320000
25.6754 28848505 320000
25.6756 28849953 320000
25.6757 28851401 320000
25.6759 28852849 320000
25.676 28854297 320000
25.6762 28855745 320000
25.6763 28857193 320000
25.6765 28858641 320000
25.6766 28860089 320000
25.6768 28861537 320000
25.6769 28862985 320000
25.6771 28864433 320000
25.6772 28865881 320000
25.6774 28867329 320000
25.6775 28868777 320000
25.6777 28870225 320000
25.6778 28871673 320000
25.678 28873121 320000
25.6781 28874569 320000
25.6783 28876017 320000
25.6784 28877465 320000
25.6786 28878913 320000
25.6787 28880361 320000
25.6789 28881809 320000
25.679 28883257 320000
25.6792 28884705 320000
25.6793 28886153 320000
25.6795 28887601 320000
25.6796 28889049 320000
25.6798 28890497 320000
25.6799 28891945 320000
25.6801 28893393 320000
25.6802 28894841 320000
25.6804 28896289 320000
25.6805 28897737 320000
25.6807 28899185 320000
25.6808 28900633 320000
25.681 28902081 320000
25.6811 28903529 320000
25.6813 28904977 320000
25.6814 28906425 320000
25.6816 28907873 320000
25.6817 28909321 320000
25.6819 28910769 320000
25.682 28912217 320000
25.6822 28913665 320000
25.6823 28915113 320000
25.6825 28916561 320000
25.6826 28918009 320000
25.6828 28919457 320000
25.6829 28920905 320000
25.6831 28922353 320000
25.6832 28923801 320000
25.6834 28925249 320000
25.6835 28926697 320000
25.6837 28928145 320000
25.6838 28929593 320000
25.684 28931041 320000
25.6841 28932489 320000
25.6843 28933937 320000
25.6844 28935385 320000
25.6846 28936833 320000
25.6847 28938281 320000
25.6849 28939729 320000
25.685 28941177 320000
25.6852 28942625 320000
25.6853 28944073 320000
25.6855 28945521 320000
25.6856 28946969 320000
25.6858 28948417 320000
25.6859 28949865 320000
25.6861 28951313 320000
25.6862 28952761 320000
25.6864 28954209 320000
25.6865 28955657 321024
25.6867 28957105 321024
25.6868 28958553 321024
25.687 28960001 321024
25.6871 28961449 321024
25.6873 28962897 321024
25.6874 28964345 321024
25.6876 28965793 321024
25.6877 28967241 321024
25.6879 28968689 321024
25.688 28970137 321024
25.6882 28971585 321024
25.6883 28973033 321024
25.6885 28974481 321024
25.6886 28975929 321024
25.6888 28977377 321024
25.6889 28978825 321024
25.6891 28980273 321024
25.6892 28981721 321024
25.6894 28983169 321024
25.6895 28984617 321024
25.6897 28986065 321024
25.6898 28987513 321024
25.69 28988961 321024
25.6901 28990409 321024
25.6903 28991857 321024
25.6904 28993305 321024
25.6906 28994753 321024
25.6907 28996201 321024
25.6909 28997649 321024
25.691 28999097 321024
25.6912 29000545 321024
25.6913 29001993 321024
25.6915 29003441 321024
25.6916 29004889 321024
25.6918 29006337 321024
25.6919 29007785 321024
25.6921 29009233 321024
25.6922 29010681 321024
25.6924 29012129 321024
25.6925 29013577 321024
25.6927 29015025 321024
25.6928 29016473 321024
25.693 29017921 321024
25.6931 29019369 321024
25.6933 29020817 321024
25.6934 29022265 321024
25.6936 29023713 321024
25.6937 29025161 321024
25.6939 29026609 321024
25.694 29028057 321024
25.6946 29029505 321024
25.6949 29030953 321024
25.696 29032401 321024
25.6963 29033849 321024
25.697 29035297 321024
25.6973 29036745 321024
25.6984 29038193 321024
25.6988 29039641 321024
25.7242 29041089 321024
25.7245 29042537 321024
25.7248 29043985 321024
25.725 29045433 321024
25.7251 29046881 321024
25.7253 29048329 321024
25.7254 29049777 321024
25.7256 29051225 321024
25.7259 29052673 321024
25.7262 29054121 321024
25.7265 29055569 321024
25.7268 29057017 321024
25.7269 29058465 321024
25.7271 29059913 321024
25.7272 29061361 321024
25.7274 29062809 321024
25.7275 29064257 321024
25.7277 29065705 321024
25.7278 29067153 321024
25.728 29068601 321024
25.7283 29070049 321024
25.7286 29071497 321024
25.7287 29072945 321024
25.7289 29074393 321024
25.7292 29075841 321024
25.7295 29077289 321024
25.7296 29078737 321024
25.7299 29080185 321024
25.7302 29081633 321024
25.7304 29083081 321024
25.7305 29084529 321024
25.7307 29085977 321024
25.7308 29087425 321024
25.731 29088873 321024
25.7311 29090321 321024
25.7313 29091769 321024
25.7314 29093217 321024
25.7316 29094665 321024
25.7317 29096113 321024
25.7319 29097561 321024
25.732 29099009 321024
25.7322 29100457 321024
25.7323 29101905 321024
25.7325 29103353 321024
25.7326 29104801 321024
25.7328 29106249 321024
25.7329 29107697 321024
25.7331 29109145 321024
25.7332 29110593 321024
25.7334 29112041 321024
25.7335 29113489 321024
25.7337 29114937 321024
25.7338 29116385 321024
25.734 29117833 321024
25.7341 29119281 321024
25.7343 29120729 321024
25.7344 29122177 321024
25.7346 29123625 321024
25.7347 29125073 321024
25.7349 29126521 321024
25.735 29127969 321024
25.7352 29129417 321024
25.7353 29130865 321024
25.7355 29132313 321024
25.7356 29133761 321024
25.7358 29135209 321024
25.7359 29136657 321024
25.7361 29138105 321024
25.7362 29139553 321024
25.7364 29141001 321024
25.7365 29142449 321024
25.7367 29143897 321024
25.7368 29145345 321024
25.7371 29146793 321024
25.7374 29148241 321024
25.7376 29149689 321024
25.7377 29151137 321024
25.738 29152585 321024
25.7383 29154033 321024
25.7386 29155481 321024
25.7392 29156929 321024
25.7395 29158377 321024
25.7398 29159825 321024
25.74 29161273 321024
25.7401 29162721 321024
25.7403 29164169 321024
25.7404 29165617 321024
25.7406 29167065 321024
25.7407 29168513 321024
25.7409 29169961 321024
25.741 29171409 321024
25.7412 29172857 321024
25.7413 29174305 321024
25.7415 29175753 321024
25.7416 29177201 321024
25.7418 29178649 321024
25.7419 29180097 321024
25.7421 29181545 321024
25.7422 29182993 321024
25.7424 29184441 321024
25.7425 29185889 321024
25.7427 29187337 321024
25.7428 29188785 321024
25.743 29190233 321024
25.7431 29191681 321024
25.7433 29193129 321024
25.7434 29194577 321024
25.7436 29196025 321024
25.7437 29197473 321024
25.7439 29198921 321024
25.744 29200369 321024
25.7442 29201817 321024
25.7443 29203265 321024
25.7445 29204713 321024
25.7446 29206161 321024
25.7448 29207609 321024
25.7449 29209057 321024
25.7451 29210505 321024
25.7452 29211953 321024
25.7454 29213401 321024
25.7455 29214849 321024
25.7457 29216297 321024
25.7458 29217745 321024
25.746 29219193 321024
25.7461 29220641 321024
25.7463 29222089 321024
25.7464 29223537 321024
25.7466 29224985 321024
25.7467 29226433 321024
25.7469 29227881 321024
25.747 29229329 321024
25.7472 29230777 321024
25.7474 29232225 321024
25.7475 29233673 321024
25.7477 29235121 321024
25.7478 29236569 321024
25.748 29238017 321024
25.7481 29239465 321024
25.7483 29240913 321024
25.7484 29242361 321024
25.7486 29243809 321024
25.7487 29245257 321024
25.7489 29246705 321024
25.749 29248153 321024
25.7492 29249601 321024
25.7493 29251049 321024
25.7495 29252497 321024
25.7496 29253945 321024
25.7498 29255393 321024
25.7499 29256841 321024
25.7501 29258289 321024
25.7502 29259737 321024
25.7504 29261185 321024
25.7505 29262633 321024
25.7507 29264081 321024
25.7508 29265529 321024
25.751 29266977 321024
25.7511 29268425 321024
25.7513 29269873 321024
25.7514 29271321 321024
25.7516 29272769 321024
25.7517 29274217 321024
25.7519 29275665 321024
25.752 29277113 321024
25.7522 29278561 322560
25.7523 29280009 322560
25.7525 29281457 322560
25.7526 29282905 322560
25.7528 29284353 322560
25.7529 29285801 322560
25.7531 29287249 322560
25.7532 29288697 322560
25.7534 29290145 322560
25.7535 29291593 322560
25.7537 29293041 322560
25.7538 29294489 322560
25.754 29295937 322560
25.7541 29297385 322560
25.7543 29298833 322560
25.7544 29300281 322560
25.7546 29301729 322560
25.7547 29303177 322560
25.7549 29304625 322560
25.755 29306073 322560
25.7552 29307521 322560
25.7553 29308969 322560
25.7555 29310417 322560
25.7556 29311865 322560
25.7558 29313313 322560
25.7559 29314761 322560
25.7561 29316209 322560
25.7562 29317657 322560
25.7564 29319105 322560
25.7565 29320553 322560
25.7567 29322001 322560
25.7568 29323449 322560
25.757 29324897 322560
25.7571 29326345 322560
25.7573 29327793 322560
25.7574 29329241 322560
25.7576 29330689 322560
25.7577 29332137 322560
25.7579 29333585 322560
25.758 29335033 322560
25.7582 29336481 322560
25.7583 29337929 322560
25.7585 29339377 322560
25.7586 29340825 322560
25.7588 29342273 322560
25.7589 29343721 322560
25.7591 29345169 322560
25.7592 29346617 322560
25.7594 29348065 322560
25.7595 29349513 322560
25.7598 29350961 322560
25.7604 29352409 322560
25.7607 29353857 322560
25.7621 29355305 322560
25.7624 29356753 322560
25.7634 29358201 322560
25.7637 29359649 322560
25.7652 29361097 322560
25.7655 29362545 322560
25.7947 29363993 322560
25.795 29365441 322560
25.7953 29366889 322560
25.7954 29368337 322560
25.7956 29369785 322560
25.7957 29371233 322560
25.7959 29372681 322560
25.796 29374129 322560
25.7963 29375577 322560
25.7966 29377025 322560
25.7969 29378473 322560
25.7972 29379921 322560
25.7974 29381369 322560
25.7975 29382817 322560
25.7977 29384265 322560
25.7978 29385713 322560
25.798 29387161 322560
25.7981 29388609 322560
25.7983 29390057 322560
25.7984 29391505 322560
25.7987 29392953 322560
25.799 29394401 322560
25.7992 29395849 322560
25.7993 29397297 322560
25.7996 29398745 322560
25.7999 29400193 322560
25.8001 29401641 322560
25.8004 29403089 322560
25.8007 29404537 322560
25.8008 29405985 322560
25.801 29407433 322560
25.8011 29408881 322560
25.8013 29410329 322560
25.8014 29411777 322560
25.8016 29413225 322560
25.8017 29414673 322560
25.8019 29416121 322560
25.802 29417569 322560
25.8022 29419017 322560
25.8023 29420465 322560
25.8025 29421913 322560
25.8026 29423361 322560
25.8028 29424809 322560
25.8029 29426257 322560
25.8031 29427705 322560
25.8032 29429153 322560
25.8034 29430601 322560
25.8035 29432049 322560
25.8037 29433497 322560
25.8038 29434945 322560
25.804 29436393 322560
25.8041 29437841 322560
25.8043 29439289 322560
25.8044 29440737 322560
25.8046 29442185 322560
25.8047 29443633 322560
25.8049 29445081 322560
25.805 29446529 322560
25.8052 29447977 322560
25.8053 29449425 322560
25.8055 29450873 322560
25.8056 29452321 322560
25.8058 29453769 322560
25.8059 29455217 322560
25.8061 29456665 322560
25.8062 29458113 322560
25.8064 29459561 322560
25.8065 29461009 322560
25.8067 29462457 322560
25.8068 29463905 322560
25.807 29465353 322560
25.8071 29466801 322560
25.8073 29468249 322560
25.8076 29469697 322560
25.8079 29471145 322560
25.808 29472593 322560
25.8082 29474041 322560
25.8085 29475489 322560
25.8088 29476937 322560
25.8091 29478385 322560
25.8097 29479833 322560
25.81 29481281 322560
25.8103 29482729 322560
25.8104 29484177 322560
25.8106 29485625 322560
25.8107 29487073 322560
25.8109 29488521 322560
25.811 29489969 322560
25.8112 29491417 322560
25.8113 29492865 322560
25.8115 29494313 322560
25.8116 29495761 322560
25.8118 29497209 322560
25.8119 29498657 322560
25.8121 29500105 322560
25.8122 29501553 322560
25.8124 29503001 322560
25.8125 29504449 322560
25.8127 29505897 322560
25.8128 29507345 322560
25.813 29508793 322560
25.8131 29510241 322560
25.8133 29511689 322560
25.8134 29513137 322560
25.8136 29514585 322560
25.8137 29516033 322560
25.8139 29517481 322560
25.814 29518929 322560
25.8142 29520377 322560
25.8143 29521825 322560
25.8145 29523273 322560
25.8146 29524721 322560
25.8148 29526169 322560
25.8149 29527617 322560
25.8151 29529065 322560
25.8152 29530513 322560
25.8154 29531961 322560
25.8155 29533409 322560
25.8157 29534857 322560
25.8158 29536305 322560
25.816 29537753 322560
25.8161 29539201 322560
25.8163 29540649 322560
25.8164 29542097 322560
25.8166 29543545 322560
25.8167 29544993 322560
25.8169 29546441 322560
25.817 29547889 322560
25.8172 29549337 322560
25.8173 29550785 322560
25.8175 29552233 322560
25.8176 29553681 322560
25.8178 29555129 322560
25.8179 29556577 322560
25.8181 29558025 322560
25.8182 29559473 322560
25.8184 29560921 322560
25.8185 29562369 322560
25.8187 29563817 322560
25.8188 29565265 322560
25.819 29566713 322560
25.8191 29568161 322560
25.8193 29569609 322560
25.8194 29571057 322560
25.8196 29572505 322560
25.8197 29573953 322560
25.8199 29575401 322560
25.82 29576849 322560
25.8202 29578297 322560
25.8203 29579745 322560
25.8205 29581193 322560
25.8206 29582641 322560
25.8208 29584089 322560
25.8209 29585537 322560
25.8211 29586985 322560
25.8212 29588433 322560
25.8214 29589881 322560
25.8215 29591329 322560
25.8217 29592777 322560
25.8218 29594225 322560
25.822 29595673 322560
25.8221 29597121 322560
25.8223 29598569 322560
25.8224 29600017 322560
25.8226 29601465 322560
25.8228 29602913 322560
25.8229 29604361 322560
25.8231 29605809 322560
25.8232 29607257 322560
25.8234 29608705 322560
25.8235 29610153 322560
25.8237 29611601 322560
25.8238 29613049 322560
25.824 29614497 322560
25.8241 29615945 322560
25.8243 29617393 322560
25.8244 29618841 322560
25.8246 29620289 322560
25.8247 29621737 322560
25.8249 29623185 322560
25.825 29624633 322560
25.8252 29626081 322560
25.8253 29627529 322560
25.8255 29628977 322560
25.8256 29630425 322560
25.8258 29631873 322560
25.8259 29633321 322560
25.8261 29634769 322560
25.8262 29636217 322560
25.8264 29637665 322560
25.8265 29639113 324096
25.8267 29640561 324096
25.8268 29642009 324096
25.827 29643457 324096
25.8271 29644905 324096
25.8273 29646353 324096
25.8274 29647801 324096
25.8276 29649249 324096
25.8277 29650697 324096
25.8279 29652145 324096
25.828 29653593 324096
25.8282 29655041 324096
25.8283 29656489 324096
25.8285 29657937 324096
25.8286 29659385 324096
25.8288 29660833 324096
25.8289 29662281 324096
25.8291 29663729 324096
25.8292 29665177 324096
25.8294 29666625 324096
25.8295 29668073 324096
25.8297 29669521 324096
25.8298 29670969 324096
25.83 29672417 324096
25.8301 29673865 324096
25.8307 29675313 324096
25.831 29676761 324096
25.8327 29678209 324096
25.833 29679657 324096
25.8343 29681105 324096
25.8346 29682553 324096
25.8364 29684001 324096
25.8367 29685449 324096
25.8722 29686897 324096
25.8725 29688345 324096
25.8728 29689793 324096
25.8731 29691241 324096
25.8732 29692689 324096
25.8734 29694137 324096
25.8735 29695585 324096
25.8737 29697033 324096
25.8738 29698481 324096
25.8741 29699929 324096
25.8744 29701377 324096
25.8747 29702825 324096
25.875 29704273 324096
25.8752 29705721 324096
25.8753 29707169 324096
25.8755 29708617 324096
25.8756 29710065 324096
25.8758 29711513 324096
25.8759 29712961 324096
25.8761 29714409 324096
25.8762 29715857 324096
25.8765 29717305 324096
25.8768 29718753 324096
25.877 29720201 324096
25.8771 29721649 324096
25.8774 29723097 324096
25.8777 29724545 324096
25.8779 29725993 324096
25.8782 29727441 324096
25.8785 29728889 324096
25.8786 29730337 324096
25.8788 29731785 324096
25.8789 29733233 324096
25.8791 29734681 324096
25.8792 29736129 324096
25.8794 29737577 324096
25.8795 29739025 324096
25.8797 29740473 324096
25.8798 29741921 324096
25.88 29743369 324096
25.8801 29744817 324096
25.8803 29746265 324096
25.8804 29747713 324096
25.8806 29749161 324096
25.8807 29750609 324096
25.8809 29752057 324096
25.881 29753505 324096
25.8812 29754953 324096
25.8813 29756401 324096
25.8815 29757849 324096
25.8816 29759297 324096
25.8818 29760745 324096
25.8819 29762193 324096
25.8821 29763641 324096
25.8822 29765089 324096
25.8824 29766537 324096
25.8825 29767985 324096
25.8827 29769433 324096
25.8828 29770881 324096
25.883 29772329 324096
25.8831 29773777 324096
25.8833 29775225 324096
25.8834 29776673 324096
25.8836 29778121 324096
25.8837 29779569 324096
25.8839 29781017 324096
25.884 29782465 324096
25.8842 29783913 324096
25.8843 29785361 324096
25.8845 29786809 324096
25.8846 29788257 324096
25.8848 29789705 324096
25.8849 29791153 324096
25.8851 29792601 324096
25.8854 29794049 324096
25.8857 29795497 324096
25.8858 29796945 324096
25.886 29798393 324096
25.8863 29799841 324096
25.8866 29801289 324096
25.8872 29802737 324096
25.8875 29804185 324096
25.8878 29805633 324096
25.8881 29807081 324096
25.8882 29808529 324096
25.8884 29809977 324096
25.8885 29811425 324096
25.8887 29812873 324096
25.8888 29814321 324096
25.889 29815769 324096
25.8891 29817217 324096
25.8893 29818665 324096
25.8894 29820113 324096
25.8896 29821561 324096
25.8897 29823009 324096
25.8899 29824457 324096
25.89 29825905 324096
25.8902 29827353 324096
25.8903 29828801 324096
25.8905 29830249 324096
25.8906 29831697 324096
25.8908 29833145 324096
25.8909 29834593 324096
25.8911 29836041 324096
25.8912 29837489 324096
25.8914 29838937 324096
25.8915 29840385 324096
25.8917 29841833 324096
25.8918 29843281 324096
25.892 29844729 324096
25.8921 29846177 324096
25.8923 29847625 324096
25.8924 29849073 324096
25.8926 29850521 324096
25.8927 29851969 324096
25.8929 29853417 324096
25.893 29854865 324096
25.8932 29856313 324096
25.8933 29857761 324096
25.8935 29859209 324096
25.8936 29860657 324096
25.8938 29862105 324096
25.8939 29863553 324096
25.8941 29865001 324096
25.8942 29866449 324096
25.8944 29867897 324096
25.8945 29869345 324096
25.8947 29870793 324096
25.8948 29872241 324096
25.895 29873689 324096
25.8951 29875137 324096
25.8953 29876585 324096
25.8954 29878033 324096
25.8956 29879481 324096
25.8957 29880929 324096
25.8959 29882377 324096
25.896 29883825 324096
25.8962 29885273 324096
25.8963 29886721 324096
25.8965 29888169 324096
25.8966 29889617 324096
25.8968 29891065 324096
25.8969 29892513 324096
25.8971 29893961 324096
25.8972 29895409 324096
25.8974 29896857 324096
25.8975 29898305 324096
25.8977 29899753 324096
25.8979 29901201 324096
25.898 29902649 324096
25.8982 29904097 324096
25.8983 29905545 324096
25.8985 29906993 324096
25.8986 29908441 324096
25.8988 29909889 324096
25.8989 29911337 324096
25.8991 29912785 324096
25.8992 29914233 324096
25.8994 29915681 324096
25.8995 29917129 324096
25.8997 29918577 324096
25.8998 29920025 324096
25.9 29921473 324096
25.9001 29922921 324096
25.9003 29924369 324096
25.9004 29925817 324096
25.9006 29927265 324096
25.9007 29928713 324096
25.9009 29930161 324096
25.901 29931609 324096
25.9012 29933057 324096
25.9013 29934505 324096
25.9015 29935953 324096
25.9016 29937401 324096
25.9018 29938849 324096
25.9019 29940297 324096
25.9021 29941745 324096
25.9022 29943193 324096
25.9024 29944641 324096
25.9025 29946089 324096
25.9027 29947537 324096
25.9028 29948985 324096
25.903 29950433 324096
25.9031 29951881 324096
25.9033 29953329 324096
25.9034 29954777 324096
25.9036 29956225 324096
25.9037 29957673 324096
25.9039 29959121 324096
25.904 29960569 324096
25.9042 29962017 324096
25.9043 29963465 324096
25.9045 29964913 324096
25.9046 29966361 324096
25.9048 29967809 324096
25.9049 29969257 324096
25.9051 29970705 324096
25.9052 29972153 324096
25.9054 29973601 324096
25.9055 29975049 324096
25.9057 29976497 324096
25.9058 29977945 324096
25.906 29979393 324096
25.9061 29980841 324096
25.9063 29982289 324096
25.9064 29983737 324096
25.9066 29985185 324096
25.9067 29986633 324096
25.9069 29988081 324096
25.907 29989529 324096
25.9072 29990977 324096
25.9073 29992425 324096
25.9075 29993873 324096
25.9076 29995321 324096
25.9078 29996769 324096
25.9079 29998217 324096
25.9087 29999665 324096
25.909 30001113 324096
25.9109 30002561 325632
25.9112 30004009 325632
25.9115 30005457 325632
25.913 30006905 325632
25.9133 30008353 325632
25.9154 30009801 325632
25.9157 30011249 325632
25.9585 30012697 325632
25.9588 30014145 325632
25.9591 30015593 325632
25.9594 30017041 325632
25.9596 30018489 325632
25.9597 30019937 325632
25.9599 30021385 325632
25.96 30022833 325632
25.9602 30024281 325632
25.9605 30025729 325632
25.9608 30027177 325632
25.9611 30028625 325632
25.9614 30030073 325632
25.9615 30031521 325632
25.9617 30032969 325632
25.9618 30034417 325632
25.962 30035865 325632
25.9621 30037313 325632
25.9623 30038761 325632
25.9624 30040209 325632
25.9626 30041657 325632
25.9629 30043105 325632
25.9632 30044553 325632
25.9633 30046001 325632
25.9635 30047449 325632
25.9638 30048897 325632
25.9641 30050345 325632
25.9642 30051793 325632
25.9645 30053241 325632
25.9648 30054689 325632
25.965 30056137 325632
25.9651 30057585 325632
25.9653 30059033 325632
25.9654 30060481 325632
25.9656 30061929 325632
25.9657 30063377 325632
25.9659 30064825 325632
25.966 30066273 325632
25.9662 30067721 325632
25.9663 30069169 325632
25.9665 30070617 325632
25.9666 30072065 325632
25.9668 30073513 325632
25.9669 30074961 325632
25.9671 30076409 325632
25.9672 30077857 325632
25.9674 30079305 325632
25.9675 30080753 325632
25.9677 30082201 325632
25.9678 30083649 325632
25.968 30085097 325632
25.9681 30086545 325632
25.9683 30087993 325632
25.9684 30089441 325632
25.9686 30090889 325632
25.9687 30092337 325632
25.9689 30093785 325632
25.969 30095233 325632
25.9692 30096681 325632
25.9693 30098129 325632
25.9695 30099577 325632
25.9696 30101025 325632
25.9698 30102473 325632
25.9699 30103921 325632
25.9701 30105369 325632
25.9702 30106817 325632
25.9704 30108265 325632
25.9705 30109713 325632
25.9707 30111161 325632
25.9708 30112609 325632
25.971 30114057 325632
25.9711 30115505 325632
25.9713 30116953 325632
25.9714 30118401 325632
25.9717 30119849 325632
25.972 30121297 325632
25.9722 30122745 325632
25.9723 30124193 325632
25.9727 30125641 325632
25.973 30127089 325632
25.9736 30128537 325632
25.9739 30129985 325632
25.9742 30131433 325632
25.9745 30132881 325632
25.9746 30134329 325632
25.9748 30135777 325632
25.9749 30137225 325632
25.9751 30138673 325632
25.9752 30140121 325632
25.9754 30141569 325632
25.9755 30143017 325632
25.9757 30144465 325632
25.9758 30145913 325632
25.976 30147361 325632
25.9761 30148809 325632
25.9763 30150257 325632
25.9764 30151705 325632
25.9766 30153153 325632
25.9767 30154601 325632
25.9769 30156049 325632
25.977 30157497 325632
25.9772 30158945 325632
25.9773 30160393 325632
25.9775 30161841 325632
25.9776 30163289 325632
25.9778 30164737 325632
25.9779 30166185 325632
25.9781 30167633 325632
25.9782 30169081 325632
25.9784 30170529 325632
25.9785 30171977 325632
25.9787 30173425 325632
25.9788 30174873 325632
25.979 30176321 325632
25.9791 30177769 325632
25.9793 30179217 325632
25.9794 30180665 325632
25.9796 30182113 325632
25.9797 30183561 325632
25.9799 30185009 325632
25.98 30186457 325632
25.9802 30187905 325632
25.9803 30189353 325632
25.9805 30190801 325632
25.9806 30192249 325632
25.9808 30193697 325632
25.9809 30195145 325632
25.9811 30196593 325632
25.9812 30198041 325632
25.9814 30199489 325632
25.9815 30200937 325632
25.9817 30202385 325632
25.9818 30203833 325632
25.982 30205281 325632
25.9821 30206729 325632
25.9823 30208177 325632
25.9824 30209625 325632
25.9826 30211073 325632
25.9827 30212521 325632
25.9829 30213969 325632
25.983 30215417 325632
25.9832 30216865 325632
25.9833 30218313 325632
25.9835 30219761 325632
25.9836 30221209 325632
25.9838 30222657 325632
25.9839 30224105 325632
25.9841 30225553 325632
25.9842 30227001 325632
25.9844 30228449 325632
25.9845 30229897 325632
25.9847 30231345 325632
25.9848 30232793 325632
25.985 30234241 325632
25.9851 30235689 325632
25.9853 30237137 325632
25.9854 30238585 325632
25.9856 30240033 325632
25.9857 30241481 325632
25.9859 30242929 325632
25.986 30244377 325632
25.9862 30245825 325632
25.9863 30247273 325632
25.9865 30248721 325632
25.9866 30250169 325632
25.9868 30251617 325632
25.9869 30253065 325632
25.9871 30254513 325632
25.9872 30255961 325632
25.9874 30257409 325632
25.9875 30258857 325632
25.9877 30260305 325632
25.9878 30261753 325632
25.988 30263201 325632
25.9881 30264649 325632
25.9883 30266097 325632
25.9884 30267545 325632
25.9886 30268993 325632
25.9887 30270441 325632
25.9889 30271889 325632
25.989 30273337 325632
25.9892 30274785 325632
25.9893 30276233 325632
25.9895 30277681 325632
25.9896 30279129 325632
25.9898 30280577 325632
25.9899 30282025 325632
25.9901 30283473 325632
25.9902 30284921 325632
25.9904 30286369 325632
25.9905 30287817 325632
25.9907 30289265 325632
25.9908 30290713 325632
25.991 30292161 325632
25.9911 30293609 325632
25.9913 30295057 325632
25.9914 30296505 325632
25.9916 30297953 325632
25.9917 30299401 325632
25.9919 30300849 325632
25.992 30302297 325632
25.9922 30303745 325632
25.9923 30305193 325632
25.9925 30306641 325632
25.9926 30308089 325632
25.9928 30309537 325632
25.9929 30310985 325632
25.9931 30312433 325632
25.9932 30313881 325632
25.9934 30315329 325632
25.9935 30316777 325632
25.9937 30318225 325632
25.9938 30319673 325632
25.994 30321121 325632
25.9941 30322569 325632
25.9943 30324017 325632
25.9952 30325465 325632
25.9955 30326913 325632
25.9977 30328361 325632
25.9979 30329809 325632
25.9995 30331257 327168
25.9997 30332705 327168
25.9998 30334153 327168
26.0019 30335601 327168
26.0021 30337049 327168
26.045 30338497 327168
26.0455 30341393 327168
26.0458 30342841 327168
26.0461 30344289 327168
26.0462 30345737 327168
26.0464 30347185 327168
26.0465 30348633 327168
26.0467 30350081 327168
26.0468 30351529 327168
26.0471 30352977 327168
26.0474 30354425 327168
26.0478 30355873 327168
26.0481 30357321 327168
26.0482 30358769 327168
26.0484 30360217 327168
26.0485 30361665 327168
26.0487 30363113 327168
26.0488 30364561 327168
26.049 30366009 327168
26.0491 30367457 327168
26.0493 30368905 327168
26.0496 30370353 327168
26.0499 30371801 327168
26.05 30373249 327168
26.0502 30374697 327168
26.0505 30376145 327168
26.0508 30377593 327168
26.0509 30379041 327168
26.0512 30380489 327168
26.0515 30381937 327168
26.0517 30383385 327168
26.0518 30384833 327168
26.052 30386281 327168
26.0521 30387729 327168
26.0523 30389177 327168
26.0524 30390625 327168
26.0526 30392073 327168
26.0527 30393521 327168
26.0529 30394969 327168
26.053 30396417 327168
26.0532 30397865 327168
26.0533 30399313 327168
26.0535 30400761 327168
26.0536 30402209 327168
26.0538 30403657 327168
26.0539 30405105 327168
26.0541 30406553 327168
26.0542 30408001 327168
26.0544 30409449 327168
26.0545 30410897 327168
26.0547 30412345 327168
26.0548 30413793 327168
26.055 30415241 327168
26.0551 30416689 327168
26.0553 30418137 327168
26.0554 30419585 327168
26.0556 30421033 327168
26.0557 30422481 327168
26.0559 30423929 327168
26.056 30425377 327168
26.0562 30426825 327168
26.0563 30428273 327168
26.0565 30429721 327168
26.0566 30431169 327168
26.0568 30432617 327168
26.0569 30434065 327168
26.0571 30435513 327168
26.0572 30436961 327168
26.0574 30438409 327168
26.0575 30439857 327168
26.0577 30441305 327168
26.0578 30442753 327168
26.058 30444201 327168
26.0581 30445649 327168
26.0584 30447097 327168
26.0587 30448545 327168
26.0589 30449993 327168
26.059 30451441 327168
26.0593 30452889 327168
26.0599 30454337 327168
26.0602 30455785 327168
26.0605 30457233 327168
26.0608 30458681 327168
26.0611 30460129 327168
26.0613 30461577 327168
26.0614 30463025 327168
26.0616 30464473 327168
26.0617 30465921 327168
26.0619 30467369 327168
26.062 30468817 327168
26.0622 30470265 327168
26.0623 30471713 327168
26.0625 30473161 327168
26.0626 30474609 327168
26.0628 30476057 327168
26.0629 30477505 327168
26.0631 30478953 327168
26.0632 30480401 327168
26.0634 30481849 327168
26.0635 30483297 327168
26.0637 30484745 327168
26.0638 30486193 327168
26.064 30487641 327168
26.0641 30489089 327168
26.0643 30490537 327168
26.0644 30491985 327168
26.0646 30493433 327168
26.0647 30494881 327168
26.0649 30496329 327168
26.065 30497777 327168
26.0652 30499225 327168
26.0653 30500673 327168
26.0655 30502121 327168
26.0656 30503569 327168
26.0658 30505017 327168
26.0659 30506465 327168
26.0661 30507913 327168
26.0662 30509361 327168
26.0664 30510809 327168
26.0665 30512257 327168
26.0667 30513705 327168
26.0668 30515153 327168
26.067 30516601 327168
26.0671 30518049 327168
26.0673 30519497 327168
26.0674 30520945 327168
26.0676 30522393 327168
26.0677 30523841 327168
26.0679 30525289 327168
26.068 30526737 327168
26.0682 30528185 327168
26.0683 30529633 327168
26.0685 30531081 327168
26.0686 30532529 327168
26.0688 30533977 327168
26.0689 30535425 327168
26.0691 30536873 327168
26.0692 30538321 327168
26.0694 30539769 327168
26.0695 30541217 327168
26.0697 30542665 327168
26.0698 30544113 327168
26.07 30545561 327168
26.0701 30547009 327168
26.0703 30548457 327168
26.0704 30549905 327168
26.0706 30551353 327168
26.0707 30552801 327168
26.0709 30554249 327168
26.071 30555697 327168
26.0712 30557145 327168
26.0713 30558593 327168
26.0715 30560041 327168
26.0716 30561489 327168
26.0718 30562937 327168
26.0719 30564385 327168
26.0721 30565833 327168
26.0722 30567281 327168
26.0724 30568729 327168
26.0725 30570177 327168
26.0727 30571625 327168
26.0728 30573073 327168
26.073 30574521 327168
26.0731 30575969 327168
26.0733 30577417 327168
26.0734 30578865 327168
26.0736 30580313 327168
26.0737 30581761 327168
26.0739 30583209 327168
26.074 30584657 327168
26.0742 30586105 327168
26.0743 30587553 327168
26.0745 30589001 327168
26.0746 30590449 327168
26.0748 30591897 327168
26.0749 30593345 327168
26.0751 30594793 327168
26.0752 30596241 327168
26.0754 30597689 327168
26.0755 30599137 327168
26.0757 30600585 327168
26.0758 30602033 327168
26.076 30603481 327168
26.0761 30604929 327168
26.0763 30606377 327168
26.0764 30607825 327168
26.0766 30609273 327168
26.0767 30610721 327168
26.0769 30612169 327168
26.077 30613617 327168
26.0772 30615065 327168
26.0773 30616513 327168
26.0775 30617961 327168
26.0776 30619409 327168
26.0778 30620857 327168
26.0779 30622305 327168
26.0781 30623753 327168
26.0782 30625201 327168
26.0784 30626649 327168
26.0785 30628097 327168
26.0787 30629545 327168
26.0788 30630993 327168
26.079 30632441 327168
26.0791 30633889 327168
26.0793 30635337 327168
26.0794 30636785 327168
26.0796 30638233 327168
26.0797 30639681 327168
26.0799 30641129 327168
26.08 30642577 327168
26.0802 30644025 327168
26.0803 30645473 327168
26.0805 30646921 327168
26.0806 30648369 327168
26.0808 30649817 327168
26.0815 30651265 327168
26.0818 30652713 327168
26.0842 30654161 328192
26.0844 30655609 328192
26.0845 30657057 328192
26.0861 30658505 328192
26.0862 30659953 328192
26.0864 30661401 328192
26.0865 30662849 328192
26.087 30664297 328192
26.0871 30665745 328192
26.1232 30667193 328192
26.1233 30668641 328192
26.1235 30670089 328192
26.1239 30339945 327168
26.1241 30671537 325632
26.1242 30672985 324608
26.1244 30674433 324096
26.1248 30675881 323584
26.125 30677329 323072
26.1254 30678777 322048
26.1256 30680225 321536
26.1946 30898873 229888
26.1949 30900321 229888
26.1951 30901769 229888
26.1952 30903217 229888
26.1955 30904665 229888
26.1958 30906113 229888
26.1961 30907561 229888
26.1964 30909009 229888
26.1983 30910457 229888
26.1986 30911905 229888
26.1989 30913353 229888
26.1992 30914801 229888
26.1995 30916249 229888
26.1998 30917697 229888
26.1999 30919145 229888
26.2001 30920593 229888
26.2002 30922041 229888
26.2004 30923489 229888
26.2005 30924937 229888
26.2007 30926385 229888
26.2008 30927833 229888
26.201 30929281 229888
26.2011 30930729 229888
26.2013 30932177 229888
26.2014 30933625 229888
26.2016 30935073 229888
26.2017 30936521 229888
26.2019 30937969 229888
26.202 30939417 229888
26.2022 30940865 229888
26.2023 30942313 229888
26.2025 30943761 229888
26.2026 30945209 229888
26.2028 30946657 229888
26.2029 30948105 231424
26.2031 30949553 231424
26.2032 30951001 231424
26.2034 30952449 231424
26.2035 30953897 231424
26.2037 30955345 231424
26.2038 30956793 231424
26.204 30958241 231424
26.2041 30959689 231424
26.2043 30961137 231424
26.2044 30962585 231424
26.2046 30964033 231424
26.2047 30965481 231424
26.2049 30966929 231424
26.205 30968377 231424
26.2052 30969825 231424
26.2053 30971273 231424
26.2055 30972721 231424
26.2056 30974169 231424
26.2058 30975617 231424
26.2059 30977065 231424
26.2061 30978513 231424
26.2062 30979961 231424
26.2064 30981409 231424
26.2065 30982857 231424
26.2067 30984305 231424
26.2068 30985753 231424
26.207 30987201 231424
26.2071 30988649 231424
26.2073 30990097 231424
26.2074 30991545 231424
26.2076 30992993 231424
26.2077 30994441 231424
26.2079 30995889 231424
26.208 30997337 231424
26.2082 30998785 231424
26.2083 31000233 231424
26.2085 31001681 231424
26.2086 31003129 231424
26.2088 31004577 231424
26.2089 31006025 231424
26.2091 31007473 231424
26.2092 31008921 231424
26.2094 31010369 231424
26.2095 31011817 231424
26.2097 31013265 231424
26.2098 31014713 231424
26.21 31016161 231424
26.2101 31017609 231424
26.2103 31019057 231424
26.2104 31020505 231424
26.2106 31021953 231424
26.2107 31023401 231424
26.2109 31024849 231424
26.211 31026297 231424
26.2112 31027745 231424
26.2113 31029193 231424
26.2115 31030641 231424
26.2116 31032089 231424
26.2118 31033537 231424
26.2119 31034985 231424
26.2121 31036433 231424
26.2122 31037881 231424
26.2124 31039329 231424
26.2125 31040777 231424
26.2127 31042225 231424
26.2128 31043673 231424
26.213 31045121 231424
26.2131 31046569 231424
26.2133 31048017 231424
26.2134 31049465 231424
26.2136 31050913 231424
26.2137 31052361 231424
26.2139 31053809 231424
26.214 31055257 231424
26.2142 31056705 231424
26.2143 31058153 231424
26.2145 31059601 231424
26.2146 31061049 231424
26.2148 31062497 231424
26.2149 31063945 231424
26.2151 31065393 231424
26.2152 31066841 231424
26.2154 31068289 231424
26.2155 31069737 231424
26.2157 31071185 231424
26.2158 31072633 231424
26.216 31074081 231424
26.2161 31075529 231424
26.2163 31076977 231424
26.2164 31078425 231424
26.2166 31079873 231424
26.2167 31081321 231424
26.2169 31082769 231424
26.217 31084217 231424
26.2172 31085665 231424
26.2173 31087113 231424
26.2175 31088561 231424
26.2176 31090009 231424
26.2178 31091457 231424
26.2179 31092905 231424
26.2181 31094353 231424
26.2182 31095801 231424
26.2184 31097249 231424
26.2185 31098697 231424
26.2187 31100145 231424
26.2188 31101593 231424
26.219 31103041 231424
26.2191 31104489 231424
26.2193 31105937 231424
26.2194 31107385 231424
26.2196 31108833 231424
26.2197 31110281 231424
26.2199 31111729 231424
26.22 31113177 231424
26.2202 31114625 231424
26.2203 31116073 231424
26.2205 31117521 231424
26.2206 31118969 231424
26.2208 31120417 231424
26.2209 31121865 231424
26.2214 31123313 231424
26.2215 31124761 231424
26.2597 31126209 231424
26.2598 31127657 231424
26.26 31129105 231424
26.2603 31130553 231424
26.2606 31132001 231424
26.2607 31133449 231424
26.2609 31134897 231424
26.2612 31136345 231424
26.2615 31137793 231424
26.2618 31139241 231424
26.2636 31140689 231424
26.2639 31142137 231424
26.2642 31143585 231424
26.2645 31145033 231424
26.2648 31146481 231424
26.2651 31147929 231424
26.2654 31149377 231424
26.2655 31150825 231424
26.2657 31152273 231424
26.2658 31153721 231424
26.266 31155169 231424
26.2661 31156617 231424
26.2663 31158065 231424
26.2664 31159513 231424
26.2666 31160961 231424
26.2667 31162409 231424
26.2669 31163857 231424
26.267 31165305 231424
26.2672 31166753 231424
26.2673 31168201 231424
26.2675 31169649 231424
26.2676 31171097 231424
26.2678 31172545 231424
26.2679 31173993 231424
26.2681 31175441 231424
26.2682 31176889 231424
26.2684 31178337 231424
26.2685 31179785 231424
26.2687 31181233 232960
26.2688 31182681 232960
26.269 31184129 232960
26.2691 31185577 232960
26.2693 31187025 232960
26.2694 31188473 232960
26.2696 31189921 232960
26.2697 31191369 232960
26.2699 31192817 232960
26.27 31194265 232960
26.2702 31195713 232960
26.2703 31197161 232960
26.2705 31198609 232960
26.2706 31200057 232960
26.2708 31201505 232960
26.2709 31202953 232960
26.2711 31204401 232960
26.2712 31205849 232960
26.2714 31207297 232960
26.2715 31208745 232960
26.2717 31210193 232960
26.2718 31211641 232960
26.272 31213089 232960
26.2721 31214537 232960
26.2723 31215985 232960
26.2724 31217433 232960
26.2726 31218881 232960
26.2727 31220329 232960
26.2729 31221777 232960
26.2731 31223225 232960
26.2732 31224673 232960
26.2734 31226121 232960
26.2735 31227569 232960
26.2737 31229017 232960
26.2738 31230465 232960
26.274 31231913 232960
26.2741 31233361 232960
26.2743 31234809 232960
26.2744 31236257 232960
26.2746 31237705 232960
26.2747 31239153 232960
26.2749 31240601 232960
26.275 31242049 232960
26.2752 31243497 232960
26.2753 31244945 232960
26.2755 31246393 232960
26.2756 31247841 232960
26.2758 31249289 232960
26.2759 31250737 232960
26.2761 31252185 232960
26.2762 31253633 232960
26.2764 31255081 232960
26.2765 31256529 232960
26.2767 31257977 232960
26.2768 31259425 232960
26.277 31260873 232960
26.2771 31262321 232960
26.2773 31263769 232960
26.2774 31265217 232960
26.2776 31266665 232960
26.2777 31268113 232960
26.2779 31269561 232960
26.278 31271009 232960
26.2782 31272457 232960
26.2783 31273905 232960
26.2785 31275353 232960
26.2786 31276801 232960
26.2788 31278249 232960
26.2789 31279697 232960
26.2791 31281145 232960
26.2792 31282593 232960
26.2794 31284041 232960
26.2795 31285489 232960
26.2797 31286937 232960
26.2798 31288385 232960
26.28 31289833 232960
26.2801 31291281 232960
26.2803 31292729 232960
26.2804 31294177 232960
26.2806 31295625 232960
26.2807 31297073 232960
26.2809 31298521 232960
26.281 31299969 232960
26.2812 31301417 232960
26.2813 31302865 232960
26.2815 31304313 232960
26.2816 31305761 232960
26.2818 31307209 232960
26.2819 31308657 232960
26.2821 31310105 232960
26.2822 31311553 232960
26.2824 31313001 232960
26.2825 31314449 232960
26.2827 31315897 232960
26.2828 31317345 232960
26.283 31318793 232960
26.2831 31320241 232960
26.2833 31321689 232960
26.2834 31323137 232960
26.2836 31324585 232960
26.2837 31326033 232960
26.2839 31327481 232960
26.284 31328929 232960
26.2842 31330377 232960
26.2843 31331825 232960
26.2845 31333273 232960
26.2846 31334721 232960
26.2848 31336169 232960
26.2849 31337617 232960
26.2851 31339065 232960
26.2852 31340513 232960
26.2854 31341961 232960
26.2855 31343409 232960
26.2857 31344857 232960
26.2858 31346305 232960
26.286 31347753 232960
26.2861 31349201 232960
26.2863 31350649 232960
26.2864 31352097 232960
26.2866 31353545 232960
26.2869 31354993 232960
26.2872 31356441 232960
26.2873 31357889 232960
26.3255 31359337 232960
26.3256 31360785 232960
26.3258 31362233 232960
26.3261 31363681 232960
26.3264 31365129 232960
26.3265 31366577 232960
26.3267 31368025 232960
26.327 31369473 232960
26.3273 31370921 232960
26.3276 31372369 232960
26.3294 31373817 234496
26.3297 31375265 234496
26.33 31376713 234496
26.3301 31378161 234496
26.3304 31379609 234496
26.3307 31381057 234496
26.331 31382505 234496
26.3313 31383953 234496
26.3315 31385401 234496
26.3316 31386849 234496
26.3318 31388297 234496
26.3319 31389745 234496
26.3321 31391193 234496
26.3322 31392641 234496
26.3324 31394089 234496
26.3325 31395537 234496
26.3327 31396985 234496
26.3328 31398433 234496
26.333 31399881 234496
26.3331 31401329 234496
26.3333 31402777 234496
26.3334 31404225 234496
26.3336 31405673 234496
26.3337 31407121 234496
26.3339 31408569 234496
26.334 31410017 234496
26.3342 31411465 234496
26.3343 31412913 234496
26.3345 31414361 234496
26.3346 31415809 234496
26.3348 31417257 234496
26.3349 31418705 234496
26.3351 31420153 234496
26.3352 31421601 234496
26.3354 31423049 234496
26.3355 31424497 234496
26.3357 31425945 234496
26.3358 31427393 234496
26.336 31428841 234496
26.3361 31430289 234496
26.3363 31431737 234496
26.3364 31433185 234496
26.3366 31434633 234496
26.3367 31436081 234496
26.3369 31437529 234496
26.337 31438977 234496
26.3372 31440425 234496
26.3373 31441873 234496
26.3375 31443321 234496
26.3376 31444769 234496
26.3378 31446217 234496
26.3379 31447665 234496
26.3381 31449113 234496
26.3382 31450561 234496
26.3384 31452009 234496
26.3385 31453457 234496
26.3387 31454905 234496
26.3388 31456353 234496
26.339 31457801 234496
26.3391 31459249 234496
26.3393 31460697 234496
26.3394 31462145 234496
26.3396 31463593 234496
26.3397 31465041 234496
26.3399 31466489 234496
26.34 31467937 234496
26.3402 31469385 234496
26.3403 31470833 234496
26.3405 31472281 234496
26.3406 31473729 234496
26.3408 31475177 234496
26.3409 31476625 234496
26.3411 31478073 234496
26.3412 31479521 234496
26.3414 31480969 234496
26.3415 31482417 234496
26.3417 31483865 234496
26.3418 31485313 234496
26.342 31486761 234496
26.3421 31488209 234496
26.3423 31489657 234496
26.3424 31491105 234496
26.3426 31492553 234496
26.3427 31494001 234496
26.3429 31495449 234496
26.343 31496897 234496
26.3432 31498345 234496
26.3433 31499793 234496
26.3435 31501241 234496
26.3436 31502689 234496
26.3438 31504137 234496
26.3439 31505585 234496
26.3441 31507033 234496
26.3442 31508481 234496
26.3444 31509929 234496
26.3445 31511377 234496
26.3447 31512825 234496
26.3448 31514273 234496
26.345 31515721 234496
26.3451 31517169 234496
26.3453 31518617 234496
26.3454 31520065 234496
26.3456 31521513 234496
26.3457 31522961 234496
26.3459 31524409 234496
26.346 31525857 234496
26.3462 31527305 234496
26.3463 31528753 234496
26.3465 31530201 234496
26.3466 31531649 234496
26.3468 31533097 234496
26.3469 31534545 235520
26.3471 31535993 235520
26.3472 31537441 235520
26.3474 31538889 235520
26.3475 31540337 235520
26.3477 31541785 235520
26.3478 31543233 235520
26.348 31544681 235520
26.3482 31546129 235520
26.3483 31547577 235520
26.3485 31549025 235520
26.3486 31550473 235520
26.3488 31551921 235520
26.3489 31553369 235520
26.3491 31554817 235520
26.3492 31556265 235520
26.3494 31557713 235520
26.3495 31559161 235520
26.3497 31560609 235520
26.3498 31562057 235520
26.35 31563505 235520
26.3501 31564953 235520
26.3503 31566401 235520
26.3504 31567849 235520
26.3506 31569297 235520
26.3507 31570745 235520
26.3509 31572193 235520
26.351 31573641 235520
26.3512 31575089 235520
26.3513 31576537 235520
26.3515 31577985 235520
26.3516 31579433 235520
26.3518 31580881 235520
26.3519 31582329 235520
26.3521 31583777 235520
26.3522 31585225 235520
26.3524 31586673 235520
26.3525 31588121 235520
26.3528 31589569 235520
26.3531 31591017 235520
26.3533 31592465 235520
26.3913 31593913 235520
26.3916 31595361 235520
26.3917 31596809 235520
26.3919 31598257 235520
26.3922 31599705 235520
26.3925 31601153 235520
26.3926 31602601 235520
26.3928 31604049 235520
26.3931 31605497 235520
26.3934 31606945 235520
26.3952 31608393 235520
26.3955 31609841 235520
26.3958 31611289 235520
26.3961 31612737 235520
26.3962 31614185 235520
26.3965 31615633 235520
26.3968 31617081 235520
26.3971 31618529 235520
26.3974 31619977 235520
26.3976 31621425 235520
26.3977 31622873 235520
26.3979 31624321 235520
26.398 31625769 235520
26.3982 31627217 235520
26.3983 31628665 235520
26.3985 31630113 235520
26.3986 31631561 235520
26.3988 31633009 235520
26.3989 31634457 235520
26.3991 31635905 235520
26.3992 31637353 235520
26.3994 31638801 235520
26.3995 31640249 235520
26.3997 31641697 235520
26.3998 31643145 235520
26.4 31644593 235520
26.4001 31646041 235520
26.4003 31647489 235520
26.4004 31648937 235520
26.4006 31650385 235520
26.4007 31651833 235520
26.4009 31653281 235520
26.401 31654729 235520
26.4012 31656177 235520
26.4013 31657625 235520
26.4015 31659073 235520
26.4016 31660521 235520
26.4018 31661969 235520
26.4019 31663417 235520
26.4021 31664865 235520
26.4022 31666313 235520
26.4024 31667761 235520
26.4025 31669209 235520
26.4027 31670657 235520
26.4028 31672105 235520
26.403 31673553 235520
26.4031 31675001 235520
26.4033 31676449 235520
26.4034 31677897 235520
26.4036 31679345 235520
26.4037 31680793 235520
26.4039 31682241 235520
26.404 31683689 235520
26.4042 31685137 235520
26.4043 31686585 235520
26.4045 31688033 235520
26.4046 31689481 235520
26.4048 31690929 235520
26.4049 31692377 235520
26.4051 31693825 235520
26.4052 31695273 235520
26.4054 31696721 235520
26.4055 31698169 235520
26.4057 31699617 235520
26.4058 31701065 235520
26.406 31702513 235520
26.4061 31703961 235520
26.4063 31705409 235520
26.4064 31706857 235520
26.4066 31708305 235520
26.4067 31709753 235520
26.4069 31711201 235520
26.407 31712649 235520
26.4072 31714097 235520
26.4073 31715545 235520
26.4075 31716993 235520
26.4076 31718441 235520
26.4078 31719889 235520
26.4079 31721337 235520
26.4081 31722785 235520
26.4082 31724233 235520
26.4084 31725681 235520
26.4085 31727129 235520
26.4087 31728577 235520
26.4088 31730025 235520
26.409 31731473 235520
26.4091 31732921 235520
26.4093 31734369 235520
26.4094 31735817 235520
26.4096 31737265 235520
26.4097 31738713 235520
26.4099 31740161 235520
26.41 31741609 235520
26.4102 31743057 235520
26.4103 31744505 235520
26.4105 31745953 235520
26.4106 31747401 235520
26.4108 31748849 235520
26.4109 31750297 235520
26.4111 31751745 235520
26.4112 31753193 235520
26.4114 31754641 235520
26.4115 31756089 235520
26.4117 31757537 235520
26.4118 31758985 235520
26.412 31760433 235520
26.4121 31761881 235520
26.4123 31763329 235520
26.4124 31764777 235520
26.4126 31766225 235520
26.4127 31767673 235520
26.4129 31769121 235520
26.413 31770569 237056
26.4132 31772017 237056
26.4133 31773465 237056
26.4135 31774913 237056
26.4136 31776361 237056
26.4138 31777809 237056
26.4139 31779257 237056
26.4141 31780705 237056
26.4142 31782153 237056
26.4144 31783601 237056
26.4145 31785049 237056
26.4147 31786497 237056
26.4148 31787945 237056
26.415 31789393 237056
26.4151 31790841 237056
26.4153 31792289 237056
26.4154 31793737 237056
26.4156 31795185 237056
26.4157 31796633 237056
26.4159 31798081 237056
26.416 31799529 237056
26.4162 31800977 237056
26.4163 31802425 237056
26.4165 31803873 237056
26.4166 31805321 237056
26.4168 31806769 237056
26.4169 31808217 237056
26.4171 31809665 237056
26.4172 31811113 237056
26.4174 31812561 237056
26.4175 31814009 237056
26.4177 31815457 237056
26.4178 31816905 237056
26.418 31818353 237056
26.4181 31819801 237056
26.4183 31821249 237056
26.4184 31822697 237056
26.4186 31824145 237056
26.4189 31825593 237056
26.4192 31827041 237056
26.4193 31828489 237056
26.4572 31829937 237056
26.4575 31831385 237056
26.4578 31832833 237056
26.4579 31834281 237056
26.4581 31835729 237056
26.4584 31837177 237056
26.4587 31838625 237056
26.4588 31840073 237056
26.459 31841521 237056
26.4593 31842969 237056
26.4611 31844417 237056
26.4614 31845865 237056
26.4617 31847313 237056
26.462 31848761 237056
26.4623 31850209 237056
26.4625 31851657 237056
26.4628 31853105 237056
26.4631 31854553 237056
26.4634 31856001 237056
26.4637 31857449 237056
26.4638 31858897 237056
26.464 31860345 237056
26.4641 31861793 237056
26.4643 31863241 237056
26.4644 31864689 237056
26.4646 31866137 237056
26.4647 31867585 237056
26.4649 31869033 237056
26.465 31870481 237056
26.4652 31871929 237056
26.4653 31873377 237056
26.4655 31874825 237056
26.4656 31876273 237056
26.4658 31877721 237056
26.4659 31879169 237056
26.4661 31880617 237056
26.4662 31882065 237056
26.4664 31883513 237056
26.4665 31884961 237056
26.4667 31886409 237056
26.4668 31887857 237056
26.467 31889305 237056
26.4671 31890753 237056
26.4673 31892201 237056
26.4674 31893649 237056
26.4676 31895097 237056
26.4677 31896545 237056
26.4679 31897993 237056
26.468 31899441 237056
26.4682 31900889 237056
26.4683 31902337 237056
26.4685 31903785 237056
26.4686 31905233 237056
26.4688 31906681 237056
26.4689 31908129 237056
26.4691 31909577 237056
26.4692 31911025 237056
26.4694 31912473 237056
26.4695 31913921 237056
26.4697 31915369 237056
26.4698 31916817 237056
26.47 31918265 237056
26.4701 31919713 237056
26.4703 31921161 237056
26.4704 31922609 237056
26.4706 31924057 237056
26.4707 31925505 237056
26.4709 31926953 237056
26.471 31928401 237056
26.4712 31929849 237056
26.4713 31931297 237056
26.4715 31932745 237056
26.4716 31934193 237056
26.4718 31935641 237056
26.4719 31937089 237056
26.4721 31938537 237056
26.4722 31939985 237056
26.4724 31941433 237056
26.4725 31942881 237056
26.4727 31944329 237056
26.4728 31945777 237056
26.473 31947225 237056
26.4731 31948673 237056
26.4733 31950121 237056
26.4734 31951569 237056
26.4736 31953017 237056
26.4737 31954465 238592
26.4739 31955913 238592
26.474 31957361 238592
26.4742 31958809 238592
26.4743 31960257 238592
26.4745 31961705 238592
26.4746 31963153 238592
26.4748 31964601 238592
26.4749 31966049 238592
26.4751 31967497 238592
26.4752 31968945 238592
26.4754 31970393 238592
26.4755 31971841 238592
26.4757 31973289 238592
26.4758 31974737 238592
26.476 31976185 238592
26.4761 31977633 238592
26.4763 31979081 238592
26.4764 31980529 238592
26.4766 31981977 238592
26.4767 31983425 238592
26.4769 31984873 238592
26.477 31986321 238592
26.4772 31987769 238592
26.4773 31989217 238592
26.4775 31990665 238592
26.4776 31992113 238592
26.4778 31993561 238592
26.4779 31995009 238592
26.4781 31996457 238592
26.4782 31997905 238592
26.4784 31999353 238592
26.4785 32000801 238592
26.4787 32002249 238592
26.4788 32003697 238592
26.479 32005145 238592
26.4791 32006593 238592
26.4793 32008041 238592
26.4794 32009489 238592
26.4796 32010937 238592
26.4797 32012385 238592
26.4799 32013833 238592
26.48 32015281 238592
26.4802 32016729 238592
26.4803 32018177 238592
26.4805 32019625 238592
26.4806 32021073 238592
26.4808 32022521 238592
26.4809 32023969 238592
26.4811 32025417 238592
26.4812 32026865 238592
26.4814 32028313 238592
26.4815 32029761 238592
26.4817 32031209 238592
26.4818 32032657 238592
26.482 32034105 238592
26.4821 32035553 238592
26.4823 32037001 238592
26.4824 32038449 238592
26.4826 32039897 238592
26.4827 32041345 238592
26.4829 32042793 238592
26.483 32044241 238592
26.4832 32045689 238592
26.4833 32047137 238592
26.4835 32048585 238592
26.4836 32050033 238592
26.4838 32051481 238592
26.4839 32052929 238592
26.4841 32054377 238592
26.4842 32055825 238592
26.4844 32057273 238592
26.4845 32058721 238592
26.4847 32060169 238592
26.4848 32061617 238592
26.4851 32063065 238592
26.4853 32064513 238592
26.4856 32065961 238592
26.4857 32067409 238592
26.5236 32068857 238592
26.5239 32070305 238592
26.5242 32071753 238592
26.5243 32073201 238592
26.5245 32074649 238592
26.5248 32076097 238592
26.5251 32077545 240128
26.5252 32078993 240128
26.5254 32080441 240128
26.5255 32081889 240128
26.5258 32083337 240128
26.5276 32084785 240128
26.5279 32086233 240128
26.5282 32087681 240128
26.5285 32089129 240128
26.5288 32090577 240128
26.529 32092025 240128
26.5293 32093473 240128
26.5296 32094921 240128
26.5299 32096369 240128
26.5302 32097817 240128
26.5303 32099265 240128
26.5305 32100713 240128
26.5306 32102161 240128
26.5308 32103609 240128
26.5309 32105057 240128
26.5311 32106505 240128
26.5312 32107953 240128
26.5314 32109401 240128
26.5315 32110849 240128
26.5317 32112297 240128
26.5318 32113745 240128
26.532 32115193 240128
26.5321 32116641 240128
26.5323 32118089 240128
26.5324 32119537 240128
26.5326 32120985 240128
26.5327 32122433 240128
26.5329 32123881 240128
26.533 32125329 240128
26.5332 32126777 240128
26.5333 32128225 240128
26.5335 32129673 240128
26.5336 32131121 240128
26.5338 32132569 240128
26.5339 32134017 240128
26.5341 32135465 240128
26.5342 32136913 240128
26.5344 32138361 240128
26.5345 32139809 240128
26.5347 32141257 240128
26.5348 32142705 240128
26.535 32144153 240128
26.5351 32145601 240128
26.5353 32147049 240128
26.5354 32148497 240128
26.5356 32149945 240128
26.5357 32151393 240128
26.5359 32152841 240128
26.5361 32154289 240128
26.5362 32155737 240128
26.5364 32157185 240128
26.5365 32158633 240128
26.5367 32160081 240128
26.5368 32161529 240128
26.537 32162977 240128
26.5371 32164425 240128
26.5373 32165873 240128
26.5374 32167321 240128
26.5376 32168769 240128
26.5377 32170217 240128
26.5379 32171665 240128
26.538 32173113 240128
26.5382 32174561 240128
26.5383 32176009 240128
26.5385 32177457 240128
26.5386 32178905 240128
26.5388 32180353 240128
26.5389 32181801 240128
26.5391 32183249 240128
26.5392 32184697 240128
26.5394 32186145 240128
26.5395 32187593 240128
26.5397 32189041 240128
26.5398 32190489 240128
26.54 32191937 240128
26.5401 32193385 240128
26.5403 32194833 240128
26.5404 32196281 240128
26.5406 32197729 240128
26.5407 32199177 240128
26.5409 32200625 240128
26.541 32202073 240128
26.5412 32203521 240128
26.5413 32204969 240128
26.5415 32206417 240128
26.5416 32207865 240128
26.5418 32209313 240128
26.5419 32210761 240128
26.5421 32212209 240128
26.5422 32213657 240128
26.5424 32215105 240128
26.5425 32216553 240128
26.5427 32218001 240128
26.5428 32219449 240128
26.543 32220897 240128
26.5431 32222345 240128
26.5433 32223793 240128
26.5434 32225241 240128
26.5436 32226689 240128
26.5437 32228137 240128
26.5439 32229585 240128
26.544 32231033 240128
26.5442 32232481 240128
26.5443 32233929 240128
26.5445 32235377 240128
26.5446 32236825 240128
26.5448 32238273 240128
26.5449 32239721 240128
26.5451 32241169 240128
26.5452 32242617 240128
26.5454 32244065 240128
26.5455 32245513 240128
26.5457 32246961 240128
26.5458 32248409 240128
26.546 32249857 240128
26.5461 32251305 240128
26.5463 32252753 241664
26.5464 32254201 241664
26.5466 32255649 241664
26.5467 32257097 241664
26.5469 32258545 241664
26.547 32259993 241664
26.5472 32261441 241664
26.5473 32262889 241664
26.5475 32264337 241664
26.5476 32265785 241664
26.5478 32267233 241664
26.5479 32268681 241664
26.5481 32270129 241664
26.5482 32271577 241664
26.5484 32273025 241664
26.5485 32274473 241664
26.5487 32275921 241664
26.5488 32277369 241664
26.549 32278817 241664
26.5491 32280265 241664
26.5493 32281713 241664
26.5494 32283161 241664
26.5496 32284609 241664
26.5497 32286057 241664
26.5499 32287505 241664
26.55 32288953 241664
26.5502 32290401 241664
26.5503 32291849 241664
26.5505 32293297 241664
26.5506 32294745 241664
26.5508 32296193 241664
26.5509 32297641 241664
26.5511 32299089 241664
26.5512 32300537 241664
26.5514 32301985 241664
26.5517 32303433 241664
26.5518 32304881 241664
26.5521 32306329 241664
26.5523 32307777 241664
26.59 32309225 241664
26.5903 32310673 241664
26.5906 32312121 241664
26.5909 32313569 241664
26.591 32315017 241664
26.5912 32316465 241664
26.5915 32317913 241664
26.5918 32319361 241664
26.5919 32320809 241664
26.5921 32322257 241664
26.5922 32323705 241664
26.5925 32325153 241664
26.5943 32326601 241664
26.5946 32328049 241664
26.5949 32329497 241664
26.5952 32330945 241664
26.5955 32332393 241664
26.5957 32333841 241664
26.596 32335289 241664
26.5963 32336737 241664
26.5966 32338185 241664
26.5969 32339633 241664
26.597 32341081 241664
26.5972 32342529 241664
26.5973 32343977 241664
26.5975 32345425 241664
26.5976 32346873 241664
26.5978 32348321 241664
26.5979 32349769 241664
26.5981 32351217 241664
26.5982 32352665 241664
26.5984 32354113 241664
26.5985 32355561 241664
26.5987 32357009 241664
26.5988 32358457 241664
26.599 32359905 241664
26.5991 32361353 241664
26.5993 32362801 241664
26.5994 32364249 241664
26.5996 32365697 241664
26.5997 32367145 241664
26.5999 32368593 241664
26.6 32370041 241664
26.6002 32371489 241664
26.6003 32372937 241664
26.6005 32374385 241664
26.6006 32375833 241664
26.6008 32377281 241664
26.6009 32378729 241664
26.6011 32380177 241664
26.6012 32381625 241664
26.6014 32383073 241664
26.6015 32384521 241664
26.6017 32385969 241664
26.6018 32387417 241664
26.602 32388865 241664
26.6021 32390313 241664
26.6023 32391761 241664
26.6024 32393209 241664
26.6026 32394657 241664
26.6027 32396105 241664
26.6029 32397553 241664
26.603 32399001 241664
26.6032 32400449 241664
26.6033 32401897 241664
26.6035 32403345 241664
26.6036 32404793 241664
26.6038 32406241 241664
26.6039 32407689 241664
26.6041 32409137 241664
26.6042 32410585 241664
26.6044 32412033 241664
26.6045 32413481 241664
26.6047 32414929 241664
26.6048 32416377 241664
26.605 32417825 241664
26.6051 32419273 241664
26.6053 32420721 241664
26.6054 32422169 241664
26.6056 32423617 241664
26.6057 32425065 241664
26.6059 32426513 241664
26.606 32427961 241664
26.6062 32429409 241664
26.6063 32430857 241664
26.6065 32432305 241664
26.6066 32433753 241664
26.6068 32435201 241664
26.6069 32436649 241664
26.6071 32438097 241664
26.6072 32439545 241664
26.6074 32440993 241664
26.6075 32442441 241664
26.6077 32443889 241664
26.6078 32445337 241664
26.608 32446785 241664
26.6081 32448233 241664
26.6083 32449681 241664
26.6084 32451129 241664
26.6086 32452577 241664
26.6087 32454025 241664
26.6089 32455473 241664
26.609 32456921 241664
26.6092 32458369 241664
26.6093 32459817 241664
26.6095 32461265 241664
26.6096 32462713 241664
26.6098 32464161 241664
26.6099 32465609 241664
26.6101 32467057 241664
26.6102 32468505 241664
26.6104 32469953 241664
26.6105 32471401 241664
26.6107 32472849 241664
26.6108 32474297 241664
26.611 32475745 241664
26.6112 32477193 241664
26.6113 32478641 241664
26.6115 32480089 241664
26.6116 32481537 241664
26.6118 32482985 241664
26.6119 32484433 241664
26.6121 32485881 241664
26.6122 32487329 241664
26.6124 32488777 241664
26.6125 32490225 241664
26.6127 32491673 241664
26.6128 32493121 241664
26.613 32494569 241664
26.6131 32496017 241664
26.6133 32497465 243200
26.6134 32498913 243200
26.6136 32500361 243200
26.6137 32501809 243200
26.6139 32503257 243200
26.614 32504705 243200
26.6142 32506153 243200
26.6143 32507601 243200
26.6145 32509049 243200
26.6146 32510497 243200
26.6148 32511945 243200
26.6149 32513393 243200
26.6151 32514841 243200
26.6152 32516289 243200
26.6154 32517737 243200
26.6155 32519185 243200
26.6157 32520633 243200
26.6158 32522081 243200
26.616 32523529 243200
26.6161 32524977 243200
26.6163 32526425 243200
26.6164 32527873 243200
26.6166 32529321 243200
26.6167 32530769 243200
26.6169 32532217 243200
26.617 32533665 243200
26.6172 32535113 243200
26.6173 32536561 243200
26.6175 32538009 243200
26.6176 32539457 243200
26.6178 32540905 243200
26.6179 32542353 243200
26.6181 32543801 243200
26.6184 32545249 243200
26.6185 32546697 243200
26.6188 32548145 243200
26.619 32549593 243200
26.6565 32551041 243200
26.6568 32552489 243200
26.6571 32553937 243200
26.6574 32555385 243200
26.6577 32556833 243200
26.6579 32558281 243200
26.658 32559729 243200
26.6583 32561177 243200
26.6586 32562625 243200
26.6588 32564073 243200
26.6589 32565521 243200
26.6591 32566969 243200
26.6609 32568417 243200
26.6612 32569865 243200
26.6615 32571313 243200
26.6618 32572761 243200
26.6621 32574209 243200
26.6624 32575657 243200
26.6625 32577105 243200
26.6628 32578553 243200
26.6631 32580001 243200
26.6634 32581449 243200
26.6637 32582897 243200
26.6639 32584345 243200
26.664 32585793 243200
26.6642 32587241 243200
26.6643 32588689 243200
26.6645 32590137 243200
26.6646 32591585 243200
26.6648 32593033 243200
26.6649 32594481 243200
26.6651 32595929 243200
26.6652 32597377 243200
26.6654 32598825 243200
26.6655 32600273 243200
26.6657 32601721 243200
26.6658 32603169 243200
26.666 32604617 243200
26.6661 32606065 243200
26.6663 32607513 243200
26.6664 32608961 243200
26.6666 32610409 243200
26.6667 32611857 243200
26.6669 32613305 243200
26.667 32614753 243200
26.6672 32616201 243200
26.6673 32617649 243200
26.6675 32619097 243200
26.6676 32620545 243200
26.6678 32621993 243200
26.6679 32623441 243200
26.6681 32624889 243200
26.6682 32626337 243200
26.6684 32627785 243200
26.6685 32629233 243200
26.6687 32630681 243200
26.6688 32632129 243200
26.669 32633577 243200
26.6691 32635025 243200
26.6693 32636473 243200
26.6694 32637921 243200
26.6696 32639369 243200
26.6697 32640817 243200
26.6699 32642265 243200
26.67 32643713 243200
26.6702 32645161 243200
26.6703 32646609 243200
26.6705 32648057 243200
26.6706 32649505 243200
26.6708 32650953 243200
26.6709 32652401 243200
26.6711 32653849 243200
26.6712 32655297 243200
26.6714 32656745 243200
26.6715 32658193 243200
26.6717 32659641 243200
26.6718 32661089 243200
26.672 32662537 243200
26.6721 32663985 243200
26.6723 32665433 243200
26.6724 32666881 243200
26.6726 32668329 243200
26.6727 32669777 243200
26.6729 32671225 243200
26.673 32672673 243200
26.6732 32674121 243200
26.6733 32675569 243200
26.6735 32677017 243200
26.6736 32678465 243200
26.6738 32679913 243200
26.6739 32681361 243200
26.6741 32682809 243200
26.6742 32684257 243200
26.6744 32685705 243200
26.6745 32687153 243200
26.6747 32688601 243200
26.6748 32690049 243200
26.675 32691497 243200
26.6751 32692945 243200
26.6753 32694393 243200
26.6754 32695841 243200
26.6756 32697289 243200
26.6757 32698737 243200
26.6759 32700185 243200
26.676 32701633 243200
26.6762 32703081 243200
26.6763 32704529 243200
26.6765 32705977 243200
26.6766 32707425 243200
26.6768 32708873 243200
26.6769 32710321 243200
26.6771 32711769 243200
26.6772 32713217 243200
26.6774 32714665 243200
26.6775 32716113 243200
26.6777 32717561 243200
26.6778 32719009 243200
26.678 32720457 243200
26.6781 32721905 243200
26.6783 32723353 243200
26.6784 32724801 243200
26.6786 32726249 243200
26.6787 32727697 243200
26.6789 32729145 243200
26.679 32730593 243200
26.6792 32732041 243200
26.6793 32733489 243200
26.6795 32734937 243200
26.6796 32736385 243200
26.6798 32737833 243200
26.6799 32739281 243200
26.6801 32740729 243200
26.6802 32742177 244224
26.6804 32743625 244224
26.6805 32745073 244224
26.6807 32746521 244224
26.6808 32747969 244224
26.681 32749417 244224
26.6811 32750865 244224
26.6813 32752313 244224
26.6814 32753761 244224
26.6816 32755209 244224
26.6817 32756657 244224
26.6819 32758105 244224
26.682 32759553 244224
26.6822 32761001 244224
26.6823 32762449 244224
26.6825 32763897 244224
26.6826 32765345 244224
26.6828 32766793 244224
26.6829 32768241 244224
26.6831 32769689 244224
26.6832 32771137 244224
26.6834 32772585 244224
26.6835 32774033 244224
26.6837 32775481 244224
26.6838 32776929 244224
26.684 32778377 244224
26.6841 32779825 244224
26.6843 32781273 244224
26.6844 32782721 244224
26.6846 32784169 244224
26.6847 32785617 244224
26.6849 32787065 244224
26.6852 32788513 244224
26.6853 32789961 244224
26.6855 32791409 244224
26.6858 32792857 244224
26.6859 32794305 244224
26.7235 32795753 244224
26.7238 32797201 244224
26.7241 32798649 244224
26.7244 32800097 244224
26.7247 32801545 244224
26.7249 32802993 244224
26.725 32804441 244224
26.7253 32805889 244224
26.7256 32807337 244224
26.7258 32808785 244224
26.7259 32810233 244224
26.7261 32811681 244224
26.7279 32813129 244224
26.7282 32814577 244224
26.7285 32816025 244224
26.7288 32817473 244224
26.7291 32818921 244224
26.7294 32820369 244224
26.7295 32821817 244224
26.7298 32823265 244224
26.7301 32824713 244224
26.7304 32826161 244224
26.7307 32827609 244224
26.7309 32829057 244224
26.731 32830505 244224
26.7312 32831953 244224
26.7313 32833401 244224
26.7315 32834849 244224
26.7316 32836297 244224
26.7318 32837745 244224
26.7319 32839193 244224
26.7321 32840641 244224
26.7322 32842089 244224
26.7324 32843537 244224
26.7325 32844985 244224
26.7327 32846433 244224
26.7328 32847881 244224
26.733 32849329 244224
26.7331 32850777 244224
26.7333 32852225 244224
26.7334 32853673 244224
26.7336 32855121 244224
26.7337 32856569 244224
26.7339 32858017 244224
26.734 32859465 244224
26.7342 32860913 244224
26.7343 32862361 244224
26.7345 32863809 244224
26.7346 32865257 244224
26.7348 32866705 244224
26.7349 32868153 244224
26.7351 32869601 244224
26.7352 32871049 244224
26.7354 32872497 244224
26.7355 32873945 244224
26.7357 32875393 244224
26.7358 32876841 244224
26.736 32878289 244224
26.7361 32879737 244224
26.7363 32881185 244224
26.7364 32882633 244224
26.7366 32884081 244224
26.7367 32885529 244224
26.7369 32886977 244224
26.737 32888425 244224
26.7372 32889873 244224
26.7373 32891321 244224
26.7375 32892769 244224
26.7376 32894217 244224
26.7378 32895665 244224
26.7379 32897113 244224
26.7381 32898561 244224
26.7382 32900009 244224
26.7384 32901457 244224
26.7385 32902905 244224
26.7387 32904353 244224
26.7388 32905801 244224
26.739 32907249 244224
26.7391 32908697 244224
26.7393 32910145 244224
26.7394 32911593 244224
26.7396 32913041 244224
26.7397 32914489 244224
26.7399 32915937 244224
26.74 32917385 244224
26.7402 32918833 244224
26.7403 32920281 244224
26.7405 32921729 244224
26.7406 32923177 244224
26.7408 32924625 244224
26.7409 32926073 244224
26.7411 32927521 244224
26.7412 32928969 244224
26.7414 32930417 244224
26.7415 32931865 244224
26.7417 32933313 244224
26.7418 32934761 244224
26.742 32936209 244224
26.7421 32937657 244224
26.7423 32939105 244224
26.7424 32940553 244224
26.7426 32942001 244224
26.7427 32943449 244224
26.7429 32944897 244224
26.743 32946345 244224
26.7432 32947793 244224
26.7433 32949241 245760
26.7435 32950689 245760
26.7436 32952137 245760
26.7438 32953585 245760
26.7439 32955033 245760
26.7441 32956481 245760
26.7442 32957929 245760
26.7444 32959377 245760
26.7445 32960825 245760
26.7447 32962273 245760
26.7448 32963721 245760
26.745 32965169 245760
26.7451 32966617 245760
26.7453 32968065 245760
26.7454 32969513 245760
26.7456 32970961 245760
26.7457 32972409 245760
26.7459 32973857 245760
26.746 32975305 245760
26.7462 32976753 245760
26.7463 32978201 245760
26.7465 32979649 245760
26.7466 32981097 245760
26.7468 32982545 245760
26.7469 32983993 245760
26.7471 32985441 245760
26.7472 32986889 245760
26.7474 32988337 245760
26.7475 32989785 245760
26.7477 32991233 245760
26.7478 32992681 245760
26.748 32994129 245760
26.7481 32995577 245760
26.7483 32997025 245760
26.7484 32998473 245760
26.7486 32999921 245760
26.7487 33001369 245760
26.7489 33002817 245760
26.749 33004265 245760
26.7492 33005713 245760
26.7493 33007161 245760
26.7495 33008609 245760
26.7496 33010057 245760
26.7498 33011505 245760
26.7499 33012953 245760
26.7501 33014401 245760
26.7502 33015849 245760
26.7504 33017297 245760
26.7505 33018745 245760
26.7507 33020193 245760
26.7508 33021641 245760
26.751 33023089 245760
26.7511 33024537 245760
26.7513 33025985 245760
26.7514 33027433 245760
26.7516 33028881 245760
26.7517 33030329 245760
26.7519 33031777 245760
26.7522 33033225 245760
26.7523 33034673 245760
26.7525 33036121 245760
26.7528 33037569 245760
26.7529 33039017 245760
26.7903 33040465 245760
26.7906 33041913 245760
26.7909 33043361 245760
26.7912 33044809 245760
26.7915 33046257 245760
26.7918 33047705 245760
26.792 33049153 245760
26.7921 33050601 245760
26.7924 33052049 245760
26.7927 33053497 245760
26.7929 33054945 245760
26.793 33056393 245760
26.7947 33057841 245760
26.795 33059289 245760
26.7953 33060737 245760
26.7956 33062185 245760
26.7959 33063633 245760
26.7962 33065081 245760
26.7965 33066529 245760
26.7966 33067977 245760
26.7969 33069425 245760
26.7972 33070873 245760
26.7975 33072321 245760
26.7978 33073769 245760
26.798 33075217 245760
26.7981 33076665 245760
26.7983 33078113 245760
26.7984 33079561 245760
26.7986 33081009 245760
26.7987 33082457 245760
26.7989 33083905 245760
26.7991 33085353 245760
26.7992 33086801 245760
26.7994 33088249 245760
26.7995 33089697 245760
26.7997 33091145 245760
26.7998 33092593 245760
26.8 33094041 245760
26.8001 33095489 245760
26.8003 33096937 245760
26.8004 33098385 245760
26.8006 33099833 245760
26.8007 33101281 245760
26.8009 33102729 245760
26.801 33104177 245760
26.8012 33105625 245760
26.8013 33107073 245760
26.8015 33108521 245760
26.8016 33109969 245760
26.8018 33111417 245760
26.8019 33112865 247296
26.8021 33114313 247296
26.8022 33115761 247296
26.8024 33117209 247296
26.8025 33118657 247296
26.8027 33120105 247296
26.8028 33121553 247296
26.803 33123001 247296
26.8031 33124449 247296
26.8033 33125897 247296
26.8034 33127345 247296
26.8036 33128793 247296
26.8037 33130241 247296
26.8039 33131689 247296
26.804 33133137 247296
26.8042 33134585 247296
26.8043 33136033 247296
26.8045 33137481 247296
26.8046 33138929 247296
26.8048 33140377 247296
26.8049 33141825 247296
26.8051 33143273 247296
26.8052 33144721 247296
26.8054 33146169 247296
26.8055 33147617 247296
26.8057 33149065 247296
26.8058 33150513 247296
26.806 33151961 247296
26.8061 33153409 247296
26.8063 33154857 247296
26.8064 33156305 247296
26.8066 33157753 247296
26.8067 33159201 247296
26.8069 33160649 247296
26.807 33162097 247296
26.8072 33163545 247296
26.8073 33164993 247296
26.8075 33166441 247296
26.8076 33167889 247296
26.8078 33169337 247296
26.8079 33170785 247296
26.8081 33172233 247296
26.8082 33173681 247296
26.8084 33175129 247296
26.8085 33176577 247296
26.8087 33178025 247296
26.8088 33179473 247296
26.809 33180921 247296
26.8091 33182369 247296
26.8093 33183817 247296
26.8094 33185265 247296
26.8096 33186713 247296
26.8097 33188161 247296
26.8099 33189609 247296
26.81 33191057 247296
26.8102 33192505 247296
26.8103 33193953 247296
26.8105 33195401 247296
26.8106 33196849 247296
26.8108 33198297 247296
26.8109 33199745 247296
26.8111 33201193 247296
26.8112 33202641 247296
26.8114 33204089 247296
26.8115 33205537 247296
26.8117 33206985 247296
26.8118 33208433 247296
26.812 33209881 247296
26.8121 33211329 247296
26.8123 33212777 247296
26.8124 33214225 247296
26.8126 33215673 247296
26.8127 33217121 247296
26.8129 33218569 247296
26.813 33220017 247296
26.8132 33221465 247296
26.8133 33222913 247296
26.8135 33224361 247296
26.8136 33225809 247296
26.8138 33227257 247296
26.8139 33228705 247296
26.8141 33230153 247296
26.8142 33231601 247296
26.8144 33233049 247296
26.8145 33234497 247296
26.8147 33235945 247296
26.8148 33237393 247296
26.815 33238841 248832
26.8151 33240289 248832
26.8153 33241737 248832
26.8154 33243185 248832
26.8156 33244633 248832
26.8157 33246081 248832
26.8159 33247529 248832
26.816 33248977 248832
26.8162 33250425 248832
26.8163 33251873 248832
26.8165 33253321 248832
26.8166 33254769 248832
26.8168 33256217 248832
26.8169 33257665 248832
26.8171 33259113 248832
26.8172 33260561 248832
26.8174 33262009 248832
26.8175 33263457 248832
26.8177 33264905 248832
26.8178 33266353 248832
26.818 33267801 248832
26.8181 33269249 248832
26.8183 33270697 248832
26.8184 33272145 248832
26.8186 33273593 248832
26.8187 33275041 248832
26.8189 33276489 248832
26.819 33277937 248832
26.8193 33279385 248832
26.8195 33280833 248832
26.8196 33282281 248832
26.8198 33283729 248832
26.8201 33285177 248832
26.8202 33286625 248832
26.8204 33288073 248832
26.8578 33289521 248832
26.8581 33290969 248832
26.8584 33292417 248832
26.8587 33293865 248832
26.859 33295313 248832
26.8593 33296761 248832
26.8594 33298209 248832
26.8596 33299657 248832
26.8599 33301105 248832
26.8602 33302553 248832
26.8603 33304001 248832
26.8605 33305449 248832
26.8621 33306897 248832
26.8624 33308345 248832
26.8627 33309793 248832
26.863 33311241 248832
26.8633 33312689 248832
26.8636 33314137 248832
26.8639 33315585 248832
26.8641 33317033 248832
26.8644 33318481 248832
26.8647 33319929 248832
26.865 33321377 248832
26.8653 33322825 248832
26.8654 33324273 248832
26.8656 33325721 248832
26.8657 33327169 248832
26.8659 33328617 248832
26.866 33330065 248832
26.8662 33331513 248832
26.8663 33332961 248832
26.8665 33334409 248832
26.8666 33335857 248832
26.8668 33337305 248832
26.8669 33338753 248832
26.8671 33340201 248832
26.8672 33341649 248832
26.8674 33343097 248832
26.8675 33344545 248832
26.8677 33345993 248832
26.8678 33347441 248832
26.868 33348889 248832
26.8681 33350337 248832
26.8683 33351785 248832
26.8684 33353233 248832
26.8686 33354681 248832
26.8687 33356129 248832
26.8689 33357577 248832
26.869 33359025 248832
26.8692 33360473 248832
26.8693 33361921 248832
26.8695 33363369 248832
26.8696 33364817 248832
26.8698 33366265 248832
26.8699 33367713 248832
26.8701 33369161 248832
26.8702 33370609 248832
26.8704 33372057 248832
26.8705 33373505 248832
26.8707 33374953 248832
26.8708 33376401 248832
26.871 33377849 248832
26.8711 33379297 248832
26.8713 33380745 248832
26.8714 33382193 248832
26.8716 33383641 248832
26.8717 33385089 248832
26.8719 33386537 248832
26.872 33387985 248832
26.8722 33389433 248832
26.8723 33390881 248832
26.8725 33392329 248832
26.8726 33393777 248832
26.8728 33395225 248832
26.8729 33396673 248832
26.8731 33398121 248832
26.8732 33399569 248832
26.8734 33401017 248832
26.8735 33402465 248832
26.8737 33403913 248832
26.8739 33405361 248832
26.874 33406809 248832
26.8742 33408257 248832
26.8743 33409705 248832
26.8745 33411153 248832
26.8746 33412601 248832
26.8748 33414049 248832
26.8749 33415497 248832
26.8751 33416945 248832
26.8752 33418393 248832
26.8754 33419841 248832
26.8755 33421289 248832
26.8757 33422737 248832
26.8758 33424185 248832
26.876 33425633 248832
26.8761 33427081 248832
26.8763 33428529 248832
26.8764 33429977 248832
26.8766 33431425 248832
26.8767 33432873 248832
26.8769 33434321 248832
26.877 33435769 248832
26.8772 33437217 248832
26.8773 33438665 248832
26.8775 33440113 248832
26.8776 33441561 248832
26.8778 33443009 248832
26.8779 33444457 248832
26.8781 33445905 248832
26.8782 33447353 248832
26.8784 33448801 248832
26.8785 33450249 248832
26.8787 33451697 248832
26.8788 33453145 248832
26.879 33454593 248832
26.8791 33456041 248832
26.8793 33457489 248832
26.8794 33458937 248832
26.8796 33460385 248832
26.8797 33461833 248832
26.8799 33463281 248832
26.88 33464729 248832
26.8802 33466177 248832
26.8803 33467625 248832
26.8805 33469073 248832
26.8806 33470521 248832
26.8808 33471969 248832
26.8809 33473417 248832
26.8811 33474865 248832
26.8812 33476313 248832
26.8814 33477761 248832
26.8815 33479209 248832
26.8817 33480657 248832
26.8818 33482105 248832
26.882 33483553 248832
26.8821 33485001 248832
26.8823 33486449 248832
26.8824 33487897 248832
26.8826 33489345 250368
26.8827 33490793 250368
26.8829 33492241 250368
26.883 33493689 250368
26.8832 33495137 250368
26.8833 33496585 250368
26.8835 33498033 250368
26.8836 33499481 250368
26.8838 33500929 250368
26.8839 33502377 250368
26.8841 33503825 250368
26.8842 33505273 250368
26.8844 33506721 250368
26.8845 33508169 250368
26.8847 33509617 250368
26.8848 33511065 250368
26.885 33512513 250368
26.8851 33513961 250368
26.8853 33515409 250368
26.8854 33516857 250368
26.8856 33518305 250368
26.8857 33519753 250368
26.8859 33521201 250368
26.886 33522649 250368
26.8862 33524097 250368
26.8863 33525545 250368
26.8865 33526993 250368
26.8868 33528441 250368
26.8869 33529889 250368
26.8871 33531337 250368
26.8872 33532785 250368
26.8875 33534233 250368
26.8877 33535681 250368
26.8878 33537129 250368
26.888 33538577 250368
26.9254 33540025 250368
26.9257 33541473 250368
26.926 33542921 250368
26.9263 33544369 250368
26.9266 33545817 250368
26.9269 33547265 250368
26.927 33548713 250368
26.9272 33550161 250368
26.9275 33551609 250368
26.9278 33553057 250368
26.9279 33554505 250368
26.9281 33555953 250368
26.9297 33557401 250368
26.93 33558849 250368
26.9303 33560297 250368
26.9306 33561745 250368
26.9309 33563193 250368
26.9312 33564641 250368
26.9315 33566089 250368
26.9317 33567537 250368
26.932 33568985 250368
26.9323 33570433 250368
26.9326 33571881 250368
26.9329 33573329 250368
26.933 33574777 250368
26.9332 33576225 250368
26.9333 33577673 250368
26.9335 33579121 250368
26.9336 33580569 250368
26.9338 33582017 250368
26.9339 33583465 250368
26.9341 33584913 250368
26.9342 33586361 250368
26.9344 33587809 250368
26.9345 33589257 250368
26.9347 33590705 250368
26.9348 33592153 250368
26.935 33593601 250368
26.9351 33595049 250368
26.9353 33596497 250368
26.9354 33597945 250368
26.9356 33599393 250368
26.9357 33600841 250368
26.9359 33602289 250368
26.936 33603737 250368
26.9362 33605185 250368
26.9363 33606633 250368
26.9365 33608081 250368
26.9366 33609529 250368
26.9368 33610977 250368
26.9369 33612425 250368
26.9371 33613873 250368
26.9372 33615321 250368
26.9374 33616769 250368
26.9375 33618217 250368
26.9377 33619665 250368
26.9378 33621113 250368
26.938 33622561 250368
26.9381 33624009 250368
26.9383 33625457 250368
26.9384 33626905 250368
26.9386 33628353 250368
26.9387 33629801 250368
26.9389 33631249 250368
26.939 33632697 250368
26.9392 33634145 250368
26.9393 33635593 250368
26.9395 33637041 250368
26.9396 33638489 250368
26.9398 33639937 250368
26.9399 33641385 250368
26.9401 33642833 250368
26.9402 33644281 250368
26.9404 33645729 250368
26.9405 33647177 250368
26.9407 33648625 250368
26.9408 33650073 250368
26.941 33651521 250368
26.9411 33652969 250368
26.9413 33654417 250368
26.9414 33655865 250368
26.9416 33657313 250368
26.9417 33658761 250368
26.9419 33660209 250368
26.942 33661657 250368
26.9422 33663105 250368
26.9423 33664553 250368
26.9425 33666001 250368
26.9426 33667449 250368
26.9428 33668897 250368
26.9429 33670345 250368
26.9431 33671793 250368
26.9432 33673241 250368
26.9434 33674689 250368
26.9435 33676137 250368
26.9437 33677585 250368
26.9438 33679033 250368
26.944 33680481 250368
26.9441 33681929 250368
26.9443 33683377 250368
26.9444 33684825 250368
26.9446 33686273 250368
26.9447 33687721 250368
26.9449 33689169 250368
26.945 33690617 250368
26.9452 33692065 250368
26.9453 33693513 250368
26.9455 33694961 250368
26.9456 33696409 250368
26.9458 33697857 250368
26.9459 33699305 250368
26.9461 33700753 250368
26.9462 33702201 250368
26.9464 33703649 250368
26.9465 33705097 250368
26.9467 33706545 250368
26.9468 33707993 250368
26.947 33709441 250368
26.9471 33710889 250368
26.9473 33712337 250368
26.9474 33713785 250368
26.9476 33715233 250368
26.9477 33716681 250368
26.9479 33718129 250368
26.948 33719577 250368
26.9482 33721025 250368
26.9483 33722473 250368
26.9485 33723921 250368
26.9486 33725369 250368
26.9488 33726817 250368
26.9489 33728265 250368
26.9491 33729713 250368
26.9493 33731161 250368
26.9494 33732609 250368
26.9496 33734057 250368
26.9497 33735505 250368
26.9499 33736953 250368
26.95 33738401 250368
26.9502 33739849 251904
26.9503 33741297 251904
26.9505 33742745 251904
26.9506 33744193 251904
26.9508 33745641 251904
26.9509 33747089 251904
26.9511 33748537 251904
26.9512 33749985 251904
26.9514 33751433 251904
26.9515 33752881 251904
26.9517 33754329 251904
26.9518 33755777 251904
26.952 33757225 251904
26.9521 33758673 251904
26.9523 33760121 251904
26.9524 33761569 251904
26.9526 33763017 251904
26.9527 33764465 251904
26.9529 33765913 251904
26.953 33767361 251904
26.9532 33768809 251904
26.9533 33770257 251904
26.9535 33771705 251904
26.9536 33773153 251904
26.9538 33774601 251904
26.9539 33776049 251904
26.9541 33777497 251904
26.9544 33778945 251904
26.9545 33780393 251904
26.9547 33781841 251904
26.9548 33783289 251904
26.9551 33784737 251904
26.9553 33786185 251904
26.9554 33787633 251904
26.9556 33789081 251904
26.9928 33790529 251904
26.9931 33791977 251904
26.9934 33793425 251904
26.9937 33794873 251904
26.994 33796321 251904
26.9943 33797769 251904
26.9946 33799217 251904
26.9948 33800665 251904
26.9949 33802113 251904
26.9952 33803561 251904
26.9955 33805009 251904
26.9957 33806457 251904
26.9972 33807905 251904
26.9975 33809353 251904
26.9978 33810801 251904
26.9981 33812249 251904
26.9984 33813697 251904
26.9987 33815145 251904
26.999 33816593 251904
26.9993 33818041 251904
26.9994 33819489 251904
26.9997 33820937 251904
27 33822385 251904
27.0003 33823833 251904
27.0006 33825281 251904
27.0008 33826729 251904
27.0009 33828177 251904
27.0011 33829625 251904
27.0012 33831073 251904
27.0014 33832521 251904
27.0015 33833969 251904
27.0017 33835417 251904
27.0018 33836865 251904
27.002 33838313 251904
27.0021 33839761 251904
27.0023 33841209 251904
27.0024 33842657 251904
27.0026 33844105 251904
27.0027 33845553 251904
27.0029 33847001 251904
27.003 33848449 251904
27.0032 33849897 251904
27.0033 33851345 251904
27.0035 33852793 251904
27.0036 33854241 251904
27.0038 33855689 251904
27.0039 33857137 251904
27.0041 33858585 251904
27.0042 33860033 251904
27.0044 33861481 251904
27.0045 33862929 251904
27.0047 33864377 251904
27.0048 33865825 251904
27.005 33867273 251904
27.0051 33868721 251904
27.0053 33870169 251904
27.0054 33871617 251904
27.0056 33873065 251904
27.0057 33874513 251904
27.0059 33875961 251904
27.006 33877409 251904
27.0062 33878857 251904
27.0063 33880305 251904
27.0065 33881753 251904
27.0066 33883201 251904
27.0068 33884649 251904
27.0069 33886097 251904
27.0071 33887545 251904
27.0072 33888993 251904
27.0074 33890441 251904
27.0075 33891889 251904
27.0077 33893337 251904
27.0078 33894785 251904
27.008 33896233 251904
27.0081 33897681 251904
27.0083 33899129 251904
27.0084 33900577 251904
27.0086 33902025 251904
27.0087 33903473 251904
27.0089 33904921 251904
27.009 33906369 251904
27.0092 33907817 251904
27.0093 33909265 251904
27.0095 33910713 251904
27.0096 33912161 251904
27.0098 33913609 251904
27.0099 33915057 251904
27.0101 33916505 251904
27.0102 33917953 251904
27.0104 33919401 251904
27.0105 33920849 251904
27.0107 33922297 251904
27.0108 33923745 251904
27.011 33925193 251904
27.0111 33926641 251904
27.0113 33928089 251904
27.0114 33929537 251904
27.0116 33930985 251904
27.0117 33932433 251904
27.0119 33933881 251904
27.012 33935329 251904
27.0122 33936777 251904
27.0123 33938225 251904
27.0125 33939673 251904
27.0126 33941121 251904
27.0128 33942569 251904
27.0129 33944017 251904
27.0131 33945465 251904
27.0132 33946913 251904
27.0134 33948361 251904
27.0135 33949809 251904
27.0137 33951257 251904
27.0138 33952705 251904
27.014 33954153 251904
27.0141 33955601 251904
27.0143 33957049 251904
27.0144 33958497 251904
27.0146 33959945 251904
27.0147 33961393 251904
27.0149 33962841 251904
27.015 33964289 251904
27.0152 33965737 251904
27.0153 33967185 251904
27.0155 33968633 251904
27.0156 33970081 251904
27.0158 33971529 251904
27.0159 33972977 251904
27.0161 33974425 251904
27.0162 33975873 251904
27.0164 33977321 251904
27.0165 33978769 251904
27.0167 33980217 251904
27.0168 33981665 251904
27.017 33983113 251904
27.0171 33984561 251904
27.0173 33986009 251904
27.0174 33987457 251904
27.0176 33988905 251904
27.0177 33990353 251904
27.0179 33991801 251904
27.018 33993249 252928
27.0182 33994697 252928
27.0183 33996145 252928
27.0185 33997593 252928
27.0186 33999041 252928
27.0188 34000489 252928
27.0189 34001937 252928
27.0191 34003385 252928
27.0192 34004833 252928
27.0194 34006281 252928
27.0195 34007729 252928
27.0197 34009177 252928
27.0198 34010625 252928
27.02 34012073 252928
27.0201 34013521 252928
27.0203 34014969 252928
27.0204 34016417 252928
27.0206 34017865 252928
27.0207 34019313 252928
27.0209 34020761 252928
27.021 34022209 252928
27.0212 34023657 252928
27.0213 34025105 252928
27.0215 34026553 252928
27.0216 34028001 252928
27.0218 34029449 252928
27.0221 34030897 252928
27.0222 34032345 252928
27.0224 34033793 252928
27.0225 34035241 252928
27.0227 34036689 252928
27.023 34038137 252928
27.0231 34039585 252928
27.0233 34041033 252928
27.0234 34042481 252928
27.0607 34043929 252928
27.061 34045377 252928
27.0613 34046825 252928
27.0616 34048273 252928
27.0619 34049721 252928
27.0622 34051169 252928
27.0625 34052617 252928
27.0627 34054065 252928
27.0628 34055513 252928
27.0631 34056961 252928
27.0634 34058409 252928
27.0636 34059857 252928
27.0651 34061305 252928
27.0654 34062753 252928
27.0657 34064201 252928
27.066 34065649 252928
27.0663 34067097 252928
27.0666 34068545 252928
27.0669 34069993 252928
27.0672 34071441 252928
27.0673 34072889 252928
27.0676 34074337 252928
27.0679 34075785 252928
27.0682 34077233 252928
27.0685 34078681 252928
27.0687 34080129 252928
27.0688 34081577 252928
27.069 34083025 252928
27.0691 34084473 252928
27.0693 34085921 252928
27.0694 34087369 252928
27.0696 34088817 252928
27.0697 34090265 252928
27.0699 34091713 252928
27.07 34093161 252928
27.0702 34094609 252928
27.0703 34096057 252928
27.0705 34097505 252928
27.0706 34098953 252928
27.0708 34100401 252928
27.0709 34101849 252928
27.0711 34103297 252928
27.0712 34104745 252928
27.0714 34106193 252928
27.0715 34107641 252928
27.0717 34109089 252928
27.0718 34110537 252928
27.072 34111985 252928
27.0721 34113433 252928
27.0723 34114881 252928
27.0724 34116329 252928
27.0726 34117777 252928
27.0727 34119225 252928
27.0729 34120673 252928
27.073 34122121 252928
27.0732 34123569 252928
27.0733 34125017 252928
27.0735 34126465 252928
27.0736 34127913 252928
27.0738 34129361 252928
27.0739 34130809 252928
27.0741 34132257 252928
27.0742 34133705 252928
27.0744 34135153 252928
27.0745 34136601 252928
27.0747 34138049 252928
27.0748 34139497 252928
27.075 34140945 252928
27.0751 34142393 252928
27.0753 34143841 252928
27.0754 34145289 252928
27.0756 34146737 252928
27.0757 34148185 252928
27.0759 34149633 252928
27.076 34151081 252928
27.0762 34152529 252928
27.0763 34153977 252928
27.0765 34155425 252928
27.0766 34156873 252928
27.0768 34158321 252928
27.0769 34159769 252928
27.0771 34161217 252928
27.0772 34162665 252928
27.0774 34164113 252928
27.0775 34165561 252928
27.0777 34167009 252928
27.0778 34168457 252928
27.078 34169905 252928
27.0781 34171353 252928
27.0783 34172801 252928
27.0784 34174249 252928
27.0786 34175697 252928
27.0787 34177145 252928
27.0789 34178593 252928
27.079 34180041 252928
27.0792 34181489 252928
27.0793 34182937 252928
27.0795 34184385 252928
27.0796 34185833 252928
27.0798 34187281 252928
27.0799 34188729 252928
27.0801 34190177 252928
27.0802 34191625 252928
27.0804 34193073 252928
27.0805 34194521 252928
27.0807 34195969 252928
27.0808 34197417 252928
27.081 34198865 252928
27.0811 34200313 252928
27.0813 34201761 252928
27.0814 34203209 252928
27.0816 34204657 252928
27.0817 34206105 252928
27.0819 34207553 252928
27.082 34209001 252928
27.0822 34210449 252928
27.0823 34211897 252928
27.0825 34213345 252928
27.0826 34214793 252928
27.0828 34216241 252928
27.0829 34217689 252928
27.0831 34219137 252928
27.0832 34220585 252928
27.0834 34222033 252928
27.0835 34223481 252928
27.0837 34224929 252928
27.0838 34226377 252928
27.084 34227825 252928
27.0841 34229273 252928
27.0843 34230721 252928
27.0844 34232169 252928
27.0846 34233617 252928
27.0847 34235065 252928
27.0849 34236513 252928
27.085 34237961 252928
27.0852 34239409 252928
27.0853 34240857 252928
27.0855 34242305 252928
27.0856 34243753 252928
27.0858 34245201 252928
27.0859 34246649 252928
27.0861 34248097 252928
27.0862 34249545 254464
27.0864 34250993 254464
27.0865 34252441 254464
27.0867 34253889 254464
27.0868 34255337 254464
27.087 34256785 254464
27.0871 34258233 254464
27.0873 34259681 254464
27.0874 34261129 254464
27.0876 34262577 254464
27.0877 34264025 254464
27.0879 34265473 254464
27.088 34266921 254464
27.0882 34268369 254464
27.0883 34269817 254464
27.0885 34271265 254464
27.0886 34272713 254464
27.0888 34274161 254464
27.0889 34275609 254464
27.0891 34277057 254464
27.0892 34278505 254464
27.0894 34279953 254464
27.0895 34281401 254464
27.0897 34282849 254464
27.09 34284297 254464
27.0901 34285745 254464
27.0903 34287193 254464
27.0904 34288641 254464
27.0906 34290089 254464
27.0909 34291537 254464
27.091 34292985 254464
27.0912 34294433 254464
27.0913 34295881 254464
27.1284 34297329 254464
27.1287 34298777 254464
27.129 34300225 254464
27.1293 34301673 254464
27.1296 34303121 254464
27.1299 34304569 254464
27.1302 34306017 254464
27.1305 34307465 254464
27.1307 34308913 254464
27.1308 34310361 254464
27.1311 34311809 254464
27.1314 34313257 254464
27.1328 34314705 254464
27.1331 34316153 254464
27.1334 34317601 254464
27.1337 34319049 254464
27.134 34320497 254464
27.1343 34321945 254464
27.1346 34323393 254464
27.1349 34324841 254464
27.1352 34326289 254464
27.1353 34327737 254464
27.1356 34329185 254464
27.1359 34330633 254464
27.1362 34332081 254464
27.1365 34333529 254464
27.1367 34334977 254464
27.1369 34336425 254464
27.137 34337873 254464
27.1372 34339321 254464
27.1373 34340769 254464
27.1375 34342217 254464
27.1376 34343665 254464
27.1378 34345113 254464
27.1379 34346561 254464
27.1381 34348009 254464
27.1382 34349457 254464
27.1384 34350905 254464
27.1385 34352353 254464
27.1387 34353801 254464
27.1388 34355249 254464
27.139 34356697 254464
27.1391 34358145 254464
27.1393 34359593 254464
27.1394 34361041 254464
27.1396 34362489 254464
27.1397 34363937 254464
27.1399 34365385 254464
27.14 34366833 254464
27.1402 34368281 254464
27.1403 34369729 254464
27.1405 34371177 254464
27.1406 34372625 254464
27.1408 34374073 254464
27.1409 34375521 254464
27.1411 34376969 254464
27.1412 34378417 254464
27.1414 34379865 254464
27.1415 34381313 254464
27.1417 34382761 254464
27.1418 34384209 254464
27.142 34385657 254464
27.1421 34387105 254464
27.1423 34388553 254464
27.1424 34390001 254464
27.1426 34391449 254464
27.1427 34392897 254464
27.1429 34394345 254464
27.143 34395793 254464
27.1432 34397241 254464
27.1433 34398689 254464
27.1435 34400137 254464
27.1436 34401585 254464
27.1438 34403033 254464
27.1439 34404481 254464
27.1441 34405929 254464
27.1442 34407377 254464
27.1444 34408825 254464
27.1445 34410273 254464
27.1447 34411721 254464
27.1448 34413169 254464
27.145 34414617 254464
27.1451 34416065 254464
27.1453 34417513 254464
27.1454 34418961 254464
27.1456 34420409 254464
27.1457 34421857 254464
27.1459 34423305 254464
27.146 34424753 254464
27.1462 34426201 254464
27.1463 34427649 254464
27.1465 34429097 254464
27.1466 34430545 254464
27.1468 34431993 254464
27.1469 34433441 254464
27.1471 34434889 254464
27.1472 34436337 254464
27.1474 34437785 254464
27.1475 34439233 254464
27.1477 34440681 254464
27.1478 34442129 254464
27.148 34443577 254464
27.1481 34445025 254464
27.1483 34446473 254464
27.1484 34447921 254464
27.1486 34449369 254464
27.1487 34450817 254464
27.1489 34452265 254464
27.149 34453713 254464
27.1492 34455161 254464
27.1493 34456609 254464
27.1495 34458057 254464
27.1496 34459505 254464
27.1498 34460953 254464
27.1499 34462401 254464
27.1501 34463849 254464
27.1502 34465297 254464
27.1504 34466745 254464
27.1505 34468193 254464
27.1507 34469641 254464
27.1508 34471089 254464
27.151 34472537 254464
27.1511 34473985 254464
27.1513 34475433 254464
27.1514 34476881 254464
27.1516 34478329 254464
27.1517 34479777 254464
27.1519 34481225 254464
27.152 34482673 254464
27.1522 34484121 254464
27.1523 34485569 254464
27.1525 34487017 254464
27.1526 34488465 254464
27.1528 34489913 254464
27.1529 34491361 254464
27.1531 34492809 254464
27.1532 34494257 254464
27.1534 34495705 254464
27.1535 34497153 254464
27.1537 34498601 254464
27.154 34500049 254464
27.1541 34501497 254464
27.1543 34502945 254464
27.1544 34504393 254464
27.1546 34505841 256000
27.1547 34507289 256000
27.1549 34508737 256000
27.155 34510185 256000
27.1552 34511633 256000
27.1553 34513081 256000
27.1555 34514529 256000
27.1556 34515977 256000
27.1558 34517425 256000
27.1559 34518873 256000
27.1561 34520321 256000
27.1562 34521769 256000
27.1564 34523217 256000
27.1565 34524665 256000
27.1567 34526113 256000
27.1568 34527561 256000
27.157 34529009 256000
27.1571 34530457 256000
27.1573 34531905 256000
27.1574 34533353 256000
27.1576 34534801 256000
27.1577 34536249 256000
27.1579 34537697 256000
27.158 34539145 256000
27.1582 34540593 256000
27.1583 34542041 256000
27.1585 34543489 256000
27.1586 34544937 256000
27.1588 34546385 256000
27.1589 34547833 256000
27.1591 34549281 256000
27.1592 34550729 256000
27.1594 34552177 256000
27.1825 34553625 256000
27.1828 34555073 256000
27.1831 34556521 256000
27.1834 34557969 256000
27.1837 34559417 256000
27.184 34560865 256000
27.1843 34562313 256000
27.1846 34563761 256000
27.1848 34565209 256000
27.1849 34566657 256000
27.1852 34568105 256000
27.1855 34569553 256000
27.1869 34571001 256000
27.1872 34572449 256000
27.1875 34573897 256000
27.1878 34575345 256000
27.1881 34576793 256000
27.1884 34578241 256000
27.1887 34579689 256000
27.189 34581137 256000
27.1893 34582585 256000
27.1894 34584033 256000
27.1897 34585481 256000
27.19 34586929 256000
27.1903 34588377 256000
27.1906 34589825 256000
27.1908 34591273 256000
27.1909 34592721 256000
27.1911 34594169 256000
27.1912 34595617 256000
27.1914 34597065 256000
27.1915 34598513 256000
27.1917 34599961 256000
27.1918 34601409 256000
27.192 34602857 256000
27.1921 34604305 256000
27.1923 34605753 256000
27.1924 34607201 256000
27.1926 34608649 256000
27.1927 34610097 256000
27.1929 34611545 256000
27.193 34612993 256000
27.1932 34614441 256000
27.1933 34615889 256000
27.1935 34617337 256000
27.1936 34618785 256000
27.1938 34620233 256000
27.1939 34621681 256000
27.1941 34623129 256000
27.1942 34624577 256000
27.1944 34626025 256000
27.1945 34627473 256000
27.1947 34628921 256000
27.1948 34630369 256000
27.195 34631817 256000
27.1951 34633265 256000
27.1953 34634713 256000
27.1954 34636161 256000
27.1956 34637609 256000
27.1957 34639057 256000
27.1959 34640505 256000
27.196 34641953 256000
27.1962 34643401 256000
27.1963 34644849 256000
27.1965 34646297 256000
27.1966 34647745 256000
27.1968 34649193 256000
27.1969 34650641 256000
27.1971 34652089 256000
27.1972 34653537 256000
27.1974 34654985 256000
27.1975 34656433 256000
27.1977 34657881 256000
27.1978 34659329 256000
27.198 34660777 256000
27.1981 34662225 256000
27.1983 34663673 256000
27.1984 34665121 256000
27.1986 34666569 256000
27.1987 34668017 256000
27.1989 34669465 256000
27.199 34670913 256000
27.1992 34672361 256000
27.1993 34673809 256000
27.1995 34675257 256000
27.1996 34676705 256000
27.1998 34678153 256000
27.1999 34679601 256000
27.2001 34681049 256000
27.2002 34682497 256000
27.2004 34683945 256000
27.2005 34685393 256000
27.2007 34686841 256000
27.2008 34688289 256000
27.201 34689737 256000
27.2011 34691185 256000
27.2013 34692633 256000
27.2014 34694081 256000
27.2016 34695529 256000
27.2017 34696977 256000
27.2019 34698425 256000
27.202 34699873 256000
27.2022 34701321 256000
27.2023 34702769 256000
27.2025 34704217 256000
27.2026 34705665 256000
27.2028 34707113 256000
27.2029 34708561 256000
27.2031 34710009 256000
27.2032 34711457 256000
27.2034 34712905 256000
27.2035 34714353 256000
27.2037 34715801 256000
27.2038 34717249 256000
27.204 34718697 256000
27.2041 34720145 256000
27.2043 34721593 256000
27.2044 34723041 256000
27.2046 34724489 256000
27.2047 34725937 256000
27.2049 34727385 256000
27.205 34728833 256000
27.2052 34730281 256000
27.2053 34731729 256000
27.2055 34733177 256000
27.2056 34734625 256000
27.2058 34736073 256000
27.2059 34737521 256000
27.2061 34738969 256000
27.2062 34740417 256000
27.2064 34741865 256000
27.2065 34743313 256000
27.2067 34744761 256000
27.2068 34746209 256000
27.207 34747657 256000
27.2071 34749105 256000
27.2073 34750553 256000
27.2074 34752001 256000
27.2076 34753449 256000
27.2079 34754897 256000
27.208 34756345 256000
27.2082 34757793 256000
27.2083 34759241 256000
27.2085 34760689 256000
27.2086 34762137 257536
27.2088 34763585 257536
27.2089 34765033 257536
27.2091 34766481 257536
27.2092 34767929 257536
27.2094 34769377 257536
27.2095 34770825 257536
27.2097 34772273 257536
27.2098 34773721 257536
27.21 34775169 257536
27.2101 34776617 257536
27.2103 34778065 257536
27.2104 34779513 257536
27.2106 34780961 257536
27.2107 34782409 257536
27.2109 34783857 257536
27.211 34785305 257536
27.2112 34786753 257536
27.2113 34788201 257536
27.2115 34789649 257536
27.2116 34791097 257536
27.2118 34792545 257536
27.212 34793993 257536
27.2121 34795441 257536
27.2123 34796889 257536
27.2124 34798337 257536
27.2126 34799785 257536
27.2127 34801233 257536
27.2129 34802681 257536
27.213 34804129 257536
27.2132 34805577 257536
27.2133 34807025 257536
27.2135 34808473 257536
27.2364 34809921 257536
27.2367 34811369 257536
27.237 34812817 257536
27.2373 34814265 257536
27.2376 34815713 257536
27.2379 34817161 257536
27.2382 34818609 257536
27.2385 34820057 257536
27.2388 34821505 257536
27.239 34822953 257536
27.2391 34824401 257536
27.2394 34825849 257536
27.2408 34827297 257536
27.2411 34828745 257536
27.2414 34830193 257536
27.2417 34831641 257536
27.242 34833089 257536
27.2423 34834537 257536
27.2426 34835985 257536
27.2429 34837433 257536
27.2432 34838881 257536
27.2435 34840329 257536
27.2436 34841777 257536
27.2439 34843225 257536
27.2442 34844673 257536
27.2445 34846121 257536
27.2448 34847569 257536
27.245 34849017 257536
27.2451 34850465 257536
27.2453 34851913 257536
27.2454 34853361 257536
27.2456 34854809 257536
27.2457 34856257 257536
27.2459 34857705 257536
27.246 34859153 257536
27.2462 34860601 257536
27.2463 34862049 257536
27.2465 34863497 257536
27.2466 34864945 257536
27.2468 34866393 257536
27.2469 34867841 257536
27.2471 34869289 257536
27.2472 34870737 257536
27.2474 34872185 257536
27.2475 34873633 257536
27.2477 34875081 257536
27.2478 34876529 257536
27.248 34877977 257536
27.2481 34879425 257536
27.2483 34880873 257536
27.2484 34882321 257536
27.2486 34883769 257536
27.2487 34885217 257536
27.2489 34886665 257536
27.249 34888113 257536
27.2492 34889561 257536
27.2493 34891009 257536
27.2495 34892457 257536
27.2497 34893905 257536
27.2498 34895353 257536
27.25 34896801 257536
27.2501 34898249 257536
27.2503 34899697 257536
27.2504 34901145 257536
27.2506 34902593 257536
27.2507 34904041 257536
27.2509 34905489 257536
27.251 34906937 257536
27.2512 34908385 257536
27.2513 34909833 257536
27.2515 34911281 257536
27.2516 34912729 257536
27.2518 34914177 257536
27.2519 34915625 257536
27.2521 34917073 257536
27.2522 34918521 257536
27.2524 34919969 257536
27.2525 34921417 257536
27.2527 34922865 257536
27.2528 34924313 257536
27.253 34925761 257536
27.2531 34927209 257536
27.2533 34928657 257536
27.2534 34930105 257536
27.2536 34931553 257536
27.2537 34933001 257536
27.2539 34934449 257536
27.254 34935897 257536
27.2542 34937345 257536
27.2543 34938793 257536
27.2545 34940241 257536
27.2546 34941689 257536
27.2548 34943137 257536
27.2549 34944585 257536
27.2551 34946033 257536
27.2552 34947481 257536
27.2554 34948929 257536
27.2555 34950377 257536
27.2557 34951825 257536
27.2558 34953273 257536
27.256 34954721 257536
27.2561 34956169 257536
27.2563 34957617 257536
27.2564 34959065 257536
27.2566 34960513 257536
27.2567 34961961 257536
27.2569 34963409 257536
27.257 34964857 257536
27.2572 34966305 257536
27.2573 34967753 257536
27.2575 34969201 257536
27.2576 34970649 257536
27.2578 34972097 257536
27.2579 34973545 257536
27.2581 34974993 257536
27.2582 34976441 257536
27.2584 34977889 257536
27.2585 34979337 257536
27.2587 34980785 257536
27.2588 34982233 257536
27.259 34983681 257536
27.2591 34985129 257536
27.2593 34986577 257536
27.2594 34988025 257536
27.2596 34989473 257536
27.2597 34990921 257536
27.2599 34992369 257536
27.26 34993817 257536
27.2602 34995265 257536
27.2603 34996713 257536
27.2605 34998161 257536
27.2606 34999609 257536
27.2608 35001057 257536
27.2609 35002505 257536
27.2611 35003953 257536
27.2612 35005401 257536
27.2614 35006849 257536
27.2615 35008297 257536
27.2617 35009745 257536
27.2618 35011193 257536
27.262 35012641 257536
27.2621 35014089 257536
27.2623 35015537 257536
27.2624 35016985 257536
27.2626 35018433 257536
27.2627 35019881 257536
27.2629 35021329 259072
27.263 35022777 259072
27.2632 35024225 259072
27.2633 35025673 259072
27.2635 35027121 259072
27.2636 35028569 259072
27.2638 35030017 259072
27.2639 35031465 259072
27.2641 35032913 259072
27.2642 35034361 259072
27.2644 35035809 259072
27.2645 35037257 259072
27.2647 35038705 259072
27.2648 35040153 259072
27.265 35041601 259072
27.2651 35043049 259072
27.2653 35044497 259072
27.2654 35045945 259072
27.2656 35047393 259072
27.2657 35048841 259072
27.2659 35050289 259072
27.266 35051737 259072
27.2662 35053185 259072
27.2663 35054633 259072
27.2665 35056081 259072
27.2666 35057529 259072
27.2668 35058977 259072
27.2669 35060425 259072
27.2671 35061873 259072
27.2672 35063321 259072
27.2674 35064769 259072
27.2675 35066217 259072
27.2678 35067665 259072
27.2907 35069113 259072
27.291 35070561 259072
27.2913 35072009 259072
27.2916 35073457 259072
27.2919 35074905 259072
27.2922 35076353 259072
27.2925 35077801 259072
27.2928 35079249 259072
27.2931 35080697 259072
27.2932 35082145 259072
27.2934 35083593 259072
27.2937 35085041 259072
27.295 35086489 259072
27.2953 35087937 259072
27.2956 35089385 259072
27.2959 35090833 259072
27.2962 35092281 259072
27.2965 35093729 259072
27.2968 35095177 259072
27.2971 35096625 259072
27.2974 35098073 259072
27.2977 35099521 259072
27.2979 35100969 259072
27.2982 35102417 259072
27.2985 35103865 259072
27.2988 35105313 259072
27.2991 35106761 259072
27.2992 35108209 259072
27.2994 35109657 259072
27.2995 35111105 259072
27.2997 35112553 259072
27.2998 35114001 259072
27.3 35115449 259072
27.3001 35116897 259072
27.3003 35118345 259072
27.3004 35119793 259072
27.3006 35121241 259072
27.3007 35122689 259072
27.3009 35124137 259072
27.301 35125585 259072
27.3012 35127033 259072
27.3013 35128481 259072
27.3015 35129929 259072
27.3016 35131377 259072
27.3018 35132825 259072
27.3019 35134273 259072
27.3021 35135721 259072
27.3022 35137169 259072
27.3024 35138617 259072
27.3025 35140065 259072
27.3027 35141513 259072
27.3028 35142961 259072
27.303 35144409 259072
27.3031 35145857 259072
27.3033 35147305 259072
27.3034 35148753 259072
27.3036 35150201 259072
27.3037 35151649 259072
27.3039 35153097 259072
27.304 35154545 259072
27.3042 35155993 259072
27.3043 35157441 259072
27.3045 35158889 259072
27.3046 35160337 259072
27.3048 35161785 259072
27.3049 35163233 259072
27.3051 35164681 259072
27.3052 35166129 259072
27.3054 35167577 259072
27.3055 35169025 259072
27.3057 35170473 259072
27.3058 35171921 259072
27.306 35173369 259072
27.3061 35174817 259072
27.3063 35176265 259072
27.3064 35177713 259072
27.3066 35179161 259072
27.3067 35180609 259072
27.3069 35182057 259072
27.307 35183505 259072
27.3072 35184953 259072
27.3073 35186401 259072
27.3075 35187849 259072
27.3076 35189297 259072
27.3078 35190745 259072
27.3079 35192193 259072
27.3081 35193641 259072
27.3082 35195089 259072
27.3084 35196537 259072
27.3085 35197985 259072
27.3087 35199433 259072
27.3088 35200881 259072
27.309 35202329 259072
27.3091 35203777 259072
27.3093 35205225 259072
27.3094 35206673 259072
27.3096 35208121 259072
27.3097 35209569 259072
27.3099 35211017 259072
27.31 35212465 259072
27.3102 35213913 259072
27.3103 35215361 259072
27.3105 35216809 259072
27.3106 35218257 259072
27.3108 35219705 259072
27.3109 35221153 259072
27.3111 35222601 259072
27.3112 35224049 259072
27.3114 35225497 259072
27.3115 35226945 259072
27.3117 35228393 259072
27.3118 35229841 259072
27.312 35231289 259072
27.3121 35232737 259072
27.3123 35234185 259072
27.3124 35235633 259072
27.3126 35237081 259072
27.3127 35238529 259072
27.3129 35239977 259072
27.313 35241425 259072
27.3132 35242873 259072
27.3133 35244321 259072
27.3135 35245769 259072
27.3136 35247217 259072
27.3138 35248665 259072
27.3139 35250113 259072
27.3141 35251561 259072
27.3142 35253009 259072
27.3144 35254457 259072
27.3145 35255905 259072
27.3147 35257353 259072
27.3148 35258801 259072
27.315 35260249 259072
27.3151 35261697 259072
27.3153 35263145 259072
27.3154 35264593 259072
27.3156 35266041 259072
27.3157 35267489 259072
27.3159 35268937 259072
27.316 35270385 259072
27.3162 35271833 259072
27.3163 35273281 259072
27.3165 35274729 259072
27.3166 35276177 259072
27.3168 35277625 259072
27.3169 35279073 259072
27.3171 35280521 259072
27.3172 35281969 259072
27.3174 35283417 259072
27.3175 35284865 259072
27.3177 35286313 259072
27.3178 35287761 259072
27.318 35289209 259072
27.3181 35290657 259072
27.3183 35292105 259072
27.3184 35293553 259072
27.3186 35295001 259072
27.3187 35296449 259072
27.3189 35297897 259072
27.319 35299345 259072
27.3192 35300793 259072
27.3193 35302241 259072
27.3195 35303689 259072
27.3196 35305137 259072
27.3198 35306585 259072
27.3199 35308033 259072
27.3201 35309481 259072
27.3202 35310929 259072
27.3204 35312377 259072
27.3205 35313825 259072
27.3207 35315273 259072
27.3208 35316721 259072
27.321 35318169 259072
27.3211 35319617 259072
27.3213 35321065 259072
27.3214 35322513 259072
27.3216 35323961 259072
27.3217 35325409 259072
27.3446 35326857 260608
27.3449 35328305 260608
27.345 35329753 260608
27.3453 35331201 260608
27.3456 35332649 260608
27.3459 35334097 260608
27.3462 35335545 260608
27.3465 35336993 260608
27.3468 35338441 260608
27.3471 35339889 260608
27.3474 35341337 260608
27.3476 35342785 260608
27.3477 35344233 260608
27.3491 35345681 260608
27.3494 35347129 260608
27.3497 35348577 260608
27.35 35350025 260608
27.3503 35351473 260608
27.3506 35352921 260608
27.3509 35354369 260608
27.3512 35355817 260608
27.3515 35357265 260608
27.3518 35358713 260608
27.3521 35360161 260608
27.3522 35361609 260608
27.3525 35363057 260608
27.3528 35364505 260608
27.3531 35365953 260608
27.3534 35367401 260608
27.3536 35368849 260608
27.3537 35370297 260608
27.3539 35371745 260608
27.354 35373193 260608
27.3542 35374641 260608
27.3543 35376089 260608
27.3545 35377537 260608
27.3546 35378985 260608
27.3548 35380433 260608
27.3549 35381881 260608
27.3551 35383329 260608
27.3552 35384777 260608
27.3554 35386225 260608
27.3555 35387673 260608
27.3557 35389121 260608
27.3558 35390569 260608
27.356 35392017 260608
27.3561 35393465 260608
27.3563 35394913 260608
27.3564 35396361 260608
27.3566 35397809 260608
27.3567 35399257 260608
27.3569 35400705 260608
27.357 35402153 260608
27.3572 35403601 260608
27.3573 35405049 260608
27.3575 35406497 260608
27.3576 35407945 260608
27.3578 35409393 260608
27.3579 35410841 260608
27.3581 35412289 260608
27.3582 35413737 260608
27.3584 35415185 260608
27.3585 35416633 260608
27.3587 35418081 260608
27.3588 35419529 260608
27.359 35420977 260608
27.3591 35422425 260608
27.3593 35423873 260608
27.3594 35425321 260608
27.3596 35426769 260608
27.3597 35428217 260608
27.3599 35429665 260608
27.36 35431113 260608
27.3602 35432561 260608
27.3603 35434009 260608
27.3605 35435457 260608
27.3606 35436905 260608
27.3608 35438353 260608
27.3609 35439801 260608
27.3611 35441249 260608
27.3612 35442697 260608
27.3614 35444145 260608
27.3615 35445593 260608
27.3617 35447041 260608
27.3618 35448489 260608
27.362 35449937 260608
27.3622 35451385 260608
27.3623 35452833 260608
27.3625 35454281 260608
27.3626 35455729 260608
27.3628 35457177 260608
27.3629 35458625 260608
27.3631 35460073 260608
27.3632 35461521 260608
27.3634 35462969 260608
27.3635 35464417 260608
27.3637 35465865 260608
27.3638 35467313 260608
27.364 35468761 260608
27.3641 35470209 260608
27.3643 35471657 260608
27.3644 35473105 260608
27.3646 35474553 260608
27.3647 35476001 260608
27.3649 35477449 260608
27.365 35478897 260608
27.3652 35480345 260608
27.3653 35481793 260608
27.3655 35483241 260608
27.3656 35484689 260608
27.3658 35486137 260608
27.3659 35487585 260608
27.3661 35489033 260608
27.3662 35490481 260608
27.3664 35491929 260608
27.3665 35493377 260608
27.3667 35494825 260608
27.3668 35496273 260608
27.367 35497721 260608
27.3671 35499169 260608
27.3673 35500617 260608
27.3674 35502065 260608
27.3676 35503513 260608
27.3677 35504961 260608
27.3679 35506409 260608
27.368 35507857 260608
27.3682 35509305 260608
27.3683 35510753 260608
27.3685 35512201 260608
27.3686 35513649 260608
27.3688 35515097 260608
27.3689 35516545 260608
27.3691 35517993 260608
27.3692 35519441 260608
27.3694 35520889 260608
27.3695 35522337 260608
27.3697 35523785 260608
27.3698 35525233 260608
27.37 35526681 260608
27.3701 35528129 260608
27.3703 35529577 260608
27.3704 35531025 260608
27.3706 35532473 260608
27.3707 35533921 260608
27.3709 35535369 260608
27.371 35536817 260608
27.3712 35538265 260608
27.3713 35539713 260608
27.3715 35541161 260608
27.3716 35542609 260608
27.3718 35544057 260608
27.3719 35545505 260608
27.3721 35546953 260608
27.3722 35548401 260608
27.3724 35549849 260608
27.3725 35551297 260608
27.3727 35552745 260608
27.3728 35554193 260608
27.373 35555641 260608
27.3731 35557089 260608
27.3733 35558537 260608
27.3734 35559985 260608
27.3736 35561433 260608
27.3737 35562881 260608
27.3739 35564329 260608
27.374 35565777 260608
27.3742 35567225 260608
27.3743 35568673 260608
27.3745 35570121 260608
27.3746 35571569 260608
27.3748 35573017 260608
27.3749 35574465 260608
27.3751 35575913 260608
27.3752 35577361 260608
27.3754 35578809 260608
27.3755 35580257 260608
27.3757 35581705 260608
27.3758 35583153 260608
27.376 35584601 260608
27.3986 35586049 260608
27.3989 35587497 260608
27.3992 35588945 260608
27.3994 35590393 260608
27.3997 35591841 260608
27.4 35593289 260608
27.4003 35594737 260608
27.4006 35596185 260608
27.4009 35597633 260608
27.4012 35599081 260608
27.4015 35600529 260608
27.4018 35601977 260608
27.402 35603425 260608
27.4021 35604873 260608
27.4035 35606321 260608
27.4038 35607769 260608
27.4041 35609217 260608
27.4044 35610665 260608
27.4047 35612113 260608
27.405 35613561 260608
27.4053 35615009 260608
27.4056 35616457 260608
27.4059 35617905 260608
27.4062 35619353 260608
27.4065 35620801 260608
27.4066 35622249 260608
27.4069 35623697 260608
27.4072 35625145 260608
27.4075 35626593 260608
27.4078 35628041 260608
27.408 35629489 260608
27.4081 35630937 260608
27.4083 35632385 260608
27.4084 35633833 260608
27.4086 35635281 260608
27.4087 35636729 260608
27.4089 35638177 260608
27.409 35639625 260608
27.4092 35641073 260608
27.4093 35642521 260608
27.4095 35643969 260608
27.4096 35645417 260608
27.4098 35646865 260608
27.4099 35648313 260608
27.4101 35649761 260608
27.4102 35651209 260608
27.4104 35652657 260608
27.4105 35654105 260608
27.4107 35655553 260608
27.4108 35657001 260608
27.411 35658449 260608
27.4111 35659897 260608
27.4113 35661345 260608
27.4114 35662793 260608
27.4116 35664241 260608
27.4117 35665689 260608
27.4119 35667137 260608
27.412 35668585 260608
27.4122 35670033 260608
27.4123 35671481 260608
27.4125 35672929 260608
27.4126 35674377 260608
27.4128 35675825 260608
27.4129 35677273 260608
27.4131 35678721 260608
27.4132 35680169 260608
27.4134 35681617 260608
27.4135 35683065 260608
27.4137 35684513 260608
27.4138 35685961 260608
27.414 35687409 260608
27.4141 35688857 260608
27.4143 35690305 260608
27.4144 35691753 260608
27.4146 35693201 260608
27.4147 35694649 260608
27.4149 35696097 260608
27.415 35697545 260608
27.4152 35698993 260608
27.4153 35700441 260608
27.4155 35701889 260608
27.4156 35703337 260608
27.4158 35704785 260608
27.4159 35706233 260608
27.4161 35707681 260608
27.4162 35709129 260608
27.4164 35710577 260608
27.4165 35712025 260608
27.4167 35713473 260608
27.4168 35714921 260608
27.417 35716369 260608
27.4171 35717817 260608
27.4173 35719265 260608
27.4174 35720713 260608
27.4176 35722161 260608
27.4177 35723609 260608
27.4179 35725057 260608
27.418 35726505 260608
27.4182 35727953 260608
27.4183 35729401 260608
27.4185 35730849 260608
27.4186 35732297 260608
27.4188 35733745 260608
27.4189 35735193 260608
27.4191 35736641 260608
27.4192 35738089 260608
27.4194 35739537 260608
27.4195 35740985 260608
27.4197 35742433 260608
27.4198 35743881 260608
27.42 35745329 260608
27.4201 35746777 260608
27.4203 35748225 260608
27.4204 35749673 260608
27.4206 35751121 260608
27.4207 35752569 260608
27.4209 35754017 260608
27.421 35755465 260608
27.4212 35756913 260608
27.4213 35758361 260608
27.4215 35759809 260608
27.4216 35761257 260608
27.4218 35762705 260608
27.4219 35764153 260608
27.4221 35765601 260608
27.4222 35767049 260608
27.4224 35768497 260608
27.4225 35769945 260608
27.4227 35771393 260608
27.4228 35772841 260608
27.423 35774289 260608
27.4231 35775737 260608
27.4233 35777185 260608
27.4234 35778633 260608
27.4236 35780081 260608
27.4237 35781529 260608
27.4239 35782977 260608
27.424 35784425 260608
27.4242 35785873 260608
27.4243 35787321 260608
27.4245 35788769 260608
27.4246 35790217 260608
27.4248 35791665 260608
27.4249 35793113 260608
27.4251 35794561 260608
27.4252 35796009 260608
27.4254 35797457 260608
27.4255 35798905 260608
27.4257 35800353 260608
27.4258 35801801 260608
27.426 35803249 260608
27.4261 35804697 260608
27.4263 35806145 261632
27.4264 35807593 261632
27.4266 35809041 261632
27.4267 35810489 261632
27.4269 35811937 261632
27.427 35813385 261632
27.4272 35814833 261632
27.4273 35816281 261632
27.4275 35817729 261632
27.4276 35819177 261632
27.4278 35820625 261632
27.4279 35822073 261632
27.4281 35823521 261632
27.4282 35824969 261632
27.4284 35826417 261632
27.4285 35827865 261632
27.4287 35829313 261632
27.4288 35830761 261632
27.429 35832209 261632
27.4291 35833657 261632
27.4293 35835105 261632
27.4294 35836553 261632
27.4296 35838001 261632
27.4297 35839449 261632
27.4299 35840897 261632
27.43 35842345 261632
27.4302 35843793 261632
27.4303 35845241 261632
27.4306 35846689 261632
27.4532 35848137 261632
27.4535 35849585 261632
27.4538 35851033 261632
27.4539 35852481 261632
27.4542 35853929 261632
27.4545 35855377 261632
27.4548 35856825 261632
27.4551 35858273 261632
27.4554 35859721 261632
27.4557 35861169 261632
27.456 35862617 261632
27.4563 35864065 261632
27.4565 35865513 261632
27.4566 35866961 261632
27.458 35868409 261632
27.4583 35869857 261632
27.4586 35871305 261632
27.4589 35872753 261632
27.4592 35874201 261632
27.4595 35875649 261632
27.4598 35877097 261632
27.4601 35878545 261632
27.4604 35879993 261632
27.4607 35881441 261632
27.461 35882889 261632
27.4611 35884337 261632
27.4614 35885785 261632
27.4617 35887233 261632
27.4622 35888681 261632
27.4626 35890129 261632
27.4628 35891577 261632
27.4629 35893025 261632
27.4631 35894473 261632
27.4632 35895921 261632
27.4634 35897369 261632
27.4635 35898817 261632
27.4637 35900265 261632
27.4638 35901713 261632
27.464 35903161 261632
27.4641 35904609 261632
27.4643 35906057 261632
27.4644 35907505 261632
27.4646 35908953 261632
27.4647 35910401 261632
27.4649 35911849 261632
27.465 35913297 261632
27.4652 35914745 261632
27.4653 35916193 261632
27.4655 35917641 261632
27.4656 35919089 261632
27.4658 35920537 261632
27.4659 35921985 261632
27.4661 35923433 261632
27.4662 35924881 261632
27.4664 35926329 261632
27.4665 35927777 261632
27.4667 35929225 261632
27.4668 35930673 261632
27.467 35932121 261632
27.4671 35933569 261632
27.4673 35935017 261632
27.4674 35936465 261632
27.4676 35937913 261632
27.4677 35939361 261632
27.4679 35940809 261632
27.468 35942257 261632
27.4682 35943705 261632
27.4683 35945153 261632
27.4685 35946601 261632
27.4686 35948049 261632
27.4688 35949497 261632
27.4689 35950945 261632
27.4691 35952393 261632
27.4692 35953841 261632
27.4694 35955289 261632
27.4695 35956737 261632
27.4697 35958185 261632
27.4698 35959633 261632
27.47 35961081 261632
27.4701 35962529 261632
27.4703 35963977 261632
27.4704 35965425 261632
27.4706 35966873 261632
27.4707 35968321 261632
27.4709 35969769 261632
27.471 35971217 261632
27.4712 35972665 261632
27.4713 35974113 261632
27.4715 35975561 261632
27.4716 35977009 261632
27.4718 35978457 261632
27.4719 35979905 261632
27.4721 35981353 261632
27.4722 35982801 261632
27.4724 35984249 261632
27.4725 35985697 261632
27.4727 35987145 261632
27.4728 35988593 261632
27.473 35990041 261632
27.4731 35991489 261632
27.4733 35992937 261632
27.4734 35994385 261632
27.4736 35995833 261632
27.4737 35997281 261632
27.4739 35998729 261632
27.474 36000177 261632
27.4742 36001625 261632
27.4743 36003073 261632
27.4745 36004521 261632
27.4747 36005969 261632
27.4748 36007417 261632
27.475 36008865 261632
27.4751 36010313 261632
27.4753 36011761 261632
27.4754 36013209 261632
27.4756 36014657 261632
27.4757 36016105 261632
27.4759 36017553 261632
27.476 36019001 261632
27.4762 36020449 261632
27.4763 36021897 261632
27.4765 36023345 261632
27.4766 36024793 261632
27.4768 36026241 261632
27.4769 36027689 261632
27.4771 36029137 261632
27.4772 36030585 261632
27.4774 36032033 261632
27.4775 36033481 261632
27.4777 36034929 261632
27.4778 36036377 261632
27.478 36037825 261632
27.4781 36039273 261632
27.4783 36040721 261632
27.4784 36042169 261632
27.4786 36043617 261632
27.4787 36045065 261632
27.4789 36046513 261632
27.479 36047961 261632
27.4792 36049409 261632
27.4793 36050857 261632
27.4795 36052305 261632
27.4796 36053753 261632
27.4798 36055201 261632
27.4799 36056649 261632
27.4801 36058097 261632
27.4802 36059545 261632
27.4804 36060993 261632
27.4805 36062441 261632
27.4807 36063889 261632
27.4808 36065337 261632
27.481 36066785 261632
27.4811 36068233 261632
27.4813 36069681 261632
27.4814 36071129 261632
27.4816 36072577 261632
27.4817 36074025 261632
27.4819 36075473 261632
27.482 36076921 261632
27.4822 36078369 261632
27.4823 36079817 261632
27.4825 36081265 261632
27.4826 36082713 261632
27.4828 36084161 261632
27.4829 36085609 261632
27.4831 36087057 261632
27.4832 36088505 261632
27.4834 36089953 261632
27.4835 36091401 261632
27.4837 36092849 261632
27.4838 36094297 261632
27.484 36095745 261632
27.4841 36097193 261632
27.4843 36098641 261632
27.4844 36100089 261632
27.4846 36101537 261632
27.4847 36102985 261632
27.4849 36104433 261632
27.485 36105881 261632
27.4852 36107329 261632
27.5077 36108777 261632
27.508 36110225 261632
27.5083 36111673 261632
27.5086 36113121 261632
27.5087 36114569 261632
27.509 36116017 261632
27.5093 36117465 261632
27.5096 36118913 261632
27.5099 36120361 261632
27.5102 36121809 261632
27.5105 36123257 261632
27.5108 36124705 261632
27.5111 36126153 261632
27.5113 36127601 261632
27.5125 36129049 261632
27.5128 36130497 261632
27.5131 36131945 261632
27.5134 36133393 261632
27.5137 36134841 261632
27.514 36136289 261632
27.5143 36137737 261632
27.5146 36139185 261632
27.5149 36140633 261632
27.5152 36142081 261632
27.5155 36143529 263168
27.5158 36144977 263168
27.516 36146425 263168
27.5161 36147873 263168
27.5164 36149321 263168
27.5167 36150769 263168
27.517 36152217 263168
27.5176 36153665 263168
27.5179 36155113 263168
27.5182 36156561 263168
27.5184 36158009 263168
27.5185 36159457 263168
27.5187 36160905 263168
27.5188 36162353 263168
27.519 36163801 263168
27.5191 36165249 263168
27.5193 36166697 263168
27.5194 36168145 263168
27.5196 36169593 263168
27.5197 36171041 263168
27.5199 36172489 263168
27.52 36173937 263168
27.5202 36175385 263168
27.5203 36176833 263168
27.5205 36178281 263168
27.5206 36179729 263168
27.5208 36181177 263168
27.5209 36182625 263168
27.5211 36184073 263168
27.5212 36185521 263168
27.5214 36186969 263168
27.5215 36188417 263168
27.5217 36189865 263168
27.5218 36191313 263168
27.522 36192761 263168
27.5221 36194209 263168
27.5223 36195657 263168
27.5224 36197105 263168
27.5226 36198553 263168
27.5227 36200001 263168
27.5229 36201449 263168
27.523 36202897 263168
27.5232 36204345 263168
27.5233 36205793 263168
27.5235 36207241 263168
27.5236 36208689 263168
27.5238 36210137 263168
27.5239 36211585 263168
27.5241 36213033 263168
27.5242 36214481 263168
27.5244 36215929 263168
27.5245 36217377 263168
27.5247 36218825 263168
27.5248 36220273 263168
27.525 36221721 263168
27.5251 36223169 263168
27.5253 36224617 263168
27.5254 36226065 263168
27.5256 36227513 263168
27.5257 36228961 263168
27.5259 36230409 263168
27.526 36231857 263168
27.5262 36233305 263168
27.5263 36234753 263168
27.5265 36236201 263168
27.5266 36237649 263168
27.5268 36239097 263168
27.5269 36240545 263168
27.5271 36241993 263168
27.5272 36243441 263168
27.5274 36244889 263168
27.5275 36246337 263168
27.5277 36247785 263168
27.5278 36249233 263168
27.528 36250681 263168
27.5281 36252129 263168
27.5283 36253577 263168
27.5284 36255025 263168
27.5286 36256473 263168
27.5287 36257921 263168
27.5289 36259369 263168
27.529 36260817 263168
27.5292 36262265 263168
27.5293 36263713 263168
27.5295 36265161 263168
27.5296 36266609 263168
27.5298 36268057 263168
27.5299 36269505 263168
27.5301 36270953 263168
27.5302 36272401 263168
27.5304 36273849 263168
27.5305 36275297 263168
27.5307 36276745 263168
27.5308 36278193 263168
27.531 36279641 263168
27.5311 36281089 263168
27.5313 36282537 263168
27.5314 36283985 263168
27.5316 36285433 263168
27.5317 36286881 263168
27.5319 36288329 263168
27.532 36289777 263168
27.5322 36291225 263168
27.5323 36292673 263168
27.5325 36294121 263168
27.5326 36295569 263168
27.5328 36297017 263168
27.5329 36298465 263168
27.5331 36299913 263168
27.5332 36301361 263168
27.5334 36302809 263168
27.5335 36304257 263168
27.5337 36305705 263168
27.5338 36307153 263168
27.534 36308601 263168
27.5341 36310049 263168
27.5343 36311497 263168
27.5344 36312945 263168
27.5346 36314393 263168
27.5347 36315841 263168
27.5349 36317289 263168
27.535 36318737 263168
27.5352 36320185 263168
27.5353 36321633 263168
27.5355 36323081 263168
27.5356 36324529 263168
27.5358 36325977 263168
27.5359 36327425 263168
27.5361 36328873 263168
27.5362 36330321 263168
27.5364 36331769 263168
27.5365 36333217 263168
27.5367 36334665 263168
27.5368 36336113 263168
27.537 36337561 263168
27.5371 36339009 263168
27.5373 36340457 263168
27.5374 36341905 263168
27.5376 36343353 263168
27.5377 36344801 263168
27.5379 36346249 263168
27.538 36347697 263168
27.5382 36349145 263168
27.5383 36350593 263168
27.5385 36352041 263168
27.5386 36353489 263168
27.5388 36354937 263168
27.5389 36356385 263168
27.5391 36357833 263168
27.5392 36359281 263168
27.5394 36360729 263168
27.5395 36362177 263168
27.5397 36363625 263168
27.5398 36365073 263168
27.54 36366521 263168
27.5401 36367969 263168
27.5403 36369417 263168
27.5627 36370865 263168
27.563 36372313 263168
27.5633 36373761 263168
27.5636 36375209 263168
27.5639 36376657 263168
27.564 36378105 263168
27.5643 36379553 263168
27.5646 36381001 263168
27.5649 36382449 263168
27.5652 36383897 263168
27.5655 36385345 263168
27.5658 36386793 263168
27.5661 36388241 263168
27.5664 36389689 263168
27.5675 36391137 263168
27.5678 36392585 263168
27.5681 36394033 263168
27.5684 36395481 263168
27.5687 36396929 263168
27.569 36398377 263168
27.5693 36399825 263168
27.5696 36401273 263168
27.5699 36402721 263168
27.5702 36404169 263168
27.5705 36405617 263168
27.5708 36407065 263168
27.5711 36408513 263168
27.5712 36409961 263168
27.5714 36411409 263168
27.5717 36412857 263168
27.572 36414305 263168
27.5721 36415753 263168
27.573 36417201 263168
27.5733 36418649 263168
27.5738 36420097 263168
27.5741 36421545 263168
27.5744 36422993 263168
27.5745 36424441 263168
27.5747 36425889 263168
27.5748 36427337 263168
27.575 36428785 263168
27.5751 36430233 263168
27.5753 36431681 263168
27.5754 36433129 263168
27.5756 36434577 263168
27.5757 36436025 263168
27.5759 36437473 263168
27.576 36438921 263168
27.5762 36440369 263168
27.5763 36441817 263168
27.5765 36443265 263168
27.5766 36444713 263168
27.5768 36446161 263168
27.5769 36447609 263168
27.5771 36449057 263168
27.5772 36450505 263168
27.5774 36451953 263168
27.5775 36453401 263168
27.5777 36454849 263168
27.5778 36456297 263168
27.578 36457745 263168
27.5781 36459193 263168
27.5783 36460641 263168
27.5784 36462089 263168
27.5786 36463537 263168
27.5787 36464985 263168
27.5789 36466433 263168
27.579 36467881 263168
27.5792 36469329 263168
27.5793 36470777 263168
27.5795 36472225 263168
27.5796 36473673 263168
27.5798 36475121 263168
27.5799 36476569 263168
27.5801 36478017 263168
27.5802 36479465 263168
27.5804 36480913 263168
27.5805 36482361 263168
27.5807 36483809 263168
27.5808 36485257 263168
27.581 36486705 263168
27.5811 36488153 263168
27.5813 36489601 263168
27.5814 36491049 263168
27.5816 36492497 263168
27.5817 36493945 263168
27.5819 36495393 263168
27.582 36496841 263168
27.5822 36498289 263168
27.5823 36499737 263168
27.5825 36501185 263168
27.5826 36502633 263168
27.5828 36504081 263168
27.5829 36505529 263168
27.5831 36506977 263168
27.5832 36508425 263168
27.5834 36509873 263168
27.5835 36511321 263168
27.5837 36512769 263168
27.5838 36514217 263168
27.584 36515665 263168
27.5841 36517113 263168
27.5843 36518561 263168
27.5844 36520009 263168
27.5846 36521457 263168
27.5847 36522905 263168
27.5849 36524353 263168
27.585 36525801 263168
27.5852 36527249 263168
27.5853 36528697 263168
27.5855 36530145 263168
27.5856 36531593 263168
27.5858 36533041 263168
27.5859 36534489 263168
27.5861 36535937 263168
27.5862 36537385 263168
27.5864 36538833 263168
27.5865 36540281 263168
27.5867 36541729 263168
27.5868 36543177 263168
27.587 36544625 263168
27.5871 36546073 263168
27.5873 36547521 263168
27.5875 36548969 263168
27.5876 36550417 263168
27.5878 36551865 263168
27.5879 36553313 263168
27.5881 36554761 263168
27.5882 36556209 263168
27.5884 36557657 263168
27.5885 36559105 263168
27.5887 36560553 263168
27.5888 36562001 263168
27.589 36563449 263168
27.5891 36564897 263168
27.5893 36566345 263168
27.5894 36567793 263168
27.5896 36569241 263168
27.5897 36570689 263168
27.5899 36572137 263168
27.59 36573585 263168
27.5902 36575033 263168
27.5903 36576481 263168
27.5905 36577929 263168
27.5906 36579377 263168
27.5908 36580825 263168
27.5909 36582273 263168
27.5911 36583721 263168
27.5912 36585169 263168
27.5914 36586617 263168
27.5915 36588065 263168
27.5917 36589513 263168
27.5918 36590961 263168
27.592 36592409 263168
27.5921 36593857 263168
27.5923 36595305 263168
27.5924 36596753 263168
27.5926 36598201 263168
27.5927 36599649 263168
27.5929 36601097 263168
27.593 36602545 263168
27.5932 36603993 263168
27.5933 36605441 263168
27.5935 36606889 263168
27.5936 36608337 263168
27.5938 36609785 263168
27.5939 36611233 263168
27.5941 36612681 263168
27.5942 36614129 263168
27.5944 36615577 263168
27.5945 36617025 263168
27.5947 36618473 263168
27.5948 36619921 263168
27.595 36621369 263168
27.5951 36622817 263168
27.5953 36624265 263168
27.5954 36625713 263168
27.5956 36627161 263168
27.5957 36628609 263168
27.5959 36630057 263168
27.596 36631505 263168
27.5962 36632953 263168
27.6185 36634401 264704
27.6188 36635849 264704
27.6191 36637297 264704
27.6193 36638745 264704
27.6196 36640193 264704
27.6199 36641641 264704
27.62 36643089 264704
27.6203 36644537 264704
27.6206 36645985 264704
27.6209 36647433 264704
27.6212 36648881 264704
27.6215 36650329 264704
27.6218 36651777 264704
27.6221 36653225 264704
27.6224 36654673 264704
27.6235 36656121 264704
27.6238 36657569 264704
27.6241 36659017 264704
27.6244 36660465 264704
27.6247 36661913 264704
27.625 36663361 264704
27.6253 36664809 264704
27.6256 36666257 264704
27.6259 36667705 264704
27.6262 36669153 264704
27.6265 36670601 264704
27.6268 36672049 264704
27.6271 36673497 264704
27.6273 36674945 264704
27.6274 36676393 264704
27.6277 36677841 264704
27.628 36679289 264704
27.6282 36680737 264704
27.6292 36682185 264704
27.6295 36683633 264704
27.6303 36685081 264704
27.6306 36686529 264704
27.631 36687977 264704
27.6313 36689425 264704
27.6316 36690873 264704
27.6319 36692321 264704
27.6322 36693769 264704
27.6324 36695217 264704
27.6325 36696665 264704
27.6327 36698113 264704
27.6328 36699561 264704
27.633 36701009 264704
27.6331 36702457 264704
27.6333 36703905 264704
27.6334 36705353 264704
27.6336 36706801 264704
27.6337 36708249 264704
27.6339 36709697 264704
27.634 36711145 264704
27.6342 36712593 264704
27.6343 36714041 264704
27.6345 36715489 264704
27.6346 36716937 264704
27.6348 36718385 264704
27.6349 36719833 264704
27.6351 36721281 264704
27.6352 36722729 264704
27.6354 36724177 264704
27.6355 36725625 264704
27.6357 36727073 264704
27.6358 36728521 264704
27.636 36729969 264704
27.6361 36731417 264704
27.6363 36732865 264704
27.6364 36734313 264704
27.6366 36735761 264704
27.6367 36737209 264704
27.6369 36738657 264704
27.637 36740105 264704
27.6372 36741553 264704
27.6373 36743001 264704
27.6375 36744449 264704
27.6376 36745897 264704
27.6378 36747345 264704
27.6379 36748793 264704
27.6381 36750241 264704
27.6382 36751689 264704
27.6384 36753137 264704
27.6385 36754585 264704
27.6387 36756033 264704
27.6388 36757481 264704
27.639 36758929 264704
27.6391 36760377 264704
27.6393 36761825 264704
27.6394 36763273 264704
27.6396 36764721 264704
27.6397 36766169 264704
27.6399 36767617 264704
27.64 36769065 264704
27.6402 36770513 264704
27.6403 36771961 264704
27.6405 36773409 264704
27.6406 36774857 264704
27.6408 36776305 264704
27.6409 36777753 264704
27.6411 36779201 264704
27.6412 36780649 264704
27.6414 36782097 264704
27.6415 36783545 264704
27.6417 36784993 264704
27.6418 36786441 264704
27.642 36787889 264704
27.6421 36789337 264704
27.6423 36790785 264704
27.6424 36792233 264704
27.6426 36793681 264704
27.6427 36795129 264704
27.6429 36796577 264704
27.643 36798025 264704
27.6432 36799473 264704
27.6433 36800921 264704
27.6435 36802369 264704
27.6436 36803817 264704
27.6438 36805265 264704
27.6439 36806713 264704
27.6441 36808161 264704
27.6442 36809609 264704
27.6444 36811057 264704
27.6445 36812505 264704
27.6447 36813953 264704
27.6448 36815401 264704
27.645 36816849 264704
27.6451 36818297 264704
27.6453 36819745 264704
27.6454 36821193 264704
27.6456 36822641 264704
27.6457 36824089 264704
27.6459 36825537 264704
27.646 36826985 264704
27.6462 36828433 264704
27.6463 36829881 264704
27.6465 36831329 264704
27.6466 36832777 264704
27.6468 36834225 264704
27.6469 36835673 264704
27.6471 36837121 264704
27.6472 36838569 264704
27.6474 36840017 264704
27.6475 36841465 264704
27.6477 36842913 264704
27.6478 36844361 264704
27.648 36845809 264704
27.6481 36847257 264704
27.6483 36848705 264704
27.6484 36850153 264704
27.6486 36851601 264704
27.6487 36853049 264704
27.6489 36854497 264704
27.649 36855945 264704
27.6492 36857393 264704
27.6493 36858841 264704
27.6495 36860289 264704
27.6496 36861737 264704
27.6498 36863185 264704
27.6499 36864633 264704
27.6501 36866081 264704
27.6502 36867529 264704
27.6504 36868977 264704
27.6505 36870425 264704
27.6507 36871873 264704
27.6508 36873321 264704
27.651 36874769 264704
27.6511 36876217 264704
27.6513 36877665 264704
27.6514 36879113 264704
27.6516 36880561 264704
27.6517 36882009 264704
27.6519 36883457 264704
27.652 36884905 264704
27.6522 36886353 264704
27.6523 36887801 264704
27.6525 36889249 264704
27.6526 36890697 264704
27.6528 36892145 264704
27.6529 36893593 264704
27.6531 36895041 264704
27.6532 36896489 264704
27.6534 36897937 264704
27.6758 36899385 264704
27.6761 36900833 264704
27.6764 36902281 264704
27.6765 36903729 264704
27.6768 36905177 264704
27.6771 36906625 264704
27.6773 36908073 264704
27.6776 36909521 264704
27.6779 36910969 264704
27.6782 36912417 264704
27.6785 36913865 264704
27.6788 36915313 264704
27.6791 36916761 264704
27.6794 36918209 264704
27.6804 36919657 264704
27.6807 36921105 264704
27.681 36922553 264704
27.6813 36924001 264704
27.6816 36925449 264704
27.6819 36926897 264704
27.6822 36928345 264704
27.6825 36929793 264704
27.6828 36931241 264704
27.6831 36932689 264704
27.6834 36934137 264704
27.6837 36935585 264704
27.684 36937033 264704
27.6843 36938481 264704
27.6845 36939929 264704
27.6846 36941377 264704
27.6849 36942825 264704
27.6852 36944273 264704
27.6861 36945721 264704
27.6864 36947169 264704
27.6875 36948617 264704
27.6878 36950065 264704
27.6885 36951513 264704
27.6888 36952961 264704
27.6894 36954409 264704
27.6897 36955857 264704
27.6903 36957305 264704
27.6906 36958753 264704
27.6909 36960201 264704
27.6912 36961649 264704
27.6915 36963097 264704
27.6918 36964545 264704
27.6921 36965993 264704
27.6924 36967441 264704
27.6927 36968889 264704
27.693 36970337 264704
27.6932 36971785 264704
27.6933 36973233 264704
27.6935 36974681 264704
27.6936 36976129 264704
27.6938 36977577 264704
27.6939 36979025 264704
27.6941 36980473 264704
27.6942 36981921 264704
27.6944 36983369 264704
27.6945 36984817 264704
27.6947 36986265 264704
27.6948 36987713 264704
27.695 36989161 264704
27.6951 36990609 264704
27.6953 36992057 264704
27.6954 36993505 264704
27.6956 36994953 264704
27.6957 36996401 264704
27.6959 36997849 264704
27.696 36999297 264704
27.6962 37000745 264704
27.6963 37002193 264704
27.6965 37003641 264704
27.6966 37005089 264704
27.6968 37006537 264704
27.6969 37007985 264704
27.6971 37009433 264704
27.6972 37010881 264704
27.6974 37012329 264704
27.6975 37013777 264704
27.6977 37015225 264704
27.6978 37016673 264704
27.698 37018121 264704
27.6981 37019569 264704
27.6983 37021017 264704
27.6984 37022465 264704
27.6986 37023913 264704
27.6987 37025361 264704
27.6989 37026809 264704
27.699 37028257 264704
27.6992 37029705 264704
27.6993 37031153 264704
27.6995 37032601 264704
27.6996 37034049 264704
27.6998 37035497 264704
27.7 37036945 264704
27.7001 37038393 264704
27.7003 37039841 264704
27.7004 37041289 264704
27.7006 37042737 264704
27.7007 37044185 264704
27.7009 37045633 264704
27.701 37047081 264704
27.7012 37048529 264704
27.7013 37049977 264704
27.7015 37051425 264704
27.7016 37052873 264704
27.7018 37054321 264704
27.7019 37055769 264704
27.7021 37057217 264704
27.7022 37058665 264704
27.7024 37060113 264704
27.7025 37061561 264704
27.7027 37063009 264704
27.7028 37064457 264704
27.703 37065905 264704
27.7031 37067353 264704
27.7033 37068801 264704
27.7034 37070249 264704
27.7036 37071697 264704
27.7037 37073145 264704
27.7039 37074593 264704
27.704 37076041 264704
27.7042 37077489 264704
27.7043 37078937 264704
27.7045 37080385 264704
27.7046 37081833 264704
27.7048 37083281 264704
27.7049 37084729 264704
27.7051 37086177 264704
27.7052 37087625 264704
27.7054 37089073 264704
27.7055 37090521 264704
27.7057 37091969 264704
27.7058 37093417 264704
27.706 37094865 264704
27.7061 37096313 264704
27.7063 37097761 264704
27.7064 37099209 264704
27.7066 37100657 264704
27.7067 37102105 264704
27.7069 37103553 264704
27.707 37105001 264704
27.7072 37106449 264704
27.7073 37107897 264704
27.7075 37109345 264704
27.7076 37110793 264704
27.7078 37112241 264704
27.7079 37113689 264704
27.7081 37115137 264704
27.7082 37116585 264704
27.7084 37118033 264704
27.7085 37119481 264704
27.7087 37120929 264704
27.7088 37122377 264704
27.709 37123825 264704
27.7091 37125273 264704
27.7093 37126721 264704
27.7094 37128169 264704
27.7096 37129617 264704
27.7097 37131065 264704
27.7099 37132513 264704
27.71 37133961 264704
27.7102 37135409 264704
27.7103 37136857 264704
27.7105 37138305 264704
27.7106 37139753 264704
27.7108 37141201 264704
27.7109 37142649 264704
27.7111 37144097 264704
27.7112 37145545 264704
27.7114 37146993 264704
27.7115 37148441 264704
27.7117 37149889 264704
27.7118 37151337 264704
27.712 37152785 264704
27.7121 37154233 264704
27.7123 37155681 264704
27.7124 37157129 264704
27.7126 37158577 264704
27.7127 37160025 264704
27.7129 37161473 264704
27.7351 37162921 266240
27.7354 37164369 266240
27.7355 37165817 266240
27.7358 37167265 266240
27.7361 37168713 266240
27.7363 37170161 266240
27.7366 37171609 266240
27.7369 37173057 266240
27.737 37174505 266240
27.7373 37175953 266240
27.7377 37177401 266240
27.738 37178849 266240
27.7383 37180297 266240
27.7386 37181745 266240
27.7389 37183193 266240
27.7399 37184641 266240
27.7402 37186089 266240
27.7405 37187537 266240
27.7408 37188985 266240
27.7411 37190433 266240
27.7414 37191881 266240
27.7417 37193329 266240
27.742 37194777 266240
27.7423 37196225 266240
27.7426 37197673 266240
27.7429 37199121 266240
27.7432 37200569 266240
27.7435 37202017 266240
27.7438 37203465 266240
27.7441 37204913 266240
27.7443 37206361 266240
27.7444 37207809 266240
27.7447 37209257 266240
27.7456 37210705 266240
27.7459 37212153 266240
27.7473 37213601 266240
27.7476 37215049 266240
27.7486 37216497 266240
27.7489 37217945 266240
27.7498 37219393 266240
27.7501 37220841 266240
27.751 37222289 266240
27.7513 37223737 266240
27.7519 37225185 266240
27.7522 37226633 266240
27.7528 37228081 266240
27.7531 37229529 266240
27.7537 37230977 266240
27.754 37232425 266240
27.7546 37233873 266240
27.7549 37235321 266240
27.7554 37236769 266240
27.7557 37238217 266240
27.756 37239665 266240
27.7563 37241113 266240
27.7566 37242561 266240
27.7569 37244009 266240
27.7572 37245457 266240
27.7575 37246905 266240
27.7578 37248353 266240
27.7581 37249801 266240
27.7584 37251249 266240
27.7587 37252697 266240
27.759 37254145 266240
27.7593 37255593 266240
27.7596 37257041 266240
27.7599 37258489 266240
27.76 37259937 266240
27.7602 37261385 266240
27.7603 37262833 266240
27.7605 37264281 266240
27.7606 37265729 266240
27.7608 37267177 266240
27.7609 37268625 266240
27.7611 37270073 266240
27.7612 37271521 266240
27.7614 37272969 266240
27.7615 37274417 266240
27.7617 37275865 266240
27.7618 37277313 266240
27.762 37278761 266240
27.7621 37280209 266240
27.7623 37281657 266240
27.7624 37283105 266240
27.7626 37284553 266240
27.7627 37286001 266240
27.7629 37287449 266240
27.763 37288897 266240
27.7632 37290345 266240
27.7633 37291793 266240
27.7635 37293241 266240
27.7636 37294689 266240
27.7638 37296137 266240
27.7639 37297585 266240
27.7641 37299033 266240
27.7642 37300481 266240
27.7644 37301929 266240
27.7645 37303377 266240
27.7647 37304825 266240
27.7648 37306273 266240
27.765 37307721 266240
27.7651 37309169 266240
27.7653 37310617 266240
27.7654 37312065 266240
27.7656 37313513 266240
27.7657 37314961 266240
27.7659 37316409 266240
27.766 37317857 266240
27.7662 37319305 266240
27.7663 37320753 266240
27.7665 37322201 266240
27.7666 37323649 266240
27.7668 37325097 266240
27.7669 37326545 266240
27.7671 37327993 266240
27.7672 37329441 266240
27.7674 37330889 266240
27.7675 37332337 266240
27.7677 37333785 266240
27.7678 37335233 266240
27.768 37336681 266240
27.7681 37338129 266240
27.7683 37339577 266240
27.7684 37341025 266240
27.7686 37342473 266240
27.7687 37343921 266240
27.7689 37345369 266240
27.769 37346817 266240
27.7692 37348265 266240
27.7693 37349713 266240
27.7695 37351161 266240
27.7696 37352609 266240
27.7698 37354057 266240
27.7699 37355505 266240
27.7701 37356953 266240
27.7702 37358401 266240
27.7704 37359849 266240
27.7705 37361297 266240
27.7707 37362745 266240
27.7708 37364193 266240
27.771 37365641 266240
27.7711 37367089 266240
27.7713 37368537 266240
27.7714 37369985 266240
27.7716 37371433 266240
27.7717 37372881 266240
27.7719 37374329 266240
27.772 37375777 266240
27.7722 37377225 266240
27.7723 37378673 266240
27.7725 37380121 266240
27.7726 37381569 266240
27.7728 37383017 266240
27.7729 37384465 266240
27.7731 37385913 266240
27.7732 37387361 266240
27.7734 37388809 266240
27.7735 37390257 266240
27.7737 37391705 266240
27.7738 37393153 266240
27.774 37394601 266240
27.7741 37396049 266240
27.7743 37397497 266240
27.7744 37398945 266240
27.7746 37400393 266240
27.7747 37401841 266240
27.7749 37403289 266240
27.7751 37404737 266240
27.7752 37406185 266240
27.7754 37407633 266240
27.7755 37409081 266240
27.7757 37410529 266240
27.7758 37411977 266240
27.776 37413425 266240
27.7761 37414873 266240
27.7763 37416321 266240
27.7764 37417769 266240
27.7766 37419217 266240
27.7767 37420665 266240
27.7769 37422113 266240
27.777 37423561 266240
27.7772 37425009 266240
27.7773 37426457 266240
27.7994 37427905 266240
27.7997 37429353 266240
27.8 37430801 266240
27.8001 37432249 266240
27.8004 37433697 266240
27.8007 37435145 266240
27.8009 37436593 266240
27.8012 37438041 266240
27.8015 37439489 266240
27.8016 37440937 266240
27.8019 37442385 266240
27.8022 37443833 266240
27.8025 37445281 266240
27.8028 37446729 266240
27.8031 37448177 266240
27.8034 37449625 266240
27.8045 37451073 266240
27.8048 37452521 266240
27.8051 37453969 266240
27.8054 37455417 266240
27.8057 37456865 266240
27.806 37458313 266240
27.8063 37459761 266240
27.8066 37461209 266240
27.8069 37462657 266240
27.8072 37464105 266240
27.8075 37465553 266240
27.8078 37467001 266240
27.8081 37468449 266240
27.8084 37469897 266240
27.8087 37471345 266240
27.8088 37472793 266240
27.809 37474241 266240
27.8093 37475689 266240
27.8103 37477137 266240
27.8106 37478585 266240
27.8123 37480033 266240
27.8126 37481481 266240
27.814 37482929 266240
27.8143 37484377 266240
27.8155 37485825 266240
27.8158 37487273 266240
27.817 37488721 266240
27.8173 37490169 266240
27.8182 37491617 266240
27.8185 37493065 266240
27.8194 37494513 266240
27.8197 37495961 266240
27.8206 37497409 266240
27.8209 37498857 266240
27.8218 37500305 266240
27.8221 37501753 266240
27.8228 37503201 266240
27.8231 37504649 266240
27.8237 37506097 266240
27.824 37507545 266240
27.8246 37508993 266240
27.8249 37510441 266240
27.8255 37511889 266240
27.8258 37513337 266240
27.8264 37514785 266240
27.8267 37516233 266240
27.8273 37517681 266240
27.8276 37519129 266240
27.8282 37520577 266240
27.8285 37522025 266240
27.8291 37523473 266240
27.8294 37524921 266240
27.8297 37526369 266240
27.83 37527817 266240
27.8303 37529265 266240
27.8306 37530713 266240
27.8309 37532161 266240
27.8312 37533609 266240
27.8315 37535057 266240
27.8318 37536505 266240
27.8321 37537953 266240
27.8324 37539401 266240
27.8327 37540849 266240
27.833 37542297 266240
27.8333 37543745 266240
27.8336 37545193 266240
27.8339 37546641 266240
27.8342 37548089 266240
27.8345 37549537 266240
27.8348 37550985 266240
27.8351 37552433 266240
27.8354 37553881 266240
27.8357 37555329 266240
27.836 37556777 266240
27.8363 37558225 266240
27.8366 37559673 266240
27.8369 37561121 266240
27.8372 37562569 266240
27.8375 37564017 266240
27.8378 37565465 266240
27.8381 37566913 266240
27.8384 37568361 266240
27.8387 37569809 266240
27.8389 37571257 266240
27.839 37572705 267776
27.8392 37574153 267776
27.8393 37575601 267776
27.8395 37577049 267776
27.8396 37578497 267776
27.8398 37579945 267776
27.8399 37581393 267776
27.8401 37582841 267776
27.8402 37584289 267776
27.8404 37585737 267776
27.8405 37587185 267776
27.8407 37588633 267776
27.8408 37590081 267776
27.841 37591529 267776
27.8411 37592977 267776
27.8413 37594425 267776
27.8414 37595873 267776
27.8416 37597321 267776
27.8417 37598769 267776
27.8419 37600217 267776
27.842 37601665 267776
27.8422 37603113 267776
27.8423 37604561 267776
27.8425 37606009 267776
27.8426 37607457 267776
27.8428 37608905 267776
27.8429 37610353 267776
27.8431 37611801 267776
27.8432 37613249 267776
27.8434 37614697 267776
27.8435 37616145 267776
27.8437 37617593 267776
27.8438 37619041 267776
27.844 37620489 267776
27.8441 37621937 267776
27.8443 37623385 267776
27.8444 37624833 267776
27.8446 37626281 267776
27.8447 37627729 267776
27.8449 37629177 267776
27.845 37630625 267776
27.8452 37632073 267776
27.8453 37633521 267776
27.8455 37634969 267776
27.8456 37636417 267776
27.8458 37637865 267776
27.8459 37639313 267776
27.8461 37640761 267776
27.8462 37642209 267776
27.8464 37643657 267776
27.8465 37645105 267776
27.8467 37646553 267776
27.8468 37648001 267776
27.847 37649449 267776
27.8471 37650897 267776
27.8473 37652345 267776
27.8474 37653793 267776
27.8476 37655241 267776
27.8477 37656689 267776
27.8479 37658137 267776
27.848 37659585 267776
27.8482 37661033 267776
27.8483 37662481 267776
27.8485 37663929 267776
27.8486 37665377 267776
27.8488 37666825 267776
27.8489 37668273 267776
27.8491 37669721 267776
27.8492 37671169 267776
27.8494 37672617 267776
27.8495 37674065 267776
27.8497 37675513 267776
27.8498 37676961 267776
27.85 37678409 267776
27.8501 37679857 267776
27.8503 37681305 267776
27.8505 37682753 267776
27.8506 37684201 267776
27.8508 37685649 267776
27.8509 37687097 267776
27.8511 37688545 267776
27.8512 37689993 267776
27.8514 37691441 267776
27.8515 37692889 267776
27.8518 37694337 267776
27.8737 37695785 267776
27.874 37697233 267776
27.8743 37698681 267776
27.8745 37700129 267776
27.8748 37701577 267776
27.8751 37703025 267776
27.8752 37704473 267776
27.8755 37705921 267776
27.8758 37707369 267776
27.876 37708817 267776
27.8763 37710265 267776
27.8766 37711713 267776
27.8769 37713161 267776
27.8772 37714609 267776
27.8775 37716057 267776
27.8778 37717505 267776
27.8788 37718953 267776
27.8791 37720401 267776
27.8794 37721849 267776
27.8797 37723297 267776
27.88 37724745 267776
27.8803 37726193 267776
27.8806 37727641 267776
27.8809 37729089 267776
27.8812 37730537 267776
27.8815 37731985 267776
27.8818 37733433 267776
27.8821 37734881 267776
27.8824 37736329 267776
27.8827 37737777 267776
27.883 37739225 267776
27.8832 37740673 267776
27.8833 37742121 267776
27.8836 37743569 267776
27.8848 37745017 267776
27.8851 37746465 267776
27.8871 37747913 267776
27.8874 37749361 267776
27.8891 37750809 267776
27.8894 37752257 267776
27.8909 37753705 267776
27.8912 37755153 267776
27.8927 37756601 267776
27.893 37758049 267776
27.8942 37759497 267776
27.8945 37760945 267776
27.8957 37762393 267776
27.896 37763841 267776
27.8972 37765289 267776
27.8975 37766737 267776
27.8987 37768185 267776
27.899 37769633 267776
27.9 37771081 267776
27.9003 37772529 267776
27.9012 37773977 267776
27.9015 37775425 267776
27.9024 37776873 267776
27.9027 37778321 267776
27.9036 37779769 267776
27.9039 37781217 267776
27.9048 37782665 267776
27.9051 37784113 267776
27.906 37785561 267776
27.9063 37787009 267776
27.9072 37788457 267776
27.9075 37789905 267776
27.9084 37791353 267776
27.9087 37792801 267776
27.9093 37794249 267776
27.9096 37795697 267776
27.9102 37797145 267776
27.9105 37798593 267776
27.9111 37800041 267776
27.9114 37801489 267776
27.912 37802937 267776
27.9123 37804385 267776
27.9129 37805833 267776
27.9132 37807281 267776
27.9138 37808729 267776
27.9141 37810177 267776
27.9147 37811625 267776
27.915 37813073 267776
27.9156 37814521 267776
27.9159 37815969 267776
27.9165 37817417 267776
27.9168 37818865 267776
27.9174 37820313 267776
27.9177 37821761 267776
27.9183 37823209 267776
27.9186 37824657 267776
27.9192 37826105 267776
27.9195 37827553 267776
27.9201 37829001 267776
27.9204 37830449 267776
27.921 37831897 267776
27.9213 37833345 267776
27.9219 37834793 267776
27.9222 37836241 267776
27.9225 37837689 267776
27.9228 37839137 267776
27.923 37840585 267776
27.9231 37842033 267776
27.9233 37843481 267776
27.9234 37844929 267776
27.9236 37846377 267776
27.9237 37847825 267776
27.9239 37849273 267776
27.924 37850721 267776
27.9242 37852169 267776
27.9243 37853617 267776
27.9245 37855065 267776
27.9246 37856513 267776
27.9248 37857961 267776
27.9249 37859409 267776
27.9251 37860857 267776
27.9252 37862305 267776
27.9254 37863753 267776
27.9256 37865201 267776
27.9257 37866649 267776
27.9259 37868097 267776
27.926 37869545 267776
27.9262 37870993 267776
27.9263 37872441 267776
27.9265 37873889 267776
27.9266 37875337 267776
27.9268 37876785 267776
27.9269 37878233 267776
27.9271 37879681 267776
27.9272 37881129 267776
27.9274 37882577 267776
27.9275 37884025 267776
27.9277 37885473 267776
27.9278 37886921 267776
27.928 37888369 267776
27.9281 37889817 267776
27.9283 37891265 267776
27.9284 37892713 267776
27.9286 37894161 267776
27.9287 37895609 267776
27.9289 37897057 267776
27.929 37898505 267776
27.9292 37899953 267776
27.9293 37901401 267776
27.9295 37902849 267776
27.9296 37904297 267776
27.9298 37905745 267776
27.9299 37907193 267776
27.9301 37908641 267776
27.9302 37910089 267776
27.9304 37911537 267776
27.9305 37912985 267776
27.9307 37914433 267776
27.9308 37915881 267776
27.931 37917329 267776
27.9311 37918777 267776
27.9313 37920225 267776
27.9314 37921673 267776
27.9316 37923121 267776
27.9317 37924569 267776
27.9319 37926017 267776
27.932 37927465 267776
27.9322 37928913 267776
27.9323 37930361 267776
27.9325 37931809 267776
27.9326 37933257 267776
27.9328 37934705 267776
27.9329 37936153 267776
27.9331 37937601 267776
27.9332 37939049 267776
27.9334 37940497 267776
27.9335 37941945 267776
27.9337 37943393 267776
27.9338 37944841 267776
27.934 37946289 267776
27.9341 37947737 267776
27.9343 37949185 267776
27.9344 37950633 267776
27.9346 37952081 267776
27.9347 37953529 267776
27.9349 37954977 267776
27.935 37956425 267776
27.9352 37957873 267776
27.9353 37959321 267776
27.9355 37960769 267776
27.9574 37962217 267776
27.9577 37963665 267776
27.958 37965113 267776
27.9583 37966561 267776
27.9584 37968009 267776
27.9587 37969457 267776
27.959 37970905 267776
27.9592 37972353 267776
27.9595 37973801 267776
27.9598 37975249 267776
27.9599 37976697 267776
27.9602 37978145 267776
27.9605 37979593 267776
27.9608 37981041 267776
27.9611 37982489 267776
27.9614 37983937 267776
27.9625 37985385 267776
27.9628 37986833 267776
27.9631 37988281 267776
27.9634 37989729 267776
27.9637 37991177 267776
27.964 37992625 267776
27.9643 37994073 267776
27.9646 37995521 267776
27.9649 37996969 267776
27.9652 37998417 267776
27.9655 37999865 267776
27.9658 38001313 267776
27.9661 38002761 267776
27.9664 38004209 267776
27.9667 38005657 269312
27.967 38007105 269312
27.9672 38008553 269312
27.9673 38010001 269312
27.9675 38011449 269312
27.9687 38012897 269312
27.969 38014345 269312
27.9712 38015793 269312
27.9715 38017241 269312
27.9735 38018689 269312
27.9738 38020137 269312
27.9756 38021585 269312
27.9759 38023033 269312
27.9777 38024481 269312
27.978 38025929 269312
27.9795 38027377 269312
27.9798 38028825 269312
27.9813 38030273 269312
27.9816 38031721 269312
27.9831 38033169 269312
27.9834 38034617 269312
27.9849 38036065 269312
27.9852 38037513 269312
27.9865 38038961 269312
27.9867 38040409 269312
27.9877 38041857 269312
27.9879 38043305 269312
27.9889 38044753 269312
27.9891 38046201 269312
27.9901 38047649 269312
27.9903 38049097 269312
27.9913 38050545 269312
27.9915 38051993 269312
27.9925 38053441 269312
27.9927 38054889 269312
27.9937 38056337 269312
27.9939 38057785 269312
27.9949 38059233 269312
27.9951 38060681 269312
27.9958 38062129 269312
27.996 38063577 269312
27.9967 38065025 269312
27.9969 38066473 269312
27.9976 38067921 269312
27.9978 38069369 269312
27.9985 38070817 269312
27.9987 38072265 269312
27.9994 38073713 269312
27.9996 38075161 269312
28.0004 38076609 269312
28.0005 38078057 269312
28.0013 38079505 269312
28.0014 38080953 269312
28.0022 38082401 269312
28.0023 38083849 269312
28.0031 38085297 269312
28.0032 38086745 269312
28.004 38088193 269312
28.0041 38089641 269312
28.0049 38091089 269312
28.005 38092537 269312
28.0058 38093985 269312
28.0059 38095433 269312
28.0067 38096881 269312
28.0068 38098329 269312
28.0076 38099777 269312
28.0077 38101225 269312
28.0085 38102673 269312
28.0086 38104121 269312
28.0091 38105569 269312
28.0092 38107017 269312
28.0095 38108465 269312
28.0097 38109913 269312
28.0098 38111361 269312
28.01 38112809 269312
28.0101 38114257 269312
28.0103 38115705 269312
28.0104 38117153 269312
28.0106 38118601 269312
28.0107 38120049 269312
28.0109 38121497 269312
28.011 38122945 269312
28.0112 38124393 269312
28.0113 38125841 269312
28.0115 38127289 269312
28.0116 38128737 269312
28.0118 38130185 269312
28.0119 38131633 269312
28.0121 38133081 269312
28.0122 38134529 269312
28.0124 38135977 269312
28.0125 38137425 269312
28.0127 38138873 269312
28.0128 38140321 269312
28.013 38141769 269312
28.0131 38143217 269312
28.0133 38144665 269312
28.0134 38146113 269312
28.0136 38147561 269312
28.0137 38149009 269312
28.0139 38150457 269312
28.014 38151905 269312
28.0142 38153353 269312
28.0143 38154801 269312
28.0145 38156249 269312
28.0146 38157697 269312
28.0148 38159145 269312
28.0149 38160593 269312
28.0151 38162041 269312
28.0152 38163489 269312
28.0154 38164937 269312
28.0155 38166385 269312
28.0157 38167833 269312
28.0158 38169281 269312
28.016 38170729 269312
28.0161 38172177 269312
28.0163 38173625 269312
28.0164 38175073 269312
28.0166 38176521 269312
28.0167 38177969 269312
28.0169 38179417 269312
28.017 38180865 269312
28.0172 38182313 269312
28.0173 38183761 269312
28.0175 38185209 269312
28.0176 38186657 269312
28.0178 38188105 269312
28.0179 38189553 269312
28.0181 38191001 269312
28.0182 38192449 269312
28.0184 38193897 269312
28.0185 38195345 269312
28.0187 38196793 269312
28.0188 38198241 269312
28.019 38199689 269312
28.0191 38201137 269312
28.0193 38202585 269312
28.0194 38204033 269312
28.0196 38205481 269312
28.0197 38206929 269312
28.0199 38208377 269312
28.02 38209825 269312
28.0202 38211273 269312
28.0203 38212721 269312
28.0205 38214169 269312
28.0206 38215617 269312
28.0208 38217065 269312
28.0209 38218513 269312
28.0211 38219961 269312
28.0212 38221409 269312
28.0214 38222857 269312
28.0215 38224305 269312
28.0217 38225753 269312
28.0218 38227201 269312
28.022 38228649 269312
28.0438 38230097 269312
28.0441 38231545 269312
28.0444 38232993 269312
28.0447 38234441 269312
28.045 38235889 269312
28.0451 38237337 269312
28.0454 38238785 269312
28.0457 38240233 269312
28.0459 38241681 269312
28.0462 38243129 269312
28.0465 38244577 269312
28.0466 38246025 269312
28.0469 38247473 269312
28.0472 38248921 269312
28.0475 38250369 269312
28.0478 38251817 269312
28.0489 38253265 269312
28.0492 38254713 269312
28.0495 38256161 269312
28.0498 38257609 269312
28.0501 38259057 269312
28.0504 38260505 269312
28.0507 38261953 269312
28.051 38263401 269312
28.0513 38264849 269312
28.0516 38266297 269312
28.0519 38267745 269312
28.0522 38269193 269312
28.0525 38270641 269312
28.0528 38272089 269312
28.0531 38273537 269312
28.0534 38274985 269312
28.0537 38276433 269312
28.0538 38277881 269312
28.054 38279329 269312
28.0541 38280777 269312
28.0555 38282225 269312
28.0556 38283673 269312
28.058 38285121 269312
28.0582 38286569 269312
28.0603 38288017 269312
28.0604 38289465 269312
28.0624 38290913 269312
28.0625 38292361 269312
28.0645 38293809 269312
28.0646 38295257 269312
28.0663 38296705 269312
28.0664 38298153 269312
28.0681 38299601 269312
28.0682 38301049 269312
28.0699 38302497 269312
28.07 38303945 269312
28.0717 38305393 269312
28.0718 38306841 269312
28.0732 38308289 269312
28.0733 38309737 269312
28.0744 38311185 269312
28.0745 38312633 269312
28.0756 38314081 269312
28.0758 38315529 269312
28.0768 38316977 269312
28.077 38318425 269312
28.078 38319873 269312
28.0782 38321321 269312
28.0792 38322769 269312
28.0794 38324217 269312
28.0795 38325665 269312
28.0797 38327113 269312
28.0798 38328561 269312
28.08 38330009 269312
28.0801 38331457 269312
28.0803 38332905 269312
28.0804 38334353 269312
28.0806 38335801 269312
28.0807 38337249 269312
28.0809 38338697 269312
28.081 38340145 269312
28.0812 38341593 269312
28.0813 38343041 269312
28.0815 38344489 269312
28.0816 38345937 269312
28.0818 38347385 269312
28.0819 38348833 269312
28.0821 38350281 269312
28.0822 38351729 269312
28.0824 38353177 269312
28.0825 38354625 269312
28.0827 38356073 269312
28.0834 38357521 269312
28.0836 38358969 269312
28.0843 38360417 269312
28.0845 38361865 269312
28.0852 38363313 269312
28.0854 38364761 269312
28.0861 38366209 269312
28.0863 38367657 269312
28.087 38369105 269312
28.0872 38370553 269312
28.0879 38372001 269312
28.0881 38373449 269312
28.0885 38374897 269312
28.0887 38376345 269312
28.089 38377793 269312
28.0891 38379241 269312
28.0893 38380689 269312
28.0894 38382137 269312
28.0896 38383585 269312
28.0897 38385033 269312
28.0899 38386481 269312
28.09 38387929 269312
28.0902 38389377 269312
28.0903 38390825 269312
28.0905 38392273 269312
28.0906 38393721 269312
28.0908 38395169 269312
28.0909 38396617 269312
28.0911 38398065 269312
28.0912 38399513 269312
28.0914 38400961 269312
28.0915 38402409 269312
28.0917 38403857 269312
28.0918 38405305 269312
28.092 38406753 269312
28.0921 38408201 269312
28.0923 38409649 269312
28.0924 38411097 269312
28.0926 38412545 270336
28.0927 38413993 270336
28.0929 38415441 270336
28.093 38416889 270336
28.0932 38418337 270336
28.0933 38419785 270336
28.0935 38421233 270336
28.0936 38422681 270336
28.0938 38424129 270336
28.0939 38425577 270336
28.0941 38427025 270336
28.0942 38428473 270336
28.0944 38429921 270336
28.0945 38431369 270336
28.0947 38432817 270336
28.0948 38434265 270336
28.095 38435713 270336
28.0951 38437161 270336
28.0953 38438609 270336
28.0954 38440057 270336
28.0956 38441505 270336
28.0957 38442953 270336
28.0959 38444401 270336
28.096 38445849 270336
28.0962 38447297 270336
28.0963 38448745 270336
28.0965 38450193 270336
28.0966 38451641 270336
28.0968 38453089 270336
28.0969 38454537 270336
28.0971 38455985 270336
28.0972 38457433 270336
28.0974 38458881 270336
28.0975 38460329 270336
28.0977 38461777 270336
28.0978 38463225 270336
28.098 38464673 270336
28.0981 38466121 270336
28.0983 38467569 270336
28.0984 38469017 270336
28.0986 38470465 270336
28.0987 38471913 270336
28.0989 38473361 270336
28.099 38474809 270336
28.0992 38476257 270336
28.0993 38477705 270336
28.0995 38479153 270336
28.0996 38480601 270336
28.0998 38482049 270336
28.0999 38483497 270336
28.1001 38484945 270336
28.1002 38486393 270336
28.1004 38487841 270336
28.1005 38489289 270336
28.1007 38490737 270336
28.1008 38492185 270336
28.101 38493633 270336
28.1011 38495081 270336
28.1013 38496529 270336
28.1014 38497977 270336
28.1017 38499425 270336
28.1234 38500873 270336
28.1237 38502321 270336
28.124 38503769 270336
28.1243 38505217 270336
28.1246 38506665 270336
28.1247 38508113 270336
28.125 38509561 270336
28.1253 38511009 270336
28.1255 38512457 270336
28.1258 38513905 270336
28.1261 38515353 270336
28.1262 38516801 270336
28.1265 38518249 270336
28.1268 38519697 270336
28.1271 38521145 270336
28.1274 38522593 270336
28.1285 38524041 270336
28.1288 38525489 270336
28.1291 38526937 270336
28.1294 38528385 270336
28.1297 38529833 270336
28.13 38531281 270336
28.1303 38532729 270336
28.1306 38534177 270336
28.1309 38535625 270336
28.1312 38537073 270336
28.1315 38538521 270336
28.1318 38539969 270336
28.1321 38541417 270336
28.1324 38542865 270336
28.1327 38544313 270336
28.133 38545761 270336
28.1333 38547209 270336
28.1334 38548657 270336
28.1336 38550105 270336
28.1337 38551553 270336
28.1351 38553001 270336
28.1352 38554449 270336
28.1376 38555897 270336
28.1378 38557345 270336
28.1399 38558793 270336
28.14 38560241 270336
28.142 38561689 270336
28.1421 38563137 270336
28.1441 38564585 270336
28.1442 38566033 270336
28.1459 38567481 270336
28.146 38568929 270336
28.1477 38570377 270336
28.1478 38571825 270336
28.1495 38573273 270336
28.1496 38574721 270336
28.1513 38576169 270336
28.1515 38577617 270336
28.1528 38579065 270336
28.153 38580513 270336
28.154 38581961 270336
28.1542 38583409 270336
28.1552 38584857 270336
28.1554 38586305 270336
28.1564 38587753 270336
28.1566 38589201 270336
28.1576 38590649 270336
28.1578 38592097 270336
28.159 38593545 270336
28.1593 38594993 270336
28.1596 38596441 270336
28.1599 38597889 270336
28.1602 38599337 270336
28.1605 38600785 270336
28.1608 38602233 270336
28.1611 38603681 270336
28.1614 38605129 270336
28.1617 38606577 270336
28.162 38608025 270336
28.1623 38609473 270336
28.1626 38610921 270336
28.1629 38612369 270336
28.1632 38613817 270336
28.1635 38615265 270336
28.1638 38616713 270336
28.1641 38618161 270336
28.1644 38619609 270336
28.1647 38621057 270336
28.165 38622505 270336
28.1653 38623953 270336
28.1656 38625401 270336
28.1659 38626849 270336
28.1668 38628297 270336
28.1671 38629745 270336
28.168 38631193 270336
28.1683 38632641 270336
28.1692 38634089 270336
28.1695 38635537 270336
28.1704 38636985 270336
28.1707 38638433 270336
28.1716 38639881 270336
28.1719 38641329 270336
28.1728 38642777 270336
28.1731 38644225 270336
28.1737 38645673 270336
28.174 38647121 270336
28.1744 38648569 270336
28.1747 38650017 270336
28.175 38651465 270336
28.1753 38652913 270336
28.1756 38654361 270336
28.1759 38655809 270336
28.1762 38657257 270336
28.1765 38658705 270336
28.1768 38660153 270336
28.177 38661601 270336
28.1771 38663049 270336
28.1773 38664497 270336
28.1774 38665945 270336
28.1776 38667393 270336
28.1777 38668841 270336
28.1779 38670289 270336
28.178 38671737 270336
28.1782 38673185 270336
28.1783 38674633 270336
28.1785 38676081 270336
28.1786 38677529 270336
28.1788 38678977 270336
28.1789 38680425 270336
28.1791 38681873 270336
28.1792 38683321 270336
28.1794 38684769 270336
28.1795 38686217 270336
28.1797 38687665 270336
28.1798 38689113 270336
28.18 38690561 270336
28.1801 38692009 270336
28.1803 38693457 270336
28.1804 38694905 270336
28.1806 38696353 270336
28.1807 38697801 270336
28.1809 38699249 270336
28.181 38700697 270336
28.1812 38702145 270336
28.1813 38703593 270336
28.1815 38705041 270336
28.1816 38706489 270336
28.1818 38707937 270336
28.1819 38709385 270336
28.1821 38710833 270336
28.1822 38712281 270336
28.1824 38713729 270336
28.1825 38715177 270336
28.1827 38716625 270336
28.1828 38718073 270336
28.183 38719521 270336
28.1831 38720969 270336
28.1833 38722417 270336
28.1834 38723865 270336
28.1836 38725313 270336
28.1837 38726761 270336
28.1839 38728209 270336
28.184 38729657 270336
28.1842 38731105 270336
28.1843 38732553 270336
28.1845 38734001 270336
28.1846 38735449 270336
28.1848 38736897 270336
28.1849 38738345 270336
28.1851 38739793 270336
28.1852 38741241 270336
28.1854 38742689 270336
28.1855 38744137 270336
28.1857 38745585 270336
28.1858 38747033 270336
28.186 38748481 270336
28.1861 38749929 270336
28.1863 38751377 270336
28.1864 38752825 270336
28.1866 38754273 270336
28.1867 38755721 270336
28.1869 38757169 270336
28.187 38758617 270336
28.1872 38760065 270336
28.1873 38761513 270336
28.1875 38762961 270336
28.1876 38764409 270336
28.1878 38765857 270336
28.1879 38767305 270336
28.1881 38768753 270336
28.2097 38770201 270336
28.21 38771649 270336
28.2103 38773097 270336
28.2106 38774545 270336
28.2109 38775993 270336
28.2112 38777441 270336
28.2114 38778889 270336
28.2117 38780337 270336
28.212 38781785 270336
28.2121 38783233 270336
28.2124 38784681 270336
28.2127 38786129 270336
28.2129 38787577 270336
28.2132 38789025 270336
28.2135 38790473 270336
28.2138 38791921 270336
28.2148 38793369 270336
28.2151 38794817 270336
28.2154 38796265 270336
28.2157 38797713 270336
28.216 38799161 270336
28.2163 38800609 270336
28.2166 38802057 270336
28.2169 38803505 270336
28.2172 38804953 270336
28.2175 38806401 270336
28.2178 38807849 270336
28.2181 38809297 270336
28.2184 38810745 270336
28.2187 38812193 270336
28.219 38813641 270336
28.2193 38815089 270336
28.2196 38816537 270336
28.2199 38817985 270336
28.2201 38819433 270336
28.2202 38820881 270336
28.221 38822329 270336
28.2211 38823777 270336
28.2213 38825225 270336
28.2214 38826673 270336
28.2216 38828121 270336
28.2217 38829569 270336
28.2219 38831017 270336
28.222 38832465 270336
28.2222 38833913 270336
28.2223 38835361 270336
28.2235 38836809 270336
28.2237 38838257 270336
28.225 38839705 270336
28.2252 38841153 270336
28.2266 38842601 270336
28.2267 38844049 270336
28.2281 38845497 270336
28.2282 38846945 270336
28.2293 38848393 270336
28.2294 38849841 270336
28.2302 38851289 270336
28.2303 38852737 270336
28.2311 38854185 270336
28.2312 38855633 270336
28.232 38857081 270336
28.2321 38858529 270336
28.2329 38859977 270336
28.233 38861425 270336
28.2342 38862873 271872
28.2344 38864321 271872
28.2347 38865769 271872
28.235 38867217 271872
28.2351 38868665 271872
28.2356 38870113 271872
28.2357 38871561 271872
28.2362 38873009 271872
28.2363 38874457 271872
28.2368 38875905 271872
28.2369 38877353 271872
28.2374 38878801 271872
28.2375 38880249 271872
28.238 38881697 271872
28.2381 38883145 271872
28.2386 38884593 271872
28.2387 38886041 271872
28.2392 38887489 271872
28.2393 38888937 271872
28.2398 38890385 271872
28.2399 38891833 271872
28.2404 38893281 271872
28.2405 38894729 271872
28.241 38896177 271872
28.2411 38897625 271872
28.2422 38899073 271872
28.2423 38900521 271872
28.2434 38901969 271872
28.2435 38903417 271872
28.2446 38904865 271872
28.2447 38906313 271872
28.2458 38907761 271872
28.2459 38909209 271872
28.247 38910657 271872
28.2471 38912105 271872
28.2482 38913553 271872
28.2483 38915001 271872
28.2491 38916449 271872
28.2492 38917897 271872
28.2498 38919345 271872
28.25 38920793 271872
28.2504 38922241 271872
28.2506 38923689 271872
28.251 38925137 271872
28.2512 38926585 271872
28.2515 38928033 271872
28.2516 38929481 271872
28.2519 38930929 271872
28.2521 38932377 271872
28.2522 38933825 271872
28.2524 38935273 271872
28.2525 38936721 271872
28.2527 38938169 271872
28.2528 38939617 271872
28.253 38941065 271872
28.2531 38942513 271872
28.2533 38943961 271872
28.2534 38945409 271872
28.2536 38946857 271872
28.2537 38948305 271872
28.2539 38949753 271872
28.254 38951201 271872
28.2542 38952649 271872
28.2543 38954097 271872
28.2545 38955545 271872
28.2546 38956993 271872
28.2548 38958441 271872
28.2549 38959889 271872
28.2551 38961337 271872
28.2552 38962785 271872
28.2554 38964233 271872
28.2555 38965681 271872
28.2557 38967129 271872
28.2558 38968577 271872
28.256 38970025 271872
28.2561 38971473 271872
28.2563 38972921 271872
28.2564 38974369 271872
28.2566 38975817 271872
28.2567 38977265 271872
28.2569 38978713 271872
28.257 38980161 271872
28.2572 38981609 271872
28.2573 38983057 271872
28.2575 38984505 271872
28.2576 38985953 271872
28.2578 38987401 271872
28.2579 38988849 271872
28.2581 38990297 271872
28.2582 38991745 271872
28.2584 38993193 271872
28.2585 38994641 271872
28.2587 38996089 271872
28.2588 38997537 271872
28.259 38998985 271872
28.2591 39000433 271872
28.2593 39001881 271872
28.2594 39003329 271872
28.2596 39004777 271872
28.2597 39006225 271872
28.2599 39007673 271872
28.26 39009121 271872
28.2602 39010569 271872
28.2603 39012017 271872
28.2605 39013465 271872
28.2606 39014913 271872
28.2608 39016361 271872
28.2609 39017809 271872
28.2611 39019257 271872
28.2612 39020705 271872
28.2614 39022153 271872
28.2615 39023601 271872
28.2617 39025049 271872
28.2618 39026497 271872
28.262 39027945 271872
28.2621 39029393 271872
28.2623 39030841 271872
28.2624 39032289 271872
28.2626 39033737 271872
28.2627 39035185 271872
28.2629 39036633 271872
28.263 39038081 271872
28.2632 39039529 271872
28.2847 39040977 271872
28.285 39042425 271872
28.2854 39043873 271872
28.2857 39045321 271872
28.286 39046769 271872
28.2863 39048217 271872
28.2866 39049665 271872
28.2868 39051113 271872
28.2871 39052561 271872
28.2874 39054009 271872
28.2875 39055457 271872
28.2878 39056905 271872
28.2881 39058353 271872
28.2883 39059801 271872
28.2886 39061249 271872
28.2889 39062697 271872
28.2899 39064145 271872
28.2902 39065593 271872
28.2905 39067041 271872
28.2908 39068489 271872
28.2911 39069937 271872
28.2914 39071385 271872
28.2917 39072833 271872
28.292 39074281 271872
28.2923 39075729 271872
28.2926 39077177 271872
28.2929 39078625 271872
28.2932 39080073 271872
28.2935 39081521 271872
28.2938 39082969 271872
28.2941 39084417 271872
28.2944 39085865 271872
28.2947 39087313 271872
28.295 39088761 271872
28.2953 39090209 271872
28.2955 39091657 271872
28.2961 39093105 271872
28.2964 39094553 271872
28.2965 39096001 271872
28.2967 39097449 271872
28.2968 39098897 271872
28.297 39100345 271872
28.2971 39101793 271872
28.2973 39103241 271872
28.2974 39104689 271872
28.2976 39106137 271872
28.2988 39107585 271872
28.2989 39109033 271872
28.3003 39110481 271872
28.3004 39111929 271872
28.3018 39113377 271872
28.302 39114825 271872
28.3033 39116273 271872
28.3035 39117721 271872
28.3045 39119169 271872
28.3047 39120617 271872
28.3054 39122065 271872
28.3056 39123513 271872
28.3063 39124961 271872
28.3065 39126409 271872
28.3072 39127857 271872
28.3074 39129305 271872
28.3081 39130753 271872
28.3083 39132201 271872
28.3095 39133649 271872
28.3096 39135097 271872
28.3099 39136545 271872
28.3101 39137993 271872
28.3104 39139441 271872
28.3105 39140889 271872
28.311 39142337 271872
28.3111 39143785 271872
28.3116 39145233 271872
28.3117 39146681 271872
28.3122 39148129 271872
28.3123 39149577 271872
28.3128 39151025 271872
28.3129 39152473 271872
28.3134 39153921 271872
28.3135 39155369 271872
28.314 39156817 271872
28.3141 39158265 271872
28.3146 39159713 271872
28.3147 39161161 271872
28.3152 39162609 271872
28.3153 39164057 271872
28.3158 39165505 271872
28.3159 39166953 271872
28.3164 39168401 271872
28.3165 39169849 271872
28.3176 39171297 271872
28.3177 39172745 271872
28.3188 39174193 271872
28.3189 39175641 271872
28.32 39177089 271872
28.3201 39178537 271872
28.3212 39179985 271872
28.3213 39181433 271872
28.3224 39182881 271872
28.3225 39184329 271872
28.3236 39185777 271872
28.3237 39187225 271872
28.3245 39188673 271872
28.3246 39190121 271872
28.3252 39191569 271872
28.3254 39193017 271872
28.3258 39194465 271872
28.326 39195913 271872
28.3264 39197361 271872
28.3266 39198809 271872
28.3269 39200257 271872
28.327 39201705 271872
28.3273 39203153 271872
28.3275 39204601 271872
28.3276 39206049 271872
28.3278 39207497 271872
28.3279 39208945 271872
28.3281 39210393 271872
28.3282 39211841 271872
28.3284 39213289 271872
28.3285 39214737 271872
28.3287 39216185 271872
28.3288 39217633 271872
28.329 39219081 271872
28.3291 39220529 271872
28.3293 39221977 271872
28.3294 39223425 271872
28.3296 39224873 271872
28.3297 39226321 271872
28.3299 39227769 271872
28.33 39229217 271872
28.3302 39230665 271872
28.3303 39232113 271872
28.3305 39233561 271872
28.3306 39235009 271872
28.3308 39236457 271872
28.3309 39237905 271872
28.3311 39239353 271872
28.3312 39240801 271872
28.3314 39242249 271872
28.3315 39243697 271872
28.3317 39245145 271872
28.3318 39246593 271872
28.332 39248041 271872
28.3321 39249489 271872
28.3323 39250937 271872
28.3324 39252385 271872
28.3326 39253833 271872
28.3327 39255281 271872
28.3329 39256729 271872
28.333 39258177 271872
28.3332 39259625 271872
28.3333 39261073 271872
28.3335 39262521 271872
28.3336 39263969 271872
28.3338 39265417 271872
28.3339 39266865 271872
28.3341 39268313 271872
28.3342 39269761 271872
28.3344 39271209 271872
28.3345 39272657 271872
28.3347 39274105 271872
28.3348 39275553 271872
28.335 39277001 271872
28.3351 39278449 271872
28.3353 39279897 271872
28.3354 39281345 271872
28.3356 39282793 271872
28.3357 39284241 271872
28.3359 39285689 271872
28.336 39287137 271872
28.3362 39288585 271872
28.3363 39290033 271872
28.3365 39291481 271872
28.3366 39292929 271872
28.3368 39294377 271872
28.3369 39295825 271872
28.3371 39297273 271872
28.3372 39298721 271872
28.3374 39300169 271872
28.3375 39301617 271872
28.3377 39303065 271872
28.3378 39304513 271872
28.338 39305961 271872
28.3381 39307409 271872
28.3383 39308857 271872
28.3385 39310305 271872
28.3386 39311753 271872
28.3601 39313201 271872
28.3604 39314649 271872
28.3608 39316097 271872
28.3611 39317545 271872
28.3614 39318993 271872
28.3617 39320441 271872
28.3619 39321889 271872
28.3622 39323337 271872
28.3625 39324785 271872
28.3626 39326233 271872
28.3629 39327681 271872
28.3632 39329129 271872
28.3634 39330577 271872
28.3637 39332025 271872
28.364 39333473 271872
28.3643 39334921 271872
28.3653 39336369 271872
28.3656 39337817 271872
28.3659 39339265 271872
28.3662 39340713 271872
28.3665 39342161 271872
28.3668 39343609 271872
28.3671 39345057 271872
28.3674 39346505 271872
28.3677 39347953 271872
28.368 39349401 271872
28.3683 39350849 271872
28.3686 39352297 271872
28.3689 39353745 271872
28.3692 39355193 271872
28.3695 39356641 271872
28.3698 39358089 271872
28.3701 39359537 271872
28.3704 39360985 271872
28.3706 39362433 271872
28.3709 39363881 271872
28.3715 39365329 271872
28.3716 39366777 271872
28.3718 39368225 271872
28.3719 39369673 271872
28.3721 39371121 271872
28.3722 39372569 271872
28.3724 39374017 271872
28.3725 39375465 271872
28.3727 39376913 271872
28.3728 39378361 271872
28.374 39379809 271872
28.3742 39381257 271872
28.3755 39382705 271872
28.3757 39384153 271872
28.3771 39385601 271872
28.3772 39387049 271872
28.3786 39388497 271872
28.3787 39389945 271872
28.3798 39391393 271872
28.3799 39392841 271872
28.3807 39394289 271872
28.3808 39395737 271872
28.3816 39397185 271872
28.3817 39398633 271872
28.3825 39400081 271872
28.3826 39401529 271872
28.3834 39402977 271872
28.3835 39404425 271872
28.3847 39405873 271872
28.3849 39407321 271872
28.3852 39408769 271872
28.3853 39410217 271872
28.3856 39411665 271872
28.3858 39413113 271872
28.3862 39414561 271872
28.3864 39416009 271872
28.3868 39417457 271872
28.387 39418905 271872
28.3874 39420353 271872
28.3876 39421801 271872
28.388 39423249 271872
28.3882 39424697 271872
28.3886 39426145 271872
28.3888 39427593 271872
28.3892 39429041 271872
28.3894 39430489 271872
28.3898 39431937 271872
28.39 39433385 271872
28.3904 39434833 271872
28.3906 39436281 271872
28.391 39437729 271872
28.3912 39439177 271872
28.3916 39440625 271872
28.3918 39442073 271872
28.3928 39443521 271872
28.393 39444969 271872
28.394 39446417 271872
28.3942 39447865 271872
28.3952 39449313 271872
28.3954 39450761 271872
28.3964 39452209 271872
28.3966 39453657 271872
28.3976 39455105 271872
28.3978 39456553 271872
28.3988 39458001 271872
28.399 39459449 271872
28.3997 39460897 271872
28.3999 39462345 271872
28.4005 39463793 273408
28.4006 39465241 273408
28.4009 39466689 273408
28.4012 39468137 273408
28.4014 39469585 273408
28.4018 39471033 273408
28.402 39472481 273408
28.4023 39473929 273408
28.4024 39475377 273408
28.4027 39476825 273408
28.4029 39478273 273408
28.403 39479721 273408
28.4032 39481169 273408
28.4033 39482617 273408
28.4035 39484065 273408
28.4036 39485513 273408
28.4038 39486961 273408
28.4039 39488409 273408
28.4041 39489857 273408
28.4042 39491305 273408
28.4044 39492753 273408
28.4045 39494201 273408
28.4047 39495649 273408
28.4048 39497097 273408
28.405 39498545 273408
28.4051 39499993 273408
28.4053 39501441 273408
28.4054 39502889 273408
28.4056 39504337 273408
28.4057 39505785 273408
28.4059 39507233 273408
28.406 39508681 273408
28.4062 39510129 273408
28.4063 39511577 273408
28.4065 39513025 273408
28.4066 39514473 273408
28.4068 39515921 273408
28.4069 39517369 273408
28.4071 39518817 273408
28.4072 39520265 273408
28.4074 39521713 273408
28.4075 39523161 273408
28.4077 39524609 273408
28.4078 39526057 273408
28.408 39527505 273408
28.4081 39528953 273408
28.4083 39530401 273408
28.4084 39531849 273408
28.4086 39533297 273408
28.4087 39534745 273408
28.4089 39536193 273408
28.409 39537641 273408
28.4092 39539089 273408
28.4093 39540537 273408
28.4095 39541985 273408
28.4096 39543433 273408
28.4098 39544881 273408
28.4099 39546329 273408
28.4101 39547777 273408
28.4102 39549225 273408
28.4104 39550673 273408
28.4105 39552121 273408
28.4107 39553569 273408
28.4108 39555017 273408
28.411 39556465 273408
28.4111 39557913 273408
28.4113 39559361 273408
28.4114 39560809 273408
28.4116 39562257 273408
28.4117 39563705 273408
28.4119 39565153 273408
28.412 39566601 273408
28.4122 39568049 273408
28.4123 39569497 273408
28.4125 39570945 273408
28.4126 39572393 273408
28.4128 39573841 273408
28.4129 39575289 273408
28.4131 39576737 273408
28.4132 39578185 273408
28.4134 39579633 273408
28.4136 39581081 273408
28.4137 39582529 273408
28.4139 39583977 273408
28.4142 39585425 273408
28.4356 39586873 273408
28.4359 39588321 273408
28.4364 39589769 273408
28.4367 39591217 273408
28.437 39592665 273408
28.4371 39594113 273408
28.4374 39595561 273408
28.4377 39597009 273408
28.4379 39598457 273408
28.4382 39599905 273408
28.4385 39601353 273408
28.4386 39602801 273408
28.4389 39604249 273408
28.4392 39605697 273408
28.4395 39607145 273408
28.4398 39608593 273408
28.4409 39610041 273408
28.4412 39611489 273408
28.4415 39612937 273408
28.4418 39614385 273408
28.4421 39615833 273408
28.4424 39617281 273408
28.4427 39618729 273408
28.443 39620177 273408
28.4433 39621625 273408
28.4436 39623073 273408
28.4439 39624521 273408
28.4442 39625969 273408
28.4445 39627417 273408
28.4448 39628865 273408
28.4451 39630313 273408
28.4454 39631761 273408
28.4457 39633209 273408
28.4458 39634657 273408
28.4461 39636105 273408
28.4464 39637553 273408
28.4469 39639001 273408
28.447 39640449 273408
28.4472 39641897 273408
28.4473 39643345 273408
28.4475 39644793 273408
28.4476 39646241 273408
28.4478 39647689 273408
28.4479 39649137 273408
28.4481 39650585 273408
28.4482 39652033 273408
28.4494 39653481 273408
28.4496 39654929 273408
28.4509 39656377 273408
28.4511 39657825 273408
28.4525 39659273 273408
28.4526 39660721 273408
28.454 39662169 273408
28.4541 39663617 273408
28.4552 39665065 273408
28.4553 39666513 273408
28.4561 39667961 273408
28.4562 39669409 273408
28.457 39670857 273408
28.4571 39672305 273408
28.4579 39673753 273408
28.458 39675201 273408
28.4588 39676649 273408
28.4589 39678097 273408
28.4601 39679545 273408
28.4603 39680993 273408
28.4606 39682441 273408
28.4607 39683889 273408
28.461 39685337 273408
28.4612 39686785 273408
28.4616 39688233 273408
28.4618 39689681 273408
28.4622 39691129 273408
28.4624 39692577 273408
28.4628 39694025 273408
28.463 39695473 273408
28.4634 39696921 273408
28.4636 39698369 273408
28.464 39699817 273408
28.4642 39701265 273408
28.4646 39702713 273408
28.4648 39704161 273408
28.4652 39705609 273408
28.4654 39707057 273408
28.4658 39708505 273408
28.466 39709953 273408
28.4664 39711401 273408
28.4666 39712849 273408
28.467 39714297 273408
28.4672 39715745 273408
28.4682 39717193 273408
28.4684 39718641 273408
28.4694 39720089 273408
28.4696 39721537 273408
28.4706 39722985 273408
28.4708 39724433 273408
28.4718 39725881 273408
28.472 39727329 273408
28.473 39728777 273408
28.4732 39730225 273408
28.4742 39731673 273408
28.4744 39733121 273408
28.4751 39734569 273408
28.4753 39736017 273408
28.4759 39737465 273408
28.476 39738913 273408
28.4765 39740361 273408
28.4766 39741809 273408
28.4771 39743257 273408
28.4772 39744705 273408
28.4775 39746153 273408
28.4777 39747601 273408
28.478 39749049 273408
28.4781 39750497 273408
28.4783 39751945 273408
28.4784 39753393 273408
28.4786 39754841 273408
28.4787 39756289 273408
28.4789 39757737 273408
28.479 39759185 273408
28.4792 39760633 273408
28.4793 39762081 273408
28.4795 39763529 273408
28.4796 39764977 273408
28.4798 39766425 273408
28.4799 39767873 273408
28.4801 39769321 273408
28.4802 39770769 273408
28.4804 39772217 273408
28.4805 39773665 273408
28.4807 39775113 273408
28.4808 39776561 273408
28.481 39778009 273408
28.4811 39779457 273408
28.4813 39780905 273408
28.4814 39782353 273408
28.4816 39783801 273408
28.4817 39785249 273408
28.4819 39786697 273408
28.482 39788145 273408
28.4822 39789593 273408
28.4823 39791041 273408
28.4825 39792489 273408
28.4826 39793937 273408
28.4828 39795385 273408
28.4829 39796833 273408
28.4831 39798281 273408
28.4832 39799729 273408
28.4834 39801177 273408
28.4835 39802625 273408
28.4837 39804073 273408
28.4838 39805521 273408
28.484 39806969 273408
28.4841 39808417 273408
28.4843 39809865 273408
28.4844 39811313 273408
28.4846 39812761 273408
28.4847 39814209 273408
28.4849 39815657 273408
28.485 39817105 273408
28.4852 39818553 273408
28.4853 39820001 273408
28.4855 39821449 273408
28.4856 39822897 273408
28.4858 39824345 273408
28.4859 39825793 273408
28.4861 39827241 273408
28.4862 39828689 273408
28.4864 39830137 273408
28.4865 39831585 273408
28.4867 39833033 273408
28.4868 39834481 273408
28.487 39835929 273408
28.4871 39837377 273408
28.4873 39838825 273408
28.4874 39840273 273408
28.4876 39841721 273408
28.4877 39843169 273408
28.4879 39844617 273408
28.488 39846065 273408
28.4882 39847513 273408
28.4883 39848961 273408
28.4885 39850409 273408
28.4887 39851857 273408
28.4888 39853305 273408
28.489 39854753 273408
28.4891 39856201 273408
28.4894 39857649 273408
28.5109 39859097 273408
28.5112 39860545 273408
28.5116 39861993 273408
28.5119 39863441 273408
28.5122 39864889 273408
28.5124 39866337 273408
28.5127 39867785 273408
28.513 39869233 273408
28.5131 39870681 273408
28.5134 39872129 273408
28.5137 39873577 273408
28.5139 39875025 273408
28.5142 39876473 273408
28.5145 39877921 273408
28.5148 39879369 273408
28.5151 39880817 273408
28.5161 39882265 273408
28.5164 39883713 273408
28.5167 39885161 273408
28.517 39886609 273408
28.5173 39888057 273408
28.5176 39889505 273408
28.5179 39890953 273408
28.5182 39892401 273408
28.5185 39893849 273408
28.5188 39895297 273408
28.5191 39896745 273408
28.5194 39898193 273408
28.5197 39899641 273408
28.52 39901089 273408
28.5203 39902537 273408
28.5206 39903985 273408
28.5209 39905433 273408
28.5211 39906881 273408
28.5214 39908329 273408
28.5217 39909777 273408
28.5221 39911225 273408
28.5223 39912673 273408
28.5224 39914121 273408
28.5226 39915569 273408
28.5227 39917017 273408
28.5229 39918465 273408
28.523 39919913 273408
28.5232 39921361 273408
28.5233 39922809 273408
28.5235 39924257 273408
28.5247 39925705 273408
28.5248 39927153 273408
28.5262 39928601 273408
28.5264 39930049 273408
28.5277 39931497 273408
28.5279 39932945 273408
28.5292 39934393 273408
28.5294 39935841 273408
28.5304 39937289 273408
28.5306 39938737 273408
28.5313 39940185 273408
28.5315 39941633 273408
28.5322 39943081 273408
28.5324 39944529 273408
28.5331 39945977 273408
28.5333 39947425 273408
28.534 39948873 273408
28.5342 39950321 273408
28.5354 39951769 273408
28.5355 39953217 273408
28.5358 39954665 273408
28.536 39956113 273408
28.5363 39957561 273408
28.5364 39959009 273408
28.5369 39960457 273408
28.537 39961905 273408
28.5375 39963353 273408
28.5376 39964801 273408
28.5381 39966249 273408
28.5382 39967697 273408
28.5387 39969145 273408
28.5388 39970593 273408
28.5393 39972041 273408
28.5394 39973489 273408
28.5399 39974937 273408
28.54 39976385 273408
28.5405 39977833 273408
28.5406 39979281 273408
28.5411 39980729 273408
28.5412 39982177 273408
28.5417 39983625 273408
28.5418 39985073 273408
28.5423 39986521 273408
28.5424 39987969 273408
28.5435 39989417 273408
28.5436 39990865 273408
28.5447 39992313 273408
28.5448 39993761 273408
28.5459 39995209 273408
28.546 39996657 273408
28.5471 39998105 273408
28.5472 39999553 273408
28.5483 40001001 273408
28.5484 40002449 273408
28.5495 40003897 273408
28.5496 40005345 273408
28.5504 40006793 273408
28.5505 40008241 273408
28.5511 40009689 273408
28.5513 40011137 273408
28.5517 40012585 273408
28.5519 40014033 273408
28.5523 40015481 273408
28.5525 40016929 273408
28.5528 40018377 273408
28.5529 40019825 273408
28.5532 40021273 273408
28.5534 40022721 273408
28.5535 40024169 273408
28.5537 40025617 273408
28.5538 40027065 273408
28.554 40028513 273408
28.5541 40029961 273408
28.5543 40031409 273408
28.5544 40032857 273408
28.5546 40034305 273408
28.5547 40035753 273408
28.5549 40037201 273408
28.555 40038649 273408
28.5552 40040097 273408
28.5553 40041545 273408
28.5555 40042993 273408
28.5556 40044441 273408
28.5558 40045889 273408
28.5559 40047337 273408
28.5561 40048785 273408
28.5562 40050233 273408
28.5564 40051681 273408
28.5565 40053129 273408
28.5567 40054577 273408
28.5568 40056025 273408
28.557 40057473 273408
28.5571 40058921 273408
28.5573 40060369 273408
28.5574 40061817 273408
28.5576 40063265 273408
28.5577 40064713 273408
28.5579 40066161 273408
28.558 40067609 273408
28.5582 40069057 273408
28.5583 40070505 273408
28.5585 40071953 273408
28.5586 40073401 273408
28.5588 40074849 273408
28.5589 40076297 273408
28.5591 40077745 273408
28.5592 40079193 273408
28.5594 40080641 273408
28.5595 40082089 273408
28.5597 40083537 273408
28.5598 40084985 273408
28.56 40086433 273408
28.5601 40087881 273408
28.5603 40089329 273408
28.5604 40090777 273408
28.5606 40092225 273408
28.5607 40093673 273408
28.5609 40095121 273408
28.561 40096569 273408
28.5612 40098017 273408
28.5613 40099465 273408
28.5615 40100913 273408
28.5616 40102361 273408
28.5618 40103809 273408
28.5619 40105257 273408
28.5621 40106705 273408
28.5622 40108153 273408
28.5624 40109601 273408
28.5625 40111049 273408
28.5627 40112497 273408
28.5628 40113945 273408
28.563 40115393 273408
28.5631 40116841 273408
28.5633 40118289 273408
28.5634 40119737 273408
28.5636 40121185 273408
28.5638 40122633 273408
28.5639 40124081 273408
28.5641 40125529 273408
28.5642 40126977 273408
28.5644 40128425 273408
28.5647 40129873 273408
28.5861 40131321 273408
28.5864 40132769 273408
28.5869 40134217 273408
28.5872 40135665 273408
28.5875 40137113 273408
28.5876 40138561 273408
28.5879 40140009 273408
28.5882 40141457 273408
28.5884 40142905 273408
28.5887 40144353 273408
28.589 40145801 273408
28.5891 40147249 273408
28.5894 40148697 273408
28.5897 40150145 273408
28.59 40151593 273408
28.5903 40153041 273408
28.5914 40154489 273408
28.5917 40155937 273408
28.592 40157385 273408
28.5923 40158833 273408
28.5926 40160281 273408
28.5929 40161729 273408
28.5932 40163177 273408
28.5935 40164625 273408
28.5938 40166073 273408
28.5941 40167521 273408
28.5944 40168969 273408
28.5947 40170417 273408
28.595 40171865 273408
28.5953 40173313 273408
28.5956 40174761 273408
28.5959 40176209 273408
28.5962 40177657 273408
28.5963 40179105 273408
28.5966 40180553 273408
28.5969 40182001 273408
28.5974 40183449 274944
28.5975 40184897 274944
28.5977 40186345 274944
28.5978 40187793 274944
28.598 40189241 274944
28.5981 40190689 274944
28.5983 40192137 274944
28.5984 40193585 274944
28.5986 40195033 274944
28.5987 40196481 274944
28.5989 40197929 274944
28.6001 40199377 274944
28.6002 40200825 274944
28.6016 40202273 274944
28.6018 40203721 274944
28.6031 40205169 274944
28.6033 40206617 274944
28.6046 40208065 274944
28.6048 40209513 274944
28.6058 40210961 274944
28.606 40212409 274944
28.6067 40213857 274944
28.6069 40215305 274944
28.6076 40216753 274944
28.6078 40218201 274944
28.6085 40219649 274944
28.6087 40221097 274944
28.6094 40222545 274944
28.6096 40223993 274944
28.6108 40225441 274944
28.6109 40226889 274944
28.6112 40228337 274944
28.6114 40229785 274944
28.6117 40231233 274944
28.6118 40232681 274944
28.6123 40234129 274944
28.6124 40235577 274944
28.6129 40237025 274944
28.613 40238473 274944
28.6135 40239921 274944
28.6136 40241369 274944
28.6141 40242817 274944
28.6142 40244265 274944
28.6147 40245713 274944
28.6148 40247161 274944
28.6153 40248609 274944
28.6154 40250057 274944
28.6159 40251505 274944
28.616 40252953 274944
28.6165 40254401 274944
28.6166 40255849 274944
28.6171 40257297 274944
28.6172 40258745 274944
28.6177 40260193 274944
28.6178 40261641 274944
28.6189 40263089 274944
28.619 40264537 274944
28.6201 40265985 274944
28.6202 40267433 274944
28.6213 40268881 274944
28.6214 40270329 274944
28.6225 40271777 274944
28.6226 40273225 274944
28.6237 40274673 274944
28.6238 40276121 274944
28.6249 40277569 274944
28.625 40279017 274944
28.6258 40280465 274944
28.6259 40281913 274944
28.6265 40283361 274944
28.6267 40284809 274944
28.6271 40286257 274944
28.6273 40287705 274944
28.6277 40289153 274944
28.6279 40290601 274944
28.6282 40292049 274944
28.6283 40293497 274944
28.6286 40294945 274944
28.6288 40296393 274944
28.6289 40297841 274944
28.6291 40299289 274944
28.6292 40300737 274944
28.6294 40302185 274944
28.6295 40303633 274944
28.6297 40305081 274944
28.6298 40306529 274944
28.63 40307977 274944
28.6301 40309425 274944
28.6303 40310873 274944
28.6304 40312321 274944
28.6306 40313769 274944
28.6307 40315217 274944
28.6309 40316665 274944
28.631 40318113 274944
28.6312 40319561 274944
28.6313 40321009 274944
28.6315 40322457 274944
28.6316 40323905 274944
28.6318 40325353 274944
28.6319 40326801 274944
28.6321 40328249 274944
28.6322 40329697 274944
28.6324 40331145 274944
28.6325 40332593 274944
28.6327 40334041 274944
28.6328 40335489 274944
28.633 40336937 274944
28.6331 40338385 274944
28.6333 40339833 274944
28.6334 40341281 274944
28.6336 40342729 274944
28.6337 40344177 274944
28.6339 40345625 274944
28.634 40347073 274944
28.6342 40348521 274944
28.6343 40349969 274944
28.6345 40351417 274944
28.6346 40352865 274944
28.6348 40354313 274944
28.6349 40355761 274944
28.6351 40357209 274944
28.6352 40358657 274944
28.6354 40360105 274944
28.6355 40361553 274944
28.6357 40363001 274944
28.6358 40364449 274944
28.636 40365897 274944
28.6361 40367345 274944
28.6363 40368793 274944
28.6364 40370241 274944
28.6366 40371689 274944
28.6367 40373137 274944
28.6369 40374585 274944
28.637 40376033 274944
28.6372 40377481 274944
28.6373 40378929 274944
28.6375 40380377 274944
28.6376 40381825 274944
28.6378 40383273 274944
28.6379 40384721 274944
28.6381 40386169 274944
28.6382 40387617 274944
28.6384 40389065 274944
28.6385 40390513 274944
28.6387 40391961 274944
28.6389 40393409 274944
28.639 40394857 274944
28.6392 40396305 274944
28.6393 40397753 274944
28.6395 40399201 274944
28.6396 40400649 274944
28.6398 40402097 274944
28.6401 40403545 274944
28.6617 40404993 274944
28.662 40406441 274944
28.6624 40407889 274944
28.6627 40409337 274944
28.663 40410785 274944
28.6632 40412233 274944
28.6635 40413681 274944
28.6638 40415129 274944
28.6639 40416577 274944
28.6642 40418025 274944
28.6645 40419473 274944
28.6647 40420921 274944
28.665 40422369 274944
28.6653 40423817 274944
28.6656 40425265 274944
28.6659 40426713 274944
28.6669 40428161 274944
28.6672 40429609 274944
28.6675 40431057 274944
28.6678 40432505 274944
28.6681 40433953 274944
28.6684 40435401 274944
28.6687 40436849 274944
28.669 40438297 274944
28.6693 40439745 274944
28.6696 40441193 274944
28.6699 40442641 274944
28.6702 40444089 274944
28.6705 40445537 274944
28.6708 40446985 274944
28.6711 40448433 274944
28.6714 40449881 274944
28.6717 40451329 274944
28.6719 40452777 274944
28.6722 40454225 274944
28.6725 40455673 274944
28.6729 40457121 274944
28.6731 40458569 274944
28.6732 40460017 274944
28.6734 40461465 274944
28.6735 40462913 274944
28.6737 40464361 274944
28.6738 40465809 274944
28.674 40467257 274944
28.6741 40468705 274944
28.6743 40470153 274944
28.6744 40471601 274944
28.6746 40473049 274944
28.6758 40474497 274944
28.6759 40475945 274944
28.6773 40477393 274944
28.6775 40478841 274944
28.6788 40480289 274944
28.679 40481737 274944
28.6803 40483185 274944
28.6805 40484633 274944
28.6815 40486081 274944
28.6817 40487529 274944
28.6824 40488977 274944
28.6826 40490425 274944
28.6833 40491873 274944
28.6835 40493321 274944
28.6842 40494769 274944
28.6844 40496217 274944
28.6851 40497665 274944
28.6853 40499113 274944
28.6865 40500561 274944
28.6866 40502009 274944
28.6869 40503457 274944
28.6871 40504905 274944
28.6874 40506353 274944
28.6875 40507801 274944
28.688 40509249 274944
28.6881 40510697 274944
28.6886 40512145 274944
28.6887 40513593 274944
28.6892 40515041 274944
28.6893 40516489 274944
28.6898 40517937 274944
28.6899 40519385 274944
28.6904 40520833 274944
28.6905 40522281 274944
28.691 40523729 274944
28.6911 40525177 274944
28.6916 40526625 274944
28.6917 40528073 274944
28.6922 40529521 274944
28.6923 40530969 274944
28.6928 40532417 274944
28.6929 40533865 274944
28.6934 40535313 274944
28.6935 40536761 274944
28.6946 40538209 274944
28.6947 40539657 274944
28.6958 40541105 274944
28.6959 40542553 274944
28.697 40544001 274944
28.6971 40545449 274944
28.6982 40546897 274944
28.6983 40548345 274944
28.6994 40549793 274944
28.6995 40551241 274944
28.7006 40552689 274944
28.7007 40554137 274944
28.7015 40555585 274944
28.7016 40557033 274944
28.7022 40558481 274944
28.7024 40559929 274944
28.7028 40561377 274944
28.703 40562825 274944
28.7034 40564273 274944
28.7036 40565721 274944
28.7039 40567169 274944
28.704 40568617 274944
28.7043 40570065 274944
28.7045 40571513 274944
28.7046 40572961 274944
28.7048 40574409 274944
28.7049 40575857 274944
28.7051 40577305 274944
28.7052 40578753 274944
28.7054 40580201 274944
28.7055 40581649 274944
28.7057 40583097 274944
28.7058 40584545 274944
28.706 40585993 274944
28.7061 40587441 274944
28.7063 40588889 274944
28.7064 40590337 274944
28.7066 40591785 274944
28.7067 40593233 274944
28.7069 40594681 274944
28.707 40596129 274944
28.7072 40597577 274944
28.7073 40599025 274944
28.7075 40600473 274944
28.7076 40601921 274944
28.7078 40603369 274944
28.7079 40604817 274944
28.7081 40606265 274944
28.7082 40607713 274944
28.7084 40609161 274944
28.7085 40610609 274944
28.7087 40612057 274944
28.7088 40613505 274944
28.709 40614953 274944
28.7091 40616401 274944
28.7093 40617849 274944
28.7094 40619297 274944
28.7096 40620745 274944
28.7097 40622193 274944
28.7099 40623641 274944
28.71 40625089 274944
28.7102 40626537 274944
28.7103 40627985 274944
28.7105 40629433 274944
28.7106 40630881 274944
28.7108 40632329 274944
28.7109 40633777 274944
28.7111 40635225 274944
28.7112 40636673 274944
28.7114 40638121 274944
28.7115 40639569 274944
28.7117 40641017 274944
28.7118 40642465 274944
28.712 40643913 274944
28.7121 40645361 274944
28.7123 40646809 274944
28.7124 40648257 274944
28.7126 40649705 274944
28.7127 40651153 274944
28.7129 40652601 274944
28.713 40654049 274944
28.7132 40655497 274944
28.7133 40656945 274944
28.7135 40658393 274944
28.7136 40659841 274944
28.7138 40661289 274944
28.714 40662737 274944
28.7141 40664185 274944
28.7143 40665633 274944
28.7144 40667081 274944
28.7146 40668529 274944
28.7147 40669977 274944
28.7149 40671425 274944
28.715 40672873 274944
28.7152 40674321 274944
28.7153 40675769 274944
28.7156 40677217 274944
28.7159 40678665 274944
28.7375 40680113 274944
28.7378 40681561 274944
28.7383 40683009 274944
28.7386 40684457 274944
28.7389 40685905 274944
28.739 40687353 274944
28.7393 40688801 274944
28.7396 40690249 274944
28.7398 40691697 274944
28.7401 40693145 274944
28.7404 40694593 274944
28.7405 40696041 274944
28.7408 40697489 274944
28.7411 40698937 274944
28.7414 40700385 274944
28.7417 40701833 274944
28.7428 40703281 274944
28.7431 40704729 274944
28.7434 40706177 274944
28.7437 40707625 274944
28.744 40709073 274944
28.7443 40710521 274944
28.7446 40711969 274944
28.7449 40713417 274944
28.7452 40714865 274944
28.7455 40716313 274944
28.7458 40717761 274944
28.7461 40719209 274944
28.7464 40720657 274944
28.7467 40722105 274944
28.747 40723553 274944
28.7473 40725001 274944
28.7476 40726449 274944
28.7477 40727897 274944
28.748 40729345 274944
28.7483 40730793 274944
28.7488 40732241 274944
28.7489 40733689 274944
28.7491 40735137 274944
28.7492 40736585 274944
28.7494 40738033 274944
28.7495 40739481 274944
28.7497 40740929 274944
28.7498 40742377 274944
28.75 40743825 274944
28.7501 40745273 274944
28.7503 40746721 274944
28.7504 40748169 274944
28.7517 40749617 274944
28.7518 40751065 274944
28.7532 40752513 274944
28.7533 40753961 274944
28.7547 40755409 274944
28.7548 40756857 274944
28.7562 40758305 274944
28.7563 40759753 274944
28.7574 40761201 274944
28.7575 40762649 274944
28.7583 40764097 274944
28.7584 40765545 274944
28.7592 40766993 274944
28.7593 40768441 274944
28.7601 40769889 274944
28.7602 40771337 274944
28.761 40772785 274944
28.7611 40774233 274944
28.7623 40775681 274944
28.7625 40777129 274944
28.7628 40778577 274944
28.7629 40780025 274944
28.7632 40781473 274944
28.7634 40782921 274944
28.7638 40784369 274944
28.764 40785817 274944
28.7644 40787265 274944
28.7646 40788713 274944
28.765 40790161 274944
28.7652 40791609 274944
28.7656 40793057 274944
28.7658 40794505 274944
28.7662 40795953 274944
28.7664 40797401 274944
28.7668 40798849 274944
28.767 40800297 274944
28.7674 40801745 274944
28.7676 40803193 274944
28.768 40804641 274944
28.7682 40806089 274944
28.7686 40807537 274944
28.7688 40808985 274944
28.7692 40810433 274944
28.7694 40811881 274944
28.7704 40813329 274944
28.7706 40814777 274944
28.7716 40816225 274944
28.7718 40817673 274944
28.7728 40819121 274944
28.773 40820569 274944
28.774 40822017 274944
28.7742 40823465 274944
28.7752 40824913 274944
28.7754 40826361 274944
28.7764 40827809 274944
28.7766 40829257 274944
28.7773 40830705 274944
28.7775 40832153 274944
28.7781 40833601 274944
28.7782 40835049 274944
28.7787 40836497 274944
28.7788 40837945 274944
28.7793 40839393 274944
28.7794 40840841 274944
28.7797 40842289 274944
28.7799 40843737 274944
28.7802 40845185 274944
28.7803 40846633 274944
28.7805 40848081 274944
28.7806 40849529 274944
28.7808 40850977 274944
28.7809 40852425 274944
28.7811 40853873 274944
28.7812 40855321 274944
28.7814 40856769 274944
28.7815 40858217 274944
28.7817 40859665 274944
28.7818 40861113 274944
28.782 40862561 274944
28.7821 40864009 274944
28.7823 40865457 274944
28.7824 40866905 274944
28.7826 40868353 274944
28.7827 40869801 274944
28.7829 40871249 274944
28.783 40872697 274944
28.7832 40874145 274944
28.7833 40875593 274944
28.7835 40877041 274944
28.7836 40878489 274944
28.7838 40879937 274944
28.7839 40881385 274944
28.7841 40882833 274944
28.7842 40884281 274944
28.7844 40885729 274944
28.7845 40887177 274944
28.7847 40888625 274944
28.7848 40890073 274944
28.785 40891521 274944
28.7851 40892969 274944
28.7853 40894417 274944
28.7854 40895865 274944
28.7856 40897313 274944
28.7857 40898761 274944
28.7859 40900209 274944
28.786 40901657 274944
28.7862 40903105 274944
28.7863 40904553 274944
28.7865 40906001 274944
28.7866 40907449 274944
28.7868 40908897 274944
28.7869 40910345 274944
28.7871 40911793 274944
28.7872 40913241 274944
28.7874 40914689 274944
28.7875 40916137 274944
28.7877 40917585 274944
28.7878 40919033 274944
28.788 40920481 274944
28.7881 40921929 274944
28.7883 40923377 274944
28.7884 40924825 274944
28.7886 40926273 274944
28.7887 40927721 274944
28.7889 40929169 274944
28.7891 40930617 274944
28.7892 40932065 274944
28.7894 40933513 274944
28.7895 40934961 274944
28.7897 40936409 274944
28.7898 40937857 274944
28.79 40939305 274944
28.7901 40940753 274944
28.7903 40942201 274944
28.7904 40943649 274944
28.7906 40945097 274944
28.7907 40946545 274944
28.7909 40947993 274944
28.791 40949441 274944
28.7912 40950889 274944
28.7915 40952337 274944
28.7918 40953785 274944
28.8134 40955233 274944
28.8137 40956681 274944
28.8141 40958129 274944
28.8144 40959577 274944
28.8147 40961025 274944
28.8149 40962473 274944
28.8152 40963921 274944
28.8155 40965369 274944
28.8156 40966817 274944
28.8159 40968265 274944
28.8162 40969713 274944
28.8164 40971161 274944
28.8167 40972609 274944
28.817 40974057 274944
28.8173 40975505 274944
28.8176 40976953 274944
28.8186 40978401 274944
28.8189 40979849 274944
28.8192 40981297 274944
28.8195 40982745 274944
28.8198 40984193 274944
28.8201 40985641 274944
28.8204 40987089 274944
28.8207 40988537 274944
28.821 40989985 274944
28.8213 40991433 274944
28.8216 40992881 274944
28.8219 40994329 274944
28.8222 40995777 274944
28.8225 40997225 274944
28.8228 40998673 274944
28.8231 41000121 274944
28.8234 41001569 274944
28.8236 41003017 274944
28.8239 41004465 274944
28.8242 41005913 274944
28.8246 41007361 274944
28.8248 41008809 274944
28.8249 41010257 274944
28.8251 41011705 274944
28.8252 41013153 274944
28.8254 41014601 274944
28.8255 41016049 274944
28.8257 41017497 274944
28.8258 41018945 274944
28.826 41020393 274944
28.8261 41021841 274944
28.8263 41023289 274944
28.8275 41024737 274944
28.8277 41026185 274944
28.829 41027633 274944
28.8292 41029081 274944
28.8305 41030529 274944
28.8307 41031977 274944
28.832 41033425 274944
28.8322 41034873 274944
28.8332 41036321 274944
28.8334 41037769 274944
28.8341 41039217 274944
28.8343 41040665 274944
28.835 41042113 274944
28.8352 41043561 274944
28.8359 41045009 274944
28.8361 41046457 274944
28.8368 41047905 274944
28.837 41049353 274944
28.8382 41050801 274944
28.8383 41052249 274944
28.8386 41053697 274944
28.8388 41055145 274944
28.8391 41056593 274944
28.8392 41058041 274944
28.8397 41059489 274944
28.8398 41060937 274944
28.8403 41062385 274944
28.8404 41063833 274944
28.8409 41065281 274944
28.841 41066729 274944
28.8415 41068177 274944
28.8416 41069625 274944
28.8421 41071073 274944
28.8422 41072521 274944
28.8427 41073969 274944
28.8428 41075417 274944
28.8433 41076865 274944
28.8434 41078313 274944
28.8439 41079761 274944
28.844 41081209 274944
28.8445 41082657 274944
28.8446 41084105 274944
28.8451 41085553 276480
28.8452 41087001 276480
28.8455 41088449 276480
28.8464 41089897 276480
28.8466 41091345 276480
28.8476 41092793 276480
28.8478 41094241 276480
28.8488 41095689 276480
28.849 41097137 276480
28.85 41098585 276480
28.8502 41100033 276480
28.8512 41101481 276480
28.8514 41102929 276480
28.8524 41104377 276480
28.8526 41105825 276480
28.8533 41107273 276480
28.8535 41108721 276480
28.8541 41110169 276480
28.8542 41111617 276480
28.8547 41113065 276480
28.8548 41114513 276480
28.8553 41115961 276480
28.8554 41117409 276480
28.8557 41118857 276480
28.8559 41120305 276480
28.8562 41121753 276480
28.8563 41123201 276480
28.8565 41124649 276480
28.8566 41126097 276480
28.8568 41127545 276480
28.8569 41128993 276480
28.8571 41130441 276480
28.8572 41131889 276480
28.8574 41133337 276480
28.8575 41134785 276480
28.8577 41136233 276480
28.8578 41137681 276480
28.858 41139129 276480
28.8581 41140577 276480
28.8583 41142025 276480
28.8584 41143473 276480
28.8586 41144921 276480
28.8587 41146369 276480
28.8589 41147817 276480
28.859 41149265 276480
28.8592 41150713 276480
28.8593 41152161 276480
28.8595 41153609 276480
28.8596 41155057 276480
28.8598 41156505 276480
28.8599 41157953 276480
28.8601 41159401 276480
28.8602 41160849 276480
28.8604 41162297 276480
28.8605 41163745 276480
28.8607 41165193 276480
28.8608 41166641 276480
28.861 41168089 276480
28.8611 41169537 276480
28.8613 41170985 276480
28.8614 41172433 276480
28.8616 41173881 276480
28.8617 41175329 276480
28.8619 41176777 276480
28.862 41178225 276480
28.8622 41179673 276480
28.8623 41181121 276480
28.8625 41182569 276480
28.8626 41184017 276480
28.8628 41185465 276480
28.8629 41186913 276480
28.8631 41188361 276480
28.8632 41189809 276480
28.8634 41191257 276480
28.8635 41192705 276480
28.8637 41194153 276480
28.8638 41195601 276480
28.864 41197049 276480
28.8642 41198497 276480
28.8643 41199945 276480
28.8645 41201393 276480
28.8646 41202841 276480
28.8648 41204289 276480
28.8649 41205737 276480
28.8651 41207185 276480
28.8652 41208633 276480
28.8654 41210081 276480
28.8655 41211529 276480
28.8657 41212977 276480
28.8658 41214425 276480
28.866 41215873 276480
28.8661 41217321 276480
28.8663 41218769 276480
28.8664 41220217 276480
28.8666 41221665 276480
28.8667 41223113 276480
28.8669 41224561 276480
28.867 41226009 276480
28.8672 41227457 276480
28.8675 41228905 276480
28.8678 41230353 276480
28.8895 41231801 276480
28.8898 41233249 276480
28.8903 41234697 276480
28.8906 41236145 276480
28.8909 41237593 276480
28.891 41239041 276480
28.8913 41240489 276480
28.8916 41241937 276480
28.8918 41243385 276480
28.8921 41244833 276480
28.8924 41246281 276480
28.8925 41247729 276480
28.8928 41249177 276480
28.8931 41250625 276480
28.8934 41252073 276480
28.8937 41253521 276480
28.8948 41254969 276480
28.8951 41256417 276480
28.8954 41257865 276480
28.8957 41259313 276480
28.896 41260761 276480
28.8963 41262209 276480
28.8966 41263657 276480
28.8969 41265105 276480
28.8972 41266553 276480
28.8975 41268001 276480
28.8978 41269449 276480
28.8981 41270897 276480
28.8984 41272345 276480
28.8987 41273793 276480
28.899 41275241 276480
28.8993 41276689 276480
28.8996 41278137 276480
28.8997 41279585 276480
28.9 41281033 276480
28.9003 41282481 276480
28.9008 41283929 276480
28.9009 41285377 276480
28.9011 41286825 276480
28.9012 41288273 276480
28.9014 41289721 276480
28.9016 41291169 276480
28.9017 41292617 276480
28.9019 41294065 276480
28.902 41295513 276480
28.9022 41296961 276480
28.9023 41298409 276480
28.9025 41299857 276480
28.9037 41301305 276480
28.9038 41302753 276480
28.9052 41304201 276480
28.9053 41305649 276480
28.9067 41307097 276480
28.9068 41308545 276480
28.9082 41309993 276480
28.9083 41311441 276480
28.9094 41312889 276480
28.9095 41314337 276480
28.9103 41315785 276480
28.9104 41317233 276480
28.9112 41318681 276480
28.9113 41320129 276480
28.9121 41321577 276480
28.9122 41323025 276480
28.913 41324473 276480
28.9131 41325921 276480
28.9143 41327369 276480
28.9145 41328817 276480
28.9148 41330265 276480
28.9149 41331713 276480
28.9152 41333161 276480
28.9154 41334609 276480
28.9158 41336057 276480
28.916 41337505 276480
28.9164 41338953 276480
28.9166 41340401 276480
28.917 41341849 276480
28.9172 41343297 276480
28.9176 41344745 276480
28.9178 41346193 276480
28.9182 41347641 276480
28.9184 41349089 276480
28.9188 41350537 276480
28.919 41351985 276480
28.9194 41353433 276480
28.9196 41354881 276480
28.92 41356329 276480
28.9202 41357777 276480
28.9206 41359225 276480
28.9208 41360673 276480
28.9212 41362121 276480
28.9214 41363569 276480
28.9224 41365017 276480
28.9226 41366465 276480
28.9236 41367913 276480
28.9238 41369361 276480
28.9248 41370809 276480
28.925 41372257 276480
28.926 41373705 276480
28.9262 41375153 276480
28.9272 41376601 276480
28.9274 41378049 276480
28.9284 41379497 276480
28.9286 41380945 276480
28.9293 41382393 276480
28.9295 41383841 276480
28.9301 41385289 276480
28.9302 41386737 276480
28.9307 41388185 276480
28.9308 41389633 276480
28.9313 41391081 276480
28.9314 41392529 276480
28.9317 41393977 276480
28.9319 41395425 276480
28.9322 41396873 276480
28.9323 41398321 276480
28.9325 41399769 276480
28.9326 41401217 276480
28.9328 41402665 276480
28.9329 41404113 276480
28.9331 41405561 276480
28.9332 41407009 276480
28.9334 41408457 276480
28.9335 41409905 276480
28.9337 41411353 276480
28.9338 41412801 276480
28.934 41414249 276480
28.9341 41415697 276480
28.9343 41417145 276480
28.9344 41418593 276480
28.9346 41420041 276480
28.9347 41421489 276480
28.9349 41422937 276480
28.935 41424385 276480
28.9352 41425833 276480
28.9353 41427281 276480
28.9355 41428729 276480
28.9356 41430177 276480
28.9358 41431625 276480
28.9359 41433073 276480
28.9361 41434521 276480
28.9362 41435969 276480
28.9364 41437417 276480
28.9365 41438865 276480
28.9367 41440313 276480
28.9368 41441761 276480
28.937 41443209 276480
28.9371 41444657 276480
28.9373 41446105 276480
28.9374 41447553 276480
28.9376 41449001 276480
28.9377 41450449 276480
28.9379 41451897 276480
28.938 41453345 276480
28.9382 41454793 276480
28.9383 41456241 276480
28.9385 41457689 276480
28.9386 41459137 276480
28.9388 41460585 276480
28.9389 41462033 276480
28.9391 41463481 276480
28.9393 41464929 276480
28.9394 41466377 276480
28.9396 41467825 276480
28.9397 41469273 276480
28.9399 41470721 276480
28.94 41472169 276480
28.9402 41473617 276480
28.9403 41475065 276480
28.9405 41476513 276480
28.9406 41477961 276480
28.9408 41479409 276480
28.9409 41480857 276480
28.9411 41482305 276480
28.9412 41483753 276480
28.9414 41485201 276480
28.9415 41486649 276480
28.9417 41488097 276480
28.9418 41489545 276480
28.942 41490993 276480
28.9421 41492441 276480
28.9423 41493889 276480
28.9424 41495337 276480
28.9426 41496785 276480
28.9427 41498233 276480
28.9429 41499681 276480
28.943 41501129 276480
28.9432 41502577 276480
28.9433 41504025 276480
28.9436 41505473 276480
28.9654 41506921 276480
28.9657 41508369 276480
28.9661 41509817 276480
28.9664 41511265 276480
28.9667 41512713 276480
28.9669 41514161 276480
28.9672 41515609 276480
28.9675 41517057 276480
28.9676 41518505 276480
28.9679 41519953 276480
28.9682 41521401 276480
28.9684 41522849 276480
28.9687 41524297 276480
28.969 41525745 276480
28.9693 41527193 276480
28.9696 41528641 276480
28.9706 41530089 276480
28.9709 41531537 276480
28.9712 41532985 276480
28.9715 41534433 276480
28.9718 41535881 276480
28.9721 41537329 276480
28.9724 41538777 276480
28.9727 41540225 276480
28.973 41541673 276480
28.9733 41543121 276480
28.9736 41544569 276480
28.9739 41546017 276480
28.9742 41547465 276480
28.9745 41548913 276480
28.9748 41550361 276480
28.9751 41551809 276480
28.9754 41553257 276480
28.9756 41554705 276480
28.9759 41556153 276480
28.9762 41557601 276480
28.9766 41559049 276480
28.9768 41560497 276480
28.977 41561945 276480
28.9771 41563393 276480
28.9773 41564841 276480
28.9774 41566289 276480
28.9776 41567737 276480
28.9777 41569185 276480
28.9779 41570633 276480
28.978 41572081 276480
28.9782 41573529 276480
28.9783 41574977 276480
28.9795 41576425 276480
28.9797 41577873 276480
28.981 41579321 276480
28.9812 41580769 276480
28.9825 41582217 276480
28.9827 41583665 276480
28.984 41585113 276480
28.9842 41586561 276480
28.9852 41588009 276480
28.9854 41589457 276480
28.9861 41590905 276480
28.9863 41592353 276480
28.987 41593801 276480
28.9872 41595249 276480
28.9879 41596697 276480
28.9881 41598145 276480
28.9888 41599593 276480
28.989 41601041 276480
28.9902 41602489 276480
28.9903 41603937 276480
28.9906 41605385 276480
28.9908 41606833 276480
28.9911 41608281 276480
28.9912 41609729 276480
28.9917 41611177 276480
28.9918 41612625 276480
28.9923 41614073 276480
28.9924 41615521 276480
28.9929 41616969 276480
28.993 41618417 276480
28.9935 41619865 276480
28.9936 41621313 276480
28.9941 41622761 276480
28.9942 41624209 276480
28.9947 41625657 276480
28.9948 41627105 276480
28.9953 41628553 276480
28.9954 41630001 276480
28.9959 41631449 276480
28.996 41632897 276480
28.9965 41634345 276480
28.9966 41635793 276480
28.9971 41637241 276480
28.9972 41638689 276480
28.9983 41640137 276480
28.9984 41641585 276480
28.9995 41643033 276480
28.9996 41644481 276480
29.0007 41645929 276480
29.0008 41647377 276480
29.0019 41648825 276480
29.002 41650273 276480
29.0031 41651721 276480
29.0032 41653169 276480
29.0043 41654617 276480
29.0044 41656065 276480
29.0052 41657513 276480
29.0053 41658961 276480
29.0059 41660409 276480
29.0061 41661857 276480
29.0065 41663305 276480
29.0067 41664753 276480
29.0071 41666201 276480
29.0073 41667649 276480
29.0076 41669097 276480
29.0077 41670545 276480
29.008 41671993 276480
29.0082 41673441 276480
29.0083 41674889 276480
29.0085 41676337 276480
29.0086 41677785 276480
29.0088 41679233 276480
29.0089 41680681 276480
29.0091 41682129 276480
29.0092 41683577 276480
29.0094 41685025 276480
29.0095 41686473 276480
29.0097 41687921 276480
29.0098 41689369 276480
29.01 41690817 276480
29.0101 41692265 276480
29.0103 41693713 276480
29.0104 41695161 276480
29.0106 41696609 276480
29.0107 41698057 276480
29.0109 41699505 276480
29.011 41700953 276480
29.0112 41702401 276480
29.0113 41703849 276480
29.0115 41705297 276480
29.0116 41706745 276480
29.0118 41708193 276480
29.0119 41709641 276480
29.0121 41711089 276480
29.0122 41712537 276480
29.0124 41713985 276480
29.0125 41715433 276480
29.0127 41716881 276480
29.0128 41718329 276480
29.013 41719777 276480
29.0131 41721225 276480
29.0133 41722673 276480
29.0134 41724121 276480
29.0136 41725569 276480
29.0137 41727017 276480
29.0139 41728465 276480
29.014 41729913 276480
29.0142 41731361 276480
29.0144 41732809 276480
29.0145 41734257 276480
29.0147 41735705 276480
29.0148 41737153 276480
29.015 41738601 276480
29.0151 41740049 276480
29.0153 41741497 276480
29.0154 41742945 276480
29.0156 41744393 276480
29.0157 41745841 276480
29.0159 41747289 276480
29.016 41748737 276480
29.0162 41750185 276480
29.0163 41751633 276480
29.0165 41753081 276480
29.0166 41754529 276480
29.0168 41755977 276480
29.0169 41757425 276480
29.0171 41758873 276480
29.0172 41760321 276480
29.0174 41761769 276480
29.0175 41763217 276480
29.0177 41764665 276480
29.0178 41766113 276480
29.018 41767561 276480
29.0181 41769009 276480
29.0183 41770457 276480
29.0184 41771905 276480
29.0186 41773353 276480
29.0187 41774801 276480
29.0189 41776249 276480
29.019 41777697 276480
29.0192 41779145 276480
29.0195 41780593 276480
29.0412 41782041 276480
29.0415 41783489 276480
29.042 41784937 276480
29.0423 41786385 276480
29.0426 41787833 276480
29.0427 41789281 276480
29.043 41790729 276480
29.0433 41792177 276480
29.0435 41793625 276480
29.0438 41795073 276480
29.0441 41796521 276480
29.0442 41797969 276480
29.0445 41799417 276480
29.0448 41800865 276480
29.0451 41802313 276480
29.0454 41803761 276480
29.0465 41805209 276480
29.0468 41806657 276480
29.0471 41808105 276480
29.0474 41809553 276480
29.0477 41811001 276480
29.048 41812449 276480
29.0483 41813897 276480
29.0486 41815345 276480
29.0489 41816793 276480
29.0492 41818241 276480
29.0495 41819689 276480
29.0498 41821137 276480
29.0501 41822585 276480
29.0504 41824033 276480
29.0507 41825481 276480
29.051 41826929 276480
29.0513 41828377 276480
29.0514 41829825 276480
29.0517 41831273 276480
29.0521 41832721 276480
29.0525 41834169 276480
29.0527 41835617 276480
29.0528 41837065 276480
29.053 41838513 276480
29.0531 41839961 276480
29.0533 41841409 276480
29.0534 41842857 276480
29.0536 41844305 276480
29.0537 41845753 276480
29.0539 41847201 276480
29.054 41848649 276480
29.0542 41850097 276480
29.0554 41851545 276480
29.0555 41852993 276480
29.0569 41854441 276480
29.057 41855889 276480
29.0584 41857337 276480
29.0585 41858785 276480
29.0599 41860233 276480
29.06 41861681 276480
29.0611 41863129 276480
29.0612 41864577 276480
29.062 41866025 276480
29.0621 41867473 276480
29.0629 41868921 276480
29.063 41870369 276480
29.0638 41871817 276480
29.0639 41873265 276480
29.0647 41874713 276480
29.0648 41876161 276480
29.066 41877609 276480
29.0662 41879057 276480
29.0665 41880505 276480
29.0666 41881953 276480
29.0669 41883401 276480
29.0671 41884849 276480
29.0675 41886297 276480
29.0677 41887745 276480
29.0681 41889193 276480
29.0683 41890641 276480
29.0687 41892089 276480
29.0689 41893537 276480
29.0693 41894985 276480
29.0695 41896433 276480
29.0699 41897881 276480
29.0701 41899329 276480
29.0705 41900777 276480
29.0707 41902225 276480
29.0711 41903673 276480
29.0713 41905121 276480
29.0717 41906569 276480
29.0719 41908017 276480
29.0723 41909465 276480
29.0725 41910913 276480
29.0729 41912361 276480
29.0731 41913809 276480
29.0741 41915257 276480
29.0743 41916705 276480
29.0753 41918153 276480
29.0755 41919601 276480
29.0765 41921049 276480
29.0767 41922497 276480
29.0777 41923945 276480
29.0779 41925393 276480
29.0789 41926841 276480
29.0791 41928289 276480
29.0801 41929737 276480
29.0803 41931185 276480
29.081 41932633 276480
29.0812 41934081 276480
29.0818 41935529 276480
29.0819 41936977 276480
29.0824 41938425 276480
29.0825 41939873 276480
29.083 41941321 276480
29.0831 41942769 276480
29.0834 41944217 276480
29.0836 41945665 276480
29.0839 41947113 276480
29.084 41948561 276480
29.0842 41950009 276480
29.0843 41951457 276480
29.0845 41952905 276480
29.0846 41954353 276480
29.0848 41955801 276480
29.0849 41957249 276480
29.0851 41958697 276480
29.0852 41960145 276480
29.0854 41961593 276480
29.0855 41963041 276480
29.0857 41964489 276480
29.0858 41965937 276480
29.086 41967385 276480
29.0861 41968833 276480
29.0863 41970281 276480
29.0864 41971729 276480
29.0866 41973177 276480
29.0867 41974625 276480
29.0869 41976073 276480
29.087 41977521 276480
29.0872 41978969 276480
29.0873 41980417 276480
29.0875 41981865 276480
29.0876 41983313 276480
29.0878 41984761 276480
29.0879 41986209 276480
29.0881 41987657 276480
29.0882 41989105 276480
29.0884 41990553 276480
29.0885 41992001 276480
29.0887 41993449 276480
29.0888 41994897 276480
29.089 41996345 276480
29.0891 41997793 276480
29.0893 41999241 276480
29.0895 42000689 276480
29.0896 42002137 276480
29.0898 42003585 276480
29.0899 42005033 276480
29.0901 42006481 276480
29.0902 42007929 276480
29.0904 42009377 276480
29.0905 42010825 276480
29.0907 42012273 276480
29.0908 42013721 276480
29.091 42015169 276480
29.0911 42016617 276480
29.0913 42018065 276480
29.0914 42019513 276480
29.0916 42020961 276480
29.0917 42022409 276480
29.0919 42023857 276480
29.092 42025305 276480
29.0922 42026753 276480
29.0923 42028201 276480
29.0925 42029649 276480
29.0926 42031097 276480
29.0928 42032545 276480
29.0929 42033993 276480
29.0931 42035441 276480
29.0932 42036889 276480
29.0934 42038337 276480
29.0935 42039785 276480
29.0937 42041233 276480
29.0938 42042681 276480
29.094 42044129 276480
29.0941 42045577 276480
29.0943 42047025 276480
29.0944 42048473 276480
29.0946 42049921 276480
29.0947 42051369 276480
29.0949 42052817 276480
29.095 42054265 276480
29.0953 42055713 276480
29.1172 42057161 276480
29.1175 42058609 276480
29.118 42060057 276480
29.1183 42061505 276480
29.1186 42062953 276480
29.1187 42064401 276480
29.119 42065849 276480
29.1193 42067297 276480
29.1195 42068745 276480
29.1198 42070193 276480
29.1201 42071641 276480
29.1202 42073089 276480
29.1205 42074537 276480
29.1208 42075985 276480
29.1211 42077433 276480
29.1214 42078881 276480
29.1225 42080329 276480
29.1228 42081777 276480
29.1231 42083225 276480
29.1234 42084673 276480
29.1237 42086121 276480
29.124 42087569 276480
29.1243 42089017 276480
29.1246 42090465 276480
29.1249 42091913 276480
29.1252 42093361 276480
29.1255 42094809 276480
29.1258 42096257 276480
29.1261 42097705 276480
29.1264 42099153 276480
29.1267 42100601 276480
29.127 42102049 276480
29.1273 42103497 276480
29.1275 42104945 276480
29.1278 42106393 276480
29.1281 42107841 276480
29.1285 42109289 276480
29.1287 42110737 276480
29.1288 42112185 276480
29.129 42113633 276480
29.1291 42115081 276480
29.1293 42116529 276480
29.1294 42117977 276480
29.1296 42119425 276480
29.1297 42120873 276480
29.1299 42122321 276480
29.13 42123769 276480
29.1302 42125217 276480
29.1314 42126665 276480
29.1315 42128113 276480
29.1329 42129561 276480
29.133 42131009 276480
29.1344 42132457 276480
29.1345 42133905 276480
29.1359 42135353 276480
29.136 42136801 276480
29.1371 42138249 276480
29.1372 42139697 276480
29.138 42141145 276480
29.1381 42142593 276480
29.1389 42144041 276480
29.139 42145489 276480
29.1398 42146937 276480
29.1399 42148385 276480
29.1407 42149833 276480
29.1408 42151281 276480
29.142 42152729 276480
29.1422 42154177 276480
29.1425 42155625 276480
29.1426 42157073 276480
29.1429 42158521 276480
29.1431 42159969 276480
29.1435 42161417 276480
29.1437 42162865 276480
29.1441 42164313 276480
29.1443 42165761 276480
29.1447 42167209 276480
29.1449 42168657 276480
29.1453 42170105 276480
29.1455 42171553 276480
29.1459 42173001 276480
29.1461 42174449 276480
29.1465 42175897 276480
29.1467 42177345 276480
29.1471 42178793 276480
29.1473 42180241 276480
29.1477 42181689 276480
29.1479 42183137 276480
29.1483 42184585 276480
29.1485 42186033 276480
29.1489 42187481 276480
29.1491 42188929 276480
29.1501 42190377 276480
29.1503 42191825 276480
29.1513 42193273 276480
29.1515 42194721 276480
29.1525 42196169 276480
29.1527 42197617 276480
29.1537 42199065 276480
29.1539 42200513 276480
29.1548 42201961 276480
29.1549 42203409 276480
29.1551 42204857 276480
29.1552 42206305 276480
29.1554 42207753 276480
29.1555 42209201 276480
29.1557 42210649 276480
29.1558 42212097 276480
29.156 42213545 276480
29.1561 42214993 276480
29.1563 42216441 276480
29.1564 42217889 276480
29.1566 42219337 276480
29.1567 42220785 276480
29.1569 42222233 276480
29.157 42223681 276480
29.1572 42225129 276480
29.1573 42226577 276480
29.1575 42228025 276480
29.1576 42229473 276480
29.1578 42230921 276480
29.1579 42232369 276480
29.1581 42233817 276480
29.1582 42235265 276480
29.1584 42236713 276480
29.1585 42238161 276480
29.1587 42239609 276480
29.1588 42241057 276480
29.159 42242505 276480
29.1591 42243953 276480
29.1593 42245401 276480
29.1594 42246849 276480
29.1596 42248297 276480
29.1597 42249745 276480
29.1599 42251193 276480
29.16 42252641 276480
29.1602 42254089 276480
29.1603 42255537 276480
29.1605 42256985 276480
29.1606 42258433 276480
29.1608 42259881 276480
29.1609 42261329 276480
29.1611 42262777 276480
29.1612 42264225 276480
29.1614 42265673 276480
29.1615 42267121 276480
29.1617 42268569 276480
29.1618 42270017 276480
29.162 42271465 276480
29.1621 42272913 276480
29.1623 42274361 276480
29.1624 42275809 276480
29.1626 42277257 276480
29.1627 42278705 276480
29.1629 42280153 276480
29.163 42281601 276480
29.1632 42283049 276480
29.1633 42284497 276480
29.1635 42285945 276480
29.1636 42287393 276480
29.1638 42288841 276480
29.1639 42290289 276480
29.1641 42291737 276480
29.1642 42293185 276480
29.1644 42294633 276480
29.1646 42296081 276480
29.1647 42297529 276480
29.1649 42298977 276480
29.165 42300425 276480
29.1652 42301873 276480
29.1653 42303321 276480
29.1655 42304769 276480
29.1656 42306217 276480
29.1658 42307665 276480
29.1659 42309113 276480
29.1661 42310561 276480
29.1662 42312009 276480
29.1664 42313457 276480
29.1665 42314905 276480
29.1667 42316353 276480
29.1668 42317801 276480
29.167 42319249 276480
29.1671 42320697 276480
29.1673 42322145 276480
29.1674 42323593 276480
29.1676 42325041 276480
29.1677 42326489 276480
29.1679 42327937 276480
29.168 42329385 276480
29.1683 42330833 276480
29.1902 42332281 276480
29.1905 42333729 276480
29.191 42335177 276480
29.1913 42336625 276480
29.1916 42338073 276480
29.1919 42339521 276480
29.192 42340969 276480
29.1923 42342417 276480
29.1926 42343865 276480
29.1928 42345313 276480
29.1931 42346761 276480
29.1934 42348209 276480
29.1935 42349657 276480
29.1938 42351105 276480
29.1941 42352553 276480
29.1944 42354001 276480
29.1955 42355449 278016
29.1958 42356897 278016
29.1959 42358345 278016
29.1962 42359793 278016
29.1965 42361241 278016
29.1968 42362689 278016
29.1971 42364137 278016
29.1974 42365585 278016
29.1977 42367033 278016
29.198 42368481 278016
29.1983 42369929 278016
29.1986 42371377 278016
29.1989 42372825 278016
29.1992 42374273 278016
29.1995 42375721 278016
29.1998 42377169 278016
29.2001 42378617 278016
29.2004 42380065 278016
29.2007 42381513 278016
29.2009 42382961 278016
29.2012 42384409 278016
29.2016 42385857 278016
29.202 42387305 278016
29.2021 42388753 278016
29.2023 42390201 278016
29.2024 42391649 278016
29.2026 42393097 278016
29.2027 42394545 278016
29.2029 42395993 278016
29.203 42397441 278016
29.2032 42398889 278016
29.2033 42400337 278016
29.2035 42401785 278016
29.2036 42403233 278016
29.2038 42404681 278016
29.2039 42406129 278016
29.2041 42407577 278016
29.2042 42409025 278016
29.2044 42410473 278016
29.2045 42411921 278016
29.2047 42413369 278016
29.2048 42414817 278016
29.205 42416265 278016
29.2051 42417713 278016
29.2053 42419161 278016
29.2054 42420609 278016
29.2056 42422057 278016
29.2057 42423505 278016
29.2059 42424953 278016
29.206 42426401 278016
29.2062 42427849 278016
29.2063 42429297 278016
29.2065 42430745 278016
29.2066 42432193 278016
29.2068 42433641 278016
29.2069 42435089 278016
29.2071 42436537 278016
29.2072 42437985 278016
29.2074 42439433 278016
29.2075 42440881 278016
29.2077 42442329 278016
29.2078 42443777 278016
29.208 42445225 278016
29.2081 42446673 278016
29.2083 42448121 278016
29.2084 42449569 278016
29.2086 42451017 278016
29.2087 42452465 278016
29.2089 42453913 278016
29.209 42455361 278016
29.2092 42456809 278016
29.2093 42458257 278016
29.2095 42459705 278016
29.2096 42461153 278016
29.2098 42462601 278016
29.2099 42464049 278016
29.2101 42465497 278016
29.2102 42466945 278016
29.2104 42468393 278016
29.2105 42469841 278016
29.2107 42471289 278016
29.2108 42472737 278016
29.211 42474185 278016
29.2111 42475633 278016
29.2113 42477081 278016
29.2116 42478529 278016
29.2117 42479977 278016
29.2119 42481425 278016
29.212 42482873 278016
29.2122 42484321 278016
29.2123 42485769 278016
29.2125 42487217 278016
29.2126 42488665 278016
29.2128 42490113 278016
29.2129 42491561 278016
29.2131 42493009 278016
29.2132 42494457 278016
29.2134 42495905 278016
29.2135 42497353 278016
29.2137 42498801 278016
29.2138 42500249 278016
29.214 42501697 278016
29.2141 42503145 278016
29.2143 42504593 278016
29.2144 42506041 278016
29.2146 42507489 278016
29.2147 42508937 278016
29.2149 42510385 278016
29.215 42511833 278016
29.2152 42513281 278016
29.2153 42514729 278016
29.2155 42516177 278016
29.2156 42517625 278016
29.2158 42519073 278016
29.2159 42520521 278016
29.2161 42521969 278016
29.2162 42523417 278016
29.2164 42524865 278016
29.2165 42526313 278016
29.2167 42527761 278016
29.2168 42529209 278016
29.217 42530657 278016
29.2171 42532105 278016
29.2173 42533553 278016
29.2174 42535001 278016
29.2176 42536449 278016
29.2177 42537897 278016
29.2179 42539345 278016
29.218 42540793 278016
29.2182 42542241 278016
29.2183 42543689 278016
29.2185 42545137 278016
29.2186 42546585 278016
29.2188 42548033 278016
29.2189 42549481 278016
29.2191 42550929 278016
29.2192 42552377 278016
29.2194 42553825 278016
29.2195 42555273 278016
29.2197 42556721 278016
29.2198 42558169 278016
29.22 42559617 278016
29.2201 42561065 278016
29.2203 42562513 278016
29.2204 42563961 278016
29.2206 42565409 278016
29.2207 42566857 278016
29.2209 42568305 278016
29.221 42569753 278016
29.2212 42571201 278016
29.2213 42572649 278016
29.2215 42574097 278016
29.2216 42575545 278016
29.2218 42576993 278016
29.2219 42578441 278016
29.2221 42579889 278016
29.2222 42581337 278016
29.2224 42582785 278016
29.2225 42584233 278016
29.2227 42585681 278016
29.2228 42587129 278016
29.223 42588577 278016
29.2231 42590025 278016
29.2233 42591473 278016
29.2234 42592921 278016
29.2236 42594369 278016
29.2237 42595817 278016
29.2239 42597265 278016
29.224 42598713 278016
29.2242 42600161 278016
29.2243 42601609 278016
29.2245 42603057 278016
29.2246 42604505 278016
29.2248 42605953 278016
29.2249 42607401 278016
29.2469 42608849 278016
29.2472 42610297 278016
29.2478 42611745 278016
29.2481 42613193 278016
29.2484 42614641 278016
29.2487 42616089 278016
29.249 42617537 278016
29.2491 42618985 278016
29.2494 42620433 278016
29.2497 42621881 278016
29.2499 42623329 278016
29.2502 42624777 278016
29.2505 42626225 278016
29.2506 42627673 278016
29.2509 42629121 278016
29.2512 42630569 278016
29.2523 42632017 278016
29.2526 42633465 278016
29.2529 42634913 278016
29.253 42636361 278016
29.2533 42637809 278016
29.2536 42639257 278016
29.2539 42640705 278016
29.2542 42642153 278016
29.2545 42643601 278016
29.2548 42645049 278016
29.2551 42646497 278016
29.2554 42647945 278016
29.2557 42649393 278016
29.256 42650841 278016
29.2563 42652289 278016
29.2566 42653737 278016
29.2569 42655185 278016
29.2572 42656633 278016
29.2575 42658081 278016
29.2578 42659529 278016
29.258 42660977 278016
29.2583 42662425 278016
29.2587 42663873 278016
29.259 42665321 278016
29.2592 42666769 278016
29.2593 42668217 278016
29.2595 42669665 278016
29.2596 42671113 278016
29.2598 42672561 278016
29.2599 42674009 278016
29.2601 42675457 278016
29.2602 42676905 278016
29.2604 42678353 278016
29.2605 42679801 278016
29.2607 42681249 278016
29.2608 42682697 278016
29.261 42684145 278016
29.2611 42685593 278016
29.2613 42687041 278016
29.2614 42688489 278016
29.2616 42689937 278016
29.2617 42691385 278016
29.2619 42692833 278016
29.262 42694281 278016
29.2622 42695729 278016
29.2623 42697177 278016
29.2625 42698625 278016
29.2626 42700073 278016
29.2628 42701521 278016
29.2629 42702969 278016
29.2631 42704417 278016
29.2632 42705865 278016
29.2634 42707313 278016
29.2635 42708761 278016
29.2637 42710209 278016
29.2638 42711657 278016
29.264 42713105 278016
29.2641 42714553 278016
29.2643 42716001 278016
29.2644 42717449 278016
29.2646 42718897 278016
29.2647 42720345 278016
29.2649 42721793 278016
29.265 42723241 278016
29.2652 42724689 278016
29.2653 42726137 278016
29.2655 42727585 278016
29.2656 42729033 278016
29.2658 42730481 278016
29.2659 42731929 278016
29.2661 42733377 278016
29.2662 42734825 278016
29.2664 42736273 278016
29.2665 42737721 278016
29.2667 42739169 278016
29.2668 42740617 278016
29.267 42742065 278016
29.2671 42743513 278016
29.2673 42744961 278016
29.2674 42746409 278016
29.2676 42747857 278016
29.2677 42749305 278016
29.2679 42750753 278016
29.268 42752201 278016
29.2682 42753649 278016
29.2683 42755097 278016
29.2685 42756545 278016
29.2686 42757993 278016
29.2688 42759441 278016
29.2689 42760889 278016
29.2691 42762337 278016
29.2692 42763785 278016
29.2694 42765233 278016
29.2695 42766681 278016
29.2697 42768129 278016
29.2698 42769577 278016
29.27 42771025 278016
29.2701 42772473 278016
29.2703 42773921 278016
29.2704 42775369 278016
29.2706 42776817 278016
29.2707 42778265 278016
29.2709 42779713 278016
29.271 42781161 278016
29.2712 42782609 278016
29.2713 42784057 278016
29.2715 42785505 278016
29.2716 42786953 278016
29.2718 42788401 278016
29.2719 42789849 278016
29.2721 42791297 278016
29.2722 42792745 278016
29.2724 42794193 278016
29.2725 42795641 278016
29.2727 42797089 278016
29.2728 42798537 278016
29.273 42799985 278016
29.2731 42801433 278016
29.2733 42802881 278016
29.2734 42804329 278016
29.2736 42805777 278016
29.2737 42807225 278016
29.2739 42808673 278016
29.274 42810121 278016
29.2742 42811569 278016
29.2743 42813017 278016
29.2745 42814465 278016
29.2746 42815913 278016
29.2748 42817361 278016
29.2749 42818809 278016
29.2751 42820257 278016
29.2752 42821705 278016
29.2754 42823153 278016
29.2755 42824601 278016
29.2757 42826049 278016
29.2758 42827497 278016
29.276 42828945 278016
29.2761 42830393 278016
29.2763 42831841 278016
29.2764 42833289 278016
29.2766 42834737 278016
29.2767 42836185 278016
29.2769 42837633 278016
29.277 42839081 278016
29.2772 42840529 278016
29.2774 42841977 278016
29.2775 42843425 278016
29.2777 42844873 278016
29.2778 42846321 278016
29.278 42847769 278016
29.2781 42849217 278016
29.2783 42850665 278016
29.2784 42852113 278016
29.2786 42853561 278016
29.2787 42855009 278016
29.2789 42856457 278016
29.279 42857905 278016
29.2792 42859353 278016
29.2793 42860801 278016
29.2795 42862249 278016
29.2796 42863697 278016
29.2798 42865145 278016
29.2799 42866593 278016
29.2801 42868041 278016
29.2802 42869489 278016
29.2804 42870937 278016
29.2805 42872385 278016
29.2807 42873833 278016
29.2808 42875281 278016
29.281 42876729 278016
29.2811 42878177 278016
29.2813 42879625 278016
29.2814 42881073 278016
29.2816 42882521 278016
29.2817 42883969 278016
29.2819 42885417 278016
29.3038 42886865 278016
29.3041 42888313 278016
29.3047 42889761 278016
29.305 42891209 278016
29.3053 42892657 278016
29.3056 42894105 278016
29.3057 42895553 278016
29.306 42897001 278016
29.3063 42898449 278016
29.3065 42899897 278016
29.3068 42901345 278016
29.3071 42902793 278016
29.3072 42904241 278016
29.3075 42905689 278016
29.3078 42907137 278016
29.3081 42908585 278016
29.3092 42910033 278016
29.3095 42911481 278016
29.3096 42912929 278016
29.3099 42914377 278016
29.3102 42915825 278016
29.3105 42917273 278016
29.3108 42918721 278016
29.3111 42920169 278016
29.3114 42921617 278016
29.3117 42923065 278016
29.312 42924513 278016
29.3123 42925961 278016
29.3126 42927409 278016
29.3129 42928857 278016
29.3132 42930305 278016
29.3135 42931753 278016
29.3138 42933201 278016
29.3141 42934649 278016
29.3144 42936097 278016
29.3146 42937545 278016
29.3149 42938993 278016
29.3152 42940441 278016
29.3157 42941889 278016
29.3158 42943337 278016
29.316 42944785 278016
29.3161 42946233 278016
29.3163 42947681 278016
29.3164 42949129 278016
29.3166 42950577 278016
29.3167 42952025 278016
29.3169 42953473 278016
29.317 42954921 278016
29.3172 42956369 278016
29.3173 42957817 278016
29.3175 42959265 278016
29.3176 42960713 278016
29.3178 42962161 278016
29.3179 42963609 278016
29.3181 42965057 278016
29.3182 42966505 278016
29.3184 42967953 278016
29.3185 42969401 278016
29.3187 42970849 278016
29.3188 42972297 278016
29.319 42973745 278016
29.3191 42975193 278016
29.3193 42976641 278016
29.3194 42978089 278016
29.3196 42979537 278016
29.3197 42980985 278016
29.3199 42982433 278016
29.32 42983881 278016
29.3202 42985329 278016
29.3203 42986777 278016
29.3205 42988225 278016
29.3206 42989673 278016
29.3208 42991121 278016
29.3209 42992569 278016
29.3211 42994017 278016
29.3212 42995465 278016
29.3214 42996913 278016
29.3215 42998361 278016
29.3217 42999809 278016
29.3218 43001257 278016
29.322 43002705 278016
29.3221 43004153 278016
29.3223 43005601 278016
29.3224 43007049 278016
29.3226 43008497 278016
29.3227 43009945 278016
29.3229 43011393 278016
29.323 43012841 278016
29.3232 43014289 278016
29.3233 43015737 278016
29.3235 43017185 278016
29.3236 43018633 278016
29.3238 43020081 278016
29.3239 43021529 278016
29.3241 43022977 278016
29.3242 43024425 278016
29.3244 43025873 278016
29.3245 43027321 278016
29.3247 43028769 278016
29.3248 43030217 278016
29.325 43031665 278016
29.3251 43033113 278016
29.3253 43034561 278016
29.3254 43036009 278016
29.3256 43037457 278016
29.3257 43038905 278016
29.3259 43040353 278016
29.326 43041801 278016
29.3262 43043249 278016
29.3263 43044697 278016
29.3265 43046145 278016
29.3266 43047593 278016
29.3268 43049041 278016
29.3269 43050489 278016
29.3271 43051937 278016
29.3272 43053385 278016
29.3274 43054833 278016
29.3275 43056281 278016
29.3277 43057729 278016
29.3278 43059177 278016
29.328 43060625 278016
29.3281 43062073 278016
29.3283 43063521 278016
29.3284 43064969 278016
29.3286 43066417 278016
29.3287 43067865 278016
29.3289 43069313 278016
29.329 43070761 278016
29.3292 43072209 278016
29.3293 43073657 278016
29.3295 43075105 278016
29.3296 43076553 278016
29.3298 43078001 278016
29.3299 43079449 278016
29.3301 43080897 278016
29.3302 43082345 278016
29.3304 43083793 278016
29.3305 43085241 278016
29.3307 43086689 278016
29.3308 43088137 278016
29.331 43089585 278016
29.3311 43091033 278016
29.3313 43092481 278016
29.3314 43093929 278016
29.3316 43095377 278016
29.3317 43096825 278016
29.3319 43098273 278016
29.332 43099721 278016
29.3322 43101169 278016
29.3323 43102617 278016
29.3325 43104065 278016
29.3326 43105513 278016
29.3328 43106961 278016
29.3329 43108409 278016
29.3331 43109857 278016
29.3332 43111305 278016
29.3334 43112753 278016
29.3335 43114201 278016
29.3337 43115649 278016
29.3338 43117097 278016
29.334 43118545 278016
29.3341 43119993 278016
29.3343 43121441 278016
29.3344 43122889 278016
29.3346 43124337 278016
29.3347 43125785 278016
29.3349 43127233 278016
29.335 43128681 278016
29.3352 43130129 278016
29.3353 43131577 278016
29.3355 43133025 278016
29.3356 43134473 278016
29.3358 43135921 278016
29.3359 43137369 278016
29.3361 43138817 278016
29.3362 43140265 278016
29.3364 43141713 278016
29.3365 43143161 278016
29.3367 43144609 278016
29.3368 43146057 278016
29.337 43147505 278016
29.3371 43148953 278016
29.3373 43150401 278016
29.3374 43151849 278016
29.3376 43153297 278016
29.3377 43154745 278016
29.3379 43156193 278016
29.338 43157641 278016
29.3382 43159089 278016
29.3383 43160537 278016
29.3385 43161985 278016
29.3388 43163433 278016
29.3607 43164881 278016
29.361 43166329 278016
29.3616 43167777 278016
29.3619 43169225 278016
29.3622 43170673 278016
29.3624 43172121 278016
29.3627 43173569 278016
29.363 43175017 278016
29.3631 43176465 278016
29.3634 43177913 278016
29.3637 43179361 278016
29.3639 43180809 278016
29.3642 43182257 278016
29.3645 43183705 278016
29.3648 43185153 278016
29.3651 43186601 278016
29.3661 43188049 278016
29.3663 43189497 278016
29.3666 43190945 278016
29.3669 43192393 278016
29.3672 43193841 278016
29.3675 43195289 278016
29.3678 43196737 278016
29.3681 43198185 278016
29.3684 43199633 278016
29.3687 43201081 278016
29.3691 43202529 278016
29.3694 43203977 278016
29.3697 43205425 278016
29.37 43206873 278016
29.3703 43208321 278016
29.3706 43209769 278016
29.3709 43211217 278016
29.3712 43212665 278016
29.3714 43214113 278016
29.3717 43215561 278016
29.372 43217009 278016
29.3723 43218457 278016
29.3726 43219905 278016
29.3727 43221353 278016
29.3729 43222801 278016
29.373 43224249 278016
29.3732 43225697 278016
29.3733 43227145 278016
29.3735 43228593 278016
29.3736 43230041 278016
29.3738 43231489 278016
29.3739 43232937 278016
29.3741 43234385 278016
29.3742 43235833 278016
29.3744 43237281 278016
29.3745 43238729 278016
29.3747 43240177 278016
29.3748 43241625 278016
29.375 43243073 278016
29.3751 43244521 278016
29.3753 43245969 278016
29.3754 43247417 278016
29.3756 43248865 278016
29.3757 43250313 278016
29.3759 43251761 278016
29.376 43253209 278016
29.3762 43254657 278016
29.3763 43256105 278016
29.3765 43257553 278016
29.3766 43259001 278016
29.3768 43260449 278016
29.3769 43261897 278016
29.3771 43263345 278016
29.3772 43264793 278016
29.3774 43266241 278016
29.3775 43267689 278016
29.3777 43269137 278016
29.3778 43270585 278016
29.378 43272033 278016
29.3781 43273481 278016
29.3783 43274929 278016
29.3784 43276377 278016
29.3786 43277825 278016
29.3787 43279273 278016
29.3789 43280721 278016
29.379 43282169 278016
29.3792 43283617 278016
29.3793 43285065 278016
29.3795 43286513 278016
29.3796 43287961 278016
29.3798 43289409 278016
29.3799 43290857 278016
29.3801 43292305 278016
29.3802 43293753 278016
29.3804 43295201 278016
29.3805 43296649 278016
29.3807 43298097 278016
29.3808 43299545 278016
29.381 43300993 278016
29.3811 43302441 278016
29.3813 43303889 278016
29.3814 43305337 278016
29.3816 43306785 278016
29.3817 43308233 278016
29.3819 43309681 278016
29.382 43311129 278016
29.3822 43312577 278016
29.3823 43314025 278016
29.3825 43315473 278016
29.3826 43316921 278016
29.3828 43318369 278016
29.3829 43319817 278016
29.3831 43321265 278016
29.3832 43322713 278016
29.3834 43324161 278016
29.3835 43325609 278016
29.3837 43327057 278016
29.3838 43328505 278016
29.384 43329953 278016
29.3841 43331401 278016
29.3843 43332849 278016
29.3844 43334297 278016
29.3846 43335745 278016
29.3847 43337193 278016
29.3849 43338641 278016
29.385 43340089 278016
29.3852 43341537 278016
29.3853 43342985 278016
29.3855 43344433 278016
29.3856 43345881 278016
29.3858 43347329 278016
29.3859 43348777 278016
29.3861 43350225 278016
29.3862 43351673 278016
29.3864 43353121 278016
29.3865 43354569 278016
29.3867 43356017 278016
29.3868 43357465 278016
29.387 43358913 278016
29.3871 43360361 278016
29.3873 43361809 278016
29.3874 43363257 278016
29.3876 43364705 278016
29.3877 43366153 278016
29.3879 43367601 278016
29.388 43369049 278016
29.3882 43370497 278016
29.3883 43371945 278016
29.3885 43373393 278016
29.3886 43374841 278016
29.3888 43376289 278016
29.3889 43377737 278016
29.3891 43379185 278016
29.3892 43380633 278016
29.3894 43382081 278016
29.3895 43383529 278016
29.3897 43384977 278016
29.3899 43386425 278016
29.39 43387873 278016
29.3902 43389321 278016
29.3903 43390769 278016
29.3905 43392217 278016
29.3906 43393665 278016
29.3908 43395113 278016
29.3909 43396561 278016
29.3911 43398009 278016
29.3912 43399457 278016
29.3914 43400905 278016
29.3915 43402353 278016
29.3917 43403801 278016
29.3918 43405249 278016
29.392 43406697 278016
29.3921 43408145 278016
29.3923 43409593 278016
29.3924 43411041 278016
29.3926 43412489 278016
29.3927 43413937 278016
29.3929 43415385 278016
29.393 43416833 278016
29.3932 43418281 278016
29.3933 43419729 278016
29.3935 43421177 278016
29.3936 43422625 278016
29.3938 43424073 278016
29.3939 43425521 278016
29.3941 43426969 278016
29.3942 43428417 278016
29.3944 43429865 278016
29.3945 43431313 278016
29.3947 43432761 278016
29.3948 43434209 278016
29.395 43435657 278016
29.3951 43437105 278016
29.3953 43438553 278016
29.3956 43440001 278016
29.3959 43441449 278016
29.4178 43442897 278016
29.4181 43444345 278016
29.4187 43445793 278016
29.419 43447241 278016
29.4191 43448689 278016
29.4194 43450137 278016
29.4197 43451585 278016
29.4199 43453033 278016
29.4202 43454481 278016
29.4205 43455929 278016
29.4206 43457377 278016
29.4209 43458825 278016
29.4212 43460273 278016
29.4215 43461721 278016
29.4218 43463169 278016
29.4221 43464617 278016
29.423 43466065 278016
29.4233 43467513 278016
29.4236 43468961 278016
29.4239 43470409 278016
29.4242 43471857 278016
29.4245 43473305 278016
29.4248 43474753 278016
29.4251 43476201 278016
29.4254 43477649 278016
29.4257 43479097 278016
29.4262 43480545 278016
29.4265 43481993 278016
29.4268 43483441 278016
29.4271 43484889 278016
29.4274 43486337 278016
29.4277 43487785 278016
29.428 43489233 278016
29.4283 43490681 278016
29.4285 43492129 278016
29.4288 43493577 278016
29.4291 43495025 278016
29.4294 43496473 278016
29.4297 43497921 278016
29.4298 43499369 278016
29.43 43500817 278016
29.4301 43502265 278016
29.4303 43503713 278016
29.4304 43505161 278016
29.4306 43506609 278016
29.4307 43508057 278016
29.4309 43509505 278016
29.431 43510953 278016
29.4312 43512401 278016
29.4313 43513849 278016
29.4315 43515297 278016
29.4316 43516745 278016
29.4318 43518193 278016
29.4319 43519641 278016
29.4321 43521089 278016
29.4322 43522537 278016
29.4324 43523985 278016
29.4325 43525433 278016
29.4327 43526881 278016
29.4328 43528329 278016
29.433 43529777 278016
29.4331 43531225 278016
29.4333 43532673 278016
29.4334 43534121 278016
29.4336 43535569 278016
29.4337 43537017 278016
29.4339 43538465 278016
29.434 43539913 278016
29.4342 43541361 278016
29.4343 43542809 278016
29.4345 43544257 278016
29.4346 43545705 278016
29.4348 43547153 278016
29.4349 43548601 278016
29.4351 43550049 278016
29.4352 43551497 278016
29.4354 43552945 278016
29.4355 43554393 278016
29.4357 43555841 278016
29.4358 43557289 278016
29.436 43558737 278016
29.4361 43560185 278016
29.4363 43561633 278016
29.4364 43563081 278016
29.4366 43564529 278016
29.4367 43565977 278016
29.4369 43567425 278016
29.437 43568873 278016
29.4372 43570321 278016
29.4373 43571769 278016
29.4375 43573217 278016
29.4376 43574665 278016
29.4378 43576113 278016
29.4379 43577561 278016
29.4381 43579009 278016
29.4382 43580457 278016
29.4384 43581905 278016
29.4385 43583353 278016
29.4387 43584801 278016
29.4388 43586249 278016
29.439 43587697 278016
29.4391 43589145 278016
29.4393 43590593 278016
29.4394 43592041 278016
29.4396 43593489 278016
29.4397 43594937 278016
29.4399 43596385 278016
29.44 43597833 278016
29.4402 43599281 278016
29.4403 43600729 278016
29.4405 43602177 278016
29.4406 43603625 278016
29.4408 43605073 278016
29.4409 43606521 278016
29.4411 43607969 278016
29.4412 43609417 278016
29.4414 43610865 278016
29.4415 43612313 278016
29.4417 43613761 278016
29.4418 43615209 278016
29.442 43616657 278016
29.4421 43618105 278016
29.4423 43619553 278016
29.4424 43621001 278016
29.4426 43622449 278016
29.4427 43623897 278016
29.4429 43625345 278016
29.443 43626793 278016
29.4432 43628241 278016
29.4433 43629689 278016
29.4435 43631137 278016
29.4436 43632585 278016
29.4438 43634033 278016
29.4439 43635481 278016
29.4441 43636929 278016
29.4442 43638377 278016
29.4444 43639825 278016
29.4445 43641273 278016
29.4447 43642721 278016
29.4448 43644169 278016
29.445 43645617 278016
29.4451 43647065 278016
29.4453 43648513 278016
29.4454 43649961 278016
29.4456 43651409 278016
29.4457 43652857 278016
29.4459 43654305 278016
29.446 43655753 278016
29.4462 43657201 278016
29.4463 43658649 278016
29.4465 43660097 278016
29.4466 43661545 278016
29.4468 43662993 278016
29.4469 43664441 278016
29.4471 43665889 278016
29.4472 43667337 278016
29.4474 43668785 278016
29.4475 43670233 278016
29.4477 43671681 278016
29.4478 43673129 278016
29.448 43674577 278016
29.4481 43676025 278016
29.4483 43677473 278016
29.4484 43678921 278016
29.4486 43680369 278016
29.4487 43681817 278016
29.4489 43683265 278016
29.449 43684713 278016
29.4492 43686161 278016
29.4493 43687609 278016
29.4495 43689057 278016
29.4496 43690505 278016
29.4498 43691953 278016
29.4499 43693401 278016
29.4501 43694849 278016
29.4502 43696297 278016
29.4504 43697745 278016
29.4505 43699193 278016
29.4507 43700641 278016
29.4508 43702089 278016
29.451 43703537 278016
29.4511 43704985 278016
29.4513 43706433 278016
29.4514 43707881 278016
29.4516 43709329 278016
29.4517 43710777 278016
29.4519 43712225 278016
29.452 43713673 278016
29.4522 43715121 278016
29.4523 43716569 278016
29.4526 43718017 278016
29.4529 43719465 278016
29.4752 43720913 278016
29.4755 43722361 278016
29.4761 43723809 278016
29.4764 43725257 278016
29.4765 43726705 278016
29.4768 43728153 278016
29.4771 43729601 278016
29.4773 43731049 278016
29.4776 43732497 278016
29.4779 43733945 278016
29.478 43735393 278016
29.4783 43736841 278016
29.4786 43738289 278016
29.4789 43739737 278016
29.4792 43741185 278016
29.4795 43742633 278016
29.4804 43744081 278016
29.4807 43745529 278016
29.481 43746977 278016
29.4813 43748425 278016
29.4816 43749873 278016
29.4819 43751321 278016
29.4822 43752769 278016
29.4825 43754217 278016
29.4828 43755665 278016
29.4831 43757113 278016
29.4836 43758561 278016
29.4839 43760009 278016
29.4842 43761457 278016
29.4845 43762905 278016
29.4848 43764353 278016
29.4851 43765801 278016
29.4854 43767249 278016
29.4857 43768697 278016
29.4858 43770145 278016
29.4861 43771593 278016
29.4864 43773041 278016
29.4867 43774489 278016
29.487 43775937 278016
29.4872 43777385 278016
29.4873 43778833 278016
29.4875 43780281 278016
29.4876 43781729 278016
29.4878 43783177 278016
29.4879 43784625 278016
29.4881 43786073 278016
29.4882 43787521 278016
29.4884 43788969 278016
29.4885 43790417 278016
29.4887 43791865 278016
29.4888 43793313 278016
29.489 43794761 278016
29.4891 43796209 278016
29.4893 43797657 278016
29.4894 43799105 278016
29.4896 43800553 278016
29.4897 43802001 278016
29.4899 43803449 278016
29.49 43804897 278016
29.4902 43806345 278016
29.4903 43807793 278016
29.4905 43809241 278016
29.4906 43810689 278016
29.4908 43812137 278016
29.4909 43813585 278016
29.4911 43815033 278016
29.4912 43816481 278016
29.4914 43817929 278016
29.4915 43819377 278016
29.4917 43820825 278016
29.4918 43822273 278016
29.492 43823721 278016
29.4921 43825169 278016
29.4923 43826617 278016
29.4924 43828065 278016
29.4926 43829513 278016
29.4927 43830961 278016
29.4929 43832409 278016
29.493 43833857 278016
29.4932 43835305 278016
29.4933 43836753 278016
29.4935 43838201 278016
29.4936 43839649 278016
29.4938 43841097 278016
29.4939 43842545 278016
29.4941 43843993 278016
29.4942 43845441 278016
29.4944 43846889 278016
29.4945 43848337 278016
29.4947 43849785 278016
29.4948 43851233 278016
29.495 43852681 278016
29.4951 43854129 278016
29.4953 43855577 278016
29.4954 43857025 278016
29.4956 43858473 278016
29.4957 43859921 278016
29.4959 43861369 278016
29.496 43862817 278016
29.4962 43864265 278016
29.4963 43865713 278016
29.4965 43867161 278016
29.4966 43868609 278016
29.4968 43870057 278016
29.4969 43871505 278016
29.4971 43872953 278016
29.4972 43874401 278016
29.4974 43875849 278016
29.4975 43877297 278016
29.4977 43878745 278016
29.4978 43880193 278016
29.498 43881641 278016
29.4981 43883089 278016
29.4983 43884537 278016
29.4984 43885985 278016
29.4986 43887433 278016
29.4987 43888881 278016
29.4989 43890329 278016
29.499 43891777 278016
29.4992 43893225 278016
29.4993 43894673 278016
29.4995 43896121 278016
29.4996 43897569 278016
29.4998 43899017 278016
29.4999 43900465 278016
29.5001 43901913 278016
29.5002 43903361 278016
29.5004 43904809 278016
29.5005 43906257 278016
29.5007 43907705 278016
29.5008 43909153 278016
29.501 43910601 278016
29.5011 43912049 278016
29.5013 43913497 278016
29.5014 43914945 278016
29.5016 43916393 278016
29.5017 43917841 278016
29.5019 43919289 278016
29.502 43920737 278016
29.5022 43922185 278016
29.5023 43923633 278016
29.5025 43925081 278016
29.5027 43926529 278016
29.5028 43927977 278016
29.503 43929425 278016
29.5031 43930873 278016
29.5033 43932321 278016
29.5034 43933769 278016
29.5036 43935217 278016
29.5037 43936665 278016
29.5039 43938113 278016
29.504 43939561 278016
29.5042 43941009 278016
29.5043 43942457 278016
29.5045 43943905 278016
29.5046 43945353 278016
29.5048 43946801 278016
29.5049 43948249 278016
29.5051 43949697 278016
29.5052 43951145 278016
29.5054 43952593 278016
29.5055 43954041 278016
29.5057 43955489 278016
29.5058 43956937 278016
29.506 43958385 278016
29.5061 43959833 278016
29.5063 43961281 278016
29.5064 43962729 278016
29.5066 43964177 278016
29.5067 43965625 278016
29.5069 43967073 278016
29.507 43968521 278016
29.5072 43969969 278016
29.5073 43971417 278016
29.5075 43972865 278016
29.5076 43974313 278016
29.5078 43975761 278016
29.5079 43977209 278016
29.5081 43978657 278016
29.5082 43980105 278016
29.5084 43981553 278016
29.5085 43983001 278016
29.5087 43984449 278016
29.5088 43985897 278016
29.509 43987345 278016
29.5091 43988793 278016
29.5093 43990241 278016
29.5094 43991689 278016
29.5096 43993137 278016
29.5097 43994585 278016
29.51 43996033 278016
29.5103 43997481 278016
29.533 43998929 278016
29.5333 44000377 278016
29.5339 44001825 278016
29.5342 44003273 278016
29.5343 44004721 278016
29.5346 44006169 278016
29.5349 44007617 278016
29.5351 44009065 278016
29.5354 44010513 278016
29.5357 44011961 278016
29.5358 44013409 278016
29.5361 44014857 278016
29.5364 44016305 278016
29.5367 44017753 278016
29.537 44019201 278016
29.5373 44020649 278016
29.5382 44022097 278016
29.5385 44023545 278016
29.5388 44024993 278016
29.5391 44026441 278016
29.5394 44027889 278016
29.5397 44029337 278016
29.5401 44030785 278016
29.5404 44032233 278016
29.5407 44033681 278016
29.541 44035129 278016
29.5414 44036577 278016
29.5417 44038025 278016
29.542 44039473 278016
29.5423 44040921 278016
29.5426 44042369 278016
29.5429 44043817 278016
29.5432 44045265 278016
29.5435 44046713 278016
29.5437 44048161 278016
29.544 44049609 278016
29.5443 44051057 278016
29.5446 44052505 278016
29.5449 44053953 278016
29.545 44055401 278016
29.5452 44056849 278016
29.5453 44058297 278016
29.5455 44059745 278016
29.5456 44061193 278016
29.5458 44062641 278016
29.5459 44064089 278016
29.5461 44065537 278016
29.5462 44066985 278016
29.5464 44068433 278016
29.5465 44069881 278016
29.5467 44071329 278016
29.5468 44072777 278016
29.547 44074225 278016
29.5471 44075673 278016
29.5473 44077121 278016
29.5474 44078569 278016
29.5476 44080017 278016
29.5477 44081465 278016
29.5479 44082913 278016
29.548 44084361 278016
29.5482 44085809 278016
29.5483 44087257 278016
29.5485 44088705 278016
29.5486 44090153 278016
29.5488 44091601 278016
29.5489 44093049 278016
29.5491 44094497 278016
29.5492 44095945 278016
29.5494 44097393 278016
29.5495 44098841 278016
29.5497 44100289 278016
29.5498 44101737 278016
29.55 44103185 278016
29.5501 44104633 278016
29.5503 44106081 278016
29.5504 44107529 278016
29.5506 44108977 278016
29.5507 44110425 278016
29.5509 44111873 278016
29.551 44113321 278016
29.5512 44114769 278016
29.5513 44116217 278016
29.5515 44117665 278016
29.5516 44119113 278016
29.5518 44120561 278016
29.5519 44122009 278016
29.5521 44123457 278016
29.5522 44124905 278016
29.5524 44126353 278016
29.5525 44127801 278016
29.5527 44129249 278016
29.5528 44130697 278016
29.553 44132145 278016
29.5531 44133593 278016
29.5533 44135041 278016
29.5534 44136489 278016
29.5536 44137937 278016
29.5537 44139385 278016
29.5539 44140833 278016
29.554 44142281 278016
29.5542 44143729 278016
29.5543 44145177 278016
29.5545 44146625 278016
29.5546 44148073 278016
29.5548 44149521 278016
29.5549 44150969 278016
29.5551 44152417 278016
29.5552 44153865 278016
29.5554 44155313 278016
29.5555 44156761 278016
29.5557 44158209 278016
29.5558 44159657 278016
29.556 44161105 278016
29.5561 44162553 278016
29.5563 44164001 278016
29.5564 44165449 278016
29.5566 44166897 278016
29.5567 44168345 278016
29.5569 44169793 278016
29.557 44171241 278016
29.5572 44172689 278016
29.5573 44174137 278016
29.5575 44175585 278016
29.5576 44177033 278016
29.5578 44178481 278016
29.5579 44179929 278016
29.5581 44181377 278016
29.5582 44182825 278016
29.5584 44184273 278016
29.5585 44185721 278016
29.5587 44187169 278016
29.5588 44188617 278016
29.559 44190065 278016
29.5591 44191513 278016
29.5593 44192961 278016
29.5594 44194409 278016
29.5596 44195857 278016
29.5597 44197305 278016
29.5599 44198753 278016
29.56 44200201 278016
29.5602 44201649 278016
29.5603 44203097 278016
29.5605 44204545 278016
29.5606 44205993 278016
29.5608 44207441 278016
29.5609 44208889 278016
29.5611 44210337 278016
29.5612 44211785 278016
29.5614 44213233 278016
29.5615 44214681 278016
29.5617 44216129 278016
29.5618 44217577 278016
29.562 44219025 278016
29.5621 44220473 278016
29.5623 44221921 278016
29.5624 44223369 278016
29.5626 44224817 278016
29.5627 44226265 278016
29.5629 44227713 278016
29.563 44229161 278016
29.5632 44230609 278016
29.5633 44232057 278016
29.5635 44233505 278016
29.5636 44234953 278016
29.5638 44236401 278016
29.5639 44237849 278016
29.5641 44239297 278016
29.5642 44240745 278016
29.5644 44242193 278016
29.5645 44243641 278016
29.5647 44245089 278016
29.5648 44246537 278016
29.565 44247985 278016
29.5651 44249433 278016
29.5653 44250881 278016
29.5654 44252329 278016
29.5656 44253777 278016
29.5657 44255225 278016
29.5659 44256673 278016
29.566 44258121 278016
29.5662 44259569 278016
29.5663 44261017 278016
29.5665 44262465 278016
29.5666 44263913 278016
29.5668 44265361 278016
29.5669 44266809 278016
29.5671 44268257 278016
29.5672 44269705 278016
29.5674 44271153 278016
29.5675 44272601 278016
29.5678 44274049 278016
29.5681 44275497 278016
29.5914 44276945 278016
29.5917 44278393 278016
29.5923 44279841 278016
29.5925 44281289 278016
29.5928 44282737 278016
29.5931 44284185 278016
29.5932 44285633 278016
29.5935 44287081 278016
29.5938 44288529 278016
29.594 44289977 278016
29.5943 44291425 278016
29.5946 44292873 278016
29.5949 44294321 278016
29.5952 44295769 278016
29.5955 44297217 278016
29.5958 44298665 278016
29.5967 44300113 278016
29.597 44301561 278016
29.5973 44303009 278016
29.5976 44304457 278016
29.5979 44305905 278016
29.5982 44307353 278016
29.5985 44308801 278016
29.5988 44310249 278016
29.5991 44311697 278016
29.5994 44313145 278016
29.5998 44314593 278016
29.6001 44316041 278016
29.6004 44317489 278016
29.6007 44318937 278016
29.601 44320385 278016
29.6013 44321833 278016
29.6016 44323281 278016
29.6018 44324729 278016
29.6021 44326177 278016
29.6024 44327625 278016
29.6027 44329073 278016
29.603 44330521 278016
29.6031 44331969 278016
29.6033 44333417 278016
29.6034 44334865 278016
29.6036 44336313 278016
29.6037 44337761 278016
29.6039 44339209 278016
29.604 44340657 278016
29.6042 44342105 278016
29.6043 44343553 278016
29.6045 44345001 278016
29.6046 44346449 278016
29.6048 44347897 278016
29.6049 44349345 278016
29.6051 44350793 278016
29.6052 44352241 278016
29.6054 44353689 278016
29.6055 44355137 278016
29.6057 44356585 278016
29.6058 44358033 278016
29.606 44359481 278016
29.6061 44360929 278016
29.6063 44362377 278016
29.6064 44363825 278016
29.6066 44365273 278016
29.6067 44366721 278016
29.6069 44368169 278016
29.607 44369617 278016
29.6072 44371065 278016
29.6073 44372513 278016
29.6075 44373961 278016
29.6076 44375409 278016
29.6078 44376857 278016
29.6079 44378305 278016
29.6081 44379753 278016
29.6082 44381201 278016
29.6084 44382649 278016
29.6085 44384097 278016
29.6087 44385545 278016
29.6088 44386993 278016
29.609 44388441 278016
29.6091 44389889 278016
29.6093 44391337 278016
29.6094 44392785 278016
29.6096 44394233 278016
29.6097 44395681 278016
29.6099 44397129 278016
29.61 44398577 278016
29.6102 44400025 278016
29.6103 44401473 278016
29.6105 44402921 278016
29.6106 44404369 278016
29.6108 44405817 278016
29.6109 44407265 278016
29.6111 44408713 278016
29.6112 44410161 278016
29.6114 44411609 278016
29.6115 44413057 278016
29.6117 44414505 278016
29.6118 44415953 278016
29.612 44417401 278016
29.6121 44418849 278016
29.6123 44420297 278016
29.6124 44421745 278016
29.6126 44423193 278016
29.6127 44424641 278016
29.6129 44426089 278016
29.613 44427537 278016
29.6132 44428985 278016
29.6133 44430433 278016
29.6135 44431881 278016
29.6136 44433329 278016
29.6138 44434777 278016
29.6139 44436225 278016
29.6141 44437673 278016
29.6142 44439121 278016
29.6144 44440569 278016
29.6145 44442017 278016
29.6147 44443465 278016
29.6148 44444913 278016
29.615 44446361 278016
29.6152 44447809 278016
29.6153 44449257 278016
29.6155 44450705 278016
29.6156 44452153 278016
29.6158 44453601 278016
29.6159 44455049 278016
29.6161 44456497 278016
29.6162 44457945 278016
29.6164 44459393 278016
29.6165 44460841 278016
29.6167 44462289 278016
29.6168 44463737 278016
29.617 44465185 278016
29.6171 44466633 278016
29.6173 44468081 278016
29.6174 44469529 278016
29.6176 44470977 278016
29.6177 44472425 278016
29.6179 44473873 278016
29.618 44475321 278016
29.6182 44476769 278016
29.6183 44478217 278016
29.6185 44479665 278016
29.6186 44481113 278016
29.6188 44482561 278016
29.6189 44484009 278016
29.6191 44485457 278016
29.6192 44486905 278016
29.6194 44488353 278016
29.6195 44489801 278016
29.6197 44491249 278016
29.6198 44492697 278016
29.62 44494145 278016
29.6201 44495593 278016
29.6203 44497041 278016
29.6204 44498489 278016
29.6206 44499937 278016
29.6207 44501385 278016
29.6209 44502833 278016
29.621 44504281 278016
29.6212 44505729 278016
29.6213 44507177 278016
29.6215 44508625 278016
29.6216 44510073 278016
29.6218 44511521 278016
29.6219 44512969 278016
29.6221 44514417 278016
29.6222 44515865 278016
29.6224 44517313 278016
29.6225 44518761 278016
29.6227 44520209 278016
29.6228 44521657 278016
29.623 44523105 278016
29.6231 44524553 278016
29.6233 44526001 278016
29.6234 44527449 278016
29.6236 44528897 278016
29.6237 44530345 278016
29.6239 44531793 278016
29.624 44533241 278016
29.6242 44534689 278016
29.6243 44536137 278016
29.6245 44537585 278016
29.6246 44539033 278016
29.6248 44540481 278016
29.6249 44541929 278016
29.6251 44543377 278016
29.6252 44544825 278016
29.6254 44546273 278016
29.6255 44547721 278016
29.6257 44549169 278016
29.626 44550617 278016
29.6264 44552065 278016
29.6267 44553513 278016
29.6512 44554961 278016
29.6515 44556409 278016
29.6519 44557857 278016
29.6522 44559305 278016
29.6526 44560753 278016
29.6527 44562201 278016
29.653 44563649 278016
29.6533 44565097 278016
29.6535 44566545 278016
29.6538 44567993 278016
29.6541 44569441 278016
29.6544 44570889 278016
29.6547 44572337 278016
29.655 44573785 278016
29.6553 44575233 278016
29.6556 44576681 278016
29.6565 44578129 278016
29.6568 44579577 278016
29.6571 44581025 278016
29.6574 44582473 278016
29.6577 44583921 278016
29.658 44585369 278016
29.6583 44586817 278016
29.6586 44588265 278016
29.6589 44589713 278016
29.6592 44591161 278016
29.6596 44592609 278016
29.6599 44594057 278016
29.6602 44595505 278016
29.6605 44596953 278016
29.6608 44598401 278016
29.6611 44599849 278016
29.6613 44601297 278016
29.6616 44602745 278016
29.6619 44604193 278016
29.6622 44605641 278016
29.6625 44607089 278016
29.6626 44608537 278016
29.6628 44609985 278016
29.6629 44611433 278016
29.6631 44612881 278016
29.6632 44614329 278016
29.6634 44615777 278016
29.6635 44617225 278016
29.6637 44618673 278016
29.6638 44620121 278016
29.664 44621569 278016
29.6641 44623017 278016
29.6643 44624465 278016
29.6644 44625913 278016
29.6646 44627361 278016
29.6647 44628809 278016
29.6649 44630257 278016
29.665 44631705 278016
29.6652 44633153 278016
29.6653 44634601 278016
29.6655 44636049 278016
29.6656 44637497 278016
29.6658 44638945 278016
29.6659 44640393 278016
29.6661 44641841 278016
29.6662 44643289 278016
29.6664 44644737 278016
29.6665 44646185 278016
29.6667 44647633 278016
29.6668 44649081 278016
29.667 44650529 278016
29.6671 44651977 278016
29.6673 44653425 278016
29.6674 44654873 278016
29.6676 44656321 278016
29.6677 44657769 278016
29.6679 44659217 278016
29.668 44660665 278016
29.6682 44662113 278016
29.6683 44663561 278016
29.6685 44665009 278016
29.6686 44666457 278016
29.6688 44667905 278016
29.6689 44669353 278016
29.6691 44670801 278016
29.6692 44672249 278016
29.6694 44673697 278016
29.6695 44675145 278016
29.6697 44676593 278016
29.6698 44678041 278016
29.67 44679489 278016
29.6701 44680937 278016
29.6703 44682385 278016
29.6704 44683833 278016
29.6706 44685281 278016
29.6707 44686729 278016
29.6709 44688177 278016
29.671 44689625 278016
29.6712 44691073 278016
29.6713 44692521 278016
29.6715 44693969 278016
29.6716 44695417 278016
29.6718 44696865 278016
29.6719 44698313 278016
29.6721 44699761 278016
29.6722 44701209 278016
29.6724 44702657 278016
29.6725 44704105 278016
29.6727 44705553 278016
29.6728 44707001 278016
29.673 44708449 278016
29.6731 44709897 278016
29.6733 44711345 278016
29.6734 44712793 278016
29.6736 44714241 278016
29.6737 44715689 278016
29.6739 44717137 278016
29.674 44718585 278016
29.6742 44720033 278016
29.6743 44721481 278016
29.6745 44722929 278016
29.6746 44724377 278016
29.6748 44725825 278016
29.6749 44727273 278016
29.6751 44728721 278016
29.6752 44730169 278016
29.6754 44731617 278016
29.6755 44733065 278016
29.6757 44734513 278016
29.6758 44735961 278016
29.676 44737409 278016
29.6761 44738857 278016
29.6763 44740305 278016
29.6764 44741753 278016
29.6766 44743201 278016
29.6767 44744649 278016
29.6769 44746097 278016
29.677 44747545 278016
29.6772 44748993 278016
29.6773 44750441 278016
29.6775 44751889 278016
29.6776 44753337 278016
29.6778 44754785 278016
29.6779 44756233 278016
29.6781 44757681 278016
29.6782 44759129 278016
29.6784 44760577 278016
29.6785 44762025 278016
29.6787 44763473 278016
29.6788 44764921 278016
29.679 44766369 278016
29.6791 44767817 278016
29.6793 44769265 278016
29.6794 44770713 278016
29.6796 44772161 278016
29.6797 44773609 278016
29.6799 44775057 278016
29.68 44776505 278016
29.6802 44777953 278016
29.6803 44779401 278016
29.6805 44780849 278016
29.6806 44782297 278016
29.6808 44783745 278016
29.6809 44785193 278016
29.6811 44786641 278016
29.6812 44788089 278016
29.6814 44789537 278016
29.6815 44790985 278016
29.6817 44792433 278016
29.6818 44793881 278016
29.682 44795329 278016
29.6821 44796777 278016
29.6823 44798225 278016
29.6824 44799673 278016
29.6826 44801121 278016
29.6827 44802569 278016
29.6829 44804017 278016
29.683 44805465 278016
29.6832 44806913 278016
29.6833 44808361 278016
29.6835 44809809 278016
29.6836 44811257 278016
29.6838 44812705 278016
29.6839 44814153 278016
29.6841 44815601 278016
29.6842 44817049 278016
29.6844 44818497 278016
29.6845 44819945 278016
29.6847 44821393 278016
29.6848 44822841 278016
29.685 44824289 278016
29.6851 44825737 278016
29.6854 44827185 278016
29.6857 44828633 278016
29.6862 44830081 278016
29.6865 44831529 278016
29.7134 44832977 278016
29.7137 44834425 278016
29.7141 44835873 278016
29.7144 44837321 278016
29.7147 44838769 278016
29.7149 44840217 278016
29.7152 44841665 278016
29.7155 44843113 278016
29.7156 44844561 278016
29.7159 44846009 278016
29.7162 44847457 278016
29.7165 44848905 278016
29.7168 44850353 278016
29.7171 44851801 278016
29.7174 44853249 278016
29.7177 44854697 278016
29.7186 44856145 278016
29.7189 44857593 278016
29.7192 44859041 278016
29.7195 44860489 278016
29.7198 44861937 278016
29.7201 44863385 278016
29.7204 44864833 278016
29.7207 44866281 278016
29.721 44867729 278016
29.7213 44869177 278016
29.7218 44870625 278016
29.7221 44872073 278016
29.7224 44873521 278016
29.7227 44874969 278016
29.723 44876417 278016
29.7233 44877865 278016
29.7234 44879313 278016
29.7237 44880761 278016
29.724 44882209 278016
29.7243 44883657 278016
29.7246 44885105 278016
29.7248 44886553 278016
29.7249 44888001 278016
29.7251 44889449 278016
29.7252 44890897 278016
29.7254 44892345 278016
29.7255 44893793 278016
29.7257 44895241 278016
29.7258 44896689 278016
29.726 44898137 278016
29.7261 44899585 278016
29.7263 44901033 278016
29.7264 44902481 278016
29.7266 44903929 278016
29.7267 44905377 278016
29.7269 44906825 278016
29.727 44908273 278016
29.7272 44909721 278016
29.7273 44911169 278016
29.7275 44912617 278016
29.7277 44914065 278016
29.7278 44915513 278016
29.728 44916961 278016
29.7281 44918409 278016
29.7283 44919857 278016
29.7284 44921305 278016
29.7286 44922753 278016
29.7287 44924201 278016
29.7289 44925649 278016
29.729 44927097 278016
29.7292 44928545 278016
29.7293 44929993 278016
29.7295 44931441 278016
29.7296 44932889 278016
29.7298 44934337 278016
29.7299 44935785 278016
29.7301 44937233 278016
29.7302 44938681 278016
29.7304 44940129 278016
29.7305 44941577 278016
29.7307 44943025 278016
29.7308 44944473 278016
29.731 44945921 278016
29.7311 44947369 278016
29.7313 44948817 278016
29.7314 44950265 278016
29.7316 44951713 278016
29.7317 44953161 278016
29.7319 44954609 278016
29.732 44956057 278016
29.7322 44957505 278016
29.7323 44958953 278016
29.7325 44960401 278016
29.7326 44961849 278016
29.7328 44963297 278016
29.7329 44964745 278016
29.7331 44966193 278016
29.7332 44967641 278016
29.7334 44969089 278016
29.7335 44970537 278016
29.7337 44971985 278016
29.7338 44973433 278016
29.734 44974881 278016
29.7341 44976329 278016
29.7343 44977777 278016
29.7344 44979225 278016
29.7346 44980673 278016
29.7347 44982121 278016
29.7349 44983569 278016
29.735 44985017 278016
29.7352 44986465 278016
29.7353 44987913 278016
29.7355 44989361 278016
29.7356 44990809 278016
29.7358 44992257 278016
29.7359 44993705 278016
29.7361 44995153 278016
29.7362 44996601 278016
29.7364 44998049 278016
29.7365 44999497 278016
29.7367 45000945 278016
29.7368 45002393 278016
29.737 45003841 278016
29.7371 45005289 278016
29.7373 45006737 278016
29.7374 45008185 278016
29.7376 45009633 278016
29.7377 45011081 278016
29.7379 45012529 278016
29.738 45013977 278016
29.7382 45015425 278016
29.7383 45016873 278016
29.7385 45018321 278016
29.7386 45019769 278016
29.7388 45021217 278016
29.7389 45022665 278016
29.7391 45024113 278016
29.7392 45025561 278016
29.7394 45027009 278016
29.7395 45028457 278016
29.7397 45029905 278016
29.7398 45031353 278016
29.74 45032801 278016
29.7401 45034249 278016
29.7403 45035697 278016
29.7404 45037145 278016
29.7406 45038593 278016
29.7407 45040041 278016
29.7409 45041489 278016
29.741 45042937 278016
29.7412 45044385 278016
29.7413 45045833 278016
29.7415 45047281 278016
29.7416 45048729 278016
29.7418 45050177 278016
29.7419 45051625 278016
29.7421 45053073 278016
29.7422 45054521 278016
29.7424 45055969 278016
29.7425 45057417 278016
29.7427 45058865 278016
29.7428 45060313 278016
29.743 45061761 278016
29.7431 45063209 278016
29.7433 45064657 278016
29.7434 45066105 278016
29.7436 45067553 278016
29.7437 45069001 278016
29.7439 45070449 278016
29.744 45071897 278016
29.7442 45073345 278016
29.7443 45074793 278016
29.7445 45076241 278016
29.7446 45077689 278016
29.7448 45079137 278016
29.7449 45080585 278016
29.7451 45082033 278016
29.7452 45083481 278016
29.7454 45084929 278016
29.7455 45086377 278016
29.7457 45087825 278016
29.7458 45089273 278016
29.746 45090721 278016
29.7461 45092169 278016
29.7463 45093617 278016
29.7464 45095065 278016
29.7466 45096513 278016
29.7467 45097961 278016
29.7469 45099409 278016
29.747 45100857 278016
29.7472 45102305 278016
29.7473 45103753 278016
29.7476 45105201 278016
29.7479 45106649 278016
29.7485 45108097 278016
29.7488 45109545 278016
29.7805 45110993 278016
29.7808 45112441 278016
29.7813 45113889 278016
29.7816 45115337 278016
29.7819 45116785 278016
29.782 45118233 278016
29.7823 45119681 278016
29.7826 45121129 278016
29.7828 45122577 278016
29.7831 45124025 278016
29.7834 45125473 278016
29.7837 45126921 278016
29.784 45128369 278016
29.7843 45129817 278016
29.7846 45131265 278016
29.7849 45132713 278016
29.7858 45134161 278016
29.7861 45135609 278016
29.7864 45137057 278016
29.7867 45138505 278016
29.787 45139953 278016
29.7873 45141401 278016
29.7876 45142849 278016
29.7879 45144297 278016
29.7882 45145745 278016
29.7885 45147193 278016
29.7889 45148641 278016
29.7892 45150089 278016
29.7895 45151537 278016
29.7898 45152985 278016
29.7901 45154433 278016
29.7904 45155881 278016
29.7906 45157329 278016
29.7909 45158777 278016
29.7912 45160225 278016
29.7915 45161673 278016
29.7918 45163121 278016
29.7919 45164569 278016
29.7921 45166017 278016
29.7922 45167465 278016
29.7924 45168913 278016
29.7925 45170361 278016
29.7927 45171809 278016
29.7928 45173257 278016
29.793 45174705 278016
29.7931 45176153 278016
29.7933 45177601 278016
29.7934 45179049 278016
29.7936 45180497 278016
29.7937 45181945 278016
29.7939 45183393 278016
29.794 45184841 278016
29.7942 45186289 278016
29.7943 45187737 278016
29.7945 45189185 278016
29.7946 45190633 278016
29.7948 45192081 278016
29.7949 45193529 278016
29.7951 45194977 278016
29.7952 45196425 278016
29.7954 45197873 278016
29.7955 45199321 278016
29.7957 45200769 278016
29.7958 45202217 278016
29.796 45203665 278016
29.7961 45205113 278016
29.7963 45206561 278016
29.7964 45208009 278016
29.7966 45209457 278016
29.7967 45210905 278016
29.7969 45212353 278016
29.797 45213801 278016
29.7972 45215249 278016
29.7973 45216697 278016
29.7975 45218145 278016
29.7976 45219593 278016
29.7978 45221041 278016
29.7979 45222489 278016
29.7981 45223937 278016
29.7982 45225385 278016
29.7984 45226833 278016
29.7985 45228281 278016
29.7987 45229729 278016
29.7988 45231177 278016
29.799 45232625 278016
29.7991 45234073 278016
29.7993 45235521 278016
29.7994 45236969 278016
29.7996 45238417 278016
29.7997 45239865 278016
29.7999 45241313 278016
29.8 45242761 278016
29.8002 45244209 278016
29.8003 45245657 278016
29.8005 45247105 278016
29.8006 45248553 278016
29.8008 45250001 278016
29.8009 45251449 278016
29.8011 45252897 278016
29.8012 45254345 278016
29.8014 45255793 278016
29.8015 45257241 278016
29.8017 45258689 278016
29.8018 45260137 278016
29.802 45261585 278016
29.8021 45263033 278016
29.8023 45264481 278016
29.8024 45265929 278016
29.8026 45267377 278016
29.8027 45268825 278016
29.8029 45270273 278016
29.8031 45271721 278016
29.8032 45273169 278016
29.8034 45274617 278016
29.8035 45276065 278016
29.8037 45277513 278016
29.8038 45278961 278016
29.804 45280409 278016
29.8041 45281857 278016
29.8043 45283305 278016
29.8044 45284753 278016
29.8046 45286201 278016
29.8047 45287649 278016
29.8049 45289097 278016
29.805 45290545 278016
29.8052 45291993 278016
29.8053 45293441 278016
29.8055 45294889 278016
29.8056 45296337 278016
29.8058 45297785 278016
29.8059 45299233 278016
29.8061 45300681 278016
29.8062 45302129 278016
29.8064 45303577 278016
29.8065 45305025 278016
29.8067 45306473 278016
29.8068 45307921 278016
29.807 45309369 278016
29.8071 45310817 278016
29.8073 45312265 278016
29.8074 45313713 278016
29.8076 45315161 278016
29.8077 45316609 278016
29.8079 45318057 278016
29.808 45319505 278016
29.8082 45320953 278016
29.8083 45322401 278016
29.8085 45323849 278016
29.8086 45325297 278016
29.8088 45326745 278016
29.8089 45328193 278016
29.8091 45329641 278016
29.8092 45331089 278016
29.8094 45332537 278016
29.8095 45333985 278016
29.8097 45335433 278016
29.8098 45336881 278016
29.81 45338329 278016
29.8101 45339777 278016
29.8103 45341225 278016
29.8104 45342673 278016
29.8106 45344121 278016
29.8107 45345569 278016
29.8109 45347017 278016
29.811 45348465 278016
29.8112 45349913 278016
29.8113 45351361 278016
29.8115 45352809 278016
29.8116 45354257 278016
29.8118 45355705 278016
29.8119 45357153 278016
29.8121 45358601 278016
29.8122 45360049 278016
29.8124 45361497 278016
29.8125 45362945 278016
29.8127 45364393 278016
29.8128 45365841 278016
29.813 45367289 278016
29.8131 45368737 278016
29.8133 45370185 278016
29.8134 45371633 278016
29.8136 45373081 278016
29.8137 45374529 278016
29.8139 45375977 278016
29.814 45377425 278016
29.8142 45378873 278016
29.8143 45380321 278016
29.8145 45381769 278016
29.8148 45383217 278016
29.8151 45384665 278016
29.8157 45386113 278016
29.816 45387561 278016
29.8544 45389009 278016
29.8549 45390457 278016
29.8559 45391905 278016
29.8564 45393353 278016
29.8568 45394801 278016
29.8573 45396249 278016
29.858 45397697 278016
29.8583 45399145 278016
29.8589 45400593 278016
29.8594 45402041 278016
29.8601 45403489 278016
29.8606 45404937 278016
29.8609 45406385 278016
29.8612 45407833 278016
29.8615 45409281 278016
29.8618 45410729 278016
29.8627 45412177 278016
29.863 45413625 278016
29.8633 45415073 278016
29.8636 45416521 278016
29.8639 45417969 278016
29.8642 45419417 278016
29.8645 45420865 278016
29.8648 45422313 278016
29.8651 45423761 278016
29.8654 45425209 278016
29.8658 45426657 278016
29.8661 45428105 278016
29.8664 45429553 278016
29.8667 45431001 278016
29.867 45432449 278016
29.8672 45433897 278016
29.8675 45435345 278016
29.8678 45436793 278016
29.8681 45438241 278016
29.8684 45439689 278016
29.8685 45441137 278016
29.8687 45442585 278016
29.8688 45444033 278016
29.869 45445481 278016
29.8691 45446929 278016
29.8693 45448377 278016
29.8694 45449825 278016
29.8696 45451273 278016
29.8697 45452721 278016
29.8699 45454169 278016
29.87 45455617 278016
29.8702 45457065 278016
29.8703 45458513 278016
29.8705 45459961 278016
29.8706 45461409 278016
29.8708 45462857 278016
29.8709 45464305 278016
29.8711 45465753 278016
29.8712 45467201 278016
29.8714 45468649 278016
29.8715 45470097 278016
29.8717 45471545 278016
29.8718 45472993 278016
29.872 45474441 278016
29.8721 45475889 278016
29.8723 45477337 278016
29.8724 45478785 278016
29.8726 45480233 278016
29.8727 45481681 278016
29.8729 45483129 278016
29.873 45484577 278016
29.8732 45486025 278016
29.8733 45487473 278016
29.8735 45488921 278016
29.8736 45490369 278016
29.8738 45491817 278016
29.8739 45493265 278016
29.8741 45494713 278016
29.8742 45496161 278016
29.8744 45497609 278016
29.8745 45499057 278016
29.8747 45500505 278016
29.8748 45501953 278016
29.875 45503401 278016
29.8751 45504849 278016
29.8753 45506297 278016
29.8754 45507745 278016
29.8756 45509193 278016
29.8757 45510641 278016
29.8759 45512089 278016
29.876 45513537 278016
29.8762 45514985 278016
29.8763 45516433 278016
29.8765 45517881 278016
29.8766 45519329 278016
29.8768 45520777 278016
29.8769 45522225 278016
29.8771 45523673 278016
29.8772 45525121 278016
29.8774 45526569 278016
29.8775 45528017 278016
29.8777 45529465 278016
29.8778 45530913 278016
29.878 45532361 278016
29.8782 45533809 278016
29.8783 45535257 278016
29.8785 45536705 278016
29.8786 45538153 278016
29.8788 45539601 278016
29.8789 45541049 278016
29.8791 45542497 278016
29.8792 45543945 278016
29.8794 45545393 278016
29.8795 45546841 278016
29.8797 45548289 278016
29.8798 45549737 278016
29.88 45551185 278016
29.8801 45552633 278016
29.8803 45554081 278016
29.8804 45555529 278016
29.8806 45556977 278016
29.8807 45558425 278016
29.8809 45559873 278016
29.881 45561321 278016
29.8812 45562769 278016
29.8813 45564217 278016
29.8815 45565665 278016
29.8816 45567113 278016
29.8818 45568561 278016
29.8819 45570009 278016
29.8821 45571457 278016
29.8822 45572905 278016
29.8824 45574353 278016
29.8825 45575801 278016
29.8827 45577249 278016
29.8828 45578697 278016
29.883 45580145 278016
29.8831 45581593 278016
29.8833 45583041 278016
29.8834 45584489 278016
29.8836 45585937 278016
29.8837 45587385 278016
29.8839 45588833 278016
29.884 45590281 278016
29.8842 45591729 278016
29.8843 45593177 278016
29.8845 45594625 278016
29.8846 45596073 278016
29.8848 45597521 278016
29.8849 45598969 278016
29.8851 45600417 278016
29.8852 45601865 278016
29.8854 45603313 278016
29.8855 45604761 278016
29.8857 45606209 278016
29.8858 45607657 278016
29.886 45609105 278016
29.8861 45610553 278016
29.8863 45612001 278016
29.8864 45613449 278016
29.8866 45614897 278016
29.8867 45616345 278016
29.8869 45617793 278016
29.887 45619241 278016
29.8872 45620689 278016
29.8873 45622137 278016
29.8875 45623585 278016
29.8876 45625033 278016
29.8878 45626481 278016
29.8879 45627929 278016
29.8881 45629377 278016
29.8882 45630825 278016
29.8884 45632273 278016
29.8885 45633721 278016
29.8887 45635169 278016
29.8888 45636617 278016
29.889 45638065 278016
29.8891 45639513 278016
29.8893 45640961 278016
29.8894 45642409 278016
29.8896 45643857 278016
29.8897 45645305 278016
29.8899 45646753 278016
29.89 45648201 278016
29.8902 45649649 278016
29.8903 45651097 278016
29.8905 45652545 278016
29.8906 45653993 278016
29.8908 45655441 278016
29.8909 45656889 278016
29.8911 45658337 278016
29.8914 45659785 278016
29.8917 45661233 278016
29.892 45662681 278016
29.8926 45664129 278016
29.8929 45665577 278016
29.9384 45667025 278016
29.9387 45668473 278016
29.9408 45669921 278016
29.9411 45671369 278016
29.942 45672817 278016
29.9423 45674265 278016
29.9436 45675713 278016
29.9439 45677161 278016
29.9453 45678609 278016
29.9456 45680057 278016
29.9471 45681505 278016
29.9472 45682953 278016
29.9477 45684401 278016
29.9478 45685849 278016
29.9483 45687297 278016
29.9484 45688745 278016
29.9495 45690193 278016
29.9496 45691641 278016
29.9499 45693089 278016
29.9502 45694537 278016
29.9505 45695985 278016
29.9508 45697433 278016
29.9511 45698881 278016
29.9514 45700329 278016
29.9517 45701777 278016
29.952 45703225 278016
29.9525 45704673 278016
29.9528 45706121 278016
29.9531 45707569 278016
29.9534 45709017 278016
29.9537 45710465 278016
29.9539 45711913 278016
29.9542 45713361 278016
29.9545 45714809 278016
29.9548 45716257 278016
29.9551 45717705 278016
29.9552 45719153 278016
29.9554 45720601 278016
29.9555 45722049 278016
29.9557 45723497 278016
29.9558 45724945 278016
29.956 45726393 278016
29.9561 45727841 278016
29.9563 45729289 278016
29.9564 45730737 278016
29.9566 45732185 278016
29.9567 45733633 278016
29.9569 45735081 278016
29.957 45736529 278016
29.9572 45737977 278016
29.9573 45739425 278016
29.9575 45740873 278016
29.9576 45742321 278016
29.9578 45743769 278016
29.9579 45745217 278016
29.9581 45746665 278016
29.9582 45748113 278016
29.9584 45749561 278016
29.9585 45751009 278016
29.9587 45752457 278016
29.9588 45753905 278016
29.959 45755353 278016
29.9591 45756801 278016
29.9593 45758249 278016
29.9594 45759697 278016
29.9596 45761145 278016
29.9597 45762593 278016
29.9599 45764041 278016
29.96 45765489 278016
29.9602 45766937 278016
29.9603 45768385 278016
29.9605 45769833 278016
29.9606 45771281 278016
29.9608 45772729 278016
29.9609 45774177 278016
29.9611 45775625 278016
29.9612 45777073 278016
29.9614 45778521 278016
29.9615 45779969 278016
29.9617 45781417 278016
29.9618 45782865 278016
29.962 45784313 278016
29.9621 45785761 278016
29.9623 45787209 278016
29.9624 45788657 278016
29.9626 45790105 278016
29.9627 45791553 278016
29.9629 45793001 278016
29.963 45794449 278016
29.9632 45795897 278016
29.9633 45797345 278016
29.9635 45798793 278016
29.9636 45800241 278016
29.9638 45801689 278016
29.9639 45803137 278016
29.9641 45804585 278016
29.9642 45806033 278016
29.9644 45807481 278016
29.9645 45808929 278016
29.9647 45810377 278016
29.9648 45811825 278016
29.965 45813273 278016
29.9651 45814721 278016
29.9653 45816169 278016
29.9654 45817617 278016
29.9656 45819065 278016
29.9657 45820513 278016
29.9659 45821961 278016
29.966 45823409 278016
29.9662 45824857 278016
29.9663 45826305 278016
29.9665 45827753 278016
29.9666 45829201 278016
29.9668 45830649 278016
29.9669 45832097 278016
29.9671 45833545 278016
29.9672 45834993 278016
29.9674 45836441 278016
29.9675 45837889 278016
29.9677 45839337 278016
29.9678 45840785 278016
29.968 45842233 278016
29.9681 45843681 278016
29.9683 45845129 278016
29.9684 45846577 278016
29.9686 45848025 278016
29.9687 45849473 278016
29.9689 45850921 278016
29.969 45852369 278016
29.9692 45853817 278016
29.9693 45855265 278016
29.9695 45856713 278016
29.9696 45858161 278016
29.9698 45859609 278016
29.9699 45861057 278016
29.9701 45862505 278016
29.9702 45863953 278016
29.9704 45865401 278016
29.9705 45866849 278016
29.9707 45868297 278016
29.9708 45869745 278016
29.971 45871193 278016
29.9711 45872641 278016
29.9713 45874089 278016
29.9714 45875537 278016
29.9716 45876985 278016
29.9717 45878433 278016
29.9719 45879881 278016
29.972 45881329 278016
29.9722 45882777 278016
29.9723 45884225 278016
29.9725 45885673 278016
29.9726 45887121 278016
29.9728 45888569 278016
29.9729 45890017 278016
29.9731 45891465 278016
29.9732 45892913 278016
29.9734 45894361 278016
29.9735 45895809 278016
29.9737 45897257 278016
29.9738 45898705 278016
29.974 45900153 278016
29.9741 45901601 278016
29.9743 45903049 278016
29.9744 45904497 278016
29.9746 45905945 278016
29.9747 45907393 278016
29.9749 45908841 278016
29.975 45910289 278016
29.9752 45911737 278016
29.9753 45913185 278016
29.9755 45914633 278016
29.9756 45916081 278016
29.9758 45917529 278016
29.9759 45918977 278016
29.9761 45920425 278016
29.9762 45921873 278016
29.9764 45923321 278016
29.9764 45924769 32768000
30.0387 45924771 32768000
30.2439 45924771 32768000
