0.366856 353313 167936
0.368058 354761 167936
0.369259 356209 167936
0.370461 357657 167936
0.371662 359105 167936
0.372864 360553 167936
0.374066 362001 167936
0.375267 363449 167936
0.376469 364897 167936
0.37767 366345 167936
0.378872 367793 167936
0.380074 369241 167936
0.381275 370689 167936
0.382477 372137 167936
0.383678 373585 167936
0.38488 375033 167936
0.386082 376481 167936
0.387283 377929 167936
0.388485 379377 167936
0.389686 380825 167936
0.390888 382273 167936
0.39209 383721 168960
0.393291 385169 168960
0.394493 386617 168960
0.395694 388065 168960
0.396896 389513 168960
0.398098 390961 168960
0.399299 392409 168960
0.400501 393857 168960
0.401702 395305 168960
0.402904 396753 168960
0.404106 398201 168960
0.405307 399649 168960
0.406509 401097 168960
0.40771 402545 168960
0.408912 403993 168960
0.410114 405441 168960
0.411315 406889 168960
0.412517 408337 168960
0.413718 409785 168960
0.41492 411233 168960
0.416122 412681 168960
0.417323 414129 170496
0.418525 415577 170496
0.419726 417025 170496
0.420928 418473 170496
0.42213 419921 170496
0.423331 421369 170496
0.424533 422817 170496
0.425734 424265 170496
0.426936 425713 170496
0.428138 427161 170496
0.429339 428609 170496
0.430541 430057 170496
0.431742 431505 170496
0.432944 432953 170496
0.434146 434401 170496
0.435347 435849 170496
0.436549 437297 170496
0.43775 438745 170496
0.438952 440193 170496
0.440154 441641 170496
0.441355 443089 170496
0.442557 444537 172032
0.443758 445985 172032
0.44496 447433 172032
0.446162 448881 172032
0.447363 450329 172032
0.448565 451777 172032
0.449766 453225 172032
0.450968 454673 172032
0.45217 456121 172032
0.453371 457569 172032
0.454573 459017 172032
0.455774 460465 172032
0.456976 461913 172032
0.458178 463361 172032
0.459379 464809 172032
0.460581 466257 172032
0.461782 467705 172032
0.462984 469153 172032
0.464186 470601 172032
0.465387 472049 172032
0.466589 473497 172032
0.46779 474945 173568
0.468992 476393 173568
0.470194 477841 173568
0.471395 479289 173568
0.472597 480737 173568
0.473798 482185 173568
0.475 483633 173568
0.476202 485081 173568
0.477403 486529 173568
0.478605 487977 173568
0.479806 489425 173568
0.481008 490873 173568
0.48221 492321 173568
0.483411 493769 173568
0.484613 495217 173568
0.485814 496665 173568
0.487016 498113 173568
0.488218 499561 173568
0.489419 501009 173568
0.490621 502457 173568
0.491822 503905 173568
0.493024 505353 175104
0.494226 506801 175104
0.495427 508249 175104
0.496629 509697 175104
0.49783 511145 175104
0.499032 512593 175104
0.500234 514041 175104
0.501435 515489 175104
0.502637 516937 175104
0.503838 518385 175104
0.50504 519833 175104
0.506242 521281 175104
0.507443 522729 175104
0.508645 524177 175104
0.509846 525625 175104
0.511048 527073 175104
0.51225 528521 175104
0.513451 529969 175104
0.514653 531417 175104
0.515854 532865 175104
0.517056 534313 175104
0.518258 535761 176640
0.519459 537209 176640
0.520661 538657 176640
0.521862 540105 176640
0.523064 541553 176640
0.524266 543001 176640
0.525467 544449 176640
0.526669 545897 176640
0.52787 547345 176640
0.529072 548793 176640
0.530274 550241 176640
0.531475 551689 176640
0.532677 553137 176640
0.533878 554585 176640
0.53508 556033 176640
0.536282 557481 176640
0.537483 558929 176640
0.538685 560377 176640
0.539886 561825 176640
0.541088 563273 176640
0.54229 564721 176640
0.543491 566169 177664
0.544693 567617 177664
0.545894 569065 177664
0.547096 570513 177664
0.548298 571961 177664
0.549499 573409 177664
0.550701 574857 177664
0.551902 576305 177664
0.553104 577753 177664
0.554306 579201 177664
0.555507 580649 177664
0.556709 582097 177664
0.55791 583545 177664
0.559112 584993 177664
0.560314 586441 177664
0.561515 587889 177664
0.562717 589337 177664
0.563918 590785 177664
0.56512 592233 177664
0.566322 593681 177664
0.567523 595129 177664
0.568725 596577 179200
0.569926 598025 179200
0.571128 599473 179200
0.57233 600921 179200
0.573531 602369 179200
0.574733 603817 179200
0.575934 605265 179200
0.577136 606713 179200
0.578338 608161 179200
0.579539 609609 179200
0.580741 611057 179200
0.581942 612505 179200
0.583144 613953 179200
0.584346 615401 179200
0.585547 616849 179200
0.586749 618297 179200
0.58795 619745 179200
0.589152 621193 179200
0.590354 622641 179200
0.591555 624089 179200
0.592757 625537 179200
0.593958 626985 180736
0.59516 628433 180736
0.596362 629881 180736
0.597563 631329 180736
0.598765 632777 180736
0.599966 634225 180736
0.601168 635673 180736
0.60237 637121 180736
0.603571 638569 180736
0.604773 640017 180736
0.605974 641465 180736
0.607176 642913 180736
0.608378 644361 180736
0.609579 645809 180736
0.610781 647257 180736
0.611982 648705 180736
0.613184 650153 180736
0.614386 651601 180736
0.615587 653049 180736
0.616789 654497 180736
0.61799 655945 180736
0.619192 657393 182272
0.620394 658841 182272
0.621595 660289 182272
0.622797 661737 182272
0.623998 663185 182272
0.6252 664633 182272
0.626402 666081 182272
0.627603 667529 182272
0.628805 668977 182272
0.630006 670425 182272
0.631208 671873 182272
0.63241 673321 182272
0.633611 674769 182272
0.634813 676217 182272
0.636014 677665 182272
0.637216 679113 182272
0.638418 680561 182272
0.639619 682009 182272
0.640821 683457 182272
0.642022 684905 182272
0.643224 686353 182272
0.644426 687801 183808
0.645627 689249 183808
0.646829 690697 183808
0.64803 692145 183808
0.649232 693593 183808
0.650434 695041 183808
0.651635 696489 183808
0.652837 697937 183808
0.654038 699385 183808
0.65524 700833 183808
0.656442 702281 183808
0.657643 703729 183808
0.658845 705177 183808
0.660046 706625 183808
0.661248 708073 183808
0.66245 709521 183808
0.663651 710969 183808
0.664853 712417 183808
0.666054 713865 183808
0.667256 715313 183808
0.668458 716761 183808
0.669659 718209 185344
0.670861 721105 185344
0.672062 722553 185344
0.673264 724001 185344
0.674466 725449 185344
0.675667 726897 185344
0.676869 728345 185344
0.67807 729793 185344
0.679272 731241 185344
0.680474 732689 185344
0.681675 734137 185344
0.682877 735585 185344
0.684078 737033 185344
0.68528 738481 185344
0.686482 739929 185344
0.687683 741377 185344
0.688885 742825 185344
0.690086 744273 185344
0.691288 745721 185344
0.69249 747169 185344
0.693691 748617 186368
0.694893 750065 186368
0.696094 751513 186368
0.697296 752961 186368
0.698498 754409 186368
0.699699 755857 186368
0.700901 757305 186368
0.702102 758753 186368
0.703304 760201 186368
0.704506 761649 186368
0.705707 763097 186368
0.706909 764545 186368
0.70811 765993 186368
0.709312 767441 186368
0.710514 768889 186368
0.711715 770337 186368
0.712917 771785 186368
0.714118 773233 186368
0.71532 774681 186368
0.716522 776129 186368
0.717723 777577 186368
0.718925 779025 187904
0.720126 780473 187904
0.721328 781921 187904
0.72253 783369 187904
0.723731 784817 187904
0.724933 786265 187904
0.726134 787713 187904
0.727336 789161 187904
0.728538 790609 187904
0.729739 792057 187904
0.730941 793505 187904
0.732142 794953 187904
0.733344 796401 187904
0.734546 797849 187904
0.735747 799297 187904
0.736949 800745 187904
0.73815 802193 187904
0.739352 803641 187904
0.740554 805089 187904
0.741755 806537 187904
0.742957 807985 187904
0.744158 809433 189440
0.74536 810881 189440
0.746562 812329 189440
0.747763 813777 189440
0.748965 815225 189440
0.750166 816673 189440
0.751368 818121 189440
0.75257 819569 189440
0.753771 821017 189440
0.754973 822465 189440
0.756174 823913 189440
0.757376 825361 189440
0.758578 826809 189440
0.759779 828257 189440
0.760981 829705 189440
0.762182 831153 189440
0.763384 832601 189440
0.764586 834049 189440
0.765787 835497 189440
0.766989 836945 189440
0.76819 838393 189440
0.769392 839841 190976
0.770594 841289 190976
0.771795 844185 190976
0.772997 845633 190976
0.774198 847081 190976
0.7754 848529 190976
0.776602 849977 190976
0.777803 851425 190976
0.779005 852873 190976
0.780206 854321 190976
0.781408 855769 190976
0.78261 857217 190976
0.783811 858665 190976
0.785013 860113 190976
0.786214 861561 190976
0.787416 863009 190976
0.788618 864457 190976
0.789819 865905 190976
0.791021 867353 190976
0.792222 868801 190976
0.793424 870249 192512
0.794626 871697 192512
0.795827 873145 192512
0.797029 874593 192512
0.79823 876041 192512
0.799432 877489 192512
0.800634 878937 192512
0.801835 880385 192512
0.803037 881833 192512
0.804238 883281 192512
0.80544 884729 192512
0.806642 886177 192512
0.807843 887625 192512
0.809045 889073 192512
0.810246 890521 192512
0.811448 891969 192512
0.81265 893417 192512
0.813851 894865 192512
0.815053 896313 192512
0.816254 897761 192512
0.817456 899209 192512
0.818658 900657 193536
0.819859 902105 193536
0.821061 905001 193536
0.822262 906449 193536
0.823464 907897 193536
0.824666 909345 193536
0.825867 910793 193536
0.827069 912241 193536
0.82827 913689 193536
0.829472 915137 193536
0.830674 719657 192512
0.831875 916585 190976
0.833077 918033 189952
0.834278 919481 189440
0.83548 920929 188416
0.836682 922377 188416
0.837883 923825 187392
0.839085 925273 186880
0.840286 926721 185856
0.841488 928169 185344
0.84269 929617 184320
0.843891 931065 184320
0.845093 932513 183296
0.846294 933961 182784
0.847496 935409 182272
1.04456 1169985 135680
1.04576 1171433 135680
1.04696 1172881 135680
1.04816 1174329 135680
1.04936 1175777 135680
1.05057 1177225 135680
1.05177 1178673 135680
1.05297 1180121 135680
1.05417 1181569 135680
1.05537 1183017 135680
1.05657 1184465 135680
1.05778 1185913 135680
1.05898 1187361 135680
1.06018 1188809 135680
1.06138 1190257 135680
1.06258 1191705 135680
1.06378 1193153 135680
1.06499 1194601 135680
1.06619 1196049 135680
1.06739 1197497 135680
1.06859 1198945 135680
1.06979 1200393 135680
1.07099 1201841 135680
1.0722 1203289 135680
1.0734 1204737 135680
1.0746 1206185 135680
1.0758 1207633 135680
1.077 1209081 135680
1.0782 1210529 135680
1.0794 1211977 135680
1.08061 1213425 135680
1.08181 1214873 135680
1.08301 1216321 135680
1.08421 1217769 135680
1.08541 1219217 135680
1.08661 1220665 135680
1.08782 1222113 135680
1.08902 1223561 135680
1.09022 1225009 135680
1.09142 1226457 135680
1.09262 1227905 135680
1.09382 1229353 135680
1.09503 1230801 135680
1.09623 1232249 135680
1.09743 1233697 135680
1.09863 1235145 135680
1.09983 1236593 135680
1.10103 1238041 135680
1.10224 1239489 137216
1.10344 1240937 137216
1.10464 1242385 137216
1.10584 1243833 137216
1.10704 1245281 137216
1.10824 1246729 137216
1.10944 1248177 137216
1.11065 1249625 137216
1.11185 1251073 137216
1.11305 1252521 137216
1.11425 1253969 137216
1.11545 1255417 137216
1.11665 1256865 137216
1.11786 1258313 137216
1.11906 1259761 137216
1.12026 1261209 137216
1.12146 1262657 137216
1.12266 1264105 137216
1.12386 1265553 137216
1.12507 1267001 137216
1.12627 1268449 137216
1.12747 1269897 137216
1.12867 1271345 137216
1.12987 1272793 137216
1.13107 1274241 137216
1.13228 1275689 137216
1.13348 1277137 137216
1.13468 1278585 137216
1.13588 1280033 137216
1.13708 1281481 137216
1.13828 1282929 137216
1.13948 1284377 137216
1.14069 1285825 137216
1.14189 1287273 137216
1.14309 1288721 137216
1.14429 1290169 137216
1.14549 1291617 137216
1.14669 1293065 137216
1.1479 1294513 137216
1.1491 1295961 137216
1.1503 1297409 137216
1.1515 1298857 137216
1.1527 1300305 137216
1.1539 1301753 138752
1.15511 1303201 138752
1.15631 1304649 138752
1.15751 1306097 138752
1.15871 1307545 138752
1.15991 1308993 138752
1.16111 1310441 138752
1.16232 1311889 138752
1.16352 1313337 138752
1.16472 1314785 138752
1.16592 1316233 138752
1.16712 1317681 138752
1.16832 1319129 138752
1.16952 1320577 138752
1.17073 1322025 138752
1.17193 1323473 138752
1.17313 1324921 138752
1.17433 1326369 138752
1.17553 1327817 138752
1.17673 1329265 138752
1.17794 1330713 138752
1.17914 1332161 138752
1.18034 1333609 138752
1.18154 1335057 138752
1.18274 1336505 138752
1.18394 1337953 138752
1.18515 1339401 138752
1.18635 1340849 138752
1.18755 1342297 138752
1.18875 1343745 138752
1.18995 1345193 138752
1.19115 1346641 138752
1.19236 1348089 138752
1.19356 1349537 138752
1.19476 1350985 138752
1.19596 1352433 138752
1.19716 1353881 138752
1.19836 1355329 138752
1.19956 1356777 138752
1.20077 1358225 138752
1.20197 1359673 138752
1.20317 1361121 138752
1.20437 1362569 138752
1.20557 1364017 138752
1.20677 1365465 138752
1.20798 1366913 138752
1.20918 1368361 138752
1.21038 1369809 138752
1.21158 1371257 138752
1.21278 1372705 140288
1.21398 1374153 140288
1.21519 1375601 140288
1.21639 1377049 140288
1.21759 1378497 140288
1.21879 1379945 140288
1.21999 1381393 140288
1.22119 1382841 140288
1.2224 1384289 140288
1.2236 1385737 140288
1.2248 1387185 140288
1.226 1388633 140288
1.2272 1390081 140288
1.2284 1391529 140288
1.2296 1392977 140288
1.23081 1394425 140288
1.23201 1395873 140288
1.23321 1397321 140288
1.23441 1398769 140288
1.23561 1400217 140288
1.23681 1401665 140288
1.23802 1403113 140288
1.23922 1404561 140288
1.24042 1406009 140288
1.24162 1407457 140288
1.24282 1408905 140288
1.24402 1410353 140288
1.24523 1411801 140288
1.24643 1413249 140288
1.24763 1414697 140288
1.24883 1416145 140288
1.25003 1417593 140288
1.25123 1419041 140288
1.25244 1420489 140288
1.25364 1421937 140288
1.25484 1423385 140288
1.25604 1424833 140288
1.25724 1426281 140288
1.25844 1427729 140288
1.25964 1429177 140288
1.26085 1430625 140288
1.26205 1432073 140288
1.26325 1433521 140288
1.26445 1434969 140288
1.26565 1436417 140288
1.26685 1437865 140288
1.26806 1439313 140288
1.26926 1440761 141824
1.27046 1442209 141824
1.27166 1443657 141824
1.27286 1445105 141824
1.27406 1446553 141824
1.27527 1448001 141824
1.27647 1449449 141824
1.27767 1450897 141824
1.27887 1452345 141824
1.28007 1453793 141824
1.28127 1455241 141824
1.28248 1456689 141824
1.28368 1458137 141824
1.28488 1459585 141824
1.28608 1461033 141824
1.28728 1462481 141824
1.28848 1463929 141824
1.28968 1465377 141824
1.29089 1466825 141824
1.29209 1468273 141824
1.29329 1469721 141824
1.29449 1471169 141824
1.29569 1472617 141824
1.29689 1474065 141824
1.2981 1475513 141824
1.2993 1476961 141824
1.3005 1478409 141824
1.3017 1479857 141824
1.3029 1481305 141824
1.3041 1482753 141824
1.30531 1484201 141824
1.30651 1485649 141824
1.30771 1487097 141824
1.30891 1488545 141824
1.31011 1489993 141824
1.31131 1491441 142848
1.31252 1492889 142848
1.31372 1494337 142848
1.31492 1495785 142848
1.31612 1497233 142848
1.31732 1498681 142848
1.31852 1500129 142848
1.31972 1501577 142848
1.32093 1503025 142848
1.32213 1504473 142848
1.32333 1505921 142848
1.32453 1507369 142848
1.32573 1508817 142848
1.32693 1510265 142848
1.32814 1511713 142848
1.32934 1513161 142848
1.33054 1514609 142848
1.33174 1516057 142848
1.33294 1517505 142848
1.33414 1518953 142848
1.33535 1520401 142848
1.33655 1521849 142848
1.33775 1523297 142848
1.33895 1524745 142848
1.34015 1526193 142848
1.34135 1527641 142848
1.34256 1529089 142848
1.34376 1530537 142848
1.34496 1531985 142848
1.34616 1533433 142848
1.34736 1534881 142848
1.34856 1536329 142848
1.34976 1537777 142848
1.35097 1539225 142848
1.35217 1540673 142848
1.35337 1542121 142848
1.35457 1543569 142848
1.35577 1545017 142848
1.35697 1546465 142848
1.35818 1547913 144384
1.35938 1549361 144384
1.36058 1550809 144384
1.36178 1552257 144384
1.36298 1553705 144384
1.36418 1555153 144384
1.36539 1556601 144384
1.36659 1558049 144384
1.36779 1559497 144384
1.36899 1560945 144384
1.37019 1562393 144384
1.37139 1563841 144384
1.3726 1565289 144384
1.3738 1566737 144384
1.375 1568185 144384
1.3762 1569633 144384
1.3774 1571081 144384
1.3786 1572529 144384
1.3798 1573977 144384
1.38101 1575425 144384
1.38221 1576873 144384
1.38341 1578321 144384
1.38461 1579769 144384
1.38581 1581217 144384
1.38701 1582665 144384
1.38822 1584113 144384
1.38942 1585561 144384
1.39062 1587009 144384
1.39182 1588457 144384
1.39302 1589905 144384
1.39422 1591353 144384
1.39543 1592801 144384
1.39663 1594249 144384
1.39783 1595697 144384
1.39903 1597145 144384
1.40023 1598593 144384
1.40143 1600041 144384
1.40264 1601489 145920
1.40384 1602937 145920
1.40504 1604385 145920
1.40624 1605833 145920
1.40744 1607281 145920
1.40864 1608729 145920
1.40984 1610177 145920
1.41105 1611625 145920
1.41225 1613073 145920
1.41345 1614521 145920
1.41465 1615969 145920
1.41585 1617417 145920
1.41705 1618865 145920
1.41826 1620313 145920
1.41946 1621761 145920
1.42066 1623209 145920
1.42186 1624657 145920
1.42306 1626105 145920
1.42426 1627553 145920
1.42547 1629001 145920
1.42667 1630449 145920
1.42787 1631897 145920
1.42907 1633345 145920
1.43027 1634793 145920
1.43147 1636241 145920
1.43268 1637689 145920
1.43388 1639137 145920
1.43508 1640585 145920
1.43628 1642033 145920
1.43748 1643481 145920
1.43868 1644929 145920
1.43988 1646377 145920
1.44109 1647825 145920
1.44229 1649273 145920
1.44349 1650721 145920
1.44469 1652169 145920
1.44589 1653617 145920
1.44709 1655065 145920
1.4483 1656513 145920
1.4495 1657961 147456
1.4507 1659409 147456
1.4519 1660857 147456
1.4531 1662305 147456
1.4543 1663753 147456
1.45551 1665201 147456
1.45671 1666649 147456
1.45791 1668097 147456
1.45911 1669545 147456
1.46031 1670993 147456
1.46151 1672441 147456
1.46272 1673889 147456
1.46392 1675337 147456
1.46512 1676785 147456
1.46632 1678233 147456
1.46752 1679681 147456
1.46872 1681129 147456
1.46992 1682577 147456
1.47113 1684025 147456
1.47233 1685473 147456
1.47353 1686921 147456
1.47473 1688369 147456
1.47593 1689817 147456
1.47713 1691265 147456
1.47834 1692713 147456
1.47954 1694161 147456
1.48074 1695609 147456
1.48194 1697057 147456
1.48314 1698505 147456
1.48434 1699953 147456
1.48555 1701401 147456
1.48675 1702849 147456
1.48795 1704297 147456
1.48915 1705745 147456
1.49035 1707193 147456
1.49155 1708641 147456
1.49276 1710089 147456
1.49396 1711537 147456
1.49516 1712985 147456
1.49636 1714433 148992
1.49756 1715881 148992
1.49876 1717329 148992
1.49996 1718777 148992
1.50117 1720225 148992
1.50237 1721673 148992
1.50357 1723121 148992
1.50477 1724569 148992
1.50597 1726017 148992
1.50717 1727465 148992
1.50838 1728913 148992
1.50958 1730361 148992
1.51078 1731809 148992
1.51198 1733257 148992
1.51318 1734705 148992
1.51438 1736153 148992
1.51559 1737601 148992
1.51679 1739049 148992
1.51799 1740497 148992
1.51919 1741945 148992
1.52039 1743393 148992
1.52159 1744841 148992
1.5228 1746289 148992
1.524 1747737 148992
1.5252 1749185 148992
1.5264 1750633 148992
1.5276 1752081 148992
1.5288 1753529 148992
1.53 1754977 148992
1.53121 1756425 148992
1.53241 1757873 148992
1.53361 1759321 148992
1.53481 1760769 148992
1.53601 1762217 148992
1.53721 1763665 148992
1.53842 1765113 148992
1.53962 1766561 148992
1.54082 1768009 148992
1.54202 1769457 148992
1.54322 1770905 148992
1.54442 1772353 148992
1.54563 1773801 150528
1.54683 1775249 150528
1.54803 1776697 150528
1.54923 1778145 150528
1.55043 1779593 150528
1.55163 1781041 150528
1.55284 1782489 150528
1.55404 1783937 150528
1.55524 1785385 150528
1.55644 1786833 150528
1.55764 1788281 150528
1.55884 1789729 150528
1.56004 1791177 150528
1.56125 1792625 150528
1.56245 1794073 150528
1.56365 1795521 150528
1.56485 1796969 150528
1.56605 1798417 150528
1.56725 1799865 150528
1.56846 1801313 150528
1.56966 1802761 150528
1.57086 1804209 150528
1.57206 1805657 150528
1.57326 1807105 150528
1.57446 1808553 150528
1.57567 1810001 150528
1.57687 1811449 150528
1.57807 1812897 150528
1.57927 1814345 150528
1.58047 1815793 150528
1.58167 1817241 150528
1.58288 1818689 150528
1.58408 1820137 150528
1.58528 1821585 150528
1.58648 1823033 150528
1.58768 1824481 150528
1.58888 1825929 150528
1.59008 1827377 150528
1.59129 1828825 150528
1.59249 1830273 150528
1.59369 1831721 150528
1.59489 1833169 150528
1.59609 1834617 150528
1.59729 1836065 151552
1.5985 1837513 151552
1.5997 1838961 151552
1.6009 1840409 151552
1.6021 1841857 151552
1.6033 1843305 151552
1.6045 1844753 151552
1.60571 1846201 151552
1.60691 1847649 151552
1.60811 1849097 151552
1.60931 1850545 151552
1.61051 1851993 151552
1.61171 1853441 151552
1.61292 1854889 151552
1.61412 1856337 151552
1.61532 1857785 151552
1.61652 1859233 151552
1.61772 1860681 151552
1.61892 1862129 151552
1.62012 1863577 151552
1.62133 1865025 151552
1.62253 1866473 151552
1.62373 1867921 151552
1.62493 1869369 151552
1.62613 1870817 151552
1.62733 1872265 151552
1.62854 1873713 151552
1.62974 1875161 151552
1.63094 1876609 151552
1.63214 1878057 151552
1.63334 1879505 151552
1.63454 1880953 151552
1.63575 1882401 151552
1.63695 1883849 151552
1.63815 1885297 151552
1.63935 1886745 151552
1.64055 1888193 151552
1.64175 1889641 151552
1.64296 1891089 151552
1.64416 1892537 153088
1.64536 1893985 153088
1.64656 1895433 153088
1.64776 1896881 153088
1.64896 1898329 153088
1.65016 1899777 153088
1.65137 1901225 153088
1.65257 1902673 153088
1.65377 1904121 153088
1.65497 1905569 153088
1.65617 1907017 153088
1.65737 1908465 153088
1.65858 1909913 153088
1.65978 1911361 153088
1.66098 1912809 153088
1.66218 1914257 153088
1.66338 1915705 153088
1.66458 1917153 153088
1.66579 1918601 153088
1.66699 1920049 153088
1.66819 1921497 153088
1.66939 1922945 153088
1.67059 1924393 153088
1.67179 1925841 153088
1.673 1927289 153088
1.6742 1928737 153088
1.6754 1930185 153088
1.6766 1931633 153088
1.6778 1933081 153088
1.679 1934529 153088
1.6802 1935977 153088
1.68141 1937425 153088
1.68261 1938873 153088
1.68381 1940321 153088
1.68501 1941769 153088
1.68621 1943217 153088
1.68741 1944665 153088
1.68862 1946113 153088
1.68982 1947561 153088
1.69102 1949009 153088
1.69222 1950457 153088
1.69342 1951905 153088
1.69462 1953353 153088
1.69583 1954801 153088
1.69703 1956249 153088
1.69823 1957697 154624
1.69943 1959145 154624
1.70063 1960593 154624
1.70183 1962041 154624
1.70304 1963489 154624
1.70424 1964937 154624
1.70544 1966385 154624
1.70664 1967833 154624
1.70784 1969281 154624
1.70904 1970729 154624
1.71024 1972177 154624
1.71145 1973625 154624
1.71265 1975073 154624
1.71385 1976521 154624
1.71505 1977969 154624
1.71625 1979417 154624
1.71745 1980865 154624
1.71866 1982313 154624
1.71986 1983761 154624
1.72106 1985209 154624
1.72226 1986657 154624
1.72346 1988105 154624
1.72466 1989553 154624
1.72587 1991001 154624
1.72707 1992449 154624
1.72827 1993897 154624
1.72947 1995345 154624
1.73067 1996793 154624
1.73187 1998241 154624
1.73308 1999689 154624
1.73428 2001137 154624
1.73548 2002585 154624
1.73668 2004033 154624
1.73788 2005481 154624
1.73908 2006929 154624
1.74028 2008377 154624
1.74149 2009825 154624
1.74269 2011273 154624
1.74389 2012721 154624
1.74509 2014169 154624
1.74629 2015617 154624
1.74749 2017065 154624
1.7487 2018513 154624
1.7499 2019961 154624
1.7511 2021409 154624
1.7523 2022857 156160
1.7535 2024305 156160
1.7547 2025753 156160
1.75591 2027201 156160
1.75711 2028649 156160
1.75831 2030097 156160
1.75951 2031545 156160
1.76071 2032993 156160
1.76191 2034441 156160
1.76312 2035889 156160
1.76432 2037337 156160
1.76552 2038785 156160
1.76672 2040233 156160
1.76792 2041681 156160
1.76912 2043129 156160
1.77032 2044577 156160
1.77153 2046025 156160
1.77273 2047473 156160
1.77393 2048921 156160
1.77513 2050369 156160
1.77633 2051817 156160
1.77753 2053265 156160
1.77874 2054713 156160
1.77994 2056161 156160
1.78114 2057609 156160
1.78234 2059057 156160
1.78354 2060505 156160
1.78474 2061953 156160
1.78595 2063401 156160
1.78715 2064849 156160
1.78835 2066297 156160
1.78955 2067745 156160
1.79075 2069193 156160
1.79195 2070641 156160
1.79316 2072089 156160
1.79436 2073537 156160
1.79556 2074985 156160
1.79676 2076433 157696
1.79796 2077881 157696
1.79916 2079329 157696
1.80036 2080777 157696
1.80157 2082225 157696
1.80277 2083673 157696
1.80397 2085121 157696
1.80517 2086569 157696
1.80637 2088017 157696
1.80757 2089465 157696
1.80878 2090913 157696
1.80998 2092361 157696
1.81118 2093809 157696
1.81238 2095257 157696
1.81358 2096705 157696
1.81478 2098153 157696
1.81599 2099601 157696
1.81719 2101049 157696
1.81839 2102497 157696
1.81959 2103945 157696
1.82079 2105393 157696
1.82199 2106841 157696
1.8232 2108289 157696
1.8244 2109737 157696
1.8256 2111185 157696
1.8268 2112633 157696
1.828 2114081 157696
1.8292 2115529 157696
1.8304 2116977 157696
1.83161 2118425 157696
1.83281 2119873 157696
1.83401 2121321 157696
1.83521 2122769 157696
1.83641 2124217 157696
1.83761 2125665 157696
1.83882 2127113 157696
1.84002 2128561 157696
1.84122 2130009 157696
1.84242 2131457 157696
1.84362 2132905 157696
1.84482 2134353 157696
1.84603 2135801 157696
1.84723 2137249 157696
1.84843 2138697 157696
1.84963 2140145 157696
1.85083 2141593 157696
1.85203 2143041 157696
1.85324 2144489 157696
1.85444 2145937 157696
1.85564 2147385 157696
1.85684 2148833 157696
1.85804 2150281 157696
1.85924 2151729 157696
1.86044 2153177 157696
1.86165 2154625 157696
1.86285 2156073 159232
1.86405 2157521 159232
1.86525 2158969 159232
1.86645 2160417 159232
1.86765 2161865 159232
1.86886 2163313 159232
1.87006 2164761 159232
1.87126 2166209 159232
1.87246 2167657 159232
1.87366 2169105 159232
1.87486 2170553 159232
1.87607 2172001 159232
1.87727 2173449 159232
1.87847 2174897 159232
1.87967 2176345 159232
1.88087 2177793 159232
1.88207 2179241 159232
1.88328 2180689 159232
1.88448 2182137 159232
1.88568 2183585 159232
1.88688 2185033 159232
1.88808 2186481 159232
1.88928 2187929 159232
1.89048 2189377 159232
1.89169 2190825 159232
1.89289 2192273 159232
1.89409 2193721 159232
1.89529 2195169 159232
1.89649 2196617 159232
1.89769 2198065 159232
1.8989 2199513 159232
1.9001 2200961 159232
1.9013 2202409 159232
1.9025 2203857 159232
1.9037 2205305 159232
1.9049 2206753 159232
1.90611 2208201 159232
1.90731 2209649 159232
1.90851 2211097 159232
1.90971 2212545 160256
1.91091 2213993 160256
1.91211 2215441 160256
1.91332 2216889 160256
1.91452 2218337 160256
1.91572 2219785 160256
1.91692 2221233 160256
1.91812 2222681 160256
1.91932 2224129 160256
1.92052 2225577 160256
1.92173 2227025 160256
1.92293 2228473 160256
1.92413 2229921 160256
1.92533 2231369 160256
1.92653 2232817 160256
1.92773 2234265 160256
1.92894 2235713 160256
1.93014 2237161 160256
1.93134 2238609 160256
1.93254 2240057 160256
1.93374 2241505 160256
1.93494 2242953 160256
1.93615 2244401 160256
1.93735 2245849 160256
1.93855 2247297 160256
1.93975 2248745 160256
1.94095 2250193 160256
1.94215 2251641 160256
1.94336 2253089 160256
1.94456 2254537 160256
1.94576 2255985 160256
1.94696 2257433 160256
1.94816 2258881 160256
1.94936 2260329 160256
1.95056 2261777 160256
1.95177 2263225 160256
1.95297 2264673 160256
1.95417 2266121 160256
1.95537 2267569 160256
1.95657 2269017 160256
1.95777 2270465 160256
1.95898 2271913 160256
1.96018 2273361 160256
1.96138 2274809 160256
1.96258 2276257 160256
1.96378 2277705 160256
1.96498 2279153 160256
1.96619 2280601 160256
1.96739 2282049 160256
1.96859 2283497 160256
1.96979 2284945 160256
1.97099 2286393 160256
1.97219 2287841 160256
1.9734 2289289 160256
1.9746 2290737 160256
1.9758 2292185 161792
1.977 2293633 161792
1.9782 2295081 161792
1.9794 2296529 161792
1.9806 2297977 161792
1.98181 2299425 161792
1.98301 2300873 161792
1.98421 2302321 161792
1.98541 2303769 161792
1.98661 2305217 161792
1.98781 2306665 161792
1.98902 2308113 161792
1.99022 2309561 161792
1.99142 2311009 161792
1.99262 2312457 161792
1.99382 2313905 161792
1.99502 2315353 161792
1.99623 2316801 161792
1.99743 2318249 161792
1.99863 2319697 161792
1.99983 2321145 161792
2.00103 2322593 161792
2.00223 2324041 161792
2.00344 2325489 161792
2.00464 2326937 161792
2.00584 2328385 161792
2.00704 2329833 161792
2.00824 2331281 161792
2.00944 2332729 161792
2.01064 2334177 161792
2.01185 2335625 161792
2.01305 2337073 161792
2.01425 2338521 161792
2.01545 2339969 161792
2.01665 2341417 161792
2.01785 2342865 161792
2.01906 2344313 161792
2.02026 2345761 161792
2.02146 2347209 161792
2.02266 2348657 161792
2.02386 2350105 161792
2.02506 2351553 161792
2.02627 2353001 161792
2.02747 2354449 161792
2.02867 2355897 161792
2.02987 2357345 161792
2.03107 2358793 161792
2.03227 2360241 161792
2.03348 2361689 161792
2.03468 2363137 161792
2.03588 2364585 161792
2.03708 2366033 161792
2.03828 2367481 161792
2.03948 2368929 161792
2.04068 2370377 161792
2.04189 2371825 163328
2.04309 2373273 163328
2.04429 2374721 163328
2.04549 2376169 163328
2.04669 2377617 163328
2.04789 2379065 163328
2.0491 2380513 163328
2.0503 2381961 163328
2.0515 2383409 163328
2.0527 2384857 163328
2.0539 2386305 163328
2.0551 2387753 163328
2.05631 2389201 163328
2.05751 2390649 163328
2.05871 2392097 163328
2.05991 2393545 163328
2.06111 2394993 163328
2.06231 2396441 163328
2.06352 2397889 163328
2.06472 2399337 163328
2.06592 2400785 163328
2.06712 2402233 163328
2.06832 2403681 163328
2.06952 2405129 163328
2.07072 2406577 163328
2.07193 2408025 163328
2.07313 2409473 163328
2.07433 2410921 163328
2.07553 2412369 163328
2.07673 2413817 163328
2.07793 2415265 163328
2.07914 2416713 163328
2.08034 2418161 163328
2.08154 2419609 163328
2.08274 2421057 163328
2.08394 2422505 163328
2.08514 2423953 163328
2.08635 2425401 163328
2.08755 2426849 163328
2.08875 2428297 163328
2.08995 2429745 163328
2.09115 2431193 164864
2.09235 2432641 164864
2.09356 2434089 164864
2.09476 2435537 164864
2.09596 2436985 164864
2.09716 2438433 164864
2.09836 2439881 164864
2.09956 2441329 164864
2.10076 2442777 164864
2.10197 2444225 164864
2.10317 2445673 164864
2.10437 2447121 164864
2.10557 2448569 164864
2.10677 2450017 164864
2.10797 2451465 164864
2.10918 2452913 164864
2.11038 2454361 164864
2.11158 2455809 164864
2.11278 2457257 164864
2.11398 2458705 164864
2.11518 2460153 164864
2.11639 2461601 164864
2.11759 2463049 164864
2.11879 2464497 164864
2.11999 2465945 164864
2.12119 2467393 164864
2.12239 2468841 164864
2.1236 2470289 164864
2.1248 2471737 164864
2.126 2473185 164864
2.1272 2474633 164864
2.1284 2476081 164864
2.1296 2477529 164864
2.1308 2478977 164864
2.13201 2480425 164864
2.13321 2481873 164864
2.13441 2483321 164864
2.13561 2484769 164864
2.13681 2486217 164864
2.13801 2487665 164864
2.13922 2489113 164864
2.14042 2490561 164864
2.14162 2492009 164864
2.14282 2493457 164864
2.14402 2494905 164864
2.14522 2496353 164864
2.14643 2497801 164864
2.14763 2499249 164864
2.14883 2500697 164864
2.15003 2502145 164864
2.15123 2503593 164864
2.15243 2505041 164864
2.15364 2506489 164864
2.15484 2507937 164864
2.15604 2509385 164864
2.15724 2510833 164864
2.15844 2512281 164864
2.15964 2513729 166400
2.16084 2515177 166400
2.16205 2516625 166400
2.16325 2518073 166400
2.16445 2519521 166400
2.16565 2520969 166400
2.16685 2522417 166400
2.16805 2523865 166400
2.16926 2525313 166400
2.17046 2526761 166400
2.17166 2528209 166400
2.17286 2529657 166400
2.17406 2531105 166400
2.17526 2532553 166400
2.17647 2534001 166400
2.17767 2535449 166400
2.17887 2536897 166400
2.18007 2538345 166400
2.18127 2539793 166400
2.18247 2541241 166400
2.18368 2542689 166400
2.18488 2544137 166400
2.18608 2545585 166400
2.18728 2547033 166400
2.18848 2548481 166400
2.18968 2549929 166400
2.19088 2551377 166400
2.19209 2552825 166400
2.19329 2554273 166400
2.19449 2555721 166400
2.19569 2557169 166400
2.19689 2558617 166400
2.19809 2560065 166400
2.1993 2561513 166400
2.2005 2562961 166400
2.2017 2564409 166400
2.2029 2565857 166400
2.2041 2567305 166400
2.2053 2568753 166400
2.20651 2570201 166400
2.20771 2571649 166400
2.20891 2573097 166400
2.21011 2574545 166400
2.21131 2575993 166400
2.21251 2577441 166400
2.21372 2578889 166400
2.21492 2580337 166400
2.21612 2581785 166400
2.21732 2583233 166400
2.21852 2584681 166400
2.21972 2586129 166400
2.22092 2587577 166400
2.22213 2589025 166400
2.22333 2590473 166400
2.22453 2591921 166400
2.22573 2593369 166400
2.22693 2594817 166400
2.22813 2596265 166400
2.22934 2597713 166400
2.23054 2599161 167936
2.23174 2600609 167936
2.23294 2602057 167936
2.23414 2603505 167936
2.23534 2604953 167936
2.23655 2606401 167936
2.23775 2607849 167936
2.23895 2609297 167936
2.24015 2610745 167936
2.24135 2612193 167936
2.24255 2613641 167936
2.24376 2615089 167936
2.24496 2616537 167936
2.24616 2617985 167936
2.24736 2619433 167936
2.24856 2620881 167936
2.24976 2622329 167936
2.25096 2623777 167936
2.25217 2625225 167936
2.25337 2626673 167936
2.25457 2628121 167936
2.25577 2629569 167936
2.25697 2631017 167936
2.25817 2632465 167936
2.25938 2633913 167936
2.26058 2635361 167936
2.26178 2636809 167936
2.26298 2638257 167936
2.26418 2639705 167936
2.26538 2641153 167936
2.26659 2642601 167936
2.26779 2644049 167936
2.26899 2645497 167936
2.27019 2646945 167936
2.27139 2648393 167936
2.27259 2649841 167936
2.2738 2651289 167936
2.275 2652737 167936
2.2762 2654185 167936
2.2774 2655633 167936
2.2786 2657081 167936
2.2798 2658529 167936
2.281 2659977 167936
2.28221 2661425 167936
2.28341 2662873 167936
2.28461 2664321 167936
2.28581 2665769 167936
2.28701 2667217 167936
2.28821 2668665 167936
2.28942 2670113 167936
2.29062 2671561 167936
2.29182 2673009 167936
2.29302 2674457 167936
2.29422 2675905 167936
2.29542 2677353 167936
2.29663 2678801 167936
2.29783 2680249 167936
2.29903 2681697 167936
2.30023 2683145 167936
2.30143 2684593 168960
2.30263 2686041 168960
2.30384 2687489 168960
2.30504 2688937 168960
2.30624 2690385 168960
2.30744 2691833 168960
2.30864 2693281 168960
2.30984 2694729 168960
2.31104 2696177 168960
2.31225 2697625 168960
2.31345 2699073 168960
2.31465 2700521 168960
2.31585 2701969 168960
2.31705 2703417 168960
2.31825 2704865 168960
2.31946 2706313 168960
2.32066 2707761 168960
2.32186 2709209 168960
2.32306 2710657 168960
2.32426 2712105 168960
2.32546 2713553 168960
2.32667 2715001 168960
2.32787 2716449 168960
2.32907 2717897 168960
2.33027 2719345 168960
2.33147 2720793 168960
2.33267 2722241 168960
2.33388 2723689 168960
2.33508 2725137 168960
2.33628 2726585 168960
2.33748 2728033 168960
2.33868 2729481 168960
2.33988 2730929 168960
2.34108 2732377 168960
2.34229 2733825 168960
2.34349 2735273 168960
2.34469 2736721 168960
2.34589 2738169 168960
2.34709 2739617 168960
2.34829 2741065 168960
2.3495 2742513 168960
2.3507 2743961 168960
2.3519 2745409 168960
2.3531 2746857 168960
2.3543 2748305 168960
2.3555 2749753 168960
2.35671 2751201 168960
2.35791 2752649 168960
2.35911 2754097 168960
2.36031 2755545 168960
2.36151 2756993 168960
2.36271 2758441 168960
2.36392 2759889 168960
2.36512 2761337 168960
2.36632 2762785 168960
2.36752 2764233 168960
2.36872 2765681 168960
2.36992 2767129 168960
2.37112 2768577 168960
2.37233 2770025 170496
2.37353 2771473 170496
2.37473 2772921 170496
2.37593 2774369 170496
2.37713 2775817 170496
2.37833 2777265 170496
2.37954 2778713 170496
2.38074 2780161 170496
2.38194 2781609 170496
2.38314 2783057 170496
2.38434 2784505 170496
2.38554 2785953 170496
2.38675 2787401 170496
2.38795 2788849 170496
2.38915 2790297 170496
2.39035 2791745 170496
2.39155 2793193 170496
2.39275 2794641 170496
2.39396 2796089 170496
2.39516 2797537 170496
2.39636 2798985 170496
2.39756 2800433 170496
2.39876 2801881 170496
2.39996 2803329 170496
2.40116 2804777 170496
2.40237 2806225 170496
2.40357 2807673 170496
2.40477 2809121 170496
2.40597 2810569 170496
2.40717 2812017 170496
2.40837 2813465 170496
2.40958 2814913 170496
2.41078 2816361 170496
2.41198 2817809 170496
2.41318 2819257 170496
2.41438 2820705 170496
2.41558 2822153 170496
2.41679 2823601 170496
2.41799 2825049 170496
2.41919 2826497 170496
2.42039 2827945 170496
2.42159 2829393 170496
2.42279 2830841 170496
2.424 2832289 170496
2.4252 2833737 170496
2.4264 2835185 170496
2.4276 2836633 170496
2.4288 2838081 170496
2.43 2839529 170496
2.4312 2840977 170496
2.43241 2842425 170496
2.43361 2843873 170496
2.43481 2845321 170496
2.43601 2846769 170496
2.43721 2848217 170496
2.43841 2849665 170496
2.43962 2851113 170496
2.44082 2852561 170496
2.44202 2854009 170496
2.44322 2855457 172032
2.44442 2856905 172032
2.44562 2858353 172032
2.44683 2859801 172032
2.44803 2861249 172032
2.44923 2862697 172032
2.45043 2864145 172032
2.45163 2865593 172032
2.45283 2867041 172032
2.45404 2868489 172032
2.45524 2869937 172032
2.45644 2871385 172032
2.45764 2872833 172032
2.45884 2874281 172032
2.46004 2875729 172032
2.46124 2877177 172032
2.46245 2878625 172032
2.46365 2880073 172032
2.46485 2881521 172032
2.46605 2882969 172032
2.46725 2884417 172032
2.46845 2885865 172032
2.46966 2887313 172032
2.47086 2888761 172032
2.47206 2890209 172032
2.47326 2891657 172032
2.47446 2893105 172032
2.47566 2894553 172032
2.47687 2896001 172032
2.47807 2897449 172032
2.47927 2898897 172032
2.48047 2900345 172032
2.48167 2901793 172032
2.48287 2903241 172032
2.48408 2904689 172032
2.48528 2906137 172032
2.48648 2907585 172032
2.48768 2909033 172032
2.48888 2910481 172032
2.49008 2911929 172032
2.49128 2913377 172032
2.49249 2914825 172032
2.49369 2916273 172032
2.49489 2917721 172032
2.49609 2919169 172032
2.49729 2920617 172032
2.49849 2922065 172032
2.4997 2923513 172032
2.5009 2924961 172032
2.5021 2926409 172032
2.5033 2927857 172032
2.5045 2929305 172032
2.5057 2930753 172032
2.50691 2932201 172032
2.50811 2933649 172032
2.50931 2935097 172032
2.51051 2936545 172032
2.51171 2937993 172032
2.51291 2939441 172032
2.51412 2940889 172032
2.51532 2942337 172032
2.51652 2943785 173568
2.51772 2945233 173568
2.51892 2946681 173568
2.52012 2948129 173568
2.52132 2949577 173568
2.52253 2951025 173568
2.52373 2952473 173568
2.52493 2953921 173568
2.52613 2955369 173568
2.52733 2956817 173568
2.52853 2958265 173568
2.52974 2959713 173568
2.53094 2961161 173568
2.53214 2962609 173568
2.53334 2964057 173568
2.53454 2965505 173568
2.53574 2966953 173568
2.53695 2968401 173568
2.53815 2969849 173568
2.53935 2971297 173568
2.54055 2972745 173568
2.54175 2974193 173568
2.54295 2975641 173568
2.54416 2977089 173568
2.54536 2978537 173568
2.54656 2979985 173568
2.54776 2981433 173568
2.54896 2982881 173568
2.55016 2984329 173568
2.55136 2985777 173568
2.55257 2987225 173568
2.55377 2988673 173568
2.55497 2990121 173568
2.55617 2991569 173568
2.55737 2993017 173568
2.55857 2994465 173568
2.55978 2995913 173568
2.56098 2997361 173568
2.56218 2998809 173568
2.56338 3000257 173568
2.56458 3001705 173568
2.56578 3003153 173568
2.56699 3004601 173568
2.56819 3006049 173568
2.56939 3007497 173568
2.57059 3008945 173568
2.57179 3010393 173568
2.57299 3011841 173568
2.5742 3013289 173568
2.5754 3014737 173568
2.5766 3016185 173568
2.5778 3017633 173568
2.579 3019081 173568
2.5802 3020529 173568
2.5814 3021977 173568
2.58261 3023425 173568
2.58381 3024873 173568
2.58501 3026321 173568
2.58621 3027769 173568
2.58741 3029217 173568
2.58861 3030665 173568
2.58982 3032113 175104
2.59102 3033561 175104
2.59222 3035009 175104
2.59342 3036457 175104
2.59462 3037905 175104
2.59582 3039353 175104
2.59703 3040801 175104
2.59823 3042249 175104
2.59943 3043697 175104
2.60063 3045145 175104
2.60183 3046593 175104
2.60303 3048041 175104
2.60424 3049489 175104
2.60544 3050937 175104
2.60664 3052385 175104
2.60784 3053833 175104
2.60904 3055281 175104
2.61024 3056729 175104
2.61144 3058177 175104
2.61265 3059625 175104
2.61385 3061073 175104
2.61505 3062521 175104
2.61625 3063969 175104
2.61745 3065417 175104
2.61865 3066865 175104
2.61986 3068313 175104
2.62106 3069761 175104
2.62226 3071209 175104
2.62346 3072657 175104
2.62466 3074105 175104
2.62586 3075553 175104
2.62707 3077001 175104
2.62827 3078449 175104
2.62947 3079897 175104
2.63067 3081345 175104
2.63187 3082793 175104
2.63307 3084241 175104
2.63428 3085689 175104
2.63548 3087137 175104
2.63668 3088585 175104
2.63788 3090033 175104
2.63908 3091481 175104
2.64028 3092929 175104
2.64148 3094377 175104
2.64269 3095825 175104
2.64389 3097273 175104
2.64509 3098721 175104
2.64629 3100169 175104
2.64749 3101617 175104
2.64869 3103065 175104
2.6499 3104513 175104
2.6511 3105961 175104
2.6523 3107409 175104
2.6535 3108857 175104
2.6547 3110305 175104
2.6559 3111753 175104
2.65711 3113201 175104
2.65831 3114649 175104
2.65951 3116097 175104
2.66071 3117545 175104
2.66191 3118993 175104
2.66311 3120441 176640
2.66432 3121889 176640
2.66552 3123337 176640
2.66672 3124785 176640
2.66792 3126233 176640
2.66912 3127681 176640
2.67032 3129129 176640
2.67152 3130577 176640
2.67273 3132025 176640
2.67393 3133473 176640
2.67513 3134921 176640
2.67633 3136369 176640
2.67753 3137817 176640
2.67873 3139265 176640
2.67994 3140713 176640
2.68114 3142161 176640
2.68234 3143609 176640
2.68354 3145057 176640
2.68474 3146505 176640
2.68594 3147953 176640
2.68715 3149401 176640
2.68835 3150849 176640
2.68955 3152297 176640
2.69075 3153745 176640
2.69195 3155193 176640
2.69315 3156641 176640
2.69436 3158089 176640
2.69556 3159537 176640
2.69676 3160985 176640
2.69796 3162433 176640
2.69916 3163881 176640
2.70036 3165329 176640
2.70156 3166777 176640
2.70277 3168225 176640
2.70397 3169673 176640
2.70517 3171121 176640
2.70637 3172569 176640
2.70757 3174017 176640
2.70877 3175465 176640
2.70998 3176913 176640
2.71118 3178361 176640
2.71238 3179809 176640
2.71358 3181257 176640
2.71478 3182705 176640
2.71598 3184153 176640
2.71719 3185601 176640
2.71839 3187049 176640
2.71959 3188497 176640
2.72079 3189945 176640
2.72199 3191393 176640
2.72319 3192841 176640
2.7244 3194289 176640
2.7256 3195737 176640
2.7268 3197185 176640
2.728 3198633 176640
2.7292 3200081 176640
2.7304 3201529 176640
2.7316 3202977 176640
2.73281 3204425 176640
2.73401 3205873 176640
2.73521 3207321 176640
2.73641 3208769 177664
2.73761 3210217 177664
2.73881 3211665 177664
2.74002 3213113 177664
2.74122 3214561 177664
2.74242 3216009 177664
2.74362 3217457 177664
2.74482 3218905 177664
2.74602 3220353 177664
2.74723 3221801 177664
2.74843 3223249 177664
2.74963 3224697 177664
2.75083 3226145 177664
2.75203 3227593 177664
2.75323 3229041 177664
2.75444 3230489 177664
2.75564 3231937 177664
2.75684 3233385 177664
2.75804 3234833 177664
2.75924 3236281 177664
2.76044 3237729 177664
2.76164 3239177 177664
2.76285 3240625 177664
2.76405 3242073 177664
2.76525 3243521 177664
2.76645 3244969 177664
2.76765 3246417 177664
2.76885 3247865 177664
2.77006 3249313 177664
2.77126 3250761 177664
2.77246 3252209 177664
2.77366 3253657 177664
2.77486 3255105 177664
2.77606 3256553 177664
2.77727 3258001 177664
2.77847 3259449 177664
2.77967 3260897 177664
2.78087 3262345 177664
2.78207 3263793 177664
2.78327 3265241 177664
2.78448 3266689 177664
2.78568 3268137 177664
2.78688 3269585 177664
2.78808 3271033 177664
2.78928 3272481 177664
2.79048 3273929 177664
2.79168 3275377 177664
2.79289 3276825 177664
2.79409 3278273 177664
2.79529 3279721 177664
2.79649 3281169 177664
2.79769 3282617 177664
2.79889 3284065 177664
2.8001 3285513 177664
2.8013 3286961 177664
2.8025 3288409 177664
2.8037 3289857 177664
2.8049 3291305 177664
2.8061 3292753 177664
2.80731 3294201 177664
2.80851 3295649 177664
2.80971 3297097 177664
2.81091 3298545 177664
2.81211 3299993 177664
2.81331 3301441 177664
2.81452 3302889 177664
2.81572 3304337 177664
2.81692 3305785 179200
2.81812 3307233 179200
2.81932 3308681 179200
2.82052 3310129 179200
2.82172 3311577 179200
2.82293 3313025 179200
2.82413 3314473 179200
2.82533 3315921 179200
2.82653 3317369 179200
2.82773 3318817 179200
2.82893 3320265 179200
2.83014 3321713 179200
2.83134 3323161 179200
2.83254 3324609 179200
2.83374 3326057 179200
2.83494 3327505 179200
2.83614 3328953 179200
2.83735 3330401 179200
2.83855 3331849 179200
2.83975 3333297 179200
2.84095 3334745 179200
2.84215 3336193 179200
2.84335 3337641 179200
2.84456 3339089 179200
2.84576 3340537 179200
2.84696 3341985 179200
2.84816 3343433 179200
2.84936 3344881 179200
2.85056 3346329 179200
2.85176 3347777 179200
2.85297 3349225 179200
2.85417 3350673 179200
2.85537 3352121 179200
2.85657 3353569 179200
2.85777 3355017 179200
2.85897 3356465 179200
2.86018 3357913 179200
2.86138 3359361 179200
2.86258 3360809 179200
2.86378 3362257 179200
2.86498 3363705 179200
2.86618 3365153 179200
2.86739 3366601 179200
2.86859 3368049 179200
2.86979 3369497 179200
2.87099 3370945 179200
2.87219 3372393 179200
2.87339 3373841 179200
2.8746 3375289 179200
2.8758 3376737 179200
2.877 3378185 179200
2.8782 3379633 179200
2.8794 3381081 179200
2.8806 3382529 179200
2.8818 3383977 179200
2.88301 3385425 179200
2.88421 3386873 179200
2.88541 3388321 179200
2.88661 3389769 179200
2.88781 3391217 179200
2.88901 3392665 179200
2.89022 3394113 179200
2.89142 3395561 179200
2.89262 3397009 179200
2.89382 3398457 179200
2.89502 3399905 179200
2.89622 3401353 179200
2.89743 3402801 179200
2.89863 3404249 179200
2.89983 3405697 179200
2.90103 3407145 179200
2.90223 3408593 179200
2.90343 3410041 179200
2.90464 3411489 179200
2.90584 3412937 179200
2.90704 3414385 179200
2.90824 3415833 179200
2.90944 3417281 179200
2.91064 3418729 179200
2.91184 3420177 179200
2.91305 3421625 179200
2.91425 3423073 179200
2.91545 3424521 179200
2.91665 3425969 179200
2.91785 3427417 179200
2.91905 3430313 180736
2.92026 3431761 180736
2.92146 3433209 180736
2.92266 3434657 180736
2.92386 3436105 180736
2.92506 3437553 180736
2.92626 3439001 180736
2.92747 3440449 180736
2.92867 3441897 180736
2.92987 3443345 180736
2.93107 3444793 180736
2.93227 3446241 180736
2.93347 3447689 180736
2.93468 3449137 180736
2.93588 3450585 180736
2.93708 3452033 180736
2.93828 3453481 180736
2.93948 3454929 180736
2.94068 3456377 180736
2.94188 3457825 180736
2.94309 3459273 180736
2.94429 3460721 180736
2.94549 3462169 180736
2.94669 3463617 180736
2.94789 3465065 180736
2.94909 3466513 180736
2.9503 3467961 180736
2.9515 3469409 180736
2.9527 3470857 180736
2.9539 3472305 180736
2.9551 3473753 180736
2.9563 3475201 180736
2.95751 3476649 180736
2.95871 3478097 180736
2.95991 3479545 180736
2.96111 3480993 180736
2.96231 3482441 180736
2.96351 3483889 180736
2.96472 3485337 180736
2.96592 3486785 180736
2.96712 3488233 180736
2.96832 3489681 180736
2.96952 3491129 180736
2.97072 3492577 180736
2.97192 3494025 180736
2.97313 3495473 180736
2.97433 3496921 180736
2.97553 3498369 180736
2.97673 3499817 180736
2.97793 3501265 180736
2.97913 3502713 180736
2.98034 3504161 180736
2.98154 3505609 180736
2.98274 3507057 180736
2.98394 3508505 180736
2.98514 3509953 180736
2.98634 3511401 180736
2.98755 3512849 180736
2.98875 3514297 180736
2.98995 3515745 180736
2.99115 3517193 180736
2.99235 3518641 180736
2.99355 3520089 180736
2.99476 3521537 180736
2.99596 3522985 180736
2.99716 3524433 180736
2.99836 3525881 180736
2.99956 3527329 180736
3.00076 3528777 180736
3.00196 3530225 180736
3.00317 3531673 180736
3.00437 3533121 180736
3.00557 3534569 180736
3.00677 3536017 180736
3.00797 3537465 180736
3.00917 3538913 180736
3.01038 3540361 180736
3.01158 3541809 180736
3.01278 3543257 180736
3.01398 3544705 180736
3.01518 3546153 180736
3.01638 3547601 180736
3.01759 3549049 180736
3.01879 3550497 180736
3.01999 3553393 180736
3.02119 3554841 180736
3.02239 3556289 180736
3.02359 3557737 180736
3.0248 3559185 180736
3.026 3560633 182272
3.0272 3562081 182272
3.0284 3563529 182272
3.0296 3564977 182272
3.0308 3566425 182272
3.032 3567873 182272
3.03321 3569321 182272
3.03441 3570769 182272
3.03561 3572217 182272
3.03681 3573665 182272
3.03801 3575113 182272
3.03921 3576561 182272
3.04042 3578009 182272
3.04162 3579457 182272
3.04282 3580905 182272
3.04402 3582353 182272
3.04522 3583801 182272
3.04642 3585249 182272
3.04763 3586697 182272
3.04883 3588145 182272
3.05003 3589593 182272
3.05123 3591041 182272
3.05243 3592489 182272
3.05363 3593937 182272
3.05484 3595385 182272
3.05604 3596833 182272
3.05724 3598281 182272
3.05844 3599729 182272
3.05964 3601177 182272
3.06084 3602625 182272
3.06204 3604073 182272
3.06325 3605521 182272
3.06445 3606969 182272
3.06565 3608417 182272
3.06685 3609865 182272
3.06805 3611313 182272
3.06925 3612761 182272
3.07046 3428865 180736
3.07166 3614209 179200
3.07286 3615657 178688
3.07406 3617105 178176
3.07526 3618553 177152
3.07646 3620001 176640
3.07767 3621449 175616
3.07887 3622897 175104
3.08007 3624345 174592
3.08127 3625793 174080
3.08247 3627241 173568
3.08367 3628689 172544
3.08488 3630137 172032
3.08608 3631585 171008
3.08728 3633033 171008
3.23267 3806793 128512
3.23387 3808241 128512
3.23508 3809689 128512
3.23628 3811137 128512
3.23748 3812585 128512
3.23868 3814033 128512
3.23988 3815481 128512
3.24108 3816929 128512
3.24228 3818377 128512
3.24349 3819825 128512
3.24469 3821273 128512
3.24589 3822721 128512
3.24709 3824169 128512
3.24829 3825617 128512
3.24949 3827065 128512
3.2507 3828513 128512
3.2519 3829961 128512
3.2531 3831409 128512
3.2543 3832857 128512
3.2555 3834305 128512
3.2567 3835753 128512
3.25791 3837201 128512
3.25911 3838649 128512
3.26031 3840097 128512
3.26151 3841545 128512
3.26271 3842993 128512
3.26391 3844441 128512
3.26512 3845889 128512
3.26632 3847337 128512
3.26752 3848785 128512
3.26872 3850233 128512
3.26992 3851681 128512
3.27112 3853129 128512
3.27232 3854577 128512
3.27353 3856025 128512
3.27473 3857473 128512
3.27593 3858921 128512
3.27713 3860369 128512
3.27833 3861817 130048
3.27953 3863265 130048
3.28074 3864713 130048
3.28194 3866161 130048
3.28314 3867609 130048
3.28434 3869057 130048
3.28554 3870505 130048
3.28674 3871953 130048
3.28795 3873401 130048
3.28915 3874849 130048
3.29035 3876297 130048
3.29155 3877745 130048
3.29275 3879193 130048
3.29395 3880641 130048
3.29516 3882089 130048
3.29636 3883537 130048
3.29756 3884985 130048
3.29876 3886433 130048
3.29996 3887881 130048
3.30116 3889329 130048
3.30236 3890777 130048
3.30357 3892225 130048
3.30477 3893673 130048
3.30597 3895121 130048
3.30717 3896569 130048
3.30837 3898017 130048
3.30957 3899465 130048
3.31078 3900913 130048
3.31198 3902361 130048
3.31318 3903809 130048
3.31438 3905257 130048
3.31558 3906705 130048
3.31678 3908153 130048
3.31799 3909601 130048
3.31919 3911049 130048
3.32039 3912497 130048
3.32159 3913945 130048
3.32279 3915393 130048
3.32399 3916841 130048
3.3252 3918289 130048
3.3264 3919737 130048
3.3276 3921185 130048
3.3288 3922633 130048
3.33 3924081 130048
3.3312 3925529 130048
3.3324 3926977 130048
3.33361 3928425 130048
3.33481 3929873 130048
3.33601 3931321 130048
3.33721 3932769 130048
3.33841 3934217 130048
3.33961 3935665 130048
3.34082 3937113 130048
3.34202 3938561 130048
3.34322 3940009 130048
3.34442 3941457 130048
3.34562 3942905 130048
3.34682 3944353 131584
3.34803 3945801 131584
3.34923 3947249 131584
3.35043 3948697 131584
3.35163 3950145 131584
3.35283 3951593 131584
3.35403 3953041 131584
3.35524 3954489 131584
3.35644 3955937 131584
3.35764 3957385 131584
3.35884 3958833 131584
3.36004 3960281 131584
3.36124 3961729 131584
3.36244 3963177 131584
3.36365 3964625 131584
3.36485 3966073 131584
3.36605 3967521 131584
3.36725 3968969 131584
3.36845 3970417 131584
3.36965 3971865 131584
3.37086 3973313 131584
3.37206 3974761 131584
3.37326 3976209 131584
3.37446 3977657 131584
3.37566 3979105 131584
3.37686 3980553 131584
3.37807 3982001 131584
3.37927 3983449 131584
3.38047 3984897 131584
3.38167 3986345 131584
3.38287 3987793 131584
3.38407 3989241 131584
3.38528 3990689 131584
3.38648 3992137 131584
3.38768 3993585 131584
3.38888 3995033 131584
3.39008 3996481 131584
3.39128 3997929 131584
3.39248 3999377 131584
3.39369 4000825 131584
3.39489 4002273 131584
3.39609 4003721 131584
3.39729 4005169 131584
3.39849 4006617 131584
3.39969 4008065 131584
3.4009 4009513 131584
3.4021 4010961 131584
3.4033 4012409 131584
3.4045 4013857 131584
3.4057 4015305 131584
3.4069 4016753 131584
3.40811 4018201 131584
3.40931 4019649 131584
3.41051 4021097 131584
3.41171 4022545 131584
3.41291 4023993 131584
3.41411 4025441 131584
3.41532 4026889 131584
3.41652 4028337 131584
3.41772 4029785 131584
3.41892 4031233 131584
3.42012 4032681 131584
3.42132 4034129 131584
3.42252 4035577 131584
3.42373 4037025 131584
3.42493 4038473 131584
3.42613 4039921 131584
3.42733 4041369 131584
3.42853 4042817 131584
3.42973 4044265 131584
3.43094 4045713 131584
3.43214 4047161 131584
3.43334 4048609 131584
3.43454 4050057 131584
3.43574 4051505 131584
3.43694 4052953 131584
3.43815 4054401 131584
3.43935 4055849 131584
3.44055 4057297 131584
3.44175 4058745 131584
3.44295 4060193 131584
3.44415 4061641 131584
3.44536 4063089 131584
3.44656 4064537 131584
3.44776 4065985 131584
3.44896 4067433 131584
3.45016 4068881 131584
3.45136 4070329 131584
3.45256 4071777 131584
3.45377 4073225 133120
3.45497 4074673 133120
3.45617 4076121 133120
3.45737 4077569 133120
3.45857 4079017 133120
3.45977 4080465 133120
3.46098 4081913 133120
3.46218 4083361 133120
3.46338 4084809 133120
3.46458 4086257 133120
3.46578 4087705 133120
3.46698 4089153 133120
3.46819 4090601 133120
3.46939 4092049 133120
3.47059 4093497 133120
3.47179 4094945 133120
3.47299 4096393 133120
3.47419 4097841 133120
3.4754 4099289 133120
3.4766 4100737 133120
3.4778 4102185 133120
3.479 4103633 133120
3.4802 4105081 133120
3.4814 4106529 133120
3.4826 4107977 133120
3.48381 4109425 133120
3.48501 4110873 133120
3.48621 4112321 133120
3.48741 4113769 133120
3.48861 4115217 133120
3.48981 4116665 133120
3.49102 4118113 133120
3.49222 4119561 133120
3.49342 4121009 133120
3.49462 4122457 133120
3.49582 4123905 133120
3.49702 4125353 133120
3.49823 4126801 133120
3.49943 4128249 133120
3.50063 4129697 133120
3.50183 4131145 133120
3.50303 4132593 133120
3.50423 4134041 133120
3.50544 4135489 133120
3.50664 4136937 133120
3.50784 4138385 133120
3.50904 4139833 133120
3.51024 4141281 133120
3.51144 4142729 133120
3.51264 4144177 133120
3.51385 4145625 133120
3.51505 4147073 133120
3.51625 4148521 133120
3.51745 4149969 133120
3.51865 4151417 133120
3.51985 4152865 133120
3.52106 4154313 133120
3.52226 4155761 133120
3.52346 4157209 133120
3.52466 4158657 133120
3.52586 4160105 133120
3.52706 4161553 133120
3.52827 4163001 133120
3.52947 4164449 133120
3.53067 4165897 133120
3.53187 4167345 133120
3.53307 4168793 133120
3.53427 4170241 133120
3.53548 4171689 133120
3.53668 4173137 133120
3.53788 4174585 133120
3.53908 4176033 133120
3.54028 4177481 133120
3.54148 4178929 133120
3.54268 4180377 133120
3.54389 4181825 133120
3.54509 4183273 133120
3.54629 4184721 133120
3.54749 4186169 133120
3.54869 4187617 133120
3.54989 4189065 133120
3.5511 4190513 133120
3.5523 4191961 133120
3.5535 4193409 133120
3.5547 4194857 133120
3.5559 4196305 133120
3.5571 4197753 133120
3.55831 4199201 133120
3.55951 4200649 133120
3.56071 4202097 133120
3.56191 4203545 133120
3.56311 4204993 133120
3.56431 4206441 133120
3.56552 4207889 134656
3.56672 4209337 134656
3.56792 4210785 134656
3.56912 4212233 134656
3.57032 4213681 134656
3.57152 4215129 134656
3.57272 4216577 134656
3.57393 4218025 134656
3.57513 4219473 134656
3.57633 4220921 134656
3.57753 4222369 134656
3.57873 4223817 134656
3.57993 4225265 134656
3.58114 4226713 134656
3.58234 4228161 134656
3.58354 4229609 134656
3.58474 4231057 134656
3.58594 4232505 134656
3.58714 4233953 134656
3.58835 4235401 134656
3.58955 4236849 134656
3.59075 4238297 134656
3.59195 4239745 134656
3.59315 4241193 134656
3.59435 4242641 134656
3.59556 4244089 134656
3.59676 4245537 134656
3.59796 4246985 134656
3.59916 4248433 134656
3.60036 4249881 134656
3.60156 4251329 134656
3.60276 4252777 134656
3.60397 4254225 134656
3.60517 4255673 134656
3.60637 4257121 134656
3.60757 4258569 134656
3.60877 4260017 134656
3.60997 4261465 134656
3.61118 4262913 134656
3.61238 4264361 134656
3.61358 4265809 134656
3.61478 4267257 134656
3.61598 4268705 134656
3.61718 4270153 134656
3.61839 4271601 134656
3.61959 4273049 134656
3.62079 4274497 134656
3.62199 4275945 134656
3.62319 4277393 134656
3.62439 4278841 134656
3.6256 4280289 134656
3.6268 4281737 134656
3.628 4283185 134656
3.6292 4284633 134656
3.6304 4286081 134656
3.6316 4287529 134656
3.6328 4288977 134656
3.63401 4290425 134656
3.63521 4291873 134656
3.63641 4293321 134656
3.63761 4294769 134656
3.63881 4296217 134656
3.64001 4297665 134656
3.64122 4299113 134656
3.64242 4300561 134656
3.64362 4302009 134656
3.64482 4303457 134656
3.64602 4304905 134656
3.64722 4306353 134656
3.64843 4307801 135680
3.64963 4309249 135680
3.65083 4310697 135680
3.65203 4312145 135680
3.65323 4313593 135680
3.65443 4315041 135680
3.65564 4316489 135680
3.65684 4317937 135680
3.65804 4319385 135680
3.65924 4320833 135680
3.66044 4322281 135680
3.66164 4323729 135680
3.66284 4325177 135680
3.66405 4326625 135680
3.66525 4328073 135680
3.66645 4329521 135680
3.66765 4330969 135680
3.66885 4332417 135680
3.67005 4333865 135680
3.67126 4335313 135680
3.67246 4336761 135680
3.67366 4338209 135680
3.67486 4339657 135680
3.67606 4341105 135680
3.67726 4342553 135680
3.67847 4344001 135680
3.67967 4345449 135680
3.68087 4346897 135680
3.68207 4348345 135680
3.68327 4349793 135680
3.68447 4351241 135680
3.68568 4352689 135680
3.68688 4354137 135680
3.68808 4355585 135680
3.68928 4357033 135680
3.69048 4358481 135680
3.69168 4359929 135680
3.69288 4361377 135680
3.69409 4362825 135680
3.69529 4364273 135680
3.69649 4365721 135680
3.69769 4367169 135680
3.69889 4368617 135680
3.70009 4370065 135680
3.7013 4371513 135680
3.7025 4372961 135680
3.7037 4374409 135680
3.7049 4375857 135680
3.7061 4377305 135680
3.7073 4378753 135680
3.70851 4380201 135680
3.70971 4381649 135680
3.71091 4383097 135680
3.71211 4384545 135680
3.71331 4385993 135680
3.71451 4387441 135680
3.71572 4388889 135680
3.71692 4390337 135680
3.71812 4391785 135680
3.71932 4393233 135680
3.72052 4394681 135680
3.72172 4396129 135680
3.72292 4397577 135680
3.72413 4399025 135680
3.72533 4400473 135680
3.72653 4401921 135680
3.72773 4403369 135680
3.72893 4404817 135680
3.73013 4406265 135680
3.73134 4407713 135680
3.73254 4409161 135680
3.73374 4410609 137216
3.73494 4412057 137216
3.73614 4413505 137216
3.73734 4414953 137216
3.73855 4416401 137216
3.73975 4417849 137216
3.74095 4419297 137216
3.74215 4420745 137216
3.74335 4422193 137216
3.74455 4423641 137216
3.74576 4425089 137216
3.74696 4426537 137216
3.74816 4427985 137216
3.74936 4429433 137216
3.75056 4430881 137216
3.75176 4432329 137216
3.75296 4433777 137216
3.75417 4435225 137216
3.75537 4436673 137216
3.75657 4438121 137216
3.75777 4439569 137216
3.75897 4441017 137216
3.76017 4442465 137216
3.76138 4443913 137216
3.76258 4445361 137216
3.76378 4446809 137216
3.76498 4448257 137216
3.76618 4449705 137216
3.76738 4451153 137216
3.76859 4452601 137216
3.76979 4454049 137216
3.77099 4455497 137216
3.77219 4456945 137216
3.77339 4458393 137216
3.77459 4459841 137216
3.7758 4461289 137216
3.777 4462737 137216
3.7782 4464185 137216
3.7794 4465633 137216
3.7806 4467081 137216
3.7818 4468529 137216
3.783 4469977 137216
3.78421 4471425 137216
3.78541 4472873 137216
3.78661 4474321 137216
3.78781 4475769 137216
3.78901 4477217 137216
3.79021 4478665 137216
3.79142 4480113 137216
3.79262 4481561 137216
3.79382 4483009 137216
3.79502 4484457 138752
3.79622 4485905 138752
3.79742 4487353 138752
3.79863 4488801 138752
3.79983 4490249 138752
3.80103 4491697 138752
3.80223 4493145 138752
3.80343 4494593 138752
3.80463 4496041 138752
3.80584 4497489 138752
3.80704 4498937 138752
3.80824 4500385 138752
3.80944 4501833 138752
3.81064 4503281 138752
3.81184 4504729 138752
3.81304 4506177 138752
3.81425 4507625 138752
3.81545 4509073 138752
3.81665 4510521 138752
3.81785 4511969 138752
3.81905 4513417 138752
3.82025 4514865 138752
3.82146 4516313 138752
3.82266 4517761 138752
3.82386 4519209 138752
3.82506 4520657 138752
3.82626 4522105 138752
3.82746 4523553 138752
3.82867 4525001 138752
3.82987 4526449 138752
3.83107 4527897 138752
3.83227 4529345 138752
3.83347 4530793 138752
3.83467 4532241 138752
3.83588 4533689 138752
3.83708 4535137 138752
3.83828 4536585 138752
3.83948 4538033 138752
3.84068 4539481 138752
3.84188 4540929 138752
3.84308 4542377 138752
3.84429 4543825 138752
3.84549 4545273 138752
3.84669 4546721 138752
3.84789 4548169 138752
3.84909 4549617 138752
3.85029 4551065 138752
3.8515 4552513 138752
3.8527 4553961 138752
3.8539 4555409 138752
3.8551 4556857 138752
3.8563 4558305 138752
3.8575 4559753 138752
3.85871 4561201 138752
3.85991 4562649 138752
3.86111 4564097 138752
3.86231 4565545 138752
3.86351 4566993 138752
3.86471 4568441 138752
3.86592 4569889 138752
3.86712 4571337 138752
3.86832 4572785 138752
3.86952 4574233 138752
3.87072 4575681 138752
3.87192 4577129 138752
3.87312 4578577 138752
3.87433 4580025 138752
3.87553 4581473 138752
3.87673 4582921 138752
3.87793 4584369 138752
3.87913 4585817 138752
3.88033 4587265 138752
3.88154 4588713 138752
3.88274 4590161 138752
3.88394 4591609 138752
3.88514 4593057 138752
3.88634 4594505 138752
3.88754 4595953 138752
3.88875 4597401 138752
3.88995 4598849 138752
3.89115 4600297 138752
3.89235 4601745 138752
3.89355 4603193 138752
3.89475 4604641 138752
3.89596 4606089 138752
3.89716 4607537 138752
3.89836 4608985 138752
3.89956 4610433 138752
3.90076 4611881 138752
3.90196 4613329 138752
3.90316 4614777 138752
3.90437 4616225 138752
3.90557 4617673 138752
3.90677 4619121 138752
3.90797 4620569 138752
3.90917 4622017 138752
3.91037 4623465 138752
3.91158 4624913 140288
3.91278 4626361 140288
3.91398 4627809 140288
3.91518 4629257 140288
3.91638 4630705 140288
3.91758 4632153 140288
3.91879 4633601 140288
3.91999 4635049 140288
3.92119 4636497 140288
3.92239 4637945 140288
3.92359 4639393 140288
3.92479 4640841 140288
3.926 4642289 140288
3.9272 4643737 140288
3.9284 4645185 140288
3.9296 4646633 140288
3.9308 4648081 140288
3.932 4649529 140288
3.9332 4650977 140288
3.93441 4652425 140288
3.93561 4653873 140288
3.93681 4655321 140288
3.93801 4656769 140288
3.93921 4658217 140288
3.94041 4659665 140288
3.94162 4661113 140288
3.94282 4662561 140288
3.94402 4664009 140288
3.94522 4665457 140288
3.94642 4666905 140288
3.94762 4668353 140288
3.94883 4669801 140288
3.95003 4671249 140288
3.95123 4672697 140288
3.95243 4674145 140288
3.95363 4675593 140288
3.95483 4677041 140288
3.95604 4678489 140288
3.95724 4679937 140288
3.95844 4681385 140288
3.95964 4682833 140288
3.96084 4684281 140288
3.96204 4685729 140288
3.96324 4687177 140288
3.96445 4688625 140288
3.96565 4690073 140288
3.96685 4691521 140288
3.96805 4692969 140288
3.96925 4694417 140288
3.97045 4695865 140288
3.97166 4697313 140288
3.97286 4698761 140288
3.97406 4700209 140288
3.97526 4701657 140288
3.97646 4703105 140288
3.97766 4704553 140288
3.97887 4706001 140288
3.98007 4707449 140288
3.98127 4708897 140288
3.98247 4710345 140288
3.98367 4711793 140288
3.98487 4713241 140288
3.98608 4714689 140288
3.98728 4716137 140288
3.98848 4717585 140288
3.98968 4719033 140288
3.99088 4720481 140288
3.99208 4721929 140288
3.99328 4723377 140288
3.99449 4724825 140288
3.99569 4726273 140288
3.99689 4727721 140288
3.99809 4729169 140288
3.99929 4730617 140288
4.00049 4732065 140288
4.0017 4733513 140288
4.0029 4734961 140288
4.0041 4736409 140288
4.0053 4737857 140288
4.0065 4739305 140288
4.0077 4740753 140288
4.00891 4742201 140288
4.01011 4743649 140288
4.01131 4745097 140288
4.01251 4746545 140288
4.01371 4747993 140288
4.01491 4749441 140288
4.01612 4750889 140288
4.01732 4752337 140288
4.01852 4753785 140288
4.01972 4755233 140288
4.02092 4756681 141824
4.02212 4758129 141824
4.02332 4759577 141824
4.02453 4761025 141824
4.02573 4762473 141824
4.02693 4763921 141824
4.02813 4765369 141824
4.02933 4766817 141824
4.03053 4768265 141824
4.03174 4769713 141824
4.03294 4771161 141824
4.03414 4772609 141824
4.03534 4774057 141824
4.03654 4775505 141824
4.03774 4776953 141824
4.03895 4778401 141824
4.04015 4779849 141824
4.04135 4781297 141824
4.04255 4782745 141824
4.04375 4784193 141824
4.04495 4785641 141824
4.04616 4787089 141824
4.04736 4788537 141824
4.04856 4789985 141824
4.04976 4791433 141824
4.05096 4792881 141824
4.05216 4794329 141824
4.05336 4795777 141824
4.05457 4797225 141824
4.05577 4798673 141824
4.05697 4800121 141824
4.05817 4801569 141824
4.05937 4803017 141824
4.06057 4804465 141824
4.06178 4805913 141824
4.06298 4807361 141824
4.06418 4808809 141824
4.06538 4810257 141824
4.06658 4811705 141824
4.06778 4813153 141824
4.06899 4814601 141824
4.07019 4816049 141824
4.07139 4817497 141824
4.07259 4818945 141824
4.07379 4820393 141824
4.07499 4821841 141824
4.0762 4823289 141824
4.0774 4824737 141824
4.0786 4826185 141824
4.0798 4827633 141824
4.081 4829081 141824
4.0822 4830529 141824
4.0834 4831977 141824
4.08461 4833425 141824
4.08581 4834873 141824
4.08701 4836321 141824
4.08821 4837769 141824
4.08941 4839217 142848
4.09061 4840665 142848
4.09182 4842113 142848
4.09302 4843561 142848
4.09422 4845009 142848
4.09542 4846457 142848
4.09662 4847905 142848
4.09782 4849353 142848
4.09903 4850801 142848
4.10023 4852249 142848
4.10143 4853697 142848
4.10263 4855145 142848
4.10383 4856593 142848
4.10503 4858041 142848
4.10624 4859489 142848
4.10744 4860937 142848
4.10864 4862385 142848
4.10984 4863833 142848
4.11104 4865281 142848
4.11224 4866729 142848
4.11344 4868177 142848
4.11465 4869625 142848
4.11585 4871073 142848
4.11705 4872521 142848
4.11825 4873969 142848
4.11945 4875417 142848
4.12065 4876865 142848
4.12186 4878313 142848
4.12306 4879761 142848
4.12426 4881209 142848
4.12546 4882657 142848
4.12666 4884105 142848
4.12786 4885553 142848
4.12907 4887001 142848
4.13027 4888449 142848
4.13147 4889897 142848
4.13267 4891345 142848
4.13387 4892793 142848
4.13507 4894241 142848
4.13628 4895689 142848
4.13748 4897137 142848
4.13868 4898585 142848
4.13988 4900033 142848
4.14108 4901481 142848
4.14228 4902929 142848
4.14348 4904377 142848
4.14469 4905825 142848
4.14589 4907273 142848
4.14709 4908721 142848
4.14829 4910169 142848
4.14949 4911617 142848
4.15069 4913065 142848
4.1519 4914513 142848
4.1531 4915961 142848
4.1543 4917409 142848
4.1555 4918857 142848
4.1567 4920305 142848
4.1579 4921753 142848
4.15911 4923201 142848
4.16031 4924649 142848
4.16151 4926097 142848
4.16271 4927545 142848
4.16391 4928993 142848
4.16511 4930441 142848
4.16632 4931889 142848
4.16752 4933337 142848
4.16872 4934785 142848
4.16992 4936233 142848
4.17112 4937681 142848
4.17232 4939129 142848
4.17352 4940577 142848
4.17473 4942025 142848
4.17593 4943473 142848
4.17713 4944921 142848
4.17833 4946369 142848
4.17953 4947817 142848
4.18073 4949265 142848
4.18194 4950713 142848
4.18314 4952161 142848
4.18434 4953609 142848
4.18554 4955057 142848
4.18674 4956505 142848
4.18794 4957953 142848
4.18915 4959401 142848
4.19035 4960849 142848
4.19155 4962297 142848
4.19275 4963745 142848
4.19395 4965193 142848
4.19515 4966641 142848
4.19636 4968089 142848
4.19756 4969537 142848
4.19876 4970985 142848
4.19996 4972433 142848
4.20116 4973881 142848
4.20236 4975329 142848
4.20356 4976777 142848
4.20477 4978225 142848
4.20597 4979673 142848
4.20717 4981121 142848
4.20837 4982569 142848
4.20957 4984017 142848
4.21077 4985465 144384
4.21198 4986913 144384
4.21318 4988361 144384
4.21438 4989809 144384
4.21558 4991257 144384
4.21678 4992705 144384
4.21798 4994153 144384
4.21919 4995601 144384
4.22039 4997049 144384
4.22159 4998497 144384
4.22279 4999945 144384
4.22399 5001393 144384
4.22519 5002841 144384
4.2264 5004289 144384
4.2276 5005737 144384
4.2288 5007185 144384
4.23 5008633 144384
4.2312 5010081 144384
4.2324 5011529 144384
4.2336 5012977 144384
4.23481 5014425 144384
4.23601 5015873 144384
4.23721 5017321 144384
4.23841 5018769 144384
4.23961 5020217 144384
4.24081 5021665 144384
4.24202 5023113 144384
4.24322 5024561 144384
4.24442 5026009 144384
4.24562 5027457 144384
4.24682 5028905 144384
4.24802 5030353 144384
4.24923 5031801 144384
4.25043 5033249 144384
4.25163 5034697 144384
4.25283 5036145 144384
4.25403 5037593 144384
4.25523 5039041 144384
4.25644 5040489 144384
4.25764 5041937 144384
4.25884 5043385 144384
4.26004 5044833 144384
4.26124 5046281 144384
4.26244 5047729 144384
4.26364 5049177 144384
4.26485 5050625 144384
4.26605 5052073 144384
4.26725 5053521 144384
4.26845 5054969 144384
4.26965 5056417 144384
4.27085 5057865 144384
4.27206 5059313 144384
4.27326 5060761 144384
4.27446 5062209 144384
4.27566 5063657 144384
4.27686 5065105 144384
4.27806 5066553 144384
4.27927 5068001 144384
4.28047 5069449 144384
4.28167 5070897 144384
4.28287 5072345 144384
4.28407 5073793 144384
4.28527 5075241 144384
4.28648 5076689 144384
4.28768 5078137 144384
4.28888 5079585 144384
4.29008 5081033 144384
4.29128 5082481 144384
4.29248 5083929 144384
4.29368 5085377 144384
4.29489 5086825 144384
4.29609 5088273 144384
4.29729 5089721 144384
4.29849 5091169 144384
4.29969 5092617 144384
4.30089 5094065 144384
4.3021 5095513 144384
4.3033 5096961 144384
4.3045 5098409 144384
4.3057 5099857 144384
4.3069 5101305 144384
4.3081 5102753 144384
4.30931 5104201 144384
4.31051 5105649 144384
4.31171 5107097 144384
4.31291 5108545 144384
4.31411 5109993 144384
4.31531 5111441 144384
4.31652 5112889 144384
4.31772 5114337 144384
4.31892 5115785 144384
4.32012 5117233 144384
4.32132 5118681 144384
4.32252 5120129 144384
4.32372 5121577 144384
4.32493 5123025 144384
4.32613 5124473 144384
4.32733 5125921 144384
4.32853 5127369 144384
4.32973 5128817 144384
4.33093 5130265 144384
4.33214 5131713 145920
4.33334 5133161 145920
4.33454 5134609 145920
4.33574 5136057 145920
4.33694 5137505 145920
4.33814 5138953 145920
4.33935 5140401 145920
4.34055 5141849 145920
4.34175 5143297 145920
4.34295 5144745 145920
4.34415 5146193 145920
4.34535 5147641 145920
4.34656 5149089 145920
4.34776 5150537 145920
4.34896 5151985 145920
4.35016 5153433 145920
4.35136 5154881 145920
4.35256 5156329 145920
4.35376 5157777 145920
4.35497 5159225 145920
4.35617 5160673 145920
4.35737 5162121 145920
4.35857 5163569 145920
4.35977 5165017 145920
4.36097 5166465 145920
4.36218 5167913 145920
4.36338 5169361 145920
4.36458 5170809 145920
4.36578 5172257 145920
4.36698 5173705 145920
4.36818 5175153 145920
4.36939 5176601 145920
4.37059 5178049 145920
4.37179 5179497 145920
4.37299 5180945 145920
4.37419 5182393 145920
4.37539 5183841 145920
4.3766 5185289 145920
4.3778 5186737 145920
4.379 5188185 145920
4.3802 5189633 145920
4.3814 5191081 145920
4.3826 5192529 145920
4.3838 5193977 145920
4.38501 5195425 145920
4.38621 5196873 145920
4.38741 5198321 145920
4.38861 5199769 145920
4.38981 5201217 145920
4.39101 5202665 145920
4.39222 5204113 145920
4.39342 5205561 145920
4.39462 5207009 145920
4.39582 5208457 145920
4.39702 5209905 145920
4.39822 5211353 145920
4.39943 5212801 145920
4.40063 5214249 145920
4.40183 5215697 145920
4.40303 5217145 145920
4.40423 5218593 145920
4.40543 5220041 145920
4.40664 5221489 145920
4.40784 5222937 145920
4.40904 5224385 145920
4.41024 5225833 145920
4.41144 5227281 145920
4.41264 5228729 145920
4.41384 5230177 145920
4.41505 5231625 145920
4.41625 5233073 145920
4.41745 5234521 145920
4.41865 5235969 145920
4.41985 5237417 145920
4.42105 5238865 145920
4.42226 5240313 145920
4.42346 5241761 145920
4.42466 5243209 145920
4.42586 5244657 145920
4.42706 5246105 145920
4.42826 5247553 145920
4.42947 5249001 145920
4.43067 5250449 145920
4.43187 5251897 145920
4.43307 5253345 145920
4.43427 5254793 145920
4.43547 5256241 145920
4.43668 5257689 145920
4.43788 5259137 145920
4.43908 5260585 145920
4.44028 5262033 145920
4.44148 5263481 145920
4.44268 5264929 145920
4.44388 5266377 145920
4.44509 5267825 145920
4.44629 5269273 145920
4.44749 5270721 145920
4.44869 5272169 145920
4.44989 5273617 145920
4.45109 5275065 145920
4.4523 5276513 145920
4.4535 5277961 147456
4.4547 5279409 147456
4.4559 5280857 147456
4.4571 5282305 147456
4.4583 5283753 147456
4.45951 5285201 147456
4.46071 5286649 147456
4.46191 5288097 147456
4.46311 5289545 147456
4.46431 5290993 147456
4.46551 5292441 147456
4.46672 5293889 147456
4.46792 5295337 147456
4.46912 5296785 147456
4.47032 5298233 147456
4.47152 5299681 147456
4.47272 5301129 147456
4.47392 5302577 147456
4.47513 5304025 147456
4.47633 5305473 147456
4.47753 5306921 147456
4.47873 5308369 147456
4.47993 5309817 147456
4.48113 5311265 147456
4.48234 5312713 147456
4.48354 5314161 147456
4.48474 5315609 147456
4.48594 5317057 147456
4.48714 5318505 147456
4.48834 5319953 147456
4.48955 5321401 147456
4.49075 5322849 147456
4.49195 5324297 147456
4.49315 5325745 147456
4.49435 5327193 147456
4.49555 5328641 147456
4.49676 5330089 147456
4.49796 5331537 147456
4.49916 5332985 147456
4.50036 5334433 147456
4.50156 5335881 147456
4.50276 5337329 147456
4.50396 5338777 147456
4.50517 5340225 147456
4.50637 5341673 147456
4.50757 5343121 147456
4.50877 5344569 147456
4.50997 5346017 147456
4.51117 5347465 147456
4.51238 5348913 147456
4.51358 5350361 147456
4.51478 5351809 147456
4.51598 5353257 147456
4.51718 5354705 147456
4.51838 5356153 147456
4.51959 5357601 147456
4.52079 5359049 147456
4.52199 5360497 147456
4.52319 5361945 147456
4.52439 5363393 147456
4.52559 5364841 147456
4.5268 5366289 147456
4.528 5367737 147456
4.5292 5369185 147456
4.5304 5370633 147456
4.5316 5372081 147456
4.5328 5373529 147456
4.534 5374977 147456
4.53521 5376425 147456
4.53641 5377873 147456
4.53761 5379321 147456
4.53881 5380769 147456
4.54001 5382217 147456
4.54121 5383665 147456
4.54242 5385113 147456
4.54362 5386561 147456
4.54482 5388009 147456
4.54602 5389457 147456
4.54722 5390905 147456
4.54842 5392353 147456
4.54963 5393801 147456
4.55083 5395249 147456
4.55203 5396697 147456
4.55323 5398145 147456
4.55443 5399593 147456
4.55563 5401041 147456
4.55684 5402489 147456
4.55804 5403937 147456
4.55924 5405385 147456
4.56044 5406833 147456
4.56164 5408281 147456
4.56284 5409729 147456
4.56404 5411177 147456
4.56525 5412625 147456
4.56645 5414073 147456
4.56765 5415521 147456
4.56885 5416969 147456
4.57005 5418417 147456
4.57125 5419865 147456
4.57246 5421313 147456
4.57366 5422761 147456
4.57486 5424209 147456
4.57606 5425657 147456
4.57726 5427105 148992
4.57846 5428553 148992
4.57967 5430001 148992
4.58087 5431449 148992
4.58207 5432897 148992
4.58327 5434345 148992
4.58447 5435793 148992
4.58567 5437241 148992
4.58688 5438689 148992
4.58808 5440137 148992
4.58928 5441585 148992
4.59048 5443033 148992
4.59168 5444481 148992
4.59288 5445929 148992
4.59408 5447377 148992
4.59529 5448825 148992
4.59649 5450273 148992
4.59769 5451721 148992
4.59889 5453169 148992
4.60009 5454617 148992
4.60129 5456065 148992
4.6025 5457513 148992
4.6037 5458961 148992
4.6049 5460409 148992
4.6061 5461857 148992
4.6073 5463305 148992
4.6085 5464753 148992
4.60971 5466201 148992
4.61091 5467649 148992
4.61211 5469097 148992
4.61331 5470545 148992
4.61451 5471993 148992
4.61571 5473441 148992
4.61692 5474889 148992
4.61812 5476337 148992
4.61932 5477785 148992
4.62052 5479233 148992
4.62172 5480681 148992
4.62292 5482129 148992
4.62412 5483577 148992
4.62533 5485025 148992
4.62653 5486473 148992
4.62773 5487921 148992
4.62893 5489369 148992
4.63013 5490817 148992
4.63133 5492265 148992
4.63254 5493713 148992
4.63374 5495161 148992
4.63494 5496609 148992
4.63614 5498057 148992
4.63734 5499505 148992
4.63854 5500953 148992
4.63975 5502401 148992
4.64095 5503849 148992
4.64215 5505297 148992
4.64335 5506745 148992
4.64455 5508193 148992
4.64575 5509641 148992
4.64696 5511089 148992
4.64816 5512537 148992
4.64936 5513985 148992
4.65056 5515433 148992
4.65176 5516881 148992
4.65296 5518329 148992
4.65416 5519777 148992
4.65537 5521225 148992
4.65657 5522673 148992
4.65777 5524121 148992
4.65897 5525569 148992
4.66017 5527017 148992
4.66137 5528465 148992
4.66258 5529913 148992
4.66378 5531361 148992
4.66498 5532809 148992
4.66618 5534257 148992
4.66738 5535705 148992
4.66858 5537153 148992
4.66979 5538601 148992
4.67099 5540049 148992
4.67219 5541497 148992
4.67339 5542945 148992
4.67459 5544393 148992
4.67579 5545841 148992
4.677 5547289 148992
4.6782 5548737 148992
4.6794 5550185 148992
4.6806 5551633 148992
4.6818 5553081 148992
4.683 5554529 148992
4.6842 5555977 148992
4.68541 5557425 148992
4.68661 5558873 148992
4.68781 5560321 148992
4.68901 5561769 148992
4.69021 5563217 148992
4.69141 5564665 148992
4.69262 5566113 148992
4.69382 5567561 148992
4.69502 5569009 148992
4.69622 5570457 148992
4.69742 5571905 148992
4.69862 5573353 148992
4.69983 5574801 148992
4.70103 5576249 148992
4.70223 5577697 148992
4.70343 5579145 150528
4.70463 5580593 150528
4.70583 5582041 150528
4.70704 5583489 150528
4.70824 5584937 150528
4.70944 5586385 150528
4.71064 5587833 150528
4.71184 5589281 150528
4.71304 5590729 150528
4.71424 5592177 150528
4.71545 5593625 150528
4.71665 5595073 150528
4.71785 5596521 150528
4.71905 5597969 150528
4.72025 5599417 150528
4.72145 5600865 150528
4.72266 5602313 150528
4.72386 5603761 150528
4.72506 5605209 150528
4.72626 5606657 150528
4.72746 5608105 150528
4.72866 5609553 150528
4.72987 5611001 150528
4.73107 5612449 150528
4.73227 5613897 150528
4.73347 5615345 150528
4.73467 5616793 150528
4.73587 5618241 150528
4.73708 5619689 150528
4.73828 5621137 150528
4.73948 5622585 150528
4.74068 5624033 150528
4.74188 5625481 150528
4.74308 5626929 150528
4.74428 5628377 150528
4.74549 5629825 150528
4.74669 5631273 150528
4.74789 5632721 150528
4.74909 5634169 150528
4.75029 5635617 150528
4.75149 5637065 150528
4.7527 5638513 150528
4.7539 5639961 150528
4.7551 5641409 150528
4.7563 5642857 150528
4.7575 5644305 150528
4.7587 5645753 150528
4.75991 5647201 150528
4.76111 5648649 150528
4.76231 5650097 150528
4.76351 5651545 150528
4.76471 5652993 150528
4.76591 5654441 150528
4.76712 5655889 150528
4.76832 5657337 150528
4.76952 5658785 150528
4.77072 5660233 150528
4.77192 5661681 150528
4.77312 5663129 150528
4.77432 5664577 150528
4.77553 5666025 150528
4.77673 5667473 150528
4.77793 5668921 150528
4.77913 5670369 150528
4.78033 5671817 150528
4.78153 5673265 150528
4.78274 5674713 150528
4.78394 5676161 150528
4.78514 5677609 150528
4.78634 5679057 150528
4.78754 5680505 150528
4.78874 5681953 150528
4.78995 5683401 150528
4.79115 5684849 150528
4.79235 5686297 150528
4.79355 5687745 150528
4.79475 5689193 150528
4.79595 5690641 150528
4.79716 5692089 150528
4.79836 5693537 150528
4.79956 5694985 150528
4.80076 5696433 150528
4.80196 5697881 150528
4.80316 5699329 150528
4.80436 5700777 150528
4.80557 5702225 150528
4.80677 5703673 150528
4.80797 5705121 150528
4.80917 5706569 150528
4.81037 5708017 150528
4.81157 5709465 150528
4.81278 5710913 150528
4.81398 5712361 150528
4.81518 5713809 150528
4.81638 5715257 150528
4.81758 5716705 150528
4.81878 5718153 150528
4.81999 5719601 150528
4.82119 5721049 150528
4.82239 5722497 150528
4.82359 5723945 150528
4.82479 5725393 150528
4.82599 5726841 150528
4.8272 5728289 150528
4.8284 5729737 150528
4.8296 5731185 150528
4.8308 5732633 150528
4.832 5734081 150528
4.8332 5735529 150528
4.8344 5736977 150528
4.83561 5738425 150528
4.83681 5739873 150528
4.83801 5741321 150528
4.83921 5742769 150528
4.84041 5744217 150528
4.84161 5745665 150528
4.84282 5747113 150528
4.84402 5748561 150528
4.84522 5750009 150528
4.84642 5751457 150528
4.84762 5752905 150528
4.84882 5754353 150528
4.85003 5755801 150528
4.85123 5757249 150528
4.85243 5758697 150528
4.85363 5760145 150528
4.85483 5761593 150528
4.85603 5763041 150528
4.85724 5764489 150528
4.85844 5765937 150528
4.85964 5767385 150528
4.86084 5768833 150528
4.86204 5770281 150528
4.86324 5771729 150528
4.86444 5773177 150528
4.86565 5774625 150528
4.86685 5776073 150528
4.86805 5777521 150528
4.86925 5778969 150528
4.87045 5780417 150528
4.87165 5781865 150528
4.87286 5783313 150528
4.87406 5784761 150528
4.87526 5786209 150528
4.87646 5787657 150528
4.87766 5789105 150528
4.87886 5790553 150528
4.88007 5792001 150528
4.88127 5793449 150528
4.88247 5794897 150528
4.88367 5796345 150528
4.88487 5797793 150528
4.88607 5799241 150528
4.88728 5800689 150528
4.88848 5802137 150528
4.88968 5803585 150528
4.89088 5805033 150528
4.89208 5806481 150528
4.89328 5807929 150528
4.89448 5809377 150528
4.89569 5810825 150528
4.89689 5812273 151552
4.89809 5813721 151552
4.89929 5815169 151552
4.90049 5816617 151552
4.90169 5818065 151552
4.9029 5819513 151552
4.9041 5820961 151552
4.9053 5822409 151552
4.9065 5823857 151552
4.9077 5825305 151552
4.9089 5826753 151552
4.91011 5828201 151552
4.91131 5829649 151552
4.91251 5831097 151552
4.91371 5832545 151552
4.91491 5833993 151552
4.91611 5835441 151552
4.91732 5836889 151552
4.91852 5838337 151552
4.91972 5839785 151552
4.92092 5841233 151552
4.92212 5842681 151552
4.92332 5844129 151552
4.92452 5845577 151552
4.92573 5847025 151552
4.92693 5848473 151552
4.92813 5849921 151552
4.92933 5851369 151552
4.93053 5852817 151552
4.93173 5854265 151552
4.93294 5855713 151552
4.93414 5857161 151552
4.93534 5858609 151552
4.93654 5860057 151552
4.93774 5861505 151552
4.93894 5862953 151552
4.94015 5864401 151552
4.94135 5865849 151552
4.94255 5867297 151552
4.94375 5868745 151552
4.94495 5870193 151552
4.94615 5871641 151552
4.94736 5873089 151552
4.94856 5874537 151552
4.94976 5875985 151552
4.95096 5877433 151552
4.95216 5878881 151552
4.95336 5880329 151552
4.95456 5881777 151552
4.95577 5883225 151552
4.95697 5884673 151552
4.95817 5886121 151552
4.95937 5887569 151552
4.96057 5889017 151552
4.96177 5890465 151552
4.96298 5891913 151552
4.96418 5893361 151552
4.96538 5894809 151552
4.96658 5896257 151552
4.96778 5897705 151552
4.96898 5899153 151552
4.97019 5900601 151552
4.97139 5902049 151552
4.97259 5903497 151552
4.97379 5904945 151552
4.97499 5906393 151552
4.97619 5907841 151552
4.9774 5909289 151552
4.9786 5910737 151552
4.9798 5912185 151552
4.981 5913633 151552
4.9822 5915081 151552
4.9834 5916529 151552
4.9846 5917977 151552
4.98581 5919425 151552
4.98701 5920873 151552
4.98821 5922321 151552
4.98941 5923769 151552
4.99061 5925217 151552
4.99181 5926665 151552
4.99302 5928113 151552
4.99422 5929561 151552
4.99542 5931009 151552
4.99662 5932457 151552
4.99782 5933905 151552
4.99902 5935353 151552
5.00023 5936801 151552
5.00143 5938249 151552
5.00263 5939697 151552
5.00383 5941145 151552
5.00503 5942593 151552
5.00623 5944041 151552
5.00744 5945489 151552
5.00864 5946937 151552
5.00984 5948385 151552
5.01104 5949833 151552
5.01224 5951281 151552
5.01344 5952729 151552
5.01464 5954177 151552
5.01585 5955625 151552
5.01705 5957073 151552
5.01825 5958521 151552
5.01945 5959969 151552
5.02065 5961417 151552
5.02185 5962865 151552
5.02306 5964313 151552
5.02426 5965761 151552
5.02546 5967209 151552
5.02666 5968657 151552
5.02786 5970105 151552
5.02906 5971553 151552
5.03027 5973001 151552
5.03147 5974449 151552
5.03267 5975897 151552
5.03387 5977345 151552
5.03507 5978793 151552
5.03627 5980241 151552
5.03748 5981689 151552
5.03868 5983137 151552
5.03988 5984585 151552
5.04108 5986033 151552
5.04228 5987481 151552
5.04348 5988929 151552
5.04468 5990377 151552
5.04589 5991825 151552
5.04709 5993273 151552
5.04829 5994721 151552
5.04949 5996169 151552
5.05069 5997617 151552
5.05189 5999065 151552
5.0531 6000513 151552
5.0543 6001961 151552
5.0555 6003409 151552
5.0567 6004857 151552
5.0579 6006305 151552
5.0591 6007753 151552
5.06031 6009201 151552
5.06151 6010649 151552
5.06271 6012097 151552
5.06391 6013545 151552
5.06511 6014993 151552
5.06631 6016441 151552
5.06752 6017889 151552
5.06872 6019337 151552
5.06992 6020785 151552
5.07112 6022233 151552
5.07232 6023681 151552
5.07352 6025129 151552
5.07472 6026577 151552
5.07593 6028025 151552
5.07713 6029473 151552
5.07833 6030921 151552
5.07953 6032369 151552
5.08073 6033817 151552
5.08193 6035265 151552
5.08314 6036713 151552
5.08434 6038161 151552
5.08554 6039609 151552
5.08674 6041057 151552
5.08794 6042505 151552
5.08914 6043953 151552
5.09035 6045401 151552
5.09155 6046849 151552
5.09275 6048297 151552
5.09395 6049745 151552
5.09515 6051193 151552
5.09635 6052641 151552
5.09756 6054089 151552
5.09876 6055537 151552
5.09996 6056985 151552
5.10116 6058433 151552
5.10236 6059881 151552
5.10356 6061329 151552
5.10476 6062777 151552
5.10597 6064225 151552
5.10717 6065673 151552
5.10837 6067121 151552
5.10957 6068569 151552
5.11077 6070017 151552
5.11197 6071465 151552
5.11318 6072913 151552
5.11438 6074361 151552
5.11558 6075809 151552
5.11678 6077257 151552
5.11798 6078705 151552
5.11918 6080153 151552
5.12039 6081601 151552
5.12159 6083049 151552
5.12279 6084497 151552
5.12399 6085945 151552
5.12519 6087393 151552
5.12639 6088841 151552
5.1276 6090289 151552
5.1288 6091737 151552
5.13 6093185 151552
5.1312 6094633 151552
5.1324 6096081 151552
5.1336 6097529 151552
5.1348 6098977 151552
5.13601 6100425 151552
5.13721 6101873 151552
5.13841 6103321 151552
5.13961 6104769 151552
5.14081 6106217 151552
5.14201 6107665 151552
5.14322 6109113 151552
5.14442 6110561 151552
5.14562 6112009 153088
5.14682 6113457 153088
5.14802 6114905 153088
5.14922 6116353 153088
5.15043 6117801 153088
5.15163 6119249 153088
5.15283 6120697 153088
5.15403 6122145 153088
5.15523 6123593 153088
5.15643 6125041 153088
5.15764 6126489 153088
5.15884 6127937 153088
5.16004 6129385 153088
5.16124 6130833 153088
5.16244 6132281 153088
5.16364 6133729 153088
5.16484 6135177 153088
5.16605 6136625 153088
5.16725 6138073 153088
5.16845 6139521 153088
5.16965 6140969 153088
5.17085 6142417 153088
5.17205 6143865 153088
5.17326 6145313 153088
5.17446 6146761 153088
5.17566 6148209 153088
5.17686 6149657 153088
5.17806 6151105 153088
5.17926 6152553 153088
5.18047 6154001 153088
5.18167 6155449 153088
5.18287 6156897 153088
5.18407 6158345 153088
5.18527 6159793 153088
5.18647 6161241 153088
5.18768 6162689 153088
5.18888 6164137 153088
5.19008 6165585 153088
5.19128 6167033 153088
5.19248 6168481 153088
5.19368 6169929 153088
5.19488 6171377 153088
5.19609 6172825 153088
5.19729 6174273 153088
5.19849 6175721 153088
5.19969 6177169 153088
5.20089 6178617 153088
5.20209 6180065 153088
5.2033 6181513 153088
5.2045 6182961 153088
5.2057 6184409 153088
5.2069 6185857 153088
5.2081 6187305 153088
5.2093 6188753 153088
5.21051 6190201 153088
5.21171 6191649 153088
5.21291 6193097 153088
5.21411 6194545 153088
5.21531 6195993 153088
5.21651 6197441 153088
5.21772 6198889 153088
5.21892 6200337 153088
5.22012 6201785 153088
5.22132 6203233 153088
5.22252 6204681 153088
5.22372 6206129 153088
5.22492 6207577 153088
5.22613 6209025 153088
5.22733 6210473 153088
5.22853 6211921 153088
5.22973 6213369 153088
5.23093 6214817 153088
5.23213 6216265 153088
5.23334 6217713 153088
5.23454 6219161 153088
5.23574 6220609 153088
5.23694 6222057 153088
5.23814 6223505 153088
5.23934 6224953 153088
5.24055 6226401 153088
5.24175 6227849 153088
5.24295 6229297 153088
5.24415 6230745 153088
5.24535 6232193 153088
5.24655 6233641 153088
5.24776 6235089 153088
5.24896 6236537 153088
5.25016 6237985 153088
5.25136 6239433 153088
5.25256 6240881 153088
5.25376 6242329 153088
5.25496 6243777 153088
5.25617 6245225 153088
5.25737 6246673 153088
5.25857 6248121 153088
5.25977 6249569 153088
5.26097 6251017 153088
5.26217 6252465 153088
5.26338 6253913 153088
5.26458 6255361 153088
5.26578 6256809 153088
5.26698 6258257 153088
5.26818 6259705 153088
5.26938 6261153 153088
5.27059 6262601 153088
5.27179 6264049 153088
5.27299 6265497 153088
5.27419 6266945 153088
5.27539 6268393 153088
5.27659 6269841 153088
5.2778 6271289 153088
5.279 6272737 153088
5.2802 6274185 153088
5.2814 6275633 153088
5.2826 6277081 153088
5.2838 6278529 153088
5.285 6279977 153088
5.28621 6281425 153088
5.28741 6282873 153088
5.28861 6284321 153088
5.28981 6285769 153088
5.29101 6287217 153088
5.29221 6288665 153088
5.29342 6290113 153088
5.29462 6291561 153088
5.29582 6293009 153088
5.29702 6294457 153088
5.29822 6295905 153088
5.29942 6297353 153088
5.30063 6298801 153088
5.30183 6300249 153088
5.30303 6301697 153088
5.30423 6303145 153088
5.30543 6304593 153088
5.30663 6306041 153088
5.30784 6307489 153088
5.30904 6308937 153088
5.31024 6310385 153088
5.31144 6311833 153088
5.31264 6313281 153088
5.31384 6314729 153088
5.31504 6316177 153088
5.31625 6317625 153088
5.31745 6319073 153088
5.31865 6320521 153088
5.31985 6321969 153088
5.32105 6323417 153088
5.32225 6324865 153088
5.32346 6326313 153088
5.32466 6327761 153088
5.32586 6329209 153088
5.32706 6330657 153088
5.32826 6332105 153088
5.32946 6333553 153088
5.33067 6335001 153088
5.33187 6336449 153088
5.33307 6337897 153088
5.33427 6339345 153088
5.33547 6340793 153088
5.33667 6342241 153088
5.33788 6343689 153088
5.33908 6345137 153088
5.34028 6346585 153088
5.34148 6348033 153088
5.34268 6349481 153088
5.34388 6350929 153088
5.34508 6352377 153088
5.34629 6353825 153088
5.34749 6355273 153088
5.34869 6356721 153088
5.34989 6358169 153088
5.35109 6359617 153088
5.35229 6361065 153088
5.3535 6362513 153088
5.3547 6363961 153088
5.3559 6365409 153088
5.3571 6366857 153088
5.3583 6368305 153088
5.3595 6369753 153088
5.36071 6371201 153088
5.36191 6372649 153088
5.36311 6374097 153088
5.36431 6375545 153088
5.36551 6376993 153088
5.36671 6378441 153088
5.36792 6379889 153088
5.36912 6381337 153088
5.37032 6382785 153088
5.37152 6384233 153088
5.37272 6385681 153088
5.37392 6387129 153088
5.37512 6388577 153088
5.37633 6390025 153088
5.37753 6391473 153088
5.37873 6392921 153088
5.37993 6394369 153088
5.38113 6395817 153088
5.38233 6397265 153088
5.38354 6398713 153088
5.38474 6400161 153088
5.38594 6401609 153088
5.38714 6403057 153088
5.38834 6404505 153088
5.38954 6405953 153088
5.39075 6407401 153088
5.39195 6408849 153088
5.39315 6410297 153088
5.39435 6411745 153088
5.39555 6413193 153088
5.39675 6414641 153088
5.39796 6416089 153088
5.39916 6417537 153088
5.40036 6418985 153088
5.40156 6420433 153088
5.40276 6421881 153088
5.40396 6423329 153088
5.40516 6424777 153088
5.40637 6426225 153088
5.40757 6427673 153088
5.40877 6429121 153088
5.40997 6430569 153088
5.41117 6432017 153088
5.41237 6433465 153088
5.41358 6434913 153088
5.41478 6436361 153088
5.41598 6437809 153088
5.41718 6439257 153088
5.41838 6440705 153088
5.41958 6442153 153088
5.42079 6443601 153088
5.42199 6445049 153088
5.42319 6446497 153088
5.42439 6447945 153088
5.42559 6449393 153088
5.42679 6450841 153088
5.428 6452289 153088
5.4292 6453737 153088
5.4304 6455185 153088
5.4316 6456633 153088
5.4328 6458081 153088
5.434 6459529 153088
5.4352 6460977 153088
5.43641 6462425 153088
5.43761 6463873 153088
5.43881 6465321 153088
5.44001 6466769 153088
5.44121 6468217 153088
5.44241 6469665 153088
5.44362 6471113 153088
5.44482 6472561 153088
5.44602 6474009 153088
5.44722 6475457 153088
5.44842 6476905 153088
5.44962 6478353 153088
5.45083 6479801 153088
5.45203 6481249 153088
5.45323 6482697 153088
5.45443 6484145 153088
5.45563 6485593 153088
5.45683 6487041 153088
5.45804 6488489 153088
5.45924 6489937 153088
5.46044 6491385 153088
5.46164 6492833 153088
5.46284 6494281 153088
5.46404 6495729 153088
5.46524 6497177 153088
5.46645 6498625 153088
5.46765 6500073 153088
5.46885 6501521 153088
5.47005 6502969 153088
5.47125 6504417 153088
5.47245 6505865 153088
5.47366 6507313 153088
5.47486 6508761 153088
5.47606 6510209 153088
5.47726 6511657 153088
5.47846 6513105 153088
5.47966 6514553 153088
5.48087 6516001 153088
5.48207 6517449 153088
5.48327 6518897 153088
5.48447 6520345 153088
5.48567 6521793 153088
5.48687 6523241 153088
5.48808 6524689 153088
5.48928 6526137 153088
5.49048 6527585 153088
5.49168 6529033 153088
5.49288 6530481 153088
5.49408 6531929 153088
5.49528 6533377 153088
5.49649 6534825 153088
5.49769 6536273 154624
5.49889 6537721 154624
5.50009 6539169 154624
5.50129 6540617 154624
5.50249 6542065 154624
5.5037 6543513 154624
5.5049 6544961 154624
5.5061 6546409 154624
5.5073 6547857 154624
5.5085 6549305 154624
5.5097 6550753 154624
5.51091 6552201 154624
5.51211 6553649 154624
5.51331 6555097 154624
5.51451 6556545 154624
5.51571 6557993 154624
5.51691 6559441 154624
5.51812 6560889 154624
5.51932 6562337 154624
5.52052 6563785 154624
5.52172 6565233 154624
5.52292 6566681 154624
5.52412 6568129 154624
5.52532 6569577 154624
5.52653 6571025 154624
5.52773 6572473 154624
5.52893 6573921 154624
5.53013 6575369 154624
5.53133 6576817 154624
5.53253 6578265 154624
5.53374 6579713 154624
5.53494 6581161 154624
5.53614 6582609 154624
5.53734 6584057 154624
5.53854 6585505 154624
5.53974 6586953 154624
5.54095 6588401 154624
5.54215 6589849 154624
5.54335 6591297 154624
5.54455 6592745 154624
5.54575 6594193 154624
5.54695 6595641 154624
5.54816 6597089 154624
5.54936 6598537 154624
5.55056 6599985 154624
5.55176 6601433 154624
5.55296 6602881 154624
5.55416 6604329 154624
5.55536 6605777 154624
5.55657 6607225 154624
5.55777 6608673 154624
5.55897 6610121 154624
5.56017 6611569 154624
5.56137 6613017 154624
5.56257 6614465 154624
5.56378 6615913 154624
5.56498 6617361 154624
5.56618 6618809 154624
5.56738 6620257 154624
5.56858 6621705 154624
5.56978 6623153 154624
5.57099 6624601 154624
5.57219 6626049 154624
5.57339 6627497 154624
5.57459 6628945 154624
5.57579 6630393 154624
5.57699 6631841 154624
5.5782 6633289 154624
5.5794 6634737 154624
5.5806 6636185 154624
5.5818 6637633 154624
5.583 6639081 154624
5.5842 6640529 154624
5.5854 6641977 154624
5.58661 6643425 154624
5.58781 6644873 154624
5.58901 6646321 154624
5.59021 6647769 154624
5.59141 6649217 154624
5.59261 6650665 154624
5.59382 6652113 154624
5.59502 6653561 154624
5.59622 6655009 154624
5.59742 6656457 154624
5.59862 6657905 154624
5.59982 6659353 154624
5.60103 6660801 154624
5.60223 6662249 154624
5.60343 6663697 154624
5.60463 6665145 154624
5.60583 6666593 154624
5.60703 6668041 154624
5.60824 6669489 154624
5.60944 6670937 154624
5.61064 6672385 154624
5.61184 6673833 154624
5.61304 6675281 154624
5.61424 6676729 154624
5.61544 6678177 154624
5.61665 6679625 154624
5.61785 6681073 154624
5.61905 6682521 154624
5.62025 6683969 154624
5.62145 6685417 154624
5.62265 6686865 154624
5.62386 6688313 154624
5.62506 6689761 154624
5.62626 6691209 154624
5.62746 6692657 154624
5.62866 6694105 154624
5.62986 6695553 154624
5.63107 6697001 154624
5.63227 6698449 154624
5.63347 6699897 154624
5.63467 6701345 154624
5.63587 6702793 154624
5.63707 6704241 154624
5.63828 6705689 154624
5.63948 6707137 154624
5.64068 6708585 154624
5.64188 6710033 154624
5.64308 6711481 154624
5.64428 6712929 154624
5.64548 6714377 154624
5.64669 6715825 154624
5.64789 6717273 154624
5.64909 6718721 154624
5.65029 6720169 154624
5.65149 6721617 154624
5.65269 6723065 154624
5.6539 6724513 154624
5.6551 6725961 154624
5.6563 6727409 154624
5.6575 6728857 154624
5.6587 6730305 154624
5.6599 6731753 154624
5.66111 6733201 154624
5.66231 6734649 154624
5.66351 6736097 154624
5.66471 6737545 154624
5.66591 6738993 154624
5.66711 6740441 154624
5.66832 6741889 154624
5.66952 6743337 154624
5.67072 6744785 154624
5.67192 6746233 154624
5.67312 6747681 154624
5.67432 6749129 154624
5.67552 6750577 154624
5.67673 6752025 154624
5.67793 6753473 154624
5.67913 6754921 154624
5.68033 6756369 154624
5.68153 6757817 154624
5.68273 6759265 154624
5.68394 6760713 154624
5.68514 6762161 154624
5.68634 6763609 154624
5.68754 6765057 154624
5.68874 6766505 154624
5.68994 6767953 154624
5.69115 6769401 154624
5.69235 6770849 154624
5.69355 6772297 154624
5.69475 6773745 154624
5.69595 6775193 154624
5.69715 6776641 154624
5.69836 6778089 154624
5.69956 6779537 154624
5.70076 6780985 154624
5.70196 6782433 154624
5.70316 6783881 154624
5.70436 6785329 154624
5.70556 6786777 154624
5.70677 6788225 154624
5.70797 6789673 154624
5.70917 6791121 154624
5.71037 6792569 154624
5.71157 6794017 154624
5.71277 6795465 154624
5.71398 6796913 154624
5.71518 6798361 154624
5.71638 6799809 154624
5.71758 6801257 154624
5.71878 6802705 154624
5.71998 6804153 154624
5.72119 6805601 154624
5.72239 6807049 154624
5.72359 6808497 154624
5.72479 6809945 154624
5.72599 6811393 154624
5.72719 6812841 154624
5.7284 6814289 154624
5.7296 6815737 154624
5.7308 6817185 154624
5.732 6818633 154624
5.7332 6820081 154624
5.7344 6821529 154624
5.7356 6822977 154624
5.73681 6824425 154624
5.73801 6825873 154624
5.73921 6827321 154624
5.74041 6828769 154624
5.74161 6830217 154624
5.74281 6831665 154624
5.74402 6833113 154624
5.74522 6834561 154624
5.74642 6836009 154624
5.74762 6837457 154624
5.74882 6838905 154624
5.75002 6840353 154624
5.75123 6841801 154624
5.75243 6843249 154624
5.75363 6844697 154624
5.75483 6846145 154624
5.75603 6847593 154624
5.75723 6849041 154624
5.75844 6850489 154624
5.75964 6851937 154624
5.76084 6853385 154624
5.76204 6854833 154624
5.76324 6856281 154624
5.76444 6857729 154624
5.76564 6859177 154624
5.76685 6860625 154624
5.76805 6862073 154624
5.76925 6863521 154624
5.77045 6864969 154624
5.77165 6866417 154624
5.77285 6867865 154624
5.77406 6869313 154624
5.77526 6870761 154624
5.77646 6872209 154624
5.77766 6873657 154624
5.77886 6875105 154624
5.78006 6876553 154624
5.78127 6878001 154624
5.78247 6879449 154624
5.78367 6880897 154624
5.78487 6882345 154624
5.78607 6883793 154624
5.78727 6885241 154624
5.78848 6886689 154624
5.78968 6888137 154624
5.79088 6889585 154624
5.79208 6891033 154624
5.79328 6892481 154624
5.79448 6893929 154624
5.79568 6895377 154624
5.79689 6896825 154624
5.79809 6898273 154624
5.79929 6899721 154624
5.80049 6901169 154624
5.80169 6902617 154624
5.80289 6904065 154624
5.8041 6905513 154624
5.8053 6906961 154624
5.8065 6908409 154624
5.8077 6909857 154624
5.8089 6911305 154624
5.8101 6912753 154624
5.81131 6914201 154624
5.81251 6915649 154624
5.81371 6917097 154624
5.81491 6918545 154624
5.81611 6919993 154624
5.81731 6921441 154624
5.81852 6922889 154624
5.81972 6924337 154624
5.82092 6925785 154624
5.82212 6927233 154624
5.82332 6928681 154624
5.82452 6930129 154624
5.82572 6931577 154624
5.82693 6933025 154624
5.82813 6934473 154624
5.82933 6935921 154624
5.83053 6937369 154624
5.83173 6938817 154624
5.83293 6940265 154624
5.83414 6941713 154624
5.83534 6943161 154624
5.83654 6944609 154624
5.83774 6946057 154624
5.83894 6947505 154624
5.84014 6948953 154624
5.84135 6950401 154624
5.84255 6951849 154624
5.84375 6953297 154624
5.84495 6954745 154624
5.84615 6956193 154624
5.84735 6957641 154624
5.84856 6959089 154624
5.84976 6960537 154624
5.85096 6961985 154624
5.85216 6963433 154624
5.85336 6964881 154624
5.85456 6966329 154624
5.85576 6967777 154624
5.85697 6969225 154624
5.85817 6970673 154624
5.85937 6972121 154624
5.86057 6973569 154624
5.86177 6975017 154624
5.86297 6976465 154624
5.86418 6977913 154624
5.86538 6979361 154624
5.86658 6980809 154624
5.86778 6982257 154624
5.86898 6983705 154624
5.87018 6985153 154624
5.87139 6986601 154624
5.87259 6988049 154624
5.87379 6989497 154624
5.87499 6990945 154624
5.87619 6992393 154624
5.87739 6993841 154624
5.8786 6995289 154624
5.8798 6996737 154624
5.881 6998185 154624
5.8822 6999633 154624
5.8834 7001081 154624
5.8846 7002529 154624
5.8858 7003977 154624
5.88701 7005425 154624
5.88821 7006873 154624
5.88941 7008321 154624
5.89061 7009769 154624
5.89181 7011217 154624
5.89301 7012665 154624
5.89422 7014113 154624
5.89542 7015561 154624
5.89662 7017009 154624
5.89782 7018457 154624
5.89902 7019905 154624
5.90022 7021353 154624
5.90143 7022801 154624
5.90263 7024249 154624
5.90383 7025697 154624
5.90503 7027145 154624
5.90623 7028593 154624
5.90743 7030041 154624
5.90864 7031489 154624
5.90984 7032937 154624
5.91104 7034385 154624
5.91224 7035833 154624
5.91344 7037281 154624
5.91464 7038729 154624
5.91584 7040177 154624
5.91705 7041625 154624
5.91825 7043073 154624
5.91945 7044521 154624
5.92065 7045969 154624
5.92185 7047417 154624
5.92305 7048865 154624
5.92426 7050313 154624
5.92546 7051761 154624
5.92666 7053209 154624
5.92786 7054657 154624
5.92906 7056105 154624
5.93026 7057553 154624
5.93147 7059001 154624
5.93267 7060449 154624
5.93387 7061897 154624
5.93507 7063345 154624
5.93627 7064793 154624
5.93747 7066241 154624
5.93868 7067689 154624
5.93988 7069137 154624
5.94108 7070585 154624
5.94228 7072033 154624
5.94348 7073481 154624
5.94468 7074929 154624
5.94588 7076377 154624
5.94709 7077825 154624
5.94829 7079273 154624
5.94949 7080721 154624
5.95069 7082169 154624
5.95189 7083617 154624
5.95309 7085065 154624
5.9543 7086513 154624
5.9555 7087961 154624
5.9567 7089409 154624
5.9579 7090857 154624
5.9591 7092305 154624
5.9603 7093753 154624
5.96151 7095201 154624
5.96271 7096649 154624
5.96391 7098097 154624
5.96511 7099545 154624
5.96631 7100993 154624
5.96751 7102441 154624
5.96872 7103889 154624
5.96992 7105337 154624
5.97112 7106785 154624
5.97232 7108233 154624
5.97352 7109681 154624
5.97472 7111129 154624
5.97592 7112577 154624
5.97713 7114025 154624
5.97833 7115473 154624
5.97953 7116921 154624
5.98073 7118369 154624
5.98193 7119817 154624
5.98313 7121265 154624
5.98434 7122713 154624
5.98554 7124161 154624
5.98674 7125609 154624
5.98794 7127057 154624
5.98914 7128505 154624
5.99034 7129953 154624
5.99155 7131401 154624
5.99275 7132849 154624
5.99395 7134297 154624
5.99515 7135745 154624
5.99635 7137193 154624
5.99755 7138641 154624
5.99876 7140089 154624
5.99996 7141537 154624
6.00116 7142985 154624
6.00236 7144433 154624
6.00356 7145881 154624
6.00476 7147329 154624
6.00596 7148777 154624
6.00717 7150225 154624
6.00837 7151673 154624
6.00957 7153121 154624
6.01077 7154569 154624
6.01197 7156017 154624
6.01317 7157465 154624
6.01438 7158913 154624
6.01558 7160361 154624
6.01678 7161809 154624
6.01798 7163257 154624
6.01918 7164705 154624
6.02038 7166153 154624
6.02159 7167601 154624
6.02279 7169049 154624
6.02399 7170497 154624
6.02519 7171945 154624
6.02639 7173393 154624
6.02759 7174841 154624
6.0288 7176289 154624
6.03 7177737 154624
6.0312 7179185 154624
6.0324 7180633 154624
6.0336 7182081 154624
6.0348 7183529 154624
6.036 7184977 154624
6.03721 7186425 154624
6.03841 7187873 154624
6.03961 7189321 154624
6.04081 7190769 154624
6.04201 7192217 154624
6.04321 7193665 154624
6.04442 7195113 154624
6.04562 7196561 154624
6.04682 7198009 154624
6.04802 7199457 154624
6.04922 7200905 154624
6.05042 7202353 154624
6.05163 7203801 154624
6.05283 7205249 154624
6.05403 7206697 154624
6.05523 7208145 154624
6.05643 7209593 154624
6.05763 7211041 154624
6.05884 7212489 154624
6.06004 7213937 154624
6.06124 7215385 154624
6.06244 7216833 154624
6.06364 7218281 154624
6.06484 7219729 154624
6.06604 7221177 154624
6.06725 7222625 154624
6.06845 7224073 154624
6.06965 7225521 154624
6.07085 7226969 154624
6.07205 7228417 154624
6.07325 7229865 154624
6.07446 7231313 154624
6.07566 7232761 154624
6.07686 7234209 154624
6.07806 7235657 154624
6.07926 7237105 154624
6.08046 7238553 154624
6.08167 7240001 154624
6.08287 7241449 154624
6.08407 7242897 154624
6.08527 7244345 154624
6.08647 7245793 154624
6.08767 7247241 154624
6.08888 7248689 154624
6.09008 7250137 154624
6.09128 7251585 154624
6.09248 7253033 154624
6.09368 7254481 154624
6.09488 7255929 154624
6.09608 7257377 154624
6.09729 7258825 154624
6.09849 7260273 154624
6.09969 7261721 154624
6.10089 7263169 154624
6.10209 7264617 154624
6.10329 7266065 154624
6.1045 7267513 154624
6.1057 7268961 154624
6.1069 7270409 154624
6.1081 7271857 154624
6.1093 7273305 154624
6.1105 7274753 154624
6.11171 7276201 154624
6.11291 7277649 154624
6.11411 7279097 154624
6.11531 7280545 154624
6.11651 7281993 154624
6.11771 7283441 154624
6.11892 7284889 154624
6.12012 7286337 154624
6.12132 7287785 154624
6.12252 7289233 154624
6.12372 7290681 154624
6.12492 7292129 154624
6.12612 7293577 154624
6.12733 7295025 154624
6.12853 7296473 154624
6.12973 7297921 154624
6.13093 7299369 154624
6.13213 7300817 154624
6.13333 7302265 154624
6.13454 7303713 154624
6.13574 7305161 154624
6.13694 7306609 154624
6.13814 7308057 154624
6.13934 7309505 154624
6.14054 7310953 154624
6.14175 7312401 154624
6.14295 7313849 154624
6.14415 7315297 154624
6.14535 7316745 154624
6.14655 7318193 154624
6.14775 7319641 154624
6.14896 7321089 154624
6.15016 7322537 154624
6.15136 7323985 154624
6.15256 7325433 154624
6.15376 7326881 154624
6.15496 7328329 154624
6.15616 7329777 154624
6.15737 7331225 154624
6.15857 7332673 154624
6.15977 7334121 154624
6.16097 7335569 154624
6.16217 7337017 154624
6.16337 7338465 154624
6.16458 7339913 154624
6.16578 7341361 154624
6.16698 7342809 154624
6.16818 7344257 154624
6.16938 7345705 154624
6.17058 7347153 154624
6.17179 7348601 154624
6.17299 7350049 154624
6.17419 7351497 154624
6.17539 7352945 154624
6.17659 7354393 154624
6.17779 7355841 154624
6.179 7357289 154624
6.1802 7358737 154624
6.1814 7360185 154624
6.1826 7361633 154624
6.1838 7363081 154624
6.185 7364529 154624
6.1862 7365977 154624
6.18741 7367425 154624
6.18861 7368873 154624
6.18981 7370321 154624
6.19101 7371769 154624
6.19221 7373217 154624
6.19341 7374665 154624
6.19462 7376113 154624
6.19582 7377561 154624
6.19702 7379009 154624
6.19822 7380457 154624
6.19942 7381905 154624
6.20062 7383353 154624
6.20183 7384801 154624
6.20303 7386249 154624
6.20423 7387697 154624
6.20543 7389145 154624
6.20663 7390593 154624
6.20783 7392041 154624
6.20904 7393489 154624
6.21024 7394937 154624
6.21144 7396385 154624
6.21264 7397833 154624
6.21384 7399281 154624
6.21504 7400729 154624
6.21624 7402177 154624
6.21745 7403625 154624
6.21865 7405073 154624
6.21985 7406521 154624
6.22105 7407969 154624
6.22225 7409417 154624
6.22345 7410865 154624
6.22466 7412313 154624
6.22586 7413761 154624
6.22706 7415209 154624
6.22826 7416657 154624
6.22946 7418105 154624
6.23066 7419553 154624
6.23187 7421001 154624
6.23307 7422449 154624
6.23427 7423897 154624
6.23547 7425345 154624
6.23667 7426793 154624
6.23787 7428241 154624
6.23908 7429689 154624
6.24028 7431137 154624
6.24148 7432585 154624
6.24268 7434033 154624
6.24388 7435481 154624
6.24508 7436929 154624
6.24628 7438377 154624
6.24749 7439825 154624
6.24869 7441273 154624
6.24989 7442721 154624
6.25109 7444169 154624
6.25229 7445617 154624
6.25349 7447065 154624
6.2547 7448513 154624
6.2559 7449961 154624
6.2571 7451409 154624
6.2583 7452857 154624
6.2595 7454305 154624
6.2607 7455753 154624
6.26191 7457201 154624
6.26311 7458649 154624
6.26431 7460097 154624
6.26551 7461545 154624
6.26671 7462993 154624
6.26791 7464441 154624
6.26912 7465889 154624
6.27032 7467337 154624
6.27152 7468785 154624
6.27272 7470233 154624
6.27392 7471681 154624
6.27512 7473129 154624
6.27632 7474577 154624
6.27753 7476025 154624
6.27873 7477473 154624
6.27993 7478921 154624
6.28113 7480369 154624
6.28233 7481817 154624
6.28353 7483265 154624
6.28474 7484713 154624
6.28594 7486161 154624
6.28714 7487609 154624
6.28834 7489057 154624
6.28954 7490505 154624
6.29074 7491953 154624
6.29195 7493401 154624
6.29315 7494849 154624
6.29435 7496297 154624
6.29555 7497745 154624
6.29675 7499193 154624
6.29795 7500641 154624
6.29916 7502089 154624
6.30036 7503537 154624
6.30156 7504985 154624
6.30276 7506433 154624
6.30396 7507881 154624
6.30516 7509329 154624
6.30636 7510777 154624
6.30757 7512225 154624
6.30877 7513673 154624
6.30997 7515121 154624
6.31117 7516569 154624
6.31237 7518017 154624
6.31357 7519465 154624
6.31478 7520913 154624
6.31598 7522361 154624
6.31718 7523809 154624
6.31838 7525257 154624
6.31958 7526705 154624
6.32078 7528153 154624
6.32199 7529601 154624
6.32319 7531049 154624
6.32439 7532497 154624
6.32559 7533945 154624
6.32679 7535393 154624
6.32799 7536841 154624
6.3292 7538289 154624
6.3304 7539737 154624
6.3316 7541185 154624
6.3328 7542633 154624
6.334 7544081 154624
6.3352 7545529 154624
6.3364 7546977 154624
6.33761 7548425 154624
6.33881 7549873 154624
6.34001 7551321 154624
6.34121 7552769 154624
6.34241 7554217 154624
6.34361 7555665 154624
6.34482 7557113 154624
6.34602 7558561 154624
6.34722 7560009 154624
6.34842 7561457 154624
6.34962 7562905 154624
6.35082 7564353 154624
6.35203 7565801 154624
6.35323 7567249 154624
6.35443 7568697 154624
6.35563 7570145 154624
6.35683 7571593 154624
6.35803 7573041 154624
6.35924 7574489 154624
6.36044 7575937 154624
6.36164 7577385 154624
6.36284 7578833 154624
6.36404 7580281 154624
6.36524 7581729 154624
6.36644 7583177 154624
6.36765 7584625 154624
6.36885 7586073 154624
6.37005 7587521 154624
6.37125 7588969 154624
6.37245 7590417 154624
6.37365 7591865 154624
6.37486 7593313 154624
6.37606 7594761 154624
6.37726 7596209 154624
6.37846 7597657 154624
6.37966 7599105 154624
6.38086 7600553 154624
6.38207 7602001 154624
6.38327 7603449 154624
6.38447 7604897 154624
6.38567 7606345 154624
6.38687 7607793 154624
6.38807 7609241 154624
6.38928 7610689 154624
6.39048 7612137 154624
6.39168 7613585 154624
6.39288 7615033 154624
6.39408 7616481 154624
6.39528 7617929 154624
6.39648 7619377 154624
6.39769 7620825 154624
6.39889 7622273 154624
6.40009 7623721 154624
6.40129 7625169 154624
6.40249 7626617 154624
6.40369 7628065 154624
6.4049 7629513 154624
6.4061 7630961 154624
6.4073 7632409 154624
6.4085 7633857 154624
6.4097 7635305 154624
6.4109 7636753 154624
6.41211 7638201 154624
6.41331 7639649 154624
6.41451 7641097 154624
6.41571 7642545 154624
6.41691 7643993 154624
6.41811 7645441 154624
6.41932 7646889 154624
6.42052 7648337 154624
6.42172 7649785 154624
6.42292 7651233 154624
6.42412 7652681 154624
6.42532 7654129 154624
6.42652 7655577 154624
6.42773 7657025 154624
6.42893 7658473 154624
6.43013 7659921 154624
6.43133 7661369 154624
6.43253 7662817 154624
6.43373 7664265 154624
6.43494 7665713 154624
6.43614 7667161 154624
6.43734 7668609 154624
6.43854 7670057 154624
6.43974 7671505 154624
6.44094 7672953 154624
6.44215 7674401 154624
6.44335 7675849 154624
6.44455 7677297 154624
6.44575 7678745 154624
6.44695 7680193 154624
6.44815 7681641 154624
6.44936 7683089 154624
6.45056 7684537 154624
6.45176 7685985 154624
6.45296 7687433 154624
6.45416 7688881 154624
6.45536 7690329 154624
6.45656 7691777 154624
6.45777 7693225 154624
6.45897 7694673 154624
6.46017 7696121 154624
6.46137 7697569 154624
6.46257 7699017 154624
6.46377 7700465 154624
6.46498 7701913 154624
6.46618 7703361 154624
6.46738 7704809 154624
6.46858 7706257 154624
6.46978 7707705 154624
6.47098 7709153 154624
6.47219 7710601 154624
6.47339 7712049 154624
6.47459 7713497 154624
6.47579 7714945 154624
6.47699 7716393 154624
6.47819 7717841 154624
6.4794 7719289 154624
6.4806 7720737 154624
6.4818 7722185 154624
6.483 7723633 154624
6.4842 7725081 154624
6.4854 7726529 154624
6.4866 7727977 154624
6.48781 7729425 154624
6.48901 7730873 154624
6.49021 7732321 154624
6.49141 7733769 154624
6.49261 7735217 154624
6.49381 7736665 154624
6.49502 7738113 154624
6.49622 7739561 154624
6.49742 7741009 154624
6.49862 7742457 154624
6.49982 7743905 154624
6.50102 7745353 154624
6.50223 7746801 154624
6.50343 7748249 154624
6.50463 7749697 154624
6.50583 7751145 154624
6.50703 7752593 154624
6.50823 7754041 154624
6.50944 7755489 154624
6.51064 7756937 154624
6.51184 7758385 154624
6.51304 7759833 154624
6.51424 7761281 154624
6.51544 7762729 154624
6.51664 7764177 154624
6.51785 7765625 154624
6.51905 7767073 154624
6.52025 7768521 154624
6.52145 7769969 154624
6.52265 7771417 154624
6.52385 7772865 154624
6.52506 7774313 154624
6.52626 7775761 154624
6.52746 7777209 154624
6.52866 7778657 154624
6.52986 7780105 154624
6.53106 7781553 154624
6.53227 7783001 154624
6.53347 7784449 154624
6.53467 7785897 154624
6.53587 7787345 154624
6.53707 7788793 154624
6.53827 7790241 154624
6.53948 7791689 154624
6.54068 7793137 154624
6.54188 7794585 154624
6.54308 7796033 154624
6.54428 7797481 154624
6.54548 7798929 154624
6.54668 7800377 154624
6.54789 7801825 154624
6.54909 7803273 154624
6.55029 7804721 154624
6.55149 7806169 154624
6.55269 7807617 154624
6.55389 7809065 154624
6.5551 7810513 154624
6.5563 7811961 154624
6.5575 7813409 154624
6.5587 7814857 154624
6.5599 7816305 154624
6.5611 7817753 154624
6.56231 7819201 154624
6.56351 7820649 154624
6.56471 7822097 154624
6.56591 7823545 154624
6.56711 7824993 154624
6.56831 7826441 154624
6.56952 7827889 154624
6.57072 7829337 154624
6.57192 7830785 154624
6.57312 7832233 154624
6.57432 7833681 154624
6.57552 7835129 154624
6.57672 7836577 154624
6.57793 7838025 154624
6.57913 7839473 154624
6.58033 7840921 154624
6.58153 7842369 154624
6.58273 7843817 154624
6.58393 7845265 154624
6.58514 7846713 154624
6.58634 7848161 154624
6.58754 7849609 154624
6.58874 7851057 154624
6.58994 7852505 154624
6.59114 7853953 154624
6.59235 7855401 154624
6.59355 7856849 154624
6.59475 7858297 154624
6.59595 7859745 154624
6.59715 7861193 154624
6.59835 7862641 154624
6.59956 7864089 154624
6.60076 7865537 154624
6.60196 7866985 154624
6.60316 7868433 154624
6.60436 7869881 154624
6.60556 7871329 154624
6.60676 7872777 154624
6.60797 7874225 154624
6.60917 7875673 154624
6.61037 7877121 154624
6.61157 7878569 154624
6.61277 7880017 154624
6.61397 7881465 154624
6.61518 7882913 154624
6.61638 7884361 154624
6.61758 7885809 154624
6.61878 7887257 154624
6.61998 7888705 154624
6.62118 7890153 154624
6.62239 7891601 154624
6.62359 7893049 154624
6.62479 7894497 154624
6.62599 7895945 154624
6.62719 7897393 154624
6.62839 7898841 154624
6.6296 7900289 154624
6.6308 7901737 154624
6.632 7903185 154624
6.6332 7904633 154624
6.6344 7906081 154624
6.6356 7907529 154624
6.6368 7908977 154624
6.63801 7910425 154624
6.63921 7911873 154624
6.64041 7913321 154624
6.64161 7914769 154624
6.64281 7916217 154624
6.64401 7917665 154624
6.64522 7919113 154624
6.64642 7920561 154624
6.64762 7922009 154624
6.64882 7923457 154624
6.65002 7924905 154624
6.65122 7926353 154624
6.65243 7927801 154624
6.65363 7929249 154624
6.65483 7930697 154624
6.65603 7932145 154624
6.65723 7933593 154624
6.65843 7935041 154624
6.65964 7936489 154624
6.66084 7937937 154624
6.66204 7939385 154624
6.66324 7940833 154624
6.66444 7942281 154624
6.66564 7943729 154624
6.66684 7945177 154624
6.66805 7946625 154624
6.66925 7948073 154624
6.67045 7949521 154624
6.67165 7950969 154624
6.67285 7952417 154624
6.67405 7953865 154624
6.67526 7955313 154624
6.67646 7956761 154624
6.67766 7958209 154624
6.67886 7959657 154624
6.68006 7961105 154624
6.68126 7962553 154624
6.68247 7964001 154624
6.68367 7965449 154624
6.68487 7966897 154624
6.68607 7968345 154624
6.68727 7969793 154624
6.68847 7971241 154624
6.68968 7972689 154624
6.69088 7974137 154624
6.69208 7975585 154624
6.69328 7977033 154624
6.69448 7978481 154624
6.69568 7979929 154624
6.69688 7981377 154624
6.69809 7982825 154624
6.69929 7984273 154624
6.70049 7985721 154624
6.70169 7987169 154624
6.70289 7988617 154624
6.70409 7990065 154624
6.7053 7991513 154624
6.7065 7992961 154624
6.7077 7994409 154624
6.7089 7995857 154624
6.7101 7997305 154624
6.7113 7998753 154624
6.71251 8000201 154624
6.71371 8001649 154624
6.71491 8003097 154624
6.71611 8004545 154624
6.71731 8005993 154624
6.71851 8007441 154624
6.71972 8008889 154624
6.72092 8010337 154624
6.72212 8011785 154624
6.72332 8013233 154624
6.72452 8014681 154624
6.72572 8016129 154624
6.72692 8017577 154624
6.72813 8019025 154624
6.72933 8020473 154624
6.73053 8021921 154624
6.73173 8023369 154624
6.73293 8024817 154624
6.73413 8026265 154624
6.73534 8027713 154624
6.73654 8029161 154624
6.73774 8030609 154624
6.73894 8032057 154624
6.74014 8033505 154624
6.74134 8034953 154624
6.74255 8036401 154624
6.74375 8037849 154624
6.74495 8039297 154624
6.74615 8040745 154624
6.74735 8042193 154624
6.74855 8043641 154624
6.74976 8045089 154624
6.75096 8046537 154624
6.75216 8047985 154624
6.75336 8049433 154624
6.75456 8050881 154624
6.75576 8052329 154624
6.75696 8053777 154624
6.75817 8055225 154624
6.75937 8056673 154624
6.76057 8058121 154624
6.76177 8059569 154624
6.76297 8061017 154624
6.76417 8062465 154624
6.76538 8063913 154624
6.76658 8065361 154624
6.76778 8066809 154624
6.76898 8068257 154624
6.77018 8069705 154624
6.77138 8071153 154624
6.77259 8072601 154624
6.77379 8074049 154624
6.77499 8075497 154624
6.77619 8076945 154624
6.77739 8078393 154624
6.77859 8079841 154624
6.7798 8081289 154624
6.781 8082737 154624
6.7822 8084185 154624
6.7834 8085633 154624
6.7846 8087081 154624
6.7858 8088529 154624
6.787 8089977 154624
6.78821 8091425 154624
6.78941 8092873 154624
6.79061 8094321 154624
6.79181 8095769 154624
6.79301 8097217 154624
6.79421 8098665 154624
6.79542 8100113 154624
6.79662 8101561 154624
6.79782 8103009 154624
6.79902 8104457 154624
6.80022 8105905 154624
6.80142 8107353 154624
6.80263 8108801 154624
6.80383 8110249 154624
6.80503 8111697 154624
6.80623 8113145 154624
6.80743 8114593 154624
6.80863 8116041 154624
6.80984 8117489 154624
6.81104 8118937 154624
6.81224 8120385 154624
6.81344 8121833 154624
6.81464 8123281 154624
6.81584 8124729 154624
6.81704 8126177 154624
6.81825 8127625 154624
6.81945 8129073 154624
6.82065 8130521 154624
6.82185 8131969 154624
6.82305 8133417 154624
6.82425 8134865 154624
6.82546 8136313 154624
6.82666 8137761 154624
6.82786 8139209 154624
6.82906 8140657 154624
6.83026 8142105 154624
6.83146 8143553 154624
6.83267 8145001 154624
6.83387 8146449 154624
6.83507 8147897 154624
6.83627 8149345 154624
6.83747 8150793 154624
6.83867 8152241 154624
6.83988 8153689 154624
6.84108 8155137 154624
6.84228 8156585 154624
6.84348 8158033 154624
6.84468 8159481 154624
6.84588 8160929 154624
6.84708 8162377 154624
6.84829 8163825 154624
6.84949 8165273 154624
6.85069 8166721 154624
6.85189 8168169 154624
6.85309 8169617 154624
6.85429 8171065 154624
6.8555 8172513 154624
6.8567 8173961 154624
6.8579 8175409 154624
6.8591 8176857 154624
6.8603 8178305 154624
6.8615 8179753 154624
6.86271 8181201 154624
6.86391 8182649 154624
6.86511 8184097 154624
6.86631 8185545 154624
6.86751 8186993 154624
6.86871 8188441 154624
6.86992 8189889 154624
6.87112 8191337 154624
6.87232 8192785 154624
6.87352 8194233 154624
6.87472 8195681 154624
6.87592 8197129 154624
6.87712 8198577 154624
6.87833 8200025 154624
6.87953 8201473 154624
6.88073 8202921 154624
6.88193 8204369 154624
6.88313 8205817 154624
6.88433 8207265 154624
6.88554 8208713 154624
6.88674 8210161 154624
6.88794 8211609 154624
6.88914 8213057 154624
6.89034 8214505 154624
6.89154 8215953 154624
6.89275 8217401 154624
6.89395 8218849 154624
6.89515 8220297 154624
6.89635 8221745 154624
6.89755 8223193 154624
6.89875 8224641 154624
6.89996 8226089 154624
6.90116 8227537 154624
6.90236 8228985 154624
6.90356 8230433 154624
6.90476 8231881 154624
6.90596 8233329 154624
6.90716 8234777 154624
6.90837 8236225 154624
6.90957 8237673 154624
6.91077 8239121 154624
6.91197 8240569 154624
6.91317 8242017 154624
6.91437 8243465 154624
6.91558 8244913 154624
6.91678 8246361 154624
6.91798 8247809 154624
6.91918 8249257 154624
6.92038 8250705 154624
6.92158 8252153 154624
6.92279 8253601 154624
6.92399 8255049 154624
6.92519 8256497 154624
6.92639 8257945 154624
6.92759 8259393 154624
6.92879 8260841 154624
6.93 8262289 154624
6.9312 8263737 154624
6.9324 8265185 154624
6.9336 8266633 154624
6.9348 8268081 154624
6.936 8269529 154624
6.9372 8270977 154624
6.93841 8272425 154624
6.93961 8273873 154624
6.94081 8275321 154624
6.94201 8276769 154624
6.94321 8278217 154624
6.94441 8279665 154624
6.94562 8281113 154624
6.94682 8282561 154624
6.94802 8284009 154624
6.94922 8285457 154624
6.95042 8286905 154624
6.95162 8288353 154624
6.95283 8289801 154624
6.95403 8291249 154624
6.95523 8292697 154624
6.95643 8294145 154624
6.95763 8295593 154624
6.95883 8297041 154624
6.96004 8298489 154624
6.96124 8299937 154624
6.96244 8301385 154624
6.96364 8302833 154624
6.96484 8304281 154624
6.96604 8305729 154624
6.96724 8307177 154624
6.96845 8308625 154624
6.96965 8310073 154624
6.97085 8311521 154624
6.97205 8312969 154624
6.97325 8314417 154624
6.97445 8315865 154624
6.97566 8317313 154624
6.97686 8318761 154624
6.97806 8320209 154624
6.97926 8321657 154624
6.98046 8323105 154624
6.98166 8324553 154624
6.98287 8326001 154624
6.98407 8327449 154624
6.98527 8328897 154624
6.98647 8330345 154624
6.98767 8331793 154624
6.98887 8333241 154624
6.99008 8334689 154624
6.99128 8336137 154624
6.99248 8337585 154624
6.99368 8339033 154624
6.99488 8340481 154624
6.99608 8341929 154624
6.99728 8343377 154624
6.99849 8344825 154624
6.99969 8346273 154624
7.00089 8347721 154624
7.00209 8349169 154624
7.00329 8350617 154624
7.00449 8352065 154624
7.0057 8353513 154624
7.0069 8354961 154624
7.0081 8356409 154624
7.0093 8357857 154624
7.0105 8359305 154624
7.0117 8360753 154624
7.01291 8362201 154624
7.01411 8363649 154624
7.01531 8365097 154624
7.01651 8366545 154624
7.01771 8367993 154624
7.01891 8369441 154624
7.02012 8370889 154624
7.02132 8372337 154624
7.02252 8373785 154624
7.02372 8375233 154624
7.02492 8376681 154624
7.02612 8378129 154624
7.02732 8379577 154624
7.02853 8381025 154624
7.02973 8382473 154624
7.03093 8383921 154624
7.03213 8385369 154624
7.03333 8386817 154624
7.03453 8388265 154624
7.03574 8389713 154624
7.03694 8391161 154624
7.03814 8392609 154624
7.03934 8394057 154624
7.04054 8395505 154624
7.04174 8396953 154624
7.04295 8398401 154624
7.04415 8399849 154624
7.04535 8401297 154624
7.04655 8402745 154624
7.04775 8404193 154624
7.04895 8405641 154624
7.05016 8407089 154624
7.05136 8408537 154624
7.05256 8409985 154624
7.05376 8411433 154624
7.05496 8412881 154624
7.05616 8414329 154624
7.05736 8415777 154624
7.05857 8417225 154624
7.05977 8418673 154624
7.06097 8420121 154624
7.06217 8421569 154624
7.06337 8423017 154624
7.06457 8424465 154624
7.06578 8425913 154624
7.06698 8427361 154624
7.06818 8428809 154624
7.06938 8430257 154624
7.07058 8431705 154624
7.07178 8433153 154624
7.07299 8434601 154624
7.07419 8436049 154624
7.07539 8437497 154624
7.07659 8438945 154624
7.07779 8440393 154624
7.07899 8441841 154624
7.0802 8443289 154624
7.0814 8444737 154624
7.0826 8446185 154624
7.0838 8447633 154624
7.085 8449081 154624
7.0862 8450529 154624
7.0874 8451977 154624
7.08861 8453425 154624
7.08981 8454873 154624
7.09101 8456321 154624
7.09221 8457769 154624
7.09341 8459217 154624
7.09461 8460665 154624
7.09582 8462113 154624
7.09702 8463561 154624
7.09822 8465009 154624
7.09942 8466457 154624
7.10062 8467905 154624
7.10182 8469353 154624
7.10303 8470801 154624
7.10423 8472249 154624
7.10543 8473697 154624
7.10663 8475145 154624
7.10783 8476593 154624
7.10903 8478041 154624
7.11024 8479489 154624
7.11144 8480937 154624
7.11264 8482385 154624
7.11384 8483833 154624
7.11504 8485281 154624
7.11624 8486729 154624
7.11744 8488177 154624
7.11865 8489625 154624
7.11985 8491073 154624
7.12105 8492521 154624
7.12225 8493969 154624
7.12345 8495417 154624
7.12465 8496865 154624
7.12586 8498313 154624
7.12706 8499761 154624
7.12826 8501209 154624
7.12946 8502657 154624
7.13066 8504105 154624
7.13186 8505553 154624
7.13307 8507001 154624
7.13427 8508449 154624
7.13547 8509897 154624
7.13667 8511345 154624
7.13787 8512793 154624
7.13907 8514241 154624
7.14028 8515689 154624
7.14148 8517137 154624
7.14268 8518585 154624
7.14388 8520033 154624
7.14508 8521481 154624
7.14628 8522929 154624
7.14748 8524377 154624
7.14869 8525825 154624
7.14989 8527273 154624
7.15109 8528721 154624
7.15229 8530169 154624
7.15349 8531617 154624
7.15469 8533065 154624
7.1559 8534513 154624
7.1571 8535961 154624
7.1583 8537409 154624
7.1595 8538857 154624
7.1607 8540305 154624
7.1619 8541753 154624
7.16311 8543201 154624
7.16431 8544649 154624
7.16551 8546097 154624
7.16671 8547545 154624
7.16791 8548993 154624
7.16911 8550441 154624
7.17032 8551889 154624
7.17152 8553337 154624
7.17272 8554785 154624
7.17392 8556233 154624
7.17512 8557681 154624
7.17632 8559129 154624
7.17752 8560577 154624
7.17873 8562025 154624
7.17993 8563473 154624
7.18113 8564921 154624
7.18233 8566369 154624
7.18353 8567817 154624
7.18473 8569265 154624
7.18594 8570713 154624
7.18714 8572161 154624
7.18834 8573609 154624
7.18954 8575057 154624
7.19074 8576505 154624
7.19194 8577953 154624
7.19315 8579401 154624
7.19435 8580849 154624
7.19555 8582297 154624
7.19675 8583745 154624
7.19795 8585193 154624
7.19915 8586641 154624
7.20036 8588089 154624
7.20156 8589537 154624
7.20276 8590985 154624
7.20396 8592433 154624
7.20516 8593881 154624
7.20636 8595329 154624
7.20756 8596777 154624
7.20877 8598225 154624
7.20997 8599673 154624
7.21117 8601121 154624
7.21237 8602569 154624
7.21357 8604017 154624
7.21477 8605465 154624
7.21598 8606913 154624
7.21718 8608361 154624
7.21838 8609809 154624
7.21958 8611257 154624
7.22078 8612705 154624
7.22198 8614153 154624
7.22319 8615601 154624
7.22439 8617049 154624
7.22559 8618497 154624
7.22679 8619945 154624
7.22799 8621393 154624
7.22919 8622841 154624
7.2304 8624289 154624
7.2316 8625737 154624
7.2328 8627185 154624
7.234 8628633 154624
7.2352 8630081 154624
7.2364 8631529 154624
7.2376 8632977 154624
7.23881 8634425 154624
7.24001 8635873 154624
7.24121 8637321 154624
7.24241 8638769 154624
7.24361 8640217 154624
7.24481 8641665 154624
7.24602 8643113 154624
7.24722 8644561 154624
7.24842 8646009 154624
7.24962 8647457 154624
7.25082 8648905 154624
7.25202 8650353 154624
7.25323 8651801 154624
7.25443 8653249 154624
7.25563 8654697 154624
7.25683 8656145 154624
7.25803 8657593 154624
7.25923 8659041 154624
7.26044 8660489 154624
7.26164 8661937 154624
7.26284 8663385 154624
7.26404 8664833 154624
7.26524 8666281 154624
7.26644 8667729 154624
7.26764 8669177 154624
7.26885 8670625 154624
7.27005 8672073 154624
7.27125 8673521 154624
7.27245 8674969 154624
7.27365 8676417 154624
7.27485 8677865 154624
7.27606 8679313 154624
7.27726 8680761 154624
7.27846 8682209 154624
7.27966 8683657 154624
7.28086 8685105 154624
7.28206 8686553 154624
7.28327 8688001 154624
7.28447 8689449 154624
7.28567 8690897 154624
7.28687 8692345 154624
7.28807 8693793 154624
7.28927 8695241 154624
7.29048 8696689 154624
7.29168 8698137 154624
7.29288 8699585 154624
7.29408 8701033 154624
7.29528 8702481 154624
7.29648 8703929 154624
7.29768 8705377 154624
7.29889 8706825 154624
7.30009 8708273 154624
7.30129 8709721 154624
7.30249 8711169 154624
7.30369 8712617 154624
7.30489 8714065 154624
7.3061 8715513 154624
7.3073 8716961 154624
7.3085 8718409 154624
7.3097 8719857 154624
7.3109 8721305 154624
7.3121 8722753 154624
7.31331 8724201 154624
7.31451 8725649 154624
7.31571 8727097 154624
7.31691 8728545 154624
7.31811 8729993 154624
7.31931 8731441 154624
7.32052 8732889 154624
7.32172 8734337 154624
7.32292 8735785 154624
7.32412 8737233 154624
7.32532 8738681 154624
7.32652 8740129 154624
7.32772 8741577 154624
7.32893 8743025 154624
7.33013 8744473 154624
7.33133 8745921 154624
7.33253 8747369 154624
7.33373 8748817 154624
7.33493 8750265 154624
7.33614 8751713 154624
7.33734 8753161 154624
7.33854 8754609 154624
7.33974 8756057 154624
7.34094 8757505 154624
7.34214 8758953 154624
7.34335 8760401 154624
7.34455 8761849 154624
7.34575 8763297 154624
7.34695 8764745 154624
7.34815 8766193 154624
7.34935 8767641 154624
7.35056 8769089 154624
7.35176 8770537 154624
7.35296 8771985 154624
7.35416 8773433 154624
7.35536 8774881 154624
7.35656 8776329 154624
7.35776 8777777 154624
7.35897 8779225 154624
7.36017 8780673 154624
7.36137 8782121 154624
7.36257 8783569 154624
7.36377 8785017 154624
7.36497 8786465 154624
7.36618 8787913 154624
7.36738 8789361 154624
7.36858 8790809 154624
7.36978 8792257 154624
7.37098 8793705 154624
7.37218 8795153 154624
7.37339 8796601 154624
7.37459 8798049 154624
7.37579 8799497 154624
7.37699 8800945 154624
7.37819 8802393 154624
7.37939 8803841 154624
7.3806 8805289 154624
7.3818 8806737 154624
7.383 8808185 154624
7.3842 8809633 154624
7.3854 8811081 154624
7.3866 8812529 154624
7.3878 8813977 154624
7.38901 8815425 154624
7.39021 8816873 154624
7.39141 8818321 154624
7.39261 8819769 154624
7.39381 8821217 154624
7.39501 8822665 154624
7.39622 8824113 154624
7.39742 8825561 154624
7.39862 8827009 154624
7.39982 8828457 154624
7.40102 8829905 154624
7.40222 8831353 154624
7.40343 8832801 154624
7.40463 8834249 154624
7.40583 8835697 154624
7.40703 8837145 154624
7.40823 8838593 154624
7.40943 8840041 154624
7.41064 8841489 154624
7.41184 8842937 154624
7.41304 8844385 154624
7.41424 8845833 154624
7.41544 8847281 154624
7.41664 8848729 154624
7.41784 8850177 154624
7.41905 8851625 154624
7.42025 8853073 154624
7.42145 8854521 154624
7.42265 8855969 154624
7.42385 8857417 154624
7.42505 8858865 154624
7.42626 8860313 154624
7.42746 8861761 154624
7.42866 8863209 154624
7.42986 8864657 154624
7.43106 8866105 154624
7.43226 8867553 154624
7.43347 8869001 154624
7.43467 8870449 154624
7.43587 8871897 154624
7.43707 8873345 154624
7.43827 8874793 154624
7.43947 8876241 154624
7.44068 8877689 154624
7.44188 8879137 154624
7.44308 8880585 154624
7.44428 8882033 154624
7.44548 8883481 154624
7.44668 8884929 154624
7.44788 8886377 154624
7.44909 8887825 154624
7.45029 8889273 154624
7.45149 8890721 154624
7.45269 8892169 154624
7.45389 8893617 154624
7.45509 8895065 154624
7.4563 8896513 154624
7.4575 8897961 154624
7.4587 8899409 154624
7.4599 8900857 154624
7.4611 8902305 154624
7.4623 8903753 154624
7.46351 8905201 154624
7.46471 8906649 154624
7.46591 8908097 154624
7.46711 8909545 154624
7.46831 8910993 154624
7.46951 8912441 154624
7.47072 8913889 154624
7.47192 8915337 154624
7.47312 8916785 154624
7.47432 8918233 154624
7.47552 8919681 154624
7.47672 8921129 154624
7.47792 8922577 154624
7.47913 8924025 154624
7.48033 8925473 154624
7.48153 8926921 154624
7.48273 8928369 154624
7.48393 8929817 154624
7.48513 8931265 154624
7.48634 8932713 154624
7.48754 8934161 154624
7.48874 8935609 154624
7.48994 8937057 154624
7.49114 8938505 154624
7.49234 8939953 154624
7.49355 8941401 154624
7.49475 8942849 154624
7.49595 8944297 154624
7.49715 8945745 154624
7.49835 8947193 154624
7.49955 8948641 154624
7.50076 8950089 154624
7.50196 8951537 154624
7.50316 8952985 154624
7.50436 8954433 154624
7.50556 8955881 154624
7.50676 8957329 154624
7.50796 8958777 154624
7.50917 8960225 154624
7.51037 8961673 154624
7.51157 8963121 154624
7.51277 8964569 154624
7.51397 8966017 154624
7.51517 8967465 154624
7.51638 8968913 154624
7.51758 8970361 154624
7.51878 8971809 154624
7.51998 8973257 154624
7.52118 8974705 154624
7.52238 8976153 154624
7.52359 8977601 154624
7.52479 8979049 154624
7.52599 8980497 154624
7.52719 8981945 154624
7.52839 8983393 154624
7.52959 8984841 154624
7.5308 8986289 154624
7.532 8987737 154624
7.5332 8989185 154624
7.5344 8990633 154624
7.5356 8992081 154624
7.5368 8993529 154624
7.538 8994977 154624
7.53921 8996425 154624
7.54041 8997873 154624
7.54161 8999321 154624
7.54281 9000769 154624
7.54401 9002217 154624
7.54521 9003665 154624
7.54642 9005113 154624
7.54762 9006561 154624
7.54882 9008009 154624
7.55002 9009457 154624
7.55122 9010905 154624
7.55242 9012353 154624
7.55363 9013801 154624
7.55483 9015249 154624
7.55603 9016697 154624
7.55723 9018145 154624
7.55843 9019593 154624
7.55963 9021041 154624
7.56084 9022489 154624
7.56204 9023937 154624
7.56324 9025385 154624
7.56444 9026833 154624
7.56564 9028281 154624
7.56684 9029729 154624
7.56804 9031177 154624
7.56925 9032625 154624
7.57045 9034073 154624
7.57165 9035521 154624
7.57285 9036969 154624
7.57405 9038417 154624
7.57525 9039865 154624
7.57646 9041313 154624
7.57766 9042761 154624
7.57886 9044209 154624
7.58006 9045657 154624
7.58126 9047105 154624
7.58246 9048553 154624
7.58367 9050001 154624
7.58487 9051449 154624
7.58607 9052897 154624
7.58727 9054345 154624
7.58847 9055793 154624
7.58967 9057241 154624
7.59088 9058689 154624
7.59208 9060137 154624
7.59328 9061585 154624
7.59448 9063033 154624
7.59568 9064481 154624
7.59688 9065929 154624
7.59808 9067377 154624
7.59929 9068825 154624
7.60049 9070273 154624
7.60169 9071721 154624
7.60289 9073169 154624
7.60409 9074617 154624
7.60529 9076065 154624
7.6065 9077513 154624
7.6077 9078961 154624
7.6089 9080409 154624
7.6101 9081857 154624
7.6113 9083305 154624
7.6125 9084753 154624
7.61371 9086201 154624
7.61491 9087649 154624
7.61611 9089097 154624
7.61731 9090545 154624
7.61851 9091993 154624
7.61971 9093441 154624
7.62092 9094889 154624
7.62212 9096337 154624
7.62332 9097785 154624
7.62452 9099233 154624
7.62572 9100681 154624
7.62692 9102129 154624
7.62812 9103577 154624
7.62933 9105025 154624
7.63053 9106473 154624
7.63173 9107921 154624
7.63293 9109369 154624
7.63413 9110817 154624
7.63533 9112265 154624
7.63654 9113713 154624
7.63774 9115161 154624
7.63894 9116609 154624
7.64014 9118057 154624
7.64134 9119505 154624
7.64254 9120953 154624
7.64375 9122401 154624
7.64495 9123849 154624
7.64615 9125297 154624
7.64735 9126745 154624
7.64855 9128193 154624
7.64975 9129641 154624
7.65096 9131089 154624
7.65216 9132537 154624
7.65336 9133985 154624
7.65456 9135433 154624
7.65576 9136881 154624
7.65696 9138329 154624
7.65816 9139777 154624
7.65937 9141225 154624
7.66057 9142673 154624
7.66177 9144121 154624
7.66297 9145569 154624
7.66417 9147017 154624
7.66537 9148465 154624
7.66658 9149913 154624
7.66778 9151361 154624
7.66898 9152809 154624
7.67018 9154257 154624
7.67138 9155705 154624
7.67258 9157153 154624
7.67379 9158601 154624
7.67499 9160049 154624
7.67619 9161497 154624
7.67739 9162945 154624
7.67859 9164393 154624
7.67979 9165841 154624
7.681 9167289 154624
7.6822 9168737 154624
7.6834 9170185 154624
7.6846 9171633 154624
7.6858 9173081 154624
7.687 9174529 154624
7.6882 9175977 154624
7.68941 9177425 154624
7.69061 9178873 154624
7.69181 9180321 154624
7.69301 9181769 154624
7.69421 9183217 154624
7.69541 9184665 154624
7.69662 9186113 154624
7.69782 9187561 154624
7.69902 9189009 154624
7.70022 9190457 154624
7.70142 9191905 154624
7.70262 9193353 154624
7.70383 9194801 154624
7.70503 9196249 154624
7.70623 9197697 154624
7.70743 9199145 154624
7.70863 9200593 154624
7.70983 9202041 154624
7.71104 9203489 154624
7.71224 9204937 154624
7.71344 9206385 154624
7.71464 9207833 154624
7.71584 9209281 154624
7.71704 9210729 154624
7.71824 9212177 154624
7.71945 9213625 154624
7.72065 9215073 154624
7.72185 9216521 154624
7.72305 9217969 154624
7.72425 9219417 154624
7.72545 9220865 154624
7.72666 9222313 154624
7.72786 9223761 154624
7.72906 9225209 154624
7.73026 9226657 154624
7.73146 9228105 154624
7.73266 9229553 154624
7.73387 9231001 154624
7.73507 9232449 154624
7.73627 9233897 154624
7.73747 9235345 154624
7.73867 9236793 154624
7.73987 9238241 154624
7.74108 9239689 154624
7.74228 9241137 154624
7.74348 9242585 154624
7.74468 9244033 154624
7.74588 9245481 154624
7.74708 9246929 154624
7.74828 9248377 154624
7.74949 9249825 154624
7.75069 9251273 154624
7.75189 9252721 154624
7.75309 9254169 154624
7.75429 9255617 154624
7.75549 9257065 154624
7.7567 9258513 154624
7.7579 9259961 154624
7.7591 9261409 154624
7.7603 9262857 154624
7.7615 9264305 154624
7.7627 9265753 154624
7.76391 9267201 154624
7.76511 9268649 154624
7.76631 9270097 154624
7.76751 9271545 154624
7.76871 9272993 154624
7.76991 9274441 154624
7.77112 9275889 154624
7.77232 9277337 154624
7.77352 9278785 154624
7.77472 9280233 154624
7.77592 9281681 154624
7.77712 9283129 154624
7.77832 9284577 154624
7.77953 9286025 154624
7.78073 9287473 154624
7.78193 9288921 154624
7.78313 9290369 154624
7.78433 9291817 154624
7.78553 9293265 154624
7.78674 9294713 154624
7.78794 9296161 154624
7.78914 9297609 154624
7.79034 9299057 154624
7.79154 9300505 154624
7.79274 9301953 154624
7.79395 9303401 154624
7.79515 9304849 154624
7.79635 9306297 154624
7.79755 9307745 154624
7.79875 9309193 154624
7.79995 9310641 154624
7.80116 9312089 154624
7.80236 9313537 154624
7.80356 9314985 154624
7.80476 9316433 154624
7.80596 9317881 154624
7.80716 9319329 154624
7.80836 9320777 154624
7.80957 9322225 154624
7.81077 9323673 154624
7.81197 9325121 154624
7.81317 9326569 154624
7.81437 9328017 154624
7.81557 9329465 154624
7.81678 9330913 154624
7.81798 9332361 154624
7.81918 9333809 154624
7.82038 9335257 154624
7.82158 9336705 154624
7.82278 9338153 154624
7.82399 9339601 154624
7.82519 9341049 154624
7.82639 9342497 154624
7.82759 9343945 154624
7.82879 9345393 154624
7.82999 9346841 154624
7.8312 9348289 154624
7.8324 9349737 154624
7.8336 9351185 154624
7.8348 9352633 154624
7.836 9354081 154624
7.8372 9355529 154624
7.8384 9356977 154624
7.83961 9358425 154624
7.84081 9359873 154624
7.84201 9361321 154624
7.84321 9362769 154624
7.84441 9364217 154624
7.84561 9365665 154624
7.84682 9367113 154624
7.84802 9368561 154624
7.84922 9370009 154624
7.85042 9371457 154624
7.85162 9372905 154624
7.85282 9374353 154624
7.85403 9375801 154624
7.85523 9377249 154624
7.85643 9378697 154624
7.85763 9380145 154624
7.85883 9381593 154624
7.86003 9383041 154624
7.86124 9384489 154624
7.86244 9385937 154624
7.86364 9387385 154624
7.86484 9388833 154624
7.86604 9390281 154624
7.86724 9391729 154624
7.86844 9393177 154624
7.86965 9394625 154624
7.87085 9396073 154624
7.87205 9397521 154624
7.87325 9398969 154624
7.87445 9400417 154624
7.87565 9401865 154624
7.87686 9403313 154624
7.87806 9404761 154624
7.87926 9406209 154624
7.88046 9407657 154624
7.88166 9409105 154624
7.88286 9410553 154624
7.88407 9412001 154624
7.88527 9413449 154624
7.88647 9414897 154624
7.88767 9416345 154624
7.88887 9417793 154624
7.89007 9419241 154624
7.89128 9420689 154624
7.89248 9422137 154624
7.89368 9423585 154624
7.89488 9425033 154624
7.89608 9426481 154624
7.89728 9427929 154624
7.89848 9429377 154624
7.89969 9430825 154624
7.90089 9432273 154624
7.90209 9433721 154624
7.90329 9435169 154624
7.90449 9436617 154624
7.90569 9438065 154624
7.9069 9439513 154624
7.9081 9440961 154624
7.9093 9442409 154624
7.9105 9443857 154624
7.9117 9445305 154624
7.9129 9446753 154624
7.91411 9448201 154624
7.91531 9449649 154624
7.91651 9451097 154624
7.91771 9452545 154624
7.91891 9453993 154624
7.92011 9455441 154624
7.92132 9456889 154624
7.92252 9458337 154624
7.92372 9459785 154624
7.92492 9461233 154624
7.92612 9462681 154624
7.92732 9464129 154624
7.92852 9465577 154624
7.92973 9467025 154624
7.93093 9468473 154624
7.93213 9469921 154624
7.93333 9471369 154624
7.93453 9472817 154624
7.93573 9474265 154624
7.93694 9475713 154624
7.93814 9477161 154624
7.93934 9478609 154624
7.94054 9480057 154624
7.94174 9481505 154624
7.94294 9482953 154624
7.94415 9484401 154624
7.94535 9485849 154624
7.94655 9487297 154624
7.94775 9488745 154624
7.94895 9490193 154624
7.95015 9491641 154624
7.95136 9493089 154624
7.95256 9494537 154624
7.95376 9495985 154624
7.95496 9497433 154624
7.95616 9498881 154624
7.95736 9500329 154624
7.95856 9501777 154624
7.95977 9503225 154624
7.96097 9504673 154624
7.96217 9506121 154624
7.96337 9507569 154624
7.96457 9509017 154624
7.96577 9510465 154624
7.96698 9511913 154624
7.96818 9513361 154624
7.96938 9514809 154624
7.97058 9516257 154624
7.97178 9517705 154624
7.97298 9519153 154624
7.97419 9520601 154624
7.97539 9522049 154624
7.97659 9523497 154624
7.97779 9524945 154624
7.97899 9526393 154624
7.98019 9527841 154624
7.9814 9529289 154624
7.9826 9530737 154624
7.9838 9532185 154624
7.985 9533633 154624
7.9862 9535081 154624
7.9874 9536529 154624
7.9886 9537977 154624
7.98981 9539425 154624
7.99101 9540873 154624
7.99221 9542321 154624
7.99341 9543769 154624
7.99461 9545217 154624
7.99581 9546665 154624
7.99702 9548113 154624
7.99822 9549561 154624
7.99942 9551009 154624
8.00062 9552457 154624
8.00182 9553905 154624
8.00302 9555353 154624
8.00423 9556801 154624
8.00543 9558249 154624
8.00663 9559697 154624
8.00783 9561145 154624
8.00903 9562593 154624
8.01023 9564041 154624
8.01144 9565489 154624
8.01264 9566937 154624
8.01384 9568385 154624
8.01504 9569833 154624
8.01624 9571281 154624
8.01744 9572729 154624
8.01864 9574177 154624
8.01985 9575625 154624
8.02105 9577073 154624
8.02225 9578521 154624
8.02345 9579969 154624
8.02465 9581417 154624
8.02585 9582865 154624
8.02706 9584313 154624
8.02826 9585761 154624
8.02946 9587209 154624
8.03066 9588657 154624
8.03186 9590105 154624
8.03306 9591553 154624
8.03427 9593001 154624
8.03547 9594449 154624
8.03667 9595897 154624
8.03787 9597345 154624
8.03907 9598793 154624
8.04027 9600241 154624
8.04148 9601689 154624
8.04268 9603137 154624
8.04388 9604585 154624
8.04508 9606033 154624
8.04628 9607481 154624
8.04748 9608929 154624
8.04868 9610377 154624
8.04989 9611825 154624
8.05109 9613273 154624
8.05229 9614721 154624
8.05349 9616169 154624
8.05469 9617617 154624
8.05589 9619065 154624
8.0571 9620513 154624
8.0583 9621961 154624
8.0595 9623409 154624
8.0607 9624857 154624
8.0619 9626305 154624
8.0631 9627753 154624
8.06431 9629201 154624
8.06551 9630649 154624
8.06671 9632097 154624
8.06791 9633545 154624
8.06911 9634993 154624
8.07031 9636441 154624
8.07152 9637889 154624
8.07272 9639337 154624
8.07392 9640785 154624
8.07512 9642233 154624
8.07632 9643681 154624
8.07752 9645129 154624
8.07872 9646577 154624
8.07993 9648025 154624
8.08113 9649473 154624
8.08233 9650921 154624
8.08353 9652369 154624
8.08473 9653817 154624
8.08593 9655265 154624
8.08714 9656713 154624
8.08834 9658161 154624
8.08954 9659609 154624
8.09074 9661057 154624
8.09194 9662505 154624
8.09314 9663953 154624
8.09435 9665401 154624
8.09555 9666849 154624
8.09675 9668297 154624
8.09795 9669745 154624
8.09915 9671193 154624
8.10035 9672641 154624
8.10156 9674089 154624
8.10276 9675537 154624
8.10396 9676985 154624
8.10516 9678433 154624
8.10636 9679881 154624
8.10756 9681329 154624
8.10876 9682777 154624
8.10997 9684225 154624
8.11117 9685673 154624
8.11237 9687121 154624
8.11357 9688569 154624
8.11477 9690017 154624
8.11597 9691465 154624
8.11718 9692913 154624
8.11838 9694361 154624
8.11958 9695809 154624
8.12078 9697257 154624
8.12198 9698705 154624
8.12318 9700153 154624
8.12439 9701601 154624
8.12559 9703049 154624
8.12679 9704497 154624
8.12799 9705945 154624
8.12919 9707393 154624
8.13039 9708841 154624
8.1316 9710289 154624
8.1328 9711737 154624
8.134 9713185 154624
8.1352 9714633 154624
8.1364 9716081 154624
8.1376 9717529 154624
8.1388 9718977 154624
8.14001 9720425 154624
8.14121 9721873 154624
8.14241 9723321 154624
8.14361 9724769 154624
8.14481 9726217 154624
8.14601 9727665 154624
8.14722 9729113 154624
8.14842 9730561 154624
8.14962 9732009 154624
8.15082 9733457 154624
8.15202 9734905 154624
8.15322 9736353 154624
8.15443 9737801 154624
8.15563 9739249 154624
8.15683 9740697 154624
8.15803 9742145 154624
8.15923 9743593 154624
8.16043 9745041 154624
8.16164 9746489 154624
8.16284 9747937 154624
8.16404 9749385 154624
8.16524 9750833 154624
8.16644 9752281 154624
8.16764 9753729 154624
8.16884 9755177 154624
8.17005 9756625 154624
8.17125 9758073 154624
8.17245 9759521 154624
8.17365 9760969 154624
8.17485 9762417 154624
8.17605 9763865 154624
8.17726 9765313 154624
8.17846 9766761 154624
8.17966 9768209 154624
8.18086 9769657 154624
8.18206 9771105 154624
8.18326 9772553 154624
8.18447 9774001 154624
8.18567 9775449 154624
8.18687 9776897 154624
8.18807 9778345 154624
8.18927 9779793 154624
8.19047 9781241 154624
8.19168 9782689 154624
8.19288 9784137 154624
8.19408 9785585 154624
8.19528 9787033 154624
8.19648 9788481 154624
8.19768 9789929 154624
8.19888 9791377 154624
8.20009 9792825 154624
8.20129 9794273 154624
8.20249 9795721 154624
8.20369 9797169 154624
8.20489 9798617 154624
8.20609 9800065 154624
8.2073 9801513 154624
8.2085 9802961 154624
8.2097 9804409 154624
8.2109 9805857 154624
8.2121 9807305 154624
8.2133 9808753 154624
8.21451 9810201 156160
8.21571 9811649 156160
8.21691 9813097 156160
8.21811 9814545 156160
8.21931 9815993 156160
8.22051 9817441 156160
8.22172 9818889 156160
8.22292 9820337 156160
8.22412 9821785 156160
8.22532 9823233 156160
8.22652 9824681 156160
8.22772 9826129 156160
8.22892 9827577 156160
8.23013 9829025 156160
8.23133 9830473 156160
8.23253 9831921 156160
8.23373 9833369 156160
8.23493 9834817 156160
8.23613 9836265 156160
8.23734 9837713 156160
8.23854 9839161 156160
8.23974 9840609 156160
8.24094 9842057 156160
8.24214 9843505 156160
8.24334 9844953 156160
8.24455 9846401 156160
8.24575 9847849 156160
8.24695 9849297 156160
8.24815 9850745 156160
8.24935 9852193 156160
8.25055 9853641 156160
8.25176 9855089 156160
8.25296 9856537 156160
8.25416 9857985 156160
8.25536 9859433 156160
8.25656 9860881 156160
8.25776 9862329 156160
8.25896 9863777 156160
8.26017 9865225 156160
8.26137 9866673 156160
8.26257 9868121 156160
8.26377 9869569 156160
8.26497 9871017 156160
8.26617 9872465 156160
8.26738 9873913 156160
8.26858 9875361 156160
8.26978 9876809 156160
8.27098 9878257 156160
8.27218 9879705 156160
8.27338 9881153 156160
8.27459 9882601 156160
8.27579 9884049 156160
8.27699 9885497 156160
8.27819 9886945 156160
8.27939 9888393 156160
8.28059 9889841 156160
8.2818 9891289 156160
8.283 9892737 156160
8.2842 9894185 156160
8.2854 9895633 156160
8.2866 9897081 156160
8.2878 9898529 156160
8.289 9899977 156160
8.29021 9901425 156160
8.29141 9902873 156160
8.29261 9904321 156160
8.29381 9905769 156160
8.29501 9907217 156160
8.29621 9908665 156160
8.29742 9910113 156160
8.29862 9911561 156160
8.29982 9913009 156160
8.30102 9914457 156160
8.30222 9915905 156160
8.30342 9917353 156160
8.30463 9918801 156160
8.30583 9920249 156160
8.30703 9921697 156160
8.30823 9923145 156160
8.30943 9924593 156160
8.31063 9926041 156160
8.31184 9927489 156160
8.31304 9928937 156160
8.31424 9930385 156160
8.31544 9931833 156160
8.31664 9933281 156160
8.31784 9934729 156160
8.31904 9936177 156160
8.32025 9937625 156160
8.32145 9939073 156160
8.32265 9940521 156160
8.32385 9941969 156160
8.32505 9943417 156160
8.32625 9944865 156160
8.32746 9946313 156160
8.32866 9947761 156160
8.32986 9949209 156160
8.33106 9950657 156160
8.33226 9952105 156160
8.33346 9953553 156160
8.33467 9955001 156160
8.33587 9956449 156160
8.33707 9957897 156160
8.33827 9959345 156160
8.33947 9960793 156160
8.34067 9962241 156160
8.34188 9963689 156160
8.34308 9965137 156160
8.34428 9966585 156160
8.34548 9968033 156160
8.34668 9969481 156160
8.34788 9970929 156160
8.34908 9972377 156160
8.35029 9973825 156160
8.35149 9975273 156160
8.35269 9976721 156160
8.35389 9978169 156160
8.35509 9979617 156160
8.35629 9981065 156160
8.3575 9982513 156160
8.3587 9983961 156160
8.3599 9985409 156160
8.3611 9986857 156160
8.3623 9988305 156160
8.3635 9989753 156160
8.36471 9991201 156160
8.36591 9992649 156160
8.36711 9994097 156160
8.36831 9995545 156160
8.36951 9996993 156160
8.37071 9998441 156160
8.37192 9999889 156160
8.37312 10001337 156160
8.37432 10002785 156160
8.37552 10004233 156160
8.37672 10005681 156160
8.37792 10007129 156160
8.37912 10008577 156160
8.38033 10010025 156160
8.38153 10011473 156160
8.38273 10012921 156160
8.38393 10014369 156160
8.38513 10015817 156160
8.38633 10017265 156160
8.38754 10018713 156160
8.38874 10020161 156160
8.38994 10021609 156160
8.39114 10023057 156160
8.39234 10024505 156160
8.39354 10025953 156160
8.39475 10027401 156160
8.39595 10028849 156160
8.39715 10030297 156160
8.39835 10031745 156160
8.39955 10033193 156160
8.40075 10034641 156160
8.40196 10036089 156160
8.40316 10037537 156160
8.40436 10038985 156160
8.40556 10040433 156160
8.40676 10041881 156160
8.40796 10043329 156160
8.40916 10044777 156160
8.41037 10046225 156160
8.41157 10047673 156160
8.41277 10049121 156160
8.41397 10050569 156160
8.41517 10052017 156160
8.41637 10053465 156160
8.41758 10054913 156160
8.41878 10056361 156160
8.41998 10057809 156160
8.42118 10059257 156160
8.42238 10060705 156160
8.42358 10062153 156160
8.42479 10063601 156160
8.42599 10065049 156160
8.42719 10066497 156160
8.42839 10067945 156160
8.42959 10069393 156160
8.43079 10070841 156160
8.432 10072289 156160
8.4332 10073737 156160
8.4344 10075185 156160
8.4356 10076633 156160
8.4368 10078081 156160
8.438 10079529 156160
8.4392 10080977 156160
8.44041 10082425 156160
8.44161 10083873 156160
8.44281 10085321 156160
8.44401 10086769 156160
8.44521 10088217 156160
8.44641 10089665 156160
8.44762 10091113 156160
8.44882 10092561 156160
8.45002 10094009 156160
8.45122 10095457 156160
8.45242 10096905 156160
8.45362 10098353 156160
8.45483 10099801 156160
8.45603 10101249 156160
8.45723 10102697 156160
8.45843 10104145 156160
8.45963 10105593 156160
8.46083 10107041 156160
8.46204 10108489 156160
8.46324 10109937 156160
8.46444 10111385 156160
8.46564 10112833 156160
8.46684 10114281 156160
8.46804 10115729 156160
8.46924 10117177 156160
8.47045 10118625 156160
8.47165 10120073 156160
8.47285 10121521 156160
8.47405 10122969 156160
8.47525 10124417 156160
8.47645 10125865 156160
8.47766 10127313 156160
8.47886 10128761 156160
8.48006 10130209 156160
8.48126 10131657 156160
8.48246 10133105 156160
8.48366 10134553 156160
8.48487 10136001 156160
8.48607 10137449 156160
8.48727 10138897 156160
8.48847 10140345 156160
8.48967 10141793 156160
8.49087 10143241 156160
8.49208 10144689 156160
8.49328 10146137 156160
8.49448 10147585 156160
8.49568 10149033 156160
8.49688 10150481 156160
8.49808 10151929 156160
8.49928 10153377 156160
8.50049 10154825 156160
8.50169 10156273 156160
8.50289 10157721 156160
8.50409 10159169 156160
8.50529 10160617 156160
8.50649 10162065 156160
8.5077 10163513 156160
8.5089 10164961 156160
8.5101 10166409 156160
8.5113 10167857 156160
8.5125 10169305 156160
8.5137 10170753 156160
8.51491 10172201 156160
8.51611 10173649 156160
8.51731 10175097 156160
8.51851 10176545 156160
8.51971 10177993 156160
8.52091 10179441 156160
8.52212 10180889 156160
8.52332 10182337 156160
8.52452 10183785 156160
8.52572 10185233 156160
8.52692 10186681 156160
8.52812 10188129 156160
8.52932 10189577 156160
8.53053 10191025 156160
8.53173 10192473 156160
8.53293 10193921 156160
8.53413 10195369 156160
8.53533 10196817 156160
8.53653 10198265 156160
8.53774 10199713 156160
8.53894 10201161 156160
8.54014 10202609 156160
8.54134 10204057 156160
8.54254 10205505 156160
8.54374 10206953 156160
8.54495 10208401 156160
8.54615 10209849 156160
8.54735 10211297 156160
8.54855 10212745 156160
8.54975 10214193 156160
8.55095 10215641 156160
8.55216 10217089 156160
8.55336 10218537 156160
8.55456 10219985 156160
8.55576 10221433 156160
8.55696 10222881 156160
8.55816 10224329 156160
8.55936 10225777 156160
8.56057 10227225 156160
8.56177 10228673 156160
8.56297 10230121 156160
8.56417 10231569 156160
8.56537 10233017 156160
8.56657 10234465 156160
8.56778 10235913 156160
8.56898 10237361 157696
8.57018 10238809 157696
8.57138 10240257 157696
8.57258 10241705 157696
8.57378 10243153 157696
8.57499 10244601 157696
8.57619 10246049 157696
8.57739 10247497 157696
8.57859 10248945 157696
8.57979 10250393 157696
8.58099 10251841 157696
8.5822 10253289 157696
8.5834 10254737 157696
8.5846 10256185 157696
8.5858 10257633 157696
8.587 10259081 157696
8.5882 10260529 157696
8.5894 10261977 157696
8.59061 10263425 157696
8.59181 10264873 157696
8.59301 10266321 157696
8.59421 10267769 157696
8.59541 10269217 157696
8.59661 10270665 157696
8.59782 10272113 157696
8.59902 10273561 157696
8.60022 10275009 157696
8.60142 10276457 157696
8.60262 10277905 157696
8.60382 10279353 157696
8.60503 10280801 157696
8.60623 10282249 157696
8.60743 10283697 157696
8.60863 10285145 157696
8.60983 10286593 157696
8.61103 10288041 157696
8.61224 10289489 157696
8.61344 10290937 157696
8.61464 10292385 157696
8.61584 10293833 157696
8.61704 10295281 157696
8.61824 10296729 157696
8.61944 10298177 157696
8.62065 10299625 157696
8.62185 10301073 157696
8.62305 10302521 157696
8.62425 10303969 157696
8.62545 10305417 157696
8.62665 10306865 157696
8.62786 10308313 157696
8.62906 10309761 157696
8.63026 10311209 157696
8.63146 10312657 157696
8.63266 10314105 157696
8.63386 10315553 157696
8.63507 10317001 157696
8.63627 10318449 157696
8.63747 10319897 157696
8.63867 10321345 157696
8.63987 10322793 157696
8.64107 10324241 157696
8.64228 10325689 157696
8.64348 10327137 157696
8.64468 10328585 157696
8.64588 10330033 157696
8.64708 10331481 157696
8.64828 10332929 157696
8.64948 10334377 157696
8.65069 10335825 157696
8.65189 10337273 157696
8.65309 10338721 157696
8.65429 10340169 157696
8.65549 10341617 157696
8.65669 10343065 157696
8.6579 10344513 157696
8.6591 10345961 157696
8.6603 10347409 157696
8.6615 10348857 157696
8.6627 10350305 157696
8.6639 10351753 157696
8.66511 10353201 157696
8.66631 10354649 157696
8.66751 10356097 157696
8.66871 10357545 157696
8.66991 10358993 157696
8.67111 10360441 157696
8.67232 10361889 157696
8.67352 10363337 157696
8.67472 10364785 157696
8.67592 10366233 157696
8.67712 10367681 157696
8.67832 10369129 157696
8.67952 10370577 157696
8.68073 10372025 157696
8.68193 10373473 157696
8.68313 10374921 157696
8.68433 10376369 157696
8.68553 10377817 157696
8.68673 10379265 157696
8.68794 10380713 157696
8.68914 10382161 157696
8.69034 10383609 157696
8.69154 10385057 157696
8.69274 10386505 157696
8.69394 10387953 157696
8.69515 10389401 157696
8.69635 10390849 157696
8.69755 10392297 157696
8.69875 10393745 157696
8.69995 10395193 157696
8.70115 10396641 157696
8.70236 10398089 157696
8.70356 10399537 157696
8.70476 10400985 157696
8.70596 10402433 157696
8.70716 10403881 157696
8.70836 10405329 157696
8.70956 10406777 157696
8.71077 10408225 157696
8.71197 10409673 157696
8.71317 10411121 157696
8.71437 10412569 157696
8.71557 10414017 157696
8.71677 10415465 157696
8.71798 10416913 157696
8.71918 10418361 157696
8.72038 10419809 157696
8.72158 10421257 157696
8.72278 10422705 157696
8.72398 10424153 157696
8.72519 10425601 157696
8.72639 10427049 157696
8.72759 10428497 157696
8.72879 10429945 157696
8.72999 10431393 157696
8.73119 10432841 157696
8.7324 10434289 157696
8.7336 10435737 157696
8.7348 10437185 157696
8.736 10438633 157696
8.7372 10440081 157696
8.7384 10441529 157696
8.7396 10442977 157696
8.74081 10444425 157696
8.74201 10445873 157696
8.74321 10447321 157696
8.74441 10448769 157696
8.74561 10450217 157696
8.74681 10451665 157696
8.74802 10453113 157696
8.74922 10454561 157696
8.75042 10456009 157696
8.75162 10457457 157696
8.75282 10458905 157696
8.75402 10460353 157696
8.75523 10461801 157696
8.75643 10463249 157696
8.75763 10464697 157696
8.75883 10466145 157696
8.76003 10467593 157696
8.76123 10469041 157696
8.76244 10470489 157696
8.76364 10471937 157696
8.76484 10473385 157696
8.76604 10474833 157696
8.76724 10476281 157696
8.76844 10477729 157696
8.76964 10479177 157696
8.77085 10480625 157696
8.77205 10482073 157696
8.77325 10483521 157696
8.77445 10484969 157696
8.77565 10486417 157696
8.77685 10487865 157696
8.77806 10489313 157696
8.77926 10490761 157696
8.78046 10492209 157696
8.78166 10493657 157696
8.78286 10495105 157696
8.78406 10496553 157696
8.78527 10498001 157696
8.78647 10499449 157696
8.78767 10500897 157696
8.78887 10502345 157696
8.79007 10503793 157696
8.79127 10505241 157696
8.79248 10506689 157696
8.79368 10508137 157696
8.79488 10509585 157696
8.79608 10511033 157696
8.79728 10512481 157696
8.79848 10513929 157696
8.79968 10515377 157696
8.80089 10516825 157696
8.80209 10518273 157696
8.80329 10519721 157696
8.80449 10521169 157696
8.80569 10522617 157696
8.80689 10524065 157696
8.8081 10525513 157696
8.8093 10526961 157696
8.8105 10528409 157696
8.8117 10529857 157696
8.8129 10531305 157696
8.8141 10532753 157696
8.81531 10534201 157696
8.81651 10535649 157696
8.81771 10537097 159232
8.81891 10538545 159232
8.82011 10539993 159232
8.82131 10541441 159232
8.82252 10542889 159232
8.82372 10544337 159232
8.82492 10545785 159232
8.82612 10547233 159232
8.82732 10548681 159232
8.82852 10550129 159232
8.82972 10551577 159232
8.83093 10553025 159232
8.83213 10554473 159232
8.83333 10555921 159232
8.83453 10557369 159232
8.83573 10558817 159232
8.83693 10560265 159232
8.83814 10561713 159232
8.83934 10563161 159232
8.84054 10564609 159232
8.84174 10566057 159232
8.84294 10567505 159232
8.84414 10568953 159232
8.84535 10570401 159232
8.84655 10571849 159232
8.84775 10573297 159232
8.84895 10574745 159232
8.85015 10576193 159232
8.85135 10577641 159232
8.85256 10579089 159232
8.85376 10580537 159232
8.85496 10581985 159232
8.85616 10583433 159232
8.85736 10584881 159232
8.85856 10586329 159232
8.85976 10587777 159232
8.86097 10589225 159232
8.86217 10590673 159232
8.86337 10592121 159232
8.86457 10593569 159232
8.86577 10595017 159232
8.86697 10596465 159232
8.86818 10597913 159232
8.86938 10599361 159232
8.87058 10600809 159232
8.87178 10602257 159232
8.87298 10603705 159232
8.87418 10605153 159232
8.87539 10606601 159232
8.87659 10608049 159232
8.87779 10609497 159232
8.87899 10610945 159232
8.88019 10612393 159232
8.88139 10613841 159232
8.8826 10615289 159232
8.8838 10616737 159232
8.885 10618185 159232
8.8862 10619633 159232
8.8874 10621081 159232
8.8886 10622529 159232
8.8898 10623977 159232
8.89101 10625425 159232
8.89221 10626873 159232
8.89341 10628321 159232
8.89461 10629769 159232
8.89581 10631217 159232
8.89701 10632665 159232
8.89822 10634113 159232
8.89942 10635561 159232
8.90062 10637009 159232
8.90182 10638457 159232
8.90302 10639905 159232
8.90422 10641353 159232
8.90543 10642801 159232
8.90663 10644249 159232
8.90783 10645697 159232
8.90903 10647145 159232
8.91023 10648593 159232
8.91143 10650041 159232
8.91264 10651489 159232
8.91384 10652937 159232
8.91504 10654385 159232
8.91624 10655833 159232
8.91744 10657281 159232
8.91864 10658729 159232
8.91984 10660177 159232
8.92105 10661625 159232
8.92225 10663073 159232
8.92345 10664521 159232
8.92465 10665969 159232
8.92585 10667417 159232
8.92705 10668865 159232
8.92826 10670313 159232
8.92946 10671761 159232
8.93066 10673209 159232
8.93186 10674657 159232
8.93306 10676105 159232
8.93426 10677553 159232
8.93547 10679001 159232
8.93667 10680449 159232
8.93787 10681897 159232
8.93907 10683345 159232
8.94027 10684793 159232
8.94147 10686241 159232
8.94268 10687689 159232
8.94388 10689137 159232
8.94508 10690585 159232
8.94628 10692033 159232
8.94748 10693481 159232
8.94868 10694929 159232
8.94988 10696377 159232
8.95109 10697825 159232
8.95229 10699273 159232
8.95349 10700721 159232
8.95469 10702169 159232
8.95589 10703617 159232
8.95709 10705065 159232
8.9583 10706513 159232
8.9595 10707961 159232
8.9607 10709409 159232
8.9619 10710857 159232
8.9631 10712305 159232
8.9643 10713753 159232
8.96551 10715201 159232
8.96671 10716649 159232
8.96791 10718097 159232
8.96911 10719545 159232
8.97031 10720993 159232
8.97151 10722441 159232
8.97272 10723889 159232
8.97392 10725337 159232
8.97512 10726785 159232
8.97632 10728233 159232
8.97752 10729681 159232
8.97872 10731129 159232
8.97992 10732577 159232
8.98113 10734025 159232
8.98233 10735473 159232
8.98353 10736921 159232
8.98473 10738369 159232
8.98593 10739817 159232
8.98713 10741265 159232
8.98834 10742713 159232
8.98954 10744161 159232
8.99074 10745609 159232
8.99194 10747057 159232
8.99314 10748505 159232
8.99434 10749953 159232
8.99555 10751401 159232
8.99675 10752849 159232
8.99795 10754297 159232
8.99915 10755745 159232
9.00035 10757193 159232
9.00155 10758641 159232
9.00276 10760089 159232
9.00396 10761537 159232
9.00516 10762985 159232
9.00636 10764433 159232
9.00756 10765881 159232
9.00876 10767329 159232
9.00996 10768777 159232
9.01117 10770225 159232
9.01237 10771673 159232
9.01357 10773121 159232
9.01477 10774569 159232
9.01597 10776017 160256
9.01717 10777465 160256
9.01838 10778913 160256
9.01958 10780361 160256
9.02078 10781809 160256
9.02198 10783257 160256
9.02318 10784705 160256
9.02438 10786153 160256
9.02559 10787601 160256
9.02679 10789049 160256
9.02799 10790497 160256
9.02919 10791945 160256
9.03039 10793393 160256
9.03159 10794841 160256
9.0328 10796289 160256
9.034 10797737 160256
9.0352 10799185 160256
9.0364 10800633 160256
9.0376 10802081 160256
9.0388 10803529 160256
9.04 10804977 160256
9.04121 10806425 160256
9.04241 10807873 160256
9.04361 10809321 160256
9.04481 10810769 160256
9.04601 10812217 160256
9.04721 10813665 160256
9.04842 10815113 160256
9.04962 10816561 160256
9.05082 10818009 160256
9.05202 10819457 160256
9.05322 10820905 160256
9.05442 10822353 160256
9.05563 10823801 160256
9.05683 10825249 160256
9.05803 10826697 160256
9.05923 10828145 160256
9.06043 10829593 160256
9.06163 10831041 160256
9.06284 10832489 160256
9.06404 10833937 160256
9.06524 10835385 160256
9.06644 10836833 160256
9.06764 10838281 160256
9.06884 10839729 160256
9.07004 10841177 160256
9.07125 10842625 160256
9.07245 10844073 160256
9.07365 10845521 160256
9.07485 10846969 160256
9.07605 10848417 160256
9.07725 10849865 160256
9.07846 10851313 160256
9.07966 10852761 160256
9.08086 10854209 160256
9.08206 10855657 160256
9.08326 10857105 160256
9.08446 10858553 160256
9.08567 10860001 160256
9.08687 10861449 160256
9.08807 10862897 160256
9.08927 10864345 160256
9.09047 10865793 160256
9.09167 10867241 160256
9.09288 10868689 160256
9.09408 10870137 160256
9.09528 10871585 160256
9.09648 10873033 160256
9.09768 10874481 160256
9.09888 10875929 160256
9.10008 10877377 160256
9.10129 10878825 160256
9.10249 10880273 160256
9.10369 10881721 160256
9.10489 10883169 160256
9.10609 10884617 160256
9.10729 10886065 160256
9.1085 10887513 160256
9.1097 10888961 160256
9.1109 10890409 160256
9.1121 10891857 160256
9.1133 10893305 160256
9.1145 10894753 160256
9.11571 10896201 160256
9.11691 10897649 160256
9.11811 10899097 160256
9.11931 10900545 160256
9.12051 10901993 160256
9.12171 10903441 160256
9.12292 10904889 160256
9.12412 10906337 160256
9.12532 10907785 160256
9.12652 10909233 160256
9.12772 10910681 160256
9.12892 10912129 160256
9.13012 10913577 160256
9.13133 10915025 160256
9.13253 10916473 160256
9.13373 10917921 160256
9.13493 10919369 160256
9.13613 10920817 160256
9.13733 10922265 160256
9.13854 10923713 160256
9.13974 10925161 160256
9.14094 10926609 160256
9.14214 10928057 160256
9.14334 10929505 160256
9.14454 10930953 160256
9.14575 10932401 160256
9.14695 10933849 160256
9.14815 10935297 160256
9.14935 10936745 160256
9.15055 10938193 160256
9.15175 10939641 160256
9.15296 10941089 160256
9.15416 10942537 160256
9.15536 10943985 160256
9.15656 10945433 160256
9.15776 10946881 160256
9.15896 10948329 160256
9.16016 10949777 160256
9.16137 10951225 160256
9.16257 10952673 160256
9.16377 10954121 160256
9.16497 10955569 160256
9.16617 10957017 160256
9.16737 10958465 160256
9.16858 10959913 160256
9.16978 10961361 160256
9.17098 10962809 160256
9.17218 10964257 160256
9.17338 10965705 160256
9.17458 10967153 160256
9.17579 10968601 160256
9.17699 10970049 160256
9.17819 10971497 160256
9.17939 10972945 160256
9.18059 10974393 160256
9.18179 10975841 160256
9.183 10977289 161792
9.1842 10978737 161792
9.1854 10980185 161792
9.1866 10981633 161792
9.1878 10983081 161792
9.189 10984529 161792
9.1902 10985977 161792
9.19141 10987425 161792
9.19261 10988873 161792
9.19381 10990321 161792
9.19501 10991769 161792
9.19621 10993217 161792
9.19741 10994665 161792
9.19862 10996113 161792
9.19982 10997561 161792
9.20102 10999009 161792
9.20222 11000457 161792
9.20342 11001905 161792
9.20462 11003353 161792
9.20583 11004801 161792
9.20703 11006249 161792
9.20823 11007697 161792
9.20943 11009145 161792
9.21063 11010593 161792
9.21183 11012041 161792
9.21304 11013489 161792
9.21424 11014937 161792
9.21544 11016385 161792
9.21664 11017833 161792
9.21784 11019281 161792
9.21904 11020729 161792
9.22024 11022177 161792
9.22145 11023625 161792
9.22265 11025073 161792
9.22385 11026521 161792
9.22505 11027969 161792
9.22625 11029417 161792
9.22745 11030865 161792
9.22866 11032313 161792
9.22986 11033761 161792
9.23106 11035209 161792
9.23226 11036657 161792
9.23346 11038105 161792
9.23466 11039553 161792
9.23587 11041001 161792
9.23707 11042449 161792
9.23827 11043897 161792
9.23947 11045345 161792
9.24067 11046793 161792
9.24187 11048241 161792
9.24308 11049689 161792
9.24428 11051137 161792
9.24548 11052585 161792
9.24668 11054033 161792
9.24788 11055481 161792
9.24908 11056929 161792
9.25028 11058377 161792
9.25149 11059825 161792
9.25269 11061273 161792
9.25389 11062721 161792
9.25509 11064169 161792
9.25629 11065617 161792
9.25749 11067065 161792
9.2587 11068513 161792
9.2599 11069961 161792
9.2611 11071409 161792
9.2623 11072857 161792
9.2635 11074305 161792
9.2647 11075753 161792
9.26591 11077201 161792
9.26711 11078649 161792
9.26831 11080097 161792
9.26951 11081545 161792
9.27071 11082993 161792
9.27191 11084441 161792
9.27312 11085889 161792
9.27432 11087337 161792
9.27552 11088785 161792
9.27672 11090233 161792
9.27792 11091681 161792
9.27912 11093129 161792
9.28032 11094577 161792
9.28153 11096025 161792
9.28273 11097473 161792
9.28393 11098921 161792
9.28513 11100369 161792
9.28633 11101817 161792
9.28753 11103265 161792
9.28874 11104713 161792
9.28994 11106161 161792
9.29114 11107609 161792
9.29234 11109057 161792
9.29354 11110505 161792
9.29474 11111953 161792
9.29595 11113401 161792
9.29715 11114849 161792
9.29835 11116297 161792
9.29955 11117745 161792
9.30075 11119193 161792
9.30195 11120641 161792
9.30316 11122089 161792
9.30436 11123537 161792
9.30556 11124985 161792
9.30676 11126433 161792
9.30796 11127881 161792
9.30916 11129329 161792
9.31036 11130777 161792
9.31157 11132225 161792
9.31277 11133673 161792
9.31397 11135121 161792
9.31517 11136569 161792
9.31637 11138017 161792
9.31757 11139465 161792
9.31878 11140913 161792
9.31998 11142361 161792
9.32118 11143809 161792
9.32238 11145257 161792
9.32358 11146705 161792
9.32478 11148153 161792
9.32599 11149601 161792
9.32719 11151049 161792
9.32839 11152497 163328
9.32959 11153945 163328
9.33079 11155393 163328
9.33199 11156841 163328
9.3332 11158289 163328
9.3344 11159737 163328
9.3356 11161185 163328
9.3368 11162633 163328
9.338 11164081 163328
9.3392 11165529 163328
9.3404 11166977 163328
9.34161 11168425 163328
9.34281 11169873 163328
9.34401 11171321 163328
9.34521 11172769 163328
9.34641 11174217 163328
9.34761 11175665 163328
9.34882 11177113 163328
9.35002 11178561 163328
9.35122 11180009 163328
9.35242 11181457 163328
9.35362 11182905 163328
9.35482 11184353 163328
9.35603 11185801 163328
9.35723 11187249 163328
9.35843 11188697 163328
9.35963 11190145 163328
9.36083 11191593 163328
9.36203 11193041 163328
9.36324 11194489 163328
9.36444 11195937 163328
9.36564 11197385 163328
9.36684 11198833 163328
9.36804 11200281 163328
9.36924 11201729 163328
9.37044 11203177 163328
9.37165 11204625 163328
9.37285 11206073 163328
9.37405 11207521 163328
9.37525 11208969 163328
9.37645 11210417 163328
9.37765 11211865 163328
9.37886 11213313 163328
9.38006 11214761 163328
9.38126 11216209 163328
9.38246 11217657 163328
9.38366 11219105 163328
9.38486 11220553 163328
9.38607 11222001 163328
9.38727 11223449 163328
9.38847 11224897 163328
9.38967 11226345 163328
9.39087 11227793 163328
9.39207 11229241 163328
9.39328 11230689 163328
9.39448 11232137 163328
9.39568 11233585 163328
9.39688 11235033 163328
9.39808 11236481 163328
9.39928 11237929 163328
9.40048 11239377 163328
9.40169 11240825 163328
9.40289 11242273 163328
9.40409 11243721 163328
9.40529 11245169 163328
9.40649 11246617 163328
9.40769 11248065 163328
9.4089 11249513 163328
9.4101 11250961 163328
9.4113 11252409 163328
9.4125 11253857 163328
9.4137 11255305 163328
9.4149 11256753 163328
9.41611 11258201 163328
9.41731 11259649 163328
9.41851 11261097 163328
9.41971 11262545 163328
9.42091 11263993 163328
9.42211 11265441 163328
9.42332 11266889 163328
9.42452 11268337 163328
9.42572 11269785 163328
9.42692 11271233 163328
9.42812 11272681 163328
9.42932 11274129 163328
9.43052 11275577 163328
9.43173 11277025 163328
9.43293 11278473 163328
9.43413 11279921 163328
9.43533 11281369 163328
9.43653 11282817 163328
9.43773 11284265 163328
9.43894 11285713 163328
9.44014 11287161 163328
9.44134 11288609 163328
9.44254 11290057 163328
9.44374 11291505 163328
9.44494 11292953 163328
9.44615 11294401 163328
9.44735 11295849 163328
9.44855 11297297 163328
9.44975 11298745 163328
9.45095 11300193 163328
9.45215 11301641 163328
9.45336 11303089 163328
9.45456 11304537 163328
9.45576 11305985 163328
9.45696 11307433 163328
9.45816 11308881 163328
9.45936 11310329 164864
9.46056 11311777 164864
9.46177 11313225 164864
9.46297 11314673 164864
9.46417 11316121 164864
9.46537 11317569 164864
9.46657 11319017 164864
9.46777 11320465 164864
9.46898 11321913 164864
9.47018 11323361 164864
9.47138 11324809 164864
9.47258 11326257 164864
9.47378 11327705 164864
9.47498 11329153 164864
9.47619 11330601 164864
9.47739 11332049 164864
9.47859 11333497 164864
9.47979 11334945 164864
9.48099 11336393 164864
9.48219 11337841 164864
9.4834 11339289 164864
9.4846 11340737 164864
9.4858 11342185 164864
9.487 11343633 164864
9.4882 11345081 164864
9.4894 11346529 164864
9.4906 11347977 164864
9.49181 11349425 164864
9.49301 11350873 164864
9.49421 11352321 164864
9.49541 11353769 164864
9.49661 11355217 164864
9.49781 11356665 164864
9.49902 11358113 164864
9.50022 11359561 164864
9.50142 11361009 164864
9.50262 11362457 164864
9.50382 11363905 164864
9.50502 11365353 164864
9.50623 11366801 164864
9.50743 11368249 164864
9.50863 11369697 164864
9.50983 11371145 164864
9.51103 11372593 164864
9.51223 11374041 164864
9.51344 11375489 164864
9.51464 11376937 164864
9.51584 11378385 164864
9.51704 11379833 164864
9.51824 11381281 164864
9.51944 11382729 164864
9.52064 11384177 164864
9.52185 11385625 164864
9.52305 11387073 164864
9.52425 11388521 164864
9.52545 11389969 164864
9.52665 11391417 164864
9.52785 11392865 164864
9.52906 11394313 164864
9.53026 11395761 164864
9.53146 11397209 164864
9.53266 11398657 164864
9.53386 11400105 164864
9.53506 11401553 164864
9.53627 11403001 164864
9.53747 11404449 164864
9.53867 11405897 164864
9.53987 11407345 164864
9.54107 11408793 164864
9.54227 11410241 164864
9.54348 11411689 164864
9.54468 11413137 164864
9.54588 11414585 164864
9.54708 11416033 164864
9.54828 11417481 164864
9.54948 11418929 164864
9.55068 11420377 164864
9.55189 11421825 164864
9.55309 11423273 164864
9.55429 11424721 164864
9.55549 11426169 164864
9.55669 11427617 164864
9.55789 11429065 164864
9.5591 11430513 164864
9.5603 11431961 164864
9.5615 11433409 164864
9.5627 11434857 164864
9.5639 11436305 164864
9.5651 11437753 164864
9.56631 11439201 164864
9.56751 11440649 164864
9.56871 11442097 164864
9.56991 11443545 164864
9.57111 11444993 164864
9.57231 11446441 164864
9.57352 11447889 164864
9.57472 11449337 164864
9.57592 11450785 164864
9.57712 11452233 164864
9.57832 11453681 164864
9.57952 11455129 164864
9.58072 11456577 166400
9.58193 11458025 166400
9.58313 11459473 166400
9.58433 11460921 166400
9.58553 11462369 166400
9.58673 11463817 166400
9.58793 11465265 166400
9.58914 11466713 166400
9.59034 11468161 166400
9.59154 11469609 166400
9.59274 11471057 166400
9.59394 11472505 166400
9.59514 11473953 166400
9.59635 11475401 166400
9.59755 11476849 166400
9.59875 11478297 166400
9.59995 11479745 166400
9.60115 11481193 166400
9.60235 11482641 166400
9.60356 11484089 166400
9.60476 11485537 166400
9.60596 11486985 166400
9.60716 11488433 166400
9.60836 11489881 166400
9.60956 11491329 166400
9.61076 11492777 166400
9.61197 11494225 166400
9.61317 11495673 166400
9.61437 11497121 166400
9.61557 11498569 166400
9.61677 11500017 166400
9.61797 11501465 166400
9.61918 11502913 166400
9.62038 11504361 166400
9.62158 11505809 166400
9.62278 11507257 166400
9.62398 11508705 166400
9.62518 11510153 166400
9.62639 11511601 166400
9.62759 11513049 166400
9.62879 11514497 166400
9.62999 11515945 166400
9.63119 11517393 166400
9.63239 11518841 166400
9.6336 11520289 166400
9.6348 11521737 166400
9.636 11523185 166400
9.6372 11524633 166400
9.6384 11526081 166400
9.6396 11527529 166400
9.6408 11528977 166400
9.64201 11530425 166400
9.64321 11531873 166400
9.64441 11533321 166400
9.64561 11534769 166400
9.64681 11536217 166400
9.64801 11537665 166400
9.64922 11539113 166400
9.65042 11540561 166400
9.65162 11542009 166400
9.65282 11543457 166400
9.65402 11544905 166400
9.65522 11546353 166400
9.65643 11547801 166400
9.65763 11549249 166400
9.65883 11550697 166400
9.66003 11552145 166400
9.66123 11553593 166400
9.66243 11555041 166400
9.66364 11556489 166400
9.66484 11557937 166400
9.66604 11559385 166400
9.66724 11560833 166400
9.66844 11562281 166400
9.66964 11563729 166400
9.67084 11565177 166400
9.67205 11566625 166400
9.67325 11568073 166400
9.67445 11569521 166400
9.67565 11570969 166400
9.67685 11572417 166400
9.67805 11573865 166400
9.67926 11575313 166400
9.68046 11576761 166400
9.68166 11578209 166400
9.68286 11579657 166400
9.68406 11581105 166400
9.68526 11582553 166400
9.68647 11584001 166400
9.68767 11585449 166400
9.68887 11586897 166400
9.69007 11588345 167936
9.69127 11589793 167936
9.69247 11591241 167936
9.69368 11592689 167936
9.69488 11594137 167936
9.69608 11595585 167936
9.69728 11597033 167936
9.69848 11598481 167936
9.69968 11599929 167936
9.70088 11601377 167936
9.70209 11602825 167936
9.70329 11604273 167936
9.70449 11605721 167936
9.70569 11607169 167936
9.70689 11608617 167936
9.70809 11610065 167936
9.7093 11611513 167936
9.7105 11612961 167936
9.7117 11614409 167936
9.7129 11615857 167936
9.7141 11617305 167936
9.7153 11618753 167936
9.71651 11620201 167936
9.71771 11621649 167936
9.71891 11623097 167936
9.72011 11624545 167936
9.72131 11625993 167936
9.72251 11627441 167936
9.72372 11628889 167936
9.72492 11630337 167936
9.72612 11631785 167936
9.72732 11633233 167936
9.72852 11634681 167936
9.72972 11636129 167936
9.73092 11637577 167936
9.73213 11639025 167936
9.73333 11640473 167936
9.73453 11641921 167936
9.73573 11643369 167936
9.73693 11644817 167936
9.73813 11646265 167936
9.73934 11647713 167936
9.74054 11649161 167936
9.74174 11650609 167936
9.74294 11652057 167936
9.74414 11653505 167936
9.74534 11654953 167936
9.74655 11656401 167936
9.74775 11657849 167936
9.74895 11659297 167936
9.75015 11660745 167936
9.75135 11662193 167936
9.75255 11663641 167936
9.75376 11665089 167936
9.75496 11666537 167936
9.75616 11667985 167936
9.75736 11669433 167936
9.75856 11670881 167936
9.75976 11672329 167936
9.76096 11673777 167936
9.76217 11675225 167936
9.76337 11676673 167936
9.76457 11678121 167936
9.76577 11679569 167936
9.76697 11681017 167936
9.76817 11682465 167936
9.76938 11683913 167936
9.77058 11685361 167936
9.77178 11686809 167936
9.77298 11688257 167936
9.77418 11689705 167936
9.77538 11691153 167936
9.77659 11692601 167936
9.77779 11694049 167936
9.77899 11695497 167936
9.78019 11696945 167936
9.78139 11698393 167936
9.78259 11699841 167936
9.7838 11701289 167936
9.785 11702737 167936
9.7862 11704185 167936
9.7874 11705633 167936
9.7886 11707081 167936
9.7898 11708529 167936
9.791 11709977 167936
9.79221 11711425 168960
9.79341 11712873 168960
9.79461 11714321 168960
9.79581 11715769 168960
9.79701 11717217 168960
9.79821 11718665 168960
9.79942 11720113 168960
9.80062 11721561 168960
9.80182 11723009 168960
9.80302 11724457 168960
9.80422 11725905 168960
9.80542 11727353 168960
9.80663 11728801 168960
9.80783 11730249 168960
9.80903 11731697 168960
9.81023 11733145 168960
9.81143 11734593 168960
9.81263 11736041 168960
9.81384 11737489 168960
9.81504 11738937 168960
9.81624 11740385 168960
9.81744 11741833 168960
9.81864 11743281 168960
9.81984 11744729 168960
9.82104 11746177 168960
9.82225 11747625 168960
9.82345 11749073 168960
9.82465 11750521 168960
9.82585 11751969 168960
9.82705 11753417 168960
9.82825 11754865 168960
9.82946 11756313 168960
9.83066 11757761 168960
9.83186 11759209 168960
9.83306 11760657 168960
9.83426 11762105 168960
9.83546 11763553 168960
9.83667 11765001 168960
9.83787 11766449 168960
9.83907 11767897 168960
9.84027 11769345 168960
9.84147 11770793 168960
9.84267 11772241 168960
9.84388 11773689 168960
9.84508 11775137 168960
9.84628 11776585 168960
9.84748 11778033 168960
9.84868 11779481 168960
9.84988 11780929 168960
9.85108 11782377 168960
9.85229 11783825 168960
9.85349 11785273 168960
9.85469 11786721 168960
9.85589 11788169 168960
9.85709 11789617 168960
9.85829 11791065 168960
9.8595 11792513 168960
9.8607 11793961 168960
9.8619 11795409 168960
9.8631 11796857 168960
9.8643 11798305 168960
9.8655 11799753 168960
9.86671 11801201 168960
9.86791 11802649 168960
9.86911 11804097 168960
9.87031 11805545 168960
9.87151 11806993 168960
9.87271 11808441 168960
9.87392 11809889 168960
9.87512 11811337 168960
9.87632 11812785 168960
9.87752 11814233 168960
9.87872 11815681 168960
9.87992 11817129 168960
9.88112 11818577 168960
9.88233 11820025 168960
9.88353 11821473 168960
9.88473 11822921 168960
9.88593 11824369 168960
9.88713 11825817 170496
9.88833 11827265 170496
9.88954 11828713 170496
9.89074 11830161 170496
9.89194 11831609 170496
9.89314 11833057 170496
9.89434 11834505 170496
9.89554 11835953 170496
9.89675 11837401 170496
9.89795 11838849 170496
9.89915 11840297 170496
9.90035 11841745 170496
9.90155 11843193 170496
9.90275 11844641 170496
9.90396 11846089 170496
9.90516 11847537 170496
9.90636 11848985 170496
9.90756 11850433 170496
9.90876 11851881 170496
9.90996 11853329 170496
9.91116 11854777 170496
9.91237 11856225 170496
9.91357 11857673 170496
9.91477 11859121 170496
9.91597 11860569 170496
9.91717 11862017 170496
9.91837 11863465 170496
9.91958 11864913 170496
9.92078 11866361 170496
9.92198 11867809 170496
9.92318 11869257 170496
9.92438 11870705 170496
9.92558 11872153 170496
9.92679 11873601 170496
9.92799 11875049 170496
9.92919 11876497 170496
9.93039 11877945 170496
9.93159 11879393 170496
9.93279 11880841 170496
9.934 11882289 170496
9.9352 11883737 170496
9.9364 11885185 170496
9.9376 11886633 170496
9.9388 11888081 170496
9.94 11889529 170496
9.9412 11890977 170496
9.94241 11892425 170496
9.94361 11893873 170496
9.94481 11895321 170496
9.94601 11896769 170496
9.94721 11898217 170496
9.94841 11899665 170496
9.94962 11901113 170496
9.95082 11902561 170496
9.95202 11904009 170496
9.95322 11905457 170496
9.95442 11906905 170496
9.95562 11908353 170496
9.95683 11909801 170496
9.95803 11911249 170496
9.95923 11912697 170496
9.96043 11914145 170496
9.96163 11915593 170496
9.96283 11917041 170496
9.96404 11918489 170496
9.96524 11919937 170496
9.96644 11921385 170496
9.96764 11922833 170496
9.96884 11924281 170496
9.97004 11925729 170496
9.97124 11927177 170496
9.97245 11928625 170496
9.97365 11930073 170496
9.97485 11931521 170496
9.97605 11932969 170496
9.97725 11934417 172032
9.97845 11935865 172032
9.97966 11937313 172032
9.98086 11938761 172032
9.98206 11940209 172032
9.98326 11941657 172032
9.98446 11943105 172032
9.98566 11944553 172032
9.98687 11946001 172032
9.98807 11947449 172032
9.98927 11948897 172032
9.99047 11950345 172032
9.99167 11951793 172032
9.99287 11953241 172032
9.99408 11954689 172032
9.99528 11956137 172032
9.99648 11957585 172032
9.99768 11959033 172032
9.99888 11960481 172032
10.0001 11961929 172032
10.0013 11963377 172032
10.0025 11964825 172032
10.0037 11966273 172032
10.0049 11967721 172032
10.0061 11969169 172032
10.0073 11970617 172032
10.0085 11972065 172032
10.0097 11973513 172032
10.0109 11974961 172032
10.0121 11976409 172032
10.0133 11977857 172032
10.0145 11979305 172032
10.0158 11980753 172032
10.017 11982201 172032
10.0182 11983649 172032
10.0194 11985097 172032
10.0206 11986545 172032
10.0218 11987993 172032
10.023 11989441 172032
10.0242 11990889 172032
10.0254 11992337 172032
10.0266 11993785 172032
10.0278 11995233 172032
10.029 11996681 172032
10.0302 11998129 172032
10.0314 11999577 172032
10.0326 12001025 172032
10.035 12002473 172032
10.0374 12003921 172032
10.0398 12005369 172032
10.0422 12006817 172032
10.0434 12008265 172032
10.0446 12009713 172032
10.0458 12011161 172032
10.047 12012609 172032
10.0482 12014057 172032
10.0494 12015505 172032
10.0506 12016953 172032
10.0518 12018401 172032
10.053 12019849 172032
10.0542 12021297 172032
10.0554 12022745 172032
10.0566 12024193 172032
10.0578 12025641 172032
10.0591 12027089 172032
10.0603 12028537 172032
10.0627 12029985 172032
10.0651 12031433 172032
10.0663 12032881 172032
10.0675 12034329 172032
10.0699 12035777 172032
10.0723 12037225 173568
10.0747 12038673 173568
10.0771 12040121 173568
10.0783 12041569 173568
10.0795 12043017 173568
10.0807 12044465 173568
10.0819 12045913 173568
10.0831 12047361 173568
10.0843 12048809 173568
10.0855 12050257 173568
10.0867 12051705 173568
10.0879 12053153 173568
10.0891 12054601 173568
10.0903 12056049 173568
10.0915 12057497 173568
10.0927 12058945 173568
10.0939 12060393 173568
10.0951 12061841 173568
10.0975 12063289 173568
10.0999 12064737 173568
10.1023 12066185 173568
10.1047 12067633 173568
10.1059 12069081 173568
10.1071 12070529 173568
10.1095 12071977 173568
10.1119 12073425 173568
10.1143 12074873 173568
10.1167 12076321 173568
10.1191 12077769 173568
10.1215 12079217 173568
10.1239 12080665 173568
10.1263 12082113 173568
10.1275 12083561 173568
10.1287 12085009 173568
10.1299 12086457 173568
10.1311 12087905 173568
10.1323 12089353 173568
10.1336 12090801 173568
10.1348 12092249 173568
10.136 12093697 173568
10.1372 12095145 173568
10.1384 12096593 173568
10.1396 12098041 173568
10.1408 12099489 173568
10.142 12100937 173568
10.1432 12102385 173568
10.1444 12103833 173568
10.1468 12105281 173568
10.1492 12106729 173568
10.1516 12108177 173568
10.154 12109625 173568
10.1564 12111073 173568
10.1588 12112521 173568
10.1612 12113969 173568
10.1636 12115417 173568
10.1648 12116865 173568
10.166 12118313 173568
10.1684 12119761 173568
10.1708 12121209 173568
10.1732 12122657 173568
10.1756 12124105 173568
10.178 12125553 173568
10.1804 12127001 173568
10.1828 12128449 173568
10.1852 12129897 173568
10.1876 12131345 173568
10.19 12132793 173568
10.1924 12134241 175104
10.1948 12135689 175104
10.1972 12137137 175104
10.1996 12138585 175104
10.202 12140033 175104
10.2044 12141481 175104
10.2056 12142929 175104
10.2068 12144377 175104
10.208 12145825 175104
10.2093 12147273 175104
10.2105 12148721 175104
10.2117 12150169 175104
10.2129 12151617 175104
10.2141 12153065 175104
10.2153 12154513 175104
10.2165 12155961 175104
10.2177 12157409 175104
10.2189 12158857 175104
10.2201 12160305 175104
10.2213 12161753 175104
10.2225 12163201 175104
10.2249 12164649 175104
10.2273 12166097 175104
10.2297 12167545 175104
10.2321 12168993 175104
10.2345 12170441 175104
10.2369 12171889 175104
10.2393 12173337 175104
10.2417 12174785 175104
10.2441 12176233 175104
10.2465 12177681 175104
10.2489 12179129 175104
10.2513 12180577 175104
10.2537 12182025 175104
10.2561 12183473 175104
10.2585 12184921 175104
10.2609 12186369 175104
10.2621 12187817 175104
10.2633 12189265 175104
10.2657 12190713 175104
10.2681 12192161 175104
10.2705 12193609 175104
10.2729 12195057 175104
10.2753 12196505 175104
10.2777 12197953 175104
10.2801 12199401 175104
10.2825 12200849 175104
10.285 12202297 175104
10.2874 12203745 175104
10.2898 12205193 175104
10.2922 12206641 175104
10.2946 12208089 175104
10.297 12209537 175104
10.2994 12210985 175104
10.3018 12212433 175104
10.3042 12213881 176640
10.3066 12215329 176640
10.309 12216777 176640
10.3114 12218225 176640
10.3138 12219673 176640
10.3162 12221121 176640
10.3174 12222569 176640
10.3186 12224017 176640
10.321 12225465 176640
10.3234 12226913 176640
10.3246 12228361 176640
10.3258 12229809 176640
10.3282 12231257 176640
10.3306 12232705 176640
10.3318 12234153 176640
10.333 12235601 176640
10.3342 12237049 176640
10.3354 12238497 176640
10.3366 12239945 176640
10.3378 12241393 176640
10.339 12242841 176640
10.3402 12244289 176640
10.3414 12245737 176640
10.3426 12247185 176640
10.3438 12248633 176640
10.345 12250081 176640
10.3462 12251529 176640
10.3474 12252977 176640
10.3486 12254425 176640
10.3498 12255873 176640
10.351 12257321 176640
10.3534 12258769 176640
10.3558 12260217 176640
10.357 12261665 176640
10.3582 12263113 176640
10.3607 12264561 176640
10.3631 12266009 176640
10.3643 12267457 176640
10.3655 12268905 176640
10.3679 12270353 176640
10.3703 12271801 176640
10.3715 12273249 176640
10.3727 12274697 176640
10.3751 12276145 176640
10.3775 12277593 176640
10.3787 12279041 176640
10.3799 12280489 176640
10.3823 12281937 177664
10.3847 12283385 177664
10.3859 12284833 177664
10.3871 12286281 177664
10.3895 12287729 177664
10.3919 12289177 177664
10.3931 12290625 177664
10.3943 12292073 177664
10.3967 12293521 177664
10.3991 12294969 177664
10.4015 12296417 177664
10.4027 12297865 177664
10.4051 12299313 177664
10.4075 12300761 177664
10.4087 12302209 177664
10.4099 12303657 177664
10.4111 12305105 177664
10.4123 12306553 177664
10.4147 12308001 177664
10.4171 12309449 177664
10.4183 12310897 177664
10.4195 12312345 177664
10.4219 12313793 177664
10.4243 12315241 177664
10.4255 12316689 177664
10.4267 12318137 177664
10.4291 12319585 177664
10.4315 12321033 177664
10.4327 12322481 177664
10.434 12323929 177664
10.4364 12325377 177664
10.4388 12326825 177664
10.44 12328273 177664
10.4412 12329721 177664
10.4436 12331169 177664
10.446 12332617 177664
10.4472 12334065 177664
10.4484 12335513 179200
10.4508 12336961 179200
10.4532 12338409 179200
10.4544 12339857 179200
10.4556 12341305 179200
10.458 12342753 179200
10.4604 12344201 179200
10.4616 12345649 179200
10.4628 12347097 179200
10.4652 12348545 179200
10.4676 12349993 179200
10.4688 12351441 179200
10.47 12352889 179200
10.4724 12354337 179200
10.4748 12355785 179200
10.4772 12357233 179200
10.4784 12358681 179200
10.4808 12360129 179200
10.4832 12361577 179200
10.4844 12363025 179200
10.4856 12364473 179200
10.488 12365921 179200
10.4904 12367369 179200
10.4916 12368817 179200
10.4928 12370265 179200
10.494 12371713 179200
10.4952 12373161 179200
10.4976 12374609 179200
10.5 12376057 179200
10.5012 12377505 179200
10.5024 12378953 179200
10.5036 12380401 179200
10.5048 12381849 179200
10.5072 12383297 180736
10.5097 12384745 180736
10.5109 12386193 180736
10.5121 12387641 180736
10.5133 12389089 180736
10.5145 12390537 180736
10.5157 12391985 180736
10.5169 12393433 180736
10.5181 12394881 180736
10.5193 12396329 180736
10.5205 12397777 180736
10.5217 12399225 180736
10.5229 12400673 180736
10.5241 12402121 180736
10.5253 12403569 180736
10.5265 12405017 180736
10.5277 12406465 180736
10.5289 12407913 180736
10.5301 12409361 180736
10.5313 12410809 180736
10.5325 12412257 180736
10.5349 12413705 180736
10.5373 12415153 180736
10.5385 12416601 180736
10.5397 12418049 180736
10.5409 12419497 180736
10.5421 12420945 180736
10.5445 12422393 180736
10.5469 12423841 180736
10.5481 12425289 180736
10.5493 12426737 180736
10.5505 12428185 180736
10.5517 12429633 180736
10.5541 12431081 180736
10.5565 12432529 180736
10.5577 12433977 180736
10.5589 12435425 180736
10.5601 12436873 182272
10.5613 12438321 182272
10.5637 12439769 182272
10.5661 12441217 182272
10.5673 12442665 182272
10.5685 12444113 182272
10.5697 12445561 182272
10.5709 12447009 182272
10.5733 12448457 182272
10.5757 12449905 182272
10.5769 12451353 182272
10.5781 12452801 182272
10.5793 12454249 182272
10.5805 12455697 182272
10.5829 12457145 182272
10.5854 12458593 182272
10.5878 12460041 182272
10.589 12461489 182272
10.5902 12462937 182272
10.5914 12464385 182272
10.5938 12465833 182272
10.5962 12467281 182272
10.5974 12468729 182272
10.5986 12470177 182272
10.601 12471625 182272
10.6034 12473073 182272
10.6046 12474521 182272
10.6058 12475969 182272
10.607 12477417 182272
10.6094 12478865 182272
10.6118 12480313 182272
10.613 12481761 182272
10.6142 12483209 182272
10.6154 12484657 182272
10.6166 12486105 182272
10.6178 12487553 183808
10.619 12489001 183808
10.6214 12490449 183808
10.6238 12491897 183808
10.625 12493345 183808
10.6262 12494793 183808
10.6274 12496241 183808
10.6298 12497689 183808
10.6322 12499137 183808
10.6334 12500585 183808
10.6346 12502033 183808
10.637 12503481 183808
10.6394 12504929 183808
10.6406 12506377 183808
10.6418 12507825 183808
10.6442 12509273 183808
10.6466 12510721 183808
10.6478 12512169 183808
10.649 12513617 183808
10.6514 12515065 183808
10.6538 12516513 183808
10.655 12517961 183808
10.6562 12519409 183808
10.6586 12520857 183808
10.6611 12522305 183808
10.6623 12523753 183808
10.6635 12525201 183808
10.6659 12526649 183808
10.6683 12528097 183808
10.6707 12529545 183808
10.6719 12530993 183808
10.6743 12532441 183808
10.6767 12533889 183808
10.6779 12535337 183808
10.6791 12536785 183808
10.6815 12538233 185344
10.6839 12539681 185344
10.6851 12541129 185344
10.6863 12542577 185344
10.6887 12544025 185344
10.6911 12545473 185344
10.6923 12546921 185344
10.6935 12548369 185344
10.6959 12549817 185344
10.6983 12551265 185344
10.6995 12552713 185344
10.7007 12554161 185344
10.7019 12555609 185344
10.7031 12557057 185344
10.7055 12558505 185344
10.7079 12559953 185344
10.7091 12561401 185344
10.7103 12562849 185344
10.7115 12564297 185344
10.7127 12565745 185344
10.7151 12567193 185344
10.7175 12568641 185344
10.7187 12570089 185344
10.7199 12571537 185344
10.7211 12572985 185344
10.7223 12574433 185344
10.7235 12575881 185344
10.7247 12577329 185344
10.7259 12578777 185344
10.7271 12580225 185344
10.7283 12581673 185344
10.7295 12583121 185344
10.7307 12584569 185344
10.7319 12586017 185344
10.7331 12587465 185344
10.7344 12588913 185344
10.7356 12590361 185344
10.7368 12591809 185344
10.738 12593257 185344
10.7392 12594705 186368
10.7404 12596153 186368
10.7428 12597601 186368
10.7452 12599049 186368
10.7464 12600497 186368
10.7476 12601945 186368
10.7488 12603393 186368
10.75 12604841 186368
10.7512 12606289 186368
10.7536 12607737 186368
10.756 12609185 186368
10.7572 12610633 186368
10.7584 12612081 186368
10.7596 12613529 186368
10.7608 12614977 186368
10.7632 12616425 186368
10.7656 12617873 186368
10.7668 12619321 186368
10.768 12620769 186368
10.7692 12622217 186368
10.7704 12623665 186368
10.7728 12625113 186368
10.7752 12626561 186368
10.7776 12628009 186368
10.7788 12629457 186368
10.78 12630905 186368
10.7812 12632353 186368
10.7836 12633801 186368
10.786 12635249 186368
10.7872 12636697 186368
10.7884 12638145 186368
10.7896 12639593 186368
10.7908 12641041 186368
10.7932 12642489 186368
10.7956 12643937 186368
10.798 12645385 186368
10.8004 12646833 186368
10.8016 12648281 187904
10.8028 12649729 187904
10.804 12651177 187904
10.8052 12652625 187904
10.8076 12654073 187904
10.8101 12655521 187904
10.8113 12656969 187904
10.8125 12658417 187904
10.8149 12659865 187904
10.8173 12661313 187904
10.8185 12662761 187904
10.8197 12664209 187904
10.8209 12665657 187904
10.8233 12667105 187904
10.8257 12668553 187904
10.8269 12670001 187904
10.8281 12671449 187904
10.8293 12672897 187904
10.8305 12674345 187904
10.8317 12675793 187904
10.8329 12677241 187904
10.8353 12678689 187904
10.8377 12680137 187904
10.8389 12681585 187904
10.8401 12683033 187904
10.8413 12684481 187904
10.8437 12685929 187904
10.8461 12687377 187904
10.8473 12688825 187904
10.8485 12690273 187904
10.8509 12691721 187904
10.8533 12693169 187904
10.8545 12694617 187904
10.8557 12696065 189440
10.8581 12697513 189440
10.8605 12698961 189440
10.8629 12700409 189440
10.8641 12701857 189440
10.8653 12703305 189440
10.8677 12704753 189440
10.8701 12706201 189440
10.8713 12707649 189440
10.8725 12709097 189440
10.8749 12710545 189440
10.8773 12711993 189440
10.8785 12713441 189440
10.8797 12714889 189440
10.8821 12716337 189440
10.8846 12717785 189440
10.8858 12719233 189440
10.8882 12720681 189440
10.8906 12722129 189440
10.8918 12723577 189440
10.893 12725025 189440
10.8954 12726473 189440
10.8978 12727921 189440
10.899 12729369 189440
10.9002 12730817 189440
10.9026 12732265 189440
10.905 12733713 189440
10.9062 12735161 189440
10.9074 12736609 189440
10.9098 12738057 189440
10.9122 12739505 189440
10.9134 12740953 190976
10.9146 12742401 190976
10.9158 12743849 190976
10.917 12745297 190976
10.9194 12746745 190976
10.9218 12748193 190976
10.923 12749641 190976
10.9242 12751089 190976
10.9254 12752537 190976
10.9266 12753985 190976
10.9278 12755433 190976
10.9302 12756881 190976
10.9326 12758329 190976
10.9338 12759777 190976
10.935 12761225 190976
10.9362 12762673 190976
10.9374 12764121 190976
10.9386 12765569 190976
10.9398 12767017 190976
10.941 12768465 190976
10.9422 12769913 190976
10.9434 12771361 190976
10.9446 12772809 190976
10.9458 12774257 190976
10.947 12775705 190976
10.9482 12777153 190976
10.9494 12778601 190976
10.9506 12780049 190976
10.9518 12781497 190976
10.953 12782945 190976
10.9542 12784393 190976
10.9554 12785841 190976
10.9578 12787289 190976
10.9615 12788737 190976
10.9627 12790185 190976
10.9639 12791633 190976
10.9651 12793081 190976
10.9663 12794529 192512
10.9675 12795977 192512
10.9699 12797425 192512
10.9723 12798873 192512
10.9735 12800321 192512
10.9747 12801769 192512
10.9759 12803217 192512
10.9771 12804665 192512
10.9783 12806113 192512
10.9807 12807561 192512
10.9831 12809009 192512
10.9843 12810457 192512
10.9855 12811905 192512
10.9867 12813353 192512
10.9879 12814801 192512
10.9903 12816249 192512
10.9927 12817697 192512
10.9951 12819145 192512
10.9975 12820593 192512
10.9987 12822041 192512
10.9999 12823489 192512
11.0011 12824937 192512
11.0035 12826385 192512
11.0059 12827833 192512
11.0071 12829281 192512
11.0083 12830729 192512
11.0095 12832177 192512
11.0107 12833625 192512
11.0131 12835073 192512
11.0155 12836521 192512
11.0179 12837969 192512
11.0203 12839417 193536
11.0215 12840865 193536
11.0227 12842313 193536
11.0239 12843761 193536
11.0251 12845209 193536
11.0263 12846657 193536
11.0287 12848105 193536
11.0311 12849553 193536
11.0323 12851001 193536
11.0335 12852449 193536
11.036 12853897 193536
11.0384 12855345 193536
11.0396 12856793 193536
11.0408 12858241 193536
11.042 12859689 193536
11.0444 12861137 193536
11.0468 12862585 193536
11.0492 12864033 193536
11.0504 12865481 193536
11.0516 12866929 193536
11.0528 12868377 193536
11.054 12869825 193536
11.0552 12871273 193536
11.0576 12872721 193536
11.06 12874169 193536
11.0612 12875617 193536
11.0624 12877065 193536
11.0636 12878513 193536
11.066 12879961 193536
11.0684 12881409 193536
11.0696 12882857 193536
11.0708 12884305 195072
11.0732 12885753 195072
11.0756 12887201 195072
11.0768 12888649 195072
11.078 12890097 195072
11.0792 12891545 195072
11.0816 12892993 195072
11.084 12894441 195072
11.0852 12895889 195072
11.0864 12897337 195072
11.0888 12898785 195072
11.0912 12900233 195072
11.0924 12901681 195072
11.0936 12903129 195072
11.096 12904577 195072
11.0984 12906025 195072
11.0996 12907473 195072
11.1008 12908921 195072
11.1032 12910369 195072
11.1056 12911817 195072
11.1068 12913265 195072
11.1092 12914713 195072
11.1117 12916161 195072
11.1129 12917609 195072
11.1141 12919057 195072
11.1165 12920505 195072
11.1189 12921953 195072
11.1201 12923401 196608
11.1213 12924849 196608
11.1237 12926297 196608
11.1261 12927745 196608
11.1285 12929193 196608
11.1297 12930641 196608
11.1309 12932089 196608
11.1333 12933537 196608
11.1357 12934985 196608
11.1369 12936433 196608
11.1381 12937881 196608
11.1393 12939329 196608
11.1405 12940777 196608
11.1429 12942225 196608
11.1453 12943673 196608
11.1465 12945121 196608
11.1477 12946569 196608
11.1489 12948017 196608
11.1501 12949465 196608
11.1513 12950913 196608
11.1537 12952361 196608
11.1561 12953809 196608
11.1573 12955257 196608
11.1585 12956705 196608
11.1597 12958153 196608
11.1609 12959601 196608
11.1621 12961049 196608
11.1633 12962497 196608
11.1645 12963945 196608
11.1657 12965393 196608
11.1669 12966841 196608
11.1681 12968289 196608
11.1693 12969737 196608
11.1705 12971185 198144
11.1717 12972633 198144
11.1729 12974081 198144
11.1741 12975529 198144
11.1753 12976977 198144
11.1765 12978425 198144
11.1777 12979873 198144
11.1789 12981321 198144
11.1813 12982769 198144
11.1837 12984217 198144
11.185 12985665 198144
11.1886 12987113 198144
11.1898 12988561 198144
11.191 12990009 198144
11.1922 12991457 198144
11.1934 12992905 198144
11.1946 12994353 198144
11.197 12995801 198144
11.1994 12997249 198144
11.2006 12998697 198144
11.2018 13000145 198144
11.203 13001593 198144
11.2042 13003041 198144
11.2054 13004489 198144
11.2078 13005937 198144
11.2102 13007385 198144
11.2114 13008833 198144
11.2126 13010281 198144
11.2138 13011729 198144
11.215 13013177 198144
11.2174 13014625 198144
11.2198 13016073 199680
11.2222 13017521 199680
11.2246 13018969 199680
11.2258 13020417 199680
11.227 13021865 199680
11.2282 13023313 199680
11.2294 13024761 199680
11.2318 13026209 199680
11.2342 13027657 199680
11.2366 13029105 199680
11.2378 13030553 199680
11.239 13032001 199680
11.2402 13033449 199680
11.2426 13034897 199680
11.245 13036345 199680
11.2474 13037793 199680
11.2498 13039241 199680
11.251 13040689 199680
11.2522 13042137 199680
11.2534 13043585 199680
11.2546 13045033 199680
11.2558 13046481 199680
11.2582 13047929 199680
11.2607 13049377 199680
11.2619 13050825 199680
11.2631 13052273 199680
11.2655 13053721 199680
11.2679 13055169 201216
11.2691 13056617 201216
11.2703 13058065 201216
11.2715 13059513 201216
11.2727 13060961 201216
11.2751 13062409 201216
11.2775 13063857 201216
11.2787 13065305 201216
11.2799 13066753 201216
11.2811 13068201 201216
11.2823 13069649 201216
11.2835 13071097 201216
11.2859 13072545 201216
11.2883 13073993 201216
11.2895 13075441 201216
11.2907 13076889 201216
11.2919 13078337 201216
11.2943 13079785 201216
11.2967 13081233 201216
11.2979 13082681 201216
11.2991 13084129 201216
11.3015 13085577 201216
11.3039 13087025 201216
11.3051 13088473 201216
11.3063 13089921 201216
11.3075 13091369 201216
11.3099 13092817 201216
11.3123 13094265 202240
11.3135 13095713 202240
11.3147 13097161 202240
11.3171 13098609 202240
11.3195 13100057 202240
11.3219 13101505 202240
11.3231 13102953 202240
11.3243 13104401 202240
11.3267 13105849 202240
11.3291 13107297 202240
11.3303 13108745 202240
11.3315 13110193 202240
11.3339 13111641 202240
11.3364 13113089 202240
11.3376 13114537 202240
11.34 13115985 202240
11.3424 13117433 202240
11.3436 13118881 202240
11.3448 13120329 202240
11.3472 13121777 202240
11.3496 13123225 202240
11.3508 13124673 202240
11.352 13126121 202240
11.3544 13127569 202240
11.3568 13129017 202240
11.3592 13130465 203776
11.3616 13131913 203776
11.3628 13133361 203776
11.364 13134809 203776
11.3652 13136257 203776
11.3676 13137705 203776
11.37 13139153 203776
11.3712 13140601 203776
11.3724 13142049 203776
11.3736 13143497 203776
11.3748 13144945 203776
11.3772 13146393 203776
11.3796 13147841 203776
11.3808 13149289 203776
11.382 13150737 203776
11.3832 13152185 203776
11.3844 13153633 203776
11.3856 13155081 203776
11.388 13156529 203776
11.3904 13157977 203776
11.3916 13159425 203776
11.3928 13160873 203776
11.394 13162321 203776
11.3952 13163769 203776
11.3964 13165217 203776
11.3976 13166665 203776
11.3988 13168113 203776
11.4 13169561 203776
11.4012 13171009 203776
11.4024 13172457 205312
11.4036 13173905 205312
11.4048 13175353 205312
11.406 13176801 205312
11.4072 13178249 205312
11.4084 13179697 205312
11.4096 13181145 205312
11.4109 13182593 205312
11.4121 13184041 205312
11.4133 13185489 205312
11.4145 13186937 205312
11.4169 13188385 205312
11.4193 13189833 205312
11.4229 13191281 205312
11.4253 13192729 205312
11.4265 13194177 205312
11.4277 13195625 205312
11.4289 13197073 205312
11.4301 13198521 205312
11.4313 13199969 205312
11.4337 13201417 205312
11.4361 13202865 205312
11.4373 13204313 205312
11.4385 13205761 205312
11.4397 13207209 205312
11.4409 13208657 205312
11.4421 13210105 205312
11.4445 13211553 206848
11.4469 13213001 206848
11.4481 13214449 206848
11.4493 13215897 206848
11.4505 13217345 206848
11.4517 13218793 206848
11.4529 13220241 206848
11.4553 13221689 206848
11.4577 13223137 206848
11.4601 13224585 206848
11.4625 13226033 206848
11.4637 13227481 206848
11.4649 13228929 206848
11.4661 13230377 206848
11.4673 13231825 206848
11.4697 13233273 206848
11.4721 13234721 206848
11.4733 13236169 206848
11.4745 13237617 206848
11.4757 13239065 206848
11.4781 13240513 206848
11.4805 13241961 206848
11.4829 13243409 206848
11.4854 13244857 206848
11.4866 13246305 206848
11.4878 13247753 208384
11.489 13249201 208384
11.4902 13250649 208384
11.4914 13252097 208384
11.4938 13253545 208384
11.4962 13254993 208384
11.4974 13256441 208384
11.4986 13257889 208384
11.4998 13259337 208384
11.5022 13260785 208384
11.5046 13262233 208384
11.507 13263681 208384
11.5082 13265129 208384
11.5094 13266577 208384
11.5106 13268025 208384
11.513 13269473 208384
11.5154 13270921 208384
11.5166 13272369 208384
11.5178 13273817 208384
11.519 13275265 208384
11.5202 13276713 208384
11.5214 13278161 208384
11.5238 13279609 208384
11.5262 13281057 208384
11.5274 13282505 208384
11.5286 13283953 208384
11.5298 13285401 208384
11.5322 13286849 209920
11.5346 13288297 209920
11.5358 13289745 209920
11.537 13291193 209920
11.5382 13292641 209920
11.5406 13294089 209920
11.543 13295537 209920
11.5442 13296985 209920
11.5454 13298433 209920
11.5466 13299881 209920
11.549 13301329 209920
11.5514 13302777 209920
11.5526 13304225 209920
11.5538 13305673 209920
11.5562 13307121 209920
11.5586 13308569 209920
11.5611 13310017 209920
11.5635 13311465 209920
11.5647 13312913 209920
11.5659 13314361 209920
11.5683 13315809 209920
11.5707 13317257 209920
11.5719 13318705 209920
11.5731 13320153 210944
11.5755 13321601 210944
11.5779 13323049 210944
11.5791 13324497 210944
11.5803 13325945 210944
11.5827 13327393 210944
11.5851 13328841 210944
11.5875 13330289 210944
11.5887 13331737 210944
11.5911 13333185 210944
11.5935 13334633 210944
11.5947 13336081 210944
11.5959 13337529 210944
11.5983 13338977 210944
11.6007 13340425 210944
11.6031 13341873 210944
11.6055 13343321 210944
11.6067 13344769 210944
11.6079 13346217 210944
11.6091 13347665 210944
11.6115 13349113 210944
11.6139 13350561 210944
11.6151 13352009 210944
11.6163 13353457 210944
11.6175 13354905 210944
11.6187 13356353 210944
11.6211 13357801 210944
11.6235 13359249 210944
11.6247 13360697 210944
11.6259 13362145 210944
11.6271 13363593 210944
11.6283 13365041 210944
11.6295 13366489 210944
11.6319 13367937 210944
11.6343 13369385 210944
11.6356 13370833 210944
11.6368 13372281 210944
11.638 13373729 210944
11.6392 13375177 210944
11.6404 13376625 210944
11.6416 13378073 210944
11.6428 13379521 210944
11.644 13380969 210944
11.6452 13382417 210944
11.6464 13383865 210944
11.6476 13385313 210944
11.6488 13386761 210944
11.65 13388209 210944
11.6512 13389657 210944
11.6524 13391105 212480
11.6536 13392553 212480
11.6548 13394001 212480
11.656 13395449 212480
11.6572 13396897 212480
11.6584 13398345 212480
11.6596 13399793 212480
11.662 13401241 212480
11.6644 13402689 212480
11.668 13404137 212480
11.6692 13405585 212480
11.6704 13407033 212480
11.6716 13408481 212480
11.6728 13409929 212480
11.674 13411377 212480
11.6764 13412825 212480
11.6788 13414273 212480
11.68 13415721 212480
11.6812 13417169 212480
11.6824 13418617 212480
11.6836 13420065 212480
11.6848 13421513 212480
11.6872 13422961 212480
11.6908 13424409 214016
11.692 13425857 214016
11.6932 13427305 214016
11.6944 13428753 214016
11.6956 13430201 214016
11.6968 13431649 214016
11.6992 13433097 214016
11.7016 13434545 214016
11.7028 13435993 214016
11.7052 13437441 214016
11.7076 13438889 214016
11.7088 13440337 214016
11.71 13441785 214016
11.7113 13443233 214016
11.7125 13444681 214016
11.7149 13446129 214016
11.7173 13447577 214016
11.7185 13449025 214016
11.7197 13450473 214016
11.7209 13451921 214016
11.7233 13453369 214016
11.7257 13454817 214016
11.7281 13456265 214016
11.7305 13457713 214016
11.7317 13459161 214016
11.7329 13460609 214016
11.7341 13462057 214016
11.7353 13463505 214016
11.7365 13464953 214016
11.7389 13466401 214016
11.7413 13467849 214016
11.7425 13469297 214016
11.7437 13470745 214016
11.7449 13472193 214016
11.7473 13473641 214016
11.7497 13475089 214016
11.7521 13476537 214016
11.7545 13477985 214016
11.7557 13479433 214016
11.7569 13480881 214016
11.7581 13482329 214016
11.7605 13483777 214016
11.7629 13485225 214016
11.7641 13486673 214016
11.7653 13488121 214016
11.7665 13489569 214016
11.7677 13491017 214016
11.7689 13492465 214016
11.7713 13493913 214016
11.7737 13495361 214016
11.7761 13496809 214016
11.7773 13498257 215552
11.7785 13499705 215552
11.7797 13501153 215552
11.7821 13502601 215552
11.7845 13504049 215552
11.7858 13505497 215552
11.787 13506945 215552
11.7882 13508393 215552
11.7906 13509841 215552
11.793 13511289 215552
11.7942 13512737 215552
11.7954 13514185 215552
11.7966 13515633 215552
11.799 13517081 215552
11.8014 13518529 215552
11.8026 13519977 215552
11.8038 13521425 215552
11.8062 13522873 215552
11.8086 13524321 215552
11.811 13525769 215552
11.8134 13527217 215552
11.8146 13528665 215552
11.8158 13530113 215552
11.8182 13531561 215552
11.8206 13533009 215552
11.8218 13534457 215552
11.823 13535905 215552
11.8254 13537353 215552
11.8278 13538801 215552
11.829 13540249 215552
11.8302 13541697 215552
11.8326 13543145 215552
11.835 13544593 215552
11.8362 13546041 215552
11.8386 13547489 215552
11.841 13548937 215552
11.8422 13550385 215552
11.8434 13551833 217088
11.8458 13553281 217088
11.8482 13554729 217088
11.8506 13556177 217088
11.853 13557625 217088
11.8554 13559073 217088
11.8566 13560521 217088
11.8578 13561969 217088
11.859 13563417 217088
11.8615 13564865 217088
11.8639 13566313 217088
11.8651 13567761 217088
11.8663 13569209 217088
11.8675 13570657 217088
11.8687 13572105 217088
11.8711 13573553 217088
11.8735 13575001 217088
11.8747 13576449 217088
11.8759 13577897 217088
11.8771 13579345 217088
11.8783 13580793 217088
11.8795 13582241 217088
11.8819 13583689 217088
11.8843 13585137 217088
11.8855 13586585 217088
11.8867 13588033 217088
11.8879 13589481 217088
11.8891 13590929 217088
11.8903 13592377 217088
11.8915 13593825 217088
11.8927 13595273 217088
11.8939 13596721 217088
11.8951 13598169 217088
11.8963 13599617 217088
11.8975 13601065 217088
11.8987 13602513 217088
11.8999 13603961 217088
11.9011 13605409 217088
11.9023 13606857 217088
11.9035 13608305 218624
11.9047 13609753 218624
11.9059 13611201 218624
11.9071 13612649 218624
11.9083 13614097 218624
11.9095 13615545 218624
11.9119 13616993 218624
11.9143 13618441 218624
11.9155 13619889 218624
11.9191 13621337 218624
11.9203 13622785 218624
11.9215 13624233 218624
11.9227 13625681 218624
11.9239 13627129 218624
11.9251 13628577 218624
11.9275 13630025 218624
11.9299 13631473 218624
11.9311 13632921 218624
11.9323 13634369 218624
11.9335 13635817 218624
11.9347 13637265 218624
11.936 13638713 218624
11.9384 13640161 218624
11.942 13641609 218624
11.9444 13643057 218624
11.9456 13644505 218624
11.9468 13645953 218624
11.948 13647401 218624
11.9492 13648849 218624
11.9504 13650297 218624
11.9528 13651745 218624
11.9552 13653193 219648
11.9576 13654641 219648
11.9588 13656089 219648
11.9612 13657537 219648
11.9636 13658985 219648
11.9648 13660433 219648
11.966 13661881 219648
11.9672 13663329 219648
11.9684 13664777 219648
11.9708 13666225 219648
11.9732 13667673 219648
11.9744 13669121 219648
11.9756 13670569 219648
11.9768 13672017 219648
11.9792 13673465 219648
11.9816 13674913 219648
11.984 13676361 219648
11.9864 13677809 219648
11.9876 13679257 219648
11.9888 13680705 219648
11.99 13682153 219648
11.9912 13683601 219648
11.9924 13685049 219648
11.9948 13686497 219648
11.9972 13687945 219648
11.9984 13689393 219648
11.9996 13690841 219648
12.0008 13692289 219648
12.0032 13693737 219648
12.0056 13695185 219648
12.008 13696633 219648
12.0104 13698081 221184
12.0117 13699529 221184
12.0129 13700977 221184
12.0141 13702425 221184
12.0153 13703873 221184
12.0177 13705321 221184
12.0201 13706769 221184
12.0213 13708217 221184
12.0225 13709665 221184
12.0237 13711113 221184
12.0249 13712561 221184
12.0261 13714009 221184
12.0285 13715457 221184
12.0309 13716905 221184
12.0321 13718353 221184
12.0333 13719801 221184
12.0345 13721249 221184
12.0369 13722697 221184
12.0393 13724145 221184
12.0417 13725593 221184
12.0429 13727041 221184
12.0441 13728489 221184
12.0465 13729937 221184
12.0489 13731385 221184
12.0501 13732833 221184
12.0513 13734281 222720
12.0525 13735729 222720
12.0549 13737177 222720
12.0573 13738625 222720
12.0585 13740073 222720
12.0597 13741521 222720
12.0609 13742969 222720
12.0633 13744417 222720
12.0657 13745865 222720
12.0681 13747313 222720
12.0705 13748761 222720
12.0717 13750209 222720
12.0729 13751657 222720
12.0753 13753105 222720
12.0777 13754553 222720
12.0789 13756001 222720
12.0801 13757449 222720
12.0825 13758897 222720
12.0849 13760345 222720
12.0862 13761793 222720
12.0874 13763241 222720
12.0898 13764689 222720
12.0922 13766137 222720
12.0934 13767585 222720
12.0958 13769033 222720
12.0982 13770481 222720
12.0994 13771929 222720
12.1006 13773377 224256
12.103 13774825 224256
12.1054 13776273 224256
12.1066 13777721 224256
12.109 13779169 224256
12.1126 13780617 224256
12.115 13782065 224256
12.1174 13783513 224256
12.1186 13784961 224256
12.1198 13786409 224256
12.121 13787857 224256
12.1234 13789305 224256
12.1258 13790753 224256
12.127 13792201 224256
12.1282 13793649 224256
12.1294 13795097 224256
12.1306 13796545 224256
12.133 13797993 224256
12.1354 13799441 224256
12.1366 13800889 224256
12.1378 13802337 224256
12.139 13803785 224256
12.1402 13805233 224256
12.1414 13806681 224256
12.1438 13808129 224256
12.1462 13809577 225792
12.1474 13811025 225792
12.1486 13812473 225792
12.1498 13813921 225792
12.151 13815369 225792
12.1522 13816817 225792
12.1534 13818265 225792
12.1546 13819713 225792
12.1558 13821161 225792
12.157 13822609 225792
12.1582 13824057 225792
12.1594 13825505 225792
12.1606 13826953 225792
12.1619 13828401 225792
12.1631 13829849 225792
12.1643 13831297 225792
12.1655 13832745 225792
12.1667 13834193 225792
12.1679 13835641 225792
12.1691 13837089 225792
12.1703 13838537 225792
12.1715 13839985 225792
12.1727 13841433 225792
12.1751 13842881 225792
12.1775 13844329 225792
12.1799 13845777 225792
12.1823 13847225 225792
12.1835 13848673 227328
12.1847 13850121 227328
12.1859 13851569 227328
12.1871 13853017 227328
12.1883 13854465 227328
12.1895 13855913 227328
12.1919 13857361 227328
12.1943 13858809 227328
12.1955 13860257 227328
12.1967 13861705 227328
12.1979 13863153 227328
12.1991 13864601 227328
12.2003 13866049 227328
12.2039 13867497 227328
12.2063 13868945 227328
12.2087 13870393 227328
12.2099 13871841 227328
12.2111 13873289 227328
12.2123 13874737 227328
12.2135 13876185 227328
12.2147 13877633 227328
12.2171 13879081 228352
12.2195 13880529 228352
12.2219 13881977 228352
12.2231 13883425 228352
12.2255 13884873 228352
12.2279 13886321 228352
12.2291 13887769 228352
12.2303 13889217 228352
12.2315 13890665 228352
12.2327 13892113 228352
12.2351 13893561 228352
12.2376 13895009 228352
12.2388 13896457 228352
12.24 13897905 228352
12.2412 13899353 228352
12.2436 13900801 228352
12.246 13902249 228352
12.2484 13903697 228352
12.2508 13905145 228352
12.252 13906593 228352
12.2532 13908041 228352
12.2544 13909489 229888
12.2556 13910937 229888
12.2568 13912385 229888
12.2592 13913833 229888
12.2616 13915281 229888
12.2628 13916729 229888
12.264 13918177 229888
12.2652 13919625 229888
12.2664 13921073 229888
12.2688 13922521 229888
12.2712 13923969 229888
12.2736 13925417 229888
12.276 13926865 229888
12.2772 13928313 229888
12.2784 13929761 229888
12.2796 13931209 229888
12.2808 13932657 229888
12.2832 13934105 229888
12.2856 13935553 229888
12.2868 13937001 229888
12.288 13938449 229888
12.2892 13939897 229888
12.2904 13941345 229888
12.2916 13942793 231424
12.294 13944241 231424
12.2964 13945689 231424
12.2976 13947137 231424
12.2988 13948585 231424
12.3 13950033 231424
12.3012 13951481 231424
12.3036 13952929 231424
12.306 13954377 231424
12.3096 13955825 231424
12.3121 13957273 231424
12.3133 13958721 231424
12.3145 13960169 231424
12.3169 13961617 231424
12.3193 13963065 231424
12.3205 13964513 231424
12.3217 13965961 231424
12.3229 13967409 231424
12.3253 13968857 231424
12.3277 13970305 231424
12.3289 13971753 231424
12.3301 13973201 231424
12.3313 13974649 231424
12.3337 13976097 232960
12.3361 13977545 232960
12.3373 13978993 232960
12.3397 13980441 232960
12.3421 13981889 232960
12.3433 13983337 232960
12.3445 13984785 232960
12.3469 13986233 232960
12.3493 13987681 232960
12.3505 13989129 232960
12.3517 13990577 232960
12.3541 13992025 232960
12.3565 13993473 232960
12.3577 13994921 232960
12.3589 13996369 232960
12.3613 13997817 232960
12.3637 13999265 232960
12.3649 14000713 232960
12.3673 14002161 232960
12.3697 14003609 232960
12.3709 14005057 232960
12.3721 14006505 234496
12.3745 14007953 234496
12.3769 14009401 234496
12.3793 14010849 234496
12.3805 14012297 234496
12.3841 14013745 234496
12.3866 14015193 234496
12.389 14016641 234496
12.3902 14018089 234496
12.3914 14019537 234496
12.3926 14020985 234496
12.395 14022433 234496
12.3974 14023881 234496
12.3986 14025329 234496
12.3998 14026777 234496
12.401 14028225 234496
12.4022 14029673 234496
12.4046 14031121 234496
12.407 14032569 234496
12.4082 14034017 234496
12.4094 14035465 234496
12.4106 14036913 235520
12.4118 14038361 235520
12.413 14039809 235520
12.4154 14041257 235520
12.4178 14042705 235520
12.419 14044153 235520
12.4202 14045601 235520
12.4214 14047049 235520
12.4226 14048497 235520
12.4238 14049945 235520
12.425 14051393 235520
12.4262 14052841 235520
12.4274 14054289 235520
12.4286 14055737 235520
12.4298 14057185 235520
12.431 14058633 235520
12.4322 14060081 235520
12.4334 14061529 235520
12.4346 14062977 235520
12.4358 14064425 235520
12.437 14065873 235520
12.4382 14067321 237056
12.4394 14068769 237056
12.4406 14070217 237056
12.4418 14071665 237056
12.443 14073113 237056
12.4442 14074561 237056
12.4454 14076009 237056
12.4478 14077457 237056
12.4502 14078905 237056
12.4514 14080353 237056
12.4538 14081801 237056
12.4562 14083249 237056
12.4574 14084697 237056
12.4586 14086145 237056
12.4598 14087593 237056
12.461 14089041 237056
12.4623 14090489 237056
12.4635 14091937 237056
12.4659 14093385 237056
12.4683 14094833 237056
12.4695 14096281 237056
12.4707 14097729 238592
12.4719 14099177 238592
12.4731 14100625 238592
12.4743 14102073 238592
12.4767 14103521 238592
12.4791 14104969 238592
12.4815 14106417 238592
12.4851 14107865 238592
12.4863 14109313 238592
12.4875 14110761 238592
12.4887 14112209 238592
12.4899 14113657 238592
12.4911 14115105 238592
12.4935 14116553 238592
12.4959 14118001 238592
12.4983 14119449 238592
12.5007 14120897 238592
12.5019 14122345 238592
12.5043 14123793 238592
12.5067 14125241 238592
12.5079 14126689 238592
12.5091 14128137 240128
12.5103 14129585 240128
12.5115 14131033 240128
12.5127 14132481 240128
12.5151 14133929 240128
12.5175 14135377 240128
12.5187 14136825 240128
12.5199 14138273 240128
12.5211 14139721 240128
12.5235 14141169 240128
12.5259 14142617 240128
12.5283 14144065 240128
12.5307 14145513 240128
12.5319 14146961 240128
12.5331 14148409 240128
12.5343 14149857 240128
12.5355 14151305 240128
12.5368 14152753 240128
12.5392 14154201 240128
12.5416 14155649 240128
12.5428 14157097 240128
12.544 14158545 241664
12.5452 14159993 241664
12.5464 14161441 241664
12.5476 14162889 241664
12.55 14164337 241664
12.5524 14165785 241664
12.5548 14167233 241664
12.5572 14168681 241664
12.5584 14170129 241664
12.5596 14171577 241664
12.5608 14173025 241664
12.562 14174473 241664
12.5644 14175921 241664
12.5668 14177369 241664
12.5692 14178817 241664
12.5704 14180265 241664
12.5716 14181713 241664
12.5728 14183161 241664
12.574 14184609 241664
12.5764 14186057 243200
12.5788 14187505 243200
12.58 14188953 243200
12.5812 14190401 243200
12.5824 14191849 243200
12.5836 14193297 243200
12.5848 14194745 243200
12.5872 14196193 243200
12.5896 14197641 243200
12.5932 14199089 243200
12.5944 14200537 243200
12.5956 14201985 243200
12.598 14203433 243200
12.6004 14204881 243200
12.6016 14206329 243200
12.6028 14207777 243200
12.604 14209225 243200
12.6064 14210673 243200
12.6088 14212121 243200
12.61 14213569 244224
12.6112 14215017 244224
12.6125 14216465 244224
12.6149 14217913 244224
12.6173 14219361 244224
12.6185 14220809 244224
12.6197 14222257 244224
12.6221 14223705 244224
12.6245 14225153 244224
12.6257 14226601 244224
12.6269 14228049 244224
12.6293 14229497 244224
12.6317 14230945 244224
12.6329 14232393 244224
12.6341 14233841 244224
12.6365 14235289 244224
12.6389 14236737 244224
12.6401 14238185 244224
12.6413 14239633 244224
12.6437 14241081 245760
12.6461 14242529 245760
12.6485 14243977 245760
12.6497 14245425 245760
12.6521 14246873 245760
12.6545 14248321 245760
12.6557 14249769 245760
12.6569 14251217 245760
12.6593 14252665 245760
12.6617 14254113 245760
12.6641 14255561 245760
12.6665 14257009 245760
12.6677 14258457 245760
12.6713 14259905 245760
12.6737 14261353 245760
12.6761 14262801 245760
12.6773 14264249 245760
12.6785 14265697 245760
12.6797 14267145 245760
12.6821 14268593 247296
12.6845 14270041 247296
12.6857 14271489 247296
12.687 14272937 247296
12.6882 14274385 247296
12.6894 14275833 247296
12.6906 14277281 247296
12.693 14278729 247296
12.6954 14280177 247296
12.6966 14281625 247296
12.6978 14283073 247296
12.699 14284521 247296
12.7002 14285969 247296
12.7014 14287417 247296
12.7038 14288865 247296
12.7062 14290313 247296
12.7074 14291761 247296
12.7086 14293209 247296
12.7098 14294657 247296
12.711 14296105 247296
12.7122 14297553 247296
12.7134 14299001 248832
12.7146 14300449 248832
12.7158 14301897 248832
12.717 14303345 248832
12.7182 14304793 248832
12.7194 14306241 248832
12.7206 14307689 248832
12.7218 14309137 248832
12.723 14310585 248832
12.7242 14312033 248832
12.7254 14313481 248832
12.7266 14314929 248832
12.7278 14316377 248832
12.729 14317825 248832
12.7302 14319273 248832
12.7314 14320721 248832
12.7326 14322169 248832
12.7338 14323617 248832
12.735 14325065 248832
12.7374 14326513 250368
12.7398 14327961 250368
12.741 14329409 250368
12.7422 14330857 250368
12.7446 14332305 250368
12.747 14333753 250368
12.7494 14335201 250368
12.7506 14336649 250368
12.7518 14338097 250368
12.753 14339545 250368
12.7542 14340993 250368
12.7554 14342441 250368
12.7578 14343889 250368
12.7602 14345337 250368
12.7614 14346785 250368
12.7627 14348233 250368
12.7639 14349681 250368
12.7651 14351129 250368
12.7663 14352577 250368
12.7687 14354025 251904
12.7711 14355473 251904
12.7723 14356921 251904
12.7759 14358369 251904
12.7771 14359817 251904
12.7783 14361265 251904
12.7795 14362713 251904
12.7807 14364161 251904
12.7819 14365609 251904
12.7843 14367057 251904
12.7867 14368505 251904
12.7891 14369953 251904
12.7915 14371401 251904
12.7927 14372849 251904
12.7951 14374297 251904
12.7975 14375745 251904
12.7987 14377193 251904
12.7999 14378641 252928
12.8011 14380089 252928
12.8023 14381537 252928
12.8035 14382985 252928
12.8059 14384433 252928
12.8083 14385881 252928
12.8095 14387329 252928
12.8107 14388777 252928
12.8119 14390225 252928
12.8131 14391673 252928
12.8155 14393121 252928
12.8179 14394569 252928
12.8203 14396017 252928
12.8227 14397465 252928
12.8239 14398913 252928
12.8251 14400361 252928
12.8263 14401809 252928
12.8275 14403257 252928
12.8287 14404705 252928
12.8311 14406153 254464
12.8335 14407601 254464
12.8359 14409049 254464
12.8372 14410497 254464
12.8384 14411945 254464
12.8396 14413393 254464
12.8408 14414841 254464
12.842 14416289 254464
12.8444 14417737 254464
12.8468 14419185 254464
12.8492 14420633 254464
12.8516 14422081 254464
12.8528 14423529 254464
12.854 14424977 254464
12.8552 14426425 254464
12.8564 14427873 254464
12.8588 14429321 254464
12.8612 14430769 256000
12.8636 14432217 256000
12.866 14433665 256000
12.8672 14435113 256000
12.8684 14436561 256000
12.8696 14438009 256000
12.8708 14439457 256000
12.872 14440905 256000
12.8744 14442353 256000
12.8768 14443801 256000
12.878 14445249 256000
12.8792 14446697 256000
12.8804 14448145 256000
12.8816 14449593 256000
12.8828 14451041 256000
12.8852 14452489 256000
12.8876 14453937 256000
12.8912 14455385 256000
12.8924 14456833 256000
12.8936 14458281 257536
12.896 14459729 257536
12.8984 14461177 257536
12.8996 14462625 257536
12.9008 14464073 257536
12.902 14465521 257536
12.9032 14466969 257536
12.9056 14468417 257536
12.908 14469865 257536
12.9092 14471313 257536
12.9104 14472761 257536
12.9116 14474209 257536
12.9141 14475657 257536
12.9165 14477105 257536
12.9189 14478553 257536
12.9201 14480001 257536
12.9225 14481449 257536
12.9249 14482897 259072
12.9261 14484345 259072
12.9273 14485793 259072
12.9285 14487241 259072
12.9309 14488689 259072
12.9333 14490137 259072
12.9345 14491585 259072
12.9357 14493033 259072
12.9381 14494481 259072
12.9405 14495929 259072
12.9417 14497377 259072
12.9429 14498825 259072
12.9453 14500273 259072
12.9477 14501721 259072
12.9489 14503169 259072
12.9513 14504617 259072
12.9537 14506065 259072
12.9549 14507513 260608
12.9561 14508961 260608
12.9585 14510409 260608
12.9609 14511857 260608
12.9621 14513305 260608
12.9645 14514753 260608
12.9669 14516201 260608
12.9681 14517649 260608
12.9705 14519097 260608
12.9741 14520545 260608
12.9765 14521993 260608
12.9777 14523441 260608
12.9789 14524889 260608
12.9801 14526337 260608
12.9825 14527785 260608
12.9861 14529233 260608
12.9874 14530681 260608
12.9886 14532129 261632
12.9898 14533577 261632
12.991 14535025 261632
12.9922 14536473 261632
12.9946 14537921 261632
12.997 14539369 261632
12.9982 14540817 261632
12.9994 14542265 261632
13.0006 14543713 261632
13.0018 14545161 261632
13.003 14546609 261632
13.0042 14548057 261632
13.0066 14549505 261632
13.009 14550953 261632
13.0102 14552401 261632
13.0114 14553849 261632
13.0126 14555297 261632
13.0138 14556745 263168
13.015 14558193 263168
13.0162 14559641 263168
13.0174 14561089 263168
13.0186 14562537 263168
13.0198 14563985 263168
13.021 14565433 263168
13.0222 14566881 263168
13.0234 14568329 263168
13.0246 14569777 263168
13.0258 14571225 263168
13.027 14572673 263168
13.0282 14574121 263168
13.0294 14575569 263168
13.0306 14577017 263168
13.0318 14578465 263168
13.033 14579913 263168
13.0342 14581361 264704
13.0354 14582809 264704
13.0366 14584257 264704
13.0378 14585705 264704
13.0402 14587153 264704
13.0426 14588601 264704
13.0438 14590049 264704
13.045 14591497 264704
13.0462 14592945 264704
13.0474 14594393 264704
13.0498 14595841 264704
13.0522 14597289 264704
13.0546 14598737 264704
13.057 14600185 264704
13.0582 14601633 264704
13.0594 14603081 264704
13.0606 14604529 264704
13.0618 14605977 266240
13.0631 14607425 266240
13.0643 14608873 266240
13.0667 14610321 266240
13.0691 14611769 266240
13.0703 14613217 266240
13.0715 14614665 266240
13.0727 14616113 266240
13.0739 14617561 266240
13.0751 14619009 266240
13.0775 14620457 266240
13.0799 14621905 266240
13.0811 14623353 266240
13.0847 14624801 266240
13.0859 14626249 266240
13.0871 14627697 266240
13.0883 14629145 266240
13.0895 14630593 267776
13.0907 14632041 267776
13.0919 14633489 267776
13.0943 14634937 267776
13.0967 14636385 267776
13.0991 14637833 267776
13.1015 14639281 267776
13.1039 14640729 267776
13.1063 14642177 267776
13.1087 14643625 267776
13.1099 14645073 267776
13.1111 14646521 267776
13.1123 14647969 267776
13.1135 14649417 267776
13.1147 14650865 267776
13.1171 14652313 267776
13.1195 14653761 267776
13.1207 14655209 269312
13.1219 14656657 269312
13.1231 14658105 269312
13.1243 14659553 269312
13.1255 14661001 269312
13.1279 14662449 269312
13.1303 14663897 269312
13.1327 14665345 269312
13.1351 14666793 269312
13.1363 14668241 269312
13.1376 14669689 269312
13.1388 14671137 269312
13.14 14672585 269312
13.1412 14674033 269312
13.1436 14675481 269312
13.146 14676929 270336
13.1472 14678377 270336
13.1484 14679825 270336
13.1496 14681273 270336
13.1508 14682721 270336
13.152 14684169 270336
13.1544 14685617 270336
13.1568 14687065 270336
13.158 14688513 270336
13.1604 14689961 270336
13.1628 14691409 270336
13.164 14692857 270336
13.1652 14694305 270336
13.1664 14695753 270336
13.1676 14697201 270336
13.17 14698649 271872
13.1724 14700097 271872
13.1736 14701545 271872
13.176 14702993 271872
13.1784 14704441 271872
13.1796 14705889 271872
13.1808 14707337 271872
13.182 14708785 271872
13.1832 14710233 271872
13.1844 14711681 271872
13.1868 14713129 271872
13.1904 14714577 271872
13.1916 14716025 271872
13.1928 14717473 271872
13.194 14718921 271872
13.1952 14720369 271872
13.1964 14721817 271872
13.1988 14723265 273408
13.2012 14724713 273408
13.2024 14726161 273408
13.206 14727609 273408
13.2072 14729057 273408
13.2084 14730505 273408
13.2108 14731953 273408
13.2133 14733401 273408
13.2145 14734849 273408
13.2157 14736297 273408
13.2169 14737745 273408
13.2181 14739193 273408
13.2205 14740641 273408
13.2229 14742089 273408
13.2241 14743537 273408
13.2253 14744985 274944
13.2265 14746433 274944
13.2289 14747881 274944
13.2313 14749329 274944
13.2325 14750777 274944
13.2349 14752225 274944
13.2373 14753673 274944
13.2385 14755121 274944
13.2409 14756569 274944
13.2433 14758017 274944
13.2445 14759465 274944
13.2457 14760913 274944
13.2469 14762361 274944
13.2493 14763809 274944
13.2517 14765257 274944
13.2529 14766705 274944
13.2541 14768153 274944
13.2565 14769601 276480
13.2589 14771049 276480
13.2601 14772497 276480
13.2613 14773945 276480
13.2625 14775393 276480
13.2649 14776841 276480
13.2673 14778289 276480
13.2697 14779737 276480
13.2721 14781185 276480
13.2745 14782633 276480
13.2757 14784081 276480
13.2769 14785529 276480
13.2793 14786977 276480
13.2817 14788425 276480
13.2829 14789873 276480
13.2853 14791321 278016
13.2878 14792769 278016
13.289 14794217 278016
13.2902 14795665 278016
13.2926 14797113 278016
13.2962 14798561 278016
13.2986 14800009 278016
13.2998 14801457 278016
13.301 14802905 278016
13.3022 14804353 278016
13.3046 14805801 278016
13.307 14807249 278016
13.3082 14808697 278016
13.3094 14810145 278016
13.3106 14811593 278016
13.3118 14813041 279040
13.3142 14814489 279040
13.3166 14815937 279040
13.3178 14817385 279040
13.319 14818833 279040
13.3202 14820281 279040
13.3214 14821729 279040
13.3226 14823177 279040
13.3238 14824625 279040
13.325 14826073 279040
13.3274 14827521 279040
13.3298 14828969 279040
13.331 14830417 279040
13.3322 14831865 279040
13.3334 14833313 279040
13.3346 14834761 280576
13.3358 14836209 280576
13.337 14837657 280576
13.3382 14839105 280576
13.3394 14840553 280576
13.3406 14842001 280576
13.3418 14843449 280576
13.343 14844897 280576
13.3442 14846345 280576
13.3454 14847793 280576
13.3466 14849241 280576
13.3478 14850689 280576
13.349 14852137 280576
13.3502 14853585 280576
13.3514 14855033 280576
13.3526 14856481 282112
13.3538 14857929 282112
13.355 14859377 282112
13.3562 14860825 282112
13.3574 14862273 282112
13.3586 14863721 282112
13.361 14865169 282112
13.3635 14866617 282112
13.3647 14868065 282112
13.3659 14869513 282112
13.3671 14870961 282112
13.3683 14872409 282112
13.3695 14873857 282112
13.3707 14875305 282112
13.3731 14876753 282112
13.3767 14878201 283648
13.3791 14879649 283648
13.3815 14881097 283648
13.3827 14882545 283648
13.3839 14883993 283648
13.3851 14885441 283648
13.3863 14886889 283648
13.3875 14888337 283648
13.3887 14889785 283648
13.3899 14891233 283648
13.3923 14892681 283648
13.3947 14894129 283648
13.3959 14895577 283648
13.3971 14897025 283648
13.3983 14898473 283648
13.3995 14899921 283648
13.4007 14901369 283648
13.4031 14902817 285184
13.4055 14904265 285184
13.4067 14905713 285184
13.4079 14907161 285184
13.4103 14908609 285184
13.4127 14910057 285184
13.4139 14911505 285184
13.4151 14912953 285184
13.4163 14914401 285184
13.4175 14915849 285184
13.4187 14917297 285184
13.4211 14918745 285184
13.4235 14920193 285184
13.4259 14921641 285184
13.4283 14923089 285184
13.4307 14924537 286208
13.4331 14925985 286208
13.4343 14927433 286208
13.4367 14928881 286208
13.4392 14930329 286208
13.4404 14931777 286208
13.4416 14933225 286208
13.4428 14934673 286208
13.444 14936121 286208
13.4452 14937569 286208
13.4476 14939017 286208
13.45 14940465 286208
13.4512 14941913 286208
13.4524 14943361 286208
13.4536 14944809 286208
13.4548 14946257 286208
13.456 14947705 286208
13.4584 14949153 287744
13.4608 14950601 287744
13.4632 14952049 287744
13.4656 14953497 287744
13.468 14954945 287744
13.4692 14956393 287744
13.4704 14957841 287744
13.4716 14959289 287744
13.4728 14960737 287744
13.474 14962185 287744
13.4764 14963633 287744
13.4788 14965081 287744
13.48 14966529 287744
13.4812 14967977 287744
13.4824 14969425 287744
13.4836 14970873 289280
13.4848 14972321 289280
13.486 14973769 289280
13.4884 14975217 289280
13.4908 14976665 289280
13.492 14978113 289280
13.4944 14979561 289280
13.4968 14981009 289280
13.498 14982457 289280
13.4992 14983905 289280
13.5004 14985353 289280
13.5016 14986801 289280
13.504 14988249 289280
13.5064 14989697 289280
13.5076 14991145 289280
13.51 14992593 290816
13.5124 14994041 290816
13.5137 14995489 290816
13.5149 14996937 290816
13.5161 14998385 290816
13.5173 14999833 290816
13.5185 15001281 290816
13.5197 15002729 290816
13.5221 15004177 290816
13.5245 15005625 290816
13.5257 15007073 290816
13.5269 15008521 290816
13.5281 15009969 290816
13.5293 15011417 290816
13.5317 15012865 290816
13.5341 15014313 292352
13.5353 15015761 292352
13.5377 15017209 292352
13.5401 15018657 292352
13.5413 15020105 292352
13.5425 15021553 292352
13.5449 15023001 292352
13.5485 15024449 292352
13.5497 15025897 292352
13.5509 15027345 292352
13.5521 15028793 292352
13.5533 15030241 292352
13.5557 15031689 292352
13.5581 15033137 292352
13.5593 15034585 292352
13.5605 15036033 293888
13.5617 15037481 293888
13.5641 15038929 293888
13.5665 15040377 293888
13.5677 15041825 293888
13.5689 15043273 293888
13.5713 15044721 293888
13.5737 15046169 293888
13.5749 15047617 293888
13.5773 15049065 293888
13.5797 15050513 293888
13.5809 15051961 293888
13.5821 15053409 293888
13.5833 15054857 293888
13.5857 15056305 293888
13.5882 15057753 294912
13.5894 15059201 294912
13.5906 15060649 294912
13.593 15062097 294912
13.5954 15063545 294912
13.5966 15064993 294912
13.5978 15066441 294912
13.599 15067889 294912
13.6002 15069337 294912
13.6026 15070785 294912
13.605 15072233 294912
13.6074 15073681 294912
13.6098 15075129 294912
13.6122 15076577 296448
13.6146 15078025 296448
13.6158 15079473 296448
13.617 15080921 296448
13.6182 15082369 296448
13.6206 15083817 296448
13.623 15085265 296448
13.6254 15086713 296448
13.6278 15088161 296448
13.6302 15089609 296448
13.6314 15091057 296448
13.6326 15092505 296448
13.635 15093953 296448
13.6386 15095401 297984
13.641 15096849 297984
13.6422 15098297 297984
13.6434 15099745 297984
13.6446 15101193 297984
13.6458 15102641 297984
13.6482 15104089 297984
13.6506 15105537 297984
13.6518 15106985 297984
13.653 15108433 297984
13.6542 15109881 297984
13.6554 15111329 297984
13.6578 15112777 297984
13.6602 15114225 297984
13.6614 15115673 297984
13.6626 15117121 299520
13.6639 15118569 299520
13.6651 15120017 299520
13.6663 15121465 299520
13.6675 15122913 299520
13.6687 15124361 299520
13.6699 15125809 299520
13.6723 15127257 299520
13.6747 15128705 299520
13.6759 15130153 299520
13.6771 15131601 299520
13.6783 15133049 299520
13.6795 15134497 299520
13.6807 15135945 301056
13.6819 15137393 301056
13.6831 15138841 301056
13.6843 15140289 301056
13.6855 15141737 301056
13.6867 15143185 301056
13.6879 15144633 301056
13.6891 15146081 301056
13.6903 15147529 301056
13.6915 15148977 301056
13.6927 15150425 301056
13.6939 15151873 301056
13.6951 15153321 301056
13.6963 15154769 301056
13.6975 15156217 301056
13.6987 15157665 302592
13.6999 15159113 302592
13.7011 15160561 302592
13.7023 15162009 302592
13.7035 15163457 302592
13.7047 15164905 302592
13.7071 15166353 302592
13.7095 15167801 302592
13.7107 15169249 302592
13.7119 15170697 302592
13.7131 15172145 302592
13.7143 15173593 302592
13.7155 15175041 302592
13.7167 15176489 303616
13.7179 15177937 303616
13.7191 15179385 303616
13.7227 15180833 303616
13.7251 15182281 303616
13.7275 15183729 303616
13.7287 15185177 303616
13.7299 15186625 303616
13.7311 15188073 303616
13.7323 15189521 303616
13.7335 15190969 303616
13.7347 15192417 303616
13.7359 15193865 303616
13.7384 15195313 303616
13.7408 15196761 303616
13.7432 15198209 305152
13.7444 15199657 305152
13.7456 15201105 305152
13.7468 15202553 305152
13.748 15204001 305152
13.7504 15205449 305152
13.7528 15206897 305152
13.754 15208345 305152
13.7552 15209793 305152
13.7564 15211241 305152
13.7588 15212689 305152
13.7612 15214137 305152
13.7624 15215585 305152
13.7636 15217033 305152
13.7648 15218481 305152
13.766 15219929 306688
13.7672 15221377 306688
13.7696 15222825 306688
13.772 15224273 306688
13.7732 15225721 306688
13.7756 15227169 306688
13.778 15228617 306688
13.7804 15230065 306688
13.7828 15231513 306688
13.784 15232961 306688
13.7864 15234409 306688
13.7888 15235857 306688
13.79 15237305 306688
13.7912 15238753 306688
13.7924 15240201 306688
13.7936 15241649 308224
13.7948 15243097 308224
13.7972 15244545 308224
13.7996 15245993 308224
13.8008 15247441 308224
13.802 15248889 308224
13.8032 15250337 308224
13.8044 15251785 308224
13.8056 15253233 308224
13.8068 15254681 308224
13.8092 15256129 308224
13.8116 15257577 308224
13.8141 15259025 308224
13.8165 15260473 309760
13.8189 15261921 309760
13.8213 15263369 309760
13.8237 15264817 309760
13.8249 15266265 309760
13.8261 15267713 309760
13.8273 15269161 309760
13.8285 15270609 309760
13.8297 15272057 309760
13.8321 15273505 309760
13.8345 15274953 309760
13.8357 15276401 309760
13.8369 15277849 309760
13.8381 15279297 309760
13.8393 15280745 309760
13.8405 15282193 311296
13.8417 15283641 311296
13.8429 15285089 311296
13.8453 15286537 311296
13.8477 15287985 311296
13.8489 15289433 311296
13.8513 15290881 311296
13.8537 15292329 311296
13.8549 15293777 311296
13.8561 15295225 311296
13.8573 15296673 311296
13.8585 15298121 311296
13.8609 15299569 311296
13.8633 15301017 312320
13.8645 15302465 312320
13.8657 15303913 312320
13.8681 15305361 312320
13.8705 15306809 312320
13.8717 15308257 312320
13.8729 15309705 312320
13.8741 15311153 312320
13.8753 15312601 312320
13.8765 15314049 312320
13.8777 15315497 312320
13.8801 15316945 312320
13.8825 15318393 312320
13.8837 15319841 312320
13.8849 15321289 312320
13.8861 15322737 313856
13.8873 15324185 313856
13.8886 15325633 313856
13.891 15327081 313856
13.8934 15328529 313856
13.8946 15329977 313856
13.897 15331425 313856
13.8994 15332873 313856
13.9006 15334321 313856
13.9018 15335769 313856
13.9042 15337217 313856
13.9066 15338665 313856
13.9078 15340113 313856
13.909 15341561 315392
13.9102 15343009 315392
13.9126 15344457 315392
13.915 15345905 315392
13.9174 15347353 315392
13.9186 15348801 315392
13.9198 15350249 315392
13.921 15351697 315392
13.9234 15353145 315392
13.9258 15354593 315392
13.927 15356041 315392
13.9282 15357489 315392
13.9306 15358937 315392
13.933 15360385 316928
13.9342 15361833 316928
13.9366 15363281 316928
13.939 15364729 316928
13.9402 15366177 316928
13.9414 15367625 316928
13.9426 15369073 316928
13.9438 15370521 316928
13.9462 15371969 316928
13.9486 15373417 316928
13.9498 15374865 316928
13.951 15376313 316928
13.9534 15377761 316928
13.9558 15379209 318464
13.957 15380657 318464
13.9582 15382105 318464
13.9594 15383553 318464
13.9606 15385001 318464
13.963 15386449 318464
13.9655 15387897 318464
13.9667 15389345 318464
13.9691 15390793 318464
13.9715 15392241 318464
13.9739 15393689 318464
13.9763 15395137 318464
13.9775 15396585 318464
13.9787 15398033 320000
13.9799 15399481 320000
13.9823 15400929 320000
13.9847 15402377 320000
13.9859 15403825 320000
13.9883 15405273 320000
13.9907 15406721 320000
13.9943 15408169 320000
13.9967 15409617 320000
13.9979 15411065 320000
13.9991 15412513 320000
14.0027 15413961 320000
14.0051 15415409 320000
14.0075 15416857 321024
14.0087 15418305 321024
14.0099 15419753 321024
14.0111 15421201 321024
14.0123 15422649 321024
14.0135 15424097 321024
14.0159 15425545 321024
14.0183 15426993 321024
14.0195 15428441 321024
14.0207 15429889 321024
14.0219 15431337 321024
14.0231 15432785 321024
14.0255 15434233 321024
14.0279 15435681 322560
14.0291 15437129 322560
14.0303 15438577 322560
14.0315 15440025 322560
14.0327 15441473 322560
14.0339 15442921 322560
14.0351 15444369 322560
14.0363 15445817 322560
14.0375 15447265 322560
14.0388 15448713 322560
14.0412 15450161 322560
14.0436 15451609 322560
14.0448 15453057 322560
14.046 15454505 324096
14.0472 15455953 324096
14.0484 15457401 324096
14.0496 15458849 324096
14.0508 15460297 324096
14.052 15461745 324096
14.0532 15463193 324096
14.0544 15464641 324096
14.0556 15466089 324096
14.0568 15467537 324096
14.058 15468985 324096
14.0592 15470433 324096
14.0604 15471881 324096
14.0616 15473329 325632
14.0628 15474777 325632
14.064 15476225 325632
14.0652 15477673 325632
14.0664 15479121 325632
14.0676 15480569 325632
14.0688 15482017 325632
14.07 15483465 325632
14.0712 15484913 325632
14.0724 15486361 325632
14.0736 15487809 325632
14.0748 15489257 325632
14.0772 15490705 325632
14.0796 15492153 327168
14.0808 15493601 327168
14.082 15495049 327168
14.0832 15496497 327168
14.0844 15497945 327168
14.0856 15499393 327168
14.0868 15500841 327168
14.088 15502289 327168
14.0892 15503737 327168
14.0904 15505185 327168
14.0928 15506633 327168
14.0952 15508081 327168
14.0976 15509529 327168
14.1 15510977 328192
14.1012 15512425 328192
14.1024 15513873 328192
14.1036 15515321 328192
14.1048 15516769 328192
14.106 15518217 328192
14.1072 15519665 328192
14.1084 15521113 328192
14.1096 15522561 328192
14.112 15524009 328192
14.1145 15525457 328192
14.1169 15526905 328192
14.1181 15528353 328192
14.1193 15529801 329728
14.1205 15531249 329728
14.1229 15532697 329728
14.1253 15534145 329728
14.1265 15535593 329728
14.1277 15537041 329728
14.1289 15538489 329728
14.1301 15539937 329728
14.1325 15541385 329728
14.1349 15542833 329728
14.1361 15544281 329728
14.1373 15545729 329728
14.1385 15547177 329728
14.1397 15548625 331264
14.1409 15550073 331264
14.1433 15551521 331264
14.1457 15552969 331264
14.1469 15554417 331264
14.1481 15555865 331264
14.1505 15557313 331264
14.1529 15558761 331264
14.1553 15560209 331264
14.1577 15561657 331264
14.1589 15563105 331264
14.1613 15564553 331264
14.1637 15566001 331264
14.1649 15567449 332800
14.1661 15568897 332800
14.1673 15570345 332800
14.1685 15571793 332800
14.1697 15573241 332800
14.1721 15574689 332800
14.1745 15576137 332800
14.1757 15577585 332800
14.1769 15579033 332800
14.1781 15580481 332800
14.1793 15581929 332800
14.1805 15583377 332800
14.1817 15584825 332800
14.1829 15586273 334336
14.1853 15587721 334336
14.1877 15589169 334336
14.189 15590617 334336
14.1914 15592065 334336
14.1938 15593513 334336
14.1962 15594961 334336
14.1998 15596409 334336
14.2022 15597857 334336
14.2046 15599305 334336
14.2058 15600753 334336
14.207 15602201 334336
14.2082 15603649 334336
14.2094 15605097 335872
14.2106 15606545 335872
14.2118 15607993 335872
14.2142 15609441 335872
14.2166 15610889 335872
14.2178 15612337 335872
14.219 15613785 335872
14.2202 15615233 335872
14.2214 15616681 335872
14.2226 15618129 335872
14.2238 15619577 335872
14.225 15621025 335872
14.2274 15622473 335872
14.2298 15623921 336896
14.231 15625369 336896
14.2322 15626817 336896
14.2346 15628265 336896
14.237 15629713 336896
14.2382 15631161 336896
14.2394 15632609 336896
14.2406 15634057 336896
14.2418 15635505 336896
14.2442 15636953 336896
14.2466 15638401 336896
14.2478 15639849 336896
14.249 15641297 336896
14.2514 15642745 338432
14.2538 15644193 338432
14.255 15645641 338432
14.2562 15647089 338432
14.2574 15648537 338432
14.2586 15649985 338432
14.2598 15651433 338432
14.261 15652881 338432
14.2622 15654329 338432
14.2647 15655777 338432
14.2671 15657225 338432
14.2683 15658673 338432
14.2695 15660121 338432
14.2707 15661569 339968
14.2719 15663017 339968
14.2731 15664465 339968
14.2743 15665913 339968
14.2767 15667361 339968
14.2791 15668809 339968
14.2803 15670257 339968
14.2827 15671705 339968
14.2851 15673153 339968
14.2863 15674601 339968
14.2875 15676049 339968
14.2899 15677497 339968
14.2923 15678945 339968
14.2947 15680393 341504
14.2959 15681841 341504
14.2971 15683289 341504
14.2983 15684737 341504
14.3007 15686185 341504
14.3031 15687633 341504
14.3043 15689081 341504
14.3055 15690529 341504
14.3067 15691977 341504
14.3091 15693425 341504
14.3115 15694873 341504
14.3127 15696321 343040
14.3139 15697769 343040
14.3163 15699217 343040
14.3187 15700665 343040
14.3199 15702113 343040
14.3211 15703561 343040
14.3235 15705009 343040
14.3259 15706457 343040
14.3271 15707905 343040
14.3283 15709353 343040
14.3295 15710801 343040
14.3307 15712249 344576
14.3331 15713697 344576
14.3355 15715145 344576
14.3367 15716593 344576
14.3379 15718041 344576
14.3392 15719489 344576
14.3416 15720937 344576
14.344 15722385 344576
14.3452 15723833 344576
14.3464 15725281 344576
14.3476 15726729 344576
14.3488 15728177 344576
14.3512 15729625 344576
14.3536 15731073 345600
14.3548 15732521 345600
14.3572 15733969 345600
14.3596 15735417 345600
14.3608 15736865 345600
14.3632 15738313 345600
14.3656 15739761 345600
14.3668 15741209 345600
14.368 15742657 345600
14.3692 15744105 345600
14.3716 15745553 345600
14.3752 15747001 347136
14.3764 15748449 347136
14.3788 15749897 347136
14.3812 15751345 347136
14.3824 15752793 347136
14.386 15754241 347136
14.3884 15755689 347136
14.3908 15757137 347136
14.392 15758585 347136
14.3944 15760033 347136
14.3968 15761481 347136
14.3992 15762929 347136
14.4016 15764377 347136
14.4028 15765825 348672
14.404 15767273 348672
14.4052 15768721 348672
14.4064 15770169 348672
14.4076 15771617 348672
14.4088 15773065 348672
14.4112 15774513 348672
14.4136 15775961 348672
14.4149 15777409 348672
14.4161 15778857 348672
14.4173 15780305 348672
14.4185 15781753 350208
14.4209 15783201 350208
14.4233 15784649 350208
14.4245 15786097 350208
14.4257 15787545 350208
14.4269 15788993 350208
14.4281 15790441 350208
14.4293 15791889 350208
14.4305 15793337 350208
14.4317 15794785 350208
14.4329 15796233 350208
14.4341 15797681 350208
14.4353 15799129 350208
14.4377 15800577 351744
14.4401 15802025 351744
14.4413 15803473 351744
14.4425 15804921 351744
14.4437 15806369 351744
14.4449 15807817 351744
14.4461 15809265 351744
14.4473 15810713 351744
14.4485 15812161 351744
14.4497 15813609 351744
14.4509 15815057 351744
14.4521 15816505 353280
14.4533 15817953 353280
14.4545 15819401 353280
14.4557 15820849 353280
14.4569 15822297 353280
14.4581 15823745 353280
14.4593 15825193 353280
14.4605 15826641 353280
14.4617 15828089 353280
14.4629 15829537 353280
14.4641 15830985 353280
14.4653 15832433 353280
14.4665 15833881 353280
14.4677 15835329 354304
14.4689 15836777 354304
14.4701 15838225 354304
14.4713 15839673 354304
14.4725 15841121 354304
14.4749 15842569 354304
14.4773 15844017 354304
14.4785 15845465 354304
14.4797 15846913 354304
14.4809 15848361 354304
14.4821 15849809 354304
14.4833 15851257 355840
14.4845 15852705 355840
14.4857 15854153 355840
14.4869 15855601 355840
14.4881 15857049 355840
14.4894 15858497 355840
14.4906 15859945 355840
14.493 15861393 355840
14.4954 15862841 355840
14.4978 15864289 355840
14.5002 15865737 355840
14.5026 15867185 355840
14.5038 15868633 355840
14.505 15870081 357376
14.5062 15871529 357376
14.5074 15872977 357376
14.5086 15874425 357376
14.5098 15875873 357376
14.511 15877321 357376
14.5122 15878769 357376
14.5134 15880217 357376
14.5158 15881665 357376
14.5182 15883113 357376
14.5194 15884561 357376
14.5206 15886009 358912
14.5218 15887457 358912
14.5242 15888905 358912
14.5266 15890353 358912
14.5278 15891801 358912
14.529 15893249 358912
14.5302 15894697 358912
14.5314 15896145 358912
14.5326 15897593 358912
14.535 15899041 358912
14.5374 15900489 358912
14.5386 15901937 358912
14.5398 15903385 358912
14.541 15904833 360448
14.5422 15906281 360448
14.5434 15907729 360448
14.5458 15909177 360448
14.5482 15910625 360448
14.5494 15912073 360448
14.5506 15913521 360448
14.5518 15914969 360448
14.5542 15916417 360448
14.5566 15917865 360448
14.559 15919313 360448
14.5614 15920761 361984
14.5626 15922209 361984
14.5651 15923657 361984
14.5675 15925105 361984
14.5687 15926553 361984
14.5699 15928001 361984
14.5711 15929449 361984
14.5723 15930897 361984
14.5735 15932345 361984
14.5747 15933793 361984
14.5771 15935241 361984
14.5795 15936689 361984
14.5807 15938137 361984
14.5819 15939585 363008
14.5831 15941033 363008
14.5843 15942481 363008
14.5855 15943929 363008
14.5867 15945377 363008
14.5879 15946825 363008
14.5903 15948273 363008
14.5927 15949721 363008
14.5951 15951169 363008
14.5963 15952617 363008
14.5987 15954065 363008
14.6011 15955513 364544
14.6035 15956961 364544
14.6059 15958409 364544
14.6083 15959857 364544
14.6107 15961305 364544
14.6131 15962753 364544
14.6155 15964201 364544
14.6167 15965649 364544
14.6179 15967097 364544
14.6191 15968545 364544
14.6203 15969993 364544
14.6215 15971441 364544
14.6227 15972889 364544
14.6251 15974337 366080
14.6275 15975785 366080
14.6287 15977233 366080
14.6299 15978681 366080
14.6311 15980129 366080
14.6323 15981577 366080
14.6335 15983025 366080
14.6347 15984473 366080
14.6359 15985921 366080
14.6371 15987369 366080
14.6396 15988817 366080
14.642 15990265 367616
14.6432 15991713 367616
14.6444 15993161 367616
14.6456 15994609 367616
14.648 15996057 367616
14.6504 15997505 367616
14.6516 15998953 367616
14.6528 16000401 367616
14.654 16001849 367616
14.6552 16003297 367616
14.6576 16004745 367616
14.66 16006193 367616
14.6612 16007641 367616
14.6624 16009089 369152
14.6648 16010537 369152
14.6672 16011985 369152
14.6684 16013433 369152
14.6696 16014881 369152
14.6708 16016329 369152
14.672 16017777 369152
14.6732 16019225 369152
14.6744 16020673 369152
14.6756 16022121 369152
14.6768 16023569 369152
14.6792 16025017 370688
14.6816 16026465 370688
14.684 16027913 370688
14.6852 16029361 370688
14.6864 16030809 370688
14.6876 16032257 370688
14.6888 16033705 370688
14.69 16035153 370688
14.6912 16036601 370688
14.6936 16038049 370688
14.696 16039497 370688
14.6972 16040945 370688
14.6996 16042393 370688
14.702 16043841 371712
14.7032 16045289 371712
14.7044 16046737 371712
14.7056 16048185 371712
14.708 16049633 371712
14.7104 16051081 371712
14.7116 16052529 371712
14.7128 16053977 371712
14.714 16055425 371712
14.7165 16056873 371712
14.7189 16058321 371712
14.7201 16059769 373248
14.7213 16061217 373248
14.7225 16062665 373248
14.7249 16064113 373248
14.7273 16065561 373248
14.7285 16067009 373248
14.7297 16068457 373248
14.7309 16069905 373248
14.7333 16071353 373248
14.7357 16072801 373248
14.7369 16074249 373248
14.7381 16075697 374784
14.7405 16077145 374784
14.7429 16078593 374784
14.7441 16080041 374784
14.7453 16081489 374784
14.7465 16082937 374784
14.7477 16084385 374784
14.7489 16085833 374784
14.7513 16087281 374784
14.7537 16088729 374784
14.7549 16090177 374784
14.7561 16091625 376320
14.7573 16093073 376320
14.7597 16094521 376320
14.7621 16095969 376320
14.7633 16097417 376320
14.7645 16098865 376320
14.7657 16100313 376320
14.7669 16101761 376320
14.7681 16103209 376320
14.7705 16104657 376320
14.7729 16106105 376320
14.7753 16107553 377856
14.7777 16109001 377856
14.7801 16110449 377856
14.7813 16111897 377856
14.7825 16113345 377856
14.7849 16114793 377856
14.7873 16116241 377856
14.7885 16117689 377856
14.7898 16119137 377856
14.791 16120585 377856
14.7934 16122033 377856
14.797 16123481 378880
14.7994 16124929 378880
14.8006 16126377 378880
14.8018 16127825 378880
14.8042 16129273 378880
14.8066 16130721 378880
14.8078 16132169 378880
14.8114 16133617 378880
14.8138 16135065 378880
14.8162 16136513 378880
14.8174 16137961 378880
14.8198 16139409 380416
14.8222 16140857 380416
14.8234 16142305 380416
14.8258 16143753 380416
14.8282 16145201 380416
14.8294 16146649 380416
14.8306 16148097 380416
14.8318 16149545 380416
14.833 16150993 380416
14.8342 16152441 380416
14.8354 16153889 380416
14.8378 16155337 381952
14.8402 16156785 381952
14.8426 16158233 381952
14.8438 16159681 381952
14.845 16161129 381952
14.8462 16162577 381952
14.8474 16164025 381952
14.8498 16165473 381952
14.8522 16166921 381952
14.8534 16168369 381952
14.8546 16169817 381952
14.8558 16171265 383488
14.857 16172713 383488
14.8582 16174161 383488
14.8594 16175609 383488
14.8606 16177057 383488
14.8618 16178505 383488
14.863 16179953 383488
14.8642 16181401 383488
14.8655 16182849 383488
14.8679 16184297 383488
14.8703 16185745 383488
14.8715 16187193 385024
14.8727 16188641 385024
14.8739 16190089 385024
14.8751 16191537 385024
14.8763 16192985 385024
14.8775 16194433 385024
14.8787 16195881 385024
14.8799 16197329 385024
14.8811 16198777 385024
14.8823 16200225 385024
14.8835 16201673 385024
14.8847 16203121 386560
14.8859 16204569 386560
14.8871 16206017 386560
14.8883 16207465 386560
14.8895 16208913 386560
14.8907 16210361 386560
14.8919 16211809 386560
14.8931 16213257 386560
14.8943 16214705 386560
14.8955 16216153 386560
14.8967 16217601 386560
14.8979 16219049 387584
14.8991 16220497 387584
14.9003 16221945 387584
14.9015 16223393 387584
14.9027 16224841 387584
14.9039 16226289 387584
14.9063 16227737 387584
14.9087 16229185 387584
14.9099 16230633 387584
14.9111 16232081 387584
14.9123 16233529 387584
14.9135 16234977 389120
14.9147 16236425 389120
14.9159 16237873 389120
14.9171 16239321 389120
14.9183 16240769 389120
14.9195 16242217 389120
14.9207 16243665 389120
14.9219 16245113 389120
14.9231 16246561 389120
14.9243 16248009 389120
14.9267 16249457 389120
14.9291 16250905 390656
14.9303 16252353 390656
14.9315 16253801 390656
14.9339 16255249 390656
14.9363 16256697 390656
14.9375 16258145 390656
14.9387 16259593 390656
14.94 16261041 390656
14.9412 16262489 390656
14.9424 16263937 390656
14.9436 16265385 390656
14.9448 16266833 392192
14.946 16268281 392192
14.9472 16269729 392192
14.9496 16271177 392192
14.952 16272625 392192
14.9532 16274073 392192
14.9544 16275521 392192
14.9556 16276969 392192
14.9568 16278417 392192
14.9592 16279865 392192
14.9616 16281313 392192
14.9628 16282761 393728
14.964 16284209 393728
14.9652 16285657 393728
14.9664 16287105 393728
14.9676 16288553 393728
14.97 16290001 393728
14.9724 16291449 393728
14.9736 16292897 393728
14.9748 16294345 393728
14.976 16295793 393728
14.9772 16297241 393728
14.9784 16298689 395264
14.9796 16300137 395264
14.982 16301585 395264
14.9844 16303033 395264
14.9856 16304481 395264
14.9868 16305929 395264
14.988 16307377 395264
14.9892 16308825 395264
14.9916 16310273 395264
14.9952 16311721 395264
14.9976 16313169 395264
15 16314617 396288
15.0012 16316065 396288
15.0036 16317513 396288
15.006 16318961 396288
15.0072 16320409 396288
15.0084 16321857 396288
15.0096 16323305 396288
15.0108 16324753 396288
15.012 16326201 396288
15.0132 16327649 396288
15.0144 16329097 396288
15.0169 16330545 397824
15.0193 16331993 397824
15.0205 16333441 397824
15.0217 16334889 397824
15.0229 16336337 397824
15.0241 16337785 397824
15.0253 16339233 397824
15.0265 16340681 397824
15.0277 16342129 397824
15.0289 16343577 397824
15.0313 16345025 397824
15.0337 16346473 399360
15.0361 16347921 399360
15.0385 16349369 399360
15.0397 16350817 399360
15.0409 16352265 399360
15.0433 16353713 399360
15.0457 16355161 399360
15.0481 16356609 399360
15.0505 16358057 399360
15.0529 16359505 399360
15.0553 16360953 399360
15.0577 16362401 400896
15.0601 16363849 400896
15.0613 16365297 400896
15.0625 16366745 400896
15.0637 16368193 400896
15.0649 16369641 400896
15.0661 16371089 400896
15.0673 16372537 400896
15.0685 16373985 400896
15.0709 16375433 400896
15.0733 16376881 400896
15.0757 16378329 402432
15.0769 16379777 402432
15.0781 16381225 402432
15.0793 16382673 402432
15.0805 16384121 402432
15.0817 16385569 402432
15.0829 16387017 402432
15.0841 16388465 402432
15.0853 16389913 402432
15.0877 16391361 402432
15.0902 16392809 402432
15.0914 16394257 403968
15.0926 16395705 403968
15.0938 16397153 403968
15.095 16398601 403968
15.0974 16400049 403968
15.0998 16401497 403968
15.101 16402945 403968
15.1022 16404393 403968
15.1034 16405841 403968
15.1046 16407289 403968
15.107 16408737 403968
15.1094 16410185 404992
15.1106 16411633 404992
15.1118 16413081 404992
15.113 16414529 404992
15.1154 16415977 404992
15.1178 16417425 404992
15.119 16418873 404992
15.1202 16420321 404992
15.1214 16421769 404992
15.1226 16423217 404992
15.1238 16424665 404992
15.125 16426113 406528
15.1262 16427561 406528
15.1274 16429009 406528
15.1286 16430457 406528
15.131 16431905 406528
15.1334 16433353 406528
15.1346 16434801 406528
15.1358 16436249 406528
15.137 16437697 406528
15.1382 16439145 406528
15.1394 16440593 406528
15.1406 16442041 408064
15.143 16443489 408064
15.1454 16444937 408064
15.1466 16446385 408064
15.1478 16447833 408064
15.1502 16449281 408064
15.1526 16450729 408064
15.1538 16452177 408064
15.155 16453625 408064
15.1562 16455073 408064
15.1586 16456521 408064
15.161 16457969 409600
15.1622 16459417 409600
15.1634 16460865 409600
15.1646 16462313 409600
15.1671 16463761 409600
15.1695 16465209 409600
15.1707 16466657 409600
15.1719 16468105 409600
15.1731 16469553 409600
15.1743 16471001 409600
15.1767 16472449 409600
15.1803 16473897 411136
15.1815 16475345 411136
15.1827 16476793 411136
15.1839 16478241 411136
15.1863 16479689 411136
15.1887 16481137 411136
15.1899 16482585 411136
15.1911 16484033 411136
15.1923 16485481 411136
15.1947 16486929 411136
15.1971 16488377 411136
15.1983 16489825 412672
15.1995 16491273 412672
15.2007 16492721 412672
15.2019 16494169 412672
15.2031 16495617 412672
15.2055 16497065 412672
15.2079 16498513 412672
15.2091 16499961 412672
15.2103 16501409 412672
15.2115 16502857 412672
15.2127 16504305 412672
15.2151 16505753 413696
15.2175 16507201 413696
15.2187 16508649 413696
15.2199 16510097 413696
15.2211 16511545 413696
15.2223 16512993 413696
15.2235 16514441 413696
15.2247 16515889 413696
15.2271 16517337 413696
15.2295 16518785 415232
15.2319 16520233 415232
15.2343 16521681 415232
15.2355 16523129 415232
15.2379 16524577 415232
15.2404 16526025 415232
15.2416 16527473 415232
15.2428 16528921 415232
15.2452 16530369 415232
15.2476 16531817 416768
15.2488 16533265 416768
15.25 16534713 416768
15.2512 16536161 416768
15.2524 16537609 416768
15.256 16539057 416768
15.2584 16540505 416768
15.2608 16541953 416768
15.2632 16543401 416768
15.2644 16544849 416768
15.2668 16546297 416768
15.2692 16547745 418304
15.2704 16549193 418304
15.2728 16550641 418304
15.2752 16552089 418304
15.2776 16553537 418304
15.28 16554985 418304
15.2812 16556433 418304
15.2836 16557881 418304
15.286 16559329 418304
15.2872 16560777 419840
15.2896 16562225 419840
15.292 16563673 419840
15.2932 16565121 419840
15.2944 16566569 419840
15.2956 16568017 419840
15.2968 16569465 419840
15.298 16570913 419840
15.2992 16572361 419840
15.3004 16573809 419840
15.3028 16575257 419840
15.3052 16576705 420864
15.3064 16578153 420864
15.3076 16579601 420864
15.3088 16581049 420864
15.31 16582497 420864
15.3124 16583945 420864
15.3148 16585393 420864
15.3161 16586841 420864
15.3173 16588289 420864
15.3185 16589737 422400
15.3197 16591185 422400
15.3209 16592633 422400
15.3221 16594081 422400
15.3233 16595529 422400
15.3245 16596977 422400
15.3257 16598425 422400
15.3269 16599873 422400
15.3281 16601321 422400
15.3293 16602769 422400
15.3317 16604217 422400
15.3341 16605665 423936
15.3353 16607113 423936
15.3365 16608561 423936
15.3377 16610009 423936
15.3389 16611457 423936
15.3401 16612905 423936
15.3413 16614353 423936
15.3425 16615801 423936
15.3437 16617249 423936
15.3449 16618697 425472
15.3461 16620145 425472
15.3473 16621593 425472
15.3485 16623041 425472
15.3497 16624489 425472
15.3509 16625937 425472
15.3521 16627385 425472
15.3533 16628833 425472
15.3545 16630281 425472
15.3557 16631729 425472
15.3569 16633177 425472
15.3581 16634625 427008
15.3593 16636073 427008
15.3605 16637521 427008
15.3617 16638969 427008
15.3629 16640417 427008
15.3641 16641865 427008
15.3653 16643313 427008
15.3665 16644761 427008
15.3677 16646209 427008
15.3689 16647657 428544
15.3701 16649105 428544
15.3725 16650553 428544
15.3749 16652001 428544
15.3761 16653449 428544
15.3773 16654897 428544
15.3785 16656345 428544
15.3797 16657793 428544
15.3809 16659241 428544
15.3821 16660689 428544
15.3833 16662137 428544
15.3845 16663585 429568
15.3857 16665033 429568
15.3869 16666481 429568
15.3881 16667929 429568
15.3893 16669377 429568
15.3906 16670825 429568
15.3918 16672273 429568
15.393 16673721 429568
15.3954 16675169 429568
15.3978 16676617 431104
15.4002 16678065 431104
15.4014 16679513 431104
15.4026 16680961 431104
15.4038 16682409 431104
15.4062 16683857 431104
15.4086 16685305 431104
15.4098 16686753 431104
15.411 16688201 431104
15.4122 16689649 431104
15.4134 16691097 431104
15.4146 16692545 432640
15.4158 16693993 432640
15.417 16695441 432640
15.4182 16696889 432640
15.4194 16698337 432640
15.4206 16699785 432640
15.423 16701233 432640
15.4254 16702681 432640
15.4266 16704129 432640
15.4278 16705577 434176
15.429 16707025 434176
15.4302 16708473 434176
15.4314 16709921 434176
15.4338 16711369 434176
15.4362 16712817 434176
15.4374 16714265 434176
15.4386 16715713 434176
15.4398 16717161 434176
15.441 16718609 434176
15.4422 16720057 434176
15.4434 16721505 435712
15.4458 16722953 435712
15.4482 16724401 435712
15.4494 16725849 435712
15.4506 16727297 435712
15.4518 16728745 435712
15.453 16730193 435712
15.4542 16731641 435712
15.4554 16733089 435712
15.4566 16734537 435712
15.459 16735985 435712
15.4614 16737433 437248
15.4626 16738881 437248
15.4638 16740329 437248
15.465 16741777 437248
15.4663 16743225 437248
15.4687 16744673 437248
15.4711 16746121 437248
15.4735 16747569 437248
15.4759 16749017 437248
15.4783 16750465 438272
15.4807 16751913 438272
15.4819 16753361 438272
15.4831 16754809 438272
15.4855 16756257 438272
15.4879 16757705 438272
15.4891 16759153 438272
15.4903 16760601 438272
15.4915 16762049 438272
15.4927 16763497 438272
15.4939 16764945 438272
15.4951 16766393 439808
15.4963 16767841 439808
15.4975 16769289 439808
15.4999 16770737 439808
15.5023 16772185 439808
15.5047 16773633 439808
15.5059 16775081 439808
15.5071 16776529 439808
15.5083 16777977 439808
15.5095 16779425 441344
15.5107 16780873 441344
15.5119 16782321 441344
15.5131 16783769 441344
15.5143 16785217 441344
15.5167 16786665 441344
15.5191 16788113 441344
15.5215 16789561 441344
15.5239 16791009 441344
15.5251 16792457 441344
15.5263 16793905 441344
15.5287 16795353 442880
15.5311 16796801 442880
15.5323 16798249 442880
15.5347 16799697 442880
15.5371 16801145 442880
15.5395 16802593 442880
15.542 16804041 442880
15.5444 16805489 442880
15.5468 16806937 442880
15.548 16808385 444416
15.5492 16809833 444416
15.5504 16811281 444416
15.5516 16812729 444416
15.5528 16814177 444416
15.554 16815625 444416
15.5552 16817073 444416
15.5564 16818521 444416
15.5588 16819969 444416
15.5612 16821417 444416
15.5624 16822865 444416
15.5636 16824313 445952
15.5648 16825761 445952
15.566 16827209 445952
15.5672 16828657 445952
15.5684 16830105 445952
15.5696 16831553 445952
15.5708 16833001 445952
15.5732 16834449 445952
15.5756 16835897 445952
15.5768 16837345 446976
15.578 16838793 446976
15.5792 16840241 446976
15.5804 16841689 446976
15.5816 16843137 446976
15.584 16844585 446976
15.5864 16846033 446976
15.5876 16847481 446976
15.5888 16848929 446976
15.59 16850377 446976
15.5912 16851825 446976
15.5924 16853273 448512
15.5948 16854721 448512
15.5972 16856169 448512
15.5996 16857617 448512
15.6008 16859065 448512
15.602 16860513 448512
15.6032 16861961 448512
15.6056 16863409 448512
15.608 16864857 448512
15.6092 16866305 450048
15.6104 16867753 450048
15.6116 16869201 450048
15.6128 16870649 450048
15.614 16872097 450048
15.6152 16873545 450048
15.6165 16874993 450048
15.6177 16876441 450048
15.6189 16877889 450048
15.6213 16879337 450048
15.6237 16880785 450048
15.6249 16882233 451584
15.6261 16883681 451584
15.6273 16885129 451584
15.6285 16886577 451584
15.6297 16888025 451584
15.6309 16889473 451584
15.6321 16890921 451584
15.6345 16892369 451584
15.6369 16893817 451584
15.6381 16895265 453120
15.6393 16896713 453120
15.6405 16898161 453120
15.6429 16899609 453120
15.6453 16901057 453120
15.6465 16902505 453120
15.6477 16903953 453120
15.6489 16905401 453120
15.6501 16906849 453120
15.6525 16908297 453120
15.6549 16909745 453120
15.6561 16911193 454656
15.6573 16912641 454656
15.6585 16914089 454656
15.6609 16915537 454656
15.6633 16916985 454656
15.6645 16918433 454656
15.6657 16919881 454656
15.6669 16921329 454656
15.6681 16922777 454656
15.6693 16924225 455680
15.6717 16925673 455680
15.6741 16927121 455680
15.6765 16928569 455680
15.6789 16930017 455680
15.6801 16931465 455680
15.6813 16932913 455680
15.6825 16934361 455680
15.6849 16935809 455680
15.6873 16937257 455680
15.6885 16938705 455680
15.6897 16940153 457216
15.691 16941601 457216
15.6922 16943049 457216
15.6946 16944497 457216
15.697 16945945 457216
15.6994 16947393 457216
15.7006 16948841 457216
15.7018 16950289 457216
15.703 16951737 457216
15.7042 16953185 458752
15.7066 16954633 458752
15.709 16956081 458752
15.7102 16957529 458752
15.7114 16958977 458752
15.7126 16960425 458752
15.7138 16961873 458752
15.715 16963321 458752
15.7174 16964769 458752
15.7198 16966217 458752
15.721 16967665 458752
15.7222 16969113 460288
15.7234 16970561 460288
15.7246 16972009 460288
15.7258 16973457 460288
15.727 16974905 460288
15.7282 16976353 460288
15.7306 16977801 460288
15.733 16979249 460288
15.7354 16980697 460288
15.7378 16982145 461824
15.739 16983593 461824
15.7402 16985041 461824
15.7426 16986489 461824
15.745 16987937 461824
15.7462 16989385 461824
15.7474 16990833 461824
15.7498 16992281 461824
15.7522 16993729 461824
15.7534 16995177 461824
15.7546 16996625 461824
15.7558 16998073 463360
15.757 16999521 463360
15.7594 17000969 463360
15.7618 17002417 463360
15.7642 17003865 463360
15.7667 17005313 463360
15.7679 17006761 463360
15.7703 17008209 463360
15.7727 17009657 463360
15.7739 17011105 464384
15.7763 17012553 464384
15.7787 17014001 464384
15.7811 17015449 464384
15.7835 17016897 464384
15.7859 17018345 464384
15.7871 17019793 464384
15.7895 17021241 464384
15.7919 17022689 464384
15.7931 17024137 465920
15.7955 17025585 465920
15.7979 17027033 465920
15.7991 17028481 465920
15.8003 17029929 465920
15.8015 17031377 465920
15.8027 17032825 465920
15.8039 17034273 465920
15.8051 17035721 465920
15.8063 17037169 467456
15.8075 17038617 467456
15.8099 17040065 467456
15.8123 17041513 467456
15.8135 17042961 467456
15.8147 17044409 467456
15.8159 17045857 467456
15.8171 17047305 467456
15.8183 17048753 467456
15.8207 17050201 468992
15.8231 17051649 468992
15.8243 17053097 468992
15.8255 17054545 468992
15.8267 17055993 468992
15.8279 17057441 468992
15.8291 17058889 468992
15.8303 17060337 468992
15.8315 17061785 468992
15.8327 17063233 470528
15.8339 17064681 470528
15.8351 17066129 470528
15.8363 17067577 470528
15.8375 17069025 470528
15.8387 17070473 470528
15.8412 17071921 470528
15.8436 17073369 470528
15.8448 17074817 470528
15.846 17076265 471552
15.8472 17077713 471552
15.8484 17079161 471552
15.8496 17080609 471552
15.8508 17082057 471552
15.852 17083505 471552
15.8532 17084953 471552
15.8544 17086401 471552
15.8556 17087849 471552
15.8568 17089297 471552
15.858 17090745 471552
15.8592 17092193 473088
15.8604 17093641 473088
15.8616 17095089 473088
15.8628 17096537 473088
15.864 17097985 473088
15.8652 17099433 473088
15.8664 17100881 473088
15.8676 17102329 473088
15.8688 17103777 473088
15.87 17105225 474624
15.8712 17106673 474624
15.8724 17108121 474624
15.8736 17109569 474624
15.8748 17111017 474624
15.876 17112465 474624
15.8772 17113913 474624
15.8784 17115361 474624
15.8796 17116809 474624
15.8808 17118257 476160
15.8832 17119705 476160
15.8856 17121153 476160
15.8868 17122601 476160
15.888 17124049 476160
15.8892 17125497 476160
15.8904 17126945 476160
15.8916 17128393 476160
15.8928 17129841 476160
15.894 17131289 476160
15.8952 17132737 476160
15.8964 17134185 477696
15.8976 17135633 477696
15.8988 17137081 477696
15.9 17138529 477696
15.9012 17139977 477696
15.9024 17141425 477696
15.9036 17142873 477696
15.9048 17144321 477696
15.906 17145769 477696
15.9084 17147217 479232
15.9108 17148665 479232
15.912 17150113 479232
15.9132 17151561 479232
15.9156 17153009 479232
15.9181 17154457 479232
15.9193 17155905 479232
15.9205 17157353 479232
15.9217 17158801 479232
15.9229 17160249 480256
15.9241 17161697 480256
15.9265 17163145 480256
15.9289 17164593 480256
15.9313 17166041 480256
15.9325 17167489 480256
15.9337 17168937 480256
15.9349 17170385 480256
15.9361 17171833 480256
15.9373 17173281 481792
15.9385 17174729 481792
15.9397 17176177 481792
15.9409 17177625 481792
15.9421 17179073 481792
15.9433 17180521 481792
15.9445 17181969 481792
15.9469 17183417 481792
15.9493 17184865 481792
15.9505 17186313 483328
15.9517 17187761 483328
15.9529 17189209 483328
15.9541 17190657 483328
15.9553 17192105 483328
15.9565 17193553 483328
15.9589 17195001 483328
15.9613 17196449 483328
15.9625 17197897 483328
15.9637 17199345 483328
15.9649 17200793 483328
15.9661 17202241 484864
15.9673 17203689 484864
15.9685 17205137 484864
15.9697 17206585 484864
15.9721 17208033 484864
15.9745 17209481 484864
15.9757 17210929 484864
15.9769 17212377 484864
15.9781 17213825 484864
15.9793 17215273 486400
15.9805 17216721 486400
15.9817 17218169 486400
15.9829 17219617 486400
15.9841 17221065 486400
15.9865 17222513 486400
15.9889 17223961 486400
15.9901 17225409 486400
15.9914 17226857 486400
15.9926 17228305 486400
15.9938 17229753 486400
15.9962 17231201 487936
15.9986 17232649 487936
15.9998 17234097 487936
16.0022 17235545 487936
16.0046 17236993 487936
16.007 17238441 487936
16.0094 17239889 487936
16.0106 17241337 488960
16.0118 17242785 488960
16.013 17244233 488960
16.0154 17245681 488960
16.0178 17247129 488960
16.019 17248577 488960
16.0202 17250025 488960
16.0214 17251473 488960
16.0226 17252921 488960
16.0238 17254369 490496
16.025 17255817 490496
16.0262 17257265 490496
16.0274 17258713 490496
16.0286 17260161 490496
16.031 17261609 490496
16.0334 17263057 490496
16.0346 17264505 490496
16.0358 17265953 490496
16.037 17267401 492032
16.0382 17268849 492032
16.0394 17270297 492032
16.0406 17271745 492032
16.0418 17273193 492032
16.043 17274641 492032
16.0454 17276089 492032
16.0478 17277537 492032
16.0502 17278985 492032
16.0526 17280433 493568
16.055 17281881 493568
16.0562 17283329 493568
16.0574 17284777 493568
16.0586 17286225 493568
16.061 17287673 493568
16.0634 17289121 493568
16.0646 17290569 493568
16.0671 17292017 493568
16.0695 17293465 495104
16.0719 17294913 495104
16.0743 17296361 495104
16.0755 17297809 495104
16.0779 17299257 495104
16.0803 17300705 495104
16.0815 17302153 495104
16.0827 17303601 495104
16.0839 17305049 495104
16.0851 17306497 496640
16.0863 17307945 496640
16.0875 17309393 496640
16.0887 17310841 496640
16.0899 17312289 496640
16.0923 17313737 496640
16.0947 17315185 496640
16.0959 17316633 496640
16.0971 17318081 496640
16.0983 17319529 497664
16.0995 17320977 497664
16.1007 17322425 497664
16.1019 17323873 497664
16.1031 17325321 497664
16.1043 17326769 497664
16.1055 17328217 497664
16.1079 17329665 497664
16.1103 17331113 497664
16.1115 17332561 499200
16.1127 17334009 499200
16.1139 17335457 499200
16.1151 17336905 499200
16.1163 17338353 499200
16.1175 17339801 499200
16.1199 17341249 499200
16.1223 17342697 499200
16.1235 17344145 499200
16.1247 17345593 500736
16.1259 17347041 500736
16.1271 17348489 500736
16.1283 17349937 500736
16.1295 17351385 500736
16.1319 17352833 500736
16.1343 17354281 500736
16.1355 17355729 500736
16.1379 17357177 500736
16.1403 17358625 502272
16.1428 17360073 502272
16.144 17361521 502272
16.1452 17362969 502272
16.1464 17364417 502272
16.1488 17365865 502272
16.1512 17367313 502272
16.1524 17368761 502272
16.1536 17370209 502272
16.1548 17371657 503808
16.156 17373105 503808
16.1572 17374553 503808
16.1584 17376001 503808
16.1596 17377449 503808
16.1608 17378897 503808
16.162 17380345 503808
16.1632 17381793 503808
16.1656 17383241 503808
16.168 17384689 505344
16.1692 17386137 505344
16.1704 17387585 505344
16.1716 17389033 505344
16.1728 17390481 505344
16.174 17391929 505344
16.1752 17393377 505344
16.1764 17394825 505344
16.1776 17396273 505344
16.18 17397721 506368
16.1824 17399169 506368
16.1836 17400617 506368
16.1848 17402065 506368
16.186 17403513 506368
16.1872 17404961 506368
16.1896 17406409 506368
16.192 17407857 506368
16.1932 17409305 506368
16.1944 17410753 507904
16.1956 17412201 507904
16.1968 17413649 507904
16.198 17415097 507904
16.2004 17416545 507904
16.2028 17417993 507904
16.204 17419441 507904
16.2052 17420889 507904
16.2064 17422337 507904
16.2088 17423785 509440
16.2112 17425233 509440
16.2124 17426681 509440
16.2136 17428129 509440
16.2148 17429577 509440
16.216 17431025 509440
16.2173 17432473 509440
16.2185 17433921 509440
16.2209 17435369 509440
16.2233 17436817 510976
16.2257 17438265 510976
16.2281 17439713 510976
16.2293 17441161 510976
16.2305 17442609 510976
16.2317 17444057 510976
16.2329 17445505 510976
16.2353 17446953 510976
16.2377 17448401 510976
16.2389 17449849 512512
16.2401 17451297 512512
16.2413 17452745 512512
16.2425 17454193 512512
16.2437 17455641 512512
16.2461 17457089 512512
16.2485 17458537 512512
16.2509 17459985 512512
16.2521 17461433 512512
16.2533 17462881 513536
16.2545 17464329 513536
16.2569 17465777 513536
16.2593 17468673 513536
16.2605 17470121 513536
16.2617 17471569 513536
16.2629 17473017 513536
16.2641 17474465 513536
16.2653 17475913 515072
16.2677 17477361 515072
16.2701 17480257 515072
16.2713 17481705 515072
16.2725 17483153 515072
16.2737 17484601 515072
16.2749 17486049 515072
16.2761 17487497 515072
16.2773 17488945 516608
16.2785 17490393 516608
16.2809 17491841 516608
16.2833 17494737 516608
16.2857 17496185 516608
16.2881 17497633 516608
16.2893 17499081 516608
16.2905 17500529 516608
16.293 17501977 518144
16.2954 17503425 518144
16.2966 17504873 518144
16.2978 17506321 518144
16.299 17507769 518144
16.3014 17509217 518144
16.3026 17510665 518144
16.3038 17512113 518144
16.305 17513561 518144
16.3062 17515009 519680
16.3074 17516457 519680
16.3098 17517905 519680
16.3122 17520801 519680
16.3146 17522249 519680
16.317 17523697 519680
16.3182 17525145 519680
16.3206 17526593 519680
16.3242 17528041 521216
16.3254 17529489 521216
16.329 17533833 521216
16.3314 17535281 521216
16.3338 17536729 521216
16.3362 17538177 521216
16.3386 17539625 521216
16.3398 17541073 522240
16.3422 17542521 522240
16.3446 17545417 522240
16.3458 17546865 522240
16.3482 17548313 522240
16.3506 17549761 522240
16.3518 17551209 522240
16.353 17552657 522240
16.3542 17554105 523776
16.3554 17555553 523776
16.3566 17557001 523776
16.3578 17558449 523776
16.359 17559897 523776
16.3602 17561345 523776
16.3614 17562793 523776
16.3638 17564241 523776
16.365 17565689 523776
16.3662 17567137 525312
16.3675 17568585 525312
16.3687 17570033 525312
16.3699 17571481 525312
16.3711 17572929 525312
16.3723 17574377 525312
16.3759 17577273 525312
16.3771 17578721 525312
16.3783 17580169 526848
16.3795 17581617 526848
16.3807 17583065 526848
16.3819 17584513 526848
16.3831 17585961 526848
16.3843 17587409 526848
16.3855 17588857 526848
16.3867 17590305 526848
16.3879 17591753 526848
16.3891 17593201 528384
16.3903 17594649 528384
16.3915 17596097 528384
16.3927 17597545 528384
16.3963 17601889 528384
16.3975 17603337 528384
16.3987 17604785 528384
16.3999 17606233 529920
16.4011 17607681 529920
16.4023 17609129 529920
16.4035 17610577 529920
16.4047 17612025 529920
16.4059 17613473 529920
16.4071 17614921 529920
16.4083 17616369 529920
16.4095 17617817 529920
16.4107 17619265 530944
16.4119 17620713 530944
16.4131 17622161 530944
16.4143 17623609 530944
16.4155 17625057 530944
16.4167 17626505 530944
16.4179 17627953 530944
16.4191 17629401 530944
16.4203 17630849 530944
16.4215 17632297 532480
16.4227 17633745 532480
16.4239 17635193 532480
16.4251 17636641 532480
16.4263 17638089 532480
16.4275 17639537 532480
16.4287 17640985 532480
16.4299 17642433 532480
16.4311 17643881 532480
16.4323 17645329 534016
16.4335 17646777 534016
16.4347 17648225 534016
16.4383 17652569 534016
16.4395 17654017 534016
16.4407 17655465 534016
16.442 17656913 534016
16.4432 17658361 535552
16.4444 17659809 535552
16.4456 17661257 535552
16.4468 17662705 535552
16.448 17664153 535552
16.4492 17665601 535552
16.4504 17667049 535552
16.4516 17668497 535552
16.4528 17669945 535552
16.454 17671393 537088
16.4552 17672841 537088
16.4564 17674289 537088
16.4576 17675737 537088
16.4588 17677185 537088
16.46 17678633 537088
16.4636 17682977 537088
16.4648 17684425 538624
16.466 17685873 538624
16.4672 17687321 538624
16.472 17693113 538624
16.4732 17694561 538624
16.4744 17696009 538624
16.4756 17697457 539648
16.4768 17698905 539648
16.478 17700353 539648
16.4816 17704697 539648
16.4828 17706145 539648
16.484 17707593 539648
16.4852 17709041 539648
16.4864 17710489 541184
16.4876 17711937 541184
16.4888 17713385 541184
16.49 17714833 541184
16.4912 17716281 541184
16.4924 17717729 541184
16.4936 17719177 541184
16.4948 17720625 541184
16.4972 17722073 541184
16.4996 17724969 542720
16.5008 17726417 542720
16.502 17727865 542720
16.5032 17729313 542720
16.5044 17730761 542720
16.5056 17732209 542720
16.5068 17733657 542720
16.508 17735105 542720
16.5104 17736553 544256
16.5116 17738001 544256
16.5128 17739449 544256
16.514 17740897 544256
16.5152 17742345 544256
16.5164 17743793 544256
16.5177 17745241 544256
16.5189 17746689 544256
16.5201 17748137 544256
16.5213 17749585 545792
16.5249 17753929 545792
16.5261 17755377 545792
16.5273 17756825 545792
16.5285 17758273 545792
16.5297 17759721 545792
16.5309 17761169 545792
16.5321 17762617 547328
16.5333 17764065 547328
16.5345 17765513 547328
16.5369 17766961 547328
16.5405 17769857 547328
16.5417 17771305 547328
16.5429 17772753 547328
16.5441 17774201 547328
16.5453 17775649 548352
16.5489 17779993 548352
16.5501 17781441 548352
16.5525 17782889 548352
16.5549 17784337 548352
16.5573 17785785 548352
16.5597 17787233 548352
16.5609 17788681 549888
16.5621 17790129 549888
16.5633 17791577 549888
16.5657 17793025 549888
16.5693 17795921 549888
16.5705 17797369 549888
16.5717 17798817 549888
16.5729 17800265 549888
16.5741 17801713 551424
16.5753 17803161 551424
16.5765 17804609 551424
16.5777 17806057 551424
16.5789 17807505 551424
16.5801 17808953 551424
16.5837 17813297 552960
16.5849 17814745 552960
16.5861 17816193 552960
16.5873 17817641 552960
16.5885 17819089 552960
16.5897 17820537 552960
16.5909 17821985 552960
16.5922 17823433 552960
16.5934 17824881 554496
16.5946 17826329 554496
16.5982 17830673 554496
16.6006 17832121 554496
16.603 17833569 554496
16.6054 17835017 556032
16.6078 17836465 556032
16.609 17837913 556032
16.6102 17839361 556032
16.6114 17840809 556032
16.6126 17842257 556032
16.6162 17845153 556032
16.6174 17846601 556032
16.6198 17848049 557056
16.6222 17849497 557056
16.6234 17850945 557056
16.6258 17852393 557056
16.627 17853841 557056
16.6282 17855289 557056
16.6306 17856737 557056
16.633 17858185 558592
16.6342 17859633 558592
16.6354 17861081 558592
16.6366 17862529 558592
16.6378 17863977 558592
16.639 17865425 558592
16.6402 17866873 558592
16.6414 17868321 558592
16.6426 17869769 558592
16.6438 17871217 560128
16.6474 17875561 560128
16.6486 17877009 560128
16.6498 17878457 560128
16.651 17879905 560128
16.6522 17881353 561664
16.6534 17882801 561664
16.6546 17884249 561664
16.6558 17885697 561664
16.657 17887145 561664
16.6582 17888593 561664
16.6594 17890041 561664
16.6618 17891489 561664
16.663 17892937 561664
16.6642 17894385 563200
16.6654 17895833 563200
16.6666 17897281 563200
16.6679 17898729 563200
16.6691 17900177 563200
16.6703 17901625 563200
16.6715 17903073 563200
16.6739 17904521 564224
16.6751 17905969 564224
16.6763 17907417 564224
16.6775 17908865 564224
16.6787 17910313 564224
16.6799 17911761 564224
16.6811 17913209 564224
16.6823 17914657 564224
16.6835 17916105 564224
16.6859 17917553 565760
16.6871 17919001 565760
16.6883 17920449 565760
16.6895 17921897 565760
16.6931 17924793 565760
16.6943 17926241 565760
16.6955 17927689 567296
16.6967 17929137 567296
16.6991 17930585 567296
16.7015 17933481 567296
16.7027 17934929 567296
16.7039 17936377 567296
16.7051 17937825 567296
16.7063 17939273 567296
16.7075 17940721 568832
16.7087 17942169 568832
16.7099 17943617 568832
16.7111 17945065 568832
16.7123 17946513 568832
16.7135 17947961 568832
16.7159 17949409 568832
16.7183 17952305 570368
16.7195 17953753 570368
16.7207 17955201 570368
16.7219 17956649 570368
16.7231 17958097 570368
16.7243 17959545 570368
16.7255 17960993 570368
16.7267 17962441 570368
16.7279 17963889 571904
16.7291 17965337 571904
16.7339 17971129 571904
16.7351 17972577 571904
16.7363 17974025 572928
16.7375 17975473 572928
16.7399 17976921 572928
16.7424 17979817 572928
16.7436 17981265 572928
16.7448 17982713 572928
16.746 17984161 572928
16.7472 17985609 572928
16.7484 17987057 574464
16.7508 17988505 574464
16.7532 17991401 574464
16.7544 17992849 574464
16.7556 17994297 574464
16.7568 17995745 574464
16.7592 17997193 576000
16.7616 17998641 576000
16.7628 18000089 576000
16.764 18001537 576000
16.7652 18002985 576000
16.7664 18004433 576000
16.7676 18005881 576000
16.7688 18007329 576000
16.77 18008777 576000
16.7724 18010225 577536
16.7736 18011673 577536
16.7748 18013121 577536
16.7772 18014569 577536
16.7784 18016017 577536
16.7796 18017465 577536
16.7808 18018913 577536
16.782 18020361 579072
16.7832 18021809 579072
16.7856 18023257 579072
16.788 18026153 579072
16.7892 18027601 579072
16.7904 18029049 579072
16.7916 18030497 579072
16.7928 18031945 579072
16.794 18033393 580608
16.7964 18034841 580608
16.8 18037737 580608
16.8036 18040633 580608
16.8048 18042081 580608
16.806 18043529 581632
16.8072 18044977 581632
16.8084 18046425 581632
16.812 18049321 581632
16.8132 18050769 581632
16.8144 17467225 580608
16.8156 18052217 579072
16.8168 18053665 578048
16.8205 18055113 577536
16.8457 17478809 505344
17.7144 18800833 408064
17.7168 18802281 408064
17.7193 18803729 408064
17.7217 18805177 408064
17.7241 18806625 408064
17.7265 18808073 408064
17.7277 18809521 408064
17.7289 18810969 408064
17.7301 18812417 408064
17.7313 18813865 408064
17.7325 18815313 408064
17.7337 18816761 408064
17.7349 18818209 408064
17.7361 18819657 408064
17.7385 18821105 408064
17.7409 18822553 408064
17.7421 18824001 408064
17.7433 18825449 408064
17.7445 18826897 408064
17.7457 18828345 408064
17.7469 18829793 408064
17.7481 18831241 408064
17.7493 18832689 408064
17.7505 18834137 408064
17.7517 18835585 409600
17.7529 18837033 409600
17.7541 18838481 409600
17.7553 18839929 409600
17.7565 18841377 409600
17.7577 18842825 409600
17.7589 18844273 409600
17.7601 18845721 409600
17.7613 18847169 409600
17.7625 18848617 409600
17.7637 18850065 409600
17.7649 18851513 409600
17.7661 18852961 409600
17.7673 18854409 409600
17.7685 18855857 409600
17.7697 18857305 409600
17.7709 18858753 409600
17.7721 18860201 409600
17.7733 18861649 409600
17.7745 18863097 409600
17.7757 18864545 409600
17.7769 18865993 409600
17.7781 18867441 409600
17.7793 18868889 409600
17.7805 18870337 409600
17.7817 18871785 409600
17.7829 18873233 409600
17.7841 18874681 409600
17.7853 18876129 409600
17.7865 18877577 409600
17.7877 18879025 409600
17.7889 18880473 409600
17.7901 18881921 409600
17.7913 18883369 409600
17.7925 18884817 409600
17.7938 18886265 409600
17.795 18887713 409600
17.7962 18889161 409600
17.7974 18890609 409600
17.7986 18892057 409600
17.7998 18893505 409600
17.801 18894953 411136
17.8022 18896401 411136
17.8034 18897849 411136
17.8046 18899297 411136
17.8058 18900745 411136
17.807 18902193 411136
17.8082 18903641 411136
17.8094 18905089 411136
17.8106 18906537 411136
17.8118 18907985 411136
17.813 18909433 411136
17.8142 18910881 411136
17.8154 18912329 411136
17.8166 18913777 411136
17.8178 18915225 411136
17.819 18916673 411136
17.8202 18918121 411136
17.8214 18919569 411136
17.8226 18921017 411136
17.8238 18922465 411136
17.825 18923913 411136
17.8262 18925361 411136
17.8274 18926809 411136
17.8286 18928257 411136
17.8298 18929705 411136
17.831 18931153 411136
17.8322 18932601 411136
17.8334 18934049 411136
17.8346 18935497 411136
17.8358 18936945 411136
17.837 18938393 411136
17.8382 18939841 411136
17.8394 18941289 411136
17.8406 18942737 411136
17.8418 18944185 411136
17.843 18945633 411136
17.8442 18947081 411136
17.8454 18948529 411136
17.8478 18949977 411136
17.8502 18951425 411136
17.8526 18952873 411136
17.8538 18954321 411136
17.855 18955769 411136
17.8574 18957217 411136
17.8598 18958665 411136
17.861 18960113 411136
17.8622 18961561 411136
17.8646 18963009 411136
17.867 18964457 411136
17.8682 18965905 412672
17.8695 18967353 412672
17.8707 18968801 412672
17.8719 18970249 412672
17.8731 18971697 412672
17.8743 18973145 412672
17.8767 18974593 412672
17.8791 18976041 412672
17.8803 18977489 412672
17.8827 18978937 412672
17.8851 18980385 412672
17.8863 18981833 412672
17.8875 18983281 412672
17.8887 18984729 412672
17.8911 18986177 412672
17.8947 18987625 412672
17.8959 18989073 412672
17.8971 18990521 412672
17.8983 18991969 412672
17.8995 18993417 412672
17.9007 18994865 412672
17.9019 18996313 412672
17.9031 18997761 412672
17.9043 18999209 412672
17.9055 19000657 412672
17.9091 19002105 412672
17.9103 19003553 412672
17.9115 19005001 412672
17.9127 19006449 412672
17.9139 19007897 412672
17.9151 19009345 412672
17.9163 19010793 412672
17.9175 19012241 412672
17.9187 19013689 412672
17.9199 19015137 412672
17.9211 19016585 413696
17.9235 19018033 413696
17.9259 19019481 413696
17.9271 19020929 413696
17.9283 19022377 413696
17.9295 19023825 413696
17.9307 19025273 413696
17.9319 19026721 413696
17.9331 19028169 413696
17.9343 19029617 413696
17.9355 19031065 413696
17.9367 19032513 413696
17.9379 19033961 413696
17.9391 19035409 413696
17.9403 19036857 413696
17.9415 19038305 413696
17.9427 19039753 413696
17.944 19041201 413696
17.9452 19042649 413696
17.9464 19044097 413696
17.9488 19045545 413696
17.9512 19046993 413696
17.9524 19048441 413696
17.9536 19049889 413696
17.9548 19051337 413696
17.9584 19052785 413696
17.9596 19054233 413696
17.9608 19055681 413696
17.962 19057129 413696
17.9644 19058577 413696
17.9668 19060025 413696
17.968 19061473 413696
17.9692 19062921 413696
17.9704 19064369 415232
17.9716 19065817 415232
17.9728 19067265 415232
17.974 19068713 415232
17.9752 19070161 415232
17.9764 19071609 415232
17.9776 19073057 415232
17.9788 19074505 415232
17.98 19075953 415232
17.9824 19077401 415232
17.9848 19078849 415232
17.986 19080297 415232
17.9872 19081745 415232
17.9884 19083193 415232
17.9896 19084641 415232
17.9908 19086089 415232
17.992 19087537 415232
17.9932 19088985 415232
17.9944 19090433 415232
17.998 19091881 415232
17.9992 19093329 415232
18.0004 19094777 415232
18.0016 19096225 415232
18.004 19097673 415232
18.0064 19099121 415232
18.0076 19100569 415232
18.0088 19102017 415232
18.01 19103465 415232
18.0112 19104913 415232
18.0124 19106361 416768
18.0148 19107809 416768
18.0172 19109257 416768
18.0197 19110705 416768
18.0209 19112153 416768
18.0221 19113601 416768
18.0233 19115049 416768
18.0257 19116497 416768
18.0281 19117945 416768
18.0293 19119393 416768
18.0305 19120841 416768
18.0317 19122289 416768
18.0329 19123737 416768
18.0341 19125185 416768
18.0353 19126633 416768
18.0365 19128081 416768
18.0389 19129529 416768
18.0413 19130977 416768
18.0425 19132425 416768
18.0437 19133873 416768
18.0449 19135321 416768
18.0461 19136769 416768
18.0473 19138217 416768
18.0485 19139665 416768
18.0497 19141113 416768
18.0521 19142561 416768
18.0545 19144009 416768
18.0557 19145457 418304
18.0569 19146905 418304
18.0581 19148353 418304
18.0593 19149801 418304
18.0605 19151249 418304
18.0629 19152697 418304
18.0653 19154145 418304
18.0677 19155593 418304
18.0701 19157041 418304
18.0749 19158489 418304
18.0761 19159937 418304
18.0773 19161385 418304
18.0785 19162833 418304
18.0809 19164281 418304
18.0833 19165729 418304
18.0845 19167177 418304
18.0857 19168625 418304
18.0869 19170073 418304
18.0881 19171521 418304
18.0905 19172969 418304
18.0929 19174417 418304
18.0942 19175865 418304
18.0966 19177313 418304
18.099 19178761 418304
18.1014 19180209 418304
18.1038 19181657 419840
18.1062 19183105 419840
18.1086 19184553 419840
18.1098 19186001 419840
18.1122 19187449 419840
18.1146 19188897 419840
18.117 19190345 419840
18.1194 19191793 419840
18.1218 19193241 419840
18.1254 19194689 419840
18.1278 19196137 419840
18.1302 19197585 419840
18.1326 19199033 419840
18.1362 19200481 419840
18.1386 19201929 419840
18.1422 19203377 419840
18.1434 19204825 419840
18.147 19206273 419840
18.1482 19207721 419840
18.1518 19209169 420864
18.153 19210617 420864
18.1554 19212065 420864
18.1578 19213513 420864
18.159 19214961 420864
18.1626 19216409 420864
18.165 19217857 420864
18.1686 19219305 420864
18.1699 19220753 420864
18.1723 19222201 420864
18.1747 19223649 420864
18.1771 19225097 420864
18.1795 19226545 420864
18.1819 19227993 420864
18.1843 19229441 420864
18.1855 19230889 420864
18.1867 19232337 420864
18.1879 19233785 420864
18.1891 19235233 420864
18.1903 19236681 420864
18.1915 19238129 420864
18.1927 19239577 422400
18.1939 19241025 422400
18.1951 19242473 422400
18.1975 19243921 422400
18.1999 19245369 422400
18.2011 19246817 422400
18.2023 19248265 422400
18.2035 19249713 422400
18.2047 19251161 422400
18.2059 19252609 422400
18.2071 19254057 422400
18.2083 19255505 422400
18.2095 19256953 422400
18.2107 19258401 422400
18.2119 19259849 422400
18.2131 19261297 422400
18.2143 19262745 422400
18.2155 19264193 422400
18.2167 19265641 422400
18.2179 19267089 423936
18.2191 19268537 423936
18.2203 19269985 423936
18.2215 19271433 423936
18.2227 19272881 423936
18.2239 19274329 423936
18.2251 19275777 423936
18.2263 19277225 423936
18.2275 19278673 423936
18.2287 19280121 423936
18.2299 19281569 423936
18.2311 19283017 423936
18.2323 19284465 423936
18.2335 19285913 423936
18.2347 19287361 423936
18.2359 19288809 423936
18.2371 19290257 423936
18.2383 19291705 423936
18.2395 19293153 423936
18.2407 19294601 425472
18.2419 19296049 425472
18.2431 19297497 425472
18.2444 19298945 425472
18.2456 19300393 425472
18.2468 19301841 425472
18.248 19303289 425472
18.2492 19304737 425472
18.2504 19306185 425472
18.2516 19307633 425472
18.2528 19309081 425472
18.254 19310529 425472
18.2552 19311977 425472
18.2564 19313425 425472
18.2576 19314873 425472
18.2588 19316321 425472
18.26 19317769 425472
18.2612 19319217 425472
18.2624 19320665 425472
18.2636 19322113 425472
18.2648 19323561 425472
18.266 19325009 427008
18.2672 19326457 427008
18.2684 19327905 427008
18.2696 19329353 427008
18.2708 19330801 427008
18.272 19332249 427008
18.2732 19333697 427008
18.2744 19335145 427008
18.2756 19336593 427008
18.2768 19338041 427008
18.278 19339489 427008
18.2792 19340937 427008
18.2804 19342385 427008
18.2816 19343833 427008
18.2828 19345281 427008
18.284 19346729 427008
18.2852 19348177 427008
18.2864 19349625 427008
18.2876 19351073 427008
18.2888 19352521 428544
18.29 19353969 428544
18.2912 19355417 428544
18.2924 19356865 428544
18.2936 19358313 428544
18.2948 19359761 428544
18.296 19361209 428544
18.2972 19362657 428544
18.2984 19364105 428544
18.2996 19365553 428544
18.3008 19367001 428544
18.302 19368449 428544
18.3032 19369897 428544
18.3044 19371345 428544
18.3056 19372793 428544
18.308 19374241 428544
18.3104 19375689 428544
18.3128 19377137 428544
18.314 19378585 428544
18.3152 19380033 428544
18.3164 19381481 428544
18.3188 19382929 429568
18.3213 19384377 429568
18.3225 19385825 429568
18.3237 19387273 429568
18.3249 19388721 429568
18.3261 19390169 429568
18.3285 19391617 429568
18.3309 19393065 429568
18.3321 19394513 429568
18.3333 19395961 429568
18.3345 19397409 429568
18.3357 19398857 429568
18.3369 19400305 429568
18.3381 19401753 429568
18.3405 19403201 429568
18.3429 19404649 429568
18.3441 19406097 429568
18.3465 19407545 429568
18.3489 19408993 429568
18.3501 19410441 431104
18.3513 19411889 431104
18.3525 19413337 431104
18.3549 19414785 431104
18.3573 19416233 431104
18.3597 19417681 431104
18.3621 19419129 431104
18.3633 19420577 431104
18.3645 19422025 431104
18.3657 19423473 431104
18.3669 19424921 431104
18.3681 19426369 431104
18.3693 19427817 431104
18.3705 19429265 431104
18.3717 19430713 431104
18.3741 19432161 431104
18.3765 19433609 431104
18.3789 19435057 431104
18.3801 19436505 431104
18.3813 19437953 432640
18.3825 19439401 432640
18.3837 19440849 432640
18.3849 19442297 432640
18.3861 19443745 432640
18.3873 19445193 432640
18.3885 19446641 432640
18.3897 19448089 432640
18.3909 19449537 432640
18.3933 19450985 432640
18.3958 19452433 432640
18.397 19453881 432640
18.3982 19455329 432640
18.3994 19456777 432640
18.4006 19458225 432640
18.4018 19459673 432640
18.403 19461121 432640
18.4042 19462569 432640
18.4054 19464017 432640
18.4066 19465465 434176
18.4078 19466913 434176
18.409 19468361 434176
18.4102 19469809 434176
18.4114 19471257 434176
18.4126 19472705 434176
18.4138 19474153 434176
18.415 19475601 434176
18.4162 19477049 434176
18.4174 19478497 434176
18.4198 19479945 434176
18.4222 19481393 434176
18.4234 19482841 434176
18.4246 19484289 434176
18.4258 19485737 434176
18.4294 19487185 434176
18.4306 19488633 434176
18.4318 19490081 434176
18.433 19491529 434176
18.4354 19492977 435712
18.4378 19494425 435712
18.439 19495873 435712
18.4402 19497321 435712
18.4414 19498769 435712
18.4426 19500217 435712
18.4438 19501665 435712
18.445 19503113 435712
18.4462 19504561 435712
18.4474 19506009 435712
18.4486 19507457 435712
18.4498 19508905 435712
18.451 19510353 435712
18.4522 19511801 435712
18.4546 19513249 435712
18.457 19514697 435712
18.4582 19516145 435712
18.4594 19517593 435712
18.4606 19519041 435712
18.4618 19520489 437248
18.463 19521937 437248
18.4642 19523385 437248
18.4654 19524833 437248
18.4666 19526281 437248
18.469 19527729 437248
18.4715 19529177 437248
18.4739 19530625 437248
18.4751 19532073 437248
18.4763 19533521 437248
18.4787 19534969 437248
18.4811 19536417 437248
18.4823 19537865 437248
18.4835 19539313 437248
18.4847 19540761 437248
18.4859 19542209 437248
18.4871 19543657 437248
18.4895 19545105 437248
18.4919 19546553 437248
18.4931 19548001 438272
18.4943 19549449 438272
18.4955 19550897 438272
18.4979 19552345 438272
18.5003 19553793 438272
18.5015 19555241 438272
18.5027 19556689 438272
18.5039 19558137 438272
18.5051 19559585 438272
18.5063 19561033 438272
18.5075 19562481 438272
18.5087 19563929 438272
18.5099 19565377 438272
18.5123 19566825 438272
18.5147 19568273 438272
18.5159 19569721 438272
18.5171 19571169 438272
18.5183 19572617 438272
18.5195 19574065 438272
18.5207 19575513 439808
18.5219 19576961 439808
18.5231 19578409 439808
18.5255 19579857 439808
18.5279 19581305 439808
18.5291 19582753 439808
18.5303 19584201 439808
18.5315 19585649 439808
18.5327 19587097 439808
18.5339 19588545 439808
18.5351 19589993 439808
18.5375 19591441 439808
18.5399 19592889 439808
18.5423 19594337 439808
18.5448 19595785 439808
18.5508 19597233 439808
18.5532 19598681 439808
18.5544 19600129 439808
18.5556 19601577 439808
18.5568 19603025 441344
18.5592 19604473 441344
18.5616 19605921 441344
18.5628 19607369 441344
18.564 19608817 441344
18.5652 19610265 441344
18.5664 19611713 441344
18.5676 19613161 441344
18.57 19614609 441344
18.5724 19616057 441344
18.5736 19617505 441344
18.576 19618953 441344
18.5784 19620401 441344
18.5808 19621849 441344
18.5832 19623297 441344
18.5868 19624745 441344
18.5892 19626193 441344
18.5904 19627641 442880
18.5928 19629089 442880
18.5952 19630537 442880
18.5964 19631985 442880
18.5988 19633433 442880
18.6012 19634881 442880
18.6036 19636329 442880
18.6072 19637777 442880
18.6096 19639225 442880
18.612 19640673 442880
18.6144 19642121 442880
18.618 19643569 442880
18.6205 19645017 442880
18.6241 19646465 442880
18.6265 19647913 442880
18.6289 19649361 442880
18.6313 19650809 442880
18.6337 19652257 442880
18.6361 19653705 442880
18.6385 19655153 444416
18.6397 19656601 444416
18.6421 19658049 444416
18.6445 19659497 444416
18.6469 19660945 444416
18.6505 19662393 444416
18.6529 19663841 444416
18.6541 19665289 444416
18.6565 19666737 444416
18.6589 19668185 444416
18.6613 19669633 444416
18.6649 19671081 444416
18.6673 19672529 444416
18.6697 19673977 444416
18.6709 19675425 444416
18.6721 19676873 444416
18.6733 19678321 444416
18.6745 19679769 445952
18.6757 19681217 445952
18.6769 19682665 445952
18.6781 19684113 445952
18.6793 19685561 445952
18.6805 19687009 445952
18.6817 19688457 445952
18.6841 19689905 445952
18.6865 19691353 445952
18.6877 19692801 445952
18.6889 19694249 445952
18.6901 19695697 445952
18.6913 19697145 445952
18.6925 19698593 445952
18.6937 19700041 445952
18.695 19701489 445952
18.6962 19702937 445952
18.6974 19704385 445952
18.6986 19705833 445952
18.6998 19707281 446976
18.701 19708729 446976
18.7022 19710177 446976
18.7034 19711625 446976
18.7046 19713073 446976
18.7058 19714521 446976
18.707 19715969 446976
18.7082 19717417 446976
18.7094 19718865 446976
18.7106 19720313 446976
18.7118 19721761 446976
18.713 19723209 446976
18.7142 19724657 446976
18.7154 19726105 446976
18.7166 19727553 446976
18.7178 19729001 446976
18.719 19730449 446976
18.7202 19731897 448512
18.7214 19733345 448512
18.7226 19734793 448512
18.7238 19736241 448512
18.725 19737689 448512
18.7262 19739137 448512
18.7274 19740585 448512
18.7286 19742033 448512
18.7298 19743481 448512
18.731 19744929 448512
18.7322 19746377 448512
18.7334 19747825 448512
18.7346 19749273 448512
18.7358 19750721 448512
18.737 19752169 448512
18.7382 19753617 448512
18.7394 19755065 448512
18.7406 19756513 448512
18.7418 19757961 448512
18.743 19759409 450048
18.7442 19760857 450048
18.7454 19762305 450048
18.7466 19763753 450048
18.7478 19765201 450048
18.749 19766649 450048
18.7502 19768097 450048
18.7514 19769545 450048
18.7526 19770993 450048
18.7538 19772441 450048
18.755 19773889 450048
18.7562 19775337 450048
18.7574 19776785 450048
18.7586 19778233 450048
18.7598 19779681 450048
18.761 19781129 450048
18.7622 19782577 450048
18.7634 19784025 451584
18.7646 19785473 451584
18.7658 19786921 451584
18.767 19788369 451584
18.7682 19789817 451584
18.7694 19791265 451584
18.7707 19792713 451584
18.7719 19794161 451584
18.7731 19795609 451584
18.7743 19797057 451584
18.7755 19798505 451584
18.7767 19799953 451584
18.7779 19801401 451584
18.7791 19802849 451584
18.7803 19804297 451584
18.7815 19805745 451584
18.7827 19807193 451584
18.7839 19808641 451584
18.7851 19810089 451584
18.7863 19811537 453120
18.7875 19812985 453120
18.7887 19814433 453120
18.7899 19815881 453120
18.7911 19817329 453120
18.7923 19818777 453120
18.7935 19820225 453120
18.7959 19821673 453120
18.7983 19823121 453120
18.7995 19824569 453120
18.8007 19826017 453120
18.8019 19827465 453120
18.8031 19828913 453120
18.8043 19830361 453120
18.8067 19831809 453120
18.8091 19833257 453120
18.8103 19834705 453120
18.8115 19836153 453120
18.8127 19837601 453120
18.8139 19839049 454656
18.8151 19840497 454656
18.8163 19841945 454656
18.8187 19843393 454656
18.8211 19844841 454656
18.8223 19846289 454656
18.8235 19847737 454656
18.8247 19849185 454656
18.8259 19850633 454656
18.8271 19852081 454656
18.8283 19853529 454656
18.8295 19854977 454656
18.8319 19856425 454656
18.8355 19857873 454656
18.8367 19859321 454656
18.8391 19860769 454656
18.8415 19862217 454656
18.8427 19863665 455680
18.8439 19865113 455680
18.8452 19866561 455680
18.8476 19868009 455680
18.85 19869457 455680
18.8512 19870905 455680
18.8536 19872353 455680
18.856 19873801 455680
18.8572 19875249 455680
18.8584 19876697 455680
18.8596 19878145 455680
18.8608 19879593 455680
18.862 19881041 455680
18.8632 19882489 455680
18.8644 19883937 455680
18.8656 19885385 455680
18.868 19886833 455680
18.8704 19888281 455680
18.8728 19889729 455680
18.8752 19891177 457216
18.8764 19892625 457216
18.8776 19894073 457216
18.8788 19895521 457216
18.88 19896969 457216
18.8812 19898417 457216
18.8824 19899865 457216
18.8836 19901313 457216
18.8848 19902761 457216
18.886 19904209 457216
18.8872 19905657 457216
18.8884 19907105 457216
18.8908 19908553 457216
18.8932 19910001 457216
18.8944 19911449 457216
18.8956 19912897 457216
18.8968 19914345 457216
18.898 19915793 457216
18.8992 19917241 457216
18.9004 19918689 458752
18.9016 19920137 458752
18.9028 19921585 458752
18.904 19923033 458752
18.9052 19924481 458752
18.9064 19925929 458752
18.9076 19927377 458752
18.9088 19928825 458752
18.91 19930273 458752
18.9112 19931721 458752
18.9124 19933169 458752
18.9136 19934617 458752
18.9148 19936065 458752
18.916 19937513 458752
18.9184 19938961 458752
18.9209 19940409 458752
18.9233 19941857 458752
18.9245 19943305 460288
18.9257 19944753 460288
18.9281 19946201 460288
18.9305 19947649 460288
18.9317 19949097 460288
18.9329 19950545 460288
18.9341 19951993 460288
18.9365 19953441 460288
18.9389 19954889 460288
18.9401 19956337 460288
18.9413 19957785 460288
18.9425 19959233 460288
18.9437 19960681 460288
18.9449 19962129 460288
18.9461 19963577 460288
18.9473 19965025 460288
18.9485 19966473 460288
18.9497 19967921 460288
18.9509 19969369 460288
18.9521 19970817 461824
18.9533 19972265 461824
18.9545 19973713 461824
18.9569 19975161 461824
18.9593 19976609 461824
18.9605 19978057 461824
18.9617 19979505 461824
18.9629 19980953 461824
18.9641 19982401 461824
18.9653 19983849 461824
18.9665 19985297 461824
18.9677 19986745 461824
18.9689 19988193 461824
18.9713 19989641 461824
18.9737 19991089 461824
18.9749 19992537 461824
18.9761 19993985 461824
18.9785 19995433 461824
18.9809 19996881 461824
18.9821 19998329 463360
18.9833 19999777 463360
18.9845 20001225 463360
18.9857 20002673 463360
18.9869 20004121 463360
18.9893 20005569 463360
18.9917 20007017 463360
18.9929 20008465 463360
18.9941 20009913 463360
18.9954 20011361 463360
18.9966 20012809 463360
18.999 20014257 463360
19.0014 20015705 463360
19.0038 20017153 463360
19.005 20018601 463360
19.0062 20020049 463360
19.0074 20021497 463360
19.0086 20022945 463360
19.0098 20024393 463360
19.011 20025841 464384
19.0122 20027289 464384
19.0146 20028737 464384
19.017 20030185 464384
19.0182 20031633 464384
19.0194 20033081 464384
19.0206 20034529 464384
19.0218 20035977 464384
19.023 20037425 464384
19.0242 20038873 464384
19.0254 20040321 464384
19.0266 20041769 464384
19.029 20043217 464384
19.0314 20044665 464384
19.0326 20046113 464384
19.0338 20047561 464384
19.035 20049009 464384
19.0362 20050457 464384
19.0374 20051905 464384
19.0386 20053353 465920
19.041 20054801 465920
19.0434 20056249 465920
19.0446 20057697 465920
19.047 20059145 465920
19.0494 20060593 465920
19.0518 20062041 465920
19.0578 20063489 465920
19.0602 20064937 465920
19.0626 20066385 465920
19.0638 20067833 465920
19.065 20069281 465920
19.0674 20070729 465920
19.0698 20072177 465920
19.0711 20073625 465920
19.0723 20075073 465920
19.0735 20076521 465920
19.0747 20077969 465920
19.0759 20079417 465920
19.0783 20080865 467456
19.0807 20082313 467456
19.0819 20083761 467456
19.0831 20085209 467456
19.0855 20086657 467456
19.0879 20088105 467456
19.0903 20089553 467456
19.0939 20091001 467456
19.0963 20092449 467456
19.0975 20093897 467456
19.0999 20095345 467456
19.1023 20096793 467456
19.1035 20098241 467456
19.1059 20099689 467456
19.1083 20101137 467456
19.1107 20102585 467456
19.1131 20104033 467456
19.1179 20105481 468992
19.1203 20106929 468992
19.1227 20108377 468992
19.1239 20109825 468992
19.1263 20111273 468992
19.1299 20112721 468992
19.1323 20114169 468992
19.1359 20115617 468992
19.1383 20117065 468992
19.1407 20118513 468992
19.1431 20119961 468992
19.1456 20121409 468992
19.148 20122857 468992
19.1504 20124305 468992
19.1516 20125753 468992
19.154 20127201 468992
19.1564 20128649 468992
19.1612 20130097 468992
19.1636 20131545 468992
19.166 20132993 470528
19.1672 20134441 470528
19.1684 20135889 470528
19.1708 20137337 470528
19.1732 20138785 470528
19.1768 20140233 470528
19.1792 20141681 470528
19.1816 20143129 470528
19.1828 20144577 470528
19.184 20146025 470528
19.1852 20147473 470528
19.1864 20148921 470528
19.1876 20150369 470528
19.1888 20151817 470528
19.19 20153265 470528
19.1912 20154713 470528
19.1924 20156161 470528
19.1936 20157609 470528
19.196 20159057 470528
19.1984 20160505 471552
19.1996 20161953 471552
19.2008 20163401 471552
19.202 20164849 471552
19.2032 20166297 471552
19.2044 20167745 471552
19.2056 20169193 471552
19.2068 20170641 471552
19.208 20172089 471552
19.2092 20173537 471552
19.2104 20174985 471552
19.2116 20176433 471552
19.2128 20177881 471552
19.214 20179329 471552
19.2152 20180777 471552
19.2164 20182225 471552
19.2176 20183673 471552
19.2188 20185121 471552
19.22 20186569 471552
19.2213 20188017 473088
19.2225 20189465 473088
19.2237 20190913 473088
19.2249 20192361 473088
19.2261 20193809 473088
19.2273 20195257 473088
19.2285 20196705 473088
19.2297 20198153 473088
19.2309 20199601 473088
19.2321 20201049 473088
19.2333 20202497 473088
19.2345 20203945 473088
19.2357 20205393 473088
19.2369 20206841 473088
19.2381 20208289 473088
19.2393 20209737 473088
19.2405 20211185 473088
19.2417 20212633 473088
19.2429 20214081 473088
19.2441 20215529 474624
19.2453 20216977 474624
19.2465 20218425 474624
19.2477 20219873 474624
19.2489 20221321 474624
19.2501 20222769 474624
19.2513 20224217 474624
19.2525 20225665 474624
19.2537 20227113 474624
19.2549 20228561 474624
19.2561 20230009 474624
19.2573 20231457 474624
19.2585 20232905 474624
19.2597 20234353 474624
19.2609 20235801 474624
19.2621 20237249 474624
19.2633 20238697 474624
19.2645 20240145 474624
19.2657 20241593 474624
19.2669 20243041 476160
19.2681 20244489 476160
19.2693 20245937 476160
19.2705 20247385 476160
19.2717 20248833 476160
19.2729 20250281 476160
19.2741 20251729 476160
19.2753 20253177 476160
19.2765 20254625 476160
19.2777 20256073 476160
19.2789 20257521 476160
19.2801 20258969 476160
19.2813 20260417 476160
19.2825 20261865 476160
19.2837 20263313 476160
19.2849 20264761 476160
19.2861 20266209 476160
19.2873 20267657 476160
19.2885 20269105 476160
19.2897 20270553 477696
19.2909 20272001 477696
19.2921 20273449 477696
19.2933 20274897 477696
19.2945 20276345 477696
19.2958 20277793 477696
19.297 20279241 477696
19.2982 20280689 477696
19.2994 20282137 477696
19.3006 20283585 477696
19.3018 20285033 477696
19.303 20286481 477696
19.3042 20287929 477696
19.3054 20289377 477696
19.3078 20290825 477696
19.3102 20292273 477696
19.3114 20293721 477696
19.3126 20295169 477696
19.3138 20296617 477696
19.315 20298065 477696
19.3162 20299513 477696
19.3174 20300961 479232
19.3186 20302409 479232
19.321 20303857 479232
19.3234 20305305 479232
19.3258 20306753 479232
19.327 20308201 479232
19.3282 20309649 479232
19.3294 20311097 479232
19.3306 20312545 479232
19.3318 20313993 479232
19.333 20315441 479232
19.3342 20316889 479232
19.3366 20318337 479232
19.339 20319785 479232
19.3402 20321233 479232
19.3414 20322681 479232
19.3426 20324129 479232
19.3438 20325577 479232
19.345 20327025 479232
19.3462 20328473 480256
19.3474 20329921 480256
19.3486 20331369 480256
19.3498 20332817 480256
19.3522 20334265 480256
19.3546 20335713 480256
19.3558 20337161 480256
19.3594 20338609 480256
19.3606 20340057 480256
19.363 20341505 480256
19.3654 20342953 480256
19.3666 20344401 480256
19.3678 20345849 480256
19.369 20347297 480256
19.3715 20348745 480256
19.3739 20350193 480256
19.3751 20351641 480256
19.3775 20353089 480256
19.3799 20354537 480256
19.3811 20355985 480256
19.3823 20357433 480256
19.3835 20358881 481792
19.3847 20360329 481792
19.3859 20361777 481792
19.3871 20363225 481792
19.3883 20364673 481792
19.3895 20366121 481792
19.3907 20367569 481792
19.3931 20369017 481792
19.3955 20370465 481792
19.3979 20371913 481792
19.4003 20373361 481792
19.4015 20374809 481792
19.4027 20376257 481792
19.4039 20377705 481792
19.4051 20379153 481792
19.4063 20380601 481792
19.4075 20382049 481792
19.4087 20383497 481792
19.4099 20384945 481792
19.4111 20386393 483328
19.4123 20387841 483328
19.4135 20389289 483328
19.4147 20390737 483328
19.4171 20392185 483328
19.4195 20393633 483328
19.4219 20395081 483328
19.4231 20396529 483328
19.4243 20397977 483328
19.4255 20399425 483328
19.4267 20400873 483328
19.4279 20402321 483328
19.4291 20403769 483328
19.4303 20405217 483328
19.4315 20406665 483328
19.4327 20408113 483328
19.4339 20409561 483328
19.4351 20411009 483328
19.4363 20412457 483328
19.4375 20413905 483328
19.4387 20415353 483328
19.4399 20416801 484864
19.4411 20418249 484864
19.4423 20419697 484864
19.4435 20421145 484864
19.4447 20422593 484864
19.4472 20424041 484864
19.4496 20425489 484864
19.4508 20426937 484864
19.452 20428385 484864
19.4544 20429833 484864
19.4568 20431281 484864
19.458 20432729 484864
19.4592 20434177 484864
19.4604 20435625 484864
19.4628 20437073 484864
19.4652 20438521 484864
19.4664 20439969 484864
19.4676 20441417 484864
19.4688 20442865 484864
19.47 20444313 486400
19.4712 20445761 486400
19.4724 20447209 486400
19.4736 20448657 486400
19.4748 20450105 486400
19.476 20451553 486400
19.4772 20453001 486400
19.4784 20454449 486400
19.4796 20455897 486400
19.4808 20457345 486400
19.4832 20458793 486400
19.4856 20460241 486400
19.4868 20461689 486400
19.488 20463137 486400
19.4892 20464585 486400
19.4904 20466033 486400
19.4916 20467481 486400
19.4928 20468929 486400
19.494 20470377 486400
19.4952 20471825 486400
19.4964 20473273 486400
19.4988 20474721 487936
19.5012 20476169 487936
19.5024 20477617 487936
19.5036 20479065 487936
19.5048 20480513 487936
19.5072 20481961 487936
19.5096 20483409 487936
19.5108 20484857 487936
19.512 20486305 487936
19.5132 20487753 487936
19.5144 20489201 487936
19.5156 20490649 487936
19.518 20492097 487936
19.5204 20493545 487936
19.5217 20494993 487936
19.5229 20496441 487936
19.5241 20497889 487936
19.5253 20499337 487936
19.5277 20500785 487936
19.5313 20502233 487936
19.5337 20503681 487936
19.5361 20505129 488960
19.5373 20506577 488960
19.5385 20508025 488960
19.5397 20509473 488960
19.5409 20510921 488960
19.5421 20512369 488960
19.5433 20513817 488960
19.5445 20515265 488960
19.5457 20516713 488960
19.5481 20518161 488960
19.5505 20519609 488960
19.5517 20521057 488960
19.5529 20522505 488960
19.5541 20523953 488960
19.5553 20525401 488960
19.5565 20526849 488960
19.5577 20528297 488960
19.5589 20529745 488960
19.5601 20531193 488960
19.5625 20532641 488960
19.5649 20534089 488960
19.5661 20535537 490496
19.5673 20536985 490496
19.5685 20538433 490496
19.5697 20539881 490496
19.5709 20541329 490496
19.5721 20542777 490496
19.5733 20544225 490496
19.5757 20545673 490496
19.5781 20547121 490496
19.5793 20548569 490496
19.5817 20550017 490496
19.5841 20551465 490496
19.5865 20552913 490496
19.5925 20554361 490496
19.5949 20555809 490496
19.5962 20557257 490496
19.5974 20558705 490496
19.5998 20560153 490496
19.6022 20561601 490496
19.6046 20563049 490496
19.6058 20564497 490496
19.607 20565945 492032
19.6082 20567393 492032
19.6094 20568841 492032
19.6118 20570289 492032
19.6142 20571737 492032
19.6154 20573185 492032
19.6166 20574633 492032
19.6178 20576081 492032
19.6202 20577529 492032
19.6226 20578977 492032
19.625 20580425 492032
19.6286 20581873 492032
19.631 20583321 492032
19.6322 20584769 492032
19.6346 20586217 492032
19.637 20587665 492032
19.6382 20589113 492032
19.6406 20590561 492032
19.643 20592009 492032
19.6454 20593457 493568
19.6478 20594905 493568
19.649 20596353 493568
19.6538 20597801 493568
19.6562 20599249 493568
19.6586 20600697 493568
19.661 20602145 493568
19.6634 20603593 493568
19.6658 20605041 493568
19.6694 20606489 493568
19.6719 20607937 493568
19.6755 20609385 493568
19.6779 20610833 493568
19.6803 20612281 493568
19.6827 20613729 493568
19.6851 20615177 493568
19.6875 20616625 493568
19.6899 20618073 493568
19.6911 20619521 493568
19.6935 20620969 493568
19.6959 20622417 493568
19.7007 20623865 495104
19.7031 20625313 495104
19.7043 20626761 495104
19.7055 20628209 495104
19.7067 20629657 495104
19.7091 20631105 495104
19.7115 20632553 495104
19.7151 20634001 495104
19.7175 20635449 495104
19.7211 20636897 495104
19.7223 20638345 495104
19.7235 20639793 495104
19.7247 20641241 495104
19.7259 20642689 495104
19.7271 20644137 495104
19.7283 20645585 495104
19.7295 20647033 495104
19.7307 20648481 495104
19.7319 20649929 495104
19.7331 20651377 495104
19.7355 20652825 495104
19.7379 20654273 496640
19.7391 20655721 496640
19.7403 20657169 496640
19.7415 20658617 496640
19.7427 20660065 496640
19.7439 20661513 496640
19.7451 20662961 496640
19.7464 20664409 496640
19.7476 20665857 496640
19.7488 20667305 496640
19.75 20668753 496640
19.7512 20670201 496640
19.7524 20671649 496640
19.7536 20673097 496640
19.7548 20674545 496640
19.756 20675993 496640
19.7572 20677441 496640
19.7584 20678889 496640
19.7596 20680337 496640
19.7608 20681785 496640
19.762 20683233 496640
19.7632 20684681 497664
19.7644 20686129 497664
19.7656 20687577 497664
19.7668 20689025 497664
19.768 20690473 497664
19.7692 20691921 497664
19.7704 20693369 497664
19.7716 20694817 497664
19.7728 20696265 497664
19.774 20697713 497664
19.7752 20699161 497664
19.7764 20700609 497664
19.7776 20702057 497664
19.7788 20703505 497664
19.78 20704953 497664
19.7812 20706401 497664
19.7824 20707849 497664
19.7836 20709297 497664
19.7848 20710745 497664
19.786 20712193 497664
19.7872 20713641 497664
19.7884 20715089 497664
19.7896 20716537 497664
19.7908 20717985 499200
19.792 20719433 499200
19.7932 20720881 499200
19.7944 20722329 499200
19.7956 20723777 499200
19.7968 20725225 499200
19.798 20726673 499200
19.7992 20728121 499200
19.8004 20729569 499200
19.8016 20731017 499200
19.8028 20732465 499200
19.804 20733913 499200
19.8052 20735361 499200
19.8064 20736809 499200
19.8076 20738257 499200
19.8088 20739705 499200
19.81 20741153 499200
19.8112 20742601 499200
19.8124 20744049 499200
19.8136 20745497 499200
19.8148 20746945 499200
19.816 20748393 500736
19.8172 20749841 500736
19.8184 20751289 500736
19.8196 20752737 500736
19.8208 20754185 500736
19.8221 20755633 500736
19.8233 20757081 500736
19.8245 20758529 500736
19.8257 20759977 500736
19.8269 20761425 500736
19.8281 20762873 500736
19.8293 20764321 500736
19.8305 20765769 500736
19.8317 20767217 500736
19.8329 20768665 500736
19.8341 20770113 500736
19.8353 20771561 500736
19.8365 20773009 500736
19.8377 20774457 500736
19.8389 20775905 500736
19.8401 20777353 500736
19.8413 20778801 500736
19.8425 20780249 500736
19.8437 20781697 502272
19.8449 20783145 502272
19.8473 20784593 502272
19.8497 20786041 502272
19.8509 20787489 502272
19.8521 20788937 502272
19.8533 20790385 502272
19.8545 20791833 502272
19.8557 20793281 502272
19.8569 20794729 502272
19.8581 20796177 502272
19.8593 20797625 502272
19.8605 20799073 502272
19.8629 20800521 502272
19.8653 20801969 502272
19.8665 20803417 502272
19.8677 20804865 502272
19.8701 20806313 502272
19.8725 20807761 502272
19.8737 20809209 502272
19.8749 20810657 502272
19.8761 20812105 503808
19.8773 20813553 503808
19.8785 20815001 503808
19.8797 20816449 503808
19.8809 20817897 503808
19.8821 20819345 503808
19.8833 20820793 503808
19.8857 20822241 503808
19.8881 20823689 503808
19.8893 20825137 503808
19.8905 20826585 503808
19.8917 20828033 503808
19.8929 20829481 503808
19.8941 20830929 503808
19.8953 20832377 503808
19.8966 20833825 503808
19.8978 20835273 503808
19.899 20836721 503808
19.9014 20838169 503808
19.9038 20839617 503808
19.905 20841065 503808
19.9086 20842513 503808
19.9098 20843961 503808
19.9122 20845409 503808
19.9146 20846857 503808
19.9158 20848305 505344
19.917 20849753 505344
19.9182 20851201 505344
19.9194 20852649 505344
19.9218 20854097 505344
19.9242 20855545 505344
19.9266 20856993 505344
19.929 20858441 505344
19.9314 20859889 505344
19.9326 20861337 505344
19.9338 20862785 505344
19.935 20864233 505344
19.9362 20865681 505344
19.9374 20867129 505344
19.9386 20868577 505344
19.9398 20870025 505344
19.941 20871473 505344
19.9422 20872921 505344
19.9446 20874369 505344
19.947 20875817 505344
19.9494 20877265 505344
19.9518 20878713 506368
19.953 20880161 506368
19.9542 20881609 506368
19.9554 20883057 506368
19.9566 20884505 506368
19.9578 20885953 506368
19.959 20887401 506368
19.9602 20888849 506368
19.9614 20890297 506368
19.9626 20891745 506368
19.9638 20893193 506368
19.965 20894641 506368
19.9662 20896089 506368
19.9674 20897537 506368
19.9698 20898985 506368
19.9723 20900433 506368
19.9735 20901881 506368
19.9747 20903329 506368
19.9759 20904777 506368
19.9771 20906225 506368
19.9783 20907673 506368
19.9795 20909121 506368
19.9807 20910569 506368
19.9819 20912017 506368
19.9831 20913465 506368
19.9843 20914913 507904
19.9855 20916361 507904
19.9867 20917809 507904
19.9879 20919257 507904
19.9891 20920705 507904
19.9903 20922153 507904
19.9915 20923601 507904
19.9927 20925049 507904
19.9939 20926497 507904
19.9951 20927945 507904
19.9975 20929393 507904
19.9999 20932289 507904
20.0011 20933737 507904
20.0023 20935185 507904
20.0047 20936633 507904
20.0071 20938081 507904
20.0083 20939529 507904
20.0095 20940977 507904
20.0107 20942425 507904
20.0131 20943873 507904
20.0155 20945321 507904
20.0167 20946769 507904
20.0179 20948217 509440
20.0191 20949665 509440
20.0203 20951113 509440
20.0215 20952561 509440
20.0227 20954009 509440
20.0239 20955457 509440
20.0251 20956905 509440
20.0263 20958353 509440
20.0275 20959801 509440
20.0287 20961249 509440
20.0299 20962697 509440
20.0311 20964145 509440
20.0335 20965593 509440
20.0359 20968489 509440
20.0371 20969937 509440
20.0383 20971385 509440
20.0395 20972833 509440
20.0407 20974281 509440
20.0419 20975729 509440
20.0431 20977177 509440
20.0443 20978625 509440
20.0455 20980073 509440
20.0468 20981521 509440
20.0492 20982969 509440
20.0516 20984417 510976
20.0528 20985865 510976
20.054 20987313 510976
20.0552 20988761 510976
20.0576 20990209 510976
20.06 20993105 510976
20.0612 20994553 510976
20.0624 20996001 510976
20.0636 20997449 510976
20.0648 20998897 510976
20.066 21000345 510976
20.0684 21001793 510976
20.072 21003241 510976
20.0732 21004689 510976
20.0744 21006137 510976
20.0756 21007585 510976
20.0768 21009033 510976
20.0816 21011929 510976
20.084 21013377 510976
20.0864 21014825 510976
20.0888 21016273 510976
20.09 21017721 512512
20.0912 21019169 512512
20.0924 21020617 512512
20.0936 21022065 512512
20.0948 21023513 512512
20.096 21024961 512512
20.0972 21026409 512512
20.0984 21027857 512512
20.0996 21029305 512512
20.102 21030753 512512
20.1032 21032201 512512
20.1044 21033649 512512
20.1056 21035097 512512
20.1068 21036545 512512
20.108 21037993 512512
20.1092 21039441 512512
20.1104 21040889 512512
20.1116 21042337 512512
20.1128 21043785 512512
20.1152 21045233 512512
20.1176 21046681 512512
20.1188 21048129 512512
20.12 21049577 512512
20.1212 21051025 512512
20.1225 21052473 512512
20.1237 21053921 512512
20.1249 21055369 512512
20.1261 21056817 513536
20.1285 21058265 513536
20.1309 21061161 513536
20.1321 21062609 513536
20.1345 21064057 513536
20.1369 21065505 513536
20.1429 21066953 513536
20.1453 21068401 513536
20.1477 21069849 513536
20.1489 21071297 513536
20.1501 21072745 513536
20.1525 21074193 513536
20.1549 21075641 513536
20.1561 21077089 513536
20.1573 21078537 513536
20.1585 21079985 513536
20.1597 21081433 513536
20.1621 21082881 513536
20.1645 21084329 513536
20.1657 21085777 513536
20.1669 21087225 515072
20.1681 21088673 515072
20.1705 21090121 515072
20.1729 21093017 515072
20.1753 21094465 515072
20.1777 21095913 515072
20.1813 21097361 515072
20.1825 21098809 515072
20.1849 21100257 515072
20.1873 21101705 515072
20.1885 21103153 515072
20.1909 21104601 515072
20.1933 21106049 515072
20.1957 21107497 515072
20.1982 21108945 515072
20.1994 21110393 515072
20.2042 21111841 515072
20.2066 21113289 515072
20.209 21114737 515072
20.2114 21116185 515072
20.2138 21117633 515072
20.2162 21119081 515072
20.2198 21120529 515072
20.2222 21121977 515072
20.2258 21123425 516608
20.2282 21124873 516608
20.2294 21126321 516608
20.2318 21127769 516608
20.233 21129217 516608
20.2354 21130665 516608
20.2378 21132113 516608
20.2402 21133561 516608
20.2426 21135009 516608
20.2438 21136457 516608
20.2462 21137905 516608
20.251 21139353 516608
20.2534 21140801 516608
20.2558 21142249 516608
20.257 21143697 516608
20.2582 21145145 516608
20.2594 21146593 516608
20.2618 21148041 516608
20.2642 21149489 516608
20.2678 21150937 516608
20.2702 21152385 516608
20.2727 21153833 516608
20.2739 21155281 516608
20.2751 21156729 518144
20.2763 21158177 518144
20.2775 21159625 518144
20.2787 21161073 518144
20.2799 21162521 518144
20.2811 21163969 518144
20.2823 21165417 518144
20.2835 21166865 518144
20.2859 21168313 518144
20.2883 21171209 518144
20.2895 21172657 518144
20.2907 21174105 518144
20.2919 21175553 518144
20.2931 21177001 518144
20.2943 21178449 518144
20.2955 21179897 518144
20.2967 21181345 518144
20.2979 21182793 518144
20.2991 21184241 518144
20.3003 21185689 518144
20.3015 21187137 518144
20.3027 21188585 518144
20.3039 21190033 518144
20.3051 21191481 518144
20.3063 21192929 519680
20.3075 21194377 519680
20.3087 21195825 519680
20.3099 21197273 519680
20.3111 21198721 519680
20.3123 21200169 519680
20.3135 21201617 519680
20.3147 21203065 519680
20.3159 21204513 519680
20.3171 21205961 519680
20.3183 21207409 519680
20.3195 21208857 519680
20.3207 21210305 519680
20.3219 21211753 519680
20.3231 21213201 519680
20.3243 21214649 519680
20.3255 21216097 519680
20.3267 21217545 519680
20.3279 21218993 519680
20.3291 21220441 519680
20.3303 21221889 519680
20.3315 21223337 519680
20.3327 21224785 519680
20.3339 21226233 519680
20.3351 21227681 519680
20.3363 21229129 521216
20.3375 21230577 521216
20.3387 21232025 521216
20.3399 21233473 521216
20.3411 21234921 521216
20.3423 21236369 521216
20.3435 21237817 521216
20.3447 21239265 521216
20.3459 21240713 521216
20.3472 21242161 521216
20.3484 21243609 521216
20.3496 21245057 521216
20.3508 21246505 521216
20.352 21247953 521216
20.3532 21249401 521216
20.3544 21250849 521216
20.3556 21252297 521216
20.3568 21253745 521216
20.358 21255193 521216
20.3592 21256641 521216
20.3604 21258089 521216
20.3616 21259537 521216
20.3628 21260985 521216
20.364 21262433 521216
20.3652 21263881 521216
20.3664 21265329 521216
20.3676 21266777 521216
20.3688 21268225 522240
20.37 21269673 522240
20.3712 21271121 522240
20.3724 21272569 522240
20.3736 21274017 522240
20.3748 21275465 522240
20.376 21276913 522240
20.3772 21278361 522240
20.3784 21279809 522240
20.3796 21281257 522240
20.3808 21282705 522240
20.382 21284153 522240
20.3832 21285601 522240
20.3844 21287049 522240
20.3856 21288497 522240
20.3868 21289945 522240
20.388 21291393 522240
20.3892 21292841 522240
20.3904 21294289 522240
20.3916 21295737 522240
20.3928 21297185 522240
20.394 21298633 522240
20.3952 21300081 522240
20.3976 21301529 522240
20.4 21304425 522240
20.4012 21305873 522240
20.4024 21307321 523776
20.4036 21308769 523776
20.4048 21310217 523776
20.406 21311665 523776
20.4072 21313113 523776
20.4084 21314561 523776
20.4096 21316009 523776
20.4108 21317457 523776
20.412 21318905 523776
20.4156 21323249 523776
20.4168 21324697 523776
20.418 21326145 523776
20.4192 21327593 523776
20.4216 21329041 523776
20.4229 21330489 523776
20.4241 21331937 523776
20.4253 21333385 523776
20.4265 21334833 523776
20.4277 21336281 523776
20.4289 21337729 523776
20.4301 21339177 523776
20.4313 21340625 523776
20.4325 21342073 523776
20.4337 21343521 523776
20.4361 21344969 523776
20.4385 21346417 525312
20.4397 21347865 525312
20.4409 21349313 525312
20.4421 21350761 525312
20.4433 21352209 525312
20.4445 21353657 525312
20.4457 21355105 525312
20.4469 21356553 525312
20.4481 21358001 525312
20.4493 21359449 525312
20.4517 21360897 525312
20.4541 21363793 525312
20.4553 21365241 525312
20.4577 21366689 525312
20.4601 21368137 525312
20.4625 21369585 525312
20.4649 21371033 525312
20.4661 21372481 525312
20.4673 21373929 525312
20.4685 21375377 525312
20.4697 21376825 525312
20.4721 21378273 525312
20.4745 21379721 525312
20.4769 21381169 525312
20.4793 21382617 525312
20.4817 21384065 525312
20.4841 21385513 526848
20.4853 21386961 526848
20.4865 21388409 526848
20.4877 21389857 526848
20.4889 21391305 526848
20.4901 21392753 526848
20.4913 21394201 526848
20.4925 21395649 526848
20.4937 21397097 526848
20.4949 21398545 526848
20.4961 21399993 526848
20.4986 21401441 526848
20.4998 21402889 526848
20.5022 21404337 526848
20.5046 21405785 526848
20.5058 21407233 526848
20.507 21408681 526848
20.5082 21410129 526848
20.5094 21411577 526848
20.5106 21413025 526848
20.5118 21414473 526848
20.513 21415921 526848
20.5142 21417369 526848
20.5154 21418817 526848
20.5166 21420265 526848
20.5178 21421713 526848
20.519 21423161 526848
20.5202 21424609 526848
20.5226 21426057 526848
20.525 21427505 528384
20.5262 21428953 528384
20.5274 21430401 528384
20.5286 21431849 528384
20.5298 21433297 528384
20.531 21434745 528384
20.5322 21436193 528384
20.5334 21437641 528384
20.5346 21439089 528384
20.5358 21440537 528384
20.537 21441985 528384
20.5382 21443433 528384
20.5394 21444881 528384
20.5407 21446329 528384
20.5419 21447777 528384
20.5431 21449225 528384
20.5443 21450673 528384
20.5455 21452121 528384
20.5467 21453569 528384
20.5479 21455017 528384
20.5491 21456465 528384
20.5527 21459361 528384
20.5539 21460809 528384
20.5551 20930841 526848
20.5587 21462257 525312
20.5599 21463705 524800
20.5611 21465153 524288
20.5647 21466601 523264
21.3698 22183361 370688
21.3722 22184809 370688
21.3734 22186257 370688
21.3758 22187705 370688
21.4143 22189153 370688
21.4167 22190601 370688
21.4191 22192049 370688
21.4215 22193497 370688
21.4239 22194945 370688
21.4263 22196393 370688
21.4287 22197841 370688
21.4299 22199289 370688
21.4311 22200737 370688
21.4323 22202185 370688
21.4335 22203633 370688
21.4347 22205081 370688
21.4359 22206529 370688
21.4371 22207977 370688
21.4383 22209425 370688
21.4395 22210873 370688
21.4407 22212321 370688
21.4419 22213769 370688
21.4431 22215217 370688
21.4443 22216665 370688
21.4455 22218113 370688
21.4467 22219561 370688
21.4479 22221009 370688
21.4491 22222457 370688
21.4503 22223905 370688
21.4515 22225353 370688
21.4527 22226801 370688
21.4539 22228249 370688
21.4563 22229697 370688
21.4587 22231145 370688
21.4623 22232593 370688
21.4647 22234041 370688
21.4659 22235489 370688
21.4671 22236937 370688
21.4683 22238385 370688
21.4707 22239833 370688
21.4743 22241281 370688
21.4767 22242729 370688
21.4791 22244177 370688
21.4816 22245625 370688
21.4828 22247073 370688
21.484 22248521 370688
21.4852 22249969 370688
21.4864 22251417 370688
21.4876 22252865 370688
21.4888 22254313 370688
21.49 22255761 370688
21.4912 22257209 370688
21.4924 22258657 370688
21.4948 22260105 370688
21.4972 22261553 371712
21.4984 22263001 371712
21.4996 22264449 371712
21.5008 22265897 371712
21.502 22267345 371712
21.5032 22268793 371712
21.5044 22270241 371712
21.5056 22271689 371712
21.5068 22273137 371712
21.508 22274585 371712
21.5092 22276033 371712
21.5104 22277481 371712
21.5116 22278929 371712
21.5128 22280377 371712
21.514 22281825 371712
21.5152 22283273 371712
21.5164 22284721 371712
21.5176 22286169 371712
21.5188 22287617 371712
21.52 22289065 371712
21.5212 22290513 371712
21.5224 22291961 371712
21.5236 22293409 371712
21.5248 22294857 371712
21.526 22296305 371712
21.5272 22297753 371712
21.5284 22299201 371712
21.5296 22300649 371712
21.5308 22302097 371712
21.532 22303545 371712
21.5332 22304993 371712
21.5344 22306441 371712
21.5356 22307889 371712
21.5368 22309337 371712
21.538 22310785 371712
21.5392 22312233 371712
21.5404 22313681 371712
21.5416 22315129 371712
21.5428 22316577 371712
21.544 22318025 371712
21.5452 22319473 371712
21.5464 22320921 371712
21.5476 22322369 371712
21.5488 22323817 371712
21.5512 22325265 371712
21.5536 22326713 371712
21.5548 22328161 371712
21.556 22329609 371712
21.5573 22331057 371712
21.5585 22332505 371712
21.5597 22333953 371712
21.5609 22335401 371712
21.5621 22336849 371712
21.5633 22338297 373248
21.5645 22339745 373248
21.5657 22341193 373248
21.5669 22342641 373248
21.5681 22344089 373248
21.5693 22345537 373248
21.5705 22346985 373248
21.5717 22348433 373248
21.5729 22349881 373248
21.5741 22351329 373248
21.5753 22352777 373248
21.5765 22354225 373248
21.5777 22355673 373248
21.5789 22357121 373248
21.5801 22358569 373248
21.5813 22360017 373248
21.5825 22361465 373248
21.5837 22362913 373248
21.5849 22364361 373248
21.5861 22365809 373248
21.5873 22367257 373248
21.5885 22368705 373248
21.5897 22370153 373248
21.5909 22371601 373248
21.5921 22373049 373248
21.5933 22374497 373248
21.5945 22375945 373248
21.5957 22377393 373248
21.5969 22378841 373248
21.5981 22380289 373248
21.5993 22381737 373248
21.6005 22383185 373248
21.6017 22384633 373248
21.6029 22386081 373248
21.6041 22387529 373248
21.6053 22388977 373248
21.6065 22390425 373248
21.6077 22391873 373248
21.6101 22393321 373248
21.6125 22394769 373248
21.6149 22396217 373248
21.6161 22397665 373248
21.6173 22399113 373248
21.6185 22400561 373248
21.6197 22402009 373248
21.6209 22403457 373248
21.6221 22404905 373248
21.6233 22406353 374784
21.6245 22407801 374784
21.6257 22409249 374784
21.6269 22410697 374784
21.6293 22412145 374784
21.6318 22413593 374784
21.633 22415041 374784
21.6342 22416489 374784
21.6354 22417937 374784
21.6366 22419385 374784
21.6378 22420833 374784
21.639 22422281 374784
21.6402 22423729 374784
21.6414 22425177 374784
21.6426 22426625 374784
21.6438 22428073 374784
21.645 22429521 374784
21.6462 22430969 374784
21.6474 22432417 374784
21.6498 22433865 374784
21.6522 22435313 374784
21.6534 22436761 374784
21.6546 22438209 374784
21.6558 22439657 374784
21.657 22441105 374784
21.6582 22442553 374784
21.6594 22444001 374784
21.6606 22445449 374784
21.6618 22446897 374784
21.663 22448345 374784
21.6654 22449793 374784
21.6678 22451241 374784
21.669 22452689 374784
21.6714 22454137 374784
21.6738 22455585 374784
21.6762 22457033 374784
21.6786 22458481 374784
21.6798 22459929 374784
21.681 22461377 374784
21.6822 22462825 374784
21.6834 22464273 374784
21.6858 22465721 376320
21.6882 22467169 376320
21.6894 22468617 376320
21.6918 22470065 376320
21.6942 22471513 376320
21.6966 22472961 376320
21.699 22474409 376320
21.7014 22475857 376320
21.7026 22477305 376320
21.7038 22478753 376320
21.705 22480201 376320
21.7062 22481649 376320
21.7075 22483097 376320
21.7087 22484545 376320
21.7099 22485993 376320
21.7111 22487441 376320
21.7123 22488889 376320
21.7147 22490337 376320
21.7171 22491785 376320
21.7183 22493233 376320
21.7207 22494681 376320
21.7231 22496129 376320
21.7243 22497577 376320
21.7255 22499025 376320
21.7267 22500473 376320
21.7279 22501921 376320
21.7291 22503369 376320
21.7303 22504817 376320
21.7315 22506265 376320
21.7327 22507713 376320
21.7339 22509161 376320
21.7351 22510609 376320
21.7363 22512057 376320
21.7375 22513505 376320
21.7387 22514953 376320
21.7423 22516401 376320
21.7435 22517849 376320
21.7447 22519297 377856
21.7459 22520745 377856
21.7471 22522193 377856
21.7483 22523641 377856
21.7495 22525089 377856
21.7507 22526537 377856
21.7519 22527985 377856
21.7531 22529433 377856
21.7543 22530881 377856
21.7555 22532329 377856
21.7567 22533777 377856
21.7579 22535225 377856
21.7603 22536673 377856
21.7627 22538121 377856
21.7651 22539569 377856
21.7723 22541017 377856
21.7747 22542465 377856
21.7771 22543913 377856
21.7795 22545361 377856
21.782 22546809 377856
21.7832 22548257 377856
21.7868 22549705 377856
21.788 22551153 377856
21.7904 22552601 377856
21.7928 22554049 377856
21.794 22555497 377856
21.7952 22556945 377856
21.7964 22558393 377856
21.7976 22559841 377856
21.8 22561289 377856
21.8024 22562737 377856
21.8036 22564185 377856
21.806 22565633 377856
21.8456 22567081 378880
21.848 22568529 378880
21.8504 22569977 378880
21.8516 22571425 378880
21.854 22572873 378880
21.8564 22574321 378880
21.8589 22575769 378880
21.8613 22577217 378880
21.8625 22578665 378880
21.8637 22580113 378880
21.8649 22581561 378880
21.8661 22583009 378880
21.8673 22584457 378880
21.8685 22585905 378880
21.8697 22587353 378880
21.8709 22588801 378880
21.8721 22590249 378880
21.8733 22591697 378880
21.8745 22593145 378880
21.8757 22594593 378880
21.8769 22596041 378880
21.8781 22597489 378880
21.8793 22598937 378880
21.8805 22600385 378880
21.8817 22601833 378880
21.8829 22603281 378880
21.8841 22604729 378880
21.8853 22606177 378880
21.8865 22607625 378880
21.8889 22609073 378880
21.8913 22610521 378880
21.8961 22611969 380416
21.8973 22613417 380416
21.8985 22614865 380416
21.8997 22616313 380416
21.9021 22617761 380416
21.9045 22619209 380416
21.9057 22620657 380416
21.9093 22622105 380416
21.9117 22623553 380416
21.9141 22625001 380416
21.9153 22626449 380416
21.9165 22627897 380416
21.9177 22629345 380416
21.9189 22630793 380416
21.9201 22632241 380416
21.9213 22633689 380416
21.9225 22635137 380416
21.9237 22636585 380416
21.9249 22638033 380416
21.9273 22639481 380416
21.9297 22640929 380416
21.9309 22642377 380416
21.9322 22643825 380416
21.9334 22645273 380416
21.9346 22646721 380416
21.9358 22648169 380416
21.937 22649617 380416
21.9382 22651065 380416
21.9394 22652513 380416
21.9406 22653961 381952
21.9418 22655409 381952
21.943 22656857 381952
21.9442 22658305 381952
21.9454 22659753 381952
21.9466 22661201 381952
21.9478 22662649 381952
21.949 22664097 381952
21.9502 22665545 381952
21.9514 22666993 381952
21.9526 22668441 381952
21.9538 22669889 381952
21.955 22671337 381952
21.9562 22672785 381952
21.9574 22674233 381952
21.9586 22675681 381952
21.9598 22677129 381952
21.961 22678577 381952
21.9622 22680025 381952
21.9634 22681473 381952
21.9646 22682921 381952
21.9658 22684369 381952
21.967 22685817 381952
21.9682 22687265 381952
21.9694 22688713 381952
21.9706 22690161 381952
21.9718 22691609 381952
21.973 22693057 381952
21.9742 22694505 381952
21.9754 22695953 381952
21.9766 22697401 381952
21.9778 22698849 383488
21.979 22700297 383488
21.9802 22701745 383488
21.9814 22703193 383488
21.9826 22704641 383488
21.9838 22706089 383488
21.9862 22707537 383488
21.9886 22708985 383488
21.991 22710433 383488
21.9934 22711881 383488
21.9946 22713329 383488
21.9958 22714777 383488
21.997 22716225 383488
21.9982 22717673 383488
21.9994 22719121 383488
22.0006 22720569 383488
22.0018 22722017 383488
22.003 22723465 383488
22.0042 22724913 383488
22.0054 22726361 383488
22.0066 22727809 383488
22.0079 22729257 383488
22.0091 22730705 383488
22.0103 22732153 383488
22.0115 22733601 383488
22.0127 22735049 383488
22.0139 22736497 383488
22.0151 22737945 383488
22.0163 22739393 383488
22.0175 22740841 385024
22.0187 22742289 385024
22.0199 22743737 385024
22.0211 22745185 385024
22.0223 22746633 385024
22.0235 22748081 385024
22.0247 22749529 385024
22.0259 22750977 385024
22.0271 22752425 385024
22.0283 22753873 385024
22.0295 22755321 385024
22.0307 22756769 385024
22.0319 22758217 385024
22.0331 22759665 385024
22.0343 22761113 385024
22.0355 22762561 385024
22.0367 22764009 385024
22.0379 22765457 385024
22.0391 22766905 385024
22.0403 22768353 385024
22.0415 22769801 385024
22.0427 22771249 385024
22.0439 22772697 385024
22.0451 22774145 385024
22.0475 22775593 385024
22.0499 22777041 385024
22.0511 22778489 385024
22.0535 22779937 385024
22.0559 22781385 385024
22.0571 22782833 385024
22.0583 22784281 385024
22.0595 22785729 385024
22.0607 22787177 385024
22.0619 22788625 386560
22.0631 22790073 386560
22.0643 22791521 386560
22.0655 22792969 386560
22.0667 22794417 386560
22.0679 22795865 386560
22.0691 22797313 386560
22.0715 22798761 386560
22.0739 22800209 386560
22.0751 22801657 386560
22.0763 22803105 386560
22.0775 22804553 386560
22.0787 22806001 386560
22.0799 22807449 386560
22.0811 22808897 386560
22.0824 22810345 386560
22.0836 22811793 386560
22.0848 22813241 386560
22.086 22814689 386560
22.0872 22816137 386560
22.0884 22817585 386560
22.0896 22819033 386560
22.092 22820481 386560
22.0944 22821929 386560
22.0956 22823377 386560
22.0968 22824825 386560
22.098 22826273 386560
22.0992 22827721 386560
22.1004 22829169 386560
22.1016 22830617 386560
22.1028 22832065 386560
22.104 22833513 387584
22.1052 22834961 387584
22.1064 22836409 387584
22.1088 22837857 387584
22.1112 22839305 387584
22.1136 22840753 387584
22.116 22842201 387584
22.1184 22843649 387584
22.1208 22845097 387584
22.1232 22846545 387584
22.1244 22847993 387584
22.1256 22849441 387584
22.1268 22850889 387584
22.128 22852337 387584
22.1304 22853785 387584
22.1328 22855233 387584
22.134 22856681 387584
22.1364 22858129 387584
22.1388 22859577 387584
22.1412 22861025 387584
22.1436 22862473 387584
22.1448 22863921 387584
22.146 22865369 387584
22.1472 22866817 387584
22.1484 22868265 387584
22.1496 22869713 387584
22.1508 22871161 387584
22.152 22872609 389120
22.1532 22874057 389120
22.1544 22875505 389120
22.1568 22876953 389120
22.1593 22878401 389120
22.1605 22879849 389120
22.1617 22881297 389120
22.1641 22882745 389120
22.1665 22884193 389120
22.1677 22885641 389120
22.1689 22887089 389120
22.1701 22888537 389120
22.1713 22889985 389120
22.1725 22891433 389120
22.1737 22892881 389120
22.1749 22894329 389120
22.1761 22895777 389120
22.1773 22897225 389120
22.1785 22898673 389120
22.1797 22900121 389120
22.1809 22901569 389120
22.1821 22903017 389120
22.1845 22904465 389120
22.1869 22905913 389120
22.1881 22907361 389120
22.1893 22908809 389120
22.1905 22910257 389120
22.1917 22911705 389120
22.1929 22913153 389120
22.1941 22914601 390656
22.1953 22916049 390656
22.1965 22917497 390656
22.1977 22918945 390656
22.1989 22920393 390656
22.2001 22921841 390656
22.2013 22923289 390656
22.2025 22924737 390656
22.2037 22926185 390656
22.2061 22927633 390656
22.2085 22929081 390656
22.2181 22930529 390656
22.2205 22931977 390656
22.2253 22933425 390656
22.2277 22934873 390656
22.2326 22936321 390656
22.235 22937769 390656
22.2422 22939217 390656
22.2458 22940665 390656
22.2506 22942113 390656
22.253 22943561 390656
22.2542 22945009 390656
22.2554 22946457 390656
22.2566 22947905 390656
22.2578 22949353 390656
22.2602 22950801 390656
22.2626 22952249 390656
22.2638 22953697 390656
22.2662 22955145 390656
22.3058 22956593 392192
22.3083 22958041 392192
22.3107 22959489 392192
22.3131 22960937 392192
22.3155 22962385 392192
22.3167 22963833 392192
22.3191 22965281 392192
22.3215 22966729 392192
22.3239 22968177 392192
22.3263 22969625 392192
22.3275 22971073 392192
22.3287 22972521 392192
22.3299 22973969 392192
22.3311 22975417 392192
22.3323 22976865 392192
22.3335 22978313 392192
22.3347 22979761 392192
22.3359 22981209 392192
22.3371 22982657 392192
22.3383 22984105 392192
22.3395 22985553 392192
22.3407 22987001 392192
22.3419 22988449 392192
22.3431 22989897 392192
22.3443 22991345 392192
22.3455 22992793 392192
22.3467 22994241 392192
22.3479 22995689 392192
22.3491 22997137 392192
22.3503 22998585 393728
22.3515 23000033 393728
22.3527 23001481 393728
22.3551 23002929 393728
22.3575 23004377 393728
22.3611 23005825 393728
22.3623 23007273 393728
22.3635 23008721 393728
22.3659 23010169 393728
22.3683 23011617 393728
22.3695 23013065 393728
22.3731 23014513 393728
22.3755 23015961 393728
22.3779 23017409 393728
22.3791 23018857 393728
22.3803 23020305 393728
22.3815 23021753 393728
22.3828 23023201 393728
22.384 23024649 393728
22.3852 23026097 393728
22.3864 23027545 393728
22.3876 23028993 393728
22.3888 23030441 393728
22.3912 23031889 393728
22.3936 23033337 393728
22.396 23034785 393728
22.3972 23036233 393728
22.3984 23037681 395264
22.3996 23039129 395264
22.4008 23040577 395264
22.402 23042025 395264
22.4032 23043473 395264
22.4044 23044921 395264
22.4056 23046369 395264
22.4068 23047817 395264
22.408 23049265 395264
22.4092 23050713 395264
22.4104 23052161 395264
22.4116 23053609 395264
22.4128 23055057 395264
22.414 23056505 395264
22.4152 23057953 395264
22.4164 23059401 395264
22.4176 23060849 395264
22.4188 23062297 395264
22.42 23063745 395264
22.4212 23065193 395264
22.4224 23066641 395264
22.4236 23068089 395264
22.4248 23069537 395264
22.426 23070985 395264
22.4272 23072433 395264
22.4284 23073881 395264
22.4296 23075329 395264
22.4308 23076777 395264
22.432 23078225 395264
22.4332 23079673 395264
22.4344 23081121 395264
22.4356 23082569 396288
22.4368 23084017 396288
22.438 23085465 396288
22.4392 23086913 396288
22.4404 23088361 396288
22.4416 23089809 396288
22.4428 23091257 396288
22.444 23092705 396288
22.4452 23094153 396288
22.4464 23095601 396288
22.4476 23097049 396288
22.4488 23098497 396288
22.45 23099945 396288
22.4512 23101393 396288
22.4536 23102841 396288
22.456 23104289 396288
22.4585 23105737 396288
22.4621 23107185 396288
22.4645 23108633 396288
22.4669 23110081 396288
22.4693 23111529 396288
22.4705 23112977 396288
22.4717 23114425 396288
22.4729 23115873 396288
22.4741 23117321 396288
22.4753 23118769 396288
22.4765 23120217 396288
22.4777 23121665 396288
22.4789 23123113 396288
22.4801 23124561 396288
22.4813 23126009 396288
22.4825 23127457 397824
22.4837 23128905 397824
22.4849 23130353 397824
22.4861 23131801 397824
22.4873 23133249 397824
22.4885 23134697 397824
22.4897 23136145 397824
22.4909 23137593 397824
22.4921 23139041 397824
22.4933 23140489 397824
22.4945 23141937 397824
22.4957 23143385 397824
22.4969 23144833 397824
22.4981 23146281 397824
22.4993 23147729 397824
22.5005 23149177 397824
22.5017 23150625 397824
22.5029 23152073 397824
22.5041 23153521 397824
22.5053 23154969 397824
22.5065 23156417 397824
22.5077 23157865 397824
22.5089 23159313 397824
22.5101 23160761 397824
22.5113 23162209 397824
22.5125 23163657 397824
22.5137 23165105 397824
22.5149 23166553 397824
22.5161 23168001 397824
22.5173 23169449 397824
22.5197 23170897 397824
22.5221 23172345 399360
22.5233 23173793 399360
22.5245 23175241 399360
22.5257 23176689 399360
22.5281 23178137 399360
22.5305 23179585 399360
22.5317 23181033 399360
22.533 23182481 399360
22.5342 23183929 399360
22.5354 23185377 399360
22.5366 23186825 399360
22.5378 23188273 399360
22.539 23189721 399360
22.5402 23191169 399360
22.5414 23192617 399360
22.5426 23194065 399360
22.5438 23195513 399360
22.5462 23196961 399360
22.5486 23198409 399360
22.5498 23199857 399360
22.551 23201305 399360
22.5522 23202753 399360
22.5534 23204201 399360
22.5546 23205649 399360
22.5558 23207097 399360
22.557 23208545 399360
22.5582 23209993 399360
22.5594 23211441 399360
22.5606 23212889 399360
22.5618 23214337 399360
22.563 23215785 399360
22.5642 23217233 400896
22.5666 23218681 400896
22.569 23220129 400896
22.5702 23221577 400896
22.5714 23223025 400896
22.5726 23224473 400896
22.5738 23225921 400896
22.575 23227369 400896
22.5762 23228817 400896
22.5774 23230265 400896
22.5786 23231713 400896
22.5798 23233161 400896
22.581 23234609 400896
22.5822 23236057 400896
22.5846 23237505 400896
22.587 23238953 400896
22.5894 23240401 400896
22.5918 23241849 400896
22.5942 23243297 400896
22.5966 23244745 400896
22.599 23246193 400896
22.6014 23247641 400896
22.6026 23249089 400896
22.6038 23250537 400896
22.605 23251985 400896
22.6062 23253433 400896
22.6087 23254881 400896
22.6111 23256329 400896
22.6123 23257777 400896
22.6147 23259225 400896
22.6171 23260673 400896
22.6195 23262121 402432
22.6219 23263569 402432
22.6231 23265017 402432
22.6243 23266465 402432
22.6255 23267913 402432
22.6267 23269361 402432
22.6279 23270809 402432
22.6291 23272257 402432
22.6303 23273705 402432
22.6315 23275153 402432
22.6327 23276601 402432
22.6339 23278049 402432
22.6363 23279497 402432
22.6387 23280945 402432
22.6399 23282393 402432
22.6411 23283841 402432
22.6435 23285289 402432
22.6459 23286737 402432
22.6471 23288185 402432
22.6483 23289633 402432
22.6495 23291081 402432
22.6507 23292529 402432
22.6519 23293977 402432
22.6531 23295425 402432
22.6543 23296873 402432
22.6555 23298321 402432
22.6567 23299769 402432
22.6579 23301217 402432
22.6591 23302665 402432
22.6603 23304113 402432
22.6615 23305561 402432
22.6639 23307009 402432
22.6663 23308457 402432
22.6675 23309905 403968
22.6687 23311353 403968
22.6699 23312801 403968
22.6711 23314249 403968
22.6723 23315697 403968
22.6735 23317145 403968
22.6747 23318593 403968
22.6759 23320041 403968
22.6771 23321489 403968
22.6783 23322937 403968
22.6795 23324385 403968
22.6807 23325833 403968
22.6819 23327281 403968
22.6832 23328729 403968
22.6844 23330177 403968
22.6868 23331625 403968
22.6892 23333073 403968
22.7012 23334521 403968
22.7036 23335969 403968
22.7108 23337417 403968
22.7132 23338865 403968
22.7204 23340313 403968
22.7228 23341761 403968
22.7372 23343209 403968
22.7396 23344657 403968
22.7492 23346105 403968
22.7516 23347553 403968
22.754 23349001 403968
22.7564 23350449 403968
22.7589 23351897 404992
22.7625 23353345 404992
22.7661 23354793 404992
22.7697 23356241 404992
22.7721 23357689 404992
22.7757 23359137 404992
22.7781 23360585 404992
22.8189 23362033 404992
22.8213 23363481 404992
22.8237 23364929 404992
22.8261 23366377 404992
22.8285 23367825 404992
22.8297 23369273 404992
22.8321 23370721 404992
22.8346 23372169 404992
22.837 23373617 404992
22.8394 23375065 404992
22.8406 23376513 404992
22.8418 23377961 404992
22.843 23379409 404992
22.8442 23380857 404992
22.8454 23382305 404992
22.8466 23383753 404992
22.8478 23385201 404992
22.849 23386649 404992
22.8502 23388097 404992
22.8514 23389545 404992
22.8526 23390993 404992
22.8538 23392441 404992
22.855 23393889 404992
22.8562 23395337 404992
22.8574 23396785 404992
22.8586 23398233 404992
22.8598 23399681 406528
22.861 23401129 406528
22.8622 23402577 406528
22.8634 23404025 406528
22.8646 23405473 406528
22.8658 23406921 406528
22.867 23408369 406528
22.8694 23409817 406528
22.8718 23411265 406528
22.8754 23412713 406528
22.8766 23414161 406528
22.8778 23415609 406528
22.8802 23417057 406528
22.8826 23418505 406528
22.8838 23419953 406528
22.8874 23421401 406528
22.8898 23422849 406528
22.8922 23424297 406528
22.8934 23425745 406528
22.8946 23427193 406528
22.8958 23428641 406528
22.897 23430089 406528
22.8982 23431537 406528
22.8994 23432985 406528
22.9006 23434433 406528
22.9018 23435881 406528
22.903 23437329 406528
22.9054 23438777 406528
22.9078 23440225 406528
22.9091 23441673 406528
22.9103 23443121 406528
22.9115 23444569 408064
22.9127 23446017 408064
22.9139 23447465 408064
22.9151 23448913 408064
22.9163 23450361 408064
22.9175 23451809 408064
22.9187 23453257 408064
22.9199 23454705 408064
22.9211 23456153 408064
22.9223 23457601 408064
22.9235 23459049 408064
22.9247 23460497 408064
22.9259 23461945 408064
22.9271 23463393 408064
22.9283 23464841 408064
22.9295 23466289 408064
22.9307 23467737 408064
22.9319 23469185 408064
22.9331 23470633 408064
22.9343 23472081 408064
22.9355 23473529 408064
22.9367 23474977 408064
22.9379 23476425 408064
22.9391 23477873 408064
22.9403 23479321 408064
22.9415 23480769 408064
22.9427 23482217 408064
22.9439 23483665 408064
22.9451 23485113 408064
22.9463 23486561 408064
22.9475 23488009 408064
22.9487 23489457 408064
22.9499 23490905 408064
22.9511 23492353 409600
22.9523 23493801 409600
22.9535 23495249 409600
22.9547 23496697 409600
22.9559 23498145 409600
22.9571 23499593 409600
22.9583 23501041 409600
22.9595 23502489 409600
22.9607 23503937 409600
22.9619 23505385 409600
22.9631 23506833 409600
22.9643 23508281 409600
22.9655 23509729 409600
22.9679 23511177 409600
22.9703 23512625 409600
22.9727 23514073 409600
22.9751 23515521 409600
22.9811 23516969 409600
22.9836 23518417 409600
22.9884 23519865 409600
22.9908 23521313 409600
22.9932 23522761 409600
22.9956 23524209 409600
22.998 23525657 409600
22.9992 23527105 409600
23.0004 23528553 409600
23.0016 23530001 409600
23.0028 23531449 409600
23.004 23532897 409600
23.0052 23534345 409600
23.0064 23535793 409600
23.0076 23537241 411136
23.0088 23538689 411136
23.01 23540137 411136
23.0112 23541585 411136
23.0124 23543033 411136
23.0136 23544481 411136
23.0148 23545929 411136
23.016 23547377 411136
23.0172 23548825 411136
23.0184 23550273 411136
23.0196 23551721 411136
23.0208 23553169 411136
23.022 23554617 411136
23.0232 23556065 411136
23.0244 23557513 411136
23.0256 23558961 411136
23.0268 23560409 411136
23.028 23561857 411136
23.0292 23563305 411136
23.0304 23564753 411136
23.0316 23566201 411136
23.0328 23567649 411136
23.034 23569097 411136
23.0352 23570545 411136
23.0364 23571993 411136
23.0376 23573441 411136
23.0388 23574889 411136
23.04 23576337 411136
23.0412 23577785 411136
23.0436 23579233 411136
23.046 23580681 411136
23.0484 23582129 411136
23.0496 23583577 411136
23.0508 23585025 411136
23.052 23586473 411136
23.0544 23587921 411136
23.0568 23589369 411136
23.058 23590817 412672
23.0593 23592265 412672
23.0605 23593713 412672
23.0617 23595161 412672
23.0629 23596609 412672
23.0641 23598057 412672
23.0653 23599505 412672
23.0665 23600953 412672
23.0677 23602401 412672
23.0689 23603849 412672
23.0701 23605297 412672
23.0725 23606745 412672
23.0749 23608193 412672
23.0761 23609641 412672
23.0773 23611089 412672
23.0785 23612537 412672
23.0797 23613985 412672
23.0809 23615433 412672
23.0821 23616881 412672
23.0833 23618329 412672
23.0845 23619777 412672
23.0857 23621225 412672
23.0869 23622673 412672
23.0881 23624121 412672
23.0893 23625569 412672
23.0905 23627017 412672
23.0917 23628465 412672
23.0941 23629913 412672
23.0965 23631361 412672
23.0977 23632809 412672
23.0989 23634257 412672
23.1001 23635705 412672
23.1013 23637153 412672
23.1025 23638601 412672
23.1037 23640049 412672
23.1049 23641497 413696
23.1061 23642945 413696
23.1073 23644393 413696
23.1085 23645841 413696
23.1097 23647289 413696
23.1121 23648737 413696
23.1145 23650185 413696
23.1157 23651633 413696
23.1181 23653081 413696
23.1205 23654529 413696
23.1229 23655977 413696
23.1253 23657425 413696
23.1277 23658873 413696
23.1301 23660321 413696
23.1313 23661769 413696
23.1325 23663217 413696
23.1338 23664665 413696
23.135 23666113 413696
23.1374 23667561 413696
23.1398 23669009 413696
23.141 23670457 413696
23.1434 23671905 413696
23.1458 23673353 413696
23.1482 23674801 413696
23.1506 23676249 413696
23.1518 23677697 413696
23.153 23679145 413696
23.1542 23680593 413696
23.1554 23682041 413696
23.1566 23683489 413696
23.1578 23684937 413696
23.159 23686385 413696
23.1602 23687833 413696
23.1614 23689281 413696
23.1626 23690729 413696
23.165 23692177 413696
23.1674 23693625 413696
23.1686 23695073 415232
23.1698 23696521 415232
23.1722 23697969 415232
23.1746 23699417 415232
23.1758 23700865 415232
23.177 23702313 415232
23.1782 23703761 415232
23.1794 23705209 415232
23.1806 23706657 415232
23.1818 23708105 415232
23.183 23709553 415232
23.1842 23711001 415232
23.1854 23712449 415232
23.1866 23713897 415232
23.1878 23715345 415232
23.189 23716793 415232
23.1902 23718241 415232
23.1914 23719689 415232
23.1938 23721137 415232
23.1962 23722585 415232
23.1974 23724033 415232
23.1986 23725481 415232
23.1998 23726929 415232
23.201 23728377 415232
23.2022 23729825 415232
23.2034 23731273 415232
23.2046 23732721 415232
23.2058 23734169 415232
23.207 23735617 415232
23.2082 23737065 415232
23.2095 23738513 415232
23.2107 23739961 415232
23.2119 23741409 415232
23.2131 23742857 415232
23.2143 23744305 415232
23.2155 23745753 416768
23.2179 23747201 416768
23.2203 23748649 416768
23.2323 23750097 416768
23.2347 23751545 416768
23.2443 23752993 416768
23.2467 23754441 416768
23.2563 23755889 416768
23.2587 23757337 416768
23.2815 23758785 416768
23.284 23760233 416768
23.2984 23761681 416768
23.3008 23763129 416768
23.3056 23764577 416768
23.3068 23766025 416768
23.3104 23767473 416768
23.3116 23768921 416768
23.3176 23770369 416768
23.3188 23771817 416768
23.3236 23773265 416768
23.3248 23774713 416768
23.3296 23776161 416768
23.3308 23777609 416768
23.3729 23779057 416768
23.3741 23780505 416768
23.3765 23781953 416768
23.3789 23783401 416768
23.3801 23784849 416768
23.3825 23786297 416768
23.3849 23787745 416768
23.3873 23789193 416768
23.3897 23790641 416768
23.3909 23792089 416768
23.3921 23793537 418304
23.3933 23794985 418304
23.3945 23796433 418304
23.3957 23797881 418304
23.3969 23799329 418304
23.3981 23800777 418304
23.3993 23802225 418304
23.4005 23803673 418304
23.4017 23805121 418304
23.4029 23806569 418304
23.4041 23808017 418304
23.4053 23809465 418304
23.4065 23810913 418304
23.4077 23812361 418304
23.4089 23813809 418304
23.4101 23815257 418304
23.4113 23816705 418304
23.4125 23818153 418304
23.4137 23819601 418304
23.4149 23821049 418304
23.4161 23822497 418304
23.4173 23823945 418304
23.4197 23825393 418304
23.4221 23828289 418304
23.4257 23829737 418304
23.4269 23831185 418304
23.4281 23832633 418304
23.4305 23834081 418304
23.4329 23835529 418304
23.4342 23836977 418304
23.4378 23838425 418304
23.4402 23839873 418304
23.4426 23841321 418304
23.4438 23842769 418304
23.445 23844217 418304
23.4462 23845665 418304
23.4474 23847113 419840
23.4486 23848561 419840
23.4498 23850009 419840
23.451 23851457 419840
23.4522 23852905 419840
23.4534 23854353 419840
23.4558 23855801 419840
23.4582 23858697 419840
23.4594 23860145 419840
23.4606 23861593 419840
23.4618 23863041 419840
23.463 23864489 419840
23.4642 23865937 419840
23.4654 23867385 419840
23.4666 23868833 419840
23.4678 23870281 419840
23.469 23871729 419840
23.4702 23873177 419840
23.4714 23874625 419840
23.4726 23876073 419840
23.4738 23877521 419840
23.475 23878969 419840
23.4762 23880417 419840
23.4774 23881865 419840
23.4786 23883313 419840
23.4798 23884761 419840
23.481 23886209 419840
23.4822 23887657 419840
23.4834 23889105 419840
23.4846 23890553 419840
23.4858 23892001 419840
23.487 23893449 419840
23.4882 23894897 419840
23.4894 23896345 419840
23.4906 23897793 419840
23.4918 23899241 419840
23.493 23900689 420864
23.4942 23902137 420864
23.4954 23903585 420864
23.4966 23905033 420864
23.4978 23906481 420864
23.499 23907929 420864
23.5002 23909377 420864
23.5014 23910825 420864
23.5026 23912273 420864
23.5038 23913721 420864
23.505 23915169 420864
23.5062 23916617 420864
23.5074 23918065 420864
23.5086 23919513 420864
23.5099 23920961 420864
23.5111 23922409 420864
23.5123 23923857 420864
23.5135 23925305 420864
23.5147 23926753 420864
23.5159 23928201 420864
23.5171 23929649 420864
23.5183 23931097 420864
23.5207 23932545 420864
23.5243 23933993 420864
23.5255 23935441 420864
23.5327 23936889 420864
23.5339 23938337 420864
23.5399 23939785 420864
23.5411 23941233 420864
23.5447 23942681 420864
23.5459 23944129 420864
23.5495 23945577 420864
23.5507 23947025 420864
23.5519 23948473 420864
23.5531 23949921 420864
23.5543 23951369 420864
23.5555 23952817 420864
23.5567 23954265 422400
23.5579 23955713 422400
23.5591 23957161 422400
23.5603 23958609 422400
23.5615 23960057 422400
23.5627 23961505 422400
23.5639 23962953 422400
23.5651 23964401 422400
23.5663 23965849 422400
23.5675 23967297 422400
23.5687 23968745 422400
23.5699 23970193 422400
23.5711 23971641 422400
23.5723 23973089 422400
23.5735 23974537 422400
23.5747 23975985 422400
23.5759 23977433 422400
23.5771 23978881 422400
23.5783 23980329 422400
23.5795 23981777 422400
23.5807 23983225 422400
23.5819 23984673 422400
23.5831 23986121 422400
23.5844 23987569 422400
23.5856 23989017 422400
23.5868 23990465 422400
23.588 23991913 422400
23.5892 23993361 422400
23.5904 23994809 422400
23.5916 23996257 422400
23.5928 23997705 422400
23.5964 24002049 422400
23.5988 24003497 422400
23.6012 24004945 422400
23.6024 24006393 422400
23.6036 24007841 422400
23.6048 24009289 422400
23.6072 24010737 422400
23.6096 24012185 422400
23.6108 24013633 422400
23.612 24015081 422400
23.6132 24016529 423936
23.6144 24017977 423936
23.6156 24019425 423936
23.6168 24020873 423936
23.618 24022321 423936
23.6192 24023769 423936
23.6204 24025217 423936
23.6216 24026665 423936
23.6228 24028113 423936
23.624 24029561 423936
23.6276 24032457 423936
23.6288 24033905 423936
23.63 24035353 423936
23.6312 24036801 423936
23.6324 24038249 423936
23.6336 24039697 423936
23.6348 24041145 423936
23.636 24042593 423936
23.6372 24044041 423936
23.6384 24045489 423936
23.6396 24046937 423936
23.6408 24048385 423936
23.642 24049833 423936
23.6432 24051281 423936
23.6444 24052729 423936
23.6468 24054177 423936
23.6492 24055625 423936
23.6504 24057073 423936
23.6516 24058521 423936
23.6528 24059969 423936
23.654 24061417 423936
23.6552 24062865 423936
23.6564 24064313 423936
23.6576 24065761 423936
23.6588 24067209 423936
23.6601 24068657 423936
23.6613 24070105 423936
23.6625 24071553 423936
23.6649 24073001 423936
23.6673 24074449 423936
23.6685 24075897 425472
23.6709 24077345 425472
23.6733 24080241 425472
23.6757 24081689 425472
23.6781 24083137 425472
23.6805 24084585 425472
23.6829 24086033 425472
23.6841 24087481 425472
23.6853 24088929 425472
23.6865 24090377 425472
23.6877 24091825 425472
23.6901 24093273 425472
23.6925 24094721 425472
23.6937 24096169 425472
23.6961 24097617 425472
23.6985 24099065 425472
23.7009 24100513 425472
23.7033 24101961 425472
23.7045 24103409 425472
23.7057 24104857 425472
23.7069 24106305 425472
23.7081 24107753 425472
23.7093 24109201 425472
23.7105 24110649 425472
23.7117 24112097 425472
23.7129 24113545 425472
23.7141 24114993 425472
23.7153 24116441 425472
23.7177 24117889 425472
23.7201 24119337 425472
23.7213 24120785 425472
23.7225 24122233 425472
23.7249 24123681 425472
23.7273 24125129 425472
23.7285 24126577 425472
23.7297 24128025 425472
23.7309 24129473 425472
23.7321 24130921 425472
23.7333 24132369 425472
23.7346 24133817 425472
23.7358 24135265 425472
23.737 24136713 425472
23.7382 24138161 427008
23.7394 24139609 427008
23.7406 24141057 427008
23.7418 24142505 427008
23.743 24143953 427008
23.7442 24145401 427008
23.7454 24146849 427008
23.7478 24148297 427008
23.749 24149745 427008
23.7502 24151193 427008
23.7514 24152641 427008
23.7526 24154089 427008
23.7538 24155537 427008
23.755 24156985 427008
23.7562 24158433 427008
23.7574 24159881 427008
23.7586 24161329 427008
23.7598 24162777 427008
23.761 24164225 427008
23.7622 24165673 427008
23.7634 24167121 427008
23.7646 24168569 427008
23.7658 24170017 427008
23.767 24171465 427008
23.7682 24172913 427008
23.7706 24174361 427008
23.773 24175809 427008
23.7862 24177257 427008
23.7874 24178705 427008
23.7982 24180153 427008
23.7994 24181601 427008
23.8103 24183049 427008
23.8115 24184497 427008
23.8355 24185945 427008
23.8367 24187393 427008
23.8523 24188841 427008
23.8535 24190289 427008
23.8583 24191737 427008
23.8595 24193185 427008
23.8631 24194633 427008
23.8643 24196081 427008
23.8703 24197529 427008
23.8715 24198977 427008
23.8763 24200425 428544
23.8775 24201873 428544
23.8787 24203321 428544
23.8823 24204769 428544
23.8835 24206217 428544
23.9184 24207665 428544
23.9196 24209113 428544
23.9208 24210561 428544
23.922 24212009 428544
23.9232 24213457 428544
23.9244 24214905 428544
23.9256 24216353 428544
23.9268 24217801 428544
23.928 24219249 428544
23.9292 24220697 428544
23.9304 24222145 428544
23.9316 24223593 428544
23.9328 24225041 428544
23.934 24226489 428544
23.9352 24227937 428544
23.9364 24229385 428544
23.9376 24230833 428544
23.9388 24232281 428544
23.94 24233729 428544
23.9412 24235177 428544
23.9424 24236625 428544
23.9436 24238073 428544
23.9448 24239521 428544
23.946 24240969 428544
23.9472 24242417 428544
23.9484 24243865 428544
23.9496 24245313 428544
23.9508 24246761 428544
23.952 24248209 428544
23.9532 24249657 428544
23.9544 24251105 428544
23.9556 24252553 428544
23.9568 24254001 428544
23.958 24255449 428544
23.9592 24256897 428544
23.9605 23826841 427008
23.9617 24258345 425472
23.9629 24259793 424448
23.9641 24261241 424448
23.9677 24262689 423424
23.9689 24264137 422912
24.524 24668129 301056
24.5252 24669577 301056
24.5288 24671025 301056
24.53 24672473 301056
24.5312 24673921 301056
24.5324 24675369 301056
24.5336 24676817 301056
24.5348 24678265 301056
24.5384 24679713 301056
24.5396 24681161 301056
24.542 24682609 301056
24.5432 24684057 301056
24.5468 24685505 301056
24.548 24686953 301056
24.5504 24688401 301056
24.5516 24689849 301056
24.5528 24691297 301056
24.554 24692745 301056
24.5552 24694193 301056
24.5564 24695641 301056
24.5576 24697089 301056
24.5588 24698537 301056
24.56 24699985 301056
24.5613 24701433 301056
24.5637 24702881 301056
24.5649 24704329 301056
24.5673 24705777 301056
24.5685 24707225 301056
24.5709 24708673 301056
24.5721 24710121 301056
24.5745 24711569 301056
24.5757 24713017 301056
24.5769 24714465 301056
24.5781 24715913 301056
24.5793 24717361 301056
24.5805 24718809 301056
24.5817 24720257 301056
24.5829 24721705 301056
24.5841 24723153 301056
24.5853 24724601 301056
24.5865 24726049 301056
24.5877 24727497 301056
24.5889 24728945 301056
24.5901 24730393 301056
24.5913 24731841 301056
24.5925 24733289 301056
24.5949 24734737 301056
24.5961 24736185 301056
24.5973 24737633 301056
24.5985 24739081 301056
24.5997 24740529 301056
24.6009 24741977 301056
24.6021 24743425 301056
24.6033 24744873 301056
24.6045 24746321 301056
24.6057 24747769 301056
24.6069 24749217 301056
24.6081 24750665 301056
24.6093 24752113 301056
24.6105 24753561 301056
24.6117 24755009 301056
24.6129 24756457 301056
24.6141 24757905 301056
24.6153 24759353 301056
24.6165 24760801 302592
24.6177 24762249 302592
24.6201 24763697 302592
24.6321 24765145 302592
24.6333 24766593 302592
24.6442 24768041 302592
24.6454 24769489 302592
24.6562 24770937 302592
24.6574 24772385 302592
24.6826 24773833 302592
24.6838 24775281 302592
24.6994 24776729 302592
24.7006 24778177 302592
24.7042 24779625 302592
24.7054 24781073 302592
24.7102 24782521 302592
24.7115 24783969 302592
24.7175 24785417 302592
24.7187 24786865 302592
24.7223 24788313 302592
24.7235 24789761 302592
24.7271 24791209 302592
24.7283 24792657 302592
24.7727 24794105 303616
24.7751 24795553 303616
24.7775 24797001 303616
24.7811 24798449 303616
24.7835 24799897 303616
24.7884 24801345 303616
24.7908 24802793 303616
24.7956 24804241 303616
24.798 24805689 303616
24.8028 24807137 303616
24.8052 24808585 303616
24.8088 24810033 303616
24.8112 24811481 303616
24.8136 24812929 303616
24.816 24814377 303616
24.8184 24815825 303616
24.8208 24817273 303616
24.8232 24818721 303616
24.8256 24820169 303616
24.828 24821617 303616
24.8292 24823065 303616
24.8304 24824513 303616
24.8316 24825961 303616
24.8328 24827409 303616
24.834 24828857 303616
24.8352 24830305 303616
24.8364 24831753 303616
24.8376 24833201 303616
24.8388 24834649 303616
24.84 24836097 303616
24.8412 24837545 303616
24.8424 24838993 303616
24.8436 24840441 303616
24.8448 24841889 305152
24.846 24843337 305152
24.8472 24844785 305152
24.8484 24846233 305152
24.8496 24847681 305152
24.8508 24849129 305152
24.852 24850577 305152
24.8532 24852025 305152
24.8544 24853473 305152
24.8556 24854921 305152
24.8568 24856369 305152
24.858 24857817 305152
24.8592 24859265 305152
24.8604 24860713 305152
24.8629 24862161 305152
24.8701 24863609 305152
24.8713 24865057 305152
24.8725 24866505 305152
24.8737 24867953 305152
24.8749 24869401 305152
24.8761 24870849 305152
24.8773 24872297 305152
24.8785 24873745 305152
24.8797 24875193 305152
24.8809 24876641 305152
24.8821 24878089 305152
24.8833 24879537 305152
24.8845 24880985 305152
24.8857 24882433 305152
24.8869 24883881 305152
24.8881 24885329 305152
24.8893 24886777 305152
24.8905 24888225 305152
24.8917 24889673 305152
24.8929 24891121 305152
24.8941 24892569 306688
24.8953 24894017 306688
24.8965 24895465 306688
24.8977 24896913 306688
24.8989 24898361 306688
24.9001 24899809 306688
24.9013 24901257 306688
24.9025 24902705 306688
24.9037 24904153 306688
24.9049 24905601 306688
24.9061 24907049 306688
24.9073 24908497 306688
24.9085 24909945 306688
24.9097 24911393 306688
24.9109 24912841 306688
24.9121 24914289 306688
24.9133 24915737 306688
24.9145 24917185 306688
24.9157 24918633 306688
24.9169 24920081 306688
24.9181 24921529 306688
24.9193 24922977 306688
24.9205 24924425 306688
24.9217 24925873 306688
24.9229 24927321 306688
24.9241 24928769 306688
24.9253 24930217 306688
24.9265 24931665 306688
24.9277 24933113 306688
24.9289 24934561 306688
24.9301 24936009 306688
24.9313 24937457 306688
24.9325 24938905 306688
24.9337 24940353 306688
24.9349 24941801 306688
24.9362 24943249 306688
24.9374 24944697 306688
24.9386 24946145 308224
24.9398 24947593 308224
24.941 24949041 308224
24.9422 24950489 308224
24.9434 24951937 308224
24.9446 24953385 308224
24.9458 24954833 308224
24.947 24956281 308224
24.9482 24957729 308224
24.9494 24959177 308224
24.9506 24960625 308224
24.9518 24962073 308224
24.953 24963521 308224
24.9542 24964969 308224
24.9554 24966417 308224
24.9566 24967865 308224
24.9578 24969313 308224
24.959 24970761 308224
24.9602 24972209 308224
24.9614 24973657 308224
24.9626 24975105 308224
24.9638 24976553 308224
24.965 24978001 308224
24.9662 24979449 308224
24.9674 24980897 308224
24.9686 24982345 308224
24.9698 24983793 308224
24.971 24985241 308224
24.9722 24986689 308224
24.9734 24988137 308224
24.9746 24989585 308224
24.9758 24991033 308224
24.977 24992481 308224
24.9782 24993929 308224
24.9794 24995377 308224
24.9806 24996825 309760
24.9818 24998273 309760
24.983 24999721 309760
24.9842 25001169 309760
24.9854 25002617 309760
24.9866 25004065 309760
24.9878 25005513 309760
24.989 25006961 309760
24.9902 25008409 309760
24.9914 25009857 309760
24.9926 25011305 309760
24.9938 25012753 309760
24.995 25014201 309760
24.9962 25015649 309760
24.9974 25017097 309760
24.9986 25018545 309760
24.9998 25019993 309760
25.001 25021441 309760
25.0022 25022889 309760
25.0034 25024337 309760
25.0046 25025785 309760
25.0058 25027233 309760
25.007 25028681 309760
25.0082 25030129 309760
25.0094 25031577 309760
25.0106 25033025 309760
25.0119 25034473 309760
25.0131 25035921 309760
25.0143 25037369 309760
25.0155 25038817 309760
25.0167 25040265 309760
25.0179 25041713 309760
25.0191 25043161 309760
25.0203 25044609 309760
25.0215 25046057 309760
25.0227 25047505 311296
25.0239 25048953 311296
25.0251 25050401 311296
25.0263 25051849 311296
25.0275 25053297 311296
25.0287 25054745 311296
25.0299 25056193 311296
25.0311 25057641 311296
25.0323 25059089 311296
25.0335 25060537 311296
25.0347 25061985 311296
25.0359 25063433 311296
25.0383 25064881 311296
25.0395 25066329 311296
25.0407 25067777 311296
25.0419 25069225 311296
25.0431 25070673 311296
25.0443 25072121 311296
25.0455 25073569 311296
25.0575 25075017 311296
25.0599 25076465 311296
25.0719 25077913 311296
25.0743 25079361 311296
25.0851 25080809 311296
25.0876 25082257 311296
25.1092 25083705 311296
25.1116 25085153 311296
25.1248 25086601 312320
25.1272 25088049 312320
25.1284 25089497 312320
25.1308 25090945 312320
25.1332 25092393 312320
25.1368 25093841 312320
25.1392 25095289 312320
25.1428 25096737 312320
25.144 25098185 312320
25.1476 25099633 312320
25.1488 25101081 312320
25.1524 25102529 312320
25.1536 25103977 312320
25.2017 25105425 312320
25.2041 25106873 312320
25.2089 25108321 312320
25.2113 25109769 312320
25.2149 25111217 312320
25.2173 25112665 312320
25.2233 25114113 312320
25.2257 25115561 312320
25.2305 25117009 313856
25.2329 25118457 313856
25.2353 25119905 313856
25.239 25121353 313856
25.2414 25122801 313856
25.245 25124249 313856
25.2474 25125697 313856
25.251 25127145 313856
25.2534 25128593 313856
25.2558 25130041 313856
25.2582 25131489 313856
25.2606 25132937 313856
25.263 25134385 313856
25.2642 25135833 313856
25.2654 25137281 313856
25.2666 25138729 313856
25.2678 25140177 313856
25.269 25141625 313856
25.2702 25143073 313856
25.2714 25144521 313856
25.2726 25145969 313856
25.2738 25147417 313856
25.275 25148865 313856
25.2762 25150313 313856
25.2774 25151761 313856
25.2786 25153209 315392
25.2798 25154657 315392
25.281 25156105 315392
25.2822 25157553 315392
25.2834 25159001 315392
25.2846 25160449 315392
25.2858 25161897 315392
25.287 25163345 315392
25.2882 25164793 315392
25.2894 25166241 315392
25.2906 25167689 315392
25.2918 25169137 315392
25.293 25170585 315392
25.2942 25172033 315392
25.2954 25173481 315392
25.2978 25174929 315392
25.3002 25176377 315392
25.3062 25177825 315392
25.3074 25179273 315392
25.3086 25180721 315392
25.3098 25182169 315392
25.311 25183617 315392
25.3123 25185065 315392
25.3135 25186513 315392
25.3147 25187961 315392
25.3159 25189409 315392
25.3171 25190857 315392
25.3183 25192305 315392
25.3195 25193753 315392
25.3207 25195201 316928
25.3219 25196649 316928
25.3231 25198097 316928
25.3243 25199545 316928
25.3255 25200993 316928
25.3267 25202441 316928
25.3279 25203889 316928
25.3291 25205337 316928
25.3303 25206785 316928
25.3315 25208233 316928
25.3327 25209681 316928
25.3339 25211129 316928
25.3351 25212577 316928
25.3363 25214025 316928
25.3375 25215473 316928
25.3387 25216921 316928
25.3399 25218369 316928
25.3411 25219817 316928
25.3423 25221265 316928
25.3435 25222713 316928
25.3447 25224161 316928
25.3459 25225609 316928
25.3471 25227057 316928
25.3483 25228505 316928
25.3495 25229953 316928
25.3507 25231401 316928
25.3519 25232849 316928
25.3531 25234297 318464
25.3543 25235745 318464
25.3555 25237193 318464
25.3567 25238641 318464
25.3579 25240089 318464
25.3591 25241537 318464
25.3603 25242985 318464
25.3615 25244433 318464
25.3627 25245881 318464
25.3639 25247329 318464
25.3651 25248777 318464
25.3663 25250225 318464
25.3675 25251673 318464
25.3687 25253121 318464
25.3699 25254569 318464
25.3711 25256017 318464
25.3723 25257465 318464
25.3735 25258913 318464
25.3747 25260361 318464
25.3759 25261809 318464
25.3771 25263257 318464
25.3783 25264705 318464
25.3795 25266153 318464
25.3807 25267601 318464
25.3819 25269049 318464
25.3831 25270497 318464
25.3843 25271945 318464
25.3855 25273393 318464
25.3868 25274841 318464
25.388 25276289 320000
25.3892 25277737 320000
25.3904 25279185 320000
25.3916 25280633 320000
25.3928 25282081 320000
25.394 25283529 320000
25.3952 25284977 320000
25.3964 25286425 320000
25.3976 25287873 320000
25.3988 25289321 320000
25.4 25290769 320000
25.4012 25292217 320000
25.4024 25293665 320000
25.4036 25295113 320000
25.4048 25296561 320000
25.406 25298009 320000
25.4072 25299457 320000
25.4084 25300905 320000
25.4096 25302353 320000
25.4108 25303801 320000
25.412 25305249 320000
25.4132 25306697 320000
25.4144 25308145 320000
25.4156 25309593 320000
25.4168 25311041 320000
25.418 25312489 320000
25.4192 25313937 320000
25.4204 25315385 320000
25.4216 25316833 320000
25.4228 25318281 320000
25.424 25319729 320000
25.4252 25321177 321024
25.4264 25322625 321024
25.4276 25324073 321024
25.4288 25325521 321024
25.43 25326969 321024
25.4312 25328417 321024
25.4324 25329865 321024
25.4336 25331313 321024
25.4348 25332761 321024
25.436 25334209 321024
25.4372 25335657 321024
25.4384 25337105 321024
25.4396 25338553 321024
25.4408 25340001 321024
25.442 25341449 321024
25.4432 25342897 321024
25.4444 25344345 321024
25.4456 25345793 321024
25.4468 25347241 321024
25.448 25348689 321024
25.4492 25350137 321024
25.4504 25351585 321024
25.4516 25353033 321024
25.4528 25354481 321024
25.454 25355929 321024
25.4552 25357377 321024
25.4564 25358825 321024
25.4576 25360273 321024
25.4588 25361721 321024
25.46 25363169 321024
25.4612 25364617 321024
25.4625 25366065 321024
25.4637 25367513 321024
25.4649 25368961 322560
25.4661 25370409 322560
25.4673 25371857 322560
25.4685 25373305 322560
25.4697 25374753 322560
25.4709 25376201 322560
25.4721 25377649 322560
25.4745 25379097 322560
25.4769 25380545 322560
25.4793 25381993 322560
25.4805 25383441 322560
25.4817 25384889 322560
25.4829 25386337 322560
25.4841 25387785 322560
25.4853 25389233 322560
25.4865 25390681 322560
25.4889 25392129 322560
25.4913 25393577 322560
25.4937 25395025 322560
25.5009 25396473 322560
25.5033 25397921 322560
25.5165 25399369 322560
25.5189 25400817 322560
25.5309 25402265 322560
25.5333 25403713 322560
25.555 25405161 322560
25.5574 25406609 322560
25.5718 25408057 324096
25.5742 25409505 324096
25.5766 25410953 324096
25.579 25412401 324096
25.5802 25413849 324096
25.5826 25415297 324096
25.585 25416745 324096
25.5898 25418193 324096
25.5922 25419641 324096
25.5946 25421089 324096
25.597 25422537 324096
25.5994 25423985 324096
25.6018 25425433 324096
25.6042 25426881 324096
25.6066 25428329 324096
25.6595 25429777 324096
25.6619 25431225 324096
25.6667 25432673 324096
25.6691 25434121 324096
25.6739 25435569 324096
25.6763 25437017 324096
25.6823 25438465 324096
25.6847 25439913 324096
25.6896 25441361 324096
25.692 25442809 324096
25.6956 25444257 324096
25.698 25445705 324096
25.7016 25447153 325632
25.704 25448601 325632
25.7052 25450049 325632
25.7088 25451497 325632
25.7112 25452945 325632
25.7148 25454393 325632
25.7172 25455841 325632
25.7196 25457289 325632
25.722 25458737 325632
25.7244 25460185 325632
25.7256 25461633 325632
25.7268 25463081 325632
25.728 25464529 325632
25.7292 25465977 325632
25.7304 25467425 325632
25.7316 25468873 325632
25.7328 25470321 325632
25.734 25471769 325632
25.7352 25473217 325632
25.7364 25474665 325632
25.7376 25476113 325632
25.7388 25477561 325632
25.74 25479009 325632
25.7412 25480457 325632
25.7424 25481905 325632
25.7436 25483353 325632
25.7448 25484801 325632
25.746 25486249 327168
25.7472 25487697 327168
25.7484 25489145 327168
25.7496 25490593 327168
25.7508 25492041 327168
25.752 25493489 327168
25.7532 25494937 327168
25.7544 25496385 327168
25.7556 25497833 327168
25.7568 25499281 327168
25.758 25500729 327168
25.7604 25502177 327168
25.7629 25503625 327168
25.7689 25505073 327168
25.7701 25506521 327168
25.7713 25507969 327168
25.7725 25509417 327168
25.7737 25510865 327168
25.7749 25512313 327168
25.7761 25513761 327168
25.7773 25515209 327168
25.7785 25516657 327168
25.7797 25518105 327168
25.7809 25519553 327168
25.7821 25521001 327168
25.7833 25522449 327168
25.7845 25523897 327168
25.7857 25525345 327168
25.7869 25526793 327168
25.7881 25528241 328192
25.7893 25529689 328192
25.7905 25531137 328192
25.7917 25532585 328192
25.7929 25534033 328192
25.7941 25535481 328192
25.7953 25536929 328192
25.7965 25538377 328192
25.7977 25539825 328192
25.7989 25541273 328192
25.8001 25542721 328192
25.8013 25544169 328192
25.8025 25545617 328192
25.8037 25547065 328192
25.8049 25548513 328192
25.8061 25549961 328192
25.8073 25551409 328192
25.8085 25552857 328192
25.8097 25554305 328192
25.8109 25555753 328192
25.8121 25557201 328192
25.8133 25558649 328192
25.8145 25560097 328192
25.8157 25561545 328192
25.8169 25562993 328192
25.8181 25564441 328192
25.8193 25565889 328192
25.8205 25567337 328192
25.8217 25568785 328192
25.8229 25570233 328192
25.8241 25571681 328192
25.8253 25573129 328192
25.8265 25574577 328192
25.8277 25576025 329728
25.8289 25577473 329728
25.8301 25578921 329728
25.8313 25580369 329728
25.8325 25581817 329728
25.8337 25583265 329728
25.8349 25584713 329728
25.8361 25586161 329728
25.8374 25587609 329728
25.8386 25589057 329728
25.8398 25590505 329728
25.841 25591953 329728
25.8422 25593401 329728
25.8434 25594849 329728
25.8446 25596297 329728
25.8458 25597745 329728
25.847 25599193 329728
25.8482 25600641 329728
25.8494 25602089 329728
25.8506 25603537 329728
25.8518 25604985 329728
25.853 25606433 329728
25.8542 25607881 329728
25.8554 25609329 329728
25.8566 25610777 329728
25.8578 25612225 329728
25.859 25613673 329728
25.8602 25615121 329728
25.8614 25616569 329728
25.8626 25618017 329728
25.8638 25619465 329728
25.865 25620913 329728
25.8662 25622361 329728
25.8674 25623809 331264
25.8686 25625257 331264
25.8698 25626705 331264
25.871 25628153 331264
25.8722 25629601 331264
25.8734 25631049 331264
25.8746 25632497 331264
25.8758 25633945 331264
25.877 25635393 331264
25.8782 25636841 331264
25.8794 25638289 331264
25.8806 25639737 331264
25.8818 25641185 331264
25.883 25642633 331264
25.8842 25644081 331264
25.8854 25645529 331264
25.8866 25646977 331264
25.8878 25648425 331264
25.889 25649873 331264
25.8902 25651321 331264
25.8914 25652769 331264
25.8926 25654217 331264
25.8938 25655665 331264
25.895 25657113 331264
25.8962 25658561 331264
25.8974 25660009 331264
25.8986 25661457 331264
25.8998 25662905 331264
25.901 25664353 331264
25.9022 25665801 331264
25.9034 25667249 331264
25.9046 25668697 331264
25.9058 25670145 331264
25.907 25671593 332800
25.9082 25673041 332800
25.9094 25674489 332800
25.9106 25675937 332800
25.9118 25677385 332800
25.9131 25678833 332800
25.9143 25680281 332800
25.9155 25681729 332800
25.9167 25683177 332800
25.9179 25684625 332800
25.9191 25686073 332800
25.9203 25687521 332800
25.9215 25688969 332800
25.9227 25690417 332800
25.9239 25691865 332800
25.9251 25693313 332800
25.9263 25694761 332800
25.9275 25696209 332800
25.9287 25697657 332800
25.9299 25699105 332800
25.9311 25700553 332800
25.9323 25702001 332800
25.9335 25703449 332800
25.9347 25704897 332800
25.9359 25706345 332800
25.9383 25707793 332800
25.9407 25709241 332800
25.9419 25710689 332800
25.9431 25712137 332800
25.9443 25713585 332800
25.9455 25715033 332800
25.9467 25716481 332800
25.9479 25717929 332800
25.9491 25719377 332800
25.9503 25720825 332800
25.9527 25722273 332800
25.9551 25723721 332800
25.9575 25725169 332800
25.9599 25726617 332800
25.9671 25728065 334336
25.9695 25729513 334336
25.9719 25730961 334336
25.9839 25732409 334336
25.9863 25733857 334336
25.9996 25735305 334336
26.002 25736753 334336
26.0236 25738201 334336
26.026 25739649 334336
26.0416 25741097 334336
26.044 25742545 334336
26.0476 25743993 334336
26.05 25745441 334336
26.0512 25746889 334336
26.0536 25748337 334336
26.056 25749785 334336
26.0584 25751233 334336
26.0633 25752681 334336
26.0657 25754129 334336
26.0693 25755577 334336
26.0717 25757025 334336
26.0741 25758473 334336
26.0765 25759921 334336
26.0789 25761369 334336
26.0813 25762817 334336
26.1402 25764265 334336
26.1426 25765713 334336
26.1474 25767161 334336
26.1498 25768609 334336
26.1546 25770057 335872
26.157 25771505 335872
26.1594 25772953 335872
26.1642 25774401 335872
26.1666 25775849 335872
26.1714 25777297 335872
26.1738 25778745 335872
26.1774 25780193 335872
26.1798 25781641 335872
26.1846 25783089 335872
26.1858 25784537 335872
26.1894 25785985 335872
26.1918 25787433 335872
26.1954 25788881 335872
26.1978 25790329 335872
26.2002 25791777 335872
26.2026 25793225 335872
26.205 25794673 335872
26.2074 25796121 335872
26.2086 25797569 335872
26.2098 25799017 335872
26.211 25800465 335872
26.2122 25801913 335872
26.2135 25803361 335872
26.2147 25804809 335872
26.2159 25806257 335872
26.2171 25807705 335872
26.2183 25809153 335872
26.2195 25810601 335872
26.2207 25812049 335872
26.2219 25813497 335872
26.2231 25814945 335872
26.2243 25816393 335872
26.2255 25817841 335872
26.2267 25819289 335872
26.2279 25820737 336896
26.2291 25822185 336896
26.2303 25823633 336896
26.2315 25825081 336896
26.2327 25826529 336896
26.2339 25827977 336896
26.2351 25829425 336896
26.2363 25830873 336896
26.2375 25832321 336896
26.2387 25833769 336896
26.2399 25835217 336896
26.2411 25836665 336896
26.2423 25838113 336896
26.2447 25839561 336896
26.2471 25841009 336896
26.2531 25842457 336896
26.2543 25843905 336896
26.2555 25845353 336896
26.2567 25846801 336896
26.2579 25848249 336896
26.2591 25849697 336896
26.2603 25851145 336896
26.2615 25852593 336896
26.2627 25854041 336896
26.2639 25855489 336896
26.2651 25856937 336896
26.2663 25858385 336896
26.2675 25859833 336896
26.2687 25861281 336896
26.2699 25862729 336896
26.2711 25864177 336896
26.2723 25865625 336896
26.2735 25867073 336896
26.2747 25868521 338432
26.2759 25869969 338432
26.2771 25871417 338432
26.2783 25872865 338432
26.2795 25874313 338432
26.2807 25875761 338432
26.2819 25877209 338432
26.2831 25878657 338432
26.2843 25880105 338432
26.2855 25881553 338432
26.2867 25883001 338432
26.288 25884449 338432
26.2892 25885897 338432
26.2904 25887345 338432
26.2916 25888793 338432
26.2928 25890241 338432
26.294 25891689 338432
26.2952 25893137 338432
26.2964 25894585 338432
26.2976 25896033 338432
26.2988 25897481 338432
26.3 25898929 338432
26.3012 25900377 338432
26.3024 25901825 338432
26.3036 25903273 338432
26.3048 25904721 338432
26.306 25906169 338432
26.3072 25907617 338432
26.3084 25909065 338432
26.3096 25910513 338432
26.3108 25911961 338432
26.312 25913409 338432
26.3132 25914857 338432
26.3144 25916305 338432
26.3156 25917753 338432
26.3168 25919201 338432
26.318 25920649 338432
26.3192 25922097 338432
26.3204 25923545 338432
26.3216 25924993 338432
26.3228 25926441 338432
26.324 25927889 339968
26.3252 25929337 339968
26.3276 25930785 339968
26.33 25932233 339968
26.3312 25933681 339968
26.3324 25935129 339968
26.3336 25936577 339968
26.3348 25938025 339968
26.336 25939473 339968
26.3372 25940921 339968
26.3384 25942369 339968
26.3396 25943817 339968
26.3408 25945265 339968
26.342 25946713 339968
26.3432 25948161 339968
26.3444 25949609 339968
26.3456 25951057 339968
26.3468 25952505 339968
26.348 25953953 339968
26.3492 25955401 339968
26.3504 25956849 339968
26.3516 25958297 339968
26.3528 25959745 339968
26.354 25961193 339968
26.3552 25962641 339968
26.3564 25964089 339968
26.3576 25965537 339968
26.3588 25966985 339968
26.36 25968433 339968
26.3612 25969881 339968
26.3624 25971329 339968
26.3637 25972777 339968
26.3649 25974225 339968
26.3661 25975673 339968
26.3673 25977121 339968
26.3685 25978569 339968
26.3697 25980017 339968
26.3709 25981465 339968
26.3721 25982913 339968
26.3733 25984361 341504
26.3745 25985809 341504
26.3757 25987257 341504
26.3769 25988705 341504
26.3781 25990153 341504
26.3793 25991601 341504
26.3805 25993049 341504
26.3817 25994497 341504
26.3829 25995945 341504
26.3841 25997393 341504
26.3853 25998841 341504
26.3865 26000289 341504
26.3877 26001737 341504
26.3889 26003185 341504
26.3901 26004633 341504
26.3913 26006081 341504
26.3925 26007529 341504
26.3937 26008977 341504
26.3949 26010425 341504
26.3961 26011873 341504
26.3973 26013321 341504
26.3985 26014769 341504
26.3997 26016217 341504
26.4009 26017665 341504
26.4021 26019113 341504
26.4033 26020561 341504
26.4045 26022009 341504
26.4057 26023457 341504
26.4069 26024905 341504
26.4081 26026353 341504
26.4093 26027801 341504
26.4105 26029249 341504
26.4117 26030697 341504
26.4129 26032145 341504
26.4141 26033593 341504
26.4153 26035041 341504
26.4165 26036489 341504
26.4177 26037937 341504
26.4189 26039385 341504
26.4201 26040833 341504
26.4213 26042281 341504
26.4225 26043729 341504
26.4237 26045177 341504
26.4261 26046625 341504
26.4285 26048073 341504
26.4309 26049521 343040
26.4321 26050969 343040
26.4333 26052417 343040
26.4345 26053865 343040
26.4357 26055313 343040
26.4369 26056761 343040
26.4382 26058209 343040
26.4394 26059657 343040
26.4406 26061105 343040
26.4418 26062553 343040
26.4442 26064001 343040
26.4466 26065449 343040
26.4478 26066897 343040
26.4502 26068345 343040
26.4526 26069793 343040
26.4598 26071241 343040
26.4622 26072689 343040
26.4742 26074137 343040
26.4766 26075585 343040
26.491 26077033 343040
26.4934 26078481 343040
26.5151 26079929 343040
26.5175 26081377 343040
26.5343 26082825 343040
26.5367 26084273 343040
26.5403 26085721 343040
26.5427 26087169 343040
26.5463 26088617 343040
26.5475 26090065 343040
26.5499 26091513 343040
26.5523 26092961 343040
26.5571 26094409 343040
26.5595 26095857 343040
26.5631 26097305 343040
26.5655 26098753 343040
26.5679 26100201 344576
26.5703 26101649 344576
26.5727 26103097 344576
26.5739 26104545 344576
26.5763 26105993 344576
26.646 26107441 344576
26.6484 26108889 344576
26.6544 26110337 344576
26.6568 26111785 344576
26.6616 26113233 344576
26.6641 26114681 344576
26.6665 26116129 344576
26.6689 26117577 344576
26.6737 26119025 344576
26.6761 26120473 344576
26.6809 26121921 344576
26.6833 26123369 344576
26.6869 26124817 344576
26.6893 26126265 344576
26.6941 26127713 344576
26.6953 26129161 344576
26.6989 26130609 344576
26.7013 26132057 344576
26.7049 26133505 344576
26.7073 26134953 344576
26.7109 26136401 344576
26.7133 26137849 344576
26.7157 26139297 344576
26.7181 26140745 344576
26.7193 26142193 344576
26.7205 26143641 344576
26.7217 26145089 344576
26.7229 26146537 344576
26.7241 26147985 344576
26.7253 26149433 344576
26.7265 26150881 344576
26.7277 26152329 344576
26.7289 26153777 344576
26.7301 26155225 344576
26.7313 26156673 344576
26.7325 26158121 344576
26.7337 26159569 345600
26.7349 26161017 345600
26.7361 26162465 345600
26.7373 26163913 345600
26.7386 26165361 345600
26.7398 26166809 345600
26.741 26168257 345600
26.7422 26169705 345600
26.7434 26171153 345600
26.7446 26172601 345600
26.7458 26174049 345600
26.747 26175497 345600
26.7482 26176945 345600
26.7494 26178393 345600
26.7506 26179841 345600
26.7518 26181289 345600
26.753 26182737 345600
26.7542 26184185 345600
26.7566 26185633 345600
26.7626 26187081 345600
26.765 26188529 345600
26.7662 26189977 345600
26.7674 26191425 345600
26.7686 26192873 345600
26.7698 26194321 345600
26.771 26195769 345600
26.7722 26197217 345600
26.7734 26198665 345600
26.7746 26200113 345600
26.7758 26201561 345600
26.777 26203009 345600
26.7782 26204457 345600
26.7794 26205905 345600
26.7806 26207353 345600
26.7818 26208801 345600
26.783 26210249 345600
26.7842 26211697 345600
26.7854 26213145 345600
26.7866 26214593 345600
26.7878 26216041 347136
26.789 26217489 347136
26.7902 26218937 347136
26.7914 26220385 347136
26.7926 26221833 347136
26.7938 26223281 347136
26.795 26224729 347136
26.7962 26226177 347136
26.7974 26227625 347136
26.7986 26229073 347136
26.7998 26230521 347136
26.801 26231969 347136
26.8022 26233417 347136
26.8034 26234865 347136
26.8046 26236313 347136
26.8058 26237761 347136
26.807 26239209 347136
26.8082 26240657 347136
26.8094 26242105 347136
26.8106 26243553 347136
26.8118 26245001 347136
26.813 26246449 347136
26.8143 26247897 347136
26.8155 26249345 347136
26.8167 26250793 347136
26.8179 26252241 347136
26.8191 26253689 347136
26.8203 26255137 347136
26.8215 26256585 347136
26.8227 26258033 347136
26.8239 26259481 347136
26.8251 26260929 347136
26.8263 26262377 347136
26.8275 26263825 347136
26.8287 26265273 347136
26.8299 26266721 347136
26.8311 26268169 347136
26.8323 26269617 347136
26.8335 26271065 347136
26.8347 26272513 347136
26.8359 26273961 347136
26.8371 26275409 347136
26.8383 26276857 347136
26.8407 26278305 347136
26.8431 26279753 347136
26.8455 26281201 347136
26.8479 26282649 347136
26.8491 26284097 347136
26.8503 26285545 347136
26.8515 26286993 348672
26.8527 26288441 348672
26.8539 26289889 348672
26.8551 26291337 348672
26.8563 26292785 348672
26.8575 26294233 348672
26.8587 26295681 348672
26.8599 26297129 348672
26.8611 26298577 348672
26.8623 26300025 348672
26.8635 26301473 348672
26.8647 26302921 348672
26.8659 26304369 348672
26.8671 26305817 348672
26.8683 26307265 348672
26.8695 26308713 348672
26.8707 26310161 348672
26.8719 26311609 348672
26.8731 26313057 348672
26.8743 26314505 348672
26.8755 26315953 348672
26.8767 26317401 348672
26.8779 26318849 348672
26.8791 26320297 348672
26.8803 26321745 348672
26.8815 26323193 348672
26.8827 26324641 348672
26.8839 26326089 348672
26.8851 26327537 348672
26.8863 26328985 348672
26.8875 26330433 348672
26.8888 26331881 348672
26.89 26333329 348672
26.8912 26334777 348672
26.8924 26336225 348672
26.8936 26337673 348672
26.8948 26339121 348672
26.896 26340569 348672
26.8972 26342017 348672
26.8984 26343465 348672
26.8996 26344913 348672
26.9008 26346361 348672
26.902 26347809 348672
26.9032 26349257 348672
26.9044 26350705 348672
26.9056 26352153 348672
26.9068 26353601 348672
26.908 26355049 348672
26.9092 26356497 348672
26.9104 26357945 348672
26.9116 26359393 348672
26.9128 26360841 350208
26.914 26362289 350208
26.9152 26363737 350208
26.9164 26365185 350208
26.9176 26366633 350208
26.9188 26368081 350208
26.92 26369529 350208
26.9212 26370977 350208
26.9224 26372425 350208
26.9236 26373873 350208
26.9248 26375321 350208
26.926 26376769 350208
26.9272 26378217 350208
26.9284 26379665 350208
26.9296 26381113 350208
26.9308 26382561 350208
26.932 26384009 350208
26.9332 26385457 350208
26.9344 26386905 350208
26.9356 26388353 350208
26.9368 26389801 350208
26.938 26391249 350208
26.9392 26392697 350208
26.9404 26394145 350208
26.9428 26395593 350208
26.9452 26397041 350208
26.9464 26398489 350208
26.9476 26399937 350208
26.9488 26401385 350208
26.95 26402833 350208
26.9512 26404281 350208
26.9524 26405729 350208
26.9536 26407177 350208
26.9548 26408625 350208
26.956 26410073 350208
26.9572 26411521 350208
26.9596 26412969 350208
26.962 26414417 350208
26.9632 26415865 350208
26.9657 26417313 350208
26.9681 26418761 350208
26.9753 26420209 350208
26.9777 26421657 350208
26.9897 26423105 350208
26.9921 26424553 350208
27.0077 26426001 350208
27.0101 26427449 350208
27.0317 26428897 350208
27.0341 26430345 350208
27.0522 26431793 350208
27.0546 26433241 350208
27.0582 26434689 350208
27.0606 26436137 350208
27.0642 26437585 351744
27.0666 26439033 351744
27.0678 26440481 351744
27.069 26441929 351744
27.0714 26443377 351744
27.0762 26444825 351744
27.0786 26446273 351744
27.0834 26447721 351744
27.0858 26449169 351744
27.0882 26450617 351744
27.0906 26452065 351744
27.093 26453513 351744
27.0954 26454961 351744
27.0966 26456409 351744
27.099 26457857 351744
27.1892 26459305 351744
27.1916 26460753 351744
27.1976 26462201 351744
27.2 26463649 351744
27.2048 26465097 351744
27.2072 26466545 351744
27.2096 26467993 351744
27.212 26469441 351744
27.2168 26470889 351744
27.2192 26472337 351744
27.224 26473785 351744
27.2264 26475233 351744
27.23 26476681 351744
27.2324 26478129 351744
27.2372 26479577 351744
27.2384 26481025 351744
27.2432 26482473 351744
27.2456 26483921 351744
27.2492 26485369 351744
27.2516 26486817 351744
27.2552 26488265 351744
27.2576 26489713 351744
27.26 26491161 351744
27.2612 26492609 351744
27.2624 26494057 351744
27.2636 26495505 351744
27.2649 26496953 351744
27.2661 26498401 351744
27.2673 26499849 353280
27.2685 26501297 353280
27.2697 26502745 353280
27.2709 26504193 353280
27.2721 26505641 353280
27.2733 26507089 353280
27.2745 26508537 353280
27.2757 26509985 353280
27.2769 26511433 353280
27.2781 26512881 353280
27.2793 26514329 353280
27.2805 26515777 353280
27.2817 26517225 353280
27.2829 26518673 353280
27.2841 26520121 353280
27.2853 26521569 353280
27.2865 26523017 353280
27.2877 26524465 353280
27.2889 26525913 353280
27.2901 26527361 353280
27.2913 26528809 353280
27.2925 26530257 353280
27.2937 26531705 353280
27.2949 26533153 353280
27.2961 26534601 353280
27.2985 26536049 353280
27.3009 26537497 353280
27.3057 26538945 353280
27.3081 26540393 353280
27.3093 26541841 353280
27.3105 26543289 353280
27.3117 26544737 353280
27.3129 26546185 353280
27.3141 26547633 353280
27.3153 26549081 353280
27.3165 26550529 353280
27.3177 26551977 353280
27.3189 26553425 353280
27.3201 26554873 353280
27.3213 26556321 353280
27.3225 26557769 353280
27.3237 26559217 353280
27.3249 26560665 353280
27.3261 26562113 353280
27.3273 26563561 353280
27.3285 26565009 353280
27.3297 26566457 353280
27.3309 26567905 353280
27.3321 26569353 353280
27.3333 26570801 353280
27.3345 26572249 353280
27.3357 26573697 353280
27.3369 26575145 353280
27.3381 26576593 353280
27.3394 26578041 353280
27.3406 26579489 353280
27.3418 26580937 353280
27.343 26582385 353280
27.3442 26583833 353280
27.3454 26585281 353280
27.3466 26586729 353280
27.3478 26588177 353280
27.349 26589625 353280
27.3502 26591073 354304
27.3514 26592521 354304
27.3526 26593969 354304
27.3538 26595417 354304
27.355 26596865 354304
27.3562 26598313 354304
27.3574 26599761 354304
27.3586 26601209 354304
27.3598 26602657 354304
27.361 26604105 354304
27.3622 26605553 354304
27.3634 26607001 354304
27.3646 26608449 354304
27.3658 26609897 354304
27.367 26611345 354304
27.3682 26612793 354304
27.3694 26614241 354304
27.3706 26615689 354304
27.3718 26617137 354304
27.373 26618585 354304
27.3742 26620033 354304
27.3754 26621481 354304
27.3766 26622929 354304
27.3778 26624377 354304
27.379 26625825 354304
27.3802 26627273 354304
27.3814 26628721 354304
27.3826 26630169 354304
27.3838 26631617 354304
27.3862 26633065 354304
27.3886 26634513 354304
27.3934 26635961 354304
27.3958 26637409 354304
27.397 26638857 354304
27.3982 26640305 354304
27.3994 26641753 354304
27.4006 26643201 354304
27.4018 26644649 354304
27.403 26646097 354304
27.4042 26647545 354304
27.4054 26648993 354304
27.4066 26650441 354304
27.4078 26651889 354304
27.409 26653337 354304
27.4102 26654785 354304
27.4114 26656233 354304
27.4126 26657681 354304
27.4138 26659129 354304
27.4151 26660577 354304
27.4163 26662025 354304
27.4175 26663473 354304
27.4187 26664921 354304
27.4199 26666369 354304
27.4211 26667817 354304
27.4223 26669265 354304
27.4235 26670713 354304
27.4247 26672161 354304
27.4259 26673609 354304
27.4271 26675057 354304
27.4283 26676505 354304
27.4295 26677953 354304
27.4307 26679401 354304
27.4319 26680849 354304
27.4331 26682297 354304
27.4343 26683745 354304
27.4355 26685193 354304
27.4367 26686641 354304
27.4379 26688089 354304
27.4391 26689537 354304
27.4403 26690985 354304
27.4415 26692433 354304
27.4427 26693881 354304
27.4439 26695329 354304
27.4451 26696777 354304
27.4463 26698225 354304
27.4475 26699673 354304
27.4487 26701121 354304
27.4499 26702569 354304
27.4511 26704017 354304
27.4523 26705465 355840
27.4535 26706913 355840
27.4547 26708361 355840
27.4559 26709809 355840
27.4571 26711257 355840
27.4583 26712705 355840
27.4595 26714153 355840
27.4607 26715601 355840
27.4619 26717049 355840
27.4631 26718497 355840
27.4643 26719945 355840
27.4655 26721393 355840
27.4667 26722841 355840
27.4679 26724289 355840
27.4691 26725737 355840
27.4703 26727185 355840
27.4715 26728633 355840
27.4727 26730081 355840
27.4739 26731529 355840
27.4751 26732977 355840
27.4763 26734425 355840
27.4775 26735873 355840
27.4787 26737321 355840
27.4799 26738769 355840
27.4811 26740217 355840
27.4823 26741665 355840
27.4835 26743113 355840
27.4847 26744561 355840
27.4859 26746009 355840
27.4871 26747457 355840
27.4896 26748905 355840
27.492 26750353 355840
27.4932 26751801 355840
27.4944 26753249 355840
27.4956 26754697 355840
27.4968 26756145 355840
27.498 26757593 355840
27.4992 26759041 355840
27.5004 26760489 355840
27.5016 26761937 355840
27.5028 26763385 355840
27.504 26764833 355840
27.5052 26766281 355840
27.5076 26767729 355840
27.51 26769177 355840
27.5112 26770625 355840
27.5136 26772073 355840
27.516 26773521 355840
27.5184 26774969 355840
27.5256 26776417 355840
27.528 26777865 355840
27.5412 26779313 355840
27.5436 26780761 355840
27.5592 26782209 355840
27.5616 26783657 355840
27.5833 26785105 355840
27.5857 26786553 355840
27.6049 26788001 355840
27.6073 26789449 355840
27.6109 26790897 355840
27.6133 26792345 355840
27.6169 26793793 355840
27.6181 26795241 355840
27.6193 26796689 355840
27.6217 26798137 355840
27.6265 26799585 357376
27.6289 26801033 357376
27.6337 26803929 357376
27.6361 26805377 357376
27.6385 26806825 357376
27.641 26808273 357376
27.6434 26809721 357376
27.6458 26811169 357376
27.6482 26812617 357376
27.6494 26814065 357376
27.7395 26815513 357376
27.7479 26818409 357376
27.7503 26819857 357376
27.7551 26821305 357376
27.7575 26822753 357376
27.7599 26824201 357376
27.7623 26825649 357376
27.7671 26827097 357376
27.7695 26828545 357376
27.7743 26829993 357376
27.7767 26831441 357376
27.7803 26832889 357376
27.7827 26834337 357376
27.7875 26835785 357376
27.7887 26837233 357376
27.7936 26838681 357376
27.796 26840129 357376
27.7996 26841577 357376
27.802 26843025 357376
27.8056 26844473 357376
27.808 26845921 357376
27.8104 26847369 357376
27.8128 26848817 357376
27.814 26850265 357376
27.8152 26851713 357376
27.8164 26853161 357376
27.8176 26854609 357376
27.8188 26856057 357376
27.82 26857505 357376
27.8212 26858953 357376
27.8224 26860401 357376
27.8236 26861849 357376
27.8248 26863297 357376
27.826 26864745 357376
27.8272 26866193 357376
27.8284 26867641 357376
27.8296 26869089 357376
27.8308 26870537 357376
27.832 26871985 357376
27.8332 26873433 357376
27.8344 26874881 357376
27.8356 26876329 357376
27.8368 26877777 357376
27.838 26879225 357376
27.8392 26880673 357376
27.8404 26882121 357376
27.8416 26883569 357376
27.8428 26885017 357376
27.844 26886465 357376
27.8452 26887913 357376
27.8464 26889361 357376
27.8476 26890809 357376
27.8488 26892257 357376
27.8512 26893705 357376
27.8536 26895153 357376
27.8584 26896601 357376
27.8608 26898049 357376
27.862 26899497 357376
27.8632 26900945 357376
27.8644 26902393 357376
27.8657 26903841 357376
27.8669 26905289 357376
27.8681 26906737 357376
27.8693 26908185 357376
27.8705 26909633 357376
27.8717 26911081 357376
27.8729 26912529 357376
27.8741 26913977 357376
27.8753 26915425 357376
27.8765 26916873 357376
27.8777 26918321 357376
27.8789 26919769 358912
27.8801 26921217 358912
27.8813 26922665 358912
27.8825 26924113 358912
27.8837 26925561 358912
27.8849 26927009 358912
27.8861 26928457 358912
27.8873 26929905 358912
27.8885 26931353 358912
27.8897 26932801 358912
27.8909 26934249 358912
27.8921 26935697 358912
27.8933 26937145 358912
27.8945 26938593 358912
27.8957 26940041 358912
27.8969 26941489 358912
27.8981 26942937 358912
27.8993 26944385 358912
27.9005 26945833 358912
27.9017 26947281 358912
27.9029 26948729 358912
27.9041 26950177 358912
27.9053 26951625 358912
27.9065 26953073 358912
27.9077 26954521 358912
27.9089 26955969 358912
27.9101 26957417 358912
27.9113 26958865 358912
27.9125 26960313 358912
27.9137 26961761 358912
27.9149 26963209 358912
27.9161 26964657 358912
27.9173 26966105 358912
27.9185 26967553 358912
27.9197 26969001 358912
27.9209 26970449 358912
27.9221 26971897 358912
27.9233 26973345 358912
27.9245 26974793 358912
27.9257 26976241 358912
27.9269 26977689 358912
27.9281 26979137 358912
27.9293 26980585 358912
27.9305 26982033 358912
27.9317 26983481 358912
27.9329 26984929 358912
27.9341 26986377 358912
27.9353 26987825 358912
27.9365 26989273 358912
27.9377 26990721 358912
27.9438 26993617 358912
27.9462 26995065 358912
27.9486 26996513 358912
27.9498 26997961 358912
27.951 26999409 358912
27.9522 27000857 358912
27.9534 27002305 358912
27.9546 27003753 358912
27.9558 27005201 358912
27.957 27006649 358912
27.9582 27008097 358912
27.9594 27009545 358912
27.9606 27010993 358912
27.9618 27012441 358912
27.963 27013889 358912
27.9642 27015337 358912
27.9654 27016785 358912
27.9666 27018233 358912
27.9678 27019681 358912
27.969 27021129 358912
27.9702 27022577 358912
27.9714 27024025 358912
27.9726 27025473 358912
27.9738 27026921 358912
27.975 27028369 358912
27.9762 27029817 358912
27.9774 27031265 358912
27.9786 27032713 358912
27.9798 27034161 358912
27.981 27035609 358912
27.9822 27037057 358912
27.9834 27038505 358912
27.9846 27039953 358912
27.9858 27041401 358912
27.987 27042849 358912
27.9882 27044297 358912
27.9894 27045745 358912
27.9906 27047193 358912
27.9918 27048641 358912
27.993 27050089 358912
27.9942 27051537 358912
27.9954 27052985 358912
27.9966 27054433 358912
27.9978 27055881 358912
27.999 27057329 358912
28.0002 27058777 358912
28.0014 27060225 358912
28.0026 27061673 358912
28.0038 27063121 358912
28.005 27064569 358912
28.0062 27066017 358912
28.0074 27067465 358912
28.0086 27068913 358912
28.0098 27070361 358912
28.011 27071809 358912
28.0122 27073257 358912
28.0134 27074705 358912
28.0146 27076153 358912
28.0159 27077601 358912
28.0171 27079049 358912
28.0183 27080497 358912
28.0195 27081945 358912
28.0207 27083393 358912
28.0219 27084841 358912
28.0231 27086289 358912
28.0243 27087737 358912
28.0255 27089185 358912
28.0267 27090633 358912
28.0279 27092081 358912
28.0291 27093529 358912
28.0303 27094977 358912
28.0315 27096425 358912
28.0327 27097873 358912
28.0339 27099321 358912
28.0351 27100769 360448
28.0363 27102217 360448
28.0375 27103665 360448
28.0387 27105113 360448
28.0399 27106561 360448
28.0411 27108009 360448
28.0447 27110905 360448
28.0459 27112353 360448
28.0471 27113801 360448
28.0483 27115249 360448
28.0495 27116697 360448
28.0507 27118145 360448
28.0519 27119593 360448
28.0531 27121041 360448
28.0543 27122489 360448
28.0555 27123937 360448
28.0567 27125385 360448
28.0579 27126833 360448
28.0603 27128281 360448
28.0627 27129729 360448
28.0639 27131177 360448
28.0663 27132625 360448
28.0687 27134073 360448
28.0711 27135521 360448
28.0783 27136969 360448
28.0807 27138417 360448
28.094 27139865 360448
28.0964 27141313 360448
28.112 27142761 360448
28.1144 27144209 360448
28.1372 27145657 360448
28.1576 27148553 360448
28.16 27150001 360448
28.1636 27151449 360448
28.1661 27152897 360448
28.1697 27154345 360448
28.1709 27155793 360448
28.1721 27157241 360448
28.1745 27158689 360448
28.1793 27160137 360448
28.1817 27161585 360448
28.1865 27164481 360448
28.1901 26802481 358912
28.1937 27165929 357376
28.1973 27167377 356864
28.1985 27168825 356352
28.291 27170273 355328
28.2922 27171721 354816
28.2934 26816961 352768
28.2946 27173169 301056
29.0072 27662593 252928
29.0084 27664041 252928
29.0961 27665489 252928
29.0985 27666937 252928
29.0997 27668385 252928
29.1009 27669833 252928
29.1021 27671281 252928
29.1045 27672729 252928
29.1069 27674177 252928
29.1081 27675625 252928
29.1093 27677073 252928
29.1105 27678521 252928
29.1117 27679969 252928
29.1129 27681417 252928
29.1141 27682865 252928
29.1153 27684313 252928
29.1165 27685761 252928
29.1177 27687209 252928
29.1189 27688657 252928
29.1201 27690105 252928
29.1213 27691553 254464
29.1225 27693001 254464
29.1237 27694449 254464
29.1249 27695897 254464
29.1261 27697345 254464
29.1273 27698793 254464
29.1285 27700241 254464
29.1297 27701689 254464
29.1309 27703137 254464
29.1321 27704585 254464
29.1333 27706033 254464
29.1345 27707481 254464
29.1357 27708929 254464
29.1369 27710377 254464
29.1381 27711825 254464
29.1393 27713273 254464
29.1405 27714721 254464
29.1418 27716169 254464
29.143 27717617 254464
29.1442 27719065 254464
29.1454 27720513 254464
29.1466 27721961 254464
29.1478 27723409 254464
29.149 27724857 254464
29.1502 27726305 254464
29.1514 27727753 254464
29.1526 27729201 254464
29.1538 27730649 254464
29.155 27732097 254464
29.1562 27733545 254464
29.1574 27734993 254464
29.1586 27736441 254464
29.1598 27737889 254464
29.1622 27739337 254464
29.1646 27740785 254464
29.1682 27742233 254464
29.1706 27743681 254464
29.1742 27745129 254464
29.1754 27746577 254464
29.1766 27748025 254464
29.1778 27749473 254464
29.179 27750921 254464
29.1802 27752369 254464
29.1814 27753817 254464
29.1826 27755265 254464
29.1838 27756713 254464
29.185 27758161 254464
29.1862 27759609 254464
29.1874 27761057 254464
29.1886 27762505 254464
29.1898 27763953 254464
29.191 27765401 254464
29.1922 27766849 254464
29.1934 27768297 254464
29.1946 27769745 254464
29.1958 27771193 254464
29.197 27772641 254464
29.1982 27774089 254464
29.1994 27775537 254464
29.2006 27776985 256000
29.2018 27778433 256000
29.203 27779881 256000
29.2042 27781329 256000
29.2054 27782777 256000
29.2066 27784225 256000
29.2078 27785673 256000
29.209 27787121 256000
29.2102 27788569 256000
29.2114 27790017 256000
29.2126 27791465 256000
29.2138 27792913 256000
29.215 27794361 256000
29.2162 27795809 256000
29.2175 27797257 256000
29.2187 27798705 256000
29.2199 27800153 256000
29.2211 27801601 256000
29.2223 27803049 256000
29.2235 27804497 256000
29.2247 27805945 256000
29.2259 27807393 256000
29.2271 27808841 256000
29.2283 27810289 256000
29.2295 27811737 256000
29.2307 27813185 256000
29.2319 27814633 256000
29.2331 27816081 256000
29.2343 27817529 256000
29.2355 27818977 256000
29.2367 27820425 256000
29.2379 27821873 256000
29.2391 27823321 256000
29.2403 27824769 256000
29.2415 27826217 256000
29.2427 27827665 256000
29.2439 27829113 256000
29.2451 27830561 256000
29.2463 27832009 256000
29.2475 27833457 256000
29.2487 27834905 256000
29.2499 27836353 256000
29.2511 27837801 256000
29.2523 27839249 256000
29.2535 27840697 256000
29.2547 27842145 256000
29.2559 27843593 256000
29.2571 27845041 257536
29.2583 27846489 257536
29.2595 27847937 257536
29.2607 27849385 257536
29.2619 27850833 257536
29.2631 27852281 257536
29.2643 27853729 257536
29.2655 27855177 257536
29.2667 27856625 257536
29.2679 27858073 257536
29.2691 27859521 257536
29.2703 27860969 257536
29.2715 27862417 257536
29.2727 27863865 257536
29.2739 27865313 257536
29.2751 27866761 257536
29.2763 27868209 257536
29.2775 27869657 257536
29.2787 27871105 257536
29.2799 27872553 257536
29.2811 27874001 257536
29.2823 27875449 257536
29.2835 27876897 257536
29.2847 27878345 257536
29.2859 27879793 257536
29.2871 27881241 257536
29.2883 27882689 257536
29.2907 27884137 257536
29.2932 27885585 257536
29.2944 27887033 257536
29.2968 27888481 257536
29.3136 27889929 257536
29.316 27891377 257536
29.334 27892825 257536
29.3364 27894273 257536
29.3833 27895721 259072
29.3857 27897169 259072
29.3881 27898617 259072
29.3929 27900065 259072
29.3953 27901513 259072
29.3977 27902961 259072
29.4001 27904409 259072
29.4013 27905857 259072
29.4025 27907305 259072
29.4085 27908753 259072
29.4109 27910201 259072
29.4157 27911649 259072
29.4181 27913097 259072
29.4229 27914545 259072
29.4253 27915993 259072
29.4265 27917441 259072
29.4277 27918889 259072
29.4313 27920337 259072
29.4325 27921785 259072
29.5215 27923233 259072
29.5239 27924681 259072
29.5263 27926129 259072
29.5275 27927577 259072
29.5287 27929025 259072
29.5299 27930473 259072
29.5323 27931921 260608
29.5347 27933369 260608
29.5359 27934817 260608
29.5371 27936265 260608
29.5383 27937713 260608
29.5395 27939161 260608
29.5407 27940609 260608
29.5419 27942057 260608
29.5431 27943505 260608
29.5443 27944953 260608
29.5455 27946401 260608
29.5467 27947849 260608
29.5479 27949297 260608
29.5491 27950745 260608
29.5503 27952193 260608
29.5515 27953641 260608
29.5527 27955089 260608
29.5539 27956537 260608
29.5551 27957985 260608
29.5563 27959433 260608
29.5575 27960881 260608
29.5587 27962329 260608
29.5599 27963777 260608
29.5611 27965225 260608
29.5623 27966673 260608
29.5635 27968121 260608
29.5647 27969569 260608
29.5659 27971017 261632
29.5671 27972465 261632
29.5683 27973913 261632
29.5695 27975361 261632
29.5707 27976809 261632
29.5719 27978257 261632
29.5731 27979705 261632
29.5743 27981153 261632
29.5755 27982601 261632
29.5767 27984049 261632
29.5779 27985497 261632
29.5791 27986945 261632
29.5803 27988393 261632
29.5815 27989841 261632
29.5827 27991289 261632
29.5839 27992737 261632
29.5851 27994185 261632
29.5863 27995633 261632
29.5875 27997081 261632
29.5887 27998529 261632
29.5911 27999977 261632
29.5936 28001425 261632
29.596 28002873 261632
29.5996 28004321 261632
29.602 28005769 261632
29.6044 28007217 261632
29.6056 28008665 261632
29.6068 28010113 261632
29.608 28011561 261632
29.6092 28013009 261632
29.6104 28014457 261632
29.6116 28015905 263168
29.6128 28017353 263168
29.614 28018801 263168
29.6152 28020249 263168
29.6164 28021697 263168
29.6176 28023145 263168
29.6188 28024593 263168
29.62 28026041 263168
29.6212 28027489 263168
29.6224 28028937 263168
29.6236 28030385 263168
29.6248 28031833 263168
29.626 28033281 263168
29.6272 28034729 263168
29.6284 28036177 263168
29.6296 28037625 263168
29.6308 28039073 263168
29.632 28040521 263168
29.6332 28041969 263168
29.6344 28043417 263168
29.6356 28044865 263168
29.6368 28046313 263168
29.638 28047761 263168
29.6392 28049209 263168
29.6404 28050657 263168
29.6416 28052105 263168
29.6428 28053553 263168
29.644 28055001 263168
29.6452 28056449 263168
29.6464 28057897 263168
29.6476 28059345 263168
29.6488 28060793 264704
29.65 28062241 264704
29.6512 28063689 264704
29.6524 28065137 264704
29.6536 28066585 264704
29.6548 28068033 264704
29.656 28069481 264704
29.6572 28070929 264704
29.6584 28072377 264704
29.6596 28073825 264704
29.6608 28075273 264704
29.662 28076721 264704
29.6632 28078169 264704
29.6644 28079617 264704
29.6656 28081065 264704
29.6668 28082513 264704
29.6681 28083961 264704
29.6693 28085409 264704
29.6705 28086857 264704
29.6717 28088305 264704
29.6729 28089753 264704
29.6741 28091201 264704
29.6753 28092649 264704
29.6765 28094097 264704
29.6777 28095545 264704
29.6789 28096993 264704
29.6801 28098441 264704
29.6813 28099889 264704
29.6825 28101337 264704
29.6837 28102785 264704
29.6849 28104233 264704
29.6861 28105681 266240
29.6873 28107129 266240
29.6885 28108577 266240
29.6897 28110025 266240
29.6909 28111473 266240
29.6921 28112921 266240
29.6933 28114369 266240
29.6945 28115817 266240
29.6957 28117265 266240
29.6969 28118713 266240
29.6981 28120161 266240
29.6993 28121609 266240
29.7005 28123057 266240
29.7017 28124505 266240
29.7029 28125953 266240
29.7041 28127401 266240
29.7053 28128849 266240
29.7065 28130297 266240
29.7077 28131745 266240
29.7089 28133193 266240
29.7101 28134641 266240
29.7113 28136089 266240
29.7125 28137537 266240
29.7137 28138985 266240
29.7149 28140433 266240
29.7161 28141881 266240
29.7173 28143329 266240
29.7185 28144777 266240
29.7197 28146225 266240
29.7221 28147673 266240
29.7245 28149121 266240
29.7269 28150569 266240
29.7281 28152017 266240
29.7293 28153465 266240
29.7317 28154913 266240
29.7486 28156361 267776
29.751 28157809 267776
29.7534 28159257 267776
29.7714 28160705 267776
29.7738 28162153 267776
29.8243 28163601 267776
29.8267 28165049 267776
29.8315 28166497 267776
29.8339 28167945 267776
29.8363 28169393 267776
29.8387 28170841 267776
29.8411 28172289 267776
29.8423 28173737 267776
29.8471 28175185 267776
29.8495 28176633 267776
29.8543 28178081 267776
29.8567 28179529 267776
29.8615 28180977 267776
29.8639 28182425 267776
29.8651 28183873 267776
29.8663 28185321 267776
29.8699 28186769 267776
29.8711 28188217 267776
29.9612 28189665 269312
29.9636 28191113 269312
29.9648 28192561 269312
29.9672 28194009 269312
29.9697 28195457 269312
29.9709 28196905 269312
29.9721 28198353 269312
29.9733 28199801 269312
29.9757 28201249 269312
29.9781 28202697 269312
29.9793 28204145 269312
29.9805 28205593 269312
29.9817 28207041 269312
29.9829 28208489 269312
29.9841 28209937 269312
29.9853 28211385 269312
29.9865 28212833 269312
29.9877 28214281 269312
29.9889 28215729 269312
29.9901 28217177 269312
29.9913 28218625 269312
29.9925 28220073 270336
29.9937 28221521 270336
29.9949 28222969 270336
29.9961 28224417 270336
29.9973 28225865 270336
29.9985 28227313 270336
29.9997 28228761 270336
30.0009 28230209 270336
30.0021 28231657 270336
30.0033 28233105 270336
30.0045 28234553 270336
30.0057 28236001 270336
30.0069 28237449 270336
30.0081 28238897 270336
30.0093 28240345 270336
30.0105 28241793 270336
30.0117 28243241 270336
30.0129 28244689 270336
30.0141 28246137 270336
30.0153 28247585 270336
30.0165 28249033 270336
30.0177 28250481 270336
30.0189 28251929 270336
30.0201 28253377 270336
30.0213 28254825 270336
30.0225 28256273 270336
30.0237 28257721 270336
30.0249 28259169 271872
30.0261 28260617 271872
30.0273 28262065 271872
30.0285 28263513 271872
30.0297 28264961 271872
30.0309 28266409 271872
30.0321 28267857 271872
30.0333 28269305 271872
30.0357 28270753 271872
30.0381 28272201 271872
30.0393 28273649 271872
30.043 28275097 271872
30.0454 28276545 271872
30.0478 28277993 271872
30.049 28279441 271872
30.0502 28280889 271872
30.0514 28282337 271872
30.0526 28283785 271872
30.0538 28285233 271872
30.055 28286681 271872
30.0562 28288129 271872
30.0574 28289577 271872
30.0586 28291025 271872
30.0598 28292473 271872
30.061 28293921 271872
30.0622 28295369 271872
30.0634 28296817 271872
30.0646 28298265 273408
30.0658 28299713 273408
30.067 28301161 273408
30.0682 28302609 273408
30.0694 28304057 273408
30.0706 28305505 273408
30.0718 28306953 273408
30.073 28308401 273408
30.0742 28309849 273408
30.0754 28311297 273408
30.0766 28312745 273408
30.0778 28314193 273408
30.079 28315641 273408
30.0802 28317089 273408
30.0814 28318537 273408
30.0826 28319985 273408
30.0838 28321433 273408
30.085 28322881 273408
30.0862 28324329 273408
30.0874 28325777 273408
30.0886 28327225 273408
30.0898 28328673 273408
30.091 28330121 273408
30.0922 28331569 273408
30.0934 28333017 273408
30.0946 28334465 273408
30.0958 28335913 273408
30.097 28337361 273408
30.0982 28338809 273408
30.0994 28340257 273408
30.1006 28341705 273408
30.1018 28343153 274944
30.103 28344601 274944
30.1042 28346049 274944
30.1054 28347497 274944
30.1066 28348945 274944
30.1078 28350393 274944
30.109 28351841 274944
30.1102 28353289 274944
30.1114 28354737 274944
30.1126 28356185 274944
30.1138 28357633 274944
30.115 28359081 274944
30.1162 28360529 274944
30.1174 28361977 274944
30.1187 28363425 274944
30.1199 28364873 274944
30.1211 28366321 274944
30.1223 28367769 274944
30.1235 28369217 274944
30.1247 28370665 274944
30.1259 28372113 274944
30.1271 28373561 274944
30.1283 28375009 274944
30.1295 28376457 274944
30.1307 28377905 274944
30.1319 28379353 274944
30.1331 28380801 274944
30.1343 28382249 274944
30.1355 28383697 274944
30.1367 28385145 274944
30.1379 28386593 274944
30.1391 28388041 274944
30.1403 28389489 274944
30.1415 28390937 276480
30.1427 28392385 276480
30.1439 28393833 276480
30.1451 28395281 276480
30.1463 28396729 276480
30.1475 28398177 276480
30.1487 28399625 276480
30.1499 28401073 276480
30.1511 28402521 276480
30.1523 28403969 276480
30.1535 28405417 276480
30.1547 28406865 276480
30.1559 28408313 276480
30.1571 28409761 276480
30.1583 28411209 276480
30.1595 28412657 276480
30.1607 28414105 276480
30.1619 28415553 276480
30.1631 28417001 276480
30.1643 28418449 276480
30.1655 28419897 276480
30.1679 28421345 276480
30.1703 28422793 276480
30.1727 28424241 276480
30.1739 28425689 276480
30.1751 28427137 276480
30.1763 28428585 276480
30.1787 28430033 276480
30.1811 28431481 276480
30.198 28432929 276480
30.2004 28434377 276480
30.2184 28435825 278016
30.2208 28437273 278016
30.2232 28438721 278016
30.2761 28440169 278016
30.2785 28441617 278016
30.2845 28443065 278016
30.2869 28444513 278016
30.2893 28445961 278016
30.2917 28447409 278016
30.2941 28448857 278016
30.2953 28450305 278016
30.3001 28451753 278016
30.3025 28453201 278016
30.3073 28454649 278016
30.3097 28456097 278016
30.3145 28457545 278016
30.3169 28458993 278016
30.3181 28460441 278016
30.3193 28461889 278016
30.3229 28463337 278016
30.3241 28464785 278016
30.3794 28466233 278016
30.3806 28467681 278016
30.3818 28469129 278016
30.383 28470577 278016
30.3842 28472025 278016
30.3854 28473473 278016
30.3867 28474921 278016
30.3879 28476369 278016
30.3891 28477817 279040
30.3903 28479265 279040
30.3915 28480713 279040
30.3927 28482161 279040
30.3939 28483609 279040
30.3951 28485057 279040
30.3963 28486505 279040
30.3975 28487953 279040
30.3987 28489401 279040
30.3999 28490849 279040
30.4011 28492297 279040
30.4023 28493745 279040
30.4035 28495193 279040
30.4047 28496641 279040
30.4059 28498089 279040
30.4071 28499537 279040
30.4083 28500985 279040
30.4095 28502433 279040
30.4107 28503881 279040
30.4119 28505329 279040
30.4131 28506777 279040
30.4143 28508225 279040
30.4155 28509673 279040
30.4167 28511121 279040
30.4179 28512569 279040
30.4191 28514017 279040
30.4203 28515465 279040
30.4215 28516913 280576
30.4227 28518361 280576
30.4239 28519809 280576
30.4251 28521257 280576
30.4263 28522705 280576
30.4275 28524153 280576
30.4287 28525601 280576
30.4299 28527049 280576
30.4311 28528497 280576
30.4323 28529945 280576
30.4335 28531393 280576
30.4347 28532841 280576
30.4359 28534289 280576
30.4371 28535737 280576
30.4383 28537185 280576
30.4395 28538633 280576
30.4407 28540081 280576
30.4419 28541529 280576
30.4431 28542977 280576
30.4443 28544425 280576
30.4455 28545873 280576
30.4467 28547321 280576
30.4479 28548769 280576
30.4491 28550217 280576
30.4515 28551665 280576
30.4539 28553113 280576
30.4551 28554561 280576
30.4587 28556009 280576
30.4612 28557457 280576
30.4636 28558905 280576
30.4648 28560353 280576
30.466 28561801 280576
30.4672 28563249 280576
30.4684 28564697 282112
30.4696 28566145 282112
30.4708 28567593 282112
30.472 28569041 282112
30.4732 28570489 282112
30.4744 28571937 282112
30.4756 28573385 282112
30.4768 28574833 282112
30.478 28576281 282112
30.4792 28577729 282112
30.4804 28579177 282112
30.4816 28580625 282112
30.4828 28582073 282112
30.484 28583521 282112
30.4852 28584969 282112
30.4864 28586417 282112
30.4876 28587865 282112
30.4888 28589313 282112
30.49 28590761 282112
30.4912 28592209 282112
30.4924 28593657 282112
30.4936 28595105 282112
30.4948 28596553 282112
30.496 28598001 282112
30.4972 28599449 282112
30.4984 28600897 282112
30.4996 28602345 282112
30.5008 28603793 282112
30.502 28605241 282112
30.5032 28606689 282112
30.5044 28608137 282112
30.5056 28609585 282112
30.5068 28611033 282112
30.508 28612481 283648
30.5092 28613929 283648
30.5104 28615377 283648
30.5116 28616825 283648
30.5128 28618273 283648
30.514 28619721 283648
30.5152 28621169 283648
30.5164 28622617 283648
30.5176 28624065 283648
30.5188 28625513 283648
30.52 28626961 283648
30.5212 28628409 283648
30.5224 28629857 283648
30.5236 28631305 283648
30.5248 28632753 283648
30.526 28634201 283648
30.5272 28635649 283648
30.5284 28637097 283648
30.5296 28638545 283648
30.5308 28639993 283648
30.532 28641441 283648
30.5332 28642889 283648
30.5344 28644337 283648
30.5356 28645785 283648
30.5369 28647233 283648
30.5381 28648681 283648
30.5393 28650129 283648
30.5405 28651577 283648
30.5417 28653025 283648
30.5429 28654473 283648
30.5441 28655921 283648
30.5453 28657369 283648
30.5465 28658817 283648
30.5477 28660265 283648
30.5489 28661713 283648
30.5501 28663161 283648
30.5513 28664609 283648
30.5525 28666057 283648
30.5537 28667505 283648
30.5549 28668953 283648
30.5561 28670401 283648
30.5573 28671849 285184
30.5585 28673297 285184
30.5597 28674745 285184
30.5609 28676193 285184
30.5621 28677641 285184
30.5633 28679089 285184
30.5645 28680537 285184
30.5657 28681985 285184
30.5669 28683433 285184
30.5681 28684881 285184
30.5693 28686329 285184
30.5705 28687777 285184
30.5717 28689225 285184
30.5729 28690673 285184
30.5741 28692121 285184
30.5753 28693569 285184
30.5765 28695017 285184
30.5777 28696465 285184
30.5789 28697913 285184
30.5801 28699361 285184
30.5813 28700809 285184
30.5825 28702257 285184
30.5837 28703705 285184
30.5849 28705153 285184
30.5861 28706601 285184
30.5873 28708049 285184
30.5885 28709497 285184
30.5897 28710945 285184
30.5909 28712393 285184
30.5921 28713841 285184
30.5933 28715289 285184
30.5945 28716737 285184
30.5957 28718185 285184
30.5969 28719633 285184
30.5981 28721081 285184
30.5993 28722529 285184
30.6005 28723977 285184
30.6089 28725425 285184
30.6101 28726873 285184
30.6114 28728321 286208
30.6126 28729769 286208
30.6138 28731217 286208
30.615 28732665 286208
30.6162 28734113 286208
30.6174 28735561 286208
30.6186 28737009 286208
30.6198 28738457 286208
30.621 28739905 286208
30.6222 28741353 286208
30.6234 28742801 286208
30.6246 28744249 286208
30.6258 28745697 286208
30.627 28747145 286208
30.6282 28748593 286208
30.6294 28750041 286208
30.6306 28751489 286208
30.6655 28752937 286208
30.6667 28754385 286208
30.6679 28755833 286208
30.6691 28757281 286208
30.6703 28758729 286208
30.6715 28760177 286208
30.6727 28761625 286208
30.6739 28763073 286208
30.6751 28764521 286208
30.6763 28765969 286208
30.6775 28767417 287744
30.6787 28768865 287744
30.6799 28770313 287744
30.6811 28771761 287744
30.6823 28773209 287744
30.6835 28774657 287744
30.6847 28776105 287744
30.6859 28777553 287744
30.6871 28779001 287744
30.6883 28780449 287744
30.6895 28781897 287744
30.6907 28783345 287744
30.6919 28784793 287744
30.6931 28786241 287744
30.6943 28787689 287744
30.6955 28789137 287744
30.6967 28790585 287744
30.6979 28792033 287744
30.6991 28793481 287744
30.7003 28794929 287744
30.7015 28796377 287744
30.7027 28797825 287744
30.7039 28799273 287744
30.7051 28800721 287744
30.7063 28802169 287744
30.7075 28803617 287744
30.7087 28805065 287744
30.7099 28806513 287744
30.7111 28807961 287744
30.7123 28809409 287744
30.7135 28810857 287744
30.7147 28812305 287744
30.7159 28813753 287744
30.7171 28815201 287744
30.7183 28816649 287744
30.7195 28818097 287744
30.7207 28819545 287744
30.7219 28820993 287744
30.7231 28822441 287744
30.7243 28823889 287744
30.7255 28825337 287744
30.7267 28826785 289280
30.7279 28828233 289280
30.7292 28829681 289280
30.7304 28831129 289280
30.7316 28832577 289280
30.7328 28834025 289280
30.734 28835473 289280
30.7364 28836921 289280
30.7388 28838369 289280
30.74 28839817 289280
30.7412 28841265 289280
30.7424 28842713 289280
30.7448 28844161 289280
30.7484 28845609 289280
30.7508 28847057 289280
30.752 28848505 289280
30.7532 28849953 289280
30.7544 28851401 289280
30.7556 28852849 289280
30.7568 28854297 289280
30.758 28855745 289280
30.7592 28857193 289280
30.7604 28858641 289280
30.7616 28860089 289280
30.7628 28861537 289280
30.764 28862985 289280
30.7652 28864433 289280
30.7664 28865881 289280
30.7676 28867329 289280
30.7688 28868777 289280
30.77 28870225 289280
30.7712 28871673 289280
30.7724 28873121 289280
30.7736 28874569 289280
30.7748 28876017 289280
30.776 28877465 289280
30.7772 28878913 289280
30.7784 28880361 289280
30.7796 28881809 289280
30.7808 28883257 289280
30.782 28884705 289280
30.7832 28886153 289280
30.7844 28887601 289280
30.7856 28889049 289280
30.7868 28890497 289280
30.788 28891945 289280
30.7892 28893393 289280
30.7904 28894841 289280
30.7916 28896289 289280
30.7928 28897737 289280
30.794 28899185 289280
30.7952 28900633 290816
30.7964 28902081 290816
30.7976 28903529 290816
30.7988 28904977 290816
30.8 28906425 290816
30.8012 28907873 290816
30.8024 28909321 290816
30.8036 28910769 290816
30.8049 28912217 290816
30.8061 28913665 290816
30.8073 28915113 290816
30.8085 28916561 290816
30.8097 28918009 290816
30.8109 28919457 290816
30.8121 28920905 290816
30.8133 28922353 290816
30.8145 28923801 290816
30.8157 28925249 290816
30.8169 28926697 290816
30.8181 28928145 290816
30.8193 28929593 290816
30.8205 28931041 290816
30.8217 28932489 290816
30.8229 28933937 290816
30.8241 28935385 290816
30.8253 28936833 290816
30.8265 28938281 290816
30.8277 28939729 290816
30.8289 28941177 290816
30.8301 28942625 290816
30.8313 28944073 290816
30.8325 28945521 290816
30.8337 28946969 290816
30.8349 28948417 290816
30.8361 28949865 290816
30.8373 28951313 290816
30.8385 28952761 290816
30.8397 28954209 290816
30.8409 28955657 290816
30.8421 28957105 290816
30.8433 28958553 290816
30.8445 28960001 292352
30.8457 28961449 292352
30.8469 28962897 292352
30.8481 28964345 292352
30.8493 28965793 292352
30.8505 28967241 292352
30.8517 28968689 292352
30.8529 28970137 292352
30.8541 28971585 292352
30.8553 28973033 292352
30.8565 28974481 292352
30.8577 28975929 292352
30.8589 28977377 292352
30.8601 28978825 292352
30.8613 28980273 292352
30.8625 28981721 292352
30.8637 28983169 292352
30.8649 28984617 292352
30.8661 28986065 292352
30.8673 28987513 292352
30.8685 28988961 292352
30.8697 28990409 292352
30.8709 28991857 292352
30.8721 28993305 292352
30.8733 28994753 292352
30.8745 28996201 292352
30.8757 28997649 292352
30.8769 28999097 292352
30.8781 29000545 292352
30.8794 29001993 292352
30.8806 29003441 292352
30.8818 29004889 292352
30.883 29006337 292352
30.8842 29007785 292352
30.8854 29009233 292352
30.8866 29010681 292352
30.8878 29012129 292352
30.8902 29013577 292352
30.8926 29015025 292352
30.8986 29016473 292352
30.8998 29017921 292352
30.901 29019369 292352
30.9022 29020817 292352
30.9034 29022265 292352
30.9046 29023713 292352
30.9058 29025161 292352
30.907 29026609 292352
30.9082 29028057 292352
30.9094 29029505 292352
30.9106 29030953 292352
30.9118 29032401 292352
30.913 29033849 292352
30.9142 29035297 292352
30.9154 29036745 292352
30.9166 29038193 292352
30.9178 29039641 292352
30.919 29041089 292352
30.9202 29042537 292352
30.9214 29043985 292352
30.9563 29045433 293888
30.9575 29046881 293888
30.9587 29048329 293888
30.9599 29049777 293888
30.9611 29051225 293888
30.9623 29052673 293888
30.9635 29054121 293888
30.9647 29055569 293888
30.9659 29057017 293888
30.9671 29058465 293888
30.9683 29059913 293888
30.9695 29061361 293888
30.9707 29062809 293888
30.9719 29064257 293888
30.9731 29065705 293888
30.9743 29067153 293888
30.9755 29068601 293888
30.9767 29070049 293888
30.9779 29071497 293888
30.9791 29072945 293888
30.9803 29074393 293888
30.9815 29075841 293888
30.9827 29077289 293888
30.9839 29078737 293888
30.9851 29080185 293888
30.9863 29081633 293888
30.9875 29083081 293888
30.9887 29084529 293888
30.9899 29085977 293888
30.9911 29087425 293888
30.9923 29088873 293888
30.9935 29090321 293888
30.9947 29091769 293888
30.9959 29093217 293888
30.9971 29094665 293888
30.9983 29096113 293888
30.9995 29097561 293888
31.0007 29099009 293888
31.0019 29100457 293888
31.0031 29101905 293888
31.0043 29103353 293888
31.0055 29104801 293888
31.0067 29106249 293888
31.0079 29107697 293888
31.0091 29109145 293888
31.0103 29110593 293888
31.0115 29112041 293888
31.0127 29113489 293888
31.0139 29114937 293888
31.0151 29116385 293888
31.0163 29117833 293888
31.0175 29119281 293888
31.0187 29120729 293888
31.0199 29122177 293888
31.0211 29123625 293888
31.0223 29125073 293888
31.0235 29126521 293888
31.0259 29127969 293888
31.0283 29129417 293888
31.0296 29130865 294912
31.0308 29132313 294912
31.032 29133761 294912
31.0332 29135209 294912
31.0356 29136657 294912
31.038 29138105 294912
31.0392 29139553 294912
31.0428 29141001 294912
31.044 29142449 294912
31.0452 29143897 294912
31.0464 29145345 294912
31.0476 29146793 294912
31.0488 29148241 294912
31.05 29149689 294912
31.0512 29151137 294912
31.0524 29152585 294912
31.0536 29154033 294912
31.0548 29155481 294912
31.056 29156929 294912
31.0572 29158377 294912
31.0584 29159825 294912
31.0596 29161273 294912
31.0608 29162721 294912
31.062 29164169 294912
31.0632 29165617 294912
31.0644 29167065 294912
31.0656 29168513 294912
31.0668 29169961 294912
31.068 29171409 294912
31.0692 29172857 294912
31.0704 29174305 294912
31.0716 29175753 294912
31.0728 29177201 294912
31.074 29178649 294912
31.0752 29180097 294912
31.0764 29181545 294912
31.0776 29182993 294912
31.0788 29184441 294912
31.08 29185889 294912
31.0812 29187337 294912
31.0824 29188785 294912
31.0836 29190233 294912
31.0848 29191681 294912
31.086 29193129 294912
31.0872 29194577 294912
31.0884 29196025 294912
31.0896 29197473 294912
31.0908 29198921 294912
31.092 29200369 294912
31.0932 29201817 294912
31.0944 29203265 294912
31.0956 29204713 294912
31.0968 29206161 294912
31.098 29207609 294912
31.0992 29209057 294912
31.1004 29210505 294912
31.1016 29211953 294912
31.1028 29213401 294912
31.104 29214849 294912
31.1053 29216297 294912
31.1065 29217745 294912
31.1077 29219193 294912
31.1089 29220641 294912
31.1101 29222089 294912
31.1113 29223537 294912
31.1125 29224985 294912
31.1137 29226433 294912
31.1149 29227881 294912
31.1161 29229329 294912
31.1173 29230777 296448
31.1185 29232225 296448
31.1197 29233673 296448
31.1209 29235121 296448
31.1221 29236569 296448
31.1233 29238017 296448
31.1245 29239465 296448
31.1257 29240913 296448
31.1269 29242361 296448
31.1281 29243809 296448
31.1293 29245257 296448
31.1305 29246705 296448
31.1317 29248153 296448
31.1329 29249601 296448
31.1341 29251049 296448
31.1353 29252497 296448
31.1365 29253945 296448
31.1377 29255393 296448
31.1389 29256841 296448
31.1401 29258289 296448
31.1413 29259737 296448
31.1425 29261185 296448
31.1437 29262633 296448
31.1449 29264081 296448
31.1461 29265529 296448
31.1473 29266977 296448
31.1485 29268425 296448
31.1497 29269873 296448
31.1509 29271321 296448
31.1521 29272769 296448
31.1533 29274217 296448
31.1545 29275665 296448
31.1557 29277113 296448
31.1569 29278561 296448
31.1581 29280009 296448
31.1593 29281457 296448
31.1605 29282905 296448
31.1617 29284353 296448
31.1629 29285801 296448
31.1641 29287249 296448
31.1653 29288697 296448
31.1665 29290145 296448
31.1677 29291593 296448
31.1689 29293041 296448
31.1701 29294489 296448
31.1713 29295937 296448
31.1725 29297385 296448
31.1737 29298833 296448
31.1749 29300281 296448
31.1761 29301729 296448
31.1773 29303177 296448
31.1785 29304625 296448
31.1798 29306073 296448
31.1822 29307521 296448
31.1846 29308969 296448
31.1858 29310417 296448
31.1882 29311865 296448
31.193 29313313 296448
31.1942 29314761 296448
31.1954 29316209 296448
31.1966 29317657 296448
31.1978 29319105 296448
31.199 29320553 296448
31.2002 29322001 296448
31.2014 29323449 296448
31.2026 29324897 296448
31.2038 29326345 296448
31.205 29327793 296448
31.2062 29329241 296448
31.2074 29330689 296448
31.2086 29332137 296448
31.2098 29333585 296448
31.211 29335033 296448
31.2122 29336481 296448
31.2134 29337929 296448
31.2146 29339377 296448
31.217 29340825 296448
31.2506 29342273 297984
31.2518 29343721 297984
31.253 29345169 297984
31.2542 29346617 297984
31.2555 29348065 297984
31.2567 29349513 297984
31.2579 29350961 297984
31.2591 29352409 297984
31.2603 29353857 297984
31.2615 29355305 297984
31.2627 29356753 297984
31.2639 29358201 297984
31.2651 29359649 297984
31.2663 29361097 297984
31.2675 29362545 297984
31.2687 29363993 297984
31.2699 29365441 297984
31.2711 29366889 297984
31.2723 29368337 297984
31.2735 29369785 297984
31.2747 29371233 297984
31.2759 29372681 297984
31.2771 29374129 297984
31.2783 29375577 297984
31.2795 29377025 297984
31.2807 29378473 297984
31.2819 29379921 297984
31.2831 29381369 297984
31.2843 29382817 297984
31.2855 29384265 297984
31.2867 29385713 297984
31.2879 29387161 297984
31.2891 29388609 297984
31.2903 29390057 297984
31.2915 29391505 297984
31.2927 29392953 297984
31.2939 29394401 297984
31.2951 29395849 297984
31.2963 29397297 297984
31.2975 29398745 297984
31.2987 29400193 297984
31.2999 29401641 297984
31.3011 29403089 297984
31.3023 29404537 297984
31.3035 29405985 297984
31.3047 29407433 297984
31.3059 29408881 297984
31.3071 29410329 297984
31.3083 29411777 297984
31.3095 29413225 297984
31.3107 29414673 297984
31.3119 29416121 297984
31.3131 29417569 297984
31.3143 29419017 297984
31.3155 29420465 297984
31.3167 29421913 297984
31.3191 29423361 297984
31.3215 29424809 297984
31.3227 29426257 297984
31.3239 29427705 297984
31.3251 29429153 297984
31.3263 29430601 297984
31.3275 29432049 297984
31.33 29433497 297984
31.3324 29434945 297984
31.3336 29436393 297984
31.336 29437841 297984
31.3384 29439289 297984
31.3396 29440737 297984
31.3408 29442185 297984
31.342 29443633 297984
31.3432 29445081 297984
31.3444 29446529 297984
31.3456 29447977 297984
31.3468 29449425 297984
31.348 29450873 297984
31.3492 29452321 297984
31.3504 29453769 297984
31.3516 29455217 297984
31.3528 29456665 297984
31.354 29458113 297984
31.3552 29459561 297984
31.3564 29461009 297984
31.3576 29462457 297984
31.3588 29463905 297984
31.36 29465353 297984
31.3612 29466801 297984
31.3624 29468249 297984
31.3636 29469697 297984
31.3648 29471145 297984
31.366 29472593 297984
31.3672 29474041 297984
31.3684 29475489 297984
31.3696 29476937 297984
31.3708 29478385 297984
31.372 29479833 297984
31.3732 29481281 297984
31.3744 29482729 299520
31.3756 29484177 299520
31.3768 29485625 299520
31.378 29487073 299520
31.3792 29488521 299520
31.3804 29489969 299520
31.3816 29491417 299520
31.3828 29492865 299520
31.384 29494313 299520
31.3852 29495761 299520
31.3864 29497209 299520
31.3876 29498657 299520
31.3888 29500105 299520
31.39 29501553 299520
31.3912 29503001 299520
31.3924 29504449 299520
31.3936 29505897 299520
31.3948 29507345 299520
31.396 29508793 299520
31.3972 29510241 299520
31.3984 29511689 299520
31.3996 29513137 299520
31.4008 29514585 299520
31.402 29516033 299520
31.4032 29517481 299520
31.4044 29518929 299520
31.4057 29520377 299520
31.4069 29521825 299520
31.4081 29523273 299520
31.4093 29524721 299520
31.4105 29526169 299520
31.4117 29527617 299520
31.4129 29529065 299520
31.4141 29530513 299520
31.4153 29531961 299520
31.4165 29533409 299520
31.4177 29534857 299520
31.4189 29536305 299520
31.4201 29537753 299520
31.4213 29539201 299520
31.4225 29540649 299520
31.4237 29542097 299520
31.4249 29543545 299520
31.4261 29544993 299520
31.4273 29546441 299520
31.4285 29547889 299520
31.4297 29549337 299520
31.4309 29550785 299520
31.4321 29552233 299520
31.4333 29553681 299520
31.4345 29555129 299520
31.4357 29556577 299520
31.4369 29558025 299520
31.4381 29559473 299520
31.4393 29560921 299520
31.4405 29562369 299520
31.4417 29563817 299520
31.4429 29565265 299520
31.4441 29566713 299520
31.4453 29568161 299520
31.4465 29569609 299520
31.4477 29571057 299520
31.4489 29572505 299520
31.4501 29573953 299520
31.4513 29575401 299520
31.4525 29576849 299520
31.4537 29578297 299520
31.4549 29579745 299520
31.4561 29581193 299520
31.4573 29582641 299520
31.4585 29584089 299520
31.4597 29585537 299520
31.4609 29586985 299520
31.4621 29588433 299520
31.4633 29589881 299520
31.4645 29591329 299520
31.4657 29592777 299520
31.4669 29594225 299520
31.4681 29595673 299520
31.4693 29597121 299520
31.4705 29598569 299520
31.4717 29600017 299520
31.4729 29601465 299520
31.4741 29602913 299520
31.4765 29604361 299520
31.4789 29605809 299520
31.4802 29607257 299520
31.4814 29608705 299520
31.4838 29610153 299520
31.4886 29611601 299520
31.4898 29613049 299520
31.491 29614497 299520
31.4922 29615945 299520
31.4934 29617393 299520
31.4946 29618841 299520
31.4958 29620289 299520
31.497 29621737 299520
31.4982 29623185 299520
31.4994 29624633 299520
31.5006 29626081 299520
31.5018 29627529 299520
31.503 29628977 299520
31.5042 29630425 299520
31.5054 29631873 301056
31.5066 29633321 301056
31.5078 29634769 301056
31.509 29636217 301056
31.5102 29637665 301056
31.5126 29639113 301056
31.515 29640561 301056
31.5474 29642009 301056
31.5486 29643457 301056
31.5498 29644905 301056
31.551 29646353 301056
31.5522 29647801 301056
31.5534 29649249 301056
31.5546 29650697 301056
31.5559 29652145 301056
31.5571 29653593 301056
31.5583 29655041 301056
31.5595 29656489 301056
31.5607 29657937 301056
31.5619 29659385 301056
31.5631 29660833 301056
31.5643 29662281 301056
31.5655 29663729 301056
31.5667 29665177 301056
31.5679 29666625 301056
31.5691 29668073 301056
31.5703 29669521 301056
31.5715 29670969 301056
31.5727 29672417 301056
31.5739 29673865 301056
31.5751 29675313 301056
31.5763 29676761 301056
31.5775 29678209 301056
31.5787 29679657 301056
31.5799 29681105 301056
31.5811 29682553 301056
31.5823 29684001 301056
31.5835 29685449 301056
31.5847 29686897 301056
31.5859 29688345 301056
31.5871 29689793 301056
31.5883 29691241 301056
31.5895 29692689 301056
31.5907 29694137 301056
31.5919 29695585 301056
31.5931 29697033 301056
31.5943 29698481 301056
31.5955 29699929 301056
31.5967 29701377 301056
31.5979 29702825 301056
31.5991 29704273 301056
31.6003 29705721 301056
31.6015 29707169 301056
31.6027 29708617 301056
31.6039 29710065 301056
31.6051 29711513 301056
31.6063 29712961 301056
31.6075 29714409 301056
31.6087 29715857 301056
31.6099 29717305 301056
31.6111 29718753 301056
31.6123 29720201 301056
31.6135 29721649 301056
31.6159 29723097 301056
31.6183 29724545 301056
31.6195 29725993 301056
31.6207 29727441 301056
31.6219 29728889 301056
31.6231 29730337 301056
31.6243 29731785 301056
31.6267 29733233 301056
31.6291 29734681 301056
31.6304 29736129 301056
31.6328 29737577 301056
31.6352 29739025 301056
31.6364 29740473 301056
31.6376 29741921 301056
31.6388 29743369 301056
31.64 29744817 301056
31.6424 29746265 301056
31.6436 29747713 301056
31.6448 29749161 301056
31.646 29750609 301056
31.6472 29752057 301056
31.6484 29753505 301056
31.6496 29754953 301056
31.6508 29756401 301056
31.652 29757849 301056
31.6532 29759297 301056
31.6544 29760745 301056
31.6556 29762193 301056
31.6568 29763641 301056
31.658 29765089 301056
31.6592 29766537 301056
31.6604 29767985 301056
31.6616 29769433 301056
31.6628 29770881 301056
31.664 29772329 301056
31.6652 29773777 301056
31.6664 29775225 301056
31.6676 29776673 301056
31.6688 29778121 301056
31.67 29779569 301056
31.6712 29781017 301056
31.6724 29782465 301056
31.6736 29783913 301056
31.6748 29785361 301056
31.676 29786809 301056
31.6772 29788257 301056
31.6784 29789705 301056
31.6796 29791153 301056
31.6808 29792601 301056
31.682 29794049 301056
31.6832 29795497 301056
31.6844 29796945 301056
31.6856 29798393 301056
31.6868 29799841 301056
31.688 29801289 301056
31.6892 29802737 301056
31.6904 29804185 302592
31.6916 29805633 302592
31.6928 29807081 302592
31.694 29808529 302592
31.6952 29809977 302592
31.6964 29811425 302592
31.6976 29812873 302592
31.6988 29814321 302592
31.7 29815769 302592
31.7012 29817217 302592
31.7024 29818665 302592
31.7036 29820113 302592
31.7048 29821561 302592
31.7061 29823009 302592
31.7073 29824457 302592
31.7085 29825905 302592
31.7097 29827353 302592
31.7109 29828801 302592
31.7121 29830249 302592
31.7133 29831697 302592
31.7145 29833145 302592
31.7157 29834593 302592
31.7169 29836041 302592
31.7181 29837489 302592
31.7193 29838937 302592
31.7205 29840385 302592
31.7217 29841833 302592
31.7229 29843281 302592
31.7241 29844729 302592
31.7253 29846177 302592
31.7265 29847625 302592
31.7277 29849073 302592
31.7289 29850521 302592
31.7301 29851969 302592
31.7313 29853417 302592
31.7325 29854865 302592
31.7337 29856313 302592
31.7349 29857761 302592
31.7361 29859209 302592
31.7373 29860657 302592
31.7385 29862105 302592
31.7397 29863553 302592
31.7409 29865001 302592
31.7421 29866449 302592
31.7433 29867897 302592
31.7445 29869345 302592
31.7457 29870793 302592
31.7469 29872241 302592
31.7481 29873689 302592
31.7493 29875137 302592
31.7505 29876585 302592
31.7517 29878033 302592
31.7529 29879481 302592
31.7541 29880929 302592
31.7553 29882377 302592
31.7565 29883825 302592
31.7577 29885273 302592
31.7589 29886721 302592
31.7601 29888169 302592
31.7613 29889617 302592
31.7625 29891065 302592
31.7637 29892513 302592
31.7649 29893961 302592
31.7661 29895409 302592
31.7673 29896857 302592
31.7685 29898305 302592
31.7697 29899753 302592
31.7709 29901201 302592
31.7721 29902649 302592
31.7745 29904097 302592
31.7769 29905545 302592
31.7781 29906993 302592
31.7793 29908441 302592
31.7806 29909889 302592
31.783 29911337 302592
31.7878 29912785 302592
31.789 29914233 302592
31.7902 29915681 302592
31.7914 29917129 302592
31.7926 29918577 302592
31.7938 29920025 302592
31.795 29921473 302592
31.7962 29922921 302592
31.7974 29924369 302592
31.7986 29925817 302592
31.7998 29927265 302592
31.801 29928713 302592
31.8022 29930161 302592
31.8034 29931609 302592
31.8046 29933057 302592
31.8058 29934505 302592
31.807 29935953 302592
31.8082 29937401 302592
31.8095 29938849 302592
31.8119 29940297 302592
31.8143 29941745 302592
31.8167 29943193 302592
31.8479 29944641 302592
31.8491 29946089 302592
31.8503 29947537 302592
31.8515 29948985 302592
31.8527 29950433 302592
31.8539 29951881 302592
31.8551 29953329 302592
31.8563 29954777 302592
31.8575 29956225 302592
31.8587 29957673 302592
31.8599 29959121 302592
31.8611 29960569 302592
31.8623 29962017 302592
31.8635 29963465 302592
31.8647 29964913 302592
31.8659 29966361 302592
31.8671 29967809 302592
31.8683 29969257 302592
31.8695 29970705 302592
31.8707 29972153 302592
31.8719 29973601 302592
31.8732 29975049 302592
31.8744 29976497 302592
31.8756 29977945 302592
31.8768 29979393 302592
31.878 29980841 302592
31.8792 29982289 302592
31.8804 29983737 302592
31.8816 29985185 302592
31.8828 29986633 302592
31.884 29988081 302592
31.8852 29989529 302592
31.8864 29990977 302592
31.8876 29992425 302592
31.8888 29993873 302592
31.89 29995321 302592
31.8912 29996769 302592
31.8924 29998217 302592
31.8936 29999665 302592
31.8948 30001113 302592
31.896 30002561 302592
31.8972 30004009 302592
31.8984 30005457 302592
31.8996 30006905 302592
31.9008 30008353 302592
31.902 30009801 302592
31.9032 30011249 302592
31.9044 30012697 302592
31.9056 30014145 302592
31.9068 30015593 302592
31.908 30017041 302592
31.9092 30018489 302592
31.9104 30019937 302592
31.9116 30021385 302592
31.9128 30022833 302592
31.9152 30024281 302592
31.9176 30025729 302592
31.9188 30027177 302592
31.92 30028625 302592
31.9212 30030073 302592
31.9224 30031521 302592
31.9236 30032969 302592
31.926 30034417 302592
31.9284 30035865 302592
31.9296 30037313 302592
31.932 30038761 302592
31.9344 30040209 302592
31.9356 30041657 302592
31.9368 30043105 302592
31.938 30044553 302592
31.9392 30046001 302592
31.9404 30047449 302592
31.9416 30048897 302592
31.9428 30050345 302592
31.944 30051793 302592
31.9452 30053241 302592
31.9464 30054689 302592
31.9476 30056137 302592
31.9489 30057585 302592
31.9501 30059033 302592
31.9513 30060481 302592
31.9525 30061929 302592
31.9537 30063377 302592
31.9549 30064825 302592
31.9561 30066273 302592
31.9573 30067721 302592
31.9585 30069169 302592
31.9597 30070617 302592
31.9609 30072065 302592
31.9621 30073513 302592
31.9633 30074961 302592
31.9645 30076409 302592
31.9657 30077857 302592
31.9669 30079305 302592
31.9681 30080753 302592
31.9693 30082201 302592
31.9705 30083649 302592
31.9717 30085097 302592
31.9729 30086545 302592
31.9741 30087993 302592
31.9753 30089441 303616
31.9765 30090889 303616
31.9777 30092337 303616
31.9789 30093785 303616
31.9801 30095233 303616
31.9813 30096681 303616
31.9825 30098129 303616
31.9837 30099577 303616
31.9849 30101025 303616
31.9861 30102473 303616
31.9873 30103921 303616
31.9885 30105369 303616
31.9897 30106817 303616
31.9909 30108265 303616
31.9921 30109713 303616
31.9933 30111161 303616
31.9945 30112609 303616
31.9957 30114057 303616
31.9969 30115505 303616
31.9981 30116953 303616
31.9993 30118401 303616
32.0005 30119849 303616
32.0017 30121297 303616
32.0029 30122745 303616
32.0041 30124193 303616
32.0053 30125641 303616
32.0065 30127089 303616
32.0077 30128537 303616
32.0089 30129985 303616
32.0101 30131433 303616
32.0113 30132881 303616
32.0125 30134329 303616
32.0137 30135777 303616
32.0149 30137225 303616
32.0161 30138673 303616
32.0173 30140121 303616
32.0185 30141569 303616
32.0197 30143017 303616
32.0209 30144465 303616
32.0221 30145913 303616
32.0234 30147361 303616
32.0246 30148809 303616
32.0258 30150257 303616
32.027 30151705 303616
32.0282 30153153 303616
32.0294 30154601 303616
32.0306 30156049 303616
32.0318 30157497 303616
32.033 30158945 303616
32.0342 30160393 303616
32.0354 30161841 303616
32.0366 30163289 303616
32.0378 30164737 303616
32.039 30166185 303616
32.0402 30167633 303616
32.0414 30169081 303616
32.0426 30170529 303616
32.0438 30171977 303616
32.045 30173425 303616
32.0462 30174873 303616
32.0474 30176321 303616
32.0486 30177769 303616
32.0498 30179217 303616
32.051 30180665 303616
32.0522 30182113 303616
32.0534 30183561 303616
32.0546 30185009 303616
32.0558 30186457 303616
32.057 30187905 303616
32.0582 30189353 303616
32.0594 30190801 303616
32.0606 30192249 303616
32.0618 30193697 303616
32.063 30195145 303616
32.0642 30196593 303616
32.0654 30198041 303616
32.0666 30199489 303616
32.0678 30200937 303616
32.069 30202385 303616
32.0702 30203833 303616
32.0726 30205281 303616
32.075 30206729 303616
32.0762 30208177 303616
32.0774 30209625 303616
32.0786 30211073 303616
32.0798 30212521 303616
32.0822 30213969 303616
32.087 30215417 303616
32.0882 30216865 303616
32.0894 30218313 303616
32.0906 30219761 303616
32.0918 30221209 303616
32.093 30222657 303616
32.0942 30224105 303616
32.0954 30225553 303616
32.0966 30227001 303616
32.0978 30228449 303616
32.0991 30229897 303616
32.1003 30231345 303616
32.1015 30232793 303616
32.1027 30234241 303616
32.1039 30235689 303616
32.1051 30237137 303616
32.1063 30238585 303616
32.1075 30240033 303616
32.1087 30241481 303616
32.1111 30242929 303616
32.1135 30244377 303616
32.1159 30245825 303616
32.1471 30247273 303616
32.1483 30248721 303616
32.1495 30250169 303616
32.1507 30251617 303616
32.1519 30253065 303616
32.1531 30254513 303616
32.1543 30255961 303616
32.1555 30257409 303616
32.1567 30258857 303616
32.1579 30260305 303616
32.1591 30261753 303616
32.1603 30263201 303616
32.1615 30264649 303616
32.1627 30266097 303616
32.1639 30267545 303616
32.1651 30268993 303616
32.1663 30270441 303616
32.1675 30271889 303616
32.1687 30273337 303616
32.1699 30274785 303616
32.1711 30276233 303616
32.1723 30277681 303616
32.1736 30279129 303616
32.1748 30280577 303616
32.176 30282025 303616
32.1772 30283473 303616
32.1784 30284921 303616
32.1796 30286369 303616
32.1808 30287817 303616
32.182 30289265 303616
32.1832 30290713 303616
32.1844 30292161 303616
32.1856 30293609 303616
32.1868 30295057 303616
32.188 30296505 303616
32.1892 30297953 303616
32.1904 30299401 303616
32.1916 30300849 303616
32.1928 30302297 303616
32.194 30303745 303616
32.1952 30305193 303616
32.1964 30306641 303616
32.1976 30308089 303616
32.1988 30309537 303616
32.2 30310985 303616
32.2012 30312433 303616
32.2024 30313881 303616
32.2036 30315329 303616
32.2048 30316777 303616
32.206 30318225 303616
32.2072 30319673 303616
32.2084 30321121 303616
32.2096 30322569 303616
32.2108 30324017 303616
32.212 30325465 303616
32.2144 30326913 303616
32.2168 30328361 303616
32.218 30329809 303616
32.2192 30331257 303616
32.2204 30332705 303616
32.2216 30334153 303616
32.2228 30335601 303616
32.2252 30337049 303616
32.2276 30338497 303616
32.2288 30339945 303616
32.2312 30341393 303616
32.2336 30342841 303616
32.2348 30344289 303616
32.236 30345737 303616
32.2372 30347185 303616
32.2384 30348633 303616
32.2396 30350081 303616
32.2408 30351529 303616
32.242 30352977 303616
32.2432 30354425 303616
32.2444 30355873 303616
32.2456 30357321 303616
32.2468 30358769 303616
32.248 30360217 303616
32.2493 30361665 303616
32.2505 30363113 303616
32.2517 30364561 303616
32.2529 30366009 303616
32.2541 30367457 303616
32.2553 30368905 303616
32.2565 30370353 303616
32.2577 30371801 303616
32.2589 30373249 303616
32.2601 30374697 303616
32.2613 30376145 303616
32.2625 30377593 303616
32.2637 30379041 303616
32.2649 30380489 303616
32.2661 30381937 303616
32.2673 30383385 303616
32.2685 30384833 303616
32.2697 30386281 303616
32.2709 30387729 303616
32.2721 30389177 303616
32.2733 30390625 303616
32.2745 30392073 303616
32.2757 30393521 303616
32.2769 30394969 305152
32.2781 30396417 305152
32.2793 30397865 305152
32.2805 30399313 305152
32.2817 30400761 305152
32.2829 30402209 305152
32.2841 30403657 305152
32.2853 30405105 305152
32.2865 30406553 305152
32.2877 30408001 305152
32.2889 30409449 305152
32.2901 30410897 305152
32.2913 30412345 305152
32.2925 30413793 305152
32.2937 30415241 305152
32.2949 30416689 305152
32.2961 30418137 305152
32.2973 30419585 305152
32.2985 30421033 305152
32.2997 30422481 305152
32.3009 30423929 305152
32.3021 30425377 305152
32.3033 30426825 305152
32.3045 30428273 305152
32.3057 30429721 305152
32.3069 30431169 305152
32.3081 30432617 305152
32.3093 30434065 305152
32.3105 30435513 305152
32.3117 30436961 305152
32.3129 30438409 305152
32.3141 30439857 305152
32.3153 30441305 305152
32.3165 30442753 305152
32.3177 30444201 305152
32.3189 30445649 305152
32.3201 30447097 305152
32.3213 30448545 305152
32.3225 30449993 305152
32.3238 30451441 305152
32.325 30452889 305152
32.3262 30454337 305152
32.3274 30455785 305152
32.3286 30457233 305152
32.3298 30458681 305152
32.331 30460129 305152
32.3322 30461577 305152
32.3334 30463025 305152
32.3346 30464473 305152
32.3358 30465921 305152
32.337 30467369 305152
32.3382 30468817 305152
32.3394 30470265 305152
32.3406 30471713 305152
32.3418 30473161 305152
32.343 30474609 305152
32.3442 30476057 305152
32.3454 30477505 305152
32.3466 30478953 305152
32.3478 30480401 305152
32.349 30481849 305152
32.3502 30483297 305152
32.3514 30484745 305152
32.3526 30486193 305152
32.3538 30487641 305152
32.355 30489089 305152
32.3562 30490537 305152
32.3574 30491985 305152
32.3586 30493433 305152
32.3598 30494881 305152
32.361 30496329 305152
32.3622 30497777 305152
32.3634 30499225 305152
32.3646 30500673 305152
32.3658 30502121 305152
32.367 30503569 305152
32.3682 30505017 305152
32.3694 30506465 305152
32.3718 30507913 305152
32.3742 30509361 305152
32.3754 30510809 305152
32.3766 30512257 305152
32.3778 30513705 305152
32.379 30515153 305152
32.3802 30516601 305152
32.3826 30518049 305152
32.385 30519497 305152
32.3886 30520945 305152
32.3898 30522393 305152
32.391 30523841 305152
32.3922 30525289 305152
32.3934 30526737 305152
32.3946 30528185 305152
32.3958 30529633 305152
32.397 30531081 305152
32.3982 30532529 305152
32.3995 30533977 305152
32.4007 30535425 305152
32.4019 30536873 305152
32.4031 30538321 305152
32.4043 30539769 305152
32.4055 30541217 305152
32.4067 30542665 305152
32.4079 30544113 305152
32.4091 30545561 305152
32.4115 30547009 305152
32.4139 30548457 305152
32.4163 30549905 305152
32.4187 30551353 305152
32.4487 30552801 305152
32.4499 30554249 305152
32.4511 30555697 305152
32.4523 30557145 305152
32.4535 30558593 305152
32.4547 30560041 305152
32.4559 30561489 305152
32.4571 30562937 305152
32.4583 30564385 305152
32.4595 30565833 305152
32.4607 30567281 305152
32.4619 30568729 305152
32.4631 30570177 305152
32.4643 30571625 305152
32.4655 30573073 305152
32.4667 30574521 305152
32.4679 30575969 305152
32.4691 30577417 305152
32.4703 30578865 305152
32.4715 30580313 305152
32.4727 30581761 305152
32.474 30583209 305152
32.4752 30584657 305152
32.4764 30586105 305152
32.4776 30587553 305152
32.4788 30589001 305152
32.48 30590449 305152
32.4812 30591897 305152
32.4824 30593345 305152
32.4836 30594793 305152
32.4848 30596241 305152
32.486 30597689 305152
32.4872 30599137 305152
32.4884 30600585 305152
32.4896 30602033 305152
32.4908 30603481 305152
32.492 30604929 305152
32.4932 30606377 305152
32.4944 30607825 305152
32.4956 30609273 305152
32.4968 30610721 305152
32.498 30612169 305152
32.4992 30613617 305152
32.5004 30615065 305152
32.5016 30616513 305152
32.5028 30617961 305152
32.504 30619409 305152
32.5052 30620857 305152
32.5064 30622305 305152
32.5076 30623753 305152
32.5088 30625201 305152
32.51 30626649 305152
32.5112 30628097 305152
32.5124 30629545 305152
32.5148 30630993 305152
32.5172 30632441 305152
32.5184 30633889 305152
32.5196 30635337 305152
32.5208 30636785 305152
32.522 30638233 305152
32.5232 30639681 305152
32.5256 30641129 305152
32.528 30642577 305152
32.5292 30644025 305152
32.5316 30645473 305152
32.534 30646921 305152
32.5352 30648369 305152
32.5364 30649817 305152
32.5376 30651265 305152
32.5388 30652713 305152
32.54 30654161 305152
32.5412 30655609 305152
32.5424 30657057 305152
32.5436 30658505 305152
32.5448 30659953 305152
32.546 30661401 305152
32.5472 30662849 305152
32.5484 30664297 305152
32.5497 30665745 305152
32.5509 30667193 305152
32.5521 30668641 305152
32.5533 30670089 305152
32.5545 30671537 305152
32.5557 30672985 305152
32.5569 30674433 305152
32.5581 30675881 305152
32.5593 30677329 305152
32.5605 30678777 305152
32.5617 30680225 305152
32.5629 30681673 305152
32.5641 30683121 305152
32.5653 30684569 305152
32.5665 30686017 305152
32.5677 30687465 305152
32.5689 30688913 305152
32.5701 30690361 305152
32.5713 30691809 305152
32.5725 30693257 305152
32.5737 30694705 305152
32.5749 30696153 305152
32.5761 30697601 305152
32.5773 30699049 305152
32.5785 30700497 305152
32.5797 30701945 305152
32.5809 30703393 305152
32.5821 30704841 305152
32.5833 30706289 305152
32.5845 30707737 305152
32.5857 30709185 305152
32.5869 30710633 305152
32.5881 30712081 305152
32.5893 30713529 305152
32.5905 30714977 305152
32.5917 30716425 305152
32.5929 30717873 305152
32.5941 30719321 305152
32.5953 30720769 305152
32.5965 30722217 305152
32.5977 30723665 305152
32.5989 30725113 305152
32.6001 30726561 305152
32.6013 30728009 305152
32.6025 30729457 305152
32.6037 30730905 305152
32.6049 30732353 305152
32.6061 30733801 305152
32.6073 30735249 305152
32.6085 30736697 305152
32.6097 30738145 305152
32.6109 30739593 305152
32.6121 30741041 305152
32.6133 30742489 305152
32.6145 30743937 305152
32.6157 30745385 305152
32.6169 30746833 305152
32.6181 30748281 305152
32.6193 30749729 305152
32.6205 30751177 305152
32.6217 30752625 305152
32.6229 30754073 305152
32.6242 30755521 305152
32.6254 30756969 305152
32.6266 30758417 305152
32.6278 30759865 305152
32.629 30761313 305152
32.6302 30762761 305152
32.6314 30764209 305152
32.6326 30765657 305152
32.6338 30767105 305152
32.635 30768553 305152
32.6362 30770001 305152
32.6374 30771449 305152
32.6386 30772897 305152
32.6398 30774345 305152
32.641 30775793 305152
32.6422 30777241 305152
32.6434 30778689 305152
32.6446 30780137 305152
32.6458 30781585 305152
32.647 30783033 305152
32.6482 30784481 305152
32.6494 30785929 305152
32.6506 30787377 305152
32.6518 30788825 305152
32.653 30790273 305152
32.6542 30791721 305152
32.6554 30793169 305152
32.6566 30794617 305152
32.6578 30796065 305152
32.659 30797513 305152
32.6602 30798961 305152
32.6614 30800409 305152
32.6626 30801857 305152
32.6638 30803305 305152
32.665 30804753 305152
32.6662 30806201 305152
32.6674 30807649 305152
32.6686 30809097 305152
32.6698 30810545 305152
32.6722 30811993 305152
32.6746 30813441 305152
32.6758 30814889 305152
32.677 30816337 305152
32.6782 30817785 305152
32.6794 30819233 305152
32.6806 30820681 305152
32.683 30822129 305152
32.6854 30823577 305152
32.689 30825025 305152
32.6902 30826473 305152
32.6914 30827921 305152
32.6926 30829369 305152
32.6938 30830817 305152
32.695 30832265 305152
32.6962 30833713 305152
32.6974 30835161 305152
32.6986 30836609 305152
32.6999 30838057 305152
32.7011 30839505 305152
32.7023 30840953 305152
32.7035 30842401 305152
32.7047 30843849 305152
32.7059 30845297 305152
32.7071 30846745 305152
32.7083 30848193 305152
32.7095 30849641 305152
32.7119 30851089 305152
32.7143 30852537 305152
32.7167 30853985 305152
32.7191 30855433 305152
32.7491 30856881 305152
32.7503 30858329 305152
32.7515 30859777 305152
32.7527 30861225 305152
32.7539 30862673 305152
32.7551 30864121 305152
32.7563 30865569 305152
32.7575 30867017 305152
32.7587 30868465 305152
32.7599 30869913 305152
32.7611 30871361 305152
32.7623 30872809 305152
32.7635 30874257 305152
32.7647 30875705 305152
32.7659 30877153 305152
32.7671 30878601 305152
32.7683 30880049 305152
32.7695 30881497 305152
32.7707 30882945 305152
32.7719 30884393 305152
32.7731 30885841 305152
32.7744 30887289 305152
32.7756 30888737 305152
32.7768 30890185 305152
32.778 30891633 305152
32.7792 30893081 305152
32.7804 30894529 305152
32.7816 30895977 305152
32.7828 30897425 305152
32.784 30898873 305152
32.7852 30900321 305152
32.7864 30901769 305152
32.7876 30903217 305152
32.7888 30904665 305152
32.79 30906113 305152
32.7912 30907561 305152
32.7924 30909009 305152
32.7936 30910457 305152
32.7948 30911905 305152
32.796 30913353 305152
32.7972 30914801 305152
32.7984 30916249 305152
32.7996 30917697 305152
32.8008 30919145 305152
32.802 30920593 305152
32.8032 30922041 305152
32.8044 30923489 305152
32.8056 30924937 305152
32.8068 30926385 305152
32.808 30927833 305152
32.8092 30929281 305152
32.8104 30930729 305152
32.8116 30932177 305152
32.8128 30933625 305152
32.8152 30935073 305152
32.8176 30936521 305152
32.8188 30937969 305152
32.82 30939417 305152
32.8212 30940865 305152
32.8224 30942313 305152
32.8236 30943761 305152
32.826 30945209 305152
32.8284 30946657 305152
32.8296 30948105 305152
32.832 30949553 305152
32.8344 30951001 305152
32.8356 30952449 305152
32.8368 30953897 305152
32.838 30955345 305152
32.8392 30956793 305152
32.8404 30958241 305152
32.8416 30959689 305152
32.8428 30961137 305152
32.844 30962585 305152
32.8452 30964033 305152
32.8464 30965481 305152
32.8476 30966929 305152
32.8488 30968377 305152
32.8501 30969825 305152
32.8513 30971273 305152
32.8525 30972721 305152
32.8537 30974169 305152
32.8549 30975617 305152
32.8561 30977065 305152
32.8573 30978513 305152
32.8585 30979961 305152
32.8597 30981409 305152
32.8609 30982857 305152
32.8621 30984305 305152
32.8633 30985753 305152
32.8645 30987201 305152
32.8657 30988649 305152
32.8669 30990097 305152
32.8681 30991545 305152
32.8693 30992993 305152
32.8705 30994441 305152
32.8717 30995889 305152
32.8729 30997337 305152
32.8741 30998785 305152
32.8753 31000233 305152
32.8765 31001681 305152
32.8777 31003129 305152
32.8789 31004577 305152
32.8801 31006025 305152
32.8813 31007473 305152
32.8825 31008921 305152
32.8837 31010369 305152
32.8849 31011817 305152
32.8861 31013265 305152
32.8873 31014713 305152
32.8885 31016161 305152
32.8897 31017609 305152
32.8909 31019057 305152
32.8921 31020505 305152
32.8933 31021953 305152
32.8945 31023401 305152
32.8957 31024849 305152
32.8969 31026297 305152
32.8981 31027745 305152
32.8993 31029193 305152
32.9005 31030641 305152
32.9017 31032089 305152
32.9029 31033537 305152
32.9041 31034985 305152
32.9053 31036433 305152
32.9065 31037881 305152
32.9077 31039329 305152
32.9089 31040777 305152
32.9101 31042225 305152
32.9113 31043673 305152
32.9125 31045121 305152
32.9137 31046569 305152
32.9149 31048017 305152
32.9161 31049465 305152
32.9173 31050913 305152
32.9185 31052361 305152
32.9197 31053809 305152
32.9209 31055257 305152
32.9221 31056705 305152
32.9233 31058153 305152
32.9246 31059601 305152
32.9258 31061049 305152
32.927 31062497 305152
32.9282 31063945 305152
32.9294 31065393 305152
32.9306 31066841 305152
32.9318 31068289 305152
32.933 31069737 305152
32.9342 31071185 305152
32.9354 31072633 305152
32.9366 31074081 305152
32.9378 31075529 305152
32.939 31076977 305152
32.9402 31078425 305152
32.9414 31079873 305152
32.9426 31081321 305152
32.9438 31082769 305152
32.945 31084217 305152
32.9462 31085665 305152
32.9474 31087113 305152
32.9486 31088561 305152
32.9498 31090009 305152
32.951 31091457 305152
32.9522 31092905 305152
32.9534 31094353 305152
32.9546 31095801 305152
32.9558 31097249 305152
32.957 31098697 305152
32.9582 31100145 305152
32.9594 31101593 305152
32.9606 31103041 305152
32.9618 31104489 305152
32.963 31105937 305152
32.9642 31107385 305152
32.9654 31108833 305152
32.9666 31110281 305152
32.9678 31111729 305152
32.969 31113177 305152
32.9702 31114625 305152
32.9726 31116073 305152
32.9762 31117521 305152
32.9774 31118969 305152
32.9786 31120417 305152
32.9798 31121865 305152
32.981 31123313 305152
32.9822 31124761 305152
32.9846 31126209 305152
32.987 31127657 305152
32.9906 31129105 305152
32.9918 31130553 305152
32.993 31132001 305152
32.9942 31133449 305152
32.9954 31134897 305152
32.9966 31136345 305152
32.9978 31137793 305152
32.999 31139241 305152
33.0003 31140689 305152
33.0015 31142137 305152
33.0027 31143585 305152
33.0039 31145033 305152
33.0051 31146481 305152
33.0063 31147929 305152
33.0075 31149377 305152
33.0087 31150825 305152
33.0099 31152273 305152
33.0111 31153721 305152
33.0135 31155169 305152
33.0159 31156617 305152
33.0183 31158065 305152
33.0207 31159513 305152
33.0507 31160961 305152
33.0519 31162409 305152
33.0531 31163857 305152
33.0543 31165305 305152
33.0555 31166753 305152
33.0567 31168201 305152
33.0579 31169649 305152
33.0591 31171097 305152
33.0603 31172545 305152
33.0615 31173993 305152
33.0627 31175441 305152
33.0639 31176889 305152
33.0651 31178337 305152
33.0663 31179785 305152
33.0675 31181233 305152
33.0687 31182681 305152
33.0699 31184129 305152
33.0711 31185577 305152
33.0723 31187025 305152
33.0735 31188473 305152
33.0748 31189921 305152
33.076 31191369 305152
33.0772 31192817 305152
33.0784 31194265 305152
33.0796 31195713 305152
33.0808 31197161 305152
33.082 31198609 305152
33.0832 31200057 305152
33.0844 31201505 305152
33.0856 31202953 305152
33.0868 31204401 305152
33.088 31205849 305152
33.0892 31207297 305152
33.0904 31208745 305152
33.0916 31210193 305152
33.0928 31211641 305152
33.094 31213089 305152
33.0952 31214537 305152
33.0964 31215985 305152
33.0976 31217433 305152
33.0988 31218881 305152
33.1 31220329 305152
33.1012 31221777 305152
33.1024 31223225 305152
33.1036 31224673 305152
33.1048 31226121 305152
33.106 31227569 305152
33.1072 31229017 305152
33.1084 31230465 305152
33.1096 31231913 305152
33.1108 31233361 305152
33.112 31234809 305152
33.1132 31236257 305152
33.1144 31237705 305152
33.1168 31239153 305152
33.1192 31240601 305152
33.1204 31242049 305152
33.1216 31243497 305152
33.1228 31244945 305152
33.124 31246393 305152
33.1252 31247841 305152
33.1276 31249289 305152
33.13 31250737 305152
33.1312 31252185 305152
33.1336 31253633 305152
33.136 31255081 305152
33.1372 31256529 305152
33.1384 31257977 305152
33.1396 31259425 305152
33.1408 31260873 305152
33.142 31262321 305152
33.1432 31263769 305152
33.1444 31265217 305152
33.1456 31266665 305152
33.1468 31268113 305152
33.148 31269561 305152
33.1492 31271009 305152
33.1505 31272457 305152
33.1517 31273905 305152
33.1529 31275353 305152
33.1541 31276801 305152
33.1553 31278249 305152
33.1565 31279697 305152
33.1577 31281145 305152
33.1589 31282593 305152
33.1601 31284041 305152
33.1613 31285489 305152
33.1625 31286937 305152
33.1637 31288385 305152
33.1649 31289833 305152
33.1661 31291281 305152
33.1673 31292729 305152
33.1685 31294177 305152
33.1697 31295625 305152
33.1709 31297073 305152
33.1721 31298521 305152
33.1733 31299969 305152
33.1745 31301417 305152
33.1757 31302865 305152
33.1769 31304313 305152
33.1781 31305761 305152
33.1793 31307209 305152
33.1805 31308657 305152
33.1817 31310105 305152
33.1829 31311553 305152
33.1841 31313001 305152
33.1853 31314449 305152
33.1865 31315897 305152
33.1877 31317345 305152
33.1889 31318793 305152
33.1901 31320241 305152
33.1913 31321689 305152
33.1925 31323137 305152
33.1937 31324585 305152
33.1949 31326033 305152
33.1961 31327481 305152
33.1973 31328929 305152
33.1985 31330377 305152
33.1997 31331825 305152
33.2009 31333273 305152
33.2021 31334721 305152
33.2033 31336169 305152
33.2045 31337617 305152
33.2057 31339065 305152
33.2069 31340513 305152
33.2081 31341961 305152
33.2093 31343409 305152
33.2105 31344857 305152
33.2117 31346305 305152
33.2129 31347753 305152
33.2141 31349201 305152
33.2153 31350649 305152
33.2165 31352097 305152
33.2177 31353545 305152
33.2189 31354993 305152
33.2201 31356441 305152
33.2213 31357889 305152
33.2225 31359337 305152
33.2237 31360785 305152
33.225 31362233 305152
33.2262 31363681 305152
33.2274 31365129 305152
33.2286 31366577 305152
33.2298 31368025 305152
33.231 31369473 305152
33.2322 31370921 305152
33.2334 31372369 305152
33.2346 31373817 305152
33.2358 31375265 305152
33.237 31376713 305152
33.2382 31378161 305152
33.2394 31379609 305152
33.2406 31381057 305152
33.2418 31382505 305152
33.243 31383953 305152
33.2442 31385401 305152
33.2454 31386849 305152
33.2466 31388297 305152
33.2478 31389745 305152
33.249 31391193 305152
33.2502 31392641 305152
33.2514 31394089 305152
33.2526 31395537 305152
33.2538 31396985 305152
33.255 31398433 305152
33.2562 31399881 305152
33.2574 31401329 305152
33.2586 31402777 305152
33.2598 31404225 305152
33.261 31405673 305152
33.2622 31407121 305152
33.2634 31408569 305152
33.2646 31410017 305152
33.2658 31411465 305152
33.267 31412913 305152
33.2682 31414361 305152
33.2694 31415809 305152
33.2706 31417257 305152
33.2718 31418705 305152
33.2742 31420153 305152
33.279 31421601 305152
33.2814 31423049 305152
33.2826 31424497 305152
33.2838 31425945 305152
33.285 31427393 305152
33.2862 31428841 305152
33.2874 31430289 305152
33.2898 31431737 305152
33.2934 31433185 305152
33.2958 31434633 305152
33.297 31436081 305152
33.2982 31437529 305152
33.2994 31438977 305152
33.3007 31440425 305152
33.3019 31441873 305152
33.3031 31443321 305152
33.3043 31444769 305152
33.3055 31446217 305152
33.3067 31447665 305152
33.3079 31449113 305152
33.3091 31450561 305152
33.3103 31452009 305152
33.3115 31453457 305152
33.3127 31454905 305152
33.3139 31456353 305152
33.3151 31457801 305152
33.3163 31459249 305152
33.3187 31460697 305152
33.3211 31462145 305152
33.3235 31463593 305152
33.3535 31465041 305152
33.3559 31466489 305152
33.3571 31467937 305152
33.3583 31469385 305152
33.3595 31470833 305152
33.3607 31472281 305152
33.3619 31473729 305152
33.3631 31475177 305152
33.3643 31476625 305152
33.3655 31478073 305152
33.3667 31479521 305152
33.3679 31480969 305152
33.3691 31482417 305152
33.3703 31483865 305152
33.3715 31485313 305152
33.3727 31486761 305152
33.3739 31488209 305152
33.3752 31489657 305152
33.3764 31491105 305152
33.3776 31492553 305152
33.3788 31494001 305152
33.38 31495449 305152
33.3812 31496897 305152
33.3824 31498345 305152
33.3836 31499793 305152
33.3848 31501241 305152
33.386 31502689 305152
33.3872 31504137 305152
33.3884 31505585 305152
33.3896 31507033 305152
33.3908 31508481 305152
33.392 31509929 305152
33.3932 31511377 305152
33.3944 31512825 305152
33.3956 31514273 305152
33.3968 31515721 305152
33.398 31517169 305152
33.3992 31518617 305152
33.4004 31520065 305152
33.4016 31521513 305152
33.4028 31522961 305152
33.404 31524409 305152
33.4052 31525857 305152
33.4064 31527305 305152
33.4076 31528753 305152
33.4088 31530201 305152
33.41 31531649 305152
33.4112 31533097 305152
33.4124 31534545 305152
33.4136 31535993 305152
33.4148 31537441 305152
33.416 31538889 305152
33.4172 31540337 305152
33.4184 31541785 305152
33.4196 31543233 305152
33.422 31544681 305152
33.4244 31546129 305152
33.4256 31547577 305152
33.4268 31549025 305152
33.428 31550473 305152
33.4292 31551921 305152
33.4304 31553369 305152
33.4328 31554817 305152
33.4352 31556265 305152
33.4364 31557713 305152
33.4388 31559161 305152
33.4412 31560609 305152
33.4424 31562057 305152
33.4436 31563505 305152
33.4448 31564953 305152
33.446 31566401 305152
33.4472 31567849 305152
33.4484 31569297 305152
33.4496 31570745 305152
33.4509 31572193 305152
33.4521 31573641 305152
33.4533 31575089 305152
33.4545 31576537 305152
33.4557 31577985 305152
33.4569 31579433 305152
33.4581 31580881 305152
33.4593 31582329 305152
33.4605 31583777 305152
33.4617 31585225 305152
33.4629 31586673 305152
33.4641 31588121 305152
33.4653 31589569 305152
33.4665 31591017 305152
33.4677 31592465 305152
33.4689 31593913 305152
33.4701 31595361 305152
33.4713 31596809 305152
33.4725 31598257 305152
33.4737 31599705 305152
33.4749 31601153 305152
33.4761 31602601 305152
33.4773 31604049 305152
33.4785 31605497 305152
33.4797 31606945 305152
33.4809 31608393 305152
33.4821 31609841 305152
33.4833 31611289 305152
33.4845 31612737 305152
33.4857 31614185 305152
33.4869 31615633 305152
33.4881 31617081 305152
33.4893 31618529 305152
33.4905 31619977 305152
33.4917 31621425 305152
33.4929 31622873 305152
33.4941 31624321 305152
33.4953 31625769 305152
33.4965 31627217 305152
33.4977 31628665 305152
33.4989 31630113 305152
33.5001 31631561 305152
33.5013 31633009 305152
33.5025 31634457 305152
33.5037 31635905 305152
33.5049 31637353 305152
33.5061 31638801 305152
33.5073 31640249 305152
33.5085 31641697 305152
33.5097 31643145 305152
33.5109 31644593 305152
33.5121 31646041 305152
33.5133 31647489 305152
33.5145 31648937 305152
33.5157 31650385 305152
33.5169 31651833 305152
33.5181 31653281 305152
33.5193 31654729 305152
33.5205 31656177 305152
33.5217 31657625 305152
33.5229 31659073 305152
33.5241 31660521 305152
33.5254 31661969 305152
33.5266 31663417 305152
33.5278 31664865 305152
33.529 31666313 305152
33.5302 31667761 305152
33.5314 31669209 305152
33.5326 31670657 305152
33.5338 31672105 305152
33.535 31673553 305152
33.5362 31675001 305152
33.5374 31676449 305152
33.5386 31677897 305152
33.5398 31679345 305152
33.541 31680793 305152
33.5422 31682241 305152
33.5434 31683689 305152
33.5446 31685137 305152
33.5458 31686585 305152
33.547 31688033 305152
33.5482 31689481 305152
33.5494 31690929 305152
33.5506 31692377 305152
33.5518 31693825 305152
33.553 31695273 305152
33.5542 31696721 305152
33.5554 31698169 305152
33.5566 31699617 305152
33.5578 31701065 305152
33.559 31702513 305152
33.5602 31703961 305152
33.5614 31705409 305152
33.5626 31706857 305152
33.5638 31708305 305152
33.565 31709753 305152
33.5662 31711201 305152
33.5674 31712649 305152
33.5686 31714097 305152
33.5698 31715545 305152
33.571 31716993 305152
33.5722 31718441 305152
33.5734 31719889 305152
33.5746 31721337 305152
33.5758 31722785 305152
33.577 31724233 305152
33.5818 31725681 305152
33.5842 31727129 305152
33.5866 31728577 305152
33.5878 31730025 305152
33.589 31731473 305152
33.5902 31732921 305152
33.5914 31734369 305152
33.5938 31735817 305152
33.5974 31737265 305152
33.5998 31738713 305152
33.6011 31740161 305152
33.6023 31741609 305152
33.6035 31743057 305152
33.6047 31744505 305152
33.6059 31745953 305152
33.6071 31747401 305152
33.6083 31748849 305152
33.6095 31750297 305152
33.6107 31751745 305152
33.6119 31753193 305152
33.6131 31754641 305152
33.6143 31756089 305152
33.6155 31757537 305152
33.6167 31758985 305152
33.6179 31760433 305152
33.6191 31761881 305152
33.6203 31763329 305152
33.6227 31764777 305152
33.6251 31766225 305152
33.6275 31767673 305152
33.6575 31769121 305152
33.6599 31770569 305152
33.6623 31772017 305152
33.6635 31773465 305152
33.6647 31774913 305152
33.6659 31776361 305152
33.6671 31777809 305152
33.6683 31779257 305152
33.6695 31780705 305152
33.6707 31782153 305152
33.6719 31783601 305152
33.6731 31785049 305152
33.6743 31786497 305152
33.6756 31787945 305152
33.6768 31789393 305152
33.678 31790841 305152
33.6792 31792289 305152
33.6804 31793737 305152
33.6816 31795185 305152
33.6828 31796633 305152
33.684 31798081 305152
33.6852 31799529 305152
33.6864 31800977 305152
33.6876 31802425 305152
33.6888 31803873 305152
33.69 31805321 305152
33.6912 31806769 305152
33.6924 31808217 305152
33.6936 31809665 305152
33.6948 31811113 305152
33.696 31812561 305152
33.6972 31814009 305152
33.6984 31815457 305152
33.6996 31816905 305152
33.7008 31818353 305152
33.702 31819801 305152
33.7032 31821249 305152
33.7044 31822697 305152
33.7056 31824145 305152
33.7068 31825593 305152
33.708 31827041 305152
33.7092 31828489 305152
33.7104 31829937 305152
33.7116 31831385 305152
33.7128 31832833 305152
33.714 31834281 305152
33.7152 31835729 305152
33.7164 31837177 305152
33.7176 31838625 305152
33.7188 31840073 305152
33.72 31841521 305152
33.7212 31842969 305152
33.7224 31844417 305152
33.7236 31845865 305152
33.7248 31847313 305152
33.7272 31848761 305152
33.7296 31850209 305152
33.7308 31851657 305152
33.732 31853105 305152
33.7332 31854553 305152
33.7344 31856001 305152
33.7356 31857449 305152
33.738 31858897 305152
33.7404 31860345 305152
33.7416 31861793 305152
33.744 31863241 305152
33.7464 31864689 305152
33.7476 31866137 305152
33.7488 31867585 305152
33.75 31869033 305152
33.7513 31870481 305152
33.7525 31871929 305152
33.7537 31873377 305152
33.7549 31874825 305152
33.7561 31876273 305152
33.7573 31877721 305152
33.7585 31879169 305152
33.7597 31880617 305152
33.7609 31882065 305152
33.7621 31883513 305152
33.7633 31884961 305152
33.7645 31886409 305152
33.7657 31887857 305152
33.7669 31889305 305152
33.7681 31890753 305152
33.7693 31892201 305152
33.7705 31893649 305152
33.7717 31895097 305152
33.7729 31896545 305152
33.7741 31897993 305152
33.7753 31899441 305152
33.7765 31900889 305152
33.7777 31902337 305152
33.7789 31903785 305152
33.7801 31905233 305152
33.7813 31906681 305152
33.7825 31908129 305152
33.7837 31909577 305152
33.7849 31911025 305152
33.7861 31912473 305152
33.7873 31913921 305152
33.7885 31915369 305152
33.7897 31916817 305152
33.7909 31918265 305152
33.7921 31919713 305152
33.7933 31921161 305152
33.7945 31922609 305152
33.7957 31924057 305152
33.7969 31925505 305152
33.7981 31926953 305152
33.7993 31928401 305152
33.8005 31929849 305152
33.8017 31931297 305152
33.8029 31932745 305152
33.8041 31934193 305152
33.8053 31935641 305152
33.8065 31937089 305152
33.8077 31938537 305152
33.8089 31939985 305152
33.8101 31941433 305152
33.8113 31942881 305152
33.8125 31944329 305152
33.8137 31945777 305152
33.8149 31947225 305152
33.8161 31948673 305152
33.8173 31950121 305152
33.8185 31951569 305152
33.8197 31953017 305152
33.8209 31954465 305152
33.8221 31955913 305152
33.8233 31957361 305152
33.8245 31958809 305152
33.8258 31960257 305152
33.827 31961705 305152
33.8282 31963153 305152
33.8294 31964601 305152
33.8306 31966049 305152
33.8318 31967497 305152
33.833 31968945 305152
33.8342 31970393 305152
33.8354 31971841 305152
33.8366 31973289 305152
33.8378 31974737 305152
33.839 31976185 305152
33.8402 31977633 305152
33.8414 31979081 305152
33.8426 31980529 305152
33.8438 31981977 305152
33.845 31983425 305152
33.8462 31984873 305152
33.8474 31986321 305152
33.8486 31987769 305152
33.8498 31989217 305152
33.851 31990665 305152
33.8522 31992113 305152
33.8534 31993561 305152
33.8546 31995009 305152
33.8558 31996457 305152
33.857 31997905 305152
33.8582 31999353 305152
33.8594 32000801 305152
33.8606 32002249 305152
33.8618 32003697 305152
33.863 32005145 305152
33.8642 32006593 305152
33.8654 32008041 305152
33.8666 32009489 305152
33.8678 32010937 305152
33.869 32012385 305152
33.8702 32013833 305152
33.8714 32015281 305152
33.8726 32016729 305152
33.8738 32018177 305152
33.875 32019625 305152
33.8762 32021073 305152
33.8774 32022521 305152
33.8786 32023969 305152
33.8798 32025417 305152
33.881 32026865 305152
33.8822 32028313 305152
33.887 32029761 305152
33.8894 32031209 305152
33.893 32032657 305152
33.8954 32034105 305152
33.8966 32035553 305152
33.8978 32037001 305152
33.899 32038449 305152
33.9002 32039897 305152
33.9039 32041345 305152
33.9063 32042793 305152
33.9087 32044241 305152
33.9099 32045689 305152
33.9111 32047137 305152
33.9123 32048585 305152
33.9135 32050033 305152
33.9147 32051481 305152
33.9159 32052929 305152
33.9171 32054377 305152
33.9183 32055825 305152
33.9195 32057273 305152
33.9207 32058721 305152
33.9219 32060169 305152
33.9231 32061617 305152
33.9243 32063065 305152
33.9255 32064513 305152
33.9267 32065961 305152
33.9279 32067409 305152
33.9291 32068857 305152
33.9315 32070305 305152
33.9339 32071753 305152
33.9639 32073201 305152
33.9663 32074649 305152
33.9699 32076097 305152
33.9711 32077545 305152
33.9723 32078993 305152
33.9735 32080441 305152
33.9747 32081889 305152
33.976 32083337 305152
33.9772 32084785 305152
33.9784 32086233 305152
33.9796 32087681 305152
33.9808 32089129 305152
33.982 32090577 305152
33.9832 32092025 305152
33.9844 32093473 305152
33.9856 32094921 305152
33.9868 32096369 305152
33.988 32097817 305152
33.9892 32099265 305152
33.9904 32100713 305152
33.9916 32102161 305152
33.9928 32103609 305152
33.994 32105057 305152
33.9952 32106505 305152
33.9964 32107953 305152
33.9976 32109401 305152
33.9988 32110849 305152
34 32112297 305152
34.0012 32113745 305152
34.0024 32115193 305152
34.0036 32116641 305152
34.0048 32118089 305152
34.006 32119537 305152
34.0072 32120985 305152
34.0084 32122433 305152
34.0096 32123881 305152
34.0108 32125329 305152
34.012 32126777 305152
34.0132 32128225 305152
34.0144 32129673 305152
34.0156 32131121 305152
34.0168 32132569 305152
34.018 32134017 305152
34.0192 32135465 305152
34.0204 32136913 305152
34.0216 32138361 305152
34.0228 32139809 305152
34.024 32141257 305152
34.0252 32142705 305152
34.0264 32144153 305152
34.0276 32145601 305152
34.0288 32147049 305152
34.03 32148497 305152
34.0312 32149945 305152
34.0324 32151393 305152
34.0348 32152841 305152
34.0372 32154289 305152
34.0384 32155737 305152
34.0396 32157185 305152
34.0408 32158633 305152
34.042 32160081 305152
34.0432 32161529 305152
34.0456 32162977 305152
34.048 32164425 305152
34.0492 32165873 305152
34.0517 32167321 305152
34.0541 32168769 305152
34.0553 32170217 305152
34.0565 32171665 305152
34.0577 32173113 305152
34.0589 32174561 305152
34.0601 32176009 305152
34.0613 32177457 305152
34.0625 32178905 305152
34.0637 32180353 305152
34.0649 32181801 305152
34.0661 32183249 305152
34.0673 32184697 305152
34.0685 32186145 305152
34.0697 32187593 305152
34.0709 32189041 305152
34.0721 32190489 305152
34.0733 32191937 305152
34.0745 32193385 305152
34.0757 32194833 305152
34.0769 32196281 305152
34.0781 32197729 305152
34.0793 32199177 305152
34.0805 32200625 305152
34.0817 32202073 305152
34.0829 32203521 305152
34.0841 32204969 305152
34.0853 32206417 305152
34.0865 32207865 305152
34.0877 32209313 305152
34.0889 32210761 305152
34.0901 32212209 305152
34.0913 32213657 305152
34.0925 32215105 305152
34.0937 32216553 305152
34.0949 32218001 305152
34.0961 32219449 305152
34.0973 32220897 305152
34.0985 32222345 305152
34.0997 32223793 305152
34.1009 32225241 305152
34.1021 32226689 305152
34.1033 32228137 305152
34.1045 32229585 305152
34.1057 32231033 305152
34.1069 32232481 305152
34.1081 32233929 305152
34.1093 32235377 305152
34.1105 32236825 305152
34.1117 32238273 305152
34.1129 32239721 305152
34.1141 32241169 305152
34.1153 32242617 305152
34.1165 32244065 305152
34.1177 32245513 305152
34.1189 32246961 305152
34.1201 32248409 305152
34.1213 32249857 305152
34.1225 32251305 305152
34.1237 32252753 305152
34.1249 32254201 305152
34.1262 32255649 305152
34.1274 32257097 305152
34.1286 32258545 305152
34.1298 32259993 305152
34.131 32261441 305152
34.1322 32262889 305152
34.1334 32264337 305152
34.1346 32265785 305152
34.1358 32267233 305152
34.137 32268681 305152
34.1382 32270129 305152
34.1394 32271577 305152
34.1406 32273025 305152
34.1418 32274473 305152
34.143 32275921 305152
34.1442 32277369 305152
34.1454 32278817 305152
34.1466 32280265 305152
34.1478 32281713 305152
34.149 32283161 305152
34.1502 32284609 305152
34.1514 32286057 305152
34.1526 32287505 305152
34.1538 32288953 305152
34.155 32290401 305152
34.1562 32291849 305152
34.1574 32293297 305152
34.1586 32294745 305152
34.1598 32296193 305152
34.161 32297641 305152
34.1622 32299089 305152
34.1634 32300537 305152
34.1646 32301985 305152
34.1658 32303433 305152
34.167 32304881 305152
34.1682 32306329 305152
34.1694 32307777 305152
34.1706 32309225 305152
34.1718 32310673 305152
34.173 32312121 305152
34.1742 32313569 305152
34.1754 32315017 305152
34.1766 32316465 305152
34.1778 32317913 305152
34.179 32319361 305152
34.1802 32320809 305152
34.1814 32322257 305152
34.1826 32323705 305152
34.1838 32325153 305152
34.185 32326601 305152
34.1862 32328049 305152
34.1874 32329497 305152
34.1886 32330945 305152
34.1898 32332393 305152
34.1946 32333841 305152
34.197 32335289 305152
34.2019 32336737 305152
34.2043 32338185 305152
34.2067 32339633 305152
34.2091 32341081 305152
34.2103 32342529 305152
34.2115 32343977 305152
34.2139 32345425 305152
34.2163 32346873 305152
34.2187 32348321 305152
34.2211 32349769 305152
34.2223 32351217 305152
34.2235 32352665 305152
34.2247 32354113 305152
34.2259 32355561 305152
34.2271 32357009 305152
34.2283 32358457 305152
34.2295 32359905 305152
34.2307 32361353 305152
34.2319 32362801 305152
34.2331 32364249 305152
34.2343 32365697 305152
34.2355 32367145 305152
34.2367 32368593 305152
34.2379 32370041 305152
34.2391 32371489 305152
34.2403 32372937 305152
34.2415 32374385 305152
34.2439 32375833 305152
34.2739 32377281 305152
34.2764 32378729 305152
34.28 32380177 305152
34.2812 32381625 305152
34.2824 32383073 305152
34.2836 32384521 305152
34.2848 32385969 305152
34.286 32387417 305152
34.2872 32388865 305152
34.2884 32390313 305152
34.2896 32391761 305152
34.2908 32393209 305152
34.292 32394657 305152
34.2932 32396105 305152
34.2944 32397553 305152
34.2956 32399001 305152
34.2968 32400449 305152
34.298 32401897 305152
34.2992 32403345 305152
34.3004 32404793 305152
34.3016 32406241 305152
34.3028 32407689 305152
34.304 32409137 305152
34.3052 32410585 305152
34.3064 32412033 305152
34.3076 32413481 305152
34.3088 32414929 305152
34.31 32416377 305152
34.3112 32417825 305152
34.3124 32419273 305152
34.3136 32420721 305152
34.3148 32422169 305152
34.316 32423617 305152
34.3172 32425065 305152
34.3184 32426513 305152
34.3196 32427961 305152
34.3208 32429409 305152
34.322 32430857 305152
34.3232 32432305 305152
34.3244 32433753 305152
34.3256 32435201 305152
34.3268 32436649 305152
34.328 32438097 305152
34.3292 32439545 305152
34.3304 32440993 305152
34.3316 32442441 305152
34.3328 32443889 305152
34.334 32445337 305152
34.3352 32446785 305152
34.3364 32448233 305152
34.3376 32449681 305152
34.3388 32451129 305152
34.34 32452577 305152
34.3412 32454025 305152
34.3424 32455473 305152
34.3448 32456921 305152
34.3484 32458369 305152
34.3496 32459817 305152
34.3508 32461265 305152
34.3521 32462713 305152
34.3533 32464161 305152
34.3545 32465609 305152
34.3569 32467057 305152
34.3593 32468505 305152
34.3605 32469953 305152
34.3629 32471401 305152
34.3653 32472849 305152
34.3665 32474297 305152
34.3677 32475745 305152
34.3689 32477193 305152
34.3701 32478641 305152
34.3713 32480089 305152
34.3725 32481537 305152
34.3737 32482985 305152
34.3749 32484433 305152
34.3761 32485881 305152
34.3773 32487329 305152
34.3785 32488777 305152
34.3797 32490225 305152
34.3809 32491673 305152
34.3821 32493121 305152
34.3833 32494569 305152
34.3845 32496017 305152
34.3857 32497465 305152
34.3869 32498913 305152
34.3881 32500361 305152
34.3893 32501809 305152
34.3905 32503257 305152
34.3917 32504705 305152
34.3929 32506153 305152
34.3941 32507601 305152
34.3953 32509049 305152
34.3965 32510497 305152
34.3977 32511945 305152
34.3989 32513393 305152
34.4001 32514841 305152
34.4013 32516289 305152
34.4025 32517737 305152
34.4037 32519185 305152
34.4049 32520633 305152
34.4061 32522081 305152
34.4073 32523529 305152
34.4085 32524977 305152
34.4097 32526425 305152
34.4109 32527873 305152
34.4121 32529321 305152
34.4133 32530769 305152
34.4145 32532217 305152
34.4157 32533665 305152
34.4169 32535113 305152
34.4181 32536561 305152
34.4193 32538009 305152
34.4205 32539457 305152
34.4217 32540905 305152
34.4229 32542353 305152
34.4241 32543801 305152
34.4253 32545249 305152
34.4266 32546697 305152
34.4278 32548145 305152
34.429 32549593 305152
34.4302 32551041 305152
34.4314 32552489 305152
34.4326 32553937 305152
34.4338 32555385 305152
34.435 32556833 305152
34.4362 32558281 305152
34.4374 32559729 305152
34.4386 32561177 305152
34.4398 32562625 305152
34.441 32564073 305152
34.4422 32565521 305152
34.4434 32566969 305152
34.4446 32568417 305152
34.4458 32569865 305152
34.447 32571313 305152
34.4482 32572761 305152
34.4494 32574209 305152
34.4506 32575657 305152
34.4518 32577105 305152
34.453 32578553 305152
34.4542 32580001 305152
34.4554 32581449 305152
34.4566 32582897 305152
34.4578 32584345 305152
34.459 32585793 305152
34.4602 32587241 305152
34.4614 32588689 305152
34.4626 32590137 305152
34.4638 32591585 305152
34.465 32593033 305152
34.4662 32594481 305152
34.4674 32595929 305152
34.4686 32597377 305152
34.4698 32598825 305152
34.471 32600273 305152
34.4722 32601721 305152
34.4734 32603169 305152
34.4746 32604617 305152
34.4758 32606065 305152
34.477 32607513 305152
34.4782 32608961 305152
34.4794 32610409 305152
34.4806 32611857 305152
34.4818 32613305 305152
34.483 32614753 305152
34.4842 32616201 305152
34.4854 32617649 305152
34.4866 32619097 305152
34.4878 32620545 305152
34.489 32621993 305152
34.4902 32623441 305152
34.4914 32624889 305152
34.4926 32626337 305152
34.4938 32627785 305152
34.495 32629233 305152
34.4962 32630681 305152
34.4974 32632129 305152
34.4986 32633577 305152
34.4998 32635025 305152
34.501 32636473 305152
34.5059 32637921 305152
34.5083 32639369 305152
34.5143 32640817 305152
34.5167 32642265 305152
34.5203 32643713 305152
34.5227 32645161 305152
34.5239 32646609 305152
34.5251 32648057 305152
34.5275 32649505 305152
34.5299 32650953 305152
34.5323 32652401 305152
34.5347 32653849 305152
34.5359 32655297 305152
34.5371 32656745 305152
34.5383 32658193 305152
34.5395 32659641 305152
34.5407 32661089 305152
34.5419 32662537 305152
34.5431 32663985 305152
34.5443 32665433 305152
34.5455 32666881 305152
34.5467 32668329 305152
34.5479 32669777 305152
34.5491 32671225 305152
34.5503 32672673 305152
34.5515 32674121 305152
34.5527 32675569 305152
34.5539 32677017 305152
34.5551 32678465 305152
34.5575 32679913 305152
34.5876 32681361 305152
34.59 32682809 305152
34.5936 32684257 305152
34.5948 32685705 305152
34.596 32687153 305152
34.5972 32688601 305152
34.5984 32690049 305152
34.5996 32691497 305152
34.6008 32692945 305152
34.602 32694393 305152
34.6032 32695841 305152
34.6044 32697289 305152
34.6056 32698737 305152
34.6068 32700185 305152
34.608 32701633 305152
34.6092 32703081 305152
34.6104 32704529 305152
34.6116 32705977 305152
34.6128 32707425 305152
34.614 32708873 305152
34.6152 32710321 305152
34.6164 32711769 305152
34.6176 32713217 305152
34.6188 32714665 305152
34.62 32716113 305152
34.6212 32717561 305152
34.6224 32719009 305152
34.6236 32720457 305152
34.6248 32721905 305152
34.626 32723353 305152
34.6272 32724801 305152
34.6284 32726249 305152
34.6296 32727697 305152
34.6308 32729145 305152
34.632 32730593 305152
34.6332 32732041 305152
34.6344 32733489 305152
34.6356 32734937 305152
34.6368 32736385 305152
34.638 32737833 305152
34.6392 32739281 305152
34.6404 32740729 305152
34.6416 32742177 305152
34.6428 32743625 305152
34.644 32745073 305152
34.6452 32746521 305152
34.6464 32747969 305152
34.6476 32749417 305152
34.6488 32750865 305152
34.65 32752313 305152
34.6512 32753761 305152
34.6525 32755209 305152
34.6537 32756657 305152
34.6549 32758105 305152
34.6561 32759553 305152
34.6585 32761001 305152
34.6633 32762449 305152
34.6657 32763897 305152
34.6669 32765345 305152
34.6681 32766793 305152
34.6693 32768241 305152
34.6705 32769689 305152
34.6717 32771137 305152
34.6741 32772585 305152
34.6765 32774033 305152
34.6777 32775481 305152
34.6801 32776929 305152
34.6825 32778377 305152
34.6837 32779825 305152
34.6849 32781273 305152
34.6861 32782721 305152
34.6873 32784169 305152
34.6885 32785617 305152
34.6897 32787065 305152
34.6909 32788513 305152
34.6921 32789961 305152
34.6933 32791409 305152
34.6945 32792857 305152
34.6957 32794305 305152
34.6969 32795753 305152
34.6981 32797201 305152
34.6993 32798649 305152
34.7005 32800097 305152
34.7017 32801545 305152
34.7029 32802993 305152
34.7041 32804441 305152
34.7053 32805889 305152
34.7065 32807337 305152
34.7077 32808785 305152
34.7089 32810233 305152
34.7101 32811681 305152
34.7113 32813129 305152
34.7125 32814577 305152
34.7137 32816025 305152
34.7149 32817473 305152
34.7161 32818921 305152
34.7173 32820369 305152
34.7185 32821817 305152
34.7197 32823265 305152
34.7209 32824713 305152
34.7221 32826161 305152
34.7233 32827609 305152
34.7245 32829057 305152
34.7257 32830505 305152
34.727 32831953 305152
34.7282 32833401 305152
34.7294 32834849 305152
34.7306 32836297 305152
34.7318 32837745 305152
34.733 32839193 305152
34.7342 32840641 305152
34.7354 32842089 305152
34.7366 32843537 305152
34.7378 32844985 305152
34.739 32846433 305152
34.7402 32847881 305152
34.7414 32849329 305152
34.7426 32850777 305152
34.7438 32852225 305152
34.745 32853673 305152
34.7462 32855121 305152
34.7474 32856569 305152
34.7486 32858017 305152
34.7498 32859465 305152
34.751 32860913 305152
34.7522 32862361 305152
34.7534 32863809 305152
34.7546 32865257 305152
34.7558 32866705 305152
34.757 32868153 305152
34.7582 32869601 305152
34.7594 32871049 305152
34.7606 32872497 305152
34.7618 32873945 305152
34.763 32875393 305152
34.7642 32876841 305152
34.7654 32878289 305152
34.7666 32879737 305152
34.7678 32881185 305152
34.769 32882633 305152
34.7702 32884081 305152
34.7714 32885529 305152
34.7726 32886977 305152
34.7738 32888425 305152
34.775 32889873 305152
34.7762 32891321 305152
34.7774 32892769 306688
34.7786 32894217 306688
34.7798 32895665 306688
34.781 32897113 306688
34.7822 32898561 306688
34.7834 32900009 306688
34.7846 32901457 306688
34.7858 32902905 306688
34.787 32904353 306688
34.7882 32905801 306688
34.7894 32907249 306688
34.7906 32908697 306688
34.7918 32910145 306688
34.793 32911593 306688
34.7942 32913041 306688
34.7954 32914489 306688
34.7966 32915937 306688
34.7978 32917385 306688
34.799 32918833 306688
34.8002 32920281 306688
34.8014 32921729 306688
34.8027 32923177 306688
34.8039 32924625 306688
34.8051 32926073 306688
34.8063 32927521 306688
34.8075 32928969 306688
34.8087 32930417 306688
34.8099 32931865 306688
34.8111 32933313 306688
34.8123 32934761 306688
34.8135 32936209 306688
34.8147 32937657 306688
34.8159 32939105 306688
34.8171 32940553 306688
34.8183 32942001 306688
34.8219 32943449 306688
34.8243 32944897 306688
34.8315 32946345 306688
34.8339 32947793 306688
34.8375 32949241 306688
34.8399 32950689 306688
34.8423 32952137 306688
34.8435 32953585 306688
34.8447 32955033 306688
34.8471 32956481 306688
34.8507 32957929 306688
34.8531 32959377 306688
34.8555 32960825 306688
34.8567 32962273 306688
34.8579 32963721 306688
34.8591 32965169 306688
34.8603 32966617 306688
34.8615 32968065 306688
34.8627 32969513 306688
34.8639 32970961 306688
34.8651 32972409 306688
34.8663 32973857 306688
34.8675 32975305 306688
34.8687 32976753 306688
34.8699 32978201 306688
34.8711 32979649 306688
34.8723 32981097 306688
34.8735 32982545 306688
34.8747 32983993 306688
34.8759 32985441 306688
34.906 32986889 306688
34.9084 32988337 306688
34.912 32989785 306688
34.9144 32991233 306688
34.9156 32992681 306688
34.9168 32994129 306688
34.918 32995577 306688
34.9192 32997025 306688
34.9204 32998473 306688
34.9216 32999921 306688
34.9228 33001369 306688
34.924 33002817 306688
34.9252 33004265 306688
34.9264 33005713 306688
34.9276 33007161 306688
34.9288 33008609 306688
34.93 33010057 306688
34.9312 33011505 306688
34.9324 33012953 306688
34.9336 33014401 306688
34.9348 33015849 306688
34.936 33017297 306688
34.9372 33018745 306688
34.9384 33020193 306688
34.9396 33021641 306688
34.9408 33023089 306688
34.942 33024537 306688
34.9432 33025985 306688
34.9444 33027433 306688
34.9456 33028881 306688
34.9468 33030329 306688
34.948 33031777 306688
34.9492 33033225 306688
34.9504 33034673 306688
34.9516 33036121 306688
34.9529 33037569 306688
34.9541 33039017 306688
34.9553 33040465 306688
34.9565 33041913 306688
34.9577 33043361 306688
34.9589 33044809 306688
34.9601 33046257 306688
34.9613 33047705 306688
34.9625 33049153 306688
34.9637 33050601 306688
34.9649 33052049 306688
34.9661 33053497 306688
34.9673 33054945 306688
34.9685 33056393 306688
34.9697 33057841 306688
34.9709 33059289 306688
34.9721 33060737 306688
34.9733 33062185 306688
34.9745 33063633 306688
34.9757 33065081 306688
34.9769 33066529 306688
34.9817 33067977 306688
34.9841 33069425 306688
34.9865 33070873 306688
34.9877 33072321 306688
34.9889 33073769 306688
34.9901 33075217 306688
34.9913 33076665 306688
34.9937 33078113 306688
34.9961 33079561 306688
34.9973 33081009 306688
34.9997 33082457 306688
35.0021 33083905 306688
35.0033 33085353 306688
35.0045 33086801 306688
35.0057 33088249 306688
35.0069 33089697 306688
35.0081 33091145 306688
35.0093 33092593 306688
35.0105 33094041 306688
35.0117 33095489 306688
35.0129 33096937 306688
35.0141 33098385 306688
35.0153 33099833 306688
35.0165 33101281 306688
35.0177 33102729 306688
35.0189 33104177 306688
35.0201 33105625 306688
35.0213 33107073 306688
35.0225 33108521 306688
35.0237 33109969 306688
35.0249 33111417 306688
35.0261 33112865 306688
35.0274 33114313 306688
35.0286 33115761 306688
35.0298 33117209 306688
35.031 33118657 306688
35.0322 33120105 306688
35.0334 33121553 306688
35.0346 33123001 306688
35.0358 33124449 306688
35.037 33125897 306688
35.0382 33127345 306688
35.0394 33128793 306688
35.0406 33130241 306688
35.0418 33131689 306688
35.043 33133137 306688
35.0442 33134585 306688
35.0454 33136033 306688
35.0466 33137481 306688
35.0478 33138929 306688
35.049 33140377 306688
35.0502 33141825 306688
35.0514 33143273 306688
35.0526 33144721 306688
35.0538 33146169 306688
35.055 33147617 306688
35.0562 33149065 306688
35.0574 33150513 306688
35.0586 33151961 306688
35.0598 33153409 306688
35.061 33154857 306688
35.0622 33156305 306688
35.0634 33157753 306688
35.0646 33159201 306688
35.0658 33160649 306688
35.067 33162097 306688
35.0682 33163545 306688
35.0694 33164993 306688
35.0706 33166441 306688
35.0718 33167889 306688
35.073 33169337 306688
35.0742 33170785 306688
35.0754 33172233 306688
35.0766 33173681 306688
35.0778 33175129 306688
35.079 33176577 306688
35.0802 33178025 306688
35.0814 33179473 306688
35.0826 33180921 306688
35.0838 33182369 306688
35.085 33183817 306688
35.0862 33185265 306688
35.0874 33186713 306688
35.0886 33188161 306688
35.0898 33189609 306688
35.091 33191057 306688
35.0922 33192505 306688
35.0934 33193953 306688
35.0946 33195401 306688
35.0958 33196849 306688
35.097 33198297 306688
35.0982 33199745 306688
35.0994 33201193 306688
35.1006 33202641 306688
35.1018 33204089 306688
35.1031 33205537 306688
35.1043 33206985 306688
35.1055 33208433 306688
35.1067 33209881 306688
35.1079 33211329 306688
35.1091 33212777 306688
35.1103 33214225 306688
35.1115 33215673 306688
35.1127 33217121 306688
35.1139 33218569 306688
35.1151 33220017 306688
35.1163 33221465 306688
35.1175 33222913 306688
35.1187 33224361 306688
35.1199 33225809 306688
35.1211 33227257 306688
35.1223 33228705 306688
35.1235 33230153 306688
35.1247 33231601 306688
35.1259 33233049 306688
35.1271 33234497 306688
35.1283 33235945 306688
35.1295 33237393 306688
35.1307 33238841 306688
35.1319 33240289 306688
35.1331 33241737 308224
35.1343 33243185 308224
35.1355 33244633 308224
35.1367 33246081 308224
35.1379 33247529 308224
35.1403 33248977 308224
35.1427 33250425 308224
35.1463 33251873 308224
35.1487 33253321 308224
35.1559 33254769 308224
35.1583 33256217 308224
35.1619 33257665 308224
35.1643 33259113 308224
35.1667 33260561 308224
35.1679 33262009 308224
35.1691 33263457 308224
35.1715 33264905 308224
35.1751 33266353 308224
35.1776 33267801 308224
35.18 33269249 308224
35.1812 33270697 308224
35.1824 33272145 308224
35.1836 33273593 308224
35.1848 33275041 308224
35.186 33276489 308224
35.1872 33277937 308224
35.1884 33279385 308224
35.1896 33280833 308224
35.1908 33282281 308224
35.192 33283729 308224
35.1932 33285177 308224
35.1944 33286625 308224
35.1956 33288073 308224
35.1968 33289521 308224
35.198 33290969 308224
35.1992 33292417 308224
35.2016 33293865 308224
35.2328 33295313 308224
35.2352 33296761 308224
35.2388 33298209 308224
35.24 33299657 308224
35.2412 33301105 308224
35.2424 33302553 308224
35.2436 33304001 308224
35.2448 33305449 308224
35.246 33306897 308224
35.2472 33308345 308224
35.2484 33309793 308224
35.2496 33311241 308224
35.2508 33312689 308224
35.252 33314137 308224
35.2533 33315585 308224
35.2545 33317033 308224
35.2557 33318481 308224
35.2569 33319929 308224
35.2581 33321377 308224
35.2593 33322825 308224
35.2605 33324273 308224
35.2617 33325721 308224
35.2629 33327169 308224
35.2641 33328617 308224
35.2653 33330065 308224
35.2665 33331513 308224
35.2677 33332961 308224
35.2689 33334409 308224
35.2701 33335857 308224
35.2713 33337305 308224
35.2725 33338753 308224
35.2737 33340201 308224
35.2749 33341649 308224
35.2761 33343097 308224
35.2773 33344545 308224
35.2785 33345993 308224
35.2797 33347441 308224
35.2809 33348889 308224
35.2821 33350337 308224
35.2833 33351785 308224
35.2845 33353233 308224
35.2857 33354681 308224
35.2869 33356129 308224
35.2881 33357577 308224
35.2893 33359025 308224
35.2905 33360473 308224
35.2917 33361921 308224
35.2929 33363369 308224
35.2941 33364817 308224
35.2953 33366265 308224
35.2965 33367713 308224
35.2977 33369161 308224
35.2989 33370609 308224
35.3001 33372057 308224
35.3013 33373505 308224
35.3037 33374953 308224
35.3085 33376401 308224
35.3109 33377849 308224
35.3133 33379297 308224
35.3157 33380745 308224
35.3169 33382193 308224
35.3181 33383641 308224
35.3193 33385089 308224
35.3217 33386537 308224
35.3241 33387985 308224
35.3253 33389433 308224
35.3278 33390881 308224
35.3302 33392329 308224
35.3314 33393777 308224
35.3326 33395225 308224
35.3338 33396673 308224
35.335 33398121 308224
35.3362 33399569 308224
35.3374 33401017 308224
35.3386 33402465 308224
35.3398 33403913 308224
35.341 33405361 308224
35.3422 33406809 308224
35.3434 33408257 308224
35.3446 33409705 308224
35.3458 33411153 308224
35.347 33412601 308224
35.3482 33414049 308224
35.3494 33415497 308224
35.3506 33416945 308224
35.3518 33418393 308224
35.353 33419841 308224
35.3542 33421289 308224
35.3554 33422737 308224
35.3566 33424185 308224
35.3578 33425633 308224
35.359 33427081 308224
35.3602 33428529 308224
35.3614 33429977 308224
35.3626 33431425 308224
35.3638 33432873 308224
35.365 33434321 308224
35.3662 33435769 308224
35.3674 33437217 308224
35.3686 33438665 308224
35.3698 33440113 308224
35.371 33441561 308224
35.3722 33443009 308224
35.3734 33444457 308224
35.3746 33445905 308224
35.3758 33447353 308224
35.377 33448801 308224
35.3782 33450249 308224
35.3794 33451697 308224
35.3806 33453145 308224
35.3818 33454593 308224
35.383 33456041 308224
35.3842 33457489 308224
35.3854 33458937 308224
35.3866 33460385 309760
35.3878 33461833 309760
35.389 33463281 309760
35.3902 33464729 309760
35.3914 33466177 309760
35.3926 33467625 309760
35.3938 33469073 309760
35.395 33470521 309760
35.3962 33471969 309760
35.3974 33473417 309760
35.3986 33474865 309760
35.3998 33476313 309760
35.401 33477761 309760
35.4022 33479209 309760
35.4035 33480657 309760
35.4047 33482105 309760
35.4059 33483553 309760
35.4071 33485001 309760
35.4083 33486449 309760
35.4095 33487897 309760
35.4107 33489345 309760
35.4119 33490793 309760
35.4131 33492241 309760
35.4143 33493689 309760
35.4155 33495137 309760
35.4167 33496585 309760
35.4179 33498033 309760
35.4191 33499481 309760
35.4203 33500929 309760
35.4215 33502377 309760
35.4227 33503825 309760
35.4239 33505273 309760
35.4251 33506721 309760
35.4263 33508169 309760
35.4275 33509617 309760
35.4287 33511065 309760
35.4299 33512513 309760
35.4311 33513961 309760
35.4323 33515409 309760
35.4335 33516857 309760
35.4347 33518305 309760
35.4359 33519753 309760
35.4371 33521201 309760
35.4383 33522649 309760
35.4395 33524097 309760
35.4407 33525545 309760
35.4419 33526993 309760
35.4431 33528441 309760
35.4443 33529889 309760
35.4455 33531337 309760
35.4467 33532785 309760
35.4479 33534233 309760
35.4491 33535681 309760
35.4503 33537129 309760
35.4515 33538577 309760
35.4527 33540025 309760
35.4539 33541473 309760
35.4551 33542921 309760
35.4563 33544369 309760
35.4575 33545817 309760
35.4587 33547265 309760
35.4599 33548713 309760
35.4611 33550161 309760
35.4623 33551609 309760
35.4635 33553057 309760
35.4647 33554505 309760
35.4659 33555953 309760
35.4671 33557401 309760
35.4695 33558849 309760
35.4731 33560297 309760
35.4755 33561745 309760
35.4828 33563193 309760
35.4852 33564641 309760
35.49 33566089 309760
35.4924 33567537 309760
35.4948 33568985 309760
35.496 33570433 309760
35.4972 33571881 309760
35.4996 33573329 309760
35.5044 33574777 309760
35.5068 33576225 309760
35.5092 33577673 309760
35.5116 33579121 309760
35.5128 33580569 309760
35.514 33582017 309760
35.5152 33583465 309760
35.5164 33584913 309760
35.5176 33586361 309760
35.5188 33587809 309760
35.52 33589257 309760
35.5212 33590705 309760
35.5224 33592153 309760
35.5236 33593601 309760
35.5248 33595049 309760
35.526 33596497 309760
35.5272 33597945 309760
35.5284 33599393 309760
35.5296 33600841 309760
35.5308 33602289 309760
35.5621 33603737 309760
35.5645 33605185 309760
35.5705 33606633 309760
35.5717 33608081 309760
35.5729 33609529 309760
35.5741 33610977 309760
35.5753 33612425 309760
35.5765 33613873 309760
35.5777 33615321 309760
35.5789 33616769 309760
35.5801 33618217 309760
35.5813 33619665 309760
35.5825 33621113 309760
35.5837 33622561 309760
35.5849 33624009 309760
35.5861 33625457 309760
35.5873 33626905 309760
35.5885 33628353 309760
35.5897 33629801 311296
35.5909 33631249 311296
35.5921 33632697 311296
35.5933 33634145 311296
35.5945 33635593 311296
35.5957 33637041 311296
35.5969 33638489 311296
35.5981 33639937 311296
35.5993 33641385 311296
35.6005 33642833 311296
35.6017 33644281 311296
35.6029 33645729 311296
35.6041 33647177 311296
35.6053 33648625 311296
35.6065 33650073 311296
35.6077 33651521 311296
35.6089 33652969 311296
35.6101 33654417 311296
35.6113 33655865 311296
35.6125 33657313 311296
35.6137 33658761 311296
35.6149 33660209 311296
35.6161 33661657 311296
35.6173 33663105 311296
35.6185 33664553 311296
35.6197 33666001 311296
35.6209 33667449 311296
35.6221 33668897 311296
35.6233 33670345 311296
35.6245 33671793 311296
35.6257 33673241 311296
35.6269 33674689 311296
35.6282 33676137 311296
35.6294 33677585 311296
35.6306 33679033 311296
35.6318 33680481 311296
35.633 33681929 311296
35.6354 33683377 311296
35.6378 33684825 311296
35.6414 33686273 311296
35.6438 33687721 311296
35.6462 33689169 311296
35.6486 33690617 311296
35.651 33692065 311296
35.6534 33693513 311296
35.6546 33694961 311296
35.6558 33696409 311296
35.6582 33697857 311296
35.6606 33699305 311296
35.6618 33700753 311296
35.6642 33702201 311296
35.6666 33703649 311296
35.6678 33705097 311296
35.669 33706545 311296
35.6702 33707993 311296
35.6714 33709441 311296
35.6726 33710889 311296
35.6738 33712337 311296
35.675 33713785 311296
35.6762 33715233 311296
35.6774 33716681 311296
35.6786 33718129 311296
35.6798 33719577 311296
35.681 33721025 311296
35.6822 33722473 311296
35.6834 33723921 311296
35.6846 33725369 311296
35.6858 33726817 311296
35.687 33728265 311296
35.6882 33729713 311296
35.6894 33731161 311296
35.6906 33732609 311296
35.6918 33734057 311296
35.693 33735505 311296
35.6942 33736953 311296
35.6954 33738401 311296
35.6966 33739849 311296
35.6978 33741297 311296
35.699 33742745 311296
35.7002 33744193 311296
35.7014 33745641 311296
35.7026 33747089 311296
35.7039 33748537 311296
35.7051 33749985 311296
35.7063 33751433 311296
35.7075 33752881 311296
35.7087 33754329 311296
35.7099 33755777 311296
35.7111 33757225 311296
35.7123 33758673 311296
35.7135 33760121 311296
35.7147 33761569 311296
35.7159 33763017 311296
35.7171 33764465 311296
35.7183 33765913 311296
35.7195 33767361 311296
35.7207 33768809 311296
35.7219 33770257 311296
35.7231 33771705 311296
35.7243 33773153 311296
35.7255 33774601 311296
35.7267 33776049 311296
35.7279 33777497 311296
35.7291 33778945 311296
35.7303 33780393 311296
35.7315 33781841 311296
35.7327 33783289 311296
35.7339 33784737 311296
35.7351 33786185 311296
35.7363 33787633 311296
35.7375 33789081 311296
35.7387 33790529 311296
35.7399 33791977 311296
35.7411 33793425 311296
35.7423 33794873 311296
35.7435 33796321 311296
35.7447 33797769 311296
35.7459 33799217 311296
35.7471 33800665 311296
35.7483 33802113 311296
35.7495 33803561 311296
35.7507 33805009 311296
35.7519 33806457 311296
35.7531 33807905 311296
35.7543 33809353 311296
35.7555 33810801 311296
35.7567 33812249 311296
35.7579 33813697 311296
35.7591 33815145 311296
35.7603 33816593 312320
35.7615 33818041 312320
35.7627 33819489 312320
35.7639 33820937 312320
35.7651 33822385 312320
35.7663 33823833 312320
35.7675 33825281 312320
35.7687 33826729 312320
35.7699 33828177 312320
35.7711 33829625 312320
35.7723 33831073 312320
35.7735 33832521 312320
35.7747 33833969 312320
35.7759 33835417 312320
35.7771 33836865 312320
35.7784 33838313 312320
35.7796 33839761 312320
35.7808 33841209 312320
35.782 33842657 312320
35.7832 33844105 312320
35.7844 33845553 312320
35.7856 33847001 312320
35.7868 33848449 312320
35.788 33849897 312320
35.7892 33851345 312320
35.7904 33852793 312320
35.7916 33854241 312320
35.7928 33855689 312320
35.794 33857137 312320
35.7952 33858585 312320
35.7964 33860033 312320
35.7976 33861481 312320
35.7988 33862929 312320
35.8 33864377 312320
35.8012 33865825 312320
35.8024 33867273 312320
35.8036 33868721 312320
35.8048 33870169 312320
35.8072 33871617 312320
35.8108 33873065 312320
35.8132 33874513 312320
35.8216 33875961 312320
35.824 33877409 312320
35.8288 33878857 312320
35.8312 33880305 312320
35.8336 33881753 312320
35.8348 33883201 312320
35.8372 33884649 312320
35.8396 33886097 312320
35.8444 33887545 312320
35.8468 33888993 312320
35.8492 33890441 312320
35.8516 33891889 312320
35.8528 33893337 312320
35.8541 33894785 312320
35.8553 33896233 312320
35.8565 33897681 312320
35.8577 33899129 312320
35.8589 33900577 312320
35.8601 33902025 312320
35.8613 33903473 312320
35.8625 33904921 312320
35.8637 33906369 312320
35.8649 33907817 312320
35.8661 33909265 312320
35.8673 33910713 312320
35.8685 33912161 312320
35.8697 33913609 312320
35.8709 33915057 312320
35.9033 33916505 312320
35.9057 33917953 312320
35.9129 33919401 313856
35.9153 33920849 313856
35.9165 33922297 313856
35.9177 33923745 313856
35.9189 33925193 313856
35.9201 33926641 313856
35.9213 33928089 313856
35.9225 33929537 313856
35.9237 33930985 313856
35.9249 33932433 313856
35.9261 33933881 313856
35.9273 33935329 313856
35.9286 33936777 313856
35.9298 33938225 313856
35.931 33939673 313856
35.9322 33941121 313856
35.9334 33942569 313856
35.9346 33944017 313856
35.9358 33945465 313856
35.937 33946913 313856
35.9382 33948361 313856
35.9394 33949809 313856
35.9406 33951257 313856
35.9418 33952705 313856
35.943 33954153 313856
35.9442 33955601 313856
35.9454 33957049 313856
35.9466 33958497 313856
35.9478 33959945 313856
35.949 33961393 313856
35.9502 33962841 313856
35.9514 33964289 313856
35.9526 33965737 313856
35.9538 33967185 313856
35.955 33968633 313856
35.9562 33970081 313856
35.9574 33971529 313856
35.9586 33972977 313856
35.9598 33974425 313856
35.961 33975873 313856
35.9622 33977321 313856
35.9634 33978769 313856
35.9646 33980217 313856
35.9658 33981665 313856
35.967 33983113 313856
35.9682 33984561 313856
35.9694 33986009 313856
35.9706 33987457 313856
35.9718 33988905 313856
35.973 33990353 313856
35.9742 33991801 313856
35.9754 33993249 313856
35.9766 33994697 313856
35.9778 33996145 313856
35.9802 33997593 313856
35.9838 33999041 313856
35.9862 34000489 313856
35.9886 34001937 313856
35.991 34003385 313856
35.9946 34004833 313856
35.997 34006281 313856
35.9982 34007729 313856
35.9994 34009177 313856
36.0018 34010625 313856
36.0043 34012073 313856
36.0055 34013521 313856
36.0079 34014969 313856
36.0103 34016417 313856
36.0115 34017865 313856
36.0127 34019313 313856
36.0139 34020761 313856
36.0151 34022209 313856
36.0163 34023657 313856
36.0175 34025105 313856
36.0187 34026553 313856
36.0199 34028001 313856
36.0211 34029449 313856
36.0223 34030897 313856
36.0235 34032345 313856
36.0247 34033793 313856
36.0259 34035241 313856
36.0271 34036689 313856
36.0283 34038137 313856
36.0295 34039585 313856
36.0307 34041033 313856
36.0319 34042481 313856
36.0331 34043929 313856
36.0343 34045377 313856
36.0355 34046825 313856
36.0367 34048273 313856
36.0379 34049721 313856
36.0391 34051169 313856
36.0403 34052617 313856
36.0415 34054065 313856
36.0427 34055513 313856
36.0439 34056961 315392
36.0451 34058409 315392
36.0463 34059857 315392
36.0475 34061305 315392
36.0487 34062753 315392
36.0499 34064201 315392
36.0511 34065649 315392
36.0523 34067097 315392
36.0535 34068545 315392
36.0547 34069993 315392
36.0559 34071441 315392
36.0571 34072889 315392
36.0583 34074337 315392
36.0595 34075785 315392
36.0607 34077233 315392
36.0619 34078681 315392
36.0631 34080129 315392
36.0643 34081577 315392
36.0655 34083025 315392
36.0667 34084473 315392
36.0679 34085921 315392
36.0691 34087369 315392
36.0703 34088817 315392
36.0715 34090265 315392
36.0727 34091713 315392
36.0739 34093161 315392
36.0751 34094609 315392
36.0763 34096057 315392
36.0775 34097505 315392
36.0788 34098953 315392
36.08 34100401 315392
36.0812 34101849 315392
36.0824 34103297 315392
36.0836 34104745 315392
36.0848 34106193 315392
36.086 34107641 315392
36.0872 34109089 315392
36.0884 34110537 315392
36.0896 34111985 315392
36.0908 34113433 315392
36.092 34114881 315392
36.0932 34116329 315392
36.0944 34117777 315392
36.0956 34119225 315392
36.0968 34120673 315392
36.098 34122121 315392
36.0992 34123569 315392
36.1004 34125017 315392
36.1016 34126465 315392
36.1028 34127913 315392
36.104 34129361 315392
36.1052 34130809 315392
36.1064 34132257 315392
36.1076 34133705 315392
36.1088 34135153 315392
36.11 34136601 315392
36.1112 34138049 315392
36.1124 34139497 315392
36.1136 34140945 315392
36.1148 34142393 315392
36.116 34143841 315392
36.1172 34145289 315392
36.1184 34146737 315392
36.1196 34148185 315392
36.1208 34149633 315392
36.122 34151081 315392
36.1232 34152529 315392
36.1244 34153977 315392
36.1256 34155425 315392
36.1268 34156873 315392
36.128 34158321 315392
36.1292 34159769 315392
36.1304 34161217 315392
36.1316 34162665 315392
36.1328 34164113 315392
36.134 34165561 315392
36.1352 34167009 315392
36.1364 34168457 315392
36.1376 34169905 315392
36.1388 34171353 315392
36.14 34172801 315392
36.1412 34174249 315392
36.1424 34175697 315392
36.1436 34177145 315392
36.1448 34178593 315392
36.146 34180041 315392
36.1472 34181489 315392
36.1484 34182937 315392
36.1508 34184385 315392
36.1532 34185833 315392
36.1557 34187281 315392
36.1593 34188729 315392
36.1617 34190177 315392
36.1713 34191625 316928
36.1737 34193073 316928
36.1761 34194521 316928
36.1797 34195969 316928
36.1821 34197417 316928
36.1833 34198865 316928
36.1857 34200313 316928
36.1893 34201761 316928
36.1917 34203209 316928
36.1965 34204657 316928
36.1989 34206105 316928
36.2013 34207553 316928
36.2025 34209001 316928
36.2037 34210449 316928
36.2049 34211897 316928
36.2061 34213345 316928
36.2073 34214793 316928
36.2085 34216241 316928
36.2097 34217689 316928
36.2109 34219137 316928
36.2121 34220585 316928
36.2133 34222033 316928
36.2145 34223481 316928
36.2157 34224929 316928
36.2169 34226377 316928
36.2181 34227825 316928
36.2193 34229273 316928
36.2205 34230721 316928
36.2229 34232169 316928
36.2566 34233617 316928
36.259 34235065 316928
36.2686 34236513 316928
36.271 34237961 316928
36.2722 34239409 316928
36.2734 34240857 316928
36.2746 34242305 316928
36.2758 34243753 316928
36.277 34245201 316928
36.2782 34246649 316928
36.2794 34248097 316928
36.2806 34249545 316928
36.2818 34250993 318464
36.283 34252441 318464
36.2842 34253889 318464
36.2854 34255337 318464
36.2866 34256785 318464
36.2878 34258233 318464
36.289 34259681 318464
36.2902 34261129 318464
36.2914 34262577 318464
36.2926 34264025 318464
36.2938 34265473 318464
36.295 34266921 318464
36.2962 34268369 318464
36.2974 34269817 318464
36.2986 34271265 318464
36.2998 34272713 318464
36.301 34274161 318464
36.3022 34275609 318464
36.3034 34277057 318464
36.3047 34278505 318464
36.3059 34279953 318464
36.3071 34281401 318464
36.3083 34282849 318464
36.3095 34284297 318464
36.3107 34285745 318464
36.3119 34287193 318464
36.3131 34288641 318464
36.3143 34290089 318464
36.3155 34291537 318464
36.3167 34292985 318464
36.3179 34294433 318464
36.3191 34295881 318464
36.3203 34297329 318464
36.3215 34298777 318464
36.3227 34300225 318464
36.3239 34301673 318464
36.3251 34303121 318464
36.3263 34304569 318464
36.3275 34306017 318464
36.3287 34307465 318464
36.3299 34308913 318464
36.3311 34310361 318464
36.3323 34311809 318464
36.3335 34313257 318464
36.3347 34314705 318464
36.3383 34316153 318464
36.3407 34317601 318464
36.3443 34319049 318464
36.3467 34320497 318464
36.3503 34321945 318464
36.3527 34323393 318464
36.3539 34324841 318464
36.3551 34326289 318464
36.3575 34327737 318464
36.3599 34329185 318464
36.3623 34330633 318464
36.3647 34332081 318464
36.3671 34333529 318464
36.3683 34334977 318464
36.3695 34336425 318464
36.3707 34337873 318464
36.3719 34339321 318464
36.3731 34340769 318464
36.3743 34342217 318464
36.3755 34343665 318464
36.3767 34345113 318464
36.3779 34346561 318464
36.3792 34348009 318464
36.3804 34349457 318464
36.3816 34350905 318464
36.3828 34352353 318464
36.384 34353801 320000
36.3852 34355249 320000
36.3864 34356697 320000
36.3876 34358145 320000
36.3888 34359593 320000
36.39 34361041 320000
36.3912 34362489 320000
36.3924 34363937 320000
36.3936 34365385 320000
36.3948 34366833 320000
36.396 34368281 320000
36.3972 34369729 320000
36.3984 34371177 320000
36.3996 34372625 320000
36.4008 34374073 320000
36.402 34375521 320000
36.4032 34376969 320000
36.4044 34378417 320000
36.4056 34379865 320000
36.4068 34381313 320000
36.408 34382761 320000
36.4092 34384209 320000
36.4104 34385657 320000
36.4116 34387105 320000
36.4128 34388553 320000
36.414 34390001 320000
36.4152 34391449 320000
36.4164 34392897 320000
36.4176 34394345 320000
36.4188 34395793 320000
36.42 34397241 320000
36.4212 34398689 320000
36.4224 34400137 320000
36.4236 34401585 320000
36.4248 34403033 320000
36.426 34404481 320000
36.4272 34405929 320000
36.4284 34407377 320000
36.4296 34408825 320000
36.4308 34410273 320000
36.432 34411721 320000
36.4332 34413169 320000
36.4344 34414617 320000
36.4356 34416065 320000
36.4368 34417513 320000
36.438 34418961 320000
36.4392 34420409 320000
36.4404 34421857 320000
36.4416 34423305 320000
36.4428 34424753 320000
36.444 34426201 320000
36.4452 34427649 320000
36.4464 34429097 320000
36.4476 34430545 320000
36.4488 34431993 320000
36.45 34433441 320000
36.4512 34434889 320000
36.4524 34436337 320000
36.4536 34437785 320000
36.4549 34439233 320000
36.4561 34440681 320000
36.4573 34442129 320000
36.4585 34443577 320000
36.4597 34445025 320000
36.4609 34446473 320000
36.4621 34447921 320000
36.4633 34449369 320000
36.4645 34450817 320000
36.4657 34452265 320000
36.4669 34453713 320000
36.4681 34455161 320000
36.4693 34456609 320000
36.4705 34458057 320000
36.4717 34459505 320000
36.4729 34460953 320000
36.4741 34462401 320000
36.4753 34463849 320000
36.4765 34465297 320000
36.4777 34466745 320000
36.4789 34468193 321024
36.4801 34469641 321024
36.4813 34471089 321024
36.4825 34472537 321024
36.4837 34473985 321024
36.4849 34475433 321024
36.4861 34476881 321024
36.4873 34478329 321024
36.4885 34479777 321024
36.4897 34481225 321024
36.4909 34482673 321024
36.4921 34484121 321024
36.4933 34485569 321024
36.4945 34487017 321024
36.4957 34488465 321024
36.4969 34489913 321024
36.4981 34491361 321024
36.4993 34492809 321024
36.5005 34494257 321024
36.5017 34495705 321024
36.5029 34497153 321024
36.5041 34498601 321024
36.5053 34500049 321024
36.5077 34501497 321024
36.5101 34502945 321024
36.5113 34504393 321024
36.5125 34505841 321024
36.5149 34507289 321024
36.5173 34508737 321024
36.5221 34510185 321024
36.5245 34511633 321024
36.5354 34513081 321024
36.5378 34514529 321024
36.5414 34515977 321024
36.5438 34517425 321024
36.545 34518873 321024
36.5474 34520321 321024
36.5522 34521769 321024
36.5546 34523217 321024
36.5594 34524665 321024
36.5618 34526113 321024
36.5642 34527561 321024
36.5666 34529009 321024
36.5678 34530457 321024
36.569 34531905 321024
36.5702 34533353 321024
36.5714 34534801 321024
36.5726 34536249 321024
36.5738 34537697 321024
36.575 34539145 322560
36.5762 34540593 322560
36.5774 34542041 322560
36.5786 34543489 322560
36.5798 34544937 322560
36.581 34546385 322560
36.5822 34547833 322560
36.5834 34549281 322560
36.5846 34550729 322560
36.5858 34552177 322560
36.587 34553625 322560
36.6207 34555073 322560
36.6231 34556521 322560
36.6351 34557969 322560
36.6375 34559417 322560
36.6411 34560865 322560
36.6423 34562313 322560
36.6435 34563761 322560
36.6447 34565209 322560
36.6459 34566657 322560
36.6471 34568105 322560
36.6483 34569553 322560
36.6495 34571001 322560
36.6507 34572449 322560
36.6519 34573897 322560
36.6531 34575345 322560
36.6543 34576793 322560
36.6555 34578241 322560
36.6567 34579689 322560
36.6579 34581137 322560
36.6591 34582585 322560
36.6603 34584033 322560
36.6615 34585481 322560
36.6627 34586929 324096
36.6639 34588377 324096
36.6651 34589825 324096
36.6663 34591273 324096
36.6675 34592721 324096
36.6687 34594169 324096
36.6699 34595617 324096
36.6711 34597065 324096
36.6723 34598513 324096
36.6735 34599961 324096
36.6747 34601409 324096
36.6759 34602857 324096
36.6771 34604305 324096
36.6783 34605753 324096
36.6796 34607201 324096
36.6808 34608649 324096
36.682 34610097 324096
36.6832 34611545 324096
36.6844 34612993 324096
36.6856 34614441 324096
36.6868 34615889 324096
36.688 34617337 324096
36.6892 34618785 324096
36.6904 34620233 324096
36.6916 34621681 324096
36.6928 34623129 324096
36.694 34624577 324096
36.6952 34626025 324096
36.6964 34627473 324096
36.6976 34628921 324096
36.6988 34630369 324096
36.7 34631817 324096
36.7012 34633265 324096
36.7024 34634713 324096
36.7036 34636161 324096
36.706 34637609 324096
36.7084 34639057 324096
36.712 34640505 324096
36.7144 34641953 324096
36.718 34643401 324096
36.7204 34644849 324096
36.724 34646297 324096
36.7264 34647745 324096
36.7288 34649193 324096
36.73 34650641 324096
36.7324 34652089 324096
36.7348 34653537 324096
36.7372 34654985 324096
36.7396 34656433 324096
36.7408 34657881 324096
36.742 34659329 324096
36.7432 34660777 324096
36.7444 34662225 324096
36.7456 34663673 324096
36.7468 34665121 324096
36.748 34666569 324096
36.7492 34668017 324096
36.7504 34669465 324096
36.7516 34670913 324096
36.7528 34672361 324096
36.754 34673809 324096
36.7553 34675257 324096
36.7565 34676705 324096
36.7577 34678153 324096
36.7589 34679601 324096
36.7601 34681049 324096
36.7613 34682497 324096
36.7625 34683945 324096
36.7637 34685393 324096
36.7649 34686841 324096
36.7661 34688289 324096
36.7673 34689737 324096
36.7685 34691185 324096
36.7697 34692633 324096
36.7709 34694081 324096
36.7721 34695529 324096
36.7733 34696977 324096
36.7745 34698425 324096
36.7757 34699873 324096
36.7769 34701321 324096
36.7781 34702769 324096
36.7793 34704217 324096
36.7805 34705665 324096
36.7817 34707113 324096
36.7829 34708561 324096
36.7841 34710009 324096
36.7853 34711457 324096
36.7865 34712905 324096
36.7877 34714353 324096
36.7889 34715801 324096
36.7901 34717249 324096
36.7913 34718697 324096
36.7925 34720145 324096
36.7937 34721593 324096
36.7949 34723041 324096
36.7961 34724489 324096
36.7973 34725937 324096
36.7985 34727385 324096
36.7997 34728833 324096
36.8009 34730281 324096
36.8021 34731729 324096
36.8033 34733177 324096
36.8045 34734625 324096
36.8057 34736073 324096
36.8069 34737521 324096
36.8081 34738969 324096
36.8093 34740417 324096
36.8105 34741865 324096
36.8117 34743313 324096
36.8129 34744761 324096
36.8141 34746209 324096
36.8153 34747657 324096
36.8165 34749105 324096
36.8177 34750553 324096
36.8189 34752001 324096
36.8201 34753449 324096
36.8213 34754897 324096
36.8225 34756345 325632
36.8237 34757793 325632
36.8249 34759241 325632
36.8261 34760689 325632
36.8273 34762137 325632
36.8285 34763585 325632
36.8298 34765033 325632
36.831 34766481 325632
36.8322 34767929 325632
36.8334 34769377 325632
36.8346 34770825 325632
36.8358 34772273 325632
36.837 34773721 325632
36.8382 34775169 325632
36.8394 34776617 325632
36.8406 34778065 325632
36.8418 34779513 325632
36.843 34780961 325632
36.8442 34782409 325632
36.8454 34783857 325632
36.8466 34785305 325632
36.8478 34786753 325632
36.849 34788201 325632
36.8502 34789649 325632
36.8514 34791097 325632
36.8526 34792545 325632
36.8538 34793993 325632
36.855 34795441 325632
36.8562 34796889 325632
36.8574 34798337 325632
36.8586 34799785 325632
36.8598 34801233 325632
36.861 34802681 325632
36.8622 34804129 325632
36.8634 34805577 325632
36.8646 34807025 325632
36.8658 34808473 325632
36.867 34809921 325632
36.8682 34811369 325632
36.8694 34812817 325632
36.8706 34814265 325632
36.8718 34815713 325632
36.873 34817161 325632
36.8742 34818609 325632
36.8754 34820057 325632
36.8766 34821505 325632
36.8778 34822953 325632
36.8802 34824401 325632
36.8826 34825849 325632
36.885 34827297 325632
36.8862 34828745 325632
36.8874 34830193 325632
36.8898 34831641 325632
36.8922 34833089 325632
36.8946 34834537 325632
36.8994 34835985 327168
36.9018 34837433 327168
36.9042 34838881 327168
36.9151 34840329 327168
36.9175 34841777 327168
36.9223 34843225 327168
36.9235 34844673 327168
36.9259 34846121 327168
36.9283 34847569 327168
36.9343 34849017 327168
36.9367 34850465 327168
36.9415 34851913 327168
36.9439 34853361 327168
36.9463 34854809 327168
36.9487 34856257 327168
36.9511 34857705 327168
36.9523 34859153 327168
36.9535 34860601 327168
36.9547 34862049 327168
36.9559 34863497 327168
36.9571 34864945 327168
36.9583 34866393 327168
36.9595 34867841 327168
36.9607 34869289 327168
36.9619 34870737 327168
36.9631 34872185 327168
36.9643 34873633 327168
36.9655 34875081 327168
36.9667 34876529 327168
36.9679 34877977 327168
36.9691 34879425 327168
37.0016 34880873 327168
37.004 34882321 327168
37.0184 34883769 327168
37.0208 34885217 327168
37.0268 34886665 327168
37.0292 34888113 327168
37.0304 34889561 327168
37.0316 34891009 327168
37.0328 34892457 327168
37.034 34893905 327168
37.0352 34895353 327168
37.0364 34896801 327168
37.0376 34898249 327168
37.0388 34899697 327168
37.04 34901145 327168
37.0412 34902593 327168
37.0424 34904041 327168
37.0436 34905489 327168
37.0448 34906937 327168
37.046 34908385 327168
37.0472 34909833 327168
37.0484 34911281 327168
37.0496 34912729 327168
37.0508 34914177 327168
37.052 34915625 327168
37.0532 34917073 327168
37.0544 34918521 327168
37.0557 34919969 327168
37.0569 34921417 327168
37.0581 34922865 327168
37.0593 34924313 327168
37.0605 34925761 327168
37.0617 34927209 327168
37.0629 34928657 327168
37.0641 34930105 327168
37.0653 34931553 327168
37.0665 34933001 327168
37.0677 34934449 327168
37.0689 34935897 328192
37.0701 34937345 328192
37.0713 34938793 328192
37.0725 34940241 328192
37.0737 34941689 328192
37.0749 34943137 328192
37.0761 34944585 328192
37.0773 34946033 328192
37.0785 34947481 328192
37.0797 34948929 328192
37.0809 34950377 328192
37.0821 34951825 328192
37.0833 34953273 328192
37.0845 34954721 328192
37.0857 34956169 328192
37.0869 34957617 328192
37.0881 34959065 328192
37.0893 34960513 328192
37.0905 34961961 328192
37.0917 34963409 328192
37.0929 34964857 328192
37.0953 34966305 328192
37.0977 34967753 328192
37.1025 34969201 328192
37.1049 34970649 328192
37.1085 34972097 328192
37.1109 34973545 328192
37.1145 34974993 328192
37.1169 34976441 328192
37.1193 34977889 328192
37.1217 34979337 328192
37.1241 34980785 328192
37.1265 34982233 328192
37.1289 34983681 328192
37.1314 34985129 328192
37.1326 34986577 328192
37.1338 34988025 328192
37.135 34989473 328192
37.1362 34990921 328192
37.1374 34992369 328192
37.1386 34993817 328192
37.1398 34995265 328192
37.141 34996713 328192
37.1422 34998161 328192
37.1434 34999609 328192
37.1446 35001057 328192
37.1458 35002505 328192
37.147 35003953 328192
37.1482 35005401 328192
37.1494 35006849 328192
37.1506 35008297 328192
37.1518 35009745 328192
37.153 35011193 328192
37.1542 35012641 328192
37.1554 35014089 328192
37.1566 35015537 328192
37.1578 35016985 328192
37.159 35018433 328192
37.1602 35019881 328192
37.1614 35021329 328192
37.1626 35022777 328192
37.1638 35024225 328192
37.165 35025673 328192
37.1662 35027121 328192
37.1674 35028569 328192
37.1686 35030017 328192
37.1698 35031465 328192
37.171 35032913 328192
37.1722 35034361 328192
37.1734 35035809 328192
37.1746 35037257 328192
37.1758 35038705 328192
37.177 35040153 328192
37.1782 35041601 329728
37.1794 35043049 329728
37.1806 35044497 329728
37.1818 35045945 329728
37.183 35047393 329728
37.1842 35048841 329728
37.1854 35050289 329728
37.1866 35051737 329728
37.1878 35053185 329728
37.189 35054633 329728
37.1902 35056081 329728
37.1914 35057529 329728
37.1926 35058977 329728
37.1938 35060425 329728
37.195 35061873 329728
37.1962 35063321 329728
37.1974 35064769 329728
37.1986 35066217 329728
37.1998 35067665 329728
37.201 35069113 329728
37.2022 35070561 329728
37.2034 35072009 329728
37.2046 35073457 329728
37.2059 35074905 329728
37.2071 35076353 329728
37.2083 35077801 329728
37.2095 35079249 329728
37.2107 35080697 329728
37.2119 35082145 329728
37.2131 35083593 329728
37.2143 35085041 329728
37.2155 35086489 329728
37.2167 35087937 329728
37.2179 35089385 329728
37.2191 35090833 329728
37.2203 35092281 329728
37.2215 35093729 329728
37.2227 35095177 329728
37.2239 35096625 329728
37.2251 35098073 329728
37.2263 35099521 329728
37.2275 35100969 329728
37.2287 35102417 329728
37.2299 35103865 329728
37.2311 35105313 329728
37.2323 35106761 329728
37.2335 35108209 329728
37.2347 35109657 329728
37.2359 35111105 329728
37.2371 35112553 329728
37.2383 35114001 329728
37.2395 35115449 331264
37.2407 35116897 331264
37.2419 35118345 331264
37.2431 35119793 331264
37.2443 35121241 331264
37.2455 35122689 331264
37.2467 35124137 331264
37.2479 35125585 331264
37.2491 35127033 331264
37.2503 35128481 331264
37.2515 35129929 331264
37.2527 35131377 331264
37.2539 35132825 331264
37.2551 35134273 331264
37.2563 35135721 331264
37.2575 35137169 331264
37.2587 35138617 331264
37.2599 35140065 331264
37.2611 35141513 331264
37.2623 35142961 331264
37.2635 35144409 331264
37.2647 35145857 331264
37.2659 35147305 331264
37.2671 35148753 331264
37.2683 35150201 331264
37.2695 35151649 331264
37.2707 35153097 331264
37.2731 35154545 331264
37.2755 35155993 331264
37.2779 35157441 331264
37.2791 35158889 331264
37.2804 35160337 331264
37.2828 35161785 331264
37.2852 35163233 331264
37.2876 35164681 331264
37.2924 35166129 331264
37.2948 35167577 331264
37.2984 35169025 331264
37.3008 35170473 331264
37.3128 35171921 331264
37.3152 35173369 331264
37.32 35174817 331264
37.3224 35176265 331264
37.3248 35177713 331264
37.3272 35179161 331264
37.3344 35180609 331264
37.3368 35182057 331264
37.3416 35183505 331264
37.344 35184953 331264
37.3464 35186401 332800
37.3488 35187849 332800
37.3512 35189297 332800
37.3524 35190745 332800
37.3536 35192193 332800
37.3548 35193641 332800
37.3561 35195089 332800
37.3573 35196537 332800
37.3585 35197985 332800
37.3597 35199433 332800
37.3609 35200881 332800
37.3621 35202329 332800
37.3633 35203777 332800
37.3645 35205225 332800
37.3657 35206673 332800
37.3669 35208121 332800
37.3681 35209569 332800
37.3693 35211017 332800
37.3717 35212465 332800
37.4053 35213913 332800
37.4077 35215361 332800
37.4245 35216809 332800
37.4269 35218257 332800
37.4354 35219705 332800
37.4366 35221153 332800
37.4378 35222601 332800
37.439 35224049 332800
37.4402 35225497 332800
37.4414 35226945 332800
37.4426 35228393 332800
37.4438 35229841 332800
37.445 35231289 332800
37.4462 35232737 332800
37.4474 35234185 332800
37.4486 35235633 332800
37.4498 35237081 332800
37.451 35238529 332800
37.4522 35239977 332800
37.4534 35241425 332800
37.4546 35242873 332800
37.4558 35244321 332800
37.457 35245769 332800
37.4582 35247217 332800
37.4594 35248665 332800
37.4606 35250113 332800
37.4618 35251561 332800
37.463 35253009 332800
37.4642 35254457 334336
37.4654 35255905 334336
37.4666 35257353 334336
37.4678 35258801 334336
37.469 35260249 334336
37.4702 35261697 334336
37.4714 35263145 334336
37.4726 35264593 334336
37.4738 35266041 334336
37.475 35267489 334336
37.4762 35268937 334336
37.4774 35270385 334336
37.4786 35271833 334336
37.4798 35273281 334336
37.481 35274729 334336
37.4822 35276177 334336
37.4834 35277625 334336
37.4846 35279073 334336
37.4858 35280521 334336
37.487 35281969 334336
37.4882 35283417 334336
37.4894 35284865 334336
37.4906 35286313 334336
37.4918 35287761 334336
37.493 35289209 334336
37.4942 35290657 334336
37.4954 35292105 334336
37.4966 35293553 334336
37.4978 35295001 334336
37.499 35296449 334336
37.5014 35297897 334336
37.5038 35299345 334336
37.505 35300793 334336
37.5099 35302241 334336
37.5123 35303689 334336
37.5171 35305137 334336
37.5195 35306585 334336
37.5231 35308033 334336
37.5255 35309481 334336
37.5291 35310929 334336
37.5315 35312377 334336
37.5339 35313825 335872
37.5363 35315273 335872
37.5375 35316721 335872
37.5399 35318169 335872
37.5423 35319617 335872
37.5435 35321065 335872
37.5447 35322513 335872
37.5459 35323961 335872
37.5471 35325409 335872
37.5483 35326857 335872
37.5495 35328305 335872
37.5507 35329753 335872
37.5519 35331201 335872
37.5531 35332649 335872
37.5543 35334097 335872
37.5555 35335545 335872
37.5567 35336993 335872
37.5579 35338441 335872
37.5591 35339889 335872
37.5603 35341337 335872
37.5615 35342785 335872
37.5627 35344233 335872
37.5639 35345681 335872
37.5651 35347129 335872
37.5663 35348577 335872
37.5675 35350025 335872
37.5687 35351473 335872
37.5699 35352921 335872
37.5711 35354369 335872
37.5723 35355817 335872
37.5735 35357265 335872
37.5747 35358713 335872
37.5759 35360161 335872
37.5771 35361609 335872
37.5783 35363057 335872
37.5795 35364505 335872
37.5808 35365953 335872
37.582 35367401 335872
37.5832 35368849 335872
37.5844 35370297 335872
37.5856 35371745 335872
37.5868 35373193 336896
37.588 35374641 336896
37.5892 35376089 336896
37.5904 35377537 336896
37.5916 35378985 336896
37.5928 35380433 336896
37.594 35381881 336896
37.5952 35383329 336896
37.5964 35384777 336896
37.5976 35386225 336896
37.5988 35387673 336896
37.6 35389121 336896
37.6012 35390569 336896
37.6024 35392017 336896
37.6036 35393465 336896
37.6048 35394913 336896
37.606 35396361 336896
37.6072 35397809 336896
37.6084 35399257 336896
37.6096 35400705 336896
37.6108 35402153 336896
37.612 35403601 336896
37.6132 35405049 336896
37.6144 35406497 336896
37.6156 35407945 336896
37.6168 35409393 336896
37.618 35410841 336896
37.6192 35412289 336896
37.6204 35413737 336896
37.6216 35415185 336896
37.6228 35416633 336896
37.624 35418081 336896
37.6252 35419529 336896
37.6264 35420977 336896
37.6276 35422425 336896
37.6288 35423873 336896
37.63 35425321 336896
37.6312 35426769 336896
37.6324 35428217 336896
37.6336 35429665 336896
37.6348 35431113 336896
37.636 35432561 338432
37.6372 35434009 338432
37.6384 35435457 338432
37.6396 35436905 338432
37.6408 35438353 338432
37.642 35439801 338432
37.6432 35441249 338432
37.6444 35442697 338432
37.6456 35444145 338432
37.6468 35445593 338432
37.648 35447041 338432
37.6492 35448489 338432
37.6504 35449937 338432
37.6516 35451385 338432
37.6528 35452833 338432
37.654 35454281 338432
37.6552 35455729 338432
37.6565 35457177 338432
37.6577 35458625 338432
37.6589 35460073 338432
37.6601 35461521 338432
37.6613 35462969 338432
37.6625 35464417 338432
37.6637 35465865 338432
37.6649 35467313 338432
37.6661 35468761 338432
37.6673 35470209 338432
37.6685 35471657 338432
37.6697 35473105 338432
37.6709 35474553 338432
37.6721 35476001 338432
37.6733 35477449 338432
37.6745 35478897 338432
37.6757 35480345 338432
37.6769 35481793 338432
37.6781 35483241 338432
37.6793 35484689 338432
37.6805 35486137 338432
37.6817 35487585 338432
37.6841 35489033 338432
37.6865 35490481 338432
37.6889 35491929 339968
37.6901 35493377 339968
37.6925 35494825 339968
37.6949 35496273 339968
37.6961 35497721 339968
37.6973 35499169 339968
37.6985 35500617 339968
37.7009 35502065 339968
37.7033 35503513 339968
37.7093 35504961 339968
37.7117 35506409 339968
37.7165 35507857 339968
37.7189 35509305 339968
37.731 35510753 339968
37.7334 35512201 339968
37.7406 35513649 339968
37.743 35515097 339968
37.7454 35516545 339968
37.7478 35517993 339968
37.7562 35519441 339968
37.7586 35520889 339968
37.7646 35522337 339968
37.767 35523785 339968
37.7694 35525233 339968
37.7718 35526681 339968
37.7742 35528129 339968
37.7754 35529577 339968
37.7766 35531025 339968
37.7778 35532473 339968
37.779 35533921 339968
37.7802 35535369 339968
37.7814 35536817 339968
37.7826 35538265 339968
37.7838 35539713 341504
37.785 35541161 341504
37.7862 35542609 341504
37.7874 35544057 341504
37.7886 35545505 341504
37.7898 35546953 341504
37.791 35548401 341504
37.7922 35549849 341504
37.7946 35551297 341504
37.797 35552745 341504
37.7994 35554193 341504
37.8343 35555641 341504
37.8367 35557089 341504
37.8559 35558537 341504
37.8583 35559985 341504
37.8679 35561433 341504
37.8703 35562881 341504
37.8727 35564329 341504
37.8739 35565777 341504
37.8751 35567225 341504
37.8763 35568673 341504
37.8775 35570121 341504
37.8787 35571569 341504
37.8799 35573017 341504
37.8812 35574465 341504
37.8824 35575913 341504
37.8836 35577361 341504
37.8848 35578809 341504
37.886 35580257 341504
37.8872 35581705 341504
37.8884 35583153 341504
37.8896 35584601 343040
37.8908 35586049 343040
37.892 35587497 343040
37.8932 35588945 343040
37.8944 35590393 343040
37.8956 35591841 343040
37.8968 35593289 343040
37.898 35594737 343040
37.8992 35596185 343040
37.9004 35597633 343040
37.9016 35599081 343040
37.9028 35600529 343040
37.904 35601977 343040
37.9052 35603425 343040
37.9064 35604873 343040
37.9076 35606321 343040
37.9088 35607769 343040
37.91 35609217 343040
37.9112 35610665 343040
37.9124 35612113 343040
37.9136 35613561 343040
37.9148 35615009 343040
37.916 35616457 343040
37.9172 35617905 343040
37.9184 35619353 343040
37.9196 35620801 343040
37.9208 35622249 343040
37.922 35623697 343040
37.9232 35625145 343040
37.9244 35626593 343040
37.9256 35628041 343040
37.9268 35629489 343040
37.928 35630937 343040
37.9292 35632385 344576
37.9304 35633833 344576
37.9316 35635281 344576
37.9328 35636729 344576
37.934 35638177 344576
37.9352 35639625 344576
37.9376 35641073 344576
37.94 35642521 344576
37.9412 35643969 344576
37.9448 35645417 344576
37.9472 35646865 344576
37.9532 35648313 344576
37.9556 35649761 344576
37.9593 35651209 344576
37.9617 35652657 344576
37.9653 35654105 344576
37.9677 35655553 344576
37.9713 35657001 344576
37.9737 35658449 344576
37.9761 35659897 344576
37.9773 35661345 344576
37.9797 35662793 344576
37.9821 35664241 344576
37.9833 35665689 344576
37.9845 35667137 344576
37.9857 35668585 344576
37.9869 35670033 344576
37.9881 35671481 344576
37.9893 35672929 344576
37.9905 35674377 345600
37.9917 35675825 345600
37.9929 35677273 345600
37.9941 35678721 345600
37.9953 35680169 345600
37.9965 35681617 345600
37.9977 35683065 345600
37.9989 35684513 345600
38.0001 35685961 345600
38.0013 35687409 345600
38.0025 35688857 345600
38.0037 35690305 345600
38.0049 35691753 345600
38.0061 35693201 345600
38.0073 35694649 345600
38.0085 35696097 345600
38.0097 35697545 345600
38.0109 35698993 345600
38.0121 35700441 345600
38.0133 35701889 345600
38.0145 35703337 345600
38.0157 35704785 345600
38.0169 35706233 345600
38.0181 35707681 345600
38.0193 35709129 345600
38.0205 35710577 345600
38.0217 35712025 345600
38.0229 35713473 345600
38.0241 35714921 345600
38.0253 35716369 345600
38.0265 35717817 345600
38.0277 35719265 347136
38.0289 35720713 347136
38.0301 35722161 347136
38.0314 35723609 347136
38.0326 35725057 347136
38.0338 35726505 347136
38.035 35727953 347136
38.0362 35729401 347136
38.0374 35730849 347136
38.0386 35732297 347136
38.0398 35733745 347136
38.041 35735193 347136
38.0422 35736641 347136
38.0434 35738089 347136
38.0446 35739537 347136
38.0458 35740985 347136
38.047 35742433 347136
38.0482 35743881 347136
38.0494 35745329 347136
38.0506 35746777 347136
38.0518 35748225 347136
38.053 35749673 347136
38.0542 35751121 347136
38.0554 35752569 347136
38.0566 35754017 347136
38.0578 35755465 347136
38.059 35756913 347136
38.0602 35758361 347136
38.0614 35759809 347136
38.0626 35761257 347136
38.0638 35762705 347136
38.065 35764153 347136
38.0662 35765601 347136
38.0674 35767049 348672
38.0686 35768497 348672
38.0698 35769945 348672
38.071 35771393 348672
38.0722 35772841 348672
38.0734 35774289 348672
38.0746 35775737 348672
38.0758 35777185 348672
38.077 35778633 348672
38.0782 35780081 348672
38.0794 35781529 348672
38.0806 35782977 348672
38.0818 35784425 348672
38.083 35785873 348672
38.0842 35787321 348672
38.0854 35788769 348672
38.0866 35790217 348672
38.0878 35791665 348672
38.089 35793113 348672
38.0902 35794561 348672
38.0914 35796009 348672
38.0926 35797457 348672
38.0938 35798905 348672
38.095 35800353 348672
38.0962 35801801 348672
38.0974 35803249 348672
38.0986 35804697 348672
38.0998 35806145 348672
38.101 35807593 348672
38.1022 35809041 348672
38.1034 35810489 348672
38.1046 35811937 348672
38.1058 35813385 348672
38.1071 35814833 350208
38.1083 35816281 350208
38.1095 35817729 350208
38.1107 35819177 350208
38.1119 35820625 350208
38.1131 35822073 350208
38.1143 35823521 350208
38.1155 35824969 350208
38.1167 35826417 350208
38.1179 35827865 350208
38.1191 35829313 350208
38.1203 35830761 350208
38.1215 35832209 350208
38.1227 35833657 350208
38.1251 35835105 350208
38.1275 35836553 350208
38.1299 35838001 350208
38.1311 35839449 350208
38.1323 35840897 350208
38.1347 35842345 350208
38.1371 35843793 350208
38.1395 35845241 350208
38.1407 35846689 350208
38.1419 35848137 350208
38.1431 35849585 350208
38.1455 35851033 350208
38.1479 35852481 350208
38.1539 35853929 350208
38.1563 35855377 350208
38.1623 35856825 350208
38.1647 35858273 350208
38.1779 35859721 351744
38.1803 35861169 351744
38.1828 35862617 351744
38.1912 35864065 351744
38.1936 35865513 351744
38.1972 35866961 351744
38.1996 35868409 351744
38.208 35869857 351744
38.2104 35871305 351744
38.2176 35872753 351744
38.22 35874201 351744
38.2236 35875649 351744
38.226 35877097 351744
38.2284 35878545 351744
38.2296 35879993 351744
38.2308 35881441 351744
38.232 35882889 351744
38.2332 35884337 351744
38.2344 35885785 351744
38.2356 35887233 351744
38.2368 35888681 351744
38.238 35890129 351744
38.2392 35891577 351744
38.2404 35893025 351744
38.2416 35894473 351744
38.2428 35895921 351744
38.244 35897369 351744
38.2452 35898817 353280
38.2464 35900265 353280
38.2488 35901713 353280
38.2512 35903161 353280
38.2524 35904609 353280
38.2548 35906057 353280
38.2573 35907505 353280
38.2945 35908953 353280
38.2969 35910401 353280
38.3185 35911849 353280
38.3209 35913297 353280
38.333 35914745 353280
38.3354 35916193 353280
38.339 35917641 353280
38.3414 35919089 353280
38.3426 35920537 353280
38.3438 35921985 353280
38.345 35923433 353280
38.3462 35924881 353280
38.3474 35926329 353280
38.3486 35927777 353280
38.3498 35929225 353280
38.351 35930673 353280
38.3522 35932121 353280
38.3534 35933569 353280
38.3546 35935017 354304
38.3558 35936465 354304
38.357 35937913 354304
38.3582 35939361 354304
38.3594 35940809 354304
38.3606 35942257 354304
38.3618 35943705 354304
38.363 35945153 354304
38.3642 35946601 354304
38.3654 35948049 354304
38.3666 35949497 354304
38.3678 35950945 354304
38.369 35952393 354304
38.3702 35953841 354304
38.3714 35955289 354304
38.3726 35956737 354304
38.3738 35958185 354304
38.375 35959633 354304
38.3762 35961081 354304
38.3774 35962529 354304
38.3786 35963977 354304
38.3798 35965425 354304
38.381 35966873 354304
38.3822 35968321 354304
38.3834 35969769 354304
38.3846 35971217 355840
38.3858 35972665 355840
38.387 35974113 355840
38.3882 35975561 355840
38.3894 35977009 355840
38.3906 35978457 355840
38.3918 35979905 355840
38.393 35981353 355840
38.3942 35982801 355840
38.3954 35984249 355840
38.3966 35985697 355840
38.3978 35987145 355840
38.399 35988593 355840
38.4002 35990041 355840
38.4014 35991489 355840
38.4026 35992937 355840
38.4038 35994385 355840
38.4062 35995833 355840
38.4087 35997281 355840
38.4099 35998729 355840
38.4111 36000177 355840
38.4147 36001625 355840
38.4171 36003073 355840
38.4243 36004521 355840
38.4267 36005969 355840
38.4303 36007417 357376
38.4327 36008865 357376
38.4351 36010313 357376
38.4387 36011761 357376
38.4411 36013209 357376
38.4447 36014657 357376
38.4471 36016105 357376
38.4495 36017553 357376
38.4519 36019001 357376
38.4543 36020449 357376
38.4567 36021897 357376
38.4579 36023345 357376
38.4591 36024793 357376
38.4603 36026241 357376
38.4615 36027689 357376
38.4627 36029137 357376
38.4639 36030585 357376
38.4651 36032033 357376
38.4663 36033481 357376
38.4675 36034929 357376
38.4687 36036377 357376
38.4699 36037825 357376
38.4711 36039273 357376
38.4723 36040721 357376
38.4735 36042169 357376
38.4747 36043617 358912
38.4759 36045065 358912
38.4771 36046513 358912
38.4783 36047961 358912
38.4795 36049409 358912
38.4807 36050857 358912
38.482 36052305 358912
38.4832 36053753 358912
38.4844 36055201 358912
38.4856 36056649 358912
38.4868 36058097 358912
38.488 36059545 358912
38.4892 36060993 358912
38.4904 36062441 358912
38.4916 36063889 358912
38.4928 36065337 358912
38.494 36066785 358912
38.4952 36068233 358912
38.4964 36069681 358912
38.4976 36071129 358912
38.4988 36072577 358912
38.5 36074025 358912
38.5012 36075473 358912
38.5024 36076921 360448
38.5036 36078369 360448
38.5048 36079817 360448
38.506 36081265 360448
38.5072 36082713 360448
38.5084 36084161 360448
38.5096 36085609 360448
38.5108 36087057 360448
38.512 36088505 360448
38.5132 36089953 360448
38.5144 36091401 360448
38.5156 36092849 360448
38.5168 36094297 360448
38.518 36095745 360448
38.5192 36097193 360448
38.5204 36098641 360448
38.5216 36100089 360448
38.5228 36101537 360448
38.524 36102985 360448
38.5252 36104433 360448
38.5264 36105881 360448
38.5276 36107329 360448
38.5288 36108777 360448
38.53 36110225 360448
38.5312 36111673 360448
38.5324 36113121 361984
38.5336 36114569 361984
38.5348 36116017 361984
38.536 36117465 361984
38.5372 36118913 361984
38.5384 36120361 361984
38.5396 36121809 361984
38.5408 36123257 361984
38.542 36124705 361984
38.5432 36126153 361984
38.5444 36127601 361984
38.5456 36129049 361984
38.5468 36130497 361984
38.548 36131945 361984
38.5492 36133393 361984
38.5504 36134841 361984
38.5516 36136289 361984
38.5528 36137737 361984
38.554 36139185 361984
38.5552 36140633 361984
38.5564 36142081 361984
38.5577 36143529 361984
38.5589 36144977 361984
38.5601 36146425 361984
38.5613 36147873 361984
38.5625 36149321 361984
38.5637 36150769 361984
38.5649 36152217 363008
38.5661 36153665 363008
38.5673 36155113 363008
38.5685 36156561 363008
38.5697 36158009 363008
38.5709 36159457 363008
38.5721 36160905 363008
38.5733 36162353 363008
38.5745 36163801 363008
38.5757 36165249 363008
38.5769 36166697 363008
38.5781 36168145 363008
38.5793 36169593 363008
38.5805 36171041 363008
38.5817 36172489 363008
38.5829 36173937 363008
38.5841 36175385 363008
38.5853 36176833 363008
38.5865 36178281 363008
38.5877 36179729 363008
38.5889 36181177 363008
38.5901 36182625 363008
38.5913 36184073 363008
38.5925 36185521 363008
38.5937 36186969 363008
38.5949 36188417 364544
38.5961 36189865 364544
38.5973 36191313 364544
38.5985 36192761 364544
38.6009 36194209 364544
38.6033 36195657 364544
38.6045 36197105 364544
38.6057 36198553 364544
38.6069 36200001 364544
38.6081 36201449 364544
38.6105 36202897 364544
38.6129 36204345 364544
38.6153 36205793 364544
38.6165 36207241 364544
38.6189 36208689 364544
38.6213 36210137 364544
38.6225 36211585 364544
38.6237 36213033 364544
38.6249 36214481 364544
38.6273 36215929 364544
38.6297 36217377 364544
38.637 36218825 364544
38.6394 36220273 364544
38.6466 36221721 364544
38.649 36223169 364544
38.6646 36224617 366080
38.667 36226065 366080
38.6694 36227513 366080
38.6778 36228961 366080
38.6802 36230409 366080
38.685 36231857 366080
38.6874 36233305 366080
38.6958 36234753 366080
38.6982 36236201 366080
38.7066 36237649 366080
38.7091 36239097 366080
38.7139 36240545 366080
38.7163 36241993 366080
38.7199 36243441 366080
38.7211 36244889 366080
38.7223 36246337 366080
38.7235 36247785 366080
38.7247 36249233 366080
38.7259 36250681 366080
38.7271 36252129 366080
38.7283 36253577 366080
38.7295 36255025 367616
38.7307 36256473 367616
38.7319 36257921 367616
38.7331 36259369 367616
38.7343 36260817 367616
38.7355 36262265 367616
38.7367 36263713 367616
38.7379 36265161 367616
38.7403 36266609 367616
38.7427 36268057 367616
38.7439 36269505 367616
38.7451 36270953 367616
38.7475 36272401 367616
38.7511 36273849 367616
38.7535 36275297 367616
38.792 36276745 367616
38.7944 36278193 367616
38.8184 36279641 367616
38.8208 36281089 367616
38.8352 36282537 369152
38.8376 36283985 369152
38.84 36285433 369152
38.8448 36286881 369152
38.8472 36288329 369152
38.8496 36289777 369152
38.8508 36291225 369152
38.852 36292673 369152
38.8532 36294121 369152
38.8544 36295569 369152
38.8556 36297017 369152
38.8568 36298465 369152
38.8581 36299913 369152
38.8593 36301361 369152
38.8605 36302809 369152
38.8617 36304257 369152
38.8629 36305705 369152
38.8641 36307153 369152
38.8653 36308601 369152
38.8665 36310049 370688
38.8677 36311497 370688
38.8689 36312945 370688
38.8701 36314393 370688
38.8713 36315841 370688
38.8725 36317289 370688
38.8737 36318737 370688
38.8749 36320185 370688
38.8761 36321633 370688
38.8773 36323081 370688
38.8785 36324529 370688
38.8797 36325977 370688
38.8809 36327425 370688
38.8821 36328873 370688
38.8833 36330321 370688
38.8845 36331769 370688
38.8857 36333217 370688
38.8869 36334665 370688
38.8881 36336113 370688
38.8893 36337561 371712
38.8905 36339009 371712
38.8917 36340457 371712
38.8929 36341905 371712
38.8941 36343353 371712
38.8953 36344801 371712
38.8965 36346249 371712
38.8977 36347697 371712
38.8989 36349145 371712
38.9001 36350593 371712
38.9013 36352041 371712
38.9025 36353489 371712
38.9037 36354937 371712
38.9049 36356385 371712
38.9061 36357833 371712
38.9073 36359281 371712
38.9085 36360729 371712
38.9097 36362177 371712
38.9121 36363625 371712
38.9145 36365073 371712
38.9157 36366521 371712
38.9169 36367969 373248
38.9181 36369417 373248
38.9193 36370865 373248
38.9217 36372313 373248
38.9241 36373761 373248
38.9265 36375209 373248
38.9289 36376657 373248
38.9374 36378105 373248
38.9398 36379553 373248
38.9446 36381001 373248
38.947 36382449 373248
38.9506 36383897 373248
38.953 36385345 373248
38.9566 36386793 373248
38.959 36388241 373248
38.9626 36389689 373248
38.965 36391137 373248
38.9674 36392585 373248
38.9698 36394033 373248
38.9722 36395481 374784
38.9734 36396929 374784
38.9746 36398377 374784
38.9758 36399825 374784
38.977 36401273 374784
38.9782 36402721 374784
38.9794 36404169 374784
38.9806 36405617 374784
38.9818 36407065 374784
38.983 36408513 374784
38.9842 36409961 374784
38.9854 36411409 374784
38.9866 36412857 374784
38.9878 36414305 374784
38.989 36415753 374784
38.9902 36417201 374784
38.9914 36418649 374784
38.9926 36420097 374784
38.9938 36421545 374784
38.995 36422993 376320
38.9962 36424441 376320
38.9974 36425889 376320
38.9986 36427337 376320
38.9998 36428785 376320
39.001 36430233 376320
39.0022 36431681 376320
39.0034 36433129 376320
39.0046 36434577 376320
39.0058 36436025 376320
39.007 36437473 376320
39.0083 36438921 376320
39.0095 36440369 376320
39.0107 36441817 376320
39.0119 36443265 376320
39.0131 36444713 376320
39.0143 36446161 376320
39.0155 36447609 376320
39.0167 36449057 376320
39.0179 36450505 376320
39.0191 36451953 376320
39.0203 36453401 377856
39.0215 36454849 377856
39.0227 36456297 377856
39.0239 36457745 377856
39.0251 36459193 377856
39.0263 36460641 377856
39.0275 36462089 377856
39.0287 36463537 377856
39.0299 36464985 377856
39.0311 36466433 377856
39.0323 36467881 377856
39.0335 36469329 377856
39.0347 36470777 377856
39.0359 36472225 377856
39.0371 36473673 377856
39.0383 36475121 377856
39.0395 36476569 377856
39.0407 36478017 377856
39.0419 36479465 377856
39.0431 36480913 378880
39.0443 36482361 378880
39.0455 36483809 378880
39.0467 36485257 378880
39.0479 36486705 378880
39.0491 36488153 378880
39.0503 36489601 378880
39.0515 36491049 378880
39.0527 36492497 378880
39.0539 36493945 378880
39.0551 36495393 378880
39.0563 36496841 378880
39.0575 36498289 378880
39.0587 36499737 378880
39.0599 36501185 378880
39.0611 36502633 378880
39.0623 36504081 378880
39.0635 36505529 378880
39.0647 36506977 378880
39.0659 36508425 378880
39.0671 36509873 378880
39.0683 36511321 380416
39.0695 36512769 380416
39.0707 36514217 380416
39.0719 36515665 380416
39.0731 36517113 380416
39.0743 36518561 380416
39.0755 36520009 380416
39.0767 36521457 380416
39.0779 36522905 380416
39.0791 36524353 380416
39.0803 36525801 380416
39.0815 36527249 380416
39.0828 36528697 380416
39.084 36530145 380416
39.0852 36531593 380416
39.0864 36533041 380416
39.0876 36534489 380416
39.0888 36535937 380416
39.09 36537385 380416
39.0912 36538833 380416
39.0924 36540281 380416
39.0936 36541729 381952
39.0948 36543177 381952
39.096 36544625 381952
39.0972 36546073 381952
39.0984 36547521 381952
39.0996 36548969 381952
39.1008 36550417 381952
39.102 36551865 381952
39.1032 36553313 381952
39.1044 36554761 381952
39.1056 36556209 381952
39.1068 36557657 381952
39.108 36559105 381952
39.1092 36560553 381952
39.1104 36562001 381952
39.1116 36563449 381952
39.1128 36564897 381952
39.114 36566345 381952
39.1152 36567793 381952
39.1176 36569241 381952
39.12 36570689 381952
39.1224 36572137 383488
39.1236 36573585 383488
39.1248 36575033 383488
39.126 36576481 383488
39.1272 36577929 383488
39.1284 36579377 383488
39.1308 36580825 383488
39.1332 36582273 383488
39.1344 36583721 383488
39.1356 36585169 383488
39.1368 36586617 383488
39.1392 36588065 383488
39.1416 36589513 383488
39.144 36590961 383488
39.1452 36592409 383488
39.1464 36593857 383488
39.1476 36595305 383488
39.1488 36596753 383488
39.1512 36598201 383488
39.1536 36599649 383488
39.156 36601097 383488
39.1645 36602545 385024
39.1669 36603993 385024
39.1693 36605441 385024
39.1765 36606889 385024
39.1789 36608337 385024
39.1969 36609785 385024
39.1993 36611233 385024
39.2089 36612681 385024
39.2113 36614129 385024
39.2185 36615577 385024
39.2209 36617025 385024
39.2305 36618473 385024
39.233 36619921 385024
39.2426 36621369 385024
39.245 36622817 385024
39.251 36624265 385024
39.2534 36625713 385024
39.2582 36627161 386560
39.2606 36628609 386560
39.2618 36630057 386560
39.263 36631505 386560
39.2642 36632953 386560
39.2654 36634401 386560
39.2666 36635849 386560
39.2678 36637297 386560
39.269 36638745 386560
39.2702 36640193 386560
39.2714 36641641 386560
39.2726 36643089 386560
39.2738 36644537 386560
39.275 36645985 386560
39.2762 36647433 386560
39.2774 36648881 386560
39.2786 36650329 386560
39.2798 36651777 386560
39.2822 36653225 386560
39.2846 36654673 387584
39.2858 36656121 387584
39.287 36657569 387584
39.2882 36659017 387584
39.2906 36660465 387584
39.2954 36661913 387584
39.2978 36663361 387584
39.3375 36664809 387584
39.3399 36666257 387584
39.3663 36667705 387584
39.3687 36669153 387584
39.3856 36670601 387584
39.388 36672049 387584
39.3952 36673497 387584
39.3976 36674945 387584
39.4012 36676393 389120
39.4024 36677841 389120
39.4036 36679289 389120
39.4048 36680737 389120
39.406 36682185 389120
39.4072 36683633 389120
39.4084 36685081 389120
39.4096 36686529 389120
39.4108 36687977 389120
39.412 36689425 389120
39.4132 36690873 389120
39.4144 36692321 389120
39.4156 36693769 389120
39.4168 36695217 389120
39.418 36696665 389120
39.4192 36698113 390656
39.4204 36699561 390656
39.4216 36701009 390656
39.4228 36702457 390656
39.424 36703905 390656
39.4252 36705353 390656
39.4264 36706801 390656
39.4276 36708249 390656
39.4288 36709697 390656
39.43 36711145 390656
39.4312 36712593 390656
39.4324 36714041 390656
39.4336 36715489 390656
39.4348 36716937 390656
39.436 36718385 390656
39.4372 36719833 392192
39.4384 36721281 392192
39.4396 36722729 392192
39.4408 36724177 392192
39.442 36725625 392192
39.4432 36727073 392192
39.4444 36728521 392192
39.4456 36729969 392192
39.4468 36731417 392192
39.448 36732865 392192
39.4492 36734313 392192
39.4504 36735761 392192
39.4516 36737209 392192
39.4528 36738657 392192
39.454 36740105 392192
39.4552 36741553 392192
39.4564 36743001 392192
39.4576 36744449 393728
39.4589 36745897 393728
39.4601 36747345 393728
39.4613 36748793 393728
39.4625 36750241 393728
39.4637 36751689 393728
39.4673 36756033 393728
39.4685 36757481 393728
39.4697 36758929 393728
39.4709 36760377 393728
39.4721 36761825 393728
39.4733 36763273 393728
39.4769 36767617 393728
39.4793 36769065 395264
39.4817 36770513 395264
39.4829 36771961 395264
39.4913 36773409 395264
39.4973 36776305 395264
39.4997 36777753 395264
39.5045 36779201 395264
39.5057 36780649 395264
39.5093 36782097 395264
39.5117 36783545 395264
39.5165 36784993 395264
39.5177 36786441 395264
39.5201 36787889 395264
39.5225 36789337 395264
39.5237 36790785 396288
39.5249 36792233 396288
39.5261 36793681 396288
39.5273 36795129 396288
39.5285 36796577 396288
39.5297 36798025 396288
39.5309 36799473 396288
39.5321 36800921 396288
39.5334 36802369 396288
39.5346 36803817 396288
39.5358 36805265 396288
39.537 36806713 396288
39.5382 36808161 396288
39.5394 36809609 396288
39.5406 36811057 396288
39.5418 36812505 397824
39.543 36813953 397824
39.5442 36815401 397824
39.5454 36816849 397824
39.5466 36818297 397824
39.5478 36819745 397824
39.549 36821193 397824
39.5502 36822641 397824
39.5514 36824089 397824
39.5526 36825537 397824
39.5538 36826985 397824
39.555 36828433 397824
39.5562 36829881 397824
39.5574 36831329 397824
39.5586 36832777 397824
39.5598 36834225 397824
39.561 36835673 397824
39.5622 36837121 399360
39.5634 36838569 399360
39.5646 36840017 399360
39.5658 36841465 399360
39.567 36842913 399360
39.5682 36844361 399360
39.5694 36845809 399360
39.5706 36847257 399360
39.5718 36848705 399360
39.573 36850153 399360
39.5742 36851601 399360
39.5754 36853049 399360
39.5766 36854497 399360
39.5778 36855945 399360
39.579 36857393 399360
39.5802 36858841 400896
39.5814 36860289 400896
39.5826 36861737 400896
39.5838 36863185 400896
39.585 36864633 400896
39.5862 36866081 400896
39.5874 36867529 400896
39.5886 36868977 400896
39.5898 36870425 400896
39.591 36871873 400896
39.5922 36873321 400896
39.5934 36874769 400896
39.5946 36876217 400896
39.5958 36877665 400896
39.597 36879113 400896
39.5982 36880561 400896
39.5994 36882009 400896
39.6006 36883457 402432
39.6018 36884905 402432
39.603 36886353 402432
39.6042 36887801 402432
39.6054 36889249 402432
39.6066 36890697 402432
39.6078 36892145 402432
39.6091 36893593 402432
39.6103 36895041 402432
39.6115 36896489 402432
39.6127 36897937 402432
39.6139 36899385 402432
39.6151 36900833 402432
39.6163 36902281 402432
39.6175 36903729 402432
39.6187 36905177 402432
39.6199 36906625 402432
39.6211 36908073 403968
39.6223 36909521 403968
39.6235 36910969 403968
39.6247 36912417 403968
39.6259 36913865 403968
39.6271 36915313 403968
39.6283 36916761 403968
39.6295 36918209 403968
39.6307 36919657 403968
39.6319 36921105 403968
39.6331 36922553 403968
39.6343 36924001 403968
39.6355 36925449 403968
39.6367 36926897 403968
39.6379 36928345 403968
39.6391 36929793 403968
39.6403 36931241 403968
39.6415 36932689 404992
39.6427 36934137 404992
39.6439 36935585 404992
39.6451 36937033 404992
39.6463 36938481 404992
39.6475 36939929 404992
39.6487 36941377 404992
39.6499 36942825 404992
39.6511 36944273 404992
39.6523 36945721 404992
39.6535 36947169 404992
39.6547 36948617 404992
39.6559 36950065 404992
39.6571 36951513 404992
39.6583 36952961 404992
39.6595 36954409 404992
39.6607 36955857 404992
39.6619 36957305 406528
39.6631 36958753 406528
39.6643 36960201 406528
39.6655 36961649 406528
39.6679 36963097 406528
39.6715 36967441 406528
39.6763 36973233 406528
39.6775 36974681 406528
39.6787 36976129 406528
39.6799 36977577 406528
39.6811 36979025 406528
39.6823 36980473 406528
39.686 36984817 408064
39.6872 36986265 408064
39.6884 36987713 408064
39.6896 36989161 408064
39.6908 36990609 408064
39.6944 36994953 408064
39.6956 36996401 408064
39.6968 36997849 408064
39.698 36999297 408064
39.6992 37000745 408064
39.7004 37002193 408064
39.7052 37006537 409600
39.7148 37010881 409600
39.7172 37012329 409600
39.7208 37013777 409600
39.722 37015225 409600
39.7304 37016673 409600
39.7316 37018121 409600
39.7508 37019569 409600
39.752 37021017 409600
39.7629 37022465 409600
39.7641 37023913 409600
39.7725 37025361 409600
39.7737 37026809 409600
39.7845 37028257 411136
39.7857 37029705 411136
39.7869 37031153 411136
39.7965 37032601 411136
39.8049 37035497 411136
39.8061 37036945 411136
39.8121 37038393 411136
39.8133 37039841 411136
39.8145 37041289 411136
39.8157 37042737 411136
39.8169 37044185 411136
39.8181 37045633 411136
39.8193 37047081 411136
39.8205 37048529 411136
39.8217 37049977 412672
39.8229 37051425 412672
39.8241 37052873 412672
39.8253 37054321 412672
39.8265 37055769 412672
39.8277 37057217 412672
39.8289 37058665 412672
39.8301 37060113 412672
39.8313 37061561 412672
39.8325 37063009 412672
39.8338 37064457 412672
39.8362 37065905 412672
39.8374 37067353 412672
39.8386 37068801 412672
39.8398 37070249 412672
39.841 37071697 413696
39.8434 37073145 413696
39.8494 37076041 413696
39.8914 37078937 413696
39.8926 37080385 413696
39.9203 37081833 413696
39.9215 37083281 413696
39.9395 37084729 413696
39.9407 37086177 413696
39.9491 37087625 413696
39.9503 37089073 413696
39.9539 37090521 415232
39.9551 37091969 415232
39.9563 37093417 415232
39.9575 37094865 415232
39.9587 37096313 415232
39.9599 37097761 415232
39.9611 37099209 415232
39.9623 37100657 415232
39.9635 37102105 415232
39.9647 37103553 415232
39.9659 37105001 415232
39.9671 37106449 416768
39.9683 37107897 416768
39.9695 37109345 416768
39.9707 37110793 416768
39.9719 37112241 416768
39.9731 37113689 416768
39.9743 37115137 416768
39.9755 37116585 416768
39.9767 37118033 416768
39.9779 37119481 416768
39.9791 37120929 416768
39.9803 37122377 416768
39.9815 37123825 416768
39.9827 37125273 418304
39.984 37126721 418304
39.9852 37128169 418304
39.9864 37129617 418304
39.9876 37131065 418304
39.9888 37132513 418304
39.99 37133961 418304
39.9912 37135409 418304
39.9924 37136857 418304
39.9936 37138305 418304
39.9948 37139753 418304
39.996 37141201 418304
39.9972 37142649 418304
39.9984 37144097 419840
39.9996 37145545 419840
40.0008 37146993 419840
40.002 37148441 419840
40.0032 37149889 419840
40.0044 37151337 419840
40.0056 37152785 419840
40.0068 37154233 419840
40.008 37155681 419840
40.0092 37157129 419840
40.0104 37158577 419840
40.0116 37160025 419840
40.0128 37161473 419840
40.014 37162921 420864
40.0152 37164369 420864
40.0164 37165817 420864
40.0176 37167265 420864
40.0188 37168713 420864
40.02 37170161 420864
40.0212 37171609 420864
40.0224 37173057 420864
40.0236 37174505 420864
40.0248 37175953 420864
40.026 36753137 418304
40.0272 36754585 416768
40.0284 37177401 415744
40.0308 37178849 415744
40.0332 36764721 411648
40.0392 36766169 411136
40.6893 37617593 294912
40.6905 37619041 294912
40.6917 37620489 294912
40.6929 37621937 294912
40.6941 37623385 294912
40.6953 37624833 294912
40.6965 37626281 294912
40.6977 37627729 294912
40.6989 37629177 294912
40.7001 37630625 294912
40.7013 37632073 294912
40.7026 37633521 294912
40.7038 37634969 294912
40.705 37636417 294912
40.7062 37637865 294912
40.7074 37639313 294912
40.7086 37640761 294912
40.7098 37642209 294912
40.711 37643657 294912
40.7122 37645105 296448
40.7134 37646553 296448
40.7146 37648001 296448
40.7158 37649449 296448
40.717 37650897 296448
40.7182 37652345 296448
40.7194 37653793 296448
40.7206 37655241 296448
40.7218 37656689 296448
40.723 37658137 296448
40.7242 37659585 296448
40.7254 37661033 296448
40.7266 37662481 296448
40.7278 37663929 296448
40.729 37665377 296448
40.7302 37666825 296448
40.7314 37668273 296448
40.7326 37669721 296448
40.7338 37671169 296448
40.735 37672617 296448
40.7362 37674065 296448
40.7374 37675513 296448
40.7386 37676961 296448
40.7398 37678409 296448
40.741 37679857 296448
40.7422 37681305 296448
40.7434 37682753 296448
40.7446 37684201 296448
40.7458 37685649 296448
40.747 37687097 296448
40.7482 37688545 296448
40.7494 37689993 296448
40.7506 37691441 296448
40.7518 37692889 296448
40.7542 37694337 296448
40.7554 37695785 296448
40.7566 37697233 296448
40.7578 37698681 296448
40.759 37700129 296448
40.7602 37701577 296448
40.7614 37703025 296448
40.7626 37704473 297984
40.7638 37705921 297984
40.765 37707369 297984
40.7662 37708817 297984
40.7674 37710265 297984
40.7686 37711713 297984
40.7698 37713161 297984
40.771 37714609 297984
40.7722 37716057 297984
40.7734 37717505 297984
40.7746 37718953 297984
40.7758 37720401 297984
40.777 37721849 297984
40.7783 37723297 297984
40.7795 37724745 297984
40.7807 37726193 297984
40.7819 37727641 297984
40.7831 37729089 297984
40.7843 37730537 297984
40.7855 37731985 297984
40.7867 37733433 297984
40.7879 37734881 297984
40.7891 37736329 297984
40.7903 37737777 297984
40.7915 37739225 297984
40.7927 37740673 297984
40.7939 37742121 297984
40.7951 37743569 297984
40.7963 37745017 297984
40.7975 37746465 297984
40.7987 37747913 297984
40.7999 37749361 297984
40.8011 37750809 297984
40.8023 37752257 297984
40.8035 37753705 297984
40.8047 37755153 299520
40.8059 37756601 299520
40.8071 37758049 299520
40.8083 37759497 299520
40.8095 37760945 299520
40.8107 37762393 299520
40.8119 37763841 299520
40.8131 37765289 299520
40.8143 37766737 299520
40.8155 37768185 299520
40.8167 37769633 299520
40.8179 37771081 299520
40.8191 37772529 299520
40.8203 37773977 299520
40.8215 37775425 299520
40.8227 37776873 299520
40.8239 37778321 299520
40.8251 37779769 299520
40.8263 37781217 299520
40.8275 37782665 299520
40.8287 37784113 299520
40.8299 37785561 299520
40.8311 37787009 299520
40.8323 37788457 299520
40.8335 37789905 299520
40.8347 37791353 299520
40.8359 37792801 299520
40.8371 37794249 299520
40.8383 37795697 299520
40.8395 37797145 299520
40.8407 37798593 299520
40.8419 37800041 299520
40.8431 37801489 299520
40.8443 37802937 299520
40.8455 37804385 299520
40.8467 37805833 301056
40.8479 37807281 301056
40.8491 37808729 301056
40.8503 37810177 301056
40.8515 37811625 301056
40.8528 37813073 301056
40.854 37814521 301056
40.8552 37815969 301056
40.8564 37817417 301056
40.8576 37818865 301056
40.8588 37820313 301056
40.86 37821761 301056
40.8612 37823209 301056
40.8624 37824657 301056
40.8636 37826105 301056
40.8648 37827553 301056
40.866 37829001 301056
40.8672 37830449 301056
40.8684 37831897 301056
40.8696 37833345 301056
40.8708 37834793 301056
40.872 37836241 301056
40.8732 37837689 301056
40.8744 37839137 301056
40.8756 37840585 301056
40.8768 37842033 301056
40.878 37843481 301056
40.8792 37844929 301056
40.8804 37846377 301056
40.8816 37847825 301056
40.8828 37849273 301056
40.884 37850721 301056
40.8852 37852169 301056
40.8864 37853617 301056
40.8876 37855065 301056
40.8888 37856513 302592
40.89 37857961 302592
40.8912 37859409 302592
40.8924 37860857 302592
40.8936 37862305 302592
40.8948 37863753 302592
40.896 37865201 302592
40.8972 37866649 302592
40.8984 37868097 302592
40.8996 37869545 302592
40.9008 37870993 302592
40.902 37872441 302592
40.9032 37873889 302592
40.9044 37875337 302592
40.9056 37876785 302592
40.9068 37878233 302592
40.908 37879681 302592
40.9092 37881129 302592
40.9104 37882577 302592
40.9116 37884025 302592
40.9128 37885473 302592
40.914 37886921 302592
40.9152 37888369 302592
40.9164 37889817 302592
40.9176 37891265 302592
40.9188 37892713 302592
40.92 37894161 302592
40.9212 37895609 303616
40.9224 37897057 303616
40.9236 37898505 303616
40.9248 37899953 303616
40.926 37901401 303616
40.9272 37902849 303616
40.9285 37904297 303616
40.9297 37905745 303616
40.9309 37907193 303616
40.9321 37908641 303616
40.9333 37910089 303616
40.9345 37911537 303616
40.9357 37912985 303616
40.9369 37914433 303616
40.9381 37915881 303616
40.9393 37917329 303616
40.9405 37918777 303616
40.9417 37920225 303616
40.9429 37921673 303616
40.9441 37923121 303616
40.9453 37924569 303616
40.9465 37926017 303616
40.9477 37927465 303616
40.9489 37928913 305152
40.9501 37930361 305152
40.9513 37931809 305152
40.9525 37933257 305152
40.9537 37934705 305152
40.9549 37936153 305152
40.9561 37937601 305152
40.9573 37939049 305152
40.9585 37940497 305152
40.9597 37941945 305152
40.9609 37943393 305152
40.9621 37944841 305152
40.9633 37946289 305152
40.9645 37947737 305152
40.9657 37949185 305152
40.9669 37950633 305152
40.9681 37952081 305152
40.9693 37953529 305152
40.9705 37954977 305152
40.9717 37956425 305152
40.9729 37957873 305152
40.9741 37959321 306688
40.9753 37960769 306688
40.9765 37962217 306688
40.9777 37963665 306688
40.9789 37965113 306688
40.9801 37966561 306688
40.9813 37968009 306688
40.9825 37969457 306688
40.9837 37970905 306688
40.9849 37972353 306688
40.9861 37973801 306688
40.9873 37975249 306688
40.9885 37976697 306688
40.9897 37978145 306688
40.9909 37979593 306688
40.9921 37981041 306688
40.9933 37982489 306688
40.9945 37983937 306688
40.9957 37985385 306688
40.9969 37986833 306688
40.9981 37988281 306688
40.9993 37989729 306688
41.0005 37991177 306688
41.0017 37992625 308224
41.003 37994073 308224
41.0042 37995521 308224
41.0054 37996969 308224
41.0078 37998417 308224
41.0102 37999865 308224
41.0126 38001313 308224
41.015 38002761 308224
41.0162 38004209 308224
41.0174 38005657 308224
41.0186 38007105 308224
41.0198 38008553 308224
41.021 38010001 308224
41.0222 38011449 308224
41.0234 38012897 308224
41.0246 38014345 308224
41.0258 38015793 308224
41.027 38017241 308224
41.0282 38018689 308224
41.0294 38020137 308224
41.0306 38021585 308224
41.0318 38023033 309760
41.033 38024481 309760
41.0342 38025929 309760
41.0354 38027377 309760
41.0366 38028825 309760
41.0378 38030273 309760
41.039 38031721 309760
41.0402 38033169 309760
41.0414 38034617 309760
41.0426 38036065 309760
41.0438 38037513 309760
41.045 38038961 309760
41.0462 38040409 309760
41.0474 38041857 309760
41.0486 38043305 309760
41.0498 38044753 309760
41.051 38046201 309760
41.0522 38047649 309760
41.0534 38049097 309760
41.0546 38050545 309760
41.0558 38051993 309760
41.057 38053441 309760
41.0582 38054889 309760
41.0594 38056337 311296
41.0606 38057785 311296
41.0618 38059233 311296
41.063 38060681 311296
41.0642 38062129 311296
41.0654 38063577 311296
41.0666 38065025 311296
41.0678 38066473 311296
41.069 38067921 311296
41.0702 38069369 311296
41.0714 38070817 311296
41.0726 38072265 311296
41.0738 38073713 311296
41.075 38075161 311296
41.0762 38076609 311296
41.0774 38078057 311296
41.0787 38079505 311296
41.0799 38080953 311296
41.0811 38082401 311296
41.0823 38083849 311296
41.0835 38085297 311296
41.0847 38086745 312320
41.0859 38088193 312320
41.0871 38089641 312320
41.0883 38091089 312320
41.0895 38092537 312320
41.0907 38093985 312320
41.0919 38095433 312320
41.0931 38096881 312320
41.0943 38098329 312320
41.0955 38099777 312320
41.0967 38101225 312320
41.0979 38102673 312320
41.0991 38104121 312320
41.1003 38105569 312320
41.1015 38107017 312320
41.1027 38108465 312320
41.1039 38109913 312320
41.1051 38111361 312320
41.1063 38112809 312320
41.1075 38114257 312320
41.1087 38115705 312320
41.1099 38117153 312320
41.1111 38118601 312320
41.1123 38120049 313856
41.1135 38121497 313856
41.1147 38122945 313856
41.1159 38124393 313856
41.1171 38125841 313856
41.1183 38127289 313856
41.1195 38128737 313856
41.1207 38130185 313856
41.1219 38131633 313856
41.1231 38133081 313856
41.1243 38134529 313856
41.1255 38135977 313856
41.1267 38137425 313856
41.1279 38138873 313856
41.1291 38140321 313856
41.1303 38141769 313856
41.1315 38143217 313856
41.1327 38144665 313856
41.1339 38146113 313856
41.1351 38147561 313856
41.1363 38149009 313856
41.1375 38150457 315392
41.1387 38151905 315392
41.1399 38153353 315392
41.1411 38154801 315392
41.1423 38156249 315392
41.1435 38157697 315392
41.1447 38159145 315392
41.1459 38160593 315392
41.1471 38162041 315392
41.1483 38163489 315392
41.1495 38164937 315392
41.1507 38166385 315392
41.1519 38167833 315392
41.1532 38169281 315392
41.1544 38170729 315392
41.1556 38172177 315392
41.1568 38173625 315392
41.158 38175073 315392
41.1592 38176521 315392
41.1604 38177969 315392
41.1616 38179417 315392
41.1628 38180865 315392
41.164 38182313 315392
41.1652 38183761 316928
41.1664 38185209 316928
41.1676 38186657 316928
41.1688 38188105 316928
41.17 38189553 316928
41.1712 38191001 316928
41.1724 38192449 316928
41.1736 38193897 316928
41.1748 38195345 316928
41.176 38196793 316928
41.1772 38198241 316928
41.1784 38199689 316928
41.1796 38201137 316928
41.1808 38202585 316928
41.182 38204033 316928
41.1832 38205481 316928
41.1844 38206929 316928
41.1856 38208377 316928
41.1868 38209825 316928
41.188 38211273 316928
41.1892 38212721 316928
41.1904 38214169 318464
41.1916 38215617 318464
41.1928 38217065 318464
41.194 38218513 318464
41.1952 38219961 318464
41.1964 38221409 318464
41.1976 38222857 318464
41.1988 38224305 318464
41.2 38225753 318464
41.2012 38227201 318464
41.2024 38228649 318464
41.2036 38230097 318464
41.2048 38231545 318464
41.206 38232993 318464
41.2072 38234441 318464
41.2084 38235889 318464
41.2096 38237337 318464
41.2108 38238785 318464
41.212 38240233 318464
41.2132 38241681 318464
41.2144 38243129 318464
41.2156 38244577 318464
41.2168 38246025 318464
41.218 38247473 318464
41.2192 38248921 318464
41.2204 38250369 320000
41.2216 38251817 320000
41.2228 38253265 320000
41.224 38254713 320000
41.2252 38256161 320000
41.2264 38257609 320000
41.2276 38259057 320000
41.2289 38260505 320000
41.2301 38261953 320000
41.2313 38263401 320000
41.2325 38264849 320000
41.2337 38266297 320000
41.2349 38267745 320000
41.2361 38269193 320000
41.2373 38270641 320000
41.2385 38272089 320000
41.2397 38273537 320000
41.2409 38274985 320000
41.2421 38276433 320000
41.2433 38277881 320000
41.2445 38279329 320000
41.2457 38280777 320000
41.2469 38282225 320000
41.2481 38283673 321024
41.2493 38285121 321024
41.2505 38286569 321024
41.2517 38288017 321024
41.2529 38289465 321024
41.2541 38290913 321024
41.2553 38292361 321024
41.2565 38293809 321024
41.2577 38295257 321024
41.2589 38296705 321024
41.2601 38298153 321024
41.2613 38299601 321024
41.2625 38301049 321024
41.2649 38302497 321024
41.2673 38303945 321024
41.2697 38305393 321024
41.2721 38306841 321024
41.2745 38308289 321024
41.2769 38309737 321024
41.2793 38311185 321024
41.2817 38312633 321024
41.2841 38314081 321024
41.2865 38315529 321024
41.2889 38316977 321024
41.2913 38318425 321024
41.2937 38319873 322560
41.2961 38321321 322560
41.2985 38322769 322560
41.3009 38324217 322560
41.3034 38325665 322560
41.3058 38327113 322560
41.3082 38328561 322560
41.3106 38330009 322560
41.313 38331457 322560
41.3154 38332905 322560
41.3178 38334353 322560
41.3202 38335801 322560
41.3226 38337249 322560
41.325 38338697 322560
41.3274 38340145 322560
41.3298 38341593 322560
41.3322 38343041 322560
41.3346 38344489 322560
41.337 38345937 322560
41.3394 38347385 322560
41.3418 38348833 322560
41.3442 38350281 322560
41.3466 38351729 322560
41.349 38353177 324096
41.3514 38354625 324096
41.3538 38356073 324096
41.3562 38357521 324096
41.3586 38358969 324096
41.361 38360417 324096
41.3634 38361865 324096
41.3658 38363313 324096
41.3682 38364761 324096
41.3706 38366209 324096
41.373 38367657 324096
41.3754 38369105 324096
41.3778 38370553 324096
41.3803 38372001 324096
41.3827 38373449 324096
41.3851 38374897 324096
41.3875 38376345 324096
41.3899 38377793 324096
41.3923 38379241 324096
41.3947 38380689 324096
41.3971 38382137 324096
41.3995 38383585 324096
41.4019 38385033 324096
41.4043 38386481 325632
41.4067 38387929 325632
41.4091 38389377 325632
41.4115 38390825 325632
41.4139 38392273 325632
41.4163 38393721 325632
41.4187 38395169 325632
41.4211 38396617 325632
41.4235 38398065 325632
41.4259 38399513 325632
41.4283 38400961 325632
41.4307 38402409 325632
41.4331 38403857 325632
41.4355 38405305 325632
41.4379 38406753 325632
41.4403 38408201 325632
41.4427 38409649 325632
41.4451 38411097 325632
41.4475 38412545 325632
41.4499 38413993 325632
41.4523 38415441 325632
41.4548 38416889 325632
41.4572 38418337 325632
41.4596 38419785 325632
41.462 38421233 325632
41.4644 38422681 325632
41.4668 38424129 325632
41.4692 38425577 327168
41.4716 38427025 327168
41.474 38428473 327168
41.4764 38429921 327168
41.4788 38431369 327168
41.4812 38432817 327168
41.4836 38434265 327168
41.486 38435713 327168
41.4884 38437161 327168
41.4908 38438609 327168
41.4932 38440057 327168
41.4956 38441505 327168
41.498 38442953 327168
41.5004 38444401 327168
41.5028 38445849 327168
41.5052 38447297 327168
41.5076 38448745 327168
41.51 38450193 327168
41.5124 38451641 327168
41.5148 38453089 327168
41.5172 38454537 327168
41.5196 38455985 327168
41.522 38457433 327168
41.5244 38458881 327168
41.5268 38460329 327168
41.5293 38461777 328192
41.5317 38463225 328192
41.5341 38464673 328192
41.5365 38466121 328192
41.5389 38467569 328192
41.5413 38469017 328192
41.5437 38470465 328192
41.5461 38471913 328192
41.5485 38473361 328192
41.5509 38474809 328192
41.5533 38476257 328192
41.5557 38477705 328192
41.5581 38479153 328192
41.5605 38480601 328192
41.5629 38482049 328192
41.5653 38483497 328192
41.5677 38484945 328192
41.5701 38486393 328192
41.5725 38487841 328192
41.5749 38489289 328192
41.5773 38490737 328192
41.5797 38492185 328192
41.5821 38493633 328192
41.5845 38495081 328192
41.5869 38496529 328192
41.5893 38497977 328192
41.5917 38499425 328192
41.5941 38500873 329728
41.5965 38502321 329728
41.5989 38503769 329728
41.6013 38505217 329728
41.6038 38506665 329728
41.6062 38508113 329728
41.6086 38509561 329728
41.611 38511009 329728
41.6134 38512457 329728
41.6158 38513905 329728
41.6182 38515353 329728
41.6206 38516801 329728
41.623 38518249 329728
41.6254 38519697 329728
41.6278 38521145 329728
41.6302 38522593 329728
41.6326 38524041 329728
41.635 38525489 329728
41.6374 38526937 329728
41.6398 38528385 329728
41.6422 38529833 329728
41.6446 38531281 329728
41.647 38532729 329728
41.6494 38534177 329728
41.6518 38535625 329728
41.6542 38537073 331264
41.6566 38538521 331264
41.659 38539969 331264
41.6614 38541417 331264
41.6638 38542865 331264
41.6662 38544313 331264
41.6686 38545761 331264
41.671 38547209 331264
41.6734 38548657 331264
41.6758 38550105 331264
41.6782 38551553 331264
41.6807 38553001 331264
41.6831 38554449 331264
41.6855 38555897 331264
41.6879 38557345 331264
41.6903 38558793 331264
41.6927 38560241 331264
41.6951 38561689 331264
41.6975 38563137 331264
41.6999 38564585 331264
41.7023 38566033 331264
41.7047 38567481 331264
41.7071 38568929 331264
41.7095 38570377 331264
41.7119 38571825 331264
41.7143 38573273 331264
41.7167 38574721 331264
41.7191 38576169 332800
41.7215 38577617 332800
41.7239 38579065 332800
41.7263 38580513 332800
41.7287 38581961 332800
41.7311 38583409 332800
41.7335 38584857 332800
41.7359 38586305 332800
41.7383 38587753 332800
41.7407 38589201 332800
41.7431 38590649 332800
41.7455 38592097 332800
41.7479 38593545 332800
41.7503 38594993 332800
41.7527 38596441 332800
41.7552 38597889 332800
41.7576 38599337 332800
41.76 38600785 332800
41.7624 38602233 332800
41.7648 38603681 332800
41.7672 38605129 332800
41.7696 38606577 332800
41.772 38608025 332800
41.7744 38609473 332800
41.7768 38610921 332800
41.7792 38612369 334336
41.7816 38613817 334336
41.784 38615265 334336
41.7864 38616713 334336
41.7888 38618161 334336
41.7912 38619609 334336
41.7936 38621057 334336
41.796 38622505 334336
41.7984 38623953 334336
41.8008 38625401 334336
41.8032 38626849 334336
41.8056 38628297 334336
41.808 38629745 334336
41.8104 38631193 334336
41.8128 38632641 334336
41.8152 38634089 334336
41.8176 38635537 334336
41.82 38636985 334336
41.8224 38638433 334336
41.8248 38639881 334336
41.8272 38641329 334336
41.8297 38642777 334336
41.8321 38644225 334336
41.8345 38645673 334336
41.8369 38647121 334336
41.8393 38648569 334336
41.8417 38650017 334336
41.8441 38651465 335872
41.8465 38652913 335872
41.8489 38654361 335872
41.8513 38655809 335872
41.8573 38661601 335872
41.8585 38663049 335872
41.8621 38664497 335872
41.8633 38665945 335872
41.8669 38667393 335872
41.8681 38668841 335872
41.8717 38670289 335872
41.8729 38671737 335872
41.8765 38673185 335872
41.8777 38674633 335872
41.8813 38676081 335872
41.8825 38677529 335872
41.8861 38678977 335872
41.8873 38680425 335872
41.8909 38681873 336896
41.8921 38683321 336896
41.8933 38684769 336896
41.8957 38686217 336896
41.8969 38687665 336896
41.9005 38689113 336896
41.9017 38690561 336896
41.9054 38692009 336896
41.9066 38693457 336896
41.9102 38694905 336896
41.9114 38696353 336896
41.915 38697801 336896
41.9162 38699249 336896
41.9174 38700697 336896
41.9186 38702145 336896
41.9198 38703593 336896
41.921 38705041 336896
41.9222 38706489 336896
41.9234 38707937 336896
41.9246 38709385 336896
41.9258 38710833 336896
41.927 38712281 336896
41.9282 38713729 336896
41.9294 38715177 338432
41.9306 38716625 338432
41.9318 38718073 338432
41.933 38719521 338432
41.9342 38720969 338432
41.9354 38722417 338432
41.9366 38723865 338432
41.9378 38725313 338432
41.939 38726761 338432
41.9402 38728209 338432
41.9414 38729657 338432
41.9426 38731105 338432
41.9438 38732553 338432
41.945 38734001 338432
41.9462 38735449 338432
41.9475 38736897 338432
41.9487 38738345 338432
41.9499 38739793 338432
41.9511 38741241 338432
41.9523 38742689 338432
41.9535 38744137 338432
41.9547 38745585 339968
41.9559 38747033 339968
41.9571 38748481 339968
41.9583 38749929 339968
41.9595 38751377 339968
41.9607 38752825 339968
41.9619 38754273 339968
41.9631 38755721 339968
41.9643 38757169 339968
41.9655 38758617 339968
41.9667 38760065 339968
41.9679 38761513 339968
41.9691 38762961 339968
41.9703 38764409 339968
41.9715 38765857 339968
41.9727 38767305 339968
41.9739 38768753 339968
41.9751 38770201 339968
41.9763 38771649 339968
41.9775 38773097 339968
41.9787 38774545 339968
41.9799 38775993 339968
41.9811 38777441 339968
41.9823 38778889 341504
41.9835 38780337 341504
41.9847 38781785 341504
41.9859 38783233 341504
41.9871 38784681 341504
41.9883 38786129 341504
41.9895 38787577 341504
41.9907 38789025 341504
41.9919 38790473 341504
41.9931 38791921 341504
41.9943 38793369 341504
41.9955 38794817 341504
41.9967 38796265 341504
41.9979 38797713 341504
41.9991 38799161 341504
42.0003 38800609 341504
42.0015 38802057 341504
42.0027 38803505 341504
42.0039 38804953 341504
42.0051 38806401 343040
42.0063 38807849 343040
42.0075 38809297 343040
42.0087 38810745 343040
42.0099 38812193 343040
42.0111 38813641 343040
42.0123 38815089 343040
42.0135 38816537 343040
42.0147 38817985 343040
42.0159 38819433 343040
42.0171 38820881 343040
42.0183 38822329 343040
42.0195 38823777 343040
42.0207 38825225 343040
42.022 38826673 343040
42.0232 38828121 343040
42.0244 38829569 343040
42.0256 38831017 343040
42.0268 38832465 343040
42.028 38833913 343040
42.0292 38835361 343040
42.0304 38836809 344576
42.0316 38838257 344576
42.0328 38839705 344576
42.034 38841153 344576
42.0352 38842601 344576
42.0364 38844049 344576
42.0376 38845497 344576
42.0388 38846945 344576
42.04 38848393 344576
42.0412 38849841 344576
42.0424 38851289 344576
42.0436 38852737 344576
42.0448 38854185 344576
42.046 38855633 344576
42.0472 38857081 344576
42.0484 38858529 344576
42.0496 38859977 344576
42.0508 38861425 344576
42.052 38862873 344576
42.0532 38864321 345600
42.0544 38865769 345600
42.0556 38867217 345600
42.0568 38868665 345600
42.058 38870113 345600
42.0592 38871561 345600
42.0604 38873009 345600
42.0616 38874457 345600
42.0628 38875905 345600
42.064 38877353 345600
42.0652 38878801 345600
42.0664 38880249 345600
42.0676 38881697 345600
42.0688 38883145 345600
42.07 38884593 345600
42.0712 38886041 345600
42.0724 38887489 345600
42.0736 38888937 345600
42.0748 38890385 345600
42.076 38891833 345600
42.0772 38893281 345600
42.0784 38894729 347136
42.0796 38896177 347136
42.0808 38897625 347136
42.082 38899073 347136
42.0832 38900521 347136
42.0844 38901969 347136
42.0856 38903417 347136
42.0868 38904865 347136
42.088 38906313 347136
42.0892 38907761 347136
42.0904 38909209 347136
42.0916 38910657 347136
42.0928 38912105 347136
42.094 38913553 347136
42.0952 38915001 347136
42.0964 38916449 347136
42.0977 38917897 347136
42.0989 38919345 347136
42.1001 38920793 347136
42.1013 38922241 347136
42.1025 38923689 347136
42.1037 38925137 348672
42.1049 38926585 348672
42.1061 38928033 348672
42.1073 38929481 348672
42.1085 38930929 348672
42.1097 38932377 348672
42.1109 38933825 348672
42.1121 38935273 348672
42.1133 38936721 348672
42.1145 38938169 348672
42.1157 38939617 348672
42.1169 38941065 348672
42.1181 38942513 348672
42.1193 38943961 348672
42.1205 38945409 348672
42.1217 38946857 348672
42.1229 38948305 348672
42.1241 38949753 350208
42.1253 38951201 350208
42.1265 38952649 350208
42.1277 38954097 350208
42.1289 38955545 350208
42.1301 38956993 350208
42.1313 38958441 350208
42.1325 38959889 350208
42.1337 38961337 350208
42.1349 38962785 350208
42.1361 38964233 350208
42.1373 38965681 350208
42.1385 38967129 350208
42.1397 38968577 350208
42.1409 38970025 350208
42.1421 38971473 350208
42.1433 38972921 350208
42.1445 38974369 350208
42.1457 38975817 350208
42.1469 38977265 351744
42.1481 38978713 351744
42.1493 38980161 351744
42.1505 38981609 351744
42.1517 38983057 351744
42.1529 38984505 351744
42.1541 38985953 351744
42.1553 38987401 351744
42.1565 38988849 351744
42.1577 38990297 351744
42.1589 38991745 351744
42.1601 38993193 351744
42.1613 38994641 351744
42.1625 38996089 351744
42.1637 38997537 351744
42.1649 38998985 351744
42.1661 39000433 351744
42.1673 39001881 351744
42.1685 39003329 351744
42.1697 39004777 353280
42.1709 39006225 353280
42.1722 39007673 353280
42.1734 39009121 353280
42.1746 39010569 353280
42.1758 39012017 353280
42.177 38657257 348672
42.1782 38658705 347136
42.1794 38660153 346624
42.1806 39013465 346112
42.1818 39014913 345088
42.183 39016361 344576
42.1842 39017809 343552
42.1854 39019257 343552
42.3836 39258177 247296
42.3848 39259625 247296
42.386 39261073 247296
42.3872 39262521 247296
42.3884 39263969 247296
42.3896 39265417 247296
42.3908 39266865 247296
42.392 39268313 247296
42.3932 39269761 247296
42.3944 39271209 247296
42.3956 39272657 247296
42.3968 39274105 247296
42.3981 39275553 247296
42.3993 39277001 247296
42.4005 39278449 247296
42.4017 39279897 247296
42.4029 39281345 247296
42.4041 39282793 247296
42.4053 39284241 247296
42.4065 39285689 247296
42.4077 39287137 247296
42.4089 39288585 247296
42.4101 39290033 247296
42.4113 39291481 247296
42.4125 39292929 247296
42.4137 39294377 247296
42.4149 39295825 247296
42.4161 39297273 247296
42.4173 39298721 247296
42.4185 39300169 247296
42.4197 39301617 247296
42.4209 39303065 247296
42.4221 39304513 247296
42.4233 39305961 247296
42.4245 39307409 247296
42.4257 39308857 247296
42.4269 39310305 247296
42.4281 39311753 247296
42.4293 39313201 247296
42.4305 39314649 247296
42.4317 39316097 247296
42.4329 39317545 247296
42.4341 39318993 247296
42.4353 39320441 247296
42.4365 39321889 247296
42.4377 39323337 247296
42.4389 39324785 247296
42.4401 39326233 247296
42.4413 39327681 247296
42.4425 39329129 247296
42.4437 39330577 247296
42.4449 39332025 247296
42.4461 39333473 247296
42.4473 39334921 247296
42.4485 39336369 248832
42.4497 39337817 248832
42.4509 39339265 248832
42.4521 39340713 248832
42.4533 39342161 248832
42.4545 39343609 248832
42.4557 39345057 248832
42.4569 39346505 248832
42.4581 39347953 248832
42.4593 39349401 248832
42.4605 39350849 248832
42.4617 39352297 248832
42.4629 39353745 248832
42.4641 39355193 248832
42.4653 39356641 248832
42.4665 39358089 248832
42.4677 39359537 248832
42.4689 39360985 248832
42.4701 39362433 248832
42.4713 39363881 248832
42.4726 39365329 248832
42.4738 39366777 248832
42.475 39368225 248832
42.4762 39369673 248832
42.4774 39371121 248832
42.4786 39372569 248832
42.4798 39374017 248832
42.481 39375465 248832
42.4822 39376913 248832
42.4834 39378361 248832
42.4846 39379809 248832
42.4858 39381257 248832
42.487 39382705 248832
42.4882 39384153 248832
42.4894 39385601 248832
42.4906 39387049 248832
42.4918 39388497 248832
42.493 39389945 248832
42.4942 39391393 248832
42.4954 39392841 248832
42.4966 39394289 248832
42.4978 39395737 248832
42.499 39397185 248832
42.5002 39398633 250368
42.5014 39400081 250368
42.5026 39401529 250368
42.5038 39402977 250368
42.505 39404425 250368
42.5062 39405873 250368
42.5074 39407321 250368
42.5086 39408769 250368
42.5098 39410217 250368
42.511 39411665 250368
42.5122 39413113 250368
42.5134 39414561 250368
42.5146 39416009 250368
42.5158 39417457 250368
42.517 39418905 250368
42.5182 39420353 250368
42.5194 39421801 250368
42.5206 39423249 250368
42.5218 39424697 250368
42.523 39426145 250368
42.5242 39427593 250368
42.5254 39429041 250368
42.5266 39430489 250368
42.5278 39431937 250368
42.529 39433385 250368
42.5302 39434833 250368
42.5314 39436281 250368
42.5326 39437729 250368
42.5338 39439177 250368
42.535 39440625 250368
42.5362 39442073 250368
42.5374 39443521 250368
42.5386 39444969 250368
42.5398 39446417 250368
42.541 39447865 250368
42.5422 39449313 250368
42.5434 39450761 250368
42.5446 39452209 250368
42.5458 39453657 250368
42.547 39455105 250368
42.5483 39456553 250368
42.5495 39458001 250368
42.5507 39459449 250368
42.5519 39460897 250368
42.5531 39462345 250368
42.5543 39463793 250368
42.5555 39465241 250368
42.5567 39466689 250368
42.5579 39468137 250368
42.5591 39469585 250368
42.5603 39471033 250368
42.5615 39472481 250368
42.5627 39473929 250368
42.5639 39475377 250368
42.5651 39476825 250368
42.5663 39478273 250368
42.5675 39479721 250368
42.5687 39481169 250368
42.5699 39482617 250368
42.5711 39484065 250368
42.5723 39485513 250368
42.5735 39486961 250368
42.5747 39488409 250368
42.5759 39489857 250368
42.5771 39491305 250368
42.5783 39492753 250368
42.5795 39494201 250368
42.5807 39495649 251904
42.5819 39497097 251904
42.5831 39498545 251904
42.5843 39499993 251904
42.5855 39501441 251904
42.5867 39502889 251904
42.5879 39504337 251904
42.5891 39505785 251904
42.5903 39507233 251904
42.5915 39508681 251904
42.5927 39510129 251904
42.5939 39511577 251904
42.5951 39513025 251904
42.5963 39514473 251904
42.5975 39515921 251904
42.5987 39517369 251904
42.5999 39518817 251904
42.6011 39520265 251904
42.6023 39521713 251904
42.6035 39523161 251904
42.6047 39524609 251904
42.6059 39526057 251904
42.6071 39527505 251904
42.6083 39528953 251904
42.6095 39530401 251904
42.6107 39531849 251904
42.6119 39533297 251904
42.6131 39534745 251904
42.6143 39536193 251904
42.6155 39537641 251904
42.6167 39539089 251904
42.6179 39540537 251904
42.6191 39541985 251904
42.6203 39543433 251904
42.6215 39544881 251904
42.6228 39546329 251904
42.624 39547777 251904
42.6252 39549225 251904
42.6264 39550673 251904
42.6276 39552121 251904
42.6288 39553569 251904
42.63 39555017 251904
42.6312 39556465 251904
42.6324 39557913 251904
42.6336 39559361 251904
42.6348 39560809 251904
42.636 39562257 251904
42.6372 39563705 251904
42.6384 39565153 251904
42.6396 39566601 251904
42.6408 39568049 251904
42.642 39569497 252928
42.6432 39570945 252928
42.6444 39572393 252928
42.6456 39573841 252928
42.6468 39575289 252928
42.648 39576737 252928
42.6492 39578185 252928
42.6504 39579633 252928
42.6516 39581081 252928
42.6528 39582529 252928
42.654 39583977 252928
42.6552 39585425 252928
42.6564 39586873 252928
42.6576 39588321 252928
42.6588 39589769 252928
42.66 39591217 252928
42.6612 39592665 252928
42.6624 39594113 252928
42.6636 39595561 252928
42.6648 39597009 252928
42.666 39598457 252928
42.6672 39599905 252928
42.6684 39601353 252928
42.6696 39602801 252928
42.6708 39604249 252928
42.672 39605697 252928
42.6732 39607145 252928
42.6744 39608593 252928
42.6756 39610041 252928
42.6768 39611489 252928
42.678 39612937 252928
42.6792 39614385 252928
42.6804 39615833 252928
42.6816 39617281 252928
42.6828 39618729 252928
42.684 39620177 252928
42.6852 39621625 252928
42.6864 39623073 252928
42.6876 39624521 252928
42.6888 39625969 252928
42.69 39627417 252928
42.6912 39628865 252928
42.6924 39630313 252928
42.6936 39631761 252928
42.6948 39633209 252928
42.696 39634657 252928
42.6972 39636105 252928
42.6985 39637553 252928
42.6997 39639001 252928
42.7009 39640449 252928
42.7021 39641897 252928
42.7033 39643345 252928
42.7045 39644793 252928
42.7057 39646241 252928
42.7069 39647689 252928
42.7081 39649137 252928
42.7093 39650585 252928
42.7105 39652033 252928
42.7117 39653481 252928
42.7129 39654929 254464
42.7141 39656377 254464
42.7153 39657825 254464
42.7165 39659273 254464
42.7177 39660721 254464
42.7189 39662169 254464
42.7201 39663617 254464
42.7213 39665065 254464
42.7225 39666513 254464
42.7237 39667961 254464
42.7249 39669409 254464
42.7261 39670857 254464
42.7273 39672305 254464
42.7285 39673753 254464
42.7297 39675201 254464
42.7309 39676649 254464
42.7321 39678097 254464
42.7333 39679545 254464
42.7345 39680993 254464
42.7357 39682441 254464
42.7369 39683889 254464
42.7381 39685337 254464
42.7393 39686785 254464
42.7405 39688233 254464
42.7417 39689681 254464
42.7429 39691129 254464
42.7441 39692577 254464
42.7453 39694025 254464
42.7465 39695473 254464
42.7477 39696921 254464
42.7489 39698369 254464
42.7501 39699817 254464
42.7513 39701265 254464
42.7525 39702713 254464
42.7537 39704161 254464
42.7549 39705609 254464
42.7561 39707057 254464
42.7573 39708505 254464
42.7585 39709953 254464
42.7597 39711401 254464
42.7609 39712849 254464
42.7621 39714297 254464
42.7633 39715745 254464
42.7645 39717193 254464
42.7657 39718641 254464
42.7669 39720089 254464
42.7681 39721537 254464
42.7693 39722985 254464
42.7705 39724433 254464
42.7717 39725881 256000
42.773 39727329 256000
42.7742 39728777 256000
42.7754 39730225 256000
42.7766 39731673 256000
42.7778 39733121 256000
42.779 39734569 256000
42.7802 39736017 256000
42.7814 39737465 256000
42.7826 39738913 256000
42.7838 39740361 256000
42.785 39741809 256000
42.7862 39743257 256000
42.7874 39744705 256000
42.7886 39746153 256000
42.7898 39747601 256000
42.791 39749049 256000
42.7922 39750497 256000
42.7934 39751945 256000
42.7946 39753393 256000
42.7958 39754841 256000
42.797 39756289 256000
42.7982 39757737 256000
42.7994 39759185 256000
42.8006 39760633 256000
42.8018 39762081 256000
42.803 39763529 256000
42.8042 39764977 256000
42.8054 39766425 256000
42.8066 39767873 256000
42.8078 39769321 256000
42.809 39770769 256000
42.8102 39772217 256000
42.8114 39773665 256000
42.8126 39775113 256000
42.8138 39776561 256000
42.815 39778009 256000
42.8162 39779457 256000
42.8174 39780905 256000
42.8186 39782353 256000
42.8198 39783801 256000
42.821 39785249 256000
42.8222 39786697 256000
42.8234 39788145 257536
42.8246 39789593 257536
42.8258 39791041 257536
42.827 39792489 257536
42.8282 39793937 257536
42.8294 39795385 257536
42.8306 39796833 257536
42.8318 39798281 257536
42.833 39799729 257536
42.8342 39801177 257536
42.8354 39802625 257536
42.8366 39804073 257536
42.8378 39805521 257536
42.839 39806969 257536
42.8402 39808417 257536
42.8414 39809865 257536
42.8426 39811313 257536
42.8438 39812761 257536
42.845 39814209 257536
42.8462 39815657 257536
42.8474 39817105 257536
42.8487 39818553 257536
42.8499 39820001 257536
42.8511 39821449 257536
42.8523 39822897 257536
42.8535 39824345 257536
42.8547 39825793 257536
42.8559 39827241 257536
42.8571 39828689 257536
42.8583 39830137 257536
42.8595 39831585 257536
42.8607 39833033 257536
42.8619 39834481 257536
42.8631 39835929 257536
42.8643 39837377 257536
42.8655 39838825 257536
42.8667 39840273 257536
42.8679 39841721 257536
42.8691 39843169 257536
42.8703 39844617 257536
42.8715 39846065 257536
42.8727 39847513 257536
42.8739 39848961 257536
42.8751 39850409 259072
42.8763 39851857 259072
42.8775 39853305 259072
42.8787 39854753 259072
42.8799 39856201 259072
42.8811 39857649 259072
42.8823 39859097 259072
42.8835 39860545 259072
42.8847 39861993 259072
42.8859 39863441 259072
42.8871 39864889 259072
42.8883 39866337 259072
42.8895 39867785 259072
42.8907 39869233 259072
42.8919 39870681 259072
42.8931 39872129 259072
42.8943 39873577 259072
42.8955 39875025 259072
42.8967 39876473 259072
42.8979 39877921 259072
42.8991 39879369 259072
42.9003 39880817 259072
42.9015 39882265 259072
42.9027 39883713 259072
42.9039 39885161 259072
42.9051 39886609 259072
42.9063 39888057 259072
42.9075 39889505 259072
42.9087 39890953 259072
42.9099 39892401 259072
42.9111 39893849 259072
42.9123 39895297 259072
42.9135 39896745 259072
42.9147 39898193 259072
42.9159 39899641 259072
42.9171 39901089 259072
42.9183 39902537 259072
42.9195 39903985 259072
42.9207 39905433 259072
42.9219 39906881 259072
42.9232 39908329 259072
42.9244 39909777 259072
42.9256 39911225 259072
42.9268 39912673 259072
42.928 39914121 259072
42.9292 39915569 260608
42.9304 39917017 260608
42.9316 39918465 260608
42.9328 39919913 260608
42.934 39921361 260608
42.9352 39922809 260608
42.9364 39924257 260608
42.9376 39925705 260608
42.9388 39927153 260608
42.94 39928601 260608
42.9412 39930049 260608
42.9424 39931497 260608
42.9436 39932945 260608
42.9448 39934393 260608
42.946 39935841 260608
42.9472 39937289 260608
42.9484 39938737 260608
42.9496 39940185 260608
42.9508 39941633 260608
42.952 39943081 260608
42.9532 39944529 260608
42.9544 39945977 260608
42.9556 39947425 260608
42.9568 39948873 260608
42.958 39950321 260608
42.9592 39951769 260608
42.9604 39953217 260608
42.9616 39954665 260608
42.9628 39956113 260608
42.964 39957561 260608
42.9652 39959009 260608
42.9664 39960457 260608
42.9676 39961905 260608
42.9688 39963353 260608
42.97 39964801 260608
42.9712 39966249 260608
42.9724 39967697 260608
42.9736 39969145 260608
42.9748 39970593 260608
42.976 39972041 260608
42.9772 39973489 260608
42.9784 39974937 260608
42.9796 39976385 260608
42.9808 39977833 260608
42.982 39979281 260608
42.9832 39980729 261632
42.9844 39982177 261632
42.9856 39983625 261632
42.9868 39985073 261632
42.988 39986521 261632
42.9892 39987969 261632
42.9904 39989417 261632
42.9916 39990865 261632
42.9928 39992313 261632
42.994 39993761 261632
42.9952 39995209 261632
42.9964 39996657 261632
42.9976 39998105 261632
42.9989 39999553 261632
43.0001 40001001 261632
43.0013 40002449 261632
43.0025 40003897 261632
43.0037 40005345 261632
43.0049 40006793 261632
43.0061 40008241 261632
43.0073 40009689 261632
43.0085 40011137 261632
43.0097 40012585 261632
43.0109 40014033 261632
43.0121 40015481 261632
43.0133 40016929 261632
43.0145 40018377 261632
43.0157 40019825 261632
43.0169 40021273 261632
43.0181 40022721 261632
43.0193 40024169 261632
43.0205 40025617 261632
43.0217 40027065 261632
43.0229 40028513 261632
43.0241 40029961 261632
43.0253 40031409 261632
43.0265 40032857 261632
43.0277 40034305 261632
43.0289 40035753 261632
43.0301 40037201 261632
43.0313 40038649 261632
43.0325 40040097 261632
43.0337 40041545 261632
43.0349 40042993 261632
43.0361 40044441 261632
43.0373 40045889 261632
43.0385 40047337 261632
43.0397 40048785 263168
43.0409 40050233 263168
43.0421 40051681 263168
43.0433 40053129 263168
43.0445 40054577 263168
43.0457 40056025 263168
43.0469 40057473 263168
43.0481 40058921 263168
43.0493 40060369 263168
43.0505 40061817 263168
43.0517 40063265 263168
43.0529 40064713 263168
43.0541 40066161 263168
43.0553 40067609 263168
43.0565 40069057 263168
43.0577 40070505 263168
43.0589 40071953 263168
43.0601 40073401 263168
43.0613 40074849 263168
43.0625 40076297 263168
43.0637 40077745 263168
43.0649 40079193 263168
43.0661 40080641 263168
43.0673 40082089 263168
43.0685 40083537 263168
43.0697 40084985 263168
43.0709 40086433 263168
43.0721 40087881 263168
43.0734 40089329 263168
43.0746 40090777 263168
43.0758 40092225 263168
43.077 40093673 263168
43.0782 40095121 263168
43.0794 40096569 263168
43.0806 40098017 263168
43.0818 40099465 263168
43.083 40100913 263168
43.0842 40102361 263168
43.0854 40103809 263168
43.0866 40105257 263168
43.0878 40106705 263168
43.089 40108153 263168
43.0902 40109601 263168
43.0914 40111049 263168
43.0926 40112497 263168
43.0938 40113945 263168
43.095 40115393 263168
43.0962 40116841 264704
43.0974 40118289 264704
43.0986 40119737 264704
43.0998 40121185 264704
43.101 40122633 264704
43.1022 40124081 264704
43.1034 40125529 264704
43.1046 40126977 264704
43.1058 40128425 264704
43.107 40129873 264704
43.1082 40131321 264704
43.1094 40132769 264704
43.1106 40134217 264704
43.1118 40135665 264704
43.113 40137113 264704
43.1142 40138561 264704
43.1154 40140009 264704
43.1166 40141457 264704
43.1178 40142905 264704
43.119 40144353 264704
43.1202 40145801 264704
43.1214 40147249 264704
43.1226 40148697 264704
43.1238 40150145 264704
43.125 40151593 264704
43.1262 40153041 264704
43.1274 40154489 264704
43.1286 40155937 264704
43.1298 40157385 264704
43.131 40158833 264704
43.1322 40160281 264704
43.1334 40161729 264704
43.1346 40163177 264704
43.1358 40164625 264704
43.137 40166073 264704
43.1382 40167521 264704
43.1394 40168969 264704
43.1406 40170417 264704
43.1418 40171865 264704
43.143 40173313 264704
43.1442 40174761 264704
43.1454 40176209 264704
43.1466 40177657 264704
43.1478 40179105 264704
43.1491 40180553 264704
43.1503 40182001 264704
43.1515 40183449 264704
43.1527 40184897 264704
43.1539 40186345 264704
43.1551 40187793 264704
43.1563 40189241 264704
43.1575 40190689 266240
43.1587 40192137 266240
43.1599 40193585 266240
43.1611 40195033 266240
43.1623 40196481 266240
43.1635 40197929 266240
43.1647 40199377 266240
43.1659 40200825 266240
43.1671 40202273 266240
43.1683 40203721 266240
43.1695 40205169 266240
43.1707 40206617 266240
43.1719 40208065 266240
43.1731 40209513 266240
43.1743 40210961 266240
43.1755 40212409 266240
43.1767 40213857 266240
43.1779 40215305 266240
43.1791 40216753 266240
43.1803 40218201 266240
43.1815 40219649 266240
43.1827 40221097 266240
43.1839 40222545 266240
43.1851 40223993 266240
43.1863 40225441 266240
43.1875 40226889 266240
43.1887 40228337 266240
43.1899 40229785 266240
43.1911 40231233 266240
43.1923 40232681 266240
43.1935 40234129 266240
43.1947 40235577 266240
43.1959 40237025 266240
43.1971 40238473 266240
43.1983 40239921 266240
43.1995 40241369 266240
43.2007 40242817 266240
43.2019 40244265 266240
43.2031 40245713 266240
43.2043 40247161 266240
43.2055 40248609 266240
43.2067 40250057 266240
43.2079 40251505 266240
43.2091 40252953 266240
43.2103 40254401 266240
43.2115 40255849 266240
43.2127 40257297 266240
43.2139 40258745 266240
43.2151 40260193 266240
43.2163 40261641 266240
43.2175 40263089 266240
43.2187 40264537 267776
43.2199 40265985 267776
43.2211 40267433 267776
43.2223 40268881 267776
43.2236 40270329 267776
43.2248 40271777 267776
43.226 40273225 267776
43.2272 40274673 267776
43.2284 40276121 267776
43.2296 40277569 267776
43.2308 40279017 267776
43.232 40280465 267776
43.2332 40281913 267776
43.2344 40283361 267776
43.2356 40284809 267776
43.2368 40286257 267776
43.238 40287705 267776
43.2392 40289153 267776
43.2404 40290601 267776
43.2416 40292049 267776
43.2428 40293497 267776
43.244 40294945 267776
43.2452 40296393 267776
43.2464 40297841 267776
43.2476 40299289 267776
43.2488 40300737 267776
43.25 40302185 267776
43.2512 40303633 267776
43.2524 40305081 267776
43.2536 40306529 267776
43.2548 40307977 267776
43.256 40309425 267776
43.2572 40310873 267776
43.2584 40312321 267776
43.2596 40313769 267776
43.2608 40315217 267776
43.262 40316665 267776
43.2632 40318113 267776
43.2644 40319561 267776
43.2656 40321009 267776
43.2668 40322457 267776
43.268 40323905 267776
43.2692 40325353 267776
43.2704 40326801 267776
43.2716 40328249 267776
43.2728 40329697 267776
43.274 40331145 267776
43.2752 40332593 267776
43.2764 40334041 267776
43.2776 40335489 267776
43.2788 40336937 267776
43.28 40338385 269312
43.2812 40339833 269312
43.2824 40341281 269312
43.2836 40342729 269312
43.2848 40344177 269312
43.286 40345625 269312
43.2872 40347073 269312
43.2884 40348521 269312
43.2896 40349969 269312
43.2908 40351417 269312
43.292 40352865 269312
43.2932 40354313 269312
43.2944 40355761 269312
43.2956 40357209 269312
43.2968 40358657 269312
43.298 40360105 269312
43.2993 40361553 269312
43.3005 40363001 269312
43.3017 40364449 269312
43.3029 40365897 269312
43.3041 40367345 269312
43.3053 40368793 269312
43.3065 40370241 269312
43.3077 40371689 269312
43.3089 40373137 269312
43.3101 40374585 269312
43.3113 40376033 269312
43.3125 40377481 269312
43.3137 40378929 269312
43.3149 40380377 269312
43.3161 40381825 269312
43.3173 40383273 269312
43.3185 40384721 269312
43.3197 40386169 269312
43.3209 40387617 269312
43.3221 40389065 269312
43.3233 40390513 269312
43.3245 40391961 269312
43.3257 40393409 269312
43.3269 40394857 269312
43.3281 40396305 269312
43.3293 40397753 269312
43.3305 40399201 269312
43.3317 40400649 269312
43.3329 40402097 269312
43.3341 40403545 269312
43.3353 40404993 269312
43.3365 40406441 269312
43.3377 40407889 269312
43.3389 40409337 269312
43.3401 40410785 269312
43.3413 40412233 269312
43.3425 40413681 269312
43.3437 40415129 269312
43.3449 40416577 269312
43.3461 40418025 269312
43.3473 40419473 269312
43.3485 40420921 270336
43.3497 40422369 270336
43.3509 40423817 270336
43.3521 40425265 270336
43.3533 40426713 270336
43.3545 40428161 270336
43.3557 40429609 270336
43.3569 40431057 270336
43.3581 40432505 270336
43.3593 40433953 270336
43.3605 40435401 270336
43.3617 40436849 270336
43.3629 40438297 270336
43.3641 40439745 270336
43.3653 40441193 270336
43.3665 40442641 270336
43.3677 40444089 270336
43.3689 40445537 270336
43.3701 40446985 270336
43.3713 40448433 270336
43.3725 40449881 270336
43.3738 40451329 270336
43.375 40452777 270336
43.3762 40454225 270336
43.3774 40455673 270336
43.3786 40457121 270336
43.3798 40458569 270336
43.381 40460017 270336
43.3822 40461465 270336
43.3834 40462913 270336
43.3846 40464361 270336
43.3858 40465809 270336
43.387 40467257 270336
43.3882 40468705 270336
43.3894 40470153 270336
43.3906 40471601 270336
43.3918 40473049 270336
43.393 40474497 270336
43.3942 40475945 270336
43.3954 40477393 270336
43.3966 40478841 270336
43.3978 40480289 270336
43.399 40481737 270336
43.4002 40483185 270336
43.4014 40484633 270336
43.4026 40486081 270336
43.4038 40487529 270336
43.405 40488977 270336
43.4062 40490425 270336
43.4074 40491873 270336
43.4086 40493321 270336
43.4098 40494769 270336
43.411 40496217 270336
43.4122 40497665 271872
43.4134 40499113 271872
43.4146 40500561 271872
43.4158 40502009 271872
43.417 40503457 271872
43.4182 40504905 271872
43.4194 40506353 271872
43.4206 40507801 271872
43.4218 40509249 271872
43.423 40510697 271872
43.4242 40512145 271872
43.4254 40513593 271872
43.4266 40515041 271872
43.4278 40516489 271872
43.429 40517937 271872
43.4302 40519385 271872
43.4314 40520833 271872
43.4326 40522281 271872
43.4338 40523729 271872
43.435 40525177 271872
43.4362 40526625 271872
43.4374 40528073 271872
43.4386 40529521 271872
43.4398 40530969 271872
43.441 40532417 271872
43.4422 40533865 271872
43.4434 40535313 271872
43.4446 40536761 271872
43.4458 40538209 271872
43.447 40539657 271872
43.4482 40541105 271872
43.4495 40542553 271872
43.4507 40544001 271872
43.4519 40545449 271872
43.4531 40546897 271872
43.4543 40548345 271872
43.4555 40549793 271872
43.4567 40551241 271872
43.4579 40552689 271872
43.4591 40554137 271872
43.4603 40555585 271872
43.4615 40557033 271872
43.4627 40558481 271872
43.4639 40559929 271872
43.4651 40561377 271872
43.4663 40562825 271872
43.4675 40564273 271872
43.4687 40565721 271872
43.4699 40567169 271872
43.4711 40568617 271872
43.4723 40570065 271872
43.4735 40571513 271872
43.4747 40572961 271872
43.4759 40574409 271872
43.4771 40575857 271872
43.4783 40577305 271872
43.4795 40578753 271872
43.4807 40580201 271872
43.4819 40581649 271872
43.4831 40583097 271872
43.4843 40584545 271872
43.4855 40585993 271872
43.4867 40587441 271872
43.4879 40588889 273408
43.4891 40590337 273408
43.4903 40591785 273408
43.4915 40593233 273408
43.4927 40594681 273408
43.4939 40596129 273408
43.4951 40597577 273408
43.4963 40599025 273408
43.4975 40600473 273408
43.4987 40601921 273408
43.4999 40603369 273408
43.5011 40604817 273408
43.5023 40606265 273408
43.5035 40607713 273408
43.5047 40609161 273408
43.5059 40610609 273408
43.5071 40612057 273408
43.5083 40613505 273408
43.5095 40614953 273408
43.5107 40616401 273408
43.5119 40617849 273408
43.5131 40619297 273408
43.5143 40620745 273408
43.5155 40622193 273408
43.5167 40623641 273408
43.5179 40625089 273408
43.5191 40626537 273408
43.5203 40627985 273408
43.5215 40629433 273408
43.5227 40630881 273408
43.524 40632329 273408
43.5252 40633777 273408
43.5264 40635225 273408
43.5276 40636673 273408
43.5288 40638121 273408
43.53 40639569 273408
43.5312 40641017 273408
43.5324 40642465 273408
43.5336 40643913 273408
43.5348 40645361 273408
43.536 40646809 273408
43.5372 40648257 273408
43.5384 40649705 273408
43.5396 40651153 273408
43.5408 40652601 273408
43.542 40654049 273408
43.5432 40655497 273408
43.5444 40656945 273408
43.5456 40658393 273408
43.5468 40659841 274944
43.548 40661289 274944
43.5492 40662737 274944
43.5504 40664185 274944
43.5516 40665633 274944
43.5528 40667081 274944
43.554 40668529 274944
43.5552 40669977 274944
43.5564 40671425 274944
43.5576 40672873 274944
43.5588 40674321 274944
43.56 40675769 274944
43.5612 40677217 274944
43.5624 40678665 274944
43.5636 40680113 274944
43.5648 40681561 274944
43.566 40683009 274944
43.5672 40684457 274944
43.5684 40685905 274944
43.5696 40687353 274944
43.5708 40688801 274944
43.572 40690249 274944
43.5732 40691697 274944
43.5744 40693145 274944
43.5756 40694593 274944
43.5768 40696041 274944
43.578 40697489 274944
43.5792 40698937 274944
43.5804 40700385 274944
43.5816 40701833 274944
43.5828 40703281 274944
43.584 40704729 274944
43.5852 40706177 274944
43.5864 40707625 274944
43.5876 40709073 274944
43.5888 40710521 274944
43.59 40711969 274944
43.5912 40713417 274944
43.5924 40714865 274944
43.5936 40716313 274944
43.5948 40717761 274944
43.596 40719209 274944
43.5972 40720657 274944
43.5984 40722105 274944
43.5997 40723553 274944
43.6009 40725001 274944
43.6021 40726449 274944
43.6033 40727897 274944
43.6045 40729345 274944
43.6057 40730793 274944
43.6069 40732241 274944
43.6081 40733689 274944
43.6093 40735137 274944
43.6105 40736585 274944
43.6117 40738033 274944
43.6129 40739481 274944
43.6141 40740929 274944
43.6153 40742377 274944
43.6165 40743825 274944
43.6177 40745273 274944
43.6189 40746721 274944
43.6201 40748169 274944
43.6213 40749617 274944
43.6225 40751065 274944
43.6237 40752513 274944
43.6249 40753961 276480
43.6261 40755409 276480
43.6273 40756857 276480
43.6285 40758305 276480
43.6297 40759753 276480
43.6309 40761201 276480
43.6321 40762649 276480
43.6333 40764097 276480
43.6345 40765545 276480
43.6357 40766993 276480
43.6369 40768441 276480
43.6381 40769889 276480
43.6393 40771337 276480
43.6405 40772785 276480
43.6417 40774233 276480
43.6429 40775681 276480
43.6441 40777129 276480
43.6453 40778577 276480
43.6465 40780025 276480
43.6477 40781473 276480
43.6489 40782921 276480
43.6501 40784369 276480
43.6513 40785817 276480
43.6525 40787265 276480
43.6537 40788713 276480
43.6549 40790161 276480
43.6561 40791609 276480
43.6573 40793057 276480
43.6585 40794505 276480
43.6597 40795953 276480
43.6609 40797401 276480
43.6621 40798849 276480
43.6633 40800297 276480
43.6645 40801745 276480
43.6657 40803193 276480
43.6669 40804641 276480
43.6681 40806089 276480
43.6693 40807537 276480
43.6705 40808985 276480
43.6717 40810433 276480
43.6729 40811881 276480
43.6742 40813329 276480
43.6754 40814777 276480
43.6766 40816225 276480
43.6778 40817673 276480
43.679 40819121 276480
43.6802 40820569 276480
43.6814 40822017 276480
43.6826 40823465 276480
43.6838 40824913 276480
43.685 40826361 276480
43.6862 40827809 276480
43.6874 40829257 276480
43.6886 40830705 276480
43.6898 40832153 276480
43.691 40833601 276480
43.6922 40835049 276480
43.6934 40836497 276480
43.6946 40837945 276480
43.6958 40839393 276480
43.697 40840841 276480
43.6982 40842289 276480
43.6994 40843737 276480
43.7006 40845185 278016
43.7018 40846633 278016
43.703 40848081 278016
43.7042 40849529 278016
43.7054 40850977 278016
43.7066 40852425 278016
43.7078 40853873 278016
43.709 40855321 278016
43.7102 40856769 278016
43.7114 40858217 278016
43.7126 40859665 278016
43.7138 40861113 278016
43.715 40862561 278016
43.7162 40864009 278016
43.7174 40865457 278016
43.7186 40866905 278016
43.7198 40868353 278016
43.721 40869801 278016
43.7222 40871249 278016
43.7234 40872697 278016
43.7246 40874145 278016
43.7258 40875593 278016
43.727 40877041 278016
43.7282 40878489 278016
43.7294 40879937 278016
43.7306 40881385 278016
43.7318 40882833 278016
43.733 40884281 278016
43.7342 40885729 278016
43.7354 40887177 278016
43.7366 40888625 278016
43.7378 40890073 278016
43.739 40891521 278016
43.7402 40892969 278016
43.7414 40894417 278016
43.7426 40895865 278016
43.7438 40897313 278016
43.745 40898761 278016
43.7462 40900209 278016
43.7474 40901657 278016
43.7486 40903105 278016
43.7499 40904553 278016
43.7511 40906001 278016
43.7523 40907449 278016
43.7535 40908897 278016
43.7547 40910345 278016
43.7559 40911793 278016
43.7571 40913241 278016
43.7583 40914689 278016
43.7595 40916137 278016
43.7607 40917585 278016
43.7619 40919033 278016
43.7631 40920481 278016
43.7643 40921929 278016
43.7655 40923377 278016
43.7667 40924825 278016
43.7679 40926273 278016
43.7691 40927721 278016
43.7703 40929169 278016
43.7715 40930617 278016
43.7727 40932065 278016
43.7739 40933513 278016
43.7751 40934961 278016
43.7763 40936409 278016
43.7775 40937857 278016
43.7787 40939305 279040
43.7799 40940753 279040
43.7811 40942201 279040
43.7823 40943649 279040
43.7835 40945097 279040
43.7847 40946545 279040
43.7859 40947993 279040
43.7871 40949441 279040
43.7883 40950889 279040
43.7895 40952337 279040
43.7907 40953785 279040
43.7919 40955233 279040
43.7931 40956681 279040
43.7943 40958129 279040
43.7955 40959577 279040
43.7967 40961025 279040
43.7979 40962473 279040
43.7991 40963921 279040
43.8003 40965369 279040
43.8015 40966817 279040
43.8027 40968265 279040
43.8039 40969713 279040
43.8051 40971161 279040
43.8063 40972609 279040
43.8075 40974057 279040
43.8087 40975505 279040
43.8099 40976953 279040
43.8111 40978401 279040
43.8123 40979849 279040
43.8135 40981297 279040
43.8147 40982745 279040
43.8159 40984193 279040
43.8171 40985641 279040
43.8183 40987089 279040
43.8195 40988537 279040
43.8207 40989985 279040
43.8219 40991433 279040
43.8231 40992881 279040
43.8244 40994329 279040
43.8256 40995777 279040
43.8268 40997225 279040
43.828 40998673 279040
43.8292 41000121 279040
43.8304 41001569 279040
43.8316 41003017 279040
43.8328 41004465 279040
43.834 41005913 279040
43.8352 41007361 279040
43.8364 41008809 279040
43.8376 41010257 279040
43.8388 41011705 279040
43.84 41013153 279040
43.8412 41014601 279040
43.8424 41016049 279040
43.8436 41017497 279040
43.8448 41018945 279040
43.846 41020393 279040
43.8472 41021841 279040
43.8484 41023289 279040
43.8496 41024737 279040
43.8508 41026185 279040
43.852 41027633 279040
43.8532 41029081 279040
43.8544 41030529 279040
43.8556 41031977 279040
43.8568 41033425 280576
43.858 41034873 280576
43.8592 41036321 280576
43.8604 41037769 280576
43.8616 41039217 280576
43.8628 41040665 280576
43.864 41042113 280576
43.8652 41043561 280576
43.8664 41045009 280576
43.8676 41046457 280576
43.8688 41047905 280576
43.87 41049353 280576
43.8712 41050801 280576
43.8724 41052249 280576
43.8736 41053697 280576
43.8748 41055145 280576
43.876 41056593 280576
43.8772 41058041 280576
43.8784 41059489 280576
43.8796 41060937 280576
43.8808 41062385 280576
43.882 41063833 280576
43.8832 41065281 280576
43.8844 41066729 280576
43.8856 41068177 280576
43.8868 41069625 280576
43.888 41071073 280576
43.8892 41072521 280576
43.8904 41073969 280576
43.8916 41075417 280576
43.8928 41076865 280576
43.894 41078313 280576
43.8952 41079761 280576
43.8964 41081209 280576
43.8976 41082657 280576
43.8988 41084105 280576
43.9001 41085553 280576
43.9013 41087001 280576
43.9025 41088449 280576
43.9037 41089897 280576
43.9049 41091345 280576
43.9061 41092793 280576
43.9073 41094241 280576
43.9085 41095689 280576
43.9097 41097137 280576
43.9109 41098585 280576
43.9121 41100033 280576
43.9133 41101481 280576
43.9145 41102929 280576
43.9157 41104377 280576
43.9169 41105825 280576
43.9181 41107273 280576
43.9193 41108721 280576
43.9205 41110169 280576
43.9217 41111617 280576
43.9229 41113065 280576
43.9241 41114513 280576
43.9253 41115961 280576
43.9265 41117409 280576
43.9277 41118857 280576
43.9289 41120305 280576
43.9301 41121753 280576
43.9313 41123201 280576
43.9325 41124649 280576
43.9337 41126097 280576
43.9349 41127545 282112
43.9361 41128993 282112
43.9373 41130441 282112
43.9385 41131889 282112
43.9397 41133337 282112
43.9409 41134785 282112
43.9421 41136233 282112
43.9433 41137681 282112
43.9445 41139129 282112
43.9457 41140577 282112
43.9469 41142025 282112
43.9481 41143473 282112
43.9493 41144921 282112
43.9505 41146369 282112
43.9517 41147817 282112
43.9529 41149265 282112
43.9541 41150713 282112
43.9553 41152161 282112
43.9565 41153609 282112
43.9577 41155057 282112
43.9589 41156505 282112
43.9601 41157953 282112
43.9613 41159401 282112
43.9625 41160849 282112
43.9637 41162297 282112
43.9649 41163745 282112
43.9661 41165193 282112
43.9673 41166641 282112
43.9685 41168089 282112
43.9697 41169537 282112
43.9709 41170985 282112
43.9721 41172433 282112
43.9733 41173881 282112
43.9746 41175329 282112
43.9758 41176777 282112
43.977 41178225 282112
43.9782 41179673 282112
43.9794 41181121 282112
43.9806 41182569 282112
43.9818 41184017 282112
43.983 41185465 282112
43.9842 41186913 282112
43.9854 41188361 282112
43.9866 41189809 282112
43.9878 41191257 282112
43.989 41192705 282112
43.9902 41194153 282112
43.9914 41195601 282112
43.9926 41197049 282112
43.9938 41198497 282112
43.995 41199945 282112
43.9962 41201393 282112
43.9974 41202841 282112
43.9986 41204289 282112
43.9998 41205737 282112
44.001 41207185 282112
44.0022 41208633 282112
44.0034 41210081 282112
44.0046 41211529 282112
44.0058 41212977 282112
44.007 41214425 282112
44.0082 41215873 282112
44.0094 41217321 282112
44.0106 41218769 282112
44.0118 41220217 282112
44.013 41221665 282112
44.0142 41223113 282112
44.0154 41224561 283648
44.0166 41226009 283648
44.0178 41227457 283648
44.019 41228905 283648
44.0202 41230353 283648
44.0214 41231801 283648
44.0226 41233249 283648
44.0238 41234697 283648
44.025 41236145 283648
44.0262 41237593 283648
44.0274 41239041 283648
44.0286 41240489 283648
44.0298 41241937 283648
44.031 41243385 283648
44.0322 41244833 283648
44.0334 41246281 283648
44.0346 41247729 283648
44.0358 41249177 283648
44.037 41250625 283648
44.0382 41252073 283648
44.0394 41253521 283648
44.0406 41254969 283648
44.0418 41256417 283648
44.043 41257865 283648
44.0442 41259313 283648
44.0454 41260761 283648
44.0466 41262209 283648
44.0478 41263657 283648
44.049 41265105 283648
44.0503 41266553 283648
44.0515 41268001 283648
44.0527 41269449 283648
44.0539 41270897 283648
44.0551 41272345 283648
44.0563 41273793 283648
44.0575 41275241 283648
44.0587 41276689 283648
44.0599 41278137 283648
44.0611 41279585 283648
44.0623 41281033 283648
44.0635 41282481 283648
44.0647 41283929 283648
44.0659 41285377 283648
44.0671 41286825 283648
44.0683 41288273 283648
44.0695 41289721 283648
44.0707 41291169 283648
44.0719 41292617 283648
44.0731 41294065 283648
44.0743 41295513 283648
44.0755 41296961 283648
44.0767 41298409 283648
44.0779 41299857 283648
44.0791 41301305 283648
44.0803 41302753 283648
44.0815 41304201 283648
44.0827 41305649 283648
44.0839 41307097 283648
44.0851 41308545 283648
44.0863 41309993 283648
44.0875 41311441 283648
44.0887 41312889 283648
44.0899 41314337 283648
44.0911 41315785 283648
44.0923 41317233 283648
44.0935 41318681 285184
44.0947 41320129 285184
44.0959 41321577 285184
44.0971 41323025 285184
44.0983 41324473 285184
44.0995 41325921 285184
44.1007 41327369 285184
44.1019 41328817 285184
44.1031 41330265 285184
44.1043 41331713 285184
44.1055 41333161 285184
44.1067 41334609 285184
44.1079 41336057 285184
44.1091 41337505 285184
44.1103 41338953 285184
44.1115 41340401 285184
44.1127 41341849 285184
44.1139 41343297 285184
44.1151 41344745 285184
44.1163 41346193 285184
44.1175 41347641 285184
44.1187 41349089 285184
44.1199 41350537 285184
44.1211 41351985 285184
44.1223 41353433 285184
44.1235 41354881 285184
44.1248 41356329 285184
44.126 41357777 285184
44.1272 41359225 285184
44.1284 41360673 285184
44.1296 41362121 285184
44.1308 41363569 285184
44.132 41365017 285184
44.1332 41366465 285184
44.1344 41367913 285184
44.1356 41369361 285184
44.1368 41370809 285184
44.138 41372257 285184
44.1392 41373705 285184
44.1404 41375153 285184
44.1416 41376601 285184
44.1428 41378049 285184
44.144 41379497 285184
44.1452 41380945 285184
44.1464 41382393 285184
44.1476 41383841 285184
44.1488 41385289 285184
44.15 41386737 285184
44.1512 41388185 285184
44.1524 41389633 285184
44.1536 41391081 285184
44.1548 41392529 285184
44.156 41393977 285184
44.1572 41395425 285184
44.1584 41396873 285184
44.1596 41398321 285184
44.1608 41399769 285184
44.162 41401217 285184
44.1632 41402665 285184
44.1644 41404113 285184
44.1656 41405561 285184
44.1668 41407009 285184
44.168 41408457 285184
44.1692 41409905 285184
44.1704 41411353 285184
44.1716 41412801 285184
44.1728 41414249 285184
44.174 41415697 285184
44.1752 41417145 285184
44.1764 41418593 285184
44.1776 41420041 285184
44.1788 41421489 285184
44.18 41422937 285184
44.1812 41424385 285184
44.1824 41425833 285184
44.1836 41427281 285184
44.1848 41428729 285184
44.186 41430177 285184
44.1872 41431625 285184
44.1884 41433073 285184
44.1896 41434521 285184
44.1908 41435969 285184
44.192 41437417 285184
44.1932 41438865 285184
44.1944 41440313 285184
44.1956 41441761 285184
44.1968 41443209 285184
44.198 41444657 285184
44.1992 41446105 285184
44.2005 41447553 285184
44.2017 41449001 285184
44.2029 41450449 286208
44.2041 41451897 286208
44.2053 41453345 286208
44.2065 41454793 286208
44.2077 41456241 286208
44.2089 41457689 286208
44.2101 41459137 286208
44.2113 41460585 286208
44.2125 41462033 286208
44.2137 41463481 286208
44.2149 41464929 286208
44.2161 41466377 286208
44.2173 41467825 286208
44.2185 41469273 286208
44.2197 41470721 286208
44.2209 41472169 286208
44.2221 41473617 286208
44.2233 41475065 286208
44.2245 41476513 286208
44.2257 41477961 286208
44.2269 41479409 286208
44.2281 41480857 286208
44.2293 41482305 286208
44.2305 41483753 286208
44.2317 41485201 286208
44.2329 41486649 286208
44.2341 41488097 286208
44.2353 41489545 286208
44.2365 41490993 286208
44.2377 41492441 286208
44.2389 41493889 286208
44.2401 41495337 286208
44.2413 41496785 286208
44.2425 41498233 286208
44.2437 41499681 286208
44.2449 41501129 286208
44.2461 41502577 286208
44.2473 41504025 286208
44.2485 41505473 286208
44.2497 41506921 286208
44.2509 41508369 286208
44.2521 41509817 286208
44.2533 41511265 286208
44.2545 41512713 286208
44.2557 41514161 286208
44.2569 41515609 286208
44.2581 41517057 286208
44.2593 41518505 286208
44.2605 41519953 286208
44.2617 41521401 286208
44.2629 41522849 286208
44.2641 41524297 286208
44.2653 41525745 286208
44.2665 41527193 286208
44.2677 41528641 286208
44.2689 41530089 286208
44.2701 41531537 286208
44.2713 41532985 286208
44.2725 41534433 286208
44.2737 41535881 286208
44.275 41537329 286208
44.2762 41538777 286208
44.2774 41540225 286208
44.2786 41541673 286208
44.2798 41543121 286208
44.281 41544569 286208
44.2822 41546017 286208
44.2834 41547465 286208
44.2846 41548913 286208
44.2858 41550361 286208
44.287 41551809 286208
44.2882 41553257 286208
44.2894 41554705 286208
44.2906 41556153 286208
44.2918 41557601 286208
44.293 41559049 287744
44.2942 41560497 287744
44.2954 41561945 287744
44.2966 41563393 287744
44.2978 41564841 287744
44.299 41566289 287744
44.3002 41567737 287744
44.3014 41569185 287744
44.3026 41570633 287744
44.3038 41572081 287744
44.305 41573529 287744
44.3062 41574977 287744
44.3074 41576425 287744
44.3086 41577873 287744
44.3098 41579321 287744
44.311 41580769 287744
44.3122 41582217 287744
44.3134 41583665 287744
44.3146 41585113 287744
44.3158 41586561 287744
44.317 41588009 287744
44.3182 41589457 287744
44.3194 41590905 287744
44.3206 41592353 287744
44.3218 41593801 287744
44.323 41595249 287744
44.3242 41596697 287744
44.3254 41598145 287744
44.3266 41599593 287744
44.3278 41601041 287744
44.329 41602489 287744
44.3302 41603937 287744
44.3314 41605385 287744
44.3326 41606833 287744
44.3338 41608281 287744
44.335 41609729 287744
44.3362 41611177 287744
44.3374 41612625 287744
44.3386 41614073 287744
44.3398 41615521 287744
44.341 41616969 287744
44.3422 41618417 287744
44.3434 41619865 287744
44.3446 41621313 287744
44.3458 41622761 287744
44.347 41624209 287744
44.3482 41625657 287744
44.3494 41627105 287744
44.3507 41628553 287744
44.3519 41630001 287744
44.3531 41631449 287744
44.3543 41632897 287744
44.3555 41634345 287744
44.3567 41635793 287744
44.3579 41637241 287744
44.3591 41638689 287744
44.3603 41640137 287744
44.3615 41641585 287744
44.3627 41643033 287744
44.3639 41644481 287744
44.3651 41645929 287744
44.3663 41647377 287744
44.3675 41648825 287744
44.3687 41650273 287744
44.3699 41651721 287744
44.3711 41653169 287744
44.3723 41654617 287744
44.3735 41656065 287744
44.3747 41657513 287744
44.3759 41658961 287744
44.3771 41660409 287744
44.3783 41661857 287744
44.3795 41663305 287744
44.3807 41664753 287744
44.3819 41666201 287744
44.3831 41667649 287744
44.3843 41669097 287744
44.3855 41670545 287744
44.3867 41671993 287744
44.3879 41673441 287744
44.3891 41674889 287744
44.3903 41676337 287744
44.3915 41677785 287744
44.3927 41679233 287744
44.3939 41680681 287744
44.3951 41682129 287744
44.3963 41683577 287744
44.3975 41685025 287744
44.3987 41686473 287744
44.3999 41687921 287744
44.4011 41689369 287744
44.4023 41690817 287744
44.4035 41692265 287744
44.4047 41693713 287744
44.4059 41695161 287744
44.4071 41696609 287744
44.4083 41698057 287744
44.4095 41699505 287744
44.4107 41700953 287744
44.4119 41702401 287744
44.4131 41703849 287744
44.4143 41705297 289280
44.4155 41706745 289280
44.4167 41708193 289280
44.4179 41709641 289280
44.4191 41711089 289280
44.4203 41712537 289280
44.4215 41713985 289280
44.4227 41715433 289280
44.4239 41716881 289280
44.4252 41718329 289280
44.4264 41719777 289280
44.4276 41721225 289280
44.4288 41722673 289280
44.43 41724121 289280
44.4312 41725569 289280
44.4324 41727017 289280
44.4336 41728465 289280
44.4348 41729913 289280
44.436 41731361 289280
44.4372 41732809 289280
44.4384 41734257 289280
44.4396 41735705 289280
44.4408 41737153 289280
44.442 41738601 289280
44.4432 41740049 289280
44.4444 41741497 289280
44.4456 41742945 289280
44.4468 41744393 289280
44.448 41745841 289280
44.4492 41747289 289280
44.4504 41748737 289280
44.4516 41750185 289280
44.4528 41751633 289280
44.454 41753081 289280
44.4552 41754529 289280
44.4564 41755977 289280
44.4576 41757425 289280
44.4588 41758873 289280
44.46 41760321 289280
44.4612 41761769 289280
44.4624 41763217 289280
44.4636 41764665 289280
44.4648 41766113 289280
44.466 41767561 289280
44.4672 41769009 289280
44.4684 41770457 289280
44.4696 41771905 289280
44.4708 41773353 289280
44.472 41774801 289280
44.4732 41776249 289280
44.4744 41777697 289280
44.4756 41779145 289280
44.4768 41780593 289280
44.478 41782041 289280
44.4792 41783489 289280
44.4804 41784937 289280
44.4816 41786385 289280
44.4828 41787833 289280
44.484 41789281 289280
44.4852 41790729 289280
44.4864 41792177 289280
44.4876 41793625 289280
44.4888 41795073 289280
44.49 41796521 289280
44.4912 41797969 289280
44.4924 41799417 289280
44.4936 41800865 289280
44.4948 41802313 289280
44.496 41803761 289280
44.4972 41805209 289280
44.4984 41806657 289280
44.4996 41808105 289280
44.5009 41809553 289280
44.5021 41811001 289280
44.5033 41812449 289280
44.5045 41813897 289280
44.5057 41815345 289280
44.5069 41816793 289280
44.5081 41818241 289280
44.5093 41819689 289280
44.5105 41821137 289280
44.5117 41822585 289280
44.5129 41824033 289280
44.5141 41825481 289280
44.5153 41826929 289280
44.5165 41828377 289280
44.5177 41829825 289280
44.5189 41831273 289280
44.5201 41832721 289280
44.5213 41834169 289280
44.5225 41835617 289280
44.5237 41837065 289280
44.5249 41838513 289280
44.5261 41839961 289280
44.5273 41841409 289280
44.5285 41842857 289280
44.5297 41844305 289280
44.5309 41845753 289280
44.5321 41847201 289280
44.5333 41848649 289280
44.5345 41850097 289280
44.5357 41851545 290816
44.5369 41852993 290816
44.5381 41854441 290816
44.5393 41855889 290816
44.5405 41857337 290816
44.5417 41858785 290816
44.5429 41860233 290816
44.5441 41861681 290816
44.5453 41863129 290816
44.5465 41864577 290816
44.5477 41866025 290816
44.5489 41867473 290816
44.5501 41868921 290816
44.5513 41870369 290816
44.5525 41871817 290816
44.5537 41873265 290816
44.5549 41874713 290816
44.5561 41876161 290816
44.5573 41877609 290816
44.5585 41879057 290816
44.5597 41880505 290816
44.5609 41881953 290816
44.5621 41883401 290816
44.5633 41884849 290816
44.5645 41886297 290816
44.5657 41887745 290816
44.5669 41889193 290816
44.5681 41890641 290816
44.5693 41892089 290816
44.5705 41893537 290816
44.5717 41894985 290816
44.5729 41896433 290816
44.5741 41897881 290816
44.5754 41899329 290816
44.5766 41900777 290816
44.5778 41902225 290816
44.579 41903673 290816
44.5802 41905121 290816
44.5814 41906569 290816
44.5826 41908017 290816
44.5838 41909465 290816
44.585 41910913 290816
44.5862 41912361 290816
44.5874 41913809 290816
44.5886 41915257 290816
44.5898 41916705 290816
44.591 41918153 290816
44.5922 41919601 290816
44.5934 41921049 290816
44.5946 41922497 290816
44.5958 41923945 290816
44.597 41925393 290816
44.5982 41926841 290816
44.5994 41928289 290816
44.6006 41929737 290816
44.6018 41931185 290816
44.603 41932633 290816
44.6042 41934081 290816
44.6054 41935529 290816
44.6066 41936977 290816
44.6078 41938425 290816
44.609 41939873 290816
44.6102 41941321 290816
44.6114 41942769 290816
44.6126 41944217 290816
44.6138 41945665 290816
44.615 41947113 290816
44.6162 41948561 290816
44.6174 41950009 290816
44.6186 41951457 290816
44.6198 41952905 290816
44.621 41954353 290816
44.6222 41955801 290816
44.6234 41957249 290816
44.6246 41958697 290816
44.6258 41960145 290816
44.627 41961593 290816
44.6282 41963041 290816
44.6294 41964489 290816
44.6306 41965937 290816
44.6318 41967385 290816
44.633 41968833 290816
44.6342 41970281 290816
44.6354 41971729 290816
44.6366 41973177 290816
44.6378 41974625 290816
44.639 41976073 290816
44.6402 41977521 290816
44.6414 41978969 290816
44.6426 41980417 290816
44.6438 41981865 290816
44.645 41983313 290816
44.6462 41984761 290816
44.6474 41986209 290816
44.6486 41987657 290816
44.6498 41989105 290816
44.6511 41990553 290816
44.6523 41992001 290816
44.6535 41993449 290816
44.6547 41994897 290816
44.6559 41996345 290816
44.6571 41997793 292352
44.6583 41999241 292352
44.6595 42000689 292352
44.6607 42002137 292352
44.6619 42003585 292352
44.6631 42005033 292352
44.6643 42006481 292352
44.6655 42007929 292352
44.6667 42009377 292352
44.6679 42010825 292352
44.6691 42012273 292352
44.6703 42013721 292352
44.6715 42015169 292352
44.6727 42016617 292352
44.6739 42018065 292352
44.6751 42019513 292352
44.6763 42020961 292352
44.6775 42022409 292352
44.6787 42023857 292352
44.6799 42025305 292352
44.6811 42026753 292352
44.6823 42028201 292352
44.6835 42029649 292352
44.6847 42031097 292352
44.6859 42032545 292352
44.6871 42033993 292352
44.6883 42035441 292352
44.6895 42036889 292352
44.6907 42038337 292352
44.6919 42039785 292352
44.6931 42041233 292352
44.6943 42042681 292352
44.6955 42044129 292352
44.6967 42045577 292352
44.6979 42047025 292352
44.6991 42048473 292352
44.7003 42049921 292352
44.7015 42051369 292352
44.7027 42052817 292352
44.7039 42054265 292352
44.7051 42055713 292352
44.7063 42057161 292352
44.7075 42058609 292352
44.7087 42060057 292352
44.7099 42061505 292352
44.7111 42062953 292352
44.7123 42064401 292352
44.7135 42065849 292352
44.7147 42067297 292352
44.7159 42068745 292352
44.7171 42070193 292352
44.7183 42071641 292352
44.7195 42073089 292352
44.7207 42074537 292352
44.7219 42075985 292352
44.7231 42077433 292352
44.7243 42078881 292352
44.7256 42080329 292352
44.7268 42081777 292352
44.728 42083225 292352
44.7292 42084673 292352
44.7304 42086121 292352
44.7316 42087569 292352
44.7328 42089017 292352
44.734 42090465 292352
44.7352 42091913 292352
44.7364 42093361 292352
44.7376 42094809 292352
44.7388 42096257 292352
44.74 42097705 292352
44.7412 42099153 292352
44.7424 42100601 292352
44.7436 42102049 292352
44.7448 42103497 292352
44.746 42104945 292352
44.7472 42106393 292352
44.7484 42107841 292352
44.7496 42109289 292352
44.7508 42110737 292352
44.752 42112185 292352
44.7532 42113633 292352
44.7544 42115081 292352
44.7556 42116529 292352
44.7568 42117977 292352
44.758 42119425 292352
44.7592 42120873 292352
44.7604 42122321 292352
44.7616 42123769 292352
44.7628 42125217 292352
44.764 42126665 292352
44.7652 42128113 292352
44.7664 42129561 292352
44.7676 42131009 292352
44.7688 42132457 292352
44.77 42133905 292352
44.7712 42135353 292352
44.7724 42136801 292352
44.7736 42138249 292352
44.7748 42139697 292352
44.776 42141145 292352
44.7772 42142593 292352
44.7784 42144041 293888
44.7796 42145489 293888
44.7808 42146937 293888
44.782 42148385 293888
44.7832 42149833 293888
44.7844 42151281 293888
44.7856 42152729 293888
44.7868 42154177 293888
44.788 42155625 293888
44.7892 42157073 293888
44.7904 42158521 293888
44.7916 42159969 293888
44.7928 42161417 293888
44.794 42162865 293888
44.7952 42164313 293888
44.7964 42165761 293888
44.7976 42167209 293888
44.7988 42168657 293888
44.8 42170105 293888
44.8013 42171553 293888
44.8025 42173001 293888
44.8037 42174449 293888
44.8049 42175897 293888
44.8061 42177345 293888
44.8073 42178793 293888
44.8085 42180241 293888
44.8097 42181689 293888
44.8109 42183137 293888
44.8121 42184585 293888
44.8133 42186033 293888
44.8145 42187481 293888
44.8157 42188929 293888
44.8169 42190377 293888
44.8181 42191825 293888
44.8193 42193273 293888
44.8205 42194721 293888
44.8217 42196169 293888
44.8229 42197617 293888
44.8241 42199065 293888
44.8253 42200513 293888
44.8265 42201961 293888
44.8277 42203409 293888
44.8289 42204857 293888
44.8301 42206305 293888
44.8313 42207753 293888
44.8325 42209201 293888
44.8337 42210649 293888
44.8349 42212097 293888
44.8361 42213545 293888
44.8373 42214993 293888
44.8385 42216441 293888
44.8397 42217889 293888
44.8409 42219337 293888
44.8421 42220785 293888
44.8433 42222233 293888
44.8445 42223681 293888
44.8457 42225129 293888
44.8469 42226577 293888
44.8481 42228025 293888
44.8493 42229473 293888
44.8505 42230921 293888
44.8517 42232369 293888
44.8529 42233817 293888
44.8541 42235265 293888
44.8553 42236713 293888
44.8565 42238161 293888
44.8577 42239609 293888
44.8589 42241057 293888
44.8601 42242505 293888
44.8613 42243953 293888
44.8625 42245401 293888
44.8637 42246849 293888
44.8649 42248297 293888
44.8661 42249745 293888
44.8673 42251193 293888
44.8685 42252641 293888
44.8697 42254089 293888
44.8709 42255537 293888
44.8721 42256985 293888
44.8733 42258433 293888
44.8745 42259881 293888
44.8758 42261329 293888
44.877 42262777 293888
44.8782 42264225 293888
44.8794 42265673 293888
44.8806 42267121 293888
44.8818 42268569 293888
44.883 42270017 293888
44.8842 42271465 293888
44.8854 42272913 293888
44.8866 42274361 293888
44.8878 42275809 293888
44.889 42277257 293888
44.8902 42278705 293888
44.8914 42280153 293888
44.8926 42281601 293888
44.8938 42283049 293888
44.895 42284497 293888
44.8962 42285945 293888
44.8974 42287393 293888
44.8986 42288841 293888
44.8998 42290289 293888
44.901 42291737 293888
44.9022 42293185 293888
44.9034 42294633 293888
44.9046 42296081 293888
44.9058 42297529 293888
44.907 42298977 293888
44.9082 42300425 293888
44.9094 42301873 293888
44.9106 42303321 293888
44.9118 42304769 293888
44.913 42306217 293888
44.9142 42307665 293888
44.9154 42309113 293888
44.9166 42310561 293888
44.9178 42312009 293888
44.919 42313457 293888
44.9202 42314905 293888
44.9214 42316353 293888
44.9226 42317801 293888
44.9238 42319249 293888
44.925 42320697 293888
44.9262 42322145 293888
44.9274 42323593 293888
44.9286 42325041 293888
44.9298 42326489 293888
44.931 42327937 293888
44.9322 42329385 293888
44.9334 42330833 293888
44.9346 42332281 293888
44.9358 42333729 293888
44.937 42335177 293888
44.9382 42336625 293888
44.9394 42338073 293888
44.9406 42339521 293888
44.9418 42340969 293888
44.943 42342417 293888
44.9442 42343865 293888
44.9454 42345313 293888
44.9466 42346761 293888
44.9478 42348209 293888
44.949 42349657 293888
44.9502 42351105 293888
44.9515 42352553 293888
44.9527 42354001 293888
44.9539 42355449 293888
44.9551 42356897 293888
44.9563 42358345 293888
44.9575 42359793 293888
44.9587 42361241 293888
44.9599 42362689 293888
44.9611 42364137 293888
44.9623 42365585 293888
44.9635 42367033 293888
44.9647 42368481 293888
44.9659 42369929 293888
44.9671 42371377 294912
44.9683 42372825 294912
44.9695 42374273 294912
44.9707 42375721 294912
44.9719 42377169 294912
44.9731 42378617 294912
44.9743 42380065 294912
44.9755 42381513 294912
44.9767 42382961 294912
44.9779 42384409 294912
44.9791 42385857 294912
44.9803 42387305 294912
44.9815 42388753 294912
44.9827 42390201 294912
44.9839 42391649 294912
44.9851 42393097 294912
44.9863 42394545 294912
44.9875 42395993 294912
44.9887 42397441 294912
44.9899 42398889 294912
44.9911 42400337 294912
44.9923 42401785 294912
44.9935 42403233 294912
44.9947 42404681 294912
44.9959 42406129 294912
44.9971 42407577 294912
44.9983 42409025 294912
44.9995 42410473 294912
45.0007 42411921 294912
45.0019 42413369 294912
45.0031 42414817 294912
45.0043 42416265 294912
45.0055 42417713 294912
45.0067 42419161 294912
45.0079 42420609 294912
45.0091 42422057 294912
45.0103 42423505 294912
45.0115 42424953 294912
45.0127 42426401 294912
45.0139 42427849 294912
45.0151 42429297 294912
45.0163 42430745 294912
45.0175 42432193 294912
45.0187 42433641 294912
45.0199 42435089 294912
45.0211 42436537 294912
45.0223 42437985 294912
45.0235 42439433 294912
45.0247 42440881 294912
45.026 42442329 294912
45.0272 42443777 294912
45.0284 42445225 294912
45.0296 42446673 294912
45.0308 42448121 294912
45.032 42449569 294912
45.0332 42451017 294912
45.0344 42452465 294912
45.0356 42453913 294912
45.0368 42455361 294912
45.038 42456809 294912
45.0392 42458257 294912
45.0404 42459705 294912
45.0416 42461153 294912
45.0428 42462601 294912
45.044 42464049 294912
45.0452 42465497 294912
45.0464 42466945 294912
45.0476 42468393 294912
45.0488 42469841 294912
45.05 42471289 294912
45.0512 42472737 294912
45.0524 42474185 294912
45.0536 42475633 294912
45.0548 42477081 294912
45.056 42478529 294912
45.0572 42479977 294912
45.0584 42481425 294912
45.0596 42482873 294912
45.0608 42484321 294912
45.062 42485769 294912
45.0632 42487217 294912
45.0644 42488665 294912
45.0656 42490113 294912
45.0668 42491561 294912
45.068 42493009 294912
45.0692 42494457 294912
45.0704 42495905 294912
45.0716 42497353 294912
45.0728 42498801 294912
45.074 42500249 294912
45.0752 42501697 294912
45.0764 42503145 294912
45.0776 42504593 294912
45.0788 42506041 294912
45.08 42507489 294912
45.0812 42508937 294912
45.0824 42510385 294912
45.0836 42511833 294912
45.0848 42513281 294912
45.086 42514729 294912
45.0872 42516177 294912
45.0884 42517625 294912
45.0896 42519073 294912
45.0908 42520521 294912
45.092 42521969 294912
45.0932 42523417 294912
45.0944 42524865 294912
45.0956 42526313 294912
45.0968 42527761 294912
45.098 42529209 294912
45.0992 42530657 294912
45.1004 42532105 294912
45.1017 42533553 294912
45.1029 42535001 294912
45.1041 42536449 294912
45.1053 42537897 294912
45.1065 42539345 294912
45.1077 42540793 294912
45.1089 42542241 294912
45.1101 42543689 294912
45.1113 42545137 294912
45.1125 42546585 294912
45.1137 42548033 294912
45.1149 42549481 294912
45.1161 42550929 294912
45.1173 42552377 294912
45.1185 42553825 294912
45.1197 42555273 294912
45.1209 42556721 294912
45.1221 42558169 294912
45.1233 42559617 294912
45.1245 42561065 294912
45.1257 42562513 294912
45.1269 42563961 294912
45.1281 42565409 294912
45.1293 42566857 294912
45.1305 42568305 294912
45.1317 42569753 294912
45.1329 42571201 294912
45.1341 42572649 294912
45.1353 42574097 294912
45.1365 42575545 294912
45.1377 42576993 294912
45.1389 42578441 294912
45.1401 42579889 294912
45.1413 42581337 294912
45.1425 42582785 294912
45.1437 42584233 294912
45.1449 42585681 294912
45.1461 42587129 294912
45.1473 42588577 294912
45.1485 42590025 296448
45.1497 42591473 296448
45.1509 42592921 296448
45.1521 42594369 296448
45.1533 42595817 296448
45.1545 42597265 296448
45.1557 42598713 296448
45.1569 42600161 296448
45.1581 42601609 296448
45.1593 42603057 296448
45.1605 42604505 296448
45.1617 42605953 296448
45.1629 42607401 296448
45.1641 42608849 296448
45.1653 42610297 296448
45.1665 42611745 296448
45.1677 42613193 296448
45.1689 42614641 296448
45.1701 42616089 296448
45.1713 42617537 296448
45.1725 42618985 296448
45.1737 42620433 296448
45.1749 42621881 296448
45.1762 42623329 296448
45.1774 42624777 296448
45.1786 42626225 296448
45.1798 42627673 296448
45.181 42629121 296448
45.1822 42630569 296448
45.1834 42632017 296448
45.1846 42633465 296448
45.1858 42634913 296448
45.187 42636361 296448
45.1882 42637809 296448
45.1894 42639257 296448
45.1906 42640705 296448
45.1918 42642153 296448
45.193 42643601 296448
45.1942 42645049 296448
45.1954 42646497 296448
45.1966 42647945 296448
45.1978 42649393 296448
45.199 42650841 296448
45.2002 42652289 296448
45.2014 42653737 296448
45.2026 42655185 296448
45.2038 42656633 296448
45.205 42658081 296448
45.2062 42659529 296448
45.2074 42660977 296448
45.2086 42662425 296448
45.2098 42663873 296448
45.211 42665321 296448
45.2122 42666769 296448
45.2134 42668217 296448
45.2146 42669665 296448
45.2158 42671113 296448
45.217 42672561 296448
45.2182 42674009 296448
45.2194 42675457 296448
45.2206 42676905 296448
45.2218 42678353 296448
45.223 42679801 296448
45.2242 42681249 296448
45.2254 42682697 296448
45.2266 42684145 296448
45.2278 42685593 296448
45.229 42687041 296448
45.2302 42688489 296448
45.2314 42689937 296448
45.2326 42691385 296448
45.2338 42692833 296448
45.235 42694281 296448
45.2362 42695729 296448
45.2374 42697177 296448
45.2386 42698625 296448
45.2398 42700073 296448
45.241 42701521 296448
45.2422 42702969 296448
45.2434 42704417 296448
45.2446 42705865 296448
45.2458 42707313 296448
45.247 42708761 296448
45.2482 42710209 296448
45.2494 42711657 296448
45.2506 42713105 296448
45.2519 42714553 296448
45.2531 42716001 296448
45.2543 42717449 296448
45.2555 42718897 296448
45.2567 42720345 296448
45.2579 42721793 296448
45.2591 42723241 296448
45.2603 42724689 296448
45.2615 42726137 296448
45.2627 42727585 296448
45.2639 42729033 296448
45.2651 42730481 296448
45.2663 42731929 296448
45.2675 42733377 296448
45.2687 42734825 296448
45.2699 42736273 296448
45.2711 42737721 296448
45.2723 42739169 296448
45.2735 42740617 296448
45.2747 42742065 296448
45.2759 42743513 296448
45.2771 42744961 296448
45.2783 42746409 296448
45.2795 42747857 296448
45.2807 42749305 296448
45.2819 42750753 296448
45.2831 42752201 296448
45.2843 42753649 296448
45.2855 42755097 296448
45.2867 42756545 296448
45.2879 42757993 296448
45.2891 42759441 296448
45.2903 42760889 296448
45.2915 42762337 296448
45.2927 42763785 296448
45.2939 42765233 296448
45.2951 42766681 296448
45.2963 42768129 296448
45.2975 42769577 296448
45.2987 42771025 296448
45.2999 42772473 296448
45.3011 42773921 296448
45.3023 42775369 296448
45.3035 42776817 296448
45.3047 42778265 296448
45.3059 42779713 296448
45.3071 42781161 296448
45.3083 42782609 296448
45.3095 42784057 296448
45.3107 42785505 296448
45.3119 42786953 296448
45.3131 42788401 296448
45.3143 42789849 296448
45.3155 42791297 296448
45.3167 42792745 296448
45.3179 42794193 296448
45.3191 42795641 296448
45.3203 42797089 296448
45.3215 42798537 296448
45.3227 42799985 296448
45.3239 42801433 296448
45.3251 42802881 296448
45.3264 42804329 296448
45.3276 42805777 296448
45.3288 42807225 296448
45.33 42808673 296448
45.3312 42810121 296448
45.3324 42811569 296448
45.3336 42813017 296448
45.3348 42814465 296448
45.336 42815913 296448
45.3372 42817361 296448
45.3384 42818809 296448
45.3396 42820257 296448
45.3408 42821705 296448
45.342 42823153 296448
45.3432 42824601 296448
45.3444 42826049 296448
45.3456 42827497 296448
45.3468 42828945 296448
45.348 42830393 296448
45.3492 42831841 296448
45.3504 42833289 296448
45.3516 42834737 296448
45.3528 42836185 296448
45.354 42837633 296448
45.3552 42839081 296448
45.3564 42840529 296448
45.3576 42841977 296448
45.3588 42843425 296448
45.36 42844873 296448
45.3612 42846321 296448
45.3624 42847769 296448
45.3636 42849217 296448
45.3648 42850665 296448
45.366 42852113 296448
45.3672 42853561 296448
45.3684 42855009 296448
45.3696 42856457 296448
45.3708 42857905 296448
45.372 42859353 296448
45.3732 42860801 296448
45.3744 42862249 296448
45.3756 42863697 296448
45.3768 42865145 296448
45.378 42866593 296448
45.3792 42868041 296448
45.3804 42869489 296448
45.3816 42870937 296448
45.3828 42872385 296448
45.384 42873833 296448
45.3852 42875281 296448
45.3864 42876729 296448
45.3876 42878177 296448
45.3888 42879625 296448
45.39 42881073 296448
45.3912 42882521 296448
45.3924 42883969 296448
45.3936 42885417 296448
45.3948 42886865 297984
45.396 42888313 297984
45.3972 42889761 297984
45.3984 42891209 297984
45.3996 42892657 297984
45.4008 42894105 297984
45.4021 42895553 297984
45.4033 42897001 297984
45.4045 42898449 297984
45.4057 42899897 297984
45.4069 42901345 297984
45.4081 42902793 297984
45.4093 42904241 297984
45.4105 42905689 297984
45.4117 42907137 297984
45.4129 42908585 297984
45.4141 42910033 297984
45.4153 42911481 297984
45.4165 42912929 297984
45.4177 42914377 297984
45.4189 42915825 297984
45.4201 42917273 297984
45.4213 42918721 297984
45.4225 42920169 297984
45.4237 42921617 297984
45.4249 42923065 297984
45.4261 42924513 297984
45.4273 42925961 297984
45.4285 42927409 297984
45.4297 42928857 297984
45.4309 42930305 297984
45.4321 42931753 297984
45.4333 42933201 297984
45.4345 42934649 297984
45.4357 42936097 297984
45.4369 42937545 297984
45.4381 42938993 297984
45.4393 42940441 297984
45.4405 42941889 297984
45.4417 42943337 297984
45.4429 42944785 297984
45.4441 42946233 297984
45.4453 42947681 297984
45.4465 42949129 297984
45.4477 42950577 297984
45.4489 42952025 297984
45.4501 42953473 297984
45.4513 42954921 297984
45.4525 42956369 297984
45.4537 42957817 297984
45.4549 42959265 297984
45.4561 42960713 297984
45.4573 42962161 297984
45.4585 42963609 297984
45.4597 42965057 297984
45.4609 42966505 297984
45.4621 42967953 297984
45.4633 42969401 297984
45.4645 42970849 297984
45.4657 42972297 297984
45.4669 42973745 297984
45.4681 42975193 297984
45.4693 42976641 297984
45.4705 42978089 297984
45.4717 42979537 297984
45.4729 42980985 297984
45.4741 42982433 297984
45.4753 42983881 297984
45.4766 42985329 297984
45.4778 42986777 297984
45.479 42988225 297984
45.4802 42989673 297984
45.4814 42991121 297984
45.4826 42992569 297984
45.4838 42994017 297984
45.485 42995465 297984
45.4862 42996913 297984
45.4874 42998361 297984
45.4886 42999809 297984
45.4898 43001257 297984
45.491 43002705 297984
45.4922 43004153 297984
45.4934 43005601 297984
45.4946 43007049 297984
45.4958 43008497 297984
45.497 43009945 297984
45.4982 43011393 297984
45.4994 43012841 297984
45.5006 43014289 297984
45.5018 43015737 297984
45.503 43017185 297984
45.5042 43018633 297984
45.5054 43020081 297984
45.5066 43021529 297984
45.5078 43022977 297984
45.509 43024425 297984
45.5102 43025873 297984
45.5114 43027321 297984
45.5126 43028769 297984
45.5138 43030217 297984
45.515 43031665 297984
45.5162 43033113 297984
45.5174 43034561 297984
45.5186 43036009 297984
45.5198 43037457 297984
45.521 43038905 297984
45.5222 43040353 297984
45.5234 43041801 297984
45.5246 43043249 297984
45.5258 43044697 297984
45.527 43046145 297984
45.5282 43047593 297984
45.5294 43049041 297984
45.5306 43050489 297984
45.5318 43051937 297984
45.533 43053385 297984
45.5342 43054833 297984
45.5354 43056281 297984
45.5366 43057729 297984
45.5378 43059177 297984
45.539 43060625 297984
45.5402 43062073 297984
45.5414 43063521 297984
45.5426 43064969 297984
45.5438 43066417 297984
45.545 43067865 297984
45.5462 43069313 297984
45.5474 43070761 297984
45.5486 43072209 297984
45.5498 43073657 297984
45.551 43075105 297984
45.5523 43076553 297984
45.5535 43078001 297984
45.5547 43079449 297984
45.5559 43080897 297984
45.5571 43082345 297984
45.5583 43083793 297984
45.5595 43085241 297984
45.5607 43086689 297984
45.5619 43088137 297984
45.5631 43089585 297984
45.5643 43091033 297984
45.5655 43092481 297984
45.5667 43093929 297984
45.5679 43095377 297984
45.5691 43096825 297984
45.5703 43098273 297984
45.5715 43099721 297984
45.5727 43101169 297984
45.5739 43102617 297984
45.5751 43104065 297984
45.5763 43105513 297984
45.5775 43106961 297984
45.5787 43108409 297984
45.5799 43109857 297984
45.5811 43111305 297984
45.5823 43112753 297984
45.5835 43114201 297984
45.5847 43115649 297984
45.5859 43117097 297984
45.5871 43118545 297984
45.5883 43119993 297984
45.5895 43121441 297984
45.5907 43122889 297984
45.5919 43124337 297984
45.5931 43125785 297984
45.5943 43127233 297984
45.5955 43128681 297984
45.5967 43130129 297984
45.5979 43131577 297984
45.5991 43133025 297984
45.6003 43134473 297984
45.6015 43135921 297984
45.6027 43137369 297984
45.6039 43138817 297984
45.6051 43140265 297984
45.6063 43141713 297984
45.6075 43143161 297984
45.6087 43144609 297984
45.6099 43146057 297984
45.6111 43147505 297984
45.6123 43148953 297984
45.6135 43150401 297984
45.6147 43151849 297984
45.6159 43153297 297984
45.6171 43154745 297984
45.6183 43156193 297984
45.6195 43157641 297984
45.6207 43159089 297984
45.6219 43160537 297984
45.6231 43161985 297984
45.6243 43163433 297984
45.6255 43164881 297984
45.6268 43166329 297984
45.628 43167777 297984
45.6292 43169225 297984
45.6304 43170673 297984
45.6316 43172121 297984
45.6328 43173569 297984
45.634 43175017 297984
45.6352 43176465 297984
45.6364 43177913 297984
45.6376 43179361 297984
45.6388 43180809 297984
45.64 43182257 297984
45.6412 43183705 297984
45.6424 43185153 297984
45.6436 43186601 299520
45.6448 43188049 299520
45.646 43189497 299520
45.6472 43190945 299520
45.6484 43192393 299520
45.6496 43193841 299520
45.6508 43195289 299520
45.652 43196737 299520
45.6532 43198185 299520
45.6544 43199633 299520
45.6556 43201081 299520
45.6568 43202529 299520
45.658 43203977 299520
45.6592 43205425 299520
45.6604 43206873 299520
45.6616 43208321 299520
45.6628 43209769 299520
45.664 43211217 299520
45.6652 43212665 299520
45.6664 43214113 299520
45.6676 43215561 299520
45.6688 43217009 299520
45.67 43218457 299520
45.6712 43219905 299520
45.6724 43221353 299520
45.6736 43222801 299520
45.6748 43224249 299520
45.676 43225697 299520
45.6772 43227145 299520
45.6784 43228593 299520
45.6796 43230041 299520
45.6808 43231489 299520
45.682 43232937 299520
45.6832 43234385 299520
45.6844 43235833 299520
45.6856 43237281 299520
45.6868 43238729 299520
45.688 43240177 299520
45.6892 43241625 299520
45.6904 43243073 299520
45.6916 43244521 299520
45.6928 43245969 299520
45.694 43247417 299520
45.6952 43248865 299520
45.6964 43250313 299520
45.6976 43251761 299520
45.6988 43253209 299520
45.7 43254657 299520
45.7012 43256105 299520
45.7025 43257553 299520
45.7037 43259001 299520
45.7049 43260449 299520
45.7061 43261897 299520
45.7073 43263345 299520
45.7085 43264793 299520
45.7097 43266241 299520
45.7109 43267689 299520
45.7121 43269137 299520
45.7133 43270585 299520
45.7145 43272033 299520
45.7157 43273481 299520
45.7169 43274929 299520
45.7181 43276377 299520
45.7193 43277825 299520
45.7205 43279273 299520
45.7217 43280721 299520
45.7229 43282169 299520
45.7241 43283617 299520
45.7253 43285065 299520
45.7265 43286513 299520
45.7277 43287961 299520
45.7289 43289409 299520
45.7301 43290857 299520
45.7313 43292305 299520
45.7325 43293753 299520
45.7337 43295201 299520
45.7349 43296649 299520
45.7361 43298097 299520
45.7373 43299545 299520
45.7385 43300993 299520
45.7397 43302441 299520
45.7409 43303889 299520
45.7421 43305337 299520
45.7433 43306785 299520
45.7445 43308233 299520
45.7457 43309681 299520
45.7469 43311129 299520
45.7481 43312577 299520
45.7493 43314025 299520
45.7505 43315473 299520
45.7517 43316921 299520
45.7529 43318369 299520
45.7541 43319817 299520
45.7553 43321265 299520
45.7565 43322713 299520
45.7577 43324161 299520
45.7589 43325609 299520
45.7601 43327057 299520
45.7613 43328505 299520
45.7625 43329953 299520
45.7637 43331401 299520
45.7649 43332849 299520
45.7661 43334297 299520
45.7673 43335745 299520
45.7685 43337193 299520
45.7697 43338641 299520
45.7709 43340089 299520
45.7721 43341537 299520
45.7733 43342985 299520
45.7745 43344433 299520
45.7757 43345881 299520
45.777 43347329 299520
45.7782 43348777 299520
45.7794 43350225 299520
45.7806 43351673 299520
45.7818 43353121 299520
45.783 43354569 299520
45.7842 43356017 299520
45.7854 43357465 299520
45.7866 43358913 299520
45.7878 43360361 299520
45.789 43361809 299520
45.7902 43363257 299520
45.7914 43364705 299520
45.7926 43366153 299520
45.7938 43367601 299520
45.795 43369049 299520
45.7962 43370497 299520
45.7974 43371945 299520
45.7986 43373393 299520
45.7998 43374841 299520
45.801 43376289 299520
45.8022 43377737 299520
45.8034 43379185 299520
45.8046 43380633 299520
45.8058 43382081 299520
45.807 43383529 299520
45.8082 43384977 299520
45.8094 43386425 299520
45.8106 43387873 299520
45.8118 43389321 299520
45.813 43390769 299520
45.8142 43392217 299520
45.8154 43393665 299520
45.8166 43395113 299520
45.8178 43396561 299520
45.819 43398009 299520
45.8202 43399457 299520
45.8214 43400905 299520
45.8226 43402353 299520
45.8238 43403801 299520
45.825 43405249 299520
45.8262 43406697 299520
45.8274 43408145 299520
45.8286 43409593 299520
45.8298 43411041 299520
45.831 43412489 299520
45.8322 43413937 299520
45.8334 43415385 299520
45.8346 43416833 299520
45.8358 43418281 299520
45.837 43419729 299520
45.8382 43421177 299520
45.8394 43422625 299520
45.8406 43424073 299520
45.8418 43425521 299520
45.843 43426969 299520
45.8442 43428417 299520
45.8454 43429865 299520
45.8466 43431313 299520
45.8478 43432761 299520
45.849 43434209 299520
45.8502 43435657 299520
45.8514 43437105 299520
45.8527 43438553 299520
45.8539 43440001 299520
45.8551 43441449 299520
45.8563 43442897 299520
45.8575 43444345 299520
45.8587 43445793 299520
45.8599 43447241 299520
45.8611 43448689 299520
45.8623 43450137 299520
45.8635 43451585 299520
45.8647 43453033 299520
45.8659 43454481 299520
45.8671 43455929 299520
45.8683 43457377 299520
45.8695 43458825 299520
45.8707 43460273 299520
45.8719 43461721 299520
45.8731 43463169 299520
45.8743 43464617 299520
45.8755 43466065 299520
45.8767 43467513 299520
45.8779 43468961 299520
45.8791 43470409 299520
45.8803 43471857 299520
45.8815 43473305 299520
45.8827 43474753 299520
45.8839 43476201 299520
45.8851 43477649 299520
45.8863 43479097 299520
45.8875 43480545 299520
45.8887 43481993 299520
45.8899 43483441 299520
45.8911 43484889 299520
45.8923 43486337 299520
45.8935 43487785 299520
45.8947 43489233 299520
45.8959 43490681 299520
45.8971 43492129 299520
45.8983 43493577 299520
45.8995 43495025 299520
45.9007 43496473 299520
45.9019 43497921 299520
45.9031 43499369 299520
45.9043 43500817 299520
45.9055 43502265 299520
45.9067 43503713 299520
45.9079 43505161 299520
45.9091 43506609 299520
45.9103 43508057 299520
45.9115 43509505 299520
45.9127 43510953 299520
45.9139 43512401 299520
45.9151 43513849 299520
45.9163 43515297 299520
45.9175 43516745 299520
45.9187 43518193 299520
45.9199 43519641 299520
45.9211 43521089 299520
45.9223 43522537 299520
45.9235 43523985 299520
45.9247 43525433 299520
45.9259 43526881 299520
45.9272 43528329 299520
45.9284 43529777 299520
45.9296 43531225 299520
45.9308 43532673 299520
45.932 43534121 299520
45.9332 43535569 299520
45.9344 43537017 299520
45.9356 43538465 299520
45.9368 43539913 299520
45.938 43541361 299520
45.9392 43542809 299520
45.9404 43544257 299520
45.9416 43545705 299520
45.9428 43547153 299520
45.944 43548601 299520
45.9452 43550049 299520
45.9464 43551497 299520
45.9476 43552945 299520
45.9488 43554393 299520
45.95 43555841 299520
45.9512 43557289 299520
45.9524 43558737 299520
45.9536 43560185 299520
45.9548 43561633 299520
45.956 43563081 299520
45.9572 43564529 299520
45.9584 43565977 299520
45.9596 43567425 299520
45.9608 43568873 299520
45.962 43570321 299520
45.9632 43571769 299520
45.9644 43573217 299520
45.9656 43574665 299520
45.9668 43576113 299520
45.968 43577561 299520
45.9692 43579009 299520
45.9704 43580457 299520
45.9716 43581905 299520
45.9728 43583353 299520
45.974 43584801 299520
45.9752 43586249 299520
45.9764 43587697 299520
45.9776 43589145 299520
45.9788 43590593 299520
45.98 43592041 299520
45.9812 43593489 299520
45.9824 43594937 299520
45.9836 43596385 299520
45.9848 43597833 299520
45.986 43599281 299520
45.9872 43600729 299520
45.9884 43602177 299520
45.9896 43603625 299520
45.9908 43605073 299520
45.992 43606521 299520
45.9932 43607969 299520
45.9944 43609417 299520
45.9956 43610865 299520
45.9968 43612313 299520
45.998 43613761 299520
45.9992 43615209 299520
46.0004 43616657 299520
46.0016 43618105 299520
46.0029 43619553 299520
46.0041 43621001 299520
46.0053 43622449 299520
46.0065 43623897 299520
46.0077 43625345 299520
46.0089 43626793 299520
46.0101 43628241 299520
46.0113 43629689 299520
46.0125 43631137 299520
46.0137 43632585 299520
46.0149 43634033 299520
46.0161 43635481 299520
46.0173 43636929 299520
46.0185 43638377 299520
46.0197 43639825 299520
46.0209 43641273 299520
46.0221 43642721 299520
46.0233 43644169 299520
46.0245 43645617 299520
46.0257 43647065 299520
46.0269 43648513 299520
46.0281 43649961 299520
46.0293 43651409 299520
46.0305 43652857 299520
46.0317 43654305 299520
46.0329 43655753 299520
46.0341 43657201 299520
46.0353 43658649 299520
46.0365 43660097 299520
46.0377 43661545 299520
46.0389 43662993 299520
46.0401 43664441 299520
46.0413 43665889 299520
46.0425 43667337 299520
46.0437 43668785 299520
46.0449 43670233 299520
46.0461 43671681 299520
46.0473 43673129 299520
46.0485 43674577 299520
46.0497 43676025 299520
46.0509 43677473 299520
46.0521 43678921 299520
46.0533 43680369 299520
46.0545 43681817 299520
46.0557 43683265 299520
46.0569 43684713 299520
46.0581 43686161 299520
46.0593 43687609 299520
46.0605 43689057 299520
46.0617 43690505 299520
46.0629 43691953 299520
46.0641 43693401 299520
46.0653 43694849 299520
46.0665 43696297 299520
46.0677 43697745 299520
46.0689 43699193 299520
46.0701 43700641 299520
46.0713 43702089 299520
46.0725 43703537 299520
46.0737 43704985 299520
46.0749 43706433 299520
46.0761 43707881 299520
46.0774 43709329 299520
46.0786 43710777 299520
46.0798 43712225 299520
46.081 43713673 299520
46.0822 43715121 299520
46.0834 43716569 299520
46.0846 43718017 299520
46.0858 43719465 299520
46.087 43720913 299520
46.0882 43722361 299520
46.0894 43723809 299520
46.0906 43725257 299520
46.0918 43726705 299520
46.093 43728153 299520
46.0942 43729601 299520
46.0954 43731049 299520
46.0966 43732497 299520
46.0978 43733945 299520
46.099 43735393 299520
46.1002 43736841 299520
46.1014 43738289 299520
46.1026 43739737 299520
46.1038 43741185 299520
46.105 43742633 299520
46.1062 43744081 299520
46.1074 43745529 299520
46.1086 43746977 299520
46.1098 43748425 299520
46.111 43749873 299520
46.1122 43751321 299520
46.1134 43752769 299520
46.1146 43754217 299520
46.1158 43755665 299520
46.117 43757113 299520
46.1182 43758561 299520
46.1194 43760009 299520
46.1206 43761457 299520
46.1218 43762905 299520
46.123 43764353 299520
46.1242 43765801 299520
46.1254 43767249 299520
46.1266 43768697 299520
46.1278 43770145 299520
46.129 43771593 299520
46.1302 43773041 299520
46.1314 43774489 299520
46.1326 43775937 299520
46.1338 43777385 299520
46.135 43778833 299520
46.1362 43780281 299520
46.1374 43781729 299520
46.1386 43783177 299520
46.1398 43784625 299520
46.141 43786073 299520
46.1422 43787521 299520
46.1434 43788969 299520
46.1446 43790417 299520
46.1458 43791865 299520
46.147 43793313 299520
46.1482 43794761 299520
46.1494 43796209 299520
46.1506 43797657 299520
46.1518 43799105 299520
46.1531 43800553 299520
46.1543 43802001 299520
46.1555 43803449 299520
46.1567 43804897 299520
46.1579 43806345 299520
46.1591 43807793 299520
46.1603 43809241 299520
46.1615 43810689 299520
46.1627 43812137 299520
46.1639 43813585 299520
46.1651 43815033 299520
46.1663 43816481 299520
46.1675 43817929 299520
46.1687 43819377 299520
46.1699 43820825 299520
46.1711 43822273 299520
46.1723 43823721 299520
46.1735 43825169 299520
46.1747 43826617 299520
46.1759 43828065 299520
46.1771 43829513 299520
46.1783 43830961 299520
46.1795 43832409 299520
46.1807 43833857 299520
46.1819 43835305 299520
46.1831 43836753 299520
46.1843 43838201 299520
46.1855 43839649 299520
46.1867 43841097 299520
46.1879 43842545 299520
46.1891 43843993 299520
46.1903 43845441 299520
46.1915 43846889 299520
46.1927 43848337 299520
46.1939 43849785 299520
46.1951 43851233 299520
46.1963 43852681 299520
46.1975 43854129 299520
46.1987 43855577 299520
46.1999 43857025 299520
46.2011 43858473 299520
46.2023 43859921 299520
46.2035 43861369 299520
46.2047 43862817 299520
46.2059 43864265 299520
46.2071 43865713 299520
46.2083 43867161 299520
46.2095 43868609 299520
46.2107 43870057 299520
46.2119 43871505 299520
46.2131 43872953 299520
46.2143 43874401 299520
46.2155 43875849 299520
46.2167 43877297 299520
46.2179 43878745 299520
46.2191 43880193 299520
46.2203 43881641 299520
46.2215 43883089 299520
46.2227 43884537 299520
46.2239 43885985 299520
46.2251 43887433 299520
46.2263 43888881 299520
46.2276 43890329 299520
46.2288 43891777 299520
46.23 43893225 299520
46.2312 43894673 299520
46.2324 43896121 299520
46.2336 43897569 299520
46.2348 43899017 299520
46.236 43900465 299520
46.2372 43901913 299520
46.2384 43903361 299520
46.2396 43904809 299520
46.2408 43906257 299520
46.242 43907705 299520
46.2432 43909153 299520
46.2444 43910601 299520
46.2456 43912049 299520
46.2468 43913497 299520
46.248 43914945 299520
46.2492 43916393 299520
46.2504 43917841 299520
46.2516 43919289 299520
46.2528 43920737 299520
46.254 43922185 299520
46.2552 43923633 299520
46.2564 43925081 299520
46.2576 43926529 299520
46.2588 43927977 299520
46.26 43929425 299520
46.2612 43930873 299520
46.2624 43932321 299520
46.2636 43933769 299520
46.2648 43935217 299520
46.266 43936665 299520
46.2672 43938113 299520
46.2684 43939561 299520
46.2696 43941009 299520
46.2708 43942457 299520
46.272 43943905 299520
46.2732 43945353 299520
46.2744 43946801 299520
46.2756 43948249 299520
46.2768 43949697 299520
46.278 43951145 299520
46.2792 43952593 299520
46.2804 43954041 299520
46.2816 43955489 299520
46.2828 43956937 299520
46.284 43958385 299520
46.2852 43959833 299520
46.2864 43961281 299520
46.2876 43962729 299520
46.2888 43964177 299520
46.29 43965625 299520
46.2912 43967073 299520
46.2924 43968521 299520
46.2936 43969969 299520
46.2948 43971417 299520
46.296 43972865 299520
46.2972 43974313 299520
46.2984 43975761 299520
46.2996 43977209 299520
46.3008 43978657 299520
46.302 43980105 299520
46.3033 43981553 299520
46.3045 43983001 299520
46.3057 43984449 299520
46.3069 43985897 299520
46.3081 43987345 299520
46.3093 43988793 299520
46.3105 43990241 299520
46.3117 43991689 299520
46.3129 43993137 299520
46.3141 43994585 299520
46.3153 43996033 299520
46.3165 43997481 299520
46.3177 43998929 299520
46.3189 44000377 299520
46.3201 44001825 299520
46.3213 44003273 299520
46.3225 44004721 299520
46.3237 44006169 299520
46.3249 44007617 299520
46.3261 44009065 299520
46.3273 44010513 299520
46.3285 44011961 299520
46.3297 44013409 299520
46.3309 44014857 299520
46.3321 44016305 299520
46.3333 44017753 299520
46.3345 44019201 299520
46.3357 44020649 299520
46.3369 44022097 299520
46.3381 44023545 299520
46.3393 44024993 299520
46.3405 44026441 299520
46.3417 44027889 299520
46.3429 44029337 299520
46.3441 44030785 299520
46.3453 44032233 299520
46.3465 44033681 299520
46.3477 44035129 299520
46.3489 44036577 299520
46.3501 44038025 299520
46.3513 44039473 299520
46.3525 44040921 299520
46.3537 44042369 299520
46.3549 44043817 299520
46.3561 44045265 299520
46.3573 44046713 299520
46.3585 44048161 299520
46.3597 44049609 299520
46.3609 44051057 299520
46.3621 44052505 299520
46.3633 44053953 299520
46.3645 44055401 299520
46.3657 44056849 299520
46.3669 44058297 299520
46.3681 44059745 299520
46.3693 44061193 299520
46.3705 44062641 299520
46.3717 44064089 299520
46.3729 44065537 299520
46.3741 44066985 299520
46.3753 44068433 299520
46.3765 44069881 299520
46.3778 44071329 299520
46.379 44072777 299520
46.3802 44074225 299520
46.3814 44075673 299520
46.3826 44077121 299520
46.3838 44078569 299520
46.385 44080017 299520
46.3862 44081465 299520
46.3874 44082913 299520
46.3886 44084361 299520
46.3898 44085809 299520
46.391 44087257 299520
46.3922 44088705 299520
46.3934 44090153 299520
46.3946 44091601 299520
46.3958 44093049 299520
46.397 44094497 299520
46.3982 44095945 299520
46.3994 44097393 299520
46.4006 44098841 299520
46.4018 44100289 299520
46.403 44101737 299520
46.4042 44103185 299520
46.4054 44104633 299520
46.4066 44106081 299520
46.4078 44107529 299520
46.409 44108977 299520
46.4102 44110425 299520
46.4114 44111873 299520
46.4126 44113321 299520
46.4138 44114769 299520
46.415 44116217 299520
46.4162 44117665 299520
46.4174 44119113 299520
46.4186 44120561 299520
46.4198 44122009 299520
46.421 44123457 299520
46.4222 44124905 299520
46.4234 44126353 299520
46.4246 44127801 299520
46.4258 44129249 299520
46.427 44130697 299520
46.4282 44132145 299520
46.4294 44133593 299520
46.4306 44135041 299520
46.4318 44136489 299520
46.433 44137937 299520
46.4342 44139385 299520
46.4354 44140833 299520
46.4366 44142281 299520
46.4378 44143729 299520
46.439 44145177 299520
46.4402 44146625 299520
46.4414 44148073 299520
46.4426 44149521 299520
46.4438 44150969 299520
46.445 44152417 299520
46.4462 44153865 299520
46.4474 44155313 299520
46.4486 44156761 299520
46.4498 44158209 299520
46.451 44159657 299520
46.4522 44161105 299520
46.4535 44162553 299520
46.4547 44164001 299520
46.4559 44165449 299520
46.4571 44166897 299520
46.4583 44168345 299520
46.4595 44169793 299520
46.4607 44171241 299520
46.4619 44172689 299520
46.4631 44174137 299520
46.4643 44175585 299520
46.4655 44177033 299520
46.4667 44178481 299520
46.4679 44179929 299520
46.4691 44181377 299520
46.4703 44182825 299520
46.4715 44184273 299520
46.4727 44185721 299520
46.4739 44187169 299520
46.4751 44188617 299520
46.4763 44190065 299520
46.4775 44191513 299520
46.4787 44192961 299520
46.4799 44194409 299520
46.4811 44195857 299520
46.4823 44197305 299520
46.4835 44198753 299520
46.4847 44200201 299520
46.4859 44201649 299520
46.4871 44203097 299520
46.4883 44204545 299520
46.4895 44205993 299520
46.4907 44207441 299520
46.4919 44208889 299520
46.4931 44210337 299520
46.4943 44211785 299520
46.4955 44213233 299520
46.4967 44214681 299520
46.4979 44216129 299520
46.4991 44217577 299520
46.5003 44219025 299520
46.5015 44220473 299520
46.5027 44221921 299520
46.5039 44223369 299520
46.5051 44224817 299520
46.5063 44226265 299520
46.5075 44227713 299520
46.5087 44229161 299520
46.5099 44230609 299520
46.5111 44232057 299520
46.5123 44233505 299520
46.5135 44234953 299520
46.5147 44236401 299520
46.5159 44237849 299520
46.5171 44239297 299520
46.5183 44240745 299520
46.5195 44242193 299520
46.5207 44243641 299520
46.5219 44245089 299520
46.5231 44246537 299520
46.5243 44247985 299520
46.5255 44249433 299520
46.5267 44250881 299520
46.528 44252329 299520
46.5292 44253777 299520
46.5304 44255225 299520
46.5316 44256673 299520
46.5328 44258121 299520
46.534 44259569 299520
46.5352 44261017 299520
46.5364 44262465 299520
46.5376 44263913 299520
46.5388 44265361 299520
46.54 44266809 299520
46.5412 44268257 299520
46.5424 44269705 299520
46.5436 44271153 299520
46.5448 44272601 299520
46.546 44274049 299520
46.5472 44275497 299520
46.5484 44276945 299520
46.5496 44278393 299520
46.5508 44279841 299520
46.552 44281289 299520
46.5532 44282737 299520
46.5544 44284185 299520
46.5556 44285633 299520
46.5568 44287081 299520
46.558 44288529 299520
46.5592 44289977 299520
46.5604 44291425 299520
46.5616 44292873 299520
46.5628 44294321 299520
46.564 44295769 299520
46.5652 44297217 299520
46.5664 44298665 299520
46.5676 44300113 299520
46.5688 44301561 299520
46.57 44303009 299520
46.5712 44304457 299520
46.5724 44305905 299520
46.5736 44307353 299520
46.5748 44308801 299520
46.576 44310249 299520
46.5772 44311697 299520
46.5784 44313145 299520
46.5796 44314593 299520
46.5808 44316041 299520
46.582 44317489 299520
46.5832 44318937 299520
46.5844 44320385 299520
46.5856 44321833 299520
46.5868 44323281 299520
46.588 44324729 299520
46.5892 44326177 299520
46.5904 44327625 299520
46.5916 44329073 299520
46.5928 44330521 299520
46.594 44331969 299520
46.5952 44333417 299520
46.5964 44334865 299520
46.5976 44336313 299520
46.5988 44337761 299520
46.6 44339209 299520
46.6012 44340657 299520
46.6024 44342105 299520
46.6037 44343553 299520
46.6049 44345001 299520
46.6061 44346449 299520
46.6073 44347897 299520
46.6085 44349345 299520
46.6097 44350793 299520
46.6109 44352241 299520
46.6121 44353689 299520
46.6133 44355137 299520
46.6145 44356585 299520
46.6157 44358033 299520
46.6169 44359481 299520
46.6181 44360929 299520
46.6193 44362377 299520
46.6205 44363825 299520
46.6217 44365273 299520
46.6229 44366721 299520
46.6241 44368169 299520
46.6253 44369617 299520
46.6265 44371065 299520
46.6277 44372513 299520
46.6289 44373961 299520
46.6301 44375409 299520
46.6313 44376857 299520
46.6325 44378305 299520
46.6337 44379753 299520
46.6349 44381201 299520
46.6361 44382649 299520
46.6373 44384097 299520
46.6385 44385545 299520
46.6397 44386993 299520
46.6409 44388441 299520
46.6421 44389889 299520
46.6433 44391337 299520
46.6445 44392785 299520
46.6457 44394233 299520
46.6469 44395681 299520
46.6481 44397129 299520
46.6493 44398577 299520
46.6505 44400025 299520
46.6517 44401473 299520
46.6529 44402921 299520
46.6541 44404369 299520
46.6553 44405817 299520
46.6565 44407265 299520
46.6577 44408713 299520
46.6589 44410161 299520
46.6601 44411609 299520
46.6613 44413057 299520
46.6625 44414505 299520
46.6637 44415953 299520
46.6649 44417401 299520
46.6661 44418849 299520
46.6673 44420297 299520
46.6685 44421745 299520
46.6697 44423193 299520
46.6709 44424641 299520
46.6721 44426089 299520
46.6733 44427537 299520
46.6745 44428985 299520
46.6757 44430433 299520
46.6769 44431881 299520
46.6782 44433329 299520
46.6794 44434777 299520
46.6806 44436225 299520
46.6818 44437673 299520
46.683 44439121 299520
46.6842 44440569 299520
46.6854 44442017 299520
46.6866 44443465 299520
46.6878 44444913 299520
46.689 44446361 299520
46.6902 44447809 299520
46.6914 44449257 299520
46.6926 44450705 299520
46.6938 44452153 299520
46.695 44453601 299520
46.6962 44455049 299520
46.6974 44456497 299520
46.6986 44457945 299520
46.6998 44459393 299520
46.701 44460841 299520
46.7022 44462289 299520
46.7034 44463737 299520
46.7046 44465185 299520
46.7058 44466633 299520
46.707 44468081 299520
46.7082 44469529 299520
46.7094 44470977 299520
46.7106 44472425 299520
46.7118 44473873 299520
46.713 44475321 299520
46.7142 44476769 299520
46.7154 44478217 299520
46.7166 44479665 299520
46.7178 44481113 299520
46.719 44482561 299520
46.7202 44484009 299520
46.7214 44485457 299520
46.7226 44486905 299520
46.7238 44488353 299520
46.725 44489801 299520
46.7262 44491249 299520
46.7274 44492697 299520
46.7286 44494145 299520
46.7298 44495593 299520
46.731 44497041 299520
46.7322 44498489 299520
46.7334 44499937 299520
46.7346 44501385 299520
46.7358 44502833 299520
46.737 44504281 299520
46.7382 44505729 299520
46.7394 44507177 299520
46.7406 44508625 299520
46.7418 44510073 299520
46.743 44511521 299520
46.7442 44512969 299520
46.7454 44514417 299520
46.7466 44515865 299520
46.7478 44517313 299520
46.749 44518761 299520
46.7502 44520209 299520
46.7514 44521657 299520
46.7526 44523105 299520
46.7539 44524553 299520
46.7551 44526001 299520
46.7563 44527449 299520
46.7575 44528897 299520
46.7587 44530345 299520
46.7599 44531793 299520
46.7611 44533241 299520
46.7623 44534689 299520
46.7635 44536137 299520
46.7647 44537585 299520
46.7659 44539033 299520
46.7671 44540481 299520
46.7683 44541929 299520
46.7695 44543377 299520
46.7707 44544825 299520
46.7719 44546273 299520
46.7731 44547721 299520
46.7743 44549169 299520
46.7755 44550617 299520
46.7767 44552065 299520
46.7779 44553513 299520
46.7791 44554961 299520
46.7803 44556409 299520
46.7815 44557857 299520
46.7827 44559305 299520
46.7839 44560753 299520
46.7851 44562201 299520
46.7863 44563649 299520
46.7875 44565097 299520
46.7887 44566545 299520
46.7899 44567993 299520
46.7911 44569441 299520
46.7923 44570889 299520
46.7935 44572337 299520
46.7947 44573785 299520
46.7959 44575233 299520
46.7971 44576681 299520
46.7983 44578129 299520
46.7995 44579577 299520
46.8007 44581025 299520
46.8019 44582473 299520
46.8031 44583921 299520
46.8043 44585369 299520
46.8055 44586817 299520
46.8067 44588265 299520
46.8079 44589713 299520
46.8091 44591161 299520
46.8103 44592609 299520
46.8115 44594057 299520
46.8127 44595505 299520
46.8139 44596953 299520
46.8151 44598401 299520
46.8163 44599849 299520
46.8175 44601297 299520
46.8187 44602745 299520
46.8199 44604193 299520
46.8211 44605641 299520
46.8223 44607089 299520
46.8235 44608537 299520
46.8247 44609985 299520
46.8259 44611433 299520
46.8271 44612881 299520
46.8284 44614329 299520
46.8296 44615777 299520
46.8308 44617225 299520
46.832 44618673 299520
46.8332 44620121 299520
46.8344 44621569 299520
46.8356 44623017 299520
46.8368 44624465 299520
46.838 44625913 299520
46.8392 44627361 299520
46.8404 44628809 299520
46.8416 44630257 299520
46.8428 44631705 299520
46.844 44633153 299520
46.8452 44634601 299520
46.8464 44636049 299520
46.8476 44637497 299520
46.8488 44638945 299520
46.85 44640393 299520
46.8512 44641841 299520
46.8524 44643289 299520
46.8536 44644737 299520
46.8548 44646185 299520
46.856 44647633 299520
46.8572 44649081 299520
46.8584 44650529 299520
46.8596 44651977 299520
46.8608 44653425 299520
46.862 44654873 299520
46.8632 44656321 299520
46.8644 44657769 299520
46.8656 44659217 299520
46.8668 44660665 299520
46.868 44662113 299520
46.8692 44663561 299520
46.8704 44665009 299520
46.8716 44666457 299520
46.8728 44667905 299520
46.874 44669353 299520
46.8752 44670801 299520
46.8764 44672249 299520
46.8776 44673697 299520
46.8788 44675145 299520
46.88 44676593 299520
46.8812 44678041 299520
46.8824 44679489 299520
46.8836 44680937 299520
46.8848 44682385 299520
46.886 44683833 299520
46.8872 44685281 299520
46.8884 44686729 299520
46.8896 44688177 299520
46.8908 44689625 299520
46.892 44691073 299520
46.8932 44692521 299520
46.8944 44693969 299520
46.8956 44695417 299520
46.8968 44696865 299520
46.898 44698313 299520
46.8992 44699761 299520
46.9004 44701209 299520
46.9016 44702657 299520
46.9028 44704105 299520
46.9041 44705553 299520
46.9053 44707001 299520
46.9065 44708449 299520
46.9077 44709897 299520
46.9089 44711345 299520
46.9101 44712793 299520
46.9113 44714241 299520
46.9125 44715689 299520
46.9137 44717137 299520
46.9149 44718585 299520
46.9161 44720033 299520
46.9173 44721481 299520
46.9185 44722929 299520
46.9197 44724377 299520
46.9209 44725825 299520
46.9221 44727273 299520
46.9233 44728721 299520
46.9245 44730169 299520
46.9257 44731617 299520
46.9269 44733065 299520
46.9281 44734513 299520
46.9293 44735961 299520
46.9305 44737409 299520
46.9317 44738857 299520
46.9329 44740305 299520
46.9341 44741753 299520
46.9353 44743201 299520
46.9365 44744649 299520
46.9377 44746097 299520
46.9389 44747545 299520
46.9401 44748993 299520
46.9413 44750441 299520
46.9425 44751889 299520
46.9437 44753337 299520
46.9449 44754785 299520
46.9461 44756233 299520
46.9473 44757681 299520
46.9485 44759129 299520
46.9497 44760577 299520
46.9509 44762025 299520
46.9521 44763473 299520
46.9533 44764921 299520
46.9545 44766369 299520
46.9557 44767817 299520
46.9569 44769265 299520
46.9581 44770713 299520
46.9593 44772161 299520
46.9605 44773609 299520
46.9617 44775057 299520
46.9629 44776505 299520
46.9641 44777953 299520
46.9653 44779401 299520
46.9665 44780849 299520
46.9677 44782297 299520
46.9689 44783745 299520
46.9701 44785193 299520
46.9713 44786641 299520
46.9725 44788089 299520
46.9737 44789537 299520
46.9749 44790985 299520
46.9761 44792433 299520
46.9773 44793881 299520
46.9786 44795329 299520
46.9798 44796777 299520
46.981 44798225 299520
46.9822 44799673 299520
46.9834 44801121 299520
46.9846 44802569 299520
46.9858 44804017 299520
46.987 44805465 299520
46.9882 44806913 299520
46.9894 44808361 299520
46.9906 44809809 299520
46.9918 44811257 299520
46.993 44812705 299520
46.9942 44814153 299520
46.9954 44815601 299520
46.9966 44817049 299520
46.9978 44818497 299520
46.999 44819945 299520
47.0002 44821393 299520
47.0014 44822841 299520
47.0026 44824289 299520
47.0038 44825737 299520
47.005 44827185 299520
47.0062 44828633 299520
47.0074 44830081 299520
47.0086 44831529 299520
47.0098 44832977 299520
47.011 44834425 299520
47.0122 44835873 299520
47.0134 44837321 299520
47.0146 44838769 299520
47.0158 44840217 299520
47.017 44841665 299520
47.0182 44843113 299520
47.0194 44844561 299520
47.0206 44846009 299520
47.0218 44847457 299520
47.023 44848905 299520
47.0242 44850353 299520
47.0254 44851801 299520
47.0266 44853249 299520
47.0278 44854697 299520
47.029 44856145 299520
47.0302 44857593 299520
47.0314 44859041 299520
47.0326 44860489 299520
47.0338 44861937 299520
47.035 44863385 299520
47.0362 44864833 299520
47.0374 44866281 299520
47.0386 44867729 299520
47.0398 44869177 299520
47.041 44870625 299520
47.0422 44872073 299520
47.0434 44873521 299520
47.0446 44874969 299520
47.0458 44876417 299520
47.047 44877865 299520
47.0482 44879313 299520
47.0494 44880761 299520
47.0506 44882209 299520
47.0518 44883657 299520
47.053 44885105 299520
47.0543 44886553 299520
47.0555 44888001 299520
47.0567 44889449 299520
47.0579 44890897 299520
47.0591 44892345 299520
47.0603 44893793 299520
47.0615 44895241 299520
47.0627 44896689 299520
47.0639 44898137 299520
47.0651 44899585 299520
47.0663 44901033 299520
47.0675 44902481 299520
47.0687 44903929 299520
47.0699 44905377 299520
47.0711 44906825 299520
47.0723 44908273 299520
47.0735 44909721 299520
47.0747 44911169 299520
47.0759 44912617 299520
47.0771 44914065 299520
47.0783 44915513 299520
47.0795 44916961 299520
47.0807 44918409 299520
47.0819 44919857 299520
47.0831 44921305 299520
47.0843 44922753 299520
47.0855 44924201 299520
47.0867 44925649 299520
47.0879 44927097 299520
47.0891 44928545 299520
47.0903 44929993 299520
47.0915 44931441 299520
47.0927 44932889 299520
47.0939 44934337 299520
47.0951 44935785 299520
47.0963 44937233 299520
47.0975 44938681 299520
47.0987 44940129 299520
47.0999 44941577 299520
47.1011 44943025 299520
47.1023 44944473 299520
47.1035 44945921 299520
47.1047 44947369 299520
47.1059 44948817 299520
47.1071 44950265 299520
47.1083 44951713 299520
47.1095 44953161 299520
47.1107 44954609 299520
47.1119 44956057 299520
47.1131 44957505 299520
47.1143 44958953 299520
47.1155 44960401 299520
47.1167 44961849 299520
47.1179 44963297 299520
47.1191 44964745 299520
47.1203 44966193 299520
47.1215 44967641 299520
47.1227 44969089 299520
47.1239 44970537 299520
47.1251 44971985 299520
47.1263 44973433 299520
47.1275 44974881 299520
47.1288 44976329 299520
47.13 44977777 299520
47.1312 44979225 299520
47.1324 44980673 299520
47.1336 44982121 299520
47.1348 44983569 299520
47.136 44985017 299520
47.1372 44986465 299520
47.1384 44987913 299520
47.1396 44989361 299520
47.1408 44990809 299520
47.142 44992257 299520
47.1432 44993705 299520
47.1444 44995153 299520
47.1456 44996601 299520
47.1468 44998049 299520
47.148 44999497 299520
47.1492 45000945 299520
47.1504 45002393 299520
47.1516 45003841 299520
47.1528 45005289 299520
47.154 45006737 299520
47.1552 45008185 299520
47.1564 45009633 299520
47.1576 45011081 299520
47.1588 45012529 299520
47.16 45013977 299520
47.1612 45015425 299520
47.1624 45016873 299520
47.1636 45018321 299520
47.1648 45019769 299520
47.166 45021217 299520
47.1672 45022665 299520
47.1684 45024113 299520
47.1696 45025561 299520
47.1708 45027009 299520
47.172 45028457 299520
47.1732 45029905 299520
47.1744 45031353 299520
47.1756 45032801 299520
47.1768 45034249 299520
47.178 45035697 299520
47.1792 45037145 299520
47.1804 45038593 299520
47.1816 45040041 299520
47.1828 45041489 299520
47.184 45042937 299520
47.1852 45044385 299520
47.1864 45045833 299520
47.1876 45047281 299520
47.1888 45048729 299520
47.19 45050177 299520
47.1912 45051625 299520
47.1924 45053073 299520
47.1936 45054521 299520
47.1948 45055969 299520
47.196 45057417 299520
47.1972 45058865 299520
47.1984 45060313 299520
47.1996 45061761 299520
47.2008 45063209 299520
47.202 45064657 299520
47.2032 45066105 299520
47.2045 45067553 299520
47.2057 45069001 299520
47.2069 45070449 299520
47.2081 45071897 299520
47.2093 45073345 299520
47.2105 45074793 299520
47.2117 45076241 299520
47.2129 45077689 299520
47.2141 45079137 299520
47.2153 45080585 299520
47.2165 45082033 299520
47.2177 45083481 299520
47.2189 45084929 299520
47.2201 45086377 299520
47.2213 45087825 299520
47.2225 45089273 299520
47.2237 45090721 299520
47.2249 45092169 299520
47.2261 45093617 299520
47.2273 45095065 299520
47.2285 45096513 299520
47.2297 45097961 299520
47.2309 45099409 299520
47.2321 45100857 299520
47.2333 45102305 299520
47.2345 45103753 299520
47.2357 45105201 299520
47.2369 45106649 299520
47.2381 45108097 299520
47.2393 45109545 299520
47.2405 45110993 299520
47.2417 45112441 299520
47.2429 45113889 299520
47.2441 45115337 299520
47.2453 45116785 299520
47.2465 45118233 299520
47.2477 45119681 299520
47.2489 45121129 299520
47.2501 45122577 299520
47.2513 45124025 299520
47.2525 45125473 299520
47.2537 45126921 299520
47.2549 45128369 299520
47.2561 45129817 299520
47.2573 45131265 299520
47.2585 45132713 299520
47.2597 45134161 299520
47.2609 45135609 299520
47.2621 45137057 299520
47.2633 45138505 299520
47.2645 45139953 299520
47.2657 45141401 299520
47.2669 45142849 299520
47.2681 45144297 299520
47.2693 45145745 299520
47.2705 45147193 299520
47.2717 45148641 299520
47.2729 45150089 299520
47.2741 45151537 299520
47.2753 45152985 299520
47.2765 45154433 299520
47.2777 45155881 299520
47.279 45157329 299520
47.2802 45158777 299520
47.2814 45160225 299520
47.2826 45161673 299520
47.2838 45163121 299520
47.285 45164569 299520
47.2862 45166017 299520
47.2874 45167465 299520
47.2886 45168913 299520
47.2898 45170361 299520
47.291 45171809 299520
47.2922 45173257 299520
47.2934 45174705 299520
47.2946 45176153 299520
47.2958 45177601 299520
47.297 45179049 299520
47.2982 45180497 299520
47.2994 45181945 299520
47.3006 45183393 299520
47.3018 45184841 299520
47.303 45186289 299520
47.3042 45187737 299520
47.3054 45189185 299520
47.3066 45190633 299520
47.3078 45192081 299520
47.309 45193529 299520
47.3102 45194977 299520
47.3114 45196425 299520
47.3126 45197873 299520
47.3138 45199321 299520
47.315 45200769 299520
47.3162 45202217 299520
47.3174 45203665 299520
47.3186 45205113 299520
47.3198 45206561 299520
47.321 45208009 299520
47.3222 45209457 299520
47.3234 45210905 299520
47.3246 45212353 299520
47.3258 45213801 299520
47.327 45215249 299520
47.3282 45216697 299520
47.3294 45218145 299520
47.3306 45219593 299520
47.3318 45221041 299520
47.333 45222489 299520
47.3342 45223937 299520
47.3354 45225385 299520
47.3366 45226833 299520
47.3378 45228281 299520
47.339 45229729 299520
47.3402 45231177 299520
47.3414 45232625 299520
47.3426 45234073 299520
47.3438 45235521 299520
47.345 45236969 299520
47.3462 45238417 299520
47.3474 45239865 299520
47.3486 45241313 299520
47.3498 45242761 299520
47.351 45244209 299520
47.3522 45245657 299520
47.3534 45247105 299520
47.3547 45248553 299520
47.3559 45250001 299520
47.3571 45251449 299520
47.3583 45252897 299520
47.3595 45254345 299520
47.3607 45255793 299520
47.3619 45257241 299520
47.3631 45258689 299520
47.3643 45260137 299520
47.3655 45261585 299520
47.3667 45263033 299520
47.3679 45264481 299520
47.3691 45265929 299520
47.3703 45267377 299520
47.3715 45268825 299520
47.3727 45270273 299520
47.3739 45271721 299520
47.3751 45273169 299520
47.3763 45274617 299520
47.3775 45276065 299520
47.3787 45277513 299520
47.3799 45278961 299520
47.3811 45280409 299520
47.3823 45281857 299520
47.3835 45283305 299520
47.3847 45284753 299520
47.3859 45286201 299520
47.3871 45287649 299520
47.3883 45289097 299520
47.3895 45290545 299520
47.3907 45291993 299520
47.3919 45293441 299520
47.3931 45294889 299520
47.3943 45296337 299520
47.3955 45297785 299520
47.3967 45299233 299520
47.3979 45300681 299520
47.3991 45302129 299520
47.4003 45303577 299520
47.4015 45305025 299520
47.4027 45306473 299520
47.4039 45307921 299520
47.4051 45309369 299520
47.4063 45310817 299520
47.4075 45312265 299520
47.4087 45313713 299520
47.4099 45315161 299520
47.4111 45316609 299520
47.4123 45318057 299520
47.4135 45319505 299520
47.4147 45320953 299520
47.4159 45322401 299520
47.4171 45323849 299520
47.4183 45325297 299520
47.4195 45326745 299520
47.4207 45328193 299520
47.4219 45329641 299520
47.4231 45331089 299520
47.4243 45332537 299520
47.4255 45333985 299520
47.4267 45335433 299520
47.4279 45336881 299520
47.4292 45338329 299520
47.4304 45339777 299520
47.4316 45341225 299520
47.4328 45342673 299520
47.434 45344121 299520
47.4352 45345569 299520
47.4364 45347017 299520
47.4376 45348465 299520
47.4388 45349913 299520
47.44 45351361 299520
47.4412 45352809 299520
47.4424 45354257 299520
47.4436 45355705 299520
47.4448 45357153 299520
47.446 45358601 299520
47.4472 45360049 299520
47.4484 45361497 299520
47.4496 45362945 299520
47.4508 45364393 299520
47.452 45365841 299520
47.4532 45367289 299520
47.4544 45368737 299520
47.4556 45370185 299520
47.4568 45371633 299520
47.458 45373081 299520
47.4592 45374529 299520
47.4604 45375977 299520
47.4616 45377425 299520
47.4628 45378873 299520
47.464 45380321 299520
47.4652 45381769 299520
47.4664 45383217 299520
47.4676 45384665 299520
47.4688 45386113 299520
47.47 45387561 299520
47.4712 45389009 299520
47.4724 45390457 299520
47.4736 45391905 299520
47.4748 45393353 299520
47.476 45394801 299520
47.4772 45396249 299520
47.4784 45397697 299520
47.4796 45399145 299520
47.4808 45400593 299520
47.482 45402041 299520
47.4832 45403489 299520
47.4844 45404937 299520
47.4856 45406385 299520
47.4868 45407833 299520
47.488 45409281 299520
47.4892 45410729 299520
47.4904 45412177 299520
47.4916 45413625 299520
47.4928 45415073 299520
47.494 45416521 299520
47.4952 45417969 299520
47.4964 45419417 299520
47.4976 45420865 299520
47.4988 45422313 299520
47.5 45423761 299520
47.5012 45425209 299520
47.5024 45426657 299520
47.5036 45428105 299520
47.5049 45429553 299520
47.5061 45431001 299520
47.5073 45432449 299520
47.5085 45433897 299520
47.5097 45435345 299520
47.5109 45436793 299520
47.5121 45438241 299520
47.5133 45439689 299520
47.5145 45441137 299520
47.5157 45442585 299520
47.5169 45444033 299520
47.5181 45445481 299520
47.5193 45446929 299520
47.5205 45448377 299520
47.5217 45449825 299520
47.5229 45451273 299520
47.5241 45452721 299520
47.5253 45454169 299520
47.5265 45455617 299520
47.5277 45457065 299520
47.5289 45458513 299520
47.5301 45459961 299520
47.5313 45461409 299520
47.5325 45462857 299520
47.5337 45464305 299520
47.5349 45465753 299520
47.5361 45467201 299520
47.5373 45468649 299520
47.5385 45470097 299520
47.5397 45471545 299520
47.5409 45472993 299520
47.5421 45474441 299520
47.5433 45475889 299520
47.5445 45477337 299520
47.5457 45478785 299520
47.5469 45480233 299520
47.5481 45481681 299520
47.5493 45483129 299520
47.5505 45484577 299520
47.5517 45486025 299520
47.5529 45487473 299520
47.5541 45488921 299520
47.5553 45490369 299520
47.5565 45491817 299520
47.5577 45493265 299520
47.5589 45494713 299520
47.5601 45496161 299520
47.5613 45497609 299520
47.5625 45499057 299520
47.5637 45500505 299520
47.5649 45501953 299520
47.5661 45503401 299520
47.5673 45504849 299520
47.5685 45506297 299520
47.5697 45507745 299520
47.5709 45509193 299520
47.5721 45510641 299520
47.5733 45512089 299520
47.5745 45513537 299520
47.5757 45514985 299520
47.5769 45516433 299520
47.5781 45517881 299520
47.5794 45519329 299520
47.5806 45520777 299520
47.5818 45522225 299520
47.583 45523673 299520
47.5842 45525121 299520
47.5854 45526569 299520
47.5866 45528017 299520
47.5878 45529465 299520
47.589 45530913 299520
47.5902 45532361 299520
47.5914 45533809 299520
47.5926 45535257 299520
47.5938 45536705 299520
47.595 45538153 299520
47.5962 45539601 299520
47.5974 45541049 299520
47.5986 45542497 299520
47.5998 45543945 299520
47.601 45545393 299520
47.6022 45546841 299520
47.6034 45548289 299520
47.6046 45549737 299520
47.6058 45551185 299520
47.607 45552633 299520
47.6082 45554081 299520
47.6094 45555529 299520
47.6106 45556977 299520
47.6118 45558425 299520
47.613 45559873 299520
47.6142 45561321 299520
47.6154 45562769 299520
47.6166 45564217 299520
47.6178 45565665 299520
47.619 45567113 299520
47.6202 45568561 299520
47.6214 45570009 299520
47.6226 45571457 299520
47.6238 45572905 299520
47.625 45574353 299520
47.6262 45575801 299520
47.6274 45577249 299520
47.6286 45578697 299520
47.6298 45580145 299520
47.631 45581593 299520
47.6322 45583041 299520
47.6334 45584489 299520
47.6346 45585937 299520
47.6358 45587385 299520
47.637 45588833 299520
47.6382 45590281 299520
47.6394 45591729 299520
47.6406 45593177 299520
47.6418 45594625 299520
47.643 45596073 299520
47.6442 45597521 299520
47.6454 45598969 299520
47.6466 45600417 299520
47.6478 45601865 299520
47.649 45603313 299520
47.6502 45604761 299520
47.6514 45606209 299520
47.6526 45607657 299520
47.6538 45609105 299520
47.6551 45610553 299520
47.6563 45612001 299520
47.6575 45613449 299520
47.6587 45614897 299520
47.6599 45616345 299520
47.6611 45617793 299520
47.6623 45619241 299520
47.6635 45620689 299520
47.6647 45622137 299520
47.6659 45623585 299520
47.6671 45625033 299520
47.6683 45626481 299520
47.6695 45627929 299520
47.6707 45629377 299520
47.6719 45630825 299520
47.6731 45632273 299520
47.6743 45633721 299520
47.6755 45635169 299520
47.6767 45636617 299520
47.6779 45638065 299520
47.6791 45639513 299520
47.6803 45640961 299520
47.6815 45642409 299520
47.6827 45643857 299520
47.6839 45645305 299520
47.6851 45646753 299520
47.6863 45648201 299520
47.6875 45649649 299520
47.6887 45651097 299520
47.6899 45652545 299520
47.6911 45653993 299520
47.6923 45655441 299520
47.6935 45656889 299520
47.6947 45658337 299520
47.6959 45659785 299520
47.6971 45661233 299520
47.6983 45662681 299520
47.6995 45664129 299520
47.7007 45665577 299520
47.7019 45667025 299520
47.7031 45668473 299520
47.7043 45669921 299520
47.7055 45671369 299520
47.7067 45672817 299520
47.7079 45674265 299520
47.7091 45675713 299520
47.7103 45677161 299520
47.7115 45678609 299520
47.7127 45680057 299520
47.7139 45681505 299520
47.7151 45682953 299520
47.7163 45684401 299520
47.7175 45685849 299520
47.7187 45687297 299520
47.7199 45688745 299520
47.7211 45690193 299520
47.7223 45691641 299520
47.7235 45693089 299520
47.7247 45694537 299520
47.7259 45695985 299520
47.7271 45697433 299520
47.7283 45698881 299520
47.7296 45700329 299520
47.7308 45701777 299520
47.732 45703225 299520
47.7332 45704673 299520
47.7344 45706121 299520
47.7356 45707569 299520
47.7368 45709017 299520
47.738 45710465 299520
47.7392 45711913 299520
47.7404 45713361 299520
47.7416 45714809 299520
47.7428 45716257 299520
47.744 45717705 299520
47.7452 45719153 299520
47.7464 45720601 299520
47.7476 45722049 299520
47.7488 45723497 299520
47.75 45724945 299520
47.7512 45726393 299520
47.7524 45727841 299520
47.7536 45729289 299520
47.7548 45730737 299520
47.756 45732185 299520
47.7572 45733633 299520
47.7584 45735081 299520
47.7596 45736529 299520
47.7608 45737977 299520
47.762 45739425 299520
47.7632 45740873 299520
47.7644 45742321 299520
47.7656 45743769 299520
47.7668 45745217 299520
47.768 45746665 299520
47.7692 45748113 299520
47.7704 45749561 299520
47.7716 45751009 299520
47.7728 45752457 299520
47.774 45753905 299520
47.7752 45755353 299520
47.7764 45756801 299520
47.7776 45758249 299520
47.7788 45759697 299520
47.78 45761145 299520
47.7812 45762593 299520
47.7824 45764041 299520
47.7836 45765489 299520
47.7848 45766937 299520
47.786 45768385 299520
47.7872 45769833 299520
47.7884 45771281 299520
47.7896 45772729 299520
47.7908 45774177 299520
47.792 45775625 299520
47.7932 45777073 299520
47.7944 45778521 299520
47.7956 45779969 299520
47.7968 45781417 299520
47.798 45782865 299520
47.7992 45784313 299520
47.8004 45785761 299520
47.8016 45787209 299520
47.8028 45788657 299520
47.804 45790105 299520
47.8053 45791553 299520
47.8065 45793001 299520
47.8077 45794449 299520
47.8089 45795897 299520
47.8101 45797345 299520
47.8113 45798793 299520
47.8125 45800241 299520
47.8137 45801689 299520
47.8149 45803137 299520
47.8161 45804585 299520
47.8173 45806033 299520
47.8185 45807481 299520
47.8197 45808929 299520
47.8209 45810377 299520
47.8221 45811825 299520
47.8233 45813273 299520
47.8245 45814721 299520
47.8257 45816169 299520
47.8269 45817617 299520
47.8281 45819065 299520
47.8293 45820513 299520
47.8305 45821961 299520
47.8317 45823409 299520
47.8329 45824857 299520
47.8341 45826305 299520
47.8353 45827753 299520
47.8365 45829201 299520
47.8377 45830649 299520
47.8389 45832097 299520
47.8401 45833545 299520
47.8413 45834993 299520
47.8425 45836441 299520
47.8437 45837889 299520
47.8449 45839337 299520
47.8461 45840785 299520
47.8473 45842233 299520
47.8485 45843681 299520
47.8497 45845129 299520
47.8509 45846577 299520
47.8521 45848025 299520
47.8533 45849473 299520
47.8545 45850921 299520
47.8557 45852369 299520
47.8569 45853817 299520
47.8581 45855265 299520
47.8593 45856713 299520
47.8605 45858161 299520
47.8617 45859609 299520
47.8629 45861057 299520
47.8641 45862505 299520
47.8653 45863953 299520
47.8665 45865401 299520
47.8677 45866849 299520
47.8689 45868297 299520
47.8701 45869745 299520
47.8713 45871193 299520
47.8725 45872641 299520
47.8737 45874089 299520
47.8749 45875537 299520
47.8761 45876985 299520
47.8773 45878433 299520
47.8785 45879881 299520
47.8798 45881329 299520
47.881 45882777 299520
47.8822 45884225 299520
47.8834 45885673 299520
47.8846 45887121 299520
47.8858 45888569 299520
47.887 45890017 299520
47.8882 45891465 299520
47.8894 45892913 299520
47.8906 45894361 299520
47.8918 45895809 299520
47.893 45897257 299520
47.8942 45898705 299520
47.8954 45900153 299520
47.8966 45901601 299520
47.8978 45903049 299520
47.899 45904497 299520
47.9002 45905945 299520
47.9014 45907393 299520
47.9026 45908841 299520
47.9038 45910289 299520
47.905 45911737 299520
47.9062 45913185 299520
47.9074 45914633 299520
47.9086 45916081 299520
47.9098 45917529 299520
47.911 45918977 299520
47.9122 45920425 299520
47.9134 45921873 299520
47.9146 45923321 299520
47.9158 45924769 299520
47.917 45926217 299520
47.9182 45927665 299520
47.9194 45929113 299520
47.9206 45930561 299520
47.9218 45932009 299520
47.923 45933457 299520
47.9242 45934905 299520
47.9254 45936353 299520
47.9266 45937801 299520
47.9278 45939249 299520
47.929 45940697 299520
47.9302 45942145 299520
47.9314 45943593 299520
47.9326 45945041 299520
47.9338 45946489 299520
47.935 45947937 299520
47.9362 45949385 299520
47.9374 45950833 299520
47.9386 45952281 299520
47.9398 45953729 299520
47.941 45955177 299520
47.9422 45956625 299520
47.9434 45958073 299520
47.9446 45959521 299520
47.9458 45960969 299520
47.947 45962417 299520
47.9482 45963865 299520
47.9494 45965313 299520
47.9506 45966761 299520
47.9518 45968209 299520
47.953 45969657 299520
47.9542 45971105 299520
47.9555 45972553 299520
47.9567 45974001 299520
47.9579 45975449 299520
47.9591 45976897 299520
47.9603 45978345 299520
47.9615 45979793 299520
47.9627 45981241 299520
47.9639 45982689 299520
47.9651 45984137 299520
47.9663 45985585 299520
47.9675 45987033 299520
47.9687 45988481 299520
47.9699 45989929 299520
47.9711 45991377 299520
47.9723 45992825 299520
47.9735 45994273 299520
47.9747 45995721 299520
47.9759 45997169 299520
47.9771 45998617 299520
47.9783 46000065 299520
47.9795 46001513 299520
47.9807 46002961 299520
47.9819 46004409 299520
47.9831 46005857 299520
47.9843 46007305 299520
47.9855 46008753 299520
47.9867 46010201 299520
47.9879 46011649 299520
47.9891 46013097 299520
47.9903 46014545 299520
47.9915 46015993 299520
47.9927 46017441 299520
47.9939 46018889 299520
47.9951 46020337 299520
47.9963 46021785 299520
47.9975 46023233 299520
47.9987 46024681 299520
47.9999 46026129 299520
48.0011 46027577 299520
48.0023 46029025 299520
48.0035 46030473 299520
48.0047 46031921 299520
48.0059 46033369 299520
48.0071 46034817 299520
48.0083 46036265 299520
48.0095 46037713 299520
48.0107 46039161 299520
48.0119 46040609 299520
48.0131 46042057 299520
48.0143 46043505 299520
48.0155 46044953 299520
48.0167 46046401 299520
48.0179 46047849 299520
48.0191 46049297 299520
48.0203 46050745 299520
48.0215 46052193 299520
48.0227 46053641 299520
48.0239 46055089 299520
48.0251 46056537 299520
48.0263 46057985 299520
48.0275 46059433 299520
48.0287 46060881 299520
48.03 46062329 299520
48.0312 46063777 299520
48.0324 46065225 299520
48.0336 46066673 299520
48.0348 46068121 299520
48.036 46069569 299520
48.0372 46071017 299520
48.0384 46072465 299520
48.0396 46073913 299520
48.0408 46075361 299520
48.042 46076809 299520
48.0432 46078257 299520
48.0444 46079705 299520
48.0456 46081153 299520
48.0468 46082601 299520
48.048 46084049 299520
48.0492 46085497 299520
48.0504 46086945 299520
48.0516 46088393 299520
48.0528 46089841 299520
48.054 46091289 299520
48.0552 46092737 299520
48.0564 46094185 299520
48.0576 46095633 299520
48.0588 46097081 299520
48.06 46098529 299520
48.0612 46099977 299520
48.0624 46101425 299520
48.0636 46102873 299520
48.0648 46104321 299520
48.066 46105769 299520
48.0672 46107217 299520
48.0684 46108665 299520
48.0696 46110113 299520
48.0708 46111561 299520
48.072 46113009 299520
48.0732 46114457 299520
48.0744 46115905 299520
48.0756 46117353 299520
48.0768 46118801 299520
48.078 46120249 299520
48.0792 46121697 299520
48.0804 46123145 299520
48.0816 46124593 299520
48.0828 46126041 299520
48.084 46127489 299520
48.0852 46128937 299520
48.0864 46130385 299520
48.0876 46131833 299520
48.0888 46133281 299520
48.09 46134729 299520
48.0912 46136177 299520
48.0924 46137625 299520
48.0936 46139073 299520
48.0948 46140521 299520
48.096 46141969 299520
48.0972 46143417 299520
48.0984 46144865 299520
48.0996 46146313 299520
48.1008 46147761 299520
48.102 46149209 299520
48.1032 46150657 299520
48.1044 46152105 299520
48.1057 46153553 299520
48.1069 46155001 299520
48.1081 46156449 299520
48.1093 46157897 299520
48.1105 46159345 299520
48.1117 46160793 299520
48.1129 46162241 299520
48.1141 46163689 299520
48.1153 46165137 299520
48.1165 46166585 299520
48.1177 46168033 299520
48.1189 46169481 299520
48.1201 46170929 299520
48.1213 46172377 299520
48.1225 46173825 299520
48.1237 46175273 299520
48.1249 46176721 299520
48.1261 46178169 299520
48.1273 46179617 299520
48.1285 46181065 299520
48.1297 46182513 299520
48.1309 46183961 299520
48.1321 46185409 299520
48.1333 46186857 299520
48.1345 46188305 299520
48.1357 46189753 299520
48.1369 46191201 299520
48.1381 46192649 299520
48.1393 46194097 299520
48.1405 46195545 299520
48.1417 46196993 299520
48.1429 46198441 299520
48.1441 46199889 299520
48.1453 46201337 299520
48.1465 46202785 299520
48.1477 46204233 299520
48.1489 46205681 299520
48.1501 46207129 299520
48.1513 46208577 299520
48.1525 46210025 299520
48.1537 46211473 299520
48.1549 46212921 299520
48.1561 46214369 299520
48.1573 46215817 299520
48.1585 46217265 299520
48.1597 46218713 299520
48.1609 46220161 299520
48.1621 46221609 299520
48.1633 46223057 299520
48.1645 46224505 299520
48.1657 46225953 299520
48.1669 46227401 299520
48.1681 46228849 299520
48.1693 46230297 299520
48.1705 46231745 299520
48.1717 46233193 299520
48.1729 46234641 299520
48.1741 46236089 299520
48.1753 46237537 299520
48.1765 46238985 299520
48.1777 46240433 299520
48.1789 46241881 299520
48.1802 46243329 299520
48.1814 46244777 299520
48.1826 46246225 299520
48.1838 46247673 299520
48.185 46249121 299520
48.1862 46250569 299520
48.1874 46252017 299520
48.1886 46253465 299520
48.1898 46254913 299520
48.191 46256361 299520
48.1922 46257809 299520
48.1934 46259257 299520
48.1946 46260705 299520
48.1958 46262153 299520
48.197 46263601 299520
48.1982 46265049 299520
48.1994 46266497 299520
48.2006 46267945 299520
48.2018 46269393 299520
48.203 46270841 299520
48.2042 46272289 299520
48.2054 46273737 299520
48.2066 46275185 299520
48.2078 46276633 299520
48.209 46278081 299520
48.2102 46279529 299520
48.2114 46280977 299520
48.2126 46282425 299520
48.2138 46283873 299520
48.215 46285321 299520
48.2162 46286769 299520
48.2174 46288217 299520
48.2186 46289665 299520
48.2198 46291113 299520
48.221 46292561 299520
48.2222 46294009 299520
48.2234 46295457 299520
48.2246 46296905 299520
48.2258 46298353 299520
48.227 46299801 299520
48.2282 46301249 299520
48.2294 46302697 299520
48.2306 46304145 299520
48.2318 46305593 299520
48.233 46307041 299520
48.2342 46308489 299520
48.2354 46309937 299520
48.2366 46311385 299520
48.2378 46312833 299520
48.239 46314281 299520
48.2402 46315729 299520
48.2414 46317177 299520
48.2426 46318625 299520
48.2438 46320073 299520
48.245 46321521 299520
48.2462 46322969 299520
48.2474 46324417 299520
48.2486 46325865 299520
48.2498 46327313 299520
48.251 46328761 299520
48.2522 46330209 299520
48.2534 46331657 299520
48.2546 46333105 299520
48.2559 46334553 299520
48.2571 46336001 299520
48.2583 46337449 299520
48.2595 46338897 299520
48.2607 46340345 299520
48.2619 46341793 299520
48.2631 46343241 299520
48.2643 46344689 299520
48.2655 46346137 299520
48.2667 46347585 299520
48.2679 46349033 299520
48.2691 46350481 299520
48.2703 46351929 299520
48.2715 46353377 299520
48.2727 46354825 299520
48.2739 46356273 299520
48.2751 46357721 299520
48.2763 46359169 299520
48.2775 46360617 299520
48.2787 46362065 299520
48.2799 46363513 299520
48.2811 46364961 299520
48.2823 46366409 299520
48.2835 46367857 299520
48.2847 46369305 299520
48.2859 46370753 299520
48.2871 46372201 299520
48.2883 46373649 301056
48.2895 46375097 301056
48.2907 46376545 301056
48.2919 46377993 301056
48.2931 46379441 301056
48.2943 46380889 301056
48.2955 46382337 301056
48.2967 46383785 301056
48.2979 46385233 301056
48.2991 46386681 301056
48.3003 46388129 301056
48.3015 46389577 301056
48.3027 46391025 301056
48.3039 46392473 301056
48.3051 46393921 301056
48.3063 46395369 301056
48.3075 46396817 301056
48.3087 46398265 301056
48.3099 46399713 301056
48.3111 46401161 301056
48.3123 46402609 301056
48.3135 46404057 301056
48.3147 46405505 301056
48.3159 46406953 301056
48.3171 46408401 301056
48.3183 46409849 301056
48.3195 46411297 301056
48.3207 46412745 301056
48.3219 46414193 301056
48.3231 46415641 301056
48.3243 46417089 301056
48.3255 46418537 301056
48.3267 46419985 301056
48.3279 46421433 301056
48.3291 46422881 301056
48.3304 46424329 301056
48.3316 46425777 301056
48.3328 46427225 301056
48.334 46428673 301056
48.3352 46430121 301056
48.3364 46431569 301056
48.3376 46433017 301056
48.3388 46434465 301056
48.34 46435913 301056
48.3412 46437361 301056
48.3424 46438809 301056
48.3436 46440257 301056
48.3448 46441705 301056
48.346 46443153 301056
48.3472 46444601 301056
48.3484 46446049 301056
48.3496 46447497 301056
48.3508 46448945 301056
48.352 46450393 301056
48.3532 46451841 301056
48.3544 46453289 301056
48.3556 46454737 301056
48.3568 46456185 301056
48.358 46457633 301056
48.3592 46459081 301056
48.3604 46460529 301056
48.3616 46461977 301056
48.3628 46463425 301056
48.364 46464873 301056
48.3652 46466321 301056
48.3664 46467769 301056
48.3676 46469217 301056
48.3688 46470665 301056
48.37 46472113 301056
48.3712 46473561 301056
48.3724 46475009 301056
48.3736 46476457 301056
48.3748 46477905 301056
48.376 46479353 301056
48.3772 46480801 301056
48.3784 46482249 301056
48.3796 46483697 301056
48.3808 46485145 301056
48.382 46486593 301056
48.3832 46488041 301056
48.3844 46489489 301056
48.3856 46490937 301056
48.3868 46492385 301056
48.388 46493833 301056
48.3892 46495281 301056
48.3904 46496729 301056
48.3916 46498177 301056
48.3928 46499625 301056
48.394 46501073 301056
48.3952 46502521 301056
48.3964 46503969 301056
48.3976 46505417 301056
48.3988 46506865 301056
48.4 46508313 301056
48.4012 46509761 301056
48.4024 46511209 301056
48.4036 46512657 301056
48.4048 46514105 301056
48.4061 46515553 301056
48.4073 46517001 301056
48.4085 46518449 301056
48.4097 46519897 301056
48.4109 46521345 301056
48.4121 46522793 301056
48.4133 46524241 301056
48.4145 46525689 301056
48.4157 46527137 301056
48.4169 46528585 301056
48.4181 46530033 301056
48.4193 46531481 301056
48.4205 46532929 301056
48.4217 46534377 301056
48.4229 46535825 301056
48.4241 46537273 301056
48.4253 46538721 301056
48.4265 46540169 301056
48.4277 46541617 301056
48.4289 46543065 301056
48.4301 46544513 301056
48.4313 46545961 301056
48.4325 46547409 301056
48.4337 46548857 301056
48.4349 46550305 301056
48.4361 46551753 301056
48.4373 46553201 301056
48.4385 46554649 301056
48.4397 46556097 301056
48.4409 46557545 301056
48.4421 46558993 301056
48.4433 46560441 301056
48.4445 46561889 301056
48.4457 46563337 301056
48.4469 46564785 301056
48.4481 46566233 301056
48.4493 46567681 301056
48.4505 46569129 301056
48.4517 46570577 301056
48.4529 46572025 301056
48.4541 46573473 301056
48.4553 46574921 301056
48.4565 46576369 301056
48.4577 46577817 301056
48.4589 46579265 301056
48.4601 46580713 301056
48.4613 46582161 301056
48.4625 46583609 301056
48.4637 46585057 301056
48.4649 46586505 301056
48.4661 46587953 301056
48.4673 46589401 301056
48.4685 46590849 301056
48.4697 46592297 301056
48.4709 46593745 301056
48.4721 46595193 301056
48.4733 46596641 301056
48.4745 46598089 301056
48.4757 46599537 301056
48.4769 46600985 301056
48.4781 46602433 301056
48.4793 46603881 301056
48.4806 46605329 301056
48.4818 46606777 301056
48.483 46608225 301056
48.4842 46609673 301056
48.4854 46611121 301056
48.4866 46612569 301056
48.4878 46614017 301056
48.489 46615465 301056
48.4902 46616913 301056
48.4914 46618361 301056
48.4926 46619809 301056
48.4938 46621257 301056
48.495 46622705 301056
48.4962 46624153 301056
48.4974 46625601 301056
48.4986 46627049 301056
48.4998 46628497 301056
48.501 46629945 301056
48.5022 46631393 301056
48.5034 46632841 301056
48.5046 46634289 301056
48.5058 46635737 301056
48.507 46637185 301056
48.5082 46638633 301056
48.5094 46640081 301056
48.5106 46641529 301056
48.5118 46642977 301056
48.513 46644425 301056
48.5142 46645873 301056
48.5154 46647321 301056
48.5166 46648769 301056
48.5178 46650217 301056
48.519 46651665 301056
48.5202 46653113 301056
48.5214 46654561 301056
48.5226 46656009 301056
48.5238 46657457 301056
48.525 46658905 301056
48.5262 46660353 301056
48.5274 46661801 301056
48.5286 46663249 301056
48.5298 46664697 301056
48.531 46666145 301056
48.5322 46667593 301056
48.5334 46669041 301056
48.5346 46670489 301056
48.5358 46671937 301056
48.537 46673385 301056
48.5382 46674833 301056
48.5394 46676281 301056
48.5406 46677729 301056
48.5418 46679177 301056
48.543 46680625 301056
48.5442 46682073 301056
48.5454 46683521 301056
48.5466 46684969 301056
48.5478 46686417 301056
48.549 46687865 301056
48.5502 46689313 301056
48.5514 46690761 301056
48.5526 46692209 301056
48.5538 46693657 301056
48.555 46695105 301056
48.5563 46696553 301056
48.5575 46698001 301056
48.5587 46699449 301056
48.5599 46700897 301056
48.5611 46702345 301056
48.5623 46703793 301056
48.5635 46705241 301056
48.5647 46706689 301056
48.5659 46708137 301056
48.5671 46709585 301056
48.5683 46711033 301056
48.5695 46712481 301056
48.5707 46713929 301056
48.5719 46715377 301056
48.5731 46716825 301056
48.5743 46718273 301056
48.5755 46719721 301056
48.5767 46721169 301056
48.5779 46722617 301056
48.5791 46724065 301056
48.5803 46725513 301056
48.5815 46726961 301056
48.5827 46728409 301056
48.5839 46729857 301056
48.5851 46731305 301056
48.5863 46732753 301056
48.5875 46734201 301056
48.5887 46735649 301056
48.5899 46737097 301056
48.5911 46738545 301056
48.5923 46739993 301056
48.5935 46741441 301056
48.5947 46742889 301056
48.5959 46744337 301056
48.5971 46745785 301056
48.5983 46747233 301056
48.5995 46748681 301056
48.6007 46750129 301056
48.6019 46751577 301056
48.6031 46753025 301056
48.6043 46754473 301056
48.6055 46755921 301056
48.6067 46757369 301056
48.6079 46758817 301056
48.6091 46760265 301056
48.6103 46761713 301056
48.6115 46763161 301056
48.6127 46764609 301056
48.6139 46766057 301056
48.6151 46767505 301056
48.6163 46768953 301056
48.6175 46770401 301056
48.6187 46771849 301056
48.6199 46773297 301056
48.6211 46774745 301056
48.6223 46776193 301056
48.6235 46777641 301056
48.6247 46779089 301056
48.6259 46780537 301056
48.6271 46781985 301056
48.6283 46783433 301056
48.6295 46784881 301056
48.6308 46786329 301056
48.632 46787777 301056
48.6332 46789225 301056
48.6344 46790673 301056
48.6356 46792121 301056
48.6368 46793569 301056
48.638 46795017 301056
48.6392 46796465 301056
48.6404 46797913 302592
48.6416 46799361 302592
48.6428 46800809 302592
48.644 46802257 302592
48.6452 46803705 302592
48.6464 46805153 302592
48.6476 46806601 302592
48.6488 46808049 302592
48.65 46809497 302592
48.6512 46810945 302592
48.6524 46812393 302592
48.6536 46813841 302592
48.6548 46815289 302592
48.656 46816737 302592
48.6572 46818185 302592
48.6584 46819633 302592
48.6596 46821081 302592
48.6608 46822529 302592
48.662 46823977 302592
48.6632 46825425 302592
48.6644 46826873 302592
48.6656 46828321 302592
48.6668 46829769 302592
48.668 46831217 302592
48.6692 46832665 302592
48.6704 46834113 302592
48.6716 46835561 302592
48.6728 46837009 302592
48.674 46838457 302592
48.6752 46839905 302592
48.6764 46841353 302592
48.6776 46842801 302592
48.6788 46844249 302592
48.68 46845697 302592
48.6812 46847145 302592
48.6824 46848593 302592
48.6836 46850041 302592
48.6848 46851489 302592
48.686 46852937 302592
48.6872 46854385 302592
48.6884 46855833 302592
48.6896 46857281 302592
48.6908 46858729 302592
48.692 46860177 302592
48.6932 46861625 302592
48.6944 46863073 302592
48.6956 46864521 302592
48.6968 46865969 302592
48.698 46867417 302592
48.6992 46868865 302592
48.7004 46870313 302592
48.7016 46871761 302592
48.7028 46873209 302592
48.704 46874657 302592
48.7052 46876105 302592
48.7065 46877553 302592
48.7077 46879001 302592
48.7089 46880449 302592
48.7101 46881897 302592
48.7113 46883345 302592
48.7125 46884793 302592
48.7137 46886241 302592
48.7149 46887689 302592
48.7161 46889137 302592
48.7173 46890585 302592
48.7185 46892033 302592
48.7197 46893481 302592
48.7209 46894929 302592
48.7221 46896377 302592
48.7233 46897825 302592
48.7245 46899273 302592
48.7257 46900721 302592
48.7269 46902169 302592
48.7281 46903617 302592
48.7293 46905065 302592
48.7305 46906513 302592
48.7317 46907961 302592
48.7329 46909409 302592
48.7341 46910857 302592
48.7353 46912305 302592
48.7365 46913753 302592
48.7377 46915201 302592
48.7389 46916649 302592
48.7401 46918097 302592
48.7413 46919545 302592
48.7425 46920993 302592
48.7437 46922441 302592
48.7449 46923889 302592
48.7461 46925337 302592
48.7473 46926785 302592
48.7485 46928233 302592
48.7497 46929681 302592
48.7509 46931129 302592
48.7521 46932577 302592
48.7533 46934025 302592
48.7545 46935473 302592
48.7557 46936921 302592
48.7569 46938369 302592
48.7581 46939817 302592
48.7593 46941265 302592
48.7605 46942713 302592
48.7617 46944161 302592
48.7629 46945609 302592
48.7641 46947057 302592
48.7653 46948505 302592
48.7665 46949953 302592
48.7677 46951401 302592
48.7689 46952849 302592
48.7701 46954297 302592
48.7713 46955745 302592
48.7725 46957193 302592
48.7737 46958641 302592
48.7749 46960089 302592
48.7761 46961537 302592
48.7773 46962985 302592
48.7785 46964433 302592
48.7797 46965881 302592
48.781 46967329 302592
48.7822 46968777 302592
48.7834 46970225 302592
48.7846 46971673 302592
48.7858 46973121 302592
48.787 46974569 302592
48.7882 46976017 302592
48.7894 46977465 302592
48.7906 46978913 302592
48.7918 46980361 302592
48.793 46981809 302592
48.7942 46983257 302592
48.7954 46984705 302592
48.7966 46986153 302592
48.7978 46987601 302592
48.799 46989049 302592
48.8002 46990497 302592
48.8014 46991945 302592
48.8026 46993393 302592
48.8038 46994841 302592
48.805 46996289 302592
48.8062 46997737 302592
48.8074 46999185 302592
48.8086 47000633 302592
48.8098 47002081 302592
48.811 47003529 302592
48.8122 47004977 302592
48.8134 47006425 302592
48.8146 47007873 302592
48.8158 47009321 302592
48.817 47010769 302592
48.8182 47012217 302592
48.8194 47013665 302592
48.8206 47015113 302592
48.8218 47016561 302592
48.823 47018009 302592
48.8242 47019457 302592
48.8254 47020905 302592
48.8266 47022353 302592
48.8278 47023801 302592
48.829 47025249 302592
48.8302 47026697 302592
48.8314 47028145 302592
48.8326 47029593 302592
48.8338 47031041 302592
48.835 47032489 302592
48.8362 47033937 302592
48.8374 47035385 302592
48.8386 47036833 302592
48.8398 47038281 302592
48.841 47039729 302592
48.8422 47041177 302592
48.8434 47042625 302592
48.8446 47044073 302592
48.8458 47045521 302592
48.847 47046969 302592
48.8482 47048417 302592
48.8494 47049865 302592
48.8506 47051313 302592
48.8518 47052761 302592
48.853 47054209 302592
48.8542 47055657 302592
48.8554 47057105 302592
48.8567 47058553 302592
48.8579 47060001 302592
48.8591 47061449 302592
48.8603 47062897 302592
48.8615 47064345 302592
48.8627 47065793 302592
48.8639 47067241 302592
48.8651 47068689 302592
48.8663 47070137 302592
48.8675 47071585 302592
48.8687 47073033 302592
48.8699 47074481 302592
48.8711 47075929 302592
48.8723 47077377 302592
48.8735 47078825 302592
48.8747 47080273 302592
48.8759 47081721 302592
48.8771 47083169 302592
48.8783 47084617 302592
48.8795 47086065 302592
48.8807 47087513 302592
48.8819 47088961 302592
48.8831 47090409 302592
48.8843 47091857 302592
48.8855 47093305 302592
48.8867 47094753 302592
48.8879 47096201 302592
48.8891 47097649 303616
48.8903 47099097 303616
48.8915 47100545 303616
48.8927 47101993 303616
48.8939 47103441 303616
48.8951 47104889 303616
48.8963 47106337 303616
48.8975 47107785 303616
48.8987 47109233 303616
48.8999 47110681 303616
48.9011 47112129 303616
48.9023 47113577 303616
48.9035 47115025 303616
48.9047 47116473 303616
48.9059 47117921 303616
48.9071 47119369 303616
48.9083 47120817 303616
48.9095 47122265 303616
48.9107 47123713 303616
48.9119 47125161 303616
48.9131 47126609 303616
48.9143 47128057 303616
48.9155 47129505 303616
48.9167 47130953 303616
48.9179 47132401 303616
48.9191 47133849 303616
48.9203 47135297 303616
48.9215 47136745 303616
48.9227 47138193 303616
48.9239 47139641 303616
48.9251 47141089 303616
48.9263 47142537 303616
48.9275 47143985 303616
48.9287 47145433 303616
48.9299 47146881 303616
48.9312 47148329 303616
48.9324 47149777 303616
48.9336 47151225 303616
48.9348 47152673 303616
48.936 47154121 303616
48.9372 47155569 303616
48.9384 47157017 303616
48.9396 47158465 303616
48.9408 47159913 303616
48.942 47161361 303616
48.9432 47162809 303616
48.9444 47164257 303616
48.9456 47165705 303616
48.9468 47167153 303616
48.948 47168601 303616
48.9492 47170049 303616
48.9504 47171497 303616
48.9516 47172945 303616
48.9528 47174393 303616
48.954 47175841 303616
48.9552 47177289 303616
48.9564 47178737 303616
48.9576 47180185 303616
48.9588 47181633 303616
48.96 47183081 303616
48.9612 47184529 303616
48.9624 47185977 303616
48.9636 47187425 303616
48.9648 47188873 303616
48.966 47190321 303616
48.9672 47191769 303616
48.9684 47193217 303616
48.9696 47194665 303616
48.9708 47196113 303616
48.972 47197561 303616
48.9732 47199009 303616
48.9744 47200457 303616
48.9756 47201905 303616
48.9768 47203353 303616
48.978 47204801 303616
48.9792 47206249 303616
48.9804 47207697 303616
48.9816 47209145 303616
48.9828 47210593 303616
48.984 47212041 303616
48.9852 47213489 303616
48.9864 47214937 303616
48.9876 47216385 303616
48.9888 47217833 303616
48.99 47219281 303616
48.9912 47220729 303616
48.9924 47222177 303616
48.9936 47223625 303616
48.9948 47225073 303616
48.996 47226521 303616
48.9972 47227969 303616
48.9984 47229417 303616
48.9996 47230865 303616
49.0008 47232313 303616
49.002 47233761 303616
49.0032 47235209 303616
49.0044 47236657 303616
49.0056 47238105 303616
49.0069 47239553 303616
49.0081 47241001 303616
49.0093 47242449 303616
49.0105 47243897 303616
49.0117 47245345 303616
49.0129 47246793 303616
49.0141 47248241 303616
49.0153 47249689 303616
49.0165 47251137 303616
49.0177 47252585 303616
49.0189 47254033 303616
49.0201 47255481 303616
49.0213 47256929 303616
49.0225 47258377 303616
49.0237 47259825 303616
49.0249 47261273 303616
49.0261 47262721 303616
49.0273 47264169 303616
49.0285 47265617 303616
49.0297 47267065 303616
49.0309 47268513 303616
49.0321 47269961 303616
49.0333 47271409 303616
49.0345 47272857 303616
49.0357 47274305 303616
49.0369 47275753 303616
49.0381 47277201 303616
49.0393 47278649 303616
49.0405 47280097 303616
49.0417 47281545 303616
49.0429 47282993 303616
49.0441 47284441 303616
49.0453 47285889 303616
49.0465 47287337 303616
49.0477 47288785 303616
49.0489 47290233 303616
49.0501 47291681 303616
49.0513 47293129 303616
49.0525 47294577 303616
49.0537 47296025 303616
49.0549 47297473 303616
49.0561 47298921 303616
49.0573 47300369 303616
49.0585 47301817 303616
49.0597 47303265 303616
49.0609 47304713 303616
49.0621 47306161 303616
49.0633 47307609 303616
49.0645 47309057 303616
49.0657 47310505 303616
49.0669 47311953 303616
49.0681 47313401 303616
49.0693 47314849 303616
49.0705 47316297 303616
49.0717 47317745 303616
49.0729 47319193 303616
49.0741 47320641 303616
49.0753 47322089 303616
49.0765 47323537 303616
49.0777 47324985 303616
49.0789 47326433 303616
49.0801 47327881 303616
49.0814 47329329 303616
49.0826 47330777 303616
49.0838 47332225 303616
49.085 47333673 303616
49.0862 47335121 303616
49.0874 47336569 305152
49.0886 47338017 305152
49.0898 47339465 305152
49.091 47340913 305152
49.0922 47342361 305152
49.0934 47343809 305152
49.0946 47345257 305152
49.0958 47346705 305152
49.097 47348153 305152
49.0982 47349601 305152
49.0994 47351049 305152
49.1006 47352497 305152
49.1018 47353945 305152
49.103 47355393 305152
49.1042 47356841 305152
49.1054 47358289 305152
49.1066 47359737 305152
49.1078 47361185 305152
49.109 47362633 305152
49.1102 47364081 305152
49.1114 47365529 305152
49.1126 47366977 305152
49.1138 47368425 305152
49.115 47369873 305152
49.1162 47371321 305152
49.1174 47372769 305152
49.1186 47374217 305152
49.1198 47375665 305152
49.121 47377113 305152
49.1222 47378561 305152
49.1234 47380009 305152
49.1246 47381457 305152
49.1258 47382905 305152
49.127 47384353 305152
49.1282 47385801 305152
49.1294 47387249 305152
49.1306 47388697 305152
49.1318 47390145 305152
49.133 47391593 305152
49.1342 47393041 305152
49.1354 47394489 305152
49.1366 47395937 305152
49.1378 47397385 305152
49.139 47398833 305152
49.1402 47400281 305152
49.1414 47401729 305152
49.1426 47403177 305152
49.1438 47404625 305152
49.145 47406073 305152
49.1462 47407521 305152
49.1474 47408969 305152
49.1486 47410417 305152
49.1498 47411865 305152
49.151 47413313 305152
49.1522 47414761 305152
49.1534 47416209 305152
49.1546 47417657 305152
49.1558 47419105 305152
49.1571 47420553 305152
49.1583 47422001 305152
49.1595 47423449 305152
49.1607 47424897 305152
49.1619 47426345 305152
49.1631 47427793 305152
49.1643 47429241 305152
49.1655 47430689 305152
49.1667 47432137 305152
49.1679 47433585 305152
49.1691 47435033 305152
49.1703 47436481 305152
49.1715 47437929 305152
49.1727 47439377 305152
49.1739 47440825 305152
49.1751 47442273 305152
49.1763 47443721 305152
49.1775 47445169 305152
49.1787 47446617 305152
49.1799 47448065 305152
49.1811 47449513 305152
49.1823 47450961 305152
49.1835 47452409 305152
49.1847 47453857 305152
49.1859 47455305 305152
49.1871 47456753 305152
49.1883 47458201 305152
49.1895 47459649 305152
49.1907 47461097 305152
49.1919 47462545 305152
49.1931 47463993 305152
49.1943 47465441 305152
49.1955 47466889 305152
49.1967 47468337 305152
49.1979 47469785 305152
49.1991 47471233 305152
49.2003 47472681 305152
49.2015 47474129 305152
49.2027 47475577 305152
49.2039 47477025 305152
49.2051 47478473 305152
49.2063 47479921 305152
49.2075 47481369 305152
49.2087 47482817 305152
49.2099 47484265 305152
49.2111 47485713 305152
49.2123 47487161 305152
49.2135 47488609 305152
49.2147 47490057 305152
49.2159 47491505 305152
49.2171 47492953 305152
49.2183 47494401 305152
49.2195 47495849 305152
49.2207 47497297 305152
49.2219 47498745 305152
49.2231 47500193 305152
49.2243 47501641 305152
49.2255 47503089 305152
49.2267 47504537 305152
49.2279 47505985 305152
49.2291 47507433 305152
49.2303 47508881 305152
49.2316 47510329 305152
49.2328 47511777 305152
49.234 47513225 305152
49.2352 47514673 305152
49.2364 47516121 305152
49.2376 47517569 305152
49.2388 47519017 305152
49.24 47520465 305152
49.2412 47521913 305152
49.2424 47523361 305152
49.2436 47524809 305152
49.2448 47526257 305152
49.246 47527705 305152
49.2472 47529153 305152
49.2484 47530601 305152
49.2496 47532049 305152
49.2508 47533497 305152
49.252 47534945 305152
49.2532 47536393 305152
49.2544 47537841 305152
49.2556 47539289 305152
49.2568 47540737 306688
49.258 47542185 306688
49.2592 47543633 306688
49.2604 47545081 306688
49.2616 47546529 306688
49.2628 47547977 306688
49.264 47549425 306688
49.2652 47550873 306688
49.2664 47552321 306688
49.2676 47553769 306688
49.2688 47555217 306688
49.27 47556665 306688
49.2712 47558113 306688
49.2724 47559561 306688
49.2736 47561009 306688
49.2748 47562457 306688
49.276 47563905 306688
49.2772 47565353 306688
49.2784 47566801 306688
49.2796 47568249 306688
49.2808 47569697 306688
49.282 47571145 306688
49.2832 47572593 306688
49.2844 47574041 306688
49.2856 47575489 306688
49.2868 47576937 306688
49.288 47578385 306688
49.2892 47579833 306688
49.2904 47581281 306688
49.2916 47582729 306688
49.2928 47584177 306688
49.294 47585625 306688
49.2952 47587073 306688
49.2964 47588521 306688
49.2976 47589969 306688
49.2988 47591417 306688
49.3 47592865 306688
49.3012 47594313 306688
49.3024 47595761 306688
49.3036 47597209 306688
49.3048 47598657 306688
49.306 47600105 306688
49.3073 47601553 306688
49.3085 47603001 306688
49.3097 47604449 306688
49.3109 47605897 306688
49.3121 47607345 306688
49.3133 47608793 306688
49.3145 47610241 306688
49.3157 47611689 306688
49.3169 47613137 306688
49.3181 47614585 306688
49.3193 47616033 306688
49.3205 47617481 306688
49.3217 47618929 306688
49.3229 47620377 306688
49.3241 47621825 306688
49.3253 47623273 306688
49.3265 47624721 306688
49.3277 47626169 306688
49.3289 47627617 306688
49.3301 47629065 306688
49.3313 47630513 306688
49.3325 47631961 306688
49.3337 47633409 306688
49.3349 47634857 306688
49.3361 47636305 306688
49.3373 47637753 306688
49.3385 47639201 306688
49.3397 47640649 306688
49.3409 47642097 306688
49.3421 47643545 306688
49.3433 47644993 306688
49.3445 47646441 306688
49.3457 47647889 306688
49.3469 47649337 306688
49.3481 47650785 306688
49.3493 47652233 306688
49.3505 47653681 306688
49.3517 47655129 306688
49.3529 47656577 306688
49.3541 47658025 306688
49.3553 47659473 306688
49.3565 47660921 306688
49.3577 47662369 306688
49.3589 47663817 306688
49.3601 47665265 306688
49.3613 47666713 306688
49.3625 47668161 306688
49.3637 47669609 306688
49.3649 47671057 306688
49.3661 47672505 306688
49.3673 47673953 306688
49.3685 47675401 306688
49.3697 47676849 306688
49.3709 47678297 306688
49.3721 47679745 306688
49.3733 47681193 306688
49.3745 47682641 306688
49.3757 47684089 306688
49.3769 47685537 306688
49.3781 47686985 306688
49.3793 47688433 306688
49.3805 47689881 306688
49.3818 47691329 306688
49.383 47692777 306688
49.3842 47694225 306688
49.3854 47695673 306688
49.3866 47697121 306688
49.3878 47698569 306688
49.389 47700017 306688
49.3902 47701465 306688
49.3914 47702913 306688
49.3926 47704361 306688
49.3938 47705809 306688
49.395 47707257 306688
49.3962 47708705 306688
49.3974 47710153 306688
49.3986 47711601 306688
49.3998 47713049 306688
49.401 47714497 306688
49.4022 47715945 308224
49.4034 47717393 308224
49.4046 47718841 308224
49.4058 47720289 308224
49.407 47721737 308224
49.4082 47723185 308224
49.4094 47724633 308224
49.4106 47726081 308224
49.4118 47727529 308224
49.413 47728977 308224
49.4142 47730425 308224
49.4154 47731873 308224
49.4166 47733321 308224
49.4178 47734769 308224
49.419 47736217 308224
49.4202 47737665 308224
49.4214 47739113 308224
49.4226 47740561 308224
49.4238 47742009 308224
49.425 47743457 308224
49.4262 47744905 308224
49.4274 47746353 308224
49.4286 47747801 308224
49.4298 47749249 308224
49.431 47750697 308224
49.4322 47752145 308224
49.4334 47753593 308224
49.4346 47755041 308224
49.4358 47756489 308224
49.437 47757937 308224
49.4382 47759385 308224
49.4394 47760833 308224
49.4406 47762281 308224
49.4418 47763729 308224
49.443 47765177 308224
49.4442 47766625 308224
49.4454 47768073 308224
49.4466 47769521 308224
49.4478 47770969 308224
49.449 47772417 308224
49.4502 47773865 308224
49.4514 47775313 308224
49.4526 47776761 308224
49.4538 47778209 308224
49.455 47779657 308224
49.4562 47781105 308224
49.4575 47782553 308224
49.4587 47784001 308224
49.4599 47785449 308224
49.4611 47786897 308224
49.4623 47788345 308224
49.4635 47789793 308224
49.4647 47791241 308224
49.4659 47792689 308224
49.4671 47794137 308224
49.4683 47795585 308224
49.4695 47797033 308224
49.4707 47798481 308224
49.4719 47799929 308224
49.4731 47801377 308224
49.4743 47802825 308224
49.4755 47804273 308224
49.4767 47805721 308224
49.4779 47807169 308224
49.4791 47808617 308224
49.4803 47810065 308224
49.4815 47811513 308224
49.4827 47812961 308224
49.4839 47814409 308224
49.4851 47815857 308224
49.4863 47817305 308224
49.4875 47818753 308224
49.4887 47820201 308224
49.4899 47821649 308224
49.4911 47823097 308224
49.4923 47824545 308224
49.4935 47825993 308224
49.4947 47827441 308224
49.4959 47828889 308224
49.4971 47830337 308224
49.4983 47831785 308224
49.4995 47833233 308224
49.5007 47834681 308224
49.5019 47836129 308224
49.5031 47837577 308224
49.5043 47839025 308224
49.5055 47840473 308224
49.5067 47841921 308224
49.5079 47843369 308224
49.5091 47844817 308224
49.5103 47846265 308224
49.5115 47847713 308224
49.5127 47849161 308224
49.5139 47850609 308224
49.5151 47852057 308224
49.5163 47853505 308224
49.5175 47854953 308224
49.5187 47856401 308224
49.5199 47857849 308224
49.5211 47859297 308224
49.5223 47860745 308224
49.5235 47862193 308224
49.5247 47863641 308224
49.5259 47865089 308224
49.5271 47866537 308224
49.5283 47867985 308224
49.5295 47869433 308224
49.5307 47870881 308224
49.532 47872329 308224
49.5332 47873777 309760
49.5344 47875225 309760
49.5356 47876673 309760
49.5368 47878121 309760
49.538 47879569 309760
49.5392 47881017 309760
49.5404 47882465 309760
49.5416 47883913 309760
49.5428 47885361 309760
49.544 47886809 309760
49.5452 47888257 309760
49.5464 47889705 309760
49.5476 47891153 309760
49.5488 47892601 309760
49.55 47894049 309760
49.5512 47895497 309760
49.5524 47896945 309760
49.5536 47898393 309760
49.5548 47899841 309760
49.556 47901289 309760
49.5572 47902737 309760
49.5584 47904185 309760
49.5596 47905633 309760
49.5608 47907081 309760
49.562 47908529 309760
49.5632 47909977 309760
49.5644 47911425 309760
49.5656 47912873 309760
49.5668 47914321 309760
49.568 47915769 309760
49.5692 47917217 309760
49.5704 47918665 309760
49.5716 47920113 309760
49.5728 47921561 309760
49.574 47923009 309760
49.5752 47924457 309760
49.5764 47925905 309760
49.5776 47927353 309760
49.5788 47928801 309760
49.58 47930249 309760
49.5812 47931697 309760
49.5824 47933145 309760
49.5836 47934593 309760
49.5848 47936041 309760
49.586 47937489 309760
49.5872 47938937 309760
49.5884 47940385 309760
49.5896 47941833 309760
49.5908 47943281 309760
49.592 47944729 309760
49.5932 47946177 309760
49.5944 47947625 309760
49.5956 47949073 309760
49.5968 47950521 309760
49.598 47951969 309760
49.5992 47953417 309760
49.6004 47954865 309760
49.6016 47956313 309760
49.6028 47957761 309760
49.604 47959209 309760
49.6052 47960657 309760
49.6064 47962105 309760
49.6077 47963553 309760
49.6089 47965001 309760
49.6101 47966449 309760
49.6113 47967897 309760
49.6125 47969345 309760
49.6137 47970793 309760
49.6149 47972241 309760
49.6161 47973689 309760
49.6173 47975137 309760
49.6185 47976585 309760
49.6197 47978033 309760
49.6209 47979481 309760
49.6221 47980929 309760
49.6233 47982377 309760
49.6245 47983825 309760
49.6257 47985273 309760
49.6269 47986721 309760
49.6281 47988169 309760
49.6293 47989617 309760
49.6305 47991065 309760
49.6317 47992513 309760
49.6329 47993961 309760
49.6341 47995409 309760
49.6353 47996857 309760
49.6365 47998305 309760
49.6377 47999753 309760
49.6389 48001201 309760
49.6401 48002649 309760
49.6413 48004097 309760
49.6425 48005545 309760
49.6437 48006993 309760
49.6449 48008441 309760
49.6461 48009889 309760
49.6473 48011337 309760
49.6485 48012785 309760
49.6497 48014233 309760
49.6509 48015681 309760
49.6521 48017129 311296
49.6533 48018577 311296
49.6545 48020025 311296
49.6557 48021473 311296
49.6569 48022921 311296
49.6581 48024369 311296
49.6593 48025817 311296
49.6605 48027265 311296
49.6617 48028713 311296
49.6629 48030161 311296
49.6641 48031609 311296
49.6653 48033057 311296
49.6665 48034505 311296
49.6677 48035953 311296
49.6689 48037401 311296
49.6701 48038849 311296
49.6713 48040297 311296
49.6725 48041745 311296
49.6737 48043193 311296
49.6749 48044641 311296
49.6761 48046089 311296
49.6773 48047537 311296
49.6785 48048985 311296
49.6797 48050433 311296
49.6809 48051881 311296
49.6822 48053329 311296
49.6834 48054777 311296
49.6846 48056225 311296
49.6858 48057673 311296
49.687 48059121 311296
49.6882 48060569 311296
49.6894 48062017 311296
49.6906 48063465 311296
49.6918 48064913 311296
49.693 48066361 311296
49.6942 48067809 311296
49.6954 48069257 311296
49.6966 48070705 311296
49.6978 48072153 311296
49.699 48073601 311296
49.7002 48075049 311296
49.7014 48076497 311296
49.7026 48077945 311296
49.7038 48079393 311296
49.705 48080841 311296
49.7062 48082289 311296
49.7074 48083737 311296
49.7086 48085185 311296
49.7098 48086633 311296
49.711 48088081 311296
49.7122 48089529 311296
49.7134 48090977 311296
49.7146 48092425 311296
49.7158 48093873 311296
49.717 48095321 311296
49.7182 48096769 311296
49.7194 48098217 311296
49.7206 48099665 311296
49.7218 48101113 311296
49.723 48102561 311296
49.7242 48104009 311296
49.7254 48105457 311296
49.7266 48106905 311296
49.7278 48108353 311296
49.729 48109801 311296
49.7302 48111249 311296
49.7314 48112697 311296
49.7326 48114145 311296
49.7338 48115593 311296
49.735 48117041 311296
49.7362 48118489 311296
49.7374 48119937 311296
49.7386 48121385 311296
49.7398 48122833 311296
49.741 48124281 311296
49.7422 48125729 311296
49.7434 48127177 311296
49.7446 48128625 311296
49.7458 48130073 311296
49.747 48131521 311296
49.7482 48132969 311296
49.7494 48134417 311296
49.7506 48135865 311296
49.7518 48137313 311296
49.753 48138761 311296
49.7542 48140209 311296
49.7554 48141657 311296
49.7566 48143105 311296
49.7579 48144553 311296
49.7591 48146001 311296
49.7603 48147449 311296
49.7615 48148897 311296
49.7627 48150345 311296
49.7639 48151793 312320
49.7651 48153241 312320
49.7663 48154689 312320
49.7675 48156137 312320
49.7687 48157585 312320
49.7699 48159033 312320
49.7711 48160481 312320
49.7723 48161929 312320
49.7735 48163377 312320
49.7747 48164825 312320
49.7759 48166273 312320
49.7771 48167721 312320
49.7783 48169169 312320
49.7795 48170617 312320
49.7807 48172065 312320
49.7819 48173513 312320
49.7831 48174961 312320
49.7843 48176409 312320
49.7855 48177857 312320
49.7867 48179305 312320
49.7879 48180753 312320
49.7891 48182201 312320
49.7903 48183649 312320
49.7915 48185097 312320
49.7927 48186545 312320
49.7939 48187993 312320
49.7951 48189441 312320
49.7963 48190889 312320
49.7975 48192337 312320
49.7987 48193785 312320
49.7999 48195233 312320
49.8011 48196681 312320
49.8023 48198129 312320
49.8035 48199577 312320
49.8047 48201025 312320
49.8059 48202473 312320
49.8071 48203921 312320
49.8083 48205369 312320
49.8095 48206817 312320
49.8107 48208265 312320
49.8119 48209713 312320
49.8131 48211161 312320
49.8143 48212609 312320
49.8155 48214057 312320
49.8167 48215505 312320
49.8179 48216953 312320
49.8191 48218401 312320
49.8203 48219849 312320
49.8215 48221297 312320
49.8227 48222745 312320
49.8239 48224193 312320
49.8251 48225641 312320
49.8263 48227089 312320
49.8275 48228537 312320
49.8287 48229985 312320
49.8299 48231433 312320
49.8311 48232881 312320
49.8324 48234329 312320
49.8336 48235777 312320
49.8348 48237225 312320
49.836 48238673 312320
49.8372 48240121 312320
49.8384 48241569 312320
49.8396 48243017 312320
49.8408 48244465 312320
49.842 48245913 312320
49.8432 48247361 312320
49.8444 48248809 312320
49.8456 48250257 312320
49.8468 48251705 312320
49.848 48253153 312320
49.8492 48254601 312320
49.8504 48256049 312320
49.8516 48257497 312320
49.8528 48258945 312320
49.854 48260393 312320
49.8552 48261841 312320
49.8564 48263289 312320
49.8576 48264737 312320
49.8588 48266185 312320
49.86 48267633 312320
49.8612 48269081 312320
49.8624 48270529 312320
49.8636 48271977 312320
49.8648 48273425 312320
49.866 48274873 313856
49.8672 48276321 313856
49.8684 48277769 313856
49.8696 48279217 313856
49.8708 48280665 313856
49.872 48282113 313856
49.8732 48283561 313856
49.8744 48285009 313856
49.8756 48286457 313856
49.8768 48287905 313856
49.878 48289353 313856
49.8792 48290801 313856
49.8804 48292249 313856
49.8816 48293697 313856
49.8828 48295145 313856
49.884 48296593 313856
49.8852 48298041 313856
49.8864 48299489 313856
49.8876 48300937 313856
49.8888 48302385 313856
49.89 48303833 313856
49.8912 48305281 313856
49.8924 48306729 313856
49.8936 48308177 313856
49.8948 48309625 313856
49.896 48311073 313856
49.8972 48312521 313856
49.8984 48313969 313856
49.8996 48315417 313856
49.9008 48316865 313856
49.902 48318313 313856
49.9032 48319761 313856
49.9044 48321209 313856
49.9056 48322657 313856
49.9068 48324105 313856
49.9081 48325553 313856
49.9093 48327001 313856
49.9105 48328449 313856
49.9117 48329897 313856
49.9129 48331345 313856
49.9141 48332793 313856
49.9153 48334241 313856
49.9165 48335689 313856
49.9177 48337137 313856
49.9189 48338585 313856
49.9201 48340033 313856
49.9213 48341481 313856
49.9225 48342929 313856
49.9237 48344377 313856
49.9249 48345825 313856
49.9261 48347273 313856
49.9273 48348721 313856
49.9285 48350169 313856
49.9297 48351617 313856
49.9309 48353065 313856
49.9321 48354513 313856
49.9333 48355961 313856
49.9345 48357409 313856
49.9357 48358857 313856
49.9369 48360305 313856
49.9381 48361753 313856
49.9393 48363201 313856
49.9405 48364649 313856
49.9417 48366097 313856
49.9429 48367545 313856
49.9441 48368993 313856
49.9453 48370441 313856
49.9465 48371889 313856
49.9477 48373337 313856
49.9489 48374785 313856
49.9501 48376233 313856
49.9513 48377681 313856
49.9525 48379129 313856
49.9537 48380577 313856
49.9549 48382025 313856
49.9561 48383473 313856
49.9573 48384921 313856
49.9585 48386369 313856
49.9597 48387817 313856
49.9609 48389265 315392
49.9621 48390713 315392
49.9633 48392161 315392
49.9645 48393609 315392
49.9657 48395057 315392
49.9669 48396505 315392
49.9681 48397953 315392
49.9693 48399401 315392
49.9705 48400849 315392
49.9717 48402297 315392
49.9729 48403745 315392
49.9741 48405193 315392
49.9753 48406641 315392
49.9765 48408089 315392
49.9777 48409537 315392
49.9789 48410985 315392
49.9801 48412433 315392
49.9813 48413881 315392
49.9826 48415329 315392
49.9838 48416777 315392
49.985 48418225 315392
49.9862 48419673 315392
49.9874 48421121 315392
49.9886 48422569 315392
49.9898 48424017 315392
49.991 48425465 315392
49.9922 48426913 315392
49.9934 48428361 315392
49.9946 48429809 315392
49.9958 48431257 315392
49.997 48432705 315392
49.9982 48434153 315392
49.9994 48435601 315392
