0.0 18824
0.102278 20272
0.102758 21720
0.103239 23168
0.10372 24616
0.1042 26064
0.104681 27512
0.122776 28960
0.123256 30408
0.123737 31856
0.124218 33304
0.124698 34752
0.125179 36200
0.12566 37648
0.12614 39096
0.126621 40544
0.143274 41992
0.143754 43440
0.144235 44888
0.144716 46336
0.145196 47784
0.145677 49232
0.146157 50680
0.146638 52128
0.147119 53576
0.147599 55024
0.14808 56472
0.148561 57920
0.149041 59368
0.149522 60816
0.164012 62264
0.164492 63712
0.164973 65160
0.165454 66608
0.165934 68056
0.166415 69504
0.166896 70952
0.167376 72400
0.167857 73848
0.168338 75296
0.168818 76744
0.169299 78192
0.16978 79640
0.17026 81088
0.170741 82536
0.171221 83984
0.171702 85432
0.172183 86880
0.172663 88328
0.173144 89776
0.173625 91224
0.18475 92672
0.185231 94120
0.185711 95568
0.186192 97016
0.186673 98464
0.187153 99912
0.187634 101360
0.188115 102808
0.188595 104256
0.189076 105704
0.189556 107152
0.190037 108600
0.190518 110048
0.190998 111496
0.191479 112944
0.19196 114392
0.19244 115840
0.192921 117288
0.193402 118736
0.193882 120184
0.194363 121632
0.194844 123080
0.195324 124528
0.195805 125976
0.196285 127424
0.196766 128872
0.197247 130320
0.197727 131768
0.198208 133216
0.198689 134664
0.199169 136112
0.205248 137560
0.205729 139008
0.206209 140456
0.20669 141904
0.207171 143352
0.207651 144800
0.208132 146248
0.208612 147696
0.209093 149144
0.209574 150592
0.210054 152040
0.210535 153488
0.211016 154936
0.211496 156384
0.211977 157832
0.212458 159280
0.212938 160728
0.213419 162176
0.2139 163624
0.21438 165072
0.214861 166520
0.215341 167968
0.215822 169416
0.216303 170864
0.216783 172312
0.217264 173760
0.217745 175208
0.218225 176656
0.218706 178104
0.219187 179552
0.219667 181000
0.220148 182448
0.220628 183896
0.221109 185344
0.22159 186792
0.22207 188240
0.222551 189688
0.223032 191136
0.223512 192584
0.223993 194032
0.224474 195480
0.224954 196928
0.225435 198376
0.225916 199824
0.226396 201272
0.226877 202720
0.227357 204168
0.227838 205616
0.228319 207064
0.228799 208512
0.22928 209960
0.229761 211408
0.230241 212856
0.230722 214304
0.231203 215752
0.231683 217200
0.232164 218648
0.232644 220096
0.233125 221544
0.233606 222992
0.234086 224440
0.234567 225888
0.235048 227336
0.235528 228784
0.236009 230232
0.23649 231680
0.23697 233128
0.237451 234576
0.237932 236024
0.238412 237472
0.238893 238920
0.239373 240368
0.239854 241816
0.240335 243264
0.240815 244712
0.241296 246160
0.241777 247608
0.242257 249056
0.242738 250504
0.243219 251952
0.243699 253400
0.24418 254848
0.24466 256296
0.245141 257744
0.245622 259192
0.246102 260640
0.246583 262088
0.247064 263536
0.247544 264984
0.248025 266432
0.248506 267880
0.248986 269328
0.249467 270776
0.249948 272224
0.250428 273672
0.250909 275120
0.251389 276568
0.25187 278016
0.252351 279464
0.252831 280912
0.253312 282360
0.253793 283808
0.254273 285256
0.254754 286704
0.255235 288152
0.255715 289600
0.256196 291048
0.256676 292496
0.257157 293944
0.257638 295392
0.258118 296840
0.258599 298288
0.25908 299736
0.25956 301184
0.260041 302632
0.260522 304080
0.261002 305528
0.261483 306976
0.261964 308424
0.262444 309872
0.262925 311320
0.263405 312768
0.263886 314216
0.264367 315664
0.264847 317112
0.265328 318560
0.265809 320008
0.266289 321456
0.26677 322904
0.267251 324352
0.267731 325800
0.268212 327248
0.268692 328696
0.269173 330144
0.269654 331592
0.270134 333040
0.270615 334488
0.271096 335936
0.271576 337384
0.272057 338832
0.272538 340280
0.273018 341728
0.273499 343176
0.27398 344624
0.27446 346072
0.274941 347520
0.275421 348968
0.275902 350416
0.276383 351864
0.276863 353312
0.277344 354760
0.277825 356208
0.278305 357656
0.278786 359104
0.279267 360552
0.279747 362000
0.280228 363448
0.280708 364896
0.281189 366344
0.28167 367792
0.28215 369240
0.282631 370688
0.283112 372136
0.283592 373584
0.284073 375032
0.284554 376480
0.285034 377928
0.285515 379376
0.285996 380824
0.286476 382272
0.286957 383720
0.287437 385168
0.287918 386616
0.288399 388064
0.288879 389512
0.28936 390960
0.289841 392408
0.290321 393856
0.290802 395304
0.291283 396752
0.291763 398200
0.292244 399648
0.292724 401096
0.293205 402544
0.293686 403992
0.294166 405440
0.294647 406888
0.295128 408336
0.295608 409784
0.296089 411232
0.29657 412680
0.29705 414128
0.297531 415576
0.298012 417024
0.298492 418472
0.298973 419920
0.299453 421368
0.299934 422816
0.300415 424264
0.300895 425712
0.301376 427160
0.301857 428608
0.302337 430056
0.302818 431504
0.303299 432952
0.303779 434400
0.30426 435848
0.30474 437296
0.305221 438744
0.305702 440192
0.306182 441640
0.306663 443088
0.307144 444536
0.307624 445984
0.308105 447432
0.308586 448880
0.309066 450328
0.309547 451776
0.310028 453224
0.310508 454672
0.310989 456120
0.311469 457568
0.31195 459016
0.312431 460464
0.312911 461912
0.313392 463360
0.313873 464808
0.314353 466256
0.314834 467704
0.315315 469152
0.315795 470600
0.316276 472048
0.316756 473496
0.317237 474944
0.317718 476392
0.318198 477840
0.318679 479288
0.31916 480736
0.31964 482184
0.320121 483632
0.320602 485080
0.321082 486528
0.321563 487976
0.322044 489424
0.322524 490872
0.323005 492320
0.323485 493768
0.323966 495216
0.324447 496664
0.324927 498112
0.325408 499560
0.325889 501008
0.326369 502456
0.32685 503904
0.327331 505352
0.327811 506800
0.328292 508248
0.328772 509696
0.329253 511144
0.329734 512592
0.330214 514040
0.330695 515488
0.331176 516936
0.331656 518384
0.332137 519832
0.332618 521280
0.333098 522728
0.333579 524176
0.33406 525624
0.33454 527072
0.335021 528520
0.335501 529968
0.335982 531416
0.336463 532864
0.336943 534312
0.337424 535760
0.337905 537208
0.338385 538656
0.338866 540104
0.339347 541552
0.339827 543000
0.340308 544448
0.340788 545896
0.341269 547344
0.34175 548792
0.34223 550240
0.342711 551688
0.343192 553136
0.343672 554584
0.344153 556032
0.344634 557480
0.345114 558928
0.345595 560376
0.346076 561824
0.346556 563272
0.347037 564720
0.347517 566168
0.347998 567616
0.348479 569064
0.348959 570512
0.34944 571960
0.349921 573408
0.350401 574856
0.350882 576304
0.351363 577752
0.351843 579200
0.352324 580648
0.352804 582096
0.353285 583544
0.353766 584992
0.354246 586440
0.354727 587888
0.355208 589336
0.355688 590784
0.356169 592232
0.35665 593680
0.35713 595128
0.357611 596576
0.358092 598024
0.358572 599472
0.359053 600920
0.359533 602368
0.360014 603816
0.360495 605264
0.360975 606712
0.361456 608160
0.361937 609608
0.362417 611056
0.362898 612504
0.363379 613952
0.363859 615400
0.36434 616848
0.36482 618296
0.365301 619744
0.365782 621192
0.366262 622640
0.366743 624088
0.367224 625536
0.367704 626984
0.368185 628432
0.368666 629880
0.369146 631328
0.369627 632776
0.370108 634224
0.370588 635672
0.371069 637120
0.371549 638568
0.37203 640016
0.372511 641464
0.372991 642912
0.373472 644360
0.373953 645808
0.374433 647256
0.374914 648704
0.375395 650152
0.375875 651600
0.376356 653048
0.376836 654496
0.377317 655944
0.377798 657392
0.378278 658840
0.378759 660288
0.37924 661736
0.37972 663184
0.380201 664632
0.380682 666080
0.381162 667528
0.381643 668976
0.382124 670424
0.382604 671872
0.383085 673320
0.383565 674768
0.384046 676216
0.384527 677664
0.385007 679112
0.385488 680560
0.385969 682008
0.386449 683456
0.38693 684904
0.387411 686352
0.387891 687800
0.388372 689248
0.388852 690696
0.389333 692144
0.389814 693592
0.390294 695040
0.390775 696488
0.391256 697936
0.391736 699384
0.392217 700832
0.392698 702280
0.393178 703728
0.393659 705176
0.39414 706624
0.39462 708072
0.395101 709520
0.395581 710968
0.396062 712416
0.396543 713864
0.397023 715312
0.397504 716760
0.397985 718208
0.398465 719656
0.398946 721104
0.399427 722552
0.399907 724000
0.400388 725448
0.400868 726896
0.401349 728344
0.40183 729792
0.40231 731240
0.402791 732688
0.403272 734136
0.403752 735584
0.404233 737032
0.404714 738480
0.405194 739928
0.405675 741376
0.406156 742824
0.406636 744272
0.407117 745720
0.407597 747168
0.408078 748616
0.408559 750064
0.409039 751512
0.410003 750064
0.410244 748616
0.410484 747876
0.410724 747146
0.410964 746417
0.411205 745687
0.411445 744958
0.411685 742824
0.411926 741376
0.412166 739928
0.412406 738480
0.412647 737032
0.412887 735584
0.413127 734158
0.413368 733428
0.413608 731240
0.413848 729792
0.414089 728344
0.414329 726896
0.414569 725448
0.41481 724000
0.41505 722628
0.41529 721898
0.415531 719656
0.415771 718208
0.416011 716760
0.416252 715312
0.416492 713864
0.416732 712416
0.416972 711098
0.417213 710369
0.417453 708072
0.417693 706624
0.417934 705176
0.418174 703728
0.418414 702280
0.418655 700832
0.418895 699569
0.419135 698839
0.419376 696488
0.419616 695040
0.419856 693592
0.420097 692144
0.420337 690696
0.420577 689248
0.420818 688039
0.421058 687309
0.421298 684904
0.421539 683456
0.421779 682008
0.422019 680560
0.42226 679112
0.4225 677664
0.42274 676509
0.42298 675780
0.423221 673320
0.423461 671872
0.423701 670424
0.423942 668976
0.424182 667528
0.424422 666080
0.424663 664980
0.424903 664250
0.425143 661736
0.425384 660288
0.425624 658840
0.425864 657392
0.426105 655944
0.426345 654496
0.426585 653450
0.426826 652721
0.427066 650152
0.427306 648704
0.427547 647256
0.427787 645808
0.428027 644360
0.428268 642912
0.428508 641920
0.428748 641191
0.428988 638568
0.429229 637120
0.429469 635672
0.429709 634224
0.42995 632776
0.43019 631328
0.43043 630391
0.430671 629661
0.430911 626984
0.431151 625536
0.431392 624088
0.431632 622640
0.431872 621192
0.432113 619744
0.432353 618861
0.432593 618132
0.432834 615400
0.433074 613952
0.433314 612504
0.433555 611056
0.433795 609608
0.434035 608160
0.434276 607332
0.434516 606602
0.434756 603816
0.434996 602368
0.435237 600920
0.435477 599472
0.435717 598024
0.435958 596576
0.436198 595802
0.436438 593680
0.436679 592232
0.436919 590784
0.437159 589336
0.4374 587888
0.43764 586440
0.43788 585002
0.438121 584272
0.438361 582096
0.438601 580648
0.438842 579200
0.439082 577752
0.439322 576304
0.439563 574856
0.439803 573472
0.440043 572743
0.440284 570512
0.440524 569064
0.440764 567616
0.441004 566168
0.441245 564720
0.441485 563272
0.441725 561943
0.441966 561213
0.442206 558928
0.442446 557480
0.442687 556032
0.442927 554584
0.443167 553136
0.443408 551688
0.443648 550413
0.443888 549683
0.444129 547344
0.444369 545896
0.444609 544448
0.44485 543000
0.44509 541552
0.44533 540104
0.445571 538883
0.445811 538154
0.446051 535760
0.446292 534312
0.446532 532864
0.446772 531416
0.447012 529968
0.447253 528520
0.447493 527354
0.447733 526624
0.447974 524176
0.448214 522728
0.448454 521280
0.448695 519832
0.448935 518384
0.449175 516936
0.449416 515824
0.449656 515095
0.449896 512592
0.450137 511144
0.450377 509696
0.450617 508248
0.450858 506800
0.451098 505352
0.451338 504294
0.451579 503565
0.451819 501008
0.452059 499560
0.4523 498112
0.45254 496664
0.45278 495216
0.45302 493768
0.453261 492765
0.453501 492035
0.453741 489424
0.453982 487976
0.454222 486528
0.454462 485080
0.454703 483632
0.454943 482184
0.455183 481235
0.455424 480506
0.455664 477840
0.455904 476392
0.456145 474944
0.456385 473496
0.456625 472048
0.456866 470600
0.457106 469706
0.457346 468976
0.457587 466256
0.457827 464808
0.458067 463360
0.458308 461912
0.458548 460464
0.458788 459016
0.459028 458176
0.459269 457446
0.459509 454672
0.459749 453224
0.45999 451776
0.46023 450328
0.46047 448880
0.460711 447432
0.460951 446646
0.461191 444536
0.461432 443088
0.461672 441640
0.461912 440192
0.462153 438744
0.462393 437296
0.462633 435848
0.462874 435117
0.463114 432952
0.463354 431504
0.463595 430056
0.463835 428608
0.464075 427160
0.464316 425712
0.464556 424317
0.464796 423587
0.465036 421368
0.465277 419920
0.465517 418472
0.465757 417024
0.465998 415576
0.466238 414128
0.466478 412787
0.466719 412057
0.466959 409784
0.467199 408336
0.46744 406888
0.46768 405440
0.46792 403992
0.468161 402544
0.468401 401257
0.468641 400528
0.468882 398200
0.469122 396752
0.469362 395304
0.469603 393856
0.469843 392408
0.470083 390960
0.470324 389728
0.470564 388998
0.470804 386616
0.471044 385168
0.471285 383720
0.471525 382272
0.471765 380824
0.472006 379376
0.472246 378198
0.472486 377469
0.472727 375032
0.472967 374308
0.473207 373584
0.510219 372136
0.534249 374308
0.534489 373584
0.560206 372136
0.571739 374308
0.571739 374313
0.57246 373584
0.5727 372136
0.57294 371041
0.57318 370193
0.573421 369346
0.573661 368498
0.573901 367650
0.574142 366802
0.574382 365954
0.574622 365107
0.574863 364259
0.575103 363411
0.575343 362563
0.575584 361716
0.575824 360868
0.576064 359104
0.576305 357656
0.576545 356208
0.576785 354760
0.577026 353312
0.577266 351864
0.577506 350416
0.577747 348968
0.577987 347520
0.578227 346072
0.578468 344624
0.578708 343176
0.578948 341728
0.579188 340280
0.579429 338832
0.579669 337735
0.579909 335936
0.58015 334488
0.58039 333040
0.58063 331592
0.580871 330144
0.581111 328696
0.581351 327248
0.581592 325800
0.581832 324352
0.582072 322904
0.582313 321456
0.582553 320008
0.582793 318560
0.583034 317112
0.583274 315664
0.583514 314602
0.583755 312768
0.583995 311320
0.584235 309872
0.584476 308424
0.584716 306976
0.584956 305528
0.585196 304080
0.585437 302632
0.585677 301184
0.585917 299736
0.586158 298288
0.586398 296840
0.586638 295392
0.586879 293944
0.587119 292496
0.587359 291470
0.5876 289600
0.58784 288152
0.58808 286704
0.588321 285256
0.588561 283808
0.588801 282360
0.589042 280912
0.589282 279464
0.589522 278016
0.589763 276568
0.590003 275120
0.590243 273672
0.590484 272224
0.590724 270776
0.590964 269328
0.591204 268337
0.591445 266432
0.591685 264984
0.591925 263536
0.592166 262088
0.592406 260640
0.592646 259192
0.592887 257744
0.593127 256296
0.593367 254848
0.593608 253400
0.593848 251952
0.594088 250504
0.594329 249056
0.594569 247608
0.594809 246160
0.59505 245204
0.59529 243264
0.59553 241816
0.595771 240368
0.596011 238920
0.596251 237472
0.596492 236024
0.596732 234576
0.596972 233128
0.597212 231680
0.597453 230232
0.597693 228784
0.597933 227336
0.598174 225888
0.598414 224440
0.598654 222992
0.598895 222072
0.599135 220096
0.599375 218648
0.599616 217200
0.599856 215752
0.600096 214304
0.600337 212856
0.600577 211408
0.600817 209960
0.601058 208512
0.601298 207064
0.601538 205616
0.601779 204168
0.602019 202720
0.602259 201272
0.6025 199824
0.60274 198939
0.60298 196928
0.60322 195480
0.603461 194032
0.603701 192584
0.603941 191136
0.604182 189688
0.604422 188240
0.604662 186792
0.604903 186068
0.605143 185344
0.616441 183896
0.621725 186068
0.621965 185344
0.646956 186068
0.646956 186079
0.647437 186090
0.647917 186101
0.648398 186112
0.648879 186123
0.649359 186134
0.64984 186145
0.650321 186156
0.650801 186167
0.651282 186178
0.651763 186189
0.652243 186200
0.652724 186211
0.653204 186222
0.653685 186233
0.654166 186244
0.654646 186255
0.655127 186266
0.655608 186277
0.656088 186288
0.656569 186299
0.65705 186310
0.65753 186321
0.658011 186332
0.658492 186343
0.658972 186354
0.659453 186365
0.659933 186376
0.660414 186387
0.660895 186398
0.661375 186409
0.661856 186420
0.662337 186431
0.662817 186442
0.663298 186453
0.663779 186464
0.664259 186475
0.66474 186486
0.66522 186497
0.665701 186508
0.666182 186519
0.666662 186530
0.667143 186541
0.667624 186552
0.668104 186563
0.668585 186574
0.669066 186585
0.669546 186596
0.670027 186607
0.670508 186618
0.670988 186629
0.671469 186640
0.671949 186651
0.67243 186662
0.672911 186673
0.673391 186684
0.673872 186695
0.674353 186706
0.674833 186717
0.675314 186728
0.675795 186739
0.676275 186750
0.676756 186761
0.677236 186772
0.677717 186783
0.678198 186794
0.678678 186805
0.679159 186816
0.67964 186827
0.68012 186838
0.680601 186849
0.681082 186860
0.681562 186871
0.682043 186882
0.682524 186893
0.683004 186904
0.683485 186915
0.683965 186926
0.684446 186937
0.684927 186948
0.685407 186959
0.685888 186970
0.686369 186981
0.686849 186992
0.68733 187003
0.687811 187014
0.688291 187025
0.688772 187036
0.689252 187047
0.689733 187058
0.690214 187069
0.690694 187080
0.691175 187091
0.691656 187102
0.692136 187113
0.692617 187124
0.693098 187135
0.693578 187146
0.694059 187157
0.69454 187168
0.69502 187179
0.695501 187190
0.695981 187201
0.696462 187212
0.696943 187223
0.697423 187234
0.697904 187245
0.698385 187256
0.698865 187267
0.699346 187278
0.699827 187289
0.700307 187300
0.700788 187311
0.701268 187322
0.701749 187333
0.70223 187344
0.70271 187355
0.703191 187366
0.703672 187377
0.704152 187388
0.704633 187399
0.705114 187410
0.705594 187421
0.706075 187432
0.706556 187443
0.707036 187454
0.707517 187465
0.707997 187476
0.708478 187487
0.708959 187498
0.709439 187509
0.70992 187520
0.710401 187531
0.710881 187542
0.711362 187553
0.711843 187564
0.712323 187575
0.712804 187586
0.713284 187597
0.713765 187608
0.714246 187619
0.714726 187630
0.715207 187641
0.715688 187652
0.716168 187663
0.716649 187674
0.71713 187685
0.71761 187696
0.718091 187707
0.718572 187718
0.719052 187729
0.719533 187740
0.720013 187751
0.720494 187762
0.720975 187773
0.721455 187784
0.721936 187795
0.722417 187806
0.722897 187817
0.723378 187828
0.723859 187839
0.724339 187850
0.72482 187861
0.7253 187872
0.725781 187883
0.726262 187894
0.726742 187905
0.727223 187916
0.727704 187927
0.728184 187938
0.728665 187949
0.729146 187960
0.729626 187971
0.730107 187982
0.730588 187993
0.731068 188004
0.731549 188015
0.732029 188026
0.73251 188037
0.732991 188048
0.733471 188059
0.733952 188070
0.734433 188081
0.734913 188092
0.735394 188103
0.735875 188114
0.736355 188125
0.736836 188136
0.737316 188147
0.737797 188158
0.738278 188169
0.738758 188180
0.739239 188191
0.73972 188202
0.7402 188213
0.740681 188224
0.741162 188235
0.741642 188246
0.742123 188257
0.742604 188268
0.743084 188279
0.743565 188290
0.744045 188301
0.744526 188312
0.745007 188323
0.745487 188334
0.745968 188345
0.746449 188356
0.746929 188367
0.74741 188378
0.747891 188389
0.748371 188400
0.748852 188411
0.749332 188422
0.749813 188433
0.750294 188444
0.750774 188455
0.751255 188466
0.751736 188477
0.752216 188488
0.752697 188499
0.753178 188510
0.753658 188521
0.754139 188532
0.75462 188543
0.7551 188554
0.755581 188565
0.756061 188576
0.756542 188587
0.757023 188598
0.757503 188609
0.757984 188620
0.758465 188631
0.758945 188642
0.759426 188653
0.759907 188664
0.760387 188675
0.760868 188686
0.761348 188697
0.761829 188708
0.76231 188719
0.76279 188730
0.763271 188741
0.763752 188752
0.764232 188763
0.764713 188774
0.765194 188785
0.765674 188796
0.766155 188807
0.766636 188818
0.767116 188829
0.767597 188840
0.768077 188851
0.768558 188862
0.769039 188873
0.769519 188884
0.77 188895
0.770481 188906
0.770961 188917
0.771442 188928
0.771923 188939
0.772403 188950
0.772884 188961
0.773364 188972
0.773845 188983
0.774326 188994
0.774806 189005
0.775287 189016
0.775768 189027
0.776248 189038
0.776729 189049
0.77721 189060
0.77769 189071
0.778171 189082
0.778652 189093
0.779132 189104
0.779613 189115
0.780093 189126
0.780574 189137
0.781055 189148
0.781535 189159
0.782016 189170
0.782497 189181
0.782977 189192
0.783458 189203
0.783939 189214
0.784419 189225
0.7849 189236
0.78538 189247
0.785861 189258
0.786342 189269
0.786822 189280
0.787303 189291
0.787784 189302
0.788264 189313
0.788745 189324
0.789226 189335
0.789706 189346
0.790187 189357
0.790668 189368
0.791148 189379
0.791629 189390
0.792109 189401
0.79259 189412
0.793071 189423
0.793551 189434
0.794032 189445
0.794513 189456
0.794993 189467
0.795474 189478
0.795955 189489
0.796435 189500
0.796916 189511
0.797396 189522
0.797877 189533
0.798358 189544
0.798838 189555
0.799319 189566
0.7998 189577
0.80028 189588
0.800761 189599
0.801242 189610
0.801722 189621
0.802203 189632
0.802684 189643
0.803164 189654
0.803645 189665
0.804125 189676
0.804606 189687
0.805087 189698
0.805567 189709
0.806048 189720
0.806529 189731
0.807009 189742
0.80749 189753
0.807971 189764
0.808451 189775
0.808932 189786
0.809412 189797
0.809893 189808
0.810374 189819
0.810854 189830
0.811335 189841
0.811816 189852
0.812296 189863
0.812777 189874
0.813258 189885
0.813738 189896
0.814219 189907
0.8147 189918
0.81518 189929
0.815661 189940
0.816141 189951
0.816622 189962
0.817103 189973
0.817583 189984
0.818064 189995
0.818545 190006
0.819025 190017
0.819506 190028
0.819987 190039
0.820467 190050
0.820948 190061
0.821428 190072
0.821909 190083
0.82239 190094
0.82287 190105
0.823351 190116
0.823832 190127
0.824312 190138
0.824793 190149
0.825274 190160
0.825754 190171
0.826235 190182
0.826716 190193
0.827196 190204
0.827677 190215
0.828157 190226
0.828638 190237
0.829119 190248
0.829599 190259
0.83008 190270
0.830561 190281
0.831041 190292
0.831522 190303
0.832003 190314
0.832483 190325
0.832964 190336
0.833444 190347
0.833925 190358
0.834406 190369
0.834886 190380
0.835367 190391
0.835848 190402
0.836328 190413
0.836809 190424
0.83729 190435
0.83777 190446
0.838251 190457
0.838732 190468
0.839212 190479
0.839693 190490
0.840173 190501
0.840654 190512
0.841135 190523
0.841615 190534
0.842096 190545
0.842577 190556
0.843057 190567
0.843538 190578
0.844019 190589
0.844499 190600
0.84498 190611
0.84546 190621
0.845941 190631
0.846422 190641
0.846902 190651
0.847383 190661
0.847864 190671
0.848344 190681
0.848825 190691
0.849306 190701
0.849786 190711
0.850267 190721
0.850748 190731
0.851228 190741
0.851709 190751
0.852189 190761
0.85267 190771
0.853151 190781
0.853631 190791
0.854112 190801
0.854593 190811
0.855073 190821
0.855554 190831
0.856035 190841
0.856515 190851
0.856996 190861
0.857476 190871
0.857957 190881
0.858438 190891
0.858918 190901
0.859399 190911
0.85988 190921
0.86036 190931
0.860841 190941
0.861322 190951
0.861802 190961
0.862283 190971
0.862764 190981
0.863244 190991
0.863725 191001
0.864205 191011
0.864686 191021
0.865167 191031
0.865647 191041
0.866128 191051
0.866609 191061
0.867089 191071
0.86757 191081
0.868051 191091
0.868531 191101
0.869012 191111
0.869492 191121
0.869973 191131
0.870454 191141
0.870934 191151
0.871415 191161
0.871896 191171
0.872376 191181
0.872857 191191
0.873338 191201
0.873818 191211
0.874299 191221
0.87478 191231
0.87526 191241
0.875741 191251
0.876221 191261
0.876702 191271
0.877183 191281
0.877663 191291
0.878144 191301
0.878625 191311
0.879105 191321
0.879586 191331
0.880067 191341
0.880547 191351
0.881028 191361
0.881508 191371
0.881989 191381
0.88247 191391
0.88295 191401
0.883431 191411
0.883912 191421
0.884392 191431
0.884873 191441
0.885354 191451
0.885834 191461
0.886315 191471
0.886796 191481
0.887276 191491
0.887757 191501
0.888237 191511
0.888718 191521
0.889199 191531
0.889679 191541
0.89016 191551
0.890641 191561
0.891121 191571
0.891602 191581
0.892083 191591
0.892563 191601
0.893044 191611
0.893524 191621
0.894005 191631
0.894486 191641
0.894966 191651
0.895447 191661
0.895928 191671
0.896408 191681
0.896889 191691
0.89737 191701
0.89785 191711
0.898331 191721
0.898812 191731
0.899292 191741
0.899773 191751
0.900253 191761
0.900734 191771
0.901215 191781
0.901695 191791
0.902176 191801
0.902657 191811
0.903137 191821
0.903618 191831
0.904099 191841
0.904579 191851
0.90506 191861
0.90554 191871
0.906021 191881
0.906502 191891
0.906982 191901
0.907463 191911
0.907944 191921
0.908424 191931
0.908905 191941
0.909386 191951
0.909866 191961
0.910347 191971
0.910828 191981
0.911308 191991
0.911789 192001
0.912269 192011
0.91275 192021
0.913231 192031
0.913711 192041
0.914192 192051
0.914673 192061
0.915153 192071
0.915634 192081
0.916115 192091
0.916595 192101
0.917076 192111
0.917556 192121
0.918037 192131
0.918518 192141
0.918998 192151
0.919479 192161
0.91996 192171
0.92044 192181
0.920921 192191
0.921402 192201
0.921882 192211
0.922363 192221
0.922844 192231
0.923324 192241
0.923805 192251
0.924285 192261
0.924766 192271
0.925247 192281
0.925727 192291
0.926208 192301
0.926689 192311
0.927169 192321
0.92765 192331
0.928131 192341
0.928611 192351
0.929092 192361
0.929572 192371
0.930053 192381
0.930534 192391
0.931014 192401
0.931495 192411
0.931976 192421
0.932456 192431
0.932937 192441
0.933418 192451
0.933898 192461
0.934379 192471
0.93486 192481
0.93534 192491
0.935821 192501
0.936301 192511
0.936782 192521
0.937263 192531
0.937743 192541
0.938224 192551
0.938705 192561
0.939185 192571
0.939666 192581
0.940147 192591
0.940627 192601
0.941108 192611
0.941588 192621
0.942069 192631
0.94255 192641
0.94303 192651
0.943511 192661
0.943992 192671
0.944472 192681
0.944953 192691
0.945434 192701
0.945914 192711
0.946395 192721
0.946876 192731
0.947356 192741
0.947837 192751
0.948317 192761
0.948798 192771
0.949279 192781
0.949759 192791
0.95024 192801
0.950721 192811
0.951201 192821
0.951682 192831
0.952163 192841
0.952643 192851
0.953124 192861
0.953604 192871
0.954085 192881
0.954566 192891
0.955046 192901
0.955527 192911
0.956008 192921
0.956488 192931
0.956969 192941
0.95745 192951
0.95793 192961
0.958411 192971
0.958892 192981
0.959372 192991
0.959853 193001
0.960333 193011
0.960814 193021
0.961295 193031
0.961775 193041
0.962256 193051
0.962737 193061
0.963217 193071
0.963698 193081
0.964179 193091
0.964659 193101
0.96514 193111
0.96562 193121
0.966101 193131
0.966582 193141
0.967062 193151
0.967543 193161
0.968024 193171
0.968504 193181
0.968985 193191
0.969466 193201
0.969946 193211
0.970427 193221
0.970908 193231
0.971388 193241
0.971869 193251
0.972349 193261
0.97283 193271
0.973311 193281
0.973791 193291
0.974272 193301
0.974753 193311
0.975233 193321
0.975714 193331
0.976195 193341
0.976675 193351
0.977156 193361
0.977636 193371
0.978117 193381
0.978598 193391
0.979078 193401
0.979559 193411
0.98004 193421
0.98052 193431
0.981001 193441
0.981482 193451
0.981962 193461
0.982443 193471
0.982924 193481
0.983404 193491
0.983885 193501
0.984365 193511
0.984846 193521
0.985327 193531
0.985807 193541
0.986288 193551
0.986769 193561
0.987249 193571
0.98773 193581
0.988211 193591
0.988691 193601
0.989172 193611
0.989652 193621
0.990133 193631
0.990614 193641
0.991094 193651
0.991575 193661
0.992056 193671
0.992536 193681
0.993017 193691
0.993498 193701
0.993978 193711
0.994459 193721
0.99494 193731
0.99542 193741
0.995901 193751
0.996381 193761
0.996862 193771
0.997343 193781
0.997823 193791
0.998304 193801
0.998785 193811
0.999265 193821
0.999746 193831
1.00023 193841
1.00071 193851
1.00119 193861
1.00167 193871
1.00215 193881
1.00263 193891
1.00311 193901
1.00359 193911
1.00407 193921
1.00455 193931
1.00503 193941
1.00551 193951
1.00599 193961
1.00647 193971
1.00696 193981
1.00744 193991
1.00792 194001
1.0084 194011
1.00888 194021
1.00936 194031
1.00984 194041
1.01032 194051
1.0108 194061
1.01128 194071
1.01176 194081
1.01224 194091
1.01272 194101
1.0132 194111
1.01368 194121
1.01417 194131
1.01465 194141
1.01513 194151
1.01561 194161
1.01609 194171
1.01657 194181
1.01705 194191
1.01753 194201
1.01801 194211
1.01849 194221
1.01897 194231
1.01945 194241
1.01993 194251
1.02041 194261
1.02089 194271
1.02137 194281
1.02186 194291
1.02234 194301
1.02282 194311
1.0233 194321
1.02378 194331
1.02426 194341
1.02474 194351
1.02522 194361
1.0257 194371
1.02618 194381
1.02666 194391
1.02714 194401
1.02762 194411
1.0281 194421
1.02858 194431
1.02906 194441
1.02955 194451
1.03003 194461
1.03051 194471
1.03099 194481
1.03147 194491
1.03195 194501
1.03243 194511
1.03291 194521
1.03339 194531
1.03387 194541
1.03435 194551
1.03483 194561
1.03531 194571
1.03579 194581
1.03627 194591
1.03676 194601
1.03724 194611
1.03772 194621
1.0382 194631
1.03868 194641
1.03916 194651
1.03964 194661
1.04012 194671
1.0406 194681
1.04108 194691
1.04156 194701
1.04204 194711
1.04252 194721
1.043 194731
1.04348 194741
1.04396 194751
1.04445 194761
1.04493 194771
1.04541 194781
1.04589 194791
1.04637 194801
1.04685 194811
1.04733 194821
1.04781 194831
1.04829 194841
1.04877 194851
1.04925 194861
1.04973 194871
1.05021 194881
1.05069 194891
1.05117 194901
1.05166 194911
1.05214 194921
1.05262 194931
1.0531 194941
1.05358 194951
1.05406 194961
1.05454 194971
1.05502 194981
1.0555 194991
1.05598 195001
1.05646 195011
1.05694 195021
1.05742 195031
1.0579 195041
1.05838 195051
1.05886 195061
1.05935 195071
1.05983 195081
1.06031 195091
1.06079 195101
1.06127 195111
1.06175 195121
1.06223 195131
1.06271 195141
1.06319 195151
1.06367 195161
1.06415 195171
1.06463 195181
1.06511 195191
1.06559 195201
1.06607 195211
1.06655 195221
1.06704 195231
1.06752 195241
1.068 195251
1.06848 195261
1.06896 195271
1.06944 195281
1.06992 195291
1.0704 195301
1.07088 195311
1.07136 195321
1.07184 195331
1.07232 195341
1.0728 195351
1.07328 195361
1.07376 195371
1.07425 195381
1.07473 195391
1.07521 195401
1.07569 195411
1.07617 195421
1.07665 195431
1.07713 195441
1.07761 195451
1.07809 195461
1.07857 195471
1.07905 195481
1.07953 195491
1.08001 195501
1.08049 195511
1.08097 195521
1.08145 195531
1.08194 195541
1.08242 195551
1.0829 195561
1.08338 195571
1.08386 195581
1.08434 195591
1.08482 195601
1.0853 195611
1.08578 195621
1.08626 195631
1.08674 195641
1.08722 195651
1.0877 195661
1.08818 195671
1.08866 195681
1.08914 195691
1.08963 195701
1.09011 195711
1.09059 195721
1.09107 195731
1.09155 195741
1.09203 195751
1.09251 195761
1.09299 195771
1.09347 195781
1.09395 195791
1.09443 195801
1.09491 195811
1.09539 195821
1.09587 195831
1.09635 195841
1.09684 195851
1.09732 195861
1.0978 195871
1.09828 195881
1.09876 195891
1.09924 195901
1.09972 195911
1.1002 195921
1.10068 195931
1.10116 195941
1.10164 195951
1.10212 195961
1.1026 195971
1.10308 195981
1.10356 195991
1.10404 196001
1.10453 196011
1.10501 196021
1.10549 196031
1.10597 196041
1.10645 196051
1.10693 196061
1.10741 196071
1.10789 196081
1.10837 196091
1.10885 196101
1.10933 196111
1.10981 196121
1.11029 196131
1.11077 196141
1.11125 196151
1.11174 196161
1.11222 196171
1.1127 196181
1.11318 196191
1.11366 196201
1.11414 196211
1.11462 196221
1.1151 196231
1.11558 196241
1.11606 196251
1.11654 196261
1.11702 196271
1.1175 196281
1.11798 196291
1.11846 196301
1.11894 196311
1.11943 196321
1.11991 196331
1.12039 196341
1.12087 196351
1.12135 196361
1.12183 196371
1.12231 196381
1.12279 196391
1.12327 196401
1.12375 196411
1.12423 196421
1.12471 196431
1.12519 196441
1.12567 196451
1.12615 196461
1.12663 196471
1.12712 196481
1.1276 196491
1.12808 196501
1.12856 196511
1.12904 196521
1.12952 196531
1.13 196541
1.13048 196551
1.13096 196561
1.13144 196571
1.13192 196581
1.1324 196591
1.13288 196601
1.13336 196611
1.13384 196621
1.13433 196631
1.13481 196641
1.13529 196651
1.13577 196661
1.13625 196671
1.13673 196681
1.13721 196691
1.13769 196701
1.13817 196711
1.13865 196721
1.13913 196731
1.13961 196741
1.14009 196751
1.14057 196761
1.14105 196771
1.14153 196781
1.14202 196791
1.1425 196801
1.14298 196811
1.14346 196821
1.14394 196831
1.14442 196841
1.1449 196851
1.14538 196861
1.14586 196871
1.14634 196881
1.14682 196891
1.1473 196901
1.14778 196911
1.14826 196921
1.14874 196931
1.14922 196941
1.14971 196951
1.15019 196961
1.15067 196971
1.15115 196981
1.15163 196991
1.15211 197001
1.15259 197011
1.15307 197021
1.15355 197031
1.15403 197041
1.15451 197051
1.15499 197061
1.15547 197071
1.15595 197081
1.15643 197091
1.15692 197101
1.1574 197111
1.15788 197121
1.15836 197131
1.15884 197141
1.15932 197151
1.1598 197161
1.16028 197171
1.16076 197181
1.16124 197191
1.16172 197201
1.1622 197211
1.16268 197221
1.16316 197231
1.16364 197241
1.16412 197251
1.16461 197261
1.16509 197271
1.16557 197281
1.16605 197291
1.16653 197301
1.16701 197311
1.16749 197321
1.16797 197331
1.16845 197341
1.16893 197351
1.16941 197361
1.16989 197371
1.17037 197381
1.17085 197391
1.17133 197401
1.17182 197411
1.1723 197421
1.17278 197431
1.17326 197441
1.17374 197451
1.17422 197461
1.1747 197471
1.17518 197481
1.17566 197491
1.17614 197501
1.17662 197511
1.1771 197521
1.17758 197531
1.17806 197541
1.17854 197551
1.17902 197561
1.17951 197571
1.17999 197581
1.18047 197591
1.18095 197601
1.18143 197611
1.18191 197621
1.18239 197631
1.18287 197641
1.18335 197651
1.18383 197661
1.18431 197671
1.18479 197681
1.18527 197691
1.18575 197701
1.18623 197711
1.18671 197721
1.1872 197731
1.18768 197741
1.18816 197751
1.18864 197761
1.18912 197771
1.1896 197781
1.19008 197791
1.19056 197801
1.19104 197811
1.19152 197821
1.192 197831
1.19248 197841
1.19296 197851
1.19344 197861
1.19392 197871
1.19441 197881
1.19489 197891
1.19537 197901
1.19585 197911
1.19633 197921
1.19681 197931
1.19729 197941
1.19777 197951
1.19825 197961
1.19873 197971
1.19921 197981
1.19969 197991
1.20017 198001
1.20065 198011
1.20113 198021
1.20161 198031
1.2021 198041
1.20258 198051
1.20306 198061
1.20354 198071
1.20402 198081
1.2045 198091
1.20498 198101
1.20546 198111
1.20594 198121
1.20642 198131
1.2069 198141
1.20738 198151
1.20786 198161
1.20834 198171
1.20882 198181
1.2093 198191
1.20979 198201
1.21027 198211
1.21075 198221
1.21123 198231
1.21171 198241
1.21219 198251
1.21267 198261
1.21315 198271
1.21363 198281
1.21411 198291
1.21459 198301
1.21507 198311
1.21555 198321
1.21603 198331
1.21651 198341
1.217 198351
1.21748 198361
1.21796 198371
1.21844 198381
1.21892 198391
1.2194 198401
1.21988 198411
1.22036 198421
1.22084 198431
1.22132 198441
1.2218 198451
1.22228 198461
1.22276 198471
1.22324 198481
1.22372 198491
1.2242 198501
1.22469 198511
1.22517 198521
1.22565 198531
1.22613 198541
1.22661 198551
1.22709 198561
1.22757 198571
1.22805 198581
1.22853 198591
1.22901 198601
1.22949 198611
1.22997 198621
1.23045 198631
1.23093 198641
1.23141 198651
1.2319 198661
1.23238 198671
1.23286 198681
1.23334 198691
1.23382 198701
1.2343 198711
1.23478 198721
1.23526 198731
1.23574 198741
1.23622 198751
1.2367 198761
1.23718 198771
1.23766 198781
1.23814 198791
1.23862 198801
1.2391 198811
1.23959 198821
1.24007 198831
1.24055 198841
1.24103 198851
1.24151 198861
1.24199 198871
1.24247 198881
1.24295 198891
1.24343 198901
1.24391 198911
1.24439 198921
1.24487 198931
1.24535 198941
1.24583 198951
1.24631 198961
1.24679 198971
1.24728 198981
1.24776 198991
1.24824 199001
1.24872 199011
1.2492 199021
1.24968 199031
1.25016 199041
1.25064 199051
1.25112 199061
1.2516 199071
1.25208 199081
1.25256 199091
1.25304 199101
1.25352 199111
1.254 199121
1.25449 199131
1.25497 199141
1.25545 199151
1.25593 199161
1.25641 199171
1.25689 199181
1.25737 199191
1.25785 199201
1.25833 199211
1.25881 199221
1.25929 199231
1.25977 199241
1.26025 199251
1.26073 199261
1.26121 199271
1.26169 199281
1.26218 199291
1.26266 199301
1.26314 199311
1.26362 199321
1.2641 199331
1.26458 199341
1.26506 199351
1.26554 199361
1.26602 199371
1.2665 199381
1.26698 199391
1.26746 199401
1.26794 199411
1.26842 199421
1.2689 199431
1.26938 199441
1.26987 199451
1.27035 199461
1.27083 199471
1.27131 199481
1.27179 199491
1.27227 199501
1.27275 199511
1.27323 199521
1.27371 199531
1.27419 199541
1.27467 199551
1.27515 199561
1.27563 199571
1.27611 199581
1.27659 199591
1.27708 199601
1.27756 199611
1.27804 199621
1.27852 199631
1.279 199641
1.27948 199651
1.27996 199661
1.28044 199671
1.28092 199681
1.2814 199691
1.28188 199701
1.28236 199711
1.28284 199721
1.28332 199731
1.2838 199741
1.28428 199751
1.28477 199761
1.28525 199771
1.28573 199781
1.28621 199791
1.28669 199801
1.28717 199811
1.28765 199821
1.28813 199831
1.28861 199841
1.28909 199851
1.28957 199861
1.29005 199871
1.29053 199881
1.29101 199891
1.29149 199901
1.29198 199911
1.29246 199921
1.29294 199931
1.29342 199941
1.2939 199951
1.29438 199961
1.29486 199971
1.29534 199981
1.29582 199991
1.2963 200001
1.29678 200011
1.29726 200021
1.29774 200031
1.29822 200041
1.2987 200051
1.29918 200061
1.29967 200071
1.30015 200081
1.30063 200091
1.30111 200101
1.30159 200111
1.30207 200121
1.30255 200131
1.30303 200141
1.30351 200151
1.30399 200161
1.30447 200171
1.30495 200181
1.30543 200191
1.30591 200201
1.30639 200211
1.30687 200221
1.30736 200231
1.30784 200241
1.30832 200251
1.3088 200261
1.30928 200271
1.30976 200281
1.31024 200291
1.31072 200301
1.3112 200311
1.31168 200321
1.31216 200331
1.31264 200341
1.31312 200351
1.3136 200361
1.31408 200371
1.31457 200381
1.31505 200391
1.31553 200401
1.31601 200411
1.31649 200421
1.31697 200431
1.31745 200441
1.31793 200451
1.31841 200461
1.31889 200471
1.31937 200481
1.31985 200491
1.32033 200501
1.32081 200511
1.32129 200521
1.32177 200531
1.32226 200541
1.32274 200551
1.32322 200561
1.3237 200571
1.32418 200581
1.32466 200591
1.32514 200601
1.32562 200611
1.3261 200621
1.32658 200631
1.32706 200641
1.32754 200651
1.32802 200661
1.3285 200671
1.32898 200681
1.32946 200691
1.32995 200701
1.33043 200711
1.33091 200721
1.33139 200731
1.33187 200741
1.33235 200751
1.33283 200761
1.33331 200771
1.33379 200781
1.33427 200791
1.33475 200801
1.33523 200811
1.33571 200821
1.33619 200831
1.33667 200841
1.33716 200851
1.33764 200861
1.33812 200871
1.3386 200881
1.33908 200891
1.33956 200901
1.34004 200911
1.34052 200921
1.341 200931
1.34148 200941
1.34196 200951
1.34244 200961
1.34292 200971
1.3434 200981
1.34388 200991
1.34436 201001
1.34485 201011
1.34533 201021
1.34581 201031
1.34629 201041
1.34677 201051
1.34725 201061
1.34773 201071
1.34821 201081
1.34869 201091
1.34917 201101
1.34965 201111
1.35013 201121
1.35061 201131
1.35109 201141
1.35157 201151
1.35206 201161
1.35254 201171
1.35302 201181
1.3535 201191
1.35398 201201
1.35446 201211
1.35494 201221
1.35542 201231
1.3559 201241
1.35638 201251
1.35686 201261
1.35734 201271
1.35782 201281
1.3583 201291
1.35878 201301
1.35926 201311
1.35975 201321
1.36023 201331
1.36071 201341
1.36119 201351
1.36167 201361
1.36215 201371
1.36263 201381
1.36311 201391
1.36359 201401
1.36407 201411
1.36455 201421
1.36503 201431
1.36551 201441
1.36599 201451
1.36647 201461
1.36695 201471
1.36744 201481
1.36792 201491
1.3684 201501
1.36888 201511
1.36936 201521
1.36984 201531
1.37032 201541
1.3708 201551
1.37128 201561
1.37176 201571
1.37224 201581
1.37272 201591
1.3732 201601
1.37368 201611
1.37416 201621
1.37465 201631
1.37513 201641
1.37561 201651
1.37609 201661
1.37657 201671
1.37705 201681
1.37753 201691
1.37801 201701
1.37849 201711
1.37897 201721
1.37945 201731
1.37993 201741
1.38041 201751
1.38089 201761
1.38137 201771
1.38185 201781
1.38234 201791
1.38282 201801
1.3833 201811
1.38378 201821
1.38426 201831
1.38474 201841
1.38522 201851
1.3857 201861
1.38618 201871
1.38666 201881
1.38714 201891
1.38762 201901
1.3881 201911
1.38858 201921
1.38906 201931
1.38954 201941
1.39003 201951
1.39051 201961
1.39099 201971
1.39147 201981
1.39195 201991
1.39243 202001
1.39291 202011
1.39339 202021
1.39387 202031
1.39435 202041
1.39483 202051
1.39531 202061
1.39579 202071
1.39627 202081
1.39675 202091
1.39724 202101
1.39772 202111
1.3982 202121
1.39868 202131
1.39916 202141
1.39964 202151
1.40012 202161
1.4006 202171
1.40108 202181
1.40156 202191
1.40204 202201
1.40252 202211
1.403 202221
1.40348 202231
1.40396 202241
1.40444 202251
1.40493 202261
1.40541 202271
1.40589 202281
1.40637 202291
1.40685 202301
1.40733 202311
1.40781 202321
1.40829 202331
1.40877 202341
1.40925 202351
1.40973 202361
1.41021 202371
1.41069 202381
1.41117 202391
1.41165 202401
1.41214 202411
1.41262 202421
1.4131 202431
1.41358 202441
1.41406 202451
1.41454 202461
1.41502 202471
1.4155 202481
1.41598 202491
1.41646 202501
1.41694 202511
1.41742 202521
1.4179 202531
1.41838 202541
1.41886 202551
1.41934 202561
1.41983 202571
1.42031 202581
1.42079 202591
1.42127 202601
1.42175 202611
1.42223 202621
1.42271 202631
1.42319 202641
1.42367 202651
1.42415 202661
1.42463 202671
1.42511 202681
1.42559 202691
1.42607 202701
1.42655 202711
1.42703 202721
1.42752 202731
1.428 202741
1.42848 202751
1.42896 202761
1.42944 202771
1.42992 202781
1.4304 202791
1.43088 202801
1.43136 202811
1.43184 202821
1.43232 202831
1.4328 202841
1.43328 202851
1.43376 202861
1.43424 202871
1.43473 202881
1.43521 202891
1.43569 202901
1.43617 202911
1.43665 202921
1.43713 202931
1.43761 202941
1.43809 202951
1.43857 202961
1.43905 202971
1.43953 202981
1.44001 202991
1.44049 203001
1.44097 203011
1.44145 203021
1.44193 203031
1.44242 203041
1.4429 203051
1.44338 203061
1.44386 203071
1.44434 203081
1.44482 203091
1.4453 203101
1.44578 203111
1.44626 203121
1.44674 203131
1.44722 203141
1.4477 203151
1.44818 203161
1.44866 203171
1.44914 203181
1.44962 203191
1.45011 203201
1.45059 203211
1.45107 203221
1.45155 203231
1.45203 203241
1.45251 203251
1.45299 203261
1.45347 203271
1.45395 203281
1.45443 203291
1.45491 203301
1.45539 203311
1.45587 203321
1.45635 203331
1.45683 203341
1.45732 203351
1.4578 203361
1.45828 203371
1.45876 203381
1.45924 203391
1.45972 203401
1.4602 203411
1.46068 203421
1.46116 203431
1.46164 203441
1.46212 203451
1.4626 203461
1.46308 203471
1.46356 203481
1.46404 203491
1.46452 203501
1.46501 203511
1.46549 203521
1.46597 203531
1.46645 203541
1.46693 203551
1.46741 203561
1.46789 203571
1.46837 203581
1.46885 203591
1.46933 203601
1.46981 203611
1.47029 203621
1.47077 203631
1.47125 203641
1.47173 203651
1.47222 203661
1.4727 203671
1.47318 203681
1.47366 203691
1.47414 203701
1.47462 203711
1.4751 203721
1.47558 203731
1.47606 203741
1.47654 203751
1.47702 203761
1.4775 203771
1.47798 203781
1.47846 203791
1.47894 203801
1.47942 203811
1.47991 203821
1.48039 203831
1.48087 203841
1.48135 203851
1.48183 203861
1.48231 203871
1.48279 203881
1.48327 203891
1.48375 203901
1.48423 203911
1.48471 203921
1.48519 203931
1.48567 203941
1.48615 203951
1.48663 203961
1.48711 203971
1.4876 203981
1.48808 203991
1.48856 204001
1.48904 204011
1.48952 204021
1.49 204031
1.49048 204041
1.49096 204051
1.49144 204061
1.49192 204071
1.4924 204081
1.49288 204091
1.49336 204101
1.49384 204111
1.49432 204121
1.49481 204131
1.49529 204141
1.49577 204151
1.49625 204161
1.49673 204171
1.49721 204181
1.49769 204191
1.49817 204201
1.49865 204211
1.49913 204221
1.49961 204231
1.50009 204241
1.50057 204251
1.50105 204261
1.50153 204271
1.50201 204281
1.5025 204291
1.50298 204301
1.50346 204311
1.50394 204321
1.50442 204331
1.5049 204341
1.50538 204351
1.50586 204361
1.50634 204371
1.50682 204381
1.5073 204391
1.50778 204401
1.50826 204411
1.50874 204421
1.50922 204431
1.5097 204441
1.51019 204451
1.51067 204461
1.51115 204471
1.51163 204481
1.51211 204491
1.51259 204501
1.51307 204511
1.51355 204521
1.51403 204531
1.51451 204541
1.51499 204551
1.51547 204561
1.51595 204571
1.51643 204581
1.51691 204591
1.5174 204601
1.51788 204611
1.51836 204621
1.51884 204631
1.51932 204641
1.5198 204651
1.52028 204661
1.52076 204671
1.52124 204681
1.52172 204691
1.5222 204701
1.52268 204711
1.52316 204721
1.52364 204731
1.52412 204741
1.5246 204751
1.52509 204761
1.52557 204771
1.52605 204781
1.52653 204791
1.52701 204801
1.52749 204811
1.52797 204821
1.52845 204831
1.52893 204841
1.52941 204851
1.52989 204861
1.53037 204871
1.53085 204881
1.53133 204891
1.53181 204901
1.5323 204911
1.53278 204921
1.53326 204931
1.53374 204941
1.53422 204951
1.5347 204961
1.53518 204971
1.53566 204981
1.53614 204991
1.53662 205001
1.5371 205011
1.53758 205021
1.53806 205031
1.53854 205041
1.53902 205051
1.5395 205061
1.53999 205071
1.54047 205081
1.54095 205091
1.54143 205101
1.54191 205111
1.54239 205121
1.54287 205131
1.54335 205141
1.54383 205151
1.54431 205161
1.54479 205171
1.54527 205181
1.54575 205191
1.54623 205201
1.54671 205211
1.54719 205221
1.54768 205231
1.54816 205241
1.54864 205251
1.54912 205261
1.5496 205271
1.55008 205281
1.55056 205291
1.55104 205301
1.55152 205311
1.552 205321
1.55248 205331
1.55296 205341
1.55344 205351
1.55392 205361
1.5544 205371
1.55489 205381
1.55537 205391
1.55585 205401
1.55633 205411
1.55681 205421
1.55729 205431
1.55777 205441
1.55825 205451
1.55873 205461
1.55921 205471
1.55969 205481
1.56017 205491
1.56065 205501
1.56113 205511
1.56161 205521
1.56209 205531
1.56258 205541
1.56306 205551
1.56354 205561
1.56402 205571
1.5645 205581
1.56498 205591
1.56546 205601
1.56594 205611
1.56642 205621
1.5669 205631
1.56738 205641
1.56786 205651
1.56834 205661
1.56882 205671
1.5693 205681
1.56978 205691
1.57027 205701
1.57075 205711
1.57123 205721
1.57171 205731
1.57219 205741
1.57267 205751
1.57315 205761
1.57363 205771
1.57411 205781
1.57459 205791
1.57507 205801
1.57555 205811
1.57603 205821
1.57651 205831
1.57699 205841
1.57748 205851
1.57796 205861
1.57844 205871
1.57892 205881
1.5794 205891
1.57988 205901
1.58036 205911
1.58084 205921
1.58132 205931
1.5818 205941
1.58228 205951
1.58276 205961
1.58324 205971
1.58372 205981
1.5842 205991
1.58468 206001
1.58517 206011
1.58565 206021
1.58613 206031
1.58661 206041
1.58709 206051
1.58757 206061
1.58805 206071
1.58853 206081
1.58901 206091
1.58949 206101
1.58997 206111
1.59045 206121
1.59093 206131
1.59141 206141
1.59189 206151
1.59238 206161
1.59286 206171
1.59334 206181
1.59382 206191
1.5943 206201
1.59478 206211
1.59526 206221
1.59574 206231
1.59622 206241
1.5967 206251
1.59718 206261
1.59766 206271
1.59814 206281
1.59862 206291
1.5991 206301
1.59958 206311
1.60007 206321
1.60055 206331
1.60103 206341
1.60151 206351
1.60199 206361
1.60247 206371
1.60295 206381
1.60343 206391
1.60391 206401
1.60439 206411
1.60487 206421
1.60535 206431
1.60583 206441
1.60631 206451
1.60679 206461
1.60727 206471
1.60776 206481
1.60824 206491
1.60872 206501
1.6092 206511
1.60968 206521
1.61016 206531
1.61064 206541
1.61112 206551
1.6116 206561
1.61208 206571
1.61256 206581
1.61304 206591
1.61352 206601
1.614 206611
1.61448 206621
1.61497 206631
1.61545 206641
1.61593 206651
1.61641 206661
1.61689 206671
1.61737 206681
1.61785 206691
1.61833 206701
1.61881 206711
1.61929 206721
1.61977 206731
1.62025 206741
1.62073 206751
1.62121 206761
1.62169 206771
1.62217 206781
1.62266 206791
1.62314 206801
1.62362 206811
1.6241 206821
1.62458 206831
1.62506 206841
1.62554 206851
1.62602 206861
1.6265 206871
1.62698 206881
1.62746 206891
1.62794 206901
1.62842 206911
1.6289 206921
1.62938 206931
1.62986 206941
1.63035 206951
1.63083 206961
1.63131 206971
1.63179 206981
1.63227 206991
1.63275 207001
1.63323 207011
1.63371 207021
1.63419 207031
1.63467 207041
1.63515 207051
1.63563 207061
1.63611 207071
1.63659 207081
1.63707 207091
1.63756 207101
1.63804 207111
1.63852 207121
1.639 207131
1.63948 207141
1.63996 207151
1.64044 207161
1.64092 207171
1.6414 207181
1.64188 207191
1.64236 207201
1.64284 207211
1.64332 207221
1.6438 207231
1.64428 207241
1.64476 207251
1.64525 207261
1.64573 207271
1.64621 207281
1.64669 207291
1.64717 207301
1.64765 207311
1.64813 207321
1.64861 207331
1.64909 207341
1.64957 207351
1.65005 207361
1.65053 207371
1.65101 207381
1.65149 207391
1.65197 207401
1.65246 207411
1.65294 207421
1.65342 207431
1.6539 207441
1.65438 207451
1.65486 207461
1.65534 207471
1.65582 207481
1.6563 207491
1.65678 207501
1.65726 207511
1.65774 207521
1.65822 207531
1.6587 207541
1.65918 207551
1.65966 207561
1.66015 207571
1.66063 207581
1.66111 207591
1.66159 207601
1.66207 207611
1.66255 207621
1.66303 207631
1.66351 207641
1.66399 207651
1.66447 207661
1.66495 207671
1.66543 207681
1.66591 207691
1.66639 207701
1.66687 207711
1.66735 207721
1.66784 207731
1.66832 207741
1.6688 207751
1.66928 207761
1.66976 207771
1.67024 207781
1.67072 207791
1.6712 207801
1.67168 207811
1.67216 207821
1.67264 207831
1.67312 207841
1.6736 207851
1.67408 207861
1.67456 207871
1.67505 207881
1.67553 207891
1.67601 207901
1.67649 207911
1.67697 207921
1.67745 207931
1.67793 207941
1.67841 207951
1.67889 207961
1.67937 207971
1.67985 207981
1.68033 207991
1.68081 208001
1.68129 208011
1.68177 208021
1.68225 208031
1.68274 208041
1.68322 208051
1.6837 208061
1.68418 208071
1.68466 208081
1.68514 208091
1.68562 208101
1.6861 208111
1.68658 208121
1.68706 208131
1.68754 208141
1.68802 208151
1.6885 208161
1.68898 208171
1.68946 208181
1.68994 208191
1.69043 208201
1.69091 208211
1.69139 208221
1.69187 208231
1.69235 208241
1.69283 208251
1.69331 208261
1.69379 208271
1.69427 208281
1.69475 208291
1.69523 208301
1.69571 208311
1.69619 208321
1.69667 208331
1.69715 208341
1.69764 208351
1.69812 208361
1.6986 208371
1.69908 208381
1.69956 208391
1.70004 208401
1.70052 208411
1.701 208421
1.70148 208431
1.70196 208441
1.70244 208451
1.70292 208461
1.7034 208471
1.70388 208481
1.70436 208491
1.70484 208501
1.70533 208511
1.70581 208521
1.70629 208531
1.70677 208541
1.70725 208551
1.70773 208561
1.70821 208571
1.70869 208581
1.70917 208591
1.70917 103424
1.70965 103444
1.70965 103424
1.71013 103444
1.71013 103424
1.71061 103444
1.71061 103424
1.71109 103444
1.71109 103424
1.71157 103444
1.71157 103424
1.71205 103444
1.71205 103424
1.71254 103444
1.71254 103424
1.71302 103444
1.71302 103424
1.7135 103444
1.7135 103424
1.71398 103444
1.71398 103424
1.71446 103444
1.71446 103424
1.71494 103444
1.71494 103424
1.71542 103444
1.71542 103424
1.7159 103444
1.7159 103424
1.71638 103444
1.71638 103424
1.71686 103444
1.71686 103424
1.71734 103444
1.71734 103424
1.71782 103444
1.71782 103424
1.7183 103444
1.7183 103424
1.71878 103444
1.71878 103424
1.71926 103444
1.71926 103424
1.71974 103444
1.71974 103424
1.72023 103444
1.72023 103424
1.72071 103444
1.72071 103424
1.72119 103444
1.72119 103424
1.72167 103444
1.72167 103424
1.72215 103444
1.72215 103424
1.72263 103444
1.72263 103424
1.72311 103444
1.72311 103424
1.72359 103444
1.72359 103424
1.72407 103444
1.72407 103424
1.72455 103444
1.72455 103424
1.72503 103444
1.72503 103424
1.72551 103444
1.72551 103424
1.72599 103444
1.72599 103424
1.72647 103444
1.72647 103424
1.72695 103444
1.72695 103424
1.72743 103444
1.72743 103424
1.72792 103444
1.72792 103424
1.7284 103444
1.7284 103424
1.72888 103444
1.72888 103424
1.72936 103444
1.72936 103424
1.72984 103444
1.72984 103424
1.73032 103444
1.73032 103424
1.7308 103444
1.7308 103424
1.73128 103444
1.73128 103424
1.73176 103444
1.73176 103424
1.73224 103444
1.73224 103424
1.73272 103444
1.73272 103424
1.7332 103444
1.7332 103424
1.73368 103444
1.73368 103424
1.73416 103444
1.73416 103424
1.73464 103444
1.73464 103424
1.73513 103444
1.73513 103424
1.73561 103444
1.73561 103424
1.73609 103444
1.73609 103424
1.73657 103444
1.73657 103424
1.73705 103444
1.73705 103424
1.73753 103444
1.73753 103424
1.73801 103444
1.73801 103424
1.73849 103444
1.73849 103424
1.73897 103444
1.73897 103424
1.73945 103444
1.73945 103424
1.73993 103444
1.73993 103424
1.74041 103444
1.74041 103424
1.74089 103444
1.74089 103424
1.74137 103444
1.74137 103424
1.74185 103444
1.74185 103424
1.74233 103444
1.74233 103424
1.74282 103444
1.74282 103424
1.7433 103444
1.7433 103424
1.74745 103444
1.74793 103464
1.74841 103484
1.74889 103504
1.74937 103524
1.74986 103544
1.75034 103564
1.75082 103584
1.7513 103604
1.75178 103624
1.75226 103644
1.75274 103664
1.75322 103684
1.7537 103704
1.75418 103724
1.75466 103744
1.75514 103764
1.75562 103784
1.7561 103804
1.75658 103824
1.75706 103844
1.75755 103864
1.75803 103884
1.75851 103904
1.75899 103924
1.75947 103944
1.75995 103964
1.76043 103984
1.76091 104004
1.76139 104024
1.76187 104044
1.76235 104064
1.76283 104084
1.76331 104104
1.76379 104124
1.76795 104144
1.76843 104164
1.76891 104184
1.76939 104204
1.76987 104224
1.77035 104244
1.77083 104264
1.77131 104284
1.7718 104304
1.77228 104324
1.77276 104344
1.77324 104364
1.77372 104384
1.7742 104404
1.77468 104424
1.77516 104444
1.77564 104464
1.77612 104484
1.7766 104504
1.77708 104524
1.77756 104544
1.77804 104564
1.77852 104584
1.779 104604
1.77949 104624
1.77997 104644
1.78045 104664
1.78093 104684
1.78141 104704
1.78189 104724
1.78237 104744
1.78285 104764
1.78333 104784
1.78381 104804
1.78429 104824
1.78845 104844
1.78893 104863
1.78941 104882
1.78989 104901
1.79037 104920
1.79085 104939
1.79133 104958
1.79181 104977
1.79229 104996
1.79277 105015
1.79325 105034
1.79374 105053
1.79422 105072
1.7947 105091
1.79518 105110
1.79566 105129
1.79614 105148
1.79662 105167
1.7971 105186
1.79758 105205
1.79806 105224
1.79854 105243
1.79902 105262
1.7995 105281
1.79998 105300
1.80046 105319
1.80094 105338
1.80143 105357
1.80191 105376
1.80239 105395
1.80287 105414
1.80335 105433
1.80383 105452
1.80431 105471
1.80479 105490
1.80527 105509
1.80919 105528
1.80967 105547
1.81015 105566
1.81063 105585
1.81111 105604
1.81159 105623
1.81207 105642
1.81255 105661
1.81303 105680
1.81351 105699
1.81399 105718
1.81447 105737
1.81495 105756
1.81543 105775
1.81592 105794
1.8164 105813
1.81688 105832
1.81736 105851
1.81784 105870
1.81832 105889
1.8188 105908
1.81928 105927
1.81976 105946
1.82024 105965
1.82072 105984
1.8212 106003
1.82168 106022
1.82216 106041
1.82264 106060
1.82312 106079
1.82361 106098
1.82409 106117
1.82457 106136
1.82505 106155
1.82553 106174
1.82601 106193
1.82992 106212
1.83041 106231
1.83089 106250
1.83137 106269
1.83185 106288
1.83233 106307
1.83281 106326
1.83329 106345
1.83377 106364
1.83425 106383
1.83473 106402
1.83521 106421
1.83569 106440
1.83617 106459
1.83665 106478
1.83713 106497
1.83761 106516
1.8381 106535
1.83858 106554
1.83906 106573
1.83954 106592
1.84002 106611
1.8405 106630
1.84098 106649
1.84146 106668
1.84194 106687
1.84242 106706
1.8429 106725
1.84338 106744
1.84386 106763
1.84434 106782
1.84482 106801
1.8453 106820
1.84579 106839
1.84627 106858
1.84675 106877
1.85042 106896
1.8509 106915
1.85138 106934
1.85186 106953
1.85234 106972
1.85283 106991
1.85331 107010
1.85379 107029
1.85427 107048
1.85475 107067
1.85523 107086
1.85571 107105
1.85619 107124
1.85667 107143
1.85715 107162
1.85763 107181
1.85811 107200
1.85859 107219
1.85907 107238
1.85955 107257
1.86004 107276
1.86052 107295
1.861 107314
1.86148 107333
1.86196 107352
1.86244 107371
1.86292 107390
1.8634 107409
1.86388 107428
1.86436 107447
1.86484 107466
1.86532 107485
1.8658 107504
1.86628 107523
1.86676 107542
1.86724 107561
1.87092 107580
1.8714 107599
1.87188 107618
1.87236 107637
1.87284 107656
1.87332 107675
1.8738 107694
1.87428 107713
1.87477 107732
1.87525 107751
1.87573 107770
1.87621 107789
1.87669 107808
1.87717 107827
1.87765 107846
1.87813 107865
1.87861 107884
1.87909 107903
1.87957 107922
1.88005 107941
1.88053 107960
1.88101 107979
1.88149 107998
1.88198 108017
1.88246 108036
1.88294 108055
1.88342 108074
1.8839 108093
1.88438 108112
1.88486 108131
1.88534 108150
1.88582 108169
1.8863 108188
1.88678 108207
1.88726 108226
1.88774 108245
1.88822 108264
1.89166 108283
1.89214 108302
1.89262 108321
1.8931 108340
1.89358 108359
1.89406 108378
1.89454 108397
1.89502 108416
1.8955 108435
1.89598 108454
1.89646 108473
1.89695 108492
1.89743 108511
1.89791 108530
1.89839 108549
1.89887 108568
1.89935 108587
1.89983 108606
1.90031 108625
1.90079 108644
1.90127 108663
1.90175 108682
1.90223 108701
1.90271 108720
1.90319 108739
1.90367 108758
1.90416 108777
1.90464 108796
1.90512 108815
1.9056 108834
1.90608 108853
1.90656 108872
1.90704 108891
1.90752 108910
1.908 108929
1.90848 108948
1.90896 108967
1.9124 108986
1.91288 109005
1.91336 109024
1.91384 109043
1.91432 109062
1.9148 109081
1.91528 109100
1.91576 109119
1.91624 109138
1.91672 109157
1.9172 109176
1.91768 109195
1.91816 109214
1.91865 109233
1.91913 109252
1.91961 109271
1.92009 109290
1.92057 109309
1.92105 109328
1.92153 109347
1.92201 109366
1.92249 109385
1.92297 109404
1.92345 109423
1.92393 109442
1.92441 109461
1.92489 109480
1.92537 109499
1.92585 109518
1.92634 109537
1.92682 109556
1.9273 109575
1.92778 109594
1.92826 109613
1.92874 109632
1.92922 109651
1.9297 109670
1.93289 109689
1.93338 109708
1.93386 109727
1.93434 109746
1.93482 109765
1.9353 109784
1.93578 109803
1.93626 109822
1.93674 109841
1.93722 109860
1.9377 109879
1.93818 109898
1.93866 109917
1.93914 109936
1.93962 109955
1.9401 109974
1.94058 109993
1.94107 110012
1.94155 110031
1.94203 110050
1.94251 110069
1.94299 110088
1.94347 110107
1.94395 110126
1.94443 110145
1.94491 110164
1.94539 110183
1.94587 110202
1.94635 110221
1.94683 110240
1.94731 110259
1.94779 110278
1.94828 110297
1.94876 110316
1.94924 110335
1.94972 110354
1.9502 110372
1.95339 110390
1.95387 110408
1.95435 110426
1.95483 110444
1.95532 110462
1.9558 110480
1.95628 110498
1.95676 110516
1.95724 110534
1.95772 110552
1.9582 110570
1.95868 110588
1.95916 110606
1.95964 110624
1.96012 110642
1.9606 110660
1.96108 110678
1.96156 110696
1.96204 110714
1.96252 110732
1.96301 110750
1.96349 110768
1.96397 110786
1.96445 110804
1.96493 110822
1.96541 110840
1.96589 110858
1.96637 110876
1.96685 110894
1.96733 110912
1.96781 110930
1.96829 110948
1.96877 110966
1.96925 110984
1.96973 111002
1.97022 111020
1.9707 111038
1.97118 111056
1.97413 111074
1.97461 111092
1.97509 111110
1.97557 111128
1.97605 111146
1.97653 111164
1.97701 111182
1.9775 111200
1.97798 111218
1.97846 111236
1.97894 111254
1.97942 111272
1.9799 111290
1.98038 111308
1.98086 111326
1.98134 111344
1.98182 111362
1.9823 111380
1.98278 111398
1.98326 111416
1.98374 111434
1.98422 111452
1.9847 111470
1.98519 111488
1.98567 111506
1.98615 111524
1.98663 111542
1.98711 111560
1.98759 111578
1.98807 111596
1.98855 111614
1.98903 111632
1.98951 111650
1.98999 111668
1.99047 111686
1.99095 111704
1.99143 111722
1.99191 111740
1.99487 111758
1.99535 111776
1.99583 111794
1.99631 111812
1.99679 111830
1.99727 111848
1.99775 111866
1.99823 111884
1.99871 111902
1.99919 111920
1.99968 111938
2.00016 111956
2.00064 111974
2.00112 111992
2.0016 112010
2.00208 112028
2.00256 112046
2.00304 112064
2.00352 112082
2.004 112100
2.00448 112118
2.00496 112136
2.00544 112154
2.00592 112172
2.0064 112190
2.00689 112208
2.00737 112226
2.00785 112244
2.00833 112262
2.00881 112280
2.00929 112298
2.00977 112316
2.01025 112334
2.01073 112352
2.01121 112370
2.01169 112388
2.01217 112406
2.01265 112424
2.01537 112442
2.01585 112460
2.01633 112478
2.01681 112496
2.01729 112514
2.01777 112532
2.01825 112550
2.01873 112568
2.01921 112586
2.01969 112604
2.02017 112622
2.02065 112640
2.02113 112658
2.02162 112676
2.0221 112694
2.02258 112712
2.02306 112730
2.02354 112748
2.02402 112766
2.0245 112784
2.02498 112802
2.02546 112820
2.02594 112838
2.02642 112856
2.0269 112874
2.02738 112892
2.02786 112910
2.02834 112928
2.02882 112946
2.02931 112964
2.02979 112982
2.03027 113000
2.03075 113018
2.03123 113036
2.03171 113054
2.03219 113072
2.03267 113090
2.03315 113108
2.03586 113126
2.03635 113144
2.03683 113162
2.03731 113180
2.03779 113198
2.03827 113216
2.03875 113234
2.03923 113252
2.03971 113270
2.04019 113288
2.04067 113306
2.04115 113324
2.04163 113342
2.04211 113360
2.04259 113378
2.04307 113396
2.04356 113414
2.04404 113432
2.04452 113450
2.045 113468
2.04548 113486
2.04596 113504
2.04644 113522
2.04692 113540
2.0474 113558
2.04788 113576
2.04836 113594
2.04884 113612
2.04932 113630
2.0498 113648
2.05028 113666
2.05076 113684
2.05125 113702
2.05173 113720
2.05221 113738
2.05269 113756
2.05317 113774
2.05365 113792
2.05413 113810
2.0566 113828
2.05708 113846
2.05756 113864
2.05805 113882
2.05853 113900
2.05901 113918
2.05949 113936
2.05997 113954
2.06045 113972
2.06093 113990
2.06141 114008
2.06189 114026
2.06237 114044
2.06285 114062
2.06333 114080
2.06381 114098
2.06429 114116
2.06477 114134
2.06525 114152
2.06574 114170
2.06622 114188
2.0667 114206
2.06718 114224
2.06766 114242
2.06814 114260
2.06862 114278
2.0691 114296
2.06958 114314
2.07006 114332
2.07054 114350
2.07102 114368
2.0715 114386
2.07198 114404
2.07246 114422
2.07294 114440
2.07343 114458
2.07391 114476
2.07439 114494
2.07487 114512
2.07734 114530
2.07782 114548
2.0783 114566
2.07878 114584
2.07926 114602
2.07974 114620
2.08023 114638
2.08071 114656
2.08119 114674
2.08167 114692
2.08215 114710
2.08263 114728
2.08311 114746
2.08359 114764
2.08407 114782
2.08455 114800
2.08503 114818
2.08551 114836
2.08599 114854
2.08647 114872
2.08695 114890
2.08743 114908
2.08792 114926
2.0884 114944
2.08888 114962
2.08936 114980
2.08984 114998
2.09032 115016
2.0908 115034
2.09128 115052
2.09176 115070
2.09224 115088
2.09272 115106
2.0932 115124
2.09368 115142
2.09416 115160
2.09464 115178
2.09513 115196
2.09561 115214
2.09784 115232
2.09832 115250
2.0988 115268
2.09928 115286
2.09976 115304
2.10024 115322
2.10072 115340
2.1012 115358
2.10168 115376
2.10217 115394
2.10265 115412
2.10313 115430
2.10361 115448
2.10409 115466
2.10457 115484
2.10505 115502
2.10553 115520
2.10601 115538
2.10649 115556
2.10697 115574
2.10745 115592
2.10793 115610
2.10841 115628
2.10889 115646
2.10937 115664
2.10986 115682
2.11034 115700
2.11082 115718
2.1113 115736
2.11178 115754
2.11226 115772
2.11274 115790
2.11322 115808
2.1137 115826
2.11418 115844
2.11466 115862
2.11514 115880
2.11562 115898
2.1161 115916
2.11834 115934
2.11882 115952
2.1193 115970
2.11978 115988
2.12026 116006
2.12074 116024
2.12122 116042
2.1217 116060
2.12218 116078
2.12266 116096
2.12314 116114
2.12362 116132
2.1241 116150
2.12459 116168
2.12507 116186
2.12555 116204
2.12603 116222
2.12651 116240
2.12699 116258
2.12747 116276
2.12795 116294
2.12843 116312
2.12891 116330
2.12939 116348
2.12987 116366
2.13035 116384
2.13083 116402
2.13131 116420
2.1318 116438
2.13228 116456
2.13276 116474
2.13324 116492
2.13372 116509
2.1342 116526
2.13468 116543
2.13516 116560
2.13564 116577
2.13612 116594
2.1366 116611
2.13708 116628
2.13908 116645
2.13956 116662
2.14004 116679
2.14052 116696
2.141 116713
2.14148 116730
2.14196 116747
2.14244 116764
2.14292 116781
2.1434 116798
2.14388 116815
2.14436 116832
2.14484 116849
2.14532 116866
2.1458 116883
2.14629 116900
2.14677 116917
2.14725 116934
2.14773 116951
2.14821 116968
2.14869 116985
2.14917 117002
2.14965 117019
2.15013 117036
2.15061 117053
2.15109 117070
2.15157 117087
2.15205 117104
2.15253 117121
2.15301 117138
2.15349 117155
2.15398 117172
2.15446 117189
2.15494 117206
2.15542 117223
2.1559 117240
2.15638 117257
2.15686 117274
2.15734 117291
2.15782 117308
2.15981 117325
2.16029 117342
2.16078 117359
2.16126 117376
2.16174 117393
2.16222 117410
2.1627 117427
2.16318 117444
2.16366 117461
2.16414 117478
2.16462 117495
2.1651 117512
2.16558 117529
2.16606 117546
2.16654 117563
2.16702 117580
2.1675 117597
2.16798 117614
2.16847 117631
2.16895 117648
2.16943 117665
2.16991 117682
2.17039 117699
2.17087 117716
2.17135 117733
2.17183 117750
2.17231 117767
2.17279 117784
2.17327 117801
2.17375 117818
2.17423 117835
2.17471 117852
2.17519 117869
2.17567 117886
2.17616 117903
2.17664 117920
2.17712 117937
2.1776 117954
2.17808 117971
2.17856 117988
2.18031 118005
2.18079 118022
2.18127 118039
2.18175 118056
2.18223 118073
2.18271 118090
2.1832 118107
2.18368 118124
2.18416 118141
2.18464 118158
2.18512 118175
2.1856 118192
2.18608 118209
2.18656 118226
2.18704 118243
2.18752 118260
2.188 118277
2.18848 118294
2.18896 118311
2.18944 118328
2.18992 118345
2.19041 118362
2.19089 118379
2.19137 118396
2.19185 118413
2.19233 118430
2.19281 118447
2.19329 118464
2.19377 118481
2.19425 118498
2.19473 118515
2.19521 118532
2.19569 118549
2.19617 118566
2.19665 118583
2.19713 118600
2.19761 118617
2.1981 118634
2.19858 118651
2.19906 118668
2.20081 118685
2.20129 118702
2.20177 118719
2.20225 118736
2.20273 118753
2.20321 118770
2.20369 118787
2.20417 118804
2.20465 118821
2.20514 118838
2.20562 118855
2.2061 118872
2.20658 118889
2.20706 118906
2.20754 118923
2.20802 118940
2.2085 118957
2.20898 118974
2.20946 118991
2.20994 119008
2.21042 119025
2.2109 119042
2.21138 119059
2.21186 119076
2.21234 119093
2.21283 119110
2.21331 119127
2.21379 119144
2.21427 119161
2.21475 119178
2.21523 119195
2.21571 119212
2.21619 119229
2.21667 119246
2.21715 119263
2.21763 119280
2.21811 119297
2.21859 119314
2.21907 119331
2.21955 119348
2.22131 119365
2.22179 119382
2.22227 119399
2.22275 119416
2.22323 119433
2.22371 119450
2.22419 119467
2.22467 119484
2.22515 119501
2.22563 119518
2.22611 119535
2.22659 119552
2.22708 119569
2.22756 119586
2.22804 119603
2.22852 119620
2.229 119637
2.22948 119654
2.22996 119671
2.23044 119688
2.23092 119705
2.2314 119722
2.23188 119739
2.23236 119756
2.23284 119773
2.23332 119790
2.2338 119807
2.23428 119824
2.23477 119841
2.23525 119858
2.23573 119875
2.23621 119892
2.23669 119909
2.23717 119926
2.23765 119943
2.23813 119960
2.23861 119977
2.23909 119994
2.23957 120011
2.24005 120028
2.24053 120045
2.24205 120062
2.24253 120079
2.24301 120096
2.24349 120113
2.24397 120130
2.24445 120147
2.24493 120164
2.24541 120181
2.24589 120198
2.24637 120215
2.24685 120232
2.24733 120249
2.24781 120266
2.24829 120283
2.24877 120300
2.24926 120317
2.24974 120334
2.25022 120351
2.2507 120368
2.25118 120385
2.25166 120402
2.25214 120419
2.25262 120436
2.2531 120453
2.25358 120470
2.25406 120487
2.25454 120504
2.25502 120521
2.2555 120538
2.25598 120555
2.25646 120572
2.25695 120589
2.25743 120606
2.25791 120623
2.25839 120640
2.25887 120657
2.25935 120674
2.25983 120691
2.26031 120708
2.26079 120725
2.26127 120742
2.26278 120759
2.26326 120776
2.26375 120793
2.26423 120810
2.26471 120827
2.26519 120844
2.26567 120861
2.26615 120878
2.26663 120895
2.26711 120912
2.26759 120929
2.26807 120946
2.26855 120963
2.26903 120980
2.26951 120997
2.26999 121014
2.27047 121031
2.27095 121048
2.27144 121065
2.27192 121082
2.2724 121099
2.27288 121116
2.27336 121133
2.27384 121150
2.27432 121167
2.2748 121184
2.27528 121201
2.27576 121218
2.27624 121235
2.27672 121252
2.2772 121269
2.27768 121286
2.27816 121303
2.27865 121320
2.27913 121337
2.27961 121354
2.28009 121371
2.28057 121388
2.28105 121405
2.28153 121422
2.28201 121439
2.28328 121456
2.28376 121473
2.28424 121490
2.28472 121507
2.2852 121524
2.28569 121541
2.28617 121558
2.28665 121575
2.28713 121592
2.28761 121609
2.28809 121626
2.28857 121643
2.28905 121660
2.28953 121677
2.29001 121694
2.29049 121711
2.29097 121728
2.29145 121745
2.29193 121762
2.29241 121779
2.29289 121796
2.29338 121813
2.29386 121830
2.29434 121847
2.29482 121864
2.2953 121881
2.29578 121898
2.29626 121915
2.29674 121932
2.29722 121949
2.2977 121966
2.29818 121983
2.29866 122000
2.29914 122017
2.29962 122034
2.3001 122051
2.30058 122068
2.30107 122085
2.30155 122102
2.30203 122119
2.30251 122136
2.30378 122153
2.30426 122170
2.30474 122187
2.30522 122204
2.3057 122221
2.30618 122238
2.30666 122255
2.30714 122272
2.30762 122289
2.30811 122306
2.30859 122323
2.30907 122340
2.30955 122357
2.31003 122374
2.31051 122391
2.31099 122408
2.31147 122425
2.31195 122442
2.31243 122459
2.31291 122476
2.31339 122493
2.31387 122510
2.31435 122527
2.31483 122544
2.31532 122561
2.3158 122578
2.31628 122595
2.31676 122612
2.31724 122629
2.31772 122646
2.3182 122663
2.31868 122680
2.31916 122697
2.31964 122714
2.32012 122731
2.3206 122748
2.32108 122765
2.32156 122782
2.32204 122799
2.32252 122816
2.32301 122833
2.32349 122850
2.32452 122867
2.325 122884
2.32548 122901
2.32596 122918
2.32644 122935
2.32692 122952
2.3274 122969
2.32788 122986
2.32836 123003
2.32884 123020
2.32932 123037
2.32981 123054
2.33029 123071
2.33077 123088
2.33125 123105
2.33173 123122
2.33221 123139
2.33269 123156
2.33317 123173
2.33365 123190
2.33413 123207
2.33461 123224
2.33509 123241
2.33557 123258
2.33605 123275
2.33653 123292
2.33701 123309
2.3375 123326
2.33798 123343
2.33846 123359
2.33894 123375
2.33942 123391
2.3399 123407
2.34038 123423
2.34086 123439
2.34134 123455
2.34182 123471
2.3423 123487
2.34278 123503
2.34326 123519
2.34374 123535
2.34422 123551
2.34526 123567
2.34574 123583
2.34622 123599
2.3467 123615
2.34718 123631
2.34766 123647
2.34814 123663
2.34862 123679
2.3491 123695
2.34958 123711
2.35006 123727
2.35054 123743
2.35102 123759
2.3515 123775
2.35199 123791
2.35247 123807
2.35295 123823
2.35343 123839
2.35391 123855
2.35439 123871
2.35487 123887
2.35535 123903
2.35583 123919
2.35631 123935
2.35679 123951
2.35727 123967
2.35775 123983
2.35823 123999
2.35871 124015
2.35919 124031
2.35968 124047
2.36016 124063
2.36064 124079
2.36112 124095
2.3616 124111
2.36208 124127
2.36256 124143
2.36304 124159
2.36352 124175
2.364 124191
2.36448 124207
2.36496 124223
2.36575 124239
2.36623 124255
2.36672 124271
2.3672 124287
2.36768 124303
2.36816 124319
2.36864 124335
2.36912 124351
2.3696 124367
2.37008 124383
2.37056 124399
2.37104 124415
2.37152 124431
2.372 124447
2.37248 124463
2.37296 124479
2.37344 124495
2.37393 124511
2.37441 124527
2.37489 124543
2.37537 124559
2.37585 124575
2.37633 124591
2.37681 124607
2.37729 124623
2.37777 124639
2.37825 124655
2.37873 124671
2.37921 124687
2.37969 124703
2.38017 124719
2.38065 124735
2.38113 124751
2.38162 124767
2.3821 124783
2.38258 124799
2.38306 124815
2.38354 124831
2.38402 124847
2.3845 124863
2.38498 124879
2.38546 124895
2.38625 124911
2.38673 124927
2.38721 124943
2.38769 124959
2.38817 124975
2.38866 124991
2.38914 125007
2.38962 125023
2.3901 125039
2.39058 125055
2.39106 125071
2.39154 125087
2.39202 125103
2.3925 125119
2.39298 125135
2.39346 125151
2.39394 125167
2.39442 125183
2.3949 125199
2.39538 125215
2.39586 125231
2.39635 125247
2.39683 125263
2.39731 125279
2.39779 125295
2.39827 125311
2.39875 125327
2.39923 125343
2.39971 125359
2.40019 125375
2.40067 125391
2.40115 125407
2.40163 125423
2.40211 125439
2.40259 125455
2.40307 125471
2.40356 125487
2.40404 125503
2.40452 125519
2.405 125535
2.40548 125551
2.40596 125567
2.40644 125583
2.40699 125599
2.40747 125615
2.40795 125631
2.40843 125647
2.40891 125663
2.40939 125679
2.40987 125695
2.41035 125711
2.41084 125727
2.41132 125743
2.4118 125759
2.41228 125775
2.41276 125791
2.41324 125807
2.41372 125823
2.4142 125839
2.41468 125855
2.41516 125871
2.41564 125887
2.41612 125903
2.4166 125919
2.41708 125935
2.41756 125951
2.41805 125967
2.41853 125983
2.41901 125999
2.41949 126015
2.41997 126031
2.42045 126047
2.42093 126063
2.42141 126079
2.42189 126095
2.42237 126111
2.42285 126127
2.42333 126143
2.42381 126159
2.42429 126175
2.42477 126191
2.42525 126207
2.42574 126223
2.42622 126239
2.4267 126255
2.42718 126271
2.42773 126287
2.42821 126303
2.42869 126319
2.42917 126335
2.42965 126351
2.43013 126367
2.43061 126383
2.43109 126399
2.43157 126415
2.43205 126431
2.43254 126447
2.43302 126463
2.4335 126479
2.43398 126495
2.43446 126511
2.43494 126527
2.43542 126543
2.4359 126559
2.43638 126575
2.43686 126591
2.43734 126607
2.43782 126623
2.4383 126639
2.43878 126655
2.43926 126671
2.43974 126687
2.44023 126703
2.44071 126719
2.44119 126735
2.44167 126751
2.44215 126767
2.44263 126783
2.44311 126799
2.44359 126815
2.44407 126831
2.44455 126847
2.44503 126863
2.44551 126879
2.44599 126895
2.44647 126911
2.44695 126927
2.44743 126943
2.44792 126959
2.4484 126975
2.44888 126991
2.44936 127007
2.44984 127023
2.45032 127039
2.4508 127055
2.45128 127071
2.45176 127087
2.45224 127103
2.45272 127119
2.4532 127135
2.45368 127151
2.45416 127167
2.45464 127183
2.45513 127199
2.45561 127215
2.45609 127231
2.45657 127247
2.45705 127263
2.45753 127279
2.45801 127295
2.45849 127311
2.45897 127327
2.45945 127343
2.45993 127359
2.46041 127375
2.46089 127391
2.46137 127407
2.46185 127423
2.46233 127439
2.46282 127455
2.4633 127471
2.46378 127487
2.46426 127503
2.46474 127519
2.46522 127535
2.4657 127551
2.46618 127567
2.46666 127583
2.46714 127599
2.46762 127615
2.4681 127631
2.46858 127647
2.46906 127663
2.46954 127679
2.47002 127695
2.47051 127711
2.47099 127727
2.47147 127743
2.47195 127759
2.47243 127775
2.47291 127791
2.47339 127807
2.47387 127823
2.47435 127839
2.47483 127855
2.47531 127871
2.47579 127887
2.47627 127903
2.47675 127919
2.47723 127935
2.47772 127951
2.4782 127967
2.47868 127983
2.47916 127999
2.47964 128015
2.48012 128031
2.4806 128047
2.48108 128063
2.48156 128079
2.48204 128095
2.48252 128111
2.483 128127
2.48348 128143
2.48396 128159
2.48444 128175
2.48492 128191
2.48541 128207
2.48589 128223
2.48637 128239
2.48685 128255
2.48733 128271
2.48781 128287
2.48829 128303
2.48877 128319
2.48925 128335
2.48973 128351
2.49021 128367
2.49069 128383
2.49117 128399
2.49165 128415
2.49213 128431
2.49262 128447
2.4931 128463
2.49358 128479
2.49406 128495
2.49454 128511
2.49502 128527
2.4955 128543
2.49598 128559
2.49646 128575
2.49694 128591
2.49742 128607
2.4979 128623
2.49838 128639
2.49886 128655
2.49934 128671
2.49982 128687
2.50031 128703
2.50079 128719
2.50127 128735
2.50175 128751
2.50223 128767
2.50271 128783
2.50319 128799
2.50367 128815
2.50415 128831
2.50463 128847
2.50511 128863
2.50559 128879
2.50607 128895
2.50655 128911
2.50703 128927
2.50751 128943
2.508 128959
2.50848 128975
2.50896 128991
2.50944 129007
2.50992 129023
2.5104 129039
2.51088 129055
2.51136 129071
2.51184 129087
2.51232 129103
2.5128 129119
2.51328 129135
2.51376 129151
2.51424 129167
2.51472 129183
2.51521 129199
2.51569 129215
2.51617 129231
2.51665 129247
2.51713 129263
2.51761 129279
2.51809 129295
2.51857 129311
2.51905 129327
2.51953 129343
2.52001 129359
2.52049 129375
2.52097 129391
2.52145 129407
2.52193 129423
2.52241 129439
2.5229 129455
2.52338 129471
2.52386 129487
2.52434 129503
2.52482 129519
2.5253 129535
2.52578 129551
2.52626 129567
2.52674 129583
2.52722 129599
2.5277 129615
2.52818 129631
2.52866 129647
2.52914 129663
2.52962 129679
2.5301 129695
2.53059 129711
2.53107 129727
2.53155 129743
2.53203 129759
2.53251 129775
2.53299 129791
2.53347 129807
2.53395 129823
2.53443 129839
2.53491 129855
2.53539 129871
2.53587 129887
2.53635 129903
2.53683 129919
2.53731 129935
2.5378 129951
2.53828 129967
2.53876 129983
2.53924 129999
2.53972 130015
2.5402 130031
2.54068 130047
2.54116 130063
2.54164 130079
2.54212 130095
2.5426 130111
2.54308 130127
2.54356 130143
2.54404 130159
2.54452 130175
2.545 130191
2.54549 130207
2.54597 130223
2.54645 130239
2.54693 130255
2.54741 130271
2.54789 130287
2.54837 130303
2.54885 130319
2.54933 130335
2.54981 130351
2.55029 130367
2.55077 130383
2.55125 130399
2.55173 130415
2.55221 130431
2.5527 130447
2.55318 130463
2.55366 130479
2.55414 130495
2.55462 130511
2.5551 130527
2.55558 130543
2.55606 130559
2.55654 130575
2.55702 130591
2.5575 130607
2.55798 130623
2.55846 130639
2.55894 130655
2.55942 130671
2.5599 130687
2.56039 130703
2.56087 130719
2.56135 130735
2.56183 130751
2.56231 130767
2.56279 130783
2.56327 130799
2.56375 130815
2.56423 130831
2.56471 130847
2.56519 130863
2.56567 130879
2.56615 130895
2.56663 130911
2.56711 130927
2.56759 130943
2.56808 130959
2.56856 130975
2.56904 130991
2.56952 131007
2.57 131023
2.57048 131039
2.57096 131055
2.57144 131070
2.57192 131085
2.5724 131100
2.57288 131115
2.57336 131130
2.57384 131145
2.57432 131160
2.5748 131175
2.57529 131190
2.57577 131205
2.57625 131220
2.57673 131235
2.57721 131250
2.57769 131265
2.57817 131280
2.57865 131295
2.57913 131310
2.57961 131325
2.58009 131340
2.58057 131355
2.58105 131370
2.58153 131385
2.58201 131400
2.58249 131415
2.58298 131430
2.58346 131445
2.58394 131460
2.58442 131475
2.5849 131490
2.58538 131505
2.58586 131520
2.58634 131535
2.58682 131550
2.5873 131565
2.58778 131580
2.58826 131595
2.58874 131610
2.58922 131625
2.5897 131640
2.59018 131655
2.59067 131670
2.59115 131685
2.59163 131700
2.59211 131715
2.59259 131730
2.59307 131745
2.59355 131760
2.59403 131775
2.59451 131790
2.59499 131805
2.59547 131820
2.59595 131835
2.59643 131850
2.59691 131865
2.59739 131880
2.59788 131895
2.59836 131910
2.59884 131925
2.59932 131940
2.5998 131955
2.60028 131970
2.60076 131985
2.60124 132000
2.60172 132015
2.6022 132030
2.60268 132045
2.60316 132060
2.60364 132075
2.60412 132090
2.6046 132105
2.60508 132120
2.60557 132135
2.60605 132150
2.60653 132165
2.60701 132180
2.60749 132195
2.60797 132210
2.60845 132225
2.60893 132240
2.60941 132255
2.60989 132270
2.61037 132285
2.61085 132300
2.61133 132315
2.61181 132330
2.61229 132345
2.61278 132360
2.61326 132375
2.61374 132390
2.61422 132405
2.6147 132420
2.61518 132435
2.61566 132450
2.61614 132465
2.61662 132480
2.6171 132495
2.61758 132510
2.61806 132525
2.61854 132540
2.61902 132555
2.6195 132570
2.61998 132585
2.62047 132600
2.62095 132615
2.62143 132630
2.62191 132645
2.62239 132660
2.62287 132675
2.62335 132690
2.62383 132705
2.62431 132720
2.62479 132735
2.62527 132750
2.62575 132765
2.62623 132780
2.62671 132795
2.62719 132810
2.62767 132825
2.62816 132840
2.62864 132855
2.62912 132870
2.6296 132885
2.63008 132900
2.63056 132915
2.63104 132930
2.63152 132945
2.632 132960
2.63248 132975
2.63296 132990
2.63344 133005
2.63392 133020
2.6344 133035
2.63488 133050
2.63537 133065
2.63585 133080
2.63633 133095
2.63681 133110
2.63729 133125
2.63777 133140
2.63825 133155
2.63873 133170
2.63921 133185
2.63969 133200
2.64017 133215
2.64065 133230
2.64113 133245
2.64161 133260
2.64209 133275
2.64257 133290
2.64306 133305
2.64354 133320
2.64402 133335
2.6445 133350
2.64498 133365
2.64546 133380
2.64594 133395
2.64642 133410
2.6469 133425
2.64738 133440
2.64786 133455
2.64834 133470
2.64882 133485
2.6493 133500
2.64978 133515
2.65026 133530
2.65075 133545
2.65123 133560
2.65171 133575
2.65219 133590
2.65267 133605
2.65315 133620
2.65363 133635
2.65411 133650
2.65459 133665
2.65507 133680
2.65555 133695
2.65603 133710
2.65651 133725
2.65699 133740
2.65747 133755
2.65796 133770
2.65844 133785
2.65892 133800
2.6594 133815
2.65988 133830
2.66036 133845
2.66084 133860
2.66132 133875
2.6618 133890
2.66228 133905
2.66276 133920
2.66324 133935
2.66372 133950
2.6642 133965
2.66468 133980
2.66516 133995
2.66565 134010
2.66613 134025
2.66661 134040
2.66709 134055
2.66757 134070
2.66805 134085
2.66853 134100
2.66901 134115
2.66949 134130
2.66997 134145
2.67045 134160
2.67093 134175
2.67141 134190
2.67189 134205
2.67237 134220
2.67286 134235
2.67334 134250
2.67382 134265
2.6743 134280
2.67478 134295
2.67526 134310
2.67574 134325
2.67622 134340
2.6767 134355
2.67718 134370
2.67766 134385
2.67814 134400
2.67862 134415
2.6791 134430
2.67958 134445
2.68006 134460
2.68055 134475
2.68103 134490
2.68151 134505
2.68199 134520
2.68247 134535
2.68295 134550
2.68343 134565
2.68391 134580
2.68439 134595
2.68487 134610
2.68535 134625
2.68583 134640
2.68631 134655
2.68679 134670
2.68727 134685
2.68775 134700
2.68824 134715
2.68872 134730
2.6892 134745
2.68968 134760
2.69016 134775
2.69064 134790
2.69112 134805
2.6916 134820
2.69208 134835
2.69256 134850
2.69304 134865
2.69352 134880
2.694 134895
2.69448 134910
2.69496 134925
2.69545 134940
2.69593 134955
2.69641 134970
2.69689 134985
2.69737 135000
2.69785 135015
2.69833 135030
2.69881 135045
2.69929 135060
2.69977 135075
2.70025 135090
2.70073 135105
2.70121 135120
2.70169 135135
2.70217 135150
2.70265 135165
2.70314 135180
2.70362 135195
2.7041 135210
2.70458 135225
2.70506 135240
2.70554 135255
2.70602 135270
2.7065 135285
2.70698 135300
2.70746 135315
2.70794 135330
2.70842 135345
2.7089 135360
2.7089 72192
2.70938 72221
2.70938 72192
2.70986 72221
2.70986 72192
2.71034 72221
2.71034 72192
2.71083 72221
2.71083 72192
2.71131 72221
2.71131 72192
2.71179 72221
2.71179 72192
2.71227 72221
2.71227 72192
2.71275 72221
2.71275 72192
2.71323 72221
2.71323 72192
2.71371 72221
2.71371 72192
2.71419 72221
2.71419 72192
2.71467 72221
2.71467 72192
2.71515 72221
2.71515 72192
2.71563 72221
2.71563 72192
2.71611 72221
2.71611 72192
2.71659 72221
2.71659 72192
2.71707 72221
2.71707 72192
2.71755 72221
2.71755 72192
2.71804 72221
2.71804 72192
2.71852 72221
2.71852 72192
2.719 72221
2.719 72192
2.71948 72221
2.71948 72192
2.71996 72221
2.71996 72192
2.72044 72221
2.72044 72192
2.72092 72221
2.72092 72192
2.7214 72221
2.7214 72192
2.72188 72221
2.72188 72192
2.72236 72221
2.72236 72192
2.72284 72221
2.72284 72192
2.72332 72221
2.72332 72192
2.7238 72221
2.7238 72192
2.72428 72221
2.72428 72192
2.72476 72221
2.72476 72192
2.72524 72221
2.72524 72192
2.72573 72221
2.72573 72192
2.72621 72221
2.72621 72192
2.72669 72221
2.72669 72192
2.72717 72221
2.72717 72192
2.72765 72221
2.72765 72192
2.72813 72221
2.72813 72192
2.72861 72221
2.72861 72192
2.72909 72221
2.72909 72192
2.72957 72221
2.72957 72192
2.73005 72221
2.73005 72192
2.73053 72221
2.73053 72192
2.73998 72221
2.74046 72250
2.74094 72279
2.74142 72308
2.7419 72336
2.74238 72364
2.74286 72392
2.74334 72420
2.74382 72448
2.7443 72476
2.74478 72504
2.74526 72532
2.74574 72560
2.74622 72588
2.7467 72616
2.74718 72644
2.74767 72672
2.74815 72700
2.74863 72728
2.74911 72756
2.74959 72784
2.75007 72812
2.75055 72840
2.75103 72868
2.76047 72896
2.76095 72924
2.76143 72952
2.76191 72980
2.7624 73008
2.76288 73036
2.76336 73064
2.76384 73092
2.76432 73120
2.7648 73148
2.76528 73176
2.76576 73204
2.76624 73232
2.76672 73260
2.7672 73288
2.76768 73316
2.76816 73344
2.76864 73372
2.76912 73400
2.76961 73428
2.77009 73456
2.77057 73484
2.77105 73512
2.77153 73540
2.77201 73568
2.78121 73596
2.78169 73624
2.78217 73652
2.78265 73680
2.78313 73708
2.78361 73736
2.7841 73764
2.78458 73792
2.78506 73820
2.78554 73848
2.78602 73876
2.7865 73904
2.78698 73932
2.78746 73960
2.78794 73988
2.78842 74016
2.7889 74044
2.78938 74072
2.78986 74100
2.79034 74128
2.79082 74156
2.7913 74184
2.79179 74212
2.79227 74240
2.79275 74268
2.80195 74296
2.80243 74324
2.80291 74352
2.80339 74380
2.80387 74408
2.80435 74436
2.80483 74464
2.80531 74492
2.80579 74520
2.80628 74548
2.80676 74576
2.80724 74604
2.80772 74632
2.8082 74660
2.80868 74688
2.80916 74716
2.80964 74744
2.81012 74772
2.8106 74800
2.81108 74828
2.81156 74856
2.81204 74884
2.81252 74911
2.813 74938
2.81348 74965
2.82245 74992
2.82293 75019
2.82341 75046
2.82389 75073
2.82437 75100
2.82485 75127
2.82533 75154
2.82581 75181
2.82629 75208
2.82677 75235
2.82725 75262
2.82773 75289
2.82822 75316
2.8287 75343
2.82918 75370
2.82966 75397
2.83014 75424
2.83062 75451
2.8311 75478
2.83158 75505
2.83206 75532
2.83254 75559
2.83302 75586
2.8335 75613
2.83398 75640
2.84295 75667
2.84343 75694
2.84391 75721
2.84439 75748
2.84487 75775
2.84535 75802
2.84583 75829
2.84631 75856
2.84679 75883
2.84727 75910
2.84775 75937
2.84823 75964
2.84871 75991
2.84919 76018
2.84967 76045
2.85015 76072
2.85064 76099
2.85112 76126
2.8516 76153
2.85208 76180
2.85256 76207
2.85304 76234
2.85352 76261
2.854 76288
2.85448 76315
2.85496 76342
2.86368 76369
2.86416 76396
2.86464 76423
2.86513 76450
2.86561 76477
2.86609 76504
2.86657 76531
2.86705 76558
2.86753 76585
2.86801 76612
2.86849 76639
2.86897 76666
2.86945 76693
2.86993 76720
2.87041 76747
2.87089 76774
2.87137 76801
2.87185 76828
2.87234 76855
2.87282 76882
2.8733 76909
2.87378 76936
2.87426 76963
2.87474 76990
2.87522 77017
2.8757 77044
2.88442 77071
2.8849 77098
2.88538 77125
2.88586 77152
2.88634 77179
2.88682 77206
2.88731 77233
2.88779 77260
2.88827 77287
2.88875 77314
2.88923 77341
2.88971 77368
2.89019 77395
2.89067 77422
2.89115 77449
2.89163 77476
2.89211 77503
2.89259 77530
2.89307 77557
2.89355 77584
2.89403 77611
2.89452 77638
2.895 77665
2.89548 77691
2.89596 77717
2.89644 77743
2.90492 77769
2.9054 77795
2.90588 77821
2.90636 77847
2.90684 77873
2.90732 77899
2.9078 77925
2.90828 77951
2.90876 77977
2.90925 78003
2.90973 78029
2.91021 78055
2.91069 78081
2.91117 78107
2.91165 78133
2.91213 78159
2.91261 78185
2.91309 78211
2.91357 78237
2.91405 78263
2.91453 78289
2.91501 78315
2.91549 78341
2.91597 78367
2.91646 78393
2.91694 78419
2.92542 78445
2.9259 78471
2.92638 78497
2.92686 78523
2.92734 78549
2.92782 78575
2.9283 78601
2.92878 78627
2.92926 78653
2.92974 78679
2.93022 78705
2.9307 78731
2.93119 78757
2.93167 78783
2.93215 78809
2.93263 78835
2.93311 78861
2.93359 78887
2.93407 78913
2.93455 78939
2.93503 78965
2.93551 78991
2.93599 79017
2.93647 79043
2.93695 79069
2.93743 79095
2.93791 79121
2.94616 79147
2.94664 79173
2.94712 79199
2.9476 79225
2.94808 79251
2.94856 79277
2.94904 79303
2.94952 79329
2.95 79355
2.95048 79381
2.95096 79407
2.95144 79433
2.95192 79459
2.9524 79485
2.95288 79511
2.95337 79537
2.95385 79563
2.95433 79589
2.95481 79615
2.95529 79641
2.95577 79667
2.95625 79693
2.95673 79719
2.95721 79745
2.95769 79771
2.95817 79797
2.95865 79823
2.96689 79849
2.96737 79875
2.96786 79901
2.96834 79927
2.96882 79953
2.9693 79979
2.96978 80005
2.97026 80031
2.97074 80057
2.97122 80083
2.9717 80109
2.97218 80135
2.97266 80161
2.97314 80187
2.97362 80213
2.9741 80239
2.97458 80265
2.97506 80291
2.97555 80317
2.97603 80343
2.97651 80369
2.97699 80395
2.97747 80421
2.97795 80447
2.97843 80473
2.97891 80499
2.97939 80525
2.98739 80551
2.98787 80577
2.98835 80603
2.98883 80629
2.98931 80655
2.9898 80680
2.99028 80705
2.99076 80730
2.99124 80755
2.99172 80780
2.9922 80805
2.99268 80830
2.99316 80855
2.99364 80880
2.99412 80905
2.9946 80930
2.99508 80955
2.99556 80980
2.99604 81005
2.99652 81030
2.997 81055
2.99749 81080
2.99797 81105
2.99845 81130
2.99893 81155
2.99941 81180
2.99989 81205
3.00789 81230
3.00837 81255
3.00885 81280
3.00933 81305
3.00981 81330
3.01029 81355
3.01077 81380
3.01125 81405
3.01174 81430
3.01222 81455
3.0127 81480
3.01318 81505
3.01366 81530
3.01414 81555
3.01462 81580
3.0151 81605
3.01558 81630
3.01606 81655
3.01654 81680
3.01702 81705
3.0175 81730
3.01798 81755
3.01846 81780
3.01894 81805
3.01943 81830
3.01991 81855
3.02039 81880
3.02087 81905
3.02863 81930
3.02911 81955
3.02959 81980
3.03007 82005
3.03055 82030
3.03103 82055
3.03151 82080
3.03199 82105
3.03247 82130
3.03295 82155
3.03343 82180
3.03392 82205
3.0344 82230
3.03488 82255
3.03536 82280
3.03584 82305
3.03632 82330
3.0368 82355
3.03728 82380
3.03776 82405
3.03824 82430
3.03872 82455
3.0392 82480
3.03968 82505
3.04016 82530
3.04064 82555
3.04112 82580
3.04161 82605
3.04937 82630
3.04985 82655
3.05033 82680
3.05081 82705
3.05129 82730
3.05177 82755
3.05225 82780
3.05273 82805
3.05321 82830
3.05369 82855
3.05417 82880
3.05465 82905
3.05513 82930
3.05561 82955
3.0561 82980
3.05658 83005
3.05706 83030
3.05754 83055
3.05802 83080
3.0585 83105
3.05898 83130
3.05946 83155
3.05994 83180
3.06042 83205
3.0609 83230
3.06138 83255
3.06186 83280
3.06234 83305
3.06986 83330
3.07034 83355
3.07083 83380
3.07131 83405
3.07179 83430
3.07227 83455
3.07275 83480
3.07323 83505
3.07371 83530
3.07419 83555
3.07467 83580
3.07515 83605
3.07563 83630
3.07611 83655
3.07659 83680
3.07707 83705
3.07755 83730
3.07804 83755
3.07852 83780
3.079 83805
3.07948 83830
3.07996 83855
3.08044 83880
3.08092 83904
3.0814 83928
3.08188 83952
3.08236 83976
3.08284 84000
3.09036 84024
3.09084 84048
3.09132 84072
3.0918 84096
3.09228 84120
3.09277 84144
3.09325 84168
3.09373 84192
3.09421 84216
3.09469 84240
3.09517 84264
3.09565 84288
3.09613 84312
3.09661 84336
3.09709 84360
3.09757 84384
3.09805 84408
3.09853 84432
3.09901 84456
3.09949 84480
3.09998 84504
3.10046 84528
3.10094 84552
3.10142 84576
3.1019 84600
3.10238 84624
3.10286 84648
3.10334 84672
3.10382 84696
3.1111 84720
3.11158 84744
3.11206 84768
3.11254 84792
3.11302 84816
3.1135 84840
3.11398 84864
3.11446 84888
3.11495 84912
3.11543 84936
3.11591 84960
3.11639 84984
3.11687 85008
3.11735 85032
3.11783 85056
3.11831 85080
3.11879 85104
3.11927 85128
3.11975 85152
3.12023 85176
3.12071 85200
3.12119 85224
3.12167 85248
3.12216 85272
3.12264 85296
3.12312 85320
3.1236 85344
3.12408 85368
3.12456 85392
3.13184 85416
3.13232 85440
3.1328 85464
3.13328 85488
3.13376 85512
3.13424 85536
3.13472 85560
3.1352 85584
3.13568 85608
3.13616 85632
3.13665 85656
3.13713 85680
3.13761 85704
3.13809 85728
3.13857 85752
3.13905 85776
3.13953 85800
3.14001 85824
3.14049 85848
3.14097 85872
3.14145 85896
3.14193 85920
3.14241 85944
3.14289 85968
3.14337 85992
3.14385 86016
3.14434 86040
3.14482 86064
3.1453 86088
3.15258 86112
3.15306 86136
3.15354 86160
3.15402 86184
3.1545 86208
3.15498 86232
3.15546 86256
3.15594 86280
3.15642 86304
3.1569 86328
3.15738 86352
3.15786 86376
3.15834 86400
3.15883 86424
3.15931 86448
3.15979 86472
3.16027 86496
3.16075 86520
3.16123 86544
3.16171 86568
3.16219 86592
3.16267 86616
3.16315 86640
3.16363 86664
3.16411 86688
3.16459 86712
3.16507 86736
3.16555 86760
3.16603 86784
3.17307 86808
3.17356 86832
3.17404 86856
3.17452 86880
3.175 86904
3.17548 86928
3.17596 86952
3.17644 86976
3.17692 87000
3.1774 87024
3.17788 87048
3.17836 87072
3.17884 87096
3.17932 87120
3.1798 87144
3.18028 87168
3.18077 87192
3.18125 87216
3.18173 87240
3.18221 87264
3.18269 87288
3.18317 87312
3.18365 87336
3.18413 87360
3.18461 87384
3.18509 87407
3.18557 87430
3.18605 87453
3.18653 87476
3.19357 87499
3.19405 87522
3.19453 87545
3.19501 87568
3.1955 87591
3.19598 87614
3.19646 87637
3.19694 87660
3.19742 87683
3.1979 87706
3.19838 87729
3.19886 87752
3.19934 87775
3.19982 87798
3.2003 87821
3.20078 87844
3.20126 87867
3.20174 87890
3.20222 87913
3.2027 87936
3.20319 87959
3.20367 87982
3.20415 88005
3.20463 88028
3.20511 88051
3.20559 88074
3.20607 88097
3.20655 88120
3.20703 88143
3.20751 88166
3.21431 88189
3.21479 88212
3.21527 88235
3.21575 88258
3.21623 88281
3.21671 88304
3.21719 88327
3.21768 88350
3.21816 88373
3.21864 88396
3.21912 88419
3.2196 88442
3.22008 88465
3.22056 88488
3.22104 88511
3.22152 88534
3.222 88557
3.22248 88580
3.22296 88603
3.22344 88626
3.22392 88649
3.2244 88672
3.22489 88695
3.22537 88718
3.22585 88741
3.22633 88764
3.22681 88787
3.22729 88810
3.22777 88833
3.22825 88856
3.23505 88879
3.23553 88902
3.23601 88925
3.23649 88948
3.23697 88971
3.23745 88994
3.23793 89017
3.23841 89040
3.23889 89063
3.23938 89086
3.23986 89109
3.24034 89132
3.24082 89155
3.2413 89178
3.24178 89201
3.24226 89224
3.24274 89247
3.24322 89270
3.2437 89293
3.24418 89316
3.24466 89339
3.24514 89362
3.24562 89385
3.2461 89408
3.24658 89431
3.24707 89454
3.24755 89477
3.24803 89500
3.24851 89523
3.24899 89546
3.25555 89569
3.25603 89592
3.25651 89615
3.25699 89638
3.25747 89661
3.25795 89684
3.25843 89707
3.25891 89730
3.25939 89753
3.25987 89776
3.26035 89799
3.26083 89822
3.26131 89845
3.2618 89868
3.26228 89891
3.26276 89914
3.26324 89937
3.26372 89960
3.2642 89983
3.26468 90006
3.26516 90029
3.26564 90052
3.26612 90075
3.2666 90098
3.26708 90121
3.26756 90144
3.26804 90167
3.26852 90190
3.26901 90213
3.26949 90236
3.27605 90259
3.27653 90282
3.27701 90305
3.27749 90328
3.27797 90351
3.27845 90374
3.27893 90397
3.27941 90420
3.27989 90443
3.28037 90466
3.28085 90489
3.28133 90512
3.28181 90535
3.28229 90558
3.28277 90581
3.28325 90604
3.28374 90627
3.28422 90650
3.2847 90673
3.28518 90696
3.28566 90719
3.28614 90742
3.28662 90765
3.2871 90788
3.28758 90811
3.28806 90834
3.28854 90857
3.28902 90880
3.2895 90903
3.28998 90926
3.29046 90949
3.29678 90972
3.29726 90995
3.29774 91018
3.29823 91041
3.29871 91064
3.29919 91087
3.29967 91110
3.30015 91133
3.30063 91156
3.30111 91179
3.30159 91201
3.30207 91223
3.30255 91245
3.30303 91267
3.30351 91289
3.30399 91311
3.30447 91333
3.30495 91355
3.30543 91377
3.30592 91399
3.3064 91421
3.30688 91443
3.30736 91465
3.30784 91487
3.30832 91509
3.3088 91531
3.30928 91553
3.30976 91575
3.31024 91597
3.31072 91619
3.3112 91641
3.31752 91663
3.318 91685
3.31848 91707
3.31896 91729
3.31944 91751
3.31992 91773
3.32041 91795
3.32089 91817
3.32137 91839
3.32185 91861
3.32233 91883
3.32281 91905
3.32329 91927
3.32377 91949
3.32425 91971
3.32473 91993
3.32521 92015
3.32569 92037
3.32617 92059
3.32665 92081
3.32713 92103
3.32762 92125
3.3281 92147
3.32858 92169
3.32906 92191
3.32954 92213
3.33002 92235
3.3305 92257
3.33098 92279
3.33146 92301
3.33194 92323
3.33802 92345
3.3385 92367
3.33898 92389
3.33946 92411
3.33994 92433
3.34042 92455
3.3409 92477
3.34138 92499
3.34186 92521
3.34235 92543
3.34283 92565
3.34331 92587
3.34379 92609
3.34427 92631
3.34475 92653
3.34523 92675
3.34571 92697
3.34619 92719
3.34667 92741
3.34715 92763
3.34763 92785
3.34811 92807
3.34859 92829
3.34907 92851
3.34955 92873
3.35004 92895
3.35052 92917
3.351 92939
3.35148 92961
3.35196 92983
3.35244 93005
3.35852 93027
3.359 93049
3.35948 93071
3.35996 93093
3.36044 93115
3.36092 93137
3.3614 93159
3.36188 93181
3.36236 93203
3.36284 93225
3.36332 93247
3.3638 93269
3.36429 93291
3.36477 93313
3.36525 93335
3.36573 93357
3.36621 93379
3.36669 93401
3.36717 93423
3.36765 93445
3.36813 93467
3.36861 93489
3.36909 93511
3.36957 93533
3.37005 93555
3.37053 93577
3.37101 93599
3.37149 93621
3.37198 93643
3.37246 93665
3.37294 93687
3.37342 93709
3.37926 93731
3.37974 93753
3.38022 93775
3.3807 93797
3.38118 93819
3.38166 93841
3.38214 93863
3.38262 93885
3.3831 93907
3.38358 93929
3.38406 93951
3.38454 93973
3.38502 93995
3.3855 94017
3.38598 94039
3.38647 94061
3.38695 94083
3.38743 94105
3.38791 94127
3.38839 94149
3.38887 94171
3.38935 94193
3.38983 94215
3.39031 94237
3.39079 94259
3.39127 94281
3.39175 94303
3.39223 94325
3.39271 94347
3.39319 94369
3.39367 94391
3.39416 94413
3.39999 94435
3.40047 94457
3.40096 94479
3.40144 94501
3.40192 94523
3.4024 94545
3.40288 94567
3.40336 94589
3.40384 94611
3.40432 94633
3.4048 94655
3.40528 94677
3.40576 94699
3.40624 94721
3.40672 94743
3.4072 94765
3.40768 94787
3.40816 94809
3.40865 94831
3.40913 94853
3.40961 94875
3.41009 94897
3.41057 94919
3.41105 94941
3.41153 94963
3.41201 94985
3.41249 95007
3.41297 95029
3.41345 95051
3.41393 95073
3.41441 95095
3.41489 95117
3.42049 95139
3.42097 95161
3.42145 95183
3.42193 95205
3.42241 95227
3.4229 95249
3.42338 95271
3.42386 95293
3.42434 95315
3.42482 95336
3.4253 95357
3.42578 95378
3.42626 95399
3.42674 95420
3.42722 95441
3.4277 95462
3.42818 95483
3.42866 95504
3.42914 95525
3.42962 95546
3.4301 95567
3.43059 95588
3.43107 95609
3.43155 95630
3.43203 95651
3.43251 95672
3.43299 95693
3.43347 95714
3.43395 95735
3.43443 95756
3.43491 95777
3.43539 95798
3.44099 95819
3.44147 95840
3.44195 95861
3.44243 95882
3.44291 95903
3.44339 95924
3.44387 95945
3.44435 95966
3.44483 95987
3.44532 96008
3.4458 96029
3.44628 96050
3.44676 96071
3.44724 96092
3.44772 96113
3.4482 96134
3.44868 96155
3.44916 96176
3.44964 96197
3.45012 96218
3.4506 96239
3.45108 96260
3.45156 96281
3.45204 96302
3.45253 96323
3.45301 96344
3.45349 96365
3.45397 96386
3.45445 96407
3.45493 96428
3.45541 96449
3.45589 96470
3.45637 96491
3.46173 96512
3.46221 96533
3.46269 96554
3.46317 96575
3.46365 96596
3.46413 96617
3.46461 96638
3.46509 96659
3.46557 96680
3.46605 96701
3.46653 96722
3.46702 96743
3.4675 96764
3.46798 96785
3.46846 96806
3.46894 96827
3.46942 96848
3.4699 96869
3.47038 96890
3.47086 96911
3.47134 96932
3.47182 96953
3.4723 96974
3.47278 96995
3.47326 97016
3.47374 97037
3.47422 97058
3.47471 97079
3.47519 97100
3.47567 97121
3.47615 97142
3.47663 97163
3.47711 97184
3.48247 97205
3.48295 97226
3.48343 97247
3.48391 97268
3.48439 97289
3.48487 97310
3.48535 97331
3.48583 97352
3.48631 97373
3.48679 97394
3.48727 97415
3.48775 97436
3.48823 97457
3.48871 97478
3.4892 97499
3.48968 97520
3.49016 97541
3.49064 97562
3.49112 97583
3.4916 97604
3.49208 97625
3.49256 97646
3.49304 97667
3.49352 97688
3.494 97709
3.49448 97730
3.49496 97751
3.49544 97772
3.49592 97793
3.4964 97814
3.49689 97835
3.49737 97856
3.49785 97877
3.50296 97898
3.50344 97919
3.50393 97940
3.50441 97961
3.50489 97982
3.50537 98003
3.50585 98024
3.50633 98045
3.50681 98066
3.50729 98087
3.50777 98108
3.50825 98129
3.50873 98150
3.50921 98171
3.50969 98192
3.51017 98213
3.51065 98234
3.51114 98255
3.51162 98276
3.5121 98297
3.51258 98318
3.51306 98339
3.51354 98360
3.51402 98381
3.5145 98402
3.51498 98423
3.51546 98444
3.51594 98465
3.51642 98486
3.5169 98507
3.51738 98528
3.51786 98549
3.51834 98570
3.52346 98591
3.52394 98612
3.52442 98633
3.5249 98654
3.52538 98675
3.52587 98696
3.52635 98717
3.52683 98738
3.52731 98759
3.52779 98780
3.52827 98801
3.52875 98822
3.52923 98843
3.52971 98864
3.53019 98885
3.53067 98906
3.53115 98927
3.53163 98948
3.53211 98969
3.53259 98990
3.53307 99011
3.53356 99032
3.53404 99053
3.53452 99074
3.535 99095
3.53548 99116
3.53596 99137
3.53644 99158
3.53692 99179
3.5374 99200
3.53788 99221
3.53836 99242
3.53884 99263
3.53932 99284
3.5442 99305
3.54468 99326
3.54516 99347
3.54564 99368
3.54612 99389
3.5466 99410
3.54708 99431
3.54756 99452
3.54805 99473
3.54853 99494
3.54901 99515
3.54949 99536
3.54997 99557
3.55045 99578
3.55093 99599
3.55141 99620
3.55189 99641
3.55237 99662
3.55285 99683
3.55333 99704
3.55381 99725
3.55429 99746
3.55477 99767
3.55526 99788
3.55574 99809
3.55622 99830
3.5567 99851
3.55718 99871
3.55766 99891
3.55814 99911
3.55862 99931
3.5591 99951
3.55958 99971
3.56006 99991
3.56494 100011
3.56542 100031
3.5659 100051
3.56638 100071
3.56686 100091
3.56734 100111
3.56782 100131
3.5683 100151
3.56878 100171
3.56926 100191
3.56974 100211
3.57023 100231
3.57071 100251
3.57119 100271
3.57167 100291
3.57215 100311
3.57263 100331
3.57311 100351
3.57359 100371
3.57407 100391
3.57455 100411
3.57503 100431
3.57551 100451
3.57599 100471
3.57647 100491
3.57695 100511
3.57744 100531
3.57792 100551
3.5784 100571
3.57888 100591
3.57936 100611
3.57984 100631
3.58032 100651
3.5808 100671
3.58544 100691
3.58592 100711
3.5864 100731
3.58688 100751
3.58736 100771
3.58784 100791
3.58832 100811
3.5888 100831
3.58928 100851
3.58976 100871
3.59024 100891
3.59072 100911
3.5912 100931
3.59168 100951
3.59217 100971
3.59265 100991
3.59313 101011
3.59361 101031
3.59409 101051
3.59457 101071
3.59505 101091
3.59553 101111
3.59601 101131
3.59649 101151
3.59697 101171
3.59745 101191
3.59793 101211
3.59841 101231
3.59889 101251
3.59938 101271
3.59986 101291
3.60034 101311
3.60082 101331
3.6013 101351
3.60593 101371
3.60642 101391
3.6069 101411
3.60738 101431
3.60786 101451
3.60834 101471
3.60882 101491
3.6093 101511
3.60978 101531
3.61026 101551
3.61074 101571
3.61122 101591
3.6117 101611
3.61218 101631
3.61266 101651
3.61314 101671
3.61362 101691
3.61411 101711
3.61459 101731
3.61507 101751
3.61555 101771
3.61603 101791
3.61651 101811
3.61699 101831
3.61747 101851
3.61795 101871
3.61843 101891
3.61891 101911
3.61939 101931
3.61987 101951
3.62035 101971
3.62083 101991
3.62131 102011
3.6218 102031
3.62643 102051
3.62691 102071
3.62739 102091
3.62787 102111
3.62835 102131
3.62884 102151
3.62932 102171
3.6298 102191
3.63028 102211
3.63076 102231
3.63124 102251
3.63172 102271
3.6322 102291
3.63268 102311
3.63316 102331
3.63364 102351
3.63412 102371
3.6346 102391
3.63508 102411
3.63556 102431
3.63605 102451
3.63653 102471
3.63701 102491
3.63749 102511
3.63797 102531
3.63845 102551
3.63893 102571
3.63941 102591
3.63989 102611
3.64037 102631
3.64085 102651
3.64133 102671
3.64181 102691
3.64229 102711
3.64277 102731
3.64717 102751
3.64765 102771
3.64813 102791
3.64861 102811
3.64909 102831
3.64957 102851
3.65005 102871
3.65054 102891
3.65102 102911
3.6515 102931
3.65198 102951
3.65246 102971
3.65294 102991
3.65342 103011
3.6539 103031
3.65438 103051
3.65486 103071
3.65534 103091
3.65582 103111
3.6563 103131
3.65678 103151
3.65726 103171
3.65774 103191
3.65823 103211
3.65871 103231
3.65919 103251
3.65967 103271
3.66015 103291
3.66063 103311
3.66111 103331
3.66159 103351
3.66207 103371
3.66255 103391
3.66303 103411
3.66351 103431
3.66791 103451
3.66839 103471
3.66887 103491
3.66935 103511
3.66983 103531
3.67031 103551
3.67079 103571
3.67127 103591
3.67175 103611
3.67223 103631
3.67272 103651
3.6732 103671
3.67368 103691
3.67416 103711
3.67464 103731
3.67512 103751
3.6756 103771
3.67608 103791
3.67656 103811
3.67704 103831
3.67752 103851
3.678 103871
3.67848 103891
3.67896 103911
3.67944 103931
3.67992 103951
3.68041 103971
3.68089 103991
3.68137 104011
3.68185 104031
3.68233 104051
3.68281 104071
3.68329 104091
3.68377 104111
3.68425 104131
3.68841 104151
3.68889 104171
3.68937 104191
3.68985 104211
3.69033 104231
3.69081 104251
3.69129 104271
3.69177 104291
3.69225 104311
3.69273 104331
3.69321 104351
3.69369 104371
3.69417 104391
3.69466 104411
3.69514 104431
3.69562 104451
3.6961 104471
3.69658 104491
3.69706 104511
3.69754 104531
3.69802 104551
3.6985 104571
3.69898 104591
3.69946 104611
3.69994 104631
3.70042 104651
3.7009 104671
3.70138 104691
3.70186 104711
3.70235 104731
3.70283 104751
3.70331 104771
3.70379 104791
3.70427 104811
3.70475 104831
3.7089 104851
3.7089 96768
3.70939 96789
3.70939 96768
3.70987 96789
3.70987 96768
3.71035 96789
3.71035 96768
3.71083 96789
3.71083 96768
3.71131 96789
3.71131 96768
3.71179 96789
3.71179 96768
3.71227 96789
3.71227 96768
3.71275 96789
3.71275 96768
3.71323 96789
3.71323 96768
3.71371 96789
3.71371 96768
3.71419 96789
3.71419 96768
3.71467 96789
3.71467 96768
3.71515 96789
3.71515 96768
3.71563 96789
3.71563 96768
3.71611 96789
3.71611 96768
3.71659 96789
3.71659 96768
3.71708 96789
3.71708 96768
3.71756 96789
3.71756 96768
3.71804 96789
3.71804 96768
3.71852 96789
3.71852 96768
3.719 96789
3.719 96768
3.71948 96789
3.71948 96768
3.71996 96789
3.71996 96768
3.72044 96789
3.72044 96768
3.72092 96789
3.72092 96768
3.7214 96789
3.7214 96768
3.72188 96789
3.72188 96768
3.72236 96789
3.72236 96768
3.72284 96789
3.72284 96768
3.72332 96789
3.72332 96768
3.7238 96789
3.7238 96768
3.72429 96789
3.72429 96768
3.72477 96789
3.72477 96768
3.72525 96789
3.72525 96768
3.72573 96789
3.72573 96768
3.73108 96789
3.73157 96810
3.73205 96831
3.73253 96852
3.73301 96873
3.73349 96894
3.73397 96915
3.73445 96936
3.73493 96957
3.73541 96978
3.73589 96999
3.73637 97020
3.73685 97041
3.73733 97062
3.73781 97083
3.73829 97104
3.73878 97125
3.73926 97146
3.73974 97167
3.74022 97188
3.7407 97209
3.74118 97230
3.74166 97251
3.74214 97272
3.74262 97293
3.7431 97314
3.74358 97335
3.74406 97356
3.74454 97377
3.74502 97398
3.7455 97419
3.74598 97440
3.74647 97461
3.75182 97482
3.7523 97503
3.75278 97524
3.75326 97545
3.75375 97566
3.75423 97587
3.75471 97608
3.75519 97629
3.75567 97650
3.75615 97671
3.75663 97692
3.75711 97713
3.75759 97734
3.75807 97755
3.75855 97776
3.75903 97797
3.75951 97818
3.75999 97839
3.76047 97860
3.76096 97881
3.76144 97902
3.76192 97923
3.7624 97944
3.76288 97965
3.76336 97986
3.76384 98007
3.76432 98028
3.7648 98049
3.76528 98070
3.76576 98091
3.76624 98112
3.76672 98133
3.7672 98154
3.77232 98175
3.7728 98196
3.77328 98217
3.77376 98238
3.77424 98259
3.77472 98280
3.7752 98301
3.77569 98322
3.77617 98343
3.77665 98364
3.77713 98385
3.77761 98406
3.77809 98427
3.77857 98448
3.77905 98469
3.77953 98490
3.78001 98511
3.78049 98532
3.78097 98553
3.78145 98574
3.78193 98595
3.78241 98616
3.7829 98637
3.78338 98658
3.78386 98679
3.78434 98700
3.78482 98721
3.7853 98742
3.78578 98763
3.78626 98784
3.78674 98805
3.78722 98826
3.7877 98847
3.79282 98868
3.7933 98889
3.79378 98910
3.79426 98931
3.79474 98952
3.79522 98973
3.7957 98994
3.79618 99015
3.79666 99036
3.79714 99057
3.79763 99078
3.79811 99099
3.79859 99120
3.79907 99141
3.79955 99162
3.80003 99183
3.80051 99204
3.80099 99225
3.80147 99246
3.80195 99267
3.80243 99288
3.80291 99309
3.80339 99330
3.80387 99351
3.80435 99372
3.80483 99393
3.80532 99414
3.8058 99435
3.80628 99456
3.80676 99477
3.80724 99498
3.80772 99519
3.8082 99540
3.80868 99561
3.81356 99582
3.81404 99603
3.81452 99624
3.815 99645
3.81548 99666
3.81596 99687
3.81644 99708
3.81692 99729
3.8174 99750
3.81788 99771
3.81836 99792
3.81884 99813
3.81932 99834
3.81981 99855
3.82029 99875
3.82077 99895
3.82125 99915
3.82173 99935
3.82221 99955
3.82269 99975
3.82317 99995
3.82365 100015
3.82413 100035
3.82461 100055
3.82509 100075
3.82557 100095
3.82605 100115
3.82653 100135
3.82702 100155
3.8275 100175
3.82798 100195
3.82846 100215
3.82894 100235
3.82942 100255
3.8343 100275
3.83478 100295
3.83526 100315
3.83574 100335
3.83622 100355
3.8367 100375
3.83718 100395
3.83766 100415
3.83814 100435
3.83862 100455
3.8391 100475
3.83958 100495
3.84006 100515
3.84054 100535
3.84102 100555
3.8415 100575
3.84199 100595
3.84247 100615
3.84295 100635
3.84343 100655
3.84391 100675
3.84439 100695
3.84487 100715
3.84535 100735
3.84583 100755
3.84631 100775
3.84679 100795
3.84727 100815
3.84775 100835
3.84823 100855
3.84871 100875
3.8492 100895
3.84968 100915
3.85016 100935
3.85479 100955
3.85527 100975
3.85575 100995
3.85624 101015
3.85672 101035
3.8572 101055
3.85768 101075
3.85816 101095
3.85864 101115
3.85912 101135
3.8596 101155
3.86008 101175
3.86056 101195
3.86104 101215
3.86152 101235
3.862 101255
3.86248 101275
3.86296 101295
3.86344 101315
3.86393 101335
3.86441 101355
3.86489 101375
3.86537 101395
3.86585 101415
3.86633 101435
3.86681 101455
3.86729 101475
3.86777 101495
3.86825 101515
3.86873 101535
3.86921 101555
3.86969 101575
3.87017 101595
3.87065 101615
3.87529 101635
3.87577 101655
3.87625 101675
3.87673 101695
3.87721 101715
3.87769 101735
3.87818 101755
3.87866 101775
3.87914 101795
3.87962 101815
3.8801 101835
3.88058 101855
3.88106 101875
3.88154 101895
3.88202 101915
3.8825 101935
3.88298 101955
3.88346 101975
3.88394 101995
3.88442 102015
3.8849 102035
3.88538 102055
3.88587 102075
3.88635 102095
3.88683 102115
3.88731 102135
3.88779 102155
3.88827 102175
3.88875 102195
3.88923 102215
3.88971 102235
3.89019 102255
3.89067 102275
3.89115 102295
3.89163 102315
3.89603 102335
3.89651 102355
3.89699 102375
3.89747 102395
3.89795 102415
3.89843 102435
3.89891 102455
3.89939 102475
3.89987 102495
3.90036 102515
3.90084 102535
3.90132 102555
3.9018 102575
3.90228 102595
3.90276 102615
3.90324 102635
3.90372 102655
3.9042 102675
3.90468 102695
3.90516 102715
3.90564 102735
3.90612 102755
3.9066 102775
3.90708 102795
3.90756 102815
3.90805 102835
3.90853 102855
3.90901 102875
3.90949 102895
3.90997 102915
3.91045 102935
3.91093 102955
3.91141 102975
3.91189 102995
3.91237 103015
3.91677 103035
3.91725 103055
3.91773 103075
3.91821 103095
3.91869 103115
3.91917 103135
3.91965 103155
3.92013 103175
3.92061 103195
3.92109 103215
3.92157 103235
3.92205 103255
3.92254 103275
3.92302 103295
3.9235 103315
3.92398 103335
3.92446 103355
3.92494 103375
3.92542 103395
3.9259 103415
3.92638 103435
3.92686 103455
3.92734 103475
3.92782 103495
3.9283 103515
3.92878 103535
3.92926 103555
3.92974 103575
3.93023 103595
3.93071 103615
3.93119 103635
3.93167 103655
3.93215 103675
3.93263 103695
3.93311 103715
3.93727 103735
3.93775 103755
3.93823 103775
3.93871 103795
3.93919 103815
3.93967 103835
3.94015 103855
3.94063 103875
3.94111 103895
3.94159 103915
3.94207 103935
3.94255 103955
3.94303 103975
3.94351 103995
3.94399 104015
3.94448 104035
3.94496 104055
3.94544 104075
3.94592 104095
3.9464 104115
3.94688 104135
3.94736 104155
3.94784 104175
3.94832 104195
3.9488 104215
3.94928 104235
3.94976 104255
3.95024 104275
3.95072 104295
3.9512 104315
3.95168 104335
3.95217 104355
3.95265 104375
3.95313 104395
3.95361 104415
3.95776 104435
3.95824 104455
3.95872 104475
3.95921 104495
3.95969 104515
3.96017 104535
3.96065 104555
3.96113 104575
3.96161 104595
3.96209 104615
3.96257 104635
3.96305 104655
3.96353 104675
3.96401 104695
3.96449 104715
3.96497 104735
3.96545 104755
3.96593 104775
3.96642 104795
3.9669 104815
3.96738 104835
3.96786 104855
3.96834 104874
3.96882 104893
3.9693 104912
3.96978 104931
3.97026 104950
3.97074 104969
3.97122 104988
3.9717 105007
3.97218 105026
3.97266 105045
3.97314 105064
3.97362 105083
3.97411 105102
3.97459 105121
3.9785 105140
3.97898 105159
3.97946 105178
3.97994 105197
3.98042 105216
3.9809 105235
3.98139 105254
3.98187 105273
3.98235 105292
3.98283 105311
3.98331 105330
3.98379 105349
3.98427 105368
3.98475 105387
3.98523 105406
3.98571 105425
3.98619 105444
3.98667 105463
3.98715 105482
3.98763 105501
3.98811 105520
3.9886 105539
3.98908 105558
3.98956 105577
3.99004 105596
3.99052 105615
3.991 105634
3.99148 105653
3.99196 105672
3.99244 105691
3.99292 105710
3.9934 105729
3.99388 105748
3.99436 105767
3.99484 105786
3.99532 105805
3.99924 105824
3.99972 105843
4.0002 105862
4.00068 105881
4.00116 105900
4.00164 105919
4.00212 105938
4.0026 105957
4.00309 105976
4.00357 105995
4.00405 106014
4.00453 106033
4.00501 106052
4.00549 106071
4.00597 106090
4.00645 106109
4.00693 106128
4.00741 106147
4.00789 106166
4.00837 106185
4.00885 106204
4.00933 106223
4.00981 106242
4.01029 106261
4.01078 106280
4.01126 106299
4.01174 106318
4.01222 106337
4.0127 106356
4.01318 106375
4.01366 106394
4.01414 106413
4.01462 106432
4.0151 106451
4.01558 106470
4.01606 106489
4.01974 106508
4.02022 106527
4.0207 106546
4.02118 106565
4.02166 106584
4.02214 106603
4.02262 106622
4.0231 106641
4.02358 106660
4.02406 106679
4.02454 106698
4.02502 106717
4.02551 106736
4.02599 106755
4.02647 106774
4.02695 106793
4.02743 106812
4.02791 106831
4.02839 106850
4.02887 106869
4.02935 106888
4.02983 106907
4.03031 106926
4.03079 106945
4.03127 106964
4.03175 106983
4.03223 107002
4.03272 107021
4.0332 107040
4.03368 107059
4.03416 107078
4.03464 107097
4.03512 107116
4.0356 107135
4.03608 107154
4.03656 107173
4.04024 107192
4.04072 107211
4.0412 107230
4.04168 107249
4.04216 107268
4.04264 107287
4.04312 107306
4.0436 107325
4.04408 107344
4.04456 107363
4.04504 107382
4.04552 107401
4.046 107420
4.04648 107439
4.04696 107458
4.04745 107477
4.04793 107496
4.04841 107515
4.04889 107534
4.04937 107553
4.04985 107572
4.05033 107591
4.05081 107610
4.05129 107629
4.05177 107648
4.05225 107667
4.05273 107686
4.05321 107705
4.05369 107724
4.05417 107743
4.05466 107762
4.05514 107781
4.05562 107800
4.0561 107819
4.05658 107838
4.05706 107857
4.05754 107876
4.06097 107895
4.06145 107914
4.06194 107933
4.06242 107952
4.0629 107971
4.06338 107990
4.06386 108009
4.06434 108028
4.06482 108047
4.0653 108066
4.06578 108085
4.06626 108104
4.06674 108123
4.06722 108142
4.0677 108161
4.06818 108180
4.06866 108199
4.06914 108218
4.06963 108237
4.07011 108256
4.07059 108275
4.07107 108294
4.07155 108313
4.07203 108332
4.07251 108351
4.07299 108370
4.07347 108389
4.07395 108408
4.07443 108427
4.07491 108446
4.07539 108465
4.07587 108484
4.07635 108503
4.07684 108522
4.07732 108541
4.0778 108560
4.07828 108579
4.08171 108598
4.08219 108617
4.08267 108636
4.08315 108655
4.08363 108674
4.08412 108693
4.0846 108712
4.08508 108731
4.08556 108750
4.08604 108769
4.08652 108788
4.087 108807
4.08748 108826
4.08796 108845
4.08844 108864
4.08892 108883
4.0894 108902
4.08988 108921
4.09036 108940
4.09084 108959
4.09133 108978
4.09181 108997
4.09229 109016
4.09277 109035
4.09325 109054
4.09373 109073
4.09421 109092
4.09469 109111
4.09517 109130
4.09565 109149
4.09613 109168
4.09661 109187
4.09709 109206
4.09757 109225
4.09805 109244
4.09853 109263
4.09902 109282
4.10245 109301
4.10293 109320
4.10341 109339
4.10389 109358
4.10437 109377
4.10485 109396
4.10533 109415
4.10582 109434
4.1063 109453
4.10678 109472
4.10726 109491
4.10774 109510
4.10822 109529
4.1087 109548
4.10918 109567
4.10966 109586
4.11014 109605
4.11062 109624
4.1111 109643
4.11158 109662
4.11206 109681
4.11254 109700
4.11302 109719
4.11351 109738
4.11399 109757
4.11447 109776
4.11495 109795
4.11543 109814
4.11591 109833
4.11639 109852
4.11687 109871
4.11735 109890
4.11783 109909
4.11831 109928
4.11879 109947
4.11927 109966
4.11975 109985
4.12295 110004
4.12343 110023
4.12391 110042
4.12439 110061
4.12487 110080
4.12535 110099
4.12583 110118
4.12631 110137
4.12679 110156
4.12727 110175
4.12775 110194
4.12824 110213
4.12872 110232
4.1292 110251
4.12968 110270
4.13016 110289
4.13064 110308
4.13112 110327
4.1316 110346
4.13208 110365
4.13256 110383
4.13304 110401
4.13352 110419
4.134 110437
4.13448 110455
4.13496 110473
4.13545 110491
4.13593 110509
4.13641 110527
4.13689 110545
4.13737 110563
4.13785 110581
4.13833 110599
4.13881 110617
4.13929 110635
4.13977 110653
4.14025 110671
4.14345 110689
4.14393 110707
4.14441 110725
4.14489 110743
4.14537 110761
4.14585 110779
4.14633 110797
4.14681 110815
4.14729 110833
4.14777 110851
4.14825 110869
4.14873 110887
4.14921 110905
4.14969 110923
4.15018 110941
4.15066 110959
4.15114 110977
4.15162 110995
4.1521 111013
4.15258 111031
4.15306 111049
4.15354 111067
4.15402 111085
4.1545 111103
4.15498 111121
4.15546 111139
4.15594 111157
4.15642 111175
4.1569 111193
4.15738 111211
4.15787 111229
4.15835 111247
4.15883 111265
4.15931 111283
4.15979 111301
4.16027 111319
4.16075 111337
4.16123 111355
4.16418 111373
4.16467 111391
4.16515 111409
4.16563 111427
4.16611 111445
4.16659 111463
4.16707 111481
4.16755 111499
4.16803 111517
4.16851 111535
4.16899 111553
4.16947 111571
4.16995 111589
4.17043 111607
4.17091 111625
4.17139 111643
4.17187 111661
4.17236 111679
4.17284 111697
4.17332 111715
4.1738 111733
4.17428 111751
4.17476 111769
4.17524 111787
4.17572 111805
4.1762 111823
4.17668 111841
4.17716 111859
4.17764 111877
4.17812 111895
4.1786 111913
4.17908 111931
4.17957 111949
4.18005 111967
4.18053 111985
4.18101 112003
4.18149 112021
4.18197 112039
4.18492 112057
4.1854 112075
4.18588 112093
4.18636 112111
4.18685 112129
4.18733 112147
4.18781 112165
4.18829 112183
4.18877 112201
4.18925 112219
4.18973 112237
4.19021 112255
4.19069 112273
4.19117 112291
4.19165 112309
4.19213 112327
4.19261 112345
4.19309 112363
4.19357 112381
4.19406 112399
4.19454 112417
4.19502 112435
4.1955 112453
4.19598 112471
4.19646 112489
4.19694 112507
4.19742 112525
4.1979 112543
4.19838 112561
4.19886 112579
4.19934 112597
4.19982 112615
4.2003 112633
4.20078 112651
4.20126 112669
4.20175 112687
4.20223 112705
4.20271 112723
4.20542 112741
4.2059 112759
4.20638 112777
4.20686 112795
4.20734 112813
4.20782 112831
4.2083 112849
4.20879 112867
4.20927 112885
4.20975 112903
4.21023 112921
4.21071 112939
4.21119 112957
4.21167 112975
4.21215 112993
4.21263 113011
4.21311 113029
4.21359 113047
4.21407 113065
4.21455 113083
4.21503 113101
4.21551 113119
4.21599 113137
4.21648 113155
4.21696 113173
4.21744 113191
4.21792 113209
4.2184 113227
4.21888 113245
4.21936 113263
4.21984 113281
4.22032 113299
4.2208 113317
4.22128 113335
4.22176 113353
4.22224 113371
4.22272 113389
4.2232 113407
4.22592 113425
4.2264 113443
4.22688 113461
4.22736 113479
4.22784 113497
4.22832 113515
4.2288 113533
4.22928 113551
4.22976 113569
4.23024 113587
4.23073 113605
4.23121 113623
4.23169 113641
4.23217 113659
4.23265 113677
4.23313 113695
4.23361 113713
4.23409 113731
4.23457 113749
4.23505 113767
4.23553 113785
4.23601 113803
4.23649 113821
4.23697 113839
4.23745 113857
4.23793 113875
4.23842 113893
4.2389 113911
4.23938 113929
4.23986 113947
4.24034 113965
4.24082 113983
4.2413 114001
4.24178 114019
4.24226 114037
4.24274 114055
4.24322 114073
4.2437 114091
4.24418 114109
4.24666 114127
4.24714 114145
4.24762 114163
4.2481 114181
4.24858 114199
4.24906 114217
4.24954 114235
4.25002 114253
4.2505 114271
4.25098 114289
4.25146 114307
4.25194 114325
4.25242 114343
4.25291 114361
4.25339 114379
4.25387 114397
4.25435 114415
4.25483 114433
4.25531 114451
4.25579 114469
4.25627 114487
4.25675 114505
4.25723 114523
4.25771 114541
4.25819 114559
4.25867 114577
4.25915 114595
4.25963 114613
4.26011 114631
4.2606 114649
4.26108 114667
4.26156 114685
4.26204 114703
4.26252 114721
4.263 114739
4.26348 114757
4.26396 114775
4.26444 114793
4.26492 114811
4.2674 114829
4.26788 114847
4.26836 114865
4.26884 114883
4.26932 114901
4.2698 114919
4.27028 114937
4.27076 114955
4.27124 114973
4.27172 114991
4.2722 115009
4.27268 115027
4.27316 115045
4.27364 115063
4.27412 115081
4.2746 115099
4.27509 115117
4.27557 115135
4.27605 115153
4.27653 115171
4.27701 115189
4.27749 115207
4.27797 115225
4.27845 115243
4.27893 115261
4.27941 115279
4.27989 115297
4.28037 115315
4.28085 115333
4.28133 115351
4.28181 115369
4.2823 115387
4.28278 115405
4.28326 115423
4.28374 115441
4.28422 115459
4.2847 115477
4.28518 115495
4.28566 115513
4.28789 115531
4.28837 115549
4.28885 115567
4.28934 115585
4.28982 115603
4.2903 115621
4.29078 115639
4.29126 115657
4.29174 115675
4.29222 115693
4.2927 115711
4.29318 115729
4.29366 115747
4.29414 115765
4.29462 115783
4.2951 115801
4.29558 115819
4.29606 115837
4.29654 115855
4.29703 115873
4.29751 115891
4.29799 115909
4.29847 115927
4.29895 115945
4.29943 115963
4.29991 115981
4.30039 115999
4.30087 116017
4.30135 116035
4.30183 116053
4.30231 116071
4.30279 116089
4.30327 116107
4.30375 116125
4.30423 116143
4.30472 116161
4.3052 116179
4.30568 116197
4.30616 116215
4.30839 116233
4.30887 116251
4.30935 116269
4.30983 116287
4.31031 116305
4.31079 116323
4.31127 116341
4.31176 116359
4.31224 116377
4.31272 116395
4.3132 116413
4.31368 116431
4.31416 116449
4.31464 116467
4.31512 116485
4.3156 116502
4.31608 116519
4.31656 116536
4.31704 116553
4.31752 116570
4.318 116587
4.31848 116604
4.31897 116621
4.31945 116638
4.31993 116655
4.32041 116672
4.32089 116689
4.32137 116706
4.32185 116723
4.32233 116740
4.32281 116757
4.32329 116774
4.32377 116791
4.32425 116808
4.32473 116825
4.32521 116842
4.32569 116859
4.32617 116876
4.32666 116893
4.32714 116910
4.32913 116927
4.32961 116944
4.33009 116961
4.33057 116978
4.33105 116995
4.33153 117012
4.33201 117029
4.33249 117046
4.33297 117063
4.33346 117080
4.33394 117097
4.33442 117114
4.3349 117131
4.33538 117148
4.33586 117165
4.33634 117182
4.33682 117199
4.3373 117216
4.33778 117233
4.33826 117250
4.33874 117267
4.33922 117284
4.3397 117301
4.34018 117318
4.34066 117335
4.34115 117352
4.34163 117369
4.34211 117386
4.34259 117403
4.34307 117420
4.34355 117437
4.34403 117454
4.34451 117471
4.34499 117488
4.34547 117505
4.34595 117522
4.34643 117539
4.34691 117556
4.34739 117573
4.34787 117590
4.34987 117607
4.35035 117624
4.35083 117641
4.35131 117658
4.35179 117675
4.35227 117692
4.35275 117709
4.35323 117726
4.35371 117743
4.35419 117760
4.35467 117777
4.35515 117794
4.35564 117811
4.35612 117828
4.3566 117845
4.35708 117862
4.35756 117879
4.35804 117896
4.35852 117913
4.359 117930
4.35948 117947
4.35996 117964
4.36044 117981
4.36092 117998
4.3614 118015
4.36188 118032
4.36236 118049
4.36284 118066
4.36333 118083
4.36381 118100
4.36429 118117
4.36477 118134
4.36525 118151
4.36573 118168
4.36621 118185
4.36669 118202
4.36717 118219
4.36765 118236
4.36813 118253
4.36861 118270
4.37037 118287
4.37085 118304
4.37133 118321
4.37181 118338
4.37229 118355
4.37277 118372
4.37325 118389
4.37373 118406
4.37421 118423
4.37469 118440
4.37517 118457
4.37565 118474
4.37613 118491
4.37661 118508
4.37709 118525
4.37758 118542
4.37806 118559
4.37854 118576
4.37902 118593
4.3795 118610
4.37998 118627
4.38046 118644
4.38094 118661
4.38142 118678
4.3819 118695
4.38238 118712
4.38286 118729
4.38334 118746
4.38382 118763
4.3843 118780
4.38478 118797
4.38527 118814
4.38575 118831
4.38623 118848
4.38671 118865
4.38719 118882
4.38767 118899
4.38815 118916
4.38863 118933
4.38911 118950
4.39086 118967
4.39134 118984
4.39182 119001
4.39231 119018
4.39279 119035
4.39327 119052
4.39375 119069
4.39423 119086
4.39471 119103
4.39519 119120
4.39567 119137
4.39615 119154
4.39663 119171
4.39711 119188
4.39759 119205
4.39807 119222
4.39855 119239
4.39903 119256
4.39951 119273
4.4 119290
4.40048 119307
4.40096 119324
4.40144 119341
4.40192 119358
4.4024 119375
4.40288 119392
4.40336 119409
4.40384 119426
4.40432 119443
4.4048 119460
4.40528 119477
4.40576 119494
4.40624 119511
4.40672 119528
4.40721 119545
4.40769 119562
4.40817 119579
4.40865 119596
4.40913 119613
4.40961 119630
4.41009 119647
4.4116 119664
4.41208 119681
4.41256 119698
4.41304 119715
4.41352 119732
4.414 119749
4.41449 119766
4.41497 119783
4.41545 119800
4.41593 119817
4.41641 119834
4.41689 119851
4.41737 119868
4.41785 119885
4.41833 119902
4.41881 119919
4.41929 119936
4.41977 119953
4.42025 119970
4.42073 119987
4.42121 120004
4.4217 120021
4.42218 120038
4.42266 120055
4.42314 120072
4.42362 120089
4.4241 120106
4.42458 120123
4.42506 120140
4.42554 120157
4.42602 120174
4.4265 120191
4.42698 120208
4.42746 120225
4.42794 120242
4.42842 120259
4.4289 120276
4.42939 120293
4.42987 120310
4.43035 120327
4.43083 120344
4.43234 120361
4.43282 120378
4.4333 120395
4.43378 120412
4.43426 120429
4.43474 120446
4.43522 120463
4.4357 120480
4.43618 120497
4.43667 120514
4.43715 120531
4.43763 120548
4.43811 120565
4.43859 120582
4.43907 120599
4.43955 120616
4.44003 120633
4.44051 120650
4.44099 120667
4.44147 120684
4.44195 120701
4.44243 120718
4.44291 120735
4.44339 120752
4.44388 120769
4.44436 120786
4.44484 120803
4.44532 120820
4.4458 120837
4.44628 120854
4.44676 120871
4.44724 120888
4.44772 120905
4.4482 120922
4.44868 120939
4.44916 120956
4.44964 120973
4.45012 120990
4.4506 121007
4.45108 121024
4.45157 121041
4.45284 121058
4.45332 121075
4.4538 121092
4.45428 121109
4.45476 121126
4.45524 121143
4.45572 121160
4.4562 121177
4.45668 121194
4.45716 121211
4.45764 121228
4.45812 121245
4.45861 121262
4.45909 121279
4.45957 121296
4.46005 121313
4.46053 121330
4.46101 121347
4.46149 121364
4.46197 121381
4.46245 121398
4.46293 121415
4.46341 121432
4.46389 121449
4.46437 121466
4.46485 121483
4.46533 121500
4.46582 121517
4.4663 121534
4.46678 121551
4.46726 121568
4.46774 121585
4.46822 121602
4.4687 121619
4.46918 121636
4.46966 121653
4.47014 121670
4.47062 121687
4.4711 121704
4.47158 121721
4.47206 121738
4.47334 121755
4.47382 121772
4.4743 121789
4.47478 121806
4.47526 121823
4.47574 121840
4.47622 121857
4.4767 121874
4.47718 121891
4.47766 121908
4.47814 121925
4.47862 121942
4.4791 121959
4.47958 121976
4.48006 121993
4.48055 122010
4.48103 122027
4.48151 122044
4.48199 122061
4.48247 122078
4.48295 122095
4.48343 122112
4.48391 122129
4.48439 122146
4.48487 122163
4.48535 122180
4.48583 122197
4.48631 122214
4.48679 122231
4.48727 122248
4.48775 122265
4.48824 122282
4.48872 122299
4.4892 122316
4.48968 122333
4.49016 122350
4.49064 122367
4.49112 122384
4.4916 122401
4.49208 122418
4.49256 122435
4.49304 122452
4.49407 122469
4.49455 122486
4.49504 122503
4.49552 122520
4.496 122537
4.49648 122554
4.49696 122571
4.49744 122588
4.49792 122605
4.4984 122622
4.49888 122639
4.49936 122656
4.49984 122673
4.50032 122690
4.5008 122707
4.50128 122724
4.50176 122741
4.50224 122758
4.50273 122775
4.50321 122792
4.50369 122809
4.50417 122826
4.50465 122843
4.50513 122860
4.50561 122877
4.50609 122894
4.50657 122911
4.50705 122928
4.50753 122945
4.50801 122962
4.50849 122979
4.50897 122996
4.50945 123013
4.50994 123030
4.51042 123047
4.5109 123064
4.51138 123081
4.51186 123098
4.51234 123115
4.51282 123132
4.5133 123149
4.51378 123166
4.51481 123183
4.51529 123200
4.51577 123217
4.51625 123234
4.51673 123251
4.51722 123268
4.5177 123285
4.51818 123302
4.51866 123319
4.51914 123336
4.51962 123352
4.5201 123368
4.52058 123384
4.52106 123400
4.52154 123416
4.52202 123432
4.5225 123448
4.52298 123464
4.52346 123480
4.52394 123496
4.52442 123512
4.52491 123528
4.52539 123544
4.52587 123560
4.52635 123576
4.52683 123592
4.52731 123608
4.52779 123624
4.52827 123640
4.52875 123656
4.52923 123672
4.52971 123688
4.53019 123704
4.53067 123720
4.53115 123736
4.53163 123752
4.53212 123768
4.5326 123784
4.53308 123800
4.53356 123816
4.53404 123832
4.53452 123848
4.53531 123864
4.53579 123880
4.53627 123896
4.53675 123912
4.53723 123928
4.53771 123944
4.53819 123960
4.53867 123976
4.53916 123992
4.53964 124008
4.54012 124024
4.5406 124040
4.54108 124056
4.54156 124072
4.54204 124088
4.54252 124104
4.543 124120
4.54348 124136
4.54396 124152
4.54444 124168
4.54492 124184
4.5454 124200
4.54588 124216
4.54636 124232
4.54685 124248
4.54733 124264
4.54781 124280
4.54829 124296
4.54877 124312
4.54925 124328
4.54973 124344
4.55021 124360
4.55069 124376
4.55117 124392
4.55165 124408
4.55213 124424
4.55261 124440
4.55309 124456
4.55357 124472
4.55406 124488
4.55454 124504
4.55502 124520
4.55581 124536
4.55629 124552
4.55677 124568
4.55725 124584
4.55773 124600
4.55821 124616
4.55869 124632
4.55917 124648
4.55965 124664
4.56013 124680
4.56061 124696
4.5611 124712
4.56158 124728
4.56206 124744
4.56254 124760
4.56302 124776
4.5635 124792
4.56398 124808
4.56446 124824
4.56494 124840
4.56542 124856
4.5659 124872
4.56638 124888
4.56686 124904
4.56734 124920
4.56782 124936
4.5683 124952
4.56879 124968
4.56927 124984
4.56975 125000
4.57023 125016
4.57071 125032
4.57119 125048
4.57167 125064
4.57215 125080
4.57263 125096
4.57311 125112
4.57359 125128
4.57407 125144
4.57455 125160
4.57503 125176
4.57551 125192
4.57631 125208
4.57679 125224
4.57727 125240
4.57775 125256
4.57823 125272
4.57871 125288
4.57919 125304
4.57967 125320
4.58015 125336
4.58063 125352
4.58111 125368
4.58159 125384
4.58207 125400
4.58255 125416
4.58303 125432
4.58352 125448
4.584 125464
4.58448 125480
4.58496 125496
4.58544 125512
4.58592 125528
4.5864 125544
4.58688 125560
4.58736 125576
4.58784 125592
4.58832 125608
4.5888 125624
4.58928 125640
4.58976 125656
4.59024 125672
4.59073 125688
4.59121 125704
4.59169 125720
4.59217 125736
4.59265 125752
4.59313 125768
4.59361 125784
4.59409 125800
4.59457 125816
4.59505 125832
4.59553 125848
4.59601 125864
4.59649 125880
4.59704 125896
4.59752 125912
4.59801 125928
4.59849 125944
4.59897 125960
4.59945 125976
4.59993 125992
4.60041 126008
4.60089 126024
4.60137 126040
4.60185 126056
4.60233 126072
4.60281 126088
4.60329 126104
4.60377 126120
4.60425 126136
4.60473 126152
4.60522 126168
4.6057 126184
4.60618 126200
4.60666 126216
4.60714 126232
4.60762 126248
4.6081 126264
4.60858 126280
4.60906 126296
4.60954 126312
4.61002 126328
4.6105 126344
4.61098 126360
4.61146 126376
4.61194 126392
4.61242 126408
4.61291 126424
4.61339 126440
4.61387 126456
4.61435 126472
4.61483 126488
4.61531 126504
4.61579 126520
4.61627 126536
4.61675 126552
4.61723 126568
4.61778 126584
4.61826 126600
4.61874 126616
4.61922 126632
4.6197 126648
4.62019 126664
4.62067 126680
4.62115 126696
4.62163 126712
4.62211 126728
4.62259 126744
4.62307 126760
4.62355 126776
4.62403 126792
4.62451 126808
4.62499 126824
4.62547 126840
4.62595 126856
4.62643 126872
4.62691 126888
4.6274 126904
4.62788 126920
4.62836 126936
4.62884 126952
4.62932 126968
4.6298 126984
4.63028 127000
4.63076 127016
4.63124 127032
4.63172 127048
4.6322 127064
4.63268 127080
4.63316 127096
4.63364 127112
4.63412 127128
4.6346 127144
4.63509 127160
4.63557 127176
4.63605 127192
4.63653 127208
4.63701 127224
4.63749 127240
4.63797 127256
4.63845 127272
4.63893 127288
4.63941 127304
4.63989 127320
4.64037 127336
4.64085 127352
4.64133 127368
4.64181 127384
4.6423 127400
4.64278 127416
4.64326 127432
4.64374 127448
4.64422 127464
4.6447 127480
4.64518 127496
4.64566 127512
4.64614 127528
4.64662 127544
4.6471 127560
4.64758 127576
4.64806 127592
4.64854 127608
4.64902 127624
4.6495 127640
4.64999 127656
4.65047 127672
4.65095 127688
4.65143 127704
4.65191 127720
4.65239 127736
4.65287 127752
4.65335 127768
4.65383 127784
4.65431 127800
4.65479 127816
4.65527 127832
4.65575 127848
4.65623 127864
4.65671 127880
4.65719 127896
4.65768 127912
4.65816 127928
4.65864 127944
4.65912 127960
4.6596 127976
4.66008 127992
4.66056 128008
4.66104 128024
4.66152 128040
4.662 128056
4.66248 128072
4.66296 128088
4.66344 128104
4.66392 128120
4.6644 128136
4.66489 128152
4.66537 128168
4.66585 128184
4.66633 128200
4.66681 128216
4.66729 128232
4.66777 128248
4.66825 128264
4.66873 128280
4.66921 128296
4.66969 128312
4.67017 128328
4.67065 128344
4.67113 128360
4.67161 128376
4.67209 128392
4.67258 128408
4.67306 128424
4.67354 128440
4.67402 128456
4.6745 128472
4.67498 128488
4.67546 128504
4.67594 128520
4.67642 128536
4.6769 128552
4.67738 128568
4.67786 128584
4.67834 128600
4.67882 128616
4.6793 128632
4.67978 128648
4.68027 128664
4.68075 128680
4.68123 128696
4.68171 128712
4.68219 128728
4.68267 128744
4.68315 128760
4.68363 128776
4.68411 128792
4.68459 128808
4.68507 128824
4.68555 128840
4.68603 128856
4.68651 128872
4.68699 128888
4.68748 128904
4.68796 128920
4.68844 128936
4.68892 128952
4.6894 128968
4.68988 128984
4.69036 129000
4.69084 129016
4.69132 129032
4.6918 129048
4.69228 129064
4.69276 129080
4.69324 129096
4.69372 129112
4.6942 129128
4.69468 129144
4.69517 129160
4.69565 129176
4.69613 129192
4.69661 129208
4.69709 129224
4.69757 129240
4.69805 129256
4.69853 129272
4.69901 129288
4.69949 129304
4.69997 129320
4.70045 129336
4.70093 129352
4.70141 129368
4.70189 129384
4.70238 129400
4.70286 129416
4.70334 129432
4.70382 129448
4.7043 129464
4.70478 129480
4.70526 129496
4.70574 129512
4.70622 129528
4.7067 129544
4.70718 129560
4.70766 129576
4.70814 129592
4.70862 129608
4.7091 129624
4.7091 112128
4.70958 112146
4.70958 112128
4.71007 112146
4.71007 112128
4.71055 112146
4.71055 112128
4.71103 112146
4.71103 112128
4.71151 112146
4.71151 112128
4.71199 112146
4.71199 112128
4.71247 112146
4.71247 112128
4.71295 112146
4.71295 112128
4.71343 112146
4.71343 112128
4.71391 112146
4.71391 112128
4.71439 112146
4.71439 112128
4.71487 112146
4.71487 112128
4.71535 112146
4.71535 112128
4.71583 112146
4.71583 112128
4.71631 112146
4.71631 112128
4.71679 112146
4.71679 112128
4.71727 112146
4.71727 112128
4.71776 112146
4.71776 112128
4.71824 112146
4.71824 112128
4.71872 112146
4.71872 112128
4.7192 112146
4.7192 112128
4.71968 112146
4.71968 112128
4.72016 112146
4.72016 112128
4.72064 112146
4.72064 112128
4.72112 112146
4.72112 112128
4.7216 112146
4.7216 112128
4.72208 112146
4.72208 112128
4.72256 112146
4.72256 112128
4.72304 112146
4.72304 112128
4.72352 112146
4.72352 112128
4.724 112146
4.724 112128
4.72448 112146
4.72448 112128
4.72497 112146
4.72497 112128
4.72545 112146
4.72545 112128
4.72593 112146
4.72593 112128
4.72641 112146
4.72641 112128
4.72689 112146
4.72689 112128
4.72737 112146
4.72737 112128
4.72785 112146
4.72785 112128
4.72833 112146
4.72833 112128
4.72881 112146
4.72881 112128
4.72929 112146
4.72929 112128
4.72977 112146
4.72977 112128
4.73249 112146
4.73297 112164
4.73345 112182
4.73393 112200
4.73441 112218
4.73489 112236
4.73537 112254
4.73585 112272
4.73633 112290
4.73681 112308
4.73729 112326
4.73777 112344
4.73825 112362
4.73873 112380
4.73921 112398
4.7397 112416
4.74018 112434
4.74066 112452
4.74114 112470
4.74162 112488
4.7421 112506
4.74258 112524
4.74306 112542
4.74354 112560
4.74402 112578
4.7445 112596
4.74498 112614
4.74546 112632
4.74594 112650
4.74642 112668
4.7469 112686
4.74739 112704
4.74787 112722
4.74835 112740
4.74883 112758
4.74931 112776
4.74979 112794
4.75027 112812
4.75298 112830
4.75346 112848
4.75394 112866
4.75443 112884
4.75491 112902
4.75539 112920
4.75587 112938
4.75635 112956
4.75683 112974
4.75731 112992
4.75779 113010
4.75827 113028
4.75875 113046
4.75923 113064
4.75971 113082
4.76019 113100
4.76067 113118
4.76115 113136
4.76164 113154
4.76212 113172
4.7626 113190
4.76308 113208
4.76356 113226
4.76404 113244
4.76452 113262
4.765 113280
4.76548 113298
4.76596 113316
4.76644 113334
4.76692 113352
4.7674 113370
4.76788 113388
4.76836 113406
4.76884 113424
4.76933 113442
4.76981 113460
4.77029 113478
4.77077 113496
4.77348 113514
4.77396 113532
4.77444 113550
4.77492 113568
4.7754 113586
4.77588 113604
4.77637 113622
4.77685 113640
4.77733 113658
4.77781 113676
4.77829 113694
4.77877 113712
4.77925 113730
4.77973 113748
4.78021 113766
4.78069 113784
4.78117 113802
4.78165 113820
4.78213 113838
4.78261 113856
4.78309 113874
4.78358 113892
4.78406 113910
4.78454 113928
4.78502 113946
4.7855 113964
4.78598 113982
4.78646 114000
4.78694 114018
4.78742 114036
4.7879 114054
4.78838 114072
4.78886 114090
4.78934 114108
4.78982 114126
4.7903 114144
4.79078 114162
4.79127 114180
4.79175 114198
4.79422 114216
4.7947 114234
4.79518 114252
4.79566 114270
4.79614 114288
4.79662 114306
4.7971 114324
4.79758 114342
4.79806 114360
4.79855 114378
4.79903 114396
4.79951 114414
4.79999 114432
4.80047 114450
4.80095 114468
4.80143 114486
4.80191 114504
4.80239 114522
4.80287 114540
4.80335 114558
4.80383 114576
4.80431 114594
4.80479 114612
4.80527 114630
4.80576 114648
4.80624 114666
4.80672 114684
4.8072 114702
4.80768 114720
4.80816 114738
4.80864 114756
4.80912 114774
4.8096 114792
4.81008 114810
4.81056 114828
4.81104 114846
4.81152 114864
4.812 114882
4.81248 114900
4.81496 114918
4.81544 114936
4.81592 114954
4.8164 114972
4.81688 114990
4.81736 115008
4.81784 115026
4.81832 115044
4.8188 115062
4.81928 115080
4.81976 115098
4.82025 115116
4.82073 115134
4.82121 115152
4.82169 115170
4.82217 115188
4.82265 115206
4.82313 115224
4.82361 115242
4.82409 115260
4.82457 115278
4.82505 115296
4.82553 115314
4.82601 115332
4.82649 115350
4.82697 115368
4.82745 115386
4.82794 115404
4.82842 115422
4.8289 115440
4.82938 115458
4.82986 115476
4.83034 115494
4.83082 115512
4.8313 115530
4.83178 115548
4.83226 115566
4.83274 115584
4.83322 115602
4.83546 115620
4.83594 115638
4.83642 115656
4.8369 115674
4.83738 115692
4.83786 115710
4.83834 115728
4.83882 115746
4.8393 115764
4.83978 115782
4.84026 115800
4.84074 115818
4.84122 115836
4.8417 115854
4.84218 115872
4.84267 115890
4.84315 115908
4.84363 115926
4.84411 115944
4.84459 115962
4.84507 115980
4.84555 115998
4.84603 116016
4.84651 116034
4.84699 116052
4.84747 116070
4.84795 116088
4.84843 116106
4.84891 116124
4.84939 116142
4.84988 116160
4.85036 116178
4.85084 116196
4.85132 116214
4.8518 116232
4.85228 116250
4.85276 116268
4.85324 116286
4.85372 116304
4.85595 116322
4.85643 116340
4.85692 116358
4.8574 116376
4.85788 116394
4.85836 116412
4.85884 116430
4.85932 116448
4.8598 116466
4.86028 116484
4.86076 116501
4.86124 116518
4.86172 116535
4.8622 116552
4.86268 116569
4.86316 116586
4.86364 116603
4.86412 116620
4.86461 116637
4.86509 116654
4.86557 116671
4.86605 116688
4.86653 116705
4.86701 116722
4.86749 116739
4.86797 116756
4.86845 116773
4.86893 116790
4.86941 116807
4.86989 116824
4.87037 116841
4.87085 116858
4.87133 116875
4.87182 116892
4.8723 116909
4.87278 116926
4.87326 116943
4.87374 116960
4.87422 116977
4.8747 116994
4.87669 117011
4.87717 117028
4.87765 117045
4.87813 117062
4.87861 117079
4.8791 117096
4.87958 117113
4.88006 117130
4.88054 117147
4.88102 117164
4.8815 117181
4.88198 117198
4.88246 117215
4.88294 117232
4.88342 117249
4.8839 117266
4.88438 117283
4.88486 117300
4.88534 117317
4.88582 117334
4.8863 117351
4.88679 117368
4.88727 117385
4.88775 117402
4.88823 117419
4.88871 117436
4.88919 117453
4.88967 117470
4.89015 117487
4.89063 117504
4.89111 117521
4.89159 117538
4.89207 117555
4.89255 117572
4.89303 117589
4.89351 117606
4.894 117623
4.89448 117640
4.89496 117657
4.89544 117674
4.89743 117691
4.89791 117708
4.89839 117725
4.89887 117742
4.89935 117759
4.89983 117776
4.90031 117793
4.90079 117810
4.90128 117827
4.90176 117844
4.90224 117861
4.90272 117878
4.9032 117895
4.90368 117912
4.90416 117929
4.90464 117946
4.90512 117963
4.9056 117980
4.90608 117997
4.90656 118014
4.90704 118031
4.90752 118048
4.908 118065
4.90849 118082
4.90897 118099
4.90945 118116
4.90993 118133
4.91041 118150
4.91089 118167
4.91137 118184
4.91185 118201
4.91233 118218
4.91281 118235
4.91329 118252
4.91377 118269
4.91425 118286
4.91473 118303
4.91521 118320
4.91569 118337
4.91618 118354
4.91793 118371
4.91841 118388
4.91889 118405
4.91937 118422
4.91985 118439
4.92033 118456
4.92081 118473
4.92129 118490
4.92177 118507
4.92225 118524
4.92273 118541
4.92322 118558
4.9237 118575
4.92418 118592
4.92466 118609
4.92514 118626
4.92562 118643
4.9261 118660
4.92658 118677
4.92706 118694
4.92754 118711
4.92802 118728
4.9285 118745
4.92898 118762
4.92946 118779
4.92994 118796
4.93042 118813
4.93091 118830
4.93139 118847
4.93187 118864
4.93235 118881
4.93283 118898
4.93331 118915
4.93379 118932
4.93427 118949
4.93475 118966
4.93523 118983
4.93571 119000
4.93619 119017
4.93667 119034
4.93843 119051
4.93891 119068
4.93939 119085
4.93987 119102
4.94035 119119
4.94083 119136
4.94131 119153
4.94179 119170
4.94227 119187
4.94275 119204
4.94323 119221
4.94371 119238
4.94419 119255
4.94467 119272
4.94516 119289
4.94564 119306
4.94612 119323
4.9466 119340
4.94708 119357
4.94756 119374
4.94804 119391
4.94852 119408
4.949 119425
4.94948 119442
4.94996 119459
4.95044 119476
4.95092 119493
4.9514 119510
4.95188 119527
4.95236 119544
4.95285 119561
4.95333 119578
4.95381 119595
4.95429 119612
4.95477 119629
4.95525 119646
4.95573 119663
4.95621 119680
4.95669 119697
4.95717 119714
4.95765 119731
4.95916 119748
4.95965 119765
4.96013 119782
4.96061 119799
4.96109 119816
4.96157 119833
4.96205 119850
4.96253 119867
4.96301 119884
4.96349 119901
4.96397 119918
4.96445 119935
4.96493 119952
4.96541 119969
4.96589 119986
4.96637 120003
4.96685 120020
4.96734 120037
4.96782 120054
4.9683 120071
4.96878 120088
4.96926 120105
4.96974 120122
4.97022 120139
4.9707 120156
4.97118 120173
4.97166 120190
4.97214 120207
4.97262 120224
4.9731 120241
4.97358 120258
4.97406 120275
4.97454 120292
4.97503 120309
4.97551 120326
4.97599 120343
4.97647 120360
4.97695 120377
4.97743 120394
4.97791 120411
4.97839 120428
4.9799 120445
4.98038 120462
4.98086 120479
4.98134 120496
4.98183 120513
4.98231 120530
4.98279 120547
4.98327 120564
4.98375 120581
4.98423 120598
4.98471 120615
4.98519 120632
4.98567 120649
4.98615 120666
4.98663 120683
4.98711 120700
4.98759 120717
4.98807 120734
4.98855 120751
4.98903 120768
4.98952 120785
4.99 120802
4.99048 120819
4.99096 120836
4.99144 120853
4.99192 120870
4.9924 120887
4.99288 120904
4.99336 120921
4.99384 120938
4.99432 120955
4.9948 120972
4.99528 120989
4.99576 121006
4.99624 121023
4.99673 121040
4.99721 121057
4.99769 121074
4.99817 121091
4.99865 121108
4.99913 121125
5.0004 121142
5.00088 121159
5.00136 121176
5.00184 121193
5.00232 121210
5.0028 121227
5.00328 121244
5.00377 121261
5.00425 121278
5.00473 121295
5.00521 121312
5.00569 121329
5.00617 121346
5.00665 121363
5.00713 121380
5.00761 121397
5.00809 121414
5.00857 121431
5.00905 121448
5.00953 121465
5.01001 121482
5.01049 121499
5.01097 121516
5.01146 121533
5.01194 121550
5.01242 121567
5.0129 121584
5.01338 121601
5.01386 121618
5.01434 121635
5.01482 121652
5.0153 121669
5.01578 121686
5.01626 121703
5.01674 121720
5.01722 121737
5.0177 121754
5.01818 121771
5.01866 121788
5.01915 121805
5.01963 121822
5.0209 121839
5.02138 121856
5.02186 121873
5.02234 121890
5.02282 121907
5.0233 121924
5.02378 121941
5.02426 121958
5.02474 121975
5.02522 121992
5.0257 122009
5.02619 122026
5.02667 122043
5.02715 122060
5.02763 122077
5.02811 122094
5.02859 122111
5.02907 122128
5.02955 122145
5.03003 122162
5.03051 122179
5.03099 122196
5.03147 122213
5.03195 122230
5.03243 122247
5.03291 122264
5.0334 122281
5.03388 122298
5.03436 122315
5.03484 122332
5.03532 122349
5.0358 122366
5.03628 122383
5.03676 122400
5.03724 122417
5.03772 122434
5.0382 122451
5.03868 122468
5.03916 122485
5.03964 122502
5.04012 122519
5.0406 122536
5.04164 122553
5.04212 122570
5.0426 122587
5.04308 122604
5.04356 122621
5.04404 122638
5.04452 122655
5.045 122672
5.04548 122689
5.04596 122706
5.04644 122723
5.04692 122740
5.0474 122757
5.04789 122774
5.04837 122791
5.04885 122808
5.04933 122825
5.04981 122842
5.05029 122859
5.05077 122876
5.05125 122893
5.05173 122910
5.05221 122927
5.05269 122944
5.05317 122961
5.05365 122978
5.05413 122995
5.05461 123012
5.05509 123029
5.05558 123046
5.05606 123063
5.05654 123080
5.05702 123097
5.0575 123114
5.05798 123131
5.05846 123148
5.05894 123165
5.05942 123182
5.0599 123199
5.06038 123216
5.06086 123233
5.06134 123250
5.06238 123267
5.06286 123284
5.06334 123301
5.06382 123318
5.0643 123335
5.06478 123352
5.06526 123368
5.06574 123384
5.06622 123400
5.0667 123416
5.06718 123432
5.06766 123448
5.06814 123464
5.06862 123480
5.0691 123496
5.06958 123512
5.07007 123528
5.07055 123544
5.07103 123560
5.07151 123576
5.07199 123592
5.07247 123608
5.07295 123624
5.07343 123640
5.07391 123656
5.07439 123672
5.07487 123688
5.07535 123704
5.07583 123720
5.07631 123736
5.07679 123752
5.07727 123768
5.07776 123784
5.07824 123800
5.07872 123816
5.0792 123832
5.07968 123848
5.08016 123864
5.08064 123880
5.08112 123896
5.0816 123912
5.08208 123928
5.08287 123944
5.08335 123960
5.08383 123976
5.08431 123992
5.0848 124008
5.08528 124024
5.08576 124040
5.08624 124056
5.08672 124072
5.0872 124088
5.08768 124104
5.08816 124120
5.08864 124136
5.08912 124152
5.0896 124168
5.09008 124184
5.09056 124200
5.09104 124216
5.09152 124232
5.09201 124248
5.09249 124264
5.09297 124280
5.09345 124296
5.09393 124312
5.09441 124328
5.09489 124344
5.09537 124360
5.09585 124376
5.09633 124392
5.09681 124408
5.09729 124424
5.09777 124440
5.09825 124456
5.09873 124472
5.09921 124488
5.0997 124504
5.10018 124520
5.10066 124536
5.10114 124552
5.10162 124568
5.1021 124584
5.10258 124600
5.10337 124616
5.10385 124632
5.10433 124648
5.10481 124664
5.10529 124680
5.10577 124696
5.10625 124712
5.10674 124728
5.10722 124744
5.1077 124760
5.10818 124776
5.10866 124792
5.10914 124808
5.10962 124824
5.1101 124840
5.11058 124856
5.11106 124872
5.11154 124888
5.11202 124904
5.1125 124920
5.11298 124936
5.11346 124952
5.11394 124968
5.11443 124984
5.11491 125000
5.11539 125016
5.11587 125032
5.11635 125048
5.11683 125064
5.11731 125080
5.11779 125096
5.11827 125112
5.11875 125128
5.11923 125144
5.11971 125160
5.12019 125176
5.12067 125192
5.12115 125208
5.12164 125224
5.12212 125240
5.1226 125256
5.12308 125272
5.12356 125288
5.12411 125304
5.12459 125320
5.12507 125336
5.12555 125352
5.12603 125368
5.12651 125384
5.12699 125400
5.12747 125416
5.12795 125432
5.12843 125448
5.12892 125464
5.1294 125480
5.12988 125496
5.13036 125512
5.13084 125528
5.13132 125544
5.1318 125560
5.13228 125576
5.13276 125592
5.13324 125608
5.13372 125624
5.1342 125640
5.13468 125656
5.13516 125672
5.13564 125688
5.13613 125704
5.13661 125720
5.13709 125736
5.13757 125752
5.13805 125768
5.13853 125784
5.13901 125800
5.13949 125816
5.13997 125832
5.14045 125848
5.14093 125864
5.14141 125880
5.14189 125896
5.14237 125912
5.14285 125928
5.14333 125944
5.14382 125960
5.1443 125976
5.14485 125992
5.14533 126008
5.14581 126024
5.14629 126040
5.14677 126056
5.14725 126072
5.14773 126088
5.14821 126104
5.14869 126120
5.14917 126136
5.14965 126152
5.15013 126168
5.15062 126184
5.1511 126200
5.15158 126216
5.15206 126232
5.15254 126248
5.15302 126264
5.1535 126280
5.15398 126296
5.15446 126312
5.15494 126328
5.15542 126344
5.1559 126360
5.15638 126376
5.15686 126392
5.15734 126408
5.15782 126424
5.15831 126440
5.15879 126456
5.15927 126472
5.15975 126488
5.16023 126504
5.16071 126520
5.16119 126536
5.16167 126552
5.16215 126568
5.16263 126584
5.16311 126600
5.16359 126616
5.16407 126632
5.16455 126648
5.16503 126664
5.16551 126680
5.166 126696
5.16648 126712
5.16696 126728
5.16744 126744
5.16792 126760
5.1684 126776
5.16888 126792
5.16936 126808
5.16984 126824
5.17032 126840
5.1708 126856
5.17128 126872
5.17176 126888
5.17224 126904
5.17272 126920
5.17321 126936
5.17369 126952
5.17417 126968
5.17465 126984
5.17513 127000
5.17561 127016
5.17609 127032
5.17657 127048
5.17705 127064
5.17753 127080
5.17801 127096
5.17849 127112
5.17897 127128
5.17945 127144
5.17993 127160
5.18041 127176
5.1809 127192
5.18138 127208
5.18186 127224
5.18234 127240
5.18282 127256
5.1833 127272
5.18378 127288
5.18426 127304
5.18474 127320
5.18522 127336
5.1857 127352
5.18618 127368
5.18666 127384
5.18714 127400
5.18762 127416
5.1881 127432
5.18859 127448
5.18907 127464
5.18955 127480
5.19003 127496
5.19051 127512
5.19099 127528
5.19147 127544
5.19195 127560
5.19243 127576
5.19291 127592
5.19339 127608
5.19387 127624
5.19435 127640
5.19483 127656
5.19531 127672
5.1958 127688
5.19628 127704
5.19676 127720
5.19724 127736
5.19772 127752
5.1982 127768
5.19868 127784
5.19916 127800
5.19964 127816
5.20012 127832
5.2006 127848
5.20108 127864
5.20156 127880
5.20204 127896
5.20252 127912
5.203 127928
5.20349 127944
5.20397 127960
5.20445 127976
5.20493 127992
5.20541 128008
5.20589 128024
5.20637 128040
5.20685 128056
5.20733 128072
5.20781 128088
5.20829 128104
5.20877 128120
5.20925 128136
5.20973 128152
5.21021 128168
5.2107 128184
5.21118 128200
5.21166 128216
5.21214 128232
5.21262 128248
5.2131 128264
5.21358 128280
5.21406 128296
5.21454 128312
5.21502 128328
5.2155 128344
5.21598 128360
5.21646 128376
5.21694 128392
5.21742 128408
5.2179 128424
5.21839 128440
5.21887 128456
5.21935 128472
5.21983 128488
5.22031 128504
5.22079 128520
5.22127 128536
5.22175 128552
5.22223 128568
5.22271 128584
5.22319 128600
5.22367 128616
5.22415 128632
5.22463 128648
5.22511 128664
5.22559 128680
5.22608 128696
5.22656 128712
5.22704 128728
5.22752 128744
5.228 128760
5.22848 128776
5.22896 128792
5.22944 128808
5.22992 128824
5.2304 128840
5.23088 128856
5.23136 128872
5.23184 128888
5.23232 128904
5.2328 128920
5.23329 128936
5.23377 128952
5.23425 128968
5.23473 128984
5.23521 129000
5.23569 129016
5.23617 129032
5.23665 129048
5.23713 129064
5.23761 129080
5.23809 129096
5.23857 129112
5.23905 129128
5.23953 129144
5.24001 129160
5.24049 129176
5.24098 129192
5.24146 129208
5.24194 129224
5.24242 129240
5.2429 129256
5.24338 129272
5.24386 129288
5.24434 129304
5.24482 129320
5.2453 129336
5.24578 129352
5.24626 129368
5.24674 129384
5.24722 129400
5.2477 129416
5.24818 129432
5.24867 129448
5.24915 129464
5.24963 129480
5.25011 129496
5.25059 129512
5.25107 129528
5.25155 129544
5.25203 129560
5.25251 129576
5.25299 129592
5.25347 129608
5.25395 129624
5.25443 129640
5.25491 129656
5.25539 129672
5.25588 129688
5.25636 129704
5.25684 129720
5.25732 129736
5.2578 129752
5.25828 129768
5.25876 129784
5.25924 129800
5.25972 129816
5.2602 129832
5.26068 129848
5.26116 129864
5.26164 129880
5.26212 129896
5.2626 129912
5.26308 129928
5.26357 129944
5.26405 129960
5.26453 129976
5.26501 129992
5.26549 130008
5.26597 130024
5.26645 130040
5.26693 130056
5.26741 130072
5.26789 130088
5.26837 130104
5.26885 130120
5.26933 130136
5.26981 130152
5.27029 130168
5.27078 130184
5.27126 130200
5.27174 130216
5.27222 130232
5.2727 130248
5.27318 130264
5.27366 130280
5.27414 130296
5.27462 130312
5.2751 130328
5.27558 130344
5.27606 130360
5.27654 130376
5.27702 130392
5.2775 130408
5.27798 130424
5.27847 130440
5.27895 130456
5.27943 130472
5.27991 130488
5.28039 130504
5.28087 130520
5.28135 130536
5.28183 130552
5.28231 130568
5.28279 130584
5.28327 130600
5.28375 130616
5.28423 130632
5.28471 130648
5.28519 130664
5.28567 130680
5.28616 130696
5.28664 130712
5.28712 130728
5.2876 130744
5.28808 130760
5.28856 130776
5.28904 130792
5.28952 130808
5.29 130824
5.29048 130840
5.29096 130856
5.29144 130872
5.29192 130888
5.2924 130904
5.29288 130920
5.29337 130936
5.29385 130952
5.29433 130968
5.29481 130984
5.29529 131000
5.29577 131016
5.29625 131032
5.29673 131048
5.29721 131063
5.29769 131078
5.29817 131093
5.29865 131108
5.29913 131123
5.29961 131138
5.30009 131153
5.30057 131168
5.30106 131183
5.30154 131198
5.30202 131213
5.3025 131228
5.30298 131243
5.30346 131258
5.30394 131273
5.30442 131288
5.3049 131303
5.30538 131318
5.30586 131333
5.30634 131348
5.30682 131363
5.3073 131378
5.30778 131393
5.30826 131408
5.30875 131423
5.30923 131438
5.30971 131453
5.31019 131468
5.31067 131483
5.31115 131498
5.31163 131513
5.31211 131528
5.31259 131543
5.31307 131558
5.31355 131573
5.31403 131588
5.31451 131603
5.31499 131618
5.31547 131633
5.31596 131648
5.31644 131663
5.31692 131678
5.3174 131693
5.31788 131708
5.31836 131723
5.31884 131738
5.31932 131753
5.3198 131768
5.32028 131783
5.32076 131798
5.32124 131813
5.32172 131828
5.3222 131843
5.32268 131858
5.32316 131873
5.32365 131888
5.32413 131903
5.32461 131918
5.32509 131933
5.32557 131948
5.32605 131963
5.32653 131978
5.32701 131993
5.32749 132008
5.32797 132023
5.32845 132038
5.32893 132053
5.32941 132068
5.32989 132083
5.33037 132098
5.33086 132113
5.33134 132128
5.33182 132143
5.3323 132158
5.33278 132173
5.33326 132188
5.33374 132203
5.33422 132218
5.3347 132233
5.33518 132248
5.33566 132263
5.33614 132278
5.33662 132293
5.3371 132308
5.33758 132323
5.33806 132338
5.33855 132353
5.33903 132368
5.33951 132383
5.33999 132398
5.34047 132413
5.34095 132428
5.34143 132443
5.34191 132458
5.34239 132473
5.34287 132488
5.34335 132503
5.34383 132518
5.34431 132533
5.34479 132548
5.34527 132563
5.34575 132578
5.34624 132593
5.34672 132608
5.3472 132623
5.34768 132638
5.34816 132653
5.34864 132668
5.34912 132683
5.3496 132698
5.35008 132713
5.35056 132728
5.35104 132743
5.35152 132758
5.352 132773
5.35248 132788
5.35296 132803
5.35345 132818
5.35393 132833
5.35441 132848
5.35489 132863
5.35537 132878
5.35585 132893
5.35633 132908
5.35681 132923
5.35729 132938
5.35777 132953
5.35825 132968
5.35873 132983
5.35921 132998
5.35969 133013
5.36017 133028
5.36065 133043
5.36114 133058
5.36162 133073
5.3621 133088
5.36258 133103
5.36306 133118
5.36354 133133
5.36402 133148
5.3645 133163
5.36498 133178
5.36546 133193
5.36594 133208
5.36642 133223
5.3669 133238
5.36738 133253
5.36786 133268
5.36834 133283
5.36883 133298
5.36931 133313
5.36979 133328
5.37027 133343
5.37075 133358
5.37123 133373
5.37171 133388
5.37219 133403
5.37267 133418
5.37315 133433
5.37363 133448
5.37411 133463
5.37459 133478
5.37507 133493
5.37555 133508
5.37604 133523
5.37652 133538
5.377 133553
5.37748 133568
5.37796 133583
5.37844 133598
5.37892 133613
5.3794 133628
5.37988 133643
5.38036 133658
5.38084 133673
5.38132 133688
5.3818 133703
5.38228 133718
5.38276 133733
5.38324 133748
5.38373 133763
5.38421 133778
5.38469 133793
5.38517 133808
5.38565 133823
5.38613 133838
5.38661 133853
5.38709 133868
5.38757 133883
5.38805 133898
5.38853 133913
5.38901 133928
5.38949 133943
5.38997 133958
5.39045 133973
5.39094 133988
5.39142 134003
5.3919 134018
5.39238 134033
5.39286 134048
5.39334 134063
5.39382 134078
5.3943 134093
5.39478 134108
5.39526 134123
5.39574 134138
5.39622 134153
5.3967 134168
5.39718 134183
5.39766 134198
5.39814 134213
5.39863 134228
5.39911 134243
5.39959 134258
5.40007 134273
5.40055 134288
5.40103 134303
5.40151 134318
5.40199 134333
5.40247 134348
5.40295 134363
5.40343 134378
5.40391 134393
5.40439 134408
5.40487 134423
5.40535 134438
5.40583 134453
5.40632 134468
5.4068 134483
5.40728 134498
5.40776 134513
5.40824 134528
5.40872 134543
5.4092 134558
5.40968 134573
5.41016 134588
5.41064 134603
5.41112 134618
5.4116 134633
5.41208 134648
5.41256 134663
5.41304 134678
5.41353 134693
5.41401 134708
5.41449 134723
5.41497 134738
5.41545 134753
5.41593 134768
5.41641 134783
5.41689 134798
5.41737 134813
5.41785 134828
5.41833 134843
5.41881 134858
5.41929 134873
5.41977 134888
5.42025 134903
5.42073 134918
5.42122 134933
5.4217 134948
5.42218 134963
5.42266 134978
5.42314 134993
5.42362 135008
5.4241 135023
5.42458 135038
5.42506 135053
5.42554 135068
5.42602 135083
5.4265 135098
5.42698 135113
5.42746 135128
5.42794 135143
5.42842 135158
5.42891 135173
5.42939 135188
5.42987 135203
5.43035 135218
5.43083 135233
5.43131 135248
5.43179 135263
5.43227 135278
5.43275 135293
5.43323 135308
5.43371 135323
5.43419 135338
5.43467 135353
5.43515 135368
5.43563 135383
5.43612 135398
5.4366 135413
5.43708 135428
5.43756 135443
5.43804 135458
5.43852 135473
5.439 135488
5.43948 135503
5.43996 135518
5.44044 135533
5.44092 135548
5.4414 135563
5.44188 135578
5.44236 135593
5.44284 135608
5.44332 135623
5.44381 135638
5.44429 135653
5.44477 135668
5.44525 135683
5.44573 135698
5.44621 135713
5.44669 135728
5.44717 135743
5.44765 135758
5.44813 135773
5.44861 135788
5.44909 135803
5.44957 135818
5.45005 135833
5.45053 135848
5.45102 135863
5.4515 135878
5.45198 135893
5.45246 135908
5.45294 135923
5.45342 135938
5.4539 135953
5.45438 135968
5.45486 135983
5.45534 135998
5.45582 136013
5.4563 136028
5.45678 136043
5.45726 136058
5.45774 136073
5.45822 136088
5.45871 136103
5.45919 136118
5.45967 136133
5.46015 136148
5.46063 136163
5.46111 136178
5.46159 136193
5.46207 136208
5.46255 136223
5.46303 136238
5.46351 136253
5.46399 136268
5.46447 136283
5.46495 136298
5.46543 136313
5.46591 136328
5.4664 136343
5.46688 136358
5.46736 136373
5.46784 136388
5.46832 136403
5.4688 136418
5.46928 136433
5.46976 136448
5.47024 136463
5.47072 136478
5.4712 136493
5.47168 136508
5.47216 136523
5.47264 136538
5.47312 136553
5.47361 136568
5.47409 136583
5.47457 136598
5.47505 136613
5.47553 136628
5.47601 136643
5.47649 136658
5.47697 136673
5.47745 136688
5.47793 136703
5.47841 136718
5.47889 136733
5.47937 136748
5.47985 136763
5.48033 136778
5.48081 136793
5.4813 136808
5.48178 136823
5.48226 136838
5.48274 136853
5.48322 136868
5.4837 136883
5.48418 136898
5.48466 136913
5.48514 136928
5.48562 136943
5.4861 136958
5.48658 136973
5.48706 136988
5.48754 137003
5.48802 137018
5.4885 137033
5.48899 137048
5.48947 137063
5.48995 137078
5.49043 137093
5.49091 137108
5.49139 137123
5.49187 137138
5.49235 137153
5.49283 137168
5.49331 137183
5.49379 137198
5.49427 137213
5.49475 137228
5.49523 137243
5.49571 137258
5.4962 137273
5.49668 137288
5.49716 137303
5.49764 137318
5.49812 137333
5.4986 137348
5.49908 137363
5.49956 137378
5.50004 137393
5.50052 137408
5.501 137423
5.50148 137438
5.50196 137453
5.50244 137468
5.50292 137483
5.5034 137498
5.50389 137513
5.50437 137528
5.50485 137543
5.50533 137558
5.50581 137573
5.50629 137588
5.50677 137603
5.50725 137618
5.50773 137633
5.50821 137648
5.50869 137663
5.50917 137678
5.50965 137693
5.51013 137708
5.51061 137723
5.5111 137738
5.51158 137753
5.51206 137768
5.51254 137783
5.51302 137798
5.5135 137813
5.51398 137828
5.51446 137843
5.51494 137858
5.51542 137873
5.5159 137888
5.51638 137903
5.51686 137918
5.51734 137933
5.51782 137948
5.5183 137963
5.51879 137978
5.51927 137993
5.51975 138008
5.52023 138023
5.52071 138038
5.52119 138053
5.52167 138068
5.52215 138083
5.52263 138098
5.52311 138113
5.52359 138128
5.52407 138143
5.52455 138158
5.52503 138173
5.52551 138188
5.52599 138203
5.52648 138218
5.52696 138233
5.52744 138248
5.52792 138263
5.5284 138278
5.52888 138293
5.52936 138308
5.52984 138323
5.53032 138338
5.5308 138353
5.53128 138368
5.53176 138383
5.53224 138398
5.53272 138413
5.5332 138428
5.53369 138443
5.53417 138458
5.53465 138473
5.53513 138488
5.53561 138503
5.53609 138518
5.53657 138533
5.53705 138548
5.53753 138563
5.53801 138578
5.53849 138593
5.53897 138608
5.53945 138623
5.53993 138638
5.54041 138653
5.54089 138668
5.54138 138683
5.54186 138698
5.54234 138713
5.54282 138728
5.5433 138743
5.54378 138758
5.54426 138773
5.54474 138788
5.54522 138803
5.5457 138818
5.54618 138833
5.54666 138848
5.54714 138863
5.54762 138878
5.5481 138893
5.54858 138908
5.54907 138923
5.54955 138938
5.55003 138953
5.55051 138968
5.55099 138983
5.55147 138998
5.55195 139013
5.55243 139028
5.55291 139043
5.55339 139058
5.55387 139073
5.55435 139088
5.55483 139103
5.55531 139118
5.55579 139133
5.55628 139148
5.55676 139163
5.55724 139178
5.55772 139193
5.5582 139208
5.55868 139223
5.55916 139238
5.55964 139253
5.56012 139268
5.5606 139283
5.56108 139298
5.56156 139313
5.56204 139328
5.56252 139343
5.563 139358
5.56348 139373
5.56397 139388
5.56445 139403
5.56493 139418
5.56541 139433
5.56589 139448
5.56637 139463
5.56685 139478
5.56733 139493
5.56781 139508
5.56829 139523
5.56877 139538
5.56925 139553
5.56973 139568
5.57021 139583
5.57069 139598
5.57118 139613
5.57166 139628
5.57214 139643
5.57262 139658
5.5731 139673
5.57358 139688
5.57406 139703
5.57454 139718
5.57502 139733
5.5755 139748
5.57598 139763
5.57646 139778
5.57694 139793
5.57742 139807
5.5779 139821
5.57838 139835
5.57887 139849
5.57935 139863
5.57983 139877
5.58031 139891
5.58079 139905
5.58127 139919
5.58175 139933
5.58223 139947
5.58271 139961
5.58319 139975
5.58367 139989
5.58415 140003
5.58463 140017
5.58511 140031
5.58559 140045
5.58607 140059
5.58656 140073
5.58704 140087
5.58752 140101
5.588 140115
5.58848 140129
5.58896 140143
5.58944 140157
5.58992 140171
5.5904 140185
5.59088 140199
5.59136 140213
5.59184 140227
5.59232 140241
5.5928 140255
5.59328 140269
5.59377 140283
5.59425 140297
5.59473 140311
5.59521 140325
5.59569 140339
5.59617 140353
5.59665 140367
5.59713 140381
5.59761 140395
5.59809 140409
5.59857 140423
5.59905 140437
5.59953 140451
5.60001 140465
5.60049 140479
5.60097 140493
5.60146 140507
5.60194 140521
5.60242 140535
5.6029 140549
5.60338 140563
5.60386 140577
5.60434 140591
5.60482 140605
5.6053 140619
5.60578 140633
5.60626 140647
5.60674 140661
5.60722 140675
5.6077 140689
5.60818 140703
5.60866 140717
5.60915 140731
5.60963 140745
5.61011 140759
5.61059 140773
5.61107 140787
5.61155 140801
5.61203 140815
5.61251 140829
5.61299 140843
5.61347 140857
5.61395 140871
5.61443 140885
5.61491 140899
5.61539 140913
5.61587 140927
5.61636 140941
5.61684 140955
5.61732 140969
5.6178 140983
5.61828 140997
5.61876 141011
5.61924 141025
5.61972 141039
5.6202 141053
5.62068 141067
5.62116 141081
5.62164 141095
5.62212 141109
5.6226 141123
5.62308 141137
5.62356 141151
5.62405 141165
5.62453 141179
5.62501 141193
5.62549 141207
5.62597 141221
5.62645 141235
5.62693 141249
5.62741 141263
5.62789 141277
5.62837 141291
5.62885 141305
5.62933 141319
5.62981 141333
5.63029 141347
5.63077 141361
5.63126 141375
5.63174 141389
5.63222 141403
5.6327 141417
5.63318 141431
5.63366 141445
5.63414 141459
5.63462 141473
5.6351 141487
5.63558 141501
5.63606 141515
5.63654 141529
5.63702 141543
5.6375 141557
5.63798 141571
5.63846 141585
5.63895 141599
5.63943 141613
5.63991 141627
5.64039 141641
5.64087 141655
5.64135 141669
5.64183 141683
5.64231 141697
5.64279 141711
5.64327 141725
5.64375 141739
5.64423 141753
5.64471 141767
5.64519 141781
5.64567 141795
5.64615 141809
5.64664 141823
5.64712 141837
5.6476 141851
5.64808 141865
5.64856 141879
5.64904 141893
5.64952 141907
5.65 141921
5.65048 141935
5.65096 141949
5.65144 141963
5.65192 141977
5.6524 141991
5.65288 142005
5.65336 142019
5.65385 142033
5.65433 142047
5.65481 142061
5.65529 142075
5.65577 142089
5.65625 142103
5.65673 142117
5.65721 142131
5.65769 142145
5.65817 142159
5.65865 142173
5.65913 142187
5.65961 142201
5.66009 142215
5.66057 142229
5.66105 142243
5.66154 142257
5.66202 142271
5.6625 142285
5.66298 142299
5.66346 142313
5.66394 142327
5.66442 142341
5.6649 142355
5.66538 142369
5.66586 142383
5.66634 142397
5.66682 142411
5.6673 142425
5.66778 142439
5.66826 142453
5.66874 142467
5.66923 142481
5.66971 142495
5.67019 142509
5.67067 142523
5.67115 142537
5.67163 142551
5.67211 142565
5.67259 142579
5.67307 142593
5.67355 142607
5.67403 142621
5.67451 142635
5.67499 142649
5.67547 142663
5.67595 142677
5.67644 142691
5.67692 142705
5.6774 142719
5.67788 142733
5.67836 142747
5.67884 142761
5.67932 142775
5.6798 142789
5.68028 142803
5.68076 142817
5.68124 142831
5.68172 142845
5.6822 142859
5.68268 142873
5.68316 142887
5.68364 142901
5.68413 142915
5.68461 142929
5.68509 142943
5.68557 142957
5.68605 142971
5.68653 142985
5.68701 142999
5.68749 143013
5.68797 143027
5.68845 143041
5.68893 143055
5.68941 143069
5.68989 143083
5.69037 143097
5.69085 143111
5.69134 143125
5.69182 143139
5.6923 143153
5.69278 143167
5.69326 143181
5.69374 143195
5.69422 143209
5.6947 143223
5.69518 143237
5.69566 143251
5.69614 143265
5.69662 143279
5.6971 143293
5.69758 143307
5.69806 143321
5.69854 143335
5.69903 143349
5.69951 143363
5.69999 143377
5.70047 143391
5.70095 143405
5.70143 143419
5.70191 143433
5.70239 143447
5.70287 143461
5.70335 143475
5.70383 143489
5.70431 143503
5.70479 143517
5.70527 143531
5.70575 143545
5.70623 143559
5.70672 143573
5.7072 143587
5.70768 143601
5.70816 143615
5.70864 143629
5.70912 143643
5.70912 91136
5.7096 91159
5.7096 91136
5.71008 91159
5.71008 91136
5.71056 91159
5.71056 91136
5.71104 91159
5.71104 91136
5.71152 91159
5.71152 91136
5.712 91159
5.712 91136
5.71248 91159
5.71248 91136
5.71296 91159
5.71296 91136
5.71344 91159
5.71344 91136
5.71393 91159
5.71393 91136
5.71441 91159
5.71441 91136
5.71489 91159
5.71489 91136
5.71537 91159
5.71537 91136
5.71585 91159
5.71585 91136
5.71633 91159
5.71633 91136
5.71681 91159
5.71681 91136
5.71729 91159
5.71729 91136
5.71777 91159
5.71777 91136
5.71825 91159
5.71825 91136
5.71873 91159
5.71873 91136
5.71921 91159
5.71921 91136
5.71969 91159
5.71969 91136
5.72017 91159
5.72017 91136
5.72065 91159
5.72065 91136
5.72113 91159
5.72113 91136
5.72162 91159
5.72162 91136
5.7221 91159
5.7221 91136
5.72258 91159
5.72258 91136
5.72306 91159
5.72306 91136
5.72354 91159
5.72354 91136
5.72402 91159
5.72402 91136
5.7245 91159
5.7245 91136
5.72498 91159
5.72498 91136
5.72546 91159
5.72546 91136
5.72594 91159
5.72594 91136
5.72642 91159
5.72642 91136
5.7269 91159
5.7269 91136
5.72738 91159
5.72738 91136
5.72786 91159
5.72786 91136
5.72834 91159
5.72834 91136
5.72882 91159
5.72882 91136
5.72931 91159
5.72931 91136
5.72979 91159
5.72979 91136
5.73027 91159
5.73027 91136
5.73075 91159
5.73075 91136
5.73123 91159
5.73123 91136
5.73171 91159
5.73171 91136
5.73219 91159
5.73219 91136
5.73827 91159
5.73899 91182
5.73947 91204
5.73995 91226
5.74043 91248
5.74091 91270
5.74139 91292
5.74187 91314
5.74235 91336
5.74283 91358
5.74331 91380
5.7438 91402
5.74428 91424
5.74476 91446
5.74524 91468
5.74572 91490
5.7462 91512
5.74668 91534
5.74716 91556
5.74764 91578
5.74812 91600
5.7486 91622
5.74908 91644
5.74956 91666
5.75004 91688
5.75052 91710
5.75101 91732
5.75149 91754
5.75197 91776
5.75245 91798
5.75293 91820
5.75901 91842
5.75973 91864
5.76021 91886
5.76069 91908
5.76117 91930
5.76165 91952
5.76213 91974
5.76261 91996
5.76309 92018
5.76357 92040
5.76405 92062
5.76453 92084
5.76501 92106
5.7655 92128
5.76598 92150
5.76646 92172
5.76694 92194
5.76742 92216
5.7679 92238
5.76838 92260
5.76886 92282
5.76934 92304
5.76982 92326
5.7703 92348
5.77078 92370
5.77126 92392
5.77174 92414
5.77222 92436
5.7727 92458
5.77319 92480
5.77367 92502
5.7795 92524
5.78023 92546
5.78071 92568
5.78119 92590
5.78167 92612
5.78215 92634
5.78263 92656
5.78311 92678
5.78359 92700
5.78407 92722
5.78455 92744
5.78503 92766
5.78551 92788
5.78599 92810
5.78647 92832
5.78695 92854
5.78743 92876
5.78792 92898
5.7884 92920
5.78888 92942
5.78936 92964
5.78984 92986
5.79032 93008
5.7908 93030
5.79128 93052
5.79176 93074
5.79224 93096
5.79272 93118
5.7932 93140
5.79368 93162
5.79416 93184
5.8 93206
5.80072 93228
5.8012 93250
5.80168 93272
5.80217 93294
5.80265 93316
5.80313 93338
5.80361 93360
5.80409 93382
5.80457 93404
5.80505 93426
5.80553 93448
5.80601 93470
5.80649 93492
5.80697 93514
5.80745 93536
5.80793 93558
5.80841 93580
5.80889 93602
5.80937 93624
5.80986 93646
5.81034 93668
5.81082 93690
5.8113 93712
5.81178 93734
5.81226 93756
5.81274 93778
5.81322 93800
5.8137 93822
5.81418 93844
5.81466 93866
5.81514 93888
5.82074 93910
5.82146 93932
5.82194 93954
5.82242 93976
5.8229 93998
5.82338 94020
5.82386 94042
5.82435 94064
5.82483 94086
5.82531 94108
5.82579 94130
5.82627 94152
5.82675 94174
5.82723 94196
5.82771 94218
5.82819 94240
5.82867 94262
5.82915 94284
5.82963 94306
5.83011 94328
5.83059 94350
5.83107 94372
5.83155 94394
5.83204 94416
5.83252 94438
5.833 94460
5.83348 94482
5.83396 94504
5.83444 94526
5.83492 94548
5.8354 94570
5.83588 94592
5.84148 94614
5.8422 94636
5.84268 94658
5.84316 94680
5.84364 94702
5.84412 94724
5.8446 94746
5.84508 94768
5.84556 94790
5.84604 94812
5.84653 94834
5.84701 94856
5.84749 94878
5.84797 94900
5.84845 94922
5.84893 94944
5.84941 94966
5.84989 94988
5.85037 95010
5.85085 95032
5.85133 95054
5.85181 95076
5.85229 95098
5.85277 95120
5.85325 95142
5.85374 95164
5.85422 95186
5.8547 95208
5.85518 95230
5.85566 95252
5.85614 95274
5.85662 95296
5.86198 95318
5.8627 95339
5.86318 95360
5.86366 95381
5.86414 95402
5.86462 95423
5.8651 95444
5.86558 95465
5.86606 95486
5.86654 95507
5.86702 95528
5.8675 95549
5.86798 95570
5.86847 95591
5.86895 95612
5.86943 95633
5.86991 95654
5.87039 95675
5.87087 95696
5.87135 95717
5.87183 95738
5.87231 95759
5.87279 95780
5.87327 95801
5.87375 95822
5.87423 95843
5.87471 95864
5.87519 95885
5.87567 95906
5.87616 95927
5.87664 95948
5.87712 95969
5.88247 95990
5.8832 96011
5.88368 96032
5.88416 96053
5.88464 96074
5.88512 96095
5.8856 96116
5.88608 96137
5.88656 96158
5.88704 96179
5.88752 96200
5.888 96221
5.88848 96242
5.88896 96263
5.88944 96284
5.88992 96305
5.89041 96326
5.89089 96347
5.89137 96368
5.89185 96389
5.89233 96410
5.89281 96431
5.89329 96452
5.89377 96473
5.89425 96494
5.89473 96515
5.89521 96536
5.89569 96557
5.89617 96578
5.89665 96599
5.89713 96620
5.89761 96641
5.8981 96662
5.90321 96683
5.90393 96704
5.90441 96725
5.9049 96746
5.90538 96767
5.90586 96788
5.90634 96809
5.90682 96830
5.9073 96851
5.90778 96872
5.90826 96893
5.90874 96914
5.90922 96935
5.9097 96956
5.91018 96977
5.91066 96998
5.91114 97019
5.91162 97040
5.9121 97061
5.91259 97082
5.91307 97103
5.91355 97124
5.91403 97145
5.91451 97166
5.91499 97187
5.91547 97208
5.91595 97229
5.91643 97250
5.91691 97271
5.91739 97292
5.91787 97313
5.91835 97334
5.91883 97355
5.92395 97376
5.92467 97397
5.92515 97418
5.92563 97439
5.92611 97460
5.92659 97481
5.92708 97502
5.92756 97523
5.92804 97544
5.92852 97565
5.929 97586
5.92948 97607
5.92996 97628
5.93044 97649
5.93092 97670
5.9314 97691
5.93188 97712
5.93236 97733
5.93284 97754
5.93332 97775
5.9338 97796
5.93428 97817
5.93477 97838
5.93525 97859
5.93573 97880
5.93621 97901
5.93669 97922
5.93717 97943
5.93765 97964
5.93813 97985
5.93861 98006
5.93909 98027
5.93957 98048
5.94445 98069
5.94517 98090
5.94565 98111
5.94613 98132
5.94661 98153
5.94709 98174
5.94757 98195
5.94805 98216
5.94853 98237
5.94902 98258
5.9495 98279
5.94998 98300
5.95046 98321
5.95094 98342
5.95142 98363
5.9519 98384
5.95238 98405
5.95286 98426
5.95334 98447
5.95382 98468
5.9543 98489
5.95478 98510
5.95526 98531
5.95574 98552
5.95622 98573
5.95671 98594
5.95719 98615
5.95767 98636
5.95815 98657
5.95863 98678
5.95911 98699
5.95959 98720
5.96007 98741
5.96495 98762
5.96567 98783
5.96615 98804
5.96663 98825
5.96711 98846
5.96759 98867
5.96807 98888
5.96855 98909
5.96903 98930
5.96951 98951
5.96999 98972
5.97047 98993
5.97095 99014
5.97144 99035
5.97192 99056
5.9724 99077
5.97288 99098
5.97336 99119
5.97384 99140
5.97432 99161
5.9748 99182
5.97528 99203
5.97576 99224
5.97624 99245
5.97672 99266
5.9772 99287
5.97768 99308
5.97816 99329
5.97865 99350
5.97913 99371
5.97961 99392
5.98009 99413
5.98057 99434
5.98105 99455
5.98569 99476
5.98641 99497
5.98689 99518
5.98737 99539
5.98785 99560
5.98833 99581
5.98881 99602
5.98929 99623
5.98977 99644
5.99025 99665
5.99073 99686
5.99121 99707
5.99169 99728
5.99217 99749
5.99265 99770
5.99314 99791
5.99362 99812
5.9941 99833
5.99458 99854
5.99506 99874
5.99554 99894
5.99602 99914
5.9965 99934
5.99698 99954
5.99746 99974
5.99794 99994
5.99842 100014
5.9989 100034
5.99938 100054
5.99986 100074
6.00034 100094
6.00083 100114
6.00131 100134
6.00179 100154
6.00642 100174
6.00714 100194
6.00762 100214
6.00811 100234
6.00859 100254
6.00907 100274
6.00955 100294
6.01003 100314
6.01051 100334
6.01099 100354
6.01147 100374
6.01195 100394
6.01243 100414
6.01291 100434
6.01339 100454
6.01387 100474
6.01435 100494
6.01483 100514
6.01532 100534
6.0158 100554
6.01628 100574
6.01676 100594
6.01724 100614
6.01772 100634
6.0182 100654
6.01868 100674
6.01916 100694
6.01964 100714
6.02012 100734
6.0206 100754
6.02108 100774
6.02156 100794
6.02204 100814
6.02252 100834
6.02692 100854
6.02764 100874
6.02812 100894
6.0286 100914
6.02908 100934
6.02956 100954
6.03005 100974
6.03053 100994
6.03101 101014
6.03149 101034
6.03197 101054
6.03245 101074
6.03293 101094
6.03341 101114
6.03389 101134
6.03437 101154
6.03485 101174
6.03533 101194
6.03581 101214
6.03629 101234
6.03677 101254
6.03726 101274
6.03774 101294
6.03822 101314
6.0387 101334
6.03918 101354
6.03966 101374
6.04014 101394
6.04062 101414
6.0411 101434
6.04158 101454
6.04206 101474
6.04254 101494
6.04302 101514
6.04742 101534
6.04814 101554
6.04862 101574
6.0491 101594
6.04958 101614
6.05006 101634
6.05054 101654
6.05102 101674
6.0515 101694
6.05199 101714
6.05247 101734
6.05295 101754
6.05343 101774
6.05391 101794
6.05439 101814
6.05487 101834
6.05535 101854
6.05583 101874
6.05631 101894
6.05679 101914
6.05727 101934
6.05775 101954
6.05823 101974
6.05871 101994
6.05919 102014
6.05968 102034
6.06016 102054
6.06064 102074
6.06112 102094
6.0616 102114
6.06208 102134
6.06256 102154
6.06304 102174
6.06352 102194
6.064 102214
6.06816 102234
6.06888 102254
6.06936 102274
6.06984 102294
6.07032 102314
6.0708 102334
6.07128 102354
6.07176 102374
6.07224 102394
6.07272 102414
6.0732 102434
6.07368 102454
6.07417 102474
6.07465 102494
6.07513 102514
6.07561 102534
6.07609 102554
6.07657 102574
6.07705 102594
6.07753 102614
6.07801 102634
6.07849 102654
6.07897 102674
6.07945 102694
6.07993 102714
6.08041 102734
6.08089 102754
6.08138 102774
6.08186 102794
6.08234 102814
6.08282 102834
6.0833 102854
6.08378 102874
6.08426 102894
6.08474 102914
6.0889 102934
6.08962 102954
6.0901 102974
6.09058 102994
6.09106 103014
6.09154 103034
6.09202 103054
6.0925 103074
6.09298 103094
6.09346 103114
6.09394 103134
6.09442 103154
6.0949 103174
6.09538 103194
6.09586 103214
6.09635 103234
6.09683 103254
6.09731 103274
6.09779 103294
6.09827 103314
6.09875 103334
6.09923 103354
6.09971 103374
6.10019 103394
6.10067 103414
6.10115 103434
6.10163 103454
6.10211 103474
6.10259 103494
6.10307 103514
6.10356 103534
6.10404 103554
6.10452 103574
6.105 103594
6.10548 103614
6.10939 103634
6.11011 103654
6.1106 103674
6.11108 103694
6.11156 103714
6.11204 103734
6.11252 103754
6.113 103774
6.11348 103794
6.11396 103814
6.11444 103834
6.11492 103854
6.1154 103874
6.11588 103894
6.11636 103914
6.11684 103934
6.11732 103954
6.1178 103974
6.11829 103994
6.11877 104014
6.11925 104034
6.11973 104054
6.12021 104074
6.12069 104094
6.12117 104114
6.12165 104134
6.12213 104154
6.12261 104174
6.12309 104194
6.12357 104214
6.12405 104234
6.12453 104254
6.12501 104274
6.1255 104294
6.12598 104314
6.12989 104334
6.13061 104354
6.13109 104374
6.13157 104394
6.13205 104414
6.13254 104434
6.13302 104454
6.1335 104474
6.13398 104494
6.13446 104514
6.13494 104534
6.13542 104554
6.1359 104574
6.13638 104594
6.13686 104614
6.13734 104634
6.13782 104654
6.1383 104674
6.13878 104694
6.13926 104714
6.13974 104734
6.14023 104754
6.14071 104774
6.14119 104794
6.14167 104814
6.14215 104834
6.14263 104854
6.14311 104873
6.14359 104892
6.14407 104911
6.14455 104930
6.14503 104949
6.14551 104968
6.14599 104987
6.14647 105006
6.14695 105025
6.15063 105044
6.15135 105063
6.15183 105082
6.15231 105101
6.15279 105120
6.15327 105139
6.15375 105158
6.15423 105177
6.15472 105196
6.1552 105215
6.15568 105234
6.15616 105253
6.15664 105272
6.15712 105291
6.1576 105310
6.15808 105329
6.15856 105348
6.15904 105367
6.15952 105386
6.16 105405
6.16048 105424
6.16096 105443
6.16144 105462
6.16192 105481
6.16241 105500
6.16289 105519
6.16337 105538
6.16385 105557
6.16433 105576
6.16481 105595
6.16529 105614
6.16577 105633
6.16625 105652
6.16673 105671
6.16721 105690
6.16769 105709
6.17137 105728
6.17209 105747
6.17257 105766
6.17305 105785
6.17353 105804
6.17401 105823
6.17449 105842
6.17497 105861
6.17545 105880
6.17593 105899
6.17641 105918
6.1769 105937
6.17738 105956
6.17786 105975
6.17834 105994
6.17882 106013
6.1793 106032
6.17978 106051
6.18026 106070
6.18074 106089
6.18122 106108
6.1817 106127
6.18218 106146
6.18266 106165
6.18314 106184
6.18362 106203
6.1841 106222
6.18459 106241
6.18507 106260
6.18555 106279
6.18603 106298
6.18651 106317
6.18699 106336
6.18747 106355
6.18795 106374
6.18843 106393
6.19187 106412
6.19259 106431
6.19307 106450
6.19355 106469
6.19403 106488
6.19451 106507
6.19499 106526
6.19547 106545
6.19595 106564
6.19643 106583
6.19691 106602
6.19739 106621
6.19787 106640
6.19835 106659
6.19884 106678
6.19932 106697
6.1998 106716
6.20028 106735
6.20076 106754
6.20124 106773
6.20172 106792
6.2022 106811
6.20268 106830
6.20316 106849
6.20364 106868
6.20412 106887
6.2046 106906
6.20508 106925
6.20556 106944
6.20604 106963
6.20653 106982
6.20701 107001
6.20749 107020
6.20797 107039
6.20845 107058
6.20893 107077
6.21236 107096
6.21308 107115
6.21357 107134
6.21405 107153
6.21453 107172
6.21501 107191
6.21549 107210
6.21597 107229
6.21645 107248
6.21693 107267
6.21741 107286
6.21789 107305
6.21837 107324
6.21885 107343
6.21933 107362
6.21981 107381
6.22029 107400
6.22078 107419
6.22126 107438
6.22174 107457
6.22222 107476
6.2227 107495
6.22318 107514
6.22366 107533
6.22414 107552
6.22462 107571
6.2251 107590
6.22558 107609
6.22606 107628
6.22654 107647
6.22702 107666
6.2275 107685
6.22798 107704
6.22847 107723
6.22895 107742
6.22943 107761
6.23286 107780
6.23358 107799
6.23406 107818
6.23454 107837
6.23502 107856
6.23551 107875
6.23599 107894
6.23647 107913
6.23695 107932
6.23743 107951
6.23791 107970
6.23839 107989
6.23887 108008
6.23935 108027
6.23983 108046
6.24031 108065
6.24079 108084
6.24127 108103
6.24175 108122
6.24223 108141
6.24271 108160
6.2432 108179
6.24368 108198
6.24416 108217
6.24464 108236
6.24512 108255
6.2456 108274
6.24608 108293
6.24656 108312
6.24704 108331
6.24752 108350
6.248 108369
6.24848 108388
6.24896 108407
6.24944 108426
6.24992 108445
6.25041 108464
6.2536 108483
6.25432 108502
6.2548 108521
6.25528 108540
6.25576 108559
6.25624 108578
6.25672 108597
6.2572 108616
6.25769 108635
6.25817 108654
6.25865 108673
6.25913 108692
6.25961 108711
6.26009 108730
6.26057 108749
6.26105 108768
6.26153 108787
6.26201 108806
6.26249 108825
6.26297 108844
6.26345 108863
6.26393 108882
6.26441 108901
6.2649 108920
6.26538 108939
6.26586 108958
6.26634 108977
6.26682 108996
6.2673 109015
6.26778 109034
6.26826 109053
6.26874 109072
6.26922 109091
6.2697 109110
6.27018 109129
6.27066 109148
6.27114 109167
6.27434 109186
6.27506 109205
6.27554 109224
6.27602 109243
6.2765 109262
6.27698 109281
6.27746 109300
6.27794 109319
6.27842 109338
6.2789 109357
6.27938 109376
6.27987 109395
6.28035 109414
6.28083 109433
6.28131 109452
6.28179 109471
6.28227 109490
6.28275 109509
6.28323 109528
6.28371 109547
6.28419 109566
6.28467 109585
6.28515 109604
6.28563 109623
6.28611 109642
6.28659 109661
6.28708 109680
6.28756 109699
6.28804 109718
6.28852 109737
6.289 109756
6.28948 109775
6.28996 109794
6.29044 109813
6.29092 109832
6.2914 109851
6.29188 109870
6.29484 109889
6.29556 109908
6.29604 109927
6.29652 109946
6.297 109965
6.29748 109984
6.29796 110003
6.29844 110022
6.29892 110041
6.2994 110060
6.29988 110079
6.30036 110098
6.30084 110117
6.30132 110136
6.30181 110155
6.30229 110174
6.30277 110193
6.30325 110212
6.30373 110231
6.30421 110250
6.30469 110269
6.30517 110288
6.30565 110307
6.30613 110326
6.30661 110345
6.30709 110364
6.30757 110382
6.30805 110400
6.30853 110418
6.30902 110436
6.3095 110454
6.30998 110472
6.31046 110490
6.31094 110508
6.31142 110526
6.3119 110544
6.31238 110562
6.31533 110580
6.31606 110598
6.31654 110616
6.31702 110634
6.3175 110652
6.31798 110670
6.31846 110688
6.31894 110706
6.31942 110724
6.3199 110742
6.32038 110760
6.32086 110778
6.32134 110796
6.32182 110814
6.3223 110832
6.32278 110850
6.32326 110868
6.32375 110886
6.32423 110904
6.32471 110922
6.32519 110940
6.32567 110958
6.32615 110976
6.32663 110994
6.32711 111012
6.32759 111030
6.32807 111048
6.32855 111066
6.32903 111084
6.32951 111102
6.32999 111120
6.33047 111138
6.33095 111156
6.33144 111174
6.33192 111192
6.3324 111210
6.33288 111228
6.33336 111246
6.33607 111264
6.33679 111282
6.33727 111300
6.33775 111318
6.33824 111336
6.33872 111354
6.3392 111372
6.33968 111390
6.34016 111408
6.34064 111426
6.34112 111444
6.3416 111462
6.34208 111480
6.34256 111498
6.34304 111516
6.34352 111534
6.344 111552
6.34448 111570
6.34496 111588
6.34544 111606
6.34593 111624
6.34641 111642
6.34689 111660
6.34737 111678
6.34785 111696
6.34833 111714
6.34881 111732
6.34929 111750
6.34977 111768
6.35025 111786
6.35073 111804
6.35121 111822
6.35169 111840
6.35217 111858
6.35265 111876
6.35314 111894
6.35362 111912
6.3541 111930
6.35681 111948
6.35753 111966
6.35801 111984
6.35849 112002
6.35897 112020
6.35945 112038
6.35993 112056
6.36042 112074
6.3609 112092
6.36138 112110
6.36186 112128
6.36234 112146
6.36282 112164
6.3633 112182
6.36378 112200
6.36426 112218
6.36474 112236
6.36522 112254
6.3657 112272
6.36618 112290
6.36666 112308
6.36714 112326
6.36762 112344
6.36811 112362
6.36859 112380
6.36907 112398
6.36955 112416
6.37003 112434
6.37051 112452
6.37099 112470
6.37147 112488
6.37195 112506
6.37243 112524
6.37291 112542
6.37339 112560
6.37387 112578
6.37435 112596
6.37483 112614
6.37731 112632
6.37803 112650
6.37851 112668
6.37899 112686
6.37947 112704
6.37995 112722
6.38043 112740
6.38091 112758
6.38139 112776
6.38187 112794
6.38236 112812
6.38284 112830
6.38332 112848
6.3838 112866
6.38428 112884
6.38476 112902
6.38524 112920
6.38572 112938
6.3862 112956
6.38668 112974
6.38716 112992
6.38764 113010
6.38812 113028
6.3886 113046
6.38908 113064
6.38956 113082
6.39005 113100
6.39053 113118
6.39101 113136
6.39149 113154
6.39197 113172
6.39245 113190
6.39293 113208
6.39341 113226
6.39389 113244
6.39437 113262
6.39485 113280
6.39533 113298
6.39781 113316
6.39853 113334
6.39901 113352
6.39949 113370
6.39997 113388
6.40045 113406
6.40093 113424
6.40141 113442
6.40189 113460
6.40237 113478
6.40285 113496
6.40333 113514
6.40381 113532
6.4043 113550
6.40478 113568
6.40526 113586
6.40574 113604
6.40622 113622
6.4067 113640
6.40718 113658
6.40766 113676
6.40814 113694
6.40862 113712
6.4091 113730
6.40958 113748
6.41006 113766
6.41054 113784
6.41102 113802
6.4115 113820
6.41199 113838
6.41247 113856
6.41295 113874
6.41343 113892
6.41391 113910
6.41439 113928
6.41487 113946
6.41535 113964
6.41583 113982
6.41631 114000
6.41854 114018
6.41927 114036
6.41975 114054
6.42023 114072
6.42071 114090
6.42119 114108
6.42167 114126
6.42215 114144
6.42263 114162
6.42311 114180
6.42359 114198
6.42407 114216
6.42455 114234
6.42503 114252
6.42551 114270
6.42599 114288
6.42648 114306
6.42696 114324
6.42744 114342
6.42792 114360
6.4284 114378
6.42888 114396
6.42936 114414
6.42984 114432
6.43032 114450
6.4308 114468
6.43128 114486
6.43176 114504
6.43224 114522
6.43272 114540
6.4332 114558
6.43368 114576
6.43417 114594
6.43465 114612
6.43513 114630
6.43561 114648
6.43609 114666
6.43657 114684
6.43705 114702
6.43928 114720
6.44 114738
6.44048 114756
6.44097 114774
6.44145 114792
6.44193 114810
6.44241 114828
6.44289 114846
6.44337 114864
6.44385 114882
6.44433 114900
6.44481 114918
6.44529 114936
6.44577 114954
6.44625 114972
6.44673 114990
6.44721 115008
6.44769 115026
6.44817 115044
6.44866 115062
6.44914 115080
6.44962 115098
6.4501 115116
6.45058 115134
6.45106 115152
6.45154 115170
6.45202 115188
6.4525 115206
6.45298 115224
6.45346 115242
6.45394 115260
6.45442 115278
6.4549 115296
6.45538 115314
6.45586 115332
6.45635 115350
6.45683 115368
6.45731 115386
6.45779 115404
6.45978 115422
6.4605 115440
6.46098 115458
6.46146 115476
6.46194 115494
6.46242 115512
6.4629 115530
6.46339 115548
6.46387 115566
6.46435 115584
6.46483 115602
6.46531 115620
6.46579 115638
6.46627 115656
6.46675 115674
6.46723 115692
6.46771 115710
6.46819 115728
6.46867 115746
6.46915 115764
6.46963 115782
6.47011 115800
6.4706 115818
6.47108 115836
6.47156 115854
6.47204 115872
6.47252 115890
6.473 115908
6.47348 115926
6.47396 115944
6.47444 115962
6.47492 115980
6.4754 115998
6.47588 116016
6.47636 116034
6.47684 116052
6.47732 116070
6.4778 116088
6.47829 116106
6.48028 116124
6.481 116142
6.48148 116160
6.48196 116178
6.48244 116196
6.48292 116214
6.4834 116232
6.48388 116250
6.48436 116268
6.48484 116286
6.48533 116304
6.48581 116322
6.48629 116340
6.48677 116358
6.48725 116376
6.48773 116394
6.48821 116412
6.48869 116430
6.48917 116448
6.48965 116466
6.49013 116484
6.49061 116501
6.49109 116518
6.49157 116535
6.49205 116552
6.49254 116569
6.49302 116586
6.4935 116603
6.49398 116620
6.49446 116637
6.49494 116654
6.49542 116671
6.4959 116688
6.49638 116705
6.49686 116722
6.49734 116739
6.49782 116756
6.4983 116773
6.49878 116790
6.49926 116807
6.50102 116824
6.50174 116841
6.50222 116858
6.5027 116875
6.50318 116892
6.50366 116909
6.50414 116926
6.50462 116943
6.5051 116960
6.50558 116977
6.50606 116994
6.50654 117011
6.50702 117028
6.50751 117045
6.50799 117062
6.50847 117079
6.50895 117096
6.50943 117113
6.50991 117130
6.51039 117147
6.51087 117164
6.51135 117181
6.51183 117198
6.51231 117215
6.51279 117232
6.51327 117249
6.51375 117266
6.51423 117283
6.51472 117300
6.5152 117317
6.51568 117334
6.51616 117351
6.51664 117368
6.51712 117385
6.5176 117402
6.51808 117419
6.51856 117436
6.51904 117453
6.51952 117470
6.52 117487
6.52176 117504
6.52248 117521
6.52296 117538
6.52344 117555
6.52392 117572
6.5244 117589
6.52488 117606
6.52536 117623
6.52584 117640
6.52632 117657
6.5268 117674
6.52728 117691
6.52776 117708
6.52824 117725
6.52872 117742
6.52921 117759
6.52969 117776
6.53017 117793
6.53065 117810
6.53113 117827
6.53161 117844
6.53209 117861
6.53257 117878
6.53305 117895
6.53353 117912
6.53401 117929
6.53449 117946
6.53497 117963
6.53545 117980
6.53593 117997
6.53641 118014
6.5369 118031
6.53738 118048
6.53786 118065
6.53834 118082
6.53882 118099
6.5393 118116
6.53978 118133
6.54026 118150
6.54074 118167
6.54225 118184
6.54297 118201
6.54345 118218
6.54394 118235
6.54442 118252
6.5449 118269
6.54538 118286
6.54586 118303
6.54634 118320
6.54682 118337
6.5473 118354
6.54778 118371
6.54826 118388
6.54874 118405
6.54922 118422
6.5497 118439
6.55018 118456
6.55066 118473
6.55114 118490
6.55163 118507
6.55211 118524
6.55259 118541
6.55307 118558
6.55355 118575
6.55403 118592
6.55451 118609
6.55499 118626
6.55547 118643
6.55595 118660
6.55643 118677
6.55691 118694
6.55739 118711
6.55787 118728
6.55835 118745
6.55884 118762
6.55932 118779
6.5598 118796
6.56028 118813
6.56076 118830
6.56124 118847
6.56275 118864
6.56347 118881
6.56395 118898
6.56443 118915
6.56491 118932
6.56539 118949
6.56588 118966
6.56636 118983
6.56684 119000
6.56732 119017
6.5678 119034
6.56828 119051
6.56876 119068
6.56924 119085
6.56972 119102
6.5702 119119
6.57068 119136
6.57116 119153
6.57164 119170
6.57212 119187
6.5726 119204
6.57308 119221
6.57357 119238
6.57405 119255
6.57453 119272
6.57501 119289
6.57549 119306
6.57597 119323
6.57645 119340
6.57693 119357
6.57741 119374
6.57789 119391
6.57837 119408
6.57885 119425
6.57933 119442
6.57981 119459
6.58029 119476
6.58078 119493
6.58126 119510
6.58174 119527
6.58222 119544
6.58349 119561
6.58421 119578
6.58469 119595
6.58517 119612
6.58565 119629
6.58613 119646
6.58661 119663
6.58709 119680
6.58757 119697
6.58806 119714
6.58854 119731
6.58902 119748
6.5895 119765
6.58998 119782
6.59046 119799
6.59094 119816
6.59142 119833
6.5919 119850
6.59238 119867
6.59286 119884
6.59334 119901
6.59382 119918
6.5943 119935
6.59478 119952
6.59526 119969
6.59575 119986
6.59623 120003
6.59671 120020
6.59719 120037
6.59767 120054
6.59815 120071
6.59863 120088
6.59911 120105
6.59959 120122
6.60007 120139
6.60055 120156
6.60103 120173
6.60151 120190
6.60199 120207
6.60247 120224
6.60296 120241
6.60423 120258
6.60495 120275
6.60543 120292
6.60591 120309
6.60639 120326
6.60687 120343
6.60735 120360
6.60783 120377
6.60831 120394
6.60879 120411
6.60927 120428
6.60975 120445
6.61024 120462
6.61072 120479
6.6112 120496
6.61168 120513
6.61216 120530
6.61264 120547
6.61312 120564
6.6136 120581
6.61408 120598
6.61456 120615
6.61504 120632
6.61552 120649
6.616 120666
6.61648 120683
6.61696 120700
6.61745 120717
6.61793 120734
6.61841 120751
6.61889 120768
6.61937 120785
6.61985 120802
6.62033 120819
6.62081 120836
6.62129 120853
6.62177 120870
6.62225 120887
6.62273 120904
6.62321 120921
6.62369 120938
6.62473 120955
6.62545 120972
6.62593 120989
6.62641 121006
6.62689 121023
6.62737 121040
6.62785 121057
6.62833 121074
6.62881 121091
6.62929 121108
6.62977 121125
6.63025 121142
6.63073 121159
6.63121 121176
6.63169 121193
6.63218 121210
6.63266 121227
6.63314 121244
6.63362 121261
6.6341 121278
6.63458 121295
6.63506 121312
6.63554 121329
6.63602 121346
6.6365 121363
6.63698 121380
6.63746 121397
6.63794 121414
6.63842 121431
6.6389 121448
6.63938 121465
6.63987 121482
6.64035 121499
6.64083 121516
6.64131 121533
6.64179 121550
6.64227 121567
6.64275 121584
6.64323 121601
6.64371 121618
6.64419 121635
6.64522 121652
6.64594 121669
6.64642 121686
6.64691 121703
6.64739 121720
6.64787 121737
6.64835 121754
6.64883 121771
6.64931 121788
6.64979 121805
6.65027 121822
6.65075 121839
6.65123 121856
6.65171 121873
6.65219 121890
6.65267 121907
6.65315 121924
6.65363 121941
6.65412 121958
6.6546 121975
6.65508 121992
6.65556 122009
6.65604 122026
6.65652 122043
6.657 122060
6.65748 122077
6.65796 122094
6.65844 122111
6.65892 122128
6.6594 122145
6.65988 122162
6.66036 122179
6.66084 122196
6.66132 122213
6.66181 122230
6.66229 122247
6.66277 122264
6.66325 122281
6.66373 122298
6.66421 122315
6.66469 122332
6.66517 122349
6.66596 122366
6.66668 122383
6.66716 122400
6.66764 122417
6.66812 122434
6.66861 122451
6.66909 122468
6.66957 122485
6.67005 122502
6.67053 122519
6.67101 122536
6.67149 122553
6.67197 122570
6.67245 122587
6.67293 122604
6.67341 122621
6.67389 122638
6.67437 122655
6.67485 122672
6.67533 122689
6.67581 122706
6.6763 122723
6.67678 122740
6.67726 122757
6.67774 122774
6.67822 122791
6.6787 122808
6.67918 122825
6.67966 122842
6.68014 122859
6.68062 122876
6.6811 122893
6.68158 122910
6.68206 122927
6.68254 122944
6.68302 122961
6.6835 122978
6.68399 122995
6.68447 123012
6.68495 123029
6.68543 123046
6.68591 123063
6.6867 123080
6.68742 123097
6.6879 123114
6.68838 123131
6.68886 123148
6.68934 123165
6.68982 123182
6.6903 123199
6.69079 123216
6.69127 123233
6.69175 123250
6.69223 123267
6.69271 123284
6.69319 123301
6.69367 123318
6.69415 123335
6.69463 123352
6.69511 123368
6.69559 123384
6.69607 123400
6.69655 123416
6.69703 123432
6.69751 123448
6.69799 123464
6.69848 123480
6.69896 123496
6.69944 123512
6.69992 123528
6.7004 123544
6.70088 123560
6.70136 123576
6.70184 123592
6.70232 123608
6.7028 123624
6.70328 123640
6.70376 123656
6.70424 123672
6.70472 123688
6.7052 123704
6.70569 123720
6.70617 123736
6.70665 123752
6.70744 123768
6.70792 123784
6.7084 123800
6.70888 123816
6.70888 108544
6.70936 108563
6.70936 108544
6.70984 108563
6.70984 108544
6.71032 108563
6.71032 108544
6.7108 108563
6.7108 108544
6.71128 108563
6.71128 108544
6.71176 108563
6.71176 108544
6.71224 108563
6.71224 108544
6.71273 108563
6.71273 108544
6.71321 108563
6.71321 108544
6.71369 108563
6.71369 108544
6.71417 108563
6.71417 108544
6.71465 108563
6.71465 108544
6.71513 108563
6.71513 108544
6.71561 108563
6.71561 108544
6.71609 108563
6.71609 108544
6.71657 108563
6.71657 108544
6.71705 108563
6.71705 108544
6.71753 108563
6.71753 108544
6.71801 108563
6.71801 108544
6.71849 108563
6.71849 108544
6.71897 108563
6.71897 108544
6.71945 108563
6.71945 108544
6.71993 108563
6.71993 108544
6.72042 108563
6.72042 108544
6.7209 108563
6.7209 108544
6.72138 108563
6.72138 108544
6.72186 108563
6.72186 108544
6.72234 108563
6.72234 108544
6.72282 108563
6.72282 108544
6.7233 108563
6.7233 108544
6.72378 108563
6.72378 108544
6.72426 108563
6.72426 108544
6.72474 108563
6.72474 108544
6.72522 108563
6.72522 108544
6.7257 108563
6.7257 108544
6.72618 108563
6.72618 108544
6.72666 108563
6.72666 108544
6.72714 108563
6.72714 108544
6.72794 108563
6.72794 108544
6.72842 108563
6.72842 108544
6.7289 108563
6.7289 108544
6.73178 108563
6.7325 108582
6.73298 108601
6.73346 108620
6.73394 108639
6.73442 108658
6.73491 108677
6.73539 108696
6.73587 108715
6.73635 108734
6.73683 108753
6.73731 108772
6.73779 108791
6.73827 108810
6.73875 108829
6.73923 108848
6.73971 108867
6.74019 108886
6.74067 108905
6.74115 108924
6.74163 108943
6.74211 108962
6.7426 108981
6.74308 109000
6.74356 109019
6.74404 109038
6.74452 109057
6.745 109076
6.74548 109095
6.74596 109114
6.74644 109133
6.74692 109152
6.7474 109171
6.74788 109190
6.74867 109209
6.74915 109228
6.74964 109247
6.75252 109266
6.75324 109285
6.75372 109304
6.7542 109323
6.75468 109342
6.75516 109361
6.75564 109380
6.75612 109399
6.7566 109418
6.75709 109437
6.75757 109456
6.75805 109475
6.75853 109494
6.75901 109513
6.75949 109532
6.75997 109551
6.76045 109570
6.76093 109589
6.76141 109608
6.76189 109627
6.76237 109646
6.76285 109665
6.76333 109684
6.76381 109703
6.7643 109722
6.76478 109741
6.76526 109760
6.76574 109779
6.76622 109798
6.7667 109817
6.76718 109836
6.76766 109855
6.76814 109874
6.76862 109893
6.76917 109912
6.76965 109931
6.77013 109950
6.77302 109969
6.77374 109988
6.77422 110007
6.7747 110026
6.77518 110045
6.77566 110064
6.77614 110083
6.77662 110102
6.7771 110121
6.77758 110140
6.77806 110159
6.77854 110178
6.77903 110197
6.77951 110216
6.77999 110235
6.78047 110254
6.78095 110273
6.78143 110292
6.78191 110311
6.78239 110330
6.78287 110349
6.78335 110368
6.78383 110386
6.78431 110404
6.78479 110422
6.78527 110440
6.78575 110458
6.78623 110476
6.78672 110494
6.7872 110512
6.78768 110530
6.78816 110548
6.78864 110566
6.78912 110584
6.78967 110602
6.79015 110620
6.79063 110638
6.79352 110656
6.79424 110674
6.79472 110692
6.7952 110710
6.79568 110728
6.79616 110746
6.79664 110764
6.79712 110782
6.7976 110800
6.79808 110818
6.79856 110836
6.79904 110854
6.79952 110872
6.8 110890
6.80048 110908
6.80097 110926
6.80145 110944
6.80193 110962
6.80241 110980
6.80289 110998
6.80337 111016
6.80385 111034
6.80433 111052
6.80481 111070
6.80529 111088
6.80577 111106
6.80625 111124
6.80673 111142
6.80721 111160
6.80769 111178
6.80817 111196
6.80866 111214
6.80914 111232
6.80962 111250
6.8101 111268
6.81058 111286
6.81106 111304
6.81154 111322
6.81425 111340
6.81497 111358
6.81546 111376
6.81594 111394
6.81642 111412
6.8169 111430
6.81738 111448
6.81786 111466
6.81834 111484
6.81882 111502
6.8193 111520
6.81978 111538
6.82026 111556
6.82074 111574
6.82122 111592
6.8217 111610
6.82218 111628
6.82266 111646
6.82315 111664
6.82363 111682
6.82411 111700
6.82459 111718
6.82507 111736
6.82555 111754
6.82603 111772
6.82651 111790
6.82699 111808
6.82747 111826
6.82795 111844
6.82843 111862
6.82891 111880
6.82939 111898
6.82987 111916
6.83035 111934
6.83084 111952
6.83132 111970
6.8318 111988
6.83228 112006
6.83499 112024
6.83571 112042
6.83619 112060
6.83667 112078
6.83715 112096
6.83764 112114
6.83812 112132
6.8386 112150
6.83908 112168
6.83956 112186
6.84004 112204
6.84052 112222
6.841 112240
6.84148 112258
6.84196 112276
6.84244 112294
6.84292 112312
6.8434 112330
6.84388 112348
6.84436 112366
6.84484 112384
6.84533 112402
6.84581 112420
6.84629 112438
6.84677 112456
6.84725 112474
6.84773 112492
6.84821 112510
6.84869 112528
6.84917 112546
6.84965 112564
6.85013 112582
6.85061 112600
6.85109 112618
6.85157 112636
6.85205 112654
6.85254 112672
6.85302 112690
6.85549 112708
6.85621 112726
6.85669 112744
6.85717 112762
6.85765 112780
6.85813 112798
6.85861 112816
6.85909 112834
6.85958 112852
6.86006 112870
6.86054 112888
6.86102 112906
6.8615 112924
6.86198 112942
6.86246 112960
6.86294 112978
6.86342 112996
6.8639 113014
6.86438 113032
6.86486 113050
6.86534 113068
6.86582 113086
6.8663 113104
6.86678 113122
6.86727 113140
6.86775 113158
6.86823 113176
6.86871 113194
6.86919 113212
6.86967 113230
6.87015 113248
6.87063 113266
6.87111 113284
6.87159 113302
6.87207 113320
6.87255 113338
6.87303 113356
6.87351 113374
6.87599 113392
6.87671 113410
6.87719 113428
6.87767 113446
6.87815 113464
6.87863 113482
6.87911 113500
6.87959 113518
6.88007 113536
6.88055 113554
6.88103 113572
6.88151 113590
6.882 113608
6.88248 113626
6.88296 113644
6.88344 113662
6.88392 113680
6.8844 113698
6.88488 113716
6.88536 113734
6.88584 113752
6.88632 113770
6.8868 113788
6.88728 113806
6.88776 113824
6.88824 113842
6.88872 113860
6.88921 113878
6.88969 113896
6.89017 113914
6.89065 113932
6.89113 113950
6.89161 113968
6.89209 113986
6.89257 114004
6.89305 114022
6.89353 114040
6.89401 114058
6.89449 114076
6.89673 114094
6.89745 114112
6.89793 114130
6.89841 114148
6.89889 114166
6.89937 114184
6.89985 114202
6.90033 114220
6.90081 114238
6.90129 114256
6.90177 114274
6.90225 114292
6.90273 114310
6.90321 114328
6.9037 114346
6.90418 114364
6.90466 114382
6.90514 114400
6.90562 114418
6.9061 114436
6.90658 114454
6.90706 114472
6.90754 114490
6.90802 114508
6.9085 114526
6.90898 114544
6.90946 114562
6.90994 114580
6.91042 114598
6.9109 114616
6.91139 114634
6.91187 114652
6.91235 114670
6.91283 114688
6.91331 114706
6.91379 114724
6.91427 114742
6.91475 114760
6.91523 114778
6.91746 114796
6.91818 114814
6.91867 114832
6.91915 114850
6.91963 114868
6.92011 114886
6.92059 114904
6.92107 114922
6.92155 114940
6.92203 114958
6.92251 114976
6.92299 114994
6.92347 115012
6.92395 115030
6.92443 115048
6.92491 115066
6.92539 115084
6.92588 115102
6.92636 115120
6.92684 115138
6.92732 115156
6.9278 115174
6.92828 115192
6.92876 115210
6.92924 115228
6.92972 115246
6.9302 115264
6.93068 115282
6.93116 115300
6.93164 115318
6.93212 115336
6.9326 115354
6.93308 115372
6.93357 115390
6.93405 115408
6.93453 115426
6.93501 115444
6.93549 115462
6.93597 115480
6.93796 115498
6.93868 115516
6.93916 115534
6.93964 115552
6.94012 115570
6.94061 115588
6.94109 115606
6.94157 115624
6.94205 115642
6.94253 115660
6.94301 115678
6.94349 115696
6.94397 115714
6.94445 115732
6.94493 115750
6.94541 115768
6.94589 115786
6.94637 115804
6.94685 115822
6.94733 115840
6.94782 115858
6.9483 115876
6.94878 115894
6.94926 115912
6.94974 115930
6.95022 115948
6.9507 115966
6.95118 115984
6.95166 116002
6.95214 116020
6.95262 116038
6.9531 116056
6.95358 116074
6.95406 116092
6.95454 116110
6.95502 116128
6.95551 116146
6.95599 116164
6.95647 116182
6.95846 116200
6.95918 116218
6.95966 116236
6.96014 116254
6.96062 116272
6.9611 116290
6.96158 116308
6.96206 116326
6.96255 116344
6.96303 116362
6.96351 116380
6.96399 116398
6.96447 116416
6.96495 116434
6.96543 116452
6.96591 116470
6.96639 116488
6.96687 116505
6.96735 116522
6.96783 116539
6.96831 116556
6.96879 116573
6.96927 116590
6.96975 116607
6.97024 116624
6.97072 116641
6.9712 116658
6.97168 116675
6.97216 116692
6.97264 116709
6.97312 116726
6.9736 116743
6.97408 116760
6.97456 116777
6.97504 116794
6.97552 116811
6.976 116828
6.97648 116845
6.97696 116862
6.97745 116879
6.9792 116896
6.97992 116913
6.9804 116930
6.98088 116947
6.98136 116964
6.98184 116981
6.98232 116998
6.9828 117015
6.98328 117032
6.98376 117049
6.98424 117066
6.98473 117083
6.98521 117100
6.98569 117117
6.98617 117134
6.98665 117151
6.98713 117168
6.98761 117185
6.98809 117202
6.98857 117219
6.98905 117236
6.98953 117253
6.99001 117270
6.99049 117287
6.99097 117304
6.99145 117321
6.99194 117338
6.99242 117355
6.9929 117372
6.99338 117389
6.99386 117406
6.99434 117423
6.99482 117440
6.9953 117457
6.99578 117474
6.99626 117491
6.99674 117508
6.99722 117525
6.9977 117542
6.99818 117559
6.99994 117576
7.00066 117593
7.00114 117610
7.00162 117627
7.0021 117644
7.00258 117661
7.00306 117678
7.00354 117695
7.00402 117712
7.0045 117729
7.00498 117746
7.00546 117763
7.00594 117780
7.00642 117797
7.00691 117814
7.00739 117831
7.00787 117848
7.00835 117865
7.00883 117882
7.00931 117899
7.00979 117916
7.01027 117933
7.01075 117950
7.01123 117967
7.01171 117984
7.01219 118001
7.01267 118018
7.01315 118035
7.01363 118052
7.01412 118069
7.0146 118086
7.01508 118103
7.01556 118120
7.01604 118137
7.01652 118154
7.017 118171
7.01748 118188
7.01796 118205
7.01844 118222
7.01892 118239
7.02043 118256
7.02116 118273
7.02164 118290
7.02212 118307
7.0226 118324
7.02308 118341
7.02356 118358
7.02404 118375
7.02452 118392
7.025 118409
7.02548 118426
7.02596 118443
7.02644 118460
7.02692 118477
7.0274 118494
7.02788 118511
7.02836 118528
7.02885 118545
7.02933 118562
7.02981 118579
7.03029 118596
7.03077 118613
7.03125 118630
7.03173 118647
7.03221 118664
7.03269 118681
7.03317 118698
7.03365 118715
7.03413 118732
7.03461 118749
7.03509 118766
7.03557 118783
7.03606 118800
7.03654 118817
7.03702 118834
7.0375 118851
7.03798 118868
7.03846 118885
7.03894 118902
7.03942 118919
7.04093 118936
7.04165 118953
7.04213 118970
7.04261 118987
7.0431 119004
7.04358 119021
7.04406 119038
7.04454 119055
7.04502 119072
7.0455 119089
7.04598 119106
7.04646 119123
7.04694 119140
7.04742 119157
7.0479 119174
7.04838 119191
7.04886 119208
7.04934 119225
7.04982 119242
7.0503 119259
7.05079 119276
7.05127 119293
7.05175 119310
7.05223 119327
7.05271 119344
7.05319 119361
7.05367 119378
7.05415 119395
7.05463 119412
7.05511 119429
7.05559 119446
7.05607 119463
7.05655 119480
7.05703 119497
7.05751 119514
7.05799 119531
7.05848 119548
7.05896 119565
7.05944 119582
7.05992 119599
7.0604 119616
7.06167 119633
7.06239 119650
7.06287 119667
7.06335 119684
7.06383 119701
7.06431 119718
7.06479 119735
7.06528 119752
7.06576 119769
7.06624 119786
7.06672 119803
7.0672 119820
7.06768 119837
7.06816 119854
7.06864 119871
7.06912 119888
7.0696 119905
7.07008 119922
7.07056 119939
7.07104 119956
7.07152 119973
7.072 119990
7.07248 120007
7.07297 120024
7.07345 120041
7.07393 120058
7.07441 120075
7.07489 120092
7.07537 120109
7.07585 120126
7.07633 120143
7.07681 120160
7.07729 120177
7.07777 120194
7.07825 120211
7.07873 120228
7.07921 120245
7.07969 120262
7.08018 120279
7.08066 120296
7.08114 120313
7.08241 120330
7.08313 120347
7.08361 120364
7.08409 120381
7.08457 120398
7.08505 120415
7.08553 120432
7.08601 120449
7.08649 120466
7.08697 120483
7.08746 120500
7.08794 120517
7.08842 120534
7.0889 120551
7.08938 120568
7.08986 120585
7.09034 120602
7.09082 120619
7.0913 120636
7.09178 120653
7.09226 120670
7.09274 120687
7.09322 120704
7.0937 120721
7.09418 120738
7.09466 120755
7.09515 120772
7.09563 120789
7.09611 120806
7.09659 120823
7.09707 120840
7.09755 120857
7.09803 120874
7.09851 120891
7.09899 120908
7.09947 120925
7.09995 120942
7.10043 120959
7.10091 120976
7.10139 120993
7.10187 121010
7.10291 121027
7.10363 121044
7.10411 121061
7.10459 121078
7.10507 121095
7.10555 121112
7.10603 121129
7.10651 121146
7.10699 121163
7.10747 121180
7.10795 121197
7.10843 121214
7.10891 121231
7.1094 121248
7.10988 121265
7.11036 121282
7.11084 121299
7.11132 121316
7.1118 121333
7.11228 121350
7.11276 121367
7.11324 121384
7.11372 121401
7.1142 121418
7.11468 121435
7.11516 121452
7.11564 121469
7.11612 121486
7.1166 121503
7.11709 121520
7.11757 121537
7.11805 121554
7.11853 121571
7.11901 121588
7.11949 121605
7.11997 121622
7.12045 121639
7.12093 121656
7.12141 121673
7.12189 121690
7.12237 121707
7.1234 121724
7.12413 121741
7.12461 121758
7.12509 121775
7.12557 121792
7.12605 121809
7.12653 121826
7.12701 121843
7.12749 121860
7.12797 121877
7.12845 121894
7.12893 121911
7.12941 121928
7.12989 121945
7.13037 121962
7.13085 121979
7.13134 121996
7.13182 122013
7.1323 122030
7.13278 122047
7.13326 122064
7.13374 122081
7.13422 122098
7.1347 122115
7.13518 122132
7.13566 122149
7.13614 122166
7.13662 122183
7.1371 122200
7.13758 122217
7.13806 122234
7.13854 122251
7.13903 122268
7.13951 122285
7.13999 122302
7.14047 122319
7.14095 122336
7.14143 122353
7.14191 122370
7.14239 122387
7.14287 122404
7.14335 122421
7.14414 122438
7.14486 122455
7.14534 122472
7.14582 122489
7.14631 122506
7.14679 122523
7.14727 122540
7.14775 122557
7.14823 122574
7.14871 122591
7.14919 122608
7.14967 122625
7.15015 122642
7.15063 122659
7.15111 122676
7.15159 122693
7.15207 122710
7.15255 122727
7.15303 122744
7.15352 122761
7.154 122778
7.15448 122795
7.15496 122812
7.15544 122829
7.15592 122846
7.1564 122863
7.15688 122880
7.15736 122897
7.15784 122914
7.15832 122931
7.1588 122948
7.15928 122965
7.15976 122982
7.16024 122999
7.16072 123016
7.16121 123033
7.16169 123050
7.16217 123067
7.16265 123084
7.16313 123101
7.16361 123118
7.16409 123135
7.16488 123152
7.1656 123169
7.16608 123186
7.16656 123203
7.16704 123220
7.16752 123237
7.16801 123254
7.16849 123271
7.16897 123288
7.16945 123305
7.16993 123322
7.17041 123339
7.17089 123355
7.17137 123371
7.17185 123387
7.17233 123403
7.17281 123419
7.17329 123435
7.17377 123451
7.17425 123467
7.17473 123483
7.17521 123499
7.1757 123515
7.17618 123531
7.17666 123547
7.17714 123563
7.17762 123579
7.1781 123595
7.17858 123611
7.17906 123627
7.17954 123643
7.18002 123659
7.1805 123675
7.18098 123691
7.18146 123707
7.18194 123723
7.18242 123739
7.1829 123755
7.18339 123771
7.18387 123787
7.18435 123803
7.18483 123819
7.18538 123835
7.1861 123851
7.18658 123867
7.18706 123883
7.18754 123899
7.18802 123915
7.1885 123931
7.18898 123947
7.18946 123963
7.18994 123979
7.19043 123995
7.19091 124011
7.19139 124027
7.19187 124043
7.19235 124059
7.19283 124075
7.19331 124091
7.19379 124107
7.19427 124123
7.19475 124139
7.19523 124155
7.19571 124171
7.19619 124187
7.19667 124203
7.19715 124219
7.19764 124235
7.19812 124251
7.1986 124267
7.19908 124283
7.19956 124299
7.20004 124315
7.20052 124331
7.201 124347
7.20148 124363
7.20196 124379
7.20244 124395
7.20292 124411
7.2034 124427
7.20388 124443
7.20436 124459
7.20484 124475
7.20533 124491
7.20588 124507
7.2066 124523
7.20708 124539
7.20756 124555
7.20804 124571
7.20852 124587
7.209 124603
7.20948 124619
7.20996 124635
7.21044 124651
7.21092 124667
7.2114 124683
7.21188 124699
7.21237 124715
7.21285 124731
7.21333 124747
7.21381 124763
7.21429 124779
7.21477 124795
7.21525 124811
7.21573 124827
7.21621 124843
7.21669 124859
7.21717 124875
7.21765 124891
7.21813 124907
7.21861 124923
7.21909 124939
7.21958 124955
7.22006 124971
7.22054 124987
7.22102 125003
7.2215 125019
7.22198 125035
7.22246 125051
7.22294 125067
7.22342 125083
7.2239 125099
7.22438 125115
7.22486 125131
7.22534 125147
7.22582 125163
7.22637 125179
7.2271 125195
7.22758 125211
7.22806 125227
7.22854 125243
7.22902 125259
7.2295 125275
7.22998 125291
7.23046 125307
7.23094 125323
7.23142 125339
7.2319 125355
7.23238 125371
7.23286 125387
7.23334 125403
7.23382 125419
7.23431 125435
7.23479 125451
7.23527 125467
7.23575 125483
7.23623 125499
7.23671 125515
7.23719 125531
7.23767 125547
7.23815 125563
7.23863 125579
7.23911 125595
7.23959 125611
7.24007 125627
7.24055 125643
7.24103 125659
7.24151 125675
7.242 125691
7.24248 125707
7.24296 125723
7.24344 125739
7.24392 125755
7.2444 125771
7.24488 125787
7.24536 125803
7.24584 125819
7.24632 125835
7.2468 125851
7.24728 125867
7.24783 125883
7.24831 125899
7.2488 125915
7.24928 125931
7.24976 125947
7.25024 125963
7.25072 125979
7.2512 125995
7.25168 126011
7.25216 126027
7.25264 126043
7.25312 126059
7.2536 126075
7.25408 126091
7.25456 126107
7.25504 126123
7.25552 126139
7.256 126155
7.25649 126171
7.25697 126187
7.25745 126203
7.25793 126219
7.25841 126235
7.25889 126251
7.25937 126267
7.25985 126283
7.26033 126299
7.26081 126315
7.26129 126331
7.26177 126347
7.26225 126363
7.26273 126379
7.26321 126395
7.2637 126411
7.26418 126427
7.26466 126443
7.26514 126459
7.26562 126475
7.2661 126491
7.26658 126507
7.26706 126523
7.26754 126539
7.26802 126555
7.26857 126571
7.26905 126587
7.26953 126603
7.27001 126619
7.27049 126635
7.27098 126651
7.27146 126667
7.27194 126683
7.27242 126699
7.2729 126715
7.27338 126731
7.27386 126747
7.27434 126763
7.27482 126779
7.2753 126795
7.27578 126811
7.27626 126827
7.27674 126843
7.27722 126859
7.2777 126875
7.27818 126891
7.27867 126907
7.27915 126923
7.27963 126939
7.28011 126955
7.28059 126971
7.28107 126987
7.28155 127003
7.28203 127019
7.28251 127035
7.28299 127051
7.28347 127067
7.28395 127083
7.28443 127099
7.28491 127115
7.28539 127131
7.28588 127147
7.28636 127163
7.28684 127179
7.28732 127195
7.2878 127211
7.28828 127227
7.28876 127243
7.28924 127259
7.28972 127275
7.2902 127291
7.29068 127307
7.29116 127323
7.29164 127339
7.29212 127355
7.2926 127371
7.29308 127387
7.29357 127403
7.29405 127419
7.29453 127435
7.29501 127451
7.29549 127467
7.29597 127483
7.29645 127499
7.29693 127515
7.29741 127531
7.29789 127547
7.29837 127563
7.29885 127579
7.29933 127595
7.29981 127611
7.30029 127627
7.30078 127643
7.30126 127659
7.30174 127675
7.30222 127691
7.3027 127707
7.30318 127723
7.30366 127739
7.30414 127755
7.30462 127771
7.3051 127787
7.30558 127803
7.30606 127819
7.30654 127835
7.30702 127851
7.3075 127867
7.30798 127883
7.30847 127899
7.30895 127915
7.30943 127931
7.30991 127947
7.31039 127963
7.31087 127979
7.31135 127995
7.31183 128011
7.31231 128027
7.31279 128043
7.31327 128059
7.31375 128075
7.31423 128091
7.31471 128107
7.31519 128123
7.31567 128139
7.31616 128155
7.31664 128171
7.31712 128187
7.3176 128203
7.31808 128219
7.31856 128235
7.31904 128251
7.31952 128267
7.32 128283
7.32048 128299
7.32096 128315
7.32144 128331
7.32192 128347
7.3224 128363
7.32288 128379
7.32337 128395
7.32385 128411
7.32433 128427
7.32481 128443
7.32529 128459
7.32577 128475
7.32625 128491
7.32673 128507
7.32721 128523
7.32769 128539
7.32817 128555
7.32865 128571
7.32913 128587
7.32961 128603
7.33009 128619
7.33057 128635
7.33106 128651
7.33154 128667
7.33202 128683
7.3325 128699
7.33298 128715
7.33346 128731
7.33394 128747
7.33442 128763
7.3349 128779
7.33538 128795
7.33586 128811
7.33634 128827
7.33682 128843
7.3373 128859
7.33778 128875
7.33826 128891
7.33875 128907
7.33923 128923
7.33971 128939
7.34019 128955
7.34067 128971
7.34115 128987
7.34163 129003
7.34211 129019
7.34259 129035
7.34307 129051
7.34355 129067
7.34403 129083
7.34451 129099
7.34499 129115
7.34547 129131
7.34596 129147
7.34644 129163
7.34692 129179
7.3474 129195
7.34788 129211
7.34836 129227
7.34884 129243
7.34932 129259
7.3498 129275
7.35028 129291
7.35076 129307
7.35124 129323
7.35172 129339
7.3522 129355
7.35268 129371
7.35316 129387
7.35365 129403
7.35413 129419
7.35461 129435
7.35509 129451
7.35557 129467
7.35605 129483
7.35653 129499
7.35701 129515
7.35749 129531
7.35797 129547
7.35845 129563
7.35893 129579
7.35941 129595
7.35989 129611
7.36037 129627
7.36086 129643
7.36134 129659
7.36182 129675
7.3623 129691
7.36278 129707
7.36326 129723
7.36374 129739
7.36422 129755
7.3647 129771
7.36518 129787
7.36566 129803
7.36614 129819
7.36662 129835
7.3671 129851
7.36758 129867
7.36806 129883
7.36855 129899
7.36903 129915
7.36951 129931
7.36999 129947
7.37047 129963
7.37095 129979
7.37143 129995
7.37191 130011
7.37239 130027
7.37287 130043
7.37335 130059
7.37383 130075
7.37431 130091
7.37479 130107
7.37527 130123
7.37575 130139
7.37624 130155
7.37672 130171
7.3772 130187
7.37768 130203
7.37816 130219
7.37864 130235
7.37912 130251
7.3796 130267
7.38008 130283
7.38056 130299
7.38104 130315
7.38152 130331
7.382 130347
7.38248 130363
7.38296 130379
7.38345 130395
7.38393 130411
7.38441 130427
7.38489 130443
7.38537 130459
7.38585 130475
7.38633 130491
7.38681 130507
7.38729 130523
7.38777 130539
7.38825 130555
7.38873 130571
7.38921 130587
7.38969 130603
7.39017 130619
7.39065 130635
7.39114 130651
7.39162 130667
7.3921 130683
7.39258 130699
7.39306 130715
7.39354 130731
7.39402 130747
7.3945 130763
7.39498 130779
7.39546 130795
7.39594 130811
7.39642 130827
7.3969 130843
7.39738 130859
7.39786 130875
7.39834 130891
7.39883 130907
7.39931 130923
7.39979 130939
7.40027 130955
7.40075 130971
7.40123 130987
7.40171 131003
7.40219 131019
7.40267 131035
7.40315 131051
7.40363 131066
7.40411 131081
7.40459 131096
7.40507 131111
7.40555 131126
7.40604 131141
7.40652 131156
7.407 131171
7.40748 131186
7.40796 131201
7.40844 131216
7.40892 131231
7.4094 131246
7.40988 131261
7.41036 131276
7.41084 131291
7.41132 131306
7.4118 131321
7.41228 131336
7.41276 131351
7.41324 131366
7.41373 131381
7.41421 131396
7.41469 131411
7.41517 131426
7.41565 131441
7.41613 131456
7.41661 131471
7.41709 131486
7.41757 131501
7.41805 131516
7.41853 131531
7.41901 131546
7.41949 131561
7.41997 131576
7.42045 131591
7.42094 131606
7.42142 131621
7.4219 131636
7.42238 131651
7.42286 131666
7.42334 131681
7.42382 131696
7.4243 131711
7.42478 131726
7.42526 131741
7.42574 131756
7.42622 131771
7.4267 131786
7.42718 131801
7.42766 131816
7.42814 131831
7.42863 131846
7.42911 131861
7.42959 131876
7.43007 131891
7.43055 131906
7.43103 131921
7.43151 131936
7.43199 131951
7.43247 131966
7.43295 131981
7.43343 131996
7.43391 132011
7.43439 132026
7.43487 132041
7.43535 132056
7.43583 132071
7.43632 132086
7.4368 132101
7.43728 132116
7.43776 132131
7.43824 132146
7.43872 132161
7.4392 132176
7.43968 132191
7.44016 132206
7.44064 132221
7.44112 132236
7.4416 132251
7.44208 132266
7.44256 132281
7.44304 132296
7.44353 132311
7.44401 132326
7.44449 132341
7.44497 132356
7.44545 132371
7.44593 132386
7.44641 132401
7.44689 132416
7.44737 132431
7.44785 132446
7.44833 132461
7.44881 132476
7.44929 132491
7.44977 132506
7.45025 132521
7.45073 132536
7.45122 132551
7.4517 132566
7.45218 132581
7.45266 132596
7.45314 132611
7.45362 132626
7.4541 132641
7.45458 132656
7.45506 132671
7.45554 132686
7.45602 132701
7.4565 132716
7.45698 132731
7.45746 132746
7.45794 132761
7.45842 132776
7.45891 132791
7.45939 132806
7.45987 132821
7.46035 132836
7.46083 132851
7.46131 132866
7.46179 132881
7.46227 132896
7.46275 132911
7.46323 132926
7.46371 132941
7.46419 132956
7.46467 132971
7.46515 132986
7.46563 133001
7.46612 133016
7.4666 133031
7.46708 133046
7.46756 133061
7.46804 133076
7.46852 133091
7.469 133106
7.46948 133121
7.46996 133136
7.47044 133151
7.47092 133166
7.4714 133181
7.47188 133196
7.47236 133211
7.47284 133226
7.47332 133241
7.47381 133256
7.47429 133271
7.47477 133286
7.47525 133301
7.47573 133316
7.47621 133331
7.47669 133346
7.47717 133361
7.47765 133376
7.47813 133391
7.47861 133406
7.47909 133421
7.47957 133436
7.48005 133451
7.48053 133466
7.48102 133481
7.4815 133496
7.48198 133511
7.48246 133526
7.48294 133541
7.48342 133556
7.4839 133571
7.48438 133586
7.48486 133601
7.48534 133616
7.48582 133631
7.4863 133646
7.48678 133661
7.48726 133676
7.48774 133691
7.48822 133706
7.48871 133721
7.48919 133736
7.48967 133751
7.49015 133766
7.49063 133781
7.49111 133796
7.49159 133811
7.49207 133826
7.49255 133841
7.49303 133856
7.49351 133871
7.49399 133886
7.49447 133901
7.49495 133916
7.49543 133931
7.49591 133946
7.4964 133961
7.49688 133976
7.49736 133991
7.49784 134006
7.49832 134021
7.4988 134036
7.49928 134051
7.49976 134066
7.50024 134081
7.50072 134096
7.5012 134111
7.50168 134126
7.50216 134141
7.50264 134156
7.50312 134171
7.50361 134186
7.50409 134201
7.50457 134216
7.50505 134231
7.50553 134246
7.50601 134261
7.50649 134276
7.50697 134291
7.50745 134306
7.50793 134321
7.50841 134336
7.50889 134351
7.50937 134366
7.50985 134381
7.51033 134396
7.51081 134411
7.5113 134426
7.51178 134441
7.51226 134456
7.51274 134471
7.51322 134486
7.5137 134501
7.51418 134516
7.51466 134531
7.51514 134546
7.51562 134561
7.5161 134576
7.51658 134591
7.51706 134606
7.51754 134621
7.51802 134636
7.5185 134651
7.51899 134666
7.51947 134681
7.51995 134696
7.52043 134711
7.52091 134726
7.52139 134741
7.52187 134756
7.52235 134771
7.52283 134786
7.52331 134801
7.52379 134816
7.52427 134831
7.52475 134846
7.52523 134861
7.52571 134876
7.5262 134891
7.52668 134906
7.52716 134921
7.52764 134936
7.52812 134951
7.5286 134966
7.52908 134981
7.52956 134996
7.53004 135011
7.53052 135026
7.531 135041
7.53148 135056
7.53196 135071
7.53244 135086
7.53292 135101
7.5334 135116
7.53389 135131
7.53437 135146
7.53485 135161
7.53533 135176
7.53581 135191
7.53629 135206
7.53677 135221
7.53725 135236
7.53773 135251
7.53821 135266
7.53869 135281
7.53917 135296
7.53965 135311
7.54013 135326
7.54061 135341
7.5411 135356
7.54158 135371
7.54206 135386
7.54254 135401
7.54302 135416
7.5435 135431
7.54398 135446
7.54446 135461
7.54494 135476
7.54542 135491
7.5459 135506
7.54638 135521
7.54686 135536
7.54734 135551
7.54782 135566
7.5483 135581
7.54879 135596
7.54927 135611
7.54975 135626
7.55023 135641
7.55071 135656
7.55119 135671
7.55167 135686
7.55215 135701
7.55263 135716
7.55311 135731
7.55359 135746
7.55407 135761
7.55455 135776
7.55503 135791
7.55551 135806
7.55599 135821
7.55648 135836
7.55696 135851
7.55744 135866
7.55792 135881
7.5584 135896
7.55888 135911
7.55936 135926
7.55984 135941
7.56032 135956
7.5608 135971
7.56128 135986
7.56176 136001
7.56224 136016
7.56272 136031
7.5632 136046
7.56369 136061
7.56417 136076
7.56465 136091
7.56513 136106
7.56561 136121
7.56609 136136
7.56657 136151
7.56705 136166
7.56753 136181
7.56801 136196
7.56849 136211
7.56897 136226
7.56945 136241
7.56993 136256
7.57041 136271
7.57089 136286
7.57138 136301
7.57186 136316
7.57234 136331
7.57282 136346
7.5733 136361
7.57378 136376
7.57426 136391
7.57474 136406
7.57522 136421
7.5757 136436
7.57618 136451
7.57666 136466
7.57714 136481
7.57762 136496
7.5781 136511
7.57858 136526
7.57907 136541
7.57955 136556
7.58003 136571
7.58051 136586
7.58099 136601
7.58147 136616
7.58195 136631
7.58243 136646
7.58291 136661
7.58339 136676
7.58387 136691
7.58435 136706
7.58483 136721
7.58531 136736
7.58579 136751
7.58628 136766
7.58676 136781
7.58724 136796
7.58772 136811
7.5882 136826
7.58868 136841
7.58916 136856
7.58964 136871
7.59012 136886
7.5906 136901
7.59108 136916
7.59156 136931
7.59204 136946
7.59252 136961
7.593 136976
7.59348 136991
7.59397 137006
7.59445 137021
7.59493 137036
7.59541 137051
7.59589 137066
7.59637 137081
7.59685 137096
7.59733 137111
7.59781 137126
7.59829 137141
7.59877 137156
7.59925 137171
7.59973 137186
7.60021 137201
7.60069 137216
7.60118 137231
7.60166 137246
7.60214 137261
7.60262 137276
7.6031 137291
7.60358 137306
7.60406 137321
7.60454 137336
7.60502 137351
7.6055 137366
7.60598 137381
7.60646 137396
7.60694 137411
7.60742 137426
7.6079 137441
7.60838 137456
7.60887 137471
7.60935 137486
7.60983 137501
7.61031 137516
7.61079 137531
7.61127 137546
7.61175 137561
7.61223 137576
7.61271 137591
7.61319 137606
7.61367 137621
7.61415 137636
7.61463 137651
7.61511 137666
7.61559 137681
7.61607 137696
7.61656 137711
7.61704 137726
7.61752 137741
7.618 137756
7.61848 137771
7.61896 137786
7.61944 137801
7.61992 137816
7.6204 137831
7.62088 137846
7.62136 137861
7.62184 137876
7.62232 137891
7.6228 137906
7.62328 137921
7.62377 137936
7.62425 137951
7.62473 137966
7.62521 137981
7.62569 137996
7.62617 138011
7.62665 138026
7.62713 138041
7.62761 138056
7.62809 138071
7.62857 138086
7.62905 138101
7.62953 138116
7.63001 138131
7.63049 138146
7.63097 138161
7.63146 138176
7.63194 138191
7.63242 138206
7.6329 138221
7.63338 138236
7.63386 138251
7.63434 138266
7.63482 138281
7.6353 138296
7.63578 138311
7.63626 138326
7.63674 138341
7.63722 138356
7.6377 138371
7.63818 138386
7.63866 138401
7.63915 138416
7.63963 138431
7.64011 138446
7.64059 138461
7.64107 138476
7.64155 138491
7.64203 138506
7.64251 138521
7.64299 138536
7.64347 138551
7.64395 138566
7.64443 138581
7.64491 138596
7.64539 138611
7.64587 138626
7.64636 138641
7.64684 138656
7.64732 138671
7.6478 138686
7.64828 138701
7.64876 138716
7.64924 138731
7.64972 138746
7.6502 138761
7.65068 138776
7.65116 138791
7.65164 138806
7.65212 138821
7.6526 138836
7.65308 138851
7.65356 138866
7.65405 138881
7.65453 138896
7.65501 138911
7.65549 138926
7.65597 138941
7.65645 138956
7.65693 138971
7.65741 138986
7.65789 139001
7.65837 139016
7.65885 139031
7.65933 139046
7.65981 139061
7.66029 139076
7.66077 139091
7.66126 139106
7.66174 139121
7.66222 139136
7.6627 139151
7.66318 139166
7.66366 139181
7.66414 139196
7.66462 139211
7.6651 139226
7.66558 139241
7.66606 139256
7.66654 139271
7.66702 139286
7.6675 139301
7.66798 139316
7.66846 139331
7.66895 139346
7.66943 139361
7.66991 139376
7.67039 139391
7.67087 139406
7.67135 139421
7.67183 139436
7.67231 139451
7.67279 139466
7.67327 139481
7.67375 139496
7.67423 139511
7.67471 139526
7.67519 139541
7.67567 139556
7.67615 139571
7.67664 139586
7.67712 139601
7.6776 139616
7.67808 139631
7.67856 139646
7.67904 139661
7.67952 139676
7.68 139691
7.68048 139706
7.68096 139721
7.68144 139736
7.68192 139751
7.6824 139766
7.68288 139781
7.68336 139795
7.68385 139809
7.68433 139823
7.68481 139837
7.68529 139851
7.68577 139865
7.68625 139879
7.68673 139893
7.68721 139907
7.68769 139921
7.68817 139935
7.68865 139949
7.68913 139963
7.68961 139977
7.69009 139991
7.69057 140005
7.69105 140019
7.69154 140033
7.69202 140047
7.6925 140061
7.69298 140075
7.69346 140089
7.69394 140103
7.69442 140117
7.6949 140131
7.69538 140145
7.69586 140159
7.69634 140173
7.69682 140187
7.6973 140201
7.69778 140215
7.69826 140229
7.69874 140243
7.69923 140257
7.69971 140271
7.70019 140285
7.70067 140299
7.70115 140313
7.70163 140327
7.70211 140341
7.70259 140355
7.70307 140369
7.70355 140383
7.70403 140397
7.70451 140411
7.70499 140425
7.70547 140439
7.70595 140453
7.70644 140467
7.70692 140481
7.7074 140495
7.70788 140509
7.70836 140523
7.70884 140537
7.70884 104448
7.70932 104468
7.70932 104448
7.7098 104468
7.7098 104448
7.71028 104468
7.71028 104448
7.71076 104468
7.71076 104448
7.71124 104468
7.71124 104448
7.71172 104468
7.71172 104448
7.7122 104468
7.7122 104448
7.71268 104468
7.71268 104448
7.71316 104468
7.71316 104448
7.71364 104468
7.71364 104448
7.71413 104468
7.71413 104448
7.71461 104468
7.71461 104448
7.71509 104468
7.71509 104448
7.71557 104468
7.71557 104448
7.71605 104468
7.71605 104448
7.71653 104468
7.71653 104448
7.71701 104468
7.71701 104448
7.71749 104468
7.71749 104448
7.71797 104468
7.71797 104448
7.71845 104468
7.71845 104448
7.71893 104468
7.71893 104448
7.71941 104468
7.71941 104448
7.71989 104468
7.71989 104448
7.72037 104468
7.72037 104448
7.72085 104468
7.72085 104448
7.72134 104468
7.72134 104448
7.72182 104468
7.72182 104448
7.7223 104468
7.7223 104448
7.72278 104468
7.72278 104448
7.72326 104468
7.72326 104448
7.72374 104468
7.72374 104448
7.72422 104468
7.72422 104448
7.7247 104468
7.7247 104448
7.72518 104468
7.72518 104448
7.72566 104468
7.72566 104448
7.72614 104468
7.72614 104448
7.72662 104468
7.72662 104448
7.7271 104468
7.7271 104448
7.72758 104468
7.72758 104448
7.72806 104468
7.72806 104448
7.72854 104468
7.72854 104448
7.72903 104468
7.72903 104448
7.72951 104468
7.72951 104448
7.72999 104468
7.72999 104448
7.73047 104468
7.73047 104448
7.73095 104468
7.73095 104448
7.73143 104468
7.73143 104448
7.7351 104468
7.73582 104488
7.73631 104508
7.73679 104528
7.73727 104548
7.73775 104568
7.73823 104588
7.73871 104608
7.73919 104628
7.73967 104648
7.74015 104668
7.74063 104688
7.74111 104708
7.74159 104728
7.74207 104748
7.74255 104768
7.74303 104788
7.74352 104808
7.744 104828
7.74448 104848
7.74496 104867
7.74544 104886
7.74592 104905
7.7464 104924
7.74688 104943
7.74736 104962
7.74784 104981
7.74832 105000
7.7488 105019
7.74928 105038
7.74976 105057
7.75024 105076
7.75072 105095
7.75121 105114
7.75169 105133
7.75217 105152
7.75584 105171
7.75656 105190
7.75704 105209
7.75752 105228
7.75801 105247
7.75849 105266
7.75897 105285
7.75945 105304
7.75993 105323
7.76041 105342
7.76089 105361
7.76137 105380
7.76185 105399
7.76233 105418
7.76281 105437
7.76329 105456
7.76377 105475
7.76425 105494
7.76473 105513
7.76521 105532
7.7657 105551
7.76618 105570
7.76666 105589
7.76714 105608
7.76762 105627
7.7681 105646
7.76858 105665
7.76906 105684
7.76954 105703
7.77002 105722
7.7705 105741
7.77098 105760
7.77146 105779
7.77194 105798
7.77242 105817
7.7729 105836
7.77658 105855
7.7773 105874
7.77778 105893
7.77826 105912
7.77874 105931
7.77922 105950
7.7797 105969
7.78019 105988
7.78067 106007
7.78115 106026
7.78163 106045
7.78211 106064
7.78259 106083
7.78307 106102
7.78355 106121
7.78403 106140
7.78451 106159
7.78499 106178
7.78547 106197
7.78595 106216
7.78643 106235
7.78691 106254
7.78739 106273
7.78788 106292
7.78836 106311
7.78884 106330
7.78932 106349
7.7898 106368
7.79028 106387
7.79076 106406
7.79124 106425
7.79172 106444
7.7922 106463
7.79268 106482
7.79316 106501
7.79364 106520
7.79708 106539
7.7978 106558
7.79828 106577
7.79876 106596
7.79924 106615
7.79972 106634
7.8002 106653
7.80068 106672
7.80116 106691
7.80164 106710
7.80213 106729
7.80261 106748
7.80309 106767
7.80357 106786
7.80405 106805
7.80453 106824
7.80501 106843
7.80549 106862
7.80597 106881
7.80645 106900
7.80693 106919
7.80741 106938
7.80789 106957
7.80837 106976
7.80885 106995
7.80933 107014
7.80982 107033
7.8103 107052
7.81078 107071
7.81126 107090
7.81174 107109
7.81222 107128
7.8127 107147
7.81318 107166
7.81366 107185
7.81414 107204
7.81758 107223
7.8183 107242
7.81878 107261
7.81926 107280
7.81974 107299
7.82022 107318
7.8207 107337
7.82118 107356
7.82166 107375
7.82214 107394
7.82262 107413
7.8231 107432
7.82358 107451
7.82406 107470
7.82455 107489
7.82503 107508
7.82551 107527
7.82599 107546
7.82647 107565
7.82695 107584
7.82743 107603
7.82791 107622
7.82839 107641
7.82887 107660
7.82935 107679
7.82983 107698
7.83031 107717
7.83079 107736
7.83127 107755
7.83176 107774
7.83224 107793
7.83272 107812
7.8332 107831
7.83368 107850
7.83416 107869
7.83464 107888
7.83512 107907
7.83831 107926
7.83904 107945
7.83952 107964
7.84 107983
7.84048 108002
7.84096 108021
7.84144 108040
7.84192 108059
7.8424 108078
7.84288 108097
7.84336 108116
7.84384 108135
7.84432 108154
7.8448 108173
7.84528 108192
7.84576 108211
7.84625 108230
7.84673 108249
7.84721 108268
7.84769 108287
7.84817 108306
7.84865 108325
7.84913 108344
7.84961 108363
7.85009 108382
7.85057 108401
7.85105 108420
7.85153 108439
7.85201 108458
7.85249 108477
7.85297 108496
7.85345 108515
7.85394 108534
7.85442 108553
7.8549 108572
7.85538 108591
7.85586 108610
7.85905 108629
7.85977 108648
7.86025 108667
7.86074 108686
7.86122 108705
7.8617 108724
7.86218 108743
7.86266 108762
7.86314 108781
7.86362 108800
7.8641 108819
7.86458 108838
7.86506 108857
7.86554 108876
7.86602 108895
7.8665 108914
7.86698 108933
7.86746 108952
7.86794 108971
7.86843 108990
7.86891 109009
7.86939 109028
7.86987 109047
7.87035 109066
7.87083 109085
7.87131 109104
7.87179 109123
7.87227 109142
7.87275 109161
7.87323 109180
7.87371 109199
7.87419 109218
7.87467 109237
7.87515 109256
7.87563 109275
7.87612 109294
7.8766 109313
7.87955 109332
7.88027 109351
7.88075 109370
7.88123 109389
7.88171 109408
7.88219 109427
7.88267 109446
7.88316 109465
7.88364 109484
7.88412 109503
7.8846 109522
7.88508 109541
7.88556 109560
7.88604 109579
7.88652 109598
7.887 109617
7.88748 109636
7.88796 109655
7.88844 109674
7.88892 109693
7.8894 109712
7.88988 109731
7.89037 109750
7.89085 109769
7.89133 109788
7.89181 109807
7.89229 109826
7.89277 109845
7.89325 109864
7.89373 109883
7.89421 109902
7.89469 109921
7.89517 109940
7.89565 109959
7.89613 109978
7.89661 109997
7.89709 110016
7.90005 110035
7.90077 110054
7.90125 110073
7.90173 110092
7.90221 110111
7.90269 110130
7.90317 110149
7.90365 110168
7.90413 110187
7.90461 110206
7.9051 110225
7.90558 110244
7.90606 110263
7.90654 110282
7.90702 110301
7.9075 110320
7.90798 110339
7.90846 110358
7.90894 110376
7.90942 110394
7.9099 110412
7.91038 110430
7.91086 110448
7.91134 110466
7.91182 110484
7.9123 110502
7.91279 110520
7.91327 110538
7.91375 110556
7.91423 110574
7.91471 110592
7.91519 110610
7.91567 110628
7.91615 110646
7.91663 110664
7.91711 110682
7.91759 110700
7.92055 110718
7.92127 110736
7.92175 110754
7.92223 110772
7.92271 110790
7.92319 110808
7.92367 110826
7.92415 110844
7.92463 110862
7.92511 110880
7.92559 110898
7.92607 110916
7.92655 110934
7.92704 110952
7.92752 110970
7.928 110988
7.92848 111006
7.92896 111024
7.92944 111042
7.92992 111060
7.9304 111078
7.93088 111096
7.93136 111114
7.93184 111132
7.93232 111150
7.9328 111168
7.93328 111186
7.93376 111204
7.93424 111222
7.93473 111240
7.93521 111258
7.93569 111276
7.93617 111294
7.93665 111312
7.93713 111330
7.93761 111348
7.93809 111366
7.93857 111384
7.94128 111402
7.94201 111420
7.94249 111438
7.94297 111456
7.94345 111474
7.94393 111492
7.94441 111510
7.94489 111528
7.94537 111546
7.94585 111564
7.94633 111582
7.94681 111600
7.94729 111618
7.94777 111636
7.94825 111654
7.94873 111672
7.94922 111690
7.9497 111708
7.95018 111726
7.95066 111744
7.95114 111762
7.95162 111780
7.9521 111798
7.95258 111816
7.95306 111834
7.95354 111852
7.95402 111870
7.9545 111888
7.95498 111906
7.95546 111924
7.95594 111942
7.95642 111960
7.95691 111978
7.95739 111996
7.95787 112014
7.95835 112032
7.95883 112050
7.95931 112068
7.96202 112086
7.96274 112104
7.96322 112122
7.96371 112140
7.96419 112158
7.96467 112176
7.96515 112194
7.96563 112212
7.96611 112230
7.96659 112248
7.96707 112266
7.96755 112284
7.96803 112302
7.96851 112320
7.96899 112338
7.96947 112356
7.96995 112374
7.97043 112392
7.97091 112410
7.9714 112428
7.97188 112446
7.97236 112464
7.97284 112482
7.97332 112500
7.9738 112518
7.97428 112536
7.97476 112554
7.97524 112572
7.97572 112590
7.9762 112608
7.97668 112626
7.97716 112644
7.97764 112662
7.97812 112680
7.97861 112698
7.97909 112716
7.97957 112734
7.98005 112752
7.98252 112770
7.98324 112788
7.98372 112806
7.9842 112824
7.98468 112842
7.98516 112860
7.98565 112878
7.98613 112896
7.98661 112914
7.98709 112932
7.98757 112950
7.98805 112968
7.98853 112986
7.98901 113004
7.98949 113022
7.98997 113040
7.99045 113058
7.99093 113076
7.99141 113094
7.99189 113112
7.99237 113130
7.99285 113148
7.99334 113166
7.99382 113184
7.9943 113202
7.99478 113220
7.99526 113238
7.99574 113256
7.99622 113274
7.9967 113292
7.99718 113310
7.99766 113328
7.99814 113346
7.99862 113364
7.9991 113382
7.99958 113400
8.00006 113418
8.00054 113436
8.00302 113454
8.00374 113472
8.00422 113490
8.0047 113508
8.00518 113526
8.00566 113544
8.00614 113562
8.00662 113580
8.0071 113598
8.00758 113616
8.00807 113634
8.00855 113652
8.00903 113670
8.00951 113688
8.00999 113706
8.01047 113724
8.01095 113742
8.01143 113760
8.01191 113778
8.01239 113796
8.01287 113814
8.01335 113832
8.01383 113850
8.01431 113868
8.01479 113886
8.01528 113904
8.01576 113922
8.01624 113940
8.01672 113958
8.0172 113976
8.01768 113994
8.01816 114012
8.01864 114030
8.01912 114048
8.0196 114066
8.02008 114084
8.02056 114102
8.02104 114120
8.02152 114138
8.02376 114156
8.02448 114174
8.02496 114192
8.02544 114210
8.02592 114228
8.0264 114246
8.02688 114264
8.02736 114282
8.02784 114300
8.02832 114318
8.0288 114336
8.02928 114354
8.02977 114372
8.03025 114390
8.03073 114408
8.03121 114426
8.03169 114444
8.03217 114462
8.03265 114480
8.03313 114498
8.03361 114516
8.03409 114534
8.03457 114552
8.03505 114570
8.03553 114588
8.03601 114606
8.03649 114624
8.03697 114642
8.03746 114660
8.03794 114678
8.03842 114696
8.0389 114714
8.03938 114732
8.03986 114750
8.04034 114768
8.04082 114786
8.0413 114804
8.04178 114822
8.04226 114840
8.0445 114858
8.04522 114876
8.0457 114894
8.04618 114912
8.04666 114930
8.04714 114948
8.04762 114966
8.0481 114984
8.04858 115002
8.04906 115020
8.04954 115038
8.05002 115056
8.0505 115074
8.05098 115092
8.05146 115110
8.05195 115128
8.05243 115146
8.05291 115164
8.05339 115182
8.05387 115200
8.05435 115218
8.05483 115236
8.05531 115254
8.05579 115272
8.05627 115290
8.05675 115308
8.05723 115326
8.05771 115344
8.05819 115362
8.05867 115380
8.05915 115398
8.05964 115416
8.06012 115434
8.0606 115452
8.06108 115470
8.06156 115488
8.06204 115506
8.06252 115524
8.063 115542
8.06499 115560
8.06571 115578
8.06619 115596
8.06668 115614
8.06716 115632
8.06764 115650
8.06812 115668
8.0686 115686
8.06908 115704
8.06956 115722
8.07004 115740
8.07052 115758
8.071 115776
8.07148 115794
8.07196 115812
8.07244 115830
8.07292 115848
8.0734 115866
8.07389 115884
8.07437 115902
8.07485 115920
8.07533 115938
8.07581 115956
8.07629 115974
8.07677 115992
8.07725 116010
8.07773 116028
8.07821 116046
8.07869 116064
8.07917 116082
8.07965 116100
8.08013 116118
8.08061 116136
8.08109 116154
8.08158 116172
8.08206 116190
8.08254 116208
8.08302 116226
8.0835 116244
8.08549 116262
8.08621 116280
8.08669 116298
8.08717 116316
8.08765 116334
8.08813 116352
8.08862 116370
8.0891 116388
8.08958 116406
8.09006 116424
8.09054 116442
8.09102 116460
8.0915 116478
8.09198 116496
8.09246 116513
8.09294 116530
8.09342 116547
8.0939 116564
8.09438 116581
8.09486 116598
8.09534 116615
8.09582 116632
8.09631 116649
8.09679 116666
8.09727 116683
8.09775 116700
8.09823 116717
8.09871 116734
8.09919 116751
8.09967 116768
8.10015 116785
8.10063 116802
8.10111 116819
8.10159 116836
8.10207 116853
8.10255 116870
8.10303 116887
8.10352 116904
8.104 116921
8.10448 116938
8.10623 116955
8.10695 116972
8.10743 116989
8.10791 117006
8.10839 117023
8.10887 117040
8.10935 117057
8.10983 117074
8.11031 117091
8.1108 117108
8.11128 117125
8.11176 117142
8.11224 117159
8.11272 117176
8.1132 117193
8.11368 117210
8.11416 117227
8.11464 117244
8.11512 117261
8.1156 117278
8.11608 117295
8.11656 117312
8.11704 117329
8.11752 117346
8.11801 117363
8.11849 117380
8.11897 117397
8.11945 117414
8.11993 117431
8.12041 117448
8.12089 117465
8.12137 117482
8.12185 117499
8.12233 117516
8.12281 117533
8.12329 117550
8.12377 117567
8.12425 117584
8.12473 117601
8.12521 117618
8.12697 117635
8.12769 117652
8.12817 117669
8.12865 117686
8.12913 117703
8.12961 117720
8.13009 117737
8.13057 117754
8.13105 117771
8.13153 117788
8.13201 117805
8.1325 117822
8.13298 117839
8.13346 117856
8.13394 117873
8.13442 117890
8.1349 117907
8.13538 117924
8.13586 117941
8.13634 117958
8.13682 117975
8.1373 117992
8.13778 118009
8.13826 118026
8.13874 118043
8.13922 118060
8.1397 118077
8.14019 118094
8.14067 118111
8.14115 118128
8.14163 118145
8.14211 118162
8.14259 118179
8.14307 118196
8.14355 118213
8.14403 118230
8.14451 118247
8.14499 118264
8.14547 118281
8.14595 118298
8.14747 118315
8.14819 118332
8.14867 118349
8.14915 118366
8.14963 118383
8.15011 118400
8.15059 118417
8.15107 118434
8.15155 118451
8.15203 118468
8.15251 118485
8.15299 118502
8.15347 118519
8.15395 118536
8.15443 118553
8.15492 118570
8.1554 118587
8.15588 118604
8.15636 118621
8.15684 118638
8.15732 118655
8.1578 118672
8.15828 118689
8.15876 118706
8.15924 118723
8.15972 118740
8.1602 118757
8.16068 118774
8.16116 118791
8.16164 118808
8.16213 118825
8.16261 118842
8.16309 118859
8.16357 118876
8.16405 118893
8.16453 118910
8.16501 118927
8.16549 118944
8.16597 118961
8.16645 118978
8.16796 118995
8.16868 119012
8.16917 119029
8.16965 119046
8.17013 119063
8.17061 119080
8.17109 119097
8.17157 119114
8.17205 119131
8.17253 119148
8.17301 119165
8.17349 119182
8.17397 119199
8.17445 119216
8.17493 119233
8.17541 119250
8.17589 119267
8.17637 119284
8.17686 119301
8.17734 119318
8.17782 119335
8.1783 119352
8.17878 119369
8.17926 119386
8.17974 119403
8.18022 119420
8.1807 119437
8.18118 119454
8.18166 119471
8.18214 119488
8.18262 119505
8.1831 119522
8.18358 119539
8.18406 119556
8.18455 119573
8.18503 119590
8.18551 119607
8.18599 119624
8.18647 119641
8.18695 119658
8.18743 119675
8.1887 119692
8.18942 119709
8.1899 119726
8.19038 119743
8.19086 119760
8.19135 119777
8.19183 119794
8.19231 119811
8.19279 119828
8.19327 119845
8.19375 119862
8.19423 119879
8.19471 119896
8.19519 119913
8.19567 119930
8.19615 119947
8.19663 119964
8.19711 119981
8.19759 119998
8.19807 120015
8.19855 120032
8.19904 120049
8.19952 120066
8.2 120083
8.20048 120100
8.20096 120117
8.20144 120134
8.20192 120151
8.2024 120168
8.20288 120185
8.20336 120202
8.20384 120219
8.20432 120236
8.2048 120253
8.20528 120270
8.20576 120287
8.20625 120304
8.20673 120321
8.20721 120338
8.20769 120355
8.20817 120372
8.20944 120389
8.21016 120406
8.21064 120423
8.21112 120440
8.2116 120457
8.21208 120474
8.21256 120491
8.21304 120508
8.21353 120525
8.21401 120542
8.21449 120559
8.21497 120576
8.21545 120593
8.21593 120610
8.21641 120627
8.21689 120644
8.21737 120661
8.21785 120678
8.21833 120695
8.21881 120712
8.21929 120729
8.21977 120746
8.22025 120763
8.22074 120780
8.22122 120797
8.2217 120814
8.22218 120831
8.22266 120848
8.22314 120865
8.22362 120882
8.2241 120899
8.22458 120916
8.22506 120933
8.22554 120950
8.22602 120967
8.2265 120984
8.22698 121001
8.22746 121018
8.22794 121035
8.22843 121052
8.22891 121069
8.22994 121086
8.23066 121103
8.23114 121120
8.23162 121137
8.2321 121154
8.23258 121171
8.23306 121188
8.23354 121205
8.23402 121222
8.2345 121239
8.23498 121256
8.23547 121273
8.23595 121290
8.23643 121307
8.23691 121324
8.23739 121341
8.23787 121358
8.23835 121375
8.23883 121392
8.23931 121409
8.23979 121426
8.24027 121443
8.24075 121460
8.24123 121477
8.24171 121494
8.24219 121511
8.24267 121528
8.24316 121545
8.24364 121562
8.24412 121579
8.2446 121596
8.24508 121613
8.24556 121630
8.24604 121647
8.24652 121664
8.247 121681
8.24748 121698
8.24796 121715
8.24844 121732
8.24892 121749
8.2494 121766
8.25044 121783
8.25116 121800
8.25164 121817
8.25212 121834
8.2526 121851
8.25308 121868
8.25356 121885
8.25404 121902
8.25452 121919
8.255 121936
8.25548 121953
8.25596 121970
8.25644 121987
8.25692 122004
8.25741 122021
8.25789 122038
8.25837 122055
8.25885 122072
8.25933 122089
8.25981 122106
8.26029 122123
8.26077 122140
8.26125 122157
8.26173 122174
8.26221 122191
8.26269 122208
8.26317 122225
8.26365 122242
8.26413 122259
8.26461 122276
8.2651 122293
8.26558 122310
8.26606 122327
8.26654 122344
8.26702 122361
8.2675 122378
8.26798 122395
8.26846 122412
8.26894 122429
8.26942 122446
8.2699 122463
8.27038 122480
8.27117 122497
8.2719 122514
8.27238 122531
8.27286 122548
8.27334 122565
8.27382 122582
8.2743 122599
8.27478 122616
8.27526 122633
8.27574 122650
8.27622 122667
8.2767 122684
8.27718 122701
8.27766 122718
8.27814 122735
8.27862 122752
8.2791 122769
8.27959 122786
8.28007 122803
8.28055 122820
8.28103 122837
8.28151 122854
8.28199 122871
8.28247 122888
8.28295 122905
8.28343 122922
8.28391 122939
8.28439 122956
8.28487 122973
8.28535 122990
8.28583 123007
8.28631 123024
8.28679 123041
8.28728 123058
8.28776 123075
8.28824 123092
8.28872 123109
8.2892 123126
8.28968 123143
8.29016 123160
8.29064 123177
8.29112 123194
8.29191 123211
8.29263 123228
8.29311 123245
8.29359 123262
8.29408 123279
8.29456 123296
8.29504 123313
8.29552 123330
8.296 123347
8.29648 123363
8.29696 123379
8.29744 123395
8.29792 123411
8.2984 123427
8.29888 123443
8.29936 123459
8.29984 123475
8.30032 123491
8.3008 123507
8.30128 123523
8.30177 123539
8.30225 123555
8.30273 123571
8.30321 123587
8.30369 123603
8.30417 123619
8.30465 123635
8.30513 123651
8.30561 123667
8.30609 123683
8.30657 123699
8.30705 123715
8.30753 123731
8.30801 123747
8.30849 123763
8.30898 123779
8.30946 123795
8.30994 123811
8.31042 123827
8.3109 123843
8.31138 123859
8.31186 123875
8.31241 123891
8.31313 123907
8.31361 123923
8.31409 123939
8.31457 123955
8.31505 123971
8.31553 123987
8.31602 124003
8.3165 124019
8.31698 124035
8.31746 124051
8.31794 124067
8.31842 124083
8.3189 124099
8.31938 124115
8.31986 124131
8.32034 124147
8.32082 124163
8.3213 124179
8.32178 124195
8.32226 124211
8.32274 124227
8.32322 124243
8.32371 124259
8.32419 124275
8.32467 124291
8.32515 124307
8.32563 124323
8.32611 124339
8.32659 124355
8.32707 124371
8.32755 124387
8.32803 124403
8.32851 124419
8.32899 124435
8.32947 124451
8.32995 124467
8.33043 124483
8.33091 124499
8.3314 124515
8.33188 124531
8.33236 124547
8.33291 124563
8.33363 124579
8.33411 124595
8.33459 124611
8.33507 124627
8.33555 124643
8.33603 124659
8.33651 124675
8.33699 124691
8.33747 124707
8.33795 124723
8.33844 124739
8.33892 124755
8.3394 124771
8.33988 124787
8.34036 124803
8.34084 124819
8.34132 124835
8.3418 124851
8.34228 124867
8.34276 124883
8.34324 124899
8.34372 124915
8.3442 124931
8.34468 124947
8.34516 124963
8.34565 124979
8.34613 124995
8.34661 125011
8.34709 125027
8.34757 125043
8.34805 125059
8.34853 125075
8.34901 125091
8.34949 125107
8.34997 125123
8.35045 125139
8.35093 125155
8.35141 125171
8.35189 125187
8.35237 125203
8.35285 125219
8.35334 125235
8.35382 125251
8.35437 125267
8.35485 125283
8.35533 125299
8.35581 125315
8.35629 125331
8.35677 125347
8.35725 125363
8.35773 125379
8.35821 125395
8.35869 125411
8.35917 125427
8.35965 125443
8.36014 125459
8.36062 125475
8.3611 125491
8.36158 125507
8.36206 125523
8.36254 125539
8.36302 125555
8.3635 125571
8.36398 125587
8.36446 125603
8.36494 125619
8.36542 125635
8.3659 125651
8.36638 125667
8.36686 125683
8.36734 125699
8.36783 125715
8.36831 125731
8.36879 125747
8.36927 125763
8.36975 125779
8.37023 125795
8.37071 125811
8.37119 125827
8.37167 125843
8.37215 125859
8.37263 125875
8.37311 125891
8.37359 125907
8.37407 125923
8.37455 125939
8.37511 125955
8.37559 125971
8.37607 125987
8.37655 126003
8.37703 126019
8.37751 126035
8.37799 126051
8.37847 126067
8.37895 126083
8.37943 126099
8.37991 126115
8.38039 126131
8.38087 126147
8.38135 126163
8.38183 126179
8.38232 126195
8.3828 126211
8.38328 126227
8.38376 126243
8.38424 126259
8.38472 126275
8.3852 126291
8.38568 126307
8.38616 126323
8.38664 126339
8.38712 126355
8.3876 126371
8.38808 126387
8.38856 126403
8.38904 126419
8.38952 126435
8.39001 126451
8.39049 126467
8.39097 126483
8.39145 126499
8.39193 126515
8.39241 126531
8.39289 126547
8.39337 126563
8.39385 126579
8.39433 126595
8.39481 126611
8.39529 126627
8.39584 126643
8.39632 126659
8.39681 126675
8.39729 126691
8.39777 126707
8.39825 126723
8.39873 126739
8.39921 126755
8.39969 126771
8.40017 126787
8.40065 126803
8.40113 126819
8.40161 126835
8.40209 126851
8.40257 126867
8.40305 126883
8.40353 126899
8.40401 126915
8.4045 126931
8.40498 126947
8.40546 126963
8.40594 126979
8.40642 126995
8.4069 127011
8.40738 127027
8.40786 127043
8.40834 127059
8.40882 127075
8.4093 127091
8.40978 127107
8.41026 127123
8.41074 127139
8.41122 127155
8.4117 127171
8.41219 127187
8.41267 127203
8.41315 127219
8.41363 127235
8.41411 127251
8.41459 127267
8.41507 127283
8.41555 127299
8.41603 127315
8.41651 127331
8.41699 127347
8.41747 127363
8.41795 127379
8.41843 127395
8.41891 127411
8.4194 127427
8.41988 127443
8.42036 127459
8.42084 127475
8.42132 127491
8.4218 127507
8.42228 127523
8.42276 127539
8.42324 127555
8.42372 127571
8.4242 127587
8.42468 127603
8.42516 127619
8.42564 127635
8.42612 127651
8.4266 127667
8.42709 127683
8.42757 127699
8.42805 127715
8.42853 127731
8.42901 127747
8.42949 127763
8.42997 127779
8.43045 127795
8.43093 127811
8.43141 127827
8.43189 127843
8.43237 127859
8.43285 127875
8.43333 127891
8.43381 127907
8.4343 127923
8.43478 127939
8.43526 127955
8.43574 127971
8.43622 127987
8.4367 128003
8.43718 128019
8.43766 128035
8.43814 128051
8.43862 128067
8.4391 128083
8.43958 128099
8.44006 128115
8.44054 128131
8.44102 128147
8.4415 128163
8.44199 128179
8.44247 128195
8.44295 128211
8.44343 128227
8.44391 128243
8.44439 128259
8.44487 128275
8.44535 128291
8.44583 128307
8.44631 128323
8.44679 128339
8.44727 128355
8.44775 128371
8.44823 128387
8.44871 128403
8.44919 128419
8.44968 128435
8.45016 128451
8.45064 128467
8.45112 128483
8.4516 128499
8.45208 128515
8.45256 128531
8.45304 128547
8.45352 128563
8.454 128579
8.45448 128595
8.45496 128611
8.45544 128627
8.45592 128643
8.4564 128659
8.45689 128675
8.45737 128691
8.45785 128707
8.45833 128723
8.45881 128739
8.45929 128755
8.45977 128771
8.46025 128787
8.46073 128803
8.46121 128819
8.46169 128835
8.46217 128851
8.46265 128867
8.46313 128883
8.46361 128899
8.46409 128915
8.46458 128931
8.46506 128947
8.46554 128963
8.46602 128979
8.4665 128995
8.46698 129011
8.46746 129027
8.46794 129043
8.46842 129059
8.4689 129075
8.46938 129091
8.46986 129107
8.47034 129123
8.47082 129139
8.4713 129155
8.47178 129171
8.47227 129187
8.47275 129203
8.47323 129219
8.47371 129235
8.47419 129251
8.47467 129267
8.47515 129283
8.47563 129299
8.47611 129315
8.47659 129331
8.47707 129347
8.47755 129363
8.47803 129379
8.47851 129395
8.47899 129411
8.47948 129427
8.47996 129443
8.48044 129459
8.48092 129475
8.4814 129491
8.48188 129507
8.48236 129523
8.48284 129539
8.48332 129555
8.4838 129571
8.48428 129587
8.48476 129603
8.48524 129619
8.48572 129635
8.4862 129651
8.48668 129667
8.48717 129683
8.48765 129699
8.48813 129715
8.48861 129731
8.48909 129747
8.48957 129763
8.49005 129779
8.49053 129795
8.49101 129811
8.49149 129827
8.49197 129843
8.49245 129859
8.49293 129875
8.49341 129891
8.49389 129907
8.49438 129923
8.49486 129939
8.49534 129955
8.49582 129971
8.4963 129987
8.49678 130003
8.49726 130019
8.49774 130035
8.49822 130051
8.4987 130067
8.49918 130083
8.49966 130099
8.50014 130115
8.50062 130131
8.5011 130147
8.50158 130163
8.50207 130179
8.50255 130195
8.50303 130211
8.50351 130227
8.50399 130243
8.50447 130259
8.50495 130275
8.50543 130291
8.50591 130307
8.50639 130323
8.50687 130339
8.50735 130355
8.50783 130371
8.50831 130387
8.50879 130403
8.50927 130419
8.50976 130435
8.51024 130451
8.51072 130467
8.5112 130483
8.51168 130499
8.51216 130515
8.51264 130531
8.51312 130547
8.5136 130563
8.51408 130579
8.51456 130595
8.51504 130611
8.51552 130627
8.516 130643
8.51648 130659
8.51697 130675
8.51745 130691
8.51793 130707
8.51841 130723
8.51889 130739
8.51937 130755
8.51985 130771
8.52033 130787
8.52081 130803
8.52129 130819
8.52177 130835
8.52225 130851
8.52273 130867
8.52321 130883
8.52369 130899
8.52417 130915
8.52466 130931
8.52514 130947
8.52562 130963
8.5261 130979
8.52658 130995
8.52706 131011
8.52754 131027
8.52802 131043
8.5285 131059
8.52898 131074
8.52946 131089
8.52994 131104
8.53042 131119
8.5309 131134
8.53138 131149
8.53186 131164
8.53235 131179
8.53283 131194
8.53331 131209
8.53379 131224
8.53427 131239
8.53475 131254
8.53523 131269
8.53571 131284
8.53619 131299
8.53667 131314
8.53715 131329
8.53763 131344
8.53811 131359
8.53859 131374
8.53907 131389
8.53956 131404
8.54004 131419
8.54052 131434
8.541 131449
8.54148 131464
8.54196 131479
8.54244 131494
8.54292 131509
8.5434 131524
8.54388 131539
8.54436 131554
8.54484 131569
8.54532 131584
8.5458 131599
8.54628 131614
8.54676 131629
8.54725 131644
8.54773 131659
8.54821 131674
8.54869 131689
8.54917 131704
8.54965 131719
8.55013 131734
8.55061 131749
8.55109 131764
8.55157 131779
8.55205 131794
8.55253 131809
8.55301 131824
8.55349 131839
8.55397 131854
8.55446 131869
8.55494 131884
8.55542 131899
8.5559 131914
8.55638 131929
8.55686 131944
8.55734 131959
8.55782 131974
8.5583 131989
8.55878 132004
8.55926 132019
8.55974 132034
8.56022 132049
8.5607 132064
8.56118 132079
8.56166 132094
8.56215 132109
8.56263 132124
8.56311 132139
8.56359 132154
8.56407 132169
8.56455 132184
8.56503 132199
8.56551 132214
8.56599 132229
8.56647 132244
8.56695 132259
8.56743 132274
8.56791 132289
8.56839 132304
8.56887 132319
8.56935 132334
8.56984 132349
8.57032 132364
8.5708 132379
8.57128 132394
8.57176 132409
8.57224 132424
8.57272 132439
8.5732 132454
8.57368 132469
8.57416 132484
8.57464 132499
8.57512 132514
8.5756 132529
8.57608 132544
8.57656 132559
8.57705 132574
8.57753 132589
8.57801 132604
8.57849 132619
8.57897 132634
8.57945 132649
8.57993 132664
8.58041 132679
8.58089 132694
8.58137 132709
8.58185 132724
8.58233 132739
8.58281 132754
8.58329 132769
8.58377 132784
8.58425 132799
8.58474 132814
8.58522 132829
8.5857 132844
8.58618 132859
8.58666 132874
8.58714 132889
8.58762 132904
8.5881 132919
8.58858 132934
8.58906 132949
8.58954 132964
8.59002 132979
8.5905 132994
8.59098 133009
8.59146 133024
8.59194 133039
8.59243 133054
8.59291 133069
8.59339 133084
8.59387 133099
8.59435 133114
8.59483 133129
8.59531 133144
8.59579 133159
8.59627 133174
8.59675 133189
8.59723 133204
8.59771 133219
8.59819 133234
8.59867 133249
8.59915 133264
8.59964 133279
8.60012 133294
8.6006 133309
8.60108 133324
8.60156 133339
8.60204 133354
8.60252 133369
8.603 133384
8.60348 133399
8.60396 133414
8.60444 133429
8.60492 133444
8.6054 133459
8.60588 133474
8.60636 133489
8.60684 133504
8.60733 133519
8.60781 133534
8.60829 133549
8.60877 133564
8.60925 133579
8.60973 133594
8.61021 133609
8.61069 133624
8.61117 133639
8.61165 133654
8.61213 133669
8.61261 133684
8.61309 133699
8.61357 133714
8.61405 133729
8.61454 133744
8.61502 133759
8.6155 133774
8.61598 133789
8.61646 133804
8.61694 133819
8.61742 133834
8.6179 133849
8.61838 133864
8.61886 133879
8.61934 133894
8.61982 133909
8.6203 133924
8.62078 133939
8.62126 133954
8.62174 133969
8.62223 133984
8.62271 133999
8.62319 134014
8.62367 134029
8.62415 134044
8.62463 134059
8.62511 134074
8.62559 134089
8.62607 134104
8.62655 134119
8.62703 134134
8.62751 134149
8.62799 134164
8.62847 134179
8.62895 134194
8.62943 134209
8.62992 134224
8.6304 134239
8.63088 134254
8.63136 134269
8.63184 134284
8.63232 134299
8.6328 134314
8.63328 134329
8.63376 134344
8.63424 134359
8.63472 134374
8.6352 134389
8.63568 134404
8.63616 134419
8.63664 134434
8.63713 134449
8.63761 134464
8.63809 134479
8.63857 134494
8.63905 134509
8.63953 134524
8.64001 134539
8.64049 134554
8.64097 134569
8.64145 134584
8.64193 134599
8.64241 134614
8.64289 134629
8.64337 134644
8.64385 134659
8.64433 134674
8.64482 134689
8.6453 134704
8.64578 134719
8.64626 134734
8.64674 134749
8.64722 134764
8.6477 134779
8.64818 134794
8.64866 134809
8.64914 134824
8.64962 134839
8.6501 134854
8.65058 134869
8.65106 134884
8.65154 134899
8.65202 134914
8.65251 134929
8.65299 134944
8.65347 134959
8.65395 134974
8.65443 134989
8.65491 135004
8.65539 135019
8.65587 135034
8.65635 135049
8.65683 135064
8.65731 135079
8.65779 135094
8.65827 135109
8.65875 135124
8.65923 135139
8.65972 135154
8.6602 135169
8.66068 135184
8.66116 135199
8.66164 135214
8.66212 135229
8.6626 135244
8.66308 135259
8.66356 135274
8.66404 135289
8.66452 135304
8.665 135319
8.66548 135334
8.66596 135349
8.66644 135364
8.66692 135379
8.66741 135394
8.66789 135409
8.66837 135424
8.66885 135439
8.66933 135454
8.66981 135469
8.67029 135484
8.67077 135499
8.67125 135514
8.67173 135529
8.67221 135544
8.67269 135559
8.67317 135574
8.67365 135589
8.67413 135604
8.67462 135619
8.6751 135634
8.67558 135649
8.67606 135664
8.67654 135679
8.67702 135694
8.6775 135709
8.67798 135724
8.67846 135739
8.67894 135754
8.67942 135769
8.6799 135784
8.68038 135799
8.68086 135814
8.68134 135829
8.68182 135844
8.68231 135859
8.68279 135874
8.68327 135889
8.68375 135904
8.68423 135919
8.68471 135934
8.68519 135949
8.68567 135964
8.68615 135979
8.68663 135994
8.68711 136009
8.68759 136024
8.68807 136039
8.68855 136054
8.68903 136069
8.68951 136084
8.69 136099
8.69048 136114
8.69096 136129
8.69144 136144
8.69192 136159
8.6924 136174
8.69288 136189
8.69336 136204
8.69384 136219
8.69432 136234
8.6948 136249
8.69528 136264
8.69576 136279
8.69624 136294
8.69672 136309
8.69721 136324
8.69769 136339
8.69817 136354
8.69865 136369
8.69913 136384
8.69961 136399
8.70009 136414
8.70057 136429
8.70105 136444
8.70153 136459
8.70201 136474
8.70249 136489
8.70297 136504
8.70345 136519
8.70393 136534
8.70441 136549
8.7049 136564
8.70538 136579
8.70586 136594
8.70634 136609
8.70682 136624
8.7073 136639
8.70778 136654
8.70826 136669
8.70874 136684
8.70874 109568
8.70922 109587
8.70922 109568
8.7097 109587
8.7097 109568
8.71018 109587
8.71018 109568
8.71066 109587
8.71066 109568
8.71114 109587
8.71114 109568
8.71162 109587
8.71162 109568
8.7121 109587
8.7121 109568
8.71259 109587
8.71259 109568
8.71307 109587
8.71307 109568
8.71355 109587
8.71355 109568
8.71403 109587
8.71403 109568
8.71451 109587
8.71451 109568
8.71499 109587
8.71499 109568
8.71547 109587
8.71547 109568
8.71595 109587
8.71595 109568
8.71643 109587
8.71643 109568
8.71691 109587
8.71691 109568
8.71739 109587
8.71739 109568
8.71787 109587
8.71787 109568
8.71835 109587
8.71835 109568
8.71883 109587
8.71883 109568
8.71931 109587
8.71931 109568
8.7198 109587
8.7198 109568
8.72028 109587
8.72028 109568
8.72076 109587
8.72076 109568
8.72124 109587
8.72124 109568
8.72172 109587
8.72172 109568
8.7222 109587
8.7222 109568
8.72268 109587
8.72268 109568
8.72316 109587
8.72316 109568
8.72364 109587
8.72364 109568
8.72412 109587
8.72412 109568
8.7246 109587
8.7246 109568
8.72508 109587
8.72508 109568
8.72556 109587
8.72556 109568
8.72604 109587
8.72604 109568
8.72652 109587
8.72652 109568
8.727 109587
8.727 109568
8.72749 109587
8.72749 109568
8.72797 109587
8.72797 109568
8.72845 109587
8.72845 109568
8.72893 109587
8.72893 109568
8.72941 109587
8.72941 109568
8.72989 109587
8.72989 109568
8.73037 109587
8.73037 109568
8.73085 109587
8.73085 109568
8.73404 109587
8.73453 109606
8.73501 109625
8.73549 109644
8.73597 109663
8.73645 109682
8.73693 109701
8.73741 109720
8.73789 109739
8.73837 109758
8.73885 109777
8.73933 109796
8.73981 109815
8.74029 109834
8.74077 109853
8.74125 109872
8.74174 109891
8.74222 109910
8.7427 109929
8.74318 109948
8.74366 109967
8.74414 109986
8.74462 110005
8.7451 110024
8.74558 110043
8.74606 110062
8.74654 110081
8.74702 110100
8.7475 110119
8.74798 110138
8.74846 110157
8.74894 110176
8.74943 110195
8.74991 110214
8.75039 110233
8.75087 110252
8.75135 110271
8.75454 110290
8.75502 110309
8.7555 110328
8.75598 110347
8.75647 110366
8.75695 110384
8.75743 110402
8.75791 110420
8.75839 110438
8.75887 110456
8.75935 110474
8.75983 110492
8.76031 110510
8.76079 110528
8.76127 110546
8.76175 110564
8.76223 110582
8.76271 110600
8.76319 110618
8.76367 110636
8.76416 110654
8.76464 110672
8.76512 110690
8.7656 110708
8.76608 110726
8.76656 110744
8.76704 110762
8.76752 110780
8.768 110798
8.76848 110816
8.76896 110834
8.76944 110852
8.76992 110870
8.7704 110888
8.77088 110906
8.77137 110924
8.77185 110942
8.77233 110960
8.77528 110978
8.77576 110996
8.77624 111014
8.77672 111032
8.7772 111050
8.77768 111068
8.77816 111086
8.77865 111104
8.77913 111122
8.77961 111140
8.78009 111158
8.78057 111176
8.78105 111194
8.78153 111212
8.78201 111230
8.78249 111248
8.78297 111266
8.78345 111284
8.78393 111302
8.78441 111320
8.78489 111338
8.78537 111356
8.78586 111374
8.78634 111392
8.78682 111410
8.7873 111428
8.78778 111446
8.78826 111464
8.78874 111482
8.78922 111500
8.7897 111518
8.79018 111536
8.79066 111554
8.79114 111572
8.79162 111590
8.7921 111608
8.79258 111626
8.79306 111644
8.79602 111662
8.7965 111680
8.79698 111698
8.79746 111716
8.79794 111734
8.79842 111752
8.7989 111770
8.79938 111788
8.79986 111806
8.80034 111824
8.80083 111842
8.80131 111860
8.80179 111878
8.80227 111896
8.80275 111914
8.80323 111932
8.80371 111950
8.80419 111968
8.80467 111986
8.80515 112004
8.80563 112022
8.80611 112040
8.80659 112058
8.80707 112076
8.80755 112094
8.80804 112112
8.80852 112130
8.809 112148
8.80948 112166
8.80996 112184
8.81044 112202
8.81092 112220
8.8114 112238
8.81188 112256
8.81236 112274
8.81284 112292
8.81332 112310
8.8138 112328
8.81652 112346
8.817 112364
8.81748 112382
8.81796 112400
8.81844 112418
8.81892 112436
8.8194 112454
8.81988 112472
8.82036 112490
8.82084 112508
8.82132 112526
8.8218 112544
8.82228 112562
8.82277 112580
8.82325 112598
8.82373 112616
8.82421 112634
8.82469 112652
8.82517 112670
8.82565 112688
8.82613 112706
8.82661 112724
8.82709 112742
8.82757 112760
8.82805 112778
8.82853 112796
8.82901 112814
8.82949 112832
8.82998 112850
8.83046 112868
8.83094 112886
8.83142 112904
8.8319 112922
8.83238 112940
8.83286 112958
8.83334 112976
8.83382 112994
8.8343 113012
8.83702 113030
8.8375 113048
8.83798 113066
8.83846 113084
8.83894 113102
8.83942 113120
8.8399 113138
8.84038 113156
8.84086 113174
8.84134 113192
8.84182 113210
8.8423 113228
8.84278 113246
8.84326 113264
8.84374 113282
8.84422 113300
8.84471 113318
8.84519 113336
8.84567 113354
8.84615 113372
8.84663 113390
8.84711 113408
8.84759 113426
8.84807 113444
8.84855 113462
8.84903 113480
8.84951 113498
8.84999 113516
8.85047 113534
8.85095 113552
8.85143 113570
8.85191 113588
8.8524 113606
8.85288 113624
8.85336 113642
8.85384 113660
8.85432 113678
8.8548 113696
8.85528 113714
8.85775 113732
8.85823 113750
8.85871 113768
8.8592 113786
8.85968 113804
8.86016 113822
8.86064 113840
8.86112 113858
8.8616 113876
8.86208 113894
8.86256 113912
8.86304 113930
8.86352 113948
8.864 113966
8.86448 113984
8.86496 114002
8.86544 114020
8.86592 114038
8.8664 114056
8.86689 114074
8.86737 114092
8.86785 114110
8.86833 114128
8.86881 114146
8.86929 114164
8.86977 114182
8.87025 114200
8.87073 114218
8.87121 114236
8.87169 114254
8.87217 114272
8.87265 114290
8.87313 114308
8.87361 114326
8.8741 114344
8.87458 114362
8.87506 114380
8.87554 114398
8.87602 114416
8.87849 114434
8.87897 114452
8.87945 114470
8.87993 114488
8.88041 114506
8.88089 114524
8.88138 114542
8.88186 114560
8.88234 114578
8.88282 114596
8.8833 114614
8.88378 114632
8.88426 114650
8.88474 114668
8.88522 114686
8.8857 114704
8.88618 114722
8.88666 114740
8.88714 114758
8.88762 114776
8.8881 114794
8.88858 114812
8.88907 114830
8.88955 114848
8.89003 114866
8.89051 114884
8.89099 114902
8.89147 114920
8.89195 114938
8.89243 114956
8.89291 114974
8.89339 114992
8.89387 115010
8.89435 115028
8.89483 115046
8.89531 115064
8.89579 115082
8.89628 115100
8.89676 115118
8.89899 115136
8.89947 115154
8.89995 115172
8.90043 115190
8.90091 115208
8.90139 115226
8.90187 115244
8.90235 115262
8.90283 115280
8.90332 115298
8.9038 115316
8.90428 115334
8.90476 115352
8.90524 115370
8.90572 115388
8.9062 115406
8.90668 115424
8.90716 115442
8.90764 115460
8.90812 115478
8.9086 115496
8.90908 115514
8.90956 115532
8.91004 115550
8.91052 115568
8.91101 115586
8.91149 115604
8.91197 115622
8.91245 115640
8.91293 115658
8.91341 115676
8.91389 115694
8.91437 115712
8.91485 115730
8.91533 115748
8.91581 115766
8.91629 115784
8.91677 115802
8.91725 115820
8.91949 115838
8.91997 115856
8.92045 115874
8.92093 115892
8.92141 115910
8.92189 115928
8.92237 115946
8.92285 115964
8.92333 115982
8.92381 116000
8.92429 116018
8.92477 116036
8.92526 116054
8.92574 116072
8.92622 116090
8.9267 116108
8.92718 116126
8.92766 116144
8.92814 116162
8.92862 116180
8.9291 116198
8.92958 116216
8.93006 116234
8.93054 116252
8.93102 116270
8.9315 116288
8.93198 116306
8.93246 116324
8.93295 116342
8.93343 116360
8.93391 116378
8.93439 116396
8.93487 116414
8.93535 116432
8.93583 116450
8.93631 116468
8.93679 116486
8.93727 116503
8.93775 116520
8.93999 116537
8.94047 116554
8.94095 116571
8.94143 116588
8.94191 116605
8.94239 116622
8.94287 116639
8.94335 116656
8.94383 116673
8.94431 116690
8.94479 116707
8.94527 116724
8.94575 116741
8.94623 116758
8.94671 116775
8.94719 116792
8.94768 116809
8.94816 116826
8.94864 116843
8.94912 116860
8.9496 116877
8.95008 116894
8.95056 116911
8.95104 116928
8.95152 116945
8.952 116962
8.95248 116979
8.95296 116996
8.95344 117013
8.95392 117030
8.9544 117047
8.95489 117064
8.95537 117081
8.95585 117098
8.95633 117115
8.95681 117132
8.95729 117149
8.95777 117166
8.95825 117183
8.95873 117200
8.96072 117217
8.9612 117234
8.96168 117251
8.96217 117268
8.96265 117285
8.96313 117302
8.96361 117319
8.96409 117336
8.96457 117353
8.96505 117370
8.96553 117387
8.96601 117404
8.96649 117421
8.96697 117438
8.96745 117455
8.96793 117472
8.96841 117489
8.96889 117506
8.96938 117523
8.96986 117540
8.97034 117557
8.97082 117574
8.9713 117591
8.97178 117608
8.97226 117625
8.97274 117642
8.97322 117659
8.9737 117676
8.97418 117693
8.97466 117710
8.97514 117727
8.97562 117744
8.9761 117761
8.97658 117778
8.97707 117795
8.97755 117812
8.97803 117829
8.97851 117846
8.97899 117863
8.97947 117880
8.98146 117897
8.98194 117914
8.98242 117931
8.9829 117948
8.98338 117965
8.98386 117982
8.98435 117999
8.98483 118016
8.98531 118033
8.98579 118050
8.98627 118067
8.98675 118084
8.98723 118101
8.98771 118118
8.98819 118135
8.98867 118152
8.98915 118169
8.98963 118186
8.99011 118203
8.99059 118220
8.99107 118237
8.99156 118254
8.99204 118271
8.99252 118288
8.993 118305
8.99348 118322
8.99396 118339
8.99444 118356
8.99492 118373
8.9954 118390
8.99588 118407
8.99636 118424
8.99684 118441
8.99732 118458
8.9978 118475
8.99828 118492
8.99876 118509
8.99925 118526
8.99973 118543
9.00021 118560
9.00196 118577
9.00244 118594
9.00292 118611
9.0034 118628
9.00388 118645
9.00436 118662
9.00484 118679
9.00532 118696
9.0058 118713
9.00629 118730
9.00677 118747
9.00725 118764
9.00773 118781
9.00821 118798
9.00869 118815
9.00917 118832
9.00965 118849
9.01013 118866
9.01061 118883
9.01109 118900
9.01157 118917
9.01205 118934
9.01253 118951
9.01301 118968
9.0135 118985
9.01398 119002
9.01446 119019
9.01494 119036
9.01542 119053
9.0159 119070
9.01638 119087
9.01686 119104
9.01734 119121
9.01782 119138
9.0183 119155
9.01878 119172
9.01926 119189
9.01974 119206
9.02022 119223
9.0207 119240
9.02246 119257
9.02294 119274
9.02342 119291
9.0239 119308
9.02438 119325
9.02486 119342
9.02534 119359
9.02582 119376
9.0263 119393
9.02678 119410
9.02726 119427
9.02774 119444
9.02823 119461
9.02871 119478
9.02919 119495
9.02967 119512
9.03015 119529
9.03063 119546
9.03111 119563
9.03159 119580
9.03207 119597
9.03255 119614
9.03303 119631
9.03351 119648
9.03399 119665
9.03447 119682
9.03495 119699
9.03543 119716
9.03592 119733
9.0364 119750
9.03688 119767
9.03736 119784
9.03784 119801
9.03832 119818
9.0388 119835
9.03928 119852
9.03976 119869
9.04024 119886
9.04072 119903
9.0412 119920
9.04168 119937
9.0432 119954
9.04368 119971
9.04416 119988
9.04464 120005
9.04512 120022
9.0456 120039
9.04608 120056
9.04656 120073
9.04704 120090
9.04752 120107
9.048 120124
9.04848 120141
9.04896 120158
9.04944 120175
9.04992 120192
9.05041 120209
9.05089 120226
9.05137 120243
9.05185 120260
9.05233 120277
9.05281 120294
9.05329 120311
9.05377 120328
9.05425 120345
9.05473 120362
9.05521 120379
9.05569 120396
9.05617 120413
9.05665 120430
9.05713 120447
9.05762 120464
9.0581 120481
9.05858 120498
9.05906 120515
9.05954 120532
9.06002 120549
9.0605 120566
9.06098 120583
9.06146 120600
9.06194 120617
9.06242 120634
9.06393 120651
9.06441 120668
9.0649 120685
9.06538 120702
9.06586 120719
9.06634 120736
9.06682 120753
9.0673 120770
9.06778 120787
9.06826 120804
9.06874 120821
9.06922 120838
9.0697 120855
9.07018 120872
9.07066 120889
9.07114 120906
9.07162 120923
9.0721 120940
9.07259 120957
9.07307 120974
9.07355 120991
9.07403 121008
9.07451 121025
9.07499 121042
9.07547 121059
9.07595 121076
9.07643 121093
9.07691 121110
9.07739 121127
9.07787 121144
9.07835 121161
9.07883 121178
9.07931 121195
9.0798 121212
9.08028 121229
9.08076 121246
9.08124 121263
9.08172 121280
9.0822 121297
9.08268 121314
9.08316 121331
9.08443 121348
9.08491 121365
9.08539 121382
9.08587 121399
9.08635 121416
9.08684 121433
9.08732 121450
9.0878 121467
9.08828 121484
9.08876 121501
9.08924 121518
9.08972 121535
9.0902 121552
9.09068 121569
9.09116 121586
9.09164 121603
9.09212 121620
9.0926 121637
9.09308 121654
9.09356 121671
9.09404 121688
9.09453 121705
9.09501 121722
9.09549 121739
9.09597 121756
9.09645 121773
9.09693 121790
9.09741 121807
9.09789 121824
9.09837 121841
9.09885 121858
9.09933 121875
9.09981 121892
9.10029 121909
9.10077 121926
9.10125 121943
9.10174 121960
9.10222 121977
9.1027 121994
9.10318 122011
9.10366 122028
9.10493 122045
9.10541 122062
9.10589 122079
9.10637 122096
9.10685 122113
9.10733 122130
9.10781 122147
9.10829 122164
9.10878 122181
9.10926 122198
9.10974 122215
9.11022 122232
9.1107 122249
9.11118 122266
9.11166 122283
9.11214 122300
9.11262 122317
9.1131 122334
9.11358 122351
9.11406 122368
9.11454 122385
9.11502 122402
9.1155 122419
9.11598 122436
9.11647 122453
9.11695 122470
9.11743 122487
9.11791 122504
9.11839 122521
9.11887 122538
9.11935 122555
9.11983 122572
9.12031 122589
9.12079 122606
9.12127 122623
9.12175 122640
9.12223 122657
9.12271 122674
9.12319 122691
9.12367 122708
9.12416 122725
9.12464 122742
9.12567 122759
9.12615 122776
9.12663 122793
9.12711 122810
9.12759 122827
9.12807 122844
9.12855 122861
9.12903 122878
9.12951 122895
9.12999 122912
9.13047 122929
9.13096 122946
9.13144 122963
9.13192 122980
9.1324 122997
9.13288 123014
9.13336 123031
9.13384 123048
9.13432 123065
9.1348 123082
9.13528 123099
9.13576 123116
9.13624 123133
9.13672 123150
9.1372 123167
9.13768 123184
9.13816 123201
9.13865 123218
9.13913 123235
9.13961 123252
9.14009 123269
9.14057 123286
9.14105 123303
9.14153 123320
9.14201 123337
9.14249 123353
9.14297 123369
9.14345 123385
9.14393 123401
9.14441 123417
9.14489 123433
9.14537 123449
9.14641 123465
9.14689 123481
9.14737 123497
9.14785 123513
9.14833 123529
9.14881 123545
9.14929 123561
9.14977 123577
9.15025 123593
9.15073 123609
9.15121 123625
9.15169 123641
9.15217 123657
9.15265 123673
9.15314 123689
9.15362 123705
9.1541 123721
9.15458 123737
9.15506 123753
9.15554 123769
9.15602 123785
9.1565 123801
9.15698 123817
9.15746 123833
9.15794 123849
9.15842 123865
9.1589 123881
9.15938 123897
9.15986 123913
9.16034 123929
9.16083 123945
9.16131 123961
9.16179 123977
9.16227 123993
9.16275 124009
9.16323 124025
9.16371 124041
9.16419 124057
9.16467 124073
9.16515 124089
9.16563 124105
9.16611 124121
9.1669 124137
9.16738 124153
9.16787 124169
9.16835 124185
9.16883 124201
9.16931 124217
9.16979 124233
9.17027 124249
9.17075 124265
9.17123 124281
9.17171 124297
9.17219 124313
9.17267 124329
9.17315 124345
9.17363 124361
9.17411 124377
9.17459 124393
9.17508 124409
9.17556 124425
9.17604 124441
9.17652 124457
9.177 124473
9.17748 124489
9.17796 124505
9.17844 124521
9.17892 124537
9.1794 124553
9.17988 124569
9.18036 124585
9.18084 124601
9.18132 124617
9.1818 124633
9.18228 124649
9.18277 124665
9.18325 124681
9.18373 124697
9.18421 124713
9.18469 124729
9.18517 124745
9.18565 124761
9.18613 124777
9.18661 124793
9.1874 124809
9.18788 124825
9.18836 124841
9.18884 124857
9.18932 124873
9.18981 124889
9.19029 124905
9.19077 124921
9.19125 124937
9.19173 124953
9.19221 124969
9.19269 124985
9.19317 125001
9.19365 125017
9.19413 125033
9.19461 125049
9.19509 125065
9.19557 125081
9.19605 125097
9.19653 125113
9.19702 125129
9.1975 125145
9.19798 125161
9.19846 125177
9.19894 125193
9.19942 125209
9.1999 125225
9.20038 125241
9.20086 125257
9.20134 125273
9.20182 125289
9.2023 125305
9.20278 125321
9.20326 125337
9.20374 125353
9.20422 125369
9.20471 125385
9.20519 125401
9.20567 125417
9.20615 125433
9.20663 125449
9.20711 125465
9.20759 125481
9.20814 125497
9.20862 125513
9.2091 125529
9.20958 125545
9.21006 125561
9.21054 125577
9.21102 125593
9.2115 125609
9.21199 125625
9.21247 125641
9.21295 125657
9.21343 125673
9.21391 125689
9.21439 125705
9.21487 125721
9.21535 125737
9.21583 125753
9.21631 125769
9.21679 125785
9.21727 125801
9.21775 125817
9.21823 125833
9.21871 125849
9.2192 125865
9.21968 125881
9.22016 125897
9.22064 125913
9.22112 125929
9.2216 125945
9.22208 125961
9.22256 125977
9.22304 125993
9.22352 126009
9.224 126025
9.22448 126041
9.22496 126057
9.22544 126073
9.22592 126089
9.2264 126105
9.22689 126121
9.22737 126137
9.22785 126153
9.22833 126169
9.22888 126185
9.22936 126201
9.22984 126217
9.23032 126233
9.2308 126249
9.23128 126265
9.23176 126281
9.23224 126297
9.23272 126313
9.2332 126329
9.23369 126345
9.23417 126361
9.23465 126377
9.23513 126393
9.23561 126409
9.23609 126425
9.23657 126441
9.23705 126457
9.23753 126473
9.23801 126489
9.23849 126505
9.23897 126521
9.23945 126537
9.23993 126553
9.24041 126569
9.24089 126585
9.24138 126601
9.24186 126617
9.24234 126633
9.24282 126649
9.2433 126665
9.24378 126681
9.24426 126697
9.24474 126713
9.24522 126729
9.2457 126745
9.24618 126761
9.24666 126777
9.24714 126793
9.24762 126809
9.2481 126825
9.24858 126841
9.24907 126857
9.24955 126873
9.25003 126889
9.25051 126905
9.25099 126921
9.25147 126937
9.25195 126953
9.25243 126969
9.25291 126985
9.25339 127001
9.25387 127017
9.25435 127033
9.25483 127049
9.25531 127065
9.25579 127081
9.25628 127097
9.25676 127113
9.25724 127129
9.25772 127145
9.2582 127161
9.25868 127177
9.25916 127193
9.25964 127209
9.26012 127225
9.2606 127241
9.26108 127257
9.26156 127273
9.26204 127289
9.26252 127305
9.263 127321
9.26348 127337
9.26397 127353
9.26445 127369
9.26493 127385
9.26541 127401
9.26589 127417
9.26637 127433
9.26685 127449
9.26733 127465
9.26781 127481
9.26829 127497
9.26877 127513
9.26925 127529
9.26973 127545
9.27021 127561
9.27069 127577
9.27118 127593
9.27166 127609
9.27214 127625
9.27262 127641
9.2731 127657
9.27358 127673
9.27406 127689
9.27454 127705
9.27502 127721
9.2755 127737
9.27598 127753
9.27646 127769
9.27694 127785
9.27742 127801
9.2779 127817
9.27838 127833
9.27887 127849
9.27935 127865
9.27983 127881
9.28031 127897
9.28079 127913
9.28127 127929
9.28175 127945
9.28223 127961
9.28271 127977
9.28319 127993
9.28367 128009
9.28415 128025
9.28463 128041
9.28511 128057
9.28559 128073
9.28607 128089
9.28656 128105
9.28704 128121
9.28752 128137
9.288 128153
9.28848 128169
9.28896 128185
9.28944 128201
9.28992 128217
9.2904 128233
9.29088 128249
9.29136 128265
9.29184 128281
9.29232 128297
9.2928 128313
9.29328 128329
9.29377 128345
9.29425 128361
9.29473 128377
9.29521 128393
9.29569 128409
9.29617 128425
9.29665 128441
9.29713 128457
9.29761 128473
9.29809 128489
9.29857 128505
9.29905 128521
9.29953 128537
9.30001 128553
9.30049 128569
9.30097 128585
9.30146 128601
9.30194 128617
9.30242 128633
9.3029 128649
9.30338 128665
9.30386 128681
9.30434 128697
9.30482 128713
9.3053 128729
9.30578 128745
9.30626 128761
9.30674 128777
9.30722 128793
9.3077 128809
9.30818 128825
9.30866 128841
9.30915 128857
9.30963 128873
9.31011 128889
9.31059 128905
9.31107 128921
9.31155 128937
9.31203 128953
9.31251 128969
9.31299 128985
9.31347 129001
9.31395 129017
9.31443 129033
9.31491 129049
9.31539 129065
9.31587 129081
9.31636 129097
9.31684 129113
9.31732 129129
9.3178 129145
9.31828 129161
9.31876 129177
9.31924 129193
9.31972 129209
9.3202 129225
9.32068 129241
9.32116 129257
9.32164 129273
9.32212 129289
9.3226 129305
9.32308 129321
9.32356 129337
9.32405 129353
9.32453 129369
9.32501 129385
9.32549 129401
9.32597 129417
9.32645 129433
9.32693 129449
9.32741 129465
9.32789 129481
9.32837 129497
9.32885 129513
9.32933 129529
9.32981 129545
9.33029 129561
9.33077 129577
9.33126 129593
9.33174 129609
9.33222 129625
9.3327 129641
9.33318 129657
9.33366 129673
9.33414 129689
9.33462 129705
9.3351 129721
9.33558 129737
9.33606 129753
9.33654 129769
9.33702 129785
9.3375 129801
9.33798 129817
9.33846 129833
9.33895 129849
9.33943 129865
9.33991 129881
9.34039 129897
9.34087 129913
9.34135 129929
9.34183 129945
9.34231 129961
9.34279 129977
9.34327 129993
9.34375 130009
9.34423 130025
9.34471 130041
9.34519 130057
9.34567 130073
9.34615 130089
9.34664 130105
9.34712 130121
9.3476 130137
9.34808 130153
9.34856 130169
9.34904 130185
9.34952 130201
9.35 130217
9.35048 130233
9.35096 130249
9.35144 130265
9.35192 130281
9.3524 130297
9.35288 130313
9.35336 130329
9.35385 130345
9.35433 130361
9.35481 130377
9.35529 130393
9.35577 130409
9.35625 130425
9.35673 130441
9.35721 130457
9.35769 130473
9.35817 130489
9.35865 130505
9.35913 130521
9.35961 130537
9.36009 130553
9.36057 130569
9.36105 130585
9.36154 130601
9.36202 130617
9.3625 130633
9.36298 130649
9.36346 130665
9.36394 130681
9.36442 130697
9.3649 130713
9.36538 130729
9.36586 130745
9.36634 130761
9.36682 130777
9.3673 130793
9.36778 130809
9.36826 130825
9.36874 130841
9.36923 130857
9.36971 130873
9.37019 130889
9.37067 130905
9.37115 130921
9.37163 130937
9.37211 130953
9.37259 130969
9.37307 130985
9.37355 131001
9.37403 131017
9.37451 131033
9.37499 131049
9.37547 131064
9.37595 131079
9.37644 131094
9.37692 131109
9.3774 131124
9.37788 131139
9.37836 131154
9.37884 131169
9.37932 131184
9.3798 131199
9.38028 131214
9.38076 131229
9.38124 131244
9.38172 131259
9.3822 131274
9.38268 131289
9.38316 131304
9.38364 131319
9.38413 131334
9.38461 131349
9.38509 131364
9.38557 131379
9.38605 131394
9.38653 131409
9.38701 131424
9.38749 131439
9.38797 131454
9.38845 131469
9.38893 131484
9.38941 131499
9.38989 131514
9.39037 131529
9.39085 131544
9.39134 131559
9.39182 131574
9.3923 131589
9.39278 131604
9.39326 131619
9.39374 131634
9.39422 131649
9.3947 131664
9.39518 131679
9.39566 131694
9.39614 131709
9.39662 131724
9.3971 131739
9.39758 131754
9.39806 131769
9.39854 131784
9.39903 131799
9.39951 131814
9.39999 131829
9.40047 131844
9.40095 131859
9.40143 131874
9.40191 131889
9.40239 131904
9.40287 131919
9.40335 131934
9.40383 131949
9.40431 131964
9.40479 131979
9.40527 131994
9.40575 132009
9.40623 132024
9.40672 132039
9.4072 132054
9.40768 132069
9.40816 132084
9.40864 132099
9.40912 132114
9.4096 132129
9.41008 132144
9.41056 132159
9.41104 132174
9.41152 132189
9.412 132204
9.41248 132219
9.41296 132234
9.41344 132249
9.41393 132264
9.41441 132279
9.41489 132294
9.41537 132309
9.41585 132324
9.41633 132339
9.41681 132354
9.41729 132369
9.41777 132384
9.41825 132399
9.41873 132414
9.41921 132429
9.41969 132444
9.42017 132459
9.42065 132474
9.42113 132489
9.42162 132504
9.4221 132519
9.42258 132534
9.42306 132549
9.42354 132564
9.42402 132579
9.4245 132594
9.42498 132609
9.42546 132624
9.42594 132639
9.42642 132654
9.4269 132669
9.42738 132684
9.42786 132699
9.42834 132714
9.42882 132729
9.42931 132744
9.42979 132759
9.43027 132774
9.43075 132789
9.43123 132804
9.43171 132819
9.43219 132834
9.43267 132849
9.43315 132864
9.43363 132879
9.43411 132894
9.43459 132909
9.43507 132924
9.43555 132939
9.43603 132954
9.43652 132969
9.437 132984
9.43748 132999
9.43796 133014
9.43844 133029
9.43892 133044
9.4394 133059
9.43988 133074
9.44036 133089
9.44084 133104
9.44132 133119
9.4418 133134
9.44228 133149
9.44276 133164
9.44324 133179
9.44372 133194
9.44421 133209
9.44469 133224
9.44517 133239
9.44565 133254
9.44613 133269
9.44661 133284
9.44709 133299
9.44757 133314
9.44805 133329
9.44853 133344
9.44901 133359
9.44949 133374
9.44997 133389
9.45045 133404
9.45093 133419
9.45142 133434
9.4519 133449
9.45238 133464
9.45286 133479
9.45334 133494
9.45382 133509
9.4543 133524
9.45478 133539
9.45526 133554
9.45574 133569
9.45622 133584
9.4567 133599
9.45718 133614
9.45766 133629
9.45814 133644
9.45862 133659
9.45911 133674
9.45959 133689
9.46007 133704
9.46055 133719
9.46103 133734
9.46151 133749
9.46199 133764
9.46247 133779
9.46295 133794
9.46343 133809
9.46391 133824
9.46439 133839
9.46487 133854
9.46535 133869
9.46583 133884
9.46631 133899
9.4668 133914
9.46728 133929
9.46776 133944
9.46824 133959
9.46872 133974
9.4692 133989
9.46968 134004
9.47016 134019
9.47064 134034
9.47112 134049
9.4716 134064
9.47208 134079
9.47256 134094
9.47304 134109
9.47352 134124
9.47401 134139
9.47449 134154
9.47497 134169
9.47545 134184
9.47593 134199
9.47641 134214
9.47689 134229
9.47737 134244
9.47785 134259
9.47833 134274
9.47881 134289
9.47929 134304
9.47977 134319
9.48025 134334
9.48073 134349
9.48121 134364
9.4817 134379
9.48218 134394
9.48266 134409
9.48314 134424
9.48362 134439
9.4841 134454
9.48458 134469
9.48506 134484
9.48554 134499
9.48602 134514
9.4865 134529
9.48698 134544
9.48746 134559
9.48794 134574
9.48842 134589
9.4889 134604
9.48939 134619
9.48987 134634
9.49035 134649
9.49083 134664
9.49131 134679
9.49179 134694
9.49227 134709
9.49275 134724
9.49323 134739
9.49371 134754
9.49419 134769
9.49467 134784
9.49515 134799
9.49563 134814
9.49611 134829
9.4966 134844
9.49708 134859
9.49756 134874
9.49804 134889
9.49852 134904
9.499 134919
9.49948 134934
9.49996 134949
9.50044 134964
9.50092 134979
9.5014 134994
9.50188 135009
9.50236 135024
9.50284 135039
9.50332 135054
9.5038 135069
9.50429 135084
9.50477 135099
9.50525 135114
9.50573 135129
9.50621 135144
9.50669 135159
9.50717 135174
9.50765 135189
9.50813 135204
9.50861 135219
9.50909 135234
9.50957 135249
9.51005 135264
9.51053 135279
9.51101 135294
9.5115 135309
9.51198 135324
9.51246 135339
9.51294 135354
9.51342 135369
9.5139 135384
9.51438 135399
9.51486 135414
9.51534 135429
9.51582 135444
9.5163 135459
9.51678 135474
9.51726 135489
9.51774 135504
9.51822 135519
9.5187 135534
9.51919 135549
9.51967 135564
9.52015 135579
9.52063 135594
9.52111 135609
9.52159 135624
9.52207 135639
9.52255 135654
9.52303 135669
9.52351 135684
9.52399 135699
9.52447 135714
9.52495 135729
9.52543 135744
9.52591 135759
9.52639 135774
9.52688 135789
9.52736 135804
9.52784 135819
9.52832 135834
9.5288 135849
9.52928 135864
9.52976 135879
9.53024 135894
9.53072 135909
9.5312 135924
9.53168 135939
9.53216 135954
9.53264 135969
9.53312 135984
9.5336 135999
9.53409 136014
9.53457 136029
9.53505 136044
9.53553 136059
9.53601 136074
9.53649 136089
9.53697 136104
9.53745 136119
9.53793 136134
9.53841 136149
9.53889 136164
9.53937 136179
9.53985 136194
9.54033 136209
9.54081 136224
9.54129 136239
9.54178 136254
9.54226 136269
9.54274 136284
9.54322 136299
9.5437 136314
9.54418 136329
9.54466 136344
9.54514 136359
9.54562 136374
9.5461 136389
9.54658 136404
9.54706 136419
9.54754 136434
9.54802 136449
9.5485 136464
9.54898 136479
9.54947 136494
9.54995 136509
9.55043 136524
9.55091 136539
9.55139 136554
9.55187 136569
9.55235 136584
9.55283 136599
9.55331 136614
9.55379 136629
9.55427 136644
9.55475 136659
9.55523 136674
9.55571 136689
9.55619 136704
9.55668 136719
9.55716 136734
9.55764 136749
9.55812 136764
9.5586 136779
9.55908 136794
9.55956 136809
9.56004 136824
9.56052 136839
9.561 136854
9.56148 136869
9.56196 136884
9.56244 136899
9.56292 136914
9.5634 136929
9.56388 136944
9.56437 136959
9.56485 136974
9.56533 136989
9.56581 137004
9.56629 137019
9.56677 137034
9.56725 137049
9.56773 137064
9.56821 137079
9.56869 137094
9.56917 137109
9.56965 137124
9.57013 137139
9.57061 137154
9.57109 137169
9.57158 137184
9.57206 137199
9.57254 137214
9.57302 137229
9.5735 137244
9.57398 137259
9.57446 137274
9.57494 137289
9.57542 137304
9.5759 137319
9.57638 137334
9.57686 137349
9.57734 137364
9.57782 137379
9.5783 137394
9.57878 137409
9.57927 137424
9.57975 137439
9.58023 137454
9.58071 137469
9.58119 137484
9.58167 137499
9.58215 137514
9.58263 137529
9.58311 137544
9.58359 137559
9.58407 137574
9.58455 137589
9.58503 137604
9.58551 137619
9.58599 137634
9.58647 137649
9.58696 137664
9.58744 137679
9.58792 137694
9.5884 137709
9.58888 137724
9.58936 137739
9.58984 137754
9.59032 137769
9.5908 137784
9.59128 137799
9.59176 137814
9.59224 137829
9.59272 137844
9.5932 137859
9.59368 137874
9.59417 137889
9.59465 137904
9.59513 137919
9.59561 137934
9.59609 137949
9.59657 137964
9.59705 137979
9.59753 137994
9.59801 138009
9.59849 138024
9.59897 138039
9.59945 138054
9.59993 138069
9.60041 138084
9.60089 138099
9.60137 138114
9.60186 138129
9.60234 138144
9.60282 138159
9.6033 138174
9.60378 138189
9.60426 138204
9.60474 138219
9.60522 138234
9.6057 138249
9.60618 138264
9.60666 138279
9.60714 138294
9.60762 138309
9.6081 138324
9.60858 138339
9.60906 138354
9.60955 138369
9.61003 138384
9.61051 138399
9.61099 138414
9.61147 138429
9.61195 138444
9.61243 138459
9.61291 138474
9.61339 138489
9.61387 138504
9.61435 138519
9.61483 138534
9.61531 138549
9.61579 138564
9.61627 138579
9.61676 138594
9.61724 138609
9.61772 138624
9.6182 138639
9.61868 138654
9.61916 138669
9.61964 138684
9.62012 138699
9.6206 138714
9.62108 138729
9.62156 138744
9.62204 138759
9.62252 138774
9.623 138789
9.62348 138804
9.62396 138819
9.62445 138834
9.62493 138849
9.62541 138864
9.62589 138879
9.62637 138894
9.62685 138909
9.62733 138924
9.62781 138939
9.62829 138954
9.62877 138969
9.62925 138984
9.62973 138999
9.63021 139014
9.63069 139029
9.63117 139044
9.63166 139059
9.63214 139074
9.63262 139089
9.6331 139104
9.63358 139119
9.63406 139134
9.63454 139149
9.63502 139164
9.6355 139179
9.63598 139194
9.63646 139209
9.63694 139224
9.63742 139239
9.6379 139254
9.63838 139269
9.63886 139284
9.63935 139299
9.63983 139314
9.64031 139329
9.64079 139344
9.64127 139359
9.64175 139374
9.64223 139389
9.64271 139404
9.64319 139419
9.64367 139434
9.64415 139449
9.64463 139464
9.64511 139479
9.64559 139494
9.64607 139509
9.64655 139524
9.64704 139539
9.64752 139554
9.648 139569
9.64848 139584
9.64896 139599
9.64944 139614
9.64992 139629
9.6504 139644
9.65088 139659
9.65136 139674
9.65184 139689
9.65232 139704
9.6528 139719
9.65328 139734
9.65376 139749
9.65425 139764
9.65473 139779
9.65521 139794
9.65569 139808
9.65617 139822
9.65665 139836
9.65713 139850
9.65761 139864
9.65809 139878
9.65857 139892
9.65905 139906
9.65953 139920
9.66001 139934
9.66049 139948
9.66097 139962
9.66145 139976
9.66194 139990
9.66242 140004
9.6629 140018
9.66338 140032
9.66386 140046
9.66434 140060
9.66482 140074
9.6653 140088
9.66578 140102
9.66626 140116
9.66674 140130
9.66722 140144
9.6677 140158
9.66818 140172
9.66866 140186
9.66914 140200
9.66963 140214
9.67011 140228
9.67059 140242
9.67107 140256
9.67155 140270
9.67203 140284
9.67251 140298
9.67299 140312
9.67347 140326
9.67395 140340
9.67443 140354
9.67491 140368
9.67539 140382
9.67587 140396
9.67635 140410
9.67684 140424
9.67732 140438
9.6778 140452
9.67828 140466
9.67876 140480
9.67924 140494
9.67972 140508
9.6802 140522
9.68068 140536
9.68116 140550
9.68164 140564
9.68212 140578
9.6826 140592
9.68308 140606
9.68356 140620
9.68404 140634
9.68453 140648
9.68501 140662
9.68549 140676
9.68597 140690
9.68645 140704
9.68693 140718
9.68741 140732
9.68789 140746
9.68837 140760
9.68885 140774
9.68933 140788
9.68981 140802
9.69029 140816
9.69077 140830
9.69125 140844
9.69174 140858
9.69222 140872
9.6927 140886
9.69318 140900
9.69366 140914
9.69414 140928
9.69462 140942
9.6951 140956
9.69558 140970
9.69606 140984
9.69654 140998
9.69702 141012
9.6975 141026
9.69798 141040
9.69846 141054
9.69894 141068
9.69943 141082
9.69991 141096
9.70039 141110
9.70087 141124
9.70135 141138
9.70183 141152
9.70231 141166
9.70279 141180
9.70327 141194
9.70375 141208
9.70423 141222
9.70471 141236
9.70519 141250
9.70567 141264
9.70615 141278
9.70663 141292
9.70712 141306
9.7076 141320
9.70808 141334
9.70856 141348
9.70904 141362
9.70904 92160
9.70952 92182
9.70952 92160
9.71 92182
9.71 92160
9.71048 92182
9.71048 92160
9.71096 92182
9.71096 92160
9.71144 92182
9.71144 92160
9.71192 92182
9.71192 92160
9.7124 92182
9.7124 92160
9.71288 92182
9.71288 92160
9.71336 92182
9.71336 92160
9.71384 92182
9.71384 92160
9.71433 92182
9.71433 92160
9.71481 92182
9.71481 92160
9.71529 92182
9.71529 92160
9.71577 92182
9.71577 92160
9.71625 92182
9.71625 92160
9.71673 92182
9.71673 92160
9.71721 92182
9.71721 92160
9.71769 92182
9.71769 92160
9.71817 92182
9.71817 92160
9.71865 92182
9.71865 92160
9.71913 92182
9.71913 92160
9.71961 92182
9.71961 92160
9.72009 92182
9.72009 92160
9.72057 92182
9.72057 92160
9.72105 92182
9.72105 92160
9.72153 92182
9.72153 92160
9.72202 92182
9.72202 92160
9.7225 92182
9.7225 92160
9.72298 92182
9.72298 92160
9.72346 92182
9.72346 92160
9.72394 92182
9.72394 92160
9.72442 92182
9.72442 92160
9.7249 92182
9.7249 92160
9.72538 92182
9.72538 92160
9.72586 92182
9.72586 92160
9.72634 92182
9.72634 92160
9.72682 92182
9.72682 92160
9.7273 92182
9.7273 92160
9.72778 92182
9.72778 92160
9.72826 92182
9.72826 92160
9.72874 92182
9.72874 92160
9.72922 92182
9.72922 92160
9.72971 92182
9.72971 92160
9.73019 92182
9.73019 92160
9.73067 92182
9.73067 92160
9.73115 92182
9.73115 92160
9.73163 92182
9.73163 92160
9.73771 92182
9.73819 92204
9.73867 92226
9.73915 92248
9.73963 92270
9.74011 92292
9.74059 92314
9.74107 92336
9.74155 92358
9.74203 92380
9.74251 92402
9.74299 92424
9.74347 92446
9.74396 92468
9.74444 92490
9.74492 92512
9.7454 92534
9.74588 92556
9.74636 92578
9.74684 92600
9.74732 92622
9.7478 92644
9.74828 92666
9.74876 92688
9.74924 92710
9.74972 92732
9.7502 92754
9.75068 92776
9.75116 92798
9.75165 92820
9.75213 92842
9.7582 92864
9.75869 92886
9.75917 92908
9.75965 92930
9.76013 92952
9.76061 92974
9.76109 92996
9.76157 93018
9.76205 93040
9.76253 93062
9.76301 93084
9.76349 93106
9.76397 93128
9.76445 93150
9.76493 93172
9.76541 93194
9.7659 93216
9.76638 93238
9.76686 93260
9.76734 93282
9.76782 93304
9.7683 93326
9.76878 93348
9.76926 93370
9.76974 93392
9.77022 93414
9.7707 93436
9.77118 93458
9.77166 93480
9.77214 93502
9.77262 93524
9.7731 93546
9.77894 93568
9.77942 93590
9.7799 93612
9.78038 93634
9.78087 93656
9.78135 93678
9.78183 93700
9.78231 93722
9.78279 93744
9.78327 93766
9.78375 93788
9.78423 93810
9.78471 93832
9.78519 93854
9.78567 93876
9.78615 93898
9.78663 93920
9.78711 93942
9.78759 93964
9.78808 93986
9.78856 94008
9.78904 94030
9.78952 94052
9.79 94074
9.79048 94096
9.79096 94118
9.79144 94140
9.79192 94162
9.7924 94184
9.79288 94206
9.79336 94228
9.79384 94250
9.79968 94272
9.80016 94294
9.80064 94316
9.80112 94338
9.8016 94360
9.80208 94382
9.80257 94404
9.80305 94426
9.80353 94448
9.80401 94470
9.80449 94492
9.80497 94514
9.80545 94536
9.80593 94558
9.80641 94580
9.80689 94602
9.80737 94624
9.80785 94646
9.80833 94668
9.80881 94690
9.80929 94712
9.80977 94734
9.81026 94756
9.81074 94778
9.81122 94800
9.8117 94822
9.81218 94844
9.81266 94866
9.81314 94888
9.81362 94910
9.8141 94932
9.81458 94954
9.82018 94976
9.82066 94998
9.82114 95020
9.82162 95042
9.8221 95064
9.82258 95086
9.82306 95108
9.82354 95130
9.82402 95152
9.8245 95174
9.82499 95196
9.82547 95218
9.82595 95240
9.82643 95262
9.82691 95284
9.82739 95306
9.82787 95327
9.82835 95348
9.82883 95369
9.82931 95390
9.82979 95411
9.83027 95432
9.83075 95453
9.83123 95474
9.83171 95495
9.8322 95516
9.83268 95537
9.83316 95558
9.83364 95579
9.83412 95600
9.8346 95621
9.83508 95642
9.84068 95663
9.84116 95684
9.84164 95705
9.84212 95726
9.8426 95747
9.84308 95768
9.84356 95789
9.84404 95810
9.84452 95831
9.845 95852
9.84548 95873
9.84596 95894
9.84644 95915
9.84693 95936
9.84741 95957
9.84789 95978
9.84837 95999
9.84885 96020
9.84933 96041
9.84981 96062
9.85029 96083
9.85077 96104
9.85125 96125
9.85173 96146
9.85221 96167
9.85269 96188
9.85317 96209
9.85365 96230
9.85414 96251
9.85462 96272
9.8551 96293
9.85558 96314
9.85606 96335
9.86142 96356
9.8619 96377
9.86238 96398
9.86286 96419
9.86334 96440
9.86382 96461
9.8643 96482
9.86478 96503
9.86526 96524
9.86574 96545
9.86622 96566
9.8667 96587
9.86718 96608
9.86766 96629
9.86814 96650
9.86862 96671
9.86911 96692
9.86959 96713
9.87007 96734
9.87055 96755
9.87103 96776
9.87151 96797
9.87199 96818
9.87247 96839
9.87295 96860
9.87343 96881
9.87391 96902
9.87439 96923
9.87487 96944
9.87535 96965
9.87583 96986
9.87632 97007
9.8768 97028
9.88215 97049
9.88263 97070
9.88311 97091
9.8836 97112
9.88408 97133
9.88456 97154
9.88504 97175
9.88552 97196
9.886 97217
9.88648 97238
9.88696 97259
9.88744 97280
9.88792 97301
9.8884 97322
9.88888 97343
9.88936 97364
9.88984 97385
9.89032 97406
9.89081 97427
9.89129 97448
9.89177 97469
9.89225 97490
9.89273 97511
9.89321 97532
9.89369 97553
9.89417 97574
9.89465 97595
9.89513 97616
9.89561 97637
9.89609 97658
9.89657 97679
9.89705 97700
9.89753 97721
9.90265 97742
9.90313 97763
9.90361 97784
9.90409 97805
9.90457 97826
9.90505 97847
9.90554 97868
9.90602 97889
9.9065 97910
9.90698 97931
9.90746 97952
9.90794 97973
9.90842 97994
9.9089 98015
9.90938 98036
9.90986 98057
9.91034 98078
9.91082 98099
9.9113 98120
9.91178 98141
9.91226 98162
9.91274 98183
9.91323 98204
9.91371 98225
9.91419 98246
9.91467 98267
9.91515 98288
9.91563 98309
9.91611 98330
9.91659 98351
9.91707 98372
9.91755 98393
9.91803 98414
9.92315 98435
9.92363 98456
9.92411 98477
9.92459 98498
9.92507 98519
9.92555 98540
9.92603 98561
9.92651 98582
9.92699 98603
9.92748 98624
9.92796 98645
9.92844 98666
9.92892 98687
9.9294 98708
9.92988 98729
9.93036 98750
9.93084 98771
9.93132 98792
9.9318 98813
9.93228 98834
9.93276 98855
9.93324 98876
9.93372 98897
9.9342 98918
9.93468 98939
9.93517 98960
9.93565 98981
9.93613 99002
9.93661 99023
9.93709 99044
9.93757 99065
9.93805 99086
9.93853 99107
9.94365 99128
9.94413 99149
9.94461 99170
9.94509 99191
9.94557 99212
9.94605 99233
9.94653 99254
9.94701 99275
9.94749 99296
9.94797 99317
9.94845 99338
9.94893 99359
9.94942 99380
9.9499 99401
9.95038 99422
9.95086 99443
9.95134 99464
9.95182 99485
9.9523 99506
9.95278 99527
9.95326 99548
9.95374 99569
9.95422 99590
9.9547 99611
9.95518 99632
9.95566 99653
9.95614 99674
9.95662 99695
9.95711 99716
9.95759 99737
9.95807 99758
9.95855 99779
9.95903 99800
9.95951 99821
9.96439 99842
9.96487 99863
9.96535 99883
9.96583 99903
9.96631 99923
9.96679 99943
9.96727 99963
9.96775 99983
9.96823 100003
9.96871 100023
9.96919 100043
9.96967 100063
9.97015 100083
9.97063 100103
9.97111 100123
9.9716 100143
9.97208 100163
9.97256 100183
9.97304 100203
9.97352 100223
9.974 100243
9.97448 100263
9.97496 100283
9.97544 100303
9.97592 100323
9.9764 100343
9.97688 100363
9.97736 100383
9.97784 100403
9.97832 100423
9.9788 100443
9.97929 100463
9.97977 100483
9.98025 100503
9.98512 100523
9.9856 100543
9.98609 100563
9.98657 100583
9.98705 100603
9.98753 100623
9.98801 100643
9.98849 100663
9.98897 100683
9.98945 100703
9.98993 100723
9.99041 100743
9.99089 100763
9.99137 100783
9.99185 100803
9.99233 100823
9.99281 100843
9.99329 100863
9.99378 100883
9.99426 100903
9.99474 100923
9.99522 100943
9.9957 100963
9.99618 100983
9.99666 101003
9.99714 101023
9.99762 101043
9.9981 101063
9.99858 101083
9.99906 101103
9.99954 101123
10 101143
10.0005 101163
10.001 101183
10.0056 101203
10.0061 101223
10.0066 101243
10.0071 101263
10.0075 101283
10.008 101303
10.0085 101323
10.009 101343
10.0095 101363
10.0099 101383
10.0104 101403
10.0109 101423
10.0114 101443
10.0119 101463
10.0124 101483
10.0128 101503
10.0133 101523
10.0138 101543
10.0143 101563
10.0148 101583
10.0152 101603
10.0157 101623
10.0162 101643
10.0167 101663
10.0172 101683
10.0176 101703
10.0181 101723
10.0186 101743
10.0191 101763
10.0196 101783
10.02 101803
10.0205 101823
10.021 101843
10.0215 101863
10.0261 101883
10.0266 101903
10.0271 101923
10.0276 101943
10.028 101963
10.0285 101983
10.029 102003
10.0295 102023
10.03 102043
10.0304 102063
10.0309 102083
10.0314 102103
10.0319 102123
10.0324 102143
10.0328 102163
10.0333 102183
10.0338 102203
10.0343 102223
10.0348 102243
10.0353 102263
10.0357 102283
10.0362 102303
10.0367 102323
10.0372 102343
10.0377 102363
10.0381 102383
10.0386 102403
10.0391 102423
10.0396 102443
10.0401 102463
10.0405 102483
10.0415 102503
10.0425 102523
10.043 102543
10.0434 102563
10.0469 102583
10.0473 102603
10.0478 102623
10.0483 102643
10.0488 102663
10.0493 102683
10.0497 102703
10.0502 102723
10.0507 102743
10.0512 102763
10.0517 102783
10.0521 102803
10.0526 102823
10.0531 102843
10.0536 102863
10.0541 102883
10.0545 102903
10.055 102923
10.0555 102943
10.056 102963
10.0565 102983
10.057 103003
10.0574 103023
10.0579 103043
10.0584 103063
10.0589 103083
10.0594 103103
10.0598 103123
10.0603 103143
10.0608 103163
10.0615 103183
10.0625 103203
10.0634 103223
10.0639 103243
10.0644 103263
10.0676 103283
10.0681 103303
10.0686 103323
10.069 103343
10.0695 103363
10.07 103383
10.0705 103403
10.071 103423
10.0714 103443
10.0719 103463
10.0724 103483
10.0729 103503
10.0734 103523
10.0738 103543
10.0743 103563
10.0748 103583
10.0753 103603
10.0758 103623
10.0762 103643
10.0767 103663
10.0772 103683
10.0777 103703
10.0782 103723
10.0787 103743
10.0791 103763
10.0796 103783
10.0801 103803
10.0806 103823
10.0811 103843
10.0815 103863
10.0823 103883
10.0835 103903
10.0849 103923
10.0856 103943
10.0861 103963
10.0881 103983
10.0886 104003
10.0891 104023
10.0895 104043
10.09 104063
10.0905 104083
10.091 104103
10.0915 104123
10.0919 104143
10.0924 104163
10.0929 104183
10.0934 104203
10.0939 104223
10.0943 104243
10.0948 104263
10.0953 104283
10.0958 104303
10.0963 104323
10.0967 104343
10.0972 104363
10.0977 104383
10.0982 104403
10.0987 104423
10.0991 104443
10.0996 104463
10.1001 104483
10.1006 104503
10.1011 104523
10.1016 104543
10.102 104563
10.1028 104583
10.1042 104603
10.1059 104623
10.1071 104643
10.1076 104663
10.1086 104683
10.1091 104703
10.1096 104723
10.11 104743
10.1105 104763
10.111 104783
10.1115 104803
10.112 104823
10.1124 104843
10.1129 104862
10.1134 104881
10.1139 104900
10.1144 104919
10.1148 104938
10.1153 104957
10.1158 104976
10.1163 104995
10.1168 105014
10.1172 105033
10.1177 105052
10.1182 105071
10.1187 105090
10.1192 105109
10.1196 105128
10.1201 105147
10.1206 105166
10.1211 105185
10.1216 105204
10.122 105223
10.1225 105242
10.123 105261
10.1237 105280
10.1254 105299
10.1276 105318
10.1293 105337
10.1297 105356
10.1302 105375
10.1307 105394
10.1312 105413
10.1317 105432
10.1321 105451
10.1326 105470
10.1331 105489
10.1336 105508
10.1341 105527
10.1345 105546
10.135 105565
10.1355 105584
10.136 105603
10.1365 105622
10.1369 105641
10.1374 105660
10.1379 105679
10.1384 105698
10.1389 105717
10.1394 105736
10.1398 105755
10.1403 105774
10.1408 105793
10.1413 105812
10.1418 105831
10.1422 105850
10.1427 105869
10.1432 105888
10.1437 105907
10.1442 105926
10.1446 105945
10.1456 105964
10.1478 105983
10.1504 106002
10.1526 106021
10.1535 106040
10.154 106059
10.1545 106078
10.155 106097
10.1555 106116
10.1559 106135
10.1564 106154
10.1569 106173
10.1574 106192
10.1579 106211
10.1583 106230
10.1588 106249
10.1593 106268
10.1598 106287
10.1603 106306
10.1607 106325
10.1612 106344
10.1617 106363
10.1622 106382
10.1627 106401
10.1631 106420
10.1636 106439
10.1641 106458
10.1646 106477
10.1651 106496
10.1655 106515
10.166 106534
10.1665 106553
10.167 106572
10.1675 106591
10.168 106610
10.1687 106629
10.1696 106648
10.172 106667
10.1752 106686
10.1778 106705
10.1792 106724
10.1802 106743
10.1812 106762
10.1821 106781
10.1829 106800
10.1833 106819
10.1838 106838
10.1843 106857
10.1848 106876
10.1853 106895
10.1857 106914
10.1862 106933
10.1867 106952
10.1872 106971
10.1877 106990
10.1881 107009
10.1886 107028
10.1891 107047
10.1896 107066
10.1901 107085
10.1905 107104
10.191 107123
10.1915 107142
10.192 107161
10.1925 107180
10.1929 107199
10.1934 107218
10.1939 107237
10.1944 107256
10.1949 107275
10.1953 107294
10.1958 107313
10.197 107332
10.1997 107351
10.2033 107370
10.2064 107389
10.2083 107408
10.2098 107427
10.2112 107446
10.2127 107465
10.2139 107484
10.2148 107503
10.2158 107522
10.2167 107541
10.2172 107560
10.2177 107579
10.2182 107598
10.2187 107617
10.2191 107636
10.2196 107655
10.2201 107674
10.2206 107693
10.2211 107712
10.2215 107731
10.222 107750
10.2225 107769
10.223 107788
10.2235 107807
10.2239 107826
10.2244 107845
10.2249 107864
10.2254 107883
10.2259 107902
10.2263 107921
10.2268 107940
10.2273 107959
10.2278 107978
10.2283 107997
10.2288 108016
10.23 108035
10.2331 108054
10.2372 108073
10.2408 108092
10.2432 108111
10.2451 108130
10.247 108149
10.2489 108168
10.2506 108187
10.2521 108206
10.2535 108225
10.2549 108244
10.2559 108263
10.2569 108282
10.2578 108301
10.2588 108320
10.2593 108339
10.2598 108358
10.2602 108377
10.2607 108396
10.2612 108415
10.2617 108434
10.2622 108453
10.2626 108472
10.2631 108491
10.2636 108510
10.2641 108529
10.2646 108548
10.265 108567
10.2655 108586
10.266 108605
10.2665 108624
10.267 108643
10.2674 108662
10.2679 108681
10.2684 108700
10.2691 108719
10.2706 108738
10.2742 108757
10.2787 108776
10.2828 108795
10.2857 108814
10.2881 108833
10.2905 108852
10.2929 108871
10.2951 108890
10.297 108909
10.2989 108928
10.3008 108947
10.3023 108966
10.3037 108985
10.3052 109004
10.3066 109023
10.3076 109042
10.3085 109061
10.3095 109080
10.3105 109099
10.3114 109118
10.3124 109137
10.3133 109156
10.3143 109175
10.3148 109194
10.3153 109213
10.3157 109232
10.3162 109251
10.3167 109270
10.3172 109289
10.3177 109308
10.3182 109327
10.3186 109346
10.3191 109365
10.3196 109384
10.3201 109403
10.3206 109422
10.3222 109441
10.3263 109460
10.3314 109479
10.3359 109498
10.3393 109517
10.3422 109536
10.3451 109555
10.348 109574
10.3506 109593
10.353 109612
10.3554 109631
10.3578 109650
10.3597 109669
10.3616 109688
10.3636 109707
10.3655 109726
10.3669 109745
10.3684 109764
10.3698 109783
10.3713 109802
10.3727 109821
10.3741 109840
10.3756 109859
10.377 109878
10.378 109897
10.379 109916
10.3799 109935
10.3809 109954
10.3818 109973
10.3828 109992
10.3838 110011
10.3847 110030
10.3857 110049
10.3866 110068
10.3876 110087
10.3883 110106
10.3888 110125
10.3907 110144
10.3953 110163
10.4008 110182
10.4059 110201
10.4097 110220
10.4131 110239
10.4164 110258
10.4198 110277
10.4229 110296
10.4258 110315
10.4287 110334
10.4316 110353
10.434 110371
10.4364 110389
10.4388 110407
10.4412 110425
10.4431 110443
10.445 110461
10.447 110479
10.4489 110497
10.4508 110515
10.4527 110533
10.4547 110551
10.4566 110569
10.458 110587
10.4595 110605
10.4609 110623
10.4623 110641
10.4638 110659
10.4652 110677
10.4667 110695
10.4681 110713
10.4696 110731
10.4705 110749
10.4717 110767
10.4732 110785
10.4744 110803
10.4753 110821
10.4777 110839
10.4828 110857
10.4888 110875
10.4943 110893
10.4986 110911
10.5025 110929
10.5063 110947
10.5102 110965
10.5138 110983
10.5171 111001
10.5205 111019
10.5239 111037
10.5267 111055
10.5296 111073
10.5325 111091
10.5354 111109
10.5378 111127
10.5402 111145
10.5426 111163
10.545 111181
10.5474 111199
10.5498 111217
10.5522 111235
10.5546 111253
10.5565 111271
10.5585 111289
10.5604 111307
10.5623 111325
10.5642 111343
10.5662 111361
10.5681 111379
10.57 111397
10.5719 111415
10.5734 111433
10.5751 111451
10.577 111469
10.5787 111487
10.5801 111505
10.583 111523
10.5885 111541
10.595 111559
10.601 111577
10.6058 111595
10.6101 111613
10.6145 111631
10.6188 111649
10.6229 111667
10.6267 111685
10.6306 111703
10.6344 111721
10.6378 111739
10.6411 111757
10.6445 111775
10.6479 111793
10.6508 111811
10.6536 111829
10.6565 111847
10.6594 111865
10.6623 111883
10.6652 111901
10.6681 111919
10.6709 111937
10.6733 111955
10.6757 111973
10.6782 111991
10.6806 112009
10.683 112027
10.6854 112045
10.6878 112063
10.6902 112081
10.6926 112099
10.6945 112117
10.6967 112135
10.6991 112153
10.7012 112171
10.7031 112189
10.7063 112207
10.7123 112225
10.7123 55296
10.7192 55333
10.7192 55296
10.7257 55333
10.7257 55296
10.731 55333
10.731 55296
10.7358 55333
10.7358 55296
10.7406 55333
10.7406 55296
10.7452 55333
10.7452 55296
10.7493 55333
10.7493 55296
10.7531 55333
10.7531 55296
10.757 55333
10.757 55296
10.7608 55333
10.7608 55296
10.7642 55333
10.7642 55296
10.7675 55333
10.7675 55296
10.7709 55333
10.7709 55296
10.7743 55333
10.7743 55296
10.7772 55333
10.7772 55296
10.78 55333
10.78 55296
10.7829 55333
10.7829 55296
10.7858 55333
10.7858 55296
10.7887 55333
10.7887 55296
10.7916 55333
10.7916 55296
10.7945 55333
10.7945 55296
10.7973 55333
10.7973 55296
10.7998 55333
10.7998 55296
10.8022 55333
10.8022 55296
10.8046 55333
10.8046 55296
10.807 55333
10.807 55296
10.8094 55333
10.8094 55296
10.8118 55333
10.8118 55296
10.8142 55333
10.8142 55296
10.8166 55333
10.8166 55296
10.819 55333
10.819 55296
10.8209 55333
10.8209 55296
10.8231 55333
10.8231 55296
10.8255 55333
10.8255 55296
10.8276 55333
10.8276 55296
10.8296 55333
10.8296 55296
10.8327 55333
10.8327 55296
10.9151 55333
10.9182 55370
10.9211 55407
10.924 55444
10.9264 55481
10.9288 55518
10.9312 55555
10.9336 55592
10.936 55629
10.9384 55666
10.9408 55703
10.9432 55740
10.9456 55777
10.9475 55814
10.9497 55851
10.9521 55888
10.9543 55925
10.9562 55962
10.9593 55999
11.0261 56036
11.0293 56073
11.0321 56110
11.035 56147
11.0374 56184
11.0398 56221
11.0422 56258
11.0446 56295
11.047 56332
11.0494 56369
11.0518 56406
11.0543 56443
11.0567 56480
11.0586 56517
11.0607 56554
11.0631 56591
11.0653 56628
11.0672 56665
11.0704 56702
11.1376 56738
11.1412 56774
11.1446 56810
11.148 56846
11.1509 56882
11.1537 56918
11.1566 56954
11.1595 56990
11.1624 57026
11.1653 57062
11.1682 57098
11.171 57134
11.1739 57170
11.1761 57206
11.1787 57242
11.1816 57278
11.1843 57314
11.1867 57350
11.1903 57386
11.2578 57422
11.2614 57458
11.2648 57494
11.2681 57530
11.271 57566
11.2739 57602
11.2768 57638
11.2797 57674
11.2826 57710
11.2854 57746
11.2883 57782
11.2912 57818
11.2941 57854
11.2963 57890
11.2989 57926
11.3018 57962
11.3044 57998
11.3068 58034
11.3104 58070
11.378 58106
11.3816 58142
11.3849 58178
11.3883 58214
11.3912 58250
11.3941 58285
11.3969 58320
11.3998 58355
11.4027 58390
11.4056 58425
11.4085 58460
11.4114 58495
11.4143 58530
11.4164 58565
11.4191 58600
11.42 58635
11.4227 58670
11.4253 58705
11.4277 58740
11.4313 58775
11.4988 58810
11.5027 58845
11.5061 58880
11.5094 58915
11.5123 58950
11.5152 58985
11.5181 59020
11.521 59055
11.5238 59090
11.5267 59125
11.5296 59160
11.5325 59195
11.5354 59230
11.5375 59265
11.5402 59300
11.5411 59335
11.5438 59370
11.5464 59405
11.5488 59440
11.5524 59475
11.62 59510
11.6238 59545
11.6272 59580
11.6305 59615
11.6334 59650
11.6363 59685
11.6392 59720
11.6421 59755
11.645 59790
11.6478 59825
11.6507 59860
11.6536 59895
11.6565 59930
11.6587 59964
11.6613 59998
11.6623 60032
11.6649 60066
11.6673 60100
11.6697 60134
11.6733 60168
11.7411 60202
11.7411 29696
11.7449 29766
11.7449 29696
11.7483 29766
11.7483 29696
11.7517 29766
11.7517 29696
11.7545 29766
11.7545 29696
11.7574 29766
11.7574 29696
11.7603 29766
11.7603 29696
11.7632 29766
11.7632 29696
11.7661 29766
11.7661 29696
11.769 29766
11.769 29696
11.7718 29766
11.7718 29696
11.7747 29766
11.7747 29696
11.7776 29766
11.7776 29696
11.7798 29766
11.7798 29696
11.7824 29766
11.7824 29696
11.7834 29766
11.7834 29696
11.786 29766
11.786 29696
11.7884 29766
11.7884 29696
11.7908 29766
11.7908 29696
11.7944 29766
11.7944 29696
11.8882 29766
11.8913 29836
11.8942 29906
11.8963 29976
11.899 30045
11.8999 30114
11.9026 30183
11.905 30252
11.9074 30321
11.911 30390
12.0047 30458
12.0081 30526
12.011 30594
12.0131 30662
12.0158 30730
12.0167 30798
12.0194 30866
12.0218 30933
12.0242 31000
12.0278 31067
12.1215 31134
12.1246 31201
12.1275 31268
12.1297 31335
12.1323 31401
12.1333 31467
12.1359 31533
12.1383 31599
12.1407 31665
12.1443 31731
12.2383 31797
12.2414 31862
12.2443 31927
12.2465 31992
12.2491 32057
12.2501 32122
12.2527 32187
12.2551 32252
12.2575 32317
12.2611 32381
12.3551 32445
12.3582 32509
12.3592 32573
12.3618 32637
12.364 32701
12.3666 32765
12.3676 32828
12.3702 32891
12.3726 32954
12.375 33017
12.3787 33080
12.4301 33143
12.4306 33206
12.431 33269
12.4315 33332
12.432 33394
12.4325 33456
12.433 33518
12.4334 33580
12.4342 33642
12.4363 33704
12.4399 33766
12.4914 33828
12.4918 33889
12.4923 33950
12.4928 34011
12.4933 34072
12.4938 34133
12.4942 34194
12.4947 34255
12.4952 34316
12.4974 34377
12.501 34437
12.5526 34497
12.5531 34557
12.5536 34617
12.5541 34677
12.5546 34737
12.555 34797
12.5555 34857
12.556 34917
12.5565 34977
12.5587 35036
12.5623 35095
12.6139 35154
12.6146 35213
12.6151 35272
12.6156 35331
12.6161 35390
12.6166 35449
12.6171 35508
12.6175 35567
12.618 35625
12.6185 35683
12.6207 35741
12.6243 35799
12.6759 35857
12.6769 35915
12.6774 35973
12.6779 36031
12.6783 36089
12.6788 36147
12.6793 36205
12.6798 36262
12.6803 36319
12.6807 36376
12.6829 36433
12.6865 36490
12.7382 36547
12.7382 17408
12.7389 17528
12.7389 17408
12.7394 17528
12.7394 17408
12.7399 17528
12.7399 17408
12.7403 17528
12.7403 17408
12.7408 17528
12.7408 17408
12.7413 17528
12.7413 17408
12.7418 17528
12.7418 17408
12.7423 17528
12.7423 17408
12.743 17528
12.743 17408
12.7449 17528
12.7449 17408
12.7485 17528
12.7485 17408
12.8007 17528
12.8011 17647
12.8016 17765
12.8026 17883
12.8045 18000
12.8081 18116
12.8603 18231
12.8607 18346
12.8612 18460
12.8622 18573
12.8641 18685
12.8677 18797
12.9201 18908
12.9206 19018
12.9211 19128
12.922 19237
12.9239 19345
12.9275 19453
12.9797 19560
12.9802 19667
12.9809 19773
12.9816 19879
12.9835 19984
12.9871 20088
13.0395 20192
13.04 20295
13.0407 20398
13.0415 20500
13.0434 20602
13.047 20703
13.0994 20804
13.1001 20904
13.1006 21004
13.1013 21103
13.102 21202
13.1039 21300
13.1075 21398
13.1599 21495
13.1609 21592
13.1614 21689
13.1621 21785
13.1628 21881
13.1647 21976
13.1683 22071
13.2207 22165
13.2215 22259
13.2219 22353
13.2229 22446
13.2234 22539
13.2253 22632
13.2289 22724
13.2815 22816
13.2823 22907
13.2827 22998
13.2837 23089
13.2842 23179
13.2861 23269
13.2897 23359
13.3423 23448
13.3433 23537
13.3438 23626
13.3445 23714
13.3452 23802
13.3457 23890
13.3476 23977
13.3512 24064
13.3748 24151
13.3757 24237
13.3762 24323
13.3769 24409
13.3777 24494
13.3781 24579
13.3801 24664
13.3837 24749
13.4072 24833
13.4079 24917
13.4084 25001
13.4094 25084
13.4099 25167
13.4106 25250
13.4125 25333
13.4159 25415
13.4397 25497
13.4404 25579
13.4409 25660
13.4418 25741
13.4423 25822
13.443 25903
13.445 25983
13.4483 26063
13.4721 26143
13.4731 26223
13.4736 26302
13.4743 26381
13.475 26460
13.4755 26539
13.4774 26618
13.4808 26696
13.5046 26774
13.5055 26852
13.5065 26930
13.507 27007
13.5077 27084
13.5084 27161
13.5089 27238
13.5108 27314
13.5142 27390
13.538 27466
13.5389 27542
13.5396 27618
13.5401 27693
13.5411 27768
13.5416 27843
13.5423 27918
13.5442 27993
13.5476 28067
13.5716 28141
13.5726 28215
13.573 28289
13.5735 28363
13.5745 28436
13.575 28509
13.5757 28582
13.5776 28655
13.581 28728
13.605 28800
13.606 28872
13.6067 28944
13.6072 29016
13.6079 29088
13.6086 29160
13.6091 29231
13.611 29302
13.6144 29373
13.6384 29444
13.6396 29515
13.6406 29586
13.6411 29656
13.6415 29726
13.6423 29796
13.643 29866
13.6435 29936
13.6454 30006
13.6487 30075
13.6728 30144
13.674 30213
13.6747 30282
13.6752 30351
13.6757 30420
13.6766 30488
13.6771 30556
13.6778 30624
13.6797 30692
13.6831 30760
13.7074 30828
13.7086 30896
13.7091 30963
13.7091 14848
13.7095 14989
13.7095 14848
13.7103 14989
13.7103 14848
13.711 14989
13.711 14848
13.7115 14989
13.7115 14848
13.7122 14989
13.7122 14848
13.7141 14989
13.7141 14848
13.7175 14989
13.7175 14848
13.7417 14989
13.7417 14848
13.743 14989
13.743 14848
13.7442 14989
13.7463 15128
13.7497 15266
13.774 15403
13.7754 15539
13.7766 15673
13.7788 15806
13.7821 15938
13.8064 16069
13.8078 16199
13.809 16328
13.8112 16456
13.8146 16583
13.8386 16709
13.84 16834
13.8412 16958
13.8434 17081
13.847 17203
13.871 17324
13.8725 17445
13.8737 17565
13.8758 17684
13.8795 17802
13.9035 17919
13.9049 18036
13.9056 18152
13.9068 18267
13.909 18381
13.9126 18495
13.9366 18608
13.9383 18720
13.9391 18832
13.9403 18943
13.9424 19053
13.946 19163
13.9701 19272
13.9717 19380
13.9725 19488
13.9734 19595
13.9756 19702
13.9792 19808
14.0035 19913
14.0051 20018
14.0059 20122
14.0068 20226
14.009 20329
14.0126 20432
14.0369 20534
14.0385 20636
14.0393 20737
14.0402 20838
14.0424 20938
14.0431 21038
14.0467 21137
14.071 21236
14.0729 21334
14.0736 21432
14.0746 21529
14.0768 21626
14.0775 21722
14.0811 21818
14.1054 21914
14.1073 22009
14.108 22104
14.109 22198
14.1111 22292
14.1118 22386
14.1152 22479
14.1397 22572
14.1416 22664
14.1424 22756
14.1433 22848
14.1455 22939
14.1462 23030
14.1496 23121
14.1741 23211
14.176 23301
14.1767 23390
14.1777 23479
14.1799 23568
14.1806 23656
14.1839 23744
14.2085 23832
14.2094 23919
14.2113 24006
14.2121 24093
14.213 24180
14.2152 24266
14.2159 24352
14.2193 24438
14.2438 24523
14.2447 24608
14.2467 24693
14.2474 24777
14.2483 24861
14.2505 24945
14.2512 25029
14.2546 25112
14.2793 25195
14.2803 25278
14.282 25360
14.283 25442
14.2837 25524
14.2858 25606
14.2866 25687
14.2899 25768
14.3147 25849
14.3156 25930
14.3176 26010
14.3183 26090
14.319 26170
14.3212 26250
14.3219 26329
14.3252 26408
14.3481 26487
14.3486 26566
14.349 26644
14.3495 26722
14.35 26800
14.3505 26878
14.351 26956
14.3514 27033
14.3519 27110
14.3688 27187
14.3693 27264
14.3698 27340
14.3703 27416
14.3707 27492
14.3712 27568
14.3717 27644
14.3722 27719
14.3727 27794
14.3896 27869
14.39 27944
14.3905 28019
14.391 28093
14.3915 28167
14.392 28241
14.3924 28315
14.3929 28389
14.3934 28462
14.4101 28535
14.4108 28608
14.4113 28681
14.4117 28754
14.4122 28826
14.4127 28898
14.4132 28970
14.4137 29042
14.4141 29114
14.4305 29186
14.4313 29257
14.4318 29328
14.4322 29399
14.4327 29470
14.4332 29541
14.4337 29611
14.4342 29681
14.4346 29751
14.4351 29821
14.4515 29891
14.4522 29961
14.4527 30030
14.4532 30099
14.4537 30168
14.4542 30237
14.4547 30306
14.4551 30375
14.4556 30444
14.4563 30512
14.4727 30580
14.4734 30648
14.4739 30716
14.4744 30784
14.4748 30852
14.4753 30919
14.4758 30986
14.4763 31053
14.4768 31120
14.4772 31187
14.4938 31254
14.4948 31321
14.4953 31387
14.4957 31453
14.4962 31519
14.4967 31585
14.4972 31651
14.4977 31717
14.4982 31783
14.4986 31848
14.515 31913
14.5159 31978
14.5164 32043
14.5169 32108
14.5174 32173
14.5179 32238
14.5183 32303
14.5188 32367
14.5193 32431
14.5198 32495
14.5361 32559
14.5371 32623
14.5376 32687
14.538 32751
14.5385 32815
14.539 32878
14.5395 32941
14.54 33004
14.5404 33067
14.5409 33130
14.5414 33193
14.558 33256
14.559 33319
14.5594 33381
14.5599 33443
14.5604 33505
14.5609 33567
14.5614 33629
14.5618 33691
14.5623 33753
14.5628 33815
14.5635 33877
14.5801 33938
14.5811 33999
14.5815 34060
14.582 34121
14.5825 34182
14.583 34243
14.5835 34304
14.5839 34365
14.5844 34426
14.5849 34486
14.5854 34546
14.6022 34606
14.6034 34666
14.6039 34726
14.6044 34786
14.6049 34846
14.6053 34906
14.6058 34966
14.6063 35025
14.6068 35084
14.6073 35143
14.6077 35202
14.6243 35261
14.6255 35320
14.626 35379
14.6265 35438
14.627 35497
14.6274 35556
14.6279 35614
14.6284 35672
14.6289 35730
14.6294 35788
14.6298 35846
14.6306 35904
14.6471 35962
14.6484 36020
14.6488 36078
14.6493 36136
14.6498 36194
14.6503 36251
14.6508 36308
14.6512 36365
14.6517 36422
14.6522 36479
14.6527 36536
14.6536 36593
14.6702 36650
14.6714 36707
14.6719 36764
14.6724 36821
14.6729 36877
14.6733 36933
14.6738 36989
14.6743 37045
14.6748 37101
14.6753 37157
14.6757 37213
14.6765 37269
14.6933 37325
14.6947 37381
14.6952 37437
14.6957 37493
14.6962 37548
14.6967 37603
14.6971 37658
14.6976 37713
14.6981 37768
14.6986 37823
14.6991 37878
14.6995 37933
14.7164 37988
14.7164 18432
14.7178 18545
14.7178 18432
14.7183 18545
14.7183 18432
14.7188 18545
14.7188 18432
14.7192 18545
14.7192 18432
14.7197 18545
14.7197 18432
14.7202 18545
14.7202 18432
14.7207 18545
14.7207 18432
14.7212 18545
14.7212 18432
14.7216 18545
14.7216 18432
14.7221 18545
14.7221 18432
14.7226 18545
14.7226 18432
14.7236 18545
14.7236 18432
14.7414 18545
14.7419 18658
14.7424 18770
14.7429 18881
14.7436 18992
14.7445 19102
14.7622 19211
14.7626 19320
14.7631 19428
14.7636 19535
14.7641 19642
14.765 19748
14.7831 19854
14.7836 19959
14.784 20064
14.7845 20168
14.785 20271
14.7857 20374
14.8037 20476
14.8042 20578
14.8047 20679
14.8052 20780
14.8057 20880
14.8064 20980
14.8071 21079
14.8251 21178
14.8256 21277
14.8261 21375
14.8266 21473
14.827 21570
14.828 21667
14.8287 21763
14.8468 21859
14.8472 21954
14.8477 22049
14.8482 22144
14.8487 22238
14.8496 22332
14.8504 22425
14.8684 22518
14.8691 22611
14.8696 22703
14.8701 22795
14.8705 22886
14.8713 22977
14.872 23068
14.89 23158
14.8907 23248
14.8912 23338
14.8917 23427
14.8922 23516
14.8929 23605
14.8936 23693
14.9116 23781
14.9126 23869
14.9131 23956
14.9136 24043
14.914 24130
14.9148 24216
14.9155 24302
14.9162 24388
14.9342 24473
14.9352 24558
14.9357 24643
14.9362 24728
14.9366 24812
14.9374 24896
14.9381 24980
14.9388 25063
14.9571 25146
14.958 25229
14.9585 25312
14.959 25394
14.9595 25476
14.9599 25558
14.9609 25640
14.9614 25721
14.9797 25802
14.9806 25883
14.9811 25964
14.9816 26044
14.9821 26124
14.9825 26204
14.9835 26284
14.984 26363
15.0022 26442
15.0034 26521
15.0039 26600
15.0044 26678
15.0049 26756
15.0054 26834
15.0063 26912
15.0068 26989
15.0075 27066
15.0258 27143
15.027 27220
15.0275 27297
15.028 27373
15.0284 27449
15.0289 27525
15.0299 27601
15.0304 27676
15.0311 27751
15.0493 27826
15.0505 27901
15.051 27976
15.0515 28050
15.052 28124
15.0525 28198
15.0532 28272
15.0542 28346
15.0546 28419
15.0729 28492
15.0741 28565
15.0748 28638
15.0753 28711
15.0758 28784
15.0763 28856
15.0767 28928
15.0777 29000
15.0782 29072
15.0964 29144
15.0976 29215
15.0984 29286
15.0989 29357
15.0993 29428
15.0998 29499
15.1003 29570
15.1013 29640
15.1017 29710
15.1027 29780
15.1207 29850
15.1222 29920
15.1226 29990
15.1231 30059
15.1236 30128
15.1241 30197
15.1248 30266
15.1255 30335
15.1262 30404
15.1272 30472
15.1452 30540
15.1467 30608
15.1472 30676
15.1476 30744
15.1481 30812
15.1486 30880
15.1493 30947
15.15 31014
15.1508 31081
15.1517 31148
15.1697 31215
15.1712 31282
15.1719 31349
15.1724 31415
15.1729 31481
15.1734 31547
15.1738 31613
15.1748 31679
15.1753 31745
15.1762 31811
15.1943 31876
15.1957 31941
15.1964 32006
15.1969 32071
15.1974 32136
15.1979 32201
15.1983 32266
15.1993 32330
15.1998 32394
15.2007 32458
15.2188 32522
15.2197 32586
15.2212 32650
15.2217 32714
15.2221 32778
15.2226 32841
15.2231 32904
15.2238 32967
15.2245 33030
15.2253 33093
15.2262 33156
15.2442 33219
15.2452 33282
15.2466 33344
15.2471 33406
15.2476 33468
15.2481 33530
15.2486 33592
15.2493 33654
15.25 33716
15.2507 33778
15.2517 33840
15.27 33901
15.2709 33962
15.2724 34023
15.2728 34084
15.2733 34145
15.2738 34206
15.2743 34267
15.2748 34328
15.2757 34389
15.2762 34449
15.2772 34509
15.2954 34569
15.2964 34629
15.2978 34689
15.2983 34749
15.2988 34809
15.2993 34869
15.2998 34929
15.3002 34989
15.3012 35048
15.3017 35107
15.3026 35166
15.3209 35225
15.3221 35284
15.3236 35343
15.324 35402
15.3245 35461
15.325 35520
15.3255 35579
15.326 35637
15.3269 35695
15.3274 35753
15.3281 35811
15.3291 35869
15.3416 35927
15.3428 35985
15.3443 36043
15.3448 36101
15.3452 36159
15.3457 36216
15.3462 36273
15.3467 36330
15.3477 36387
15.3481 36444
15.3491 36501
15.3501 36558
15.3624 36615
15.3636 36672
15.365 36729
15.3655 36786
15.366 36842
15.3665 36898
15.3669 36954
15.3674 37010
15.3682 37066
15.3686 37122
15.3696 37178
15.3706 37234
15.3829 37290
15.3841 37346
15.3855 37402
15.386 37458
15.3865 37513
15.387 37568
15.3874 37623
15.3879 37678
15.3886 37733
15.3891 37788
15.3901 37843
15.3911 37898
15.4034 37953
15.4046 38008
15.406 38063
15.4065 38118
15.407 38173
15.4075 38227
15.4079 38281
15.4084 38335
15.4089 38389
15.4094 38443
15.4099 38497
15.4108 38551
15.412 38605
15.4241 38659
15.4253 38713
15.4268 38767
15.4272 38821
15.4277 38875
15.4282 38928
15.4287 38981
15.4292 39034
15.4296 39087
15.4301 39140
15.4306 39193
15.4316 39246
15.433 39299
15.4449 39352
15.4461 39405
15.4475 39458
15.448 39511
15.4485 39564
15.4489 39616
15.4494 39668
15.4499 39720
15.4504 39772
15.4509 39824
15.4513 39876
15.4521 39928
15.4535 39980
15.4654 40032
15.4666 40084
15.468 40136
15.4685 40188
15.469 40240
15.4694 40292
15.4699 40344
15.4704 40395
15.4709 40446
15.4714 40497
15.4718 40548
15.4726 40599
15.474 40650
15.4859 40701
15.4871 40752
15.4885 40803
15.489 40854
15.4895 40905
15.4899 40956
15.4904 41007
15.4909 41058
15.4914 41109
15.4919 41160
15.4923 41210
15.4928 41260
15.4933 41310
15.4947 41360
15.5066 41410
15.5078 41460
15.5092 41510
15.5097 41560
15.5102 41610
15.5107 41660
15.5112 41710
15.5116 41760
15.5121 41810
15.5126 41860
15.5131 41910
15.5136 41960
15.514 42009
15.5155 42058
15.5273 42107
15.5285 42156
15.53 42205
15.5305 42254
15.5309 42303
15.5314 42352
15.5319 42401
15.5324 42450
15.5329 42499
15.5333 42548
15.5338 42597
15.5343 42646
15.5348 42695
15.536 42744
15.5478 42793
15.549 42841
15.5505 42889
15.551 42937
15.5514 42985
15.5519 43033
15.5524 43081
15.5529 43129
15.5534 43177
15.5538 43225
15.5543 43273
15.5548 43321
15.5553 43369
15.5565 43417
15.5683 43465
15.5695 43513
15.571 43561
15.5714 43609
15.5719 43657
15.5724 43705
15.5729 43752
15.5734 43799
15.5739 43846
15.5743 43893
15.5748 43940
15.5753 43987
15.5758 44034
15.577 44081
15.5888 44128
15.5893 44175
15.5903 44222
15.5917 44269
15.5922 44316
15.5927 44363
15.5931 44410
15.5936 44457
15.5941 44504
15.5946 44551
15.5951 44598
15.5956 44645
15.596 44691
15.5965 44737
15.5977 44783
15.6096 44829
15.61 44875
15.611 44921
15.6124 44967
15.6129 45013
15.6134 45059
15.6139 45105
15.6144 45151
15.6148 45197
15.6153 45243
15.6158 45289
15.6163 45335
15.6168 45381
15.6173 45427
15.6185 45473
15.6305 45519
15.6309 45565
15.6317 45611
15.6329 45656
15.6334 45701
15.6339 45746
15.6344 45791
15.6349 45836
15.6353 45881
15.6358 45926
15.6363 45971
15.6368 46016
15.6373 46061
15.6377 46106
15.6389 46151
15.651 46196
15.6514 46241
15.6522 46286
15.6534 46331
15.6539 46376
15.6544 46421
15.6549 46466
15.6554 46511
15.6558 46556
15.6563 46601
15.6568 46645
15.6573 46689
15.6578 46733
15.6582 46777
15.6594 46821
15.6715 46865
15.6719 46909
15.6727 46953
15.6739 46997
15.6744 47041
15.6749 47085
15.6754 47129
15.6759 47173
15.6763 47217
15.6768 47261
15.6773 47305
15.6778 47349
15.6783 47393
15.6787 47437
15.6792 47481
15.6804 47525
15.6922 47569
15.6927 47613
15.6935 47657
15.6947 47700
15.6952 47743
15.6956 47786
15.6961 47829
15.6966 47872
15.6971 47915
15.6976 47958
15.698 48001
15.6985 48044
15.699 48087
15.6995 48130
15.7002 48173
15.7014 48216
15.7129 48259
15.7129 23552
15.7134 23641
15.7134 23552
15.7142 23641
15.7142 23552
15.7154 23641
15.7154 23552
15.7159 23641
15.7159 23552
15.7164 23641
15.7164 23552
15.7169 23641
15.7169 23552
15.7173 23641
15.7173 23552
15.7178 23641
15.7178 23552
15.7183 23641
15.7183 23552
15.7188 23641
15.7188 23552
15.7193 23641
15.7193 23552
15.7197 23641
15.7197 23552
15.7202 23641
15.7202 23552
15.7207 23641
15.7207 23552
15.7219 23641
15.7219 23552
15.7383 23641
15.739 23729
15.7395 23817
15.74 23905
15.7405 23992
15.741 24079
15.7414 24166
15.7429 24252
15.7591 24338
15.7598 24424
15.7603 24509
15.7607 24594
15.7612 24679
15.7617 24763
15.7622 24847
15.7639 24931
15.7798 25015
15.7805 25098
15.781 25181
15.7815 25264
15.782 25346
15.7824 25428
15.7832 25510
15.7844 25592
15.8003 25673
15.801 25754
15.8015 25835
15.802 25916
15.8025 25996
15.8029 26076
15.8037 26156
15.8049 26236
15.8208 26315
15.8215 26394
15.822 26473
15.8225 26552
15.823 26630
15.8234 26708
15.8239 26786
15.8244 26864
15.8258 26942
15.8415 27019
15.8422 27096
15.8427 27173
15.8432 27250
15.8437 27326
15.8442 27402
15.8446 27478
15.8451 27554
15.8468 27630
15.8623 27705
15.863 27780
15.8635 27855
15.8639 27930
15.8644 28005
15.8649 28079
15.8654 28153
15.8661 28227
15.8673 28301
15.8828 28375
15.8835 28448
15.884 28521
15.8844 28594
15.8849 28667
15.8854 28740
15.8859 28812
15.8866 28884
15.8878 28956
15.9033 29028
15.904 29100
15.9045 29172
15.9049 29243
15.9054 29314
15.9059 29385
15.9064 29456
15.9071 29527
15.9083 29598
15.9238 29668
15.9242 29738
15.9247 29808
15.9252 29878
15.9257 29948
15.9262 30018
15.9266 30087
15.9271 30156
15.9278 30225
15.9293 30294
15.9445 30363
15.945 30432
15.9455 30500
15.9459 30568
15.9464 30636
15.9469 30704
15.9474 30772
15.9479 30840
15.9486 30907
15.9503 30974
15.9652 31041
15.9657 31108
15.9662 31175
15.9667 31242
15.9672 31309
15.9676 31375
15.9681 31441
15.9686 31507
15.9691 31573
15.9708 31639
15.9857 31705
15.9862 31771
15.9867 31836
15.9872 31901
15.9877 31966
15.9881 32031
15.9886 32096
15.9891 32161
15.9896 32226
15.9913 32291
16.0062 32355
16.0067 32419
16.0072 32483
16.0077 32547
16.0082 32611
16.0086 32675
16.0091 32739
16.0096 32803
16.0101 32866
16.0106 32929
16.0122 32992
16.027 33055
16.0274 33118
16.0279 33181
16.0284 33244
16.0289 33307
16.0294 33369
16.0299 33431
16.0303 33493
16.0308 33555
16.0315 33617
16.0332 33679
16.0477 33741
16.0482 33803
16.0487 33865
16.0491 33926
16.0496 33987
16.0501 34048
16.0506 34109
16.0511 34170
16.0516 34231
16.052 34292
16.0537 34353
16.0682 34414
16.0687 34474
16.0692 34534
16.0696 34594
16.0701 34654
16.0706 34714
16.0711 34774
16.0716 34834
16.072 34894
16.0725 34954
16.0742 35013
16.0887 35072
16.0892 35131
16.0897 35190
16.0901 35249
16.0906 35308
16.0911 35367
16.0916 35426
16.0921 35485
16.0925 35544
16.093 35602
16.0935 35660
16.0952 35718
16.1094 35776
16.1099 35834
16.1104 35892
16.1109 35950
16.1114 36008
16.1118 36066
16.1123 36124
16.1128 36182
16.1133 36239
16.1138 36296
16.1145 36353
16.1162 36410
16.1302 36467
16.1307 36524
16.1311 36581
16.1316 36638
16.1321 36695
16.1326 36752
16.1331 36809
16.1335 36865
16.134 36921
16.1345 36977
16.135 37033
16.1367 37089
16.1511 37145
16.1516 37201
16.152 37257
16.1525 37313
16.153 37369
16.1535 37425
16.154 37481
16.1545 37536
16.1549 37591
16.1554 37646
16.1559 37701
16.1572 37756
16.1716 37811
16.1721 37866
16.1725 37921
16.173 37976
16.1735 38031
16.174 38086
16.1745 38141
16.1749 38195
16.1754 38249
16.1759 38303
16.1764 38357
16.1771 38411
16.1781 38465
16.1923 38519
16.1928 38573
16.1933 38627
16.1938 38681
16.1942 38735
16.1947 38789
16.1952 38843
16.1957 38896
16.1962 38949
16.1966 39002
16.1971 39055
16.1981 39108
16.1991 39161
16.2133 39214
16.2138 39267
16.2143 39320
16.2147 39373
16.2152 39426
16.2157 39479
16.2162 39532
16.2167 39585
16.2171 39637
16.2176 39689
16.2183 39741
16.2191 39793
16.22 39845
16.2344 39897
16.2349 39949
16.2354 40001
16.2359 40053
16.2364 40105
16.2369 40157
16.2373 40209
16.2378 40261
16.2383 40313
16.2388 40365
16.2393 40416
16.2402 40467
16.2409 40518
16.2554 40569
16.2563 40620
16.2568 40671
16.2573 40722
16.2578 40773
16.2582 40824
16.2587 40875
16.2592 40926
16.2597 40977
16.2602 41028
16.2606 41079
16.2614 41130
16.2621 41180
16.2765 41230
16.2775 41280
16.2779 41330
16.2784 41380
16.2789 41430
16.2794 41480
16.2799 41530
16.2804 41580
16.2808 41630
16.2813 41680
16.2818 41730
16.2823 41780
16.2832 41830
16.284 41880
16.2984 41930
16.2993 41980
16.2998 42029
16.3003 42078
16.3008 42127
16.3013 42176
16.3017 42225
16.3022 42274
16.3027 42323
16.3032 42372
16.3037 42421
16.3044 42470
16.3051 42519
16.3061 42568
16.3205 42617
16.3214 42666
16.3219 42715
16.3224 42764
16.3229 42813
16.3234 42861
16.3238 42909
16.3243 42957
16.3248 43005
16.3253 43053
16.3258 43101
16.3263 43149
16.3272 43197
16.3279 43245
16.341 43293
16.3422 43341
16.3427 43389
16.3431 43437
16.3436 43485
16.3441 43533
16.3446 43581
16.3451 43629
16.3455 43677
16.346 43725
16.3465 43772
16.347 43819
16.3477 43866
16.3484 43913
16.3615 43960
16.3627 44007
16.3632 44054
16.3636 44101
16.3641 44148
16.3646 44195
16.3651 44242
16.3656 44289
16.366 44336
16.3665 44383
16.367 44430
16.3675 44477
16.3682 44524
16.3689 44571
16.3697 44618
16.3825 44664
16.3834 44710
16.3839 44756
16.3844 44802
16.3849 44848
16.3853 44894
16.3858 44940
16.3863 44986
16.3868 45032
16.3873 45078
16.3877 45124
16.3882 45170
16.3892 45216
16.3897 45262
16.3906 45308
16.4034 45354
16.4044 45400
16.4049 45446
16.4054 45492
16.4058 45538
16.4063 45584
16.4068 45629
16.4073 45674
16.4078 45719
16.4082 45764
16.4087 45809
16.4092 45854
16.4099 45899
16.4106 45944
16.4114 45989
16.4239 46034
16.4251 46079
16.4256 46124
16.4261 46169
16.4266 46214
16.4271 46259
16.4275 46304
16.428 46349
16.4285 46394
16.429 46439
16.4295 46484
16.4299 46529
16.4304 46574
16.4314 46619
16.4319 46663
16.4444 46707
16.4456 46751
16.4461 46795
16.4466 46839
16.4471 46883
16.4476 46927
16.448 46971
16.4485 47015
16.449 47059
16.4495 47103
16.45 47147
16.4504 47191
16.4509 47235
16.4519 47279
16.4524 47323
16.4531 47367
16.4654 47411
16.4664 47455
16.4669 47499
16.4673 47543
16.4678 47587
16.4683 47631
16.4688 47675
16.4693 47718
16.4697 47761
16.4702 47804
16.4707 47847
16.4712 47890
16.4719 47933
16.4726 47976
16.4731 48019
16.4741 48062
16.4864 48105
16.4874 48148
16.4878 48191
16.4883 48234
16.4888 48277
16.4893 48320
16.4898 48363
16.4902 48406
16.4907 48449
16.4912 48492
16.4917 48535
16.4922 48578
16.4926 48621
16.4936 48664
16.4941 48707
16.4948 48750
16.5071 48793
16.5083 48835
16.5087 48877
16.5092 48919
16.5097 48961
16.5102 49003
16.5107 49045
16.5111 49087
16.5116 49129
16.5121 49171
16.5126 49213
16.5131 49255
16.5135 49297
16.5143 49339
16.515 49381
16.5155 49423
16.5277 49465
16.5289 49507
16.5294 49549
16.5299 49591
16.5304 49633
16.5308 49675
16.5313 49717
16.5318 49759
16.5323 49801
16.5328 49843
16.5333 49885
16.5337 49927
16.5342 49968
16.5349 50009
16.5357 50050
16.5361 50091
16.5369 50132
16.5491 50173
16.5503 50214
16.5508 50255
16.5513 50296
16.5518 50337
16.5522 50378
16.5527 50419
16.5532 50460
16.5537 50501
16.5542 50542
16.5546 50583
16.5551 50624
16.5556 50665
16.5566 50706
16.557 50747
16.5575 50788
16.5585 50829
16.5707 50870
16.5719 50911
16.5724 50952
16.5729 50993
16.5734 51034
16.5739 51075
16.5743 51116
16.5748 51157
16.5753 51197
16.5758 51237
16.5763 51277
16.5768 51317
16.5772 51357
16.5782 51397
16.5787 51437
16.5792 51477
16.5799 51517
16.5924 51557
16.5938 51597
16.5943 51637
16.5948 51677
16.5953 51717
16.5957 51757
16.5962 51797
16.5967 51837
16.5972 51877
16.5977 51917
16.5981 51957
16.5986 51997
16.5991 52037
16.5998 52077
16.6005 52117
16.601 52157
16.6015 52197
16.614 52237
16.6154 52277
16.6159 52317
16.6164 52357
16.6169 52397
16.6174 52437
16.6178 52476
16.6183 52515
16.6188 52554
16.6193 52593
16.6198 52632
16.6202 52671
16.6207 52710
16.6214 52749
16.6222 52788
16.6227 52827
16.6231 52866
16.6241 52905
16.6363 52944
16.6378 52983
16.6383 53022
16.6388 53061
16.6392 53100
16.6397 53139
16.6402 53178
16.6407 53217
16.6412 53256
16.6416 53295
16.6421 53334
16.6426 53373
16.6431 53412
16.644 53451
16.6445 53490
16.645 53529
16.6457 53568
16.6467 53607
16.6589 53646
16.6604 53685
16.6609 53724
16.6613 53763
16.6618 53801
16.6623 53839
16.6628 53877
16.6633 53915
16.6637 53953
16.6642 53991
16.6647 54029
16.6652 54067
16.6657 54105
16.6666 54143
16.6671 54181
16.6676 54219
16.6683 54257
16.6693 54295
16.6813 54333
16.683 54371
16.6837 54409
16.6842 54447
16.6847 54485
16.6851 54523
16.6856 54561
16.6861 54599
16.6866 54637
16.6871 54675
16.6875 54713
16.688 54751
16.6885 54789
16.6892 54827
16.6899 54865
16.6904 54903
16.6909 54941
16.6919 54979
16.7039 55017
16.7056 55055
16.7063 55093
16.7068 55131
16.7072 55169
16.7077 55207
16.7082 55244
16.7087 55281
16.7092 55318
16.7092 28160
16.7096 28234
16.7096 28160
16.7101 28234
16.7101 28160
16.7106 28234
16.7106 28160
16.7111 28234
16.7111 28160
16.7118 28234
16.7118 28160
16.7125 28234
16.7125 28160
16.713 28234
16.713 28160
16.7135 28234
16.7135 28160
16.7145 28234
16.7145 28160
16.7265 28234
16.7265 28160
16.7282 28234
16.7282 28160
16.7289 28234
16.7289 28160
16.7294 28234
16.7294 28160
16.7298 28234
16.7298 28160
16.7303 28234
16.7303 28160
16.7308 28234
16.7308 28160
16.7313 28234
16.7313 28160
16.7318 28234
16.7318 28160
16.747 28234
16.7486 28308
16.7494 28382
16.7499 28455
16.7503 28528
16.7508 28601
16.7513 28674
16.7518 28747
16.7523 28819
16.7675 28891
16.7691 28963
16.7701 29035
16.7706 29107
16.7711 29179
16.7716 29250
16.772 29321
16.7725 29392
16.773 29463
16.788 29534
16.7899 29604
16.7906 29674
16.7916 29744
16.792 29814
16.7925 29884
16.793 29954
16.7935 30023
16.794 30092
16.7945 30161
16.8089 30230
16.8109 30299
16.8116 30368
16.8123 30437
16.8128 30505
16.8133 30573
16.8137 30641
16.8142 30709
16.8147 30777
16.8154 30845
16.8299 30912
16.8316 30979
16.8326 31046
16.833 31113
16.8335 31180
16.834 31247
16.8345 31314
16.835 31380
16.8354 31446
16.8364 31512
16.8504 31578
16.8523 31644
16.8531 31710
16.8538 31776
16.8543 31841
16.8547 31906
16.8552 31971
16.8557 32036
16.8562 32101
16.8569 32166
16.8709 32231
16.8728 32296
16.8736 32360
16.8745 32424
16.875 32488
16.8755 32552
16.876 32616
16.8764 32680
16.8769 32744
16.8774 32808
16.8781 32871
16.8919 32934
16.8938 32997
16.8945 33060
16.8953 33123
16.8957 33186
16.8962 33249
16.8967 33312
16.8972 33374
16.8977 33436
16.8981 33498
16.8991 33560
16.9129 33622
16.9146 33684
16.9155 33746
16.916 33808
16.9165 33870
16.917 33931
16.9174 33992
16.9179 34053
16.9184 34114
16.9191 34175
16.9198 34236
16.9334 34297
16.9353 34358
16.936 34419
16.9367 34479
16.9372 34539
16.9377 34599
16.9382 34659
16.9387 34719
16.9391 34779
16.9396 34839
16.9406 34899
16.954 34959
16.956 35018
16.9567 35077
16.9576 35136
16.9581 35195
16.9586 35254
16.9591 35313
16.9596 35372
16.96 35431
16.9605 35490
16.961 35549
16.962 35607
16.9754 35665
16.9774 35723
16.9781 35781
16.9788 35839
16.9793 35897
16.9798 35955
16.9802 36013
16.9807 36071
16.9812 36129
16.9817 36187
16.9824 36244
16.9834 36301
16.9971 36358
16.9987 36415
16.9997 36472
17.0002 36529
17.0007 36586
17.0011 36643
17.0016 36700
17.0021 36757
17.0026 36814
17.0031 36870
17.004 36926
17.0047 36982
17.0184 37038
17.0204 37094
17.0211 37150
17.0218 37206
17.0223 37262
17.0228 37318
17.0233 37374
17.0237 37430
17.0242 37486
17.0247 37541
17.0254 37596
17.0261 37651
17.0398 37706
17.042 37761
17.0427 37816
17.0437 37871
17.0442 37926
17.0446 37981
17.0451 38036
17.0456 38091
17.0461 38146
17.0466 38200
17.047 38254
17.048 38308
17.0485 38362
17.0622 38416
17.0643 38470
17.0651 38524
17.0658 38578
17.0663 38632
17.0667 38686
17.0672 38740
17.0677 38794
17.0682 38848
17.0687 38901
17.0694 38954
17.0701 39007
17.0708 39060
17.0848 39113
17.0867 39166
17.0877 39219
17.0881 39272
17.0886 39325
17.0891 39378
17.0896 39431
17.0901 39484
17.0905 39537
17.091 39590
17.092 39642
17.0925 39694
17.0934 39746
17.1074 39798
17.1093 39850
17.11 39902
17.1107 39954
17.1112 40006
17.1117 40058
17.1122 40110
17.1127 40162
17.1131 40214
17.1136 40266
17.1143 40318
17.1151 40370
17.1158 40421
17.13 40472
17.1319 40523
17.1326 40574
17.1336 40625
17.134 40676
17.1345 40727
17.135 40778
17.1355 40829
17.136 40880
17.1364 40931
17.1369 40982
17.1379 41033
17.1384 41084
17.1525 41135
17.1545 41185
17.1552 41235
17.1561 41285
17.1566 41335
17.1571 41385
17.1576 41435
17.1581 41485
17.1586 41535
17.159 41585
17.1595 41635
17.1602 41685
17.161 41735
17.1617 41785
17.1759 41835
17.1778 41885
17.1787 41935
17.1795 41984
17.1799 42033
17.1804 42082
17.1809 42131
17.1814 42180
17.1819 42229
17.1823 42278
17.1828 42327
17.1838 42376
17.1843 42425
17.1852 42474
17.1994 42523
17.2013 42572
17.2023 42621
17.203 42670
17.2035 42719
17.204 42768
17.2045 42817
17.2049 42865
17.2054 42913
17.2059 42961
17.2064 43009
17.2071 43057
17.2078 43105
17.2085 43153
17.2227 43201
17.2246 43249
17.2256 43297
17.2266 43345
17.227 43393
17.2275 43441
17.228 43489
17.2285 43537
17.229 43585
17.2294 43633
17.2299 43681
17.2304 43729
17.2314 43776
17.2321 43823
17.2463 43870
17.2482 43917
17.2492 43964
17.2501 44011
17.2508 44058
17.2513 44105
17.2518 44152
17.2523 44199
17.2528 44246
17.2532 44293
17.2537 44340
17.2542 44387
17.2547 44434
17.2556 44481
17.2564 44528
17.2705 44575
17.2725 44622
17.2734 44668
17.2744 44714
17.2749 44760
17.2753 44806
17.2758 44852
17.2763 44898
17.2768 44944
17.2773 44990
17.2778 45036
17.2782 45082
17.279 45128
17.2797 45174
17.2806 45220
17.2951 45266
17.297 45312
17.2979 45358
17.2987 45404
17.2991 45450
17.2996 45496
17.3001 45542
17.3006 45588
17.3011 45633
17.3015 45678
17.302 45723
17.3025 45768
17.3035 45813
17.3039 45858
17.3049 45903
17.3193 45948
17.3212 45993
17.3222 46038
17.3232 46083
17.3237 46128
17.3241 46173
17.3246 46218
17.3251 46263
17.3256 46308
17.3261 46353
17.3265 46398
17.327 46443
17.3277 46488
17.3285 46533
17.3292 46578
17.3417 46623
17.3436 46667
17.3446 46711
17.3455 46755
17.3462 46799
17.3467 46843
17.3472 46887
17.3477 46931
17.3482 46975
17.3486 47019
17.3491 47063
17.3496 47107
17.3501 47151
17.3508 47195
17.3515 47239
17.3522 47283
17.3647 47327
17.3667 47371
17.3676 47415
17.3686 47459
17.3693 47503
17.3698 47547
17.3703 47591
17.3708 47635
17.3712 47679
17.3717 47722
17.3722 47765
17.3727 47808
17.3732 47851
17.3739 47894
17.3746 47937
17.3753 47980
17.3881 48023
17.39 48066
17.3909 48109
17.3919 48152
17.3926 48195
17.3931 48238
17.3936 48281
17.3941 48324
17.3945 48367
17.395 48410
17.3955 48453
17.396 48496
17.3965 48539
17.3969 48582
17.3979 48625
17.3984 48668
17.4111 48711
17.4131 48754
17.414 48797
17.415 48839
17.4157 48881
17.4162 48923
17.4167 48965
17.4171 49007
17.4176 49049
17.4181 49091
17.4186 49133
17.4191 49175
17.4195 49217
17.42 49259
17.421 49301
17.4215 49343
17.4342 49385
17.4364 49427
17.4373 49469
17.4383 49511
17.439 49553
17.4395 49595
17.44 49637
17.4404 49679
17.4409 49721
17.4414 49763
17.4419 49805
17.4424 49847
17.4428 49889
17.4433 49931
17.4443 49972
17.4448 50013
17.4455 50054
17.4582 50095
17.4604 50136
17.4614 50177
17.4623 50218
17.463 50259
17.4635 50300
17.464 50341
17.4645 50382
17.465 50423
17.4654 50464
17.4659 50505
17.4664 50546
17.4669 50587
17.4674 50628
17.4683 50669
17.4688 50710
17.4695 50751
17.4825 50792
17.4847 50833
17.4856 50874
17.4866 50915
17.4873 50956
17.4878 50997
17.4883 51038
17.4888 51079
17.4892 51120
17.4897 51161
17.4902 51201
17.4907 51241
17.4912 51281
17.4916 51321
17.4926 51361
17.4931 51401
17.4936 51441
17.5065 51481
17.5087 51521
17.5097 51561
17.5106 51601
17.5113 51641
17.5118 51681
17.5123 51721
17.5128 51761
17.5133 51801
17.5137 51841
17.5142 51881
17.5147 51921
17.5152 51961
17.5157 52001
17.5166 52041
17.5171 52081
17.5176 52121
17.5306 52161
17.533 52201
17.5339 52241
17.5349 52281
17.5356 52321
17.5361 52361
17.5366 52401
17.5371 52441
17.5375 52480
17.538 52519
17.5385 52558
17.539 52597
17.5395 52636
17.5399 52675
17.5409 52714
17.5414 52753
17.5419 52792
17.5548 52831
17.5558 52870
17.558 52909
17.5589 52948
17.5599 52987
17.5606 53026
17.5611 53065
17.5616 53104
17.562 53143
17.5625 53182
17.563 53221
17.5635 53260
17.564 53299
17.5645 53338
17.5649 53377
17.5659 53416
17.5664 53455
17.5669 53494
17.5798 53533
17.581 53572
17.5832 53611
17.5842 53650
17.5851 53689
17.5858 53728
17.5863 53767
17.5868 53805
17.5873 53843
17.5878 53881
17.5882 53919
17.5887 53957
17.5892 53995
17.5897 54033
17.5902 54071
17.5911 54109
17.5916 54147
17.5921 54185
17.6051 54223
17.6063 54261
17.6084 54299
17.6092 54337
17.6101 54375
17.6108 54413
17.6113 54451
17.6118 54489
17.6123 54527
17.6128 54565
17.6132 54603
17.6137 54641
17.6142 54679
17.6147 54717
17.6152 54755
17.6161 54793
17.6166 54831
17.6171 54869
17.6303 54907
17.6315 54945
17.6337 54983
17.6344 55021
17.6353 55059
17.6361 55097
17.6365 55135
17.637 55173
17.6375 55211
17.638 55248
17.6385 55285
17.639 55322
17.6394 55359
17.6399 55396
17.6404 55433
17.6414 55470
17.6418 55507
17.6423 55544
17.6555 55581
17.6567 55618
17.6589 55655
17.6596 55692
17.6606 55729
17.6615 55766
17.662 55803
17.6625 55840
17.663 55877
17.6635 55914
17.6639 55951
17.6644 55988
17.6649 56025
17.6654 56062
17.6659 56099
17.6663 56136
17.6673 56173
17.6678 56210
17.6683 56247
17.6815 56284
17.6829 56321
17.6851 56358
17.6858 56395
17.6868 56432
17.6877 56469
17.6882 56506
17.6887 56543
17.6892 56580
17.6897 56617
17.6901 56654
17.6906 56691
17.6911 56727
17.6916 56763
17.6921 56799
17.6925 56835
17.6935 56871
17.694 56907
17.6945 56943
17.7077 56979
17.7091 57015
17.7091 28160
17.7113 28234
17.7113 28160
17.712 28234
17.712 28160
17.713 28234
17.713 28160
17.7137 28234
17.7137 28160
17.7142 28234
17.7142 28160
17.7147 28234
17.7147 28160
17.7151 28234
17.7151 28160
17.7156 28234
17.7156 28160
17.7161 28234
17.7161 28160
17.7166 28234
17.7166 28160
17.7171 28234
17.7171 28160
17.7175 28234
17.7175 28160
17.718 28234
17.718 28160
17.7187 28234
17.7187 28160
17.7195 28234
17.7195 28160
17.7199 28234
17.7199 28160
17.7204 28234
17.7204 28160
17.7339 28234
17.7339 28160
17.738 28234
17.7384 28308
17.7389 28382
17.7394 28455
17.7401 28528
17.7408 28601
17.7413 28674
17.7418 28747
17.7553 28819
17.7594 28891
17.7601 28963
17.7606 29035
17.761 29107
17.7615 29179
17.7625 29250
17.763 29321
17.7634 29392
17.7767 29463
17.7807 29534
17.7819 29604
17.7824 29674
17.7829 29744
17.7834 29814
17.7839 29884
17.7848 29954
17.7853 30023
17.7858 30092
17.799 30161
17.8031 30230
17.8041 30299
17.8045 30368
17.805 30437
17.8055 30505
17.8062 30573
17.8069 30641
17.8074 30709
17.8081 30777
17.8214 30845
17.8257 30912
17.8264 30979
17.8269 31046
17.8274 31113
17.8278 31180
17.8288 31247
17.8293 31314
17.8298 31380
17.8305 31446
17.8437 31512
17.848 31578
17.849 31644
17.8495 31710
17.85 31776
17.8504 31841
17.8512 31906
17.8519 31971
17.8524 32036
17.8528 32101
17.8661 32166
17.8704 32231
17.8716 32296
17.8723 32360
17.8728 32424
17.8733 32488
17.8737 32552
17.8747 32616
17.8752 32680
17.8757 32744
17.8761 32808
17.8894 32871
17.8937 32934
17.8949 32997
17.8954 33060
17.8959 33123
17.8963 33186
17.8971 33249
17.8978 33312
17.8983 33374
17.8987 33436
17.8995 33498
17.9127 33560
17.917 33622
17.918 33684
17.9184 33746
17.9189 33808
17.9194 33870
17.9204 33931
17.9208 33992
17.9213 34053
17.9218 34114
17.9228 34175
17.936 34236
17.9403 34297
17.9413 34358
17.9418 34419
17.9422 34479
17.9427 34539
17.9437 34599
17.9442 34659
17.9446 34719
17.9451 34779
17.9461 34839
17.9593 34899
17.9636 34959
17.9646 35018
17.9653 35077
17.9658 35136
17.9663 35195
17.967 35254
17.9677 35313
17.9682 35372
17.9687 35431
17.9692 35490
17.9701 35549
17.9833 35607
17.9879 35665
17.9889 35723
17.9896 35781
17.9901 35839
17.9905 35897
17.9913 35955
17.992 36013
17.9925 36071
17.9929 36129
17.9934 36187
17.9944 36244
18.0076 36301
18.0122 36358
18.0131 36415
18.0136 36472
18.0141 36529
18.0146 36586
18.0155 36643
18.016 36700
18.0165 36757
18.017 36814
18.0177 36870
18.0187 36926
18.0319 36982
18.0364 37038
18.0374 37094
18.0379 37150
18.0384 37206
18.0388 37262
18.0398 37318
18.0403 37374
18.0408 37430
18.0412 37486
18.042 37541
18.0429 37596
18.0561 37651
18.0607 37706
18.0617 37761
18.0624 37816
18.0629 37871
18.0634 37926
18.0641 37981
18.0648 38036
18.0653 38091
18.0658 38146
18.0662 38200
18.0672 38254
18.0804 38308
18.0814 38362
18.0859 38416
18.0869 38470
18.0876 38524
18.0881 38578
18.0886 38632
18.0893 38686
18.09 38740
18.0905 38794
18.091 38848
18.0915 38901
18.0924 38954
18.1057 39007
18.1066 39060
18.1112 39113
18.1121 39166
18.1126 39219
18.1131 39272
18.1136 39325
18.1145 39378
18.115 39431
18.1155 39484
18.116 39537
18.1167 39590
18.1177 39642
18.1311 39694
18.1321 39746
18.1367 39798
18.1374 39850
18.1379 39902
18.1383 39954
18.1388 40006
18.1398 40058
18.1403 40110
18.1407 40162
18.1412 40214
18.1419 40266
18.1429 40318
18.1564 40370
18.1573 40421
18.1619 40472
18.1628 40523
18.1633 40574
18.1638 40625
18.1643 40676
18.165 40727
18.1657 40778
18.1662 40829
18.1667 40880
18.1672 40931
18.1681 40982
18.1816 41033
18.1828 41084
18.1874 41135
18.1883 41185
18.189 41235
18.1895 41285
18.19 41335
18.1905 41385
18.1912 41435
18.1919 41485
18.1924 41535
18.1929 41585
18.1934 41635
18.1943 41685
18.2078 41735
18.209 41785
18.2136 41835
18.2145 41885
18.215 41935
18.2155 41984
18.216 42033
18.2164 42082
18.2174 42131
18.2179 42180
18.2184 42229
18.2188 42278
18.2196 42327
18.2205 42376
18.2342 42425
18.2354 42474
18.24 42523
18.2407 42572
18.2412 42621
18.2417 42670
18.2422 42719
18.2429 42768
18.2436 42817
18.2441 42865
18.2446 42913
18.245 42961
18.2458 43009
18.2467 43057
18.2604 43105
18.2616 43153
18.2662 43201
18.2671 43249
18.2676 43297
18.2681 43345
18.2686 43393
18.2691 43441
18.27 43489
18.2705 43537
18.271 43585
18.2715 43633
18.272 43681
18.2729 43729
18.2866 43776
18.2881 43823
18.2926 43870
18.2936 43917
18.2943 43964
18.2948 44011
18.2953 44058
18.2957 44105
18.2962 44152
18.2972 44199
18.2977 44246
18.2981 44293
18.2986 44340
18.2991 44387
18.3001 44434
18.3138 44481
18.3152 44528
18.3198 44575
18.3207 44622
18.3212 44668
18.3217 44714
18.3222 44760
18.3227 44806
18.3234 44852
18.3241 44898
18.3246 44944
18.3251 44990
18.3255 45036
18.3263 45082
18.3272 45128
18.34 45174
18.3404 45220
18.3409 45266
18.3415 45312
18.342 45358
18.3424 45404
18.3429 45450
18.3434 45496
18.3441 45542
18.3448 45588
18.3453 45633
18.3458 45678
18.3463 45723
18.3468 45768
18.3477 45813
18.3605 45858
18.3609 45903
18.3614 45948
18.362 45993
18.3625 46038
18.3629 46083
18.3634 46128
18.3639 46173
18.3646 46218
18.3653 46263
18.3658 46308
18.3663 46353
18.3668 46398
18.3673 46443
18.3682 46488
18.381 46533
18.3814 46578
18.3819 46623
18.3825 46667
18.383 46711
18.3834 46755
18.3839 46799
18.3844 46843
18.3851 46887
18.3858 46931
18.3863 46975
18.3868 47019
18.3873 47063
18.3878 47107
18.3882 47151
18.389 47195
18.4019 47239
18.4024 47283
18.4029 47327
18.4034 47371
18.4039 47415
18.4043 47459
18.4048 47503
18.4053 47547
18.4059 47591
18.4066 47635
18.4071 47679
18.4075 47722
18.408 47765
18.4085 47808
18.409 47851
18.4097 47894
18.4229 47937
18.4234 47980
18.4239 48023
18.4244 48066
18.4248 48109
18.4253 48152
18.4258 48195
18.4263 48238
18.4268 48281
18.4273 48324
18.4278 48367
18.4283 48410
18.4288 48453
18.4292 48496
18.4297 48539
18.4302 48582
18.4434 48625
18.4439 48668
18.4444 48711
18.4449 48754
18.4453 48797
18.4458 48839
18.4463 48881
18.4468 48923
18.4473 48965
18.4478 49007
18.4483 49049
18.4488 49091
18.4493 49133
18.4497 49175
18.4502 49217
18.4507 49259
18.4639 49301
18.4644 49343
18.4649 49385
18.4654 49427
18.4658 49469
18.4663 49511
18.4668 49553
18.4673 49595
18.4678 49637
18.4683 49679
18.4688 49721
18.4693 49763
18.4698 49805
18.4702 49847
18.4707 49889
18.4712 49931
18.4717 49972
18.4849 50013
18.4854 50054
18.4859 50095
18.4863 50136
18.4868 50177
18.4873 50218
18.4878 50259
18.4883 50300
18.4887 50341
18.4892 50382
18.4897 50423
18.4902 50464
18.4907 50505
18.4911 50546
18.4916 50587
18.4921 50628
18.4926 50669
18.5059 50710
18.5064 50751
18.5068 50792
18.5073 50833
18.5078 50874
18.5083 50915
18.5088 50956
18.5092 50997
18.5097 51038
18.5102 51079
18.5107 51120
18.5112 51161
18.5116 51201
18.5121 51241
18.5126 51281
18.5131 51321
18.5136 51361
18.5266 51401
18.5271 51441
18.5276 51481
18.5281 51521
18.5285 51561
18.529 51601
18.5295 51641
18.53 51681
18.5305 51721
18.5309 51761
18.5314 51801
18.5319 51841
18.5324 51881
18.5329 51921
18.5333 51961
18.5338 52001
18.5343 52041
18.5471 52081
18.5476 52121
18.5481 52161
18.5485 52201
18.549 52241
18.5495 52281
18.55 52321
18.5505 52361
18.551 52401
18.5514 52441
18.5519 52480
18.5524 52519
18.5529 52558
18.5534 52597
18.5538 52636
18.5543 52675
18.5548 52714
18.5676 52753
18.5681 52792
18.5686 52831
18.569 52870
18.5695 52909
18.57 52948
18.5705 52987
18.571 53026
18.5714 53065
18.5719 53104
18.5724 53143
18.5729 53182
18.5734 53221
18.5739 53260
18.5743 53299
18.5748 53338
18.5753 53377
18.5758 53416
18.5886 53455
18.5893 53494
18.5898 53533
18.5903 53572
18.5907 53611
18.5912 53650
18.5917 53689
18.5922 53728
18.5927 53767
18.5931 53805
18.5936 53843
18.5941 53881
18.5946 53919
18.5951 53957
18.5956 53995
18.596 54033
18.5965 54071
18.597 54109
18.6096 54147
18.61 54185
18.6105 54223
18.611 54261
18.6115 54299
18.612 54337
18.6124 54375
18.6129 54413
18.6134 54451
18.6139 54489
18.6144 54527
18.6148 54565
18.6153 54603
18.6158 54641
18.6163 54679
18.6168 54717
18.6173 54755
18.6177 54793
18.6301 54831
18.6305 54869
18.631 54907
18.6315 54945
18.632 54983
18.6325 55021
18.6329 55059
18.6334 55097
18.6339 55135
18.6344 55173
18.6349 55211
18.6353 55248
18.6358 55285
18.6363 55322
18.6368 55359
18.6373 55396
18.6377 55433
18.6382 55470
18.6506 55507
18.651 55544
18.6515 55581
18.652 55618
18.6525 55655
18.653 55692
18.6534 55729
18.6539 55766
18.6544 55803
18.6549 55840
18.6554 55877
18.6558 55914
18.6563 55951
18.6568 55988
18.6573 56025
18.6578 56062
18.6582 56099
18.6587 56136
18.6592 56173
18.6713 56210
18.6718 56247
18.6723 56284
18.6727 56321
18.6732 56358
18.6737 56395
18.6742 56432
18.6747 56469
18.6751 56506
18.6756 56543
18.6761 56580
18.6766 56617
18.6771 56654
18.6775 56691
18.678 56727
18.6785 56763
18.679 56799
18.6795 56835
18.6799 56871
18.6923 56907
18.6928 56943
18.6932 56979
18.6937 57015
18.6942 57051
18.6947 57087
18.6952 57123
18.6956 57159
18.6961 57195
18.6966 57231
18.6971 57267
18.6976 57303
18.698 57339
18.6985 57375
18.699 57411
18.6995 57447
18.7 57483
18.7004 57519
18.7009 57555
18.7129 57591
18.7129 28160
18.7134 28234
18.7134 28160
18.7139 28234
18.7139 28160
18.7144 28234
18.7144 28160
18.7149 28234
18.7149 28160
18.7153 28234
18.7153 28160
18.7158 28234
18.7158 28160
18.7163 28234
18.7163 28160
18.7168 28234
18.7168 28160
18.7173 28234
18.7173 28160
18.7177 28234
18.7177 28160
18.7182 28234
18.7182 28160
18.7187 28234
18.7187 28160
18.7192 28234
18.7192 28160
18.7197 28234
18.7197 28160
18.7202 28234
18.7202 28160
18.7206 28234
18.7206 28160
18.7211 28234
18.7211 28160
18.7216 28234
18.7216 28160
18.7382 28234
18.7387 28308
18.7392 28382
18.7397 28455
18.7402 28528
18.7406 28601
18.7411 28674
18.7416 28747
18.7421 28819
18.7587 28891
18.7592 28963
18.7597 29035
18.7602 29107
18.7607 29179
18.7611 29250
18.7616 29321
18.7621 29392
18.7626 29463
18.7792 29534
18.7797 29604
18.7802 29674
18.7807 29744
18.7812 29814
18.7816 29884
18.7821 29954
18.7826 30023
18.7831 30092
18.7836 30161
18.8 30230
18.8005 30299
18.8009 30368
18.8014 30437
18.8019 30505
18.8024 30573
18.8029 30641
18.8033 30709
18.8038 30777
18.8043 30845
18.8207 30912
18.8212 30979
18.8217 31046
18.8222 31113
18.8226 31180
18.8231 31247
18.8236 31314
18.8241 31380
18.8246 31446
18.8253 31512
18.8412 31578
18.8417 31644
18.8422 31710
18.8427 31776
18.8431 31841
18.8436 31906
18.8441 31971
18.8446 32036
18.8451 32101
18.8458 32166
18.8617 32231
18.8622 32296
18.8627 32360
18.8632 32424
18.8636 32488
18.8641 32552
18.8646 32616
18.8651 32680
18.8656 32744
18.866 32808
18.8665 32871
18.8825 32934
18.8829 32997
18.8834 33060
18.8839 33123
18.8844 33186
18.8849 33249
18.8853 33312
18.8858 33374
18.8863 33436
18.8868 33498
18.8873 33560
18.9032 33622
18.9037 33684
18.9042 33746
18.9046 33808
18.9051 33870
18.9056 33931
18.9061 33992
18.9066 34053
18.907 34114
18.9075 34175
18.9082 34236
18.9237 34297
18.9242 34358
18.9246 34419
18.9251 34479
18.9256 34539
18.9261 34599
18.9266 34659
18.9271 34719
18.9275 34779
18.928 34839
18.9287 34899
18.9442 34959
18.9447 35018
18.9451 35077
18.9456 35136
18.9461 35195
18.9466 35254
18.9471 35313
18.9476 35372
18.948 35431
18.9485 35490
18.949 35549
18.9495 35607
18.9649 35665
18.9654 35723
18.9659 35781
18.9664 35839
18.9668 35897
18.9673 35955
18.9678 36013
18.9683 36071
18.9688 36129
18.9693 36187
18.9697 36244
18.9702 36301
18.9857 36358
18.9861 36415
18.9866 36472
18.9871 36529
18.9876 36586
18.9881 36643
18.9885 36700
18.989 36757
18.9895 36814
18.99 36870
18.9905 36926
18.9912 36982
19.0062 37038
19.0066 37094
19.0071 37150
19.0076 37206
19.0081 37262
19.0086 37318
19.009 37374
19.0095 37430
19.01 37486
19.0105 37541
19.011 37596
19.0117 37651
19.0267 37706
19.0271 37761
19.0276 37816
19.0281 37871
19.0286 37926
19.0291 37981
19.0295 38036
19.03 38091
19.0305 38146
19.031 38200
19.0315 38254
19.0322 38308
19.0327 38362
19.0474 38416
19.0479 38470
19.0484 38524
19.0488 38578
19.0493 38632
19.0498 38686
19.0503 38740
19.0508 38794
19.0512 38848
19.0517 38901
19.0522 38954
19.0529 39007
19.0536 39060
19.0681 39113
19.0686 39166
19.0691 39219
19.0696 39272
19.0701 39325
19.0705 39378
19.071 39431
19.0715 39484
19.072 39537
19.0725 39590
19.0729 39642
19.0737 39694
19.0746 39746
19.0889 39798
19.0894 39850
19.0898 39902
19.0903 39954
19.0908 40006
19.0913 40058
19.0918 40110
19.0922 40162
19.0927 40214
19.0932 40266
19.0937 40318
19.0942 40370
19.0951 40421
19.1094 40472
19.1099 40523
19.1103 40574
19.1108 40625
19.1113 40676
19.1118 40727
19.1123 40778
19.1127 40829
19.1132 40880
19.1137 40931
19.1142 40982
19.1147 41033
19.1156 41084
19.1303 41135
19.1308 41185
19.1312 41235
19.1317 41285
19.1322 41335
19.1327 41385
19.1332 41435
19.1336 41485
19.1341 41535
19.1346 41585
19.1351 41635
19.1356 41685
19.136 41735
19.1365 41785
19.151 41835
19.1515 41885
19.152 41935
19.1525 41984
19.1529 42033
19.1534 42082
19.1539 42131
19.1544 42180
19.1549 42229
19.1553 42278
19.1558 42327
19.1563 42376
19.1568 42425
19.1573 42474
19.1719 42523
19.1724 42572
19.1729 42621
19.1734 42670
19.1738 42719
19.1743 42768
19.1748 42817
19.1753 42865
19.1758 42913
19.1763 42961
19.1767 43009
19.1772 43057
19.1777 43105
19.1784 43153
19.1931 43201
19.1936 43249
19.194 43297
19.1945 43345
19.195 43393
19.1955 43441
19.196 43489
19.1964 43537
19.1969 43585
19.1974 43633
19.1979 43681
19.1984 43729
19.1988 43776
19.1993 43823
19.214 43870
19.2149 43917
19.2154 43964
19.2159 44011
19.2164 44058
19.2169 44105
19.2173 44152
19.2178 44199
19.2183 44246
19.2188 44293
19.2193 44340
19.2197 44387
19.2202 44434
19.2207 44481
19.2212 44528
19.2359 44575
19.2366 44622
19.2371 44668
19.2375 44714
19.238 44760
19.2385 44806
19.239 44852
19.2395 44898
19.2399 44944
19.2404 44990
19.2409 45036
19.2414 45082
19.2419 45128
19.2423 45174
19.2431 45220
19.258 45266
19.2584 45312
19.2589 45358
19.2594 45404
19.2599 45450
19.2604 45496
19.2608 45542
19.2613 45588
19.2618 45633
19.2623 45678
19.2628 45723
19.2632 45768
19.2637 45813
19.2642 45858
19.2652 45903
19.2798 45948
19.2806 45993
19.281 46038
19.2815 46083
19.282 46128
19.2825 46173
19.283 46218
19.2834 46263
19.2839 46308
19.2844 46353
19.2849 46398
19.2854 46443
19.2858 46488
19.2863 46533
19.287 46578
19.3017 46623
19.3029 46667
19.3034 46711
19.3039 46755
19.3043 46799
19.3048 46843
19.3053 46887
19.3058 46931
19.3063 46975
19.3067 47019
19.3072 47063
19.3077 47107
19.3082 47151
19.3087 47195
19.3091 47239
19.3099 47283
19.3245 47327
19.3255 47371
19.326 47415
19.3265 47459
19.3269 47503
19.3274 47547
19.3279 47591
19.3284 47635
19.3289 47679
19.3293 47722
19.3298 47765
19.3303 47808
19.3308 47851
19.3313 47894
19.3317 47937
19.3327 47980
19.3455 48023
19.3462 48066
19.3467 48109
19.3472 48152
19.3477 48195
19.3482 48238
19.3486 48281
19.3491 48324
19.3496 48367
19.3501 48410
19.3506 48453
19.351 48496
19.3515 48539
19.352 48582
19.3527 48625
19.3534 48668
19.366 48711
19.367 48754
19.3674 48797
19.3679 48839
19.3684 48881
19.3689 48923
19.3694 48965
19.3699 49007
19.3703 49049
19.3708 49091
19.3713 49133
19.3718 49175
19.3723 49217
19.3727 49259
19.3732 49301
19.3742 49343
19.3865 49385
19.3875 49427
19.3882 49469
19.3887 49511
19.3891 49553
19.3896 49595
19.3901 49637
19.3906 49679
19.3911 49721
19.3915 49763
19.392 49805
19.3925 49847
19.393 49889
19.3935 49931
19.394 49972
19.3944 50013
19.3954 50054
19.4072 50095
19.4084 50136
19.4089 50177
19.4094 50218
19.4099 50259
19.4104 50300
19.4108 50341
19.4113 50382
19.4118 50423
19.4123 50464
19.4128 50505
19.4132 50546
19.4137 50587
19.4142 50628
19.4147 50669
19.4154 50710
19.4164 50751
19.428 50792
19.4292 50833
19.4297 50874
19.4301 50915
19.4306 50956
19.4311 50997
19.4316 51038
19.4321 51079
19.4325 51120
19.433 51161
19.4335 51201
19.434 51241
19.4345 51281
19.4349 51321
19.4354 51361
19.4364 51401
19.4371 51441
19.4485 51481
19.4499 51521
19.4504 51561
19.4509 51601
19.4514 51641
19.4518 51681
19.4523 51721
19.4528 51761
19.4533 51801
19.4538 51841
19.4542 51881
19.4547 51921
19.4552 51961
19.4557 52001
19.4562 52041
19.4569 52081
19.4576 52121
19.4691 52161
19.4704 52201
19.4711 52241
19.4716 52281
19.4721 52321
19.4726 52361
19.4731 52401
19.4735 52441
19.474 52480
19.4745 52519
19.475 52558
19.4755 52597
19.4759 52636
19.4764 52675
19.4769 52714
19.4774 52753
19.4783 52792
19.4899 52831
19.4906 52870
19.4918 52909
19.4925 52948
19.493 52987
19.4935 53026
19.494 53065
19.4944 53104
19.4949 53143
19.4954 53182
19.4959 53221
19.4964 53260
19.4969 53299
19.4973 53338
19.4978 53377
19.4983 53416
19.4988 53455
19.4997 53494
19.5113 53533
19.512 53572
19.5132 53611
19.5137 53650
19.5142 53689
19.5146 53728
19.5151 53767
19.5156 53805
19.5161 53843
19.5166 53881
19.517 53919
19.5175 53957
19.518 53995
19.5185 54033
19.519 54071
19.5194 54109
19.5202 54147
19.5211 54185
19.5327 54223
19.5336 54261
19.5346 54299
19.5351 54337
19.5355 54375
19.536 54413
19.5365 54451
19.537 54489
19.5375 54527
19.5379 54565
19.5384 54603
19.5389 54641
19.5394 54679
19.5399 54717
19.5404 54755
19.5408 54793
19.5418 54831
19.5425 54869
19.5543 54907
19.555 54945
19.5562 54983
19.5567 55021
19.5572 55059
19.5577 55097
19.5581 55135
19.5586 55173
19.5591 55211
19.5596 55248
19.5601 55285
19.5605 55322
19.561 55359
19.5615 55396
19.562 55433
19.5625 55470
19.5632 55507
19.5639 55544
19.5757 55581
19.5766 55618
19.5778 55655
19.5786 55692
19.579 55729
19.5795 55766
19.58 55803
19.5805 55840
19.581 55877
19.5814 55914
19.5819 55951
19.5824 55988
19.5829 56025
19.5834 56062
19.5838 56099
19.5843 56136
19.5848 56173
19.5855 56210
19.5863 56247
19.598 56284
19.599 56321
19.6002 56358
19.6007 56395
19.6012 56432
19.6016 56469
19.6021 56506
19.6026 56543
19.6031 56580
19.6036 56617
19.604 56654
19.6045 56691
19.605 56727
19.6055 56763
19.606 56799
19.6064 56835
19.6069 56871
19.6079 56907
19.6086 56943
19.6206 56979
19.6216 57015
19.6225 57051
19.623 57087
19.6235 57123
19.624 57159
19.6245 57195
19.6249 57231
19.6254 57267
19.6259 57303
19.6264 57339
19.6269 57375
19.6273 57411
19.6278 57447
19.6283 57483
19.6288 57519
19.6295 57555
19.6302 57591
19.631 57627
19.643 57663
19.6439 57699
19.6451 57735
19.6456 57771
19.6461 57807
19.6466 57843
19.6471 57879
19.6475 57915
19.648 57951
19.6485 57987
19.649 58023
19.6495 58059
19.6499 58095
19.6504 58131
19.6509 58167
19.6514 58203
19.6519 58239
19.6528 58275
19.6533 58310
19.6653 58345
19.6665 58380
19.6677 58415
19.6684 58450
19.6689 58485
19.6694 58520
19.6699 58555
19.6704 58590
19.6708 58625
19.6713 58660
19.6718 58695
19.6723 58730
19.6728 58765
19.6732 58800
19.6737 58835
19.6742 58870
19.6747 58905
19.6752 58940
19.6761 58975
19.6766 59010
19.6886 59045
19.6898 59080
19.691 59115
19.6915 59150
19.692 59185
19.6925 59220
19.693 59255
19.6934 59290
19.6939 59325
19.6944 59360
19.6949 59395
19.6954 59430
19.6958 59465
19.6963 59500
19.6968 59535
19.6973 59570
19.6978 59605
19.6985 59640
19.6992 59675
19.6999 59710
19.7122 59745
19.7122 38400
19.7134 38454
19.7134 38400
19.7143 38454
19.7143 38400
19.7148 38454
19.7148 38400
19.7153 38454
19.7153 38400
19.7158 38454
19.7158 38400
19.7163 38454
19.7163 38400
19.7167 38454
19.7167 38400
19.7172 38454
19.7172 38400
19.7177 38454
19.7177 38400
19.7182 38454
19.7182 38400
19.7187 38454
19.7187 38400
19.7191 38454
19.7191 38400
19.7196 38454
19.7196 38400
19.7201 38454
19.7201 38400
19.7206 38454
19.7206 38400
19.7211 38454
19.7211 38400
19.722 38454
19.722 38400
19.7225 38454
19.7225 38400
19.7232 38454
19.7232 38400
19.7372 38454
19.738 38508
19.7384 38562
19.7389 38616
19.7394 38670
19.7399 38724
19.7404 38778
19.7408 38832
19.7413 38885
19.7418 38938
19.743 38991
19.7435 39044
19.7442 39097
19.7582 39150
19.7587 39203
19.7592 39256
19.7597 39309
19.7601 39362
19.7606 39415
19.7611 39468
19.7616 39521
19.7621 39574
19.7625 39626
19.764 39678
19.7645 39730
19.7652 39782
19.7789 39834
19.7794 39886
19.7799 39938
19.7803 39990
19.7808 40042
19.7813 40094
19.7818 40146
19.7823 40198
19.7827 40250
19.7832 40302
19.7845 40354
19.785 40405
19.7857 40456
19.7994 40507
19.8001 40558
19.8006 40609
19.8011 40660
19.8016 40711
19.802 40762
19.8025 40813
19.803 40864
19.8035 40915
19.804 40966
19.805 41017
19.8055 41068
19.8062 41119
19.8199 41169
19.8208 41219
19.8213 41269
19.8218 41319
19.8223 41369
19.8228 41419
19.8232 41469
19.8237 41519
19.8242 41569
19.8247 41619
19.8252 41669
19.8261 41719
19.8266 41769
19.8273 41819
19.841 41869
19.8422 41919
19.8427 41969
19.8432 42018
19.8437 42067
19.8442 42116
19.8446 42165
19.8451 42214
19.8456 42263
19.8461 42312
19.8466 42361
19.8475 42410
19.848 42459
19.8487 42508
19.8624 42557
19.8634 42606
19.8639 42655
19.8643 42704
19.8648 42753
19.8653 42802
19.8658 42850
19.8663 42898
19.8667 42946
19.8672 42994
19.8679 43042
19.8687 43090
19.8692 43138
19.8699 43186
19.8838 43234
19.8848 43282
19.8853 43330
19.8857 43378
19.8862 43426
19.8867 43474
19.8872 43522
19.8877 43570
19.8881 43618
19.8886 43666
19.8893 43714
19.8901 43761
19.8905 43808
19.8913 43855
19.9052 43902
19.9062 43949
19.9069 43996
19.9074 44043
19.9078 44090
19.9083 44137
19.9088 44184
19.9093 44231
19.9098 44278
19.9102 44325
19.9107 44372
19.9114 44419
19.9122 44466
19.9126 44513
19.9134 44560
19.9273 44607
19.9285 44654
19.9292 44700
19.9297 44746
19.9302 44792
19.9307 44838
19.9312 44884
19.9316 44930
19.9321 44976
19.9326 45022
19.9331 45068
19.9338 45114
19.9345 45160
19.935 45206
19.9357 45252
19.9497 45298
19.9509 45344
19.9513 45390
19.9518 45436
19.9523 45482
19.9528 45528
19.9533 45574
19.9537 45620
19.9542 45665
19.9547 45710
19.9552 45755
19.9561 45800
19.9566 45845
19.9571 45890
19.9578 45935
19.9718 45980
19.9732 46025
19.9737 46070
19.9742 46115
19.9747 46160
19.9751 46205
19.9756 46250
19.9761 46295
19.9766 46340
19.9771 46385
19.9775 46430
19.9785 46475
19.979 46520
19.9795 46565
19.9802 46610
19.9941 46654
19.9956 46698
19.9963 46742
19.9968 46786
19.9972 46830
19.9977 46874
19.9982 46918
19.9987 46962
19.9992 47006
19.9996 47050
20.0001 47094
20.0006 47138
20.0016 47182
20.002 47226
20.0025 47270
20.0032 47314
20.0172 47358
20.0186 47402
20.0194 47446
20.0198 47490
20.0203 47534
20.0208 47578
20.0213 47622
20.0218 47666
20.0222 47709
20.0227 47752
20.0232 47795
20.0237 47838
20.0246 47881
20.0251 47924
20.0256 47967
20.0263 48010
20.0405 48053
20.042 48096
20.0427 48139
20.0432 48182
20.0436 48225
20.0441 48268
20.0446 48311
20.0451 48354
20.0456 48397
20.0465 48440
20.0475 48483
20.048 48526
20.0487 48569
20.0494 48612
20.0499 48655
20.0504 48698
20.0645 48741
20.066 48784
20.0667 48826
20.0672 48868
20.0677 48910
20.0682 48952
20.0686 48994
20.0691 49036
20.0696 49078
20.0706 49120
20.0718 49162
20.0722 49204
20.073 49246
20.0737 49288
20.0742 49330
20.0746 49372
20.0888 49414
20.0905 49456
20.0912 49498
20.0917 49540
20.0922 49582
20.0927 49624
20.0931 49666
20.0936 49708
20.0941 49750
20.0953 49792
20.0968 49834
20.0977 49876
20.0984 49918
20.0992 49960
20.0996 50001
20.1001 50042
20.1008 50083
20.115 50124
20.1167 50165
20.1174 50206
20.1179 50247
20.1184 50288
20.1189 50329
20.1193 50370
20.1198 50411
20.1203 50452
20.1215 50493
20.1234 50534
20.1246 50575
20.1253 50616
20.1261 50657
20.1266 50698
20.127 50739
20.1278 50780
20.1422 50821
20.1439 50862
20.1446 50903
20.1451 50944
20.1455 50985
20.146 51026
20.1465 51067
20.147 51108
20.1477 51149
20.1491 51189
20.1515 51229
20.1532 51269
20.1539 51309
20.1547 51349
20.1551 51389
20.1556 51429
20.1561 51469
20.1705 51509
20.1722 51549
20.1729 51589
20.1734 51629
20.1739 51669
20.1744 51709
20.1749 51749
20.1753 51789
20.1761 51829
20.178 51869
20.1809 51909
20.183 51949
20.1845 51989
20.1852 52029
20.1857 52069
20.1862 52109
20.1866 52149
20.2011 52189
20.203 52229
20.2037 52269
20.2042 52309
20.2047 52349
20.2051 52389
20.2056 52429
20.2061 52468
20.2068 52507
20.209 52546
20.2123 52585
20.215 52624
20.2174 52663
20.2186 52702
20.2196 52741
20.2205 52780
20.221 52819
20.222 52858
20.2361 52897
20.2381 52936
20.2388 52975
20.2393 53014
20.2397 53053
20.2402 53092
20.2407 53131
20.2412 53170
20.2419 53209
20.2443 53248
20.2482 53287
20.2513 53326
20.2546 53365
20.2563 53404
20.2578 53443
20.2592 53482
20.2602 53521
20.2621 53560
20.2765 53599
20.2784 53638
20.2792 53677
20.2796 53716
20.2801 53755
20.2806 53794
20.2811 53832
20.2816 53870
20.2823 53908
20.2849 53946
20.2892 53984
20.2929 54022
20.2972 54060
20.2993 54098
20.3013 54136
20.3032 54174
20.3046 54212
20.3075 54250
20.3241 54288
20.3258 54326
20.3265 54364
20.327 54402
20.3275 54440
20.3279 54478
20.3284 54516
20.3289 54554
20.3296 54592
20.3327 54630
20.3376 54668
20.3416 54706
20.3469 54744
20.3496 54782
20.352 54820
20.3544 54858
20.3563 54896
20.3601 54934
20.3746 54972
20.3762 55010
20.377 55048
20.3774 55086
20.3779 55124
20.3784 55162
20.3789 55200
20.3794 55237
20.3798 55274
20.3832 55311
20.3885 55348
20.3931 55385
20.3993 55422
20.4024 55459
20.4053 55496
20.4082 55533
20.4106 55570
20.4154 55607
20.4358 55644
20.4392 55681
20.4409 55718
20.4419 55755
20.4428 55792
20.4438 55829
20.4447 55866
20.4457 55903
20.4467 55940
20.4476 55977
20.4512 56014
20.457 56051
20.462 56088
20.4692 56125
20.4729 56162
20.4762 56199
20.4796 56236
20.4825 56273
20.4882 56310
20.5149 56347
20.52 56384
20.5226 56421
20.524 56458
20.5255 56495
20.5269 56532
20.5284 56569
20.5298 56606
20.5313 56643
20.5327 56680
20.5368 56716
20.543 56752
20.5486 56788
20.5567 56824
20.5608 56860
20.5647 56896
20.5685 56932
20.5719 56968
20.5786 57004
20.6115 57040
20.618 57076
20.6216 57112
20.6235 57148
20.6255 57184
20.6271 57220
20.6291 57256
20.631 57292
20.6329 57328
20.6348 57364
20.6394 57400
20.6461 57436
20.6521 57472
20.6613 57508
20.6658 57544
20.6702 57580
20.6745 57616
20.6783 57652
20.686 57688
20.7254 57724
20.7254 28160
20.7334 28234
20.7334 28160
20.7379 28234
20.7379 28160
20.7403 28234
20.7403 28160
20.7427 28234
20.7427 28160
20.7449 28234
20.7449 28160
20.7473 28234
20.7473 28160
20.7497 28234
20.7497 28160
20.7521 28234
20.7521 28160
20.7545 28234
20.7545 28160
20.7596 28234
20.7596 28160
20.7668 28234
20.7668 28160
20.7733 28234
20.7733 28160
20.7833 28234
20.7833 28160
20.7884 28234
20.7884 28160
20.7932 28234
20.7932 28160
20.798 28234
20.798 28160
20.8023 28234
20.8023 28160
20.811 28234
20.811 28160
20.886 28234
20.8932 28308
20.8997 28382
20.9098 28455
20.9148 28528
20.9196 28601
20.9244 28674
20.9287 28747
20.9374 28819
21.0124 28891
21.0196 28963
21.0232 29035
21.0241 29107
21.0268 29179
21.0316 29250
21.0364 29321
21.0407 29392
21.0494 29463
21.1241 29534
21.1313 29604
21.1318 29674
21.1357 29744
21.1376 29814
21.1407 29884
21.146 29954
21.1513 30023
21.1561 30092
21.1657 30161
21.2488 30230
21.2561 30299
21.2565 30368
21.2604 30437
21.2623 30505
21.2654 30573
21.2707 30641
21.276 30709
21.2808 30777
21.2904 30845
21.3738 30912
21.381 30979
21.3815 31046
21.3853 31113
21.387 31180
21.3904 31247
21.3957 31314
21.401 31380
21.4058 31446
21.4154 31512
21.4942 31578
21.5017 31644
21.5021 31710
21.5057 31776
21.5074 31841
21.5108 31906
21.5161 31971
21.5214 32036
21.5262 32101
21.5358 32166
21.6144 32231
21.6218 32296
21.6223 32360
21.6259 32424
21.6276 32488
21.631 32552
21.6319 32616
21.637 32680
21.6422 32744
21.6473 32808
21.6569 32871
21.7355 32934
21.7355 15872
21.7427 16004
21.7427 15872
21.7432 16004
21.7432 15872
21.747 16004
21.747 15872
21.7487 16004
21.7487 15872
21.7521 16004
21.7521 15872
21.753 16004
21.753 15872
21.7581 16004
21.7581 15872
21.7634 16004
21.7634 15872
21.7684 16004
21.7684 15872
21.778 16004
21.778 15872
21.8715 16004
21.8766 16135
21.8818 16264
21.8869 16392
21.8967 16519
21.9905 16645
21.9953 16770
22.0006 16895
22.0056 17019
22.0155 17142
22.1094 17264
22.1142 17385
22.1195 17505
22.1246 17624
22.1344 17742
22.2284 17860
22.2332 17977
22.2339 18093
22.2392 18208
22.2443 18323
22.2541 18437
22.3481 18550
22.3529 18663
22.3536 18775
22.3589 18886
22.3639 18997
22.374 19107
22.4677 19216
22.4726 19325
22.4733 19433
22.4786 19540
22.4834 19647
22.4927 19753
22.5288 19859
22.5336 19964
22.5343 20069
22.5396 20173
22.5444 20276
22.5538 20379
22.5901 20481
22.5949 20583
22.5956 20684
22.6009 20785
22.6057 20885
22.6067 20985
22.6158 21084
22.6518 21183
22.6569 21281
22.6576 21379
22.6629 21477
22.6677 21574
22.6687 21671
22.6778 21767
22.7141 21863
22.7141 10240
22.7191 10444
22.7191 10240
22.7198 10444
22.7198 10240
22.7251 10444
22.7251 10240
22.7299 10444
22.7299 10240
22.7309 10444
22.7309 10240
22.74 10444
22.74 10240
22.7905 10444
22.7915 10644
22.8006 10840
22.8513 11033
22.8523 11223
22.8614 11409
22.9119 11592
22.9131 11772
22.9222 11950
22.9729 12125
22.9739 12297
22.9748 12467
22.984 12635
23.0349 12800
23.0361 12963
23.0371 13124
23.0462 13283
23.0974 13440
23.0986 13596
23.0996 13750
23.1084 13902
23.1596 14052
23.1608 14201
23.1618 14348
23.1707 14494
23.2219 14638
23.2231 14781
23.224 14922
23.2329 15062
23.2336 15201
23.2851 15338
23.2865 15474
23.2875 15609
23.2964 15743
23.2971 15876
23.3488 16008
23.3502 16138
23.3512 16267
23.3601 16395
23.3608 16522
23.4129 16648
23.4141 16773
23.4151 16898
23.424 17022
23.4247 17145
23.4454 17267
23.4466 17388
23.4475 17508
23.4564 17627
23.4571 17745
23.4781 17863
23.4793 17980
23.4802 18096
23.4809 18211
23.4898 18326
23.4908 18440
23.5119 18553
23.5131 18666
23.5139 18778
23.5148 18889
23.5237 19000
23.5247 19110
23.5456 19219
23.5468 19328
23.5475 19436
23.5485 19543
23.5571 19650
23.5583 19756
23.5792 19862
23.5804 19967
23.5814 20072
23.5821 20176
23.5908 20279
23.592 20382
23.6131 20484
23.6143 20586
23.6153 20687
23.616 20788
23.6246 20888
23.6254 20988
23.6266 21087
23.6482 21186
23.6494 21284
23.6501 21382
23.6511 21480
23.6597 21577
23.6605 21674
23.6617 21770
23.6835 21866
23.6847 21961
23.6855 22056
23.6864 22151
23.6951 22245
23.6958 22339
23.697 22432
23.7186 22525
23.7186 10752
23.7198 10947
23.7198 10752
23.7208 10947
23.7208 10752
23.7215 10947
23.7215 10752
23.7301 10947
23.7301 10752
23.7309 10947
23.7309 10752
23.7321 10947
23.7321 10752
23.7636 10947
23.7643 11138
23.7655 11326
23.7972 11511
23.7982 11693
23.7994 11872
23.8313 12048
23.8323 12222
23.833 12393
23.8342 12562
23.8659 12728
23.8671 12892
23.8679 13054
23.8691 13214
23.9008 13372
23.902 13528
23.9027 13682
23.9037 13835
23.9359 13986
23.9371 14135
23.9378 14283
23.9387 14429
23.9712 14574
23.9724 14717
23.9731 14859
23.9741 15000
24.0068 15139
24.0077 15277
24.0089 15414
24.0096 15550
24.0106 15684
24.043 15817
24.044 15949
24.0452 16080
24.0459 16210
24.0469 16339
24.0796 16467
24.0808 16594
24.0817 16720
24.0825 16845
24.0834 16969
24.1163 17092
24.1175 17214
24.1185 17335
24.1192 17455
24.1202 17575
24.1534 17694
24.1546 17812
24.1555 17929
24.1565 18045
24.157 18161
24.1579 18276
24.1911 18390
24.1923 18504
24.1932 18617
24.1942 18729
24.1947 18840
24.1956 18951
24.2291 19061
24.2303 19170
24.2312 19279
24.2319 19387
24.2327 19495
24.2334 19602
24.2673 19708
24.2685 19814
24.2694 19919
24.2701 20024
24.2709 20128
24.2716 20232
24.3057 20335
24.3069 20438
24.3079 20540
24.3088 20642
24.3093 20743
24.3103 20844
24.3442 20944
24.3451 21044
24.3461 21143
24.3471 21242
24.348 21340
24.3485 21438
24.3495 21535
24.3809 21632
24.3819 21728
24.3829 21824
24.3838 21920
24.3845 22015
24.3853 22110
24.3862 22204
24.4179 22298
24.4189 22392
24.4196 22485
24.4203 22578
24.4208 22670
24.4213 22762
24.4218 22854
24.4389 22945
24.4398 23036
24.4405 23127
24.4415 23217
24.442 23307
24.4425 23396
24.4429 23485
24.46 23574
24.4612 23662
24.4619 23750
24.4629 23838
24.4634 23925
24.4638 24012
24.4643 24099
24.4648 24186
24.4821 24272
24.4833 24358
24.484 24444
24.485 24529
24.4855 24614
24.486 24699
24.4864 24783
24.4869 24867
24.5047 24951
24.5059 25035
24.5066 25118
24.5076 25201
24.5081 25284
24.5085 25366
24.509 25448
24.5095 25530
24.5268 25612
24.528 25693
24.5287 25774
24.5297 25855
24.5302 25936
24.5307 26016
24.5311 26096
24.5316 26176
24.5492 26256
24.5506 26335
24.5513 26414
24.5523 26493
24.5528 26572
24.5532 26650
24.5537 26728
24.5542 26806
24.5552 26884
24.5727 26961
24.5742 27038
24.5749 27115
24.5758 27192
24.5763 27269
24.5768 27345
24.5773 27421
24.5778 27497
24.5787 27573
24.5967 27649
24.5982 27724
24.5989 27799
24.5999 27874
24.6003 27949
24.6008 28024
24.6013 28098
24.6018 28172
24.6028 28246
24.6203 28320
24.6217 28394
24.6225 28467
24.6234 28540
24.6239 28613
24.6244 28686
24.6249 28759
24.6253 28831
24.6263 28903
24.6441 28975
24.6458 29047
24.6465 29119
24.6475 29191
24.6479 29262
24.6484 29333
24.6489 29404
24.6494 29475
24.6503 29546
24.6684 29616
24.6691 29686
24.6708 29756
24.6715 29826
24.6724 29896
24.6729 29966
24.6734 30035
24.6739 30104
24.6744 30173
24.6753 30242
24.6936 30311
24.6943 30380
24.6962 30449
24.697 30517
24.6979 30585
24.6984 30653
24.6989 30721
24.6994 30789
24.6998 30857
24.7008 30924
24.7188 30991
24.7188 14848
24.7195 14989
24.7195 14848
24.7215 14989
24.7215 14848
24.722 14989
24.722 14848
24.7229 14989
24.7229 14848
24.7234 14989
24.7234 14848
24.7239 14989
24.7239 14848
24.7244 14989
24.7244 14848
24.7248 14989
24.7248 14848
24.7258 14989
24.7258 14848
24.7462 14989
24.7467 15128
24.7472 15266
24.7479 15403
24.7491 15539
24.7695 15673
24.77 15806
24.7705 15938
24.7715 16069
24.7727 16199
24.7931 16328
24.7936 16456
24.794 16583
24.7948 16709
24.796 16834
24.8169 16958
24.8176 17081
24.8181 17203
24.8186 17324
24.8198 17445
24.8404 17565
24.8411 17684
24.8416 17802
24.8421 17919
24.8433 18036
24.844 18152
24.8649 18267
24.8657 18381
24.8661 18495
24.8669 18608
24.8681 18720
24.8688 18832
24.8899 18943
24.8907 19053
24.8911 19163
24.8919 19272
24.8931 19380
24.8938 19488
24.9152 19595
24.9161 19702
24.9166 19808
24.9171 19913
24.9183 20018
24.919 20122
24.9402 20226
24.9411 20329
24.9416 20432
24.9421 20534
24.9433 20636
24.944 20737
24.9654 20838
24.9666 20938
24.9671 21038
24.9676 21137
24.9685 21236
24.9695 21334
24.9702 21432
24.9918 21529
24.993 21626
24.9935 21722
24.994 21818
24.995 21914
24.9959 22009
24.9966 22104
25.0187 22198
25.0199 22292
25.0204 22386
25.0209 22479
25.0216 22572
25.0226 22664
25.0233 22756
25.0452 22848
25.0464 22939
25.0469 23030
25.0473 23121
25.0481 23211
25.049 23301
25.0497 23390
25.0716 23479
25.0731 23568
25.0735 23656
25.074 23744
25.0747 23832
25.0757 23919
25.0767 24006
25.0774 24093
25.0993 24180
25.1007 24266
25.1012 24352
25.1017 24438
25.1026 24523
25.1036 24608
25.1045 24693
25.1053 24777
25.1274 24861
25.1288 24945
25.1293 25029
25.1298 25112
25.1307 25195
25.1317 25278
25.1327 25360
25.1334 25442
25.1555 25524
25.1569 25606
25.1574 25687
25.1579 25768
25.1586 25849
25.1596 25930
25.1605 26010
25.1613 26090
25.1834 26170
25.185 26250
25.1855 26329
25.186 26408
25.1867 26487
25.1877 26566
25.1887 26644
25.1894 26722
25.1903 26800
25.2124 26878
25.2141 26956
25.2146 27033
25.2151 27110
25.216 27187
25.217 27264
25.218 27340
25.2187 27416
25.2197 27492
25.242 27568
25.2437 27644
25.2442 27719
25.2446 27794
25.2456 27869
25.2466 27944
25.2475 28019
25.2483 28093
25.2492 28167
25.2718 28241
25.2732 28315
25.2737 28389
25.2742 28462
25.2749 28535
25.2759 28608
25.2768 28681
25.2776 28754
25.2785 28826
25.3014 28898
25.3028 28970
25.3033 29042
25.3038 29114
25.3045 29186
25.3054 29257
25.3064 29328
25.3071 29399
25.3081 29470
25.3312 29541
25.3326 29611
25.3333 29681
25.3338 29751
25.3345 29821
25.3352 29891
25.3362 29961
25.3372 30030
25.3379 30099
25.3389 30168
25.361 30237
25.3624 30306
25.3634 30375
25.3638 30444
25.3643 30512
25.3648 30580
25.3653 30648
25.3658 30716
25.3662 30784
25.3667 30852
25.3886 30919
25.39 30986
25.3908 31053
25.3912 31120
25.3917 31187
25.3922 31254
25.3927 31321
25.3932 31387
25.3936 31453
25.3941 31519
25.4107 31585
25.4112 31651
25.4117 31717
25.4121 31783
25.4126 31848
25.4131 31913
25.4136 31978
25.4141 32043
25.4146 32108
25.415 32173
25.4312 32238
25.4317 32303
25.4322 32367
25.4326 32431
25.4331 32495
25.4336 32559
25.4341 32623
25.4346 32687
25.4351 32751
25.4355 32815
25.4363 32878
25.4519 32941
25.4524 33004
25.4529 33067
25.4534 33130
25.4539 33193
25.4543 33256
25.4548 33319
25.4553 33381
25.4558 33443
25.4563 33505
25.4572 33567
25.4727 33629
25.4732 33691
25.4736 33753
25.4741 33815
25.4746 33877
25.4751 33938
25.4756 33999
25.476 34060
25.4765 34121
25.477 34182
25.4777 34243
25.4932 34304
25.4937 34365
25.4941 34426
25.4946 34486
25.4951 34546
25.4956 34606
25.4961 34666
25.4965 34726
25.497 34786
25.4975 34846
25.4982 34906
25.5137 34966
25.5146 35025
25.5151 35084
25.5156 35143
25.5161 35202
25.5166 35261
25.517 35320
25.5175 35379
25.518 35438
25.5185 35497
25.519 35556
25.5197 35614
25.5347 35672
25.5354 35730
25.5359 35788
25.5363 35846
25.5368 35904
25.5373 35962
25.5378 36020
25.5383 36078
25.5387 36136
25.5392 36194
25.5397 36251
25.5407 36308
25.5556 36365
25.5561 36422
25.5566 36479
25.5571 36536
25.5576 36593
25.558 36650
25.5585 36707
25.559 36764
25.5595 36821
25.56 36877
25.5607 36933
25.5614 36989
25.5761 37045
25.5769 37101
25.5773 37157
25.5778 37213
25.5783 37269
25.5788 37325
25.5793 37381
25.5797 37437
25.5802 37493
25.5807 37548
25.5812 37603
25.5821 37658
25.5966 37713
25.5976 37768
25.5981 37823
25.5986 37878
25.599 37933
25.5995 37988
25.6 38043
25.6005 38098
25.601 38153
25.6014 38207
25.6019 38261
25.6026 38315
25.6034 38369
25.6176 38423
25.6183 38477
25.6188 38531
25.6193 38585
25.6198 38639
25.6203 38693
25.6207 38747
25.6212 38801
25.6217 38855
25.6222 38908
25.6227 38961
25.6236 39014
25.6243 39067
25.639 39120
25.6395 39173
25.64 39226
25.6404 39279
25.6409 39332
25.6414 39385
25.6419 39438
25.6424 39491
25.6428 39544
25.6433 39597
25.644 39649
25.6448 39701
25.6457 39753
25.6606 39805
25.6611 39857
25.6616 39909
25.6621 39961
25.6625 40013
25.663 40065
25.6635 40117
25.664 40169
25.6645 40221
25.665 40273
25.6654 40325
25.6664 40376
25.6671 40427
25.6825 40478
25.6832 40529
25.6837 40580
25.6842 40631
25.6847 40682
25.6851 40733
25.6856 40784
25.6861 40835
25.6866 40886
25.6871 40937
25.6875 40988
25.6883 41039
25.689 41090
25.7041 41141
25.7048 41191
25.7053 41241
25.7058 41291
25.7063 41341
25.7068 41391
25.7072 41441
25.7077 41491
25.7082 41541
25.7087 41591
25.7092 41641
25.7092 19968
25.7099 20073
25.7099 19968
25.7106 20073
25.7106 19968
25.7113 20073
25.7113 19968
25.7267 20073
25.7267 19968
25.7274 20073
25.7274 19968
25.7279 20073
25.7279 19968
25.7284 20073
25.7284 19968
25.7289 20073
25.7289 19968
25.7294 20073
25.7294 19968
25.7298 20073
25.7298 19968
25.7303 20073
25.7303 19968
25.7308 20073
25.7308 19968
25.7313 20073
25.7313 19968
25.7494 20073
25.7499 20177
25.7503 20280
25.7508 20383
25.7513 20485
25.7518 20587
25.7699 20688
25.7704 20789
25.7708 20889
25.7713 20989
25.7718 21088
25.7723 21187
25.7728 21285
25.7906 21383
25.7911 21481
25.7916 21578
25.7921 21675
25.7925 21771
25.793 21867
25.7937 21962
25.8113 22057
25.8118 22152
25.8123 22246
25.8128 22340
25.8133 22433
25.8138 22526
25.8147 22619
25.8318 22711
25.8323 22803
25.8328 22894
25.8333 22985
25.8338 23076
25.8343 23166
25.8352 23256
25.8525 23346
25.853 23435
25.8535 23524
25.854 23613
25.8544 23701
25.8549 23789
25.8557 23877
25.8564 23964
25.874 24051
25.8747 24138
25.8752 24224
25.8757 24310
25.8761 24396
25.8766 24481
25.8773 24566
25.8781 24651
25.8954 24736
25.8958 24820
25.8963 24904
25.8968 24988
25.8973 25071
25.8978 25154
25.8987 25237
25.8994 25320
25.917 25402
25.9175 25484
25.918 25566
25.9184 25648
25.9189 25729
25.9194 25810
25.9204 25891
25.9211 25971
25.9389 26051
25.9396 26131
25.9401 26211
25.9405 26290
25.941 26369
25.9415 26448
25.9422 26527
25.9429 26606
25.961 26684
25.9622 26762
25.9627 26840
25.9631 26918
25.9636 26995
25.9641 27072
25.9646 27149
25.9653 27226
25.966 27303
25.9838 27379
25.9848 27455
25.9852 27531
25.9857 27607
25.9862 27682
25.9867 27757
25.9872 27832
25.9881 27907
25.9888 27982
26.0071 28056
26.0078 28130
26.0083 28204
26.0088 28278
26.0093 28352
26.0098 28425
26.0105 28498
26.0112 28571
26.0119 28644
26.0304 28717
26.0314 28790
26.0319 28862
26.0323 28934
26.0328 29006
26.0333 29078
26.0338 29150
26.0347 29221
26.0352 29292
26.054 29363
26.0552 29434
26.0559 29505
26.0564 29576
26.0569 29646
26.0573 29716
26.0578 29786
26.0583 29856
26.0593 29926
26.0597 29996
26.0782 30065
26.0794 30134
26.0799 30203
26.0804 30272
26.0809 30341
26.0814 30410
26.0819 30478
26.0826 30546
26.0833 30614
26.084 30682
26.103 30750
26.104 30818
26.1044 30886
26.1049 30953
26.1054 31020
26.1059 31087
26.1064 31154
26.1073 31221
26.1078 31288
26.1085 31355
26.1278 31421
26.129 31487
26.1294 31553
26.1299 31619
26.1304 31685
26.1309 31751
26.1314 31817
26.1321 31882
26.1328 31947
26.1333 32012
26.1527 32077
26.1542 32142
26.1549 32207
26.1554 32272
26.1559 32336
26.1564 32400
26.1568 32464
26.1573 32528
26.1583 32592
26.1588 32656
26.1592 32720
26.1785 32784
26.1799 32847
26.1804 32910
26.1809 32973
26.1813 33036
26.1818 33099
26.1823 33162
26.183 33225
26.1837 33288
26.1842 33350
26.1849 33412
26.2044 33474
26.2056 33536
26.2061 33598
26.2066 33660
26.2071 33722
26.2075 33784
26.208 33846
26.209 33907
26.2097 33968
26.2102 34029
26.2111 34090
26.2304 34151
26.2318 34212
26.2323 34273
26.2328 34334
26.2333 34395
26.2337 34455
26.2342 34515
26.2352 34575
26.2361 34635
26.2366 34695
26.2373 34755
26.2566 34815
26.2582 34875
26.259 34935
26.2594 34995
26.2599 35054
26.2604 35113
26.2609 35172
26.2616 35231
26.2626 35290
26.2633 35349
26.2638 35408
26.2647 35467
26.284 35526
26.2856 35585
26.2861 35643
26.2866 35701
26.2871 35759
26.2876 35817
26.288 35875
26.2888 35933
26.2897 35991
26.2904 36049
26.2909 36107
26.2919 36165
26.3111 36222
26.3128 36279
26.3133 36336
26.3138 36393
26.3142 36450
26.3147 36507
26.3152 36564
26.3162 36621
26.3171 36678
26.3176 36735
26.3183 36792
26.3193 36848
26.3388 36904
26.3404 36960
26.3409 37016
26.3414 37072
26.3419 37128
26.3424 37184
26.3428 37240
26.3433 37296
26.3438 37352
26.3443 37408
26.3448 37464
26.3452 37519
26.3623 37574
26.364 37629
26.3649 37684
26.3654 37739
26.3659 37794
26.3664 37849
26.3669 37904
26.3674 37959
26.3678 38014
26.3683 38069
26.3688 38124
26.3693 38178
26.3861 38232
26.3878 38286
26.3887 38340
26.3892 38394
26.3897 38448
26.3902 38502
26.3907 38556
26.3911 38610
26.3916 38664
26.3921 38718
26.3926 38772
26.3931 38826
26.3938 38880
26.4075 38933
26.4085 38986
26.4095 39039
26.41 39092
26.4104 39145
26.4109 39198
26.4114 39251
26.4119 39304
26.4124 39357
26.4128 39410
26.4133 39463
26.4138 39516
26.4148 39569
26.4282 39621
26.4293 39673
26.4302 39725
26.4307 39777
26.4312 39829
26.4317 39881
26.4321 39933
26.4326 39985
26.4331 40037
26.4336 40089
26.4341 40141
26.4345 40193
26.4353 40245
26.4487 40297
26.4498 40349
26.4507 40400
26.4512 40451
26.4517 40502
26.4522 40553
26.4526 40604
26.4531 40655
26.4536 40706
26.4541 40757
26.4546 40808
26.455 40859
26.4558 40910
26.4692 40961
26.4703 41012
26.4712 41063
26.4717 41114
26.4722 41164
26.4727 41214
26.4731 41264
26.4736 41314
26.4741 41364
26.4746 41414
26.4751 41464
26.4755 41514
26.476 41564
26.4767 41614
26.4902 41664
26.491 41714
26.492 41764
26.4924 41814
26.4929 41864
26.4934 41914
26.4939 41964
26.4944 42013
26.4948 42062
26.4953 42111
26.4958 42160
26.4963 42209
26.4968 42258
26.4977 42307
26.5109 42356
26.5117 42405
26.5127 42454
26.5132 42503
26.5136 42552
26.5141 42601
26.5146 42650
26.5151 42699
26.5156 42748
26.5161 42797
26.5165 42845
26.517 42893
26.5175 42941
26.5182 42989
26.5314 43037
26.5322 43085
26.5332 43133
26.5337 43181
26.5341 43229
26.5346 43277
26.5351 43325
26.5356 43373
26.5361 43421
26.5366 43469
26.537 43517
26.5375 43565
26.538 43613
26.5387 43661
26.5519 43709
26.5529 43756
26.5537 43803
26.5542 43850
26.5546 43897
26.5551 43944
26.5556 43991
26.5561 44038
26.5566 44085
26.557 44132
26.5575 44179
26.558 44226
26.5585 44273
26.559 44320
26.5597 44367
26.5729 44414
26.5736 44461
26.5744 44508
26.5749 44555
26.5754 44602
26.5759 44649
26.5763 44695
26.5768 44741
26.5773 44787
26.5778 44833
26.5783 44879
26.5787 44925
26.5792 44971
26.5797 45017
26.5807 45063
26.5939 45109
26.5944 45155
26.5952 45201
26.5956 45247
26.5961 45293
26.5966 45339
26.5971 45385
26.5976 45431
26.598 45477
26.5985 45523
26.599 45569
26.5995 45615
26.6 45660
26.6004 45705
26.6012 45750
26.6144 45795
26.6151 45840
26.6157 45885
26.6161 45930
26.6166 45975
26.6171 46020
26.6176 46065
26.6181 46110
26.6185 46155
26.619 46200
26.6195 46245
26.62 46290
26.6205 46335
26.6209 46380
26.6217 46425
26.6349 46470
26.6361 46515
26.6366 46560
26.637 46605
26.6375 46649
26.638 46693
26.6385 46737
26.639 46781
26.6395 46825
26.6399 46869
26.6404 46913
26.6409 46957
26.6414 47001
26.6419 47045
26.6423 47089
26.6431 47133
26.656 47177
26.657 47221
26.6575 47265
26.658 47309
26.6584 47353
26.6589 47397
26.6594 47441
26.6599 47485
26.6604 47529
26.6608 47573
26.6613 47617
26.6618 47661
26.6623 47704
26.6628 47747
26.6632 47790
26.6642 47833
26.6777 47876
26.6784 47919
26.6789 47962
26.6793 48005
26.6798 48048
26.6803 48091
26.6808 48134
26.6813 48177
26.6817 48220
26.6822 48263
26.6827 48306
26.6832 48349
26.6837 48392
26.6842 48435
26.6846 48478
26.6854 48521
26.6993 48564
26.7003 48607
26.7007 48650
26.7012 48693
26.7017 48736
26.7022 48779
26.7027 48821
26.7031 48863
26.7036 48905
26.7041 48947
26.7046 48989
26.7051 49031
26.7055 49073
26.706 49115
26.7065 49157
26.707 49199
26.7207 49241
26.7207 24064
26.7219 24151
26.7219 24064
26.7226 24151
26.7226 24064
26.7231 24151
26.7231 24064
26.7236 24151
26.7236 24064
26.724 24151
26.724 24064
26.7245 24151
26.7245 24064
26.725 24151
26.725 24064
26.7255 24151
26.7255 24064
26.726 24151
26.726 24064
26.7264 24151
26.7264 24064
26.7269 24151
26.7269 24064
26.7274 24151
26.7274 24064
26.7279 24151
26.7279 24064
26.7284 24151
26.7284 24064
26.7288 24151
26.7288 24064
26.746 24151
26.7467 24237
26.7472 24323
26.7477 24409
26.7481 24494
26.7486 24579
26.7491 24664
26.7498 24749
26.7667 24833
26.7674 24917
26.7679 25001
26.7684 25084
26.7689 25167
26.7694 25250
26.7698 25333
26.7703 25415
26.7872 25497
26.7879 25579
26.7884 25660
26.7889 25741
26.7894 25822
26.7899 25903
26.7903 25983
26.7908 26063
26.8077 26143
26.8084 26223
26.8089 26302
26.8094 26381
26.8099 26460
26.8104 26539
26.8108 26618
26.8113 26696
26.8282 26774
26.8287 26852
26.8292 26930
26.8297 27007
26.8301 27084
26.8306 27161
26.8311 27238
26.8316 27314
26.8321 27390
26.849 27466
26.8494 27542
26.8499 27618
26.8504 27693
26.8509 27768
26.8514 27843
26.8518 27918
26.8523 27993
26.8528 28067
26.8697 28141
26.8702 28215
26.8707 28289
26.8711 28363
26.8716 28436
26.8721 28509
26.8726 28582
26.8731 28655
26.8735 28728
26.8902 28800
26.8907 28872
26.8912 28944
26.8916 29016
26.8921 29088
26.8926 29160
26.8931 29231
26.8936 29302
26.894 29373
26.9111 29444
26.9116 29515
26.9121 29586
26.9125 29656
26.913 29726
26.9135 29796
26.914 29866
26.9145 29936
26.9149 30006
26.9157 30075
26.9322 30144
26.9327 30213
26.9332 30282
26.9337 30351
26.9342 30420
26.9346 30488
26.9351 30556
26.9356 30624
26.9361 30692
26.9368 30760
26.9539 30828
26.9544 30896
26.9548 30963
26.9553 31030
26.9558 31097
26.9563 31164
26.9568 31231
26.9572 31298
26.9577 31364
26.9582 31430
26.9755 31496
26.976 31562
26.9765 31628
26.9769 31694
26.9774 31760
26.9779 31826
26.9784 31891
26.9789 31956
26.9793 32021
26.9798 32086
26.9969 32151
26.9979 32216
26.9983 32281
26.9988 32345
26.9993 32409
26.9998 32473
27.0003 32537
27.0007 32601
27.0012 32665
27.0017 32729
27.0027 32793
27.0195 32856
27.0202 32919
27.0207 32982
27.0212 33045
27.0216 33108
27.0221 33171
27.0226 33234
27.0231 33297
27.0236 33359
27.0243 33421
27.0252 33483
27.0426 33545
27.043 33607
27.0435 33669
27.044 33731
27.0445 33793
27.045 33855
27.0454 33916
27.0459 33977
27.0464 34038
27.0469 34099
27.0478 34160
27.0656 34221
27.0663 34282
27.0668 34343
27.0673 34404
27.0678 34464
27.0683 34524
27.0687 34584
27.0692 34644
27.0697 34704
27.0702 34764
27.0709 34824
27.0885 34884
27.0897 34944
27.0901 35004
27.0906 35063
27.0911 35122
27.0916 35181
27.0921 35240
27.0925 35299
27.093 35358
27.0935 35417
27.0942 35476
27.0949 35535
27.1125 35594
27.1134 35652
27.1139 35710
27.1144 35768
27.1149 35826
27.1154 35884
27.1158 35942
27.1163 36000
27.1168 36058
27.1173 36116
27.1183 36174
27.119 36231
27.137 36288
27.1377 36345
27.1382 36402
27.1387 36459
27.1392 36516
27.1396 36573
27.1401 36630
27.1406 36687
27.1411 36744
27.1416 36801
27.1425 36857
27.1432 36913
27.1615 36969
27.1625 37025
27.163 37081
27.1634 37137
27.1639 37193
27.1644 37249
27.1649 37305
27.1654 37361
27.1658 37417
27.1663 37473
27.167 37528
27.1678 37583
27.1858 37638
27.187 37693
27.1877 37748
27.1882 37803
27.1887 37858
27.1891 37913
27.1896 37968
27.1901 38023
27.1906 38078
27.1911 38133
27.1918 38187
27.1925 38241
27.2105 38295
27.2117 38349
27.2125 38403
27.2129 38457
27.2134 38511
27.2139 38565
27.2144 38619
27.2149 38673
27.2153 38727
27.2158 38781
27.2163 38835
27.2173 38888
27.218 38941
27.2363 38994
27.2377 39047
27.2382 39100
27.2387 39153
27.2391 39206
27.2396 39259
27.2401 39312
27.2406 39365
27.2411 39418
27.2415 39471
27.242 39524
27.243 39577
27.2437 39629
27.2624 39681
27.2639 39733
27.2644 39785
27.2648 39837
27.2653 39889
27.2658 39941
27.2663 39993
27.2668 40045
27.2673 40097
27.2677 40149
27.2682 40201
27.2689 40253
27.2697 40305
27.2882 40357
27.2898 40408
27.2906 40459
27.291 40510
27.2915 40561
27.292 40612
27.2925 40663
27.293 40714
27.2934 40765
27.2939 40816
27.2944 40867
27.2951 40918
27.2958 40969
27.3144 41020
27.316 41071
27.3168 41122
27.3172 41172
27.3177 41222
27.3182 41272
27.3187 41322
27.3192 41372
27.3196 41422
27.3201 41472
27.3206 41522
27.3213 41572
27.322 41622
27.3228 41672
27.3415 41722
27.3432 41772
27.3439 41822
27.3444 41872
27.3449 41922
27.3454 41972
27.3458 42021
27.3463 42070
27.3468 42119
27.3473 42168
27.3478 42217
27.3482 42266
27.3487 42315
27.3492 42364
27.3646 42413
27.3663 42462
27.367 42511
27.3675 42560
27.3679 42609
27.3684 42658
27.3689 42707
27.3694 42756
27.3699 42805
27.3703 42853
27.3708 42901
27.3713 42949
27.3718 42997
27.3723 43045
27.3874 43093
27.3891 43141
27.3901 43189
27.3905 43237
27.391 43285
27.3915 43333
27.392 43381
27.3925 43429
27.3929 43477
27.3934 43525
27.3939 43573
27.3944 43621
27.3949 43669
27.3953 43717
27.4079 43764
27.4096 43811
27.4106 43858
27.411 43905
27.4115 43952
27.412 43999
27.4125 44046
27.413 44093
27.4134 44140
27.4139 44187
27.4144 44234
27.4149 44281
27.4154 44328
27.4158 44375
27.4163 44422
27.4286 44469
27.4303 44516
27.4313 44563
27.4318 44610
27.4323 44657
27.4327 44703
27.4332 44749
27.4337 44795
27.4342 44841
27.4347 44887
27.4351 44933
27.4356 44979
27.4361 45025
27.4366 45071
27.4373 45117
27.4494 45163
27.4511 45209
27.452 45255
27.4525 45301
27.453 45347
27.4535 45393
27.454 45439
27.4544 45485
27.4549 45531
27.4554 45577
27.4559 45623
27.4564 45668
27.4568 45713
27.4573 45758
27.4583 45803
27.4699 45848
27.4716 45893
27.4725 45938
27.473 45983
27.4735 46028
27.474 46073
27.4744 46118
27.4749 46163
27.4754 46208
27.4759 46253
27.4764 46298
27.4769 46343
27.4773 46388
27.4778 46433
27.4788 46478
27.4904 46523
27.4921 46568
27.493 46613
27.4935 46657
27.494 46701
27.4945 46745
27.4949 46789
27.4954 46833
27.4959 46877
27.4964 46921
27.4969 46965
27.4974 47009
27.4978 47053
27.4983 47097
27.4988 47141
27.4998 47185
27.5113 47229
27.5128 47273
27.5138 47317
27.5142 47361
27.5147 47405
27.5152 47449
27.5157 47493
27.5162 47537
27.5166 47581
27.5171 47625
27.5176 47669
27.5181 47712
27.5186 47755
27.5191 47798
27.5195 47841
27.5207 47884
27.532 47927
27.5335 47970
27.5345 48013
27.535 48056
27.5355 48099
27.5359 48142
27.5364 48185
27.5369 48228
27.5374 48271
27.5379 48314
27.5383 48357
27.5388 48400
27.5393 48443
27.5398 48486
27.5403 48529
27.5412 48572
27.5525 48615
27.554 48658
27.555 48701
27.5555 48744
27.556 48787
27.5564 48829
27.5569 48871
27.5574 48913
27.5579 48955
27.5584 48997
27.5588 49039
27.5593 49081
27.5598 49123
27.5603 49165
27.5608 49207
27.5617 49249
27.5735 49291
27.5745 49333
27.5755 49375
27.576 49417
27.5765 49459
27.5769 49501
27.5774 49543
27.5779 49585
27.5784 49627
27.5789 49669
27.5793 49711
27.5798 49753
27.5803 49795
27.5808 49837
27.5813 49879
27.5822 49921
27.5829 49963
27.5952 50004
27.5957 50045
27.5962 50086
27.5967 50127
27.5972 50168
27.5977 50209
27.5982 50250
27.5986 50291
27.5991 50332
27.5996 50373
27.6001 50414
27.6006 50455
27.601 50496
27.6015 50537
27.602 50578
27.6032 50619
27.6039 50660
27.6162 50701
27.6167 50742
27.6171 50783
27.6176 50824
27.6181 50865
27.6186 50906
27.6191 50947
27.6195 50988
27.62 51029
27.6205 51070
27.621 51111
27.6215 51152
27.622 51192
27.6224 51232
27.6229 51272
27.6242 51312
27.6249 51352
27.6369 51392
27.6374 51432
27.6379 51472
27.6384 51512
27.6388 51552
27.6393 51592
27.6398 51632
27.6403 51672
27.6408 51712
27.6412 51752
27.6417 51792
27.6422 51832
27.6427 51872
27.6432 51912
27.6436 51952
27.6447 51992
27.6454 52032
27.6579 52072
27.6584 52112
27.6589 52152
27.6593 52192
27.6598 52232
27.6603 52272
27.6608 52312
27.6613 52352
27.6617 52392
27.6622 52432
27.6627 52471
27.6632 52510
27.6637 52549
27.6641 52588
27.6646 52627
27.6656 52666
27.6661 52705
27.679 52744
27.6798 52783
27.6802 52822
27.6807 52861
27.6812 52900
27.6817 52939
27.6822 52978
27.6827 53017
27.6831 53056
27.6836 53095
27.6841 53134
27.6846 53173
27.6851 53212
27.6855 53251
27.686 53290
27.6865 53329
27.6875 53368
27.6879 53407
27.7007 53446
27.7016 53485
27.7021 53524
27.7026 53563
27.7031 53602
27.7036 53641
27.704 53680
27.7045 53719
27.705 53758
27.7055 53797
27.706 53835
27.7064 53873
27.7069 53911
27.7074 53949
27.7079 53987
27.7086 54025
27.7093 54063
27.7093 26624
27.71 26702
27.71 26624
27.7228 26702
27.7228 26624
27.7235 26702
27.7235 26624
27.724 26702
27.724 26624
27.7245 26702
27.7245 26624
27.7249 26702
27.7249 26624
27.7254 26702
27.7254 26624
27.7259 26702
27.7259 26624
27.7264 26702
27.7264 26624
27.7269 26702
27.7269 26624
27.7274 26702
27.7274 26624
27.7278 26702
27.7278 26624
27.7283 26702
27.7283 26624
27.7288 26702
27.7288 26624
27.7293 26702
27.7293 26624
27.7298 26702
27.7298 26624
27.7307 26702
27.7307 26624
27.7469 26702
27.7476 26780
27.7481 26858
27.7486 26936
27.7491 27013
27.7495 27090
27.75 27167
27.7505 27244
27.7517 27320
27.7676 27396
27.7683 27472
27.7688 27548
27.7693 27624
27.7698 27699
27.7703 27774
27.7708 27849
27.7712 27924
27.7727 27999
27.7884 28073
27.7891 28147
27.7896 28221
27.79 28295
27.7905 28369
27.791 28442
27.7915 28515
27.792 28588
27.7932 28661
27.8089 28734
27.8096 28806
27.8101 28878
27.8105 28950
27.811 29022
27.8115 29094
27.812 29166
27.8125 29237
27.8137 29308
27.8294 29379
27.8301 29450
27.8306 29521
27.831 29592
27.8315 29662
27.832 29732
27.8325 29802
27.833 29872
27.8334 29942
27.8346 30012
27.8501 30081
27.8508 30150
27.8513 30219
27.8518 30288
27.8523 30357
27.8527 30426
27.8532 30494
27.8537 30562
27.8542 30630
27.8556 30698
27.871 30766
27.8716 30834
27.872 30901
27.8725 30968
27.873 31035
27.8735 31102
27.874 31169
27.8744 31236
27.8749 31303
27.8761 31369
27.8915 31435
27.8921 31501
27.8925 31567
27.893 31633
27.8935 31699
27.894 31765
27.8945 31831
27.8949 31896
27.8954 31961
27.8966 32026
27.9122 32091
27.9127 32156
27.9132 32221
27.9137 32286
27.9142 32350
27.9146 32414
27.9151 32478
27.9156 32542
27.9161 32606
27.9166 32670
27.9176 32734
27.9335 32798
27.9339 32861
27.9344 32924
27.9349 32987
27.9354 33050
27.9359 33113
27.9363 33176
27.9368 33239
27.9373 33302
27.9378 33364
27.9387 33426
27.9549 33488
27.9553 33550
27.9558 33612
27.9563 33674
27.9568 33736
27.9573 33798
27.9577 33860
27.9582 33921
27.9587 33982
27.9592 34043
27.9599 34104
27.976 34165
27.9767 34226
27.9772 34287
27.9777 34348
27.9782 34409
27.9786 34469
27.9791 34529
27.9796 34589
27.9801 34649
27.9806 34709
27.9813 34769
27.9974 34829
27.9981 34889
27.9986 34949
27.9991 35008
27.9995 35067
28 35126
28.0005 35185
28.001 35244
28.0015 35303
28.002 35362
28.0027 35421
28.0034 35480
28.02 35539
28.0205 35597
28.0209 35655
28.0214 35713
28.0219 35771
28.0224 35829
28.0229 35887
28.0233 35945
28.0238 36003
28.0243 36061
28.025 36119
28.0257 36177
28.0428 36234
28.0433 36291
28.0438 36348
28.0442 36405
28.0447 36462
28.0452 36519
28.0457 36576
28.0462 36633
28.0467 36690
28.0471 36747
28.0479 36804
28.0486 36860
28.0656 36916
28.0661 36972
28.0666 37028
28.0671 37084
28.0676 37140
28.068 37196
28.0685 37252
28.069 37308
28.0695 37364
28.07 37420
28.0709 37476
28.0714 37531
28.0885 37586
28.0889 37641
28.0894 37696
28.0899 37751
28.0904 37806
28.0909 37861
28.0914 37916
28.0918 37971
28.0923 38026
28.0928 38081
28.0938 38136
28.0942 38190
28.1115 38244
28.1123 38298
28.1127 38352
28.1132 38406
28.1137 38460
28.1142 38514
28.1147 38568
28.1151 38622
28.1156 38676
28.1161 38730
28.1166 38784
28.1175 38838
28.118 38891
28.1358 38944
28.1365 38997
28.137 39050
28.1375 39103
28.138 39156
28.1385 39209
28.1389 39262
28.1394 39315
28.1399 39368
28.1404 39421
28.1409 39474
28.1418 39527
28.1423 39580
28.1601 39632
28.1608 39684
28.1613 39736
28.1618 39788
28.1622 39840
28.1627 39892
28.1632 39944
28.1637 39996
28.1642 40048
28.1646 40100
28.1654 40152
28.1661 40204
28.1666 40256
28.1844 40308
28.1851 40360
28.1856 40411
28.186 40462
28.1865 40513
28.187 40564
28.1875 40615
28.188 40666
28.1884 40717
28.1889 40768
28.1896 40819
28.1904 40870
28.1908 40921
28.2089 40972
28.2098 41023
28.2103 41074
28.2108 41125
28.2113 41175
28.2118 41225
28.2122 41275
28.2127 41325
28.2132 41375
28.2137 41425
28.2142 41475
28.2149 41525
28.2156 41575
28.2161 41625
28.2343 41675
28.2353 41725
28.2358 41775
28.2363 41825
28.2367 41875
28.2372 41925
28.2377 41975
28.2382 42024
28.2387 42073
28.2391 42122
28.2396 42171
28.2404 42220
28.2413 42269
28.2418 42318
28.2603 42367
28.2613 42416
28.2617 42465
28.2622 42514
28.2627 42563
28.2632 42612
28.2637 42661
28.2641 42710
28.2646 42759
28.2651 42808
28.2656 42856
28.2661 42904
28.267 42952
28.2675 43000
28.2858 43048
28.2867 43096
28.2872 43144
28.2877 43192
28.2882 43240
28.2887 43288
28.2891 43336
28.2896 43384
28.2901 43432
28.2906 43480
28.2911 43528
28.2915 43576
28.2925 43624
28.293 43672
28.3115 43720
28.3127 43767
28.3132 43814
28.3136 43861
28.3141 43908
28.3146 43955
28.3151 44002
28.3156 44049
28.3161 44096
28.3165 44143
28.317 44190
28.3175 44237
28.3185 44284
28.3189 44331
28.3197 44378
28.3384 44425
28.3396 44472
28.3401 44519
28.3406 44566
28.341 44613
28.3415 44659
28.342 44705
28.3425 44751
28.343 44797
28.3434 44843
28.3439 44889
28.3444 44935
28.3449 44981
28.3454 45027
28.3459 45073
28.361 45119
28.3622 45165
28.3627 45211
28.3632 45257
28.3636 45303
28.3641 45349
28.3646 45395
28.3651 45441
28.3656 45487
28.366 45533
28.3665 45579
28.367 45625
28.3675 45670
28.368 45715
28.3684 45760
28.3831 45805
28.3843 45850
28.3848 45895
28.3853 45940
28.3857 45985
28.3862 46030
28.3867 46075
28.3872 46120
28.3877 46165
28.3881 46210
28.3886 46255
28.3891 46300
28.3896 46345
28.3901 46390
28.3906 46435
28.4055 46480
28.4059 46525
28.4064 46570
28.4069 46615
28.4074 46659
28.4079 46703
28.4083 46747
28.4088 46791
28.4093 46835
28.4098 46879
28.4103 46923
28.4107 46967
28.4112 47011
28.4117 47055
28.4122 47099
28.4127 47143
28.4264 47187
28.4269 47231
28.4274 47275
28.4279 47319
28.4284 47363
28.4288 47407
28.4293 47451
28.4298 47495
28.4303 47539
28.4308 47583
28.4312 47627
28.4317 47671
28.4322 47714
28.4327 47757
28.4332 47800
28.4336 47843
28.4474 47886
28.4479 47929
28.4484 47972
28.4488 48015
28.4493 48058
28.4498 48101
28.4503 48144
28.4508 48187
28.4513 48230
28.4517 48273
28.4522 48316
28.4527 48359
28.4532 48402
28.4537 48445
28.4541 48488
28.4546 48531
28.4679 48574
28.4684 48617
28.4689 48660
28.4693 48703
28.4698 48746
28.4703 48789
28.4708 48831
28.4713 48873
28.4718 48915
28.4722 48957
28.4727 48999
28.4732 49041
28.4737 49083
28.4742 49125
28.4746 49167
28.4751 49209
28.4884 49251
28.4889 49293
28.4894 49335
28.4898 49377
28.4903 49419
28.4908 49461
28.4913 49503
28.4918 49545
28.4922 49587
28.4927 49629
28.4932 49671
28.4937 49713
28.4942 49755
28.4947 49797
28.4951 49839
28.4956 49881
28.5089 49923
28.5096 49964
28.5101 50005
28.5106 50046
28.5111 50087
28.5115 50128
28.512 50169
28.5125 50210
28.513 50251
28.5135 50292
28.5139 50333
28.5144 50374
28.5149 50415
28.5154 50456
28.5159 50497
28.5164 50538
28.5168 50579
28.5299 50620
28.5308 50661
28.5313 50702
28.5318 50743
28.5323 50784
28.5328 50825
28.5332 50866
28.5337 50907
28.5342 50948
28.5347 50989
28.5352 51030
28.5356 51071
28.5361 51112
28.5366 51153
28.5371 51193
28.5376 51233
28.5381 51273
28.5509 51313
28.5516 51353
28.5521 51393
28.5525 51433
28.553 51473
28.5535 51513
28.554 51553
28.5545 51593
28.5549 51633
28.5554 51673
28.5559 51713
28.5564 51753
28.5569 51793
28.5573 51833
28.5578 51873
28.5583 51913
28.5588 51953
28.5714 51993
28.5721 52033
28.5726 52073
28.573 52113
28.5735 52153
28.574 52193
28.5745 52233
28.575 52273
28.5754 52313
28.5759 52353
28.5764 52393
28.5769 52433
28.5774 52472
28.5778 52511
28.5783 52550
28.5788 52589
28.5793 52628
28.5919 52667
28.5926 52706
28.5931 52745
28.5935 52784
28.594 52823
28.5945 52862
28.595 52901
28.5955 52940
28.5959 52979
28.5964 53018
28.5969 53057
28.5974 53096
28.5979 53135
28.5983 53174
28.5988 53213
28.5993 53252
28.5998 53291
28.6007 53330
28.6128 53369
28.6136 53408
28.614 53447
28.6145 53486
28.615 53525
28.6155 53564
28.616 53603
28.6164 53642
28.6169 53681
28.6174 53720
28.6179 53759
28.6184 53798
28.6188 53836
28.6193 53874
28.6198 53912
28.6203 53950
28.6208 53988
28.6217 54026
28.634 54064
28.6347 54102
28.6352 54140
28.6357 54178
28.6361 54216
28.6366 54254
28.6371 54292
28.6376 54330
28.6381 54368
28.6385 54406
28.639 54444
28.6395 54482
28.64 54520
28.6405 54558
28.641 54596
28.6414 54634
28.6419 54672
28.6426 54710
28.6546 54748
28.6554 54786
28.6558 54824
28.6563 54862
28.6568 54900
28.6573 54938
28.6578 54976
28.6583 55014
28.6587 55052
28.6592 55090
28.6597 55128
28.6602 55166
28.6607 55204
28.6611 55241
28.6616 55278
28.6621 55315
28.6626 55352
28.6633 55389
28.6756 55426
28.6765 55463
28.677 55500
28.6775 55537
28.678 55574
28.6784 55611
28.6789 55648
28.6794 55685
28.6799 55722
28.6804 55759
28.6808 55796
28.6813 55833
28.6818 55870
28.6823 55907
28.6828 55944
28.6832 55981
28.6837 56018
28.6844 56055
28.6852 56092
28.6977 56129
28.6986 56166
28.6991 56203
28.6996 56240
28.7001 56277
28.7005 56314
28.701 56351
28.7015 56388
28.702 56425
28.7025 56462
28.703 56499
28.7034 56536
28.7039 56573
28.7044 56610
28.7049 56647
28.7054 56684
28.7058 56720
28.7066 56756
28.7073 56792
28.7203 56828
28.7203 27648
28.7212 27723
28.7212 27648
28.7217 27723
28.7217 27648
28.7222 27723
28.7222 27648
28.7227 27723
28.7227 27648
28.7231 27723
28.7231 27648
28.7236 27723
28.7236 27648
28.7241 27723
28.7241 27648
28.7246 27723
28.7246 27648
28.7251 27723
28.7251 27648
28.7255 27723
28.7255 27648
28.726 27723
28.726 27648
28.7265 27723
28.7265 27648
28.727 27723
28.727 27648
28.7275 27723
28.7275 27648
28.7279 27723
28.7279 27648
28.7284 27723
28.7284 27648
28.7289 27723
28.7289 27648
28.7299 27723
28.7299 27648
28.746 27723
28.7465 27798
28.747 27873
28.7475 27948
28.748 28023
28.7484 28097
28.7489 28171
28.7494 28245
28.7504 28319
28.7665 28393
28.767 28466
28.7675 28539
28.768 28612
28.7685 28685
28.7689 28758
28.7694 28830
28.7699 28902
28.7709 28974
28.787 29046
28.7875 29118
28.788 29190
28.7885 29261
28.789 29332
28.7894 29403
28.7899 29474
28.7904 29545
28.7914 29615
28.7921 29685
28.8078 29755
28.8083 29825
28.8087 29895
28.8092 29965
28.8097 30034
28.8102 30103
28.8107 30172
28.8111 30241
28.8123 30310
28.8131 30379
28.8285 30448
28.829 30516
28.8295 30584
28.83 30652
28.8304 30720
28.8309 30788
28.8314 30856
28.8319 30923
28.8333 30990
28.834 31057
28.8493 31124
28.8497 31191
28.8502 31258
28.8507 31325
28.8512 31391
28.8517 31457
28.8521 31523
28.8526 31589
28.8538 31655
28.8545 31721
28.8697 31787
28.8702 31852
28.8707 31917
28.8712 31982
28.8717 32047
28.8722 32112
28.8726 32177
28.8731 32242
28.8743 32307
28.875 32371
28.8902 32435
28.8907 32499
28.8912 32563
28.8917 32627
28.8922 32691
28.8927 32755
28.8931 32819
28.8936 32882
28.8941 32945
28.8951 33008
28.896 33071
28.9112 33134
28.9116 33197
28.9121 33260
28.9126 33323
28.9131 33385
28.9136 33447
28.914 33509
28.9145 33571
28.915 33633
28.916 33695
28.917 33757
28.9319 33819
28.9324 33880
28.9329 33941
28.9333 34002
28.9338 34063
28.9343 34124
28.9348 34185
28.9353 34246
28.936 34307
28.9367 34368
28.9375 34429
28.9529 34489
28.9534 34549
28.9538 34609
28.9543 34669
28.9548 34729
28.9553 34789
28.9558 34849
28.9562 34909
28.957 34969
28.9577 35028
28.9584 35087
28.9738 35146
28.9745 35205
28.975 35264
28.9755 35323
28.9759 35382
28.9764 35441
28.9769 35500
28.9774 35559
28.9779 35617
28.9786 35675
28.9793 35733
28.98 35791
28.9959 35849
28.9966 35907
28.9971 35965
28.9976 36023
28.9981 36081
28.9985 36139
28.999 36197
28.9995 36254
29 36311
29.0007 36368
29.0014 36425
29.0021 36482
29.0178 36539
29.0182 36596
29.0187 36653
29.0192 36710
29.0197 36767
29.0202 36824
29.0206 36880
29.0211 36936
29.0216 36992
29.0226 37048
29.023 37104
29.0238 37160
29.0399 37216
29.0403 37272
29.0408 37328
29.0413 37384
29.0418 37440
29.0423 37496
29.0428 37551
29.0432 37606
29.0437 37661
29.0447 37716
29.0452 37771
29.0459 37826
29.0622 37881
29.0629 37936
29.0634 37991
29.0639 38046
29.0644 38101
29.0649 38156
29.0653 38210
29.0658 38264
29.0663 38318
29.0668 38372
29.0677 38426
29.0682 38480
29.0689 38534
29.0855 38588
29.0865 38642
29.087 38696
29.0875 38750
29.0879 38804
29.0884 38858
29.0889 38911
29.0894 38964
29.0899 39017
29.0903 39070
29.0913 39123
29.0918 39176
29.0925 39229
29.1088 39282
29.1096 39335
29.11 39388
29.1105 39441
29.111 39494
29.1115 39547
29.112 39600
29.1124 39652
29.1129 39704
29.1136 39756
29.1144 39808
29.1148 39860
29.1158 39912
29.1324 39964
29.1331 40016
29.1336 40068
29.1341 40120
29.1346 40172
29.135 40224
29.1355 40276
29.136 40328
29.1365 40379
29.1372 40430
29.1379 40481
29.1384 40532
29.1394 40583
29.1562 40634
29.1571 40685
29.1576 40736
29.1581 40787
29.1586 40838
29.1591 40889
29.1595 40940
29.16 40991
29.1605 41042
29.161 41093
29.162 41144
29.1624 41194
29.1632 41244
29.1639 41294
29.1809 41344
29.1821 41394
29.1826 41444
29.1831 41494
29.1836 41544
29.1841 41594
29.1845 41644
29.185 41694
29.1855 41744
29.186 41794
29.1869 41844
29.1874 41894
29.1881 41944
29.1889 41993
29.2057 42042
29.2066 42091
29.2071 42140
29.2076 42189
29.2081 42238
29.2086 42287
29.2091 42336
29.2095 42385
29.21 42434
29.2107 42483
29.2115 42532
29.2119 42581
29.2129 42630
29.2136 42679
29.2307 42728
29.2316 42777
29.2321 42826
29.2326 42874
29.2331 42922
29.2336 42970
29.234 43018
29.2345 43066
29.235 43114
29.2357 43162
29.2364 43210
29.2369 43258
29.2379 43306
29.2386 43354
29.2559 43402
29.2569 43450
29.2576 43498
29.2581 43546
29.2586 43594
29.259 43642
29.2595 43690
29.26 43737
29.2605 43784
29.261 43831
29.2619 43878
29.2624 43925
29.2631 43972
29.2638 44019
29.2814 44066
29.2826 44113
29.2836 44160
29.284 44207
29.2845 44254
29.285 44301
29.2855 44348
29.286 44395
29.2864 44442
29.2869 44489
29.2874 44536
29.2884 44583
29.2888 44630
29.2896 44676
29.2903 44722
29.3076 44768
29.3088 44814
29.3095 44860
29.31 44906
29.3105 44952
29.3109 44998
29.3114 45044
29.3119 45090
29.3124 45136
29.3129 45182
29.3136 45228
29.3143 45274
29.3148 45320
29.3158 45366
29.3165 45412
29.334 45458
29.3352 45504
29.3357 45550
29.3362 45596
29.3367 45641
29.3371 45686
29.3376 45731
29.3381 45776
29.3386 45821
29.3391 45866
29.3395 45911
29.34 45956
29.3405 46001
29.341 46046
29.3415 46091
29.3554 46136
29.3566 46181
29.3573 46226
29.3578 46271
29.3583 46316
29.3588 46361
29.3593 46406
29.3597 46451
29.3602 46496
29.3607 46541
29.3612 46586
29.3617 46631
29.3621 46675
29.3626 46719
29.3631 46763
29.3768 46807
29.3782 46851
29.3792 46895
29.3797 46939
29.3802 46983
29.3806 47027
29.3811 47071
29.3816 47115
29.3821 47159
29.3826 47203
29.383 47247
29.3835 47291
29.384 47335
29.3845 47379
29.385 47423
29.3857 47467
29.3994 47511
29.4008 47555
29.4015 47599
29.402 47643
29.4025 47687
29.403 47730
29.4035 47773
29.404 47816
29.4044 47859
29.4049 47902
29.4054 47945
29.4059 47988
29.4064 48031
29.4068 48074
29.4073 48117
29.4083 48160
29.4204 48203
29.4218 48246
29.4223 48289
29.4228 48332
29.4232 48375
29.4237 48418
29.4242 48461
29.4247 48504
29.4252 48547
29.4257 48590
29.4261 48633
29.4266 48676
29.4271 48719
29.4276 48762
29.4281 48804
29.4288 48846
29.4409 48888
29.4423 48930
29.4428 48972
29.4433 49014
29.4437 49056
29.4442 49098
29.4447 49140
29.4452 49182
29.4457 49224
29.4461 49266
29.4466 49308
29.4471 49350
29.4476 49392
29.4481 49434
29.4486 49476
29.4493 49518
29.4614 49560
29.4628 49602
29.4633 49644
29.4638 49686
29.4642 49728
29.4647 49770
29.4652 49812
29.4657 49854
29.4662 49896
29.4666 49938
29.4671 49979
29.4676 50020
29.4681 50061
29.4686 50102
29.4691 50143
29.4695 50184
29.4703 50225
29.4823 50266
29.4838 50307
29.4843 50348
29.4847 50389
29.4852 50430
29.4857 50471
29.4862 50512
29.4867 50553
29.4871 50594
29.4876 50635
29.4881 50676
29.4886 50717
29.4891 50758
29.4895 50799
29.49 50840
29.4905 50881
29.4915 50922
29.5033 50963
29.505 51004
29.5055 51045
29.506 51086
29.5064 51127
29.5069 51168
29.5074 51208
29.5079 51248
29.5084 51288
29.5088 51328
29.5093 51368
29.5098 51408
29.5103 51448
29.5108 51488
29.5112 51528
29.5117 51568
29.5124 51608
29.5238 51648
29.5255 51688
29.526 51728
29.5265 51768
29.5269 51808
29.5274 51848
29.5279 51888
29.5284 51928
29.5289 51968
29.5293 52008
29.5298 52048
29.5303 52088
29.5308 52128
29.5313 52168
29.5317 52208
29.5322 52248
29.5329 52288
29.5443 52328
29.546 52368
29.5467 52408
29.5472 52448
29.5477 52487
29.5482 52526
29.5486 52565
29.5491 52604
29.5496 52643
29.5501 52682
29.5506 52721
29.551 52760
29.5515 52799
29.552 52838
29.5525 52877
29.553 52916
29.5534 52955
29.5542 52994
29.5653 53033
29.567 53072
29.5677 53111
29.5682 53150
29.5687 53189
29.5691 53228
29.5696 53267
29.5701 53306
29.5706 53345
29.5711 53384
29.5715 53423
29.572 53462
29.5725 53501
29.573 53540
29.5735 53579
29.5739 53618
29.5744 53657
29.5754 53696
29.5863 53735
29.588 53774
29.5887 53812
29.5892 53850
29.5896 53888
29.5901 53926
29.5906 53964
29.5911 54002
29.5916 54040
29.592 54078
29.5925 54116
29.593 54154
29.5935 54192
29.594 54230
29.5944 54268
29.5949 54306
29.5954 54344
29.5961 54382
29.6068 54420
29.6085 54458
29.6094 54496
29.6099 54534
29.6104 54572
29.6109 54610
29.6113 54648
29.6118 54686
29.6123 54724
29.6128 54762
29.6133 54800
29.6137 54838
29.6142 54876
29.6147 54914
29.6152 54952
29.6157 54990
29.6161 55028
29.6166 55066
29.6273 55104
29.6289 55142
29.6299 55180
29.6304 55217
29.6309 55254
29.6314 55291
29.6318 55328
29.6323 55365
29.6328 55402
29.6333 55439
29.6338 55476
29.6342 55513
29.6347 55550
29.6352 55587
29.6357 55624
29.6362 55661
29.6366 55698
29.6371 55735
29.6381 55772
29.6487 55809
29.6503 55846
29.6511 55883
29.6515 55920
29.652 55957
29.6525 55994
29.653 56031
29.6535 56068
29.6539 56105
29.6544 56142
29.6549 56179
29.6554 56216
29.6559 56253
29.6563 56290
29.6568 56327
29.6573 56364
29.6578 56401
29.6585 56438
29.6595 56475
29.6703 56512
29.672 56549
29.6727 56586
29.6732 56623
29.6736 56660
29.6741 56697
29.6746 56733
29.6751 56769
29.6756 56805
29.6761 56841
29.6765 56877
29.677 56913
29.6775 56949
29.678 56985
29.6785 57021
29.6789 57057
29.6794 57093
29.6801 57129
29.6811 57165
29.6919 57201
29.6936 57237
29.6946 57273
29.695 57309
29.6955 57345
29.696 57381
29.6965 57417
29.697 57453
29.6974 57489
29.6979 57525
29.6984 57561
29.6989 57597
29.6994 57633
29.6998 57669
29.7003 57705
29.7008 57741
29.7013 57777
29.7018 57813
29.703 57849
29.7138 57885
29.7138 28160
29.7155 28234
29.7155 28160
29.7164 28234
29.7164 28160
29.7169 28234
29.7169 28160
29.7174 28234
29.7174 28160
29.7179 28234
29.7179 28160
29.7183 28234
29.7183 28160
29.7188 28234
29.7188 28160
29.7193 28234
29.7193 28160
29.7198 28234
29.7198 28160
29.7203 28234
29.7203 28160
29.7208 28234
29.7208 28160
29.7212 28234
29.7212 28160
29.7217 28234
29.7217 28160
29.7222 28234
29.7222 28160
29.7227 28234
29.7227 28160
29.7232 28234
29.7232 28160
29.7236 28234
29.7236 28160
29.7246 28234
29.7246 28160
29.7408 28234
29.7412 28308
29.7417 28382
29.7422 28455
29.7427 28528
29.7432 28601
29.7437 28674
29.7441 28747
29.7451 28819
29.7613 28891
29.7617 28963
29.7622 29035
29.7627 29107
29.7632 29179
29.7637 29250
29.7642 29321
29.7646 29392
29.7656 29463
29.7818 29534
29.7822 29604
29.7827 29674
29.7832 29744
29.7837 29814
29.7842 29884
29.7846 29954
29.7851 30023
29.7856 30092
29.7866 30161
29.8025 30230
29.803 30299
29.8035 30368
29.8039 30437
29.8044 30505
29.8049 30573
29.8054 30641
29.8059 30709
29.8063 30777
29.8075 30845
29.8232 30912
29.8237 30979
29.8242 31046
29.8247 31113
29.8252 31180
29.8256 31247
29.8261 31314
29.8266 31380
29.8271 31446
29.828 31512
29.8437 31578
29.8442 31644
29.8447 31710
29.8452 31776
29.8457 31841
29.8461 31906
29.8466 31971
29.8471 32036
29.8476 32101
29.8485 32166
29.8642 32231
29.8647 32296
29.8652 32360
29.8657 32424
29.8662 32488
29.8666 32552
29.8671 32616
29.8676 32680
29.8681 32744
29.8686 32808
29.8695 32871
29.885 32934
29.8855 32997
29.8859 33060
29.8864 33123
29.8869 33186
29.8874 33249
29.8879 33312
29.8883 33374
29.8888 33436
29.8893 33498
29.8905 33560
29.9057 33622
29.9062 33684
29.9067 33746
29.9072 33808
29.9076 33870
29.9081 33931
29.9086 33992
29.9091 34053
29.9096 34114
29.91 34175
29.911 34236
29.9262 34297
29.9267 34358
29.9272 34419
29.9277 34479
29.9281 34539
29.9286 34599
29.9291 34659
29.9296 34719
29.9301 34779
29.9305 34839
29.9315 34899
29.9467 34959
29.9472 35018
29.9477 35077
29.9482 35136
29.9486 35195
29.9491 35254
29.9496 35313
29.9501 35372
29.9506 35431
29.951 35490
29.9515 35549
29.9525 35607
29.9674 35665
29.9679 35723
29.9684 35781
29.9689 35839
29.9694 35897
29.9699 35955
29.9703 36013
29.9708 36071
29.9713 36129
29.9718 36187
29.9723 36244
29.9735 36301
29.9882 36358
29.9887 36415
29.9891 36472
29.9896 36529
29.9901 36586
29.9906 36643
29.9911 36700
29.9915 36757
29.992 36814
29.9925 36870
29.993 36926
29.994 36982
30.0087 37038
30.0092 37094
30.0096 37150
30.0101 37206
30.0106 37262
30.0111 37318
30.0116 37374
30.0121 37430
30.0125 37486
30.013 37541
30.0135 37596
30.0145 37651
30.0292 37706
30.0297 37761
30.0301 37816
30.0306 37871
30.0311 37926
30.0316 37981
30.0321 38036
30.0326 38091
30.033 38146
30.0335 38200
30.034 38254
30.035 38308
30.0357 38362
30.0499 38416
30.0504 38470
30.0509 38524
30.0514 38578
30.0519 38632
30.0523 38686
30.0528 38740
30.0533 38794
30.0538 38848
30.0543 38901
30.0547 38954
30.0559 39007
30.0567 39060
30.0707 39113
30.0711 39166
30.0716 39219
30.0721 39272
30.0726 39325
30.0731 39378
30.0736 39431
30.074 39484
30.0745 39537
30.075 39590
30.0755 39642
30.0769 39694
30.0776 39746
30.0914 39798
30.0919 39850
30.0924 39902
30.0928 39954
30.0933 40006
30.0938 40058
30.0943 40110
30.0948 40162
30.0952 40214
30.0957 40266
30.0962 40318
30.0974 40370
30.0981 40421
30.1119 40472
30.1124 40523
30.1129 40574
30.1133 40625
30.1138 40676
30.1143 40727
30.1148 40778
30.1153 40829
30.1157 40880
30.1162 40931
30.1167 40982
30.1179 41033
30.1186 41084
30.1324 41135
30.1329 41185
30.1334 41235
30.1338 41285
30.1343 41335
30.1348 41385
30.1353 41435
30.1358 41485
30.1362 41535
30.1367 41585
30.1372 41635
30.1377 41685
30.1389 41735
30.1396 41785
30.1531 41835
30.1536 41885
30.1541 41935
30.1546 41984
30.1551 42033
30.1555 42082
30.156 42131
30.1565 42180
30.157 42229
30.1575 42278
30.1579 42327
30.1584 42376
30.1599 42425
30.1606 42474
30.1739 42523
30.1743 42572
30.1748 42621
30.1753 42670
30.1758 42719
30.1763 42768
30.1768 42817
30.1772 42865
30.1777 42913
30.1782 42961
30.1787 43009
30.1792 43057
30.1804 43105
30.1811 43153
30.1944 43201
30.1948 43249
30.1953 43297
30.1958 43345
30.1963 43393
30.1968 43441
30.1972 43489
30.1977 43537
30.1982 43585
30.1987 43633
30.1992 43681
30.1997 43729
30.2009 43776
30.2016 43823
30.2149 43870
30.2153 43917
30.2158 43964
30.2163 44011
30.2168 44058
30.2173 44105
30.2177 44152
30.2182 44199
30.2187 44246
30.2192 44293
30.2197 44340
30.2202 44387
30.2206 44434
30.2218 44481
30.2226 44528
30.2356 44575
30.2361 44622
30.2366 44668
30.237 44714
30.2375 44760
30.238 44806
30.2385 44852
30.239 44898
30.2394 44944
30.2399 44990
30.2404 45036
30.2409 45082
30.2414 45128
30.2428 45174
30.2435 45220
30.2563 45266
30.2568 45312
30.2573 45358
30.2578 45404
30.2583 45450
30.2587 45496
30.2592 45542
30.2597 45588
30.2602 45633
30.2607 45678
30.2611 45723
30.2616 45768
30.2623 45813
30.2633 45858
30.264 45903
30.2768 45948
30.2773 45993
30.2778 46038
30.2783 46083
30.2788 46128
30.2792 46173
30.2797 46218
30.2802 46263
30.2807 46308
30.2812 46353
30.2816 46398
30.2821 46443
30.2828 46488
30.2838 46533
30.2845 46578
30.2973 46623
30.2978 46667
30.2983 46711
30.2988 46755
30.2993 46799
30.2997 46843
30.3002 46887
30.3007 46931
30.3012 46975
30.3017 47019
30.3021 47063
30.3026 47107
30.3031 47151
30.3038 47195
30.3048 47239
30.3055 47283
30.3181 47327
30.3186 47371
30.319 47415
30.3195 47459
30.32 47503
30.3205 47547
30.321 47591
30.3214 47635
30.3219 47679
30.3224 47722
30.3229 47765
30.3234 47808
30.3238 47851
30.3248 47894
30.3258 47937
30.3265 47980
30.3388 48023
30.3393 48066
30.3398 48109
30.3403 48152
30.3407 48195
30.3412 48238
30.3417 48281
30.3422 48324
30.3427 48367
30.3431 48410
30.3436 48453
30.3441 48496
30.3446 48539
30.3453 48582
30.3463 48625
30.347 48668
30.3593 48711
30.3598 48754
30.3603 48797
30.3608 48839
30.3612 48881
30.3617 48923
30.3622 48965
30.3627 49007
30.3632 49049
30.3636 49091
30.3641 49133
30.3646 49175
30.3651 49217
30.3658 49259
30.3668 49301
30.3675 49343
30.3798 49385
30.3803 49427
30.3808 49469
30.3813 49511
30.3817 49553
30.3822 49595
30.3827 49637
30.3832 49679
30.3837 49721
30.3841 49763
30.3846 49805
30.3851 49847
30.3856 49889
30.3863 49931
30.3868 49972
30.3875 50013
30.3882 50054
30.4005 50095
30.401 50136
30.4015 50177
30.402 50218
30.4025 50259
30.403 50300
30.4034 50341
30.4039 50382
30.4044 50423
30.4049 50464
30.4054 50505
30.4058 50546
30.4063 50587
30.407 50628
30.4075 50669
30.4082 50710
30.409 50751
30.4213 50792
30.4218 50833
30.4222 50874
30.4227 50915
30.4232 50956
30.4237 50997
30.4242 51038
30.4246 51079
30.4251 51120
30.4256 51161
30.4261 51201
30.4266 51241
30.4271 51281
30.4278 51321
30.4283 51361
30.429 51401
30.4295 51441
30.4418 51481
30.4423 51521
30.4427 51561
30.4432 51601
30.4437 51641
30.4442 51681
30.4447 51721
30.4451 51761
30.4456 51801
30.4461 51841
30.4466 51881
30.4471 51921
30.4476 51961
30.4483 52001
30.4488 52041
30.4495 52081
30.45 52121
30.4623 52161
30.4628 52201
30.4632 52241
30.4637 52281
30.4642 52321
30.4647 52361
30.4652 52401
30.4656 52441
30.4661 52480
30.4666 52519
30.4671 52558
30.4676 52597
30.468 52636
30.4688 52675
30.4693 52714
30.47 52753
30.4705 52792
30.4828 52831
30.4833 52870
30.4837 52909
30.4842 52948
30.4847 52987
30.4852 53026
30.4857 53065
30.4861 53104
30.4866 53143
30.4871 53182
30.4876 53221
30.4881 53260
30.4885 53299
30.489 53338
30.4895 53377
30.49 53416
30.4907 53455
30.4912 53494
30.5035 53533
30.504 53572
30.5045 53611
30.505 53650
30.5054 53689
30.5059 53728
30.5064 53767
30.5069 53805
30.5074 53843
30.5078 53881
30.5083 53919
30.5088 53957
30.5093 53995
30.5098 54033
30.5102 54071
30.5107 54109
30.5115 54147
30.5119 54185
30.5243 54223
30.5247 54261
30.5252 54299
30.5257 54337
30.5262 54375
30.5267 54413
30.5271 54451
30.5276 54489
30.5281 54527
30.5286 54565
30.5291 54603
30.5295 54641
30.53 54679
30.5305 54717
30.531 54755
30.5315 54793
30.532 54831
30.5324 54869
30.5448 54907
30.5452 54945
30.5457 54983
30.5462 55021
30.5467 55059
30.5472 55097
30.5476 55135
30.5481 55173
30.5486 55211
30.5491 55248
30.5496 55285
30.55 55322
30.5505 55359
30.551 55396
30.5515 55433
30.552 55470
30.5525 55507
30.5529 55544
30.5653 55581
30.5657 55618
30.5662 55655
30.5667 55692
30.5672 55729
30.5677 55766
30.5681 55803
30.5686 55840
30.5691 55877
30.5696 55914
30.5701 55951
30.5705 55988
30.571 56025
30.5715 56062
30.572 56099
30.5725 56136
30.5729 56173
30.5734 56210
30.5739 56247
30.586 56284
30.5865 56321
30.587 56358
30.5874 56395
30.5879 56432
30.5884 56469
30.5889 56506
30.5894 56543
30.5898 56580
30.5903 56617
30.5908 56654
30.5913 56691
30.5918 56727
30.5922 56763
30.5927 56799
30.5932 56835
30.5937 56871
30.5942 56907
30.5946 56943
30.6067 56979
30.6072 57015
30.6077 57051
30.6082 57087
30.6087 57123
30.6091 57159
30.6096 57195
30.6101 57231
30.6106 57267
30.6111 57303
30.6115 57339
30.612 57375
30.6125 57411
30.613 57447
30.6135 57483
30.6139 57519
30.6144 57555
30.6149 57591
30.6154 57627
30.6272 57663
30.6277 57699
30.6282 57735
30.6287 57771
30.6291 57807
30.6296 57843
30.6301 57879
30.6306 57915
30.6311 57951
30.6316 57987
30.632 58023
30.6325 58059
30.633 58095
30.6335 58131
30.634 58167
30.6344 58203
30.6349 58239
30.6354 58275
30.6359 58310
30.6477 58345
30.6482 58380
30.6487 58415
30.6492 58450
30.6496 58485
30.6501 58520
30.6506 58555
30.6511 58590
30.6516 58625
30.652 58660
30.6525 58695
30.653 58730
30.6535 58765
30.654 58800
30.6545 58835
30.6549 58870
30.6554 58905
30.6559 58940
30.6564 58975
30.6569 59010
30.6685 59045
30.6689 59080
30.6694 59115
30.6699 59150
30.6704 59185
30.6709 59220
30.6713 59255
30.6718 59290
30.6723 59325
30.6728 59360
30.6733 59395
30.6737 59430
30.6742 59465
30.6747 59500
30.6752 59535
30.6757 59570
30.6762 59605
30.6766 59640
30.6771 59675
30.6776 59710
30.6892 59745
30.6897 59780
30.6902 59815
30.6906 59850
30.6911 59885
30.6916 59920
30.6921 59954
30.6926 59988
30.693 60022
30.6935 60056
30.694 60090
30.6945 60124
30.695 60158
30.6954 60192
30.6959 60226
30.6964 60260
30.6969 60294
30.6974 60328
30.6979 60362
30.6983 60396
30.7097 60430
30.7097 44544
30.7102 44591
30.7102 44544
30.7107 44591
30.7107 44544
30.7111 44591
30.7111 44544
30.7116 44591
30.7116 44544
30.7121 44591
30.7121 44544
30.7126 44591
30.7126 44544
30.7131 44591
30.7131 44544
30.7135 44591
30.7135 44544
30.714 44591
30.714 44544
30.7145 44591
30.7145 44544
30.715 44591
30.715 44544
30.7155 44591
30.7155 44544
30.7159 44591
30.7159 44544
30.7164 44591
30.7164 44544
30.7169 44591
30.7169 44544
30.7174 44591
30.7174 44544
30.7179 44591
30.7179 44544
30.7183 44591
30.7183 44544
30.7188 44591
30.7188 44544
30.7326 44591
30.7333 44638
30.7338 44684
30.7343 44730
30.7348 44776
30.7352 44822
30.7357 44868
30.7362 44914
30.7367 44960
30.7372 45006
30.7376 45052
30.7381 45098
30.7386 45144
30.7391 45190
30.7396 45236
30.7533 45282
30.7541 45328
30.7545 45374
30.755 45420
30.7555 45466
30.756 45512
30.7565 45558
30.7569 45604
30.7574 45649
30.7579 45694
30.7584 45739
30.7589 45784
30.7593 45829
30.7598 45874
30.7603 45919
30.7738 45964
30.7746 46009
30.775 46054
30.7755 46099
30.776 46144
30.7765 46189
30.777 46234
30.7774 46279
30.7779 46324
30.7784 46369
30.7789 46414
30.7794 46459
30.7798 46504
30.7803 46549
30.7808 46594
30.7943 46638
30.7951 46682
30.7955 46726
30.796 46770
30.7965 46814
30.797 46858
30.7975 46902
30.7979 46946
30.7984 46990
30.7989 47034
30.7994 47078
30.7999 47122
30.8003 47166
30.8008 47210
30.8013 47254
30.8018 47298
30.8151 47342
30.8158 47386
30.8163 47430
30.8168 47474
30.8172 47518
30.8177 47562
30.8182 47606
30.8187 47650
30.8192 47694
30.8196 47737
30.8201 47780
30.8206 47823
30.8211 47866
30.8216 47909
30.822 47952
30.8225 47995
30.8358 48038
30.8365 48081
30.837 48124
30.8375 48167
30.838 48210
30.8385 48253
30.8389 48296
30.8394 48339
30.8399 48382
30.8404 48425
30.8409 48468
30.8413 48511
30.8418 48554
30.8423 48597
30.8428 48640
30.8433 48683
30.8563 48726
30.857 48769
30.8575 48811
30.858 48853
30.8585 48895
30.859 48937
30.8594 48979
30.8599 49021
30.8604 49063
30.8609 49105
30.8614 49147
30.8618 49189
30.8623 49231
30.8628 49273
30.8633 49315
30.8638 49357
30.8768 49399
30.8775 49441
30.878 49483
30.8785 49525
30.879 49567
30.8794 49609
30.8799 49651
30.8804 49693
30.8809 49735
30.8814 49777
30.8819 49819
30.8823 49861
30.8828 49903
30.8833 49945
30.8838 49986
30.8843 50027
30.8847 50068
30.8975 50109
30.8983 50150
30.8987 50191
30.8992 50232
30.8997 50273
30.9002 50314
30.9007 50355
30.9011 50396
30.9016 50437
30.9021 50478
30.9026 50519
30.9031 50560
30.9036 50601
30.904 50642
30.9045 50683
30.905 50724
30.9055 50765
30.9183 50806
30.919 50847
30.9195 50888
30.92 50929
30.9204 50970
30.9209 51011
30.9214 51052
30.9219 51093
30.9224 51134
30.9228 51175
30.9233 51215
30.9238 51255
30.9243 51295
30.9248 51335
30.9253 51375
30.9257 51415
30.9262 51455
30.9388 51495
30.9395 51535
30.94 51575
30.9405 51615
30.9409 51655
30.9414 51695
30.9419 51735
30.9424 51775
30.9429 51815
30.9433 51855
30.9438 51895
30.9443 51935
30.9448 51975
30.9453 52015
30.9457 52055
30.9462 52095
30.9467 52135
30.9593 52175
30.96 52215
30.9605 52255
30.961 52295
30.9614 52335
30.9619 52375
30.9624 52415
30.9629 52455
30.9634 52494
30.9638 52533
30.9643 52572
30.9648 52611
30.9653 52650
30.9658 52689
30.9662 52728
30.9667 52767
30.9672 52806
30.9679 52845
30.98 52884
30.9807 52923
30.9812 52962
30.9817 53001
30.9822 53040
30.9827 53079
30.9831 53118
30.9836 53157
30.9841 53196
30.9846 53235
30.9851 53274
30.9855 53313
30.986 53352
30.9865 53391
30.987 53430
30.9875 53469
30.9879 53508
30.9889 53547
31.0008 53586
31.0015 53625
31.002 53664
31.0024 53703
31.0029 53742
31.0034 53781
31.0039 53819
31.0044 53857
31.0048 53895
31.0053 53933
31.0058 53971
31.0063 54009
31.0068 54047
31.0072 54085
31.0077 54123
31.0082 54161
31.0087 54199
31.0099 54237
31.0215 54275
31.022 54313
31.0225 54351
31.0229 54389
31.0234 54427
31.0239 54465
31.0244 54503
31.0249 54541
31.0253 54579
31.0258 54617
31.0263 54655
31.0268 54693
31.0273 54731
31.0277 54769
31.0282 54807
31.0287 54845
31.0292 54883
31.0304 54921
31.042 54959
31.0425 54997
31.043 55035
31.0434 55073
31.0439 55111
31.0444 55149
31.0449 55187
31.0454 55224
31.0458 55261
31.0463 55298
31.0468 55335
31.0473 55372
31.0478 55409
31.0482 55446
31.0487 55483
31.0492 55520
31.0497 55557
31.0509 55594
31.0625 55631
31.063 55668
31.0634 55705
31.0639 55742
31.0644 55779
31.0649 55816
31.0654 55853
31.0659 55890
31.0663 55927
31.0668 55964
31.0673 56001
31.0678 56038
31.0683 56075
31.0687 56112
31.0692 56149
31.0697 56186
31.0702 56223
31.0707 56260
31.0719 56297
31.0832 56334
31.0837 56371
31.0842 56408
31.0847 56445
31.0851 56482
31.0856 56519
31.0861 56556
31.0866 56593
31.0871 56630
31.0876 56667
31.088 56704
31.0885 56740
31.089 56776
31.0895 56812
31.09 56848
31.0904 56884
31.0909 56920
31.0914 56956
31.0928 56992
31.104 57028
31.1044 57064
31.1049 57100
31.1054 57136
31.1059 57172
31.1064 57208
31.1068 57244
31.1073 57280
31.1078 57316
31.1083 57352
31.1088 57388
31.1093 57424
31.1097 57460
31.1102 57496
31.1107 57532
31.1112 57568
31.1117 57604
31.1121 57640
31.1133 57676
31.1245 57712
31.1249 57748
31.1254 57784
31.1259 57820
31.1264 57856
31.1269 57892
31.1273 57928
31.1278 57964
31.1283 58000
31.1288 58036
31.1293 58072
31.1297 58108
31.1302 58144
31.1307 58180
31.1312 58216
31.1317 58252
31.1322 58287
31.1326 58322
31.1338 58357
31.145 58392
31.1454 58427
31.1459 58462
31.1464 58497
31.1469 58532
31.1474 58567
31.1478 58602
31.1483 58637
31.1488 58672
31.1493 58707
31.1498 58742
31.1502 58777
31.1507 58812
31.1512 58847
31.1517 58882
31.1522 58917
31.1527 58952
31.1531 58987
31.1536 59022
31.1548 59057
31.1657 59092
31.1662 59127
31.1667 59162
31.1671 59197
31.1676 59232
31.1681 59267
31.1686 59302
31.1691 59337
31.1695 59372
31.17 59407
31.1705 59442
31.171 59477
31.1715 59512
31.1719 59547
31.1724 59582
31.1729 59617
31.1734 59652
31.1739 59687
31.1744 59722
31.1758 59757
31.1864 59792
31.1869 59827
31.1874 59862
31.1879 59897
31.1884 59932
31.1888 59966
31.1893 60000
31.1898 60034
31.1903 60068
31.1908 60102
31.1912 60136
31.1917 60170
31.1922 60204
31.1927 60238
31.1932 60272
31.1936 60306
31.1941 60340
31.1946 60374
31.1951 60408
31.1963 60442
31.2069 60476
31.2074 60510
31.2079 60544
31.2084 60578
31.2089 60612
31.2093 60646
31.2098 60680
31.2103 60714
31.2108 60748
31.2113 60782
31.2117 60816
31.2122 60850
31.2127 60884
31.2132 60918
31.2137 60952
31.2141 60986
31.2146 61020
31.2151 61054
31.2156 61088
31.2168 61122
31.2274 61156
31.2279 61190
31.2284 61224
31.2289 61258
31.2294 61292
31.2298 61326
31.2303 61360
31.2308 61394
31.2313 61428
31.2318 61462
31.2322 61496
31.2327 61530
31.2332 61564
31.2337 61598
31.2342 61632
31.2346 61666
31.2351 61700
31.2356 61733
31.2361 61766
31.2366 61799
31.2378 61832
31.2482 61865
31.2487 61898
31.2491 61931
31.2496 61964
31.2501 61997
31.2506 62030
31.2511 62063
31.2515 62096
31.252 62129
31.2525 62162
31.253 62195
31.2535 62228
31.2539 62261
31.2544 62294
31.2549 62327
31.2554 62360
31.2559 62393
31.2563 62426
31.2568 62459
31.2573 62492
31.2587 62525
31.2689 62558
31.2694 62591
31.2699 62624
31.2704 62657
31.2708 62690
31.2713 62723
31.2718 62756
31.2723 62789
31.2728 62822
31.2732 62855
31.2737 62888
31.2742 62921
31.2747 62954
31.2752 62987
31.2756 63020
31.2761 63053
31.2766 63086
31.2771 63119
31.2776 63152
31.278 63185
31.2792 63218
31.2894 63251
31.2899 63284
31.2904 63317
31.2908 63350
31.2913 63383
31.2918 63416
31.2923 63449
31.2928 63482
31.2933 63515
31.2937 63548
31.2942 63580
31.2947 63612
31.2952 63644
31.2957 63676
31.2961 63708
31.2966 63740
31.2971 63772
31.2976 63804
31.2981 63836
31.2985 63868
31.2997 63900
31.3099 63932
31.3104 63964
31.3109 63996
31.3113 64028
31.3118 64060
31.3123 64092
31.3128 64124
31.3133 64156
31.3138 64188
31.3142 64220
31.3147 64252
31.3152 64284
31.3157 64316
31.3162 64348
31.3166 64380
31.3171 64412
31.3176 64444
31.3181 64476
31.3186 64508
31.319 64540
31.3195 64572
31.3207 64604
31.3308 64636
31.3313 64668
31.3318 64700
31.3323 64732
31.3327 64764
31.3332 64796
31.3337 64828
31.3342 64860
31.3347 64892
31.3351 64924
31.3356 64956
31.3361 64988
31.3366 65020
31.3371 65052
31.3375 65084
31.338 65116
31.3385 65148
31.339 65180
31.3395 65212
31.3399 65244
31.3404 65276
31.3415 65308
31.3516 65340
31.352 65372
31.3525 65404
31.353 65436
31.3535 65468
31.354 65500
31.3544 65532
31.3549 65563
31.3554 65594
31.3559 65625
31.3564 65656
31.3568 65687
31.3573 65718
31.3578 65749
31.3583 65780
31.3588 65811
31.3592 65842
31.3597 65873
31.3602 65904
31.3607 65935
31.3612 65966
31.362 65997
31.372 66028
31.3725 66059
31.373 66090
31.3735 66121
31.374 66152
31.3745 66183
31.3749 66214
31.3754 66245
31.3759 66276
31.3764 66307
31.3769 66338
31.3773 66369
31.3778 66400
31.3783 66431
31.3788 66462
31.3793 66493
31.3797 66524
31.3802 66555
31.3807 66586
31.3812 66617
31.3817 66648
31.3825 66679
31.3925 66710
31.3935 66741
31.394 66772
31.3945 66803
31.395 66834
31.3954 66865
31.3959 66896
31.3964 66927
31.3969 66958
31.3974 66989
31.3978 67020
31.3983 67051
31.3988 67082
31.3993 67113
31.3998 67144
31.4002 67175
31.4007 67206
31.4012 67237
31.4017 67268
31.4022 67299
31.4026 67330
31.4031 67361
31.4036 67392
31.4135 67423
31.4142 67454
31.4147 67485
31.4152 67516
31.4157 67547
31.4162 67578
31.4166 67609
31.4171 67640
31.4176 67670
31.4181 67700
31.4186 67730
31.4191 67760
31.4195 67790
31.42 67820
31.4205 67850
31.421 67880
31.4215 67910
31.4219 67940
31.4224 67970
31.4229 68000
31.4234 68030
31.4239 68060
31.4243 68090
31.4345 68120
31.435 68150
31.4355 68180
31.4359 68210
31.4364 68240
31.4369 68270
31.4374 68300
31.4379 68330
31.4383 68360
31.4388 68390
31.4393 68420
31.4398 68450
31.4403 68480
31.4408 68510
31.4412 68540
31.4417 68570
31.4422 68600
31.4427 68630
31.4432 68660
31.4436 68690
31.4441 68720
31.4446 68750
31.4451 68780
31.455 68810
31.4557 68840
31.4562 68870
31.4567 68900
31.4572 68930
31.4576 68960
31.4581 68990
31.4586 69020
31.4591 69050
31.4596 69080
31.46 69110
31.4605 69140
31.461 69170
31.4615 69200
31.462 69230
31.4625 69260
31.4629 69290
31.4634 69320
31.4639 69350
31.4644 69380
31.4649 69410
31.4653 69440
31.4658 69470
31.4755 69500
31.4765 69530
31.4769 69560
31.4774 69590
31.4779 69620
31.4784 69650
31.4789 69680
31.4793 69710
31.4798 69740
31.4803 69770
31.4808 69800
31.4813 69830
31.4817 69860
31.4822 69890
31.4827 69920
31.4832 69949
31.4837 69978
31.4842 70007
31.4846 70036
31.4851 70065
31.4856 70094
31.4861 70123
31.4866 70152
31.496 70181
31.497 70210
31.4974 70239
31.4979 70268
31.4984 70297
31.4989 70326
31.4994 70355
31.4998 70384
31.5003 70413
31.5008 70442
31.5013 70471
31.5018 70500
31.5022 70529
31.5027 70558
31.5032 70587
31.5037 70616
31.5042 70645
31.5046 70674
31.5051 70703
31.5056 70732
31.5061 70761
31.5066 70790
31.5071 70819
31.5075 70848
31.517 70877
31.5179 70906
31.5184 70935
31.5189 70964
31.5194 70993
31.5199 71022
31.5203 71051
31.5208 71080
31.5213 71109
31.5218 71138
31.5223 71167
31.5227 71196
31.5232 71225
31.5237 71254
31.5242 71283
31.5247 71312
31.5251 71341
31.5256 71370
31.5261 71399
31.5266 71428
31.5271 71457
31.5276 71486
31.528 71515
31.5285 71544
31.538 71573
31.5389 71602
31.5394 71631
31.5399 71660
31.5404 71689
31.5408 71718
31.5413 71747
31.5418 71776
31.5423 71805
31.5428 71834
31.5432 71863
31.5437 71892
31.5442 71921
31.5447 71950
31.5452 71979
31.5456 72008
31.5461 72037
31.5466 72066
31.5471 72095
31.5476 72124
31.548 72153
31.5485 72182
31.549 72211
31.5495 72240
31.5585 72269
31.5597 72298
31.5601 72327
31.5606 72355
31.5611 72383
31.5616 72411
31.5621 72439
31.5625 72467
31.563 72495
31.5635 72523
31.564 72551
31.5645 72579
31.5649 72607
31.5654 72635
31.5659 72663
31.5664 72691
31.5669 72719
31.5673 72747
31.5678 72775
31.5683 72803
31.5688 72831
31.5693 72859
31.5697 72887
31.5702 72915
31.579 72943
31.5802 72971
31.5809 72999
31.5814 73027
31.5818 73055
31.5823 73083
31.5828 73111
31.5833 73139
31.5838 73167
31.5842 73195
31.5847 73223
31.5852 73251
31.5857 73279
31.5862 73307
31.5866 73335
31.5871 73363
31.5876 73391
31.5881 73419
31.5886 73447
31.589 73475
31.5895 73503
31.59 73531
31.5905 73559
31.591 73587
31.5914 73615
31.5999 73643
31.6011 73671
31.6016 73699
31.6021 73727
31.6026 73755
31.6031 73783
31.6035 73811
31.604 73839
31.6045 73867
31.605 73895
31.6055 73923
31.6059 73951
31.6064 73979
31.6069 74007
31.6074 74035
31.6079 74063
31.6083 74091
31.6088 74119
31.6093 74147
31.6098 74175
31.6103 74203
31.6107 74231
31.6112 74259
31.6117 74287
31.6124 74315
31.6211 74343
31.622 74371
31.6225 74399
31.623 74427
31.6235 74455
31.624 74483
31.6244 74511
31.6249 74539
31.6254 74567
31.6259 74595
31.6264 74623
31.6268 74651
31.6273 74679
31.6278 74707
31.6283 74735
31.6288 74763
31.6292 74791
31.6297 74819
31.6302 74847
31.6307 74875
31.6312 74903
31.6317 74930
31.6321 74957
31.6326 74984
31.6336 75011
31.642 75038
31.6432 75065
31.6437 75092
31.6441 75119
31.6446 75146
31.6451 75173
31.6456 75200
31.6461 75227
31.6466 75254
31.647 75281
31.6475 75308
31.648 75335
31.6485 75362
31.649 75389
31.6494 75416
31.6499 75443
31.6504 75470
31.6509 75497
31.6514 75524
31.6518 75551
31.6523 75578
31.6528 75605
31.6533 75632
31.6538 75659
31.6545 75686
31.6629 75713
31.6643 75740
31.6651 75767
31.6655 75794
31.666 75821
31.6665 75848
31.667 75875
31.6675 75902
31.6679 75929
31.6684 75956
31.6689 75983
31.6694 76010
31.6699 76037
31.6703 76064
31.6708 76091
31.6713 76118
31.6718 76145
31.6723 76172
31.6727 76199
31.6732 76226
31.6737 76253
31.6742 76280
31.6747 76307
31.6751 76334
31.6756 76361
31.6764 76388
31.6848 76415
31.6862 76442
31.6867 76469
31.6872 76496
31.6876 76523
31.6881 76550
31.6886 76577
31.6891 76604
31.6896 76631
31.69 76658
31.6905 76685
31.691 76712
31.6915 76739
31.692 76766
31.6925 76793
31.6929 76820
31.6934 76847
31.6939 76874
31.6944 76901
31.6949 76928
31.6953 76955
31.6958 76982
31.6963 77009
31.6968 77036
31.6973 77063
31.6982 77090
31.7069 77117
31.7081 77144
31.7086 77171
31.709 77198
31.709 62976
31.7095 63009
31.7095 62976
31.71 63009
31.71 62976
31.7105 63009
31.7105 62976
31.711 63009
31.711 62976
31.7114 63009
31.7114 62976
31.7119 63009
31.7119 62976
31.7124 63009
31.7124 62976
31.7129 63009
31.7129 62976
31.7134 63009
31.7134 62976
31.7138 63009
31.7138 62976
31.7143 63009
31.7143 62976
31.7148 63009
31.7148 62976
31.7153 63009
31.7153 62976
31.7158 63009
31.7158 62976
31.7162 63009
31.7162 62976
31.7167 63009
31.7167 62976
31.7172 63009
31.7172 62976
31.7177 63009
31.7177 62976
31.7182 63009
31.7182 62976
31.7186 63009
31.7186 62976
31.7194 63009
31.7194 62976
31.7201 63009
31.7201 62976
31.7287 63009
31.7287 62976
31.7302 63009
31.7302 62976
31.7307 63009
31.7307 62976
31.7319 63009
31.7324 63042
31.7329 63075
31.7334 63108
31.7339 63141
31.7343 63174
31.7348 63207
31.7353 63240
31.7358 63273
31.7363 63306
31.7367 63339
31.7372 63372
31.7377 63405
31.7382 63438
31.7387 63471
31.7391 63504
31.7399 63537
31.7408 63569
31.7492 63601
31.7509 63633
31.7516 63665
31.7524 63697
31.7529 63729
31.7534 63761
31.7539 63793
31.7544 63825
31.7548 63857
31.7553 63889
31.7558 63921
31.7563 63953
31.7568 63985
31.7572 64017
31.7577 64049
31.7582 64081
31.7587 64113
31.7592 64145
31.7596 64177
31.7604 64209
31.7613 64241
31.7697 64273
31.7714 64305
31.7721 64337
31.7729 64369
31.7734 64401
31.7739 64433
31.7744 64465
31.7749 64497
31.7753 64529
31.7758 64561
31.7763 64593
31.7768 64625
31.7773 64657
31.7777 64689
31.7782 64721
31.7787 64753
31.7792 64785
31.7797 64817
31.7801 64849
31.7806 64881
31.7811 64913
31.7823 64945
31.7907 64977
31.7926 65009
31.7931 65041
31.7937 65073
31.7942 65105
31.7946 65137
31.7951 65169
31.7956 65201
31.7961 65233
31.7966 65265
31.797 65297
31.7975 65329
31.798 65361
31.7985 65393
31.799 65425
31.7994 65457
31.7999 65489
31.8004 65521
31.8009 65553
31.8014 65584
31.8018 65615
31.8033 65646
31.8117 65677
31.8136 65708
31.8141 65739
31.8146 65770
31.8151 65801
31.8155 65832
31.816 65863
31.8165 65894
31.817 65925
31.8175 65956
31.8179 65987
31.8184 66018
31.8189 66049
31.8194 66080
31.8199 66111
31.8203 66142
31.8208 66173
31.8213 66204
31.8218 66235
31.8223 66266
31.8227 66297
31.8238 66328
31.8324 66359
31.8344 66390
31.8351 66421
31.8356 66452
31.836 66483
31.8365 66514
31.837 66545
31.8375 66576
31.838 66607
31.8384 66638
31.8389 66669
31.8394 66700
31.8399 66731
31.8404 66762
31.8408 66793
31.8413 66824
31.8418 66855
31.8423 66886
31.8428 66917
31.8432 66948
31.8437 66979
31.8447 67010
31.8531 67041
31.855 67072
31.8557 67103
31.8562 67134
31.8567 67165
31.8572 67196
31.8577 67227
31.8581 67258
31.8586 67289
31.8591 67320
31.8596 67351
31.8601 67382
31.8605 67413
31.861 67444
31.8615 67475
31.862 67506
31.8625 67537
31.863 67568
31.8634 67599
31.8639 67630
31.8644 67661
31.8651 67691
31.8658 67721
31.8745 67751
31.8767 67781
31.8771 67811
31.8776 67841
31.8781 67871
31.8786 67901
31.8791 67931
31.8795 67961
31.88 67991
31.8805 68021
31.881 68051
31.8815 68081
31.8819 68111
31.8824 68141
31.8829 68171
31.8834 68201
31.8839 68231
31.8843 68261
31.8848 68291
31.8853 68321
31.8858 68351
31.8867 68381
31.8875 68411
31.8961 68441
31.8983 68471
31.8988 68501
31.8992 68531
31.8997 68561
31.9002 68591
31.9007 68621
31.9012 68651
31.9016 68681
31.9021 68711
31.9026 68741
31.9031 68771
31.9036 68801
31.904 68831
31.9045 68861
31.905 68891
31.9055 68921
31.906 68951
31.9065 68981
31.9069 69011
31.9074 69041
31.9081 69071
31.9089 69101
31.9177 69131
31.9199 69161
31.9206 69191
31.9211 69221
31.9216 69251
31.9221 69281
31.9226 69311
31.923 69341
31.9235 69371
31.924 69401
31.9245 69431
31.925 69461
31.9254 69491
31.9259 69521
31.9264 69551
31.9269 69581
31.9274 69611
31.9278 69641
31.9283 69671
31.9288 69701
31.9293 69731
31.9298 69761
31.9307 69791
31.9394 69821
31.9415 69851
31.9423 69881
31.9427 69911
31.9432 69940
31.9437 69969
31.9442 69998
31.9447 70027
31.9451 70056
31.9456 70085
31.9461 70114
31.9466 70143
31.9471 70172
31.9475 70201
31.948 70230
31.9485 70259
31.949 70288
31.9495 70317
31.9499 70346
31.9504 70375
31.9509 70404
31.9514 70433
31.9524 70462
31.9528 70491
31.9617 70520
31.9639 70549
31.9646 70578
31.9651 70607
31.9656 70636
31.9661 70665
31.9665 70694
31.967 70723
31.9675 70752
31.968 70781
31.9685 70810
31.9689 70839
31.9694 70868
31.9699 70897
31.9704 70926
31.9709 70955
31.9713 70984
31.9718 71013
31.9723 71042
31.9728 71071
31.9733 71100
31.974 71129
31.9747 71158
31.9754 71187
31.9843 71216
31.9865 71245
31.9872 71274
31.9877 71303
31.9882 71332
31.9886 71361
31.9891 71390
31.9896 71419
31.9901 71448
31.9906 71477
31.991 71506
31.9915 71535
31.992 71564
31.9925 71593
31.993 71622
31.9934 71651
31.9939 71680
31.9944 71709
31.9949 71738
31.9954 71767
31.9958 71796
31.9963 71825
31.9973 71854
31.9978 71883
32.0067 71912
32.0091 71941
32.01 71970
32.0105 71999
32.011 72028
32.0115 72057
32.012 72086
32.0124 72115
32.0129 72144
32.0134 72173
32.0139 72202
32.0144 72231
32.0148 72260
32.0153 72289
32.0158 72318
32.0163 72346
32.0168 72374
32.0172 72402
32.0177 72430
32.0182 72458
32.0187 72486
32.0192 72514
32.0199 72542
32.0206 72570
32.0293 72598
32.0317 72626
32.0326 72654
32.0331 72682
32.0336 72710
32.0341 72738
32.0345 72766
32.035 72794
32.0355 72822
32.036 72850
32.0365 72878
32.0369 72906
32.0374 72934
32.0379 72962
32.0384 72990
32.0389 73018
32.0393 73046
32.0398 73074
32.0403 73102
32.0408 73130
32.0413 73158
32.0418 73186
32.0425 73214
32.0432 73242
32.0437 73270
32.0526 73298
32.055 73326
32.0557 73354
32.0562 73382
32.0567 73410
32.0571 73438
32.0576 73466
32.0581 73494
32.0586 73522
32.0591 73550
32.0595 73578
32.06 73606
32.0605 73634
32.061 73662
32.0615 73690
32.0619 73718
32.0624 73746
32.0629 73774
32.0634 73802
32.0639 73830
32.0643 73858
32.0648 73886
32.0658 73914
32.0663 73942
32.067 73970
32.0761 73998
32.0785 74026
32.079 74054
32.0795 74082
32.08 74110
32.0804 74138
32.0809 74166
32.0814 74194
32.0819 74222
32.0824 74250
32.0828 74278
32.0833 74306
32.0838 74334
32.0843 74362
32.0848 74390
32.0852 74418
32.0857 74446
32.0862 74474
32.0867 74502
32.0872 74530
32.0877 74558
32.0884 74586
32.0891 74614
32.0896 74642
32.0903 74670
32.0994 74698
32.1018 74726
32.1026 74754
32.103 74782
32.1035 74810
32.104 74838
32.1045 74866
32.105 74894
32.1054 74921
32.1059 74948
32.1064 74975
32.1069 75002
32.1074 75029
32.1078 75056
32.1083 75083
32.1088 75110
32.1093 75137
32.1098 75164
32.1102 75191
32.1107 75218
32.1112 75245
32.1117 75272
32.1126 75299
32.1131 75326
32.1136 75353
32.1227 75380
32.1254 75407
32.1263 75434
32.1268 75461
32.1273 75488
32.1278 75515
32.1283 75542
32.1287 75569
32.1292 75596
32.1297 75623
32.1302 75650
32.1307 75677
32.1312 75704
32.1316 75731
32.1321 75758
32.1326 75785
32.1331 75812
32.1336 75839
32.134 75866
32.1345 75893
32.135 75920
32.1355 75947
32.1362 75974
32.1369 76001
32.1374 76028
32.1379 76055
32.147 76082
32.1497 76109
32.1504 76136
32.1509 76163
32.1513 76190
32.1518 76217
32.1523 76244
32.1528 76271
32.1533 76298
32.1537 76325
32.1542 76352
32.1547 76379
32.1552 76406
32.1557 76433
32.1561 76460
32.1566 76487
32.1571 76514
32.1576 76541
32.1581 76568
32.1585 76595
32.159 76622
32.1595 76649
32.1605 76676
32.1609 76703
32.1614 76730
32.1622 76757
32.1715 76784
32.1742 76811
32.1746 76838
32.1751 76865
32.1756 76892
32.1761 76919
32.1766 76946
32.1771 76973
32.1775 77000
32.178 77027
32.1785 77054
32.179 77081
32.1795 77108
32.1799 77135
32.1804 77162
32.1809 77189
32.1814 77216
32.1819 77243
32.1823 77270
32.1828 77297
32.1833 77324
32.184 77351
32.1847 77378
32.1852 77405
32.1857 77432
32.1867 77459
32.1958 77486
32.1984 77513
32.1992 77540
32.1996 77567
32.2001 77594
32.2006 77621
32.2011 77648
32.2016 77675
32.202 77701
32.2025 77727
32.203 77753
32.2035 77779
32.204 77805
32.2044 77831
32.2049 77857
32.2054 77883
32.2059 77909
32.2064 77935
32.2069 77961
32.2073 77987
32.2078 78013
32.2083 78039
32.2093 78065
32.2097 78091
32.2102 78117
32.2109 78143
32.2201 78169
32.223 78195
32.2239 78221
32.2244 78247
32.2249 78273
32.2254 78299
32.2258 78325
32.2263 78351
32.2268 78377
32.2273 78403
32.2278 78429
32.2282 78455
32.2287 78481
32.2292 78507
32.2297 78533
32.2302 78559
32.2306 78585
32.2311 78611
32.2316 78637
32.2321 78663
32.2326 78689
32.233 78715
32.2338 78741
32.2345 78767
32.235 78793
32.2354 78819
32.2446 78845
32.2475 78871
32.2484 78897
32.2489 78923
32.2494 78949
32.2499 78975
32.2503 79001
32.2508 79027
32.2513 79053
32.2518 79079
32.2523 79105
32.2528 79131
32.2532 79157
32.2537 79183
32.2542 79209
32.2547 79235
32.2552 79261
32.2556 79287
32.2561 79313
32.2566 79339
32.2571 79365
32.2576 79391
32.258 79417
32.259 79443
32.2595 79469
32.26 79495
32.2607 79521
32.2698 79547
32.2729 79573
32.2737 79599
32.2741 79625
32.2746 79651
32.2751 79677
32.2756 79703
32.2761 79729
32.2765 79755
32.277 79781
32.2775 79807
32.278 79833
32.2785 79859
32.2789 79885
32.2794 79911
32.2799 79937
32.2804 79963
32.2809 79989
32.2814 80015
32.2818 80041
32.2823 80067
32.2828 80093
32.2835 80119
32.2842 80145
32.2847 80171
32.2852 80197
32.2862 80223
32.2953 80249
32.2984 80275
32.2991 80301
32.2996 80327
32.3001 80353
32.3006 80379
32.3011 80405
32.3015 80431
32.302 80457
32.3025 80483
32.303 80509
32.3035 80535
32.3039 80561
32.3044 80587
32.3049 80613
32.3054 80639
32.3059 80665
32.3063 80690
32.3068 80715
32.3073 80740
32.3078 80765
32.3083 80790
32.3087 80815
32.3097 80840
32.3102 80865
32.3107 80890
32.3114 80915
32.3208 80940
32.3239 80965
32.3248 80990
32.3253 81015
32.3258 81040
32.3263 81065
32.3268 81090
32.3273 81115
32.3277 81140
32.3282 81165
32.3287 81190
32.3292 81215
32.3297 81240
32.3301 81265
32.3306 81290
32.3311 81315
32.3316 81340
32.3321 81365
32.3325 81390
32.333 81415
32.3335 81440
32.334 81465
32.3345 81490
32.3352 81515
32.3359 81540
32.3364 81565
32.3369 81590
32.3413 81615
32.3444 81640
32.3453 81665
32.3458 81690
32.3463 81715
32.3468 81740
32.3473 81765
32.3477 81790
32.3482 81815
32.3487 81840
32.3492 81865
32.3497 81890
32.3502 81915
32.3506 81940
32.3511 81965
32.3516 81990
32.3521 82015
32.3526 82040
32.353 82065
32.3535 82090
32.354 82115
32.3545 82140
32.355 82165
32.3557 82190
32.3564 82215
32.3569 82240
32.3574 82265
32.3581 82290
32.3622 82315
32.3654 82340
32.3663 82365
32.3668 82390
32.3673 82415
32.3678 82440
32.3682 82465
32.3687 82490
32.3692 82515
32.3697 82540
32.3702 82565
32.3707 82590
32.3711 82615
32.3716 82640
32.3721 82665
32.3726 82690
32.3731 82715
32.3735 82740
32.374 82765
32.3745 82790
32.375 82815
32.3755 82840
32.3759 82865
32.3767 82890
32.3774 82915
32.3779 82940
32.3783 82965
32.3791 82990
32.3832 83015
32.3863 83040
32.3873 83065
32.3878 83090
32.3883 83115
32.3887 83140
32.3892 83165
32.3897 83190
32.3902 83215
32.3907 83240
32.3911 83265
32.3916 83290
32.3921 83315
32.3926 83340
32.3931 83365
32.3936 83390
32.394 83415
32.3945 83440
32.395 83465
32.3955 83490
32.396 83515
32.3964 83540
32.3969 83565
32.3974 83590
32.3984 83615
32.3988 83640
32.3993 83665
32.3998 83690
32.4037 83715
32.4068 83740
32.4078 83765
32.4083 83790
32.4088 83815
32.4092 83840
32.4097 83865
32.4102 83890
32.4107 83914
32.4112 83938
32.4116 83962
32.4121 83986
32.4126 84010
32.4131 84034
32.4136 84058
32.414 84082
32.4145 84106
32.415 84130
32.4155 84154
32.416 84178
32.4165 84202
32.4169 84226
32.4174 84250
32.4179 84274
32.4189 84298
32.4193 84322
32.4198 84346
32.4203 84370
32.4242 84394
32.4273 84418
32.4283 84442
32.4288 84466
32.4293 84490
32.4297 84514
32.4302 84538
32.4307 84562
32.4312 84586
32.4317 84610
32.4321 84634
32.4326 84658
32.4331 84682
32.4336 84706
32.4341 84730
32.4345 84754
32.435 84778
32.4355 84802
32.436 84826
32.4365 84850
32.437 84874
32.4374 84898
32.4379 84922
32.4384 84946
32.4394 84970
32.4398 84994
32.4403 85018
32.4408 85042
32.4415 85066
32.4452 85090
32.4483 85114
32.4493 85138
32.4498 85162
32.4502 85186
32.4507 85210
32.4512 85234
32.4517 85258
32.4522 85282
32.4526 85306
32.4531 85330
32.4536 85354
32.4541 85378
32.4546 85402
32.455 85426
32.4555 85450
32.456 85474
32.4565 85498
32.457 85522
32.4574 85546
32.4579 85570
32.4584 85594
32.4589 85618
32.4594 85642
32.4603 85666
32.4608 85690
32.4613 85714
32.4618 85738
32.4625 85762
32.4662 85786
32.4693 85810
32.4703 85834
32.4707 85858
32.4712 85882
32.4717 85906
32.4722 85930
32.4727 85954
32.4731 85978
32.4736 86002
32.4741 86026
32.4746 86050
32.4751 86074
32.4755 86098
32.476 86122
32.4765 86146
32.477 86170
32.4775 86194
32.4779 86218
32.4784 86242
32.4789 86266
32.4794 86290
32.4799 86314
32.4803 86338
32.4811 86362
32.4818 86386
32.4823 86410
32.4828 86434
32.4832 86458
32.4868 86482
32.49 86506
32.4909 86530
32.4914 86554
32.4919 86578
32.4924 86602
32.4928 86626
32.4933 86650
32.4938 86674
32.4943 86698
32.4948 86722
32.4952 86746
32.4957 86770
32.4962 86794
32.4967 86818
32.4972 86842
32.4977 86866
32.4981 86890
32.4986 86914
32.4991 86938
32.4996 86962
32.5001 86986
32.5005 87010
32.501 87034
32.5017 87058
32.5025 87082
32.5029 87106
32.5034 87130
32.5039 87154
32.5075 87178
32.5106 87202
32.5118 87226
32.5123 87250
32.5128 87274
32.5133 87298
32.5138 87322
32.5142 87346
32.5147 87370
32.5152 87393
32.5157 87416
32.5162 87439
32.5166 87462
32.5171 87485
32.5176 87508
32.5181 87531
32.5186 87554
32.519 87577
32.5195 87600
32.52 87623
32.5205 87646
32.521 87669
32.5214 87692
32.5219 87715
32.5226 87738
32.5234 87761
32.5238 87784
32.5243 87807
32.5248 87830
32.5255 87853
32.5291 87876
32.5323 87899
32.5335 87922
32.5339 87945
32.5344 87968
32.5349 87991
32.5354 88014
32.5359 88037
32.5363 88060
32.5368 88083
32.5373 88106
32.5378 88129
32.5383 88152
32.5387 88175
32.5392 88198
32.5397 88221
32.5402 88244
32.5407 88267
32.5412 88290
32.5416 88313
32.5421 88336
32.5426 88359
32.5431 88382
32.5436 88405
32.5443 88428
32.545 88451
32.5455 88474
32.546 88497
32.5464 88520
32.5472 88543
32.5508 88566
32.5541 88589
32.5553 88612
32.5558 88635
32.5563 88658
32.5568 88681
32.5573 88704
32.5577 88727
32.5582 88750
32.5587 88773
32.5592 88796
32.5597 88819
32.5601 88842
32.5606 88865
32.5611 88888
32.5616 88911
32.5621 88934
32.5625 88957
32.563 88980
32.5635 89003
32.564 89026
32.5645 89049
32.5649 89072
32.5654 89095
32.5659 89118
32.5669 89141
32.5673 89164
32.5678 89187
32.5683 89210
32.5688 89233
32.5724 89256
32.5758 89279
32.577 89302
32.5774 89325
32.5779 89348
32.5784 89371
32.5789 89394
32.5794 89417
32.5798 89440
32.5803 89463
32.5808 89486
32.5813 89509
32.5818 89532
32.5822 89555
32.5827 89578
32.5832 89601
32.5837 89624
32.5842 89647
32.5846 89670
32.5851 89693
32.5856 89716
32.5861 89739
32.5866 89762
32.5871 89785
32.5875 89808
32.5885 89831
32.589 89854
32.5895 89877
32.5899 89900
32.5904 89923
32.594 89946
32.5974 89969
32.5988 89992
32.5993 90015
32.5998 90038
32.6003 90061
32.6007 90084
32.6012 90107
32.6017 90130
32.6022 90153
32.6027 90176
32.6032 90199
32.6036 90222
32.6041 90245
32.6046 90268
32.6051 90291
32.6056 90314
32.606 90337
32.6065 90360
32.607 90383
32.6075 90406
32.608 90429
32.6084 90452
32.6089 90475
32.6094 90498
32.6104 90521
32.6108 90544
32.6113 90567
32.6118 90590
32.6123 90613
32.613 90636
32.6166 90659
32.62 90682
32.6214 90705
32.6219 90728
32.6224 90751
32.6229 90774
32.6233 90797
32.6238 90820
32.6243 90843
32.6248 90866
32.6253 90889
32.6257 90912
32.6262 90935
32.6267 90958
32.6272 90981
32.6277 91004
32.6281 91027
32.6286 91050
32.6291 91073
32.6296 91096
32.6301 91119
32.6305 91142
32.631 91165
32.6315 91187
32.632 91209
32.633 91231
32.6334 91253
32.6339 91275
32.6344 91297
32.6349 91319
32.6356 91341
32.6392 91363
32.6426 91385
32.6442 91407
32.6447 91429
32.6452 91451
32.6457 91473
32.6462 91495
32.6467 91517
32.6471 91539
32.6476 91561
32.6481 91583
32.6486 91605
32.6491 91627
32.6495 91649
32.65 91671
32.6505 91693
32.651 91715
32.6515 91737
32.6519 91759
32.6524 91781
32.6529 91803
32.6534 91825
32.6539 91847
32.6543 91869
32.6548 91891
32.6558 91913
32.6563 91935
32.6567 91957
32.6572 91979
32.6577 92001
32.6582 92023
32.6618 92045
32.6652 92067
32.6668 92089
32.6673 92111
32.6678 92133
32.6683 92155
32.6688 92177
32.6692 92199
32.6697 92221
32.6702 92243
32.6707 92265
32.6712 92287
32.6716 92309
32.6721 92331
32.6726 92353
32.6731 92375
32.6736 92397
32.674 92419
32.6745 92441
32.675 92463
32.6755 92485
32.676 92507
32.6765 92529
32.6769 92551
32.6774 92573
32.6784 92595
32.6789 92617
32.6793 92639
32.6798 92661
32.6803 92683
32.6808 92705
32.6844 92727
32.6877 92749
32.6894 92771
32.6901 92793
32.6906 92815
32.6911 92837
32.6916 92859
32.6921 92881
32.6926 92903
32.693 92925
32.6935 92947
32.694 92969
32.6945 92991
32.695 93013
32.6954 93035
32.6959 93057
32.6964 93079
32.6969 93101
32.6974 93123
32.6978 93145
32.6983 93167
32.6988 93189
32.6993 93211
32.6998 93233
32.7002 93255
32.7012 93277
32.7017 93299
32.7022 93321
32.7026 93343
32.7031 93365
32.7036 93387
32.7046 93409
32.7079 93431
32.7113 93453
32.7113 46080
32.713 46125
32.713 46080
32.7137 46125
32.7137 46080
32.7142 46125
32.7142 46080
32.7147 46125
32.7147 46080
32.7151 46125
32.7151 46080
32.7156 46125
32.7156 46080
32.7161 46125
32.7161 46080
32.7166 46125
32.7166 46080
32.7171 46125
32.7171 46080
32.7175 46125
32.7175 46080
32.718 46125
32.718 46080
32.7185 46125
32.7185 46080
32.719 46125
32.719 46080
32.7195 46125
32.7195 46080
32.7199 46125
32.7199 46080
32.7204 46125
32.7204 46080
32.7209 46125
32.7209 46080
32.7214 46125
32.7214 46080
32.7219 46125
32.7219 46080
32.7224 46125
32.7224 46080
32.7228 46125
32.7228 46080
32.7233 46125
32.7233 46080
32.7238 46125
32.7238 46080
32.7248 46125
32.7248 46080
32.7252 46125
32.7252 46080
32.7257 46125
32.7257 46080
32.7262 46125
32.7262 46080
32.7267 46125
32.7267 46080
32.7272 46125
32.7272 46080
32.7281 46125
32.7281 46080
32.7315 46125
32.7315 46080
32.7414 46125
32.7419 46170
32.7424 46215
32.7428 46260
32.7433 46305
32.7438 46350
32.7443 46395
32.7453 46440
32.7462 46485
32.7467 46530
32.7472 46575
32.7477 46620
32.7481 46664
32.7489 46708
32.7522 46752
32.7619 46796
32.7624 46840
32.7629 46884
32.7633 46928
32.7638 46972
32.7643 47016
32.7648 47060
32.7653 47104
32.7662 47148
32.767 47192
32.7674 47236
32.7679 47280
32.7684 47324
32.7689 47368
32.7698 47412
32.7732 47456
32.7826 47500
32.7831 47544
32.7836 47588
32.7841 47632
32.7846 47676
32.785 47719
32.7855 47762
32.786 47805
32.7872 47848
32.7877 47891
32.7882 47934
32.7887 47977
32.7891 48020
32.7899 48063
32.7908 48106
32.7944 48149
32.8034 48192
32.8039 48235
32.8043 48278
32.8048 48321
32.8053 48364
32.8058 48407
32.8063 48450
32.8067 48493
32.8077 48536
32.8082 48579
32.8087 48622
32.8091 48665
32.8096 48708
32.8104 48751
32.8113 48794
32.8149 48836
32.8239 48878
32.8244 48920
32.8248 48962
32.8253 49004
32.8258 49046
32.8263 49088
32.8268 49130
32.8272 49172
32.8282 49214
32.8289 49256
32.8294 49298
32.8299 49340
32.8304 49382
32.8308 49424
32.8318 49466
32.8354 49508
32.8444 49550
32.8449 49592
32.8453 49634
32.8458 49676
32.8463 49718
32.8468 49760
32.8473 49802
32.8477 49844
32.8487 49886
32.8497 49928
32.8501 49969
32.8506 50010
32.8511 50051
32.8516 50092
32.8521 50133
32.853 50174
32.8566 50215
32.8651 50256
32.8656 50297
32.8661 50338
32.8666 50379
32.867 50420
32.8675 50461
32.868 50502
32.8685 50543
32.8697 50584
32.8704 50625
32.8709 50666
32.8714 50707
32.8718 50748
32.8723 50789
32.873 50830
32.874 50871
32.8779 50912
32.8859 50953
32.8863 50994
32.8868 51035
32.8873 51076
32.8878 51117
32.8883 51158
32.8887 51198
32.8892 51238
32.8907 51278
32.8911 51318
32.8916 51358
32.8921 51398
32.8926 51438
32.8931 51478
32.894 51518
32.8947 51558
32.8986 51598
32.9064 51638
32.9068 51678
32.9073 51718
32.9078 51758
32.9083 51798
32.9088 51838
32.9092 51878
32.9097 51918
32.9112 51958
32.9119 51998
32.9124 52038
32.9128 52078
32.9133 52118
32.9138 52158
32.9145 52198
32.9152 52238
32.9191 52278
32.9269 52318
32.9273 52358
32.9278 52398
32.9283 52438
32.9288 52477
32.9293 52516
32.9297 52555
32.9302 52594
32.9317 52633
32.9326 52672
32.9331 52711
32.9336 52750
32.9341 52789
32.9345 52828
32.935 52867
32.9357 52906
32.9365 52945
32.9403 52984
32.9476 53023
32.9481 53062
32.9485 53101
32.949 53140
32.9495 53179
32.95 53218
32.9505 53257
32.951 53296
32.9526 53335
32.9534 53374
32.9538 53413
32.9543 53452
32.9548 53491
32.9553 53530
32.9558 53569
32.9567 53608
32.9574 53647
32.9613 53686
32.9683 53725
32.9688 53764
32.9693 53802
32.9698 53840
32.9702 53878
32.9707 53916
32.9712 53954
32.9717 53992
32.9736 54030
32.9741 54068
32.9746 54106
32.9751 54144
32.9755 54182
32.976 54220
32.9767 54258
32.9775 54296
32.9784 54334
32.982 54372
32.9888 54410
32.9893 54448
32.9898 54486
32.9903 54524
32.9907 54562
32.9912 54600
32.9917 54638
32.9922 54676
32.9941 54714
32.9948 54752
32.9953 54790
32.9958 54828
32.9963 54866
32.9968 54904
32.9972 54942
32.9982 54980
32.9989 55018
33.0025 55056
33.0093 55094
33.0098 55132
33.0103 55170
33.0108 55208
33.0112 55245
33.0117 55282
33.0122 55319
33.0127 55356
33.0146 55393
33.0156 55430
33.0161 55467
33.0165 55504
33.017 55541
33.0175 55578
33.018 55615
33.0187 55652
33.0194 55689
33.023 55726
33.0237 55763
33.0301 55800
33.0305 55837
33.031 55874
33.0315 55911
33.032 55948
33.0325 55985
33.0329 56022
33.0334 56059
33.0356 56096
33.0363 56133
33.0368 56170
33.0373 56207
33.0378 56244
33.0382 56281
33.0387 56318
33.0397 56355
33.0404 56392
33.044 56429
33.0447 56466
33.0508 56503
33.0513 56540
33.0518 56577
33.0522 56614
33.0527 56651
33.0532 56688
33.0537 56724
33.0542 56760
33.0566 56796
33.057 56832
33.0575 56868
33.058 56904
33.0585 56940
33.059 56976
33.0597 57012
33.0604 57048
33.0614 57084
33.0647 57120
33.0657 57156
33.0715 57192
33.072 57228
33.0725 57264
33.073 57300
33.0735 57336
33.0739 57372
33.0744 57408
33.0749 57444
33.0771 57480
33.0778 57516
33.0783 57552
33.0787 57588
33.0792 57624
33.0797 57660
33.0802 57696
33.0812 57732
33.0819 57768
33.0855 57804
33.0862 57840
33.0924 57876
33.0929 57912
33.0934 57948
33.0939 57984
33.0944 58020
33.0948 58056
33.0953 58092
33.0958 58128
33.0976 58164
33.0985 58200
33.099 58236
33.0995 58272
33.1 58307
33.1004 58342
33.1009 58377
33.1016 58412
33.1024 58447
33.106 58482
33.1067 58517
33.1129 58552
33.1134 58587
33.1139 58622
33.1144 58657
33.1149 58692
33.1153 58727
33.1158 58762
33.1163 58797
33.1168 58832
33.1185 58867
33.1193 58902
33.1197 58937
33.1202 58972
33.1207 59007
33.1212 59042
33.1217 59077
33.1226 59112
33.1233 59147
33.127 59182
33.1277 59217
33.1339 59252
33.1344 59287
33.1349 59322
33.1354 59357
33.1358 59392
33.1363 59427
33.1368 59462
33.1373 59497
33.1378 59532
33.1395 59567
33.14 59602
33.1405 59637
33.141 59672
33.1414 59707
33.1419 59742
33.1426 59777
33.1434 59812
33.1443 59847
33.1477 59882
33.1487 59917
33.1549 59951
33.1554 59985
33.1559 60019
33.1563 60053
33.1568 60087
33.1573 60121
33.1578 60155
33.1583 60189
33.1587 60223
33.16 60257
33.1607 60291
33.1612 60325
33.1617 60359
33.1622 60393
33.1627 60427
33.1631 60461
33.1641 60495
33.1648 60529
33.1684 60563
33.1691 60597
33.1754 60631
33.1764 60665
33.1768 60699
33.1773 60733
33.1778 60767
33.1783 60801
33.1788 60835
33.1792 60869
33.1797 60903
33.1805 60937
33.1815 60971
33.182 61005
33.1824 61039
33.1829 61073
33.1834 61107
33.1839 61141
33.1846 61175
33.1853 61209
33.1889 61243
33.1896 61277
33.1959 61311
33.1969 61345
33.1973 61379
33.1978 61413
33.1983 61447
33.1988 61481
33.1993 61515
33.1997 61549
33.2002 61583
33.2007 61617
33.2015 61651
33.2022 61685
33.2027 61718
33.2032 61751
33.2037 61784
33.2041 61817
33.2046 61850
33.2056 61883
33.2063 61916
33.2099 61949
33.2106 61982
33.2169 62015
33.2176 62048
33.2181 62081
33.2186 62114
33.219 62147
33.2195 62180
33.22 62213
33.2205 62246
33.221 62279
33.2214 62312
33.2225 62345
33.223 62378
33.2234 62411
33.2239 62444
33.2244 62477
33.2249 62510
33.2256 62543
33.2266 62576
33.2275 62609
33.2309 62642
33.2318 62675
33.2381 62708
33.2386 62741
33.2391 62774
33.2395 62807
33.24 62840
33.2405 62873
33.241 62906
33.2415 62939
33.2419 62972
33.2424 63005
33.2434 63038
33.2439 63071
33.2443 63104
33.2448 63137
33.2453 63170
33.2458 63203
33.2465 63236
33.2477 63269
33.2484 63302
33.252 63335
33.2528 63368
33.259 63401
33.2597 63434
33.2602 63467
33.2607 63500
33.2612 63533
33.2616 63566
33.2621 63598
33.2626 63630
33.2631 63662
33.2636 63694
33.2643 63726
33.265 63758
33.2655 63790
33.266 63822
33.2665 63854
33.2669 63886
33.2674 63918
33.2686 63950
33.2693 63982
33.2732 64014
33.2739 64046
33.2801 64078
33.2811 64110
33.2816 64142
33.2821 64174
33.2826 64206
33.283 64238
33.2835 64270
33.284 64302
33.2845 64334
33.285 64366
33.2854 64398
33.2864 64430
33.2869 64462
33.2874 64494
33.2878 64526
33.2883 64558
33.2888 64590
33.2893 64622
33.2905 64654
33.2912 64686
33.295 64718
33.2958 64750
33.302 64782
33.3027 64814
33.3032 64846
33.3037 64878
33.3042 64910
33.3047 64942
33.3051 64974
33.3056 65006
33.3061 65038
33.3066 65070
33.3073 65102
33.308 65134
33.3085 65166
33.309 65198
33.3095 65230
33.3099 65262
33.3104 65294
33.3112 65326
33.3124 65358
33.3131 65390
33.3169 65422
33.3179 65454
33.3241 65486
33.3246 65518
33.3251 65550
33.3256 65581
33.3261 65612
33.3265 65643
33.327 65674
33.3275 65705
33.328 65736
33.3285 65767
33.3294 65798
33.3299 65829
33.3304 65860
33.3309 65891
33.3313 65922
33.3318 65953
33.3323 65984
33.3333 66015
33.3342 66046
33.3347 66077
33.3374 66108
33.3384 66139
33.3446 66170
33.3453 66201
33.3458 66232
33.3463 66263
33.3468 66294
33.3473 66325
33.3478 66356
33.3482 66387
33.3487 66418
33.3492 66449
33.3499 66480
33.3506 66511
33.3511 66542
33.3516 66573
33.3521 66604
33.3526 66635
33.353 66666
33.3538 66697
33.3547 66728
33.3554 66759
33.3579 66790
33.3589 66821
33.3651 66852
33.3661 66883
33.3666 66914
33.367 66945
33.3675 66976
33.368 67007
33.3685 67038
33.369 67069
33.3694 67100
33.3699 67131
33.3707 67162
33.3714 67193
33.3719 67224
33.3723 67255
33.3728 67286
33.3733 67317
33.3738 67348
33.3745 67379
33.3752 67410
33.3762 67441
33.3767 67472
33.3787 67503
33.3796 67534
33.3861 67565
33.3871 67596
33.3875 67627
33.388 67658
33.3885 67688
33.389 67718
33.3895 67748
33.3899 67778
33.3904 67808
33.3909 67838
33.3916 67868
33.3924 67898
33.3928 67928
33.3933 67958
33.3938 67988
33.3943 68018
33.3948 68048
33.3955 68078
33.3962 68108
33.3972 68138
33.3976 68168
33.3994 68198
33.4004 68228
33.4071 68258
33.408 68288
33.4085 68318
33.409 68348
33.4095 68378
33.41 68408
33.4104 68438
33.4109 68468
33.4114 68498
33.4119 68528
33.4126 68558
33.4136 68588
33.4141 68618
33.4145 68648
33.415 68678
33.4155 68708
33.416 68738
33.4167 68768
33.4174 68798
33.4181 68828
33.4189 68858
33.4199 68888
33.4208 68918
33.4276 68948
33.4285 68978
33.4293 69008
33.4297 69038
33.4302 69068
33.4307 69098
33.4312 69128
33.4317 69158
33.4321 69188
33.4326 69218
33.4331 69248
33.4341 69278
33.4345 69308
33.435 69338
33.4355 69368
33.436 69398
33.4365 69428
33.4372 69458
33.4379 69488
33.4386 69518
33.4394 69548
33.4404 69578
33.4413 69608
33.4481 69638
33.449 69668
33.4498 69698
33.4502 69728
33.4507 69758
33.4512 69788
33.4517 69818
33.4522 69848
33.4526 69878
33.4531 69908
33.4536 69937
33.4546 69966
33.455 69995
33.4555 70024
33.456 70053
33.4565 70082
33.457 70111
33.4577 70140
33.4587 70169
33.4594 70198
33.4601 70227
33.4606 70256
33.4611 70285
33.4621 70314
33.4691 70343
33.47 70372
33.4705 70401
33.471 70430
33.4715 70459
33.4719 70488
33.4724 70517
33.4729 70546
33.4734 70575
33.4739 70604
33.4746 70633
33.4753 70662
33.4758 70691
33.4763 70720
33.4767 70749
33.4772 70778
33.4777 70807
33.4787 70836
33.4796 70865
33.4804 70894
33.4811 70923
33.4816 70952
33.482 70981
33.4828 71010
33.49 71039
33.491 71068
33.4915 71097
33.492 71126
33.4924 71155
33.4929 71184
33.4934 71213
33.4939 71242
33.4944 71271
33.4948 71300
33.4956 71329
33.4963 71358
33.4968 71387
33.4972 71416
33.4977 71445
33.4982 71474
33.4987 71503
33.4996 71532
33.5006 71561
33.5013 71590
33.5023 71619
33.5028 71648
33.5033 71677
33.5037 71706
33.5105 71735
33.5115 71764
33.5122 71793
33.5127 71822
33.5132 71851
33.5137 71880
33.5141 71909
33.5146 71938
33.5151 71967
33.5156 71996
33.5161 72025
33.517 72054
33.5175 72083
33.518 72112
33.5185 72141
33.5189 72170
33.5194 72199
33.5201 72228
33.5211 72257
33.5218 72286
33.5228 72315
33.5233 72343
33.5237 72371
33.5242 72399
33.531 72427
33.532 72455
33.5327 72483
33.5332 72511
33.5337 72539
33.5342 72567
33.5346 72595
33.5351 72623
33.5356 72651
33.5361 72679
33.5366 72707
33.5375 72735
33.538 72763
33.5385 72791
33.539 72819
33.5394 72847
33.5399 72875
33.5406 72903
33.5416 72931
33.5423 72959
33.5433 72987
33.5438 73015
33.5442 73043
33.5447 73071
33.5515 73099
33.5522 73127
33.5532 73155
33.5537 73183
33.5542 73211
33.5547 73239
33.5551 73267
33.5556 73295
33.5561 73323
33.5566 73351
33.5571 73379
33.5578 73407
33.5585 73435
33.559 73463
33.5595 73491
33.5599 73519
33.5604 73547
33.5609 73575
33.5619 73603
33.5628 73631
33.5635 73659
33.5643 73687
33.5647 73715
33.5652 73743
33.5657 73771
33.5725 73799
33.5732 73827
33.5742 73855
33.5747 73883
33.5751 73911
33.5756 73939
33.5761 73967
33.5766 73995
33.5771 74023
33.5776 74051
33.578 74079
33.5788 74107
33.5795 74135
33.58 74163
33.5804 74191
33.5809 74219
33.5814 74247
33.5819 74275
33.5828 74303
33.5838 74331
33.5845 74359
33.5852 74387
33.5857 74415
33.5862 74443
33.5867 74471
33.5935 74499
33.5942 74527
33.5952 74555
33.5956 74583
33.5961 74611
33.5966 74639
33.5971 74667
33.5976 74695
33.5981 74723
33.5985 74751
33.599 74779
33.5995 74807
33.6005 74835
33.6009 74863
33.6014 74891
33.6019 74918
33.6024 74945
33.6029 74972
33.6036 74999
33.6045 75026
33.6053 75053
33.6062 75080
33.6067 75107
33.6072 75134
33.6077 75161
33.614 75188
33.6147 75215
33.6157 75242
33.6161 75269
33.6166 75296
33.6171 75323
33.6176 75350
33.6181 75377
33.6185 75404
33.619 75431
33.6195 75458
33.62 75485
33.621 75512
33.6214 75539
33.6219 75566
33.6224 75593
33.6229 75620
33.6234 75647
33.6241 75674
33.625 75701
33.6258 75728
33.6267 75755
33.6272 75782
33.6277 75809
33.6282 75836
33.6345 75863
33.6352 75890
33.6362 75917
33.6366 75944
33.6371 75971
33.6376 75998
33.6381 76025
33.6386 76052
33.639 76079
33.6395 76106
33.64 76133
33.6405 76160
33.6414 76187
33.6419 76214
33.6424 76241
33.6429 76268
33.6434 76295
33.6439 76322
33.6443 76349
33.6453 76376
33.6463 76403
33.647 76430
33.6477 76457
33.6482 76484
33.6487 76511
33.6491 76538
33.6555 76565
33.6562 76592
33.6571 76619
33.6576 76646
33.6581 76673
33.6586 76700
33.6591 76727
33.6595 76754
33.66 76781
33.6605 76808
33.661 76835
33.6615 76862
33.6624 76889
33.6629 76916
33.6634 76943
33.6639 76970
33.6644 76997
33.6648 77024
33.6653 77051
33.6663 77078
33.6672 77105
33.668 77132
33.6687 77159
33.6692 77186
33.6696 77213
33.6701 77240
33.6764 77267
33.6772 77294
33.6781 77321
33.6786 77348
33.6791 77375
33.6796 77402
33.68 77429
33.6805 77456
33.681 77483
33.6815 77510
33.682 77537
33.6824 77564
33.6832 77591
33.6839 77618
33.6844 77645
33.6848 77672
33.6853 77698
33.6858 77724
33.6863 77750
33.687 77776
33.688 77802
33.6887 77828
33.6897 77854
33.6901 77880
33.6906 77906
33.6911 77932
33.6969 77958
33.6977 77984
33.6986 78010
33.6991 78036
33.6996 78062
33.7001 78088
33.7005 78114
33.701 78140
33.7015 78166
33.702 78192
33.7025 78218
33.7029 78244
33.7037 78270
33.7044 78296
33.7049 78322
33.7053 78348
33.7058 78374
33.7063 78400
33.7068 78426
33.7075 78452
33.7085 78478
33.7092 78504
33.7092 48128
33.7102 48171
33.7102 48128
33.7106 48171
33.7106 48128
33.7111 48171
33.7111 48128
33.7116 48171
33.7116 48128
33.7174 48171
33.7174 48128
33.7182 48171
33.7182 48128
33.7191 48171
33.7191 48128
33.7196 48171
33.7196 48128
33.7201 48171
33.7201 48128
33.7206 48171
33.7206 48128
33.721 48171
33.721 48128
33.7215 48171
33.7215 48128
33.722 48171
33.722 48128
33.7225 48171
33.7225 48128
33.723 48171
33.723 48128
33.7234 48171
33.7234 48128
33.7242 48171
33.7242 48128
33.7249 48171
33.7249 48128
33.7254 48171
33.7254 48128
33.7258 48171
33.7258 48128
33.7263 48171
33.7263 48128
33.7268 48171
33.7268 48128
33.7273 48171
33.7273 48128
33.7278 48171
33.7278 48128
33.7287 48171
33.7287 48128
33.7297 48171
33.7297 48128
33.7415 48171
33.742 48214
33.7425 48257
33.743 48300
33.7435 48343
33.7439 48386
33.7447 48429
33.7456 48472
33.7461 48515
33.7466 48558
33.7471 48601
33.7475 48644
33.748 48687
33.7485 48730
33.7492 48773
33.7502 48815
33.762 48857
33.7625 48899
33.763 48941
33.7635 48983
33.764 49025
33.7644 49067
33.7652 49109
33.7661 49151
33.7668 49193
33.7673 49235
33.7678 49277
33.7683 49319
33.7688 49361
33.7692 49403
33.7697 49445
33.7707 49487
33.7825 49529
33.783 49571
33.7835 49613
33.784 49655
33.7845 49697
33.7849 49739
33.7857 49781
33.7866 49823
33.7873 49865
33.7878 49907
33.7883 49949
33.7888 49990
33.7893 50031
33.7897 50072
33.7902 50113
33.7912 50154
33.7919 50195
33.8033 50236
33.8038 50277
33.8042 50318
33.8047 50359
33.8052 50400
33.8057 50441
33.8064 50482
33.8076 50523
33.8083 50564
33.8088 50605
33.8093 50646
33.8098 50687
33.8102 50728
33.8107 50769
33.8114 50810
33.8122 50851
33.8131 50892
33.824 50933
33.8245 50974
33.825 51015
33.8255 51056
33.8259 51097
33.8264 51138
33.8271 51179
33.8286 51219
33.8293 51259
33.8298 51299
33.8303 51339
33.8307 51379
33.8312 51419
33.8317 51459
33.8322 51499
33.8331 51539
33.8339 51579
33.8445 51619
33.845 51659
33.8455 51699
33.8459 51739
33.8464 51779
33.8469 51819
33.8476 51859
33.8491 51899
33.85 51939
33.8505 51979
33.851 52019
33.8515 52059
33.852 52099
33.8524 52139
33.8529 52179
33.8536 52219
33.8546 52259
33.865 52299
33.8655 52339
33.866 52379
33.8664 52419
33.8669 52458
33.8674 52497
33.8681 52536
33.8696 52575
33.8705 52614
33.8713 52653
33.8717 52692
33.8722 52731
33.8727 52770
33.8732 52809
33.8737 52848
33.8741 52887
33.8749 52926
33.8758 52965
33.8857 53004
33.8862 53043
33.8867 53082
33.8872 53121
33.8877 53160
33.8881 53199
33.8889 53238
33.8903 53277
33.8915 53316
33.892 53355
33.8925 53394
33.893 53433
33.8934 53472
33.8939 53511
33.8944 53550
33.8949 53589
33.8958 53628
33.8968 53667
33.9065 53706
33.907 53745
33.9074 53784
33.9079 53822
33.9084 53860
33.9089 53898
33.9096 53936
33.911 53974
33.9122 54012
33.9127 54050
33.9132 54088
33.9137 54126
33.9142 54164
33.9147 54202
33.9151 54240
33.9159 54278
33.9166 54316
33.9175 54354
33.927 54392
33.9275 54430
33.9279 54468
33.9284 54506
33.9289 54544
33.9294 54582
33.9301 54620
33.9315 54658
33.9327 54696
33.9332 54734
33.9337 54772
33.9342 54810
33.9347 54848
33.9351 54886
33.9356 54924
33.9364 54962
33.9373 55000
33.938 55038
33.9475 55076
33.948 55114
33.9484 55152
33.9489 55190
33.9494 55227
33.9499 55264
33.9506 55301
33.952 55338
33.9532 55375
33.9537 55412
33.9542 55449
33.9547 55486
33.9552 55523
33.9556 55560
33.9561 55597
33.9568 55634
33.9578 55671
33.9585 55708
33.9595 55745
33.9682 55782
33.9687 55819
33.9692 55856
33.9697 55893
33.9701 55930
33.9706 55967
33.9713 56004
33.9728 56041
33.974 56078
33.9745 56115
33.9749 56152
33.9754 56189
33.9759 56226
33.9764 56263
33.9769 56300
33.9776 56337
33.9788 56374
33.9795 56411
33.9805 56448
33.989 56485
33.9894 56522
33.9899 56559
33.9904 56596
33.9909 56633
33.9914 56670
33.9921 56706
33.9935 56742
33.9947 56778
33.9952 56814
33.9957 56850
33.9962 56886
33.9966 56922
33.9971 56958
33.9976 56994
33.9983 57030
33.9995 57066
34.0005 57102
34.0014 57138
34.0097 57174
34.0102 57210
34.0107 57246
34.0111 57282
34.0116 57318
34.0121 57354
34.0126 57390
34.014 57426
34.0152 57462
34.0157 57498
34.0162 57534
34.0167 57570
34.0171 57606
34.0176 57642
34.0181 57678
34.0188 57714
34.02 57750
34.021 57786
34.0219 57822
34.0302 57858
34.0307 57894
34.0312 57930
34.0316 57966
34.0321 58002
34.0326 58038
34.0331 58074
34.0345 58110
34.0357 58146
34.0362 58182
34.0367 58218
34.0372 58254
34.0376 58289
34.0381 58324
34.0386 58359
34.0393 58394
34.0405 58429
34.0415 58464
34.0424 58499
34.0507 58534
34.0512 58569
34.0516 58604
34.0521 58639
34.0526 58674
34.0531 58709
34.0536 58744
34.0541 58779
34.0553 58814
34.0565 58849
34.0569 58884
34.0574 58919
34.0579 58954
34.0584 58989
34.0589 59024
34.0593 59059
34.0601 59094
34.0613 59129
34.0625 59164
34.0634 59199
34.0714 59234
34.0719 59269
34.0724 59304
34.0729 59339
34.0733 59374
34.0738 59409
34.0743 59444
34.075 59479
34.076 59514
34.0772 59549
34.0777 59584
34.0782 59619
34.0786 59654
34.0791 59689
34.0796 59724
34.0801 59759
34.0808 59794
34.082 59829
34.0834 59864
34.0844 59899
34.0922 59934
34.0926 59968
34.0931 60002
34.0936 60036
34.0941 60070
34.0946 60104
34.095 60138
34.0955 60172
34.0965 60206
34.0977 60240
34.0982 60274
34.0987 60308
34.0991 60342
34.0996 60376
34.1001 60410
34.1006 60444
34.1013 60478
34.1025 60512
34.1039 60546
34.1049 60580
34.1131 60614
34.1136 60648
34.114 60682
34.1145 60716
34.115 60750
34.1155 60784
34.116 60818
34.1164 60852
34.1172 60886
34.1184 60920
34.1188 60954
34.1193 60988
34.1198 61022
34.1203 61056
34.1208 61090
34.1212 61124
34.1218 61158
34.123 61192
34.1244 61226
34.1254 61260
34.1336 61294
34.1341 61328
34.1345 61362
34.135 61396
34.1355 61430
34.136 61464
34.1365 61498
34.1369 61532
34.1377 61566
34.1384 61600
34.1393 61634
34.1398 61668
34.1403 61701
34.1408 61734
34.1413 61767
34.1417 61800
34.1422 61833
34.1427 61866
34.1437 61899
34.1454 61932
34.1464 61965
34.1545 61998
34.155 62031
34.1555 62064
34.156 62097
34.1565 62130
34.157 62163
34.1574 62196
34.1579 62229
34.1589 62262
34.1596 62295
34.1603 62328
34.1608 62361
34.1613 62394
34.1618 62427
34.1622 62460
34.1627 62493
34.1632 62526
34.1637 62559
34.1646 62592
34.1664 62625
34.1674 62658
34.1755 62691
34.176 62724
34.1765 62757
34.177 62790
34.1774 62823
34.1779 62856
34.1784 62889
34.1789 62922
34.1799 62955
34.1806 62988
34.1813 63021
34.1818 63054
34.1823 63087
34.1827 63120
34.1832 63153
34.1837 63186
34.1842 63219
34.1847 63252
34.1856 63285
34.1869 63318
34.1879 63351
34.1963 63384
34.197 63417
34.1975 63450
34.1979 63483
34.1984 63516
34.1989 63549
34.1994 63581
34.1999 63613
34.2006 63645
34.2013 63677
34.2023 63709
34.2028 63741
34.2032 63773
34.2037 63805
34.2042 63837
34.2047 63869
34.2052 63901
34.2056 63933
34.2064 63965
34.2074 63997
34.2084 64029
34.2168 64061
34.2175 64093
34.218 64125
34.2184 64157
34.2189 64189
34.2194 64221
34.2199 64253
34.2204 64285
34.2211 64317
34.2218 64349
34.2228 64381
34.2233 64413
34.2237 64445
34.2242 64477
34.2247 64509
34.2252 64541
34.2257 64573
34.2261 64605
34.2269 64637
34.2276 64669
34.2284 64701
34.2293 64733
34.2377 64765
34.2385 64797
34.2389 64829
34.2394 64861
34.2399 64893
34.2404 64925
34.2409 64957
34.2413 64989
34.2423 65021
34.243 65053
34.2437 65085
34.2442 65117
34.2447 65149
34.2452 65181
34.2457 65213
34.2462 65245
34.2466 65277
34.2471 65309
34.2481 65341
34.2486 65373
34.2495 65405
34.2505 65437
34.2589 65469
34.2596 65501
34.2601 65533
34.2606 65564
34.2611 65595
34.2615 65626
34.262 65657
34.2625 65688
34.2635 65719
34.2642 65750
34.2649 65781
34.2654 65812
34.2659 65843
34.2663 65874
34.2668 65905
34.2673 65936
34.2678 65967
34.2683 65998
34.269 66029
34.2697 66060
34.2704 66091
34.2714 66122
34.2798 66153
34.2808 66184
34.2812 66215
34.2817 66246
34.2822 66277
34.2827 66308
34.2832 66339
34.2836 66370
34.2844 66401
34.2853 66432
34.2863 66463
34.2868 66494
34.2872 66525
34.2877 66556
34.2882 66587
34.2887 66618
34.2892 66649
34.2897 66680
34.2901 66711
34.2911 66742
34.2916 66773
34.2925 66804
34.3009 66835
34.3019 66866
34.3026 66897
34.3031 66928
34.3036 66959
34.3041 66990
34.3046 67021
34.305 67052
34.3055 67083
34.3065 67114
34.3074 67145
34.3079 67176
34.3084 67207
34.3089 67238
34.3094 67269
34.3098 67300
34.3103 67331
34.3108 67362
34.3113 67393
34.3122 67424
34.3127 67455
34.3134 67486
34.3144 67517
34.3228 67548
34.3238 67579
34.3243 67610
34.3247 67641
34.3252 67671
34.3257 67701
34.3262 67731
34.3267 67761
34.3274 67791
34.3283 67821
34.3291 67851
34.3295 67881
34.33 67911
34.3305 67941
34.331 67971
34.3315 68001
34.3319 68031
34.3324 68061
34.3331 68091
34.3341 68121
34.3346 68151
34.3351 68181
34.3356 68211
34.3438 68241
34.3445 68271
34.345 68301
34.3455 68331
34.346 68361
34.3464 68391
34.3469 68421
34.3474 68451
34.3484 68481
34.3493 68511
34.3498 68541
34.3503 68571
34.3508 68601
34.3512 68631
34.3517 68661
34.3522 68691
34.3527 68721
34.3532 68751
34.3541 68781
34.3551 68811
34.3556 68841
34.356 68871
34.3565 68901
34.3643 68931
34.3653 68961
34.3657 68991
34.3662 69021
34.3667 69051
34.3672 69081
34.3677 69111
34.3681 69141
34.3689 69171
34.3698 69201
34.3705 69231
34.371 69261
34.3715 69291
34.372 69321
34.3725 69351
34.3729 69381
34.3734 69411
34.3739 69441
34.3746 69471
34.3756 69501
34.3763 69531
34.3768 69561
34.3773 69591
34.3848 69621
34.3858 69651
34.3865 69681
34.387 69711
34.3874 69741
34.3879 69771
34.3884 69801
34.3889 69831
34.3894 69861
34.3903 69891
34.3913 69920
34.3918 69949
34.3922 69978
34.3927 70007
34.3932 70036
34.3937 70065
34.3942 70094
34.3946 70123
34.3951 70152
34.3961 70181
34.397 70210
34.3975 70239
34.398 70268
34.3985 70297
34.4055 70326
34.4067 70355
34.4072 70384
34.4077 70413
34.4082 70442
34.4087 70471
34.4091 70500
34.4096 70529
34.4103 70558
34.4113 70587
34.412 70616
34.4125 70645
34.413 70674
34.4135 70703
34.4139 70732
34.4144 70761
34.4149 70790
34.4154 70819
34.4161 70848
34.4171 70877
34.4178 70906
34.4183 70935
34.4187 70964
34.4192 70993
34.4263 71022
34.4275 71051
34.4279 71080
34.4284 71109
34.4289 71138
34.4294 71167
34.4299 71196
34.4304 71225
34.4313 71254
34.4323 71283
34.4328 71312
34.4332 71341
34.4337 71370
34.4342 71399
34.4347 71428
34.4352 71457
34.4356 71486
34.4361 71515
34.4371 71544
34.438 71573
34.4385 71602
34.439 71631
34.4395 71660
34.44 71689
34.4468 71718
34.448 71747
34.4484 71776
34.4489 71805
34.4494 71834
34.4499 71863
34.4504 71892
34.4508 71921
34.4518 71950
34.4528 71979
34.4535 72008
34.454 72037
34.4545 72066
34.4549 72095
34.4554 72124
34.4559 72153
34.4564 72182
34.4569 72211
34.4576 72240
34.4585 72269
34.4593 72298
34.4597 72327
34.4602 72355
34.4607 72383
34.4673 72411
34.4687 72439
34.4692 72467
34.4697 72495
34.4701 72523
34.4706 72551
34.4711 72579
34.4716 72607
34.4723 72635
34.4733 72663
34.4742 72691
34.4747 72719
34.4752 72747
34.4757 72775
34.4762 72803
34.4766 72831
34.4771 72859
34.4776 72887
34.4781 72915
34.479 72943
34.48 72971
34.4805 72999
34.481 73027
34.4814 73055
34.4878 73083
34.4887 73111
34.4897 73139
34.4902 73167
34.4906 73195
34.4911 73223
34.4916 73251
34.4921 73279
34.4926 73307
34.4933 73335
34.4942 73363
34.495 73391
34.4954 73419
34.4959 73447
34.4964 73475
34.4969 73503
34.4974 73531
34.4979 73559
34.4983 73587
34.4991 73615
34.5 73643
34.5007 73671
34.5012 73699
34.5017 73727
34.5022 73755
34.5087 73783
34.5097 73811
34.5107 73839
34.5111 73867
34.5116 73895
34.5121 73923
34.5126 73951
34.5131 73979
34.5135 74007
34.5145 74035
34.5155 74063
34.5159 74091
34.5164 74119
34.5169 74147
34.5174 74175
34.5179 74203
34.5184 74231
34.5188 74259
34.5193 74287
34.5203 74315
34.5212 74343
34.5217 74371
34.5222 74399
34.5227 74427
34.5232 74455
34.5297 74483
34.5307 74511
34.5316 74539
34.5321 74567
34.5326 74595
34.5331 74623
34.5336 74651
34.534 74679
34.5345 74707
34.5352 74735
34.5362 74763
34.5369 74791
34.5374 74819
34.5379 74847
34.5384 74875
34.5388 74903
34.5393 74930
34.5398 74957
34.5403 74984
34.541 75011
34.542 75038
34.5427 75065
34.5432 75092
34.5437 75119
34.5441 75146
34.5502 75173
34.5512 75200
34.5524 75227
34.5531 75254
34.5536 75281
34.5541 75308
34.5545 75335
34.555 75362
34.5555 75389
34.556 75416
34.5569 75443
34.5579 75470
34.5584 75497
34.5589 75524
34.5593 75551
34.5598 75578
34.5603 75605
34.5608 75632
34.5613 75659
34.5617 75686
34.5627 75713
34.5637 75740
34.5642 75767
34.5646 75794
34.5651 75821
34.5707 75848
34.5717 75875
34.5729 75902
34.5736 75929
34.5741 75956
34.5746 75983
34.575 76010
34.5755 76037
34.576 76064
34.5765 76091
34.5774 76118
34.5782 76145
34.5789 76172
34.5794 76199
34.5798 76226
34.5803 76253
34.5808 76280
34.5813 76307
34.5818 76334
34.5822 76361
34.583 76388
34.5839 76415
34.5847 76442
34.5851 76469
34.5856 76496
34.5861 76523
34.5917 76550
34.5927 76577
34.5939 76604
34.5943 76631
34.5948 76658
34.5953 76685
34.5958 76712
34.5963 76739
34.5967 76766
34.5975 76793
34.5982 76820
34.5991 76847
34.5999 76874
34.6003 76901
34.6008 76928
34.6013 76955
34.6018 76982
34.6023 77009
34.6027 77036
34.6032 77063
34.6042 77090
34.6051 77117
34.6056 77144
34.6061 77171
34.6066 77198
34.6071 77225
34.6127 77252
34.6136 77279
34.6146 77306
34.6151 77333
34.6156 77360
34.616 77387
34.6165 77414
34.617 77441
34.6175 77468
34.6184 77495
34.6189 77522
34.6199 77549
34.6208 77576
34.6213 77603
34.6218 77630
34.6223 77657
34.6228 77683
34.6232 77709
34.6237 77735
34.6242 77761
34.6249 77787
34.6259 77813
34.6266 77839
34.6271 77865
34.6276 77891
34.628 77917
34.6332 77943
34.6341 77969
34.6353 77995
34.6358 78021
34.6363 78047
34.6368 78073
34.6373 78099
34.6377 78125
34.6382 78151
34.6389 78177
34.6397 78203
34.6404 78229
34.6413 78255
34.6421 78281
34.6425 78307
34.643 78333
34.6435 78359
34.644 78385
34.6445 78411
34.6449 78437
34.6454 78463
34.6466 78489
34.6476 78515
34.6481 78541
34.6485 78567
34.649 78593
34.6537 78619
34.6546 78645
34.6558 78671
34.6565 78697
34.657 78723
34.6575 78749
34.658 78775
34.6585 78801
34.659 78827
34.6594 78853
34.6604 78879
34.6609 78905
34.6616 78931
34.6626 78957
34.6633 78983
34.6638 79009
34.6642 79035
34.6647 79061
34.6652 79087
34.6657 79113
34.6662 79139
34.6666 79165
34.6678 79191
34.6686 79217
34.669 79243
34.6695 79269
34.67 79295
34.6746 79321
34.6756 79347
34.6768 79373
34.6773 79399
34.6778 79425
34.6782 79451
34.6787 79477
34.6792 79503
34.6797 79529
34.6804 79555
34.6811 79581
34.6816 79607
34.6826 79633
34.6835 79659
34.684 79685
34.6845 79711
34.685 79737
34.6855 79763
34.6859 79789
34.6864 79815
34.6869 79841
34.6876 79867
34.6888 79893
34.6893 79919
34.6898 79945
34.6903 79971
34.691 79997
34.6956 80023
34.6966 80049
34.6975 80075
34.698 80101
34.6985 80127
34.699 80153
34.6995 80179
34.6999 80205
34.7004 80231
34.7014 80257
34.7019 80283
34.7026 80309
34.7036 80335
34.7043 80361
34.7048 80387
34.7052 80413
34.7057 80439
34.7062 80465
34.7067 80491
34.7072 80517
34.7076 80543
34.7086 80569
34.7096 80595
34.7096 64512
34.71 64544
34.71 64512
34.7105 64544
34.7105 64512
34.711 64544
34.711 64512
34.7117 64544
34.7117 64512
34.7161 64544
34.7161 64512
34.7171 64544
34.7171 64512
34.7183 64544
34.7183 64512
34.7188 64544
34.7188 64512
34.7192 64544
34.7192 64512
34.7197 64544
34.7197 64512
34.7202 64544
34.7202 64512
34.7207 64544
34.7207 64512
34.7212 64544
34.7212 64512
34.7219 64544
34.7219 64512
34.7226 64544
34.7226 64512
34.7231 64544
34.7231 64512
34.7241 64544
34.7241 64512
34.725 64544
34.725 64512
34.7255 64544
34.7255 64512
34.726 64544
34.726 64512
34.7265 64544
34.7265 64512
34.7269 64544
34.7269 64512
34.7274 64544
34.7274 64512
34.7279 64544
34.7279 64512
34.7284 64544
34.7284 64512
34.7291 64544
34.7291 64512
34.7368 64544
34.7381 64576
34.7393 64608
34.7397 64640
34.7402 64672
34.7407 64704
34.7412 64736
34.7417 64768
34.7421 64800
34.7429 64832
34.7436 64864
34.7441 64896
34.745 64928
34.746 64960
34.7465 64992
34.747 65024
34.7474 65056
34.7479 65088
34.7484 65120
34.7489 65152
34.7494 65184
34.7501 65216
34.7578 65248
34.759 65280
34.76 65312
34.7605 65344
34.761 65376
34.7614 65408
34.7619 65440
34.7624 65472
34.7629 65504
34.7638 65536
34.7643 65567
34.765 65598
34.766 65629
34.7667 65660
34.7672 65691
34.7677 65722
34.7682 65753
34.7687 65784
34.7691 65815
34.7696 65846
34.7701 65877
34.7711 65908
34.7783 65939
34.7795 65970
34.7805 66001
34.781 66032
34.7815 66063
34.7819 66094
34.7824 66125
34.7829 66156
34.7834 66187
34.7843 66218
34.7848 66249
34.7855 66280
34.7865 66311
34.7872 66342
34.7877 66373
34.7882 66404
34.7887 66435
34.7891 66466
34.7896 66497
34.7901 66528
34.7906 66559
34.7916 66590
34.7988 66621
34.8002 66652
34.801 66683
34.8017 66714
34.8022 66745
34.8027 66776
34.8032 66807
34.8036 66838
34.8041 66869
34.8048 66900
34.8056 66931
34.806 66962
34.807 66993
34.808 67024
34.8084 67055
34.8089 67086
34.8094 67117
34.8099 67148
34.8104 67179
34.8108 67210
34.8113 67241
34.8121 67272
34.8193 67303
34.8202 67334
34.8217 67365
34.8224 67396
34.8231 67427
34.8236 67458
34.8241 67489
34.8245 67520
34.825 67551
34.8255 67582
34.8262 67613
34.827 67644
34.8274 67674
34.8284 67704
34.8294 67734
34.8298 67764
34.8303 67794
34.8308 67824
34.8313 67854
34.8318 67884
34.8322 67914
34.8327 67944
34.8334 67974
34.8402 68004
34.8412 68034
34.8424 68064
34.8434 68094
34.8438 68124
34.8443 68154
34.8448 68184
34.8453 68214
34.8458 68244
34.8462 68274
34.8472 68304
34.8477 68334
34.8484 68364
34.8494 68394
34.8501 68424
34.8506 68454
34.8511 68484
34.8515 68514
34.852 68544
34.8525 68574
34.853 68604
34.8535 68634
34.8544 68664
34.8612 68694
34.8622 68724
34.8634 68754
34.8641 68784
34.8646 68814
34.8651 68844
34.8655 68874
34.866 68904
34.8665 68934
34.867 68964
34.8679 68994
34.8684 69024
34.8691 69054
34.8701 69084
34.8708 69114
34.8713 69144
34.8718 69174
34.8723 69204
34.8728 69234
34.8732 69264
34.8737 69294
34.8742 69324
34.8752 69354
34.8817 69384
34.8827 69414
34.8839 69444
34.8848 69474
34.8853 69504
34.8858 69534
34.8863 69564
34.8868 69594
34.8872 69624
34.8877 69654
34.8884 69684
34.8892 69714
34.8896 69744
34.8906 69774
34.8916 69804
34.892 69834
34.8925 69864
34.893 69894
34.8935 69923
34.894 69952
34.8945 69981
34.8949 70010
34.8957 70039
34.9022 70068
34.9034 70097
34.9046 70126
34.9056 70155
34.9063 70184
34.9068 70213
34.9073 70242
34.9077 70271
34.9082 70300
34.9087 70329
34.9092 70358
34.9099 70387
34.9106 70416
34.9111 70445
34.9121 70474
34.913 70503
34.9135 70532
34.914 70561
34.9145 70590
34.915 70619
34.9154 70648
34.9159 70677
34.9164 70706
34.9171 70735
34.923 70764
34.9244 70793
34.9256 70822
34.9266 70851
34.927 70880
34.9275 70909
34.928 70938
34.9285 70967
34.929 70996
34.9294 71025
34.9299 71054
34.9309 71083
34.9314 71112
34.9321 71141
34.933 71170
34.9338 71199
34.9342 71228
34.9347 71257
34.9352 71286
34.9357 71315
34.9362 71344
34.9366 71373
34.9371 71402
34.9381 71431
34.9437 71460
34.9454 71489
34.9468 71518
34.9475 71547
34.948 71576
34.9485 71605
34.949 71634
34.9495 71663
34.9499 71692
34.9504 71721
34.9511 71750
34.9519 71779
34.9523 71808
34.9531 71837
34.954 71866
34.9547 71895
34.9552 71924
34.9557 71953
34.9562 71982
34.9567 72011
34.9571 72040
34.9576 72069
34.9581 72098
34.9591 72127
34.9644 72156
34.9659 72185
34.9673 72214
34.9683 72243
34.9688 72272
34.9692 72301
34.9697 72329
34.9702 72357
34.9707 72385
34.9712 72413
34.9716 72441
34.9726 72469
34.9731 72497
34.9736 72525
34.9745 72553
34.9755 72581
34.976 72609
34.9764 72637
34.9769 72665
34.9774 72693
34.9779 72721
34.9784 72749
34.9788 72777
34.9796 72805
34.9849 72833
34.9865 72861
34.9878 72889
34.9888 72917
34.9897 72945
34.9902 72973
34.9907 73001
34.9912 73029
34.9917 73057
34.9921 73085
34.9926 73113
34.9931 73141
34.9941 73169
34.9945 73197
34.995 73225
34.996 73253
34.9969 73281
34.9974 73309
34.9979 73337
34.9984 73365
34.9989 73393
34.9993 73421
34.9998 73449
35.0003 73477
35.001 73505
35.0063 73533
35.008 73561
35.0092 73589
35.0102 73617
35.0109 73645
35.0114 73673
35.0118 73701
35.0123 73729
35.0128 73757
35.0133 73785
35.0138 73813
35.0145 73841
35.0152 73869
35.0157 73897
35.0164 73925
35.0174 73953
35.0181 73981
35.0186 74009
35.0191 74037
35.0195 74065
35.02 74093
35.0205 74121
35.021 74149
35.0215 74177
35.0224 74205
35.0277 74233
35.0294 74261
35.0306 74289
35.0315 74317
35.032 74345
35.0325 74373
35.033 74401
35.0335 74429
35.034 74457
35.0344 74485
35.0349 74513
35.0359 74541
35.0364 74569
35.0368 74597
35.0378 74625
35.0388 74653
35.0395 74681
35.04 74709
35.0404 74737
35.0409 74765
35.0414 74793
35.0419 74821
35.0424 74849
35.0428 74877
35.0438 74905
35.0491 74932
35.0508 74959
35.052 74986
35.0529 75013
35.0534 75040
35.0539 75067
35.0544 75094
35.0549 75121
35.0553 75148
35.0558 75175
35.0563 75202
35.0573 75229
35.0577 75256
35.0582 75283
35.0592 75310
35.0601 75337
35.0611 75364
35.0616 75391
35.0621 75418
35.0625 75445
35.063 75472
35.0635 75499
35.064 75526
35.0645 75553
35.0652 75580
35.0705 75607
35.0722 75634
35.0734 75661
35.0743 75688
35.075 75715
35.0755 75742
35.076 75769
35.0765 75796
35.077 75823
35.0774 75850
35.0779 75877
35.0787 75904
35.0794 75931
35.0799 75958
35.0806 75985
35.0813 76012
35.0823 76039
35.0832 76066
35.0839 76093
35.0844 76120
35.0849 76147
35.0854 76174
35.0859 76201
35.0863 76228
35.0868 76255
35.0875 76282
35.0928 76309
35.0945 76336
35.0957 76363
35.0967 76390
35.0974 76417
35.0979 76444
35.0984 76471
35.0988 76498
35.0993 76525
35.0998 76552
35.1003 76579
35.101 76606
35.1017 76633
35.1022 76660
35.1029 76687
35.1036 76714
35.1046 76741
35.1056 76768
35.106 76795
35.1065 76822
35.107 76849
35.1075 76876
35.108 76903
35.1085 76930
35.1089 76957
35.1099 76984
35.1152 77011
35.1169 77038
35.1181 77065
35.119 77092
35.1195 77119
35.12 77146
35.1205 77173
35.1209 77200
35.1214 77227
35.1219 77254
35.1224 77281
35.1234 77308
35.1238 77335
35.1243 77362
35.1253 77389
35.126 77416
35.127 77443
35.1277 77470
35.1282 77497
35.1286 77524
35.1291 77551
35.1296 77578
35.1301 77605
35.1306 77632
35.1313 77659
35.132 77685
35.1375 77711
35.1392 77737
35.1404 77763
35.1414 77789
35.1419 77815
35.1423 77841
35.1428 77867
35.1433 77893
35.1438 77919
35.1443 77945
35.1447 77971
35.1457 77997
35.1462 78023
35.1467 78049
35.1476 78075
35.1483 78101
35.1493 78127
35.15 78153
35.1505 78179
35.151 78205
35.1515 78231
35.1519 78257
35.1524 78283
35.1529 78309
35.1536 78335
35.1544 78361
35.1599 78387
35.1616 78413
35.1628 78439
35.1637 78465
35.1644 78491
35.1649 78517
35.1654 78543
35.1659 78569
35.1664 78595
35.1668 78621
35.1673 78647
35.168 78673
35.1688 78699
35.1693 78725
35.17 78751
35.1707 78777
35.1717 78803
35.1726 78829
35.1731 78855
35.1736 78881
35.1741 78907
35.1745 78933
35.175 78959
35.1755 78985
35.176 79011
35.1767 79037
35.1774 79063
35.1829 79089
35.1849 79115
35.1861 79141
35.187 79167
35.1878 79193
35.1882 79219
35.1887 79245
35.1892 79271
35.1897 79297
35.1902 79323
35.1906 79349
35.1914 79375
35.1921 79401
35.1926 79427
35.1933 79453
35.194 79479
35.195 79505
35.1959 79531
35.1964 79557
35.1969 79583
35.1974 79609
35.1978 79635
35.1983 79661
35.1988 79687
35.1993 79713
35.2 79739
35.2007 79765
35.2063 79791
35.2082 79817
35.2094 79843
35.2103 79869
35.2108 79895
35.2113 79921
35.2118 79947
35.2123 79973
35.2127 79999
35.2132 80025
35.2137 80051
35.2147 80077
35.2152 80103
35.2156 80129
35.2166 80155
35.2173 80181
35.2183 80207
35.219 80233
35.2195 80259
35.22 80285
35.2204 80311
35.2209 80337
35.2214 80363
35.2219 80389
35.2224 80415
35.2233 80441
35.2238 80467
35.2296 80493
35.2315 80519
35.2327 80545
35.2337 80571
35.2341 80597
35.2346 80623
35.2351 80649
35.2356 80674
35.2361 80699
35.2365 80724
35.237 80749
35.238 80774
35.2385 80799
35.2389 80824
35.2399 80849
35.2406 80874
35.2416 80899
35.2423 80924
35.2428 80949
35.2433 80974
35.2438 80999
35.2442 81024
35.2447 81049
35.2452 81074
35.2457 81099
35.2466 81124
35.2471 81149
35.2529 81174
35.2548 81199
35.256 81224
35.257 81249
35.2577 81274
35.2582 81299
35.2587 81324
35.2591 81349
35.2596 81374
35.2601 81399
35.2606 81424
35.2613 81449
35.262 81474
35.2625 81499
35.2632 81524
35.2639 81549
35.2649 81574
35.2659 81599
35.2663 81624
35.2668 81649
35.2673 81674
35.2678 81699
35.2683 81724
35.2687 81749
35.2692 81774
35.2697 81799
35.2707 81824
35.2711 81849
35.2769 81874
35.2791 81899
35.2803 81924
35.2812 81949
35.282 81974
35.2824 81999
35.2829 82024
35.2834 82049
35.2839 82074
35.2844 82099
35.2848 82124
35.2856 82149
35.2863 82174
35.2868 82199
35.2875 82224
35.2882 82249
35.2892 82274
35.2901 82299
35.2906 82324
35.2911 82349
35.2916 82374
35.2921 82399
35.2925 82424
35.293 82449
35.2935 82474
35.294 82499
35.2949 82524
35.2954 82549
35.3012 82574
35.3033 82599
35.3046 82624
35.3055 82649
35.306 82674
35.3065 82699
35.307 82724
35.3074 82749
35.3079 82774
35.3084 82799
35.3089 82824
35.3098 82849
35.3103 82874
35.3108 82899
35.3118 82924
35.3125 82949
35.3134 82974
35.3142 82999
35.3146 83024
35.3151 83049
35.3156 83074
35.3161 83099
35.3166 83124
35.317 83149
35.3175 83174
35.3182 83199
35.319 83224
35.3197 83249
35.3255 83274
35.3276 83299
35.3288 83324
35.3298 83349
35.3303 83374
35.3307 83399
35.3312 83424
35.3317 83449
35.3322 83474
35.3327 83499
35.3331 83524
35.3341 83549
35.3346 83574
35.3351 83599
35.336 83624
35.3368 83649
35.3375 83674
35.338 83699
35.3384 83724
35.3389 83749
35.3394 83774
35.3399 83799
35.3404 83824
35.3408 83849
35.3413 83874
35.3418 83898
35.3423 83922
35.3428 83946
35.346 83970
35.3481 83994
35.3493 84018
35.3503 84042
35.351 84066
35.3515 84090
35.352 84114
35.3524 84138
35.3529 84162
35.3534 84186
35.3539 84210
35.3546 84234
35.3553 84258
35.3558 84282
35.3565 84306
35.3573 84330
35.3582 84354
35.3587 84378
35.3592 84402
35.3597 84426
35.3601 84450
35.3606 84474
35.3611 84498
35.3616 84522
35.3621 84546
35.3625 84570
35.363 84594
35.3635 84618
35.3665 84642
35.3686 84666
35.3696 84690
35.3705 84714
35.3715 84738
35.372 84762
35.3725 84786
35.3729 84810
35.3734 84834
35.3739 84858
35.3744 84882
35.3749 84906
35.3758 84930
35.3763 84954
35.3768 84978
35.3778 85002
35.3787 85026
35.3794 85050
35.3799 85074
35.3804 85098
35.3809 85122
35.3814 85146
35.3818 85170
35.3823 85194
35.3828 85218
35.3833 85242
35.3838 85266
35.3842 85290
35.3847 85314
35.3874 85338
35.3896 85362
35.3906 85386
35.3915 85410
35.3922 85434
35.3927 85458
35.3932 85482
35.3937 85506
35.3942 85530
35.3946 85554
35.3951 85578
35.3958 85602
35.3966 85626
35.397 85650
35.3978 85674
35.3987 85698
35.3997 85722
35.4004 85746
35.4009 85770
35.4014 85794
35.4019 85818
35.4023 85842
35.4028 85866
35.4033 85890
35.4038 85914
35.4043 85938
35.4047 85962
35.4052 85986
35.4057 86010
35.4084 86034
35.4106 86058
35.4115 86082
35.4125 86106
35.4132 86130
35.4137 86154
35.4142 86178
35.4147 86202
35.4151 86226
35.4156 86250
35.4161 86274
35.4166 86298
35.4175 86322
35.418 86346
35.4185 86370
35.4195 86394
35.4204 86418
35.4214 86442
35.4221 86466
35.4226 86490
35.4231 86514
35.4236 86538
35.424 86562
35.4245 86586
35.425 86610
35.4255 86634
35.426 86658
35.4264 86682
35.4269 86706
35.4291 86730
35.4312 86754
35.4322 86778
35.4332 86802
35.4341 86826
35.4346 86850
35.4351 86874
35.4356 86898
35.436 86922
35.4365 86946
35.437 86970
35.4375 86994
35.4382 87018
35.4389 87042
35.4394 87066
35.4401 87090
35.4411 87114
35.4421 87138
35.4428 87162
35.4433 87186
35.4437 87210
35.4442 87234
35.4447 87258
35.4452 87282
35.4457 87306
35.4461 87330
35.4466 87354
35.4471 87378
35.4476 87401
35.4497 87424
35.4519 87447
35.4529 87470
35.4538 87493
35.4548 87516
35.4553 87539
35.4558 87562
35.4562 87585
35.4567 87608
35.4572 87631
35.4577 87654
35.4582 87677
35.4589 87700
35.4596 87723
35.4601 87746
35.4606 87769
35.4615 87792
35.4625 87815
35.4634 87838
35.4639 87861
35.4644 87884
35.4649 87907
35.4654 87930
35.4658 87953
35.4663 87976
35.4668 87999
35.4673 88022
35.4678 88045
35.4683 88068
35.4687 88091
35.4711 88114
35.4735 88137
35.4745 88160
35.4755 88183
35.4762 88206
35.4767 88229
35.4771 88252
35.4776 88275
35.4781 88298
35.4786 88321
35.4791 88344
35.4795 88367
35.4805 88390
35.481 88413
35.4815 88436
35.4822 88459
35.4832 88482
35.4841 88505
35.4848 88528
35.4853 88551
35.4858 88574
35.4863 88597
35.4868 88620
35.4872 88643
35.4877 88666
35.4882 88689
35.4887 88712
35.4892 88735
35.4896 88758
35.4904 88781
35.4928 88804
35.4952 88827
35.4961 88850
35.4971 88873
35.4978 88896
35.4983 88919
35.4988 88942
35.4993 88965
35.4997 88988
35.5002 89011
35.5007 89034
35.5012 89057
35.5019 89080
35.5026 89103
35.5031 89126
35.5036 89149
35.5045 89172
35.5055 89195
35.5065 89218
35.5069 89241
35.5074 89264
35.5079 89287
35.5084 89310
35.5089 89333
35.5093 89356
35.5098 89379
35.5103 89402
35.5108 89425
35.5113 89448
35.5117 89471
35.5144 89494
35.5168 89517
35.5178 89540
35.5187 89563
35.5197 89586
35.5202 89609
35.5206 89632
35.5211 89655
35.5216 89678
35.5221 89701
35.5226 89724
35.523 89747
35.5235 89770
35.5245 89793
35.525 89816
35.5254 89839
35.5262 89862
35.5271 89885
35.5281 89908
35.5288 89931
35.5293 89954
35.5298 89977
35.5303 90000
35.5307 90023
35.5312 90046
35.5317 90069
35.5322 90092
35.5327 90115
35.5331 90138
35.5336 90161
35.536 90184
35.5384 90207
35.5394 90230
35.5403 90253
35.5413 90276
35.5418 90299
35.5423 90322
35.5428 90345
35.5432 90368
35.5437 90391
35.5442 90414
35.5447 90437
35.5452 90460
35.5461 90483
35.5466 90506
35.5471 90529
35.5478 90552
35.5485 90575
35.5495 90598
35.5504 90621
35.5509 90644
35.5514 90667
35.5519 90690
35.5524 90713
35.5528 90736
35.5533 90759
35.5538 90782
35.5543 90805
35.5548 90828
35.5552 90851
35.5557 90874
35.5584 90897
35.561 90920
35.562 90943
35.5629 90966
35.5637 90989
35.5641 91012
35.5646 91035
35.5651 91058
35.5656 91081
35.5661 91104
35.5665 91127
35.567 91150
35.5677 91173
35.5685 91195
35.5689 91217
35.5694 91239
35.5704 91261
35.5711 91283
35.5721 91305
35.5728 91327
35.5733 91349
35.5738 91371
35.5742 91393
35.5747 91415
35.5752 91437
35.5757 91459
35.5762 91481
35.5766 91503
35.5771 91525
35.5776 91547
35.5783 91569
35.581 91591
35.5836 91613
35.5846 91635
35.5855 91657
35.5862 91679
35.5867 91701
35.5872 91723
35.5877 91745
35.5882 91767
35.5887 91789
35.5891 91811
35.5896 91833
35.5903 91855
35.5911 91877
35.5915 91899
35.592 91921
35.5927 91943
35.5935 91965
35.5944 91987
35.5954 92009
35.5959 92031
35.5963 92053
35.5968 92075
35.5973 92097
35.5978 92119
35.5983 92141
35.5987 92163
35.5992 92185
35.5997 92207
35.6002 92229
35.6007 92251
35.6033 92273
35.6062 92295
35.6072 92317
35.6081 92339
35.6091 92361
35.6096 92383
35.61 92405
35.6105 92427
35.611 92449
35.6115 92471
35.612 92493
35.6124 92515
35.6129 92537
35.6139 92559
35.6144 92581
35.6148 92603
35.6153 92625
35.6163 92647
35.617 92669
35.618 92691
35.6187 92713
35.6192 92735
35.6197 92757
35.6201 92779
35.6206 92801
35.6211 92823
35.6216 92845
35.6221 92867
35.6225 92889
35.623 92911
35.6235 92933
35.6259 92955
35.6288 92977
35.6297 92999
35.6307 93021
35.6317 93043
35.6322 93065
35.6326 93087
35.6331 93109
35.6336 93131
35.6341 93153
35.6346 93175
35.635 93197
35.6355 93219
35.6365 93241
35.637 93263
35.6374 93285
35.6379 93307
35.6389 93329
35.6396 93351
35.6406 93373
35.6413 93395
35.6418 93417
35.6422 93439
35.6427 93461
35.6432 93483
35.6437 93505
35.6442 93527
35.6446 93549
35.6451 93571
35.6456 93593
35.6461 93615
35.6466 93637
35.6492 93659
35.6521 93681
35.6533 93703
35.6543 93725
35.655 93747
35.6555 93769
35.6559 93791
35.6564 93813
35.6569 93835
35.6574 93857
35.6579 93879
35.6583 93901
35.6591 93923
35.6598 93945
35.6603 93967
35.6607 93989
35.6615 94011
35.6622 94033
35.6632 94055
35.6641 94077
35.6646 94099
35.6651 94121
35.6656 94143
35.666 94165
35.6665 94187
35.667 94209
35.6675 94231
35.668 94253
35.6684 94275
35.6689 94297
35.6694 94319
35.6701 94341
35.6728 94363
35.6756 94385
35.6768 94407
35.6778 94429
35.6785 94451
35.679 94473
35.6795 94495
35.68 94517
35.6805 94539
35.6809 94561
35.6814 94583
35.6819 94605
35.6826 94627
35.6833 94649
35.6838 94671
35.6843 94693
35.685 94715
35.6857 94737
35.6867 94759
35.6877 94781
35.6881 94803
35.6886 94825
35.6891 94847
35.6896 94869
35.6901 94891
35.6905 94913
35.691 94935
35.6915 94957
35.692 94979
35.6925 95001
35.693 95023
35.6934 95045
35.6961 95067
35.699 95089
35.7004 95111
35.7014 95133
35.7023 95155
35.7028 95177
35.7033 95199
35.7038 95221
35.7042 95243
35.7047 95265
35.7052 95287
35.7057 95309
35.7062 95330
35.7071 95351
35.7076 95372
35.7081 95393
35.7086 95414
35.7095 95435
35.7095 70656
35.7103 70685
35.7103 70656
35.7112 70685
35.7112 70656
35.7119 70685
35.7119 70656
35.7124 70685
35.7124 70656
35.7129 70685
35.7129 70656
35.7134 70685
35.7134 70656
35.7139 70685
35.7139 70656
35.7143 70685
35.7143 70656
35.7148 70685
35.7148 70656
35.7153 70685
35.7153 70656
35.7158 70685
35.7158 70656
35.7163 70685
35.7163 70656
35.7167 70685
35.7167 70656
35.7172 70685
35.7172 70656
35.7196 70685
35.7196 70656
35.7225 70685
35.7225 70656
35.724 70685
35.724 70656
35.7249 70685
35.7249 70656
35.7259 70685
35.7259 70656
35.7264 70685
35.7264 70656
35.7268 70685
35.7268 70656
35.7273 70685
35.7273 70656
35.7278 70685
35.7278 70656
35.7283 70685
35.7283 70656
35.7288 70685
35.7288 70656
35.7292 70685
35.7292 70656
35.7297 70685
35.7297 70656
35.7307 70685
35.7307 70656
35.7312 70685
35.7312 70656
35.7316 70685
35.7316 70656
35.7321 70685
35.7321 70656
35.7348 70685
35.7356 70714
35.736 70743
35.7365 70772
35.737 70801
35.7375 70830
35.738 70859
35.7406 70888
35.7435 70917
35.7449 70946
35.7459 70975
35.7469 71004
35.7473 71033
35.7478 71062
35.7483 71091
35.7488 71120
35.7493 71149
35.7497 71178
35.7502 71207
35.7509 71236
35.7517 71265
35.7521 71294
35.7526 71323
35.7533 71352
35.7556 71381
35.7563 71410
35.7568 71439
35.7573 71468
35.7577 71497
35.7582 71526
35.7589 71555
35.7616 71584
35.7645 71613
35.7659 71642
35.7669 71671
35.7678 71700
35.7683 71729
35.7688 71758
35.7693 71787
35.7698 71816
35.7702 71845
35.7707 71874
35.7712 71903
35.7717 71932
35.7726 71961
35.7731 71990
35.7736 72019
35.7741 72048
35.7761 72077
35.7768 72106
35.7773 72135
35.7778 72164
35.7782 72193
35.7787 72222
35.7794 72251
35.7821 72280
35.785 72309
35.7864 72337
35.7874 72365
35.7883 72393
35.7891 72421
35.7895 72449
35.79 72477
35.7905 72505
35.791 72533
35.7915 72561
35.7919 72589
35.7924 72617
35.7931 72645
35.7941 72673
35.7946 72701
35.7951 72729
35.797 72757
35.7975 72785
35.7979 72813
35.7984 72841
35.7989 72869
35.7994 72897
35.7999 72925
35.8026 72953
35.8055 72981
35.8069 73009
35.8079 73037
35.8088 73065
35.8098 73093
35.8103 73121
35.8108 73149
35.8112 73177
35.8117 73205
35.8122 73233
35.8127 73261
35.8132 73289
35.8136 73317
35.8144 73345
35.8151 73373
35.8156 73401
35.816 73429
35.818 73457
35.8184 73485
35.8189 73513
35.8194 73541
35.8199 73569
35.8204 73597
35.8208 73625
35.8236 73653
35.8264 73681
35.8279 73709
35.8288 73737
35.8298 73765
35.8305 73793
35.831 73821
35.8315 73849
35.832 73877
35.8324 73905
35.8329 73933
35.8334 73961
35.8339 73989
35.8344 74017
35.8353 74045
35.8358 74073
35.8363 74101
35.837 74129
35.8389 74157
35.8394 74185
35.8399 74213
35.8404 74241
35.8409 74269
35.8413 74297
35.8418 74325
35.8447 74353
35.8476 74381
35.849 74409
35.85 74437
35.851 74465
35.8514 74493
35.8519 74521
35.8524 74549
35.8529 74577
35.8534 74605
35.8538 74633
35.8543 74661
35.8548 74689
35.8555 74717
35.8562 74745
35.8567 74773
35.8572 74801
35.8579 74829
35.8601 74857
35.8606 74885
35.861 74912
35.8615 74939
35.862 74966
35.8625 74993
35.863 75020
35.8656 75047
35.8685 75074
35.8699 75101
35.8709 75128
35.8719 75155
35.8726 75182
35.8731 75209
35.8735 75236
35.874 75263
35.8745 75290
35.875 75317
35.8755 75344
35.8759 75371
35.8764 75398
35.8774 75425
35.8779 75452
35.8784 75479
35.8788 75506
35.881 75533
35.882 75560
35.8824 75587
35.8829 75614
35.8834 75641
35.8839 75668
35.8844 75695
35.8868 75722
35.8896 75749
35.8911 75776
35.892 75803
35.893 75830
35.894 75857
35.8945 75884
35.8949 75911
35.8954 75938
35.8959 75965
35.8964 75992
35.8969 76019
35.8973 76046
35.8978 76073
35.8983 76100
35.8993 76127
35.8997 76154
35.9002 76181
35.9007 76208
35.9029 76235
35.9036 76262
35.9041 76289
35.9045 76316
35.905 76343
35.9055 76370
35.906 76397
35.9086 76424
35.9115 76451
35.913 76478
35.9139 76505
35.9149 76532
35.9156 76559
35.9161 76586
35.9166 76613
35.917 76640
35.9175 76667
35.918 76694
35.9185 76721
35.919 76748
35.9194 76775
35.9202 76802
35.9209 76829
35.9214 76856
35.9218 76883
35.9226 76910
35.9247 76937
35.9252 76964
35.9257 76991
35.9262 77018
35.9267 77045
35.9271 77072
35.9279 77099
35.9307 77126
35.9336 77153
35.9351 77180
35.936 77207
35.937 77234
35.9375 77261
35.938 77288
35.9384 77315
35.9389 77342
35.9394 77369
35.9399 77396
35.9404 77423
35.9408 77450
35.9413 77477
35.9423 77504
35.9428 77531
35.9432 77558
35.9437 77585
35.9444 77612
35.9466 77639
35.9471 77666
35.9476 77692
35.948 77718
35.9485 77744
35.949 77770
35.9497 77796
35.9526 77822
35.9555 77848
35.9569 77874
35.9579 77900
35.9589 77926
35.9596 77952
35.9601 77978
35.9605 78004
35.961 78030
35.9615 78056
35.962 78082
35.9625 78108
35.9629 78134
35.9634 78160
35.9641 78186
35.9649 78212
35.9653 78238
35.9658 78264
35.9663 78290
35.9685 78316
35.9692 78342
35.9697 78368
35.9702 78394
35.9706 78420
35.9711 78446
35.9716 78472
35.9745 78498
35.9776 78524
35.979 78550
35.98 78576
35.981 78602
35.9819 78628
35.9824 78654
35.9829 78680
35.9834 78706
35.9839 78732
35.9843 78758
35.9848 78784
35.9853 78810
35.9858 78836
35.9863 78862
35.9872 78888
35.9877 78914
35.9882 78940
35.9887 78966
35.9891 78992
35.9913 79018
35.992 79044
35.9925 79070
35.993 79096
35.9935 79122
35.9939 79148
35.9944 79174
35.9973 79200
36.0004 79226
36.0019 79252
36.0028 79278
36.0038 79304
36.0045 79330
36.005 79356
36.0055 79382
36.006 79408
36.0064 79434
36.0069 79460
36.0074 79486
36.0079 79512
36.0084 79538
36.0091 79564
36.0098 79590
36.0103 79616
36.0108 79642
36.0112 79668
36.012 79694
36.0141 79720
36.0146 79746
36.0151 79772
36.0156 79798
36.0161 79824
36.0165 79850
36.0173 79876
36.0201 79902
36.0235 79928
36.0249 79954
36.0259 79980
36.0269 80006
36.0273 80032
36.0278 80058
36.0283 80084
36.0288 80110
36.0293 80136
36.0298 80162
36.0302 80188
36.0307 80214
36.0312 80240
36.0322 80266
36.0326 80292
36.0331 80318
36.0336 80344
36.0341 80370
36.035 80396
36.037 80422
36.0374 80448
36.0379 80474
36.0384 80500
36.0389 80526
36.0394 80552
36.0401 80578
36.043 80604
36.0463 80630
36.0478 80656
36.0487 80681
36.0497 80706
36.0504 80731
36.0509 80756
36.0514 80781
36.0519 80806
36.0523 80831
36.0528 80856
36.0533 80881
36.0538 80906
36.0543 80931
36.055 80956
36.0557 80981
36.0562 81006
36.0567 81031
36.0571 81056
36.0579 81081
36.0598 81106
36.0605 81131
36.061 81156
36.0615 81181
36.062 81206
36.0624 81231
36.0629 81256
36.0658 81281
36.0692 81306
36.0708 81331
36.0718 81356
36.0728 81381
36.0737 81406
36.0742 81431
36.0747 81456
36.0752 81481
36.0757 81506
36.0761 81531
36.0766 81556
36.0771 81581
36.0776 81606
36.0781 81631
36.079 81656
36.0795 81681
36.08 81706
36.0805 81731
36.0809 81756
36.0829 81781
36.0838 81806
36.0843 81831
36.0848 81856
36.0853 81881
36.0857 81906
36.0862 81931
36.0867 81956
36.0896 81981
36.093 82006
36.0946 82031
36.0956 82056
36.0966 82081
36.0973 82106
36.0978 82131
36.0982 82156
36.0987 82181
36.0992 82206
36.0997 82231
36.1002 82256
36.1006 82281
36.1011 82306
36.1018 82331
36.1026 82356
36.1031 82381
36.1035 82406
36.104 82431
36.1047 82456
36.1067 82481
36.1074 82506
36.1079 82531
36.1083 82556
36.1088 82581
36.1093 82606
36.1098 82631
36.1105 82656
36.1134 82681
36.117 82706
36.1187 82731
36.1196 82756
36.1206 82781
36.1211 82806
36.1216 82831
36.122 82856
36.1225 82881
36.123 82906
36.1235 82931
36.124 82956
36.1244 82981
36.1249 83006
36.1259 83031
36.1264 83056
36.1268 83081
36.1273 83106
36.1278 83131
36.1288 83156
36.1307 83181
36.1312 83206
36.1316 83231
36.1321 83256
36.1326 83281
36.1331 83306
36.1336 83331
36.1345 83356
36.1372 83381
36.1408 83406
36.1425 83431
36.1434 83456
36.1444 83481
36.1451 83506
36.1456 83531
36.1461 83556
36.1465 83581
36.147 83606
36.1475 83631
36.148 83656
36.1485 83681
36.149 83706
36.1497 83731
36.1504 83756
36.1509 83781
36.1514 83806
36.1518 83831
36.1526 83856
36.1545 83881
36.1552 83905
36.1557 83929
36.1562 83953
36.1566 83977
36.1571 84001
36.1576 84025
36.1583 84049
36.161 84073
36.1646 84097
36.1663 84121
36.1675 84145
36.1684 84169
36.1694 84193
36.1699 84217
36.1703 84241
36.1708 84265
36.1713 84289
36.1718 84313
36.1723 84337
36.1727 84361
36.1732 84385
36.1737 84409
36.1747 84433
36.1751 84457
36.1756 84481
36.1761 84505
36.1766 84529
36.1785 84553
36.1795 84577
36.18 84601
36.1804 84625
36.1809 84649
36.1814 84673
36.1819 84697
36.1824 84721
36.1831 84745
36.1857 84769
36.1893 84793
36.191 84817
36.1922 84841
36.1932 84865
36.1939 84889
36.1944 84913
36.1949 84937
36.1953 84961
36.1958 84985
36.1963 85009
36.1968 85033
36.1973 85057
36.1977 85081
36.1985 85105
36.1992 85129
36.1997 85153
36.2001 85177
36.2006 85201
36.2013 85225
36.2033 85249
36.204 85273
36.2045 85297
36.2049 85321
36.2054 85345
36.2059 85369
36.2064 85393
36.2069 85417
36.2078 85441
36.2105 85465
36.2141 85489
36.2158 85513
36.2172 85537
36.2182 85561
36.2186 85585
36.2191 85609
36.2196 85633
36.2201 85657
36.2206 85681
36.221 85705
36.2215 85729
36.222 85753
36.2225 85777
36.2235 85801
36.2239 85825
36.2244 85849
36.2249 85873
36.2254 85897
36.2263 85921
36.2283 85945
36.2287 85969
36.2292 85993
36.2297 86017
36.2302 86041
36.2307 86065
36.2311 86089
36.2319 86113
36.2328 86137
36.2352 86161
36.2388 86185
36.2405 86209
36.242 86233
36.2429 86257
36.2436 86281
36.2441 86305
36.2446 86329
36.2451 86353
36.2456 86377
36.246 86401
36.2465 86425
36.247 86449
36.2475 86473
36.2482 86497
36.2489 86521
36.2494 86545
36.2499 86569
36.2504 86593
36.2511 86617
36.253 86641
36.2537 86665
36.2542 86689
36.2547 86713
36.2552 86737
36.2557 86761
36.2561 86785
36.2566 86809
36.2576 86833
36.26 86857
36.2636 86881
36.2653 86905
36.2667 86929
36.2679 86953
36.2689 86977
36.2694 87001
36.2698 87025
36.2703 87049
36.2708 87073
36.2713 87097
36.2718 87121
36.2722 87145
36.2727 87169
36.2732 87193
36.2742 87217
36.2746 87241
36.2751 87265
36.2756 87289
36.2761 87313
36.278 87337
36.279 87361
36.2794 87385
36.2799 87408
36.2804 87431
36.2809 87454
36.2814 87477
36.2818 87500
36.2826 87523
36.285 87546
36.2886 87569
36.2895 87592
36.291 87615
36.2924 87638
36.2936 87661
36.2943 87684
36.2948 87707
36.2953 87730
36.2958 87753
36.2963 87776
36.2967 87799
36.2972 87822
36.2977 87845
36.2982 87868
36.2989 87891
36.2996 87914
36.3001 87937
36.3006 87960
36.3011 87983
36.3018 88006
36.3037 88029
36.3044 88052
36.3049 88075
36.3054 88098
36.3059 88121
36.3064 88144
36.3068 88167
36.3073 88190
36.3083 88213
36.3107 88236
36.3143 88259
36.3153 88282
36.3167 88305
36.3181 88328
36.3193 88351
36.3198 88374
36.3203 88397
36.3208 88420
36.3213 88443
36.3217 88466
36.3222 88489
36.3227 88512
36.3232 88535
36.3237 88558
36.3246 88581
36.3253 88604
36.3258 88627
36.3263 88650
36.3268 88673
36.3277 88696
36.3297 88719
36.3302 88742
36.3306 88765
36.3311 88788
36.3316 88811
36.3321 88834
36.3326 88857
36.3333 88880
36.3342 88903
36.3366 88926
36.3383 88949
36.3388 88972
36.3393 88995
36.3398 89018
36.3402 89041
36.3407 89064
36.3412 89087
36.3417 89110
36.3422 89133
36.3426 89156
36.3431 89179
36.3436 89202
36.3441 89225
36.3446 89248
36.3451 89271
36.3458 89294
36.3463 89317
36.3468 89340
36.3473 89363
36.3482 89386
36.3502 89409
36.3509 89432
36.3514 89455
36.3519 89478
36.3523 89501
36.3528 89524
36.3533 89547
36.3538 89570
36.3547 89593
36.3571 89616
36.3591 89639
36.3595 89662
36.36 89685
36.3605 89708
36.361 89731
36.3615 89754
36.3619 89777
36.3624 89800
36.3629 89823
36.3634 89846
36.3639 89869
36.3643 89892
36.3648 89915
36.3653 89938
36.3658 89961
36.3663 89984
36.3668 90007
36.3673 90030
36.3678 90053
36.3687 90076
36.3707 90099
36.3714 90122
36.3719 90145
36.3724 90168
36.3728 90191
36.3733 90214
36.3738 90237
36.3743 90260
36.3752 90283
36.3776 90306
36.3798 90329
36.3803 90352
36.3808 90375
36.3812 90398
36.3817 90421
36.3822 90444
36.3827 90467
36.3832 90490
36.3836 90513
36.3841 90536
36.3846 90559
36.3851 90582
36.3856 90605
36.386 90628
36.3865 90651
36.387 90674
36.3875 90697
36.388 90720
36.3885 90743
36.3889 90766
36.3895 90789
36.3916 90812
36.3921 90835
36.3926 90858
36.3931 90881
36.3936 90904
36.394 90927
36.3945 90950
36.3953 90973
36.3962 90996
36.3986 91019
36.4008 91042
36.4013 91065
36.4017 91088
36.4022 91111
36.4027 91134
36.4032 91157
36.4037 91180
36.4041 91202
36.4046 91224
36.4051 91246
36.4056 91268
36.4061 91290
36.4065 91312
36.407 91334
36.4075 91356
36.408 91378
36.4085 91400
36.4089 91422
36.4094 91444
36.4099 91466
36.4104 91488
36.4126 91510
36.4131 91532
36.4136 91554
36.4141 91576
36.4145 91598
36.415 91620
36.4155 91642
36.4162 91664
36.4172 91686
36.4196 91708
36.422 91730
36.4225 91752
36.423 91774
36.4234 91796
36.4239 91818
36.4244 91840
36.4249 91862
36.4254 91884
36.4258 91906
36.4263 91928
36.4268 91950
36.4273 91972
36.4278 91994
36.4282 92016
36.4287 92038
36.4292 92060
36.4297 92082
36.4302 92104
36.4306 92126
36.4311 92148
36.4316 92170
36.4333 92192
36.434 92214
36.4345 92236
36.435 92258
36.4355 92280
36.4359 92302
36.4364 92324
36.4369 92346
36.4379 92368
36.4403 92390
36.4427 92412
36.4431 92434
36.4436 92456
36.4441 92478
36.4446 92500
36.4451 92522
36.4455 92544
36.446 92566
36.4465 92588
36.447 92610
36.4475 92632
36.448 92654
36.4484 92676
36.4489 92698
36.4494 92720
36.4499 92742
36.4504 92764
36.4508 92786
36.4513 92808
36.4518 92830
36.4523 92852
36.454 92874
36.4547 92896
36.4552 92918
36.4556 92940
36.4561 92962
36.4566 92984
36.4571 93006
36.4576 93028
36.4585 93050
36.4609 93072
36.4633 93094
36.4641 93116
36.4645 93138
36.465 93160
36.4655 93182
36.466 93204
36.4665 93226
36.4669 93248
36.4674 93270
36.4679 93292
36.4684 93314
36.4689 93336
36.4693 93358
36.4698 93380
36.4703 93402
36.4708 93424
36.4713 93446
36.4717 93468
36.4722 93490
36.4727 93512
36.4732 93534
36.4741 93556
36.4756 93578
36.4761 93600
36.4766 93622
36.477 93644
36.4775 93666
36.478 93688
36.4785 93710
36.4792 93732
36.4802 93754
36.4826 93776
36.485 93798
36.4857 93820
36.4862 93842
36.4866 93864
36.4871 93886
36.4876 93908
36.4881 93930
36.4886 93952
36.489 93974
36.4895 93996
36.49 94018
36.4905 94040
36.491 94062
36.4914 94084
36.4919 94106
36.4924 94128
36.4929 94150
36.4934 94172
36.4939 94194
36.4943 94216
36.4948 94238
36.4958 94260
36.4972 94282
36.4977 94304
36.4982 94326
36.4987 94348
36.4991 94370
36.4996 94392
36.5001 94414
36.5008 94436
36.5018 94458
36.5042 94480
36.5066 94502
36.5076 94524
36.508 94546
36.5085 94568
36.509 94590
36.5095 94612
36.51 94634
36.5104 94656
36.5109 94678
36.5114 94700
36.5119 94722
36.5124 94744
36.5128 94766
36.5133 94788
36.5138 94810
36.5143 94832
36.5148 94854
36.5152 94876
36.5157 94898
36.5162 94920
36.5167 94942
36.5174 94964
36.5188 94986
36.5196 95008
36.52 95030
36.5205 95052
36.521 95074
36.5215 95096
36.522 95118
36.5225 95140
36.5234 95162
36.5258 95184
36.5282 95206
36.5292 95228
36.5297 95250
36.5301 95272
36.5306 95294
36.5311 95316
36.5316 95337
36.5321 95358
36.5325 95379
36.533 95400
36.5335 95421
36.534 95442
36.5345 95463
36.5349 95484
36.5354 95505
36.5359 95526
36.5364 95547
36.5369 95568
36.5374 95589
36.5378 95610
36.5383 95631
36.539 95652
36.5405 95673
36.5412 95694
36.5417 95715
36.5422 95736
36.5426 95757
36.5431 95778
36.5436 95799
36.5441 95820
36.545 95841
36.5474 95862
36.5498 95883
36.5508 95904
36.5513 95925
36.5518 95946
36.5523 95967
36.5527 95988
36.5532 96009
36.5537 96030
36.5542 96051
36.5547 96072
36.5551 96093
36.5556 96114
36.5561 96135
36.5566 96156
36.5571 96177
36.5575 96198
36.558 96219
36.5585 96240
36.559 96261
36.5595 96282
36.5599 96303
36.5607 96324
36.5614 96345
36.5628 96366
36.5635 96387
36.564 96408
36.5645 96429
36.565 96450
36.5655 96471
36.5659 96492
36.5667 96513
36.5676 96534
36.57 96555
36.5724 96576
36.5732 96597
36.5736 96618
36.5741 96639
36.5746 96660
36.5751 96681
36.5756 96702
36.576 96723
36.5765 96744
36.577 96765
36.5775 96786
36.578 96807
36.5784 96828
36.5789 96849
36.5794 96870
36.5799 96891
36.5804 96912
36.5808 96933
36.5813 96954
36.5818 96975
36.5823 96996
36.5833 97017
36.584 97038
36.5854 97059
36.5861 97080
36.5866 97101
36.5871 97122
36.5876 97143
36.5881 97164
36.5885 97185
36.5893 97206
36.5902 97227
36.5926 97248
36.595 97269
36.5957 97290
36.5962 97311
36.5967 97332
36.5972 97353
36.5977 97374
36.5982 97395
36.5986 97416
36.5991 97437
36.5996 97458
36.6001 97479
36.6006 97500
36.601 97521
36.6015 97542
36.602 97563
36.6025 97584
36.603 97605
36.6034 97626
36.6039 97647
36.6044 97668
36.6049 97689
36.6058 97710
36.6063 97731
36.6078 97752
36.6087 97773
36.6094 97794
36.6099 97815
36.6104 97836
36.6109 97857
36.6114 97878
36.6119 97899
36.6128 97920
36.6152 97941
36.6176 97962
36.6186 97983
36.6191 98004
36.6195 98025
36.62 98046
36.6205 98067
36.621 98088
36.6215 98109
36.6219 98130
36.6224 98151
36.6229 98172
36.6234 98193
36.6239 98214
36.6243 98235
36.6248 98256
36.6253 98277
36.6258 98298
36.6263 98319
36.6268 98340
36.6272 98361
36.6277 98382
36.6284 98403
36.6292 98424
36.6304 98445
36.6313 98466
36.632 98487
36.6325 98508
36.633 98529
36.6335 98550
36.634 98571
36.6344 98592
36.6354 98613
36.6378 98634
36.6402 98655
36.6412 98676
36.6416 98697
36.6421 98718
36.6426 98739
36.6431 98760
36.6436 98781
36.6441 98802
36.6445 98823
36.645 98844
36.6455 98865
36.646 98886
36.6465 98907
36.6469 98928
36.6474 98949
36.6479 98970
36.6484 98991
36.6489 99012
36.6493 99033
36.6498 99054
36.6503 99075
36.651 99096
36.6517 99117
36.6529 99138
36.6539 99159
36.6546 99180
36.6551 99201
36.6556 99222
36.6561 99243
36.6565 99264
36.657 99285
36.6578 99306
36.659 99327
36.6614 99348
36.6638 99369
36.6645 99390
36.665 99411
36.6654 99432
36.6659 99453
36.6664 99474
36.6669 99495
36.6674 99516
36.6678 99537
36.6683 99558
36.6688 99579
36.6693 99600
36.6698 99621
36.6702 99642
36.6707 99663
36.6712 99684
36.6717 99705
36.6722 99726
36.6727 99747
36.6731 99768
36.6736 99789
36.6746 99810
36.6751 99831
36.6765 99852
36.6775 99872
36.6779 99892
36.6784 99912
36.6789 99932
36.6794 99952
36.6799 99972
36.6803 99992
36.6813 100012
36.6825 100032
36.6849 100052
36.6873 100072
36.688 100092
36.6885 100112
36.689 100132
36.6895 100152
36.69 100172
36.6904 100192
36.6909 100212
36.6914 100232
36.6919 100252
36.6924 100272
36.6928 100292
36.6933 100312
36.6938 100332
36.6943 100352
36.6948 100372
36.6952 100392
36.6957 100412
36.6962 100432
36.6967 100452
36.6972 100472
36.6981 100492
36.6986 100512
36.7 100532
36.701 100552
36.7015 100572
36.702 100592
36.7025 100612
36.7029 100632
36.7034 100652
36.7039 100672
36.7046 100692
36.7058 100712
36.7085 100732
36.7109 100752
36.7109 49664
36.7118 49706
36.7118 49664
36.7123 49706
36.7123 49664
36.7128 49706
36.7128 49664
36.7133 49706
36.7133 49664
36.7137 49706
36.7137 49664
36.7142 49706
36.7142 49664
36.7147 49706
36.7147 49664
36.7152 49706
36.7152 49664
36.7157 49706
36.7157 49664
36.7161 49706
36.7161 49664
36.7166 49706
36.7166 49664
36.7171 49706
36.7171 49664
36.7176 49706
36.7176 49664
36.7181 49706
36.7181 49664
36.7186 49706
36.7186 49664
36.719 49706
36.719 49664
36.7195 49706
36.7195 49664
36.72 49706
36.72 49664
36.7205 49706
36.7205 49664
36.721 49706
36.721 49664
36.7217 49706
36.7217 49664
36.7224 49706
36.7224 49664
36.7236 49706
36.7236 49664
36.7246 49706
36.7246 49664
36.7253 49706
36.7253 49664
36.7258 49706
36.7258 49664
36.7262 49706
36.7262 49664
36.7267 49706
36.7267 49664
36.7272 49706
36.7272 49664
36.7277 49706
36.7277 49664
36.7282 49706
36.7282 49664
36.7294 49706
36.7294 49664
36.732 49706
36.732 49664
36.74 49706
36.7407 49748
36.7412 49790
36.7417 49832
36.7427 49874
36.7431 49916
36.7446 49958
36.7455 49999
36.746 50040
36.7465 50081
36.747 50122
36.7475 50163
36.7479 50204
36.7484 50245
36.7491 50286
36.7503 50327
36.753 50368
36.7607 50409
36.7615 50450
36.762 50491
36.7627 50532
36.7634 50573
36.7641 50614
36.7656 50655
36.7663 50696
36.7668 50737
36.7672 50778
36.7677 50819
36.7682 50860
36.7687 50901
36.7692 50942
36.7701 50983
36.7713 51024
36.774 51065
36.7815 51106
36.7822 51147
36.7827 51187
36.7837 51227
36.7844 51267
36.7851 51307
36.7865 51347
36.7873 51387
36.7877 51427
36.7882 51467
36.7887 51507
36.7892 51547
36.7897 51587
36.7901 51627
36.7909 51667
36.7921 51707
36.7947 51747
36.802 51787
36.8027 51827
36.8032 51867
36.8041 51907
36.8051 51947
36.8056 51987
36.807 52027
36.808 52067
36.8085 52107
36.809 52147
36.8094 52187
36.8099 52227
36.8104 52267
36.8109 52307
36.8114 52347
36.8126 52387
36.8152 52427
36.8225 52466
36.8232 52505
36.8237 52544
36.8246 52583
36.8256 52622
36.8261 52661
36.8275 52700
36.8285 52739
36.829 52778
36.8295 52817
36.8299 52856
36.8304 52895
36.8309 52934
36.8314 52973
36.8319 53012
36.8328 53051
36.8338 53090
36.8364 53129
36.8432 53168
36.8439 53207
36.8444 53246
36.8456 53285
36.8463 53324
36.8471 53363
36.8485 53402
36.8492 53441
36.8497 53480
36.8502 53519
36.8507 53558
36.8512 53597
36.8516 53636
36.8521 53675
36.8528 53714
36.8538 53753
36.8548 53792
36.8574 53830
36.864 53868
36.8647 53906
36.8652 53944
36.8666 53982
36.8673 54020
36.868 54058
36.8695 54096
36.8702 54134
36.8707 54172
36.8712 54210
36.8717 54248
36.8721 54286
36.8726 54324
36.8731 54362
36.8736 54400
36.8745 54438
36.8755 54476
36.8781 54514
36.8845 54552
36.8852 54590
36.8857 54628
36.8871 54666
36.8881 54704
36.8885 54742
36.89 54780
36.8909 54818
36.8914 54856
36.8919 54894
36.8924 54932
36.8929 54970
36.8934 55008
36.8938 55046
36.8943 55084
36.895 55122
36.896 55160
36.8986 55198
36.905 55235
36.9057 55272
36.9062 55309
36.9076 55346
36.9086 55383
36.909 55420
36.9105 55457
36.9114 55494
36.9119 55531
36.9124 55568
36.9129 55605
36.9134 55642
36.9138 55679
36.9143 55716
36.9148 55753
36.9155 55790
36.9163 55827
36.9172 55864
36.9199 55901
36.9257 55938
36.9264 55975
36.9269 56012
36.9286 56049
36.9293 56086
36.93 56123
36.9315 56160
36.9322 56197
36.9327 56234
36.9331 56271
36.9336 56308
36.9341 56345
36.9346 56382
36.9351 56419
36.9355 56456
36.9365 56493
36.9372 56530
36.9382 56567
36.9408 56604
36.9464 56641
36.9472 56678
36.9476 56714
36.9496 56750
36.9503 56786
36.951 56822
36.9524 56858
36.9532 56894
36.9536 56930
36.9541 56966
36.9546 57002
36.9551 57038
36.9556 57074
36.956 57110
36.9565 57146
36.9575 57182
36.958 57218
36.9589 57254
36.9616 57290
36.9669 57326
36.9677 57362
36.9681 57398
36.9701 57434
36.971 57470
36.9715 57506
36.9729 57542
36.9739 57578
36.9744 57614
36.9749 57650
36.9753 57686
36.9758 57722
36.9763 57758
36.9768 57794
36.9773 57830
36.978 57866
36.9787 57902
36.9794 57938
36.9821 57974
36.9874 58010
36.9881 58046
36.9886 58082
36.9906 58118
36.9915 58154
36.992 58190
36.9934 58226
36.9944 58262
36.9949 58297
36.9954 58332
36.9958 58367
36.9963 58402
36.9968 58437
36.9973 58472
36.9978 58507
36.9985 58542
36.9992 58577
36.9999 58612
37.0006 58647
37.0033 58682
37.0082 58717
37.0089 58752
37.0094 58787
37.0115 58822
37.0123 58857
37.013 58892
37.0147 58927
37.0154 58962
37.0159 58997
37.0163 59032
37.0168 59067
37.0173 59102
37.0178 59137
37.0183 59172
37.0187 59207
37.0197 59242
37.0202 59277
37.0211 59312
37.0219 59347
37.0245 59382
37.0289 59417
37.0296 59452
37.0301 59487
37.0325 59522
37.033 59557
37.034 59592
37.0356 59627
37.0364 59662
37.0368 59697
37.0373 59732
37.0378 59767
37.0383 59802
37.0388 59837
37.0392 59872
37.0397 59907
37.0407 59941
37.0412 59975
37.0421 60009
37.0428 60043
37.0455 60077
37.0494 60111
37.0501 60145
37.0506 60179
37.053 60213
37.0537 60247
37.0544 60281
37.0564 60315
37.0573 60349
37.0578 60383
37.0583 60417
37.0588 60451
37.0593 60485
37.0597 60519
37.0602 60553
37.0607 60587
37.0614 60621
37.0621 60655
37.0629 60689
37.0636 60723
37.0662 60757
37.0703 60791
37.0708 60825
37.0713 60859
37.0735 60893
37.0745 60927
37.0749 60961
37.0769 60995
37.0778 61029
37.0783 61063
37.0788 61097
37.0793 61131
37.0798 61165
37.0802 61199
37.0807 61233
37.0812 61267
37.0819 61301
37.0826 61335
37.0834 61369
37.0841 61403
37.0867 61437
37.0908 61471
37.0913 61505
37.0918 61539
37.0923 61573
37.0945 61607
37.0952 61641
37.0959 61675
37.0978 61708
37.0986 61741
37.0991 61774
37.0995 61807
37.1 61840
37.1005 61873
37.101 61906
37.1015 61939
37.1019 61972
37.1029 62005
37.1034 62038
37.1043 62071
37.1053 62104
37.1079 62137
37.1118 62170
37.1123 62203
37.1127 62236
37.1132 62269
37.1155 62302
37.1159 62335
37.1169 62368
37.1188 62401
37.1193 62434
37.1198 62467
37.1203 62500
37.1207 62533
37.1212 62566
37.1217 62599
37.1222 62632
37.1229 62665
37.1236 62698
37.1244 62731
37.1253 62764
37.1263 62797
37.1289 62830
37.1328 62863
37.1332 62896
37.1337 62929
37.1342 62962
37.136 62995
37.1367 63028
37.1374 63061
37.1393 63094
37.14 63127
37.1405 63160
37.141 63193
37.1415 63226
37.142 63259
37.1424 63292
37.1429 63325
37.1434 63358
37.1444 63391
37.1449 63424
37.1458 63457
37.1468 63490
37.1497 63523
37.1537 63556
37.1542 63588
37.1547 63620
37.1552 63652
37.1565 63684
37.1574 63716
37.1579 63748
37.1598 63780
37.1608 63812
37.1613 63844
37.1617 63876
37.1622 63908
37.1627 63940
37.1632 63972
37.1637 64004
37.1641 64036
37.1649 64068
37.1656 64100
37.1663 64132
37.1673 64164
37.1702 64196
37.1742 64228
37.1747 64260
37.1752 64292
37.1757 64324
37.177 64356
37.1779 64388
37.1784 64420
37.1794 64452
37.181 64484
37.1818 64516
37.1822 64548
37.1827 64580
37.1832 64612
37.1837 64644
37.1842 64676
37.1846 64708
37.1851 64740
37.1861 64772
37.1866 64804
37.1875 64836
37.1885 64868
37.1914 64900
37.1955 64932
37.1959 64964
37.1964 64996
37.1969 65028
37.1979 65060
37.1987 65092
37.1994 65124
37.2003 65156
37.202 65188
37.2025 65220
37.203 65252
37.2035 65284
37.2039 65316
37.2044 65348
37.2049 65380
37.2054 65412
37.2061 65444
37.2068 65476
37.2075 65508
37.2085 65540
37.2095 65571
37.2124 65602
37.2164 65633
37.2169 65664
37.2174 65695
37.2179 65726
37.2189 65757
37.2196 65788
37.2204 65819
37.2213 65850
37.223 65881
37.2235 65912
37.224 65943
37.2244 65974
37.2249 66005
37.2254 66036
37.2259 66067
37.2264 66098
37.2268 66129
37.2278 66160
37.2283 66191
37.2292 66222
37.2302 66253
37.2333 66284
37.2377 66315
37.2381 66346
37.2386 66377
37.2391 66408
37.2396 66439
37.2405 66470
37.241 66501
37.242 66532
37.2437 66563
37.2444 66594
37.2449 66625
37.2453 66656
37.2458 66687
37.2463 66718
37.2468 66749
37.2473 66780
37.2478 66811
37.2485 66842
37.2492 66873
37.2499 66904
37.2509 66935
37.254 66966
37.2583 66997
37.2588 67028
37.2593 67059
37.2598 67090
37.2602 67121
37.2612 67152
37.2617 67183
37.2627 67214
37.2643 67245
37.2651 67276
37.2655 67307
37.266 67338
37.2665 67369
37.267 67400
37.2675 67431
37.2679 67462
37.2684 67493
37.2691 67524
37.2699 67555
37.2703 67586
37.2713 67617
37.2723 67648
37.2754 67678
37.2797 67708
37.2802 67738
37.2807 67768
37.2812 67798
37.2819 67828
37.2826 67858
37.2833 67888
37.2843 67918
37.286 67948
37.2864 67978
37.2869 68008
37.2874 68038
37.2879 68068
37.2884 68098
37.2888 68128
37.2893 68158
37.2898 68188
37.2908 68218
37.2912 68248
37.292 68278
37.2929 68308
37.2939 68338
37.297 68368
37.3013 68398
37.3018 68428
37.3023 68458
37.3028 68488
37.3035 68518
37.3042 68548
37.3049 68578
37.3059 68608
37.3076 68638
37.3081 68668
37.3086 68698
37.309 68728
37.3095 68758
37.31 68788
37.3105 68818
37.311 68848
37.3114 68878
37.3122 68908
37.3129 68938
37.3134 68968
37.3143 68998
37.3153 69028
37.3184 69058
37.323 69088
37.3237 69118
37.3242 69148
37.3247 69178
37.3251 69208
37.3261 69238
37.3266 69268
37.3275 69298
37.3292 69328
37.3299 69358
37.3304 69388
37.3309 69418
37.3314 69448
37.3319 69478
37.3323 69508
37.3328 69538
37.3333 69568
37.3338 69598
37.3343 69628
37.3347 69658
37.3352 69688
37.3358 69718
37.3389 69748
37.3435 69778
37.3442 69808
37.3447 69838
37.3452 69868
37.3456 69898
37.3466 69927
37.3471 69956
37.348 69985
37.3497 70014
37.3504 70043
37.3509 70072
37.3514 70101
37.3519 70130
37.3524 70159
37.3528 70188
37.3533 70217
37.3538 70246
37.3543 70275
37.3548 70304
37.3552 70333
37.3557 70362
37.3562 70391
37.3567 70420
37.3596 70449
37.3644 70478
37.3652 70507
37.3657 70536
37.3661 70565
37.3666 70594
37.3676 70623
37.3681 70652
37.369 70681
37.3707 70710
37.3714 70739
37.3719 70768
37.3724 70797
37.3729 70826
37.3733 70855
37.3738 70884
37.3743 70913
37.3748 70942
37.3753 70971
37.3757 71000
37.3762 71029
37.3767 71058
37.3772 71087
37.3777 71116
37.3804 71145
37.3854 71174
37.3864 71203
37.3869 71232
37.3873 71261
37.3878 71290
37.3888 71319
37.3893 71348
37.3902 71377
37.3919 71406
37.3926 71435
37.3931 71464
37.3936 71493
37.3941 71522
37.3946 71551
37.395 71580
37.3955 71609
37.396 71638
37.3965 71667
37.397 71696
37.3974 71725
37.3979 71754
37.3984 71783
37.3989 71812
37.4009 71841
37.4059 71870
37.4069 71899
37.4074 71928
37.4078 71957
37.4083 71986
37.4093 72015
37.4098 72044
37.4107 72073
37.4124 72102
37.4131 72131
37.4136 72160
37.4141 72189
37.4146 72218
37.4151 72247
37.4155 72276
37.416 72305
37.4165 72333
37.417 72361
37.4175 72389
37.4179 72417
37.4184 72445
37.4189 72473
37.4194 72501
37.4214 72529
37.4264 72557
37.4274 72585
37.4279 72613
37.4283 72641
37.4288 72669
37.4298 72697
37.4303 72725
37.4315 72753
37.4332 72781
37.4339 72809
37.4344 72837
37.4348 72865
37.4353 72893
37.4358 72921
37.4363 72949
37.4368 72977
37.4372 73005
37.4377 73033
37.4382 73061
37.4387 73089
37.4392 73117
37.4396 73145
37.4401 73173
37.4406 73201
37.4421 73229
37.4474 73257
37.4481 73285
37.4486 73313
37.4491 73341
37.4498 73369
37.4505 73397
37.4512 73425
37.4524 73453
37.4541 73481
37.4549 73509
37.4553 73537
37.4558 73565
37.4563 73593
37.4568 73621
37.4573 73649
37.4577 73677
37.4582 73705
37.4587 73733
37.4592 73761
37.4597 73789
37.4601 73817
37.4606 73845
37.4611 73873
37.4616 73901
37.4629 73929
37.4684 73957
37.4691 73985
37.4696 74013
37.4701 74041
37.4708 74069
37.4715 74097
37.4722 74125
37.4734 74153
37.4753 74181
37.4761 74209
37.4766 74237
37.477 74265
37.4775 74293
37.478 74321
37.4785 74349
37.479 74377
37.4794 74405
37.4799 74433
37.4804 74461
37.4809 74489
37.4814 74517
37.4818 74545
37.4823 74573
37.4828 74601
37.4834 74629
37.4889 74657
37.4898 74685
37.4903 74713
37.4908 74741
37.4913 74769
37.4922 74797
37.4927 74825
37.4939 74853
37.4958 74881
37.4966 74909
37.497 74936
37.4975 74963
37.498 74990
37.4985 75017
37.499 75044
37.4995 75071
37.4999 75098
37.5004 75125
37.5009 75152
37.5014 75179
37.5019 75206
37.5023 75233
37.5028 75260
37.5033 75287
37.5038 75314
37.5094 75341
37.5103 75368
37.5108 75395
37.5113 75422
37.5118 75449
37.5127 75476
37.5132 75503
37.5144 75530
37.5163 75557
37.5173 75584
37.5178 75611
37.5183 75638
37.5187 75665
37.5192 75692
37.5197 75719
37.5202 75746
37.5207 75773
37.5212 75800
37.5216 75827
37.5221 75854
37.5226 75881
37.5231 75908
37.5236 75935
37.524 75962
37.5245 75989
37.525 76016
37.5304 76043
37.5311 76070
37.5316 76097
37.532 76124
37.5328 76151
37.5335 76178
37.5342 76205
37.5354 76232
37.5373 76259
37.5383 76286
37.5388 76313
37.5392 76340
37.5397 76367
37.5402 76394
37.5407 76421
37.5412 76448
37.5416 76475
37.5421 76502
37.5426 76529
37.5431 76556
37.5436 76583
37.5441 76610
37.5445 76637
37.545 76664
37.5455 76691
37.546 76718
37.5513 76745
37.5521 76772
37.5525 76799
37.553 76826
37.5537 76853
37.5545 76880
37.5552 76907
37.5564 76934
37.5583 76961
37.5593 76988
37.56 77015
37.5605 77042
37.5609 77069
37.5614 77096
37.5619 77123
37.5624 77150
37.5629 77177
37.5633 77204
37.5638 77231
37.5643 77258
37.5648 77285
37.5653 77312
37.5658 77339
37.5662 77366
37.5667 77393
37.5672 77420
37.5723 77447
37.573 77474
37.5735 77501
37.574 77528
37.5745 77555
37.5754 77582
37.5759 77609
37.5771 77636
37.579 77663
37.58 77689
37.5807 77715
37.5812 77741
37.5817 77767
37.5822 77793
37.5826 77819
37.5831 77845
37.5836 77871
37.5841 77897
37.5846 77923
37.585 77949
37.5855 77975
37.586 78001
37.5865 78027
37.587 78053
37.5875 78079
37.5879 78105
37.5928 78131
37.5935 78157
37.594 78183
37.5945 78209
37.595 78235
37.5959 78261
37.5964 78287
37.5976 78313
37.5995 78339
37.6005 78365
37.6012 78391
37.6017 78417
37.6022 78443
37.6027 78469
37.6031 78495
37.6036 78521
37.6041 78547
37.6046 78573
37.6051 78599
37.6055 78625
37.606 78651
37.6065 78677
37.607 78703
37.6075 78729
37.6079 78755
37.6084 78781
37.6133 78807
37.614 78833
37.6145 78859
37.615 78885
37.6155 78911
37.6164 78937
37.6169 78963
37.6176 78989
37.6188 79015
37.6208 79041
37.6217 79067
37.6222 79093
37.6227 79119
37.6232 79145
37.6236 79171
37.6241 79197
37.6246 79223
37.6251 79249
37.6256 79275
37.626 79301
37.6265 79327
37.627 79353
37.6275 79379
37.628 79405
37.6284 79431
37.6289 79457
37.6294 79483
37.6343 79509
37.635 79535
37.6355 79561
37.636 79587
37.6364 79613
37.6374 79639
37.6379 79665
37.6386 79691
37.6398 79717
37.6417 79743
37.6427 79769
37.6432 79795
37.6437 79821
37.6441 79847
37.6446 79873
37.6451 79899
37.6456 79925
37.6461 79951
37.6465 79977
37.647 80003
37.6475 80029
37.648 80055
37.6485 80081
37.6489 80107
37.6494 80133
37.6499 80159
37.6504 80185
37.6553 80211
37.656 80237
37.6565 80263
37.6569 80289
37.6574 80315
37.6584 80341
37.6589 80367
37.6594 80393
37.6606 80419
37.6625 80445
37.6634 80471
37.6642 80497
37.6646 80523
37.6651 80549
37.6656 80575
37.6661 80601
37.6666 80627
37.667 80653
37.6675 80678
37.668 80703
37.6685 80728
37.669 80753
37.6694 80778
37.6699 80803
37.6704 80828
37.6709 80853
37.6714 80878
37.6758 80903
37.6765 80928
37.677 80953
37.6774 80978
37.6779 81003
37.6789 81028
37.6794 81053
37.6798 81078
37.681 81103
37.683 81128
37.6839 81153
37.6847 81178
37.6851 81203
37.6856 81228
37.6861 81253
37.6866 81278
37.6871 81303
37.6875 81328
37.688 81353
37.6885 81378
37.689 81403
37.6895 81428
37.6899 81453
37.6904 81478
37.6909 81503
37.6914 81528
37.6919 81553
37.6963 81578
37.697 81603
37.6975 81628
37.6979 81653
37.6984 81678
37.6994 81703
37.6999 81728
37.7003 81753
37.7015 81778
37.7023 81803
37.7042 81828
37.7052 81853
37.7056 81878
37.7061 81903
37.7066 81928
37.7071 81953
37.7076 81978
37.708 82003
37.7085 82028
37.709 82053
37.709 65536
37.7095 65567
37.7095 65536
37.71 65567
37.71 65536
37.7104 65567
37.7104 65536
37.7109 65567
37.7109 65536
37.7114 65567
37.7114 65536
37.7119 65567
37.7119 65536
37.7124 65567
37.7124 65536
37.7128 65567
37.7128 65536
37.7172 65567
37.7172 65536
37.718 65567
37.718 65536
37.7184 65567
37.7184 65536
37.7189 65567
37.7189 65536
37.7194 65567
37.7194 65536
37.7204 65567
37.7204 65536
37.7208 65567
37.7208 65536
37.7213 65567
37.7213 65536
37.7225 65567
37.7225 65536
37.7232 65567
37.7232 65536
37.7252 65567
37.7252 65536
37.7261 65567
37.7261 65536
37.7266 65567
37.7266 65536
37.7271 65567
37.7271 65536
37.7276 65567
37.7276 65536
37.7281 65567
37.7281 65536
37.7285 65567
37.7285 65536
37.729 65567
37.729 65536
37.7295 65567
37.7295 65536
37.7324 65567
37.7329 65598
37.7333 65629
37.7377 65660
37.7387 65691
37.7392 65722
37.7397 65753
37.7401 65784
37.7409 65815
37.7416 65846
37.7421 65877
37.743 65908
37.744 65939
37.7457 65970
37.7466 66001
37.7473 66032
37.7478 66063
37.7483 66094
37.7488 66125
37.7493 66156
37.7498 66187
37.7502 66218
37.7529 66249
37.7534 66280
37.7538 66311
37.7582 66342
37.7592 66373
37.7597 66404
37.7602 66435
37.7606 66466
37.7614 66497
37.7621 66528
37.7626 66559
37.7635 66590
37.7645 66621
37.7662 66652
37.7671 66683
37.7678 66714
37.7683 66745
37.7688 66776
37.7693 66807
37.7698 66838
37.7703 66869
37.7707 66900
37.7734 66931
37.7739 66962
37.7743 66993
37.7787 67024
37.7797 67055
37.7802 67086
37.7807 67117
37.7811 67148
37.7819 67179
37.7828 67210
37.7833 67241
37.7843 67272
37.7852 67303
37.7859 67334
37.7876 67365
37.7886 67396
37.7891 67427
37.7895 67458
37.79 67489
37.7905 67520
37.791 67551
37.7915 67582
37.792 67613
37.7941 67644
37.7946 67674
37.7951 67704
37.7997 67734
37.8004 67764
37.8009 67794
37.8014 67824
37.8019 67854
37.8028 67884
37.8038 67914
37.8043 67944
37.8052 67974
37.8062 68004
37.8069 68034
37.8086 68064
37.8096 68094
37.81 68124
37.8105 68154
37.811 68184
37.8115 68214
37.812 68244
37.8124 68274
37.8129 68304
37.8149 68334
37.8153 68364
37.8158 68394
37.8207 68424
37.8214 68454
37.8219 68484
37.8224 68514
37.8229 68544
37.8238 68574
37.8248 68604
37.8253 68634
37.8262 68664
37.8274 68694
37.8281 68724
37.8298 68754
37.8305 68784
37.8313 68814
37.8317 68844
37.8322 68874
37.8327 68904
37.8332 68934
37.8337 68964
37.8341 68994
37.8353 69024
37.8358 69054
37.8363 69084
37.8412 69114
37.8421 69144
37.8426 69174
37.8431 69204
37.8436 69234
37.8443 69264
37.8453 69294
37.846 69324
37.8467 69354
37.8479 69384
37.8486 69414
37.8503 69444
37.851 69474
37.8518 69504
37.8522 69534
37.8527 69564
37.8532 69594
37.8537 69624
37.8542 69654
37.8546 69684
37.8558 69714
37.8563 69744
37.8568 69774
37.8617 69804
37.8626 69834
37.8631 69864
37.8636 69894
37.8641 69923
37.8648 69952
37.8658 69981
37.8665 70010
37.8672 70039
37.8684 70068
37.8694 70097
37.8711 70126
37.8718 70155
37.8725 70184
37.873 70213
37.8735 70242
37.8739 70271
37.8744 70300
37.8749 70329
37.8754 70358
37.8759 70387
37.8766 70416
37.8771 70445
37.8775 70474
37.8827 70503
37.8834 70532
37.8839 70561
37.8843 70590
37.8848 70619
37.8858 70648
37.8867 70677
37.8872 70706
37.8882 70735
37.8894 70764
37.8904 70793
37.892 70822
37.8928 70851
37.8935 70880
37.894 70909
37.8944 70938
37.8949 70967
37.8954 70996
37.8959 71025
37.8964 71054
37.8968 71083
37.8973 71112
37.8978 71141
37.8983 71170
37.9036 71199
37.9044 71228
37.9048 71257
37.9053 71286
37.9058 71315
37.9068 71344
37.9077 71373
37.9082 71402
37.9092 71431
37.9104 71460
37.9113 71489
37.9133 71518
37.914 71547
37.9147 71576
37.9152 71605
37.9157 71634
37.9161 71663
37.9166 71692
37.9171 71721
37.9176 71750
37.9181 71779
37.9185 71808
37.919 71837
37.9195 71866
37.9241 71895
37.9251 71924
37.9256 71953
37.9261 71982
37.9265 72011
37.9273 72040
37.9282 72069
37.9289 72098
37.9297 72127
37.9309 72156
37.9318 72185
37.9338 72214
37.9345 72243
37.9352 72272
37.9357 72301
37.9362 72329
37.9366 72357
37.9371 72385
37.9376 72413
37.9381 72441
37.9386 72469
37.939 72497
37.9395 72525
37.94 72553
37.9446 72581
37.9456 72609
37.9461 72637
37.9466 72665
37.947 72693
37.9478 72721
37.9487 72749
37.9494 72777
37.9502 72805
37.9514 72833
37.9523 72861
37.9543 72889
37.9552 72917
37.9559 72945
37.9564 72973
37.9569 73001
37.9574 73029
37.9579 73057
37.9583 73085
37.9588 73113
37.9593 73141
37.9598 73169
37.9603 73197
37.9607 73225
37.9615 73253
37.9656 73281
37.9663 73309
37.9668 73337
37.9673 73365
37.9678 73393
37.9687 73421
37.9697 73449
37.9702 73477
37.9711 73505
37.9723 73533
37.9733 73561
37.9752 73589
37.9762 73617
37.9769 73645
37.9774 73673
37.9779 73701
37.9784 73729
37.9788 73757
37.9793 73785
37.9798 73813
37.9803 73841
37.9808 73869
37.9812 73897
37.9817 73925
37.9824 73953
37.9866 73981
37.9873 74009
37.9878 74037
37.9883 74065
37.9888 74093
37.9897 74121
37.9907 74149
37.9912 74177
37.9921 74205
37.9933 74233
37.9943 74261
37.9962 74289
37.9972 74317
37.9981 74345
37.9986 74373
37.9991 74401
37.9996 74429
38.0001 74457
38.0005 74485
38.001 74513
38.0015 74541
38.002 74569
38.0025 74597
38.0029 74625
38.0034 74653
38.0073 74681
38.0082 74709
38.0087 74737
38.0092 74765
38.0097 74793
38.0104 74821
38.0113 74849
38.0121 74877
38.0128 74905
38.014 74932
38.015 74959
38.0169 74986
38.0178 75013
38.0188 75040
38.0193 75067
38.0198 75094
38.0202 75121
38.0207 75148
38.0212 75175
38.0217 75202
38.0222 75229
38.0226 75256
38.0231 75283
38.0236 75310
38.0241 75337
38.0279 75364
38.0289 75391
38.0294 75418
38.0299 75445
38.0303 75472
38.0311 75499
38.032 75526
38.0327 75553
38.0335 75580
38.0347 75607
38.0356 75634
38.0375 75661
38.0385 75688
38.0395 75715
38.0399 75742
38.0404 75769
38.0409 75796
38.0414 75823
38.0419 75850
38.0424 75877
38.0428 75904
38.0433 75931
38.0438 75958
38.0443 75985
38.0448 76012
38.0457 76039
38.0493 76066
38.0503 76093
38.0508 76120
38.0512 76147
38.0517 76174
38.0527 76201
38.0536 76228
38.0541 76255
38.0551 76282
38.0563 76309
38.0572 76336
38.0592 76363
38.0601 76390
38.0609 76417
38.0613 76444
38.0618 76471
38.0623 76498
38.0628 76525
38.0633 76552
38.0637 76579
38.0642 76606
38.0647 76633
38.0652 76660
38.0657 76687
38.0664 76714
38.0673 76741
38.0709 76768
38.0719 76795
38.0724 76822
38.0729 76849
38.0734 76876
38.0743 76903
38.0753 76930
38.0758 76957
38.0767 76984
38.0779 77011
38.0789 77038
38.0808 77065
38.0818 77092
38.0825 77119
38.083 77146
38.0834 77173
38.0839 77200
38.0844 77227
38.0849 77254
38.0854 77281
38.0858 77308
38.0863 77335
38.0868 77362
38.0873 77389
38.088 77416
38.089 77443
38.0928 77470
38.0938 77497
38.0943 77524
38.0947 77551
38.0952 77578
38.0959 77605
38.0969 77632
38.0976 77659
38.0983 77685
38.0995 77711
38.1005 77737
38.1024 77763
38.1034 77789
38.1044 77815
38.1048 77841
38.1053 77867
38.1058 77893
38.1063 77919
38.1068 77945
38.1072 77971
38.1077 77997
38.1082 78023
38.1087 78049
38.1092 78075
38.1096 78101
38.1106 78127
38.1144 78153
38.1154 78179
38.1159 78205
38.1164 78231
38.1168 78257
38.1176 78283
38.1185 78309
38.1193 78335
38.12 78361
38.1212 78387
38.1221 78413
38.1241 78439
38.125 78465
38.126 78491
38.1265 78517
38.1269 78543
38.1274 78569
38.1279 78595
38.1284 78621
38.1289 78647
38.1293 78673
38.1298 78699
38.1303 78725
38.1308 78751
38.1313 78777
38.1322 78803
38.1361 78829
38.1373 78855
38.1378 78881
38.1382 78907
38.1387 78933
38.1394 78959
38.1402 78985
38.1411 79011
38.1416 79037
38.1426 79063
38.1438 79089
38.1447 79115
38.1466 79141
38.1476 79167
38.1483 79193
38.1488 79219
38.1493 79245
38.1498 79271
38.1503 79297
38.1507 79323
38.1512 79349
38.1517 79375
38.1522 79401
38.1527 79427
38.1531 79453
38.1539 79479
38.1548 79505
38.1587 79531
38.1599 79557
38.1603 79583
38.1608 79609
38.1613 79635
38.162 79661
38.1628 79687
38.1637 79713
38.1642 79739
38.1652 79765
38.1664 79791
38.1673 79817
38.1692 79843
38.1702 79869
38.1709 79895
38.1714 79921
38.1719 79947
38.1724 79973
38.1728 79999
38.1733 80025
38.1738 80051
38.1743 80077
38.1748 80103
38.1752 80129
38.1757 80155
38.1764 80181
38.1774 80207
38.1815 80233
38.1827 80259
38.1832 80285
38.1837 80311
38.1841 80337
38.1849 80363
38.1856 80389
38.1863 80415
38.187 80441
38.1877 80467
38.1889 80493
38.1899 80519
38.1918 80545
38.1928 80571
38.1938 80597
38.1942 80623
38.1947 80649
38.1952 80674
38.1957 80699
38.1962 80724
38.1966 80749
38.1971 80774
38.1976 80799
38.1981 80824
38.1986 80849
38.199 80874
38.2 80899
38.2041 80924
38.2053 80949
38.2058 80974
38.2062 80999
38.2067 81024
38.2074 81049
38.2082 81074
38.2089 81099
38.2096 81124
38.2103 81149
38.2115 81174
38.2125 81199
38.2144 81224
38.2154 81249
38.2163 81274
38.2168 81299
38.2173 81324
38.2178 81349
38.2183 81374
38.2187 81399
38.2192 81424
38.2197 81449
38.2202 81474
38.2207 81499
38.2211 81524
38.2216 81549
38.2226 81574
38.2267 81599
38.2279 81624
38.2286 81649
38.2291 81674
38.2296 81699
38.2303 81724
38.231 81749
38.2317 81774
38.2324 81799
38.2329 81824
38.2339 81849
38.2351 81874
38.236 81899
38.238 81924
38.2389 81949
38.2397 81974
38.2401 81999
38.2406 82024
38.2411 82049
38.2416 82074
38.2421 82099
38.2425 82124
38.243 82149
38.2435 82174
38.244 82199
38.2445 82224
38.2452 82249
38.2461 82274
38.2502 82299
38.2514 82324
38.2521 82349
38.2526 82374
38.2531 82399
38.2538 82424
38.2546 82449
38.2553 82474
38.256 82499
38.2565 82524
38.2574 82549
38.2586 82574
38.2596 82599
38.2615 82624
38.2625 82649
38.2632 82674
38.2637 82699
38.2642 82724
38.2646 82749
38.2651 82774
38.2656 82799
38.2661 82824
38.2666 82849
38.267 82874
38.2675 82899
38.268 82924
38.2687 82949
38.2697 82974
38.2738 82999
38.275 83024
38.2757 83049
38.2762 83074
38.2767 83099
38.2774 83124
38.2781 83149
38.2788 83174
38.2798 83199
38.2803 83224
38.2812 83249
38.2822 83274
38.2832 83299
38.2851 83324
38.286 83349
38.287 83374
38.2875 83399
38.288 83424
38.2884 83449
38.2889 83474
38.2894 83499
38.2899 83524
38.2904 83549
38.2908 83574
38.2913 83599
38.2918 83624
38.2923 83649
38.2932 83674
38.2973 83699
38.2985 83724
38.2995 83749
38.3 83774
38.3005 83799
38.3009 83824
38.3019 83849
38.3024 83874
38.3033 83898
38.3038 83922
38.3048 83946
38.3057 83970
38.3067 83994
38.3086 84018
38.3096 84042
38.3105 84066
38.311 84090
38.3115 84114
38.312 84138
38.3125 84162
38.313 84186
38.3134 84210
38.3139 84234
38.3144 84258
38.3149 84282
38.3154 84306
38.3158 84330
38.3168 84354
38.3209 84378
38.3221 84402
38.323 84426
38.3235 84450
38.324 84474
38.3245 84498
38.3254 84522
38.3259 84546
38.3269 84570
38.3274 84594
38.3283 84618
38.3295 84642
38.3305 84666
38.3315 84690
38.3331 84714
38.3341 84738
38.3348 84762
38.3353 84786
38.3358 84810
38.3363 84834
38.3367 84858
38.3372 84882
38.3377 84906
38.3382 84930
38.3387 84954
38.3391 84978
38.3396 85002
38.3401 85026
38.3406 85050
38.3416 85074
38.3428 85098
38.3438 85122
38.3443 85146
38.3447 85170
38.3455 85194
38.3462 85218
38.3469 85242
38.3476 85266
38.3483 85290
38.3493 85314
38.3505 85338
38.3515 85362
38.3524 85386
38.3541 85410
38.3551 85434
38.3558 85458
38.3563 85482
38.3568 85506
38.3572 85530
38.3577 85554
38.3582 85578
38.3587 85602
38.3592 85626
38.3596 85650
38.3601 85674
38.3606 85698
38.3611 85722
38.3616 85746
38.3624 85770
38.3636 85794
38.3645 85818
38.365 85842
38.3655 85866
38.3662 85890
38.3669 85914
38.3679 85938
38.3684 85962
38.3693 85986
38.3705 86010
38.3717 86034
38.3727 86058
38.3737 86082
38.3753 86106
38.3763 86130
38.3768 86154
38.3773 86178
38.3777 86202
38.3782 86226
38.3787 86250
38.3792 86274
38.3797 86298
38.3801 86322
38.3806 86346
38.3811 86370
38.3816 86394
38.3821 86418
38.3825 86442
38.383 86466
38.3841 86490
38.385 86514
38.3855 86538
38.386 86562
38.3867 86586
38.3874 86610
38.3884 86634
38.3889 86658
38.3898 86682
38.391 86706
38.3922 86730
38.3932 86754
38.3942 86778
38.3958 86802
38.3968 86826
38.3975 86850
38.398 86874
38.3985 86898
38.399 86922
38.3994 86946
38.3999 86970
38.4004 86994
38.4009 87018
38.4014 87042
38.4018 87066
38.4023 87090
38.4028 87114
38.4033 87138
38.4038 87162
38.4046 87186
38.4055 87210
38.406 87234
38.4065 87258
38.4072 87282
38.4079 87306
38.4089 87330
38.4096 87354
38.4103 87378
38.4115 87401
38.413 87424
38.4139 87447
38.4149 87470
38.4166 87493
38.4175 87516
38.4185 87539
38.419 87562
38.4195 87585
38.4199 87608
38.4204 87631
38.4209 87654
38.4214 87677
38.4219 87700
38.4223 87723
38.4228 87746
38.4233 87769
38.4238 87792
38.4243 87815
38.4247 87838
38.4252 87861
38.4257 87884
38.4263 87907
38.4267 87930
38.4272 87953
38.4279 87976
38.4287 87999
38.4299 88022
38.4306 88045
38.4313 88068
38.4325 88091
38.4339 88114
38.4349 88137
38.4359 88160
38.4375 88183
38.4385 88206
38.4392 88229
38.4397 88252
38.4402 88275
38.4407 88298
38.4412 88321
38.4416 88344
38.4421 88367
38.4426 88390
38.4431 88413
38.4436 88436
38.444 88459
38.4445 88482
38.445 88505
38.4455 88528
38.446 88551
38.4464 88574
38.447 88597
38.4475 88620
38.448 88643
38.4487 88666
38.4494 88689
38.4508 88712
38.4513 88735
38.4523 88758
38.4535 88781
38.4549 88804
38.4561 88827
38.4571 88850
38.4588 88873
38.4597 88896
38.4602 88919
38.4607 88942
38.4612 88965
38.4617 88988
38.4621 89011
38.4626 89034
38.4631 89057
38.4636 89080
38.4641 89103
38.4645 89126
38.465 89149
38.4655 89172
38.466 89195
38.4665 89218
38.4669 89241
38.4674 89264
38.4679 89287
38.4684 89310
38.4689 89333
38.4693 89356
38.4699 89379
38.4713 89402
38.4718 89425
38.4728 89448
38.474 89471
38.4754 89494
38.4766 89517
38.4776 89540
38.4793 89563
38.4802 89586
38.4809 89609
38.4814 89632
38.4819 89655
38.4824 89678
38.4829 89701
38.4834 89724
38.4838 89747
38.4843 89770
38.4848 89793
38.4853 89816
38.4858 89839
38.4862 89862
38.4867 89885
38.4872 89908
38.4877 89931
38.4882 89954
38.4886 89977
38.4891 90000
38.4896 90023
38.4901 90046
38.4906 90069
38.4918 90092
38.4923 90115
38.4933 90138
38.4945 90161
38.4959 90184
38.4971 90207
38.4983 90230
38.5 90253
38.501 90276
38.5019 90299
38.5024 90322
38.5029 90345
38.5034 90368
38.5038 90391
38.5043 90414
38.5048 90437
38.5053 90460
38.5058 90483
38.5063 90506
38.5067 90529
38.5072 90552
38.5077 90575
38.5082 90598
38.5087 90621
38.5091 90644
38.5096 90667
38.5101 90690
38.5106 90713
38.5111 90736
38.5115 90759
38.512 90782
38.513 90805
38.5135 90828
38.5143 90851
38.5155 90874
38.5169 90897
38.5181 90920
38.5193 90943
38.521 90966
38.5219 90989
38.5227 91012
38.5231 91035
38.5236 91058
38.5241 91081
38.5246 91104
38.5251 91127
38.5255 91150
38.526 91173
38.5265 91195
38.527 91217
38.5275 91239
38.528 91261
38.5284 91283
38.5289 91305
38.5294 91327
38.5299 91349
38.5304 91371
38.5308 91393
38.5313 91415
38.5318 91437
38.5323 91459
38.533 91481
38.5337 91503
38.5342 91525
38.5352 91547
38.5364 91569
38.5379 91591
38.5391 91613
38.5403 91635
38.5422 91657
38.5432 91679
38.5436 91701
38.5441 91723
38.5446 91745
38.5451 91767
38.5456 91789
38.546 91811
38.5465 91833
38.547 91855
38.5475 91877
38.548 91899
38.5485 91921
38.5489 91943
38.5494 91965
38.5499 91987
38.5504 92009
38.5509 92031
38.5513 92053
38.5518 92075
38.5523 92097
38.5528 92119
38.5533 92141
38.5542 92163
38.5547 92185
38.5552 92207
38.5561 92229
38.5573 92251
38.5588 92273
38.56 92295
38.5612 92317
38.5631 92339
38.5641 92361
38.5648 92383
38.5653 92405
38.5658 92427
38.5662 92449
38.5667 92471
38.5672 92493
38.5677 92515
38.5682 92537
38.5686 92559
38.5691 92581
38.5696 92603
38.5701 92625
38.5706 92647
38.571 92669
38.5715 92691
38.572 92713
38.5725 92735
38.573 92757
38.5734 92779
38.5739 92801
38.5744 92823
38.5751 92845
38.5758 92867
38.5763 92889
38.577 92911
38.5782 92933
38.5797 92955
38.5809 92977
38.5821 92999
38.584 93021
38.5852 93043
38.5862 93065
38.5867 93087
38.5871 93109
38.5876 93131
38.5881 93153
38.5886 93175
38.5891 93197
38.5895 93219
38.59 93241
38.5905 93263
38.591 93285
38.5915 93307
38.5919 93329
38.5924 93351
38.5929 93373
38.5934 93395
38.5939 93417
38.5944 93439
38.5948 93461
38.5953 93483
38.5958 93505
38.5963 93527
38.597 93549
38.5977 93571
38.5982 93593
38.5989 93615
38.6001 93637
38.6016 93659
38.6028 93681
38.604 93703
38.6059 93725
38.6071 93747
38.6078 93769
38.6083 93791
38.6088 93813
38.6093 93835
38.6097 93857
38.6102 93879
38.6107 93901
38.6112 93923
38.6117 93945
38.6121 93967
38.6126 93989
38.6131 94011
38.6136 94033
38.6141 94055
38.6145 94077
38.615 94099
38.6155 94121
38.616 94143
38.6165 94165
38.6169 94187
38.6174 94209
38.6179 94231
38.6189 94253
38.6193 94275
38.6198 94297
38.6208 94319
38.622 94341
38.6234 94363
38.6246 94385
38.6258 94407
38.6278 94429
38.6292 94451
38.6297 94473
38.6302 94495
38.6306 94517
38.6311 94539
38.6316 94561
38.6321 94583
38.6326 94605
38.633 94627
38.6335 94649
38.634 94671
38.6345 94693
38.635 94715
38.6354 94737
38.6359 94759
38.6364 94781
38.6369 94803
38.6374 94825
38.6378 94847
38.6383 94869
38.6388 94891
38.6393 94913
38.64 94935
38.6407 94957
38.6412 94979
38.6417 95001
38.6427 95023
38.6439 95045
38.6453 95067
38.6465 95089
38.6477 95111
38.6496 95133
38.6511 95155
38.6518 95177
38.6523 95199
38.6527 95221
38.6532 95243
38.6537 95265
38.6542 95287
38.6547 95309
38.6552 95330
38.6556 95351
38.6561 95372
38.6566 95393
38.6571 95414
38.6576 95435
38.658 95456
38.6585 95477
38.659 95498
38.6595 95519
38.66 95540
38.6604 95561
38.6609 95582
38.6614 95603
38.6619 95624
38.6628 95645
38.6633 95666
38.6638 95687
38.6645 95708
38.6657 95729
38.6672 95750
38.6684 95771
38.6696 95792
38.6715 95813
38.6729 95834
38.6739 95855
38.6746 95876
38.6751 95897
38.6756 95918
38.6761 95939
38.6765 95960
38.677 95981
38.6775 96002
38.678 96023
38.6785 96044
38.6789 96065
38.6794 96086
38.6799 96107
38.6804 96128
38.6809 96149
38.6813 96170
38.6818 96191
38.6823 96212
38.6828 96233
38.6833 96254
38.6838 96275
38.6842 96296
38.6847 96317
38.6857 96338
38.6862 96359
38.6866 96380
38.6874 96401
38.6886 96422
38.69 96443
38.6912 96464
38.6924 96485
38.6943 96506
38.6958 96527
38.6967 96548
38.6972 96569
38.6977 96590
38.6982 96611
38.6987 96632
38.6991 96653
38.6996 96674
38.7001 96695
38.7006 96716
38.7011 96737
38.7015 96758
38.702 96779
38.7025 96800
38.703 96821
38.7035 96842
38.7039 96863
38.7044 96884
38.7049 96905
38.7054 96926
38.7059 96947
38.7063 96968
38.7068 96989
38.7075 97010
38.7083 97031
38.7087 97052
38.7087 75776
38.7092 75803
38.7092 75776
38.7102 75803
38.7102 75776
38.7114 75803
38.7114 75776
38.7128 75803
38.7128 75776
38.714 75803
38.714 75776
38.7152 75803
38.7152 75776
38.7172 75803
38.7172 75776
38.7186 75803
38.7186 75776
38.7193 75803
38.7193 75776
38.7198 75803
38.7198 75776
38.7203 75803
38.7203 75776
38.7208 75803
38.7208 75776
38.7212 75803
38.7212 75776
38.7217 75803
38.7217 75776
38.7222 75803
38.7222 75776
38.7227 75803
38.7227 75776
38.7232 75803
38.7232 75776
38.7236 75803
38.7236 75776
38.7241 75803
38.7241 75776
38.7246 75803
38.7246 75776
38.7251 75803
38.7251 75776
38.7256 75803
38.7256 75776
38.726 75803
38.726 75776
38.7265 75803
38.7265 75776
38.727 75803
38.727 75776
38.7275 75803
38.7275 75776
38.728 75803
38.728 75776
38.7284 75803
38.7284 75776
38.7289 75803
38.7289 75776
38.7294 75803
38.7294 75776
38.7304 75803
38.7304 75776
38.7309 75803
38.7309 75776
38.7377 75803
38.7396 75830
38.7401 75857
38.7405 75884
38.741 75911
38.7415 75938
38.742 75965
38.7425 75992
38.7429 76019
38.7434 76046
38.7439 76073
38.7444 76100
38.7449 76127
38.7453 76154
38.7458 76181
38.7463 76208
38.7468 76235
38.7473 76262
38.7477 76289
38.7482 76316
38.7487 76343
38.7492 76370
38.7497 76397
38.7504 76424
38.7511 76451
38.7516 76478
38.7586 76505
38.7606 76532
38.761 76559
38.7615 76586
38.762 76613
38.7625 76640
38.763 76667
38.7634 76694
38.7639 76721
38.7644 76748
38.7649 76775
38.7654 76802
38.7658 76829
38.7663 76856
38.7668 76883
38.7673 76910
38.7678 76937
38.7682 76964
38.7687 76991
38.7692 77018
38.7697 77045
38.7702 77072
38.7706 77099
38.7714 77126
38.7721 77153
38.7726 77180
38.7796 77207
38.7815 77234
38.782 77261
38.7825 77288
38.783 77315
38.7835 77342
38.7839 77369
38.7844 77396
38.7849 77423
38.7854 77450
38.7859 77477
38.7863 77504
38.7868 77531
38.7873 77558
38.7878 77585
38.7883 77612
38.7887 77639
38.7892 77666
38.7897 77692
38.7902 77718
38.7907 77744
38.7911 77770
38.7916 77796
38.7921 77822
38.7931 77848
38.7935 77874
38.8001 77900
38.802 77926
38.8025 77952
38.803 77978
38.8035 78004
38.804 78030
38.8044 78056
38.8049 78082
38.8054 78108
38.8059 78134
38.8064 78160
38.8068 78186
38.8073 78212
38.8078 78238
38.8083 78264
38.8088 78290
38.8092 78316
38.8097 78342
38.8102 78368
38.8107 78394
38.8112 78420
38.8116 78446
38.8121 78472
38.8126 78498
38.8136 78524
38.814 78550
38.8206 78576
38.8225 78602
38.823 78628
38.8235 78654
38.824 78680
38.8245 78706
38.8249 78732
38.8254 78758
38.8259 78784
38.8264 78810
38.8269 78836
38.8273 78862
38.8278 78888
38.8283 78914
38.8288 78940
38.8293 78966
38.8297 78992
38.8302 79018
38.8307 79044
38.8312 79070
38.8317 79096
38.8321 79122
38.8326 79148
38.8331 79174
38.8341 79200
38.8345 79226
38.835 79252
38.8416 79278
38.8433 79304
38.8437 79330
38.8442 79356
38.8447 79382
38.8452 79408
38.8457 79434
38.8462 79460
38.8466 79486
38.8471 79512
38.8476 79538
38.8481 79564
38.8486 79590
38.849 79616
38.8495 79642
38.85 79668
38.8505 79694
38.851 79720
38.8514 79746
38.8519 79772
38.8524 79798
38.8529 79824
38.8534 79850
38.8538 79876
38.855 79902
38.8555 79928
38.856 79954
38.8627 79980
38.8644 80006
38.8649 80032
38.8654 80058
38.8659 80084
38.8663 80110
38.8668 80136
38.8673 80162
38.8678 80188
38.8683 80214
38.8687 80240
38.8692 80266
38.8697 80292
38.8702 80318
38.8707 80344
38.8711 80370
38.8716 80396
38.8721 80422
38.8726 80448
38.8731 80474
38.8735 80500
38.874 80526
38.8745 80552
38.875 80578
38.8757 80604
38.8764 80630
38.8769 80656
38.8834 80681
38.8851 80706
38.8856 80731
38.886 80756
38.8865 80781
38.887 80806
38.8875 80831
38.888 80856
38.8884 80881
38.8889 80906
38.8894 80931
38.8899 80956
38.8904 80981
38.8908 81006
38.8913 81031
38.8918 81056
38.8923 81081
38.8928 81106
38.8933 81131
38.8937 81156
38.8942 81181
38.8947 81206
38.8952 81231
38.8957 81256
38.8964 81281
38.8971 81306
38.8976 81331
38.9041 81356
38.906 81381
38.9065 81406
38.907 81431
38.9074 81456
38.9079 81481
38.9084 81506
38.9089 81531
38.9094 81556
38.9098 81581
38.9103 81606
38.9108 81631
38.9113 81656
38.9118 81681
38.9122 81706
38.9127 81731
38.9132 81756
38.9137 81781
38.9142 81806
38.9146 81831
38.9151 81856
38.9156 81881
38.9161 81906
38.9166 81931
38.9173 81956
38.918 81981
38.9185 82006
38.919 82031
38.9257 82056
38.9276 82081
38.9281 82106
38.9286 82131
38.9291 82156
38.9295 82181
38.93 82206
38.9305 82231
38.931 82256
38.9315 82281
38.9319 82306
38.9324 82331
38.9329 82356
38.9334 82381
38.9339 82406
38.9343 82431
38.9348 82456
38.9353 82481
38.9358 82506
38.9363 82531
38.9368 82556
38.9372 82581
38.9377 82606
38.9382 82631
38.9389 82656
38.9396 82681
38.9401 82706
38.9406 82731
38.9476 82756
38.9495 82781
38.95 82806
38.9504 82831
38.9509 82856
38.9514 82881
38.9519 82906
38.9524 82931
38.9529 82956
38.9533 82981
38.9538 83006
38.9543 83031
38.9548 83056
38.9553 83081
38.9557 83106
38.9562 83131
38.9567 83156
38.9572 83181
38.9577 83206
38.9581 83231
38.9586 83256
38.9591 83281
38.9596 83306
38.9601 83331
38.9605 83356
38.9615 83381
38.962 83406
38.9625 83431
38.9692 83456
38.9711 83481
38.9716 83506
38.9721 83531
38.9726 83556
38.973 83581
38.9735 83606
38.974 83631
38.9745 83656
38.975 83681
38.9754 83706
38.9759 83731
38.9764 83756
38.9769 83781
38.9774 83806
38.9778 83831
38.9783 83856
38.9788 83881
38.9793 83905
38.9798 83929
38.9802 83953
38.9807 83977
38.9812 84001
38.9817 84025
38.9822 84049
38.9831 84073
38.9836 84097
38.9841 84121
38.9908 84145
38.993 84169
38.9935 84193
38.9939 84217
38.9944 84241
38.9949 84265
38.9954 84289
38.9959 84313
38.9964 84337
38.9968 84361
38.9973 84385
38.9978 84409
38.9983 84433
38.9988 84457
38.9992 84481
38.9997 84505
39.0002 84529
39.0007 84553
39.0012 84577
39.0016 84601
39.0021 84625
39.0026 84649
39.0031 84673
39.0036 84697
39.004 84721
39.005 84745
39.0055 84769
39.006 84793
39.0064 84817
39.0134 84841
39.0156 84865
39.0161 84889
39.0165 84913
39.017 84937
39.0175 84961
39.018 84985
39.0185 85009
39.0189 85033
39.0194 85057
39.0199 85081
39.0204 85105
39.0209 85129
39.0213 85153
39.0218 85177
39.0223 85201
39.0228 85225
39.0233 85249
39.0237 85273
39.0242 85297
39.0247 85321
39.0252 85345
39.0257 85369
39.0262 85393
39.0266 85417
39.0276 85441
39.0281 85465
39.0286 85489
39.029 85513
39.036 85537
39.0384 85561
39.0389 85585
39.0394 85609
39.0398 85633
39.0403 85657
39.0408 85681
39.0413 85705
39.0418 85729
39.0423 85753
39.0427 85777
39.0432 85801
39.0437 85825
39.0442 85849
39.0447 85873
39.0451 85897
39.0456 85921
39.0461 85945
39.0466 85969
39.0471 85993
39.0475 86017
39.048 86041
39.0485 86065
39.049 86089
39.0495 86113
39.0504 86137
39.0509 86161
39.0514 86185
39.0519 86209
39.0586 86233
39.061 86257
39.0615 86281
39.062 86305
39.0624 86329
39.0629 86353
39.0634 86377
39.0639 86401
39.0644 86425
39.0648 86449
39.0653 86473
39.0658 86497
39.0663 86521
39.0668 86545
39.0672 86569
39.0677 86593
39.0682 86617
39.0687 86641
39.0692 86665
39.0696 86689
39.0701 86713
39.0706 86737
39.0711 86761
39.0716 86785
39.0721 86809
39.073 86833
39.0735 86857
39.074 86881
39.0745 86905
39.0812 86929
39.0836 86953
39.0843 86977
39.0848 87001
39.0853 87025
39.0857 87049
39.0862 87073
39.0867 87097
39.0872 87121
39.0877 87145
39.0882 87169
39.0886 87193
39.0891 87217
39.0896 87241
39.0901 87265
39.0906 87289
39.091 87313
39.0915 87337
39.092 87361
39.0925 87385
39.093 87408
39.0934 87431
39.0939 87454
39.0944 87477
39.0949 87500
39.0958 87523
39.0963 87546
39.0968 87569
39.0973 87592
39.0982 87615
39.1047 87638
39.1071 87661
39.1079 87684
39.1083 87707
39.1088 87730
39.1093 87753
39.1098 87776
39.1103 87799
39.1107 87822
39.1112 87845
39.1117 87868
39.1122 87891
39.1127 87914
39.1131 87937
39.1136 87960
39.1141 87983
39.1146 88006
39.1151 88029
39.1155 88052
39.116 88075
39.1165 88098
39.117 88121
39.1175 88144
39.118 88167
39.1184 88190
39.1194 88213
39.1199 88236
39.1204 88259
39.1208 88282
39.1218 88305
39.1283 88328
39.1307 88351
39.1317 88374
39.1321 88397
39.1326 88420
39.1331 88443
39.1336 88466
39.1341 88489
39.1345 88512
39.135 88535
39.1355 88558
39.136 88581
39.1365 88604
39.1369 88627
39.1374 88650
39.1379 88673
39.1384 88696
39.1389 88719
39.1393 88742
39.1398 88765
39.1403 88788
39.1408 88811
39.1413 88834
39.1417 88857
39.1422 88880
39.1432 88903
39.1437 88926
39.1441 88949
39.1446 88972
39.1456 88995
39.1521 89018
39.1542 89041
39.1552 89064
39.1557 89087
39.1562 89110
39.1566 89133
39.1571 89156
39.1576 89179
39.1581 89202
39.1586 89225
39.159 89248
39.1595 89271
39.16 89294
39.1605 89317
39.161 89340
39.1615 89363
39.1619 89386
39.1624 89409
39.1629 89432
39.1634 89455
39.1639 89478
39.1643 89501
39.1648 89524
39.1653 89547
39.1658 89570
39.1667 89593
39.1672 89616
39.1677 89639
39.1682 89662
39.1691 89685
39.1756 89708
39.1778 89731
39.1788 89754
39.1792 89777
39.1797 89800
39.1802 89823
39.1807 89846
39.1812 89869
39.1816 89892
39.1821 89915
39.1826 89938
39.1831 89961
39.1836 89984
39.184 90007
39.1845 90030
39.185 90053
39.1855 90076
39.186 90099
39.1864 90122
39.1869 90145
39.1874 90168
39.1879 90191
39.1884 90214
39.1888 90237
39.1893 90260
39.1903 90283
39.1908 90306
39.1912 90329
39.1917 90352
39.1929 90375
39.1994 90398
39.2016 90421
39.2025 90444
39.203 90467
39.2035 90490
39.204 90513
39.2045 90536
39.2049 90559
39.2054 90582
39.2059 90605
39.2064 90628
39.2069 90651
39.2074 90674
39.2078 90697
39.2083 90720
39.2088 90743
39.2093 90766
39.2098 90789
39.2102 90812
39.2107 90835
39.2112 90858
39.2117 90881
39.2122 90904
39.2126 90927
39.2131 90950
39.2141 90973
39.2146 90996
39.215 91019
39.2155 91042
39.2162 91065
39.2174 91088
39.2239 91111
39.2261 91134
39.2271 91157
39.2275 91180
39.228 91202
39.2285 91224
39.229 91246
39.2295 91268
39.2299 91290
39.2304 91312
39.2309 91334
39.2314 91356
39.2319 91378
39.2323 91400
39.2328 91422
39.2333 91444
39.2338 91466
39.2343 91488
39.2347 91510
39.2352 91532
39.2357 91554
39.2362 91576
39.2367 91598
39.2372 91620
39.2376 91642
39.2386 91664
39.2391 91686
39.2396 91708
39.24 91730
39.2408 91752
39.242 91774
39.2487 91796
39.2508 91818
39.2518 91840
39.2523 91862
39.2528 91884
39.2533 91906
39.2537 91928
39.2542 91950
39.2547 91972
39.2552 91994
39.2557 92016
39.2561 92038
39.2566 92060
39.2571 92082
39.2576 92104
39.2581 92126
39.2585 92148
39.259 92170
39.2595 92192
39.26 92214
39.2605 92236
39.2609 92258
39.2614 92280
39.2619 92302
39.2624 92324
39.2631 92346
39.2638 92368
39.2643 92390
39.2648 92412
39.2653 92434
39.2665 92456
39.2732 92478
39.2754 92500
39.2763 92522
39.2768 92544
39.2773 92566
39.2778 92588
39.2782 92610
39.2787 92632
39.2792 92654
39.2797 92676
39.2802 92698
39.2806 92720
39.2811 92742
39.2816 92764
39.2821 92786
39.2826 92808
39.2831 92830
39.2835 92852
39.284 92874
39.2845 92896
39.285 92918
39.2855 92940
39.2859 92962
39.2864 92984
39.2869 93006
39.2876 93028
39.2883 93050
39.2888 93072
39.2893 93094
39.2898 93116
39.291 93138
39.2977 93160
39.3001 93182
39.3011 93204
39.3016 93226
39.302 93248
39.3025 93270
39.303 93292
39.3035 93314
39.304 93336
39.3044 93358
39.3049 93380
39.3054 93402
39.3059 93424
39.3064 93446
39.3068 93468
39.3073 93490
39.3078 93512
39.3083 93534
39.3088 93556
39.3092 93578
39.3097 93600
39.3102 93622
39.3107 93644
39.3112 93666
39.3117 93688
39.3124 93710
39.3131 93732
39.3136 93754
39.3141 93776
39.3145 93798
39.3153 93820
39.3165 93842
39.3232 93864
39.3256 93886
39.3266 93908
39.327 93930
39.3275 93952
39.328 93974
39.3285 93996
39.329 94018
39.3294 94040
39.3299 94062
39.3304 94084
39.3309 94106
39.3314 94128
39.3318 94150
39.3323 94172
39.3328 94194
39.3333 94216
39.3338 94238
39.3342 94260
39.3347 94282
39.3352 94304
39.3357 94326
39.3362 94348
39.3366 94370
39.3371 94392
39.3376 94414
39.3381 94436
39.3386 94458
39.339 94480
39.3395 94502
39.34 94524
39.3405 94546
39.3442 94568
39.3466 94590
39.3475 94612
39.348 94634
39.3485 94656
39.349 94678
39.3495 94700
39.3499 94722
39.3504 94744
39.3509 94766
39.3514 94788
39.3519 94810
39.3523 94832
39.3528 94854
39.3533 94876
39.3538 94898
39.3543 94920
39.3547 94942
39.3552 94964
39.3557 94986
39.3562 95008
39.3567 95030
39.3571 95052
39.3576 95074
39.3581 95096
39.3586 95118
39.3591 95140
39.3595 95162
39.36 95184
39.3605 95206
39.361 95228
39.3615 95250
39.3647 95272
39.3671 95294
39.368 95316
39.3687 95337
39.3692 95358
39.3697 95379
39.3702 95400
39.3707 95421
39.3712 95442
39.3716 95463
39.3721 95484
39.3726 95505
39.3731 95526
39.3736 95547
39.374 95568
39.3745 95589
39.375 95610
39.3755 95631
39.376 95652
39.3764 95673
39.3769 95694
39.3774 95715
39.3779 95736
39.3784 95757
39.3788 95778
39.3793 95799
39.3798 95820
39.3803 95841
39.3808 95862
39.3812 95883
39.3817 95904
39.3822 95925
39.3852 95946
39.3876 95967
39.3885 95988
39.3892 96009
39.3897 96030
39.3902 96051
39.3907 96072
39.3912 96093
39.3916 96114
39.3921 96135
39.3926 96156
39.3931 96177
39.3936 96198
39.3941 96219
39.3945 96240
39.395 96261
39.3955 96282
39.396 96303
39.3965 96324
39.3969 96345
39.3974 96366
39.3979 96387
39.3984 96408
39.3989 96429
39.3993 96450
39.3998 96471
39.4003 96492
39.4008 96513
39.4013 96534
39.4017 96555
39.4022 96576
39.4027 96597
39.4032 96618
39.4061 96639
39.4088 96660
39.4097 96681
39.4102 96702
39.4107 96723
39.4112 96744
39.4117 96765
39.4121 96786
39.4126 96807
39.4131 96828
39.4136 96849
39.4141 96870
39.4145 96891
39.415 96912
39.4155 96933
39.416 96954
39.4165 96975
39.417 96996
39.4174 97017
39.4179 97038
39.4184 97059
39.4189 97080
39.4194 97101
39.4198 97122
39.4203 97143
39.4208 97164
39.4213 97185
39.4218 97206
39.4222 97227
39.4227 97248
39.4232 97269
39.4237 97290
39.4244 97311
39.4273 97332
39.4299 97353
39.4309 97374
39.4314 97395
39.4319 97416
39.4323 97437
39.4328 97458
39.4333 97479
39.4338 97500
39.4343 97521
39.4347 97542
39.4352 97563
39.4357 97584
39.4362 97605
39.4367 97626
39.4371 97647
39.4376 97668
39.4381 97689
39.4386 97710
39.4391 97731
39.4395 97752
39.44 97773
39.4405 97794
39.441 97815
39.4415 97836
39.4419 97857
39.4424 97878
39.4429 97899
39.4434 97920
39.4439 97941
39.4443 97962
39.4448 97983
39.4453 98004
39.4482 98025
39.4511 98046
39.452 98067
39.4528 98088
39.4532 98109
39.4537 98130
39.4542 98151
39.4547 98172
39.4552 98193
39.4556 98214
39.4561 98235
39.4566 98256
39.4571 98277
39.4576 98298
39.458 98319
39.4585 98340
39.459 98361
39.4595 98382
39.46 98403
39.4605 98424
39.4609 98445
39.4614 98466
39.4619 98487
39.4624 98508
39.4629 98529
39.4633 98550
39.4638 98571
39.4643 98592
39.4648 98613
39.4653 98634
39.4657 98655
39.4662 98676
39.4667 98697
39.4693 98718
39.4722 98739
39.4732 98760
39.4739 98781
39.4744 98802
39.4749 98823
39.4754 98844
39.4758 98865
39.4763 98886
39.4768 98907
39.4773 98928
39.4778 98949
39.4782 98970
39.4787 98991
39.4792 99012
39.4797 99033
39.4802 99054
39.4806 99075
39.4811 99096
39.4816 99117
39.4821 99138
39.4826 99159
39.483 99180
39.4835 99201
39.484 99222
39.4845 99243
39.485 99264
39.4854 99285
39.4859 99306
39.4864 99327
39.4869 99348
39.4874 99369
39.4878 99390
39.4886 99411
39.4912 99432
39.4941 99453
39.4953 99474
39.4958 99495
39.4963 99516
39.4967 99537
39.4972 99558
39.4977 99579
39.4982 99600
39.4987 99621
39.4991 99642
39.4996 99663
39.5001 99684
39.5006 99705
39.5011 99726
39.5015 99747
39.502 99768
39.5025 99789
39.503 99810
39.5035 99831
39.5039 99852
39.5044 99872
39.5049 99892
39.5054 99912
39.5059 99932
39.5064 99952
39.5068 99972
39.5073 99992
39.5078 100012
39.5083 100032
39.5088 100052
39.5092 100072
39.5097 100092
39.5107 100112
39.5133 100132
39.5162 100152
39.5174 100172
39.5179 100192
39.5184 100212
39.5188 100232
39.5193 100252
39.5198 100272
39.5203 100292
39.5208 100312
39.5213 100332
39.5217 100352
39.5222 100372
39.5227 100392
39.5232 100412
39.5237 100432
39.5241 100452
39.5246 100472
39.5251 100492
39.5256 100512
39.5261 100532
39.5265 100552
39.527 100572
39.5275 100592
39.528 100612
39.5285 100632
39.5289 100652
39.5294 100672
39.5299 100692
39.5304 100712
39.5309 100732
39.5313 100752
39.5318 100772
39.5325 100792
39.5352 100812
39.5383 100832
39.5395 100852
39.5402 100872
39.5407 100892
39.5412 100912
39.5417 100932
39.5422 100952
39.5426 100972
39.5431 100992
39.5436 101012
39.5441 101032
39.5446 101052
39.545 101072
39.5455 101092
39.546 101112
39.5465 101132
39.547 101152
39.5474 101172
39.5479 101192
39.5484 101212
39.5489 101232
39.5494 101252
39.5498 101272
39.5503 101292
39.5508 101312
39.5513 101332
39.5518 101352
39.5523 101372
39.5527 101392
39.5532 101412
39.5537 101432
39.5542 101452
39.5547 101472
39.5573 101492
39.5604 101512
39.5616 101532
39.5623 101552
39.5628 101572
39.5633 101592
39.5638 101612
39.5643 101632
39.5647 101652
39.5652 101672
39.5657 101692
39.5662 101712
39.5667 101732
39.5672 101752
39.5676 101772
39.5681 101792
39.5686 101812
39.5691 101832
39.5696 101852
39.57 101872
39.5705 101892
39.571 101912
39.5715 101932
39.572 101952
39.5724 101972
39.5729 101992
39.5734 102012
39.5739 102032
39.5744 102052
39.5748 102072
39.5753 102092
39.5758 102112
39.5763 102132
39.5768 102152
39.5777 102172
39.5801 102192
39.5833 102212
39.5845 102232
39.5852 102252
39.5857 102272
39.5861 102292
39.5866 102312
39.5871 102332
39.5876 102352
39.5881 102372
39.5885 102392
39.589 102412
39.5895 102432
39.59 102452
39.5905 102472
39.5909 102492
39.5914 102512
39.5919 102532
39.5924 102552
39.5929 102572
39.5933 102592
39.5938 102612
39.5943 102632
39.5948 102652
39.5953 102672
39.5958 102692
39.5962 102712
39.5967 102732
39.5972 102752
39.5977 102772
39.5982 102792
39.5986 102812
39.5991 102832
39.5998 102852
39.6008 102872
39.6032 102892
39.6063 102912
39.6075 102932
39.6082 102952
39.6087 102972
39.6092 102992
39.6097 103012
39.6102 103032
39.6107 103052
39.6111 103072
39.6116 103092
39.6121 103112
39.6126 103132
39.6131 103152
39.6135 103172
39.614 103192
39.6145 103212
39.615 103232
39.6155 103252
39.6159 103272
39.6164 103292
39.6169 103312
39.6174 103332
39.6179 103352
39.6183 103372
39.6188 103392
39.6193 103412
39.6198 103432
39.6203 103452
39.6207 103472
39.6212 103492
39.6217 103512
39.6222 103532
39.6227 103552
39.6236 103572
39.626 103592
39.6292 103612
39.6304 103632
39.6313 103652
39.632 103672
39.6325 103692
39.633 103712
39.6335 103732
39.634 103752
39.6344 103772
39.6349 103792
39.6354 103812
39.6359 103832
39.6364 103852
39.6368 103872
39.6373 103892
39.6378 103912
39.6383 103932
39.6388 103952
39.6392 103972
39.6397 103992
39.6402 104012
39.6407 104032
39.6412 104052
39.6417 104072
39.6421 104092
39.6426 104112
39.6431 104132
39.6436 104152
39.6441 104172
39.6445 104192
39.645 104212
39.6455 104232
39.646 104252
39.6467 104272
39.6491 104292
39.6522 104312
39.6534 104332
39.6544 104352
39.6551 104372
39.6556 104392
39.6561 104412
39.6566 104432
39.657 104452
39.6575 104472
39.658 104492
39.6585 104512
39.659 104532
39.6594 104552
39.6599 104572
39.6604 104592
39.6609 104612
39.6614 104632
39.6618 104652
39.6623 104672
39.6628 104692
39.6633 104712
39.6638 104732
39.6642 104752
39.6647 104772
39.6652 104792
39.6657 104812
39.6662 104832
39.6666 104852
39.6671 104871
39.6676 104890
39.6681 104909
39.6686 104928
39.669 104947
39.6698 104966
39.6705 104985
39.6729 105004
39.676 105023
39.6772 105042
39.6782 105061
39.6787 105080
39.6791 105099
39.6796 105118
39.6801 105137
39.6806 105156
39.6811 105175
39.6815 105194
39.682 105213
39.6825 105232
39.683 105251
39.6835 105270
39.6839 105289
39.6844 105308
39.6849 105327
39.6854 105346
39.6859 105365
39.6864 105384
39.6868 105403
39.6873 105422
39.6878 105441
39.6883 105460
39.6888 105479
39.6892 105498
39.6897 105517
39.6902 105536
39.6907 105555
39.6912 105574
39.6916 105593
39.6921 105612
39.6926 105631
39.6936 105650
39.6943 105669
39.6969 105688
39.7 105707
39.7013 105726
39.702 105745
39.7025 105764
39.7029 105783
39.7034 105802
39.7039 105821
39.7044 105840
39.7049 105859
39.7053 105878
39.7058 105897
39.7063 105916
39.7068 105935
39.7073 105954
39.7077 105973
39.7082 105992
39.7087 106011
39.7092 106030
39.7092 52224
39.7097 52264
39.7097 52224
39.7101 52264
39.7101 52224
39.7106 52264
39.7106 52224
39.7111 52264
39.7111 52224
39.7116 52264
39.7116 52224
39.7121 52264
39.7121 52224
39.7125 52264
39.7125 52224
39.713 52264
39.713 52224
39.7135 52264
39.7135 52224
39.714 52264
39.714 52224
39.7145 52264
39.7145 52224
39.7149 52264
39.7149 52224
39.7154 52264
39.7154 52224
39.7159 52264
39.7159 52224
39.7166 52264
39.7166 52224
39.7174 52264
39.7174 52224
39.7183 52264
39.7183 52224
39.721 52264
39.721 52224
39.7241 52264
39.7241 52224
39.725 52264
39.725 52224
39.726 52264
39.726 52224
39.7265 52264
39.7265 52224
39.727 52264
39.727 52224
39.7274 52264
39.7274 52224
39.7279 52264
39.7279 52224
39.7284 52264
39.7284 52224
39.7289 52264
39.7289 52224
39.7294 52264
39.7294 52224
39.7298 52264
39.7298 52224
39.7303 52264
39.7303 52224
39.7308 52264
39.7308 52224
39.7313 52264
39.7313 52224
39.7318 52264
39.7318 52224
39.7323 52264
39.7323 52224
39.7327 52264
39.7327 52224
39.7415 52264
39.7451 52304
39.746 52344
39.747 52384
39.7475 52424
39.7479 52463
39.7484 52502
39.7489 52541
39.7494 52580
39.7499 52619
39.7503 52658
39.7508 52697
39.7513 52736
39.7518 52775
39.7523 52814
39.7528 52853
39.7532 52892
39.7537 52931
39.7624 52970
39.766 53009
39.767 53048
39.7677 53087
39.7682 53126
39.7687 53165
39.7692 53204
39.7696 53243
39.7701 53282
39.7706 53321
39.7711 53360
39.7716 53399
39.772 53438
39.7725 53477
39.773 53516
39.7735 53555
39.774 53594
39.7745 53633
39.7834 53672
39.787 53711
39.788 53750
39.7885 53789
39.7889 53827
39.7894 53865
39.7899 53903
39.7904 53941
39.7909 53979
39.7913 54017
39.7918 54055
39.7923 54093
39.7928 54131
39.7933 54169
39.7937 54207
39.7942 54245
39.7947 54283
39.7952 54321
39.8039 54359
39.8075 54397
39.8085 54435
39.8092 54473
39.8097 54511
39.8102 54549
39.8106 54587
39.8111 54625
39.8116 54663
39.8121 54701
39.8126 54739
39.813 54777
39.8135 54815
39.814 54853
39.8145 54891
39.815 54929
39.8154 54967
39.8159 55005
39.8244 55043
39.828 55081
39.829 55119
39.8299 55157
39.8304 55195
39.8309 55232
39.8314 55269
39.8319 55306
39.8323 55343
39.8328 55380
39.8333 55417
39.8338 55454
39.8343 55491
39.8347 55528
39.8352 55565
39.8357 55602
39.8362 55639
39.8367 55676
39.8449 55713
39.8454 55750
39.849 55787
39.85 55824
39.8507 55861
39.8512 55898
39.8516 55935
39.8521 55972
39.8526 56009
39.8531 56046
39.8536 56083
39.854 56120
39.8545 56157
39.855 56194
39.8555 56231
39.856 56268
39.8564 56305
39.8569 56342
39.8574 56379
39.8656 56416
39.8664 56453
39.8702 56490
39.8712 56527
39.8717 56564
39.8721 56601
39.8726 56638
39.8731 56675
39.8736 56711
39.8741 56747
39.8745 56783
39.875 56819
39.8755 56855
39.876 56891
39.8765 56927
39.8769 56963
39.8774 56999
39.8779 57035
39.8784 57071
39.8864 57107
39.8873 57143
39.8912 57179
39.8919 57215
39.8926 57251
39.8931 57287
39.8936 57323
39.8941 57359
39.8946 57395
39.895 57431
39.8955 57467
39.896 57503
39.8965 57539
39.897 57575
39.8974 57611
39.8979 57647
39.8984 57683
39.8989 57719
39.8994 57755
39.9069 57791
39.9078 57827
39.9119 57863
39.9126 57899
39.9136 57935
39.9141 57971
39.9146 58007
39.9151 58043
39.9155 58079
39.916 58115
39.9165 58151
39.917 58187
39.9175 58223
39.9179 58259
39.9184 58294
39.9189 58329
39.9194 58364
39.9199 58399
39.9203 58434
39.9274 58469
39.9283 58504
39.9324 58539
39.9331 58574
39.9341 58609
39.9346 58644
39.9351 58679
39.9355 58714
39.936 58749
39.9365 58784
39.937 58819
39.9375 58854
39.938 58889
39.9384 58924
39.9389 58959
39.9394 58994
39.9399 59029
39.9404 59064
39.9408 59099
39.9413 59134
39.9481 59169
39.9491 59204
39.9532 59239
39.9539 59274
39.9548 59309
39.9553 59344
39.9558 59379
39.9563 59414
39.9568 59449
39.9572 59484
39.9577 59519
39.9582 59554
39.9587 59589
39.9592 59624
39.9597 59659
39.9601 59694
39.9606 59729
39.9611 59764
39.9616 59799
39.9621 59834
39.9689 59869
39.9698 59904
39.9739 59939
39.9746 59973
39.9756 60007
39.9761 60041
39.9765 60075
39.977 60109
39.9775 60143
39.978 60177
39.9785 60211
39.9789 60245
39.9794 60279
39.9799 60313
39.9804 60347
39.9809 60381
39.9814 60415
39.9818 60449
39.9823 60483
39.9828 60517
39.9894 60551
39.9903 60585
39.9944 60619
39.9951 60653
39.9961 60687
39.9966 60721
39.997 60755
39.9975 60789
39.998 60823
39.9985 60857
39.999 60891
39.9994 60925
39.9999 60959
40.0004 60993
40.0009 61027
40.0014 61061
40.0019 61095
40.0023 61129
40.0028 61163
40.0033 61197
40.0099 61231
40.0108 61265
40.0149 61299
40.0156 61333
40.0166 61367
40.0171 61401
40.0175 61435
40.018 61469
40.0185 61503
40.019 61537
40.0195 61571
40.0199 61605
40.0204 61639
40.0209 61673
40.0214 61706
40.0219 61739
40.0223 61772
40.0228 61805
40.0233 61838
40.0238 61871
40.0243 61904
40.0306 61937
40.0316 61970
40.0356 62003
40.0364 62036
40.0373 62069
40.0378 62102
40.0383 62135
40.0388 62168
40.0392 62201
40.0397 62234
40.0402 62267
40.0407 62300
40.0412 62333
40.0416 62366
40.0421 62399
40.0426 62432
40.0431 62465
40.0436 62498
40.044 62531
40.0445 62564
40.045 62597
40.0513 62630
40.0523 62663
40.0564 62696
40.0571 62729
40.0581 62762
40.0585 62795
40.059 62828
40.0595 62861
40.06 62894
40.0605 62927
40.0609 62960
40.0614 62993
40.0619 63026
40.0624 63059
40.0629 63092
40.0634 63125
40.0638 63158
40.0643 63191
40.0648 63224
40.0653 63257
40.0658 63290
40.0718 63323
40.0728 63356
40.0769 63389
40.0776 63422
40.0786 63455
40.079 63488
40.0795 63521
40.08 63554
40.0805 63586
40.081 63618
40.0814 63650
40.0819 63682
40.0824 63714
40.0829 63746
40.0834 63778
40.0838 63810
40.0843 63842
40.0848 63874
40.0853 63906
40.0858 63938
40.0863 63970
40.0923 64002
40.0933 64034
40.0974 64066
40.0981 64098
40.0991 64130
40.0995 64162
40.1 64194
40.1005 64226
40.101 64258
40.1015 64290
40.1019 64322
40.1024 64354
40.1029 64386
40.1034 64418
40.1039 64450
40.1043 64482
40.1048 64514
40.1053 64546
40.1058 64578
40.1063 64610
40.1067 64642
40.1072 64674
40.1131 64706
40.114 64738
40.1181 64770
40.1188 64802
40.1198 64834
40.1203 64866
40.1208 64898
40.1212 64930
40.1217 64962
40.1222 64994
40.1227 65026
40.1232 65058
40.1236 65090
40.1241 65122
40.1246 65154
40.1251 65186
40.1256 65218
40.126 65250
40.1265 65282
40.127 65314
40.1275 65346
40.128 65378
40.1338 65410
40.1348 65442
40.1388 65474
40.1396 65506
40.1405 65538
40.141 65569
40.1415 65600
40.142 65631
40.1425 65662
40.1429 65693
40.1434 65724
40.1439 65755
40.1444 65786
40.1449 65817
40.1453 65848
40.1458 65879
40.1463 65910
40.1468 65941
40.1473 65972
40.1477 66003
40.1482 66034
40.1487 66065
40.1543 66096
40.1553 66127
40.1593 66158
40.1601 66189
40.161 66220
40.1615 66251
40.162 66282
40.1625 66313
40.1629 66344
40.1634 66375
40.1639 66406
40.1644 66437
40.1649 66468
40.1654 66499
40.1658 66530
40.1663 66561
40.1668 66592
40.1673 66623
40.1678 66654
40.1682 66685
40.1687 66716
40.1692 66747
40.1748 66778
40.1758 66809
40.1798 66840
40.1806 66871
40.1815 66902
40.182 66933
40.1825 66964
40.183 66995
40.1834 67026
40.1839 67057
40.1844 67088
40.1849 67119
40.1854 67150
40.1859 67181
40.1863 67212
40.1868 67243
40.1873 67274
40.1878 67305
40.1883 67336
40.1887 67367
40.1892 67398
40.1897 67429
40.1902 67460
40.1955 67491
40.1965 67522
40.2006 67553
40.2013 67584
40.2023 67615
40.2027 67646
40.2032 67676
40.2037 67706
40.2042 67736
40.2047 67766
40.2052 67796
40.2056 67826
40.2061 67856
40.2066 67886
40.2071 67916
40.2076 67946
40.208 67976
40.2085 68006
40.209 68036
40.2095 68066
40.21 68096
40.2104 68126
40.2109 68156
40.2163 68186
40.2172 68216
40.2213 68246
40.222 68276
40.223 68306
40.2235 68336
40.224 68366
40.2244 68396
40.2249 68426
40.2254 68456
40.2259 68486
40.2264 68516
40.2269 68546
40.2273 68576
40.2278 68606
40.2283 68636
40.2288 68666
40.2293 68696
40.2297 68726
40.2302 68756
40.2307 68786
40.2312 68816
40.2317 68846
40.2368 68876
40.2377 68906
40.2418 68936
40.2425 68966
40.2435 68996
40.244 69026
40.2445 69056
40.2449 69086
40.2454 69116
40.2459 69146
40.2464 69176
40.2469 69206
40.2474 69236
40.2478 69266
40.2483 69296
40.2488 69326
40.2493 69356
40.2498 69386
40.2502 69416
40.2507 69446
40.2512 69476
40.2517 69506
40.2522 69536
40.2573 69566
40.2582 69596
40.2623 69626
40.263 69656
40.264 69686
40.2645 69716
40.265 69746
40.2654 69776
40.2659 69806
40.2664 69836
40.2669 69866
40.2674 69896
40.2678 69925
40.2683 69954
40.2688 69983
40.2693 70012
40.2698 70041
40.2703 70070
40.2707 70099
40.2712 70128
40.2717 70157
40.2722 70186
40.2727 70215
40.2731 70244
40.278 70273
40.279 70302
40.2831 70331
40.2838 70360
40.2847 70389
40.2852 70418
40.2857 70447
40.2862 70476
40.2867 70505
40.2871 70534
40.2876 70563
40.2881 70592
40.2886 70621
40.2891 70650
40.2895 70679
40.29 70708
40.2905 70737
40.291 70766
40.2915 70795
40.292 70824
40.2924 70853
40.2929 70882
40.2934 70911
40.2939 70940
40.2987 70969
40.2997 70998
40.3038 71027
40.3045 71056
40.3055 71085
40.306 71114
40.3064 71143
40.3069 71172
40.3074 71201
40.3079 71230
40.3084 71259
40.3088 71288
40.3093 71317
40.3098 71346
40.3103 71375
40.3108 71404
40.3112 71433
40.3117 71462
40.3122 71491
40.3127 71520
40.3132 71549
40.3137 71578
40.3141 71607
40.3146 71636
40.3195 71665
40.3202 71694
40.3243 71723
40.325 71752
40.326 71781
40.3265 71810
40.3269 71839
40.3274 71868
40.3279 71897
40.3284 71926
40.3289 71955
40.3293 71984
40.3298 72013
40.3303 72042
40.3308 72071
40.3313 72100
40.3317 72129
40.3322 72158
40.3327 72187
40.3332 72216
40.3337 72245
40.3341 72274
40.3346 72303
40.3351 72331
40.34 72359
40.3407 72387
40.3448 72415
40.3455 72443
40.3465 72471
40.347 72499
40.3474 72527
40.3479 72555
40.3484 72583
40.3489 72611
40.3494 72639
40.3498 72667
40.3503 72695
40.3508 72723
40.3513 72751
40.3518 72779
40.3522 72807
40.3527 72835
40.3532 72863
40.3537 72891
40.3542 72919
40.3546 72947
40.3551 72975
40.3556 73003
40.3605 73031
40.3612 73059
40.3653 73087
40.3658 73115
40.3662 73143
40.3672 73171
40.3677 73199
40.3682 73227
40.3686 73255
40.3691 73283
40.3696 73311
40.3701 73339
40.3706 73367
40.3711 73395
40.3715 73423
40.372 73451
40.3725 73479
40.373 73507
40.3735 73535
40.3739 73563
40.3744 73591
40.3749 73619
40.3754 73647
40.3759 73675
40.3763 73703
40.3812 73731
40.3819 73759
40.386 73787
40.3865 73815
40.387 73843
40.3879 73871
40.3884 73899
40.3889 73927
40.3894 73955
40.3899 73983
40.3903 74011
40.3908 74039
40.3913 74067
40.3918 74095
40.3923 74123
40.3928 74151
40.3932 74179
40.3937 74207
40.3942 74235
40.3947 74263
40.3952 74291
40.3956 74319
40.3961 74347
40.3966 74375
40.3971 74403
40.402 74431
40.4027 74459
40.4068 74487
40.4072 74515
40.4077 74543
40.4087 74571
40.4092 74599
40.4096 74627
40.4101 74655
40.4106 74683
40.4111 74711
40.4116 74739
40.412 74767
40.4125 74795
40.413 74823
40.4135 74851
40.414 74879
40.4145 74907
40.4149 74934
40.4154 74961
40.4159 74988
40.4164 75015
40.4169 75042
40.4173 75069
40.4178 75096
40.4225 75123
40.4232 75150
40.4273 75177
40.4277 75204
40.4282 75231
40.4292 75258
40.4297 75285
40.4301 75312
40.4306 75339
40.4311 75366
40.4316 75393
40.4321 75420
40.4325 75447
40.433 75474
40.4335 75501
40.434 75528
40.4345 75555
40.4349 75582
40.4354 75609
40.4359 75636
40.4364 75663
40.4369 75690
40.4374 75717
40.4378 75744
40.4383 75771
40.443 75798
40.4437 75825
40.4478 75852
40.4482 75879
40.4487 75906
40.4497 75933
40.4502 75960
40.4506 75987
40.4511 76014
40.4516 76041
40.4521 76068
40.4526 76095
40.453 76122
40.4535 76149
40.454 76176
40.4545 76203
40.455 76230
40.4554 76257
40.4559 76284
40.4564 76311
40.4569 76338
40.4574 76365
40.4579 76392
40.4583 76419
40.4588 76446
40.4593 76473
40.4637 76500
40.4644 76527
40.4685 76554
40.469 76581
40.4695 76608
40.4704 76635
40.4709 76662
40.4714 76689
40.4719 76716
40.4723 76743
40.4728 76770
40.4733 76797
40.4738 76824
40.4743 76851
40.4747 76878
40.4752 76905
40.4757 76932
40.4762 76959
40.4767 76986
40.4771 77013
40.4776 77040
40.4781 77067
40.4786 77094
40.4791 77121
40.4796 77148
40.48 77175
40.4844 77202
40.4851 77229
40.4892 77256
40.4897 77283
40.4902 77310
40.4912 77337
40.4916 77364
40.4921 77391
40.4926 77418
40.4931 77445
40.4936 77472
40.494 77499
40.4945 77526
40.495 77553
40.4955 77580
40.496 77607
40.4964 77634
40.4969 77661
40.4974 77687
40.4979 77713
40.4984 77739
40.4988 77765
40.4993 77791
40.4998 77817
40.5003 77843
40.5008 77869
40.5049 77895
40.5056 77921
40.5097 77947
40.5102 77973
40.5107 77999
40.5117 78025
40.5121 78051
40.5126 78077
40.5131 78103
40.5136 78129
40.5141 78155
40.5145 78181
40.515 78207
40.5155 78233
40.516 78259
40.5165 78285
40.5169 78311
40.5174 78337
40.5179 78363
40.5184 78389
40.5189 78415
40.5193 78441
40.5198 78467
40.5203 78493
40.5208 78519
40.5213 78545
40.5254 78571
40.5261 78597
40.5302 78623
40.5307 78649
40.5312 78675
40.5322 78701
40.5326 78727
40.5331 78753
40.5336 78779
40.5341 78805
40.5346 78831
40.535 78857
40.5355 78883
40.536 78909
40.5365 78935
40.537 78961
40.5374 78987
40.5379 79013
40.5384 79039
40.5389 79065
40.5394 79091
40.5398 79117
40.5403 79143
40.5408 79169
40.5413 79195
40.5418 79221
40.5422 79247
40.5462 79273
40.5469 79299
40.551 79325
40.5514 79351
40.5519 79377
40.5529 79403
40.5534 79429
40.5539 79455
40.5543 79481
40.5548 79507
40.5553 79533
40.5558 79559
40.5563 79585
40.5567 79611
40.5572 79637
40.5577 79663
40.5582 79689
40.5587 79715
40.5591 79741
40.5596 79767
40.5601 79793
40.5606 79819
40.5611 79845
40.5615 79871
40.562 79897
40.5625 79923
40.563 79949
40.5669 79975
40.5676 80001
40.5717 80027
40.5722 80053
40.5727 80079
40.5736 80105
40.5741 80131
40.5746 80157
40.5751 80183
40.5756 80209
40.576 80235
40.5765 80261
40.577 80287
40.5775 80313
40.578 80339
40.5784 80365
40.5789 80391
40.5794 80417
40.5799 80443
40.5804 80469
40.5808 80495
40.5813 80521
40.5818 80547
40.5823 80573
40.5828 80599
40.5832 80625
40.5837 80651
40.5874 80676
40.5881 80701
40.5922 80726
40.5927 80751
40.5932 80776
40.5941 80801
40.5946 80826
40.5951 80851
40.5956 80876
40.596 80901
40.5965 80926
40.597 80951
40.5975 80976
40.598 81001
40.5985 81026
40.5989 81051
40.5994 81076
40.5999 81101
40.6004 81126
40.6009 81151
40.6013 81176
40.6018 81201
40.6023 81226
40.6028 81251
40.6033 81276
40.6037 81301
40.6042 81326
40.6079 81351
40.6086 81376
40.6127 81401
40.6132 81426
40.6137 81451
40.6146 81476
40.6151 81501
40.6156 81526
40.6161 81551
40.6165 81576
40.617 81601
40.6175 81626
40.618 81651
40.6185 81676
40.619 81701
40.6194 81726
40.6199 81751
40.6204 81776
40.6209 81801
40.6214 81826
40.6218 81851
40.6223 81876
40.6228 81901
40.6233 81926
40.6238 81951
40.6242 81976
40.6247 82001
40.6252 82026
40.6286 82051
40.6294 82076
40.6334 82101
40.6339 82126
40.6344 82151
40.6354 82176
40.6358 82201
40.6363 82226
40.6368 82251
40.6373 82276
40.6378 82301
40.6382 82326
40.6387 82351
40.6392 82376
40.6397 82401
40.6402 82426
40.6406 82451
40.6411 82476
40.6416 82501
40.6421 82526
40.6426 82551
40.6431 82576
40.6435 82601
40.644 82626
40.6445 82651
40.645 82676
40.6455 82701
40.6459 82726
40.6494 82751
40.6501 82776
40.6542 82801
40.6547 82826
40.6551 82851
40.6561 82876
40.6566 82901
40.6571 82926
40.6575 82951
40.658 82976
40.6585 83001
40.659 83026
40.6595 83051
40.6599 83076
40.6604 83101
40.6609 83126
40.6614 83151
40.6619 83176
40.6623 83201
40.6628 83226
40.6633 83251
40.6638 83276
40.6643 83301
40.6648 83326
40.6652 83351
40.6657 83376
40.6662 83401
40.6667 83426
40.6699 83451
40.6706 83476
40.6747 83501
40.6752 83526
40.6756 83551
40.6766 83576
40.6771 83601
40.6776 83626
40.678 83651
40.6785 83676
40.679 83701
40.6795 83726
40.68 83751
40.6804 83776
40.6809 83801
40.6814 83826
40.6819 83851
40.6824 83876
40.6828 83900
40.6833 83924
40.6838 83948
40.6843 83972
40.6848 83996
40.6853 84020
40.6857 84044
40.6862 84068
40.6867 84092
40.6872 84116
40.6904 84140
40.6911 84164
40.6952 84188
40.6957 84212
40.6961 84236
40.6971 84260
40.6976 84284
40.6981 84308
40.6985 84332
40.699 84356
40.6995 84380
40.7 84404
40.7005 84428
40.7009 84452
40.7014 84476
40.7019 84500
40.7024 84524
40.7029 84548
40.7033 84572
40.7038 84596
40.7043 84620
40.7048 84644
40.7053 84668
40.7057 84692
40.7062 84716
40.7067 84740
40.7072 84764
40.7077 84788
40.7082 84812
40.7111 84836
40.7111 67072
40.7118 67103
40.7118 67072
40.7159 67103
40.7159 67072
40.7164 67103
40.7164 67072
40.7169 67103
40.7169 67072
40.7178 67103
40.7178 67072
40.7183 67103
40.7183 67072
40.7188 67103
40.7188 67072
40.7193 67103
40.7193 67072
40.7198 67103
40.7198 67072
40.7202 67103
40.7202 67072
40.7207 67103
40.7207 67072
40.7212 67103
40.7212 67072
40.7217 67103
40.7217 67072
40.7222 67103
40.7222 67072
40.7226 67103
40.7226 67072
40.7231 67103
40.7231 67072
40.7236 67103
40.7236 67072
40.7241 67103
40.7241 67072
40.7246 67103
40.7246 67072
40.725 67103
40.725 67072
40.7255 67103
40.7255 67072
40.726 67103
40.726 67072
40.7265 67103
40.7265 67072
40.727 67103
40.727 67072
40.7274 67103
40.7274 67072
40.7279 67103
40.7279 67072
40.7284 67103
40.7284 67072
40.7289 67103
40.7289 67072
40.7391 67103
40.7395 67134
40.74 67165
40.7405 67196
40.741 67227
40.7415 67258
40.7419 67289
40.7424 67320
40.7429 67351
40.7434 67382
40.7439 67413
40.7443 67444
40.7448 67475
40.7453 67506
40.7458 67537
40.7463 67568
40.7467 67599
40.7472 67630
40.7477 67661
40.7482 67691
40.7487 67721
40.7491 67751
40.7496 67781
40.7598 67811
40.7603 67841
40.7608 67871
40.7612 67901
40.7617 67931
40.7622 67961
40.7627 67991
40.7632 68021
40.7636 68051
40.7641 68081
40.7646 68111
40.7651 68141
40.7656 68171
40.766 68201
40.7665 68231
40.767 68261
40.7675 68291
40.768 68321
40.7684 68351
40.7689 68381
40.7694 68411
40.7699 68441
40.7704 68471
40.7805 68501
40.781 68531
40.7815 68561
40.782 68591
40.7825 68621
40.7829 68651
40.7834 68681
40.7839 68711
40.7844 68741
40.7849 68771
40.7853 68801
40.7858 68831
40.7863 68861
40.7868 68891
40.7873 68921
40.7877 68951
40.7882 68981
40.7887 69011
40.7892 69041
40.7897 69071
40.7901 69101
40.7906 69131
40.7911 69161
40.801 69191
40.8015 69221
40.802 69251
40.8025 69281
40.803 69311
40.8034 69341
40.8039 69371
40.8044 69401
40.8049 69431
40.8054 69461
40.8058 69491
40.8063 69521
40.8068 69551
40.8073 69581
40.8078 69611
40.8082 69641
40.8087 69671
40.8092 69701
40.8097 69731
40.8102 69761
40.8106 69791
40.8111 69821
40.8116 69851
40.8215 69881
40.822 69911
40.8225 69940
40.823 69969
40.8234 69998
40.8239 70027
40.8244 70056
40.8249 70085
40.8254 70114
40.8259 70143
40.8263 70172
40.8268 70201
40.8273 70230
40.8278 70259
40.8283 70288
40.8287 70317
40.8292 70346
40.8297 70375
40.8302 70404
40.8307 70433
40.8311 70462
40.8316 70491
40.8321 70520
40.8326 70549
40.8423 70578
40.8427 70607
40.8432 70636
40.8437 70665
40.8442 70694
40.8447 70723
40.8451 70752
40.8456 70781
40.8461 70810
40.8466 70839
40.8471 70868
40.8476 70897
40.848 70926
40.8485 70955
40.849 70984
40.8495 71013
40.85 71042
40.8504 71071
40.8509 71100
40.8514 71129
40.8519 71158
40.8524 71187
40.8528 71216
40.8533 71245
40.863 71274
40.8635 71303
40.864 71332
40.8644 71361
40.8649 71390
40.8654 71419
40.8659 71448
40.8664 71477
40.8668 71506
40.8673 71535
40.8678 71564
40.8683 71593
40.8688 71622
40.8693 71651
40.8697 71680
40.8702 71709
40.8707 71738
40.8712 71767
40.8717 71796
40.8721 71825
40.8726 71854
40.8731 71883
40.8736 71912
40.8741 71941
40.8835 71970
40.884 71999
40.8845 72028
40.8849 72057
40.8854 72086
40.8859 72115
40.8864 72144
40.8869 72173
40.8873 72202
40.8878 72231
40.8883 72260
40.8888 72289
40.8893 72318
40.8897 72346
40.8902 72374
40.8907 72402
40.8912 72430
40.8917 72458
40.8922 72486
40.8926 72514
40.8931 72542
40.8936 72570
40.8941 72598
40.8946 72626
40.904 72654
40.9045 72682
40.905 72710
40.9054 72738
40.9059 72766
40.9064 72794
40.9069 72822
40.9074 72850
40.9078 72878
40.9083 72906
40.9088 72934
40.9093 72962
40.9098 72990
40.9102 73018
40.9107 73046
40.9112 73074
40.9117 73102
40.9122 73130
40.9127 73158
40.9131 73186
40.9136 73214
40.9141 73242
40.9146 73270
40.9151 73298
40.9155 73326
40.9247 73354
40.9252 73382
40.9257 73410
40.9262 73438
40.9267 73466
40.9271 73494
40.9276 73522
40.9281 73550
40.9286 73578
40.9291 73606
40.9295 73634
40.93 73662
40.9305 73690
40.931 73718
40.9315 73746
40.9319 73774
40.9324 73802
40.9329 73830
40.9334 73858
40.9339 73886
40.9343 73914
40.9348 73942
40.9353 73970
40.9358 73998
40.9363 74026
40.9455 74054
40.946 74082
40.9464 74110
40.9469 74138
40.9474 74166
40.9479 74194
40.9484 74222
40.9488 74250
40.9493 74278
40.9498 74306
40.9503 74334
40.9508 74362
40.9512 74390
40.9517 74418
40.9522 74446
40.9527 74474
40.9532 74502
40.9536 74530
40.9541 74558
40.9546 74586
40.9551 74614
40.9556 74642
40.956 74670
40.9565 74698
40.957 74726
40.966 74754
40.9665 74782
40.9669 74810
40.9674 74838
40.9679 74866
40.9684 74894
40.9689 74921
40.9693 74948
40.9698 74975
40.9703 75002
40.9708 75029
40.9713 75056
40.9717 75083
40.9722 75110
40.9727 75137
40.9732 75164
40.9737 75191
40.9741 75218
40.9746 75245
40.9751 75272
40.9756 75299
40.9761 75326
40.9765 75353
40.977 75380
40.9775 75407
40.9865 75434
40.987 75461
40.9874 75488
40.9879 75515
40.9884 75542
40.9889 75569
40.9894 75596
40.9898 75623
40.9903 75650
40.9908 75677
40.9913 75704
40.9918 75731
40.9922 75758
40.9927 75785
40.9932 75812
40.9937 75839
40.9942 75866
40.9946 75893
40.9951 75920
40.9956 75947
40.9961 75974
40.9966 76001
40.997 76028
40.9975 76055
40.998 76082
40.9985 76109
41.0072 76136
41.0077 76163
41.0082 76190
41.0087 76217
41.0091 76244
41.0096 76271
41.0101 76298
41.0106 76325
41.0111 76352
41.0115 76379
41.012 76406
41.0125 76433
41.013 76460
41.0135 76487
41.0139 76514
41.0144 76541
41.0149 76568
41.0154 76595
41.0159 76622
41.0163 76649
41.0168 76676
41.0173 76703
41.0178 76730
41.0183 76757
41.0187 76784
41.0192 76811
41.0279 76838
41.0284 76865
41.0289 76892
41.0294 76919
41.0299 76946
41.0304 76973
41.0308 77000
41.0313 77027
41.0318 77054
41.0323 77081
41.0328 77108
41.0332 77135
41.0337 77162
41.0342 77189
41.0347 77216
41.0352 77243
41.0356 77270
41.0361 77297
41.0366 77324
41.0371 77351
41.0376 77378
41.038 77405
41.0385 77432
41.039 77459
41.0395 77486
41.04 77513
41.0484 77540
41.0489 77567
41.0494 77594
41.0499 77621
41.0504 77648
41.0508 77675
41.0513 77701
41.0518 77727
41.0523 77753
41.0528 77779
41.0533 77805
41.0537 77831
41.0542 77857
41.0547 77883
41.0552 77909
41.0557 77935
41.0561 77961
41.0566 77987
41.0571 78013
41.0576 78039
41.0581 78065
41.0585 78091
41.059 78117
41.0595 78143
41.06 78169
41.0605 78195
41.0689 78221
41.0694 78247
41.0699 78273
41.0704 78299
41.0709 78325
41.0713 78351
41.0718 78377
41.0723 78403
41.0728 78429
41.0733 78455
41.0737 78481
41.0742 78507
41.0747 78533
41.0752 78559
41.0757 78585
41.0762 78611
41.0766 78637
41.0771 78663
41.0776 78689
41.0781 78715
41.0786 78741
41.079 78767
41.0795 78793
41.08 78819
41.0805 78845
41.081 78871
41.0814 78897
41.0897 78923
41.0902 78949
41.0906 78975
41.0911 79001
41.0916 79027
41.0921 79053
41.0926 79079
41.093 79105
41.0935 79131
41.094 79157
41.0945 79183
41.095 79209
41.0954 79235
41.0959 79261
41.0964 79287
41.0969 79313
41.0974 79339
41.0979 79365
41.0983 79391
41.0988 79417
41.0993 79443
41.0998 79469
41.1003 79495
41.1007 79521
41.1012 79547
41.1017 79573
41.1022 79599
41.1104 79625
41.1109 79651
41.1114 79677
41.1119 79703
41.1123 79729
41.1128 79755
41.1133 79781
41.1138 79807
41.1143 79833
41.1147 79859
41.1152 79885
41.1157 79911
41.1162 79937
41.1167 79963
41.1171 79989
41.1176 80015
41.1181 80041
41.1186 80067
41.1191 80093
41.1196 80119
41.12 80145
41.1205 80171
41.121 80197
41.1215 80223
41.122 80249
41.1224 80275
41.1229 80301
41.1312 80327
41.1316 80353
41.1321 80379
41.1326 80405
41.1331 80431
41.1336 80457
41.134 80483
41.1345 80509
41.135 80535
41.1355 80561
41.136 80587
41.1364 80613
41.1369 80639
41.1374 80665
41.1379 80690
41.1384 80715
41.1388 80740
41.1393 80765
41.1398 80790
41.1403 80815
41.1408 80840
41.1413 80865
41.1417 80890
41.1422 80915
41.1427 80940
41.1432 80965
41.1437 80990
41.1517 81015
41.1521 81040
41.1526 81065
41.1531 81090
41.1536 81115
41.1541 81140
41.1545 81165
41.155 81190
41.1555 81215
41.156 81240
41.1565 81265
41.1569 81290
41.1574 81315
41.1579 81340
41.1584 81365
41.1589 81390
41.1593 81415
41.1598 81440
41.1603 81465
41.1608 81490
41.1613 81515
41.1617 81540
41.1622 81565
41.1627 81590
41.1632 81615
41.1637 81640
41.1642 81665
41.1722 81690
41.1726 81715
41.1731 81740
41.1736 81765
41.1741 81790
41.1746 81815
41.175 81840
41.1755 81865
41.176 81890
41.1765 81915
41.177 81940
41.1774 81965
41.1779 81990
41.1784 82015
41.1789 82040
41.1794 82065
41.1798 82090
41.1803 82115
41.1808 82140
41.1813 82165
41.1818 82190
41.1822 82215
41.1827 82240
41.1832 82265
41.1837 82290
41.1842 82315
41.1847 82340
41.1851 82365
41.1929 82390
41.1934 82415
41.1939 82440
41.1943 82465
41.1948 82490
41.1953 82515
41.1958 82540
41.1963 82565
41.1967 82590
41.1972 82615
41.1977 82640
41.1982 82665
41.1987 82690
41.1991 82715
41.1996 82740
41.2001 82765
41.2006 82790
41.2011 82815
41.2015 82840
41.202 82865
41.2025 82890
41.203 82915
41.2035 82940
41.2039 82965
41.2044 82990
41.2049 83015
41.2054 83040
41.2059 83065
41.2136 83090
41.2141 83115
41.2146 83140
41.2151 83165
41.2156 83190
41.216 83215
41.2165 83240
41.217 83265
41.2175 83290
41.218 83315
41.2184 83340
41.2189 83365
41.2194 83390
41.2199 83415
41.2204 83440
41.2208 83465
41.2213 83490
41.2218 83515
41.2223 83540
41.2228 83565
41.2232 83590
41.2237 83615
41.2242 83640
41.2247 83665
41.2252 83690
41.2256 83715
41.2261 83740
41.2266 83765
41.2341 83790
41.2346 83815
41.2351 83840
41.2356 83865
41.2361 83890
41.2365 83914
41.237 83938
41.2375 83962
41.238 83986
41.2385 84010
41.2389 84034
41.2394 84058
41.2399 84082
41.2404 84106
41.2409 84130
41.2413 84154
41.2418 84178
41.2423 84202
41.2428 84226
41.2433 84250
41.2437 84274
41.2442 84298
41.2447 84322
41.2452 84346
41.2457 84370
41.2461 84394
41.2466 84418
41.2471 84442
41.2546 84466
41.2551 84490
41.2556 84514
41.2561 84538
41.2565 84562
41.257 84586
41.2575 84610
41.258 84634
41.2585 84658
41.259 84682
41.2594 84706
41.2599 84730
41.2604 84754
41.2609 84778
41.2614 84802
41.2618 84826
41.2623 84850
41.2628 84874
41.2633 84898
41.2638 84922
41.2642 84946
41.2647 84970
41.2652 84994
41.2657 85018
41.2662 85042
41.2666 85066
41.2671 85090
41.2676 85114
41.2681 85138
41.2754 85162
41.2758 85186
41.2763 85210
41.2768 85234
41.2773 85258
41.2778 85282
41.2782 85306
41.2787 85330
41.2792 85354
41.2797 85378
41.2802 85402
41.2807 85426
41.2811 85450
41.2816 85474
41.2821 85498
41.2826 85522
41.2831 85546
41.2835 85570
41.284 85594
41.2845 85618
41.285 85642
41.2855 85666
41.2859 85690
41.2864 85714
41.2869 85738
41.2874 85762
41.2879 85786
41.2883 85810
41.2888 85834
41.2961 85858
41.2966 85882
41.2971 85906
41.2975 85930
41.298 85954
41.2985 85978
41.299 86002
41.2995 86026
41.2999 86050
41.3004 86074
41.3009 86098
41.3014 86122
41.3019 86146
41.3024 86170
41.3028 86194
41.3033 86218
41.3038 86242
41.3043 86266
41.3048 86290
41.3052 86314
41.3057 86338
41.3062 86362
41.3067 86386
41.3072 86410
41.3076 86434
41.3081 86458
41.3086 86482
41.3091 86506
41.3096 86530
41.3166 86554
41.3171 86578
41.3176 86602
41.318 86626
41.3185 86650
41.319 86674
41.3195 86698
41.32 86722
41.3204 86746
41.3209 86770
41.3214 86794
41.3219 86818
41.3224 86842
41.3228 86866
41.3233 86890
41.3238 86914
41.3243 86938
41.3248 86962
41.3253 86986
41.3257 87010
41.3262 87034
41.3267 87058
41.3272 87082
41.3277 87106
41.3281 87130
41.3286 87154
41.3291 87178
41.3296 87202
41.3301 87226
41.3371 87250
41.3376 87274
41.3381 87298
41.3385 87322
41.339 87346
41.3395 87370
41.34 87393
41.3405 87416
41.3409 87439
41.3414 87462
41.3419 87485
41.3424 87508
41.3429 87531
41.3433 87554
41.3438 87577
41.3443 87600
41.3448 87623
41.3453 87646
41.3458 87669
41.3462 87692
41.3467 87715
41.3472 87738
41.3477 87761
41.3482 87784
41.3486 87807
41.3491 87830
41.3496 87853
41.3501 87876
41.3506 87899
41.351 87922
41.3578 87945
41.3583 87968
41.3588 87991
41.3593 88014
41.3598 88037
41.3602 88060
41.3607 88083
41.3612 88106
41.3617 88129
41.3622 88152
41.3626 88175
41.3631 88198
41.3636 88221
41.3641 88244
41.3646 88267
41.365 88290
41.3655 88313
41.366 88336
41.3665 88359
41.367 88382
41.3674 88405
41.3679 88428
41.3684 88451
41.3689 88474
41.3694 88497
41.3699 88520
41.3703 88543
41.3708 88566
41.3713 88589
41.3718 88612
41.3786 88635
41.3791 88658
41.3795 88681
41.38 88704
41.3805 88727
41.381 88750
41.3815 88773
41.3819 88796
41.3824 88819
41.3829 88842
41.3834 88865
41.3839 88888
41.3843 88911
41.3848 88934
41.3853 88957
41.3858 88980
41.3863 89003
41.3867 89026
41.3872 89049
41.3877 89072
41.3882 89095
41.3887 89118
41.3891 89141
41.3896 89164
41.3901 89187
41.3906 89210
41.3911 89233
41.3916 89256
41.392 89279
41.3925 89302
41.3991 89325
41.3996 89348
41.4 89371
41.4005 89394
41.401 89417
41.4015 89440
41.402 89463
41.4024 89486
41.4029 89509
41.4034 89532
41.4039 89555
41.4044 89578
41.4048 89601
41.4053 89624
41.4058 89647
41.4063 89670
41.4068 89693
41.4072 89716
41.4077 89739
41.4082 89762
41.4087 89785
41.4092 89808
41.4096 89831
41.4101 89854
41.4106 89877
41.4111 89900
41.4116 89923
41.4121 89946
41.4125 89969
41.413 89992
41.4196 90015
41.4201 90038
41.4205 90061
41.421 90084
41.4215 90107
41.422 90130
41.4225 90153
41.4229 90176
41.4234 90199
41.4239 90222
41.4244 90245
41.4249 90268
41.4253 90291
41.4258 90314
41.4263 90337
41.4268 90360
41.4273 90383
41.4277 90406
41.4282 90429
41.4287 90452
41.4292 90475
41.4297 90498
41.4301 90521
41.4306 90544
41.4311 90567
41.4316 90590
41.4321 90613
41.4325 90636
41.433 90659
41.4335 90682
41.434 90705
41.4403 90728
41.4408 90751
41.4413 90774
41.4418 90797
41.4422 90820
41.4427 90843
41.4432 90866
41.4437 90889
41.4442 90912
41.4446 90935
41.4451 90958
41.4456 90981
41.4461 91004
41.4466 91027
41.447 91050
41.4475 91073
41.448 91096
41.4485 91119
41.449 91142
41.4494 91165
41.4499 91187
41.4504 91209
41.4509 91231
41.4514 91253
41.4518 91275
41.4523 91297
41.4528 91319
41.4533 91341
41.4538 91363
41.4542 91385
41.4547 91407
41.461 91429
41.4615 91451
41.462 91473
41.4625 91495
41.463 91517
41.4635 91539
41.4639 91561
41.4644 91583
41.4649 91605
41.4654 91627
41.4659 91649
41.4663 91671
41.4668 91693
41.4673 91715
41.4678 91737
41.4683 91759
41.4687 91781
41.4692 91803
41.4697 91825
41.4702 91847
41.4707 91869
41.4711 91891
41.4716 91913
41.4721 91935
41.4726 91957
41.4731 91979
41.4735 92001
41.474 92023
41.4745 92045
41.475 92067
41.4755 92089
41.4815 92111
41.482 92133
41.4825 92155
41.483 92177
41.4835 92199
41.4839 92221
41.4844 92243
41.4849 92265
41.4854 92287
41.4859 92309
41.4864 92331
41.4868 92353
41.4873 92375
41.4878 92397
41.4883 92419
41.4888 92441
41.4892 92463
41.4897 92485
41.4902 92507
41.4907 92529
41.4912 92551
41.4916 92573
41.4921 92595
41.4926 92617
41.4931 92639
41.4936 92661
41.494 92683
41.4945 92705
41.495 92727
41.4955 92749
41.496 92771
41.502 92793
41.5025 92815
41.503 92837
41.5035 92859
41.504 92881
41.5044 92903
41.5049 92925
41.5054 92947
41.5059 92969
41.5064 92991
41.5068 93013
41.5073 93035
41.5078 93057
41.5083 93079
41.5088 93101
41.5093 93123
41.5097 93145
41.5102 93167
41.5107 93189
41.5112 93211
41.5117 93233
41.5121 93255
41.5126 93277
41.5131 93299
41.5136 93321
41.5141 93343
41.5145 93365
41.515 93387
41.5155 93409
41.516 93431
41.5165 93453
41.5169 93475
41.5228 93497
41.5233 93519
41.5237 93541
41.5242 93563
41.5247 93585
41.5252 93607
41.5257 93629
41.5261 93651
41.5266 93673
41.5271 93695
41.5276 93717
41.5281 93739
41.5285 93761
41.529 93783
41.5295 93805
41.53 93827
41.5305 93849
41.531 93871
41.5314 93893
41.5319 93915
41.5324 93937
41.5329 93959
41.5334 93981
41.5338 94003
41.5343 94025
41.5348 94047
41.5353 94069
41.5358 94091
41.5362 94113
41.5367 94135
41.5372 94157
41.5377 94179
41.5435 94201
41.544 94223
41.5445 94245
41.545 94267
41.5454 94289
41.5459 94311
41.5464 94333
41.5469 94355
41.5474 94377
41.5478 94399
41.5483 94421
41.5488 94443
41.5493 94465
41.5498 94487
41.5502 94509
41.5507 94531
41.5512 94553
41.5517 94575
41.5522 94597
41.5527 94619
41.5531 94641
41.5536 94663
41.5541 94685
41.5546 94707
41.5551 94729
41.5555 94751
41.556 94773
41.5565 94795
41.557 94817
41.5575 94839
41.5579 94861
41.5584 94883
41.564 94905
41.5645 94927
41.565 94949
41.5655 94971
41.5659 94993
41.5664 95015
41.5669 95037
41.5674 95059
41.5679 95081
41.5683 95103
41.5688 95125
41.5693 95147
41.5698 95169
41.5703 95191
41.5707 95213
41.5712 95235
41.5717 95257
41.5722 95279
41.5727 95301
41.5731 95323
41.5736 95344
41.5741 95365
41.5746 95386
41.5751 95407
41.5756 95428
41.576 95449
41.5765 95470
41.577 95491
41.5775 95512
41.578 95533
41.5784 95554
41.5789 95575
41.5845 95596
41.585 95617
41.5855 95638
41.586 95659
41.5864 95680
41.5869 95701
41.5874 95722
41.5879 95743
41.5884 95764
41.5888 95785
41.5893 95806
41.5898 95827
41.5903 95848
41.5908 95869
41.5912 95890
41.5917 95911
41.5922 95932
41.5927 95953
41.5932 95974
41.5936 95995
41.5941 96016
41.5946 96037
41.5951 96058
41.5956 96079
41.5961 96100
41.5965 96121
41.597 96142
41.5975 96163
41.598 96184
41.5985 96205
41.5989 96226
41.5994 96247
41.5999 96268
41.6053 96289
41.6057 96310
41.6062 96331
41.6067 96352
41.6072 96373
41.6077 96394
41.6081 96415
41.6086 96436
41.6091 96457
41.6096 96478
41.6101 96499
41.6105 96520
41.611 96541
41.6115 96562
41.612 96583
41.6125 96604
41.6129 96625
41.6134 96646
41.6139 96667
41.6144 96688
41.6149 96709
41.6153 96730
41.6158 96751
41.6163 96772
41.6168 96793
41.6173 96814
41.6178 96835
41.6182 96856
41.6187 96877
41.6192 96898
41.6197 96919
41.6202 96940
41.6206 96961
41.626 96982
41.6265 97003
41.627 97024
41.6274 97045
41.6279 97066
41.6284 97087
41.6289 97108
41.6294 97129
41.6298 97150
41.6303 97171
41.6308 97192
41.6313 97213
41.6318 97234
41.6322 97255
41.6327 97276
41.6332 97297
41.6337 97318
41.6342 97339
41.6346 97360
41.6351 97381
41.6356 97402
41.6361 97423
41.6366 97444
41.637 97465
41.6375 97486
41.638 97507
41.6385 97528
41.639 97549
41.6394 97570
41.6399 97591
41.6404 97612
41.6409 97633
41.6414 97654
41.6467 97675
41.6472 97696
41.6477 97717
41.6482 97738
41.6487 97759
41.6491 97780
41.6496 97801
41.6501 97822
41.6506 97843
41.6511 97864
41.6515 97885
41.652 97906
41.6525 97927
41.653 97948
41.6535 97969
41.6539 97990
41.6544 98011
41.6549 98032
41.6554 98053
41.6559 98074
41.6563 98095
41.6568 98116
41.6573 98137
41.6578 98158
41.6583 98179
41.6587 98200
41.6592 98221
41.6597 98242
41.6602 98263
41.6607 98284
41.6611 98305
41.6616 98326
41.6621 98347
41.6672 98368
41.6677 98389
41.6682 98410
41.6687 98431
41.6692 98452
41.6696 98473
41.6701 98494
41.6706 98515
41.6711 98536
41.6716 98557
41.672 98578
41.6725 98599
41.673 98620
41.6735 98641
41.674 98662
41.6744 98683
41.6749 98704
41.6754 98725
41.6759 98746
41.6764 98767
41.6768 98788
41.6773 98809
41.6778 98830
41.6783 98851
41.6788 98872
41.6792 98893
41.6797 98914
41.6802 98935
41.6807 98956
41.6812 98977
41.6816 98998
41.6821 99019
41.6826 99040
41.6877 99061
41.6882 99082
41.6887 99103
41.6892 99124
41.6896 99145
41.6901 99166
41.6906 99187
41.6911 99208
41.6916 99229
41.6921 99250
41.6925 99271
41.693 99292
41.6935 99313
41.694 99334
41.6945 99355
41.6949 99376
41.6954 99397
41.6959 99418
41.6964 99439
41.6969 99460
41.6973 99481
41.6978 99502
41.6983 99523
41.6988 99544
41.6993 99565
41.6997 99586
41.7002 99607
41.7007 99628
41.7012 99649
41.7017 99670
41.7021 99691
41.7026 99712
41.7031 99733
41.7036 99754
41.7085 99775
41.7089 99796
41.7089 91136
41.7094 91159
41.7094 91136
41.7099 91159
41.7099 91136
41.7104 91159
41.7104 91136
41.7109 91159
41.7109 91136
41.7113 91159
41.7113 91136
41.7118 91159
41.7118 91136
41.7123 91159
41.7123 91136
41.7128 91159
41.7128 91136
41.7133 91159
41.7133 91136
41.7138 91159
41.7138 91136
41.7142 91159
41.7142 91136
41.7147 91159
41.7147 91136
41.7152 91159
41.7152 91136
41.7157 91159
41.7157 91136
41.7162 91159
41.7162 91136
41.7166 91159
41.7166 91136
41.7171 91159
41.7171 91136
41.7176 91159
41.7176 91136
41.7181 91159
41.7181 91136
41.7186 91159
41.7186 91136
41.719 91159
41.719 91136
41.7195 91159
41.7195 91136
41.72 91159
41.72 91136
41.7205 91159
41.7205 91136
41.721 91159
41.721 91136
41.7214 91159
41.7214 91136
41.7219 91159
41.7219 91136
41.7224 91159
41.7224 91136
41.7229 91159
41.7229 91136
41.7234 91159
41.7234 91136
41.7238 91159
41.7238 91136
41.7243 91159
41.7243 91136
41.7292 91159
41.7292 91136
41.7311 91159
41.7316 91182
41.7321 91204
41.7326 91226
41.733 91248
41.7335 91270
41.734 91292
41.7345 91314
41.735 91336
41.7355 91358
41.7359 91380
41.7364 91402
41.7369 91424
41.7374 91446
41.7379 91468
41.7383 91490
41.7388 91512
41.7393 91534
41.7398 91556
41.7403 91578
41.7407 91600
41.7412 91622
41.7417 91644
41.7422 91666
41.7427 91688
41.7431 91710
41.7436 91732
41.7441 91754
41.7446 91776
41.7451 91798
41.7499 91820
41.7519 91842
41.7523 91864
41.7528 91886
41.7533 91908
41.7538 91930
41.7543 91952
41.7547 91974
41.7552 91996
41.7557 92018
41.7562 92040
41.7567 92062
41.7572 92084
41.7576 92106
41.7581 92128
41.7586 92150
41.7591 92172
41.7596 92194
41.76 92216
41.7605 92238
41.761 92260
41.7615 92282
41.762 92304
41.7624 92326
41.7629 92348
41.7634 92370
41.7639 92392
41.7644 92414
41.7648 92436
41.7653 92458
41.7658 92480
41.7704 92502
41.7724 92524
41.7728 92546
41.7733 92568
41.7738 92590
41.7743 92612
41.7748 92634
41.7752 92656
41.7757 92678
41.7762 92700
41.7767 92722
41.7772 92744
41.7776 92766
41.7781 92788
41.7786 92810
41.7791 92832
41.7796 92854
41.7801 92876
41.7805 92898
41.781 92920
41.7815 92942
41.782 92964
41.7825 92986
41.7829 93008
41.7834 93030
41.7839 93052
41.7844 93074
41.7849 93096
41.7853 93118
41.7858 93140
41.7863 93162
41.7909 93184
41.7929 93206
41.7933 93228
41.7938 93250
41.7943 93272
41.7948 93294
41.7953 93316
41.7957 93338
41.7962 93360
41.7967 93382
41.7972 93404
41.7977 93426
41.7981 93448
41.7986 93470
41.7991 93492
41.7996 93514
41.8001 93536
41.8005 93558
41.801 93580
41.8015 93602
41.802 93624
41.8025 93646
41.803 93668
41.8034 93690
41.8039 93712
41.8044 93734
41.8049 93756
41.8054 93778
41.8058 93800
41.8063 93822
41.8068 93844
41.8073 93866
41.8117 93888
41.8136 93910
41.8141 93932
41.8146 93954
41.815 93976
41.8155 93998
41.816 94020
41.8165 94042
41.817 94064
41.8174 94086
41.8179 94108
41.8184 94130
41.8189 94152
41.8194 94174
41.8198 94196
41.8203 94218
41.8208 94240
41.8213 94262
41.8218 94284
41.8222 94306
41.8227 94328
41.8232 94350
41.8237 94372
41.8242 94394
41.8247 94416
41.8251 94438
41.8256 94460
41.8261 94482
41.8266 94504
41.8271 94526
41.8275 94548
41.828 94570
41.8324 94592
41.8343 94614
41.8348 94636
41.8353 94658
41.8358 94680
41.8363 94702
41.8367 94724
41.8372 94746
41.8377 94768
41.8382 94790
41.8387 94812
41.8391 94834
41.8396 94856
41.8401 94878
41.8406 94900
41.8411 94922
41.8415 94944
41.842 94966
41.8425 94988
41.843 95010
41.8435 95032
41.8439 95054
41.8444 95076
41.8449 95098
41.8454 95120
41.8459 95142
41.8464 95164
41.8468 95186
41.8473 95208
41.8478 95230
41.8483 95252
41.8488 95274
41.8529 95296
41.8548 95318
41.8553 95339
41.8558 95360
41.8563 95381
41.8568 95402
41.8572 95423
41.8577 95444
41.8582 95465
41.8587 95486
41.8592 95507
41.8596 95528
41.8601 95549
41.8606 95570
41.8611 95591
41.8616 95612
41.862 95633
41.8625 95654
41.863 95675
41.8635 95696
41.864 95717
41.8644 95738
41.8649 95759
41.8654 95780
41.8659 95801
41.8664 95822
41.8668 95843
41.8673 95864
41.8678 95885
41.8683 95906
41.8688 95927
41.8693 95948
41.8734 95969
41.8753 95990
41.8758 96011
41.8763 96032
41.8768 96053
41.8773 96074
41.8777 96095
41.8782 96116
41.8787 96137
41.8792 96158
41.8797 96179
41.8801 96200
41.8806 96221
41.8811 96242
41.8816 96263
41.8821 96284
41.8825 96305
41.883 96326
41.8835 96347
41.884 96368
41.8845 96389
41.8849 96410
41.8854 96431
41.8859 96452
41.8864 96473
41.8869 96494
41.8873 96515
41.8878 96536
41.8883 96557
41.8888 96578
41.8893 96599
41.8898 96620
41.8902 96641
41.8941 96662
41.8961 96683
41.8966 96704
41.897 96725
41.8975 96746
41.898 96767
41.8985 96788
41.899 96809
41.8994 96830
41.8999 96851
41.9004 96872
41.9009 96893
41.9014 96914
41.9018 96935
41.9023 96956
41.9028 96977
41.9033 96998
41.9038 97019
41.9042 97040
41.9047 97061
41.9052 97082
41.9057 97103
41.9062 97124
41.9066 97145
41.9071 97166
41.9076 97187
41.9081 97208
41.9086 97229
41.909 97250
41.9095 97271
41.91 97292
41.9105 97313
41.911 97334
41.9149 97355
41.9168 97376
41.9173 97397
41.9178 97418
41.9182 97439
41.9187 97460
41.9192 97481
41.9197 97502
41.9202 97523
41.9207 97544
41.9211 97565
41.9216 97586
41.9221 97607
41.9226 97628
41.9231 97649
41.9235 97670
41.924 97691
41.9245 97712
41.925 97733
41.9255 97754
41.9259 97775
41.9264 97796
41.9269 97817
41.9274 97838
41.9279 97859
41.9283 97880
41.9288 97901
41.9293 97922
41.9298 97943
41.9303 97964
41.9307 97985
41.9312 98006
41.9317 98027
41.9354 98048
41.9373 98069
41.9378 98090
41.9383 98111
41.9387 98132
41.9392 98153
41.9397 98174
41.9402 98195
41.9407 98216
41.9412 98237
41.9416 98258
41.9421 98279
41.9426 98300
41.9431 98321
41.9436 98342
41.944 98363
41.9445 98384
41.945 98405
41.9455 98426
41.946 98447
41.9464 98468
41.9469 98489
41.9474 98510
41.9479 98531
41.9484 98552
41.9488 98573
41.9493 98594
41.9498 98615
41.9503 98636
41.9508 98657
41.9512 98678
41.9517 98699
41.9522 98720
41.9559 98741
41.9578 98762
41.9583 98783
41.9588 98804
41.9592 98825
41.9597 98846
41.9602 98867
41.9607 98888
41.9612 98909
41.9616 98930
41.9621 98951
41.9626 98972
41.9631 98993
41.9636 99014
41.9641 99035
41.9645 99056
41.965 99077
41.9655 99098
41.966 99119
41.9665 99140
41.9669 99161
41.9674 99182
41.9679 99203
41.9684 99224
41.9689 99245
41.9693 99266
41.9698 99287
41.9703 99308
41.9708 99329
41.9713 99350
41.9717 99371
41.9722 99392
41.9727 99413
41.9732 99434
41.9766 99455
41.9785 99476
41.979 99497
41.9795 99518
41.98 99539
41.9805 99560
41.9809 99581
41.9814 99602
41.9819 99623
41.9824 99644
41.9829 99665
41.9833 99686
41.9838 99707
41.9843 99728
41.9848 99749
41.9853 99770
41.9858 99791
41.9862 99812
41.9867 99833
41.9872 99854
41.9877 99874
41.9882 99894
41.9886 99914
41.9891 99934
41.9896 99954
41.9901 99974
41.9906 99994
41.991 100014
41.9915 100034
41.992 100054
41.9925 100074
41.993 100094
41.9934 100114
41.9939 100134
41.9974 100154
41.9993 100174
41.9998 100194
42.0002 100214
42.0007 100234
42.0012 100254
42.0017 100274
42.0022 100294
42.0026 100314
42.0031 100334
42.0036 100354
42.0041 100374
42.0046 100394
42.005 100414
42.0055 100434
42.006 100454
42.0065 100474
42.007 100494
42.0075 100514
42.0079 100534
42.0084 100554
42.0089 100574
42.0094 100594
42.0099 100614
42.0103 100634
42.0108 100654
42.0113 100674
42.0118 100694
42.0123 100714
42.0127 100734
42.0132 100754
42.0137 100774
42.0142 100794
42.0147 100814
42.0179 100834
42.0198 100854
42.0203 100874
42.0207 100894
42.0212 100914
42.0217 100934
42.0222 100954
42.0227 100974
42.0231 100994
42.0236 101014
42.0241 101034
42.0246 101054
42.0251 101074
42.0255 101094
42.026 101114
42.0265 101134
42.027 101154
42.0275 101174
42.0279 101194
42.0284 101214
42.0289 101234
42.0294 101254
42.0299 101274
42.0304 101294
42.0308 101314
42.0313 101334
42.0318 101354
42.0323 101374
42.0328 101394
42.0332 101414
42.0337 101434
42.0342 101454
42.0347 101474
42.0352 101494
42.0384 101514
42.0403 101534
42.0408 101554
42.0412 101574
42.0417 101594
42.0422 101614
42.0427 101634
42.0432 101654
42.0436 101674
42.0441 101694
42.0446 101714
42.0451 101734
42.0456 101754
42.046 101774
42.0465 101794
42.047 101814
42.0475 101834
42.048 101854
42.0484 101874
42.0489 101894
42.0494 101914
42.0499 101934
42.0504 101954
42.0509 101974
42.0513 101994
42.0518 102014
42.0523 102034
42.0528 102054
42.0533 102074
42.0537 102094
42.0542 102114
42.0547 102134
42.0552 102154
42.0557 102174
42.0561 102194
42.0591 102214
42.061 102234
42.0615 102254
42.062 102274
42.0625 102294
42.0629 102314
42.0634 102334
42.0639 102354
42.0644 102374
42.0649 102394
42.0653 102414
42.0658 102434
42.0663 102454
42.0668 102474
42.0673 102494
42.0677 102514
42.0682 102534
42.0687 102554
42.0692 102574
42.0697 102594
42.0701 102614
42.0706 102634
42.0711 102654
42.0716 102674
42.0721 102694
42.0725 102714
42.073 102734
42.0735 102754
42.074 102774
42.0745 102794
42.075 102814
42.0754 102834
42.0759 102854
42.0764 102874
42.0769 102894
42.0798 102914
42.0818 102934
42.0822 102954
42.0827 102974
42.0832 102994
42.0837 103014
42.0842 103034
42.0846 103054
42.0851 103074
42.0856 103094
42.0861 103114
42.0866 103134
42.087 103154
42.0875 103174
42.088 103194
42.0885 103214
42.089 103234
42.0894 103254
42.0899 103274
42.0904 103294
42.0909 103314
42.0914 103334
42.0918 103354
42.0923 103374
42.0928 103394
42.0933 103414
42.0938 103434
42.0942 103454
42.0947 103474
42.0952 103494
42.0957 103514
42.0962 103534
42.0967 103554
42.0971 103574
42.0976 103594
42.1003 103614
42.1023 103634
42.1027 103654
42.1032 103674
42.1037 103694
42.1042 103714
42.1047 103734
42.1051 103754
42.1056 103774
42.1061 103794
42.1066 103814
42.1071 103834
42.1075 103854
42.108 103874
42.1085 103894
42.109 103914
42.1095 103934
42.1099 103954
42.1104 103974
42.1109 103994
42.1114 104014
42.1119 104034
42.1123 104054
42.1128 104074
42.1133 104094
42.1138 104114
42.1143 104134
42.1147 104154
42.1152 104174
42.1157 104194
42.1162 104214
42.1167 104234
42.1172 104254
42.1176 104274
42.1181 104294
42.1208 104314
42.1227 104334
42.1232 104354
42.1237 104374
42.1242 104394
42.1247 104414
42.1252 104434
42.1256 104454
42.1261 104474
42.1266 104494
42.1271 104514
42.1276 104534
42.128 104554
42.1285 104574
42.129 104594
42.1295 104614
42.13 104634
42.1304 104654
42.1309 104674
42.1314 104694
42.1319 104714
42.1324 104734
42.1328 104754
42.1333 104774
42.1338 104794
42.1343 104814
42.1348 104834
42.1352 104854
42.1357 104873
42.1362 104892
42.1367 104911
42.1372 104930
42.1376 104949
42.1381 104968
42.1386 104987
42.1391 105006
42.1416 105025
42.1435 105044
42.144 105063
42.1444 105082
42.1449 105101
42.1454 105120
42.1459 105139
42.1464 105158
42.1469 105177
42.1473 105196
42.1478 105215
42.1483 105234
42.1488 105253
42.1493 105272
42.1497 105291
42.1502 105310
42.1507 105329
42.1512 105348
42.1517 105367
42.1521 105386
42.1526 105405
42.1531 105424
42.1536 105443
42.1541 105462
42.1545 105481
42.155 105500
42.1555 105519
42.156 105538
42.1565 105557
42.1569 105576
42.1574 105595
42.1579 105614
42.1584 105633
42.1589 105652
42.1593 105671
42.1598 105690
42.1623 105709
42.1642 105728
42.1647 105747
42.1652 105766
42.1657 105785
42.1661 105804
42.1666 105823
42.1671 105842
42.1676 105861
42.1681 105880
42.1686 105899
42.169 105918
42.1695 105937
42.17 105956
42.1705 105975
42.171 105994
42.1714 106013
42.1719 106032
42.1724 106051
42.1729 106070
42.1734 106089
42.1738 106108
42.1743 106127
42.1748 106146
42.1753 106165
42.1758 106184
42.1762 106203
42.1767 106222
42.1772 106241
42.1777 106260
42.1782 106279
42.1786 106298
42.1791 106317
42.1796 106336
42.1801 106355
42.1806 106374
42.183 106393
42.1847 106412
42.1852 106431
42.1857 106450
42.1862 106469
42.1866 106488
42.1871 106507
42.1876 106526
42.1881 106545
42.1886 106564
42.189 106583
42.1895 106602
42.19 106621
42.1905 106640
42.191 106659
42.1915 106678
42.1919 106697
42.1924 106716
42.1929 106735
42.1934 106754
42.1939 106773
42.1943 106792
42.1948 106811
42.1953 106830
42.1958 106849
42.1963 106868
42.1967 106887
42.1972 106906
42.1977 106925
42.1982 106944
42.1987 106963
42.1991 106982
42.1996 107001
42.2001 107020
42.2006 107039
42.2011 107058
42.2035 107077
42.2052 107096
42.2057 107115
42.2062 107134
42.2067 107153
42.2071 107172
42.2076 107191
42.2081 107210
42.2086 107229
42.2091 107248
42.2095 107267
42.21 107286
42.2105 107305
42.211 107324
42.2115 107343
42.2119 107362
42.2124 107381
42.2129 107400
42.2134 107419
42.2139 107438
42.2144 107457
42.2148 107476
42.2153 107495
42.2158 107514
42.2163 107533
42.2168 107552
42.2172 107571
42.2177 107590
42.2182 107609
42.2187 107628
42.2192 107647
42.2196 107666
42.2201 107685
42.2206 107704
42.2211 107723
42.2216 107742
42.224 107761
42.2257 107780
42.2262 107799
42.2267 107818
42.2272 107837
42.2276 107856
42.2281 107875
42.2286 107894
42.2291 107913
42.2296 107932
42.23 107951
42.2305 107970
42.231 107989
42.2315 108008
42.232 108027
42.2324 108046
42.2329 108065
42.2334 108084
42.2339 108103
42.2344 108122
42.2349 108141
42.2353 108160
42.2358 108179
42.2363 108198
42.2368 108217
42.2373 108236
42.2377 108255
42.2382 108274
42.2387 108293
42.2392 108312
42.2397 108331
42.2401 108350
42.2406 108369
42.2411 108388
42.2416 108407
42.2421 108426
42.2425 108445
42.2448 108464
42.2465 108483
42.2469 108502
42.2474 108521
42.2479 108540
42.2484 108559
42.2489 108578
42.2493 108597
42.2498 108616
42.2503 108635
42.2508 108654
42.2513 108673
42.2517 108692
42.2522 108711
42.2527 108730
42.2532 108749
42.2537 108768
42.2541 108787
42.2546 108806
42.2551 108825
42.2556 108844
42.2561 108863
42.2566 108882
42.257 108901
42.2575 108920
42.258 108939
42.2585 108958
42.259 108977
42.2594 108996
42.2599 109015
42.2604 109034
42.2609 109053
42.2614 109072
42.2618 109091
42.2623 109110
42.2628 109129
42.2633 109148
42.2655 109167
42.2672 109186
42.2677 109205
42.2682 109224
42.2686 109243
42.2691 109262
42.2696 109281
42.2701 109300
42.2706 109319
42.271 109338
42.2715 109357
42.272 109376
42.2725 109395
42.273 109414
42.2734 109433
42.2739 109452
42.2744 109471
42.2749 109490
42.2754 109509
42.2758 109528
42.2763 109547
42.2768 109566
42.2773 109585
42.2778 109604
42.2782 109623
42.2787 109642
42.2792 109661
42.2797 109680
42.2802 109699
42.2807 109718
42.2811 109737
42.2816 109756
42.2821 109775
42.2826 109794
42.2831 109813
42.2835 109832
42.284 109851
42.286 109870
42.2877 109889
42.2882 109908
42.2887 109927
42.2891 109946
42.2896 109965
42.2901 109984
42.2906 110003
42.2911 110022
42.2915 110041
42.292 110060
42.2925 110079
42.293 110098
42.2935 110117
42.2939 110136
42.2944 110155
42.2949 110174
42.2954 110193
42.2959 110212
42.2963 110231
42.2968 110250
42.2973 110269
42.2978 110288
42.2983 110307
42.2987 110326
42.2992 110345
42.2997 110364
42.3002 110382
42.3007 110400
42.3012 110418
42.3016 110436
42.3021 110454
42.3026 110472
42.3031 110490
42.3036 110508
42.304 110526
42.3045 110544
42.3065 110562
42.3082 110580
42.3087 110598
42.3092 110616
42.3096 110634
42.3101 110652
42.3106 110670
42.3111 110688
42.3116 110706
42.312 110724
42.3125 110742
42.313 110760
42.3135 110778
42.314 110796
42.3144 110814
42.3149 110832
42.3154 110850
42.3159 110868
42.3164 110886
42.3168 110904
42.3173 110922
42.3178 110940
42.3183 110958
42.3188 110976
42.3192 110994
42.3197 111012
42.3202 111030
42.3207 111048
42.3212 111066
42.3216 111084
42.3221 111102
42.3226 111120
42.3231 111138
42.3236 111156
42.3241 111174
42.3245 111192
42.325 111210
42.3255 111228
42.3272 111246
42.3289 111264
42.3294 111282
42.3299 111300
42.3304 111318
42.3309 111336
42.3313 111354
42.3318 111372
42.3323 111390
42.3328 111408
42.3333 111426
42.3337 111444
42.3342 111462
42.3347 111480
42.3352 111498
42.3357 111516
42.3361 111534
42.3366 111552
42.3371 111570
42.3376 111588
42.3381 111606
42.3385 111624
42.339 111642
42.3395 111660
42.34 111678
42.3405 111696
42.3409 111714
42.3414 111732
42.3419 111750
42.3424 111768
42.3429 111786
42.3433 111804
42.3438 111822
42.3443 111840
42.3448 111858
42.3453 111876
42.3458 111894
42.3462 111912
42.348 111930
42.3497 111948
42.3501 111966
42.3506 111984
42.3511 112002
42.3516 112020
42.3521 112038
42.3526 112056
42.353 112074
42.3535 112092
42.354 112110
42.3545 112128
42.355 112146
42.3554 112164
42.3559 112182
42.3564 112200
42.3569 112218
42.3574 112236
42.3578 112254
42.3583 112272
42.3588 112290
42.3593 112308
42.3598 112326
42.3602 112344
42.3607 112362
42.3612 112380
42.3617 112398
42.3622 112416
42.3626 112434
42.3631 112452
42.3636 112470
42.3641 112488
42.3646 112506
42.365 112524
42.3655 112542
42.366 112560
42.3665 112578
42.367 112596
42.3685 112614
42.3702 112632
42.3706 112650
42.3711 112668
42.3716 112686
42.3721 112704
42.3726 112722
42.373 112740
42.3735 112758
42.374 112776
42.3745 112794
42.375 112812
42.3755 112830
42.3759 112848
42.3764 112866
42.3769 112884
42.3774 112902
42.3779 112920
42.3783 112938
42.3788 112956
42.3793 112974
42.3798 112992
42.3803 113010
42.3807 113028
42.3812 113046
42.3817 113064
42.3822 113082
42.3827 113100
42.3831 113118
42.3836 113136
42.3841 113154
42.3846 113172
42.3851 113190
42.3855 113208
42.386 113226
42.3865 113244
42.387 113262
42.3875 113280
42.389 113298
42.3907 113316
42.3911 113334
42.3916 113352
42.3921 113370
42.3926 113388
42.3931 113406
42.3935 113424
42.394 113442
42.3945 113460
42.395 113478
42.3955 113496
42.396 113514
42.3964 113532
42.3969 113550
42.3974 113568
42.3979 113586
42.3984 113604
42.3988 113622
42.3993 113640
42.3998 113658
42.4003 113676
42.4008 113694
42.4012 113712
42.4017 113730
42.4022 113748
42.4027 113766
42.4032 113784
42.4036 113802
42.4041 113820
42.4046 113838
42.4051 113856
42.4056 113874
42.406 113892
42.4065 113910
42.407 113928
42.4075 113946
42.408 113964
42.4084 113982
42.4097 114000
42.4114 114018
42.4119 114036
42.4124 114054
42.4128 114072
42.4133 114090
42.4138 114108
42.4143 114126
42.4148 114144
42.4152 114162
42.4157 114180
42.4162 114198
42.4167 114216
42.4172 114234
42.4176 114252
42.4181 114270
42.4186 114288
42.4191 114306
42.4196 114324
42.4201 114342
42.4205 114360
42.421 114378
42.4215 114396
42.422 114414
42.4225 114432
42.4229 114450
42.4234 114468
42.4239 114486
42.4244 114504
42.4249 114522
42.4253 114540
42.4258 114558
42.4263 114576
42.4268 114594
42.4273 114612
42.4277 114630
42.4282 114648
42.4287 114666
42.4292 114684
42.4305 114702
42.4321 114720
42.4326 114738
42.4331 114756
42.4336 114774
42.4341 114792
42.4345 114810
42.435 114828
42.4355 114846
42.436 114864
42.4365 114882
42.4369 114900
42.4374 114918
42.4379 114936
42.4384 114954
42.4389 114972
42.4393 114990
42.4398 115008
42.4403 115026
42.4408 115044
42.4413 115062
42.4418 115080
42.4422 115098
42.4427 115116
42.4432 115134
42.4437 115152
42.4442 115170
42.4446 115188
42.4451 115206
42.4456 115224
42.4461 115242
42.4466 115260
42.447 115278
42.4475 115296
42.448 115314
42.4485 115332
42.449 115350
42.4494 115368
42.4499 115386
42.451 115404
42.4526 115422
42.4531 115440
42.4536 115458
42.4541 115476
42.4546 115494
42.455 115512
42.4555 115530
42.456 115548
42.4565 115566
42.457 115584
42.4574 115602
42.4579 115620
42.4584 115638
42.4589 115656
42.4594 115674
42.4598 115692
42.4603 115710
42.4608 115728
42.4613 115746
42.4618 115764
42.4623 115782
42.4627 115800
42.4632 115818
42.4637 115836
42.4642 115854
42.4647 115872
42.4651 115890
42.4656 115908
42.4661 115926
42.4666 115944
42.4671 115962
42.4675 115980
42.468 115998
42.4685 116016
42.469 116034
42.4695 116052
42.4699 116070
42.4704 116088
42.4715 116106
42.4731 116124
42.4736 116142
42.4741 116160
42.4746 116178
42.4751 116196
42.4755 116214
42.476 116232
42.4765 116250
42.477 116268
42.4775 116286
42.4779 116304
42.4784 116322
42.4789 116340
42.4794 116358
42.4799 116376
42.4803 116394
42.4808 116412
42.4813 116430
42.4818 116448
42.4823 116466
42.4827 116484
42.4832 116501
42.4837 116518
42.4842 116535
42.4847 116552
42.4852 116569
42.4856 116586
42.4861 116603
42.4866 116620
42.4871 116637
42.4876 116654
42.488 116671
42.4885 116688
42.489 116705
42.4895 116722
42.49 116739
42.4904 116756
42.4909 116773
42.4914 116790
42.4922 116807
42.4939 116824
42.4944 116841
42.4948 116858
42.4953 116875
42.4958 116892
42.4963 116909
42.4968 116926
42.4972 116943
42.4977 116960
42.4982 116977
42.4987 116994
42.4992 117011
42.4996 117028
42.5001 117045
42.5006 117062
42.5011 117079
42.5016 117096
42.502 117113
42.5025 117130
42.503 117147
42.5035 117164
42.504 117181
42.5044 117198
42.5049 117215
42.5054 117232
42.5059 117249
42.5064 117266
42.5069 117283
42.5073 117300
42.5078 117317
42.5083 117334
42.5088 117351
42.5093 117368
42.5097 117385
42.5102 117402
42.5107 117419
42.5112 117436
42.5117 117453
42.5121 117470
42.5129 117487
42.5146 117504
42.5151 117521
42.5156 117538
42.5161 117555
42.5165 117572
42.517 117589
42.5175 117606
42.518 117623
42.5185 117640
42.5189 117657
42.5194 117674
42.5199 117691
42.5204 117708
42.5209 117725
42.5213 117742
42.5218 117759
42.5223 117776
42.5228 117793
42.5233 117810
42.5237 117827
42.5242 117844
42.5247 117861
42.5252 117878
42.5257 117895
42.5261 117912
42.5266 117929
42.5271 117946
42.5276 117963
42.5281 117980
42.5286 117997
42.529 118014
42.5295 118031
42.53 118048
42.5305 118065
42.531 118082
42.5314 118099
42.5319 118116
42.5324 118133
42.5329 118150
42.5334 118167
42.5351 118184
42.5356 118201
42.5361 118218
42.5366 118235
42.537 118252
42.5375 118269
42.538 118286
42.5385 118303
42.539 118320
42.5394 118337
42.5399 118354
42.5404 118371
42.5409 118388
42.5414 118405
42.5418 118422
42.5423 118439
42.5428 118456
42.5433 118473
42.5438 118490
42.5442 118507
42.5447 118524
42.5452 118541
42.5457 118558
42.5462 118575
42.5466 118592
42.5471 118609
42.5476 118626
42.5481 118643
42.5486 118660
42.549 118677
42.5495 118694
42.55 118711
42.5505 118728
42.551 118745
42.5515 118762
42.5519 118779
42.5524 118796
42.5529 118813
42.5534 118830
42.5539 118847
42.5556 118864
42.5561 118881
42.5566 118898
42.557 118915
42.5575 118932
42.558 118949
42.5585 118966
42.559 118983
42.5595 119000
42.5599 119017
42.5604 119034
42.5609 119051
42.5614 119068
42.5619 119085
42.5623 119102
42.5628 119119
42.5633 119136
42.5638 119153
42.5643 119170
42.5647 119187
42.5652 119204
42.5657 119221
42.5662 119238
42.5667 119255
42.5671 119272
42.5676 119289
42.5681 119306
42.5686 119323
42.5691 119340
42.5695 119357
42.57 119374
42.5705 119391
42.571 119408
42.5715 119425
42.5719 119442
42.5724 119459
42.5729 119476
42.5734 119493
42.5739 119510
42.5744 119527
42.5748 119544
42.5763 119561
42.5768 119578
42.5773 119595
42.5778 119612
42.5783 119629
42.5787 119646
42.5792 119663
42.5797 119680
42.5802 119697
42.5807 119714
42.5812 119731
42.5816 119748
42.5821 119765
42.5826 119782
42.5831 119799
42.5836 119816
42.584 119833
42.5845 119850
42.585 119867
42.5855 119884
42.586 119901
42.5864 119918
42.5869 119935
42.5874 119952
42.5879 119969
42.5884 119986
42.5888 120003
42.5893 120020
42.5898 120037
42.5903 120054
42.5908 120071
42.5912 120088
42.5917 120105
42.5922 120122
42.5927 120139
42.5932 120156
42.5936 120173
42.5941 120190
42.5946 120207
42.5951 120224
42.5956 120241
42.5971 120258
42.5976 120275
42.598 120292
42.5985 120309
42.599 120326
42.5995 120343
42.6 120360
42.6004 120377
42.6009 120394
42.6014 120411
42.6019 120428
42.6024 120445
42.6029 120462
42.6033 120479
42.6038 120496
42.6043 120513
42.6048 120530
42.6053 120547
42.6057 120564
42.6062 120581
42.6067 120598
42.6072 120615
42.6077 120632
42.6081 120649
42.6086 120666
42.6091 120683
42.6096 120700
42.6101 120717
42.6105 120734
42.611 120751
42.6115 120768
42.612 120785
42.6125 120802
42.6129 120819
42.6134 120836
42.6139 120853
42.6144 120870
42.6149 120887
42.6153 120904
42.6158 120921
42.6163 120938
42.6176 120955
42.6181 120972
42.6185 120989
42.619 121006
42.6195 121023
42.62 121040
42.6205 121057
42.6209 121074
42.6214 121091
42.6219 121108
42.6224 121125
42.6229 121142
42.6234 121159
42.6238 121176
42.6243 121193
42.6248 121210
42.6253 121227
42.6258 121244
42.6262 121261
42.6267 121278
42.6272 121295
42.6277 121312
42.6282 121329
42.6286 121346
42.6291 121363
42.6296 121380
42.6301 121397
42.6306 121414
42.631 121431
42.6315 121448
42.632 121465
42.6325 121482
42.633 121499
42.6334 121516
42.6339 121533
42.6344 121550
42.6349 121567
42.6354 121584
42.6358 121601
42.6363 121618
42.6368 121635
42.6381 121652
42.6386 121669
42.639 121686
42.6395 121703
42.64 121720
42.6405 121737
42.641 121754
42.6414 121771
42.6419 121788
42.6424 121805
42.6429 121822
42.6434 121839
42.6438 121856
42.6443 121873
42.6448 121890
42.6453 121907
42.6458 121924
42.6463 121941
42.6467 121958
42.6472 121975
42.6477 121992
42.6482 122009
42.6487 122026
42.6491 122043
42.6496 122060
42.6501 122077
42.6506 122094
42.6511 122111
42.6515 122128
42.652 122145
42.6525 122162
42.653 122179
42.6535 122196
42.6539 122213
42.6544 122230
42.6549 122247
42.6554 122264
42.6559 122281
42.6563 122298
42.6568 122315
42.6573 122332
42.6578 122349
42.6588 122366
42.6593 122383
42.6598 122400
42.6603 122417
42.6607 122434
42.6612 122451
42.6617 122468
42.6622 122485
42.6627 122502
42.6631 122519
42.6636 122536
42.6641 122553
42.6646 122570
42.6651 122587
42.6655 122604
42.666 122621
42.6665 122638
42.667 122655
42.6675 122672
42.668 122689
42.6684 122706
42.6689 122723
42.6694 122740
42.6699 122757
42.6704 122774
42.6708 122791
42.6713 122808
42.6718 122825
42.6723 122842
42.6728 122859
42.6732 122876
42.6737 122893
42.6742 122910
42.6747 122927
42.6752 122944
42.6756 122961
42.6761 122978
42.6766 122995
42.6771 123012
42.6776 123029
42.678 123046
42.6785 123063
42.6796 123080
42.68 123097
42.6805 123114
42.681 123131
42.6815 123148
42.682 123165
42.6824 123182
42.6829 123199
42.6834 123216
42.6839 123233
42.6844 123250
42.6848 123267
42.6853 123284
42.6858 123301
42.6863 123318
42.6868 123335
42.6872 123352
42.6877 123368
42.6882 123384
42.6887 123400
42.6892 123416
42.6897 123432
42.6901 123448
42.6906 123464
42.6911 123480
42.6916 123496
42.6921 123512
42.6925 123528
42.693 123544
42.6935 123560
42.694 123576
42.6945 123592
42.6949 123608
42.6954 123624
42.6959 123640
42.6964 123656
42.6969 123672
42.6973 123688
42.6978 123704
42.6983 123720
42.6988 123736
42.6993 123752
42.7003 123768
42.7008 123784
42.7013 123800
42.7017 123816
42.7022 123832
42.7027 123848
42.7032 123864
42.7037 123880
42.7041 123896
42.7046 123912
42.7051 123928
42.7056 123944
42.7061 123960
42.7065 123976
42.707 123992
42.7075 124008
42.708 124024
42.7085 124040
42.7089 124056
42.7089 108544
42.7094 108563
42.7094 108544
42.7099 108563
42.7099 108544
42.7104 108563
42.7104 108544
42.7109 108563
42.7109 108544
42.7113 108563
42.7113 108544
42.7118 108563
42.7118 108544
42.7123 108563
42.7123 108544
42.7128 108563
42.7128 108544
42.7133 108563
42.7133 108544
42.7138 108563
42.7138 108544
42.7142 108563
42.7142 108544
42.7147 108563
42.7147 108544
42.7152 108563
42.7152 108544
42.7157 108563
42.7157 108544
42.7162 108563
42.7162 108544
42.7166 108563
42.7166 108544
42.7171 108563
42.7171 108544
42.7176 108563
42.7176 108544
42.7181 108563
42.7181 108544
42.7186 108563
42.7186 108544
42.719 108563
42.719 108544
42.7195 108563
42.7195 108544
42.72 108563
42.72 108544
42.7208 108563
42.7208 108544
42.7213 108563
42.7213 108544
42.7218 108563
42.7218 108544
42.7222 108563
42.7222 108544
42.7227 108563
42.7227 108544
42.7232 108563
42.7232 108544
42.7237 108563
42.7237 108544
42.7242 108563
42.7242 108544
42.7246 108563
42.7246 108544
42.7251 108563
42.7251 108544
42.7256 108563
42.7256 108544
42.7261 108563
42.7261 108544
42.7266 108563
42.7266 108544
42.727 108563
42.727 108544
42.7275 108563
42.7275 108544
42.728 108563
42.728 108544
42.7285 108563
42.7285 108544
42.729 108563
42.729 108544
42.7318 108563
42.7326 108582
42.733 108601
42.7335 108620
42.734 108639
42.7345 108658
42.735 108677
42.7355 108696
42.7359 108715
42.7364 108734
42.7369 108753
42.7374 108772
42.7379 108791
42.7383 108810
42.7388 108829
42.7393 108848
42.7398 108867
42.7403 108886
42.7407 108905
42.7415 108924
42.742 108943
42.7425 108962
42.743 108981
42.7435 109000
42.7439 109019
42.7444 109038
42.7449 109057
42.7454 109076
42.7459 109095
42.7463 109114
42.7468 109133
42.7473 109152
42.7478 109171
42.7483 109190
42.7487 109209
42.7492 109228
42.7497 109247
42.7526 109266
42.7533 109285
42.7538 109304
42.7543 109323
42.7547 109342
42.7552 109361
42.7557 109380
42.7562 109399
42.7567 109418
42.7572 109437
42.7576 109456
42.7581 109475
42.7586 109494
42.7591 109513
42.7596 109532
42.76 109551
42.7605 109570
42.761 109589
42.7615 109608
42.762 109627
42.7625 109646
42.763 109665
42.7635 109684
42.764 109703
42.7644 109722
42.7649 109741
42.7654 109760
42.7659 109779
42.7664 109798
42.7668 109817
42.7673 109836
42.7678 109855
42.7683 109874
42.7688 109893
42.7692 109912
42.7697 109931
42.7702 109950
42.7731 109969
42.7738 109988
42.7743 110007
42.7748 110026
42.7752 110045
42.7757 110064
42.7762 110083
42.7767 110102
42.7772 110121
42.7776 110140
42.7781 110159
42.7786 110178
42.7791 110197
42.7796 110216
42.7801 110235
42.7805 110254
42.781 110273
42.7815 110292
42.782 110311
42.7825 110330
42.783 110349
42.7835 110368
42.784 110386
42.7844 110404
42.7849 110422
42.7854 110440
42.7859 110458
42.7864 110476
42.7869 110494
42.7873 110512
42.7878 110530
42.7883 110548
42.7888 110566
42.7893 110584
42.7897 110602
42.7902 110620
42.7907 110638
42.7936 110656
42.7943 110674
42.7948 110692
42.7953 110710
42.7957 110728
42.7962 110746
42.7967 110764
42.7972 110782
42.7977 110800
42.7981 110818
42.7986 110836
42.7991 110854
42.7996 110872
42.8001 110890
42.8006 110908
42.801 110926
42.8015 110944
42.802 110962
42.8025 110980
42.803 110998
42.8034 111016
42.8039 111034
42.8044 111052
42.8049 111070
42.8054 111088
42.8058 111106
42.8063 111124
42.8068 111142
42.8073 111160
42.8078 111178
42.8082 111196
42.8087 111214
42.8092 111232
42.8097 111250
42.8102 111268
42.8106 111286
42.8111 111304
42.8116 111322
42.8143 111340
42.815 111358
42.8155 111376
42.816 111394
42.8165 111412
42.817 111430
42.8174 111448
42.8179 111466
42.8184 111484
42.8189 111502
42.8194 111520
42.8198 111538
42.8203 111556
42.8208 111574
42.8213 111592
42.8218 111610
42.8223 111628
42.8227 111646
42.8232 111664
42.8237 111682
42.8242 111700
42.8247 111718
42.8251 111736
42.8256 111754
42.8261 111772
42.8266 111790
42.8271 111808
42.8275 111826
42.828 111844
42.8285 111862
42.829 111880
42.8295 111898
42.8299 111916
42.8304 111934
42.8309 111952
42.8314 111970
42.8319 111988
42.8323 112006
42.8351 112024
42.8358 112042
42.8363 112060
42.8367 112078
42.8372 112096
42.8377 112114
42.8382 112132
42.8387 112150
42.8391 112168
42.8396 112186
42.8401 112204
42.8406 112222
42.8411 112240
42.8415 112258
42.842 112276
42.8425 112294
42.843 112312
42.8435 112330
42.844 112348
42.8444 112366
42.8449 112384
42.8454 112402
42.8459 112420
42.8464 112438
42.8468 112456
42.8473 112474
42.8478 112492
42.8483 112510
42.8488 112528
42.8492 112546
42.8497 112564
42.8502 112582
42.8507 112600
42.8512 112618
42.8516 112636
42.8521 112654
42.8526 112672
42.8531 112690
42.8556 112708
42.8563 112726
42.8568 112744
42.8572 112762
42.8577 112780
42.8582 112798
42.8587 112816
42.8592 112834
42.8596 112852
42.8601 112870
42.8606 112888
42.8611 112906
42.8616 112924
42.862 112942
42.8625 112960
42.863 112978
42.8635 112996
42.864 113014
42.8644 113032
42.8649 113050
42.8654 113068
42.8659 113086
42.8664 113104
42.8669 113122
42.8673 113140
42.8678 113158
42.8683 113176
42.8688 113194
42.8693 113212
42.8697 113230
42.8702 113248
42.8707 113266
42.8712 113284
42.8717 113302
42.8721 113320
42.8726 113338
42.8731 113356
42.8736 113374
42.8761 113392
42.8768 113410
42.8773 113428
42.8777 113446
42.8782 113464
42.8787 113482
42.8792 113500
42.8797 113518
42.8801 113536
42.8806 113554
42.8811 113572
42.8816 113590
42.8821 113608
42.8825 113626
42.883 113644
42.8835 113662
42.884 113680
42.8845 113698
42.8849 113716
42.8854 113734
42.8859 113752
42.8864 113770
42.8869 113788
42.8873 113806
42.8878 113824
42.8883 113842
42.8888 113860
42.8893 113878
42.8898 113896
42.8902 113914
42.8907 113932
42.8912 113950
42.8917 113968
42.8922 113986
42.8926 114004
42.8931 114022
42.8936 114040
42.8941 114058
42.8946 114076
42.8968 114094
42.8975 114112
42.898 114130
42.8985 114148
42.899 114166
42.8994 114184
42.8999 114202
42.9004 114220
42.9009 114238
42.9014 114256
42.9018 114274
42.9023 114292
42.9028 114310
42.9033 114328
42.9038 114346
42.9042 114364
42.9047 114382
42.9052 114400
42.9057 114418
42.9062 114436
42.9066 114454
42.9071 114472
42.9076 114490
42.9081 114508
42.9086 114526
42.909 114544
42.9095 114562
42.91 114580
42.9105 114598
42.911 114616
42.9115 114634
42.9119 114652
42.9124 114670
42.9129 114688
42.9134 114706
42.9139 114724
42.9143 114742
42.9148 114760
42.9153 114778
42.9175 114796
42.9183 114814
42.9187 114832
42.9192 114850
42.9197 114868
42.9202 114886
42.9207 114904
42.9211 114922
42.9216 114940
42.9221 114958
42.9226 114976
42.9231 114994
42.9235 115012
42.924 115030
42.9245 115048
42.925 115066
42.9255 115084
42.9259 115102
42.9264 115120
42.9269 115138
42.9274 115156
42.9279 115174
42.9283 115192
42.9288 115210
42.9293 115228
42.9298 115246
42.9303 115264
42.9307 115282
42.9312 115300
42.9317 115318
42.9322 115336
42.9327 115354
42.9332 115372
42.9336 115390
42.9341 115408
42.9346 115426
42.9351 115444
42.9356 115462
42.936 115480
42.938 115498
42.9387 115516
42.9392 115534
42.9397 115552
42.9402 115570
42.9407 115588
42.9412 115606
42.9416 115624
42.9421 115642
42.9426 115660
42.9431 115678
42.9436 115696
42.944 115714
42.9445 115732
42.945 115750
42.9455 115768
42.946 115786
42.9464 115804
42.9469 115822
42.9474 115840
42.9479 115858
42.9484 115876
42.9488 115894
42.9493 115912
42.9498 115930
42.9503 115948
42.9508 115966
42.9512 115984
42.9517 116002
42.9522 116020
42.9527 116038
42.9532 116056
42.9536 116074
42.9541 116092
42.9546 116110
42.9551 116128
42.9556 116146
42.9561 116164
42.9565 116182
42.9585 116200
42.9592 116218
42.9597 116236
42.9602 116254
42.9607 116272
42.9612 116290
42.9617 116308
42.9621 116326
42.9626 116344
42.9631 116362
42.9636 116380
42.9641 116398
42.9645 116416
42.965 116434
42.9655 116452
42.966 116470
42.9665 116488
42.9669 116505
42.9674 116522
42.9679 116539
42.9684 116556
42.9689 116573
42.9693 116590
42.9698 116607
42.9703 116624
42.9708 116641
42.9713 116658
42.9717 116675
42.9722 116692
42.9727 116709
42.9732 116726
42.9737 116743
42.9741 116760
42.9746 116777
42.9751 116794
42.9756 116811
42.9761 116828
42.9766 116845
42.977 116862
42.9775 116879
42.9793 116896
42.98 116913
42.9805 116930
42.9809 116947
42.9814 116964
42.9819 116981
42.9824 116998
42.9829 117015
42.9834 117032
42.9838 117049
42.9843 117066
42.9848 117083
42.9853 117100
42.9858 117117
42.9862 117134
42.9867 117151
42.9872 117168
42.9877 117185
42.9882 117202
42.9886 117219
42.9891 117236
42.9896 117253
42.9901 117270
42.9906 117287
42.991 117304
42.9915 117321
42.992 117338
42.9925 117355
42.993 117372
42.9934 117389
42.9939 117406
42.9944 117423
42.9949 117440
42.9954 117457
42.9958 117474
42.9963 117491
42.9968 117508
42.9973 117525
42.9978 117542
42.9982 117559
43 117576
43.0007 117593
43.0012 117610
43.0017 117627
43.0022 117644
43.0026 117661
43.0031 117678
43.0036 117695
43.0041 117712
43.0046 117729
43.005 117746
43.0055 117763
43.006 117780
43.0065 117797
43.007 117814
43.0075 117831
43.0079 117848
43.0084 117865
43.0089 117882
43.0094 117899
43.0099 117916
43.0103 117933
43.0108 117950
43.0113 117967
43.0118 117984
43.0123 118001
43.0127 118018
43.0132 118035
43.0137 118052
43.0142 118069
43.0147 118086
43.0151 118103
43.0156 118120
43.0161 118137
43.0166 118154
43.0171 118171
43.0175 118188
43.018 118205
43.0185 118222
43.019 118239
43.0205 118256
43.0212 118273
43.0217 118290
43.0222 118307
43.0227 118324
43.0231 118341
43.0236 118358
43.0241 118375
43.0246 118392
43.0251 118409
43.0255 118426
43.026 118443
43.0265 118460
43.027 118477
43.0275 118494
43.028 118511
43.0284 118528
43.0289 118545
43.0294 118562
43.0299 118579
43.0304 118596
43.0308 118613
43.0313 118630
43.0318 118647
43.0323 118664
43.0328 118681
43.0332 118698
43.0337 118715
43.0342 118732
43.0347 118749
43.0352 118766
43.0356 118783
43.0361 118800
43.0366 118817
43.0371 118834
43.0376 118851
43.038 118868
43.0385 118885
43.039 118902
43.0395 118919
43.041 118936
43.0417 118953
43.0422 118970
43.0427 118987
43.0432 119004
43.0436 119021
43.0441 119038
43.0446 119055
43.0451 119072
43.0456 119089
43.046 119106
43.0465 119123
43.047 119140
43.0475 119157
43.048 119174
43.0484 119191
43.0489 119208
43.0494 119225
43.0499 119242
43.0504 119259
43.0509 119276
43.0513 119293
43.0518 119310
43.0523 119327
43.0528 119344
43.0533 119361
43.0537 119378
43.0542 119395
43.0547 119412
43.0552 119429
43.0557 119446
43.0561 119463
43.0566 119480
43.0571 119497
43.0576 119514
43.0581 119531
43.0585 119548
43.059 119565
43.0595 119582
43.06 119599
43.0605 119616
43.0617 119633
43.0625 119650
43.0629 119667
43.0634 119684
43.0639 119701
43.0644 119718
43.0649 119735
43.0653 119752
43.0658 119769
43.0663 119786
43.0668 119803
43.0673 119820
43.0677 119837
43.0682 119854
43.0687 119871
43.0692 119888
43.0697 119905
43.0701 119922
43.0706 119939
43.0711 119956
43.0716 119973
43.0721 119990
43.0726 120007
43.073 120024
43.0735 120041
43.074 120058
43.0745 120075
43.075 120092
43.0754 120109
43.0759 120126
43.0764 120143
43.0769 120160
43.0774 120177
43.0778 120194
43.0783 120211
43.0788 120228
43.0793 120245
43.0798 120262
43.0802 120279
43.0807 120296
43.0812 120313
43.0825 120330
43.0832 120347
43.0837 120364
43.0842 120381
43.0846 120398
43.0851 120415
43.0856 120432
43.0861 120449
43.0866 120466
43.087 120483
43.0875 120500
43.088 120517
43.0885 120534
43.089 120551
43.0894 120568
43.0899 120585
43.0904 120602
43.0909 120619
43.0914 120636
43.0918 120653
43.0923 120670
43.0928 120687
43.0933 120704
43.0938 120721
43.0943 120738
43.0947 120755
43.0952 120772
43.0957 120789
43.0962 120806
43.0967 120823
43.0971 120840
43.0976 120857
43.0981 120874
43.0986 120891
43.0991 120908
43.0995 120925
43.1 120942
43.1005 120959
43.101 120976
43.1015 120993
43.1019 121010
43.103 121027
43.1037 121044
43.1042 121061
43.1047 121078
43.1051 121095
43.1056 121112
43.1061 121129
43.1066 121146
43.1071 121163
43.1075 121180
43.108 121197
43.1085 121214
43.109 121231
43.1095 121248
43.1099 121265
43.1104 121282
43.1109 121299
43.1114 121316
43.1119 121333
43.1123 121350
43.1128 121367
43.1133 121384
43.1138 121401
43.1143 121418
43.1147 121435
43.1152 121452
43.1157 121469
43.1162 121486
43.1167 121503
43.1172 121520
43.1176 121537
43.1181 121554
43.1186 121571
43.1191 121588
43.1196 121605
43.12 121622
43.1205 121639
43.121 121656
43.1215 121673
43.122 121690
43.1224 121707
43.1235 121724
43.1242 121741
43.1247 121758
43.1252 121775
43.1256 121792
43.1261 121809
43.1266 121826
43.1271 121843
43.1276 121860
43.128 121877
43.1285 121894
43.129 121911
43.1295 121928
43.13 121945
43.1304 121962
43.1309 121979
43.1314 121996
43.1319 122013
43.1324 122030
43.1328 122047
43.1333 122064
43.1338 122081
43.1343 122098
43.1348 122115
43.1352 122132
43.1357 122149
43.1362 122166
43.1367 122183
43.1372 122200
43.1376 122217
43.1381 122234
43.1386 122251
43.1391 122268
43.1396 122285
43.1401 122302
43.1405 122319
43.141 122336
43.1415 122353
43.142 122370
43.1425 122387
43.1429 122404
43.1434 122421
43.1442 122438
43.1449 122455
43.1454 122472
43.1459 122489
43.1464 122506
43.1469 122523
43.1473 122540
43.1478 122557
43.1483 122574
43.1488 122591
43.1493 122608
43.1497 122625
43.1502 122642
43.1507 122659
43.1512 122676
43.1517 122693
43.1521 122710
43.1526 122727
43.1531 122744
43.1536 122761
43.1541 122778
43.1545 122795
43.155 122812
43.1555 122829
43.156 122846
43.1565 122863
43.1569 122880
43.1574 122897
43.1579 122914
43.1584 122931
43.1589 122948
43.1593 122965
43.1598 122982
43.1603 122999
43.1608 123016
43.1613 123033
43.1618 123050
43.1622 123067
43.1627 123084
43.1632 123101
43.1637 123118
43.1642 123135
43.1649 123152
43.1657 123169
43.1661 123186
43.1666 123203
43.1671 123220
43.1676 123237
43.1681 123254
43.1686 123271
43.169 123288
43.1695 123305
43.17 123322
43.1705 123339
43.171 123355
43.1714 123371
43.1719 123387
43.1724 123403
43.1729 123419
43.1734 123435
43.1738 123451
43.1743 123467
43.1748 123483
43.1753 123499
43.1758 123515
43.1762 123531
43.1767 123547
43.1772 123563
43.1777 123579
43.1782 123595
43.1786 123611
43.1791 123627
43.1796 123643
43.1801 123659
43.1806 123675
43.181 123691
43.1815 123707
43.182 123723
43.1825 123739
43.183 123755
43.1835 123771
43.1839 123787
43.1844 123803
43.1849 123819
43.1854 123835
43.1862 123851
43.1866 123867
43.1871 123883
43.1876 123899
43.1881 123915
43.1886 123931
43.1891 123947
43.1895 123963
43.19 123979
43.1905 123995
43.191 124011
43.1915 124027
43.1919 124043
43.1924 124059
43.1929 124075
43.1934 124091
43.1939 124107
43.1943 124123
43.1948 124139
43.1953 124155
43.1958 124171
43.1963 124187
43.1967 124203
43.1972 124219
43.1977 124235
43.1982 124251
43.1987 124267
43.1991 124283
43.1996 124299
43.2001 124315
43.2006 124331
43.2011 124347
43.2015 124363
43.202 124379
43.2025 124395
43.203 124411
43.2035 124427
43.204 124443
43.2044 124459
43.2049 124475
43.2054 124491
43.2059 124507
43.2067 124523
43.2071 124539
43.2076 124555
43.2081 124571
43.2086 124587
43.2091 124603
43.2095 124619
43.21 124635
43.2105 124651
43.211 124667
43.2115 124683
43.212 124699
43.2124 124715
43.2129 124731
43.2134 124747
43.2139 124763
43.2144 124779
43.2148 124795
43.2153 124811
43.2158 124827
43.2163 124843
43.2168 124859
43.2172 124875
43.2177 124891
43.2182 124907
43.2187 124923
43.2192 124939
43.2196 124955
43.2201 124971
43.2206 124987
43.2211 125003
43.2216 125019
43.222 125035
43.2225 125051
43.223 125067
43.2235 125083
43.224 125099
43.2244 125115
43.2249 125131
43.2254 125147
43.2259 125163
43.2264 125179
43.2272 125195
43.2276 125211
43.2281 125227
43.2286 125243
43.2291 125259
43.2296 125275
43.23 125291
43.2305 125307
43.231 125323
43.2315 125339
43.232 125355
43.2324 125371
43.2329 125387
43.2334 125403
43.2339 125419
43.2344 125435
43.2349 125451
43.2353 125467
43.2358 125483
43.2363 125499
43.2368 125515
43.2373 125531
43.2377 125547
43.2382 125563
43.2387 125579
43.2392 125595
43.2397 125611
43.2401 125627
43.2406 125643
43.2411 125659
43.2416 125675
43.2421 125691
43.2425 125707
43.243 125723
43.2435 125739
43.244 125755
43.2445 125771
43.2449 125787
43.2454 125803
43.2459 125819
43.2464 125835
43.2469 125851
43.2473 125867
43.2479 125883
43.2484 125899
43.2489 125915
43.2493 125931
43.2498 125947
43.2503 125963
43.2508 125979
43.2513 125995
43.2517 126011
43.2522 126027
43.2527 126043
43.2532 126059
43.2537 126075
43.2541 126091
43.2546 126107
43.2551 126123
43.2556 126139
43.2561 126155
43.2566 126171
43.257 126187
43.2575 126203
43.258 126219
43.2585 126235
43.259 126251
43.2594 126267
43.2599 126283
43.2604 126299
43.2609 126315
43.2614 126331
43.2618 126347
43.2623 126363
43.2628 126379
43.2633 126395
43.2638 126411
43.2642 126427
43.2647 126443
43.2652 126459
43.2657 126475
43.2662 126491
43.2666 126507
43.2671 126523
43.2676 126539
43.2681 126555
43.2686 126571
43.2691 126587
43.2696 126603
43.2701 126619
43.2706 126635
43.271 126651
43.2715 126667
43.272 126683
43.2725 126699
43.273 126715
43.2734 126731
43.2739 126747
43.2744 126763
43.2749 126779
43.2754 126795
43.2758 126811
43.2763 126827
43.2768 126843
43.2773 126859
43.2778 126875
43.2783 126891
43.2787 126907
43.2792 126923
43.2797 126939
43.2802 126955
43.2807 126971
43.2811 126987
43.2816 127003
43.2821 127019
43.2826 127035
43.2831 127051
43.2835 127067
43.284 127083
43.2845 127099
43.285 127115
43.2855 127131
43.2859 127147
43.2864 127163
43.2869 127179
43.2874 127195
43.2879 127211
43.2883 127227
43.2888 127243
43.2893 127259
43.2898 127275
43.2903 127291
43.2907 127307
43.2912 127323
43.2917 127339
43.2922 127355
43.2927 127371
43.2932 127387
43.2936 127403
43.2941 127419
43.2946 127435
43.2951 127451
43.2956 127467
43.296 127483
43.2965 127499
43.297 127515
43.2975 127531
43.298 127547
43.2984 127563
43.2989 127579
43.2994 127595
43.2999 127611
43.3004 127627
43.3008 127643
43.3013 127659
43.3018 127675
43.3023 127691
43.3028 127707
43.3032 127723
43.3037 127739
43.3042 127755
43.3047 127771
43.3052 127787
43.3056 127803
43.3061 127819
43.3066 127835
43.3071 127851
43.3076 127867
43.3081 127883
43.3085 127899
43.309 127915
43.3095 127931
43.31 127947
43.3105 127963
43.3109 127979
43.3114 127995
43.3119 128011
43.3124 128027
43.3129 128043
43.3133 128059
43.3138 128075
43.3143 128091
43.3148 128107
43.3153 128123
43.3157 128139
43.3162 128155
43.3167 128171
43.3172 128187
43.3177 128203
43.3181 128219
43.3186 128235
43.3191 128251
43.3196 128267
43.3201 128283
43.3205 128299
43.321 128315
43.3215 128331
43.322 128347
43.3225 128363
43.323 128379
43.3234 128395
43.3239 128411
43.3244 128427
43.3249 128443
43.3254 128459
43.3258 128475
43.3263 128491
43.3268 128507
43.3273 128523
43.3278 128539
43.3282 128555
43.3287 128571
43.3292 128587
43.3297 128603
43.3302 128619
43.3306 128635
43.3311 128651
43.3316 128667
43.3321 128683
43.3326 128699
43.333 128715
43.3335 128731
43.334 128747
43.3345 128763
43.335 128779
43.3354 128795
43.3359 128811
43.3364 128827
43.3369 128843
43.3374 128859
43.3379 128875
43.3383 128891
43.3388 128907
43.3393 128923
43.3398 128939
43.3403 128955
43.3407 128971
43.3412 128987
43.3417 129003
43.3422 129019
43.3427 129035
43.3431 129051
43.3436 129067
43.3441 129083
43.3446 129099
43.3451 129115
43.3455 129131
43.346 129147
43.3465 129163
43.347 129179
43.3475 129195
43.3479 129211
43.3484 129227
43.3489 129243
43.3494 129259
43.3499 129275
43.3503 129291
43.3508 129307
43.3513 129323
43.3518 129339
43.3523 129355
43.3528 129371
43.3532 129387
43.3537 129403
43.3542 129419
43.3547 129435
43.3552 129451
43.3556 129467
43.3561 129483
43.3566 129499
43.3571 129515
43.3576 129531
43.358 129547
43.3585 129563
43.359 129579
43.3595 129595
43.36 129611
43.3604 129627
43.3609 129643
43.3614 129659
43.3619 129675
43.3624 129691
43.3628 129707
43.3633 129723
43.3638 129739
43.3643 129755
43.3648 129771
43.3652 129787
43.3657 129803
43.3662 129819
43.3667 129835
43.3672 129851
43.3677 129867
43.3681 129883
43.3686 129899
43.3691 129915
43.3696 129931
43.3701 129947
43.3705 129963
43.371 129979
43.3715 129995
43.372 130011
43.3725 130027
43.3729 130043
43.3734 130059
43.3739 130075
43.3744 130091
43.3749 130107
43.3753 130123
43.3758 130139
43.3763 130155
43.3768 130171
43.3773 130187
43.3777 130203
43.3782 130219
43.3787 130235
43.3792 130251
43.3797 130267
43.3801 130283
43.3806 130299
43.3811 130315
43.3816 130331
43.3821 130347
43.3826 130363
43.383 130379
43.3835 130395
43.384 130411
43.3845 130427
43.385 130443
43.3854 130459
43.3859 130475
43.3864 130491
43.3869 130507
43.3874 130523
43.3878 130539
43.3883 130555
43.3888 130571
43.3893 130587
43.3898 130603
43.3902 130619
43.3907 130635
43.3912 130651
43.3917 130667
43.3922 130683
43.3926 130699
43.3931 130715
43.3936 130731
43.3941 130747
43.3946 130763
43.395 130779
43.3955 130795
43.396 130811
43.3965 130827
43.397 130843
43.3975 130859
43.3979 130875
43.3984 130891
43.3989 130907
43.3994 130923
43.3999 130939
43.4003 130955
43.4008 130971
43.4013 130987
43.4018 131003
43.4023 131019
43.4027 131035
43.4032 131051
43.4037 131066
43.4042 131081
43.4047 131096
43.4051 131111
43.4056 131126
43.4061 131141
43.4066 131156
43.4071 131171
43.4075 131186
43.408 131201
43.4085 131216
43.409 131231
43.4095 131246
43.4099 131261
43.4104 131276
43.4109 131291
43.4114 131306
43.4119 131321
43.4124 131336
43.4128 131351
43.4133 131366
43.4138 131381
43.4143 131396
43.4148 131411
43.4152 131426
43.4157 131441
43.4162 131456
43.4167 131471
43.4172 131486
43.4176 131501
43.4181 131516
43.4186 131531
43.4191 131546
43.4196 131561
43.42 131576
43.4205 131591
43.421 131606
43.4215 131621
43.422 131636
43.4224 131651
43.4229 131666
43.4234 131681
43.4239 131696
43.4244 131711
43.4248 131726
43.4253 131741
43.4258 131756
43.4263 131771
43.4268 131786
43.4272 131801
43.4277 131816
43.4282 131831
43.4287 131846
43.4292 131861
43.4297 131876
43.4301 131891
43.4306 131906
43.4311 131921
43.4316 131936
43.4321 131951
43.4325 131966
43.433 131981
43.4335 131996
43.434 132011
43.4345 132026
43.4349 132041
43.4354 132056
43.4359 132071
43.4364 132086
43.4369 132101
43.4373 132116
43.4378 132131
43.4383 132146
43.4388 132161
43.4393 132176
43.4397 132191
43.4402 132206
43.4407 132221
43.4412 132236
43.4417 132251
43.4421 132266
43.4426 132281
43.4431 132296
43.4436 132311
43.4441 132326
43.4446 132341
43.445 132356
43.4455 132371
43.446 132386
43.4465 132401
43.447 132416
43.4474 132431
43.4479 132446
43.4484 132461
43.4489 132476
43.4494 132491
43.4498 132506
43.4503 132521
43.4508 132536
43.4513 132551
43.4518 132566
43.4522 132581
43.4527 132596
43.4532 132611
43.4537 132626
43.4542 132641
43.4546 132656
43.4551 132671
43.4556 132686
43.4561 132701
43.4566 132716
43.457 132731
43.4575 132746
43.458 132761
43.4585 132776
43.459 132791
43.4595 132806
43.4599 132821
43.4604 132836
43.4609 132851
43.4614 132866
43.4619 132881
43.4623 132896
43.4628 132911
43.4633 132926
43.4638 132941
43.4643 132956
43.4647 132971
43.4652 132986
43.4657 133001
43.4662 133016
43.4667 133031
43.4671 133046
43.4676 133061
43.4681 133076
43.4686 133091
43.4691 133106
43.4695 133121
43.47 133136
43.4705 133151
43.471 133166
43.4715 133181
43.4719 133196
43.4724 133211
43.4729 133226
43.4734 133241
43.4739 133256
43.4744 133271
43.4748 133286
43.4753 133301
43.4758 133316
43.4763 133331
43.4768 133346
43.4772 133361
43.4777 133376
43.4782 133391
43.4787 133406
43.4792 133421
43.4796 133436
43.4801 133451
43.4806 133466
43.4811 133481
43.4816 133496
43.482 133511
43.4825 133526
43.483 133541
43.4835 133556
43.484 133571
43.4844 133586
43.4849 133601
43.4854 133616
43.4859 133631
43.4864 133646
43.4868 133661
43.4873 133676
43.4878 133691
43.4883 133706
43.4888 133721
43.4893 133736
43.4897 133751
43.4902 133766
43.4907 133781
43.4912 133796
43.4917 133811
43.4921 133826
43.4926 133841
43.4931 133856
43.4936 133871
43.4941 133886
43.4945 133901
43.495 133916
43.4955 133931
43.496 133946
43.4965 133961
43.4969 133976
43.4974 133991
43.4979 134006
43.4984 134021
43.4989 134036
43.4993 134051
43.4998 134066
43.5003 134081
43.5008 134096
43.5013 134111
43.5017 134126
43.5022 134141
43.5027 134156
43.5032 134171
43.5037 134186
43.5042 134201
43.5046 134216
43.5051 134231
43.5056 134246
43.5061 134261
43.5066 134276
43.507 134291
43.5075 134306
43.508 134321
43.5085 134336
43.509 134351
43.5094 134366
43.5099 134381
43.5104 134396
43.5109 134411
43.5114 134426
43.5118 134441
43.5123 134456
43.5128 134471
43.5133 134486
43.5138 134501
43.5142 134516
43.5147 134531
43.5152 134546
43.5157 134561
43.5162 134576
43.5166 134591
43.5171 134606
43.5176 134621
43.5181 134636
43.5186 134651
43.5191 134666
43.5195 134681
43.52 134696
43.5205 134711
43.521 134726
43.5215 134741
43.5219 134756
43.5224 134771
43.5229 134786
43.5234 134801
43.5239 134816
43.5243 134831
43.5248 134846
43.5253 134861
43.5258 134876
43.5263 134891
43.5267 134906
43.5272 134921
43.5277 134936
43.5282 134951
43.5287 134966
43.5291 134981
43.5296 134996
43.5301 135011
43.5306 135026
43.5311 135041
43.5315 135056
43.532 135071
43.5325 135086
43.533 135101
43.5335 135116
43.534 135131
43.5344 135146
43.5349 135161
43.5354 135176
43.5359 135191
43.5364 135206
43.5368 135221
43.5373 135236
43.5378 135251
43.5383 135266
43.5388 135281
43.5392 135296
43.5397 135311
43.5402 135326
43.5407 135341
43.5412 135356
43.5416 135371
43.5421 135386
43.5426 135401
43.5431 135416
43.5436 135431
43.544 135446
43.5445 135461
43.545 135476
43.5455 135491
43.546 135506
43.5464 135521
43.5469 135536
43.5474 135551
43.5479 135566
43.5484 135581
43.5489 135596
43.5493 135611
43.5498 135626
43.5503 135641
43.5508 135656
43.5513 135671
43.5517 135686
43.5522 135701
43.5527 135716
43.5532 135731
43.5537 135746
43.5541 135761
43.5546 135776
43.5551 135791
43.5556 135806
43.5561 135821
43.5565 135836
43.557 135851
43.5575 135866
43.558 135881
43.5585 135896
43.5589 135911
43.5594 135926
43.5599 135941
43.5604 135956
43.5609 135971
43.5613 135986
43.5618 136001
43.5623 136016
43.5628 136031
43.5633 136046
43.5638 136061
43.5642 136076
43.5647 136091
43.5652 136106
43.5657 136121
43.5662 136136
43.5666 136151
43.5671 136166
43.5676 136181
43.5681 136196
43.5686 136211
43.569 136226
43.5695 136241
43.57 136256
43.5705 136271
43.571 136286
43.5714 136301
43.5719 136316
43.5724 136331
43.5729 136346
43.5734 136361
43.5738 136376
43.5743 136391
43.5748 136406
43.5753 136421
43.5758 136436
43.5762 136451
43.5767 136466
43.5772 136481
43.5777 136496
43.5782 136511
43.5787 136526
43.5791 136541
43.5796 136556
43.5801 136571
43.5806 136586
43.5811 136601
43.5815 136616
43.582 136631
43.5825 136646
43.583 136661
43.5835 136676
43.5839 136691
43.5844 136706
43.5849 136721
43.5854 136736
43.5859 136751
43.5863 136766
43.5868 136781
43.5873 136796
43.5878 136811
43.5883 136826
43.5887 136841
43.5892 136856
43.5897 136871
43.5902 136886
43.5907 136901
43.5911 136916
43.5916 136931
43.5921 136946
43.5926 136961
43.5931 136976
43.5936 136991
43.594 137006
43.5945 137021
43.595 137036
43.5955 137051
43.596 137066
43.5964 137081
43.5969 137096
43.5974 137111
43.5979 137126
43.5984 137141
43.5988 137156
43.5993 137171
43.5998 137186
43.6003 137201
43.6008 137216
43.6012 137231
43.6017 137246
43.6022 137261
43.6027 137276
43.6032 137291
43.6036 137306
43.6041 137321
43.6046 137336
43.6051 137351
43.6056 137366
43.606 137381
43.6065 137396
43.607 137411
43.6075 137426
43.608 137441
43.6085 137456
43.6089 137471
43.6094 137486
43.6099 137501
43.6104 137516
43.6109 137531
43.6113 137546
43.6118 137561
43.6123 137576
43.6128 137591
43.6133 137606
43.6137 137621
43.6142 137636
43.6147 137651
43.6152 137666
43.6157 137681
43.6161 137696
43.6166 137711
43.6171 137726
43.6176 137741
43.6181 137756
43.6185 137771
43.619 137786
43.6195 137801
43.62 137816
43.6205 137831
43.6209 137846
43.6214 137861
43.6219 137876
43.6224 137891
43.6229 137906
43.6234 137921
43.6238 137936
43.6243 137951
43.6248 137966
43.6253 137981
43.6258 137996
43.6262 138011
43.6267 138026
43.6272 138041
43.6277 138056
43.6282 138071
43.6286 138086
43.6291 138101
43.6296 138116
43.6301 138131
43.6306 138146
43.631 138161
43.6315 138176
43.632 138191
43.6325 138206
43.633 138221
43.6334 138236
43.6339 138251
43.6344 138266
43.6349 138281
43.6354 138296
43.6358 138311
43.6363 138326
43.6368 138341
43.6373 138356
43.6378 138371
43.6383 138386
43.6387 138401
43.6392 138416
43.6397 138431
43.6402 138446
43.6407 138461
43.6411 138476
43.6416 138491
43.6421 138506
43.6426 138521
43.6431 138536
43.6435 138551
43.644 138566
43.6445 138581
43.645 138596
43.6455 138611
43.6459 138626
43.6464 138641
43.6469 138656
43.6474 138671
43.6479 138686
43.6483 138701
43.6488 138716
43.6493 138731
43.6498 138746
43.6503 138761
43.6507 138776
43.6512 138791
43.6517 138806
43.6522 138821
43.6527 138836
43.6532 138851
43.6536 138866
43.6541 138881
43.6546 138896
43.6551 138911
43.6556 138926
43.656 138941
43.6565 138956
43.657 138971
43.6575 138986
43.658 139001
43.6584 139016
43.6589 139031
43.6594 139046
43.6599 139061
43.6604 139076
43.6608 139091
43.6613 139106
43.6618 139121
43.6623 139136
43.6628 139151
43.6632 139166
43.6637 139181
43.6642 139196
43.6647 139211
43.6652 139226
43.6656 139241
43.6661 139256
43.6666 139271
43.6671 139286
43.6676 139301
43.6681 139316
43.6685 139331
43.669 139346
43.6695 139361
43.67 139376
43.6705 139391
43.6709 139406
43.6714 139421
43.6719 139436
43.6724 139451
43.6729 139466
43.6733 139481
43.6738 139496
43.6743 139511
43.6748 139526
43.6753 139541
43.6757 139556
43.6762 139571
43.6767 139586
43.6772 139601
43.6777 139616
43.6781 139631
43.6786 139646
43.6791 139661
43.6796 139676
43.6801 139691
43.6805 139706
43.681 139721
43.6815 139736
43.682 139751
43.6825 139766
43.683 139781
43.6834 139795
43.6839 139809
43.6844 139823
43.6849 139837
43.6854 139851
43.6858 139865
43.6863 139879
43.6868 139893
43.6873 139907
43.6878 139921
43.6882 139935
43.6887 139949
43.6892 139963
43.6897 139977
43.6902 139991
43.6906 140005
43.6911 140019
43.6916 140033
43.6921 140047
43.6926 140061
43.693 140075
43.6935 140089
43.694 140103
43.6945 140117
43.695 140131
43.6954 140145
43.6959 140159
43.6964 140173
43.6969 140187
43.6974 140201
43.6979 140215
43.6983 140229
43.6988 140243
43.6993 140257
43.6998 140271
43.7003 140285
43.7007 140299
43.7012 140313
43.7017 140327
43.7022 140341
43.7027 140355
43.7031 140369
43.7036 140383
43.7041 140397
43.7046 140411
43.7051 140425
43.7055 140439
43.706 140453
43.7065 140467
43.707 140481
43.7075 140495
43.7079 140509
43.7084 140523
43.7089 140537
43.7089 78848
43.7094 78874
43.7094 78848
43.7099 78874
43.7099 78848
43.7103 78874
43.7103 78848
43.7108 78874
43.7108 78848
43.7113 78874
43.7113 78848
43.7118 78874
43.7118 78848
43.7123 78874
43.7123 78848
43.7128 78874
43.7128 78848
43.7132 78874
43.7132 78848
43.7137 78874
43.7137 78848
43.7142 78874
43.7142 78848
43.7147 78874
43.7147 78848
43.7152 78874
43.7152 78848
43.7156 78874
43.7156 78848
43.7161 78874
43.7161 78848
43.7166 78874
43.7166 78848
43.7171 78874
43.7171 78848
43.7176 78874
43.7176 78848
43.718 78874
43.718 78848
43.7185 78874
43.7185 78848
43.719 78874
43.719 78848
43.7195 78874
43.7195 78848
43.72 78874
43.72 78848
43.7204 78874
43.7204 78848
43.7209 78874
43.7209 78848
43.7214 78874
43.7214 78848
43.7219 78874
43.7219 78848
43.7224 78874
43.7224 78848
43.7228 78874
43.7228 78848
43.7233 78874
43.7233 78848
43.7238 78874
43.7238 78848
43.7243 78874
43.7243 78848
43.7248 78874
43.7248 78848
43.7252 78874
43.7252 78848
43.7257 78874
43.7257 78848
43.7262 78874
43.7262 78848
43.7267 78874
43.7267 78848
43.7272 78874
43.7272 78848
43.7276 78874
43.7276 78848
43.7281 78874
43.7281 78848
43.7286 78874
43.7286 78848
43.7291 78874
43.7291 78848
43.7296 78874
43.7296 78848
43.7301 78874
43.7301 78848
43.7305 78874
43.7305 78848
43.731 78874
43.731 78848
43.7315 78874
43.7315 78848
43.7395 78874
43.7402 78900
43.7407 78926
43.7412 78952
43.7417 78978
43.7421 79004
43.7426 79030
43.7431 79056
43.7436 79082
43.7441 79108
43.7445 79134
43.745 79160
43.7455 79186
43.746 79212
43.7465 79238
43.7469 79264
43.7474 79290
43.7479 79316
43.7484 79342
43.7489 79368
43.7493 79394
43.7498 79420
43.7503 79446
43.7508 79472
43.7513 79498
43.7518 79524
43.7522 79550
43.7602 79576
43.761 79602
43.7614 79628
43.7619 79654
43.7624 79680
43.7629 79706
43.7634 79732
43.7638 79758
43.7643 79784
43.7648 79810
43.7653 79836
43.7658 79862
43.7662 79888
43.7667 79914
43.7672 79940
43.7677 79966
43.7682 79992
43.7686 80018
43.7691 80044
43.7696 80070
43.7701 80096
43.7706 80122
43.771 80148
43.7715 80174
43.772 80200
43.7725 80226
43.773 80252
43.781 80278
43.7817 80304
43.7822 80330
43.7827 80356
43.7831 80382
43.7836 80408
43.7841 80434
43.7846 80460
43.7851 80486
43.7855 80512
43.786 80538
43.7865 80564
43.787 80590
43.7875 80616
43.7879 80642
43.7884 80668
43.7889 80693
43.7894 80718
43.7899 80743
43.7903 80768
43.7908 80793
43.7913 80818
43.7918 80843
43.7923 80868
43.7927 80893
43.7932 80918
43.7937 80943
43.8015 80968
43.8022 80993
43.8027 81018
43.8032 81043
43.8036 81068
43.8041 81093
43.8046 81118
43.8051 81143
43.8056 81168
43.806 81193
43.8065 81218
43.807 81243
43.8075 81268
43.808 81293
43.8084 81318
43.8089 81343
43.8094 81368
43.8099 81393
43.8104 81418
43.8108 81443
43.8113 81468
43.8118 81493
43.8123 81518
43.8128 81543
43.8132 81568
43.8137 81593
43.8142 81618
43.822 81643
43.8227 81668
43.8232 81693
43.8237 81718
43.8241 81743
43.8246 81768
43.8251 81793
43.8256 81818
43.8261 81843
43.8265 81868
43.827 81893
43.8275 81918
43.828 81943
43.8285 81968
43.8289 81993
43.8294 82018
43.8299 82043
43.8304 82068
43.8309 82093
43.8313 82118
43.8318 82143
43.8323 82168
43.8328 82193
43.8333 82218
43.8337 82243
43.8342 82268
43.8347 82293
43.8352 82318
43.8427 82343
43.8434 82368
43.8439 82393
43.8444 82418
43.8449 82443
43.8454 82468
43.8458 82493
43.8463 82518
43.8468 82543
43.8473 82568
43.8478 82593
43.8482 82618
43.8487 82643
43.8492 82668
43.8497 82693
43.8502 82718
43.8506 82743
43.8511 82768
43.8516 82793
43.8521 82818
43.8526 82843
43.853 82868
43.8535 82893
43.854 82918
43.8545 82943
43.855 82968
43.8554 82993
43.8559 83018
43.8634 83043
43.8642 83068
43.8646 83093
43.8651 83118
43.8656 83143
43.8661 83168
43.8666 83193
43.867 83218
43.8675 83243
43.868 83268
43.8685 83293
43.869 83318
43.8695 83343
43.8699 83368
43.8704 83393
43.8709 83418
43.8714 83443
43.8719 83468
43.8723 83493
43.8728 83518
43.8733 83543
43.8738 83568
43.8743 83593
43.8747 83618
43.8752 83643
43.8757 83668
43.8762 83693
43.8767 83718
43.8839 83743
43.8847 83768
43.8851 83793
43.8856 83818
43.8861 83843
43.8866 83868
43.8871 83893
43.8875 83917
43.888 83941
43.8885 83965
43.889 83989
43.8895 84013
43.89 84037
43.8904 84061
43.8909 84085
43.8914 84109
43.8919 84133
43.8924 84157
43.8928 84181
43.8933 84205
43.8938 84229
43.8943 84253
43.8948 84277
43.8952 84301
43.8957 84325
43.8962 84349
43.8967 84373
43.8972 84397
43.9044 84421
43.9052 84445
43.9056 84469
43.9061 84493
43.9066 84517
43.9071 84541
43.9076 84565
43.908 84589
43.9085 84613
43.909 84637
43.9095 84661
43.91 84685
43.9104 84709
43.9109 84733
43.9114 84757
43.9119 84781
43.9124 84805
43.9129 84829
43.9133 84853
43.9138 84877
43.9143 84901
43.9148 84925
43.9153 84949
43.9157 84973
43.9162 84997
43.9167 85021
43.9172 85045
43.9177 85069
43.9181 85093
43.9252 85117
43.9259 85141
43.9264 85165
43.9269 85189
43.9273 85213
43.9278 85237
43.9283 85261
43.9288 85285
43.9293 85309
43.9297 85333
43.9302 85357
43.9307 85381
43.9312 85405
43.9317 85429
43.9321 85453
43.9326 85477
43.9331 85501
43.9336 85525
43.9341 85549
43.9346 85573
43.935 85597
43.9355 85621
43.936 85645
43.9365 85669
43.937 85693
43.9374 85717
43.9379 85741
43.9384 85765
43.9389 85789
43.9459 85813
43.9466 85837
43.9471 85861
43.9476 85885
43.9481 85909
43.9486 85933
43.949 85957
43.9495 85981
43.95 86005
43.9505 86029
43.951 86053
43.9514 86077
43.9519 86101
43.9524 86125
43.9529 86149
43.9534 86173
43.9538 86197
43.9543 86221
43.9548 86245
43.9553 86269
43.9558 86293
43.9563 86317
43.9567 86341
43.9572 86365
43.9577 86389
43.9582 86413
43.9587 86437
43.9591 86461
43.9596 86485
43.9664 86509
43.9671 86533
43.9676 86557
43.9681 86581
43.9686 86605
43.9691 86629
43.9695 86653
43.97 86677
43.9705 86701
43.971 86725
43.9715 86749
43.9719 86773
43.9724 86797
43.9729 86821
43.9734 86845
43.9739 86869
43.9743 86893
43.9748 86917
43.9753 86941
43.9758 86965
43.9763 86989
43.9767 87013
43.9772 87037
43.9777 87061
43.9782 87085
43.9787 87109
43.9792 87133
43.9796 87157
43.9801 87181
43.9869 87205
43.9876 87229
43.9881 87253
43.9886 87277
43.9891 87301
43.9896 87325
43.99 87349
43.9905 87373
43.991 87396
43.9915 87419
43.992 87442
43.9924 87465
43.9929 87488
43.9934 87511
43.9939 87534
43.9944 87557
43.9948 87580
43.9953 87603
43.9958 87626
43.9963 87649
43.9968 87672
43.9972 87695
43.9977 87718
43.9982 87741
43.9987 87764
43.9992 87787
43.9997 87810
44.0001 87833
44.0006 87856
44.0011 87879
44.0077 87902
44.0084 87925
44.0089 87948
44.0093 87971
44.0098 87994
44.0103 88017
44.0108 88040
44.0113 88063
44.0117 88086
44.0122 88109
44.0127 88132
44.0132 88155
44.0137 88178
44.0141 88201
44.0146 88224
44.0151 88247
44.0156 88270
44.0161 88293
44.0165 88316
44.017 88339
44.0175 88362
44.018 88385
44.0185 88408
44.0189 88431
44.0194 88454
44.0199 88477
44.0204 88500
44.0209 88523
44.0213 88546
44.0218 88569
44.0284 88592
44.0291 88615
44.0296 88638
44.0301 88661
44.0306 88684
44.031 88707
44.0315 88730
44.032 88753
44.0325 88776
44.033 88799
44.0334 88822
44.0339 88845
44.0344 88868
44.0349 88891
44.0354 88914
44.0358 88937
44.0363 88960
44.0368 88983
44.0373 89006
44.0378 89029
44.0382 89052
44.0387 89075
44.0392 89098
44.0397 89121
44.0402 89144
44.0406 89167
44.0411 89190
44.0416 89213
44.0421 89236
44.0426 89259
44.0489 89282
44.0496 89305
44.0501 89328
44.0506 89351
44.0511 89374
44.0515 89397
44.052 89420
44.0525 89443
44.053 89466
44.0535 89489
44.0539 89512
44.0544 89535
44.0549 89558
44.0554 89581
44.0559 89604
44.0563 89627
44.0568 89650
44.0573 89673
44.0578 89696
44.0583 89719
44.0587 89742
44.0592 89765
44.0597 89788
44.0602 89811
44.0607 89834
44.0611 89857
44.0616 89880
44.0621 89903
44.0626 89926
44.0631 89949
44.0694 89972
44.0701 89995
44.0706 90018
44.0711 90041
44.0715 90064
44.072 90087
44.0725 90110
44.073 90133
44.0735 90156
44.074 90179
44.0744 90202
44.0749 90225
44.0754 90248
44.0759 90271
44.0764 90294
44.0768 90317
44.0773 90340
44.0778 90363
44.0783 90386
44.0788 90409
44.0792 90432
44.0797 90455
44.0802 90478
44.0807 90501
44.0812 90524
44.0816 90547
44.0821 90570
44.0826 90593
44.0831 90616
44.0836 90639
44.084 90662
44.0901 90685
44.0908 90708
44.0913 90731
44.0918 90754
44.0923 90777
44.0928 90800
44.0932 90823
44.0937 90846
44.0942 90869
44.0947 90892
44.0952 90915
44.0957 90938
44.0961 90961
44.0966 90984
44.0971 91007
44.0976 91030
44.0981 91053
44.0985 91076
44.099 91099
44.0995 91122
44.1 91145
44.1005 91168
44.1009 91190
44.1014 91212
44.1019 91234
44.1024 91256
44.1029 91278
44.1033 91300
44.1038 91322
44.1043 91344
44.1048 91366
44.1109 91388
44.1116 91410
44.1121 91432
44.1125 91454
44.113 91476
44.1135 91498
44.114 91520
44.1145 91542
44.1149 91564
44.1154 91586
44.1159 91608
44.1164 91630
44.1169 91652
44.1174 91674
44.1178 91696
44.1183 91718
44.1188 91740
44.1193 91762
44.1198 91784
44.1202 91806
44.1207 91828
44.1212 91850
44.1217 91872
44.1222 91894
44.1226 91916
44.1231 91938
44.1236 91960
44.1241 91982
44.1246 92004
44.125 92026
44.1255 92048
44.1314 92070
44.1321 92092
44.1326 92114
44.133 92136
44.1335 92158
44.134 92180
44.1345 92202
44.135 92224
44.1354 92246
44.1359 92268
44.1364 92290
44.1369 92312
44.1374 92334
44.1378 92356
44.1383 92378
44.1388 92400
44.1393 92422
44.1398 92444
44.1403 92466
44.1407 92488
44.1412 92510
44.1417 92532
44.1422 92554
44.1427 92576
44.1431 92598
44.1436 92620
44.1441 92642
44.1446 92664
44.1451 92686
44.1455 92708
44.146 92730
44.1519 92752
44.1526 92774
44.1531 92796
44.1535 92818
44.154 92840
44.1545 92862
44.155 92884
44.1555 92906
44.1559 92928
44.1564 92950
44.1569 92972
44.1574 92994
44.1579 93016
44.1583 93038
44.1588 93060
44.1593 93082
44.1598 93104
44.1603 93126
44.1607 93148
44.1612 93170
44.1617 93192
44.1622 93214
44.1627 93236
44.1632 93258
44.1636 93280
44.1641 93302
44.1646 93324
44.1651 93346
44.1656 93368
44.166 93390
44.1665 93412
44.167 93434
44.1726 93456
44.1733 93478
44.1738 93500
44.1743 93522
44.1748 93544
44.1752 93566
44.1757 93588
44.1762 93610
44.1767 93632
44.1772 93654
44.1776 93676
44.1781 93698
44.1786 93720
44.1791 93742
44.1796 93764
44.18 93786
44.1805 93808
44.181 93830
44.1815 93852
44.182 93874
44.1824 93896
44.1829 93918
44.1834 93940
44.1839 93962
44.1844 93984
44.1849 94006
44.1853 94028
44.1858 94050
44.1863 94072
44.1868 94094
44.1873 94116
44.1877 94138
44.1933 94160
44.1941 94182
44.1945 94204
44.195 94226
44.1955 94248
44.196 94270
44.1965 94292
44.1969 94314
44.1974 94336
44.1979 94358
44.1984 94380
44.1989 94402
44.1993 94424
44.1998 94446
44.2003 94468
44.2008 94490
44.2013 94512
44.2017 94534
44.2022 94556
44.2027 94578
44.2032 94600
44.2037 94622
44.2041 94644
44.2046 94666
44.2051 94688
44.2056 94710
44.2061 94732
44.2066 94754
44.207 94776
44.2075 94798
44.208 94820
44.2085 94842
44.2138 94864
44.2146 94886
44.215 94908
44.2155 94930
44.216 94952
44.2165 94974
44.217 94996
44.2174 95018
44.2179 95040
44.2184 95062
44.2189 95084
44.2194 95106
44.2198 95128
44.2203 95150
44.2208 95172
44.2213 95194
44.2218 95216
44.2222 95238
44.2227 95260
44.2232 95282
44.2237 95304
44.2242 95326
44.2246 95347
44.2251 95368
44.2256 95389
44.2261 95410
44.2266 95431
44.227 95452
44.2275 95473
44.228 95494
44.2285 95515
44.229 95536
44.2343 95557
44.2351 95578
44.2355 95599
44.236 95620
44.2365 95641
44.237 95662
44.2375 95683
44.2379 95704
44.2384 95725
44.2389 95746
44.2394 95767
44.2399 95788
44.2403 95809
44.2408 95830
44.2413 95851
44.2418 95872
44.2423 95893
44.2427 95914
44.2432 95935
44.2437 95956
44.2442 95977
44.2447 95998
44.2451 96019
44.2456 96040
44.2461 96061
44.2466 96082
44.2471 96103
44.2475 96124
44.248 96145
44.2485 96166
44.249 96187
44.2495 96208
44.2548 96229
44.2555 96250
44.256 96271
44.2565 96292
44.257 96313
44.2575 96334
44.258 96355
44.2584 96376
44.2589 96397
44.2594 96418
44.2599 96439
44.2604 96460
44.2608 96481
44.2613 96502
44.2618 96523
44.2623 96544
44.2628 96565
44.2632 96586
44.2637 96607
44.2642 96628
44.2647 96649
44.2652 96670
44.2656 96691
44.2661 96712
44.2666 96733
44.2671 96754
44.2676 96775
44.268 96796
44.2685 96817
44.269 96838
44.2695 96859
44.27 96880
44.2704 96901
44.2756 96922
44.2763 96943
44.2768 96964
44.2772 96985
44.2777 97006
44.2782 97027
44.2787 97048
44.2792 97069
44.2797 97090
44.2801 97111
44.2806 97132
44.2811 97153
44.2816 97174
44.2821 97195
44.2825 97216
44.283 97237
44.2835 97258
44.284 97279
44.2845 97300
44.2849 97321
44.2854 97342
44.2859 97363
44.2864 97384
44.2869 97405
44.2873 97426
44.2878 97447
44.2883 97468
44.2888 97489
44.2893 97510
44.2897 97531
44.2902 97552
44.2907 97573
44.2912 97594
44.2963 97615
44.297 97636
44.2975 97657
44.298 97678
44.2985 97699
44.2989 97720
44.2994 97741
44.2999 97762
44.3004 97783
44.3009 97804
44.3014 97825
44.3018 97846
44.3023 97867
44.3028 97888
44.3033 97909
44.3038 97930
44.3042 97951
44.3047 97972
44.3052 97993
44.3057 98014
44.3062 98035
44.3066 98056
44.3071 98077
44.3076 98098
44.3081 98119
44.3086 98140
44.309 98161
44.3095 98182
44.31 98203
44.3105 98224
44.311 98245
44.3114 98266
44.3119 98287
44.3168 98308
44.3175 98329
44.318 98350
44.3185 98371
44.319 98392
44.3194 98413
44.3199 98434
44.3204 98455
44.3209 98476
44.3214 98497
44.3218 98518
44.3223 98539
44.3228 98560
44.3233 98581
44.3238 98602
44.3243 98623
44.3247 98644
44.3252 98665
44.3257 98686
44.3262 98707
44.3267 98728
44.3271 98749
44.3276 98770
44.3281 98791
44.3286 98812
44.3291 98833
44.3295 98854
44.33 98875
44.3305 98896
44.331 98917
44.3315 98938
44.3319 98959
44.3324 98980
44.3373 99001
44.338 99022
44.3385 99043
44.339 99064
44.3395 99085
44.3399 99106
44.3404 99127
44.3409 99148
44.3414 99169
44.3419 99190
44.3423 99211
44.3428 99232
44.3433 99253
44.3438 99274
44.3443 99295
44.3448 99316
44.3452 99337
44.3457 99358
44.3462 99379
44.3467 99400
44.3472 99421
44.3476 99442
44.3481 99463
44.3486 99484
44.3491 99505
44.3496 99526
44.35 99547
44.3505 99568
44.351 99589
44.3515 99610
44.352 99631
44.3524 99652
44.3529 99673
44.3534 99694
44.358 99715
44.3588 99736
44.3592 99757
44.3597 99778
44.3602 99799
44.3607 99820
44.3612 99841
44.3616 99862
44.3621 99882
44.3626 99902
44.3631 99922
44.3636 99942
44.364 99962
44.3645 99982
44.365 100002
44.3655 100022
44.366 100042
44.3664 100062
44.3669 100082
44.3674 100102
44.3679 100122
44.3684 100142
44.3689 100162
44.3693 100182
44.3698 100202
44.3703 100222
44.3708 100242
44.3713 100262
44.3717 100282
44.3722 100302
44.3727 100322
44.3732 100342
44.3737 100362
44.3741 100382
44.3788 100402
44.3795 100422
44.38 100442
44.3805 100462
44.3809 100482
44.3814 100502
44.3819 100522
44.3824 100542
44.3829 100562
44.3833 100582
44.3838 100602
44.3843 100622
44.3848 100642
44.3853 100662
44.3857 100682
44.3862 100702
44.3867 100722
44.3872 100742
44.3877 100762
44.3881 100782
44.3886 100802
44.3891 100822
44.3896 100842
44.3901 100862
44.3906 100882
44.391 100902
44.3915 100922
44.392 100942
44.3925 100962
44.393 100982
44.3934 101002
44.3939 101022
44.3944 101042
44.3949 101062
44.3993 101082
44.4 101102
44.4005 101122
44.401 101142
44.4014 101162
44.4019 101182
44.4024 101202
44.4029 101222
44.4034 101242
44.4038 101262
44.4043 101282
44.4048 101302
44.4053 101322
44.4058 101342
44.4062 101362
44.4067 101382
44.4072 101402
44.4077 101422
44.4082 101442
44.4086 101462
44.4091 101482
44.4096 101502
44.4101 101522
44.4106 101542
44.4111 101562
44.4115 101582
44.412 101602
44.4125 101622
44.413 101642
44.4135 101662
44.4139 101682
44.4144 101702
44.4149 101722
44.4154 101742
44.4198 101762
44.4205 101782
44.421 101802
44.4215 101822
44.4219 101842
44.4224 101862
44.4229 101882
44.4234 101902
44.4239 101922
44.4243 101942
44.4248 101962
44.4253 101982
44.4258 102002
44.4263 102022
44.4267 102042
44.4272 102062
44.4277 102082
44.4282 102102
44.4287 102122
44.4291 102142
44.4296 102162
44.4301 102182
44.4306 102202
44.4311 102222
44.4315 102242
44.432 102262
44.4325 102282
44.433 102302
44.4335 102322
44.434 102342
44.4344 102362
44.4349 102382
44.4354 102402
44.4359 102422
44.4364 102442
44.4405 102462
44.4412 102482
44.4417 102502
44.4422 102522
44.4427 102542
44.4432 102562
44.4436 102582
44.4441 102602
44.4446 102622
44.4451 102642
44.4456 102662
44.446 102682
44.4465 102702
44.447 102722
44.4475 102742
44.448 102762
44.4484 102782
44.4489 102802
44.4494 102822
44.4499 102842
44.4504 102862
44.4508 102882
44.4513 102902
44.4518 102922
44.4523 102942
44.4528 102962
44.4532 102982
44.4537 103002
44.4542 103022
44.4547 103042
44.4552 103062
44.4557 103082
44.4561 103102
44.4566 103122
44.4571 103142
44.4612 103162
44.462 103182
44.4625 103202
44.4629 103222
44.4634 103242
44.4639 103262
44.4644 103282
44.4649 103302
44.4653 103322
44.4658 103342
44.4663 103362
44.4668 103382
44.4673 103402
44.4677 103422
44.4682 103442
44.4687 103462
44.4692 103482
44.4697 103502
44.4701 103522
44.4706 103542
44.4711 103562
44.4716 103582
44.4721 103602
44.4725 103622
44.473 103642
44.4735 103662
44.474 103682
44.4745 103702
44.4749 103722
44.4754 103742
44.4759 103762
44.4764 103782
44.4769 103802
44.4774 103822
44.4778 103842
44.4817 103862
44.4825 103882
44.4829 103902
44.4834 103922
44.4839 103942
44.4844 103962
44.4849 103982
44.4854 104002
44.4858 104022
44.4863 104042
44.4868 104062
44.4873 104082
44.4878 104102
44.4882 104122
44.4887 104142
44.4892 104162
44.4897 104182
44.4902 104202
44.4906 104222
44.4911 104242
44.4916 104262
44.4921 104282
44.4926 104302
44.493 104322
44.4935 104342
44.494 104362
44.4945 104382
44.495 104402
44.4954 104422
44.4959 104442
44.4964 104462
44.4969 104482
44.4974 104502
44.4978 104522
44.4983 104542
44.5022 104562
44.503 104582
44.5034 104602
44.5039 104622
44.5044 104642
44.5049 104662
44.5054 104682
44.5058 104702
44.5063 104722
44.5068 104742
44.5073 104762
44.5078 104782
44.5083 104802
44.5087 104822
44.5092 104842
44.5097 104861
44.5102 104880
44.5107 104899
44.5111 104918
44.5116 104937
44.5121 104956
44.5126 104975
44.5131 104994
44.5135 105013
44.514 105032
44.5145 105051
44.515 105070
44.5155 105089
44.5159 105108
44.5164 105127
44.5169 105146
44.5174 105165
44.5179 105184
44.5183 105203
44.5188 105222
44.5193 105241
44.523 105260
44.5237 105279
44.5242 105298
44.5247 105317
44.5251 105336
44.5256 105355
44.5261 105374
44.5266 105393
44.5271 105412
44.5275 105431
44.528 105450
44.5285 105469
44.529 105488
44.5295 105507
44.53 105526
44.5304 105545
44.5309 105564
44.5314 105583
44.5319 105602
44.5324 105621
44.5328 105640
44.5333 105659
44.5338 105678
44.5343 105697
44.5348 105716
44.5352 105735
44.5357 105754
44.5362 105773
44.5367 105792
44.5372 105811
44.5376 105830
44.5381 105849
44.5386 105868
44.5391 105887
44.5396 105906
44.54 105925
44.5437 105944
44.5444 105963
44.5449 105982
44.5454 106001
44.5459 106020
44.5464 106039
44.5468 106058
44.5473 106077
44.5478 106096
44.5483 106115
44.5488 106134
44.5492 106153
44.5497 106172
44.5502 106191
44.5507 106210
44.5512 106229
44.5517 106248
44.5521 106267
44.5526 106286
44.5531 106305
44.5536 106324
44.5541 106343
44.5545 106362
44.555 106381
44.5555 106400
44.556 106419
44.5565 106438
44.5569 106457
44.5574 106476
44.5579 106495
44.5584 106514
44.5589 106533
44.5593 106552
44.5598 106571
44.5603 106590
44.5608 106609
44.5642 106628
44.5649 106647
44.5654 106666
44.5659 106685
44.5664 106704
44.5669 106723
44.5673 106742
44.5678 106761
44.5683 106780
44.5688 106799
44.5693 106818
44.5697 106837
44.5702 106856
44.5707 106875
44.5712 106894
44.5717 106913
44.5722 106932
44.5726 106951
44.5731 106970
44.5736 106989
44.5741 107008
44.5746 107027
44.575 107046
44.5755 107065
44.576 107084
44.5765 107103
44.577 107122
44.5774 107141
44.5779 107160
44.5784 107179
44.5789 107198
44.5794 107217
44.5798 107236
44.5803 107255
44.5808 107274
44.5813 107293
44.5847 107312
44.5854 107331
44.5859 107350
44.5864 107369
44.5869 107388
44.5874 107407
44.5878 107426
44.5883 107445
44.5888 107464
44.5893 107483
44.5898 107502
44.5902 107521
44.5907 107540
44.5912 107559
44.5917 107578
44.5922 107597
44.5926 107616
44.5931 107635
44.5936 107654
44.5941 107673
44.5946 107692
44.5951 107711
44.5955 107730
44.596 107749
44.5965 107768
44.597 107787
44.5975 107806
44.5979 107825
44.5984 107844
44.5989 107863
44.5994 107882
44.5999 107901
44.6003 107920
44.6008 107939
44.6013 107958
44.6018 107977
44.6023 107996
44.6055 108015
44.6062 108034
44.6067 108053
44.6071 108072
44.6076 108091
44.6081 108110
44.6086 108129
44.6091 108148
44.6095 108167
44.61 108186
44.6105 108205
44.611 108224
44.6115 108243
44.6119 108262
44.6124 108281
44.6129 108300
44.6134 108319
44.6139 108338
44.6143 108357
44.6148 108376
44.6153 108395
44.6158 108414
44.6163 108433
44.6168 108452
44.6172 108471
44.6177 108490
44.6182 108509
44.6187 108528
44.6192 108547
44.6196 108566
44.6201 108585
44.6206 108604
44.6211 108623
44.6216 108642
44.622 108661
44.6225 108680
44.623 108699
44.6262 108718
44.6269 108737
44.6274 108756
44.6279 108775
44.6284 108794
44.6288 108813
44.6293 108832
44.6298 108851
44.6303 108870
44.6308 108889
44.6312 108908
44.6317 108927
44.6322 108946
44.6327 108965
44.6332 108984
44.6336 109003
44.6341 109022
44.6346 109041
44.6351 109060
44.6356 109079
44.636 109098
44.6365 109117
44.637 109136
44.6375 109155
44.638 109174
44.6385 109193
44.6389 109212
44.6394 109231
44.6399 109250
44.6404 109269
44.6409 109288
44.6413 109307
44.6418 109326
44.6423 109345
44.6428 109364
44.6433 109383
44.6437 109402
44.6467 109421
44.6474 109440
44.6479 109459
44.6484 109478
44.6489 109497
44.6493 109516
44.6498 109535
44.6503 109554
44.6508 109573
44.6513 109592
44.6517 109611
44.6522 109630
44.6527 109649
44.6532 109668
44.6537 109687
44.6541 109706
44.6546 109725
44.6551 109744
44.6556 109763
44.6561 109782
44.6565 109801
44.657 109820
44.6575 109839
44.658 109858
44.6585 109877
44.6589 109896
44.6594 109915
44.6599 109934
44.6604 109953
44.6609 109972
44.6614 109991
44.6618 110010
44.6623 110029
44.6628 110048
44.6633 110067
44.6638 110086
44.6642 110105
44.6672 110124
44.6679 110143
44.6684 110162
44.6689 110181
44.6694 110200
44.6698 110219
44.6703 110238
44.6708 110257
44.6713 110276
44.6718 110295
44.6722 110314
44.6727 110333
44.6732 110352
44.6737 110371
44.6742 110389
44.6746 110407
44.6751 110425
44.6756 110443
44.6761 110461
44.6766 110479
44.677 110497
44.6775 110515
44.678 110533
44.6785 110551
44.679 110569
44.6794 110587
44.6799 110605
44.6804 110623
44.6809 110641
44.6814 110659
44.6818 110677
44.6823 110695
44.6828 110713
44.6833 110731
44.6838 110749
44.6843 110767
44.6847 110785
44.6852 110803
44.6879 110821
44.6886 110839
44.6891 110857
44.6896 110875
44.6901 110893
44.6906 110911
44.6911 110929
44.6915 110947
44.692 110965
44.6925 110983
44.693 111001
44.6935 111019
44.6939 111037
44.6944 111055
44.6949 111073
44.6954 111091
44.6959 111109
44.6963 111127
44.6968 111145
44.6973 111163
44.6978 111181
44.6983 111199
44.6987 111217
44.6992 111235
44.6997 111253
44.7002 111271
44.7007 111289
44.7011 111307
44.7016 111325
44.7021 111343
44.7026 111361
44.7031 111379
44.7035 111397
44.704 111415
44.7045 111433
44.705 111451
44.7055 111469
44.706 111487
44.7087 111505
44.7094 111523
44.7094 100352
44.7099 100372
44.7099 100352
44.7103 100372
44.7103 100352
44.7108 100372
44.7108 100352
44.7113 100372
44.7113 100352
44.7118 100372
44.7118 100352
44.7123 100372
44.7123 100352
44.7128 100372
44.7128 100352
44.7132 100372
44.7132 100352
44.7137 100372
44.7137 100352
44.7142 100372
44.7142 100352
44.7147 100372
44.7147 100352
44.7152 100372
44.7152 100352
44.7156 100372
44.7156 100352
44.7161 100372
44.7161 100352
44.7166 100372
44.7166 100352
44.7171 100372
44.7171 100352
44.7176 100372
44.7176 100352
44.718 100372
44.718 100352
44.7185 100372
44.7185 100352
44.719 100372
44.719 100352
44.7195 100372
44.7195 100352
44.72 100372
44.72 100352
44.7204 100372
44.7204 100352
44.7209 100372
44.7209 100352
44.7214 100372
44.7214 100352
44.7219 100372
44.7219 100352
44.7224 100372
44.7224 100352
44.7228 100372
44.7228 100352
44.7233 100372
44.7233 100352
44.7238 100372
44.7238 100352
44.7243 100372
44.7243 100352
44.7248 100372
44.7248 100352
44.7252 100372
44.7252 100352
44.7257 100372
44.7257 100352
44.7262 100372
44.7262 100352
44.7267 100372
44.7267 100352
44.7294 100372
44.7294 100352
44.7318 100372
44.7323 100392
44.7328 100412
44.7332 100432
44.7337 100452
44.7342 100472
44.7347 100492
44.7352 100512
44.7357 100532
44.7361 100552
44.7366 100572
44.7371 100592
44.7376 100612
44.7381 100632
44.7385 100652
44.739 100672
44.7395 100692
44.74 100712
44.7405 100732
44.7409 100752
44.7414 100772
44.7419 100792
44.7424 100812
44.7429 100832
44.7433 100852
44.7438 100872
44.7443 100892
44.7448 100912
44.7453 100932
44.7457 100952
44.7462 100972
44.7467 100992
44.7472 101012
44.7499 101032
44.7523 101052
44.7528 101072
44.7533 101092
44.7537 101112
44.7542 101132
44.7547 101152
44.7552 101172
44.7557 101192
44.7562 101212
44.7566 101232
44.7571 101252
44.7576 101272
44.7581 101292
44.7586 101312
44.759 101332
44.7595 101352
44.76 101372
44.7605 101392
44.761 101412
44.7614 101432
44.7619 101452
44.7624 101472
44.7629 101492
44.7634 101512
44.7638 101532
44.7643 101552
44.7648 101572
44.7653 101592
44.7658 101612
44.7662 101632
44.7667 101652
44.7672 101672
44.7677 101692
44.7704 101712
44.7728 101732
44.7733 101752
44.7738 101772
44.7742 101792
44.7747 101812
44.7752 101832
44.7757 101852
44.7762 101872
44.7766 101892
44.7771 101912
44.7776 101932
44.7781 101952
44.7786 101972
44.7791 101992
44.7795 102012
44.78 102032
44.7805 102052
44.781 102072
44.7815 102092
44.7819 102112
44.7824 102132
44.7829 102152
44.7834 102172
44.7839 102192
44.7843 102212
44.7848 102232
44.7853 102252
44.7858 102272
44.7863 102292
44.7867 102312
44.7872 102332
44.7877 102352
44.7882 102372
44.7887 102392
44.7911 102412
44.7935 102432
44.794 102452
44.7945 102472
44.795 102492
44.7955 102512
44.7959 102532
44.7964 102552
44.7969 102572
44.7974 102592
44.7979 102612
44.7983 102632
44.7988 102652
44.7993 102672
44.7998 102692
44.8003 102712
44.8008 102732
44.8012 102752
44.8017 102772
44.8022 102792
44.8027 102812
44.8032 102832
44.8036 102852
44.8041 102872
44.8046 102892
44.8051 102912
44.8056 102932
44.806 102952
44.8065 102972
44.807 102992
44.8075 103012
44.808 103032
44.8084 103052
44.8089 103072
44.8094 103092
44.8119 103112
44.8143 103132
44.8148 103152
44.8152 103172
44.8157 103192
44.8162 103212
44.8167 103232
44.8172 103252
44.8176 103272
44.8181 103292
44.8186 103312
44.8191 103332
44.8196 103352
44.82 103372
44.8205 103392
44.821 103412
44.8215 103432
44.822 103452
44.8225 103472
44.8229 103492
44.8234 103512
44.8239 103532
44.8244 103552
44.8249 103572
44.8253 103592
44.8258 103612
44.8263 103632
44.8268 103652
44.8273 103672
44.8277 103692
44.8282 103712
44.8287 103732
44.8292 103752
44.8297 103772
44.8301 103792
44.8324 103812
44.8348 103832
44.8353 103852
44.8357 103872
44.8362 103892
44.8367 103912
44.8372 103932
44.8377 103952
44.8381 103972
44.8386 103992
44.8391 104012
44.8396 104032
44.8401 104052
44.8405 104072
44.841 104092
44.8415 104112
44.842 104132
44.8425 104152
44.8429 104172
44.8434 104192
44.8439 104212
44.8444 104232
44.8449 104252
44.8454 104272
44.8458 104292
44.8463 104312
44.8468 104332
44.8473 104352
44.8478 104372
44.8482 104392
44.8487 104412
44.8492 104432
44.8497 104452
44.8502 104472
44.8506 104492
44.8529 104512
44.8553 104532
44.8558 104552
44.8562 104572
44.8567 104592
44.8572 104612
44.8577 104632
44.8582 104652
44.8586 104672
44.8591 104692
44.8596 104712
44.8601 104732
44.8606 104752
44.861 104772
44.8615 104792
44.862 104812
44.8625 104832
44.863 104852
44.8634 104871
44.8639 104890
44.8644 104909
44.8649 104928
44.8654 104947
44.8658 104966
44.8663 104985
44.8668 105004
44.8673 105023
44.8678 105042
44.8683 105061
44.8687 105080
44.8692 105099
44.8697 105118
44.8702 105137
44.8707 105156
44.8711 105175
44.8716 105194
44.8736 105213
44.876 105232
44.8765 105251
44.877 105270
44.8775 105289
44.8779 105308
44.8784 105327
44.8789 105346
44.8794 105365
44.8799 105384
44.8803 105403
44.8808 105422
44.8813 105441
44.8818 105460
44.8823 105479
44.8827 105498
44.8832 105517
44.8837 105536
44.8842 105555
44.8847 105574
44.8851 105593
44.8856 105612
44.8861 105631
44.8866 105650
44.8871 105669
44.8875 105688
44.888 105707
44.8885 105726
44.889 105745
44.8895 105764
44.89 105783
44.8904 105802
44.8909 105821
44.8914 105840
44.8919 105859
44.8924 105878
44.8943 105897
44.8968 105916
44.8972 105935
44.8977 105954
44.8982 105973
44.8987 105992
44.8992 106011
44.8996 106030
44.9001 106049
44.9006 106068
44.9011 106087
44.9016 106106
44.902 106125
44.9025 106144
44.903 106163
44.9035 106182
44.904 106201
44.9044 106220
44.9049 106239
44.9054 106258
44.9059 106277
44.9064 106296
44.9068 106315
44.9073 106334
44.9078 106353
44.9083 106372
44.9088 106391
44.9092 106410
44.9097 106429
44.9102 106448
44.9107 106467
44.9112 106486
44.9117 106505
44.9121 106524
44.9126 106543
44.9131 106562
44.9148 106581
44.9173 106600
44.9177 106619
44.9182 106638
44.9187 106657
44.9192 106676
44.9197 106695
44.9201 106714
44.9206 106733
44.9211 106752
44.9216 106771
44.9221 106790
44.9225 106809
44.923 106828
44.9235 106847
44.924 106866
44.9245 106885
44.9249 106904
44.9254 106923
44.9259 106942
44.9264 106961
44.9269 106980
44.9273 106999
44.9278 107018
44.9283 107037
44.9288 107056
44.9293 107075
44.9297 107094
44.9302 107113
44.9307 107132
44.9312 107151
44.9317 107170
44.9322 107189
44.9326 107208
44.9331 107227
44.9336 107246
44.9353 107265
44.9377 107284
44.9382 107303
44.9387 107322
44.9392 107341
44.9397 107360
44.9402 107379
44.9406 107398
44.9411 107417
44.9416 107436
44.9421 107455
44.9426 107474
44.943 107493
44.9435 107512
44.944 107531
44.9445 107550
44.945 107569
44.9454 107588
44.9459 107607
44.9464 107626
44.9469 107645
44.9474 107664
44.9478 107683
44.9483 107702
44.9488 107721
44.9493 107740
44.9498 107759
44.9502 107778
44.9507 107797
44.9512 107816
44.9517 107835
44.9522 107854
44.9526 107873
44.9531 107892
44.9536 107911
44.9541 107930
44.9546 107949
44.9561 107968
44.9585 107987
44.959 108006
44.9594 108025
44.9599 108044
44.9604 108063
44.9609 108082
44.9614 108101
44.9619 108120
44.9623 108139
44.9628 108158
44.9633 108177
44.9638 108196
44.9643 108215
44.9647 108234
44.9652 108253
44.9657 108272
44.9662 108291
44.9667 108310
44.9671 108329
44.9676 108348
44.9681 108367
44.9686 108386
44.9691 108405
44.9695 108424
44.97 108443
44.9705 108462
44.971 108481
44.9715 108500
44.9719 108519
44.9724 108538
44.9729 108557
44.9734 108576
44.9739 108595
44.9743 108614
44.9748 108633
44.9753 108652
44.9768 108671
44.9792 108690
44.9797 108709
44.9802 108728
44.9807 108747
44.9811 108766
44.9816 108785
44.9821 108804
44.9826 108823
44.9831 108842
44.9836 108861
44.984 108880
44.9845 108899
44.985 108918
44.9855 108937
44.986 108956
44.9864 108975
44.9869 108994
44.9874 109013
44.9879 109032
44.9884 109051
44.9888 109070
44.9893 109089
44.9898 109108
44.9903 109127
44.9908 109146
44.9912 109165
44.9917 109184
44.9922 109203
44.9927 109222
44.9932 109241
44.9936 109260
44.9941 109279
44.9946 109298
44.9951 109317
44.9956 109336
44.996 109355
44.9973 109374
44.9997 109393
45.0002 109412
45.0007 109431
45.0012 109450
45.0016 109469
45.0021 109488
45.0026 109507
45.0031 109526
45.0036 109545
45.004 109564
45.0045 109583
45.005 109602
45.0055 109621
45.006 109640
45.0065 109659
45.0069 109678
45.0074 109697
45.0079 109716
45.0084 109735
45.0089 109754
45.0093 109773
45.0098 109792
45.0103 109811
45.0108 109830
45.0113 109849
45.0117 109868
45.0122 109887
45.0127 109906
45.0132 109925
45.0137 109944
45.0141 109963
45.0146 109982
45.0151 110001
45.0156 110020
45.0161 110039
45.0165 110058
45.0178 110077
45.0202 110096
45.0207 110115
45.0212 110134
45.0217 110153
45.0221 110172
45.0226 110191
45.0231 110210
45.0236 110229
45.0241 110248
45.0245 110267
45.025 110286
45.0255 110305
45.026 110324
45.0265 110343
45.0269 110362
45.0274 110380
45.0279 110398
45.0284 110416
45.0289 110434
45.0294 110452
45.0298 110470
45.0303 110488
45.0308 110506
45.0313 110524
45.0318 110542
45.0322 110560
45.0327 110578
45.0332 110596
45.0337 110614
45.0342 110632
45.0346 110650
45.0351 110668
45.0356 110686
45.0361 110704
45.0366 110722
45.037 110740
45.0375 110758
45.0386 110776
45.041 110794
45.0414 110812
45.0419 110830
45.0424 110848
45.0429 110866
45.0434 110884
45.0438 110902
45.0443 110920
45.0448 110938
45.0453 110956
45.0458 110974
45.0462 110992
45.0467 111010
45.0472 111028
45.0477 111046
45.0482 111064
45.0486 111082
45.0491 111100
45.0496 111118
45.0501 111136
45.0506 111154
45.0511 111172
45.0515 111190
45.052 111208
45.0525 111226
45.053 111244
45.0535 111262
45.0539 111280
45.0544 111298
45.0549 111316
45.0554 111334
45.0559 111352
45.0563 111370
45.0568 111388
45.0573 111406
45.0578 111424
45.0583 111442
45.0593 111460
45.0617 111478
45.0622 111496
45.0627 111514
45.0631 111532
45.0636 111550
45.0641 111568
45.0646 111586
45.0651 111604
45.0655 111622
45.066 111640
45.0665 111658
45.067 111676
45.0675 111694
45.0679 111712
45.0684 111730
45.0689 111748
45.0694 111766
45.0699 111784
45.0703 111802
45.0708 111820
45.0713 111838
45.0718 111856
45.0723 111874
45.0728 111892
45.0732 111910
45.0737 111928
45.0742 111946
45.0747 111964
45.0752 111982
45.0756 112000
45.0761 112018
45.0766 112036
45.0771 112054
45.0776 112072
45.078 112090
45.0785 112108
45.079 112126
45.08 112144
45.0824 112162
45.0829 112180
45.0834 112198
45.0839 112216
45.0844 112234
45.0848 112252
45.0853 112270
45.0858 112288
45.0863 112306
45.0868 112324
45.0872 112342
45.0877 112360
45.0882 112378
45.0887 112396
45.0892 112414
45.0896 112432
45.0901 112450
45.0906 112468
45.0911 112486
45.0916 112504
45.092 112522
45.0925 112540
45.093 112558
45.0935 112576
45.094 112594
45.0945 112612
45.0949 112630
45.0954 112648
45.0959 112666
45.0964 112684
45.0969 112702
45.0973 112720
45.0978 112738
45.0983 112756
45.0988 112774
45.0993 112792
45.0997 112810
45.1005 112828
45.1029 112846
45.1034 112864
45.1039 112882
45.1044 112900
45.1049 112918
45.1053 112936
45.1058 112954
45.1063 112972
45.1068 112990
45.1073 113008
45.1077 113026
45.1082 113044
45.1087 113062
45.1092 113080
45.1097 113098
45.1101 113116
45.1106 113134
45.1111 113152
45.1116 113170
45.1121 113188
45.1125 113206
45.113 113224
45.1135 113242
45.114 113260
45.1145 113278
45.1149 113296
45.1154 113314
45.1159 113332
45.1164 113350
45.1169 113368
45.1174 113386
45.1178 113404
45.1183 113422
45.1188 113440
45.1193 113458
45.1198 113476
45.1202 113494
45.121 113512
45.1234 113530
45.1239 113548
45.1244 113566
45.1249 113584
45.1254 113602
45.1258 113620
45.1263 113638
45.1268 113656
45.1273 113674
45.1278 113692
45.1282 113710
45.1287 113728
45.1292 113746
45.1297 113764
45.1302 113782
45.1306 113800
45.1311 113818
45.1316 113836
45.1321 113854
45.1326 113872
45.133 113890
45.1335 113908
45.134 113926
45.1345 113944
45.135 113962
45.1354 113980
45.1359 113998
45.1364 114016
45.1369 114034
45.1374 114052
45.1379 114070
45.1383 114088
45.1388 114106
45.1393 114124
45.1398 114142
45.1403 114160
45.1407 114178
45.1412 114196
45.1418 114214
45.1442 114232
45.1446 114250
45.1451 114268
45.1456 114286
45.1461 114304
45.1466 114322
45.1471 114340
45.1475 114358
45.148 114376
45.1485 114394
45.149 114412
45.1495 114430
45.1499 114448
45.1504 114466
45.1509 114484
45.1514 114502
45.1519 114520
45.1523 114538
45.1528 114556
45.1533 114574
45.1538 114592
45.1543 114610
45.1547 114628
45.1552 114646
45.1557 114664
45.1562 114682
45.1567 114700
45.1571 114718
45.1576 114736
45.1581 114754
45.1586 114772
45.1591 114790
45.1595 114808
45.16 114826
45.1605 114844
45.161 114862
45.1615 114880
45.162 114898
45.1625 114916
45.1649 114934
45.1654 114952
45.1659 114970
45.1663 114988
45.1668 115006
45.1673 115024
45.1678 115042
45.1683 115060
45.1688 115078
45.1692 115096
45.1697 115114
45.1702 115132
45.1707 115150
45.1712 115168
45.1716 115186
45.1721 115204
45.1726 115222
45.1731 115240
45.1736 115258
45.174 115276
45.1745 115294
45.175 115312
45.1755 115330
45.176 115348
45.1764 115366
45.1769 115384
45.1774 115402
45.1779 115420
45.1784 115438
45.1788 115456
45.1793 115474
45.1798 115492
45.1803 115510
45.1808 115528
45.1812 115546
45.1817 115564
45.1822 115582
45.1827 115600
45.1832 115618
45.1854 115636
45.1859 115654
45.1864 115672
45.1868 115690
45.1873 115708
45.1878 115726
45.1883 115744
45.1888 115762
45.1893 115780
45.1897 115798
45.1902 115816
45.1907 115834
45.1912 115852
45.1917 115870
45.1921 115888
45.1926 115906
45.1931 115924
45.1936 115942
45.1941 115960
45.1945 115978
45.195 115996
45.1955 116014
45.196 116032
45.1965 116050
45.1969 116068
45.1974 116086
45.1979 116104
45.1984 116122
45.1989 116140
45.1993 116158
45.1998 116176
45.2003 116194
45.2008 116212
45.2013 116230
45.2017 116248
45.2022 116266
45.2027 116284
45.2032 116302
45.2037 116320
45.2059 116338
45.2064 116356
45.2069 116374
45.2073 116392
45.2078 116410
45.2083 116428
45.2088 116446
45.2093 116464
45.2097 116482
45.2102 116500
45.2107 116517
45.2112 116534
45.2117 116551
45.2122 116568
45.2126 116585
45.2131 116602
45.2136 116619
45.2141 116636
45.2146 116653
45.215 116670
45.2155 116687
45.216 116704
45.2165 116721
45.217 116738
45.2174 116755
45.2179 116772
45.2184 116789
45.2189 116806
45.2194 116823
45.2198 116840
45.2203 116857
45.2208 116874
45.2213 116891
45.2218 116908
45.2222 116925
45.2227 116942
45.2232 116959
45.2237 116976
45.2242 116993
45.2246 117010
45.2266 117027
45.2271 117044
45.2276 117061
45.2281 117078
45.2286 117095
45.229 117112
45.2295 117129
45.23 117146
45.2305 117163
45.231 117180
45.2314 117197
45.2319 117214
45.2324 117231
45.2329 117248
45.2334 117265
45.2339 117282
45.2343 117299
45.2348 117316
45.2353 117333
45.2358 117350
45.2363 117367
45.2367 117384
45.2372 117401
45.2377 117418
45.2382 117435
45.2387 117452
45.2391 117469
45.2396 117486
45.2401 117503
45.2406 117520
45.2411 117537
45.2415 117554
45.242 117571
45.2425 117588
45.243 117605
45.2435 117622
45.2439 117639
45.2444 117656
45.2449 117673
45.2454 117690
45.2474 117707
45.2479 117724
45.2483 117741
45.2488 117758
45.2493 117775
45.2498 117792
45.2503 117809
45.2507 117826
45.2512 117843
45.2517 117860
45.2522 117877
45.2527 117894
45.2531 117911
45.2536 117928
45.2541 117945
45.2546 117962
45.2551 117979
45.2556 117996
45.256 118013
45.2565 118030
45.257 118047
45.2575 118064
45.258 118081
45.2584 118098
45.2589 118115
45.2594 118132
45.2599 118149
45.2604 118166
45.2608 118183
45.2613 118200
45.2618 118217
45.2623 118234
45.2628 118251
45.2632 118268
45.2637 118285
45.2642 118302
45.2647 118319
45.2652 118336
45.2656 118353
45.2661 118370
45.2679 118387
45.2684 118404
45.2688 118421
45.2693 118438
45.2698 118455
45.2703 118472
45.2708 118489
45.2712 118506
45.2717 118523
45.2722 118540
45.2727 118557
45.2732 118574
45.2736 118591
45.2741 118608
45.2746 118625
45.2751 118642
45.2756 118659
45.276 118676
45.2765 118693
45.277 118710
45.2775 118727
45.278 118744
45.2785 118761
45.2789 118778
45.2794 118795
45.2799 118812
45.2804 118829
45.2809 118846
45.2813 118863
45.2818 118880
45.2823 118897
45.2828 118914
45.2833 118931
45.2837 118948
45.2842 118965
45.2847 118982
45.2852 118999
45.2857 119016
45.2861 119033
45.2866 119050
45.2884 119067
45.2889 119084
45.2893 119101
45.2898 119118
45.2903 119135
45.2908 119152
45.2913 119169
45.2917 119186
45.2922 119203
45.2927 119220
45.2932 119237
45.2937 119254
45.2941 119271
45.2946 119288
45.2951 119305
45.2956 119322
45.2961 119339
45.2965 119356
45.297 119373
45.2975 119390
45.298 119407
45.2985 119424
45.2989 119441
45.2994 119458
45.2999 119475
45.3004 119492
45.3009 119509
45.3014 119526
45.3018 119543
45.3023 119560
45.3028 119577
45.3033 119594
45.3038 119611
45.3042 119628
45.3047 119645
45.3052 119662
45.3057 119679
45.3062 119696
45.3066 119713
45.3071 119730
45.3076 119747
45.3091 119764
45.3096 119781
45.3101 119798
45.3106 119815
45.311 119832
45.3115 119849
45.312 119866
45.3125 119883
45.313 119900
45.3134 119917
45.3139 119934
45.3144 119951
45.3149 119968
45.3154 119985
45.3158 120002
45.3163 120019
45.3168 120036
45.3173 120053
45.3178 120070
45.3182 120087
45.3187 120104
45.3192 120121
45.3197 120138
45.3202 120155
45.3206 120172
45.3211 120189
45.3216 120206
45.3221 120223
45.3226 120240
45.3231 120257
45.3235 120274
45.324 120291
45.3245 120308
45.325 120325
45.3255 120342
45.3259 120359
45.3264 120376
45.3269 120393
45.3274 120410
45.3279 120427
45.3283 120444
45.3299 120461
45.3303 120478
45.3308 120495
45.3313 120512
45.3318 120529
45.3323 120546
45.3327 120563
45.3332 120580
45.3337 120597
45.3342 120614
45.3347 120631
45.3351 120648
45.3356 120665
45.3361 120682
45.3366 120699
45.3371 120716
45.3375 120733
45.338 120750
45.3385 120767
45.339 120784
45.3395 120801
45.3399 120818
45.3404 120835
45.3409 120852
45.3414 120869
45.3419 120886
45.3423 120903
45.3428 120920
45.3433 120937
45.3438 120954
45.3443 120971
45.3448 120988
45.3452 121005
45.3457 121022
45.3462 121039
45.3467 121056
45.3472 121073
45.3476 121090
45.3481 121107
45.3486 121124
45.3491 121141
45.3504 121158
45.3508 121175
45.3513 121192
45.3518 121209
45.3523 121226
45.3528 121243
45.3532 121260
45.3537 121277
45.3542 121294
45.3547 121311
45.3552 121328
45.3556 121345
45.3561 121362
45.3566 121379
45.3571 121396
45.3576 121413
45.358 121430
45.3585 121447
45.359 121464
45.3595 121481
45.36 121498
45.3604 121515
45.3609 121532
45.3614 121549
45.3619 121566
45.3624 121583
45.3628 121600
45.3633 121617
45.3638 121634
45.3643 121651
45.3648 121668
45.3652 121685
45.3657 121702
45.3662 121719
45.3667 121736
45.3672 121753
45.3677 121770
45.3681 121787
45.3686 121804
45.3691 121821
45.3696 121838
45.3708 121855
45.3713 121872
45.3718 121889
45.3723 121906
45.3728 121923
45.3733 121940
45.3737 121957
45.3742 121974
45.3747 121991
45.3752 122008
45.3757 122025
45.3761 122042
45.3766 122059
45.3771 122076
45.3776 122093
45.3781 122110
45.3785 122127
45.379 122144
45.3795 122161
45.38 122178
45.3805 122195
45.3809 122212
45.3814 122229
45.3819 122246
45.3824 122263
45.3829 122280
45.3833 122297
45.3838 122314
45.3843 122331
45.3848 122348
45.3853 122365
45.3857 122382
45.3862 122399
45.3867 122416
45.3872 122433
45.3877 122450
45.3882 122467
45.3886 122484
45.3891 122501
45.3896 122518
45.3901 122535
45.3906 122552
45.3916 122569
45.3921 122586
45.3925 122603
45.393 122620
45.3935 122637
45.394 122654
45.3945 122671
45.395 122688
45.3954 122705
45.3959 122722
45.3964 122739
45.3969 122756
45.3974 122773
45.3978 122790
45.3983 122807
45.3988 122824
45.3993 122841
45.3998 122858
45.4002 122875
45.4007 122892
45.4012 122909
45.4017 122926
45.4022 122943
45.4026 122960
45.4031 122977
45.4036 122994
45.4041 123011
45.4046 123028
45.405 123045
45.4055 123062
45.406 123079
45.4065 123096
45.407 123113
45.4074 123130
45.4079 123147
45.4084 123164
45.4089 123181
45.4094 123198
45.4099 123215
45.4103 123232
45.4108 123249
45.4113 123266
45.4123 123283
45.4128 123300
45.4133 123317
45.4138 123334
45.4142 123351
45.4147 123367
45.4152 123383
45.4157 123399
45.4162 123415
45.4167 123431
45.4171 123447
45.4176 123463
45.4181 123479
45.4186 123495
45.4191 123511
45.4195 123527
45.42 123543
45.4205 123559
45.421 123575
45.4215 123591
45.4219 123607
45.4224 123623
45.4229 123639
45.4234 123655
45.4239 123671
45.4243 123687
45.4248 123703
45.4253 123719
45.4258 123735
45.4263 123751
45.4267 123767
45.4272 123783
45.4277 123799
45.4282 123815
45.4287 123831
45.4291 123847
45.4296 123863
45.4301 123879
45.4306 123895
45.4311 123911
45.4316 123927
45.432 123943
45.4328 123959
45.4333 123975
45.4338 123991
45.4343 124007
45.4347 124023
45.4352 124039
45.4357 124055
45.4362 124071
45.4367 124087
45.4371 124103
45.4376 124119
45.4381 124135
45.4386 124151
45.4391 124167
45.4396 124183
45.44 124199
45.4405 124215
45.441 124231
45.4415 124247
45.442 124263
45.4424 124279
45.4429 124295
45.4434 124311
45.4439 124327
45.4444 124343
45.4448 124359
45.4453 124375
45.4458 124391
45.4463 124407
45.4468 124423
45.4472 124439
45.4477 124455
45.4482 124471
45.4487 124487
45.4492 124503
45.4496 124519
45.4501 124535
45.4506 124551
45.4511 124567
45.4516 124583
45.452 124599
45.4525 124615
45.4533 124631
45.4538 124647
45.4543 124663
45.4548 124679
45.4552 124695
45.4557 124711
45.4562 124727
45.4567 124743
45.4572 124759
45.4576 124775
45.4581 124791
45.4586 124807
45.4591 124823
45.4596 124839
45.46 124855
45.4605 124871
45.461 124887
45.4615 124903
45.462 124919
45.4625 124935
45.4629 124951
45.4634 124967
45.4639 124983
45.4644 124999
45.4649 125015
45.4653 125031
45.4658 125047
45.4663 125063
45.4668 125079
45.4673 125095
45.4677 125111
45.4682 125127
45.4687 125143
45.4692 125159
45.4697 125175
45.4701 125191
45.4706 125207
45.4711 125223
45.4716 125239
45.4721 125255
45.4725 125271
45.473 125287
45.4735 125303
45.4741 125319
45.4745 125335
45.475 125351
45.4755 125367
45.476 125383
45.4765 125399
45.4769 125415
45.4774 125431
45.4779 125447
45.4784 125463
45.4789 125479
45.4793 125495
45.4798 125511
45.4803 125527
45.4808 125543
45.4813 125559
45.4817 125575
45.4822 125591
45.4827 125607
45.4832 125623
45.4837 125639
45.4842 125655
45.4846 125671
45.4851 125687
45.4856 125703
45.4861 125719
45.4866 125735
45.487 125751
45.4875 125767
45.488 125783
45.4885 125799
45.489 125815
45.4894 125831
45.4899 125847
45.4904 125863
45.4909 125879
45.4914 125895
45.4918 125911
45.4923 125927
45.4928 125943
45.4933 125959
45.4938 125975
45.4942 125991
45.4948 126007
45.4953 126023
45.4958 126039
45.4962 126055
45.4967 126071
45.4972 126087
45.4977 126103
45.4982 126119
45.4986 126135
45.4991 126151
45.4996 126167
45.5001 126183
45.5006 126199
45.501 126215
45.5015 126231
45.502 126247
45.5025 126263
45.503 126279
45.5034 126295
45.5039 126311
45.5044 126327
45.5049 126343
45.5054 126359
45.5059 126375
45.5063 126391
45.5068 126407
45.5073 126423
45.5078 126439
45.5083 126455
45.5087 126471
45.5092 126487
45.5097 126503
45.5102 126519
45.5107 126535
45.5111 126551
45.5116 126567
45.5121 126583
45.5126 126599
45.5131 126615
45.5135 126631
45.514 126647
45.5145 126663
45.515 126679
45.5155 126695
45.5159 126711
45.5164 126727
45.5169 126743
45.5174 126759
45.5179 126775
45.5183 126791
45.5188 126807
45.5193 126823
45.5198 126839
45.5203 126855
45.5208 126871
45.5212 126887
45.5217 126903
45.5222 126919
45.5227 126935
45.5232 126951
45.5236 126967
45.5241 126983
45.5246 126999
45.5251 127015
45.5256 127031
45.526 127047
45.5265 127063
45.527 127079
45.5275 127095
45.528 127111
45.5284 127127
45.5289 127143
45.5294 127159
45.5299 127175
45.5304 127191
45.5308 127207
45.5313 127223
45.5318 127239
45.5323 127255
45.5328 127271
45.5332 127287
45.5337 127303
45.5342 127319
45.5347 127335
45.5352 127351
45.5357 127367
45.5361 127383
45.5366 127399
45.5371 127415
45.5376 127431
45.5381 127447
45.5385 127463
45.539 127479
45.5395 127495
45.54 127511
45.5405 127527
45.5409 127543
45.5414 127559
45.5419 127575
45.5424 127591
45.5429 127607
45.5433 127623
45.5438 127639
45.5443 127655
45.5448 127671
45.5453 127687
45.5457 127703
45.5462 127719
45.5467 127735
45.5472 127751
45.5477 127767
45.5481 127783
45.5486 127799
45.5491 127815
45.5496 127831
45.5501 127847
45.5506 127863
45.551 127879
45.5515 127895
45.552 127911
45.5525 127927
45.553 127943
45.5534 127959
45.5539 127975
45.5544 127991
45.5549 128007
45.5554 128023
45.5558 128039
45.5563 128055
45.5568 128071
45.5573 128087
45.5578 128103
45.5582 128119
45.5587 128135
45.5592 128151
45.5597 128167
45.5602 128183
45.5606 128199
45.5611 128215
45.5616 128231
45.5621 128247
45.5626 128263
45.563 128279
45.5635 128295
45.564 128311
45.5645 128327
45.565 128343
45.5655 128359
45.5659 128375
45.5664 128391
45.5669 128407
45.5674 128423
45.5679 128439
45.5683 128455
45.5688 128471
45.5693 128487
45.5698 128503
45.5703 128519
45.5707 128535
45.5712 128551
45.5717 128567
45.5722 128583
45.5727 128599
45.5731 128615
45.5736 128631
45.5741 128647
45.5746 128663
45.5751 128679
45.5755 128695
45.576 128711
45.5765 128727
45.577 128743
45.5775 128759
45.5779 128775
45.5784 128791
45.5789 128807
45.5794 128823
45.5799 128839
45.5804 128855
45.5808 128871
45.5813 128887
45.5818 128903
45.5823 128919
45.5828 128935
45.5832 128951
45.5837 128967
45.5842 128983
45.5847 128999
45.5852 129015
45.5856 129031
45.5861 129047
45.5866 129063
45.5871 129079
45.5876 129095
45.588 129111
45.5885 129127
45.589 129143
45.5895 129159
45.59 129175
45.5904 129191
45.5909 129207
45.5914 129223
45.5919 129239
45.5924 129255
45.5928 129271
45.5933 129287
45.5938 129303
45.5943 129319
45.5948 129335
45.5953 129351
45.5957 129367
45.5962 129383
45.5967 129399
45.5972 129415
45.5977 129431
45.5981 129447
45.5986 129463
45.5991 129479
45.5996 129495
45.6001 129511
45.6005 129527
45.601 129543
45.6015 129559
45.602 129575
45.6025 129591
45.6029 129607
45.6034 129623
45.6039 129639
45.6044 129655
45.6049 129671
45.6053 129687
45.6058 129703
45.6063 129719
45.6068 129735
45.6073 129751
45.6077 129767
45.6082 129783
45.6087 129799
45.6092 129815
45.6097 129831
45.6102 129847
45.6106 129863
45.6111 129879
45.6116 129895
45.6121 129911
45.6126 129927
45.613 129943
45.6135 129959
45.614 129975
45.6145 129991
45.615 130007
45.6154 130023
45.6159 130039
45.6164 130055
45.6169 130071
45.6174 130087
45.6178 130103
45.6183 130119
45.6188 130135
45.6193 130151
45.6198 130167
45.6202 130183
45.6207 130199
45.6212 130215
45.6217 130231
45.6222 130247
45.6226 130263
45.6231 130279
45.6236 130295
45.6241 130311
45.6246 130327
45.6251 130343
45.6255 130359
45.626 130375
45.6265 130391
45.627 130407
45.6275 130423
45.6279 130439
45.6284 130455
45.6289 130471
45.6294 130487
45.6299 130503
45.6303 130519
45.6308 130535
45.6313 130551
45.6318 130567
45.6323 130583
45.6327 130599
45.6332 130615
45.6337 130631
45.6342 130647
45.6347 130663
45.6351 130679
45.6356 130695
45.6361 130711
45.6366 130727
45.6371 130743
45.6375 130759
45.638 130775
45.6385 130791
45.639 130807
45.6395 130823
45.64 130839
45.6404 130855
45.6409 130871
45.6414 130887
45.6419 130903
45.6424 130919
45.6428 130935
45.6433 130951
45.6438 130967
45.6443 130983
45.6448 130999
45.6452 131015
45.6457 131031
45.6462 131047
45.6467 131062
45.6472 131077
45.6476 131092
45.6481 131107
45.6486 131122
45.6491 131137
45.6496 131152
45.65 131167
45.6505 131182
45.651 131197
45.6515 131212
45.652 131227
45.6524 131242
45.6529 131257
45.6534 131272
45.6539 131287
45.6544 131302
45.6548 131317
45.6553 131332
45.6558 131347
45.6563 131362
45.6568 131377
45.6573 131392
45.6577 131407
45.6582 131422
45.6587 131437
45.6592 131452
45.6597 131467
45.6601 131482
45.6606 131497
45.6611 131512
45.6616 131527
45.6621 131542
45.6625 131557
45.663 131572
45.6635 131587
45.664 131602
45.6645 131617
45.6649 131632
45.6654 131647
45.6659 131662
45.6664 131677
45.6669 131692
45.6673 131707
45.6678 131722
45.6683 131737
45.6688 131752
45.6693 131767
45.6697 131782
45.6702 131797
45.6707 131812
45.6712 131827
45.6717 131842
45.6722 131857
45.6726 131872
45.6731 131887
45.6736 131902
45.6741 131917
45.6746 131932
45.675 131947
45.6755 131962
45.676 131977
45.6765 131992
45.677 132007
45.6774 132022
45.6779 132037
45.6784 132052
45.6789 132067
45.6794 132082
45.6798 132097
45.6803 132112
45.6808 132127
45.6813 132142
45.6818 132157
45.6822 132172
45.6827 132187
45.6832 132202
45.6837 132217
45.6842 132232
45.6846 132247
45.6851 132262
45.6856 132277
45.6861 132292
45.6866 132307
45.6871 132322
45.6875 132337
45.688 132352
45.6885 132367
45.689 132382
45.6895 132397
45.6899 132412
45.6904 132427
45.6909 132442
45.6914 132457
45.6919 132472
45.6923 132487
45.6928 132502
45.6933 132517
45.6938 132532
45.6943 132547
45.6947 132562
45.6952 132577
45.6957 132592
45.6962 132607
45.6967 132622
45.6971 132637
45.6976 132652
45.6981 132667
45.6986 132682
45.6991 132697
45.6995 132712
45.7 132727
45.7005 132742
45.701 132757
45.7015 132772
45.702 132787
45.7024 132802
45.7029 132817
45.7034 132832
45.7039 132847
45.7044 132862
45.7048 132877
45.7053 132892
45.7058 132907
45.7063 132922
45.7068 132937
45.7072 132952
45.7077 132967
45.7082 132982
45.7087 132997
45.7092 133012
45.7092 88064
45.7096 88087
45.7096 88064
45.7101 88087
45.7101 88064
45.7106 88087
45.7106 88064
45.7111 88087
45.7111 88064
45.7116 88087
45.7116 88064
45.712 88087
45.712 88064
45.7125 88087
45.7125 88064
45.713 88087
45.713 88064
45.7135 88087
45.7135 88064
45.714 88087
45.714 88064
45.7144 88087
45.7144 88064
45.7149 88087
45.7149 88064
45.7154 88087
45.7154 88064
45.7159 88087
45.7159 88064
45.7164 88087
45.7164 88064
45.7169 88087
45.7169 88064
45.7173 88087
45.7173 88064
45.7178 88087
45.7178 88064
45.7183 88087
45.7183 88064
45.7188 88087
45.7188 88064
45.7193 88087
45.7193 88064
45.7197 88087
45.7197 88064
45.7202 88087
45.7202 88064
45.7207 88087
45.7207 88064
45.7212 88087
45.7212 88064
45.7217 88087
45.7217 88064
45.7221 88087
45.7221 88064
45.7226 88087
45.7226 88064
45.7231 88087
45.7231 88064
45.7236 88087
45.7236 88064
45.7241 88087
45.7241 88064
45.7245 88087
45.7245 88064
45.725 88087
45.725 88064
45.7255 88087
45.7255 88064
45.726 88087
45.726 88064
45.7265 88087
45.7265 88064
45.7269 88087
45.7269 88064
45.7274 88087
45.7274 88064
45.7279 88087
45.7279 88064
45.7284 88087
45.7284 88064
45.7289 88087
45.7289 88064
45.7293 88087
45.7293 88064
45.7298 88087
45.7298 88064
45.7303 88087
45.7303 88064
45.7369 88087
45.7376 88110
45.7381 88133
45.7386 88156
45.739 88179
45.7395 88202
45.74 88225
45.7405 88248
45.741 88271
45.7414 88294
45.7419 88317
45.7424 88340
45.7429 88363
45.7434 88386
45.7438 88409
45.7443 88432
45.7448 88455
45.7453 88478
45.7458 88501
45.7462 88524
45.7467 88547
45.7472 88570
45.7477 88593
45.7482 88616
45.7486 88639
45.7491 88662
45.7496 88685
45.7501 88708
45.7506 88731
45.751 88754
45.7576 88777
45.7583 88800
45.7588 88823
45.7593 88846
45.7598 88869
45.7603 88892
45.7607 88915
45.7612 88938
45.7617 88961
45.7622 88984
45.7627 89007
45.7631 89030
45.7636 89053
45.7641 89076
45.7646 89099
45.7651 89122
45.7655 89145
45.766 89168
45.7665 89191
45.767 89214
45.7675 89237
45.7679 89260
45.7684 89283
45.7689 89306
45.7694 89329
45.7699 89352
45.7703 89375
45.7708 89398
45.7713 89421
45.7718 89444
45.7781 89467
45.7788 89490
45.7793 89513
45.7798 89536
45.7803 89559
45.7807 89582
45.7812 89605
45.7817 89628
45.7822 89651
45.7827 89674
45.7832 89697
45.7836 89720
45.7841 89743
45.7846 89766
45.7851 89789
45.7856 89812
45.786 89835
45.7865 89858
45.787 89881
45.7875 89904
45.788 89927
45.7884 89950
45.7889 89973
45.7894 89996
45.7899 90019
45.7904 90042
45.7908 90065
45.7913 90088
45.7918 90111
45.7923 90134
45.7986 90157
45.7993 90180
45.7998 90203
45.8003 90226
45.8008 90249
45.8012 90272
45.8017 90295
45.8022 90318
45.8027 90341
45.8032 90364
45.8037 90387
45.8041 90410
45.8046 90433
45.8051 90456
45.8056 90479
45.8061 90502
45.8065 90525
45.807 90548
45.8075 90571
45.808 90594
45.8085 90617
45.8089 90640
45.8094 90663
45.8099 90686
45.8104 90709
45.8109 90732
45.8113 90755
45.8118 90778
45.8123 90801
45.8128 90824
45.8133 90847
45.8193 90870
45.8201 90893
45.8205 90916
45.821 90939
45.8215 90962
45.822 90985
45.8225 91008
45.8229 91031
45.8234 91054
45.8239 91077
45.8244 91100
45.8249 91123
45.8254 91146
45.8258 91169
45.8263 91191
45.8268 91213
45.8273 91235
45.8278 91257
45.8282 91279
45.8287 91301
45.8292 91323
45.8297 91345
45.8302 91367
45.8306 91389
45.8311 91411
45.8316 91433
45.8321 91455
45.8326 91477
45.833 91499
45.8335 91521
45.834 91543
45.8401 91565
45.8408 91587
45.8413 91609
45.8418 91631
45.8422 91653
45.8427 91675
45.8432 91697
45.8437 91719
45.8442 91741
45.8446 91763
45.8451 91785
45.8456 91807
45.8461 91829
45.8466 91851
45.847 91873
45.8475 91895
45.848 91917
45.8485 91939
45.849 91961
45.8495 91983
45.8499 92005
45.8504 92027
45.8509 92049
45.8514 92071
45.8519 92093
45.8523 92115
45.8528 92137
45.8533 92159
45.8538 92181
45.8543 92203
45.8547 92225
45.8606 92247
45.8613 92269
45.8618 92291
45.8623 92313
45.8627 92335
45.8632 92357
45.8637 92379
45.8642 92401
45.8647 92423
45.8651 92445
45.8656 92467
45.8661 92489
45.8666 92511
45.8671 92533
45.8675 92555
45.868 92577
45.8685 92599
45.869 92621
45.8695 92643
45.87 92665
45.8704 92687
45.8709 92709
45.8714 92731
45.8719 92753
45.8724 92775
45.8728 92797
45.8733 92819
45.8738 92841
45.8743 92863
45.8748 92885
45.8752 92907
45.8811 92929
45.8818 92951
45.8823 92973
45.8828 92995
45.8832 93017
45.8837 93039
45.8842 93061
45.8847 93083
45.8852 93105
45.8856 93127
45.8861 93149
45.8866 93171
45.8871 93193
45.8876 93215
45.888 93237
45.8885 93259
45.889 93281
45.8895 93303
45.89 93325
45.8904 93347
45.8909 93369
45.8914 93391
45.8919 93413
45.8924 93435
45.8929 93457
45.8933 93479
45.8938 93501
45.8943 93523
45.8948 93545
45.8953 93567
45.8957 93589
45.8962 93611
45.9018 93633
45.9025 93655
45.903 93677
45.9035 93699
45.904 93721
45.9045 93743
45.9049 93765
45.9054 93787
45.9059 93809
45.9064 93831
45.9069 93853
45.9073 93875
45.9078 93897
45.9083 93919
45.9088 93941
45.9093 93963
45.9097 93985
45.9102 94007
45.9107 94029
45.9112 94051
45.9117 94073
45.9121 94095
45.9126 94117
45.9131 94139
45.9136 94161
45.9141 94183
45.9146 94205
45.915 94227
45.9155 94249
45.916 94271
45.9165 94293
45.917 94315
45.9226 94337
45.9233 94359
45.9238 94381
45.9242 94403
45.9247 94425
45.9252 94447
45.9257 94469
45.9262 94491
45.9266 94513
45.9271 94535
45.9276 94557
45.9281 94579
45.9286 94601
45.929 94623
45.9295 94645
45.93 94667
45.9305 94689
45.931 94711
45.9314 94733
45.9319 94755
45.9324 94777
45.9329 94799
45.9334 94821
45.9338 94843
45.9343 94865
45.9348 94887
45.9353 94909
45.9358 94931
45.9363 94953
45.9367 94975
45.9372 94997
45.9377 95019
45.9431 95041
45.9438 95063
45.9443 95085
45.9447 95107
45.9452 95129
45.9457 95151
45.9462 95173
45.9467 95195
45.9471 95217
45.9476 95239
45.9481 95261
45.9486 95283
45.9491 95305
45.9495 95326
45.95 95347
45.9505 95368
45.951 95389
45.9515 95410
45.9519 95431
45.9524 95452
45.9529 95473
45.9534 95494
45.9539 95515
45.9543 95536
45.9548 95557
45.9553 95578
45.9558 95599
45.9563 95620
45.9567 95641
45.9572 95662
45.9577 95683
45.9582 95704
45.9635 95725
45.9643 95746
45.9648 95767
45.9652 95788
45.9657 95809
45.9662 95830
45.9667 95851
45.9672 95872
45.9676 95893
45.9681 95914
45.9686 95935
45.9691 95956
45.9696 95977
45.97 95998
45.9705 96019
45.971 96040
45.9715 96061
45.972 96082
45.9724 96103
45.9729 96124
45.9734 96145
45.9739 96166
45.9744 96187
45.9748 96208
45.9753 96229
45.9758 96250
45.9763 96271
45.9768 96292
45.9772 96313
45.9777 96334
45.9782 96355
45.9787 96376
45.9792 96397
45.9843 96418
45.985 96439
45.9855 96460
45.986 96481
45.9864 96502
45.9869 96523
45.9874 96544
45.9879 96565
45.9884 96586
45.9889 96607
45.9893 96628
45.9898 96649
45.9903 96670
45.9908 96691
45.9913 96712
45.9917 96733
45.9922 96754
45.9927 96775
45.9932 96796
45.9937 96817
45.9941 96838
45.9946 96859
45.9951 96880
45.9956 96901
45.9961 96922
45.9965 96943
45.997 96964
45.9975 96985
45.998 97006
45.9985 97027
45.9989 97048
45.9994 97069
45.9999 97090
46.005 97111
46.0057 97132
46.0062 97153
46.0067 97174
46.0072 97195
46.0077 97216
46.0081 97237
46.0086 97258
46.0091 97279
46.0096 97300
46.0101 97321
46.0106 97342
46.011 97363
46.0115 97384
46.012 97405
46.0125 97426
46.013 97447
46.0134 97468
46.0139 97489
46.0144 97510
46.0149 97531
46.0154 97552
46.0158 97573
46.0163 97594
46.0168 97615
46.0173 97636
46.0178 97657
46.0182 97678
46.0187 97699
46.0192 97720
46.0197 97741
46.0202 97762
46.0206 97783
46.0255 97804
46.0262 97825
46.0267 97846
46.0272 97867
46.0277 97888
46.0282 97909
46.0286 97930
46.0291 97951
46.0296 97972
46.0301 97993
46.0306 98014
46.0311 98035
46.0315 98056
46.032 98077
46.0325 98098
46.033 98119
46.0335 98140
46.0339 98161
46.0344 98182
46.0349 98203
46.0354 98224
46.0359 98245
46.0363 98266
46.0368 98287
46.0373 98308
46.0378 98329
46.0383 98350
46.0387 98371
46.0392 98392
46.0397 98413
46.0402 98434
46.0407 98455
46.0411 98476
46.046 98497
46.0467 98518
46.0472 98539
46.0477 98560
46.0482 98581
46.0487 98602
46.0491 98623
46.0496 98644
46.0501 98665
46.0506 98686
46.0511 98707
46.0515 98728
46.052 98749
46.0525 98770
46.053 98791
46.0535 98812
46.054 98833
46.0544 98854
46.0549 98875
46.0554 98896
46.0559 98917
46.0564 98938
46.0568 98959
46.0573 98980
46.0578 99001
46.0583 99022
46.0588 99043
46.0592 99064
46.0597 99085
46.0602 99106
46.0607 99127
46.0612 99148
46.0616 99169
46.0621 99190
46.0668 99211
46.0675 99232
46.068 99253
46.0684 99274
46.0689 99295
46.0694 99316
46.0699 99337
46.0704 99358
46.0708 99379
46.0713 99400
46.0718 99421
46.0723 99442
46.0728 99463
46.0732 99484
46.0737 99505
46.0742 99526
46.0747 99547
46.0752 99568
46.0757 99589
46.0761 99610
46.0766 99631
46.0771 99652
46.0776 99673
46.0781 99694
46.0785 99715
46.079 99736
46.0795 99757
46.08 99778
46.0805 99799
46.0809 99820
46.0814 99841
46.0819 99862
46.0824 99882
46.0829 99902
46.0875 99922
46.0882 99942
46.0887 99962
46.0892 99982
46.0897 100002
46.0901 100022
46.0906 100042
46.0911 100062
46.0916 100082
46.0921 100102
46.0925 100122
46.093 100142
46.0935 100162
46.094 100182
46.0945 100202
46.0949 100222
46.0954 100242
46.0959 100262
46.0964 100282
46.0969 100302
46.0974 100322
46.0978 100342
46.0983 100362
46.0988 100382
46.0993 100402
46.0998 100422
46.1002 100442
46.1007 100462
46.1012 100482
46.1017 100502
46.1022 100522
46.1026 100542
46.1031 100562
46.1036 100582
46.1082 100602
46.1087 100622
46.1092 100642
46.1097 100662
46.1102 100682
46.1106 100702
46.1111 100722
46.1116 100742
46.1121 100762
46.1126 100782
46.113 100802
46.1135 100822
46.114 100842
46.1145 100862
46.115 100882
46.1154 100902
46.1159 100922
46.1164 100942
46.1169 100962
46.1174 100982
46.1178 101002
46.1183 101022
46.1188 101042
46.1193 101062
46.1198 101082
46.1203 101102
46.1207 101122
46.1212 101142
46.1217 101162
46.1222 101182
46.1227 101202
46.1231 101222
46.1236 101242
46.1241 101262
46.1287 101282
46.1292 101302
46.1297 101322
46.1302 101342
46.1307 101362
46.1311 101382
46.1316 101402
46.1321 101422
46.1326 101442
46.1331 101462
46.1335 101482
46.134 101502
46.1345 101522
46.135 101542
46.1355 101562
46.1359 101582
46.1364 101602
46.1369 101622
46.1374 101642
46.1379 101662
46.1383 101682
46.1388 101702
46.1393 101722
46.1398 101742
46.1403 101762
46.1407 101782
46.1412 101802
46.1417 101822
46.1422 101842
46.1427 101862
46.1432 101882
46.1436 101902
46.1441 101922
46.1446 101942
46.1492 101962
46.1497 101982
46.1502 102002
46.1507 102022
46.1512 102042
46.1516 102062
46.1521 102082
46.1526 102102
46.1531 102122
46.1536 102142
46.154 102162
46.1545 102182
46.155 102202
46.1555 102222
46.156 102242
46.1564 102262
46.1569 102282
46.1574 102302
46.1579 102322
46.1584 102342
46.1588 102362
46.1593 102382
46.1598 102402
46.1603 102422
46.1608 102442
46.1612 102462
46.1617 102482
46.1622 102502
46.1627 102522
46.1632 102542
46.1637 102562
46.1641 102582
46.1646 102602
46.1651 102622
46.1656 102642
46.17 102662
46.1705 102682
46.1709 102702
46.1714 102722
46.1719 102742
46.1724 102762
46.1729 102782
46.1733 102802
46.1738 102822
46.1743 102842
46.1748 102862
46.1753 102882
46.1757 102902
46.1762 102922
46.1767 102942
46.1772 102962
46.1777 102982
46.1781 103002
46.1786 103022
46.1791 103042
46.1796 103062
46.1801 103082
46.1805 103102
46.181 103122
46.1815 103142
46.182 103162
46.1825 103182
46.1829 103202
46.1834 103222
46.1839 103242
46.1844 103262
46.1849 103282
46.1854 103302
46.1858 103322
46.1863 103342
46.1907 103362
46.1912 103382
46.1917 103402
46.1921 103422
46.1926 103442
46.1931 103462
46.1936 103482
46.1941 103502
46.1946 103522
46.195 103542
46.1955 103562
46.196 103582
46.1965 103602
46.197 103622
46.1974 103642
46.1979 103662
46.1984 103682
46.1989 103702
46.1994 103722
46.1998 103742
46.2003 103762
46.2008 103782
46.2013 103802
46.2018 103822
46.2022 103842
46.2027 103862
46.2032 103882
46.2037 103902
46.2042 103922
46.2046 103942
46.2051 103962
46.2056 103982
46.2061 104002
46.2066 104022
46.207 104042
46.2112 104062
46.2117 104082
46.2122 104102
46.2126 104122
46.2131 104142
46.2136 104162
46.2141 104182
46.2146 104202
46.2151 104222
46.2155 104242
46.216 104262
46.2165 104282
46.217 104302
46.2175 104322
46.2179 104342
46.2184 104362
46.2189 104382
46.2194 104402
46.2199 104422
46.2203 104442
46.2208 104462
46.2213 104482
46.2218 104502
46.2223 104522
46.2227 104542
46.2232 104562
46.2237 104582
46.2242 104602
46.2247 104622
46.2251 104642
46.2256 104662
46.2261 104682
46.2266 104702
46.2271 104722
46.2275 104742
46.2317 104762
46.2322 104782
46.2327 104802
46.2331 104822
46.2336 104842
46.2341 104861
46.2346 104880
46.2351 104899
46.2355 104918
46.236 104937
46.2365 104956
46.237 104975
46.2375 104994
46.238 105013
46.2384 105032
46.2389 105051
46.2394 105070
46.2399 105089
46.2404 105108
46.2408 105127
46.2413 105146
46.2418 105165
46.2423 105184
46.2428 105203
46.2432 105222
46.2437 105241
46.2442 105260
46.2447 105279
46.2452 105298
46.2456 105317
46.2461 105336
46.2466 105355
46.2471 105374
46.2476 105393
46.248 105412
46.2485 105431
46.2524 105450
46.2529 105469
46.2534 105488
46.2539 105507
46.2544 105526
46.2548 105545
46.2553 105564
46.2558 105583
46.2563 105602
46.2568 105621
46.2572 105640
46.2577 105659
46.2582 105678
46.2587 105697
46.2592 105716
46.2597 105735
46.2601 105754
46.2606 105773
46.2611 105792
46.2616 105811
46.2621 105830
46.2625 105849
46.263 105868
46.2635 105887
46.264 105906
46.2645 105925
46.2649 105944
46.2654 105963
46.2659 105982
46.2664 106001
46.2669 106020
46.2673 106039
46.2678 106058
46.2683 106077
46.2688 106096
46.2693 106115
46.2732 106134
46.2737 106153
46.2741 106172
46.2746 106191
46.2751 106210
46.2756 106229
46.2761 106248
46.2765 106267
46.277 106286
46.2775 106305
46.278 106324
46.2785 106343
46.2789 106362
46.2794 106381
46.2799 106400
46.2804 106419
46.2809 106438
46.2814 106457
46.2818 106476
46.2823 106495
46.2828 106514
46.2833 106533
46.2838 106552
46.2842 106571
46.2847 106590
46.2852 106609
46.2857 106628
46.2862 106647
46.2866 106666
46.2871 106685
46.2876 106704
46.2881 106723
46.2886 106742
46.289 106761
46.2895 106780
46.29 106799
46.2937 106818
46.2942 106837
46.2946 106856
46.2951 106875
46.2956 106894
46.2961 106913
46.2966 106932
46.297 106951
46.2975 106970
46.298 106989
46.2985 107008
46.299 107027
46.2994 107046
46.2999 107065
46.3004 107084
46.3009 107103
46.3014 107122
46.3018 107141
46.3023 107160
46.3028 107179
46.3033 107198
46.3038 107217
46.3043 107236
46.3047 107255
46.3052 107274
46.3057 107293
46.3062 107312
46.3067 107331
46.3071 107350
46.3076 107369
46.3081 107388
46.3086 107407
46.3091 107426
46.3095 107445
46.31 107464
46.3105 107483
46.3142 107502
46.3147 107521
46.3151 107540
46.3156 107559
46.3161 107578
46.3166 107597
46.3171 107616
46.3175 107635
46.318 107654
46.3185 107673
46.319 107692
46.3195 107711
46.3199 107730
46.3204 107749
46.3209 107768
46.3214 107787
46.3219 107806
46.3223 107825
46.3228 107844
46.3233 107863
46.3238 107882
46.3243 107901
46.3248 107920
46.3252 107939
46.3257 107958
46.3262 107977
46.3267 107996
46.3272 108015
46.3276 108034
46.3281 108053
46.3286 108072
46.3291 108091
46.3296 108110
46.33 108129
46.3305 108148
46.331 108167
46.3315 108186
46.3349 108205
46.3354 108224
46.3359 108243
46.3364 108262
46.3368 108281
46.3373 108300
46.3378 108319
46.3383 108338
46.3388 108357
46.3392 108376
46.3397 108395
46.3402 108414
46.3407 108433
46.3412 108452
46.3416 108471
46.3421 108490
46.3426 108509
46.3431 108528
46.3436 108547
46.344 108566
46.3445 108585
46.345 108604
46.3455 108623
46.346 108642
46.3464 108661
46.3469 108680
46.3474 108699
46.3479 108718
46.3484 108737
46.3489 108756
46.3493 108775
46.3498 108794
46.3503 108813
46.3508 108832
46.3513 108851
46.3517 108870
46.3522 108889
46.3557 108908
46.3561 108927
46.3566 108946
46.3571 108965
46.3576 108984
46.3581 109003
46.3585 109022
46.359 109041
46.3595 109060
46.36 109079
46.3605 109098
46.3609 109117
46.3614 109136
46.3619 109155
46.3624 109174
46.3629 109193
46.3633 109212
46.3638 109231
46.3643 109250
46.3648 109269
46.3653 109288
46.3657 109307
46.3662 109326
46.3667 109345
46.3672 109364
46.3677 109383
46.3681 109402
46.3686 109421
46.3691 109440
46.3696 109459
46.3701 109478
46.3706 109497
46.371 109516
46.3715 109535
46.372 109554
46.3725 109573
46.373 109592
46.3762 109611
46.3766 109630
46.3771 109649
46.3776 109668
46.3781 109687
46.3786 109706
46.379 109725
46.3795 109744
46.38 109763
46.3805 109782
46.381 109801
46.3814 109820
46.3819 109839
46.3824 109858
46.3829 109877
46.3834 109896
46.3838 109915
46.3843 109934
46.3848 109953
46.3853 109972
46.3858 109991
46.3862 110010
46.3867 110029
46.3872 110048
46.3877 110067
46.3882 110086
46.3886 110105
46.3891 110124
46.3896 110143
46.3901 110162
46.3906 110181
46.3911 110200
46.3915 110219
46.392 110238
46.3925 110257
46.393 110276
46.3935 110295
46.3966 110314
46.3971 110333
46.3976 110352
46.3981 110371
46.3986 110389
46.3991 110407
46.3995 110425
46.4 110443
46.4005 110461
46.401 110479
46.4015 110497
46.4019 110515
46.4024 110533
46.4029 110551
46.4034 110569
46.4039 110587
46.4043 110605
46.4048 110623
46.4053 110641
46.4058 110659
46.4063 110677
46.4067 110695
46.4072 110713
46.4077 110731
46.4082 110749
46.4087 110767
46.4091 110785
46.4096 110803
46.4101 110821
46.4106 110839
46.4111 110857
46.4115 110875
46.412 110893
46.4125 110911
46.413 110929
46.4135 110947
46.414 110965
46.4144 110983
46.4174 111001
46.4179 111019
46.4183 111037
46.4188 111055
46.4193 111073
46.4198 111091
46.4203 111109
46.4208 111127
46.4212 111145
46.4217 111163
46.4222 111181
46.4227 111199
46.4232 111217
46.4236 111235
46.4241 111253
46.4246 111271
46.4251 111289
46.4256 111307
46.426 111325
46.4265 111343
46.427 111361
46.4275 111379
46.428 111397
46.4284 111415
46.4289 111433
46.4294 111451
46.4299 111469
46.4304 111487
46.4308 111505
46.4313 111523
46.4318 111541
46.4323 111559
46.4328 111577
46.4332 111595
46.4337 111613
46.4342 111631
46.4347 111649
46.4352 111667
46.4381 111685
46.4386 111703
46.4391 111721
46.4396 111739
46.44 111757
46.4405 111775
46.441 111793
46.4415 111811
46.442 111829
46.4425 111847
46.4429 111865
46.4434 111883
46.4439 111901
46.4444 111919
46.4449 111937
46.4453 111955
46.4458 111973
46.4463 111991
46.4468 112009
46.4473 112027
46.4477 112045
46.4482 112063
46.4487 112081
46.4492 112099
46.4497 112117
46.4501 112135
46.4506 112153
46.4511 112171
46.4516 112189
46.4521 112207
46.4525 112225
46.453 112243
46.4535 112261
46.454 112279
46.4545 112297
46.4549 112315
46.4554 112333
46.4559 112351
46.4586 112369
46.4591 112387
46.4596 112405
46.4601 112423
46.4605 112441
46.461 112459
46.4615 112477
46.462 112495
46.4625 112513
46.4629 112531
46.4634 112549
46.4639 112567
46.4644 112585
46.4649 112603
46.4654 112621
46.4658 112639
46.4663 112657
46.4668 112675
46.4673 112693
46.4678 112711
46.4682 112729
46.4687 112747
46.4692 112765
46.4697 112783
46.4702 112801
46.4706 112819
46.4711 112837
46.4716 112855
46.4721 112873
46.4726 112891
46.473 112909
46.4735 112927
46.474 112945
46.4745 112963
46.475 112981
46.4754 112999
46.4759 113017
46.4764 113035
46.4791 113053
46.4796 113071
46.4801 113089
46.4806 113107
46.481 113125
46.4815 113143
46.482 113161
46.4825 113179
46.483 113197
46.4834 113215
46.4839 113233
46.4844 113251
46.4849 113269
46.4854 113287
46.4858 113305
46.4863 113323
46.4868 113341
46.4873 113359
46.4878 113377
46.4883 113395
46.4887 113413
46.4892 113431
46.4897 113449
46.4902 113467
46.4907 113485
46.4911 113503
46.4916 113521
46.4921 113539
46.4926 113557
46.4931 113575
46.4935 113593
46.494 113611
46.4945 113629
46.495 113647
46.4955 113665
46.4959 113683
46.4964 113701
46.4969 113719
46.4974 113737
46.4999 113755
46.5003 113773
46.5008 113791
46.5013 113809
46.5018 113827
46.5023 113845
46.5027 113863
46.5032 113881
46.5037 113899
46.5042 113917
46.5047 113935
46.5051 113953
46.5056 113971
46.5061 113989
46.5066 114007
46.5071 114025
46.5075 114043
46.508 114061
46.5085 114079
46.509 114097
46.5095 114115
46.51 114133
46.5104 114151
46.5109 114169
46.5114 114187
46.5119 114205
46.5124 114223
46.5128 114241
46.5133 114259
46.5138 114277
46.5143 114295
46.5148 114313
46.5152 114331
46.5157 114349
46.5162 114367
46.5167 114385
46.5172 114403
46.5176 114421
46.5181 114439
46.5206 114457
46.5211 114475
46.5216 114493
46.522 114511
46.5225 114529
46.523 114547
46.5235 114565
46.524 114583
46.5244 114601
46.5249 114619
46.5254 114637
46.5259 114655
46.5264 114673
46.5268 114691
46.5273 114709
46.5278 114727
46.5283 114745
46.5288 114763
46.5292 114781
46.5297 114799
46.5302 114817
46.5307 114835
46.5312 114853
46.5317 114871
46.5321 114889
46.5326 114907
46.5331 114925
46.5336 114943
46.5341 114961
46.5345 114979
46.535 114997
46.5355 115015
46.536 115033
46.5365 115051
46.5369 115069
46.5374 115087
46.5379 115105
46.5384 115123
46.5389 115141
46.5411 115159
46.5416 115177
46.5421 115195
46.5425 115213
46.543 115231
46.5435 115249
46.544 115267
46.5445 115285
46.5449 115303
46.5454 115321
46.5459 115339
46.5464 115357
46.5469 115375
46.5473 115393
46.5478 115411
46.5483 115429
46.5488 115447
46.5493 115465
46.5497 115483
46.5502 115501
46.5507 115519
46.5512 115537
46.5517 115555
46.5521 115573
46.5526 115591
46.5531 115609
46.5536 115627
46.5541 115645
46.5546 115663
46.555 115681
46.5555 115699
46.556 115717
46.5565 115735
46.557 115753
46.5574 115771
46.5579 115789
46.5584 115807
46.5589 115825
46.5594 115843
46.5616 115861
46.5621 115879
46.5626 115897
46.563 115915
46.5635 115933
46.564 115951
46.5645 115969
46.565 115987
46.5654 116005
46.5659 116023
46.5664 116041
46.5669 116059
46.5674 116077
46.5678 116095
46.5683 116113
46.5688 116131
46.5693 116149
46.5698 116167
46.5702 116185
46.5707 116203
46.5712 116221
46.5717 116239
46.5722 116257
46.5726 116275
46.5731 116293
46.5736 116311
46.5741 116329
46.5746 116347
46.5751 116365
46.5755 116383
46.576 116401
46.5765 116419
46.577 116437
46.5775 116455
46.5779 116473
46.5784 116491
46.5789 116508
46.5794 116525
46.5799 116542
46.5803 116559
46.5823 116576
46.5828 116593
46.5833 116610
46.5838 116627
46.5843 116644
46.5847 116661
46.5852 116678
46.5857 116695
46.5862 116712
46.5867 116729
46.5871 116746
46.5876 116763
46.5881 116780
46.5886 116797
46.5891 116814
46.5895 116831
46.59 116848
46.5905 116865
46.591 116882
46.5915 116899
46.5919 116916
46.5924 116933
46.5929 116950
46.5934 116967
46.5939 116984
46.5943 117001
46.5948 117018
46.5953 117035
46.5958 117052
46.5963 117069
46.5968 117086
46.5972 117103
46.5977 117120
46.5982 117137
46.5987 117154
46.5992 117171
46.5996 117188
46.6001 117205
46.6006 117222
46.6011 117239
46.6031 117256
46.6036 117273
46.604 117290
46.6045 117307
46.605 117324
46.6055 117341
46.606 117358
46.6064 117375
46.6069 117392
46.6074 117409
46.6079 117426
46.6084 117443
46.6088 117460
46.6093 117477
46.6098 117494
46.6103 117511
46.6108 117528
46.6112 117545
46.6117 117562
46.6122 117579
46.6127 117596
46.6132 117613
46.6136 117630
46.6141 117647
46.6146 117664
46.6151 117681
46.6156 117698
46.616 117715
46.6165 117732
46.617 117749
46.6175 117766
46.618 117783
46.6184 117800
46.6189 117817
46.6194 117834
46.6199 117851
46.6204 117868
46.6209 117885
46.6213 117902
46.6218 117919
46.6238 117936
46.6243 117953
46.6248 117970
46.6252 117987
46.6257 118004
46.6262 118021
46.6267 118038
46.6272 118055
46.6277 118072
46.6281 118089
46.6286 118106
46.6291 118123
46.6296 118140
46.6301 118157
46.6305 118174
46.631 118191
46.6315 118208
46.632 118225
46.6325 118242
46.6329 118259
46.6334 118276
46.6339 118293
46.6344 118310
46.6349 118327
46.6353 118344
46.6358 118361
46.6363 118378
46.6368 118395
46.6373 118412
46.6377 118429
46.6382 118446
46.6387 118463
46.6392 118480
46.6397 118497
46.6401 118514
46.6406 118531
46.6411 118548
46.6416 118565
46.6421 118582
46.6426 118599
46.6443 118616
46.6448 118633
46.6453 118650
46.6457 118667
46.6462 118684
46.6467 118701
46.6472 118718
46.6477 118735
46.6482 118752
46.6486 118769
46.6491 118786
46.6496 118803
46.6501 118820
46.6506 118837
46.651 118854
46.6515 118871
46.652 118888
46.6525 118905
46.653 118922
46.6534 118939
46.6539 118956
46.6544 118973
46.6549 118990
46.6554 119007
46.6558 119024
46.6563 119041
46.6568 119058
46.6573 119075
46.6578 119092
46.6582 119109
46.6587 119126
46.6592 119143
46.6597 119160
46.6602 119177
46.6606 119194
46.6611 119211
46.6616 119228
46.6621 119245
46.6626 119262
46.6631 119279
46.6648 119296
46.6653 119313
46.6658 119330
46.6662 119347
46.6667 119364
46.6672 119381
46.6677 119398
46.6682 119415
46.6686 119432
46.6691 119449
46.6696 119466
46.6701 119483
46.6706 119500
46.6711 119517
46.6715 119534
46.672 119551
46.6725 119568
46.673 119585
46.6735 119602
46.6739 119619
46.6744 119636
46.6749 119653
46.6754 119670
46.6759 119687
46.6763 119704
46.6768 119721
46.6773 119738
46.6778 119755
46.6783 119772
46.6787 119789
46.6792 119806
46.6797 119823
46.6802 119840
46.6807 119857
46.6811 119874
46.6816 119891
46.6821 119908
46.6826 119925
46.6831 119942
46.6835 119959
46.684 119976
46.6855 119993
46.686 120010
46.6865 120027
46.687 120044
46.6875 120061
46.6879 120078
46.6884 120095
46.6889 120112
46.6894 120129
46.6899 120146
46.6903 120163
46.6908 120180
46.6913 120197
46.6918 120214
46.6923 120231
46.6928 120248
46.6932 120265
46.6937 120282
46.6942 120299
46.6947 120316
46.6952 120333
46.6956 120350
46.6961 120367
46.6966 120384
46.6971 120401
46.6976 120418
46.698 120435
46.6985 120452
46.699 120469
46.6995 120486
46.7 120503
46.7004 120520
46.7009 120537
46.7014 120554
46.7019 120571
46.7024 120588
46.7028 120605
46.7033 120622
46.7038 120639
46.7043 120656
46.7048 120673
46.7063 120690
46.7068 120707
46.7072 120724
46.7077 120741
46.7082 120758
46.7087 120775
46.7092 120792
46.7092 105984
46.7096 106003
46.7096 105984
46.7101 106003
46.7101 105984
46.7106 106003
46.7106 105984
46.7111 106003
46.7111 105984
46.7116 106003
46.7116 105984
46.712 106003
46.712 105984
46.7125 106003
46.7125 105984
46.713 106003
46.713 105984
46.7135 106003
46.7135 105984
46.714 106003
46.714 105984
46.7145 106003
46.7145 105984
46.7149 106003
46.7149 105984
46.7154 106003
46.7154 105984
46.7159 106003
46.7159 105984
46.7164 106003
46.7164 105984
46.7169 106003
46.7169 105984
46.7173 106003
46.7173 105984
46.7178 106003
46.7178 105984
46.7183 106003
46.7183 105984
46.7188 106003
46.7188 105984
46.7193 106003
46.7193 105984
46.7197 106003
46.7197 105984
46.7202 106003
46.7202 105984
46.7207 106003
46.7207 105984
46.7212 106003
46.7212 105984
46.7217 106003
46.7217 105984
46.7221 106003
46.7221 105984
46.7226 106003
46.7226 105984
46.7231 106003
46.7231 105984
46.7236 106003
46.7236 105984
46.7241 106003
46.7241 105984
46.7245 106003
46.7245 105984
46.725 106003
46.725 105984
46.7255 106003
46.7255 105984
46.7268 106003
46.7268 105984
46.7273 106003
46.7273 105984
46.7277 106003
46.7277 105984
46.7282 106003
46.7282 105984
46.7287 106003
46.7287 105984
46.7292 106003
46.7292 105984
46.7321 106003
46.7325 106022
46.733 106041
46.7335 106060
46.734 106079
46.7345 106098
46.7349 106117
46.7354 106136
46.7359 106155
46.7364 106174
46.7369 106193
46.7374 106212
46.7378 106231
46.7383 106250
46.7388 106269
46.7393 106288
46.7398 106307
46.7402 106326
46.7407 106345
46.7412 106364
46.7417 106383
46.7422 106402
46.7426 106421
46.7431 106440
46.7436 106459
46.7441 106478
46.7446 106497
46.745 106516
46.7455 106535
46.746 106554
46.7473 106573
46.7478 106592
46.7482 106611
46.7487 106630
46.7492 106649
46.7497 106668
46.7526 106687
46.753 106706
46.7535 106725
46.754 106744
46.7545 106763
46.755 106782
46.7554 106801
46.7559 106820
46.7564 106839
46.7569 106858
46.7574 106877
46.7578 106896
46.7583 106915
46.7588 106934
46.7593 106953
46.7598 106972
46.7603 106991
46.7607 107010
46.7612 107029
46.7617 107048
46.7622 107067
46.7627 107086
46.7631 107105
46.7636 107124
46.7641 107143
46.7646 107162
46.7651 107181
46.7655 107200
46.766 107219
46.7665 107238
46.7678 107257
46.7683 107276
46.7687 107295
46.7692 107314
46.7697 107333
46.7702 107352
46.7731 107371
46.7735 107390
46.774 107409
46.7745 107428
46.775 107447
46.7755 107466
46.7759 107485
46.7764 107504
46.7769 107523
46.7774 107542
46.7779 107561
46.7783 107580
46.7788 107599
46.7793 107618
46.7798 107637
46.7803 107656
46.7808 107675
46.7812 107694
46.7817 107713
46.7822 107732
46.7827 107751
46.7832 107770
46.7836 107789
46.7841 107808
46.7846 107827
46.7851 107846
46.7856 107865
46.786 107884
46.7865 107903
46.787 107922
46.7875 107941
46.7885 107960
46.789 107979
46.7895 107998
46.79 108017
46.7904 108036
46.7909 108055
46.7938 108074
46.7943 108093
46.7948 108112
46.7952 108131
46.7957 108150
46.7962 108169
46.7967 108188
46.7972 108207
46.7976 108226
46.7981 108245
46.7986 108264
46.7991 108283
46.7996 108302
46.8 108321
46.8005 108340
46.801 108359
46.8015 108378
46.802 108397
46.8025 108416
46.8029 108435
46.8034 108454
46.8039 108473
46.8044 108492
46.8049 108511
46.8053 108530
46.8058 108549
46.8063 108568
46.8068 108587
46.8073 108606
46.8077 108625
46.8082 108644
46.8093 108663
46.8097 108682
46.8102 108701
46.8107 108720
46.8112 108739
46.8117 108758
46.8145 108777
46.815 108796
46.8155 108815
46.816 108834
46.8165 108853
46.8169 108872
46.8174 108891
46.8179 108910
46.8184 108929
46.8189 108948
46.8193 108967
46.8198 108986
46.8203 109005
46.8208 109024
46.8213 109043
46.8217 109062
46.8222 109081
46.8227 109100
46.8232 109119
46.8237 109138
46.8242 109157
46.8246 109176
46.8251 109195
46.8256 109214
46.8261 109233
46.8266 109252
46.827 109271
46.8275 109290
46.828 109309
46.8285 109328
46.829 109347
46.8297 109366
46.8302 109385
46.8307 109404
46.8312 109423
46.8317 109442
46.8322 109461
46.835 109480
46.8355 109499
46.836 109518
46.8365 109537
46.837 109556
46.8374 109575
46.8379 109594
46.8384 109613
46.8389 109632
46.8394 109651
46.8398 109670
46.8403 109689
46.8408 109708
46.8413 109727
46.8418 109746
46.8422 109765
46.8427 109784
46.8432 109803
46.8437 109822
46.8442 109841
46.8446 109860
46.8451 109879
46.8456 109898
46.8461 109917
46.8466 109936
46.8471 109955
46.8475 109974
46.848 109993
46.8485 110012
46.849 110031
46.8495 110050
46.8502 110069
46.8507 110088
46.8512 110107
46.8517 110126
46.8522 110145
46.8526 110164
46.8555 110183
46.856 110202
46.8565 110221
46.857 110240
46.8575 110259
46.8579 110278
46.8584 110297
46.8589 110316
46.8594 110335
46.8599 110354
46.8603 110372
46.8608 110390
46.8613 110408
46.8618 110426
46.8623 110444
46.8627 110462
46.8632 110480
46.8637 110498
46.8642 110516
46.8647 110534
46.8651 110552
46.8656 110570
46.8661 110588
46.8666 110606
46.8671 110624
46.8675 110642
46.868 110660
46.8685 110678
46.869 110696
46.8695 110714
46.87 110732
46.8704 110750
46.871 110768
46.8715 110786
46.8719 110804
46.8724 110822
46.8729 110840
46.8734 110858
46.8763 110876
46.8768 110894
46.8772 110912
46.8777 110930
46.8782 110948
46.8787 110966
46.8792 110984
46.8796 111002
46.8801 111020
46.8806 111038
46.8811 111056
46.8816 111074
46.882 111092
46.8825 111110
46.883 111128
46.8835 111146
46.884 111164
46.8844 111182
46.8849 111200
46.8854 111218
46.8859 111236
46.8864 111254
46.8868 111272
46.8873 111290
46.8878 111308
46.8883 111326
46.8888 111344
46.8892 111362
46.8897 111380
46.8902 111398
46.8907 111416
46.8912 111434
46.8917 111452
46.8922 111470
46.8927 111488
46.8932 111506
46.8936 111524
46.8941 111542
46.897 111560
46.8975 111578
46.898 111596
46.8985 111614
46.8989 111632
46.8994 111650
46.8999 111668
46.9004 111686
46.9009 111704
46.9013 111722
46.9018 111740
46.9023 111758
46.9028 111776
46.9033 111794
46.9037 111812
46.9042 111830
46.9047 111848
46.9052 111866
46.9057 111884
46.9061 111902
46.9066 111920
46.9071 111938
46.9076 111956
46.9081 111974
46.9085 111992
46.909 112010
46.9095 112028
46.91 112046
46.9105 112064
46.9109 112082
46.9114 112100
46.9119 112118
46.9125 112136
46.9129 112154
46.9134 112172
46.9139 112190
46.9144 112208
46.9149 112226
46.9175 112244
46.918 112262
46.9185 112280
46.9189 112298
46.9194 112316
46.9199 112334
46.9204 112352
46.9209 112370
46.9214 112388
46.9218 112406
46.9223 112424
46.9228 112442
46.9233 112460
46.9238 112478
46.9242 112496
46.9247 112514
46.9252 112532
46.9257 112550
46.9262 112568
46.9266 112586
46.9271 112604
46.9276 112622
46.9281 112640
46.9286 112658
46.929 112676
46.9295 112694
46.93 112712
46.9305 112730
46.931 112748
46.9314 112766
46.9319 112784
46.9324 112802
46.933 112820
46.9334 112838
46.9339 112856
46.9344 112874
46.9349 112892
46.9354 112910
46.938 112928
46.9385 112946
46.939 112964
46.9394 112982
46.9399 113000
46.9404 113018
46.9409 113036
46.9414 113054
46.9419 113072
46.9423 113090
46.9428 113108
46.9433 113126
46.9438 113144
46.9443 113162
46.9447 113180
46.9452 113198
46.9457 113216
46.9462 113234
46.9467 113252
46.9471 113270
46.9476 113288
46.9481 113306
46.9486 113324
46.9491 113342
46.9495 113360
46.95 113378
46.9505 113396
46.951 113414
46.9515 113432
46.9519 113450
46.9524 113468
46.9529 113486
46.9535 113504
46.9539 113522
46.9544 113540
46.9549 113558
46.9554 113576
46.9559 113594
46.9585 113612
46.959 113630
46.9595 113648
46.9599 113666
46.9604 113684
46.9609 113702
46.9614 113720
46.9619 113738
46.9623 113756
46.9628 113774
46.9633 113792
46.9638 113810
46.9643 113828
46.9648 113846
46.9652 113864
46.9657 113882
46.9662 113900
46.9667 113918
46.9672 113936
46.9676 113954
46.9681 113972
46.9686 113990
46.9691 114008
46.9696 114026
46.97 114044
46.9705 114062
46.971 114080
46.9715 114098
46.972 114116
46.9724 114134
46.9729 114152
46.9734 114170
46.9739 114188
46.9744 114206
46.9748 114224
46.9753 114242
46.9758 114260
46.9763 114278
46.9768 114296
46.9792 114314
46.9797 114332
46.9802 114350
46.9807 114368
46.9812 114386
46.9816 114404
46.9821 114422
46.9826 114440
46.9831 114458
46.9836 114476
46.984 114494
46.9845 114512
46.985 114530
46.9855 114548
46.986 114566
46.9865 114584
46.9869 114602
46.9874 114620
46.9879 114638
46.9884 114656
46.9889 114674
46.9893 114692
46.9898 114710
46.9903 114728
46.9908 114746
46.9913 114764
46.9917 114782
46.9922 114800
46.9927 114818
46.9932 114836
46.9937 114854
46.9941 114872
46.9946 114890
46.9951 114908
46.9956 114926
46.9961 114944
46.9965 114962
46.997 114980
46.9975 114998
47 115016
47.0005 115034
47.0009 115052
47.0014 115070
47.0019 115088
47.0024 115106
47.0029 115124
47.0033 115142
47.0038 115160
47.0043 115178
47.0048 115196
47.0053 115214
47.0057 115232
47.0062 115250
47.0067 115268
47.0072 115286
47.0077 115304
47.0082 115322
47.0086 115340
47.0091 115358
47.0096 115376
47.0101 115394
47.0106 115412
47.011 115430
47.0115 115448
47.012 115466
47.0125 115484
47.013 115502
47.0134 115520
47.0139 115538
47.0144 115556
47.0149 115574
47.0154 115592
47.0158 115610
47.0163 115628
47.0168 115646
47.0173 115664
47.0178 115682
47.0182 115700
47.0205 115718
47.021 115736
47.0214 115754
47.0219 115772
47.0224 115790
47.0229 115808
47.0234 115826
47.0238 115844
47.0243 115862
47.0248 115880
47.0253 115898
47.0258 115916
47.0262 115934
47.0267 115952
47.0272 115970
47.0277 115988
47.0282 116006
47.0286 116024
47.0291 116042
47.0296 116060
47.0301 116078
47.0306 116096
47.0311 116114
47.0315 116132
47.032 116150
47.0325 116168
47.033 116186
47.0335 116204
47.0339 116222
47.0344 116240
47.0349 116258
47.0354 116276
47.0359 116294
47.0363 116312
47.0368 116330
47.0373 116348
47.0378 116366
47.0383 116384
47.0387 116402
47.041 116420
47.0415 116438
47.0419 116456
47.0424 116474
47.0429 116492
47.0434 116509
47.0439 116526
47.0443 116543
47.0448 116560
47.0453 116577
47.0458 116594
47.0463 116611
47.0467 116628
47.0472 116645
47.0477 116662
47.0482 116679
47.0487 116696
47.0491 116713
47.0496 116730
47.0501 116747
47.0506 116764
47.0511 116781
47.0515 116798
47.052 116815
47.0525 116832
47.053 116849
47.0535 116866
47.054 116883
47.0544 116900
47.0549 116917
47.0554 116934
47.0559 116951
47.0564 116968
47.0568 116985
47.0573 117002
47.0578 117019
47.0583 117036
47.0588 117053
47.0592 117070
47.0597 117087
47.0617 117104
47.0622 117121
47.0627 117138
47.0632 117155
47.0636 117172
47.0641 117189
47.0646 117206
47.0651 117223
47.0656 117240
47.066 117257
47.0665 117274
47.067 117291
47.0675 117308
47.068 117325
47.0684 117342
47.0689 117359
47.0694 117376
47.0699 117393
47.0704 117410
47.0708 117427
47.0713 117444
47.0718 117461
47.0723 117478
47.0728 117495
47.0732 117512
47.0737 117529
47.0742 117546
47.0747 117563
47.0752 117580
47.0757 117597
47.0761 117614
47.0766 117631
47.0771 117648
47.0776 117665
47.0781 117682
47.0785 117699
47.079 117716
47.0795 117733
47.08 117750
47.0805 117767
47.0825 117784
47.0829 117801
47.0834 117818
47.0839 117835
47.0844 117852
47.0849 117869
47.0853 117886
47.0858 117903
47.0863 117920
47.0868 117937
47.0873 117954
47.0877 117971
47.0882 117988
47.0887 118005
47.0892 118022
47.0897 118039
47.0901 118056
47.0906 118073
47.0911 118090
47.0916 118107
47.0921 118124
47.0925 118141
47.093 118158
47.0935 118175
47.094 118192
47.0945 118209
47.0949 118226
47.0954 118243
47.0959 118260
47.0964 118277
47.0969 118294
47.0974 118311
47.0978 118328
47.0983 118345
47.0988 118362
47.0993 118379
47.0998 118396
47.1002 118413
47.1007 118430
47.1012 118447
47.103 118464
47.1034 118481
47.1039 118498
47.1044 118515
47.1049 118532
47.1054 118549
47.1058 118566
47.1063 118583
47.1068 118600
47.1073 118617
47.1078 118634
47.1082 118651
47.1087 118668
47.1092 118685
47.1097 118702
47.1102 118719
47.1106 118736
47.1111 118753
47.1116 118770
47.1121 118787
47.1126 118804
47.113 118821
47.1135 118838
47.114 118855
47.1145 118872
47.115 118889
47.1154 118906
47.1159 118923
47.1164 118940
47.1169 118957
47.1174 118974
47.1178 118991
47.1183 119008
47.1188 119025
47.1193 119042
47.1198 119059
47.1203 119076
47.1207 119093
47.1212 119110
47.1217 119127
47.1234 119144
47.1239 119161
47.1244 119178
47.1249 119195
47.1254 119212
47.1259 119229
47.1263 119246
47.1268 119263
47.1273 119280
47.1278 119297
47.1283 119314
47.1287 119331
47.1292 119348
47.1297 119365
47.1302 119382
47.1307 119399
47.1311 119416
47.1316 119433
47.1321 119450
47.1326 119467
47.1331 119484
47.1335 119501
47.134 119518
47.1345 119535
47.135 119552
47.1355 119569
47.1359 119586
47.1364 119603
47.1369 119620
47.1374 119637
47.1379 119654
47.1383 119671
47.1388 119688
47.1393 119705
47.1398 119722
47.1403 119739
47.1408 119756
47.1412 119773
47.1417 119790
47.1422 119807
47.1427 119824
47.1442 119841
47.1447 119858
47.1451 119875
47.1456 119892
47.1461 119909
47.1466 119926
47.1471 119943
47.1476 119960
47.148 119977
47.1485 119994
47.149 120011
47.1495 120028
47.15 120045
47.1504 120062
47.1509 120079
47.1514 120096
47.1519 120113
47.1524 120130
47.1528 120147
47.1533 120164
47.1538 120181
47.1543 120198
47.1548 120215
47.1552 120232
47.1557 120249
47.1562 120266
47.1567 120283
47.1572 120300
47.1576 120317
47.1581 120334
47.1586 120351
47.1591 120368
47.1596 120385
47.16 120402
47.1605 120419
47.161 120436
47.1615 120453
47.162 120470
47.1625 120487
47.1629 120504
47.1634 120521
47.1649 120538
47.1654 120555
47.1659 120572
47.1664 120589
47.1668 120606
47.1673 120623
47.1678 120640
47.1683 120657
47.1688 120674
47.1693 120691
47.1697 120708
47.1702 120725
47.1707 120742
47.1712 120759
47.1717 120776
47.1721 120793
47.1726 120810
47.1731 120827
47.1736 120844
47.1741 120861
47.1745 120878
47.175 120895
47.1755 120912
47.176 120929
47.1765 120946
47.1769 120963
47.1774 120980
47.1779 120997
47.1784 121014
47.1789 121031
47.1793 121048
47.1798 121065
47.1803 121082
47.1808 121099
47.1813 121116
47.1817 121133
47.1822 121150
47.1827 121167
47.1832 121184
47.1837 121201
47.1842 121218
47.1854 121235
47.1859 121252
47.1864 121269
47.1869 121286
47.1873 121303
47.1878 121320
47.1883 121337
47.1888 121354
47.1893 121371
47.1897 121388
47.1902 121405
47.1907 121422
47.1912 121439
47.1917 121456
47.1922 121473
47.1926 121490
47.1931 121507
47.1936 121524
47.1941 121541
47.1946 121558
47.195 121575
47.1955 121592
47.196 121609
47.1965 121626
47.197 121643
47.1974 121660
47.1979 121677
47.1984 121694
47.1989 121711
47.1994 121728
47.1998 121745
47.2003 121762
47.2008 121779
47.2013 121796
47.2018 121813
47.2022 121830
47.2027 121847
47.2032 121864
47.2037 121881
47.2042 121898
47.2046 121915
47.2059 121932
47.2064 121949
47.2069 121966
47.2074 121983
47.2078 122000
47.2083 122017
47.2088 122034
47.2093 122051
47.2098 122068
47.2102 122085
47.2107 122102
47.2112 122119
47.2117 122136
47.2122 122153
47.2126 122170
47.2131 122187
47.2136 122204
47.2141 122221
47.2146 122238
47.2151 122255
47.2155 122272
47.216 122289
47.2165 122306
47.217 122323
47.2175 122340
47.2179 122357
47.2184 122374
47.2189 122391
47.2194 122408
47.2199 122425
47.2203 122442
47.2208 122459
47.2213 122476
47.2218 122493
47.2223 122510
47.2227 122527
47.2232 122544
47.2237 122561
47.2242 122578
47.2247 122595
47.2251 122612
47.2256 122629
47.2267 122646
47.2271 122663
47.2276 122680
47.2281 122697
47.2286 122714
47.2291 122731
47.2295 122748
47.23 122765
47.2305 122782
47.231 122799
47.2315 122816
47.2319 122833
47.2324 122850
47.2329 122867
47.2334 122884
47.2339 122901
47.2343 122918
47.2348 122935
47.2353 122952
47.2358 122969
47.2363 122986
47.2368 123003
47.2372 123020
47.2377 123037
47.2382 123054
47.2387 123071
47.2392 123088
47.2396 123105
47.2401 123122
47.2406 123139
47.2411 123156
47.2416 123173
47.242 123190
47.2425 123207
47.243 123224
47.2435 123241
47.244 123258
47.2444 123275
47.2449 123292
47.2454 123309
47.2459 123326
47.2464 123343
47.2474 123359
47.2479 123375
47.2484 123391
47.2488 123407
47.2493 123423
47.2498 123439
47.2503 123455
47.2508 123471
47.2512 123487
47.2517 123503
47.2522 123519
47.2527 123535
47.2532 123551
47.2536 123567
47.2541 123583
47.2546 123599
47.2551 123615
47.2556 123631
47.256 123647
47.2565 123663
47.257 123679
47.2575 123695
47.258 123711
47.2585 123727
47.2589 123743
47.2594 123759
47.2599 123775
47.2604 123791
47.2609 123807
47.2613 123823
47.2618 123839
47.2623 123855
47.2628 123871
47.2633 123887
47.2637 123903
47.2642 123919
47.2647 123935
47.2652 123951
47.2657 123967
47.2661 123983
47.2666 123999
47.2671 124015
47.2679 124031
47.2684 124047
47.2689 124063
47.2693 124079
47.2698 124095
47.2703 124111
47.2708 124127
47.2713 124143
47.2717 124159
47.2722 124175
47.2727 124191
47.2732 124207
47.2737 124223
47.2741 124239
47.2746 124255
47.2751 124271
47.2756 124287
47.2761 124303
47.2765 124319
47.277 124335
47.2775 124351
47.278 124367
47.2785 124383
47.2789 124399
47.2794 124415
47.2799 124431
47.2804 124447
47.2809 124463
47.2814 124479
47.2818 124495
47.2823 124511
47.2828 124527
47.2833 124543
47.2838 124559
47.2842 124575
47.2847 124591
47.2852 124607
47.2857 124623
47.2862 124639
47.2866 124655
47.2871 124671
47.2876 124687
47.2884 124703
47.2889 124719
47.2894 124735
47.2898 124751
47.2903 124767
47.2908 124783
47.2913 124799
47.2918 124815
47.2922 124831
47.2927 124847
47.2932 124863
47.2937 124879
47.2942 124895
47.2946 124911
47.2951 124927
47.2956 124943
47.2961 124959
47.2966 124975
47.297 124991
47.2975 125007
47.298 125023
47.2985 125039
47.299 125055
47.2994 125071
47.2999 125087
47.3004 125103
47.3009 125119
47.3014 125135
47.3019 125151
47.3023 125167
47.3028 125183
47.3033 125199
47.3038 125215
47.3043 125231
47.3047 125247
47.3052 125263
47.3057 125279
47.3062 125295
47.3067 125311
47.3071 125327
47.3076 125343
47.3081 125359
47.3086 125375
47.3091 125391
47.3096 125407
47.3101 125423
47.3106 125439
47.3111 125455
47.3115 125471
47.312 125487
47.3125 125503
47.313 125519
47.3135 125535
47.3139 125551
47.3144 125567
47.3149 125583
47.3154 125599
47.3159 125615
47.3163 125631
47.3168 125647
47.3173 125663
47.3178 125679
47.3183 125695
47.3187 125711
47.3192 125727
47.3197 125743
47.3202 125759
47.3207 125775
47.3211 125791
47.3216 125807
47.3221 125823
47.3226 125839
47.3231 125855
47.3236 125871
47.324 125887
47.3245 125903
47.325 125919
47.3255 125935
47.326 125951
47.3264 125967
47.3269 125983
47.3274 125999
47.3279 126015
47.3284 126031
47.3288 126047
47.3293 126063
47.3299 126079
47.3303 126095
47.3308 126111
47.3313 126127
47.3318 126143
47.3323 126159
47.3328 126175
47.3332 126191
47.3337 126207
47.3342 126223
47.3347 126239
47.3352 126255
47.3356 126271
47.3361 126287
47.3366 126303
47.3371 126319
47.3376 126335
47.338 126351
47.3385 126367
47.339 126383
47.3395 126399
47.34 126415
47.3404 126431
47.3409 126447
47.3414 126463
47.3419 126479
47.3424 126495
47.3428 126511
47.3433 126527
47.3438 126543
47.3443 126559
47.3448 126575
47.3452 126591
47.3457 126607
47.3462 126623
47.3467 126639
47.3472 126655
47.3477 126671
47.3481 126687
47.3486 126703
47.3491 126719
47.3496 126735
47.3501 126751
47.3505 126767
47.351 126783
47.3515 126799
47.352 126815
47.3525 126831
47.3529 126847
47.3534 126863
47.3539 126879
47.3544 126895
47.3549 126911
47.3553 126927
47.3558 126943
47.3563 126959
47.3568 126975
47.3573 126991
47.3577 127007
47.3582 127023
47.3587 127039
47.3592 127055
47.3597 127071
47.3601 127087
47.3606 127103
47.3611 127119
47.3616 127135
47.3621 127151
47.3626 127167
47.363 127183
47.3635 127199
47.364 127215
47.3645 127231
47.365 127247
47.3654 127263
47.3659 127279
47.3664 127295
47.3669 127311
47.3674 127327
47.3678 127343
47.3683 127359
47.3688 127375
47.3693 127391
47.3698 127407
47.3702 127423
47.3707 127439
47.3712 127455
47.3717 127471
47.3722 127487
47.3726 127503
47.3731 127519
47.3736 127535
47.3741 127551
47.3746 127567
47.375 127583
47.3755 127599
47.376 127615
47.3765 127631
47.377 127647
47.3775 127663
47.3779 127679
47.3784 127695
47.3789 127711
47.3794 127727
47.3799 127743
47.3803 127759
47.3808 127775
47.3813 127791
47.3818 127807
47.3823 127823
47.3827 127839
47.3832 127855
47.3837 127871
47.3842 127887
47.3847 127903
47.3851 127919
47.3856 127935
47.3861 127951
47.3866 127967
47.3871 127983
47.3875 127999
47.388 128015
47.3885 128031
47.389 128047
47.3895 128063
47.3899 128079
47.3904 128095
47.3909 128111
47.3914 128127
47.3919 128143
47.3924 128159
47.3928 128175
47.3933 128191
47.3938 128207
47.3943 128223
47.3948 128239
47.3952 128255
47.3957 128271
47.3962 128287
47.3967 128303
47.3972 128319
47.3976 128335
47.3981 128351
47.3986 128367
47.3991 128383
47.3996 128399
47.4 128415
47.4005 128431
47.401 128447
47.4015 128463
47.402 128479
47.4024 128495
47.4029 128511
47.4034 128527
47.4039 128543
47.4044 128559
47.4048 128575
47.4053 128591
47.4058 128607
47.4063 128623
47.4068 128639
47.4073 128655
47.4077 128671
47.4082 128687
47.4087 128703
47.4092 128719
47.4097 128735
47.4101 128751
47.4106 128767
47.4111 128783
47.4116 128799
47.4121 128815
47.4125 128831
47.413 128847
47.4135 128863
47.414 128879
47.4145 128895
47.4149 128911
47.4154 128927
47.4159 128943
47.4164 128959
47.4169 128975
47.4173 128991
47.4178 129007
47.4183 129023
47.4188 129039
47.4193 129055
47.4197 129071
47.4202 129087
47.4207 129103
47.4212 129119
47.4217 129135
47.4222 129151
47.4226 129167
47.4231 129183
47.4236 129199
47.4241 129215
47.4246 129231
47.425 129247
47.4255 129263
47.426 129279
47.4265 129295
47.427 129311
47.4274 129327
47.4279 129343
47.4284 129359
47.4289 129375
47.4294 129391
47.4298 129407
47.4303 129423
47.4308 129439
47.4313 129455
47.4318 129471
47.4322 129487
47.4327 129503
47.4332 129519
47.4337 129535
47.4342 129551
47.4346 129567
47.4351 129583
47.4356 129599
47.4361 129615
47.4366 129631
47.4371 129647
47.4375 129663
47.438 129679
47.4385 129695
47.439 129711
47.4395 129727
47.4399 129743
47.4404 129759
47.4409 129775
47.4414 129791
47.4419 129807
47.4423 129823
47.4428 129839
47.4433 129855
47.4438 129871
47.4443 129887
47.4447 129903
47.4452 129919
47.4457 129935
47.4462 129951
47.4467 129967
47.4471 129983
47.4476 129999
47.4481 130015
47.4486 130031
47.4491 130047
47.4495 130063
47.45 130079
47.4505 130095
47.451 130111
47.4515 130127
47.452 130143
47.4524 130159
47.4529 130175
47.4534 130191
47.4539 130207
47.4544 130223
47.4548 130239
47.4553 130255
47.4558 130271
47.4563 130287
47.4568 130303
47.4572 130319
47.4577 130335
47.4582 130351
47.4587 130367
47.4592 130383
47.4596 130399
47.4601 130415
47.4606 130431
47.4611 130447
47.4616 130463
47.462 130479
47.4625 130495
47.463 130511
47.4635 130527
47.464 130543
47.4644 130559
47.4649 130575
47.4654 130591
47.4659 130607
47.4664 130623
47.4669 130639
47.4673 130655
47.4678 130671
47.4683 130687
47.4688 130703
47.4693 130719
47.4697 130735
47.4702 130751
47.4707 130767
47.4712 130783
47.4717 130799
47.4721 130815
47.4726 130831
47.4731 130847
47.4736 130863
47.4741 130879
47.4745 130895
47.475 130911
47.4755 130927
47.476 130943
47.4765 130959
47.4769 130975
47.4774 130991
47.4779 131007
47.4784 131023
47.4789 131039
47.4793 131055
47.4798 131070
47.4803 131085
47.4808 131100
47.4813 131115
47.4818 131130
47.4822 131145
47.4827 131160
47.4832 131175
47.4837 131190
47.4842 131205
47.4846 131220
47.4851 131235
47.4856 131250
47.4861 131265
47.4866 131280
47.487 131295
47.4875 131310
47.488 131325
47.4885 131340
47.489 131355
47.4894 131370
47.4899 131385
47.4904 131400
47.4909 131415
47.4914 131430
47.4918 131445
47.4923 131460
47.4928 131475
47.4933 131490
47.4938 131505
47.4942 131520
47.4947 131535
47.4952 131550
47.4957 131565
47.4962 131580
47.4967 131595
47.4971 131610
47.4976 131625
47.4981 131640
47.4986 131655
47.4991 131670
47.4995 131685
47.5 131700
47.5005 131715
47.501 131730
47.5015 131745
47.5019 131760
47.5024 131775
47.5029 131790
47.5034 131805
47.5039 131820
47.5043 131835
47.5048 131850
47.5053 131865
47.5058 131880
47.5063 131895
47.5067 131910
47.5072 131925
47.5077 131940
47.5082 131955
47.5087 131970
47.5091 131985
47.5096 132000
47.5101 132015
47.5106 132030
47.5111 132045
47.5116 132060
47.512 132075
47.5125 132090
47.513 132105
47.5135 132120
47.514 132135
47.5144 132150
47.5149 132165
47.5154 132180
47.5159 132195
47.5164 132210
47.5168 132225
47.5173 132240
47.5178 132255
47.5183 132270
47.5188 132285
47.5192 132300
47.5197 132315
47.5202 132330
47.5207 132345
47.5212 132360
47.5216 132375
47.5221 132390
47.5226 132405
47.5231 132420
47.5236 132435
47.524 132450
47.5245 132465
47.525 132480
47.5255 132495
47.526 132510
47.5265 132525
47.5269 132540
47.5274 132555
47.5279 132570
47.5284 132585
47.5289 132600
47.5293 132615
47.5298 132630
47.5303 132645
47.5308 132660
47.5313 132675
47.5317 132690
47.5322 132705
47.5327 132720
47.5332 132735
47.5337 132750
47.5341 132765
47.5346 132780
47.5351 132795
47.5356 132810
47.5361 132825
47.5365 132840
47.537 132855
47.5375 132870
47.538 132885
47.5385 132900
47.5389 132915
47.5394 132930
47.5399 132945
47.5404 132960
47.5409 132975
47.5414 132990
47.5418 133005
47.5423 133020
47.5428 133035
47.5433 133050
47.5438 133065
47.5442 133080
47.5447 133095
47.5452 133110
47.5457 133125
47.5462 133140
47.5466 133155
47.5471 133170
47.5476 133185
47.5481 133200
47.5486 133215
47.549 133230
47.5495 133245
47.55 133260
47.5505 133275
47.551 133290
47.5514 133305
47.5519 133320
47.5524 133335
47.5529 133350
47.5534 133365
47.5538 133380
47.5543 133395
47.5548 133410
47.5553 133425
47.5558 133440
47.5563 133455
47.5567 133470
47.5572 133485
47.5577 133500
47.5582 133515
47.5587 133530
47.5591 133545
47.5596 133560
47.5601 133575
47.5606 133590
47.5611 133605
47.5615 133620
47.562 133635
47.5625 133650
47.563 133665
47.5635 133680
47.5639 133695
47.5644 133710
47.5649 133725
47.5654 133740
47.5659 133755
47.5663 133770
47.5668 133785
47.5673 133800
47.5678 133815
47.5683 133830
47.5687 133845
47.5692 133860
47.5697 133875
47.5702 133890
47.5707 133905
47.5712 133920
47.5716 133935
47.5721 133950
47.5726 133965
47.5731 133980
47.5736 133995
47.574 134010
47.5745 134025
47.575 134040
47.5755 134055
47.576 134070
47.5764 134085
47.5769 134100
47.5774 134115
47.5779 134130
47.5784 134145
47.5788 134160
47.5793 134175
47.5798 134190
47.5803 134205
47.5808 134220
47.5812 134235
47.5817 134250
47.5822 134265
47.5827 134280
47.5832 134295
47.5836 134310
47.5841 134325
47.5846 134340
47.5851 134355
47.5856 134370
47.5861 134385
47.5865 134400
47.587 134415
47.5875 134430
47.588 134445
47.5885 134460
47.5889 134475
47.5894 134490
47.5899 134505
47.5904 134520
47.5909 134535
47.5913 134550
47.5918 134565
47.5923 134580
47.5928 134595
47.5933 134610
47.5937 134625
47.5942 134640
47.5947 134655
47.5952 134670
47.5957 134685
47.5961 134700
47.5966 134715
47.5971 134730
47.5976 134745
47.5981 134760
47.5985 134775
47.599 134790
47.5995 134805
47.6 134820
47.6005 134835
47.601 134850
47.6014 134865
47.6019 134880
47.6024 134895
47.6029 134910
47.6034 134925
47.6038 134940
47.6043 134955
47.6048 134970
47.6053 134985
47.6058 135000
47.6062 135015
47.6067 135030
47.6072 135045
47.6077 135060
47.6082 135075
47.6086 135090
47.6091 135105
47.6096 135120
47.6101 135135
47.6106 135150
47.611 135165
47.6115 135180
47.612 135195
47.6125 135210
47.613 135225
47.6134 135240
47.6139 135255
47.6144 135270
47.6149 135285
47.6154 135300
47.6158 135315
47.6163 135330
47.6168 135345
47.6173 135360
47.6178 135375
47.6183 135390
47.6187 135405
47.6192 135420
47.6197 135435
47.6202 135450
47.6207 135465
47.6211 135480
47.6216 135495
47.6221 135510
47.6226 135525
47.6231 135540
47.6235 135555
47.624 135570
47.6245 135585
47.625 135600
47.6255 135615
47.6259 135630
47.6264 135645
47.6269 135660
47.6274 135675
47.6279 135690
47.6283 135705
47.6288 135720
47.6293 135735
47.6298 135750
47.6303 135765
47.6307 135780
47.6312 135795
47.6317 135810
47.6322 135825
47.6327 135840
47.6332 135855
47.6336 135870
47.6341 135885
47.6346 135900
47.6351 135915
47.6356 135930
47.636 135945
47.6365 135960
47.637 135975
47.6375 135990
47.638 136005
47.6384 136020
47.6389 136035
47.6394 136050
47.6399 136065
47.6404 136080
47.6408 136095
47.6413 136110
47.6418 136125
47.6423 136140
47.6428 136155
47.6432 136170
47.6437 136185
47.6442 136200
47.6447 136215
47.6452 136230
47.6456 136245
47.6461 136260
47.6466 136275
47.6471 136290
47.6476 136305
47.6481 136320
47.6485 136335
47.649 136350
47.6495 136365
47.65 136380
47.6505 136395
47.6509 136410
47.6514 136425
47.6519 136440
47.6524 136455
47.6529 136470
47.6533 136485
47.6538 136500
47.6543 136515
47.6548 136530
47.6553 136545
47.6557 136560
47.6562 136575
47.6567 136590
47.6572 136605
47.6577 136620
47.6581 136635
47.6586 136650
47.6591 136665
47.6596 136680
47.6601 136695
47.6605 136710
47.661 136725
47.6615 136740
47.662 136755
47.6625 136770
47.663 136785
47.6634 136800
47.6639 136815
47.6644 136830
47.6649 136845
47.6654 136860
47.6658 136875
47.6663 136890
47.6668 136905
47.6673 136920
47.6678 136935
47.6682 136950
47.6687 136965
47.6692 136980
47.6697 136995
47.6702 137010
47.6706 137025
47.6711 137040
47.6716 137055
47.6721 137070
47.6726 137085
47.673 137100
47.6735 137115
47.674 137130
47.6745 137145
47.675 137160
47.6754 137175
47.6759 137190
47.6764 137205
47.6769 137220
47.6774 137235
47.6779 137250
47.6783 137265
47.6788 137280
47.6793 137295
47.6798 137310
47.6803 137325
47.6807 137340
47.6812 137355
47.6817 137370
47.6822 137385
47.6827 137400
47.6831 137415
47.6836 137430
47.6841 137445
47.6846 137460
47.6851 137475
47.6855 137490
47.686 137505
47.6865 137520
47.687 137535
47.6875 137550
47.6879 137565
47.6884 137580
47.6889 137595
47.6894 137610
47.6899 137625
47.6903 137640
47.6908 137655
47.6913 137670
47.6918 137685
47.6923 137700
47.6928 137715
47.6932 137730
47.6937 137745
47.6942 137760
47.6947 137775
47.6952 137790
47.6956 137805
47.6961 137820
47.6966 137835
47.6971 137850
47.6976 137865
47.698 137880
47.6985 137895
47.699 137910
47.6995 137925
47.7 137940
47.7004 137955
47.7009 137970
47.7014 137985
47.7019 138000
47.7024 138015
47.7028 138030
47.7033 138045
47.7038 138060
47.7043 138075
47.7048 138090
47.7052 138105
47.7057 138120
47.7062 138135
47.7067 138150
47.7072 138165
47.7077 138180
47.7081 138195
47.7086 138210
47.7091 138225
47.7091 83456
47.7096 83481
47.7096 83456
47.7101 83481
47.7101 83456
47.7105 83481
47.7105 83456
47.711 83481
47.711 83456
47.7115 83481
47.7115 83456
47.712 83481
47.712 83456
47.7125 83481
47.7125 83456
47.7129 83481
47.7129 83456
47.7134 83481
47.7134 83456
47.7139 83481
47.7139 83456
47.7144 83481
47.7144 83456
47.7149 83481
47.7149 83456
47.7153 83481
47.7153 83456
47.7158 83481
47.7158 83456
47.7163 83481
47.7163 83456
47.7168 83481
47.7168 83456
47.7173 83481
47.7173 83456
47.7177 83481
47.7177 83456
47.7182 83481
47.7182 83456
47.7187 83481
47.7187 83456
47.7192 83481
47.7192 83456
47.7197 83481
47.7197 83456
47.7201 83481
47.7201 83456
47.7206 83481
47.7206 83456
47.7211 83481
47.7211 83456
47.7216 83481
47.7216 83456
47.7221 83481
47.7221 83456
47.7226 83481
47.7226 83456
47.723 83481
47.723 83456
47.7235 83481
47.7235 83456
47.724 83481
47.724 83456
47.7245 83481
47.7245 83456
47.725 83481
47.725 83456
47.7254 83481
47.7254 83456
47.7259 83481
47.7259 83456
47.7264 83481
47.7264 83456
47.7269 83481
47.7269 83456
47.7274 83481
47.7274 83456
47.7278 83481
47.7278 83456
47.7283 83481
47.7283 83456
47.7288 83481
47.7288 83456
47.7293 83481
47.7293 83456
47.7298 83481
47.7298 83456
47.7302 83481
47.7302 83456
47.7307 83481
47.7307 83456
47.7312 83481
47.7312 83456
47.7387 83481
47.7392 83506
47.7397 83531
47.7402 83556
47.7406 83581
47.7411 83606
47.7416 83631
47.7421 83656
47.7426 83681
47.743 83706
47.7435 83731
47.744 83756
47.7445 83781
47.745 83806
47.7455 83831
47.7459 83856
47.7464 83881
47.7469 83905
47.7474 83929
47.7479 83953
47.7483 83977
47.7488 84001
47.7493 84025
47.7498 84049
47.7503 84073
47.7507 84097
47.7512 84121
47.7517 84145
47.7592 84169
47.7597 84193
47.7602 84217
47.7607 84241
47.7611 84265
47.7616 84289
47.7621 84313
47.7626 84337
47.7631 84361
47.7635 84385
47.764 84409
47.7645 84433
47.765 84457
47.7655 84481
47.766 84505
47.7664 84529
47.7669 84553
47.7674 84577
47.7679 84601
47.7684 84625
47.7688 84649
47.7693 84673
47.7698 84697
47.7703 84721
47.7708 84745
47.7712 84769
47.7717 84793
47.7722 84817
47.7727 84841
47.78 84865
47.7804 84889
47.7809 84913
47.7814 84937
47.7819 84961
47.7824 84985
47.7828 85009
47.7833 85033
47.7838 85057
47.7843 85081
47.7848 85105
47.7852 85129
47.7857 85153
47.7862 85177
47.7867 85201
47.7872 85225
47.7877 85249
47.7881 85273
47.7886 85297
47.7891 85321
47.7896 85345
47.7901 85369
47.7905 85393
47.791 85417
47.7915 85441
47.792 85465
47.7925 85489
47.7929 85513
47.7934 85537
47.8007 85561
47.8012 85585
47.8017 85609
47.8021 85633
47.8026 85657
47.8031 85681
47.8036 85705
47.8041 85729
47.8045 85753
47.805 85777
47.8055 85801
47.806 85825
47.8065 85849
47.8069 85873
47.8074 85897
47.8079 85921
47.8084 85945
47.8089 85969
47.8094 85993
47.8098 86017
47.8103 86041
47.8108 86065
47.8113 86089
47.8118 86113
47.8122 86137
47.8127 86161
47.8132 86185
47.8137 86209
47.8142 86233
47.8212 86257
47.8217 86281
47.8222 86305
47.8226 86329
47.8231 86353
47.8236 86377
47.8241 86401
47.8246 86425
47.825 86449
47.8255 86473
47.826 86497
47.8265 86521
47.827 86545
47.8274 86569
47.8279 86593
47.8284 86617
47.8289 86641
47.8294 86665
47.8298 86689
47.8303 86713
47.8308 86737
47.8313 86761
47.8318 86785
47.8323 86809
47.8327 86833
47.8332 86857
47.8337 86881
47.8342 86905
47.8347 86929
47.8417 86953
47.8422 86977
47.8427 87001
47.8431 87025
47.8436 87049
47.8441 87073
47.8446 87097
47.8451 87121
47.8455 87145
47.846 87169
47.8465 87193
47.847 87217
47.8475 87241
47.8479 87265
47.8484 87289
47.8489 87313
47.8494 87337
47.8499 87361
47.8503 87385
47.8508 87408
47.8513 87431
47.8518 87454
47.8523 87477
47.8527 87500
47.8532 87523
47.8537 87546
47.8542 87569
47.8547 87592
47.8552 87615
47.8556 87638
47.8624 87661
47.8629 87684
47.8634 87707
47.8639 87730
47.8644 87753
47.8648 87776
47.8653 87799
47.8658 87822
47.8663 87845
47.8668 87868
47.8672 87891
47.8677 87914
47.8682 87937
47.8687 87960
47.8692 87983
47.8696 88006
47.8701 88029
47.8706 88052
47.8711 88075
47.8716 88098
47.872 88121
47.8725 88144
47.873 88167
47.8735 88190
47.874 88213
47.8744 88236
47.8749 88259
47.8754 88282
47.8759 88305
47.8764 88328
47.8832 88351
47.8837 88374
47.8841 88397
47.8846 88420
47.8851 88443
47.8856 88466
47.8861 88489
47.8865 88512
47.887 88535
47.8875 88558
47.888 88581
47.8885 88604
47.8889 88627
47.8894 88650
47.8899 88673
47.8904 88696
47.8909 88719
47.8913 88742
47.8918 88765
47.8923 88788
47.8928 88811
47.8933 88834
47.8937 88857
47.8942 88880
47.8947 88903
47.8952 88926
47.8957 88949
47.8961 88972
47.8966 88995
47.8971 89018
47.9037 89041
47.9041 89064
47.9046 89087
47.9051 89110
47.9056 89133
47.9061 89156
47.9066 89179
47.907 89202
47.9075 89225
47.908 89248
47.9085 89271
47.909 89294
47.9094 89317
47.9099 89340
47.9104 89363
47.9109 89386
47.9114 89409
47.9118 89432
47.9123 89455
47.9128 89478
47.9133 89501
47.9138 89524
47.9142 89547
47.9147 89570
47.9152 89593
47.9157 89616
47.9162 89639
47.9166 89662
47.9171 89685
47.9176 89708
47.9242 89731
47.9246 89754
47.9251 89777
47.9256 89800
47.9261 89823
47.9266 89846
47.9271 89869
47.9275 89892
47.928 89915
47.9285 89938
47.929 89961
47.9295 89984
47.9299 90007
47.9304 90030
47.9309 90053
47.9314 90076
47.9319 90099
47.9323 90122
47.9328 90145
47.9333 90168
47.9338 90191
47.9343 90214
47.9347 90237
47.9352 90260
47.9357 90283
47.9362 90306
47.9367 90329
47.9371 90352
47.9376 90375
47.9381 90398
47.9447 90421
47.9451 90444
47.9456 90467
47.9461 90490
47.9466 90513
47.9471 90536
47.9475 90559
47.948 90582
47.9485 90605
47.949 90628
47.9495 90651
47.95 90674
47.9504 90697
47.9509 90720
47.9514 90743
47.9519 90766
47.9524 90789
47.9528 90812
47.9533 90835
47.9538 90858
47.9543 90881
47.9548 90904
47.9552 90927
47.9557 90950
47.9562 90973
47.9567 90996
47.9572 91019
47.9576 91042
47.9581 91065
47.9586 91088
47.9591 91111
47.9654 91134
47.9659 91157
47.9664 91180
47.9668 91202
47.9673 91224
47.9678 91246
47.9683 91268
47.9688 91290
47.9692 91312
47.9697 91334
47.9702 91356
47.9707 91378
47.9712 91400
47.9717 91422
47.9721 91444
47.9726 91466
47.9731 91488
47.9736 91510
47.9741 91532
47.9745 91554
47.975 91576
47.9755 91598
47.976 91620
47.9765 91642
47.9769 91664
47.9774 91686
47.9779 91708
47.9784 91730
47.9789 91752
47.9793 91774
47.9798 91796
47.9861 91818
47.9866 91840
47.9871 91862
47.9876 91884
47.9881 91906
47.9885 91928
47.989 91950
47.9895 91972
47.99 91994
47.9905 92016
47.9909 92038
47.9914 92060
47.9919 92082
47.9924 92104
47.9929 92126
47.9934 92148
47.9938 92170
47.9943 92192
47.9948 92214
47.9953 92236
47.9958 92258
47.9962 92280
47.9967 92302
47.9972 92324
47.9977 92346
47.9982 92368
47.9986 92390
47.9991 92412
47.9996 92434
48.0001 92456
48.0006 92478
48.0066 92500
48.0071 92522
48.0076 92544
48.0081 92566
48.0086 92588
48.009 92610
48.0095 92632
48.01 92654
48.0105 92676
48.011 92698
48.0114 92720
48.0119 92742
48.0124 92764
48.0129 92786
48.0134 92808
48.0138 92830
48.0143 92852
48.0148 92874
48.0153 92896
48.0158 92918
48.0163 92940
48.0167 92962
48.0172 92984
48.0177 93006
48.0182 93028
48.0187 93050
48.0191 93072
48.0196 93094
48.0201 93116
48.0206 93138
48.0211 93160
48.0271 93182
48.0276 93204
48.0281 93226
48.0286 93248
48.0291 93270
48.0295 93292
48.03 93314
48.0305 93336
48.031 93358
48.0315 93380
48.0319 93402
48.0324 93424
48.0329 93446
48.0334 93468
48.0339 93490
48.0343 93512
48.0348 93534
48.0353 93556
48.0358 93578
48.0363 93600
48.0367 93622
48.0372 93644
48.0377 93666
48.0382 93688
48.0387 93710
48.0392 93732
48.0396 93754
48.0401 93776
48.0406 93798
48.0411 93820
48.0416 93842
48.042 93864
48.0479 93886
48.0484 93908
48.0488 93930
48.0493 93952
48.0498 93974
48.0503 93996
48.0508 94018
48.0512 94040
48.0517 94062
48.0522 94084
48.0527 94106
48.0532 94128
48.0536 94150
48.0541 94172
48.0546 94194
48.0551 94216
48.0556 94238
48.056 94260
48.0565 94282
48.057 94304
48.0575 94326
48.058 94348
48.0584 94370
48.0589 94392
48.0594 94414
48.0599 94436
48.0604 94458
48.0609 94480
48.0613 94502
48.0618 94524
48.0623 94546
48.0628 94568
48.0686 94590
48.0691 94612
48.0696 94634
48.0701 94656
48.0705 94678
48.071 94700
48.0715 94722
48.072 94744
48.0725 94766
48.0729 94788
48.0734 94810
48.0739 94832
48.0744 94854
48.0749 94876
48.0753 94898
48.0758 94920
48.0763 94942
48.0768 94964
48.0773 94986
48.0777 95008
48.0782 95030
48.0787 95052
48.0792 95074
48.0797 95096
48.0801 95118
48.0806 95140
48.0811 95162
48.0816 95184
48.0821 95206
48.0826 95228
48.083 95250
48.0835 95272
48.0891 95294
48.0896 95316
48.0901 95337
48.0906 95358
48.091 95379
48.0915 95400
48.092 95421
48.0925 95442
48.093 95463
48.0934 95484
48.0939 95505
48.0944 95526
48.0949 95547
48.0954 95568
48.0958 95589
48.0963 95610
48.0968 95631
48.0973 95652
48.0978 95673
48.0982 95694
48.0987 95715
48.0992 95736
48.0997 95757
48.1002 95778
48.1006 95799
48.1011 95820
48.1016 95841
48.1021 95862
48.1026 95883
48.103 95904
48.1035 95925
48.104 95946
48.1096 95967
48.1101 95988
48.1106 96009
48.1111 96030
48.1115 96051
48.112 96072
48.1125 96093
48.113 96114
48.1135 96135
48.1139 96156
48.1144 96177
48.1149 96198
48.1154 96219
48.1159 96240
48.1163 96261
48.1168 96282
48.1173 96303
48.1178 96324
48.1183 96345
48.1187 96366
48.1192 96387
48.1197 96408
48.1202 96429
48.1207 96450
48.1211 96471
48.1216 96492
48.1221 96513
48.1226 96534
48.1231 96555
48.1235 96576
48.124 96597
48.1245 96618
48.125 96639
48.1303 96660
48.1308 96681
48.1313 96702
48.1318 96723
48.1323 96744
48.1328 96765
48.1332 96786
48.1337 96807
48.1342 96828
48.1347 96849
48.1352 96870
48.1356 96891
48.1361 96912
48.1366 96933
48.1371 96954
48.1376 96975
48.138 96996
48.1385 97017
48.139 97038
48.1395 97059
48.14 97080
48.1404 97101
48.1409 97122
48.1414 97143
48.1419 97164
48.1424 97185
48.1428 97206
48.1433 97227
48.1438 97248
48.1443 97269
48.1448 97290
48.1452 97311
48.1457 97332
48.1511 97353
48.1516 97374
48.152 97395
48.1525 97416
48.153 97437
48.1535 97458
48.154 97479
48.1545 97500
48.1549 97521
48.1554 97542
48.1559 97563
48.1564 97584
48.1569 97605
48.1573 97626
48.1578 97647
48.1583 97668
48.1588 97689
48.1593 97710
48.1597 97731
48.1602 97752
48.1607 97773
48.1612 97794
48.1617 97815
48.1621 97836
48.1626 97857
48.1631 97878
48.1636 97899
48.1641 97920
48.1645 97941
48.165 97962
48.1655 97983
48.166 98004
48.1665 98025
48.1716 98046
48.1721 98067
48.1725 98088
48.173 98109
48.1735 98130
48.174 98151
48.1745 98172
48.1749 98193
48.1754 98214
48.1759 98235
48.1764 98256
48.1769 98277
48.1774 98298
48.1778 98319
48.1783 98340
48.1788 98361
48.1793 98382
48.1798 98403
48.1802 98424
48.1807 98445
48.1812 98466
48.1817 98487
48.1822 98508
48.1826 98529
48.1831 98550
48.1836 98571
48.1841 98592
48.1846 98613
48.185 98634
48.1855 98655
48.186 98676
48.1865 98697
48.187 98718
48.1921 98739
48.1926 98760
48.193 98781
48.1935 98802
48.194 98823
48.1945 98844
48.195 98865
48.1954 98886
48.1959 98907
48.1964 98928
48.1969 98949
48.1974 98970
48.1978 98991
48.1983 99012
48.1988 99033
48.1993 99054
48.1998 99075
48.2003 99096
48.2007 99117
48.2012 99138
48.2017 99159
48.2022 99180
48.2027 99201
48.2031 99222
48.2036 99243
48.2041 99264
48.2046 99285
48.2051 99306
48.2055 99327
48.206 99348
48.2065 99369
48.207 99390
48.2075 99411
48.2079 99432
48.2128 99453
48.2133 99474
48.2138 99495
48.2143 99516
48.2147 99537
48.2152 99558
48.2157 99579
48.2162 99600
48.2167 99621
48.2171 99642
48.2176 99663
48.2181 99684
48.2186 99705
48.2191 99726
48.2195 99747
48.22 99768
48.2205 99789
48.221 99810
48.2215 99831
48.222 99852
48.2224 99872
48.2229 99892
48.2234 99912
48.2239 99932
48.2244 99952
48.2248 99972
48.2253 99992
48.2258 100012
48.2263 100032
48.2268 100052
48.2272 100072
48.2277 100092
48.2282 100112
48.2287 100132
48.2336 100152
48.234 100172
48.2345 100192
48.235 100212
48.2355 100232
48.236 100252
48.2364 100272
48.2369 100292
48.2374 100312
48.2379 100332
48.2384 100352
48.2388 100372
48.2393 100392
48.2398 100412
48.2403 100432
48.2408 100452
48.2412 100472
48.2417 100492
48.2422 100512
48.2427 100532
48.2432 100552
48.2437 100572
48.2441 100592
48.2446 100612
48.2451 100632
48.2456 100652
48.2461 100672
48.2465 100692
48.247 100712
48.2475 100732
48.248 100752
48.2485 100772
48.2489 100792
48.2494 100812
48.2541 100832
48.2545 100852
48.255 100872
48.2555 100892
48.256 100912
48.2565 100932
48.2569 100952
48.2574 100972
48.2579 100992
48.2584 101012
48.2589 101032
48.2593 101052
48.2598 101072
48.2603 101092
48.2608 101112
48.2613 101132
48.2617 101152
48.2622 101172
48.2627 101192
48.2632 101212
48.2637 101232
48.2641 101252
48.2646 101272
48.2651 101292
48.2656 101312
48.2661 101332
48.2666 101352
48.267 101372
48.2675 101392
48.268 101412
48.2685 101432
48.269 101452
48.2694 101472
48.2699 101492
48.2746 101512
48.275 101532
48.2755 101552
48.276 101572
48.2765 101592
48.277 101612
48.2774 101632
48.2779 101652
48.2784 101672
48.2789 101692
48.2794 101712
48.2798 101732
48.2803 101752
48.2808 101772
48.2813 101792
48.2818 101812
48.2822 101832
48.2827 101852
48.2832 101872
48.2837 101892
48.2842 101912
48.2846 101932
48.2851 101952
48.2856 101972
48.2861 101992
48.2866 102012
48.2871 102032
48.2875 102052
48.288 102072
48.2885 102092
48.289 102112
48.2895 102132
48.2899 102152
48.2904 102172
48.2909 102192
48.2953 102212
48.2958 102232
48.2963 102252
48.2967 102272
48.2972 102292
48.2977 102312
48.2982 102332
48.2987 102352
48.2991 102372
48.2996 102392
48.3001 102412
48.3006 102432
48.3011 102452
48.3015 102472
48.302 102492
48.3025 102512
48.303 102532
48.3035 102552
48.3039 102572
48.3044 102592
48.3049 102612
48.3054 102632
48.3059 102652
48.3063 102672
48.3068 102692
48.3073 102712
48.3078 102732
48.3083 102752
48.3088 102772
48.3092 102792
48.3097 102812
48.3102 102832
48.3107 102852
48.3112 102872
48.3116 102892
48.316 102912
48.3165 102932
48.317 102952
48.3175 102972
48.318 102992
48.3184 103012
48.3189 103032
48.3194 103052
48.3199 103072
48.3204 103092
48.3208 103112
48.3213 103132
48.3218 103152
48.3223 103172
48.3228 103192
48.3232 103212
48.3237 103232
48.3242 103252
48.3247 103272
48.3252 103292
48.3256 103312
48.3261 103332
48.3266 103352
48.3271 103372
48.3276 103392
48.328 103412
48.3285 103432
48.329 103452
48.3295 103472
48.33 103492
48.3304 103512
48.3309 103532
48.3314 103552
48.3319 103572
48.3324 103592
48.3365 103612
48.337 103632
48.3375 103652
48.338 103672
48.3385 103692
48.3389 103712
48.3394 103732
48.3399 103752
48.3404 103772
48.3409 103792
48.3413 103812
48.3418 103832
48.3423 103852
48.3428 103872
48.3433 103892
48.3437 103912
48.3442 103932
48.3447 103952
48.3452 103972
48.3457 103992
48.3461 104012
48.3466 104032
48.3471 104052
48.3476 104072
48.3481 104092
48.3485 104112
48.349 104132
48.3495 104152
48.35 104172
48.3505 104192
48.3509 104212
48.3514 104232
48.3519 104252
48.3524 104272
48.3529 104292
48.357 104312
48.3575 104332
48.358 104352
48.3585 104372
48.3589 104392
48.3594 104412
48.3599 104432
48.3604 104452
48.3609 104472
48.3614 104492
48.3618 104512
48.3623 104532
48.3628 104552
48.3633 104572
48.3638 104592
48.3642 104612
48.3647 104632
48.3652 104652
48.3657 104672
48.3662 104692
48.3666 104712
48.3671 104732
48.3676 104752
48.3681 104772
48.3686 104792
48.369 104812
48.3695 104832
48.37 104852
48.3705 104871
48.371 104890
48.3714 104909
48.3719 104928
48.3724 104947
48.3729 104966
48.3734 104985
48.3738 105004
48.3778 105023
48.3782 105042
48.3787 105061
48.3792 105080
48.3797 105099
48.3802 105118
48.3806 105137
48.3811 105156
48.3816 105175
48.3821 105194
48.3826 105213
48.3831 105232
48.3835 105251
48.384 105270
48.3845 105289
48.385 105308
48.3855 105327
48.3859 105346
48.3864 105365
48.3869 105384
48.3874 105403
48.3879 105422
48.3883 105441
48.3888 105460
48.3893 105479
48.3898 105498
48.3903 105517
48.3907 105536
48.3912 105555
48.3917 105574
48.3922 105593
48.3927 105612
48.3931 105631
48.3936 105650
48.3941 105669
48.3946 105688
48.3985 105707
48.399 105726
48.3995 105745
48.3999 105764
48.4004 105783
48.4009 105802
48.4014 105821
48.4019 105840
48.4023 105859
48.4028 105878
48.4033 105897
48.4038 105916
48.4043 105935
48.4048 105954
48.4052 105973
48.4057 105992
48.4062 106011
48.4067 106030
48.4072 106049
48.4076 106068
48.4081 106087
48.4086 106106
48.4091 106125
48.4096 106144
48.41 106163
48.4105 106182
48.411 106201
48.4115 106220
48.412 106239
48.4124 106258
48.4129 106277
48.4134 106296
48.4139 106315
48.4144 106334
48.4148 106353
48.4153 106372
48.4192 106391
48.4197 106410
48.4202 106429
48.4207 106448
48.4212 106467
48.4216 106486
48.4221 106505
48.4226 106524
48.4231 106543
48.4236 106562
48.424 106581
48.4245 106600
48.425 106619
48.4255 106638
48.426 106657
48.4265 106676
48.4269 106695
48.4274 106714
48.4279 106733
48.4284 106752
48.4289 106771
48.4293 106790
48.4298 106809
48.4303 106828
48.4308 106847
48.4313 106866
48.4317 106885
48.4322 106904
48.4327 106923
48.4332 106942
48.4337 106961
48.4341 106980
48.4346 106999
48.4351 107018
48.4356 107037
48.4361 107056
48.4397 107075
48.4402 107094
48.4407 107113
48.4412 107132
48.4417 107151
48.4421 107170
48.4426 107189
48.4431 107208
48.4436 107227
48.4441 107246
48.4445 107265
48.445 107284
48.4455 107303
48.446 107322
48.4465 107341
48.4469 107360
48.4474 107379
48.4479 107398
48.4484 107417
48.4489 107436
48.4494 107455
48.4498 107474
48.4503 107493
48.4508 107512
48.4513 107531
48.4518 107550
48.4522 107569
48.4527 107588
48.4532 107607
48.4537 107626
48.4542 107645
48.4546 107664
48.4551 107683
48.4556 107702
48.4561 107721
48.4566 107740
48.4602 107759
48.4607 107778
48.4612 107797
48.4617 107816
48.4622 107835
48.4626 107854
48.4631 107873
48.4636 107892
48.4641 107911
48.4646 107930
48.465 107949
48.4655 107968
48.466 107987
48.4665 108006
48.467 108025
48.4674 108044
48.4679 108063
48.4684 108082
48.4689 108101
48.4694 108120
48.4698 108139
48.4703 108158
48.4708 108177
48.4713 108196
48.4718 108215
48.4723 108234
48.4727 108253
48.4732 108272
48.4737 108291
48.4742 108310
48.4747 108329
48.4751 108348
48.4756 108367
48.4761 108386
48.4766 108405
48.4771 108424
48.4775 108443
48.481 108462
48.4815 108481
48.4819 108500
48.4824 108519
48.4829 108538
48.4834 108557
48.4839 108576
48.4843 108595
48.4848 108614
48.4853 108633
48.4858 108652
48.4863 108671
48.4867 108690
48.4872 108709
48.4877 108728
48.4882 108747
48.4887 108766
48.4891 108785
48.4896 108804
48.4901 108823
48.4906 108842
48.4911 108861
48.4915 108880
48.492 108899
48.4925 108918
48.493 108937
48.4935 108956
48.494 108975
48.4944 108994
48.4949 109013
48.4954 109032
48.4959 109051
48.4964 109070
48.4968 109089
48.4973 109108
48.4978 109127
48.4983 109146
48.5017 109165
48.5022 109184
48.5027 109203
48.5032 109222
48.5036 109241
48.5041 109260
48.5046 109279
48.5051 109298
48.5056 109317
48.506 109336
48.5065 109355
48.507 109374
48.5075 109393
48.508 109412
48.5084 109431
48.5089 109450
48.5094 109469
48.5099 109488
48.5104 109507
48.5108 109526
48.5113 109545
48.5118 109564
48.5123 109583
48.5128 109602
48.5132 109621
48.5137 109640
48.5142 109659
48.5147 109678
48.5152 109697
48.5157 109716
48.5161 109735
48.5166 109754
48.5171 109773
48.5176 109792
48.5181 109811
48.5185 109830
48.519 109849
48.5222 109868
48.5227 109887
48.5232 109906
48.5237 109925
48.5241 109944
48.5246 109963
48.5251 109982
48.5256 110001
48.5261 110020
48.5265 110039
48.527 110058
48.5275 110077
48.528 110096
48.5285 110115
48.5289 110134
48.5294 110153
48.5299 110172
48.5304 110191
48.5309 110210
48.5313 110229
48.5318 110248
48.5323 110267
48.5328 110286
48.5333 110305
48.5337 110324
48.5342 110343
48.5347 110362
48.5352 110380
48.5357 110398
48.5361 110416
48.5366 110434
48.5371 110452
48.5376 110470
48.5381 110488
48.5386 110506
48.539 110524
48.5395 110542
48.5427 110560
48.5432 110578
48.5437 110596
48.5442 110614
48.5446 110632
48.5451 110650
48.5456 110668
48.5461 110686
48.5466 110704
48.547 110722
48.5475 110740
48.548 110758
48.5485 110776
48.549 110794
48.5494 110812
48.5499 110830
48.5504 110848
48.5509 110866
48.5514 110884
48.5518 110902
48.5523 110920
48.5528 110938
48.5533 110956
48.5538 110974
48.5542 110992
48.5547 111010
48.5552 111028
48.5557 111046
48.5562 111064
48.5566 111082
48.5571 111100
48.5576 111118
48.5581 111136
48.5586 111154
48.5591 111172
48.5595 111190
48.56 111208
48.5605 111226
48.5634 111244
48.5639 111262
48.5644 111280
48.5649 111298
48.5654 111316
48.5659 111334
48.5663 111352
48.5668 111370
48.5673 111388
48.5678 111406
48.5683 111424
48.5687 111442
48.5692 111460
48.5697 111478
48.5702 111496
48.5707 111514
48.5711 111532
48.5716 111550
48.5721 111568
48.5726 111586
48.5731 111604
48.5735 111622
48.574 111640
48.5745 111658
48.575 111676
48.5755 111694
48.5759 111712
48.5764 111730
48.5769 111748
48.5774 111766
48.5779 111784
48.5783 111802
48.5788 111820
48.5793 111838
48.5798 111856
48.5803 111874
48.5808 111892
48.5812 111910
48.5842 111928
48.5847 111946
48.5851 111964
48.5856 111982
48.5861 112000
48.5866 112018
48.5871 112036
48.5876 112054
48.588 112072
48.5885 112090
48.589 112108
48.5895 112126
48.59 112144
48.5904 112162
48.5909 112180
48.5914 112198
48.5919 112216
48.5924 112234
48.5928 112252
48.5933 112270
48.5938 112288
48.5943 112306
48.5948 112324
48.5952 112342
48.5957 112360
48.5962 112378
48.5967 112396
48.5972 112414
48.5976 112432
48.5981 112450
48.5986 112468
48.5991 112486
48.5996 112504
48.6 112522
48.6005 112540
48.601 112558
48.6015 112576
48.602 112594
48.6047 112612
48.6052 112630
48.6056 112648
48.6061 112666
48.6066 112684
48.6071 112702
48.6076 112720
48.608 112738
48.6085 112756
48.609 112774
48.6095 112792
48.61 112810
48.6105 112828
48.6109 112846
48.6114 112864
48.6119 112882
48.6124 112900
48.6129 112918
48.6133 112936
48.6138 112954
48.6143 112972
48.6148 112990
48.6153 113008
48.6157 113026
48.6162 113044
48.6167 113062
48.6172 113080
48.6177 113098
48.6181 113116
48.6186 113134
48.6191 113152
48.6196 113170
48.6201 113188
48.6205 113206
48.621 113224
48.6215 113242
48.622 113260
48.6225 113278
48.6252 113296
48.6257 113314
48.6261 113332
48.6266 113350
48.6271 113368
48.6276 113386
48.6281 113404
48.6285 113422
48.629 113440
48.6295 113458
48.63 113476
48.6305 113494
48.6309 113512
48.6314 113530
48.6319 113548
48.6324 113566
48.6329 113584
48.6334 113602
48.6338 113620
48.6343 113638
48.6348 113656
48.6353 113674
48.6358 113692
48.6362 113710
48.6367 113728
48.6372 113746
48.6377 113764
48.6382 113782
48.6386 113800
48.6391 113818
48.6396 113836
48.6401 113854
48.6406 113872
48.641 113890
48.6415 113908
48.642 113926
48.6425 113944
48.643 113962
48.6434 113980
48.6459 113998
48.6464 114016
48.6469 114034
48.6474 114052
48.6478 114070
48.6483 114088
48.6488 114106
48.6493 114124
48.6498 114142
48.6502 114160
48.6507 114178
48.6512 114196
48.6517 114214
48.6522 114232
48.6526 114250
48.6531 114268
48.6536 114286
48.6541 114304
48.6546 114322
48.6551 114340
48.6555 114358
48.656 114376
48.6565 114394
48.657 114412
48.6575 114430
48.6579 114448
48.6584 114466
48.6589 114484
48.6594 114502
48.6599 114520
48.6603 114538
48.6608 114556
48.6613 114574
48.6618 114592
48.6623 114610
48.6627 114628
48.6632 114646
48.6637 114664
48.6642 114682
48.6667 114700
48.6671 114718
48.6676 114736
48.6681 114754
48.6686 114772
48.6691 114790
48.6695 114808
48.67 114826
48.6705 114844
48.671 114862
48.6715 114880
48.6719 114898
48.6724 114916
48.6729 114934
48.6734 114952
48.6739 114970
48.6743 114988
48.6748 115006
48.6753 115024
48.6758 115042
48.6763 115060
48.6768 115078
48.6772 115096
48.6777 115114
48.6782 115132
48.6787 115150
48.6792 115168
48.6796 115186
48.6801 115204
48.6806 115222
48.6811 115240
48.6816 115258
48.682 115276
48.6825 115294
48.683 115312
48.6835 115330
48.684 115348
48.6844 115366
48.6849 115384
48.6872 115402
48.6876 115420
48.6881 115438
48.6886 115456
48.6891 115474
48.6896 115492
48.69 115510
48.6905 115528
48.691 115546
48.6915 115564
48.692 115582
48.6924 115600
48.6929 115618
48.6934 115636
48.6939 115654
48.6944 115672
48.6948 115690
48.6953 115708
48.6958 115726
48.6963 115744
48.6968 115762
48.6972 115780
48.6977 115798
48.6982 115816
48.6987 115834
48.6992 115852
48.6997 115870
48.7001 115888
48.7006 115906
48.7011 115924
48.7016 115942
48.7021 115960
48.7025 115978
48.703 115996
48.7035 116014
48.704 116032
48.7045 116050
48.7049 116068
48.7054 116086
48.7077 116104
48.7081 116122
48.7086 116140
48.7091 116158
48.7091 103936
48.7096 103956
48.7096 103936
48.7101 103956
48.7101 103936
48.7105 103956
48.7105 103936
48.711 103956
48.711 103936
48.7115 103956
48.7115 103936
48.712 103956
48.712 103936
48.7125 103956
48.7125 103936
48.7129 103956
48.7129 103936
48.7134 103956
48.7134 103936
48.7139 103956
48.7139 103936
48.7144 103956
48.7144 103936
48.7149 103956
48.7149 103936
48.7153 103956
48.7153 103936
48.7158 103956
48.7158 103936
48.7163 103956
48.7163 103936
48.7168 103956
48.7168 103936
48.7173 103956
48.7173 103936
48.7177 103956
48.7177 103936
48.7182 103956
48.7182 103936
48.7187 103956
48.7187 103936
48.7192 103956
48.7192 103936
48.7197 103956
48.7197 103936
48.7202 103956
48.7202 103936
48.7206 103956
48.7206 103936
48.7211 103956
48.7211 103936
48.7216 103956
48.7216 103936
48.7221 103956
48.7221 103936
48.7226 103956
48.7226 103936
48.723 103956
48.723 103936
48.7235 103956
48.7235 103936
48.724 103956
48.724 103936
48.7245 103956
48.7245 103936
48.725 103956
48.725 103936
48.7254 103956
48.7254 103936
48.7259 103956
48.7259 103936
48.7264 103956
48.7264 103936
48.7284 103956
48.7284 103936
48.7289 103956
48.7289 103936
48.7294 103956
48.7294 103936
48.732 103956
48.7325 103976
48.733 103996
48.7334 104016
48.7339 104036
48.7344 104056
48.7349 104076
48.7354 104096
48.7358 104116
48.7363 104136
48.7368 104156
48.7373 104176
48.7378 104196
48.7382 104216
48.7387 104236
48.7392 104256
48.7397 104276
48.7402 104296
48.7406 104316
48.7411 104336
48.7416 104356
48.7421 104376
48.7426 104396
48.7431 104416
48.7435 104436
48.744 104456
48.7445 104476
48.745 104496
48.7455 104516
48.7459 104536
48.7464 104556
48.7469 104576
48.7489 104596
48.7494 104616
48.7499 104636
48.7525 104656
48.753 104676
48.7535 104696
48.7539 104716
48.7544 104736
48.7549 104756
48.7554 104776
48.7559 104796
48.7563 104816
48.7568 104836
48.7573 104855
48.7578 104874
48.7583 104893
48.7587 104912
48.7592 104931
48.7597 104950
48.7602 104969
48.7607 104988
48.7611 105007
48.7616 105026
48.7621 105045
48.7626 105064
48.7631 105083
48.7635 105102
48.764 105121
48.7645 105140
48.765 105159
48.7655 105178
48.766 105197
48.7664 105216
48.7669 105235
48.7674 105254
48.7679 105273
48.7696 105292
48.7701 105311
48.7706 105330
48.7732 105349
48.7737 105368
48.7742 105387
48.7747 105406
48.7752 105425
48.7756 105444
48.7761 105463
48.7766 105482
48.7771 105501
48.7776 105520
48.778 105539
48.7785 105558
48.779 105577
48.7795 105596
48.78 105615
48.7804 105634
48.7809 105653
48.7814 105672
48.7819 105691
48.7824 105710
48.7828 105729
48.7833 105748
48.7838 105767
48.7843 105786
48.7848 105805
48.7852 105824
48.7857 105843
48.7862 105862
48.7867 105881
48.7872 105900
48.7877 105919
48.7881 105938
48.7886 105957
48.7904 105976
48.7908 105995
48.7913 106014
48.794 106033
48.7945 106052
48.7949 106071
48.7954 106090
48.7959 106109
48.7964 106128
48.7969 106147
48.7973 106166
48.7978 106185
48.7983 106204
48.7988 106223
48.7993 106242
48.7997 106261
48.8002 106280
48.8007 106299
48.8012 106318
48.8017 106337
48.8021 106356
48.8026 106375
48.8031 106394
48.8036 106413
48.8041 106432
48.8045 106451
48.805 106470
48.8055 106489
48.806 106508
48.8065 106527
48.8069 106546
48.8074 106565
48.8079 106584
48.8084 106603
48.8089 106622
48.8094 106641
48.8109 106660
48.8113 106679
48.8118 106698
48.8145 106717
48.8149 106736
48.8154 106755
48.8159 106774
48.8164 106793
48.8169 106812
48.8174 106831
48.8178 106850
48.8183 106869
48.8188 106888
48.8193 106907
48.8198 106926
48.8202 106945
48.8207 106964
48.8212 106983
48.8217 107002
48.8222 107021
48.8226 107040
48.8231 107059
48.8236 107078
48.8241 107097
48.8246 107116
48.825 107135
48.8255 107154
48.826 107173
48.8265 107192
48.827 107211
48.8274 107230
48.8279 107249
48.8284 107268
48.8289 107287
48.8294 107306
48.8298 107325
48.8314 107344
48.8318 107363
48.8323 107382
48.835 107401
48.8354 107420
48.8359 107439
48.8364 107458
48.8369 107477
48.8374 107496
48.8379 107515
48.8383 107534
48.8388 107553
48.8393 107572
48.8398 107591
48.8403 107610
48.8407 107629
48.8412 107648
48.8417 107667
48.8422 107686
48.8427 107705
48.8431 107724
48.8436 107743
48.8441 107762
48.8446 107781
48.8451 107800
48.8455 107819
48.846 107838
48.8465 107857
48.847 107876
48.8475 107895
48.8479 107914
48.8484 107933
48.8489 107952
48.8494 107971
48.8499 107990
48.8503 108009
48.8508 108028
48.8521 108047
48.8526 108066
48.8531 108085
48.8557 108104
48.8562 108123
48.8567 108142
48.8571 108161
48.8576 108180
48.8581 108199
48.8586 108218
48.8591 108237
48.8596 108256
48.86 108275
48.8605 108294
48.861 108313
48.8615 108332
48.862 108351
48.8624 108370
48.8629 108389
48.8634 108408
48.8639 108427
48.8644 108446
48.8648 108465
48.8653 108484
48.8658 108503
48.8663 108522
48.8668 108541
48.8672 108560
48.8677 108579
48.8682 108598
48.8687 108617
48.8692 108636
48.8696 108655
48.8701 108674
48.8706 108693
48.8711 108712
48.8716 108731
48.8728 108750
48.8733 108769
48.8738 108788
48.8764 108807
48.8769 108826
48.8774 108845
48.8779 108864
48.8784 108883
48.8788 108902
48.8793 108921
48.8798 108940
48.8803 108959
48.8808 108978
48.8812 108997
48.8817 109016
48.8822 109035
48.8827 109054
48.8832 109073
48.8837 109092
48.8841 109111
48.8846 109130
48.8851 109149
48.8856 109168
48.8861 109187
48.8865 109206
48.887 109225
48.8875 109244
48.888 109263
48.8885 109282
48.8889 109301
48.8894 109320
48.8899 109339
48.8904 109358
48.8909 109377
48.8913 109396
48.8918 109415
48.8923 109434
48.8933 109453
48.8938 109472
48.8943 109491
48.8969 109510
48.8974 109529
48.8979 109548
48.8984 109567
48.8989 109586
48.8993 109605
48.8998 109624
48.9003 109643
48.9008 109662
48.9013 109681
48.9017 109700
48.9022 109719
48.9027 109738
48.9032 109757
48.9037 109776
48.9042 109795
48.9046 109814
48.9051 109833
48.9056 109852
48.9061 109871
48.9066 109890
48.907 109909
48.9075 109928
48.908 109947
48.9085 109966
48.909 109985
48.9094 110004
48.9099 110023
48.9104 110042
48.9109 110061
48.9114 110080
48.9118 110099
48.9123 110118
48.9128 110137
48.9138 110156
48.9143 110175
48.9148 110194
48.9174 110213
48.9179 110232
48.9184 110251
48.9189 110270
48.9194 110289
48.9198 110308
48.9203 110327
48.9208 110346
48.9213 110365
48.9218 110383
48.9222 110401
48.9227 110419
48.9232 110437
48.9237 110455
48.9242 110473
48.9246 110491
48.9251 110509
48.9256 110527
48.9261 110545
48.9266 110563
48.9271 110581
48.9275 110599
48.928 110617
48.9285 110635
48.929 110653
48.9295 110671
48.9299 110689
48.9304 110707
48.9309 110725
48.9314 110743
48.9319 110761
48.9323 110779
48.9328 110797
48.9333 110815
48.9338 110833
48.9346 110851
48.9351 110869
48.9355 110887
48.9382 110905
48.9387 110923
48.9391 110941
48.9396 110959
48.9401 110977
48.9406 110995
48.9411 111013
48.9415 111031
48.942 111049
48.9425 111067
48.943 111085
48.9435 111103
48.9439 111121
48.9444 111139
48.9449 111157
48.9454 111175
48.9459 111193
48.9463 111211
48.9468 111229
48.9473 111247
48.9478 111265
48.9483 111283
48.9488 111301
48.9492 111319
48.9497 111337
48.9502 111355
48.9507 111373
48.9512 111391
48.9516 111409
48.9521 111427
48.9526 111445
48.9531 111463
48.9536 111481
48.954 111499
48.9545 111517
48.9553 111535
48.9558 111553
48.9563 111571
48.9589 111589
48.9594 111607
48.9599 111625
48.9604 111643
48.9608 111661
48.9613 111679
48.9618 111697
48.9623 111715
48.9628 111733
48.9632 111751
48.9637 111769
48.9642 111787
48.9647 111805
48.9652 111823
48.9656 111841
48.9661 111859
48.9666 111877
48.9671 111895
48.9676 111913
48.968 111931
48.9685 111949
48.969 111967
48.9695 111985
48.97 112003
48.9705 112021
48.9709 112039
48.9714 112057
48.9719 112075
48.9724 112093
48.9729 112111
48.9733 112129
48.9738 112147
48.9743 112165
48.9748 112183
48.9753 112201
48.9758 112219
48.9763 112237
48.9768 112255
48.9794 112273
48.9799 112291
48.9804 112309
48.9809 112327
48.9813 112345
48.9818 112363
48.9823 112381
48.9828 112399
48.9833 112417
48.9837 112435
48.9842 112453
48.9847 112471
48.9852 112489
48.9857 112507
48.9861 112525
48.9866 112543
48.9871 112561
48.9876 112579
48.9881 112597
48.9885 112615
48.989 112633
48.9895 112651
48.99 112669
48.9905 112687
48.9909 112705
48.9914 112723
48.9919 112741
48.9924 112759
48.9929 112777
48.9934 112795
48.9938 112813
48.9943 112831
48.9948 112849
48.9953 112867
48.9958 112885
48.9963 112903
48.9968 112921
48.9973 112939
48.9999 112957
49.0004 112975
49.0009 112993
49.0014 113011
49.0018 113029
49.0023 113047
49.0028 113065
49.0033 113083
49.0038 113101
49.0042 113119
49.0047 113137
49.0052 113155
49.0057 113173
49.0062 113191
49.0066 113209
49.0071 113227
49.0076 113245
49.0081 113263
49.0086 113281
49.009 113299
49.0095 113317
49.01 113335
49.0105 113353
49.011 113371
49.0114 113389
49.0119 113407
49.0124 113425
49.0129 113443
49.0134 113461
49.0139 113479
49.0143 113497
49.0148 113515
49.0153 113533
49.0158 113551
49.0163 113569
49.0168 113587
49.0173 113605
49.0178 113623
49.0204 113641
49.0209 113659
49.0214 113677
49.0219 113695
49.0223 113713
49.0228 113731
49.0233 113749
49.0238 113767
49.0243 113785
49.0247 113803
49.0252 113821
49.0257 113839
49.0262 113857
49.0267 113875
49.0271 113893
49.0276 113911
49.0281 113929
49.0286 113947
49.0291 113965
49.0295 113983
49.03 114001
49.0305 114019
49.031 114037
49.0315 114055
49.0319 114073
49.0324 114091
49.0329 114109
49.0334 114127
49.0339 114145
49.0343 114163
49.0348 114181
49.0353 114199
49.0358 114217
49.0363 114235
49.0368 114253
49.0372 114271
49.0377 114289
49.0382 114307
49.0387 114325
49.0411 114343
49.0416 114361
49.0421 114379
49.0426 114397
49.0431 114415
49.0436 114433
49.044 114451
49.0445 114469
49.045 114487
49.0455 114505
49.046 114523
49.0464 114541
49.0469 114559
49.0474 114577
49.0479 114595
49.0484 114613
49.0488 114631
49.0493 114649
49.0498 114667
49.0503 114685
49.0508 114703
49.0512 114721
49.0517 114739
49.0522 114757
49.0527 114775
49.0532 114793
49.0536 114811
49.0541 114829
49.0546 114847
49.0551 114865
49.0556 114883
49.056 114901
49.0565 114919
49.057 114937
49.0575 114955
49.058 114973
49.0585 114991
49.0589 115009
49.0594 115027
49.0619 115045
49.0624 115063
49.0628 115081
49.0633 115099
49.0638 115117
49.0643 115135
49.0648 115153
49.0653 115171
49.0657 115189
49.0662 115207
49.0667 115225
49.0672 115243
49.0677 115261
49.0681 115279
49.0686 115297
49.0691 115315
49.0696 115333
49.0701 115351
49.0705 115369
49.071 115387
49.0715 115405
49.072 115423
49.0725 115441
49.0729 115459
49.0734 115477
49.0739 115495
49.0744 115513
49.0749 115531
49.0753 115549
49.0758 115567
49.0763 115585
49.0768 115603
49.0773 115621
49.0777 115639
49.0782 115657
49.0787 115675
49.0792 115693
49.0797 115711
49.0802 115729
49.0824 115747
49.0829 115765
49.0833 115783
49.0838 115801
49.0843 115819
49.0848 115837
49.0853 115855
49.0857 115873
49.0862 115891
49.0867 115909
49.0872 115927
49.0877 115945
49.0882 115963
49.0886 115981
49.0891 115999
49.0896 116017
49.0901 116035
49.0906 116053
49.091 116071
49.0915 116089
49.092 116107
49.0925 116125
49.093 116143
49.0934 116161
49.0939 116179
49.0944 116197
49.0949 116215
49.0954 116233
49.0958 116251
49.0963 116269
49.0968 116287
49.0973 116305
49.0978 116323
49.0982 116341
49.0987 116359
49.0992 116377
49.0997 116395
49.1002 116413
49.1006 116431
49.1029 116449
49.1034 116467
49.1038 116485
49.1043 116502
49.1048 116519
49.1053 116536
49.1058 116553
49.1062 116570
49.1067 116587
49.1072 116604
49.1077 116621
49.1082 116638
49.1086 116655
49.1091 116672
49.1096 116689
49.1101 116706
49.1106 116723
49.1111 116740
49.1115 116757
49.112 116774
49.1125 116791
49.113 116808
49.1135 116825
49.1139 116842
49.1144 116859
49.1149 116876
49.1154 116893
49.1159 116910
49.1163 116927
49.1168 116944
49.1173 116961
49.1178 116978
49.1183 116995
49.1187 117012
49.1192 117029
49.1197 117046
49.1202 117063
49.1207 117080
49.1211 117097
49.1216 117114
49.1236 117131
49.1241 117148
49.1246 117165
49.1251 117182
49.1255 117199
49.126 117216
49.1265 117233
49.127 117250
49.1275 117267
49.1279 117284
49.1284 117301
49.1289 117318
49.1294 117335
49.1299 117352
49.1303 117369
49.1308 117386
49.1313 117403
49.1318 117420
49.1323 117437
49.1328 117454
49.1332 117471
49.1337 117488
49.1342 117505
49.1347 117522
49.1352 117539
49.1356 117556
49.1361 117573
49.1366 117590
49.1371 117607
49.1376 117624
49.138 117641
49.1385 117658
49.139 117675
49.1395 117692
49.14 117709
49.1404 117726
49.1409 117743
49.1414 117760
49.1419 117777
49.1424 117794
49.1444 117811
49.1448 117828
49.1453 117845
49.1458 117862
49.1463 117879
49.1468 117896
49.1472 117913
49.1477 117930
49.1482 117947
49.1487 117964
49.1492 117981
49.1496 117998
49.1501 118015
49.1506 118032
49.1511 118049
49.1516 118066
49.152 118083
49.1525 118100
49.153 118117
49.1535 118134
49.154 118151
49.1545 118168
49.1549 118185
49.1554 118202
49.1559 118219
49.1564 118236
49.1569 118253
49.1573 118270
49.1578 118287
49.1583 118304
49.1588 118321
49.1593 118338
49.1597 118355
49.1602 118372
49.1607 118389
49.1612 118406
49.1617 118423
49.1621 118440
49.1626 118457
49.1631 118474
49.1649 118491
49.1653 118508
49.1658 118525
49.1663 118542
49.1668 118559
49.1673 118576
49.1677 118593
49.1682 118610
49.1687 118627
49.1692 118644
49.1697 118661
49.1701 118678
49.1706 118695
49.1711 118712
49.1716 118729
49.1721 118746
49.1725 118763
49.173 118780
49.1735 118797
49.174 118814
49.1745 118831
49.1749 118848
49.1754 118865
49.1759 118882
49.1764 118899
49.1769 118916
49.1774 118933
49.1778 118950
49.1783 118967
49.1788 118984
49.1793 119001
49.1798 119018
49.1802 119035
49.1807 119052
49.1812 119069
49.1817 119086
49.1822 119103
49.1826 119120
49.1831 119137
49.1836 119154
49.1854 119171
49.1858 119188
49.1863 119205
49.1868 119222
49.1873 119239
49.1878 119256
49.1882 119273
49.1887 119290
49.1892 119307
49.1897 119324
49.1902 119341
49.1906 119358
49.1911 119375
49.1916 119392
49.1921 119409
49.1926 119426
49.193 119443
49.1935 119460
49.194 119477
49.1945 119494
49.195 119511
49.1954 119528
49.1959 119545
49.1964 119562
49.1969 119579
49.1974 119596
49.1979 119613
49.1983 119630
49.1988 119647
49.1993 119664
49.1998 119681
49.2003 119698
49.2007 119715
49.2012 119732
49.2017 119749
49.2022 119766
49.2027 119783
49.2031 119800
49.2036 119817
49.2041 119834
49.2046 119851
49.2061 119868
49.2066 119885
49.2071 119902
49.2075 119919
49.208 119936
49.2085 119953
49.209 119970
49.2095 119987
49.2099 120004
49.2104 120021
49.2109 120038
49.2114 120055
49.2119 120072
49.2123 120089
49.2128 120106
49.2133 120123
49.2138 120140
49.2143 120157
49.2147 120174
49.2152 120191
49.2157 120208
49.2162 120225
49.2167 120242
49.2171 120259
49.2176 120276
49.2181 120293
49.2186 120310
49.2191 120327
49.2196 120344
49.22 120361
49.2205 120378
49.221 120395
49.2215 120412
49.222 120429
49.2224 120446
49.2229 120463
49.2234 120480
49.2239 120497
49.2244 120514
49.2248 120531
49.2253 120548
49.2268 120565
49.2273 120582
49.2278 120599
49.2283 120616
49.2288 120633
49.2292 120650
49.2297 120667
49.2302 120684
49.2307 120701
49.2312 120718
49.2316 120735
49.2321 120752
49.2326 120769
49.2331 120786
49.2336 120803
49.234 120820
49.2345 120837
49.235 120854
49.2355 120871
49.236 120888
49.2364 120905
49.2369 120922
49.2374 120939
49.2379 120956
49.2384 120973
49.2388 120990
49.2393 121007
49.2398 121024
49.2403 121041
49.2408 121058
49.2412 121075
49.2417 121092
49.2422 121109
49.2427 121126
49.2432 121143
49.2437 121160
49.2441 121177
49.2446 121194
49.2451 121211
49.2456 121228
49.2461 121245
49.2473 121262
49.2478 121279
49.2483 121296
49.2488 121313
49.2493 121330
49.2497 121347
49.2502 121364
49.2507 121381
49.2512 121398
49.2517 121415
49.2521 121432
49.2526 121449
49.2531 121466
49.2536 121483
49.2541 121500
49.2545 121517
49.255 121534
49.2555 121551
49.256 121568
49.2565 121585
49.2569 121602
49.2574 121619
49.2579 121636
49.2584 121653
49.2589 121670
49.2593 121687
49.2598 121704
49.2603 121721
49.2608 121738
49.2613 121755
49.2617 121772
49.2622 121789
49.2627 121806
49.2632 121823
49.2637 121840
49.2642 121857
49.2646 121874
49.2651 121891
49.2656 121908
49.2661 121925
49.2666 121942
49.2678 121959
49.2683 121976
49.2688 121993
49.2693 122010
49.2697 122027
49.2702 122044
49.2707 122061
49.2712 122078
49.2717 122095
49.2722 122112
49.2726 122129
49.2731 122146
49.2736 122163
49.2741 122180
49.2746 122197
49.275 122214
49.2755 122231
49.276 122248
49.2765 122265
49.277 122282
49.2774 122299
49.2779 122316
49.2784 122333
49.2789 122350
49.2794 122367
49.2798 122384
49.2803 122401
49.2808 122418
49.2813 122435
49.2818 122452
49.2822 122469
49.2827 122486
49.2832 122503
49.2837 122520
49.2842 122537
49.2846 122554
49.2851 122571
49.2856 122588
49.2861 122605
49.2866 122622
49.2871 122639
49.2875 122656
49.2886 122673
49.289 122690
49.2895 122707
49.29 122724
49.2905 122741
49.291 122758
49.2914 122775
49.2919 122792
49.2924 122809
49.2929 122826
49.2934 122843
49.2939 122860
49.2943 122877
49.2948 122894
49.2953 122911
49.2958 122928
49.2963 122945
49.2967 122962
49.2972 122979
49.2977 122996
49.2982 123013
49.2987 123030
49.2991 123047
49.2996 123064
49.3001 123081
49.3006 123098
49.3011 123115
49.3015 123132
49.302 123149
49.3025 123166
49.303 123183
49.3035 123200
49.3039 123217
49.3044 123234
49.3049 123251
49.3054 123268
49.3059 123285
49.3063 123302
49.3068 123319
49.3073 123336
49.3078 123352
49.3083 123368
49.3093 123384
49.3098 123400
49.3103 123416
49.3107 123432
49.3112 123448
49.3117 123464
49.3122 123480
49.3127 123496
49.3131 123512
49.3136 123528
49.3141 123544
49.3146 123560
49.3151 123576
49.3156 123592
49.316 123608
49.3165 123624
49.317 123640
49.3175 123656
49.318 123672
49.3184 123688
49.3189 123704
49.3194 123720
49.3199 123736
49.3204 123752
49.3208 123768
49.3213 123784
49.3218 123800
49.3223 123816
49.3228 123832
49.3232 123848
49.3237 123864
49.3242 123880
49.3247 123896
49.3252 123912
49.3256 123928
49.3261 123944
49.3266 123960
49.3271 123976
49.3276 123992
49.328 124008
49.3285 124024
49.329 124040
49.3298 124056
49.3303 124072
49.3308 124088
49.3312 124104
49.3317 124120
49.3322 124136
49.3327 124152
49.3332 124168
49.3336 124184
49.3341 124200
49.3346 124216
49.3351 124232
49.3356 124248
49.336 124264
49.3365 124280
49.337 124296
49.3375 124312
49.338 124328
49.3385 124344
49.3389 124360
49.3394 124376
49.3399 124392
49.3404 124408
49.3409 124424
49.3413 124440
49.3418 124456
49.3423 124472
49.3428 124488
49.3433 124504
49.3437 124520
49.3442 124536
49.3447 124552
49.3452 124568
49.3457 124584
49.3461 124600
49.3466 124616
49.3471 124632
49.3476 124648
49.3481 124664
49.3485 124680
49.349 124696
49.3495 124712
49.3503 124728
49.3508 124744
49.3513 124760
49.3517 124776
49.3522 124792
49.3527 124808
49.3532 124824
49.3537 124840
49.3541 124856
49.3546 124872
49.3551 124888
49.3556 124904
49.3561 124920
49.3565 124936
49.357 124952
49.3575 124968
49.358 124984
49.3585 125000
49.359 125016
49.3594 125032
49.3599 125048
49.3604 125064
49.3609 125080
49.3614 125096
49.3618 125112
49.3623 125128
49.3628 125144
49.3633 125160
49.3638 125176
49.3642 125192
49.3647 125208
49.3652 125224
49.3657 125240
49.3662 125256
49.3666 125272
49.3671 125288
49.3676 125304
49.3681 125320
49.3686 125336
49.369 125352
49.3695 125368
49.37 125384
49.3705 125400
49.371 125416
49.3715 125432
49.372 125448
49.3725 125464
49.373 125480
49.3734 125496
49.3739 125512
49.3744 125528
49.3749 125544
49.3754 125560
49.3758 125576
49.3763 125592
49.3768 125608
49.3773 125624
49.3778 125640
49.3782 125656
49.3787 125672
49.3792 125688
49.3797 125704
49.3802 125720
49.3806 125736
49.3811 125752
49.3816 125768
49.3821 125784
49.3826 125800
49.3831 125816
49.3835 125832
49.384 125848
49.3845 125864
49.385 125880
49.3855 125896
49.3859 125912
49.3864 125928
49.3869 125944
49.3874 125960
49.3879 125976
49.3883 125992
49.3888 126008
49.3893 126024
49.3898 126040
49.3903 126056
49.3907 126072
49.3912 126088
49.3918 126104
49.3923 126120
49.3927 126136
49.3932 126152
49.3937 126168
49.3942 126184
49.3947 126200
49.3951 126216
49.3956 126232
49.3961 126248
49.3966 126264
49.3971 126280
49.3975 126296
49.398 126312
49.3985 126328
49.399 126344
49.3995 126360
49.3999 126376
49.4004 126392
49.4009 126408
49.4014 126424
49.4019 126440
49.4023 126456
49.4028 126472
49.4033 126488
49.4038 126504
49.4043 126520
49.4048 126536
49.4052 126552
49.4057 126568
49.4062 126584
49.4067 126600
49.4072 126616
49.4076 126632
49.4081 126648
49.4086 126664
49.4091 126680
49.4096 126696
49.41 126712
49.4105 126728
49.411 126744
49.4115 126760
49.412 126776
49.4124 126792
49.4129 126808
49.4134 126824
49.4139 126840
49.4144 126856
49.4148 126872
49.4153 126888
49.4158 126904
49.4163 126920
49.4168 126936
49.4172 126952
49.4177 126968
49.4182 126984
49.4187 127000
49.4192 127016
49.4197 127032
49.4201 127048
49.4206 127064
49.4211 127080
49.4216 127096
49.4221 127112
49.4225 127128
49.423 127144
49.4235 127160
49.424 127176
49.4245 127192
49.4249 127208
49.4254 127224
49.4259 127240
49.4264 127256
49.4269 127272
49.4273 127288
49.4278 127304
49.4283 127320
49.4288 127336
49.4293 127352
49.4297 127368
49.4302 127384
49.4307 127400
49.4312 127416
49.4317 127432
49.4321 127448
49.4326 127464
49.4331 127480
49.4336 127496
49.4341 127512
49.4346 127528
49.435 127544
49.4355 127560
49.436 127576
49.4365 127592
49.437 127608
49.4374 127624
49.4379 127640
49.4384 127656
49.4389 127672
49.4394 127688
49.4398 127704
49.4403 127720
49.4408 127736
49.4413 127752
49.4418 127768
49.4422 127784
49.4427 127800
49.4432 127816
49.4437 127832
49.4442 127848
49.4446 127864
49.4451 127880
49.4456 127896
49.4461 127912
49.4466 127928
49.447 127944
49.4475 127960
49.448 127976
49.4485 127992
49.449 128008
49.4495 128024
49.4499 128040
49.4504 128056
49.4509 128072
49.4514 128088
49.4519 128104
49.4523 128120
49.4528 128136
49.4533 128152
49.4538 128168
49.4543 128184
49.4547 128200
49.4552 128216
49.4557 128232
49.4562 128248
49.4567 128264
49.4571 128280
49.4576 128296
49.4581 128312
49.4586 128328
49.4591 128344
49.4595 128360
49.46 128376
49.4605 128392
49.461 128408
49.4615 128424
49.4619 128440
49.4624 128456
49.4629 128472
49.4634 128488
49.4639 128504
49.4644 128520
49.4648 128536
49.4653 128552
49.4658 128568
49.4663 128584
49.4668 128600
49.4672 128616
49.4677 128632
49.4682 128648
49.4687 128664
49.4692 128680
49.4696 128696
49.4701 128712
49.4706 128728
49.4711 128744
49.4716 128760
49.472 128776
49.4725 128792
49.473 128808
49.4735 128824
49.474 128840
49.4744 128856
49.4749 128872
49.4754 128888
49.4759 128904
49.4764 128920
49.4768 128936
49.4773 128952
49.4778 128968
49.4783 128984
49.4788 129000
49.4793 129016
49.4797 129032
49.4802 129048
49.4807 129064
49.4812 129080
49.4817 129096
49.4821 129112
49.4826 129128
49.4831 129144
49.4836 129160
49.4841 129176
49.4845 129192
49.485 129208
49.4855 129224
49.486 129240
49.4865 129256
49.4869 129272
49.4874 129288
49.4879 129304
49.4884 129320
49.4889 129336
49.4893 129352
49.4898 129368
49.4903 129384
49.4908 129400
49.4913 129416
49.4917 129432
49.4922 129448
49.4927 129464
49.4932 129480
49.4937 129496
49.4942 129512
49.4946 129528
49.4951 129544
49.4956 129560
49.4961 129576
49.4966 129592
49.497 129608
49.4975 129624
49.498 129640
49.4985 129656
49.499 129672
49.4994 129688
49.4999 129704
49.5004 129720
49.5009 129736
49.5014 129752
49.5018 129768
49.5023 129784
49.5028 129800
49.5033 129816
49.5038 129832
49.5042 129848
49.5047 129864
49.5052 129880
49.5057 129896
49.5062 129912
49.5066 129928
49.5071 129944
49.5076 129960
49.5081 129976
49.5086 129992
49.5091 130008
49.5095 130024
49.51 130040
49.5105 130056
49.511 130072
49.5115 130088
49.5119 130104
49.5124 130120
49.5129 130136
49.5134 130152
49.5139 130168
49.5143 130184
49.5148 130200
49.5153 130216
49.5158 130232
49.5163 130248
49.5167 130264
49.5172 130280
49.5177 130296
49.5182 130312
49.5187 130328
49.5191 130344
49.5196 130360
49.5201 130376
49.5206 130392
49.5211 130408
49.5215 130424
49.522 130440
49.5225 130456
49.523 130472
49.5235 130488
49.524 130504
49.5244 130520
49.5249 130536
49.5254 130552
49.5259 130568
49.5264 130584
49.5268 130600
49.5273 130616
49.5278 130632
49.5283 130648
49.5288 130664
49.5292 130680
49.5297 130696
49.5302 130712
49.5307 130728
49.5312 130744
49.5316 130760
49.5321 130776
49.5326 130792
49.5331 130808
49.5336 130824
49.534 130840
49.5345 130856
49.535 130872
49.5355 130888
49.536 130904
49.5364 130920
49.5369 130936
49.5374 130952
49.5379 130968
49.5384 130984
49.5389 131000
49.5393 131016
49.5398 131032
49.5403 131048
49.5408 131063
49.5413 131078
49.5417 131093
49.5422 131108
49.5427 131123
49.5432 131138
49.5437 131153
49.5441 131168
49.5446 131183
49.5451 131198
49.5456 131213
49.5461 131228
49.5465 131243
49.547 131258
49.5475 131273
49.548 131288
49.5485 131303
49.5489 131318
49.5494 131333
49.5499 131348
49.5504 131363
49.5509 131378
49.5513 131393
49.5518 131408
49.5523 131423
49.5528 131438
49.5533 131453
49.5538 131468
49.5542 131483
49.5547 131498
49.5552 131513
49.5557 131528
49.5562 131543
49.5566 131558
49.5571 131573
49.5576 131588
49.5581 131603
49.5586 131618
49.559 131633
49.5595 131648
49.56 131663
49.5605 131678
49.561 131693
49.5614 131708
49.5619 131723
49.5624 131738
49.5629 131753
49.5634 131768
49.5638 131783
49.5643 131798
49.5648 131813
49.5653 131828
49.5658 131843
49.5662 131858
49.5667 131873
49.5672 131888
49.5677 131903
49.5682 131918
49.5687 131933
49.5691 131948
49.5696 131963
49.5701 131978
49.5706 131993
49.5711 132008
49.5715 132023
49.572 132038
49.5725 132053
49.573 132068
49.5735 132083
49.5739 132098
49.5744 132113
49.5749 132128
49.5754 132143
49.5759 132158
49.5763 132173
49.5768 132188
49.5773 132203
49.5778 132218
49.5783 132233
49.5787 132248
49.5792 132263
49.5797 132278
49.5802 132293
49.5807 132308
49.5811 132323
49.5816 132338
49.5821 132353
49.5826 132368
49.5831 132383
49.5836 132398
49.584 132413
49.5845 132428
49.585 132443
49.5855 132458
49.586 132473
49.5864 132488
49.5869 132503
49.5874 132518
49.5879 132533
49.5884 132548
49.5888 132563
49.5893 132578
49.5898 132593
49.5903 132608
49.5908 132623
49.5912 132638
49.5917 132653
49.5922 132668
49.5927 132683
49.5932 132698
49.5936 132713
49.5941 132728
49.5946 132743
49.5951 132758
49.5956 132773
49.596 132788
49.5965 132803
49.597 132818
49.5975 132833
49.598 132848
49.5985 132863
49.5989 132878
49.5994 132893
49.5999 132908
49.6004 132923
49.6009 132938
49.6013 132953
49.6018 132968
49.6023 132983
49.6028 132998
49.6033 133013
49.6037 133028
49.6042 133043
49.6047 133058
49.6052 133073
49.6057 133088
49.6061 133103
49.6066 133118
49.6071 133133
49.6076 133148
49.6081 133163
49.6085 133178
49.609 133193
49.6095 133208
49.61 133223
49.6105 133238
49.6109 133253
49.6114 133268
49.6119 133283
49.6124 133298
49.6129 133313
49.6134 133328
49.6138 133343
49.6143 133358
49.6148 133373
49.6153 133388
49.6158 133403
49.6162 133418
49.6167 133433
49.6172 133448
49.6177 133463
49.6182 133478
49.6186 133493
49.6191 133508
49.6196 133523
49.6201 133538
49.6206 133553
49.621 133568
49.6215 133583
49.622 133598
49.6225 133613
49.623 133628
49.6234 133643
49.6239 133658
49.6244 133673
49.6249 133688
49.6254 133703
49.6258 133718
49.6263 133733
49.6268 133748
49.6273 133763
49.6278 133778
49.6283 133793
49.6287 133808
49.6292 133823
49.6297 133838
49.6302 133853
49.6307 133868
49.6311 133883
49.6316 133898
49.6321 133913
49.6326 133928
49.6331 133943
49.6335 133958
49.634 133973
49.6345 133988
49.635 134003
49.6355 134018
49.6359 134033
49.6364 134048
49.6369 134063
49.6374 134078
49.6379 134093
49.6383 134108
49.6388 134123
49.6393 134138
49.6398 134153
49.6403 134168
49.6407 134183
49.6412 134198
49.6417 134213
49.6422 134228
49.6427 134243
49.6432 134258
49.6436 134273
49.6441 134288
49.6446 134303
49.6451 134318
49.6456 134333
49.646 134348
49.6465 134363
49.647 134378
49.6475 134393
49.648 134408
49.6484 134423
49.6489 134438
49.6494 134453
49.6499 134468
49.6504 134483
49.6508 134498
49.6513 134513
49.6518 134528
49.6523 134543
49.6528 134558
49.6532 134573
49.6537 134588
49.6542 134603
49.6547 134618
49.6552 134633
49.6556 134648
49.6561 134663
49.6566 134678
49.6571 134693
49.6576 134708
49.658 134723
49.6585 134738
49.659 134753
49.6595 134768
49.66 134783
49.6605 134798
49.6609 134813
49.6614 134828
49.6619 134843
49.6624 134858
49.6629 134873
49.6633 134888
49.6638 134903
49.6643 134918
49.6648 134933
49.6653 134948
49.6657 134963
49.6662 134978
49.6667 134993
49.6672 135008
49.6677 135023
49.6681 135038
49.6686 135053
49.6691 135068
49.6696 135083
49.6701 135098
49.6705 135113
49.671 135128
49.6715 135143
49.672 135158
49.6725 135173
49.6729 135188
49.6734 135203
49.6739 135218
49.6744 135233
49.6749 135248
49.6754 135263
49.6758 135278
49.6763 135293
49.6768 135308
49.6773 135323
49.6778 135338
49.6782 135353
49.6787 135368
49.6792 135383
49.6797 135398
49.6802 135413
49.6806 135428
49.6811 135443
49.6816 135458
49.6821 135473
49.6826 135488
49.683 135503
49.6835 135518
49.684 135533
49.6845 135548
49.685 135563
49.6854 135578
49.6859 135593
49.6864 135608
49.6869 135623
49.6874 135638
49.6878 135653
49.6883 135668
49.6888 135683
49.6893 135698
49.6898 135713
49.6903 135728
49.6907 135743
49.6912 135758
49.6917 135773
49.6922 135788
49.6927 135803
49.6931 135818
49.6936 135833
49.6941 135848
49.6946 135863
49.6951 135878
49.6955 135893
49.696 135908
49.6965 135923
49.697 135938
49.6975 135953
49.6979 135968
49.6984 135983
49.6989 135998
49.6994 136013
49.6999 136028
49.7003 136043
49.7008 136058
49.7013 136073
49.7018 136088
49.7023 136103
49.7027 136118
49.7032 136133
49.7037 136148
49.7042 136163
49.7047 136178
49.7052 136193
49.7056 136208
49.7061 136223
49.7066 136238
49.7071 136253
49.7076 136268
49.708 136283
49.7085 136298
49.709 136313
49.709 87552
49.7095 87575
49.7095 87552
49.71 87575
49.71 87552
49.7104 87575
49.7104 87552
49.7109 87575
49.7109 87552
49.7114 87575
49.7114 87552
49.7119 87575
49.7119 87552
49.7124 87575
49.7124 87552
49.7128 87575
49.7128 87552
49.7133 87575
49.7133 87552
49.7138 87575
49.7138 87552
49.7143 87575
49.7143 87552
49.7148 87575
49.7148 87552
49.7152 87575
49.7152 87552
49.7157 87575
49.7157 87552
49.7162 87575
49.7162 87552
49.7167 87575
49.7167 87552
49.7172 87575
49.7172 87552
49.7176 87575
49.7176 87552
49.7181 87575
49.7181 87552
49.7186 87575
49.7186 87552
49.7191 87575
49.7191 87552
49.7196 87575
49.7196 87552
49.7201 87575
49.7201 87552
49.7205 87575
49.7205 87552
49.721 87575
49.721 87552
49.7215 87575
49.7215 87552
49.722 87575
49.722 87552
49.7225 87575
49.7225 87552
49.7229 87575
49.7229 87552
49.7234 87575
49.7234 87552
49.7239 87575
49.7239 87552
49.7244 87575
49.7244 87552
49.7249 87575
49.7249 87552
49.7253 87575
49.7253 87552
49.7258 87575
49.7258 87552
49.7263 87575
49.7263 87552
49.7268 87575
49.7268 87552
49.7273 87575
49.7273 87552
49.7277 87575
49.7277 87552
49.7282 87575
49.7282 87552
49.7287 87575
49.7287 87552
49.7292 87575
49.7292 87552
49.7297 87575
49.7297 87552
49.7301 87575
49.7301 87552
49.7306 87575
49.7306 87552
49.7311 87575
49.7311 87552
49.7379 87575
49.7384 87598
49.7389 87621
49.7393 87644
49.7398 87667
49.7403 87690
49.7408 87713
49.7413 87736
49.7418 87759
49.7422 87782
49.7427 87805
49.7432 87828
49.7437 87851
49.7442 87874
49.7446 87897
49.7451 87920
49.7456 87943
49.7461 87966
49.7466 87989
49.747 88012
49.7475 88035
49.748 88058
49.7485 88081
49.749 88104
49.7494 88127
49.7499 88150
49.7504 88173
49.7509 88196
49.7514 88219
49.7518 88242
49.7586 88265
49.7591 88288
49.7596 88311
49.7601 88334
49.7606 88357
49.761 88380
49.7615 88403
49.762 88426
49.7625 88449
49.763 88472
49.7635 88495
49.7639 88518
49.7644 88541
49.7649 88564
49.7654 88587
49.7659 88610
49.7663 88633
49.7668 88656
49.7673 88679
49.7678 88702
49.7683 88725
49.7687 88748
49.7692 88771
49.7697 88794
49.7702 88817
49.7707 88840
49.7711 88863
49.7716 88886
49.7721 88909
49.7726 88932
49.7794 88955
49.7799 88978
49.7803 89001
49.7808 89024
49.7813 89047
49.7818 89070
49.7823 89093
49.7827 89116
49.7832 89139
49.7837 89162
49.7842 89185
49.7847 89208
49.7852 89231
49.7856 89254
49.7861 89277
49.7866 89300
49.7871 89323
49.7876 89346
49.788 89369
49.7885 89392
49.789 89415
49.7895 89438
49.79 89461
49.7904 89484
49.7909 89507
49.7914 89530
49.7919 89553
49.7924 89576
49.7928 89599
49.7933 89622
49.7999 89645
49.8004 89668
49.8008 89691
49.8013 89714
49.8018 89737
49.8023 89760
49.8028 89783
49.8032 89806
49.8037 89829
49.8042 89852
49.8047 89875
49.8052 89898
49.8056 89921
49.8061 89944
49.8066 89967
49.8071 89990
49.8076 90013
49.8081 90036
49.8085 90059
49.809 90082
49.8095 90105
49.81 90128
49.8105 90151
49.8109 90174
49.8114 90197
49.8119 90220
49.8124 90243
49.8129 90266
49.8133 90289
49.8138 90312
49.8204 90335
49.8209 90358
49.8213 90381
49.8218 90404
49.8223 90427
49.8228 90450
49.8233 90473
49.8237 90496
49.8242 90519
49.8247 90542
49.8252 90565
49.8257 90588
49.8261 90611
49.8266 90634
49.8271 90657
49.8276 90680
49.8281 90703
49.8286 90726
49.829 90749
49.8295 90772
49.83 90795
49.8305 90818
49.831 90841
49.8314 90864
49.8319 90887
49.8324 90910
49.8329 90933
49.8334 90956
49.8338 90979
49.8343 91002
49.8348 91025
49.8411 91048
49.8416 91071
49.8421 91094
49.8426 91117
49.843 91140
49.8435 91163
49.844 91185
49.8445 91207
49.845 91229
49.8454 91251
49.8459 91273
49.8464 91295
49.8469 91317
49.8474 91339
49.8478 91361
49.8483 91383
49.8488 91405
49.8493 91427
49.8498 91449
49.8502 91471
49.8507 91493
49.8512 91515
49.8517 91537
49.8522 91559
49.8527 91581
49.8531 91603
49.8536 91625
49.8541 91647
49.8546 91669
49.8551 91691
49.8555 91713
49.8619 91735
49.8623 91757
49.8628 91779
49.8633 91801
49.8638 91823
49.8643 91845
49.8647 91867
49.8652 91889
49.8657 91911
49.8662 91933
49.8667 91955
49.8671 91977
49.8676 91999
49.8681 92021
49.8686 92043
49.8691 92065
49.8695 92087
49.87 92109
49.8705 92131
49.871 92153
49.8715 92175
49.8719 92197
49.8724 92219
49.8729 92241
49.8734 92263
49.8739 92285
49.8744 92307
49.8748 92329
49.8753 92351
49.8758 92373
49.8763 92395
49.8824 92417
49.8828 92439
49.8833 92461
49.8838 92483
49.8843 92505
49.8848 92527
49.8852 92549
49.8857 92571
49.8862 92593
49.8867 92615
49.8872 92637
49.8876 92659
49.8881 92681
49.8886 92703
49.8891 92725
49.8896 92747
49.89 92769
49.8905 92791
49.891 92813
49.8915 92835
49.892 92857
49.8924 92879
49.8929 92901
49.8934 92923
49.8939 92945
49.8944 92967
49.8949 92989
49.8953 93011
49.8958 93033
49.8963 93055
49.8968 93077
49.9029 93099
49.9033 93121
49.9038 93143
49.9043 93165
49.9048 93187
49.9053 93209
49.9057 93231
49.9062 93253
49.9067 93275
49.9072 93297
49.9077 93319
49.9081 93341
49.9086 93363
49.9091 93385
49.9096 93407
49.9101 93429
49.9105 93451
49.911 93473
49.9115 93495
49.912 93517
49.9125 93539
49.9129 93561
49.9134 93583
49.9139 93605
49.9144 93627
49.9149 93649
49.9153 93671
49.9158 93693
49.9163 93715
49.9168 93737
49.9173 93759
49.9178 93781
