0.0 18824
10.103 20272
10.1037 21720
10.1044 23168
10.1052 24616
10.1056 26064
10.1066 27512
10.1235 28960
10.1242 30408
10.1247 31856
10.1257 33304
10.1261 34752
10.1266 36200
10.1273 37648
10.1281 39096
10.1285 40544
10.1449 41992
10.1458 43440
10.1463 44888
10.1468 46336
10.1475 47784
10.1482 49232
10.1487 50680
10.1492 52128
10.1497 53576
10.1506 55024
10.1511 56472
10.1516 57920
10.1523 59368
10.1533 60816
10.1689 62264
10.1699 63712
10.1706 65160
10.1711 66608
10.1716 68056
10.1723 69504
10.173 70952
10.1735 72400
10.174 73848
10.1744 75296
10.1749 76744
10.1759 78192
10.1764 79640
10.1768 81088
10.1773 82536
10.178 83984
10.1788 85432
10.1795 86880
10.1804 88328
10.1814 89776
10.1824 91224
10.1965 92672
10.1973 94120
10.198 95568
10.1985 97016
10.199 98464
10.1994 99912
10.2004 101360
10.2009 102808
10.2014 104256
10.2018 105704
10.2023 107152
10.2028 108600
10.2035 110048
10.2042 111496
10.2047 112944
10.2052 114392
10.2057 115840
10.2062 117288
10.2071 118736
10.2076 120184
10.2081 121632
10.209 123080
10.2095 124528
10.2105 125976
10.211 127424
10.2119 128872
10.2124 130320
10.2134 131768
10.2141 133216
10.2151 134664
10.216 136112
10.229 137560
10.2297 139008
10.2304 140456
10.2309 141904
10.2314 143352
10.2319 144800
10.2324 146248
10.2333 147696
10.2338 149144
10.2343 150592
10.2348 152040
10.2352 153488
10.2357 154936
10.2362 156384
10.2369 157832
10.2376 159280
10.2381 160728
10.2386 162176
10.2391 163624
10.2396 165072
10.24 166520
10.241 167968
10.2415 169416
10.242 170864
10.2425 172312
10.2434 173760
10.2439 175208
10.2444 176656
10.2453 178104
10.2458 179552
10.2463 181000
10.2473 182448
10.2477 183896
10.2482 185344
10.2492 186792
10.2497 188240
10.2504 189688
10.2511 191136
10.2518 192584
10.2525 194032
10.2533 195480
10.254 196928
10.2547 198376
10.2557 199824
10.2566 201272
10.2576 202720
10.2586 204168
10.2694 205616
10.2698 207064
10.2708 208512
10.2713 209960
10.2718 211408
10.2722 212856
10.2727 214304
10.2732 215752
10.2739 217200
10.2747 218648
10.2751 220096
10.2756 221544
10.2761 222992
10.2766 224440
10.2771 225888
10.2775 227336
10.278 228784
10.279 230232
10.2795 231680
10.2799 233128
10.2804 234576
10.2809 236024
10.2814 237472
10.2819 238920
10.2826 240368
10.2833 241816
10.2838 243264
10.2843 244712
10.2847 246160
10.2855 247608
10.2862 249056
10.2867 250504
10.2871 251952
10.2879 253400
10.2886 254848
10.2891 256296
10.2896 257744
10.2903 259192
10.291 260640
10.2915 262088
10.292 263536
10.2927 264984
10.2934 266432
10.2939 267880
10.2944 269328
10.2953 270776
10.2958 272224
10.2963 273672
10.2972 275120
10.2977 276568
10.2982 278016
10.2992 279464
10.2996 280912
10.3001 282360
10.3011 283808
10.3016 285256
10.3025 286704
10.303 288152
10.304 289600
10.3045 291048
10.3054 292496
10.3059 293944
10.3069 295392
10.3078 296840
10.3088 298288
10.3097 299736
10.3107 301184
10.3117 302632
10.3126 304080
10.3136 305528
10.3208 306976
10.3215 308424
10.322 309872
10.323 311320
10.3234 312768
10.3239 314216
10.3244 315664
10.3249 317112
10.3254 318560
10.3258 320008
10.3266 321456
10.3273 322904
10.3278 324352
10.3282 325800
10.3287 327248
10.3292 328696
10.3297 330144
10.3302 331592
10.3306 333040
10.3311 334488
10.3321 335936
10.3326 337384
10.3331 338832
10.3335 340280
10.334 341728
10.3345 343176
10.335 344624
10.3355 346072
10.3362 347520
10.3369 348968
10.3374 350416
10.3379 351864
10.3383 353312
10.3388 354760
10.3395 356208
10.3403 357656
10.3407 359104
10.3412 360552
10.3417 362000
10.3424 363448
10.3431 364896
10.3436 366344
10.3441 367792
10.3446 369240
10.3453 370688
10.346 372136
10.3465 373584
10.347 375032
10.3475 376480
10.3482 377928
10.3489 379376
10.3494 380824
10.3499 382272
10.3504 383720
10.3513 385168
10.3518 386616
10.3523 388064
10.3528 389512
10.3537 390960
10.3542 392408
10.3547 393856
10.3552 395304
10.3561 396752
10.3566 398200
10.3571 399648
10.3576 401096
10.3585 402544
10.359 403992
10.3595 405440
10.3604 406888
10.3609 408336
10.3614 409784
10.3624 411232
10.3629 412680
10.3633 414128
10.3643 415576
10.3648 417024
10.3653 418472
10.3662 419920
10.3667 421368
10.3677 422816
10.3681 424264
10.3691 425712
10.3696 427160
10.3705 428608
10.371 430056
10.372 431504
10.3725 432952
10.3734 434400
10.3739 435848
10.3749 437296
10.3753 438744
10.3763 440192
10.3768 441640
10.3778 443088
10.3787 444536
10.3797 445984
10.3806 447432
10.3816 448880
10.3826 450328
10.3835 451776
10.3845 453224
10.3854 454672
10.3864 456120
10.3874 457568
10.389 459016
10.3898 460464
10.3902 461912
10.391 463360
10.3917 464808
10.3922 466256
10.3927 467704
10.3931 469152
10.3936 470600
10.3941 472048
10.3946 473496
10.3951 474944
10.396 476392
10.3965 477840
10.397 479288
10.3975 480736
10.3979 482184
10.3984 483632
10.3989 485080
10.3994 486528
10.3999 487976
10.4003 489424
10.4011 490872
10.4018 492320
10.4023 493768
10.4027 495216
10.4032 496664
10.4037 498112
10.4042 499560
10.4047 501008
10.4051 502456
10.4056 503904
10.4066 505352
10.4071 506800
10.4076 508248
10.408 509696
10.4085 511144
10.409 512592
10.4095 514040
10.4104 515488
10.4109 516936
10.4114 518384
10.4119 519832
10.4124 521280
10.4128 522728
10.4138 524176
10.4143 525624
10.4148 527072
10.4152 528520
10.4157 529968
10.4162 531416
10.4172 532864
10.4176 534312
10.4181 535760
10.4186 537208
10.4191 538656
10.4196 540104
10.4205 541552
10.421 543000
10.4215 544448
10.422 545896
10.4224 547344
10.4232 548792
10.4239 550240
10.4244 551688
10.4249 553136
10.4253 554584
10.4261 556032
10.4268 557480
10.4273 558928
10.4277 560376
10.4282 561824
10.4289 563272
10.4297 564720
10.4301 566168
10.4306 567616
10.4311 569064
10.4318 570512
10.4325 571960
10.433 573408
10.4335 574856
10.4342 576304
10.4349 577752
10.4354 579200
10.4359 580648
10.4366 582096
10.4373 583544
10.4378 584992
10.4383 586440
10.439 587888
10.4398 589336
10.4402 590784
10.4407 592232
10.4414 593680
10.4422 595128
10.4426 596576
10.4434 598024
10.4441 599472
10.4446 600920
10.4453 602368
10.446 603816
10.4465 605264
10.4472 606712
10.4479 608160
10.4484 609608
10.4491 611056
10.4498 612504
10.4503 613952
10.451 615400
10.4518 616848
10.4522 618296
10.453 619744
10.4537 621192
10.4542 622640
10.4549 624088
10.4556 625536
10.4561 626984
10.4568 628432
10.4575 629880
10.4583 631328
10.459 632776
10.4597 634224
10.4604 635672
10.4611 637120
10.4619 638568
10.4626 640016
10.4633 641464
10.464 642912
10.4647 644360
10.4655 645808
10.4662 647256
10.4669 648704
10.4676 650152
10.4684 651600
10.4691 653048
10.4698 654496
10.4708 655944
10.4715 657392
10.4722 658840
10.4729 660288
10.4736 661736
10.4746 663184
10.4756 664632
10.476 666080
10.4765 667528
10.477 668976
10.478 670424
10.4784 671872
10.4789 673320
10.4794 674768
10.4799 676216
10.4804 677664
10.4808 679112
10.4813 680560
10.4818 682008
10.4825 683456
10.4833 684904
10.4837 686352
10.4842 687800
10.4847 689248
10.4852 690696
10.4857 692144
10.4861 693592
10.4866 695040
10.4871 696488
10.4876 697936
10.4881 699384
10.489 700832
10.4895 702280
10.49 703728
10.4905 705176
10.4909 706624
10.4914 708072
10.4919 709520
10.4924 710968
10.4929 712416
10.4933 713864
10.4941 715312
10.4948 716760
10.4953 718208
10.4957 719656
10.4962 721104
10.4967 722552
10.4972 724000
10.4977 725448
10.4984 726896
10.4991 728344
10.4996 729792
10.5001 731240
10.5006 732688
10.501 734136
10.5015 735584
10.5022 737032
10.503 738480
10.5034 739928
10.5039 741376
10.5044 742824
10.5049 744272
10.5054 745720
10.5061 747168
10.5068 748616
10.5073 750064
10.5078 751512
10.5082 752960
10.5087 754408
10.5092 755856
10.5099 757304
10.5106 758752
10.5111 760200
10.5116 761648
10.5121 763096
10.5126 764544
10.5131 765992
10.514 767440
10.5145 768888
10.515 770336
10.5155 771784
10.5159 773232
10.5164 774680
10.5174 776128
10.5179 777576
10.5183 779024
10.5188 780472
10.5193 781920
10.5198 783368
10.5207 784816
10.5212 786264
10.5217 787712
10.5222 789160
10.5227 790608
10.5231 792056
10.5241 793504
10.5246 794952
10.5251 796400
10.5255 797848
10.526 799296
10.527 800744
10.5275 802192
10.528 803640
10.5284 805088
10.5289 806536
10.5299 807984
10.5304 809432
10.5308 810880
10.5313 812328
10.5318 813776
10.5328 815224
10.5332 816672
10.5337 818120
10.5342 819568
10.5347 821016
10.5356 822464
10.5361 823912
10.5366 825360
10.5371 826808
10.538 828256
10.5385 829704
10.539 831152
10.5395 832600
10.5404 834048
10.5409 835496
10.5414 836944
10.5419 838392
10.5429 839840
10.5433 841288
10.5438 842736
10.5443 844184
10.5453 845632
10.5457 847080
10.5462 848528
10.5467 849976
10.5477 851424
10.5481 852872
10.5486 854320
10.5491 855768
10.5501 857216
10.5505 858664
10.551 860112
10.5515 861560
10.5525 863008
10.5529 864456
10.5534 865904
10.5539 867352
10.5549 868800
10.5553 870248
10.5558 871696
10.5568 873144
10.5573 874592
10.5578 876040
10.5587 877488
10.5592 878936
10.5597 880384
10.5606 881832
10.5611 883280
10.5616 884728
10.5626 886176
10.563 887624
10.5635 889072
10.5645 890520
10.565 891968
10.5654 893416
10.5664 894864
10.5669 896312
10.5674 897760
10.5683 899208
10.5688 900656
10.5693 902104
10.5702 903552
10.5707 905000
10.5712 906448
10.5722 907896
10.5726 909344
10.5736 910792
10.5741 912240
10.5748 913688
10.5755 915136
10.576 916584
10.5767 918032
10.5775 919480
10.5779 920928
10.5789 922376
10.5794 923824
10.5803 925272
10.5808 926720
10.5813 928168
10.5818 929616
10.5823 931064
10.5832 932512
10.5837 933960
10.5842 935408
10.5847 936856
10.5851 938304
10.5856 939752
10.5861 941200
10.5866 942648
10.5871 944096
10.5875 945544
10.5883 946992
10.589 948440
10.5895 949888
10.59 951336
10.5904 952784
10.5909 954232
10.5914 955680
10.5919 957128
10.5924 958576
10.5928 960024
10.5933 961472
10.5938 962920
10.5943 964368
10.5952 965816
10.5957 967264
10.5962 968712
10.5967 970160
10.5972 971608
10.5976 973056
10.5981 974504
10.5986 975952
10.5991 977400
10.5996 978848
10.6 980296
10.6008 981744
10.6015 983192
10.602 984640
10.6024 986088
10.6029 987536
10.6034 988984
10.6039 990432
10.6044 991880
10.6049 993328
10.6056 994776
10.6063 996224
10.6068 997672
10.6073 999120
10.6077 1000568
10.6082 1002016
10.6087 1003464
10.6092 1004912
10.6099 1006360
10.6106 1007808
10.6111 1009256
10.6116 1010704
10.6121 1012152
10.6125 1013600
10.613 1015048
10.6135 1016496
10.6142 1017944
10.6149 1019392
10.6154 1020840
10.6159 1022288
10.6164 1023736
10.6169 1025184
10.6173 1026632
10.6178 1028080
10.6186 1029528
10.6193 1030976
10.6198 1032424
10.6202 1033872
10.6207 1035320
10.6212 1036768
10.6217 1038216
10.6222 1039664
10.6231 1041112
10.6236 1042560
10.6241 1044008
10.6246 1045456
10.625 1046904
10.6255 1048352
10.626 1049800
10.627 1051248
10.6274 1052696
10.6279 1054144
10.6284 1055592
10.6289 1057040
10.6294 1058488
10.6298 1059936
10.6308 1061384
10.6313 1062832
10.6318 1064280
10.6322 1065728
10.6327 1067176
10.6332 1068624
10.6337 1070072
10.6347 1071520
10.6351 1072968
10.6356 1074416
10.6361 1075864
10.6366 1077312
10.6371 1078760
10.638 1080208
10.6385 1081656
10.639 1083104
10.6395 1084552
10.6399 1086000
10.6404 1087448
10.6414 1088896
10.6419 1090344
10.6423 1091792
10.6428 1093240
10.6433 1094688
10.6438 1096136
10.6447 1097584
10.6452 1099032
10.6457 1100480
10.6462 1101928
10.6467 1103376
10.6471 1104824
10.6481 1106272
10.6486 1107720
10.6491 1109168
10.6496 1110616
10.65 1112064
10.651 1113512
10.6515 1114960
10.652 1116408
10.6524 1117856
10.6529 1119304
10.6539 1120752
10.6544 1122200
10.6548 1123648
10.6553 1125096
10.6558 1126544
10.6568 1127992
10.6572 1129440
10.6577 1130888
10.6582 1132336
10.6587 1133784
10.6596 1135232
10.6601 1136680
10.6606 1138128
10.6611 1139576
10.6616 1141024
10.6625 1142472
10.663 1143920
10.6635 1145368
10.664 1146816
10.6645 1148264
10.6654 1149712
10.6659 1151160
10.6664 1152608
10.6669 1154056
10.6673 1155504
10.6683 1156952
10.6688 1158400
10.6693 1159848
10.6697 1161296
10.6702 1162744
10.6712 1164192
10.6717 1165640
10.6721 1167088
10.6726 1168536
10.6736 1169984
10.6741 1171432
10.6745 1172880
10.675 1174328
10.676 1175776
10.6765 1177224
10.6769 1178672
10.6774 1180120
10.6784 1181568
10.6789 1183016
10.6794 1184464
10.6798 1185912
10.6808 1187360
10.6813 1188808
10.6818 1190256
10.6822 1191704
10.6832 1193152
10.6837 1194600
10.6842 1196048
10.6846 1197496
10.6856 1198944
10.6861 1200392
10.6866 1201840
10.687 1203288
10.688 1204736
10.6885 1206184
10.689 1207632
10.6894 1209080
10.6904 1210528
10.6909 1211976
10.6914 1213424
10.6918 1214872
10.6928 1216320
10.6933 1217768
10.6938 1219216
10.6947 1220664
10.6952 1222112
10.6957 1223560
10.6964 1225008
10.6971 1226456
10.6976 1227904
10.6981 1229352
10.6988 1230800
10.6995 1232248
10.7 1233696
10.7005 1235144
10.7015 1236592
10.7019 1238040
10.7024 1239488
10.7034 1240936
10.7041 1242384
10.7046 1243832
10.7051 1245280
10.7055 1246728
10.706 1248176
10.707 1249624
10.7075 1251072
10.708 1252520
10.7084 1253968
10.7089 1255416
10.7094 1256864
10.7099 1258312
10.7104 1259760
10.7108 1261208
10.7113 1262656
10.7118 1264104
10.7125 1265552
10.7132 1267000
10.7137 1268448
10.7142 1269896
10.7147 1271344
10.7152 1272792
10.7156 1274240
10.7161 1275688
10.7166 1277136
10.7171 1278584
10.7176 1280032
10.718 1281480
10.7185 1282928
10.719 1284376
10.72 1285824
10.7204 1287272
10.7209 1288720
10.7214 1290168
10.7219 1291616
10.7224 1293064
10.7228 1294512
10.7233 1295960
10.7238 1297408
10.7243 1298856
10.7248 1300304
10.7253 1301752
10.726 1303200
10.7267 1304648
10.7272 1306096
10.7277 1307544
10.7281 1308992
10.7286 1310440
10.7291 1311888
10.7296 1313336
10.7301 1314784
10.7305 1316232
10.7313 1317680
10.732 1319128
10.7325 1320576
10.7329 1322024
10.7334 1323472
10.7339 1324920
10.7344 1326368
10.7349 1327816
10.7353 1329264
10.7361 1330712
10.7368 1332160
10.7373 1333608
10.7377 1335056
10.7382 1336504
10.7387 1337952
10.7392 1339400
10.7397 1340848
10.7402 1342296
10.7409 1343744
10.7418 1342296
10.7421 1340848
10.7423 1340115
10.7426 1339388
10.7428 1336504
10.743 1335056
10.7433 1334017
10.7435 1333290
10.7438 1330712
10.744 1329264
10.7442 1327919
10.7445 1327192
10.7447 1326465
10.745 1324920
10.7457 1323472
10.7459 1322024
10.7462 1317680
10.7464 1316232
10.7466 1314784
10.7469 1313336
10.7471 1310440
10.7474 1309198
10.7476 1307544
10.7479 1306096
10.7481 1304648
10.7483 1303200
10.7486 1301752
10.7488 1300304
10.7491 1298856
10.7498 1297408
10.75 1295960
10.7503 1291616
10.7505 1290168
10.7507 1288720
10.751 1287282
10.7512 1285824
10.7515 1284376
10.7517 1282928
10.7519 1281480
10.7522 1280032
10.7524 1278584
10.7527 1277136
10.7529 1275688
10.7536 1274359
10.7539 1272792
10.7541 1268448
10.7543 1267000
10.7546 1265552
10.7548 1264104
10.7551 1262656
10.7553 1261208
10.7555 1259760
10.7558 1258540
10.756 1256864
10.7563 1255416
10.7565 1253968
10.7567 1252520
10.7575 1251072
10.7577 1249624
10.7579 1245280
10.7582 1243832
10.7584 1242384
10.7587 1240936
10.7589 1239488
10.7591 1238040
10.7594 1236623
10.7596 1235144
10.7599 1233696
10.7601 1232248
10.7603 1230800
10.7606 1229352
10.7613 1227904
10.7615 1226456
10.7618 1222112
10.762 1220805
10.7623 1219216
10.7625 1217768
10.7628 1216320
10.763 1214872
10.7632 1213424
10.7635 1211976
10.7637 1210528
10.764 1209080
10.7647 1207882
10.7649 1206184
10.7652 1201840
10.7654 1200392
10.7656 1198944
10.7659 1197496
10.7661 1196048
10.7664 1194600
10.7666 1193152
10.7668 1191704
10.7671 1190256
10.7673 1188808
10.768 1187360
10.7683 1185965
10.7685 1181568
10.7688 1180120
10.769 1178672
10.7692 1177224
10.7695 1175776
10.7697 1174328
10.77 1172880
10.7702 1171432
10.7704 1170146
10.7707 1168536
10.7714 1167088
10.7716 1165640
10.7719 1161296
10.7721 1159848
10.7724 1158400
10.7726 1156952
10.7728 1155504
10.7731 1154328
10.7733 1152608
10.7736 1151160
10.7738 1149712
10.774 1148264
10.7748 1146816
10.775 1145368
10.7752 1141024
10.7755 1139576
10.7757 1138128
10.776 1136680
10.7762 1135232
10.7764 1133784
10.7767 1132411
10.7769 1130888
10.7777 1129440
10.7779 1127992
10.7781 1123648
10.7784 1122200
10.7786 1120752
10.7789 1119304
10.7791 1117856
10.7793 1116592
10.7796 1114960
10.7798 1113512
10.7805 1112064
10.7808 1110616
10.781 1106272
10.7813 1104824
10.7815 1103376
10.7817 1101928
10.782 1100773
10.7822 1099032
10.7825 1097584
10.7827 1096136
10.7834 1094688
10.7837 1093240
10.7839 1088896
10.7841 1087448
10.7844 1086000
10.7846 1084552
10.7849 1083104
10.7851 1081656
10.7853 1080208
10.7856 1078857
10.7863 1077312
10.7865 1075864
10.7868 1071520
10.787 1070072
10.7873 1068624
10.7875 1067176
10.7877 1065728
10.788 1064280
10.7882 1063038
10.7885 1061384
10.7892 1059936
10.7894 1058488
10.7897 1054144
10.7899 1052696
10.7901 1051248
10.7904 1049800
10.7906 1048352
10.7909 1046904
10.7911 1045456
10.7913 1044008
10.7921 1042560
10.7923 1041121
10.7926 1036768
10.7928 1035320
10.793 1033872
10.7933 1032424
10.7935 1030976
10.7938 1029528
10.794 1028080
10.7942 1026632
10.795 1025302
10.7952 1023736
10.7954 1019392
10.7957 1017944
10.7959 1016496
10.7962 1015048
10.7964 1013600
10.7966 1012152
10.7969 1010704
10.7971 1009483
10.7978 1007808
10.7981 1006360
10.7983 1002016
10.7986 1000568
10.7988 999120
10.799 997672
10.7993 996224
10.7995 994776
10.8002 993328
10.8005 991880
10.8007 987536
10.801 986088
10.8012 984671
10.8014 983192
10.8017 981744
10.8019 980296
10.8026 978848
10.8029 977400
10.8031 973056
10.8034 971608
10.8036 970160
10.8038 968852
10.8041 967264
10.8043 965816
10.805 964368
10.8053 962920
10.8055 958576
10.8058 957128
10.806 955680
10.8062 954232
10.8065 953033
10.8067 951336
10.8075 949888
10.8077 948440
10.8079 944096
10.8082 942648
10.8084 941200
10.8087 939752
10.8089 938304
10.8091 936856
10.8099 935408
10.8101 933960
10.8103 929616
10.8106 928220
10.8108 926720
10.8111 925272
10.8113 923824
10.8115 922376
10.8123 920928
10.8125 919480
10.8127 915136
10.813 913688
10.8132 912402
10.8135 910792
10.8137 909344
10.8139 907896
10.8147 906448
10.8149 905000
10.8151 900656
10.8154 899208
10.8156 897760
10.8159 896583
10.8161 894864
10.8163 893416
10.8171 891968
10.8173 890520
10.8175 886176
10.8178 884728
10.818 883280
10.8183 881832
10.8185 880384
10.8187 878936
10.8195 877488
10.8197 876040
10.8199 871770
10.8202 870248
10.8204 868800
10.8207 867352
10.8214 865904
10.8216 864456
10.8219 860112
10.8221 858664
10.8224 857216
10.8226 855951
10.8228 854320
10.8236 852872
10.8238 851424
10.824 847080
10.8243 845632
10.8245 844184
10.8248 842736
10.825 841288
10.8252 840133
10.826 838392
10.8262 836944
10.8264 832600
10.8267 831152
10.8269 829704
10.8272 828256
10.8274 826808
10.8281 825360
10.8284 823912
10.8286 819568
10.8288 818120
10.8291 816672
10.8293 815320
10.83 813776
10.8303 812328
10.8305 807984
10.8308 806536
10.831 805088
10.8312 803640
10.8315 802192
10.8317 800744
10.832 799501
10.8322 797848
10.8324 796400
10.8332 794952
10.8334 793504
10.8336 789160
10.8339 787712
10.8341 786264
10.8344 784816
10.8346 783368
10.8348 781920
10.8351 780472
10.8353 779024
10.8356 777584
10.8358 776128
10.836 774680
10.8363 773232
10.8365 771784
10.8368 770336
10.837 768888
10.8372 767440
10.8375 765992
10.8377 764662
10.838 763096
10.8382 761648
10.8385 760200
10.8387 758752
10.8389 757304
10.8392 755856
10.8394 754408
10.8397 752960
10.8399 751739
10.8401 750064
10.8404 748616
10.8406 747168
10.8409 745720
10.8411 744272
10.8413 742824
10.8416 741376
10.8418 739928
10.8421 738480
10.8423 737032
10.8425 735584
10.8428 734136
10.843 732718
10.8433 731240
10.8435 729792
10.8437 728344
10.844 726896
10.8442 725448
10.8445 724000
10.8447 722552
10.8449 721104
10.8452 719795
10.8454 718208
10.8457 716760
10.8459 715312
10.8461 713864
10.8464 712416
10.8466 710968
10.8469 709520
10.8471 708072
10.8473 705424
10.8476 703728
10.8478 702280
10.8481 700832
10.8483 699384
10.8485 697936
10.8488 696488
10.849 695040
10.8493 693592
10.8495 692144
10.8497 690696
10.85 689248
10.8502 687800
10.8505 686404
10.8507 684904
10.8509 683456
10.8512 682008
10.8514 680560
10.8517 679112
10.8519 677664
10.8521 676216
10.8524 674768
10.8526 673481
10.8529 671872
10.8531 670424
10.8973 668976
10.9158 667528
10.919 664632
10.9218 661736
10.9247 658840
10.9271 655944
10.9295 653048
10.9319 650152
10.9343 647256
10.9367 644360
10.9391 641464
10.9415 638568
10.944 635672
10.9464 632776
10.9483 629880
10.9504 626984
10.9528 624088
10.9536 622640
10.955 619744
10.9569 616848
10.9601 613952
10.9637 670424
11.0713 670427
11.0718 670430
11.0723 670433
11.0728 670436
11.0732 670439
11.0737 670442
11.0742 670445
11.0747 670448
11.0752 670451
11.0756 670454
11.0761 670457
11.0766 670460
11.0771 670463
11.0776 670466
11.078 670469
11.0785 670472
11.079 670475
11.0795 670478
11.08 670481
11.0804 670484
11.0809 670487
11.0814 670490
11.0819 670493
11.0824 670496
11.0828 670499
11.0833 670502
11.0838 670505
11.0843 670508
11.0848 670511
11.0853 670514
11.0857 670517
11.0862 670520
11.0867 670523
11.0872 670526
11.0877 670529
11.0881 670532
11.0886 670535
11.0891 670538
11.0896 670541
11.0901 670544
11.0905 670547
11.091 670550
11.0915 670553
11.092 670556
11.0925 670559
11.0929 670562
11.0934 670565
11.0939 670568
11.0944 670571
11.0949 670574
11.0953 670577
11.0958 670580
11.0963 670583
11.0968 670586
11.0973 670589
11.0977 670592
11.0982 670595
11.0987 670598
11.0992 670601
11.0997 670604
11.1002 670607
11.1006 670610
11.1011 670613
11.1016 670616
11.1021 670619
11.1026 670622
11.103 670625
11.1035 670628
11.104 670631
11.1045 670634
11.105 670637
11.1054 670640
11.1059 670643
11.1064 670646
11.1069 670649
11.1074 670652
11.1078 670655
11.1083 670658
11.1088 670661
11.1093 670664
11.1098 670667
11.1102 670670
11.1107 670673
11.1112 670676
11.1117 670679
11.1122 670682
11.1126 670685
11.1131 670688
11.1136 670691
11.1141 670694
11.1146 670697
11.1151 670700
11.1155 670703
11.116 670706
11.1165 670709
11.117 670712
11.1175 670715
11.1179 670718
11.1184 670721
11.1189 670724
11.1194 670727
11.1199 670730
11.1203 670733
11.1208 670736
11.1213 670739
11.1218 670742
11.1223 670745
11.1227 670748
11.1232 670751
11.1237 670754
11.1242 670757
11.1247 670760
11.1251 670763
11.1256 670766
11.1261 670769
11.1266 670772
11.1271 670775
11.1275 670778
11.128 670781
11.1285 670784
11.129 670787
11.1295 670790
11.13 670793
11.1304 670796
11.1309 670799
11.1314 670802
11.1319 670805
11.1324 670808
11.1328 670811
11.1333 670814
11.1338 670817
11.1343 670820
11.1348 670823
11.1352 670826
11.1357 670829
11.1362 670832
11.1367 670835
11.1374 670838
11.1381 670841
11.1386 670844
11.1391 670847
11.1396 670850
11.14 670853
11.1405 670856
11.1415 670859
11.142 670862
11.1424 670865
11.1429 670868
11.1434 670871
11.1439 670874
11.1449 670877
11.1453 670880
11.1458 670883
11.1463 670886
11.1468 670889
11.1473 670892
11.1482 670895
11.1487 670898
11.1492 670901
11.1497 670904
11.1501 670907
11.1511 670910
11.1516 670913
11.1521 670916
11.1525 670919
11.153 670922
11.154 670925
11.1545 670928
11.1549 670931
11.1554 670934
11.1559 670937
11.1569 670940
11.1573 670943
11.1578 670946
11.1583 670949
11.1588 670952
11.1598 670955
11.1602 670958
11.1607 670961
11.1612 670964
11.1617 670967
11.1626 670970
11.1631 670973
11.1636 670976
11.1641 670979
11.1646 670982
11.1655 670985
11.166 670988
11.1665 670991
11.167 670994
11.1674 670997
11.1684 671000
11.1689 671003
11.1694 671006
11.1698 671009
11.1703 671012
11.1713 671015
11.1718 671018
11.1722 671021
11.1727 671024
11.1732 671027
11.1742 671030
11.1749 671033
11.1754 671036
11.1759 671039
11.1768 671042
11.1773 671045
11.1778 671048
11.1783 671051
11.179 671054
11.1797 671057
11.1802 671060
11.1807 671063
11.1811 671066
11.1819 671069
11.1826 671072
11.1831 671075
11.1835 671078
11.184 671081
11.185 671084
11.1855 671087
11.1859 671090
11.1864 671093
11.1874 671096
11.1879 671099
11.1883 671102
11.1888 671105
11.1893 671108
11.1898 671111
11.1905 671114
11.1912 671117
11.1917 671120
11.1922 671123
11.1927 671126
11.1932 671129
11.1936 671132
11.1941 671135
11.1946 671138
11.1951 671141
11.1956 671144
11.196 671147
11.1965 671150
11.197 671153
11.1975 671156
11.198 671159
11.1984 671162
11.1989 671165
11.1994 671168
11.1999 671171
11.2004 671174
11.2008 671177
11.2013 671180
11.2018 671183
11.2023 671186
11.2028 671189
11.2032 671192
11.2037 671195
11.2042 671198
11.2047 671201
11.2052 671204
11.2057 671207
11.2061 671210
11.2066 671213
11.2071 671216
11.2076 671219
11.2081 671222
11.2085 671225
11.209 671228
11.2095 671231
11.21 671234
11.2105 671237
11.2109 671240
11.2114 671243
11.2119 671246
11.2124 671249
11.2129 671252
11.2133 671255
11.2138 671258
11.2143 671261
11.2148 671264
11.2153 671267
11.2157 671270
11.2162 671273
11.2167 671276
11.2172 671279
11.2177 671282
11.2181 671285
11.2186 671288
11.2191 671291
11.2196 671294
11.2201 671297
11.2206 671300
11.221 671303
11.2215 671306
11.222 671309
11.2225 671312
11.223 671315
11.2234 671318
11.2239 671321
11.2244 671324
11.2249 671327
11.2254 671330
11.2258 671333
11.2263 671336
11.2268 671339
11.2273 671342
11.2278 671345
11.2282 671348
11.2287 671351
11.2292 671354
11.2297 671357
11.2302 671360
11.2306 671363
11.2311 671366
11.2316 671369
11.2321 671372
11.2326 671375
11.233 671378
11.2335 671381
11.234 671384
11.2345 671387
11.235 671390
11.2355 671393
11.2359 671396
11.2364 671399
11.2369 671402
11.2374 671405
11.2379 671408
11.2383 671411
11.2388 671414
11.2393 671417
11.2398 671420
11.2403 671423
11.2407 671426
11.2412 671429
11.2417 671432
11.2422 671435
11.2427 671438
11.2431 671441
11.2436 671444
11.2441 671447
11.2446 671450
11.2451 671453
11.2455 671456
11.246 671459
11.2465 671462
11.247 671465
11.2475 671468
11.2479 671471
11.2484 671474
11.2489 671477
11.2494 671480
11.2499 671483
11.2504 671486
11.2508 671489
11.2513 671492
11.2518 671495
11.2523 671498
11.2528 671501
11.2532 671504
11.2537 671507
11.2542 671510
11.2547 671513
11.2552 671516
11.2556 671519
11.2561 671522
11.2566 671525
11.2571 671528
11.2576 671531
11.2585 671534
11.259 671537
11.2595 671540
11.26 671543
11.2604 671546
11.2609 671549
11.2616 671552
11.2624 671555
11.2628 671558
11.2633 671561
11.2638 671564
11.2643 671567
11.265 671570
11.2657 671573
11.2662 671576
11.2667 671579
11.2672 671582
11.2677 671585
11.2684 671588
11.2691 671591
11.2696 671594
11.2701 671597
11.2705 671600
11.2713 671603
11.272 671606
11.2725 671609
11.2729 671612
11.2734 671615
11.2741 671618
11.2749 671621
11.2753 671624
11.2758 671627
11.2763 671630
11.277 671633
11.2777 671636
11.2782 671639
11.2787 671642
11.2792 671645
11.2799 671648
11.2806 671651
11.2811 671654
11.2816 671657
11.2821 671660
11.2828 671663
11.2835 671666
11.284 671669
11.2845 671672
11.285 671675
11.2857 671678
11.2864 671681
11.2869 671684
11.2874 671687
11.2878 671690
11.2886 671693
11.2893 671696
11.2898 671699
11.2902 671702
11.2907 671705
11.2914 671708
11.2922 671711
11.2926 671714
11.2931 671717
11.2936 671720
11.2943 671723
11.2951 671726
11.2955 671729
11.296 671732
11.297 671735
11.2975 671738
11.2979 671741
11.2984 671744
11.2991 671747
11.2999 671750
11.3003 671753
11.3008 671756
11.3013 671759
11.302 671762
11.3027 671765
11.3032 671768
11.3037 671771
11.3042 671774
11.3051 671777
11.3056 671780
11.3061 671783
11.3066 671786
11.3075 671789
11.308 671792
11.3085 671795
11.309 671798
11.3095 671801
11.31 671804
11.3107 671807
11.3114 671810
11.3119 671813
11.3124 671816
11.3128 671819
11.3133 671822
11.3138 671825
11.3143 671828
11.3148 671831
11.3152 671834
11.3157 671837
11.3162 671840
11.3167 671843
11.3172 671846
11.3176 671849
11.3181 671852
11.3186 671855
11.3191 671858
11.3196 671861
11.32 671864
11.3205 671867
11.321 671870
11.3215 671873
11.322 671876
11.3224 671879
11.3229 671882
11.3234 671885
11.3239 671888
11.3244 671891
11.3249 671894
11.3253 671897
11.3258 671900
11.3263 671903
11.3268 671906
11.3273 671909
11.3277 671912
11.3282 671915
11.3287 671918
11.3292 671921
11.3297 671924
11.3301 671927
11.3306 671930
11.3311 671933
11.3316 671936
11.3321 671939
11.3325 671942
11.333 671945
11.3335 671948
11.334 671951
11.3345 671954
11.3349 671957
11.3354 671960
11.3359 671963
11.3364 671966
11.3369 671969
11.3373 671972
11.3378 671975
11.3383 671978
11.3388 671981
11.3393 671984
11.3398 671987
11.3402 671990
11.3407 671993
11.3412 671996
11.3417 671999
11.3422 672002
11.3426 672005
11.3431 672008
11.3436 672011
11.3441 672014
11.3446 672017
11.345 672020
11.3455 672023
11.346 672026
11.3465 672029
11.347 672032
11.3474 672035
11.3479 672038
11.3484 672041
11.3489 672044
11.3494 672047
11.3498 672050
11.3503 672053
11.3508 672056
11.3513 672059
11.3518 672062
11.3522 672065
11.3527 672068
11.3532 672071
11.3537 672074
11.3542 672077
11.3547 672080
11.3551 672083
11.3556 672086
11.3561 672089
11.3566 672092
11.3571 672095
11.3575 672098
11.358 672101
11.3585 672104
11.359 672107
11.3595 672110
11.3599 672113
11.3604 672116
11.3609 672119
11.3614 672122
11.3619 672125
11.3623 672128
11.3628 672131
11.3633 672134
11.3638 672137
11.3643 672140
11.3647 672143
11.3652 672146
11.3657 672149
11.3662 672152
11.3667 672155
11.3671 672158
11.3676 672161
11.3681 672164
11.3686 672167
11.3691 672170
11.3696 672173
11.37 672176
11.3705 672179
11.371 672182
11.3715 672185
11.372 672188
11.3724 672191
11.3729 672194
11.3734 672197
11.3739 672200
11.3744 672203
11.3748 672206
11.3753 672209
11.3758 672212
11.3763 672215
11.3768 672218
11.3772 672221
11.3777 672224
11.3787 672227
11.3792 672230
11.3796 672233
11.3801 672236
11.3806 672239
11.3811 672242
11.3818 672245
11.3825 672248
11.383 672251
11.3835 672254
11.384 672257
11.3845 672260
11.3852 672263
11.3859 672266
11.3864 672269
11.3869 672272
11.3873 672275
11.3878 672278
11.3885 672281
11.3893 672284
11.3897 672287
11.3902 672290
11.3907 672293
11.3914 672296
11.3921 672299
11.3926 672302
11.3931 672305
11.3936 672308
11.3943 672311
11.395 672314
11.3955 672317
11.396 672320
11.3965 672323
11.3972 672326
11.3979 672329
11.3984 672332
11.3989 672335
11.3994 672338
11.4001 672341
11.4008 672344
11.4013 672347
11.4018 672350
11.4022 672353
11.403 672356
11.4037 672359
11.4042 672362
11.4046 672365
11.4051 672368
11.4058 672371
11.4066 672374
11.407 672377
11.4075 672380
11.408 672383
11.4087 672386
11.4094 672389
11.4099 672392
11.4104 672395
11.4109 672398
11.4116 672401
11.4123 672404
11.4128 672407
11.4133 672410
11.4138 672413
11.4145 672416
11.4152 672419
11.4157 672422
11.4162 672425
11.4171 672428
11.4176 672431
11.4181 672434
11.4186 672437
11.4193 672440
11.4203 672443
11.4207 672446
11.4212 672449
11.4217 672452
11.4224 672455
11.4231 672458
11.4236 672461
11.4241 672464
11.4246 672467
11.4255 672470
11.426 672473
11.4265 672476
11.427 672479
11.4279 672482
11.4284 672485
11.4289 672488
11.4294 672491
11.4299 672494
11.4304 672497
11.4311 672500
11.4318 672503
11.4323 672506
11.4328 672509
11.4332 672512
11.4337 672515
11.4342 672518
11.4347 672521
11.4352 672524
11.4356 672527
11.4361 672530
11.4366 672533
11.4371 672536
11.4376 672539
11.438 672542
11.4385 672545
11.439 672548
11.4395 672551
11.44 672554
11.4404 672557
11.4409 672560
11.4414 672563
11.4419 672566
11.4424 672569
11.4428 672572
11.4433 672575
11.4438 672578
11.4443 672581
11.4448 672584
11.4453 672587
11.4457 672590
11.4462 672593
11.4467 672596
11.4472 672599
11.4477 672602
11.4481 672605
11.4486 672608
11.4491 672611
11.4496 672614
11.4501 672617
11.4505 672620
11.451 672623
11.4515 672626
11.452 672629
11.4525 672632
11.4529 672635
11.4534 672638
11.4539 672641
11.4544 672644
11.4549 672647
11.4553 672650
11.4558 672653
11.4563 672656
11.4568 672659
11.4573 672662
11.4577 672665
11.4582 672668
11.4587 672671
11.4592 672674
11.4597 672677
11.4602 672680
11.4606 672683
11.4611 672686
11.4616 672689
11.4621 672692
11.4626 672695
11.463 672698
11.4635 672701
11.464 672704
11.4645 672707
11.465 672710
11.4654 672713
11.4659 672716
11.4664 672719
11.4669 672722
11.4674 672725
11.4678 672728
11.4683 672731
11.4688 672734
11.4693 672737
11.4698 672740
11.4702 672743
11.4707 672746
11.4712 672749
11.4717 672752
11.4722 672755
11.4726 672758
11.4731 672761
11.4736 672764
11.4741 672767
11.4746 672770
11.4751 672773
11.4755 672776
11.476 672779
11.4765 672782
11.477 672785
11.4775 672788
11.4779 672791
11.4784 672794
11.4789 672797
11.4794 672800
11.4799 672803
11.4803 672806
11.4808 672809
11.4813 672812
11.4818 672815
11.4823 672818
11.4827 672821
11.4832 672824
11.4837 672827
11.4842 672830
11.4847 672833
11.4851 672836
11.4856 672839
11.4861 672842
11.4866 672845
11.4871 672848
11.4875 672851
11.488 672854
11.4885 672857
11.489 672860
11.4895 672863
11.49 672866
11.4904 672869
11.4909 672872
11.4914 672875
11.4919 672878
11.4924 672881
11.4928 672884
11.4933 672887
11.4938 672890
11.4943 672893
11.4948 672896
11.4952 672899
11.4957 672902
11.4962 672905
11.4967 672908
11.4972 672911
11.4976 672914
11.4981 672917
11.4991 672920
11.4996 672923
11.5 672926
11.5005 672929
11.501 672932
11.5015 672935
11.502 672938
11.5029 672941
11.5034 672944
11.5039 672947
11.5044 672950
11.5049 672953
11.5053 672956
11.5063 672959
11.5068 672962
11.5073 672965
11.5077 672968
11.5082 672971
11.5087 672974
11.5097 672977
11.5101 672980
11.5106 672983
11.5111 672986
11.5116 672989
11.5125 672992
11.513 672995
11.5135 672998
11.514 673001
11.5145 673004
11.5154 673007
11.5159 673010
11.5164 673013
11.5169 673016
11.5173 673019
11.5183 673022
11.5188 673025
11.5193 673028
11.5198 673031
11.5202 673034
11.5212 673037
11.5217 673040
11.5222 673043
11.5226 673046
11.5231 673049
11.5241 673052
11.5246 673055
11.525 673058
11.5255 673061
11.526 673064
11.527 673067
11.5274 673070
11.5279 673073
11.5284 673076
11.5289 673079
11.5298 673082
11.5303 673085
11.5308 673088
11.5313 673091
11.5318 673094
11.5327 673097
11.5332 673100
11.5337 673103
11.5342 673106
11.5347 673109
11.5356 673112
11.5361 673115
11.5366 673118
11.5373 673121
11.538 673124
11.5385 673127
11.539 673130
11.5395 673133
11.5404 673136
11.5414 673139
11.5419 673142
11.5423 673145
11.5428 673148
11.5435 673151
11.5443 673154
11.5447 673157
11.5452 673160
11.5457 673163
11.5467 673166
11.5471 673169
11.5476 673172
11.5481 673175
11.5491 673178
11.5496 673181
11.55 673184
11.5505 673187
11.551 673190
11.5515 673193
11.5522 673196
11.5529 673199
11.5534 673202
11.5539 673205
11.5544 673208
11.5548 673211
11.5553 673214
11.5558 673217
11.5563 673220
11.5568 673223
11.5572 673226
11.5577 673229
11.5582 673232
11.5587 673235
11.5592 673238
11.5596 673241
11.5601 673244
11.5606 673247
11.5611 673250
11.5616 673253
11.562 673256
11.5625 673259
11.563 673262
11.5635 673265
11.564 673268
11.5645 673271
11.5649 673274
11.5654 673277
11.5659 673280
11.5664 673283
11.5669 673286
11.5673 673289
11.5678 673292
11.5683 673295
11.5688 673298
11.5693 673301
11.5697 673304
11.5702 673307
11.5707 673310
11.5712 673313
11.5717 673316
11.5721 673319
11.5726 673322
11.5731 673325
11.5736 673328
11.5741 673331
11.5745 673334
11.575 673337
11.5755 673340
11.576 673343
11.5765 673346
11.5769 673349
11.5774 673352
11.5779 673355
11.5784 673358
11.5789 673361
11.5794 673364
11.5798 673367
11.5803 673370
11.5808 673373
11.5813 673376
11.5818 673379
11.5822 673382
11.5827 673385
11.5832 673388
11.5837 673391
11.5842 673394
11.5846 673397
11.5851 673400
11.5856 673403
11.5861 673406
11.5866 673409
11.587 673412
11.5875 673415
11.588 673418
11.5885 673421
11.589 673424
11.5894 673427
11.5899 673430
11.5904 673433
11.5909 673436
11.5914 673439
11.5918 673442
11.5923 673445
11.5928 673448
11.5933 673451
11.5938 673454
11.5943 673457
11.5947 673460
11.5952 673463
11.5957 673466
11.5962 673469
11.5967 673472
11.5971 673475
11.5976 673478
11.5981 673481
11.5986 673484
11.5991 673487
11.5995 673490
11.6 673493
11.6005 673496
11.601 673499
11.6015 673502
11.6019 673505
11.6024 673508
11.6029 673511
11.6034 673514
11.6039 673517
11.6043 673520
11.6048 673523
11.6053 673526
11.6058 673529
11.6063 673532
11.6067 673535
11.6072 673538
11.6077 673541
11.6082 673544
11.6087 673547
11.6092 673550
11.6096 673553
11.6101 673556
11.6106 673559
11.6111 673562
11.6116 673565
11.612 673568
11.6125 673571
11.613 673574
11.6135 673577
11.614 673580
11.6144 673583
11.6149 673586
11.6154 673589
11.6159 673592
11.6164 673595
11.6168 673598
11.6173 673601
11.6178 673604
11.6183 673607
11.6188 673610
11.6192 673613
11.6202 673616
11.6207 673619
11.6212 673622
11.6216 673625
11.6221 673628
11.6226 673631
11.6231 673634
11.624 673637
11.6245 673640
11.625 673643
11.6255 673646
11.626 673649
11.6265 673652
11.6274 673655
11.6279 673658
11.6284 673661
11.6289 673664
11.6293 673667
11.6298 673670
11.6308 673673
11.6313 673676
11.6317 673679
11.6322 673682
11.6327 673685
11.6337 673688
11.6341 673691
11.6346 673694
11.6351 673697
11.6356 673700
11.6365 673703
11.637 673706
11.6375 673709
11.638 673712
11.6385 673715
11.6394 673718
11.6399 673721
11.6404 673724
11.6409 673727
11.6414 673730
11.6423 673733
11.6428 673736
11.6433 673739
11.6438 673742
11.6442 673745
11.6452 673748
11.6457 673751
11.6462 673754
11.6466 673757
11.6471 673760
11.6481 673763
11.6486 673766
11.649 673769
11.6495 673772
11.65 673775
11.651 673778
11.6514 673781
11.6519 673784
11.6524 673787
11.6529 673790
11.6538 673793
11.6543 673796
11.6548 673799
11.6553 673802
11.6558 673805
11.6567 673808
11.6572 673811
11.6577 673814
11.6584 673817
11.6591 673820
11.6596 673823
11.6601 673826
11.6606 673829
11.6615 673832
11.6625 673835
11.663 673838
11.6635 673841
11.6639 673844
11.6647 673847
11.6656 673850
11.6661 673853
11.6666 673856
11.6671 673859
11.668 673862
11.6685 673865
11.669 673868
11.6695 673871
11.6704 673874
11.6709 673877
11.6714 673880
11.6719 673883
11.6724 673886
11.6728 673889
11.6736 673892
11.6743 673895
11.6748 673898
11.6752 673901
11.6757 673904
11.6762 673907
11.6767 673910
11.6772 673913
11.6776 673916
11.6781 673919
11.6786 673922
11.6791 673925
11.6796 673928
11.68 673931
11.6805 673934
11.681 673937
11.6815 673940
11.682 673943
11.6824 673946
11.6829 673949
11.6834 673952
11.6839 673955
11.6844 673958
11.6849 673961
11.6853 673964
11.6858 673967
11.6863 673970
11.6868 673973
11.6873 673976
11.6877 673979
11.6882 673982
11.6887 673985
11.6892 673988
11.6897 673991
11.6901 673994
11.6906 673997
11.6911 674000
11.6916 674003
11.6921 674006
11.6925 674009
11.693 674012
11.6935 674015
11.694 674018
11.6945 674021
11.6949 674024
11.6954 674027
11.6959 674030
11.6964 674033
11.6969 674036
11.6973 674039
11.6978 674042
11.6983 674045
11.6988 674048
11.6993 674051
11.6998 674054
11.7002 674057
11.7007 674060
11.7012 674063
11.7017 674066
11.7022 674069
11.7026 674072
11.7031 674075
11.7036 674078
11.7041 674081
11.7046 674084
11.705 674087
11.7055 674090
11.706 674093
11.7065 674096
11.707 674099
11.7074 674102
11.7079 674105
11.7084 674108
11.7089 674111
11.7094 674114
11.7098 674117
11.7103 674120
11.7108 674123
11.7113 674126
11.7118 674129
11.7122 674132
11.7127 674135
11.7132 674138
11.7137 674141
11.7142 674144
11.7147 674147
11.7151 674150
11.7156 674153
11.7161 674156
11.7166 674159
11.7171 674162
11.7175 674165
11.718 674168
11.7185 674171
11.719 674174
11.7195 674177
11.7199 674180
11.7204 674183
11.7209 674186
11.7214 674189
11.7219 674192
11.7223 674195
11.7228 674198
11.7233 674201
11.7238 674204
11.7243 674207
11.7247 674210
11.7252 674213
11.7257 674216
11.7262 674219
11.7267 674222
11.7271 674225
11.7276 674228
11.7281 674231
11.7286 674234
11.7291 674237
11.7296 674240
11.73 674243
11.7305 674246
11.731 674249
11.7315 674252
11.732 674255
11.7324 674258
11.7329 674261
11.7334 674264
11.7339 674267
11.7344 674270
11.7348 674273
11.7353 674276
11.7358 674279
11.7363 674282
11.7368 674285
11.7372 674288
11.7377 674291
11.7382 674294
11.7387 674297
11.7392 674300
11.7396 674303
11.7401 674306
11.7406 674309
11.7413 674312
11.742 674315
11.7425 674318
11.743 674321
11.7435 674324
11.744 674327
11.7445 674330
11.7452 674333
11.7459 674336
11.7464 674339
11.7469 674342
11.7473 674345
11.7478 674348
11.7485 674351
11.7493 674354
11.7497 674357
11.7502 674360
11.7507 674363
11.7512 674366
11.7519 674369
11.7526 674372
11.7531 674375
11.7536 674378
11.7541 674381
11.7548 674384
11.7555 674387
11.756 674390
11.7565 674393
11.7569 674396
11.7577 674399
11.7584 674402
11.7589 674405
11.7594 674408
11.7598 674411
11.7606 674414
11.7613 674417
11.7618 674420
11.7622 674423
11.7627 674426
11.7634 674429
11.7642 674432
11.7646 674435
11.7651 674438
11.7656 674441
11.7663 674444
11.767 674447
11.7675 674450
11.768 674453
11.7685 674456
11.7692 674459
11.7699 674462
11.7704 674465
11.7709 674468
11.7714 674471
11.7721 674474
11.7728 674477
11.7733 674480
11.7738 674483
11.7742 674486
11.775 674489
11.7757 674492
11.7762 674495
11.7767 674498
11.7771 674501
11.7779 674504
11.7786 674507
11.7791 674510
11.7795 674513
11.7805 674516
11.781 674519
11.7815 674522
11.7819 674525
11.7827 674528
11.7836 674531
11.7843 674534
11.7848 674537
11.7853 674540
11.7858 674543
11.7867 674546
11.7872 674549
11.7877 674552
11.7882 674555
11.7891 674558
11.7896 674561
11.7901 674564
11.7906 674567
11.7916 674570
11.792 674573
11.7925 674576
11.793 674579
11.7935 674582
11.794 674585
11.7947 674588
11.7954 674591
11.7959 674594
11.7964 674597
11.7968 674600
11.7973 674603
11.7978 674606
11.7983 674609
11.7988 674612
11.7992 674615
11.7997 674618
11.8002 674621
11.8007 674624
11.8012 674627
11.8016 674630
11.8021 674633
11.8026 674636
11.8031 674639
11.8036 674642
11.804 674645
11.8045 674648
11.805 674651
11.8055 674654
11.806 674657
11.8065 674660
11.8069 674663
11.8074 674666
11.8079 674669
11.8084 674672
11.8089 674675
11.8093 674678
11.8098 674681
11.8103 674684
11.8108 674687
11.8113 674690
11.8117 674693
11.8122 674696
11.8127 674699
11.8132 674702
11.8137 674705
11.8141 674708
11.8146 674711
11.8151 674714
11.8156 674717
11.8161 674720
11.8165 674723
11.817 674726
11.8175 674729
11.818 674732
11.8185 674735
11.8189 674738
11.8194 674741
11.8199 674744
11.8204 674747
11.8209 674750
11.8214 674753
11.8218 674756
11.8223 674759
11.8228 674762
11.8233 674765
11.8238 674768
11.8242 674771
11.8247 674774
11.8252 674777
11.8257 674780
11.8262 674783
11.8266 674786
11.8271 674789
11.8276 674792
11.8281 674795
11.8286 674798
11.829 674801
11.8295 674804
11.83 674807
11.8305 674810
11.831 674813
11.8314 674816
11.8319 674819
11.8324 674822
11.8329 674825
11.8334 674828
11.8338 674831
11.8343 674834
11.8348 674837
11.8353 674840
11.8358 674843
11.8363 674846
11.8367 674849
11.8372 674852
11.8377 674855
11.8382 674858
11.8387 674861
11.8391 674864
11.8396 674867
11.8401 674870
11.8406 674873
11.8411 674876
11.8415 674879
11.842 674882
11.8425 674885
11.843 674888
11.8435 674891
11.8439 674894
11.8444 674897
11.8449 674900
11.8454 674903
11.8459 674906
11.8463 674909
11.8468 674912
11.8473 674915
11.8478 674918
11.8483 674921
11.8487 674924
11.8492 674927
11.8497 674930
11.8502 674933
11.8507 674936
11.8512 674939
11.8516 674942
11.8521 674945
11.8526 674948
11.8531 674951
11.8536 674954
11.854 674957
11.8545 674960
11.855 674963
11.8555 674966
11.856 674969
11.8564 674972
11.8569 674975
11.8574 674978
11.8579 674981
11.8584 674984
11.8588 674987
11.8593 674990
11.8598 674993
11.8603 674996
11.8608 674999
11.8612 675002
11.8617 675005
11.8622 675008
11.8627 675011
11.8632 675014
11.8636 675017
11.8641 675020
11.8646 675023
11.8651 675026
11.8656 675029
11.8661 675032
11.8665 675035
11.867 675038
11.8675 675041
11.868 675044
11.8685 675047
11.8689 675050
11.8694 675053
11.8699 675056
11.8704 675059
11.8709 675062
11.8713 675065
11.8718 675068
11.8723 675071
11.8728 675074
11.8733 675077
11.8737 675080
11.8742 675083
11.8747 675086
11.8752 675089
11.8757 675092
11.8761 675095
11.8766 675098
11.8771 675101
11.8776 675104
11.8781 675107
11.8785 675110
11.879 675113
11.8795 675116
11.88 675119
11.8805 675122
11.881 675125
11.8814 675128
11.8819 675131
11.8824 675134
11.8829 675137
11.8834 675140
11.8838 675143
11.8843 675146
11.8848 675149
11.8853 675152
11.8858 675155
11.8862 675158
11.8867 675161
11.8872 675164
11.8877 675167
11.8884 675170
11.8889 675173
11.8894 675176
11.8898 675179
11.8903 675182
11.891 675185
11.8918 675188
11.8922 675191
11.8927 675194
11.8932 675197
11.8939 675200
11.8947 675203
11.8951 675206
11.8956 675209
11.8966 675212
11.8971 675215
11.8975 675218
11.898 675221
11.8987 675224
11.8997 675227
11.9004 675230
11.9009 675233
11.9014 675236
11.9019 675239
11.9028 675242
11.9033 675245
11.9038 675248
11.9043 675251
11.9052 675254
11.9057 675257
11.9062 675260
11.9067 675263
11.9076 675266
11.9081 675269
11.9086 675272
11.9091 675275
11.9096 675278
11.91 675281
11.9108 675284
11.9115 675287
11.912 675290
11.9124 675293
11.9129 675296
11.9134 675299
11.9139 675302
11.9144 675305
11.9148 675308
11.9153 675311
11.9158 675314
11.9163 675317
11.9168 675320
11.9172 675323
11.9177 675326
11.9182 675329
11.9187 675332
11.9192 675335
11.9196 675338
11.9201 675341
11.9206 675344
11.9211 675347
11.9216 675350
11.922 675353
11.9225 675356
11.923 675359
11.9235 675362
11.924 675365
11.9244 675368
11.9249 675371
11.9254 675374
11.9259 675377
11.9264 675380
11.9269 675383
11.9273 675386
11.9278 675389
11.9283 675392
11.9288 675395
11.9293 675398
11.9297 675401
11.9302 675404
11.9307 675407
11.9312 675410
11.9317 675413
11.9321 675416
11.9326 675419
11.9331 675422
11.9336 675425
11.9341 675428
11.9345 675431
11.935 675434
11.9355 675437
11.936 675440
11.9365 675443
11.9369 675446
11.9374 675449
11.9379 675452
11.9384 675455
11.9389 675458
11.9393 675461
11.9398 675464
11.9403 675467
11.9408 675470
11.9413 675473
11.9418 675476
11.9422 675479
11.9427 675482
11.9432 675485
11.9437 675488
11.9442 675491
11.9446 675494
11.9451 675497
11.9456 675500
11.9461 675503
11.9466 675506
11.947 675509
11.9475 675512
11.948 675515
11.9485 675518
11.949 675521
11.9494 675524
11.9499 675527
11.9504 675530
11.9509 675533
11.9514 675536
11.9518 675539
11.9523 675542
11.9528 675545
11.9533 675548
11.9538 675551
11.9542 675554
11.9547 675557
11.9552 675560
11.9557 675563
11.9562 675566
11.9567 675569
11.9571 675572
11.9576 675575
11.9581 675578
11.9586 675581
11.9591 675584
11.9595 675587
11.96 675590
11.9605 675593
11.961 675596
11.9615 675599
11.9619 675602
11.9624 675605
11.9629 675608
11.9634 675611
11.9639 675614
11.9643 675617
11.9648 675620
11.9653 675623
11.9658 675626
11.9663 675629
11.9667 675632
11.9672 675635
11.9677 675638
11.9682 675641
11.9687 675644
11.9691 675647
11.9696 675650
11.9701 675653
11.9706 675656
11.9711 675659
11.9716 675662
11.972 675665
11.9725 675668
11.973 675671
11.9735 675674
11.974 675677
11.9744 675680
11.9749 675683
11.9754 675686
11.9759 675689
11.9764 675692
11.9768 675695
11.9773 675698
11.9778 675701
11.9783 675704
11.9788 675707
11.9792 675710
11.9797 675713
11.9802 675716
11.9807 675719
11.9812 675722
11.9816 675725
11.9821 675728
11.9826 675731
11.9831 675734
11.9836 675737
11.984 675740
11.9845 675743
11.985 675746
11.9855 675749
11.986 675752
11.9865 675755
11.9869 675758
11.9874 675761
11.9879 675764
11.9884 675767
11.9889 675770
11.9893 675773
11.9898 675776
11.9903 675779
11.9908 675782
11.9913 675785
11.9917 675788
11.9922 675791
11.9927 675794
11.9932 675797
11.9937 675800
11.9941 675803
11.9946 675806
11.9951 675809
11.9956 675812
11.9961 675815
11.9965 675818
11.997 675821
11.9975 675824
11.998 675827
11.9985 675830
11.9989 675833
11.9994 675836
11.9999 675839
12.0004 675842
12.0009 675845
12.0014 675848
12.0018 675851
12.0023 675854
12.0028 675857
12.0033 675860
12.0038 675863
12.0045 675866
12.0052 675869
12.0057 675872
12.0062 675875
12.0066 675878
12.0071 675881
12.0078 675884
12.0086 675887
12.009 675890
12.0095 675893
12.01 675896
12.0107 675899
12.0114 675902
12.0119 675905
12.0124 675908
12.0134 675911
12.0138 675914
12.0143 675917
12.0148 675920
12.0155 675923
12.0165 675926
12.0172 675929
12.0177 675932
12.0182 675935
12.0187 675938
12.0196 675941
12.0201 675944
12.0206 675947
12.0211 675950
12.022 675953
12.0225 675956
12.023 675959
12.0235 675962
12.0244 675965
12.0249 675968
12.0254 675971
12.0259 675974
12.0263 675977
12.0268 675980
12.0275 675983
12.0283 675986
12.0287 675989
12.0292 675992
12.0297 675995
12.0302 675998
12.0307 676001
12.0312 676004
12.0316 676007
12.0321 676010
12.0326 676013
12.0331 676016
12.0336 676019
12.034 676022
12.0345 676025
12.035 676028
12.0355 676031
12.036 676034
12.0364 676037
12.0369 676040
12.0374 676043
12.0379 676046
12.0384 676049
12.0388 676052
12.0393 676055
12.0398 676058
12.0403 676061
12.0408 676064
12.0412 676067
12.0417 676070
12.0422 676073
12.0427 676076
12.0432 676079
12.0436 676082
12.0441 676085
12.0446 676088
12.0451 676091
12.0456 676094
12.0461 676097
12.0465 676100
12.047 676103
12.0475 676106
12.048 676109
12.0485 676112
12.0489 676115
12.0494 676118
12.0499 676121
12.0504 676124
12.0509 676127
12.0513 676130
12.0518 676133
12.0523 676136
12.0528 676139
12.0533 676142
12.0537 676145
12.0542 676148
12.0547 676151
12.0552 676154
12.0557 676157
12.0561 676160
12.0566 676163
12.0571 676166
12.0576 676169
12.0581 676172
12.0585 676175
12.059 676178
12.0595 676181
12.06 676184
12.0605 676187
12.061 676190
12.0614 676193
12.0619 676196
12.0624 676199
12.0629 676202
12.0634 676205
12.0638 676208
12.0643 676211
12.0648 676214
12.0653 676217
12.0658 676220
12.0662 676223
12.0667 676226
12.0672 676229
12.0677 676232
12.0682 676235
12.0686 676238
12.0691 676241
12.0696 676244
12.0701 676247
12.0706 676250
12.071 676253
12.0715 676256
12.072 676259
12.0725 676262
12.073 676265
12.0734 676268
12.0739 676271
12.0744 676274
12.0749 676277
12.0754 676280
12.0759 676283
12.0763 676286
12.0768 676289
12.0773 676292
12.0778 676295
12.0783 676298
12.0787 676301
12.0792 676304
12.0797 676307
12.0802 676310
12.0807 676313
12.0811 676316
12.0816 676319
12.0821 676322
12.0826 676325
12.0831 676328
12.0835 676331
12.084 676334
12.0845 676337
12.085 676340
12.0855 676343
12.0859 676346
12.0864 676349
12.0869 676352
12.0874 676355
12.0879 676358
12.0883 676361
12.0888 676364
12.0893 676367
12.0898 676370
12.0903 676373
12.0908 676376
12.0912 676379
12.0917 676382
12.0922 676385
12.0927 676388
12.0932 676391
12.0936 676394
12.0941 676397
12.0946 676400
12.0951 676403
12.0956 676406
12.096 676409
12.0965 676412
12.097 676415
12.0975 676418
12.098 676421
12.0984 676424
12.0989 676427
12.0994 676430
12.0999 676433
12.1004 676436
12.1008 676439
12.1013 676442
12.1018 676445
12.1023 676448
12.1028 676451
12.1032 676454
12.1037 676457
12.1042 676460
12.1047 676463
12.1052 676466
12.1057 676469
12.1061 676472
12.1066 676475
12.1071 676478
12.1076 676481
12.1081 676484
12.1085 676487
12.109 676490
12.1095 676493
12.11 676496
12.1105 676499
12.1109 676502
12.1114 676505
12.1119 676508
12.1124 676511
12.1129 676514
12.1133 676517
12.1138 676520
12.1143 676523
12.1148 676526
12.1153 676529
12.1157 676532
12.1162 676535
12.1167 676538
12.1172 676541
12.1177 676544
12.1181 676547
12.1186 676550
12.1191 676553
12.1196 676556
12.1201 676559
12.1206 676562
12.1213 676565
12.1222 676568
12.1227 676571
12.1232 676574
12.1237 676577
12.1242 676580
12.1249 676583
12.1256 676586
12.1261 676589
12.1266 676592
12.127 676595
12.1278 676598
12.1285 676601
12.129 676604
12.1294 676607
12.1304 676610
12.1309 676613
12.1314 676616
12.1318 676619
12.1326 676622
12.1335 676625
12.1342 676628
12.1347 676631
12.1352 676634
12.1357 676637
12.1367 676640
12.1371 676643
12.1376 676646
12.1381 676649
12.1391 676652
12.1395 676655
12.14 676658
12.1405 676661
12.1415 676664
12.1419 676667
12.1424 676670
12.1429 676673
12.1434 676676
12.1439 676679
12.1446 676682
12.1453 676685
12.1458 676688
12.1463 676691
12.1467 676694
12.1472 676697
12.1477 676700
12.1482 676703
12.1487 676706
12.1491 676709
12.1496 676712
12.1501 676715
12.1506 676718
12.1511 676721
12.1516 676724
12.152 676727
12.1525 676730
12.153 676733
12.1535 676736
12.154 676739
12.1544 676742
12.1549 676745
12.1554 676748
12.1559 676751
12.1564 676754
12.1568 676757
12.1573 676760
12.1578 676763
12.1583 676766
12.1588 676769
12.1592 676772
12.1597 676775
12.1602 676778
12.1607 676781
12.1612 676784
12.1616 676787
12.1621 676790
12.1626 676793
12.1631 676796
12.1636 676799
12.164 676802
12.1645 676805
12.165 676808
12.1655 676811
12.166 676814
12.1665 676817
12.1669 676820
12.1674 676823
12.1679 676826
12.1684 676829
12.1689 676832
12.1693 676835
12.1698 676838
12.1703 676841
12.1708 676844
12.1713 676847
12.1717 676850
12.1722 676853
12.1727 676856
12.1732 676859
12.1737 676862
12.1741 676865
12.1746 676868
12.1751 676871
12.1756 676874
12.1761 676877
12.1765 676880
12.177 676883
12.1775 676886
12.178 676889
12.1785 676892
12.1789 676895
12.1794 676898
12.1799 676901
12.1804 676904
12.1809 676907
12.1814 676910
12.1818 676913
12.1823 676916
12.1828 676919
12.1833 676922
12.1838 676925
12.1842 676928
12.1847 676931
12.1852 676934
12.1857 676937
12.1862 676940
12.1866 676943
12.1871 676946
12.1876 676949
12.1881 676952
12.1886 676955
12.189 676958
12.1895 676961
12.19 676964
12.1905 676967
12.191 676970
12.1914 676973
12.1919 676976
12.1924 676979
12.1929 676982
12.1934 676985
12.1938 676988
12.1943 676991
12.1948 676994
12.1953 676997
12.1958 677000
12.1963 677003
12.1967 677006
12.1972 677009
12.1977 677012
12.1982 677015
12.1987 677018
12.1991 677021
12.1996 677024
12.2001 677027
12.2006 677030
12.2011 677033
12.2015 677036
12.202 677039
12.2025 677042
12.203 677045
12.2035 677048
12.2039 677051
12.2044 677054
12.2049 677057
12.2054 677060
12.2059 677063
12.2063 677066
12.2068 677069
12.2073 677072
12.2078 677075
12.2083 677078
12.2087 677081
12.2092 677084
12.2097 677087
12.2102 677090
12.2107 677093
12.2112 677096
12.2116 677099
12.2121 677102
12.2126 677105
12.2131 677108
12.2136 677111
12.214 677114
12.2145 677117
12.215 677120
12.2155 677123
12.216 677126
12.2164 677129
12.2169 677132
12.2174 677135
12.2179 677138
12.2184 677141
12.2188 677144
12.2193 677147
12.2198 677150
12.2203 677153
12.2208 677156
12.2212 677159
12.2217 677162
12.2222 677165
12.2227 677168
12.2232 677171
12.2236 677174
12.2241 677177
12.2246 677180
12.2251 677183
12.2256 677186
12.2261 677189
12.2265 677192
12.227 677195
12.2275 677198
12.228 677201
12.2285 677204
12.2289 677207
12.2294 677210
12.2299 677213
12.2304 677216
12.2309 677219
12.2313 677222
12.2318 677225
12.2323 677228
12.2328 677231
12.2333 677234
12.2337 677237
12.2342 677240
12.2347 677243
12.2352 677246
12.2357 677249
12.2361 677252
12.2366 677255
12.2371 677258
12.2376 677261
12.2381 677264
12.239 677267
12.2395 677270
12.24 677273
12.2405 677276
12.241 677279
12.2417 677282
12.2424 677285
12.2429 677288
12.2434 677291
12.2438 677294
12.2446 677297
12.2453 677300
12.2458 677303
12.2462 677306
12.2472 677309
12.2477 677312
12.2482 677315
12.2486 677318
12.2494 677321
12.2503 677324
12.251 677327
12.2515 677330
12.252 677333
12.2525 677336
12.2534 677339
12.2539 677342
12.2544 677345
12.2549 677348
12.2559 677351
12.2563 677354
12.2568 677357
12.2573 677360
12.2583 677363
12.2587 677366
12.2592 677369
12.2597 677372
12.2602 677375
12.2607 677378
12.2614 677381
12.2621 677384
12.2626 677387
12.2631 677390
12.2635 677393
12.264 677396
12.2645 677399
12.265 677402
12.2655 677405
12.2659 677408
12.2664 677411
12.2669 677414
12.2674 677417
12.2679 677420
12.2683 677423
12.2688 677426
12.2693 677429
12.2698 677432
12.2703 677435
12.2708 677438
12.2712 677441
12.2717 677444
12.2722 677447
12.2727 677450
12.2732 677453
12.2736 677456
12.2741 677459
12.2746 677462
12.2751 677465
12.2756 677468
12.276 677471
12.2765 677474
12.277 677477
12.2775 677480
12.278 677483
12.2784 677486
12.2789 677489
12.2794 677492
12.2799 677495
12.2804 677498
12.2808 677501
12.2813 677504
12.2818 677507
12.2823 677510
12.2828 677513
12.2832 677516
12.2837 677519
12.2842 677522
12.2847 677525
12.2852 677528
12.2857 677531
12.2861 677534
12.2866 677537
12.2871 677540
12.2876 677543
12.2881 677546
12.2885 677549
12.289 677552
12.2895 677555
12.29 677558
12.2905 677561
12.2909 677564
12.2914 677567
12.2919 677570
12.2924 677573
12.2929 677576
12.2933 677579
12.2938 677582
12.2943 677585
12.2948 677588
12.2953 677591
12.2957 677594
12.2962 677597
12.2967 677600
12.2972 677603
12.2977 677606
12.2981 677609
12.2986 677612
12.2991 677615
12.2996 677618
12.3001 677621
12.3006 677624
12.301 677627
12.3015 677630
12.302 677633
12.3025 677636
12.303 677639
12.3034 677642
12.3039 677645
12.3044 677648
12.3049 677651
12.3054 677654
12.3058 677657
12.3063 677660
12.3068 677663
12.3073 677666
12.3078 677669
12.3082 677672
12.3087 677675
12.3092 677678
12.3097 677681
12.3102 677684
12.3106 677687
12.3111 677690
12.3116 677693
12.3121 677696
12.3126 677699
12.3126 338432
12.313 338438
12.313 338432
12.3135 338438
12.3135 338432
12.314 338438
12.314 338432
12.3145 338438
12.3145 338432
12.315 338438
12.315 338432
12.3155 338438
12.3155 338432
12.3159 338438
12.3159 338432
12.3164 338438
12.3164 338432
12.3169 338438
12.3169 338432
12.3174 338438
12.3174 338432
12.3179 338438
12.3179 338432
12.3183 338438
12.3183 338432
12.3188 338438
12.3188 338432
12.3193 338438
12.3193 338432
12.3198 338438
12.3198 338432
12.3203 338438
12.3203 338432
12.3207 338438
12.3207 338432
12.3212 338438
12.3212 338432
12.3217 338438
12.3217 338432
12.3222 338438
12.3222 338432
12.3227 338438
12.3227 338432
12.3231 338438
12.3231 338432
12.3236 338438
12.3236 338432
12.3241 338438
12.3241 338432
12.3246 338438
12.3246 338432
12.3251 338438
12.3251 338432
12.3255 338438
12.3255 338432
12.326 338438
12.326 338432
12.3265 338438
12.3265 338432
12.327 338438
12.327 338432
12.3275 338438
12.3275 338432
12.3279 338438
12.3279 338432
12.3284 338438
12.3284 338432
12.3289 338438
12.3289 338432
12.3294 338438
12.3294 338432
12.3299 338438
12.3299 338432
12.3304 338438
12.3304 338432
12.3308 338438
12.3308 338432
12.3313 338438
12.3313 338432
12.3318 338438
12.3318 338432
12.3323 338438
12.3323 338432
12.3328 338438
12.3328 338432
12.3332 338438
12.3332 338432
12.3337 338438
12.3337 338432
12.3342 338438
12.3342 338432
12.3347 338438
12.3347 338432
12.3352 338438
12.3352 338432
12.3356 338438
12.3356 338432
12.3361 338438
12.3361 338432
12.3366 338438
12.3366 338432
12.3371 338438
12.3371 338432
12.3376 338438
12.3376 338432
12.338 338438
12.338 338432
12.3385 338438
12.3385 338432
12.339 338438
12.339 338432
12.3395 338438
12.3395 338432
12.34 338438
12.34 338432
12.3404 338438
12.3404 338432
12.3409 338438
12.3409 338432
12.3414 338438
12.3414 338432
12.3419 338438
12.3419 338432
12.3424 338438
12.3424 338432
12.3428 338438
12.3428 338432
12.3433 338438
12.3433 338432
12.3438 338438
12.3438 338432
12.3443 338438
12.3443 338432
12.3448 338438
12.3448 338432
12.3453 338438
12.3453 338432
12.3457 338438
12.3457 338432
12.3462 338438
12.3462 338432
12.3467 338438
12.3467 338432
12.3472 338438
12.3472 338432
12.3477 338438
12.3477 338432
12.3481 338438
12.3481 338432
12.3486 338438
12.3486 338432
12.3491 338438
12.3491 338432
12.3496 338438
12.3496 338432
12.3501 338438
12.3501 338432
12.3505 338438
12.3505 338432
12.351 338438
12.351 338432
12.3515 338438
12.3515 338432
12.352 338438
12.352 338432
12.3525 338438
12.3525 338432
12.3529 338438
12.3529 338432
12.3534 338438
12.3534 338432
12.3539 338438
12.3539 338432
12.3544 338438
12.3544 338432
12.3549 338438
12.3549 338432
12.3558 338438
12.3558 338432
12.3563 338438
12.3563 338432
12.3568 338438
12.3568 338432
12.3573 338438
12.3573 338432
12.3577 338438
12.3577 338432
12.3585 338438
12.3585 338432
12.3594 338438
12.3594 338432
12.3599 338438
12.3599 338432
12.3604 338438
12.3604 338432
12.3609 338438
12.3609 338432
12.3616 338438
12.3616 338432
12.3623 338438
12.3623 338432
12.3628 338438
12.3628 338432
12.3633 338438
12.3633 338432
12.3642 338438
12.3642 338432
12.3647 338438
12.3647 338432
12.3652 338438
12.3652 338432
12.3657 338438
12.3657 338432
12.3664 338438
12.3664 338432
12.3674 338438
12.3674 338432
12.3681 338438
12.3681 338432
12.3686 338438
12.3686 338432
12.369 338438
12.369 338432
12.3695 338438
12.3695 338432
12.3705 338438
12.3705 338432
12.371 338438
12.371 338432
12.3714 338438
12.3714 338432
12.3719 338438
12.3719 338432
12.3729 338438
12.3729 338432
12.3734 338438
12.3734 338432
12.3738 338438
12.3738 338432
12.3743 338438
12.3743 338432
12.3753 338438
12.3753 338432
12.3758 338438
12.3758 338432
12.3763 338438
12.3763 338432
12.3767 338438
12.3767 338432
12.3772 338438
12.3772 338432
12.3777 338438
12.3777 338432
12.3784 338438
12.3784 338432
12.3791 338438
12.3791 338432
12.3796 338438
12.3796 338432
12.3801 338438
12.3801 338432
12.3806 338438
12.3806 338432
12.3811 338438
12.3811 338432
12.3815 338438
12.3815 338432
12.382 338438
12.382 338432
12.3825 338438
12.3825 338432
12.383 338438
12.383 338432
12.3835 338438
12.3835 338432
12.3839 338438
12.3839 338432
12.3844 338438
12.3844 338432
12.3849 338438
12.3849 338432
12.3854 338438
12.3854 338432
12.3859 338438
12.3859 338432
12.3863 338438
12.3863 338432
12.3868 338438
12.3868 338432
12.3873 338438
12.3873 338432
12.3878 338438
12.3878 338432
12.3883 338438
12.3883 338432
12.3887 338438
12.3887 338432
12.3892 338438
12.3892 338432
12.3897 338438
12.3897 338432
12.3902 338438
12.3902 338432
12.3907 338438
12.3907 338432
12.3912 338438
12.3912 338432
12.3916 338438
12.3916 338432
12.3921 338438
12.3921 338432
12.3926 338438
12.3926 338432
12.3931 338438
12.3931 338432
12.3936 338438
12.3936 338432
12.394 338438
12.394 338432
12.3945 338438
12.3945 338432
12.395 338438
12.395 338432
12.3955 338438
12.3955 338432
12.396 338438
12.396 338432
12.3964 338438
12.3964 338432
12.3969 338438
12.3969 338432
12.3974 338438
12.3974 338432
12.3979 338438
12.3979 338432
12.3984 338438
12.3984 338432
12.3988 338438
12.3988 338432
12.3993 338438
12.3993 338432
12.3998 338438
12.3998 338432
12.4003 338438
12.4003 338432
12.4008 338438
12.4008 338432
12.4012 338438
12.4012 338432
12.4017 338438
12.4017 338432
12.4022 338438
12.4022 338432
12.4027 338438
12.4027 338432
12.4032 338438
12.4032 338432
12.4036 338438
12.4036 338432
12.4041 338438
12.4041 338432
12.4046 338438
12.4046 338432
12.4051 338438
12.4051 338432
12.4056 338438
12.4056 338432
12.4061 338438
12.4061 338432
12.4065 338438
12.4065 338432
12.407 338438
12.407 338432
12.4075 338438
12.4075 338432
12.408 338438
12.408 338432
12.4085 338438
12.4085 338432
12.4089 338438
12.4089 338432
12.4094 338438
12.4094 338432
12.4099 338438
12.4099 338432
12.4104 338438
12.4104 338432
12.4109 338438
12.4109 338432
12.4113 338438
12.4113 338432
12.4118 338438
12.4118 338432
12.4123 338438
12.4123 338432
12.4128 338438
12.4128 338432
12.4133 338438
12.4133 338432
12.4137 338438
12.4137 338432
12.4142 338438
12.4142 338432
12.4147 338438
12.4147 338432
12.4152 338438
12.4152 338432
12.4157 338438
12.4157 338432
12.4161 338438
12.4161 338432
12.4166 338438
12.4166 338432
12.4171 338438
12.4171 338432
12.4176 338438
12.4176 338432
12.4181 338438
12.4181 338432
12.4185 338438
12.4185 338432
12.419 338438
12.419 338432
12.4195 338438
12.4195 338432
12.42 338438
12.42 338432
12.4205 338438
12.4205 338432
12.421 338438
12.421 338432
12.4214 338438
12.4214 338432
12.4219 338438
12.4219 338432
12.4224 338438
12.4224 338432
12.4229 338438
12.4229 338432
12.4234 338438
12.4234 338432
12.4238 338438
12.4238 338432
12.4243 338438
12.4243 338432
12.4248 338438
12.4248 338432
12.4253 338438
12.4253 338432
12.4258 338438
12.4258 338432
12.4262 338438
12.4262 338432
12.4267 338438
12.4267 338432
12.4272 338438
12.4272 338432
12.4277 338438
12.4277 338432
12.4282 338438
12.4282 338432
12.4286 338438
12.4286 338432
12.4291 338438
12.4291 338432
12.4296 338438
12.4296 338432
12.4344 338438
12.4349 338444
12.4354 338450
12.4361 338456
12.4368 338462
12.4373 338468
12.4378 338474
12.4383 338480
12.4387 338486
12.4392 338492
12.4402 338498
12.4407 338504
12.4411 338510
12.4416 338516
12.4421 338522
12.4426 338528
12.4431 338534
12.4435 338540
12.444 338546
12.4445 338552
12.445 338558
12.4455 338564
12.4459 338570
12.4464 338576
12.4469 338582
12.4474 338588
12.4479 338594
12.4483 338600
12.4488 338606
12.4493 338612
12.4498 338618
12.4503 338624
12.4508 338630
12.4512 338636
12.4517 338642
12.4522 338648
12.4527 338654
12.4532 338660
12.4536 338666
12.4541 338672
12.4546 338678
12.4551 338684
12.4556 338690
12.456 338696
12.4565 338702
12.457 338708
12.4575 338714
12.458 338720
12.4584 338726
12.4589 338732
12.4594 338738
12.4599 338744
12.4604 338750
12.4608 338756
12.4613 338762
12.4618 338768
12.4623 338774
12.4628 338780
12.4632 338786
12.4637 338792
12.4642 338798
12.4647 338804
12.4652 338810
12.4657 338816
12.4661 338822
12.4666 338828
12.4671 338834
12.4676 338840
12.4681 338846
12.4685 338852
12.469 338858
12.4695 338864
12.47 338870
12.4705 338876
12.4709 338882
12.4714 338888
12.4719 338894
12.4724 338900
12.4729 338906
12.4733 338912
12.4738 338918
12.4743 338924
12.4748 338930
12.4753 338936
12.4757 338942
12.4762 338948
12.4767 338954
12.4772 338960
12.4777 338966
12.4781 338972
12.4786 338978
12.4791 338984
12.4796 338990
12.4801 338996
12.4806 339002
12.481 339008
12.4815 339014
12.482 339020
12.4825 339026
12.483 339032
12.4834 339038
12.4839 339044
12.4844 339050
12.4849 339056
12.4854 339062
12.4858 339068
12.4863 339074
12.4868 339080
12.4873 339086
12.4878 339092
12.4882 339098
12.4887 339104
12.4892 339110
12.4897 339116
12.4902 339122
12.4906 339128
12.4955 339134
12.4962 339140
12.4967 339146
12.4971 339152
12.4981 339158
12.4986 339164
12.4991 339170
12.4995 339176
12.5 339182
12.5005 339188
12.5012 339194
12.5019 339200
12.5024 339206
12.5029 339212
12.5034 339218
12.5039 339224
12.5043 339230
12.5048 339236
12.5053 339242
12.5058 339248
12.5063 339254
12.5067 339260
12.5072 339266
12.5077 339272
12.5082 339278
12.5087 339284
12.5091 339290
12.5096 339296
12.5101 339302
12.5106 339308
12.5111 339314
12.5116 339320
12.512 339326
12.5125 339332
12.513 339338
12.5135 339344
12.514 339350
12.5144 339356
12.5149 339362
12.5154 339368
12.5159 339374
12.5164 339380
12.5168 339386
12.5173 339392
12.5178 339398
12.5183 339404
12.5188 339410
12.5192 339416
12.5197 339422
12.5202 339428
12.5207 339434
12.5212 339440
12.5216 339446
12.5221 339452
12.5226 339458
12.5231 339464
12.5236 339470
12.524 339476
12.5245 339482
12.525 339488
12.5255 339494
12.526 339500
12.5265 339506
12.5269 339512
12.5274 339518
12.5279 339524
12.5284 339530
12.5289 339536
12.5293 339542
12.5298 339548
12.5303 339554
12.5308 339560
12.5313 339566
12.5317 339572
12.5322 339578
12.5327 339584
12.5332 339590
12.5337 339596
12.5341 339602
12.5346 339608
12.5351 339614
12.5356 339620
12.5361 339626
12.5365 339632
12.537 339638
12.5375 339644
12.538 339650
12.5385 339656
12.5389 339662
12.5394 339668
12.5399 339674
12.5404 339680
12.5409 339686
12.5414 339692
12.5418 339698
12.5423 339704
12.5428 339710
12.5433 339716
12.5438 339722
12.5442 339728
12.5447 339734
12.5452 339740
12.5457 339746
12.5462 339752
12.5466 339758
12.5471 339764
12.5476 339770
12.5481 339776
12.5486 339782
12.549 339788
12.5495 339794
12.55 339800
12.5505 339806
12.551 339812
12.5514 339818
12.5519 339824
12.5524 339830
12.5572 339836
12.5577 339842
12.5582 339848
12.5589 339854
12.5596 339860
12.5601 339866
12.5606 339872
12.5611 339878
12.5615 339884
12.562 339890
12.563 339896
12.5635 339902
12.5639 339908
12.5644 339914
12.5649 339920
12.5654 339926
12.5659 339932
12.5663 339938
12.5668 339944
12.5673 339950
12.5678 339956
12.5683 339962
12.5687 339968
12.5692 339974
12.5697 339980
12.5702 339986
12.5707 339992
12.5712 339998
12.5716 340004
12.5721 340010
12.5726 340016
12.5731 340022
12.5736 340028
12.574 340034
12.5745 340040
12.575 340046
12.5755 340052
12.576 340058
12.5764 340064
12.5769 340070
12.5774 340076
12.5779 340082
12.5784 340088
12.5788 340094
12.5793 340100
12.5798 340106
12.5803 340112
12.5808 340118
12.5812 340124
12.5817 340130
12.5822 340136
12.5827 340142
12.5832 340148
12.5836 340154
12.5841 340160
12.5846 340166
12.5851 340172
12.5856 340178
12.5861 340184
12.5865 340190
12.587 340196
12.5875 340202
12.588 340208
12.5885 340214
12.5889 340220
12.5894 340226
12.5899 340232
12.5904 340238
12.5909 340244
12.5913 340250
12.5918 340256
12.5923 340262
12.5928 340268
12.5933 340274
12.5937 340280
12.5942 340286
12.5947 340292
12.5952 340298
12.5957 340304
12.5961 340310
12.5966 340316
12.5971 340322
12.5976 340328
12.5981 340334
12.5985 340340
12.599 340346
12.5995 340352
12.6 340358
12.6005 340364
12.601 340370
12.6014 340376
12.6019 340382
12.6024 340388
12.6029 340394
12.6034 340400
12.6038 340406
12.6043 340412
12.6048 340418
12.6053 340424
12.6058 340430
12.6062 340436
12.6067 340442
12.6072 340448
12.6077 340454
12.6082 340460
12.6086 340466
12.6091 340472
12.6096 340478
12.6101 340484
12.6106 340490
12.611 340496
12.6115 340502
12.612 340508
12.6125 340514
12.613 340520
12.6134 340526
12.6142 340532
12.619 340538
12.6195 340544
12.6199 340550
12.6209 340556
12.6214 340562
12.6219 340568
12.6223 340574
12.6228 340580
12.6233 340586
12.624 340592
12.6247 340598
12.6252 340604
12.6257 340610
12.6262 340616
12.6267 340622
12.6271 340628
12.6276 340634
12.6281 340640
12.6286 340646
12.6291 340652
12.6295 340658
12.63 340664
12.6305 340670
12.631 340676
12.6315 340682
12.632 340688
12.6324 340694
12.6329 340700
12.6334 340706
12.6339 340712
12.6344 340718
12.6348 340724
12.6353 340730
12.6358 340736
12.6363 340742
12.6368 340748
12.6372 340754
12.6377 340760
12.6382 340766
12.6387 340772
12.6392 340778
12.6396 340784
12.6401 340790
12.6406 340796
12.6411 340802
12.6416 340808
12.642 340814
12.6425 340820
12.643 340826
12.6435 340832
12.644 340838
12.6444 340844
12.6449 340850
12.6454 340856
12.6459 340862
12.6464 340868
12.6469 340874
12.6473 340880
12.6478 340886
12.6483 340892
12.6488 340898
12.6493 340904
12.6497 340910
12.6502 340916
12.6507 340922
12.6512 340928
12.6517 340934
12.6521 340940
12.6526 340946
12.6531 340952
12.6536 340958
12.6541 340964
12.6545 340970
12.655 340976
12.6555 340982
12.656 340988
12.6565 340994
12.6569 341000
12.6574 341006
12.6579 341012
12.6584 341018
12.6589 341024
12.6593 341030
12.6598 341036
12.6603 341042
12.6608 341048
12.6613 341054
12.6618 341060
12.6622 341066
12.6627 341072
12.6632 341078
12.6637 341084
12.6642 341090
12.6646 341096
12.6651 341102
12.6656 341108
12.6661 341114
12.6666 341120
12.667 341126
12.6675 341132
12.668 341138
12.6685 341144
12.669 341150
12.6694 341156
12.6699 341162
12.6704 341168
12.6709 341174
12.6714 341180
12.6718 341186
12.6723 341192
12.6728 341198
12.6733 341204
12.6738 341210
12.6742 341216
12.6747 341222
12.6752 341228
12.6762 341234
12.681 341240
12.6815 341246
12.6819 341252
12.6827 341258
12.6834 341264
12.6839 341270
12.6843 341276
12.6848 341282
12.6853 341288
12.6858 341294
12.6867 341300
12.6872 341306
12.6877 341312
12.6882 341318
12.6887 341324
12.6891 341330
12.6896 341336
12.6901 341342
12.6906 341348
12.6911 341354
12.6916 341360
12.692 341366
12.6925 341372
12.693 341378
12.6935 341384
12.694 341390
12.6944 341396
12.6949 341402
12.6954 341408
12.6959 341414
12.6964 341420
12.6968 341426
12.6973 341432
12.6978 341438
12.6983 341444
12.6988 341450
12.6992 341456
12.6997 341462
12.7002 341468
12.7007 341474
12.7012 341480
12.7016 341486
12.7021 341492
12.7026 341498
12.7031 341504
12.7036 341510
12.704 341516
12.7045 341522
12.705 341528
12.7055 341534
12.706 341540
12.7065 341546
12.7069 341552
12.7074 341558
12.7079 341564
12.7084 341570
12.7089 341576
12.7093 341582
12.7098 341588
12.7103 341594
12.7108 341600
12.7113 341606
12.7117 341612
12.7122 341618
12.7127 341624
12.7132 341630
12.7137 341636
12.7141 341642
12.7146 341648
12.7151 341654
12.7156 341660
12.7161 341666
12.7165 341672
12.717 341678
12.7175 341684
12.718 341690
12.7185 341696
12.7189 341702
12.7194 341708
12.7199 341714
12.7204 341720
12.7209 341726
12.7214 341732
12.7218 341738
12.7223 341744
12.7228 341750
12.7233 341756
12.7238 341762
12.7242 341768
12.7247 341774
12.7252 341780
12.7257 341786
12.7262 341792
12.7266 341798
12.7271 341804
12.7276 341810
12.7281 341816
12.7286 341822
12.729 341828
12.7295 341834
12.73 341840
12.7305 341846
12.731 341852
12.7314 341858
12.7319 341864
12.7324 341870
12.7329 341876
12.7334 341882
12.7338 341888
12.7343 341894
12.7348 341900
12.7353 341906
12.7358 341912
12.7363 341918
12.7367 341924
12.7372 341930
12.7379 341936
12.7427 341942
12.7437 341948
12.7442 341954
12.7447 341960
12.7456 341966
12.7461 341972
12.7466 341978
12.7471 341984
12.7475 341990
12.748 341996
12.7487 342002
12.7495 342008
12.7499 342014
12.7504 342020
12.7509 342026
12.7514 342032
12.7519 342038
12.7524 342044
12.7528 342050
12.7533 342056
12.7538 342062
12.7543 342068
12.7548 342074
12.7552 342080
12.7557 342086
12.7562 342092
12.7567 342098
12.7572 342104
12.7576 342110
12.7581 342116
12.7586 342122
12.7591 342128
12.7596 342134
12.76 342140
12.7605 342146
12.761 342152
12.7615 342158
12.762 342164
12.7624 342170
12.7629 342176
12.7634 342182
12.7639 342188
12.7644 342194
12.7648 342200
12.7653 342206
12.7658 342212
12.7663 342218
12.7668 342224
12.7673 342230
12.7677 342236
12.7682 342242
12.7687 342248
12.7692 342254
12.7697 342260
12.7701 342266
12.7706 342272
12.7711 342278
12.7716 342284
12.7721 342290
12.7725 342296
12.773 342302
12.7735 342308
12.774 342314
12.7745 342320
12.7749 342326
12.7754 342332
12.7759 342338
12.7764 342344
12.7769 342350
12.7773 342356
12.7778 342362
12.7783 342368
12.7788 342374
12.7793 342380
12.7797 342386
12.7802 342392
12.7807 342398
12.7812 342404
12.7817 342410
12.7822 342416
12.7826 342422
12.7831 342428
12.7836 342434
12.7841 342440
12.7846 342446
12.785 342452
12.7855 342458
12.786 342464
12.7865 342470
12.787 342476
12.7874 342482
12.7879 342488
12.7884 342494
12.7889 342500
12.7894 342506
12.7898 342512
12.7903 342518
12.7908 342524
12.7913 342530
12.7918 342536
12.7922 342542
12.7927 342548
12.7932 342554
12.7937 342560
12.7942 342566
12.7946 342572
12.7951 342578
12.7956 342584
12.7961 342590
12.7966 342596
12.7971 342602
12.7975 342608
12.798 342614
12.7985 342620
12.799 342626
12.7995 342632
12.7999 342638
12.8004 342644
12.8023 342650
12.8031 342656
12.8035 342662
12.8043 342668
12.805 342674
12.8055 342680
12.8059 342686
12.8064 342692
12.8069 342698
12.8074 342704
12.8083 342710
12.8088 342716
12.8093 342722
12.8098 342728
12.8103 342734
12.8108 342740
12.8112 342746
12.8117 342752
12.8122 342758
12.8127 342764
12.8132 342770
12.8136 342776
12.8141 342782
12.8146 342788
12.8151 342794
12.8156 342800
12.816 342806
12.8165 342812
12.817 342818
12.8175 342824
12.818 342830
12.8184 342836
12.8189 342842
12.8194 342848
12.8199 342854
12.8204 342860
12.8208 342866
12.8213 342872
12.8218 342878
12.8223 342884
12.8228 342890
12.8232 342896
12.8237 342902
12.8242 342908
12.8247 342914
12.8252 342920
12.8256 342926
12.8261 342932
12.8266 342938
12.8271 342944
12.8276 342950
12.8281 342956
12.8285 342962
12.829 342968
12.8295 342974
12.83 342980
12.8305 342986
12.8309 342992
12.8314 342998
12.8319 343004
12.8324 343010
12.8329 343016
12.8333 343022
12.8338 343028
12.8343 343034
12.8348 343040
12.8353 343046
12.8357 343052
12.8362 343058
12.8367 343064
12.8372 343070
12.8377 343076
12.8381 343082
12.8386 343088
12.8391 343094
12.8396 343100
12.8401 343106
12.8405 343112
12.841 343118
12.8415 343124
12.842 343130
12.8425 343136
12.843 343142
12.8434 343148
12.8439 343154
12.8444 343160
12.8449 343166
12.8454 343172
12.8458 343178
12.8463 343184
12.8468 343190
12.8473 343196
12.8478 343202
12.8482 343208
12.8487 343214
12.8492 343220
12.8497 343226
12.8502 343232
12.8506 343238
12.8511 343244
12.8516 343250
12.8521 343256
12.8526 343262
12.853 343268
12.8535 343274
12.854 343280
12.8545 343286
12.855 343292
12.8554 343298
12.8559 343304
12.8564 343310
12.8569 343316
12.8574 343322
12.8579 343328
12.8583 343334
12.8588 343340
12.8593 343346
12.86 343352
12.8619 343358
12.8627 343364
12.8631 343370
12.8639 343376
12.8646 343382
12.8651 343388
12.8655 343394
12.866 343400
12.8665 343406
12.867 343412
12.8679 343418
12.8684 343424
12.8689 343430
12.8694 343436
12.8699 343442
12.8703 343448
12.8708 343454
12.8713 343460
12.8718 343466
12.8723 343472
12.8728 343478
12.8732 343484
12.8737 343490
12.8742 343496
12.8747 343502
12.8752 343508
12.8756 343514
12.8761 343520
12.8766 343526
12.8771 343532
12.8776 343538
12.878 343544
12.8785 343550
12.879 343556
12.8795 343562
12.88 343568
12.8804 343574
12.8809 343580
12.8814 343586
12.8819 343592
12.8824 343598
12.8828 343604
12.8833 343610
12.8838 343616
12.8843 343622
12.8848 343628
12.8852 343634
12.8857 343640
12.8862 343646
12.8867 343652
12.8872 343658
12.8877 343664
12.8881 343670
12.8886 343676
12.8891 343682
12.8896 343688
12.8901 343694
12.8905 343700
12.891 343706
12.8915 343712
12.892 343718
12.8925 343724
12.8929 343730
12.8934 343736
12.8939 343742
12.8944 343748
12.8949 343754
12.8953 343760
12.8958 343766
12.8963 343772
12.8968 343778
12.8973 343784
12.8977 343790
12.8982 343796
12.8987 343802
12.8992 343808
12.8997 343814
12.9001 343820
12.9006 343826
12.9011 343832
12.9016 343838
12.9021 343844
12.9026 343850
12.903 343856
12.9035 343862
12.904 343868
12.9045 343874
12.905 343880
12.9054 343886
12.9059 343892
12.9064 343898
12.9069 343904
12.9074 343910
12.9078 343916
12.9083 343922
12.9088 343928
12.9093 343934
12.9098 343940
12.9102 343946
12.9107 343952
12.9112 343958
12.9117 343964
12.9122 343970
12.9126 343976
12.9131 343982
12.9136 343988
12.9141 343994
12.9146 344000
12.915 344006
12.9155 344012
12.916 344018
12.9165 344024
12.917 344030
12.9175 344036
12.9179 344042
12.9184 344048
12.9189 344054
12.9194 344060
12.9213 344066
12.9223 344072
12.9227 344078
12.9232 344084
12.9242 344090
12.9247 344096
12.9251 344102
12.9256 344108
12.9261 344114
12.9266 344120
12.9273 344126
12.928 344132
12.9285 344138
12.929 344144
12.9295 344150
12.9299 344156
12.9304 344162
12.9309 344168
12.9314 344174
12.9319 344180
12.9324 344186
12.9328 344192
12.9333 344198
12.9338 344204
12.9343 344210
12.9348 344216
12.9352 344222
12.9357 344228
12.9362 344234
12.9367 344240
12.9372 344246
12.9376 344252
12.9381 344258
12.9386 344264
12.9391 344270
12.9396 344276
12.94 344282
12.9405 344288
12.941 344294
12.9415 344300
12.942 344306
12.9424 344312
12.9429 344318
12.9434 344324
12.9439 344330
12.9444 344336
12.9448 344342
12.9453 344348
12.9458 344354
12.9463 344360
12.9468 344366
12.9473 344372
12.9477 344378
12.9482 344384
12.9487 344390
12.9492 344396
12.9497 344402
12.9501 344408
12.9506 344414
12.9511 344420
12.9516 344426
12.9521 344432
12.9525 344438
12.953 344444
12.9535 344450
12.954 344456
12.9545 344462
12.9549 344468
12.9554 344474
12.9559 344480
12.9564 344486
12.9569 344492
12.9573 344498
12.9578 344504
12.9583 344510
12.9588 344516
12.9593 344522
12.9597 344528
12.9602 344534
12.9607 344540
12.9612 344546
12.9617 344552
12.9622 344558
12.9626 344564
12.9631 344570
12.9636 344576
12.9641 344582
12.9646 344588
12.965 344594
12.9655 344600
12.966 344606
12.9665 344612
12.967 344618
12.9674 344624
12.9679 344630
12.9684 344636
12.9689 344642
12.9694 344648
12.9698 344654
12.9703 344660
12.9708 344666
12.9713 344672
12.9718 344678
12.9722 344684
12.9727 344690
12.9732 344696
12.9737 344702
12.9742 344708
12.9746 344714
12.9751 344720
12.9756 344726
12.9761 344732
12.9766 344738
12.9771 344744
12.9775 344750
12.978 344756
12.9785 344762
12.979 344768
12.9807 344774
12.9819 344780
12.9826 344786
12.9831 344792
12.9838 344798
12.9845 344804
12.985 344810
12.9855 344816
12.9859 344822
12.9864 344828
12.9869 344834
12.9879 344840
12.9883 344846
12.9888 344852
12.9893 344858
12.9898 344864
12.9903 344870
12.9907 344876
12.9912 344882
12.9917 344888
12.9922 344894
12.9927 344900
12.9932 344906
12.9936 344912
12.9941 344918
12.9946 344924
12.9951 344930
12.9956 344936
12.996 344942
12.9965 344948
12.997 344954
12.9975 344960
12.998 344966
12.9984 344972
12.9989 344978
12.9994 344984
12.9999 344990
13.0004 344996
13.0008 345002
13.0013 345008
13.0018 345014
13.0023 345020
13.0028 345026
13.0032 345032
13.0037 345038
13.0042 345044
13.0047 345050
13.0052 345056
13.0056 345062
13.0061 345068
13.0066 345074
13.0071 345080
13.0076 345086
13.0081 345092
13.0085 345098
13.009 345104
13.0095 345110
13.01 345116
13.0105 345122
13.0109 345128
13.0114 345134
13.0119 345140
13.0124 345146
13.0129 345152
13.0133 345158
13.0138 345164
13.0143 345170
13.0148 345176
13.0153 345182
13.0157 345188
13.0162 345194
13.0167 345200
13.0172 345206
13.0177 345212
13.0181 345218
13.0186 345224
13.0191 345230
13.0196 345236
13.0201 345242
13.0205 345248
13.021 345254
13.0215 345260
13.022 345266
13.0225 345272
13.023 345278
13.0234 345284
13.0239 345290
13.0244 345296
13.0249 345302
13.0254 345308
13.0258 345314
13.0263 345320
13.0268 345326
13.0273 345332
13.0278 345338
13.0282 345344
13.0287 345350
13.0292 345356
13.0297 345362
13.0302 345368
13.0306 345374
13.0311 345380
13.0316 345386
13.0321 345392
13.0326 345398
13.033 345404
13.0335 345410
13.034 345416
13.0345 345422
13.035 345428
13.0354 345434
13.0359 345440
13.0364 345446
13.0369 345452
13.0374 345458
13.0379 345464
13.0383 345470
13.0388 345476
13.0393 345482
13.041 345488
13.0422 345494
13.0427 345500
13.0431 345506
13.0441 345512
13.0446 345518
13.0451 345524
13.0455 345530
13.046 345536
13.0465 345542
13.0472 345548
13.0479 345554
13.0484 345560
13.0489 345566
13.0494 345572
13.0499 345578
13.0503 345584
13.0508 345590
13.0513 345596
13.0518 345602
13.0523 345608
13.0528 345614
13.0532 345620
13.0537 345626
13.0542 345632
13.0547 345638
13.0552 345644
13.0556 345650
13.0561 345656
13.0566 345662
13.0571 345668
13.0576 345674
13.058 345680
13.0585 345686
13.059 345692
13.0595 345698
13.06 345704
13.0604 345710
13.0609 345716
13.0614 345722
13.0619 345728
13.0624 345734
13.0628 345740
13.0633 345746
13.0638 345752
13.0643 345758
13.0648 345764
13.0652 345770
13.0657 345776
13.0662 345782
13.0667 345788
13.0672 345794
13.0677 345800
13.0681 345806
13.0686 345812
13.0691 345818
13.0696 345824
13.0701 345830
13.0705 345836
13.071 345842
13.0715 345848
13.072 345854
13.0725 345860
13.0729 345866
13.0734 345872
13.0739 345878
13.0744 345884
13.0749 345890
13.0753 345896
13.0758 345902
13.0763 345908
13.0768 345914
13.0773 345920
13.0777 345926
13.0782 345932
13.0787 345938
13.0792 345944
13.0797 345950
13.0801 345956
13.0806 345962
13.0811 345968
13.0816 345974
13.0821 345980
13.0826 345986
13.083 345992
13.0835 345998
13.084 346004
13.0845 346010
13.085 346016
13.0854 346022
13.0859 346028
13.0864 346034
13.0869 346040
13.0874 346046
13.0878 346052
13.0883 346058
13.0888 346064
13.0893 346070
13.0898 346076
13.0902 346082
13.0907 346088
13.0912 346094
13.0917 346100
13.0922 346106
13.0926 346112
13.0931 346118
13.0936 346124
13.0941 346130
13.0946 346136
13.095 346142
13.0955 346148
13.096 346154
13.0965 346160
13.097 346166
13.0975 346172
13.0979 346178
13.0984 346184
13.0989 346190
13.0996 346196
13.1015 346202
13.1025 346208
13.103 346214
13.1037 346220
13.1044 346226
13.1049 346232
13.1054 346238
13.1059 346244
13.1063 346250
13.1068 346256
13.1078 346262
13.1083 346268
13.1087 346274
13.1092 346280
13.1097 346286
13.1102 346292
13.1107 346298
13.1112 346304
13.1116 346310
13.1121 346316
13.1126 346322
13.1131 346328
13.1136 346334
13.114 346340
13.1145 346346
13.115 346352
13.1155 346358
13.116 346364
13.1164 346370
13.1169 346376
13.1174 346382
13.1179 346388
13.1184 346394
13.1188 346400
13.1193 346406
13.1198 346412
13.1203 346418
13.1208 346424
13.1212 346430
13.1217 346436
13.1222 346442
13.1227 346448
13.1232 346454
13.1236 346460
13.1241 346466
13.1246 346472
13.1251 346478
13.1256 346484
13.126 346490
13.1265 346496
13.127 346502
13.1275 346508
13.128 346514
13.1285 346520
13.1289 346526
13.1294 346532
13.1299 346538
13.1304 346544
13.1309 346550
13.1313 346556
13.1318 346562
13.1323 346568
13.1328 346574
13.1333 346580
13.1337 346586
13.1342 346592
13.1347 346598
13.1352 346604
13.1357 346610
13.1361 346616
13.1366 346622
13.1371 346628
13.1376 346634
13.1381 346640
13.1385 346646
13.139 346652
13.1395 346658
13.14 346664
13.1405 346670
13.1409 346676
13.1414 346682
13.1419 346688
13.1424 346694
13.1429 346700
13.1434 346706
13.1438 346712
13.1443 346718
13.1448 346724
13.1453 346730
13.1458 346736
13.1462 346742
13.1467 346748
13.1472 346754
13.1477 346760
13.1482 346766
13.1486 346772
13.1491 346778
13.1496 346784
13.1501 346790
13.1506 346796
13.151 346802
13.1515 346808
13.152 346814
13.1525 346820
13.153 346826
13.1534 346832
13.1539 346838
13.1544 346844
13.1549 346850
13.1554 346856
13.1558 346862
13.1563 346868
13.1568 346874
13.1573 346880
13.1578 346886
13.1583 346892
13.1587 346898
13.1592 346904
13.1602 346910
13.1619 346916
13.1631 346922
13.1635 346928
13.164 346934
13.165 346940
13.1655 346946
13.1659 346952
13.1664 346958
13.1669 346964
13.1674 346970
13.1681 346976
13.1688 346982
13.1693 346988
13.1698 346994
13.1703 347000
13.1707 347006
13.1712 347012
13.1717 347018
13.1722 347024
13.1727 347030
13.1732 347036
13.1736 347042
13.1741 347048
13.1746 347054
13.1751 347060
13.1756 347066
13.176 347072
13.1765 347078
13.177 347084
13.1775 347090
13.178 347096
13.1784 347102
13.1789 347108
13.1794 347114
13.1799 347120
13.1804 347126
13.1808 347132
13.1813 347138
13.1818 347144
13.1823 347150
13.1828 347156
13.1832 347162
13.1837 347168
13.1842 347174
13.1847 347180
13.1852 347186
13.1856 347192
13.1861 347198
13.1866 347204
13.1871 347210
13.1876 347216
13.1881 347222
13.1885 347228
13.189 347234
13.1895 347240
13.19 347246
13.1905 347252
13.1909 347258
13.1914 347264
13.1919 347270
13.1924 347276
13.1929 347282
13.1933 347288
13.1938 347294
13.1943 347300
13.1948 347306
13.1953 347312
13.1957 347318
13.1962 347324
13.1967 347330
13.1972 347336
13.1977 347342
13.1981 347348
13.1986 347354
13.1991 347360
13.1996 347366
13.2001 347372
13.2005 347378
13.201 347384
13.2015 347390
13.202 347396
13.2025 347402
13.203 347408
13.2034 347414
13.2039 347420
13.2044 347426
13.2049 347432
13.2054 347438
13.2058 347444
13.2063 347450
13.2068 347456
13.2073 347462
13.2078 347468
13.2082 347474
13.2087 347480
13.2092 347486
13.2097 347492
13.2102 347498
13.2106 347504
13.2111 347510
13.2116 347516
13.2121 347522
13.2126 347528
13.213 347534
13.2135 347540
13.214 347546
13.2145 347552
13.215 347558
13.2154 347564
13.2159 347570
13.2164 347576
13.2169 347582
13.2174 347588
13.2179 347594
13.2183 347600
13.2188 347606
13.2193 347612
13.2198 347618
13.2205 347624
13.2222 347630
13.2236 347636
13.2243 347642
13.2248 347648
13.2255 347654
13.2263 347660
13.2267 347666
13.2272 347672
13.2277 347678
13.2282 347684
13.2287 347690
13.2296 347696
13.2301 347702
13.2306 347708
13.2311 347714
13.2316 347720
13.232 347726
13.2325 347732
13.233 347738
13.2335 347744
13.234 347750
13.2344 347756
13.2349 347762
13.2354 347768
13.2359 347774
13.2364 347780
13.2368 347786
13.2373 347792
13.2378 347798
13.2383 347804
13.2388 347810
13.2392 347816
13.2397 347822
13.2402 347828
13.2407 347834
13.2412 347840
13.2416 347846
13.2421 347852
13.2426 347858
13.2431 347864
13.2436 347870
13.244 347876
13.2445 347882
13.245 347888
13.2455 347894
13.246 347900
13.2465 347906
13.2469 347912
13.2474 347918
13.2479 347924
13.2484 347930
13.2489 347936
13.2493 347942
13.2498 347948
13.2503 347954
13.2508 347960
13.2513 347966
13.2517 347972
13.2522 347978
13.2527 347984
13.2532 347990
13.2537 347996
13.2541 348002
13.2546 348008
13.2551 348014
13.2556 348020
13.2561 348026
13.2565 348032
13.257 348038
13.2575 348044
13.258 348050
13.2585 348056
13.2589 348062
13.2594 348068
13.2599 348074
13.2604 348080
13.2609 348086
13.2614 348092
13.2618 348098
13.2623 348104
13.2628 348110
13.2633 348116
13.2638 348122
13.2642 348128
13.2647 348134
13.2652 348140
13.2657 348146
13.2662 348152
13.2666 348158
13.2671 348164
13.2676 348170
13.2681 348176
13.2686 348182
13.269 348188
13.2695 348194
13.27 348200
13.2705 348206
13.271 348212
13.2714 348218
13.2719 348224
13.2724 348230
13.2729 348236
13.2734 348242
13.2738 348248
13.2743 348254
13.2748 348260
13.2753 348266
13.2758 348272
13.2762 348278
13.2767 348284
13.2772 348290
13.2777 348296
13.2782 348302
13.2787 348308
13.2791 348314
13.2796 348320
13.2801 348326
13.2806 348332
13.2811 348338
13.2818 348344
13.2835 348350
13.2849 348356
13.2854 348362
13.2859 348368
13.2868 348374
13.2873 348380
13.2878 348386
13.2883 348392
13.2887 348398
13.2892 348404
13.2899 348410
13.2907 348416
13.2911 348422
13.2916 348428
13.2921 348434
13.2926 348440
13.2931 348446
13.2936 348452
13.294 348458
13.2945 348464
13.295 348470
13.2955 348476
13.296 348482
13.2964 348488
13.2969 348494
13.2974 348500
13.2979 348506
13.2984 348512
13.2988 348518
13.2993 348524
13.2998 348530
13.3003 348536
13.3008 348542
13.3012 348548
13.3017 348554
13.3022 348560
13.3027 348566
13.3032 348572
13.3036 348578
13.3041 348584
13.3046 348590
13.3051 348596
13.3056 348602
13.306 348608
13.3065 348614
13.307 348620
13.3075 348626
13.308 348632
13.3085 348638
13.3089 348644
13.3094 348650
13.3099 348656
13.3104 348662
13.3109 348668
13.3113 348674
13.3118 348680
13.3123 348686
13.3128 348692
13.3128 173568
13.3133 173580
13.3133 173568
13.3137 173580
13.3137 173568
13.3142 173580
13.3142 173568
13.3147 173580
13.3147 173568
13.3152 173580
13.3152 173568
13.3157 173580
13.3157 173568
13.3161 173580
13.3161 173568
13.3166 173580
13.3166 173568
13.3171 173580
13.3171 173568
13.3176 173580
13.3176 173568
13.3181 173580
13.3181 173568
13.3185 173580
13.3185 173568
13.319 173580
13.319 173568
13.3195 173580
13.3195 173568
13.32 173580
13.32 173568
13.3205 173580
13.3205 173568
13.3209 173580
13.3209 173568
13.3214 173580
13.3214 173568
13.3219 173580
13.3219 173568
13.3224 173580
13.3224 173568
13.3229 173580
13.3229 173568
13.3234 173580
13.3234 173568
13.3238 173580
13.3238 173568
13.3243 173580
13.3243 173568
13.3248 173580
13.3248 173568
13.3253 173580
13.3253 173568
13.3258 173580
13.3258 173568
13.3262 173580
13.3262 173568
13.3267 173580
13.3267 173568
13.3272 173580
13.3272 173568
13.3277 173580
13.3277 173568
13.3282 173580
13.3282 173568
13.3286 173580
13.3286 173568
13.3291 173580
13.3291 173568
13.3296 173580
13.3296 173568
13.3301 173580
13.3301 173568
13.3306 173580
13.3306 173568
13.331 173580
13.331 173568
13.3315 173580
13.3315 173568
13.332 173580
13.332 173568
13.3325 173580
13.3325 173568
13.333 173580
13.333 173568
13.3334 173580
13.3334 173568
13.3339 173580
13.3339 173568
13.3344 173580
13.3344 173568
13.3349 173580
13.3349 173568
13.3354 173580
13.3354 173568
13.3358 173580
13.3358 173568
13.3363 173580
13.3363 173568
13.3368 173580
13.3368 173568
13.3373 173580
13.3373 173568
13.3378 173580
13.3378 173568
13.3383 173580
13.3383 173568
13.3387 173580
13.3387 173568
13.3392 173580
13.3392 173568
13.3397 173580
13.3397 173568
13.3402 173580
13.3402 173568
13.3407 173580
13.3407 173568
13.3411 173580
13.3411 173568
13.3416 173580
13.3416 173568
13.3421 173580
13.3421 173568
13.3431 173580
13.3431 173568
13.3447 173580
13.3447 173568
13.3462 173580
13.3462 173568
13.3467 173580
13.3467 173568
13.3474 173580
13.3474 173568
13.3481 173580
13.3481 173568
13.3486 173580
13.3486 173568
13.3491 173580
13.3491 173568
13.3495 173580
13.3495 173568
13.35 173580
13.35 173568
13.3505 173580
13.3505 173568
13.3515 173580
13.3515 173568
13.352 173580
13.352 173568
13.3524 173580
13.3524 173568
13.3529 173580
13.3529 173568
13.3534 173580
13.3534 173568
13.3539 173580
13.3539 173568
13.3544 173580
13.3544 173568
13.3548 173580
13.3548 173568
13.3553 173580
13.3553 173568
13.3558 173580
13.3558 173568
13.3563 173580
13.3563 173568
13.3568 173580
13.3568 173568
13.3572 173580
13.3572 173568
13.3577 173580
13.3577 173568
13.3582 173580
13.3582 173568
13.3587 173580
13.3587 173568
13.3592 173580
13.3592 173568
13.3596 173580
13.3596 173568
13.3601 173580
13.3601 173568
13.3606 173580
13.3606 173568
13.3611 173580
13.3611 173568
13.3616 173580
13.3616 173568
13.362 173580
13.362 173568
13.3625 173580
13.3625 173568
13.363 173580
13.363 173568
13.3635 173580
13.3635 173568
13.364 173580
13.364 173568
13.3644 173580
13.3644 173568
13.3649 173580
13.3649 173568
13.3654 173580
13.3654 173568
13.3659 173580
13.3659 173568
13.3664 173580
13.3664 173568
13.3669 173580
13.3669 173568
13.3673 173580
13.3673 173568
13.3678 173580
13.3678 173568
13.3683 173580
13.3683 173568
13.3688 173580
13.3688 173568
13.3693 173580
13.3693 173568
13.3697 173580
13.3697 173568
13.3702 173580
13.3702 173568
13.3707 173580
13.3707 173568
13.3712 173580
13.3712 173568
13.3717 173580
13.3717 173568
13.3721 173580
13.3721 173568
13.3726 173580
13.3726 173568
13.3731 173580
13.3731 173568
13.3736 173580
13.3736 173568
13.3741 173580
13.375 173592
13.3767 173604
13.3784 173616
13.3789 173628
13.3793 173640
13.3803 173652
13.3808 173664
13.3813 173676
13.3818 173688
13.3822 173700
13.3827 173712
13.3834 173724
13.3842 173736
13.3846 173748
13.3851 173760
13.3856 173772
13.3861 173784
13.3866 173796
13.387 173808
13.3875 173820
13.388 173832
13.3885 173844
13.389 173856
13.3894 173868
13.3899 173880
13.3904 173892
13.3909 173904
13.3914 173916
13.3918 173928
13.3923 173940
13.3928 173952
13.3933 173964
13.3938 173976
13.3942 173988
13.3947 174000
13.3952 174012
13.3957 174024
13.3962 174036
13.3967 174048
13.3971 174060
13.3976 174072
13.3981 174084
13.3986 174096
13.3991 174108
13.3995 174120
13.4 174132
13.4005 174144
13.401 174156
13.4015 174168
13.4019 174180
13.4024 174192
13.4029 174204
13.4034 174216
13.4039 174228
13.4043 174240
13.4048 174252
13.4053 174264
13.4058 174276
13.4063 174288
13.407 174300
13.4087 174312
13.4103 174324
13.4111 174336
13.4116 174348
13.4123 174360
13.4132 174372
13.4137 174384
13.4142 174396
13.4147 174408
13.4152 174420
13.4156 174432
13.4166 174444
13.4171 174456
13.4176 174468
13.418 174480
13.4185 174492
13.419 174504
13.4195 174516
13.42 174528
13.4204 174540
13.4209 174552
13.4214 174564
13.4219 174576
13.4224 174588
13.4228 174600
13.4233 174612
13.4238 174624
13.4243 174636
13.4248 174648
13.4252 174660
13.4257 174672
13.4262 174684
13.4267 174696
13.4272 174708
13.4277 174720
13.4281 174732
13.4286 174743
13.4291 174754
13.4296 174765
13.4301 174776
13.4305 174787
13.431 174798
13.4315 174809
13.432 174820
13.4325 174831
13.4329 174842
13.4334 174853
13.4339 174864
13.4344 174875
13.4349 174886
13.4353 174897
13.4358 174908
13.4363 174919
13.4368 174930
13.4373 174941
13.4377 174952
13.4382 174963
13.4387 174974
13.4392 174985
13.4399 174996
13.4416 175007
13.4433 175018
13.444 175029
13.4445 175040
13.4452 175051
13.4459 175062
13.4464 175073
13.4469 175084
13.4474 175095
13.4478 175106
13.4486 175117
13.4493 175128
13.4498 175139
13.4502 175150
13.4507 175161
13.4512 175172
13.4517 175183
13.4522 175194
13.4526 175205
13.4531 175216
13.4536 175227
13.4541 175238
13.4546 175249
13.455 175260
13.4555 175271
13.456 175282
13.4565 175293
13.457 175304
13.4575 175315
13.4579 175326
13.4584 175337
13.4589 175348
13.4594 175359
13.4599 175370
13.4603 175381
13.4608 175392
13.4613 175403
13.4618 175414
13.4623 175425
13.4627 175436
13.4632 175447
13.4637 175458
13.4642 175469
13.4647 175480
13.4651 175491
13.4656 175502
13.4661 175513
13.4666 175524
13.4671 175535
13.4675 175546
13.468 175557
13.4685 175568
13.469 175579
13.4695 175590
13.4699 175601
13.4704 175612
13.4709 175623
13.4714 175634
13.4719 175645
13.4728 175656
13.4745 175667
13.4762 175678
13.4767 175689
13.4772 175700
13.4781 175711
13.4786 175722
13.4791 175733
13.4796 175744
13.48 175755
13.4805 175766
13.4815 175777
13.482 175788
13.4824 175799
13.4829 175810
13.4834 175821
13.4839 175832
13.4844 175843
13.4848 175854
13.4853 175865
13.4858 175876
13.4863 175887
13.4868 175898
13.4873 175909
13.4877 175920
13.4882 175931
13.4887 175942
13.4892 175953
13.4897 175964
13.4901 175975
13.4906 175986
13.4911 175997
13.4916 176008
13.4921 176019
13.4925 176030
13.493 176041
13.4935 176052
13.494 176063
13.4945 176074
13.4949 176085
13.4954 176096
13.4959 176107
13.4964 176118
13.4969 176129
13.4973 176140
13.4978 176151
13.4983 176162
13.4988 176173
13.4993 176184
13.4997 176195
13.5002 176206
13.5007 176217
13.5012 176228
13.5017 176239
13.5022 176250
13.5026 176261
13.5031 176272
13.5036 176283
13.5041 176294
13.5048 176305
13.5058 176316
13.5074 176327
13.5091 176338
13.5096 176349
13.5101 176360
13.511 176371
13.5115 176382
13.512 176393
13.5125 176404
13.513 176415
13.5134 176426
13.5144 176437
13.5149 176448
13.5154 176459
13.5158 176470
13.5163 176481
13.5168 176492
13.5173 176503
13.5178 176514
13.5183 176525
13.5187 176536
13.5192 176547
13.5197 176558
13.5202 176569
13.5207 176580
13.5211 176591
13.5216 176602
13.5221 176613
13.5226 176624
13.5231 176635
13.5235 176646
13.524 176657
13.5245 176668
13.525 176679
13.5255 176690
13.5259 176701
13.5264 176712
13.5269 176723
13.5274 176734
13.5279 176745
13.5283 176756
13.5288 176767
13.5293 176778
13.5298 176789
13.5303 176800
13.5307 176811
13.5312 176822
13.5317 176833
13.5322 176844
13.5327 176855
13.5332 176866
13.5336 176877
13.5341 176888
13.5346 176899
13.5351 176910
13.5356 176921
13.536 176932
13.5365 176943
13.537 176954
13.5377 176965
13.5387 176976
13.5404 176987
13.542 176998
13.5428 177009
13.5432 177020
13.544 177031
13.5447 177042
13.5452 177053
13.5456 177064
13.5461 177075
13.5466 177086
13.5473 177097
13.5481 177108
13.5485 177119
13.549 177130
13.5495 177141
13.55 177152
13.5505 177163
13.5509 177174
13.5514 177185
13.5519 177196
13.5524 177207
13.5529 177218
13.5533 177229
13.5538 177240
13.5543 177251
13.5548 177262
13.5553 177273
13.5557 177284
13.5562 177295
13.5567 177306
13.5572 177317
13.5577 177328
13.5581 177339
13.5586 177350
13.5591 177361
13.5596 177372
13.5601 177383
13.5605 177394
13.561 177405
13.5615 177416
13.562 177427
13.5625 177438
13.563 177449
13.5634 177460
13.5639 177471
13.5644 177482
13.5649 177493
13.5654 177504
13.5658 177515
13.5663 177526
13.5668 177537
13.5673 177548
13.5678 177559
13.5682 177570
13.5687 177581
13.5692 177592
13.5697 177603
13.5702 177614
13.5706 177625
13.5714 177636
13.5723 177647
13.5742 177658
13.5759 177669
13.5766 177680
13.5771 177691
13.5779 177702
13.5786 177713
13.5791 177724
13.5795 177735
13.58 177746
13.5805 177757
13.5812 177768
13.5819 177779
13.5824 177790
13.5829 177801
13.5834 177812
13.5839 177823
13.5843 177834
13.5848 177845
13.5853 177856
13.5858 177867
13.5863 177878
13.5867 177889
13.5872 177900
13.5877 177911
13.5882 177922
13.5887 177933
13.5891 177944
13.5896 177955
13.5901 177966
13.5906 177977
13.5911 177988
13.5915 177999
13.592 178010
13.5925 178021
13.593 178032
13.5935 178043
13.594 178054
13.5944 178065
13.5949 178076
13.5954 178087
13.5959 178098
13.5964 178109
13.5968 178120
13.5973 178131
13.5978 178142
13.5983 178153
13.5988 178164
13.5992 178175
13.5997 178186
13.6002 178197
13.6007 178208
13.6012 178219
13.6016 178230
13.6021 178241
13.6026 178252
13.6031 178263
13.6036 178274
13.604 178285
13.6045 178296
13.6052 178307
13.6062 178318
13.6081 178329
13.6098 178340
13.6103 178351
13.6108 178362
13.6117 178373
13.6122 178384
13.6127 178395
13.6132 178406
13.6137 178417
13.6141 178428
13.6151 178439
13.6156 178450
13.6161 178461
13.6165 178472
13.617 178483
13.6175 178494
13.618 178505
13.6185 178516
13.6189 178527
13.6194 178538
13.6199 178549
13.6204 178560
13.6209 178571
13.6213 178582
13.6218 178593
13.6223 178604
13.6228 178615
13.6233 178626
13.6238 178637
13.6242 178648
13.6247 178659
13.6252 178670
13.6257 178681
13.6262 178692
13.6266 178703
13.6271 178714
13.6276 178725
13.6281 178736
13.6286 178747
13.629 178758
13.6295 178769
13.63 178780
13.6305 178791
13.631 178802
13.6314 178813
13.6319 178824
13.6324 178835
13.6329 178846
13.6334 178857
13.6338 178868
13.6343 178879
13.6348 178890
13.6353 178901
13.6358 178912
13.6362 178923
13.6367 178934
13.6372 178945
13.6377 178956
13.6382 178967
13.6391 178978
13.6399 178989
13.642 179000
13.6437 179011
13.6442 179022
13.6447 179033
13.6456 179044
13.6461 179055
13.6466 179066
13.6471 179077
13.6475 179088
13.648 179099
13.649 179110
13.6495 179121
13.6499 179132
13.6504 179143
13.6509 179154
13.6514 179165
13.6519 179176
13.6524 179187
13.6528 179198
13.6533 179209
13.6538 179220
13.6543 179231
13.6548 179242
13.6552 179253
13.6557 179264
13.6562 179275
13.6567 179286
13.6572 179297
13.6576 179308
13.6581 179319
13.6586 179330
13.6591 179341
13.6596 179352
13.66 179363
13.6605 179374
13.661 179385
13.6615 179396
13.662 179407
13.6624 179418
13.6629 179429
13.6634 179440
13.6639 179451
13.6644 179462
13.6648 179473
13.6653 179484
13.6658 179495
13.6663 179506
13.6668 179517
13.6673 179528
13.6677 179539
13.6682 179550
13.6687 179561
13.6692 179572
13.6697 179583
13.6701 179594
13.6706 179605
13.6711 179616
13.6716 179627
13.6721 179638
13.673 179649
13.6737 179660
13.6759 179671
13.6776 179682
13.6783 179693
13.6788 179704
13.6795 179715
13.6802 179726
13.6807 179737
13.6812 179748
13.6817 179759
13.6822 179770
13.6829 179781
13.6836 179792
13.6841 179803
13.6846 179814
13.685 179825
13.6855 179836
13.686 179847
13.6865 179858
13.687 179869
13.6874 179880
13.6879 179891
13.6884 179902
13.6889 179913
13.6894 179924
13.6898 179935
13.6903 179946
13.6908 179957
13.6913 179968
13.6918 179979
13.6922 179990
13.6927 180001
13.6932 180012
13.6937 180023
13.6942 180034
13.6946 180045
13.6951 180056
13.6956 180067
13.6961 180078
13.6966 180089
13.6971 180100
13.6975 180111
13.698 180122
13.6985 180133
13.699 180144
13.6995 180155
13.6999 180166
13.7004 180177
13.7009 180188
13.7014 180199
13.7019 180210
13.7023 180221
13.7028 180232
13.7033 180243
13.7038 180254
13.7043 180265
13.7047 180276
13.7052 180287
13.7057 180298
13.7062 180309
13.7067 180320
13.7076 180331
13.7083 180342
13.7105 180353
13.7124 180364
13.7132 180375
13.7136 180386
13.7144 180397
13.7151 180408
13.7156 180419
13.716 180430
13.7165 180441
13.717 180452
13.7177 180463
13.7184 180474
13.7189 180485
13.7194 180496
13.7199 180507
13.7204 180518
13.7208 180529
13.7213 180540
13.7218 180551
13.7223 180562
13.7228 180573
13.7232 180584
13.7237 180595
13.7242 180606
13.7247 180617
13.7252 180628
13.7256 180639
13.7261 180650
13.7266 180661
13.7271 180672
13.7276 180683
13.7281 180694
13.7285 180705
13.729 180716
13.7295 180727
13.73 180738
13.7305 180749
13.7309 180760
13.7314 180771
13.7319 180782
13.7324 180793
13.7329 180804
13.7333 180815
13.7338 180826
13.7343 180837
13.7348 180848
13.7353 180859
13.7357 180870
13.7362 180881
13.7367 180892
13.7372 180903
13.7377 180914
13.7381 180925
13.7386 180936
13.7391 180947
13.7396 180958
13.7401 180969
13.7405 180980
13.741 180991
13.7415 181002
13.7425 181013
13.7432 181024
13.7439 181035
13.7446 181046
13.7451 181057
13.7456 181068
13.7466 181079
13.747 181090
13.7475 181101
13.748 181112
13.7485 181123
13.749 181134
13.7499 181145
13.7504 181156
13.7509 181167
13.7514 181178
13.7518 181189
13.7523 181200
13.7528 181211
13.7533 181222
13.7538 181233
13.7542 181244
13.7547 181255
13.7552 181266
13.7557 181277
13.7562 181288
13.7566 181299
13.7571 181310
13.7576 181321
13.7581 181332
13.7586 181343
13.7591 181354
13.7595 181365
13.76 181376
13.7605 181387
13.761 181398
13.7615 181409
13.7619 181420
13.7624 181431
13.7629 181442
13.7634 181453
13.7639 181464
13.7643 181475
13.7648 181486
13.7653 181497
13.7658 181508
13.7663 181519
13.7667 181530
13.7672 181541
13.7677 181552
13.7682 181563
13.7687 181574
13.7691 181585
13.7696 181596
13.7701 181607
13.7706 181618
13.7711 181629
13.7715 181640
13.772 181651
13.7725 181662
13.773 181673
13.7737 181684
13.7744 181695
13.7752 181706
13.7759 181717
13.7768 181728
13.7773 181739
13.7778 181750
13.7785 181761
13.7792 181772
13.7797 181783
13.7802 181794
13.7807 181805
13.7812 181816
13.7819 181827
13.7826 181838
13.7831 181849
13.7836 181860
13.784 181871
13.7845 181882
13.785 181893
13.7855 181904
13.786 181915
13.7864 181926
13.7869 181937
13.7874 181948
13.7879 181959
13.7884 181970
13.7889 181981
13.7893 181992
13.7898 182003
13.7903 182014
13.7908 182025
13.7913 182036
13.7917 182047
13.7922 182058
13.7927 182069
13.7932 182080
13.7937 182091
13.7941 182102
13.7946 182113
13.7951 182124
13.7956 182135
13.7961 182146
13.7965 182157
13.797 182168
13.7975 182179
13.798 182190
13.7985 182201
13.7989 182212
13.7994 182223
13.7999 182234
13.8004 182245
13.8009 182256
13.8013 182267
13.8018 182278
13.8023 182289
13.8028 182300
13.8033 182311
13.8038 182322
13.8042 182333
13.8047 182344
13.8052 182355
13.8057 182366
13.8066 182377
13.8071 182388
13.8081 182399
13.8088 182410
13.8095 182421
13.81 182432
13.8105 182443
13.8114 182454
13.8119 182465
13.8124 182476
13.8129 182487
13.8134 182498
13.8138 182509
13.8148 182520
13.8155 182531
13.816 182542
13.8165 182553
13.817 182564
13.8175 182575
13.8179 182586
13.8184 182597
13.8189 182608
13.8194 182619
13.8199 182630
13.8203 182641
13.8208 182652
13.8213 182663
13.8218 182674
13.8223 182685
13.8227 182696
13.8232 182707
13.8237 182718
13.8242 182729
13.8247 182740
13.8251 182751
13.8256 182762
13.8261 182773
13.8266 182784
13.8271 182795
13.8275 182806
13.828 182817
13.8285 182828
13.829 182839
13.8295 182850
13.8299 182861
13.8304 182872
13.8309 182883
13.8314 182894
13.8319 182905
13.8324 182916
13.8328 182927
13.8333 182938
13.8338 182949
13.8343 182960
13.8348 182971
13.8352 182982
13.8357 182993
13.8362 183004
13.8367 183015
13.8372 183026
13.8376 183037
13.8381 183048
13.8388 183059
13.8396 183070
13.8403 183081
13.841 183092
13.842 183103
13.8424 183114
13.8429 183125
13.8436 183136
13.8444 183147
13.8448 183158
13.8453 183169
13.8458 183180
13.8463 183191
13.8468 183202
13.8477 183213
13.8482 183224
13.8487 183235
13.8492 183246
13.8497 183257
13.8501 183268
13.8506 183279
13.8511 183290
13.8516 183301
13.8521 183312
13.8525 183323
13.853 183334
13.8535 183345
13.854 183356
13.8545 183367
13.8549 183378
13.8554 183389
13.8559 183400
13.8564 183411
13.8569 183422
13.8573 183433
13.8578 183444
13.8583 183455
13.8588 183466
13.8593 183477
13.8597 183488
13.8602 183499
13.8607 183510
13.8612 183521
13.8617 183532
13.8622 183543
13.8626 183554
13.8631 183565
13.8636 183576
13.8641 183587
13.8646 183598
13.865 183609
13.8655 183620
13.866 183631
13.8665 183642
13.867 183653
13.8674 183664
13.8679 183675
13.8684 183686
13.8689 183697
13.8694 183708
13.8698 183719
13.8703 183730
13.8708 183741
13.8718 183752
13.8722 183763
13.8732 183774
13.8739 183785
13.8746 183796
13.8751 183807
13.8756 183818
13.8766 183829
13.877 183840
13.8775 183851
13.878 183862
13.8785 183873
13.879 183884
13.8797 183895
13.8804 183906
13.8809 183917
13.8814 183928
13.8819 183939
13.8823 183950
13.8828 183961
13.8833 183972
13.8838 183983
13.8843 183994
13.8847 184005
13.8852 184016
13.8857 184027
13.8862 184038
13.8867 184049
13.8871 184060
13.8876 184071
13.8881 184082
13.8886 184093
13.8891 184104
13.8895 184115
13.89 184126
13.8905 184137
13.891 184148
13.8915 184159
13.8919 184170
13.8924 184181
13.8929 184192
13.8934 184203
13.8939 184214
13.8944 184225
13.8948 184236
13.8953 184247
13.8958 184258
13.8963 184269
13.8968 184280
13.8972 184291
13.8977 184302
13.8982 184313
13.8987 184324
13.8992 184335
13.8996 184346
13.9001 184357
13.9006 184368
13.9011 184379
13.9016 184390
13.902 184401
13.9025 184412
13.903 184423
13.9037 184434
13.9044 184445
13.9052 184456
13.9061 184467
13.9071 184478
13.9076 184489
13.9081 184500
13.9088 184511
13.9095 184522
13.91 184533
13.9105 184544
13.9109 184555
13.9114 184566
13.9119 184577
13.9129 184588
13.9133 184599
13.9138 184610
13.9143 184621
13.9148 184632
13.9153 184643
13.9157 184654
13.9162 184665
13.9167 184676
13.9172 184687
13.9177 184698
13.9181 184709
13.9186 184720
13.9191 184731
13.9196 184742
13.9201 184753
13.9205 184764
13.921 184775
13.9215 184786
13.922 184797
13.9225 184808
13.923 184819
13.9234 184830
13.9239 184841
13.9244 184852
13.9249 184863
13.9254 184874
13.9258 184885
13.9263 184896
13.9268 184907
13.9273 184918
13.9278 184929
13.9282 184940
13.9287 184951
13.9292 184962
13.9297 184973
13.9302 184984
13.9306 184995
13.9311 185006
13.9316 185017
13.9321 185028
13.9326 185039
13.933 185050
13.9335 185061
13.934 185072
13.9345 185083
13.935 185094
13.9354 185105
13.9359 185116
13.9369 185127
13.9374 185138
13.9381 185149
13.9393 185160
13.94 185171
13.9407 185182
13.9412 185193
13.9417 185204
13.9427 185215
13.9431 185226
13.9436 185237
13.9441 185248
13.9446 185259
13.9451 185270
13.9458 185281
13.9465 185292
13.947 185303
13.9475 185314
13.9479 185325
13.9484 185336
13.9489 185347
13.9494 185358
13.9499 185369
13.9503 185380
13.9508 185391
13.9513 185402
13.9518 185413
13.9523 185424
13.9528 185435
13.9532 185446
13.9537 185457
13.9542 185468
13.9547 185479
13.9552 185490
13.9556 185501
13.9561 185512
13.9566 185523
13.9571 185534
13.9576 185545
13.958 185556
13.9585 185567
13.959 185578
13.9595 185589
13.96 185600
13.9604 185611
13.9609 185622
13.9614 185633
13.9619 185644
13.9624 185655
13.9628 185666
13.9633 185677
13.9638 185688
13.9643 185699
13.9648 185710
13.9652 185721
13.9657 185732
13.9662 185743
13.9667 185754
13.9672 185765
13.9677 185776
13.9681 185787
13.9686 185798
13.9691 185809
13.9698 185820
13.9705 185831
13.971 185842
13.9722 185853
13.9732 185864
13.9741 185875
13.9746 185886
13.9751 185897
13.9758 185908
13.9765 185919
13.977 185930
13.9775 185941
13.978 185952
13.9785 185963
13.9789 185974
13.9799 185985
13.9804 185996
13.9809 186007
13.9813 186018
13.9818 186029
13.9823 186040
13.9828 186051
13.9833 186062
13.9838 186073
13.9842 186084
13.9847 186095
13.9852 186106
13.9857 186117
13.9862 186128
13.9866 186139
13.9871 186150
13.9876 186161
13.9881 186172
13.9886 186183
13.989 186194
13.9895 186205
13.99 186216
13.9905 186227
13.991 186238
13.9914 186249
13.9919 186260
13.9924 186271
13.9929 186282
13.9934 186293
13.9938 186304
13.9943 186315
13.9948 186326
13.9953 186337
13.9958 186348
13.9962 186359
13.9967 186370
13.9972 186381
13.9977 186392
13.9982 186403
13.9987 186414
13.9991 186425
13.9996 186436
14.0001 186447
14.0006 186458
14.0011 186469
14.0015 186480
14.002 186491
14.0025 186502
14.003 186513
14.0037 186524
14.0044 186535
14.0049 186546
14.0061 186557
14.0071 186568
14.0078 186579
14.0083 186590
14.0087 186601
14.0097 186612
14.0102 186623
14.0107 186634
14.0111 186645
14.0116 186656
14.0121 186667
14.0128 186678
14.0136 186689
14.014 186700
14.0145 186711
14.015 186722
14.0155 186733
14.016 186744
14.0164 186755
14.0169 186766
14.0174 186777
14.0179 186788
14.0184 186799
14.0188 186810
14.0193 186821
14.0198 186832
14.0203 186843
14.0208 186854
14.0212 186865
14.0217 186876
14.0222 186887
14.0227 186898
14.0232 186909
14.0236 186920
14.0241 186931
14.0246 186942
14.0251 186953
14.0256 186964
14.026 186975
14.0265 186986
14.027 186997
14.0275 187008
14.028 187019
14.0285 187030
14.0289 187041
14.0294 187052
14.0299 187063
14.0304 187074
14.0309 187085
14.0313 187096
14.0318 187107
14.0323 187118
14.0328 187129
14.0333 187140
14.0337 187151
14.0342 187162
14.0347 187173
14.0352 187184
14.0357 187195
14.0361 187206
14.0366 187217
14.0376 187228
14.0381 187239
14.0388 187250
14.04 187261
14.0409 187272
14.0414 187283
14.0419 187294
14.0426 187305
14.0436 187316
14.0441 187327
14.0446 187338
14.045 187349
14.0455 187360
14.046 187371
14.047 187382
14.0474 187393
14.0479 187404
14.0484 187415
14.0489 187426
14.0494 187437
14.0498 187448
14.0503 187459
14.0508 187470
14.0513 187481
14.0518 187492
14.0522 187503
14.0527 187514
14.0532 187525
14.0537 187536
14.0542 187547
14.0546 187558
14.0551 187569
14.0556 187580
14.0561 187591
14.0566 187602
14.057 187613
14.0575 187624
14.058 187635
14.0585 187646
14.059 187657
14.0595 187668
14.0599 187679
14.0604 187690
14.0609 187701
14.0614 187712
14.0619 187723
14.0623 187734
14.0628 187745
14.0633 187756
14.0638 187767
14.0643 187778
14.0647 187789
14.0652 187800
14.0657 187811
14.0662 187822
14.0667 187833
14.0671 187844
14.0676 187855
14.0681 187866
14.0686 187877
14.0691 187888
14.0695 187899
14.07 187910
14.0707 187921
14.0715 187932
14.0719 187943
14.0727 187954
14.0739 187965
14.0748 187976
14.0753 187987
14.0758 187998
14.0765 188009
14.0777 188020
14.0782 188031
14.0787 188042
14.0792 188053
14.0796 188064
14.0801 188075
14.0808 188086
14.0816 188097
14.082 188108
14.0825 188119
14.083 188130
14.0835 188141
14.084 188152
14.0844 188163
14.0849 188174
14.0854 188185
14.0859 188196
14.0864 188207
14.0868 188218
14.0873 188229
14.0878 188240
14.0883 188251
14.0888 188262
14.0893 188273
14.0897 188284
14.0902 188295
14.0907 188306
14.0912 188317
14.0917 188328
14.0921 188339
14.0926 188350
14.0931 188361
14.0936 188372
14.0941 188383
14.0945 188394
14.095 188405
14.0955 188416
14.096 188427
14.0965 188438
14.0969 188449
14.0974 188460
14.0979 188471
14.0984 188482
14.0989 188493
14.0993 188504
14.0998 188515
14.1003 188526
14.1008 188537
14.1013 188548
14.1017 188559
14.1022 188570
14.1027 188581
14.1032 188592
14.1037 188603
14.1042 188614
14.1046 188625
14.1056 188636
14.1061 188647
14.1066 188658
14.1078 188669
14.1087 188680
14.1094 188691
14.1099 188702
14.1104 188713
14.1116 188724
14.1126 188735
14.113 188746
14.1135 188757
14.114 188768
14.1145 188779
14.115 188790
14.1159 188801
14.1164 188812
14.1169 188823
14.1174 188834
14.1179 188845
14.1183 188856
14.1188 188867
14.1193 188878
14.1198 188889
14.1203 188900
14.1207 188911
14.1212 188922
14.1217 188933
14.1222 188944
14.1227 188955
14.1231 188966
14.1236 188977
14.1241 188988
14.1246 188999
14.1251 189010
14.1255 189021
14.126 189032
14.1265 189043
14.127 189054
14.1275 189065
14.1279 189076
14.1284 189087
14.1289 189098
14.1294 189109
14.1299 189120
14.1303 189131
14.1308 189142
14.1313 189153
14.1318 189164
14.1323 189175
14.1328 189186
14.1332 189197
14.1337 189208
14.1342 189219
14.1347 189230
14.1352 189241
14.1356 189252
14.1361 189263
14.1366 189274
14.1371 189285
14.1376 189296
14.138 189307
14.1385 189318
14.139 189329
14.1395 189340
14.1404 189351
14.1409 189362
14.1414 189373
14.1426 189384
14.1436 189395
14.1443 189406
14.1448 189417
14.1452 189428
14.1464 189439
14.1472 189450
14.1477 189461
14.1481 189472
14.1486 189483
14.1491 189494
14.1498 189505
14.1505 189516
14.151 189527
14.1515 189538
14.152 189549
14.1525 189560
14.1529 189571
14.1534 189582
14.1539 189593
14.1544 189604
14.1549 189615
14.1553 189626
14.1558 189637
14.1563 189648
14.1568 189659
14.1573 189670
14.1577 189681
14.1582 189692
14.1587 189703
14.1592 189714
14.1597 189725
14.1601 189736
14.1606 189747
14.1611 189758
14.1616 189769
14.1621 189780
14.1626 189791
14.163 189802
14.1635 189813
14.164 189824
14.1645 189835
14.165 189846
14.1654 189857
14.1659 189868
14.1664 189879
14.1669 189890
14.1674 189901
14.1678 189912
14.1683 189923
14.1688 189934
14.1693 189945
14.1698 189956
14.1702 189967
14.1707 189978
14.1712 189989
14.1717 190000
14.1722 190011
14.1726 190022
14.1731 190033
14.1736 190044
14.1743 190055
14.175 190066
14.1755 190077
14.1762 190088
14.1774 190099
14.1784 190110
14.1789 190121
14.1794 190132
14.1801 190143
14.1813 190154
14.1818 190165
14.1823 190176
14.1827 190187
14.1832 190198
14.1837 190209
14.1847 190220
14.1851 190231
14.1856 190242
14.1861 190253
14.1866 190264
14.1871 190275
14.1875 190286
14.188 190297
14.1885 190308
14.189 190319
14.1895 190330
14.1899 190341
14.1904 190352
14.1909 190363
14.1914 190374
14.1919 190385
14.1923 190396
14.1928 190407
14.1933 190418
14.1938 190429
14.1943 190440
14.1948 190451
14.1952 190462
14.1957 190473
14.1962 190484
14.1967 190495
14.1972 190506
14.1976 190517
14.1981 190528
14.1986 190539
14.1991 190550
14.1996 190561
14.2 190572
14.2005 190583
14.201 190594
14.2015 190605
14.202 190616
14.2024 190626
14.2029 190636
14.2034 190646
14.2039 190656
14.2044 190666
14.2048 190676
14.2053 190686
14.2058 190696
14.2063 190706
14.2068 190716
14.2072 190726
14.2077 190736
14.2082 190746
14.2092 190756
14.2099 190766
14.2104 190776
14.2111 190786
14.2123 190796
14.2133 190806
14.2137 190816
14.2142 190826
14.2149 190836
14.2161 190846
14.2166 190856
14.2171 190866
14.2176 190876
14.2181 190886
14.2185 190896
14.2195 190906
14.22 190916
14.2205 190926
14.2209 190936
14.2214 190946
14.2219 190956
14.2224 190966
14.2229 190976
14.2234 190986
14.2238 190996
14.2243 191006
14.2248 191016
14.2253 191026
14.2258 191036
14.2262 191046
14.2267 191056
14.2272 191066
14.2277 191076
14.2282 191086
14.2286 191096
14.2291 191106
14.2296 191116
14.2301 191126
14.2306 191136
14.231 191146
14.2315 191156
14.232 191166
14.2325 191176
14.233 191186
14.2334 191196
14.2339 191206
14.2344 191216
14.2349 191226
14.2354 191236
14.2358 191246
14.2363 191256
14.2368 191266
14.2373 191276
14.2378 191286
14.2383 191296
14.2387 191306
14.2392 191316
14.2397 191326
14.2402 191336
14.2407 191346
14.2411 191356
14.2416 191366
14.2421 191376
14.2426 191386
14.2431 191396
14.244 191406
14.245 191416
14.2455 191426
14.2459 191436
14.2471 191446
14.2481 191456
14.2488 191466
14.2493 191476
14.2498 191486
14.251 191496
14.2517 191506
14.2522 191516
14.2527 191526
14.2532 191536
14.2536 191546
14.2544 191556
14.2551 191566
14.2556 191576
14.256 191586
14.2565 191596
14.257 191606
14.2575 191616
14.258 191626
14.2584 191636
14.2589 191646
14.2594 191656
14.2599 191666
14.2604 191676
14.2608 191686
14.2613 191696
14.2618 191706
14.2623 191716
14.2628 191726
14.2632 191736
14.2637 191746
14.2642 191756
14.2647 191766
14.2652 191776
14.2656 191786
14.2661 191796
14.2666 191806
14.2671 191816
14.2676 191826
14.2681 191836
14.2685 191846
14.269 191856
14.2695 191866
14.27 191876
14.2705 191886
14.2709 191896
14.2714 191906
14.2719 191916
14.2724 191926
14.2729 191936
14.2733 191946
14.2738 191956
14.2743 191966
14.2748 191976
14.2753 191986
14.2757 191996
14.2762 192006
14.2767 192016
14.2772 192026
14.2777 192036
14.2781 192046
14.2786 192056
14.2796 192066
14.2805 192076
14.281 192086
14.2815 192096
14.2827 192106
14.2839 192116
14.2846 192126
14.2851 192136
14.2856 192146
14.2868 192156
14.2875 192166
14.288 192176
14.2885 192186
14.289 192196
14.2894 192206
14.2902 192216
14.2909 192226
14.2914 192236
14.2918 192246
14.2923 192256
14.2928 192266
14.2933 192276
14.2938 192286
14.2942 192296
14.2947 192306
14.2952 192316
14.2957 192326
14.2962 192336
14.2966 192346
14.2971 192356
14.2976 192366
14.2981 192376
14.2986 192386
14.2991 192396
14.2995 192406
14.3 192416
14.3005 192426
14.301 192436
14.3015 192446
14.3019 192456
14.3024 192466
14.3029 192476
14.3034 192486
14.3039 192496
14.3043 192506
14.3048 192516
14.3053 192526
14.3058 192536
14.3063 192546
14.3067 192556
14.3072 192566
14.3077 192576
14.3082 192586
14.3087 192596
14.3091 192606
14.3096 192616
14.3101 192626
14.3106 192636
14.3111 192646
14.3115 192656
14.312 192666
14.3125 192676
14.3125 95744
14.313 95765
14.313 95744
14.3135 95765
14.3135 95744
14.314 95765
14.314 95744
14.3144 95765
14.3144 95744
14.3154 95765
14.3154 95744
14.3164 95765
14.3164 95744
14.3168 95765
14.3168 95744
14.3173 95765
14.3173 95744
14.3185 95765
14.3185 95744
14.3197 95765
14.3197 95744
14.3202 95765
14.3202 95744
14.3207 95765
14.3207 95744
14.3214 95765
14.3214 95744
14.3226 95765
14.3226 95744
14.3231 95765
14.3231 95744
14.3236 95765
14.3236 95744
14.324 95765
14.324 95744
14.3245 95765
14.3245 95744
14.325 95765
14.325 95744
14.326 95765
14.326 95744
14.3264 95765
14.3264 95744
14.3269 95765
14.3269 95744
14.3274 95765
14.3274 95744
14.3279 95765
14.3279 95744
14.3284 95765
14.3284 95744
14.3289 95765
14.3289 95744
14.3293 95765
14.3293 95744
14.3298 95765
14.3298 95744
14.3303 95765
14.3303 95744
14.3308 95765
14.3308 95744
14.3313 95765
14.3313 95744
14.3317 95765
14.3317 95744
14.3322 95765
14.3322 95744
14.3327 95765
14.3327 95744
14.3332 95765
14.3332 95744
14.3337 95765
14.3337 95744
14.3341 95765
14.3341 95744
14.3346 95765
14.3346 95744
14.3351 95765
14.3351 95744
14.3356 95765
14.3356 95744
14.3361 95765
14.3361 95744
14.3365 95765
14.3365 95744
14.337 95765
14.337 95744
14.3375 95765
14.3375 95744
14.338 95765
14.338 95744
14.3385 95765
14.3385 95744
14.3389 95765
14.3389 95744
14.3394 95765
14.3394 95744
14.3399 95765
14.3399 95744
14.3404 95765
14.3404 95744
14.3409 95765
14.3409 95744
14.3413 95765
14.3413 95744
14.3418 95765
14.3418 95744
14.3423 95765
14.3423 95744
14.3428 95765
14.3428 95744
14.3433 95765
14.3433 95744
14.3438 95765
14.3438 95744
14.3442 95765
14.3442 95744
14.3447 95765
14.3447 95744
14.3452 95765
14.3452 95744
14.3457 95765
14.3457 95744
14.3462 95765
14.3462 95744
14.3466 95765
14.3466 95744
14.3471 95765
14.3471 95744
14.3476 95765
14.3476 95744
14.3527 95765
14.3534 95786
14.3539 95807
14.3544 95828
14.3549 95849
14.3554 95870
14.3558 95891
14.3563 95912
14.3568 95933
14.3573 95954
14.3578 95975
14.3582 95996
14.3587 96017
14.3592 96038
14.3597 96059
14.3602 96080
14.3606 96101
14.3611 96122
14.3616 96143
14.3621 96164
14.3626 96185
14.363 96206
14.3635 96227
14.364 96248
14.3645 96269
14.365 96290
14.3655 96311
14.3659 96332
14.3664 96353
14.3669 96374
14.3674 96395
14.3679 96416
14.3683 96437
14.3735 96458
14.3742 96479
14.3747 96500
14.3751 96521
14.3756 96542
14.3761 96563
14.3766 96584
14.3771 96605
14.3775 96626
14.378 96647
14.3785 96668
14.379 96689
14.3795 96710
14.3799 96731
14.3804 96752
14.3809 96773
14.3814 96794
14.3819 96815
14.3823 96836
14.3828 96857
14.3833 96878
14.3838 96899
14.3843 96920
14.3847 96941
14.3852 96962
14.3857 96983
14.3862 97004
14.3867 97025
14.3872 97046
14.3876 97067
14.3881 97088
14.3886 97109
14.3891 97130
14.3942 97151
14.3949 97172
14.3954 97193
14.3959 97214
14.3964 97235
14.3968 97256
14.3973 97277
14.3978 97298
14.3983 97319
14.3988 97340
14.3992 97361
14.3997 97382
14.4002 97403
14.4007 97424
14.4012 97445
14.4016 97466
14.4021 97487
14.4026 97508
14.4031 97529
14.4036 97550
14.404 97571
14.4045 97592
14.405 97613
14.4055 97634
14.406 97655
14.4064 97676
14.4069 97697
14.4074 97718
14.4079 97739
14.4084 97760
14.4088 97781
14.4093 97802
14.4098 97823
14.4147 97844
14.4154 97865
14.4159 97886
14.4164 97907
14.4169 97928
14.4173 97949
14.4178 97970
14.4183 97991
14.4188 98012
14.4193 98033
14.4197 98054
14.4202 98075
14.4207 98096
14.4212 98117
14.4217 98138
14.4221 98159
14.4226 98180
14.4231 98201
14.4236 98222
14.4241 98243
14.4245 98264
14.425 98285
14.4255 98306
14.426 98327
14.4265 98348
14.4269 98369
14.4274 98390
14.4279 98411
14.4284 98432
14.4289 98453
14.4293 98474
14.4298 98495
14.4303 98516
14.4354 98537
14.4359 98558
14.4364 98579
14.4369 98600
14.4373 98621
14.4378 98642
14.4383 98663
14.4388 98684
14.4393 98705
14.4398 98726
14.4402 98747
14.4407 98768
14.4412 98789
14.4417 98810
14.4422 98831
14.4426 98852
14.4431 98873
14.4436 98894
14.4441 98915
14.4446 98936
14.445 98957
14.4455 98978
14.446 98999
14.4465 99020
14.447 99041
14.4474 99062
14.4479 99083
14.4484 99104
14.4489 99125
14.4494 99146
14.4498 99167
14.4503 99188
14.4508 99209
14.4518 99230
14.4566 99251
14.4571 99272
14.4575 99293
14.458 99314
14.4585 99335
14.459 99356
14.4595 99377
14.4599 99398
14.4604 99419
14.4609 99440
14.4614 99461
14.4619 99482
14.4623 99503
14.4628 99524
14.4633 99545
14.4638 99566
14.4643 99587
14.4647 99608
14.4652 99629
14.4657 99650
14.4662 99671
14.4667 99692
14.4671 99713
14.4676 99734
14.4681 99755
14.4686 99776
14.4691 99797
14.4696 99818
14.47 99839
14.4705 99860
14.471 99880
14.4715 99900
14.472 99920
14.4729 99940
14.478 99960
14.4784 99980
14.4789 100000
14.4794 100020
14.4799 100040
14.4804 100060
14.4808 100080
14.4813 100100
14.4818 100120
14.4823 100140
14.4828 100160
14.4833 100180
14.4837 100200
14.4842 100220
14.4847 100240
14.4852 100260
14.4857 100280
14.4861 100300
14.4866 100320
14.4871 100340
14.4876 100360
14.4881 100380
14.4885 100400
14.489 100420
14.4895 100440
14.49 100460
14.4905 100480
14.4909 100500
14.4914 100520
14.4919 100540
14.4924 100560
14.4929 100580
14.4933 100600
14.4941 100620
14.4991 100640
14.4996 100660
14.5001 100680
14.5006 100700
14.501 100720
14.5015 100740
14.502 100760
14.5025 100780
14.503 100800
14.5034 100820
14.5039 100840
14.5044 100860
14.5049 100880
14.5054 100900
14.5058 100920
14.5063 100940
14.5068 100960
14.5073 100980
14.5078 101000
14.5082 101020
14.5087 101040
14.5092 101060
14.5097 101080
14.5102 101100
14.5106 101120
14.5111 101140
14.5116 101160
14.5121 101180
14.5126 101200
14.513 101220
14.5135 101240
14.514 101260
14.5145 101280
14.5152 101300
14.5203 101320
14.5207 101340
14.5212 101360
14.5217 101380
14.5222 101400
14.5227 101420
14.5231 101440
14.5236 101460
14.5241 101480
14.5246 101500
14.5251 101520
14.5255 101540
14.526 101560
14.5265 101580
14.527 101600
14.5275 101620
14.5279 101640
14.5284 101660
14.5289 101680
14.5294 101700
14.5299 101720
14.5304 101740
14.5308 101760
14.5313 101780
14.5318 101800
14.5323 101820
14.5328 101840
14.5332 101860
14.5337 101880
14.5342 101900
14.5347 101920
14.5352 101940
14.5356 101960
14.5364 101980
14.5416 102000
14.5421 102020
14.5426 102040
14.5431 102060
14.5436 102080
14.5441 102100
14.5445 102120
14.545 102140
14.5455 102160
14.546 102180
14.5465 102200
14.5469 102220
14.5474 102240
14.5479 102260
14.5484 102280
14.5489 102300
14.5493 102320
14.5498 102340
14.5503 102360
14.5508 102380
14.5513 102400
14.5517 102420
14.5522 102440
14.5527 102460
14.5532 102480
14.5537 102500
14.5541 102520
14.5546 102540
14.5551 102560
14.5556 102580
14.5561 102600
14.5565 102620
14.557 102640
14.5577 102660
14.5585 102680
14.5638 102700
14.5642 102720
14.5647 102740
14.5652 102760
14.5657 102780
14.5662 102800
14.5666 102820
14.5671 102840
14.5676 102860
14.5681 102880
14.5686 102900
14.569 102920
14.5695 102940
14.57 102960
14.5705 102980
14.571 103000
14.5714 103020
14.5719 103040
14.5724 103060
14.5729 103080
14.5734 103100
14.5739 103120
14.5743 103140
14.5748 103160
14.5753 103180
14.5758 103200
14.5763 103220
14.5767 103240
14.5772 103260
14.5777 103280
14.5782 103300
14.5787 103320
14.5791 103340
14.5799 103360
14.5806 103380
14.5861 103400
14.5866 103420
14.5871 103440
14.5875 103460
14.588 103480
14.5885 103500
14.589 103520
14.5895 103540
14.59 103560
14.5904 103580
14.5909 103600
14.5914 103620
14.5919 103640
14.5924 103660
14.5928 103680
14.5933 103700
14.5938 103720
14.5943 103740
14.5948 103760
14.5952 103780
14.5957 103800
14.5962 103820
14.5967 103840
14.5972 103860
14.5976 103880
14.5981 103900
14.5986 103920
14.5991 103940
14.5996 103960
14.6 103980
14.6005 104000
14.601 104020
14.6015 104040
14.602 104060
14.6029 104080
14.6082 104100
14.6087 104120
14.6092 104140
14.6097 104160
14.6101 104180
14.6106 104200
14.6111 104220
14.6116 104240
14.6121 104260
14.6125 104280
14.613 104300
14.6135 104320
14.614 104340
14.6145 104360
14.6149 104380
14.6154 104400
14.6159 104420
14.6164 104440
14.6169 104460
14.6173 104480
14.6178 104500
14.6183 104520
14.6188 104540
14.6193 104560
14.6198 104580
14.6202 104600
14.6207 104620
14.6212 104640
14.6217 104660
14.6222 104680
14.6226 104700
14.6231 104720
14.6236 104740
14.6241 104760
14.625 104780
14.6303 104800
14.631 104820
14.6315 104840
14.632 104859
14.6325 104878
14.633 104897
14.6335 104916
14.6339 104935
14.6344 104954
14.6349 104973
14.6354 104992
14.6359 105011
14.6363 105030
14.6368 105049
14.6373 105068
14.6378 105087
14.6383 105106
14.6387 105125
14.6392 105144
14.6397 105163
14.6402 105182
14.6407 105201
14.6411 105220
14.6416 105239
14.6421 105258
14.6426 105277
14.6431 105296
14.6435 105315
14.644 105334
14.6445 105353
14.645 105372
14.6455 105391
14.6459 105410
14.6464 105429
14.6474 105448
14.6479 105467
14.6534 105486
14.6541 105505
14.6546 105524
14.6551 105543
14.6556 105562
14.656 105581
14.6565 105600
14.657 105619
14.6575 105638
14.658 105657
14.6584 105676
14.6589 105695
14.6594 105714
14.6599 105733
14.6604 105752
14.6608 105771
14.6613 105790
14.6618 105809
14.6623 105828
14.6628 105847
14.6632 105866
14.6637 105885
14.6642 105904
14.6647 105923
14.6652 105942
14.6657 105961
14.6661 105980
14.6666 105999
14.6671 106018
14.6676 106037
14.6681 106056
14.6685 106075
14.669 106094
14.6695 106113
14.6705 106132
14.6709 106151
14.6767 106170
14.6774 106189
14.6779 106208
14.6784 106227
14.6789 106246
14.6794 106265
14.6798 106284
14.6803 106303
14.6808 106322
14.6813 106341
14.6818 106360
14.6822 106379
14.6827 106398
14.6832 106417
14.6837 106436
14.6842 106455
14.6846 106474
14.6851 106493
14.6856 106512
14.6861 106531
14.6866 106550
14.687 106569
14.6875 106588
14.688 106607
14.6885 106626
14.689 106645
14.6894 106664
14.6899 106683
14.6904 106702
14.6909 106721
14.6914 106740
14.6918 106759
14.6923 106778
14.6928 106797
14.6935 106816
14.6943 106835
14.6998 106854
14.7005 106873
14.701 106892
14.7015 106911
14.7019 106930
14.7024 106949
14.7029 106968
14.7034 106987
14.7039 107006
14.7043 107025
14.7048 107044
14.7053 107063
14.7058 107082
14.7063 107101
14.7067 107120
14.7072 107139
14.7077 107158
14.7082 107177
14.7087 107196
14.7092 107215
14.7096 107234
14.7101 107253
14.7106 107272
14.7111 107291
14.7116 107310
14.712 107329
14.7125 107348
14.713 107367
14.7135 107386
14.714 107405
14.7144 107424
14.7149 107443
14.7154 107462
14.7159 107481
14.7166 107500
14.7173 107519
14.7228 107538
14.7238 107557
14.7243 107576
14.7248 107595
14.7253 107614
14.7257 107633
14.7262 107652
14.7267 107671
14.7272 107690
14.7277 107709
14.7281 107728
14.7286 107747
14.7291 107766
14.7296 107785
14.7301 107804
14.7305 107823
14.731 107842
14.7315 107861
14.732 107880
14.7325 107899
14.7329 107918
14.7334 107937
14.7339 107956
14.7344 107975
14.7349 107994
14.7353 108013
14.7358 108032
14.7363 108051
14.7368 108070
14.7373 108089
14.7377 108108
14.7382 108127
14.7387 108146
14.7392 108165
14.7397 108184
14.7402 108203
14.7406 108222
14.7438 108241
14.7448 108260
14.7453 108279
14.7458 108298
14.7462 108317
14.7467 108336
14.7472 108355
14.7477 108374
14.7482 108393
14.7486 108412
14.7491 108431
14.7496 108450
14.7501 108469
14.7506 108488
14.751 108507
14.7515 108526
14.752 108545
14.7525 108564
14.753 108583
14.7534 108602
14.7539 108621
14.7544 108640
14.7549 108659
14.7554 108678
14.7558 108697
14.7563 108716
14.7568 108735
14.7573 108754
14.7578 108773
14.7582 108792
14.7587 108811
14.7592 108830
14.7597 108849
14.7602 108868
14.7607 108887
14.7611 108906
14.7616 108925
14.7648 108944
14.7658 108963
14.7662 108982
14.7667 109001
14.7672 109020
14.7677 109039
14.7682 109058
14.7687 109077
14.7691 109096
14.7696 109115
14.7701 109134
14.7706 109153
14.7711 109172
14.7715 109191
14.772 109210
14.7725 109229
14.773 109248
14.7735 109267
14.7739 109286
14.7744 109305
14.7749 109324
14.7754 109343
14.7759 109362
14.7763 109381
14.7768 109400
14.7773 109419
14.7778 109438
14.7783 109457
14.7787 109476
14.7792 109495
14.7797 109514
14.7802 109533
14.7807 109552
14.7811 109571
14.7816 109590
14.7821 109609
14.7826 109628
14.7855 109647
14.7864 109666
14.7869 109685
14.7874 109704
14.7879 109723
14.7884 109742
14.7888 109761
14.7893 109780
14.7898 109799
14.7903 109818
14.7908 109837
14.7912 109856
14.7917 109875
14.7922 109894
14.7927 109913
14.7932 109932
14.7936 109951
14.7941 109970
14.7946 109989
14.7951 110008
14.7956 110027
14.796 110046
14.7965 110065
14.797 110084
14.7975 110103
14.798 110122
14.7985 110141
14.7989 110160
14.7994 110179
14.7999 110198
14.8004 110217
14.8009 110236
14.8013 110255
14.8018 110274
14.8023 110293
14.8028 110312
14.8033 110331
14.8061 110350
14.8073 110369
14.8078 110387
14.8083 110405
14.8088 110423
14.8093 110441
14.8097 110459
14.8102 110477
14.8107 110495
14.8112 110513
14.8117 110531
14.8121 110549
14.8126 110567
14.8131 110585
14.8136 110603
14.8141 110621
14.8146 110639
14.815 110657
14.8155 110675
14.816 110693
14.8165 110711
14.817 110729
14.8174 110747
14.8179 110765
14.8184 110783
14.8189 110801
14.8194 110819
14.8198 110837
14.8203 110855
14.8208 110873
14.8213 110891
14.8218 110909
14.8222 110927
14.8227 110945
14.8232 110963
14.8237 110981
14.8242 110999
14.8249 111017
14.8278 111035
14.829 111053
14.8295 111071
14.8299 111089
14.8304 111107
14.8309 111125
14.8314 111143
14.8319 111161
14.8323 111179
14.8328 111197
14.8333 111215
14.8338 111233
14.8343 111251
14.8347 111269
14.8352 111287
14.8357 111305
14.8362 111323
14.8367 111341
14.8371 111359
14.8376 111377
14.8381 111395
14.8386 111413
14.8391 111431
14.8395 111449
14.84 111467
14.8405 111485
14.841 111503
14.8415 111521
14.8419 111539
14.8424 111557
14.8429 111575
14.8434 111593
14.8439 111611
14.8444 111629
14.8448 111647
14.8453 111665
14.8458 111683
14.8465 111701
14.8494 111719
14.8506 111737
14.8513 111755
14.8518 111773
14.8523 111791
14.8528 111809
14.8532 111827
14.8537 111845
14.8542 111863
14.8547 111881
14.8552 111899
14.8556 111917
14.8561 111935
14.8566 111953
14.8571 111971
14.8576 111989
14.8581 112007
14.8585 112025
14.859 112043
14.8595 112061
14.86 112079
14.8605 112097
14.8609 112115
14.8614 112133
14.8619 112151
14.8624 112169
14.8629 112187
14.8633 112205
14.8638 112223
14.8643 112241
14.8648 112259
14.8653 112277
14.8657 112295
14.8662 112313
14.8667 112331
14.8672 112349
14.8677 112367
14.8681 112385
14.871 112403
14.8722 112421
14.873 112439
14.8734 112457
14.8739 112475
14.8744 112493
14.8749 112511
14.8754 112529
14.8758 112547
14.8763 112565
14.8768 112583
14.8773 112601
14.8778 112619
14.8782 112637
14.8787 112655
14.8792 112673
14.8797 112691
14.8802 112709
14.8806 112727
14.8811 112745
14.8816 112763
14.8821 112781
14.8826 112799
14.883 112817
14.8835 112835
14.884 112853
14.8845 112871
14.885 112889
14.8854 112907
14.8859 112925
14.8864 112943
14.8869 112961
14.8874 112979
14.8879 112997
14.8883 113015
14.8888 113033
14.8893 113051
14.8898 113069
14.8927 113087
14.8939 113105
14.8946 113123
14.8951 113141
14.8955 113159
14.896 113177
14.8965 113195
14.897 113213
14.8975 113231
14.8979 113249
14.8984 113267
14.8989 113285
14.8994 113303
14.8999 113321
14.9003 113339
14.9008 113357
14.9013 113375
14.9018 113393
14.9023 113411
14.9028 113429
14.9032 113447
14.9037 113465
14.9042 113483
14.9047 113501
14.9052 113519
14.9056 113537
14.9061 113555
14.9066 113573
14.9071 113591
14.9076 113609
14.908 113627
14.9085 113645
14.909 113663
14.9095 113681
14.91 113699
14.9104 113717
14.9109 113735
14.9114 113753
14.9124 113771
14.915 113789
14.9164 113807
14.9169 113825
14.9174 113843
14.9179 113861
14.9184 113879
14.9189 113897
14.9193 113915
14.9198 113933
14.9203 113951
14.9208 113969
14.9213 113987
14.9217 114005
14.9222 114023
14.9227 114041
14.9232 114059
14.9237 114077
14.9241 114095
14.9246 114113
14.9251 114131
14.9256 114149
14.9261 114167
14.9265 114185
14.927 114203
14.9275 114221
14.928 114239
14.9285 114257
14.9289 114275
14.9294 114293
14.9299 114311
14.9304 114329
14.9309 114347
14.9313 114365
14.9318 114383
14.9323 114401
14.9328 114419
14.9333 114437
14.934 114455
14.935 114473
14.9376 114491
14.939 114509
14.9395 114527
14.94 114545
14.9405 114563
14.941 114581
14.9414 114599
14.9419 114617
14.9424 114635
14.9429 114653
14.9434 114671
14.9438 114689
14.9443 114707
14.9448 114725
14.9453 114743
14.9458 114761
14.9462 114779
14.9467 114797
14.9472 114815
14.9477 114833
14.9482 114851
14.9487 114869
14.9491 114887
14.9496 114905
14.9501 114923
14.9506 114941
14.9511 114959
14.9515 114977
14.952 114995
14.9525 115013
14.953 115031
14.9535 115049
14.9539 115067
14.9544 115085
14.9549 115103
14.9554 115121
14.9559 115139
14.9563 115157
14.9573 115175
14.9602 115193
14.9616 115211
14.9623 115229
14.9628 115247
14.9633 115265
14.9638 115283
14.9643 115301
14.9648 115319
14.9652 115337
14.9657 115355
14.9662 115373
14.9667 115391
14.9672 115409
14.9676 115427
14.9681 115445
14.9686 115463
14.9691 115481
14.9696 115499
14.97 115517
14.9705 115535
14.971 115553
14.9715 115571
14.972 115589
14.9724 115607
14.9729 115625
14.9734 115643
14.9739 115661
14.9744 115679
14.9748 115697
14.9753 115715
14.9758 115733
14.9763 115751
14.9768 115769
14.9772 115787
14.9777 115805
14.9782 115823
14.9787 115841
14.9792 115859
14.9799 115877
14.9828 115895
14.9842 115913
14.9849 115931
14.9854 115949
14.9859 115967
14.9864 115985
14.9869 116003
14.9873 116021
14.9878 116039
14.9883 116057
14.9888 116075
14.9893 116093
14.9897 116111
14.9902 116129
14.9907 116147
14.9912 116165
14.9917 116183
14.9921 116201
14.9926 116219
14.9931 116237
14.9936 116255
14.9941 116273
14.9946 116291
14.995 116309
14.9955 116327
14.996 116345
14.9965 116363
14.997 116381
14.9974 116399
14.9979 116417
14.9984 116435
14.9989 116453
14.9994 116471
14.9998 116489
15.0003 116506
15.0008 116523
15.0013 116540
15.0018 116557
15.0025 116574
15.0032 116591
15.0061 116608
15.0078 116625
15.0083 116642
15.0087 116659
15.0092 116676
15.0097 116693
15.0102 116710
15.0107 116727
15.0111 116744
15.0116 116761
15.0121 116778
15.0126 116795
15.0131 116812
15.0135 116829
15.014 116846
15.0145 116863
15.015 116880
15.0155 116897
15.0159 116914
15.0164 116931
15.0169 116948
15.0174 116965
15.0179 116982
15.0183 116999
15.0188 117016
15.0193 117033
15.0198 117050
15.0203 117067
15.0207 117084
15.0212 117101
15.0217 117118
15.0222 117135
15.0227 117152
15.0232 117169
15.0236 117186
15.0241 117203
15.0246 117220
15.0251 117237
15.026 117254
15.0268 117271
15.0296 117288
15.0313 117305
15.0318 117322
15.0323 117339
15.0328 117356
15.0332 117373
15.0337 117390
15.0342 117407
15.0347 117424
15.0352 117441
15.0356 117458
15.0361 117475
15.0366 117492
15.0371 117509
15.0376 117526
15.0381 117543
15.0385 117560
15.039 117577
15.0395 117594
15.04 117611
15.0405 117628
15.0409 117645
15.0414 117662
15.0419 117679
15.0424 117696
15.0429 117713
15.0433 117730
15.0438 117747
15.0443 117764
15.0448 117781
15.0453 117798
15.0457 117815
15.0462 117832
15.0467 117849
15.0472 117866
15.0477 117883
15.0481 117900
15.0486 117917
15.0496 117934
15.0503 117951
15.0534 117968
15.0549 117985
15.0556 118002
15.0561 118019
15.0566 118036
15.057 118053
15.0575 118070
15.058 118087
15.0585 118104
15.059 118121
15.0594 118138
15.0599 118155
15.0604 118172
15.0609 118189
15.0614 118206
15.0618 118223
15.0623 118240
15.0628 118257
15.0633 118274
15.0638 118291
15.0642 118308
15.0647 118325
15.0652 118342
15.0657 118359
15.0662 118376
15.0666 118393
15.0671 118410
15.0676 118427
15.0681 118444
15.0686 118461
15.0691 118478
15.0695 118495
15.07 118512
15.0705 118529
15.071 118546
15.0715 118563
15.0719 118580
15.0724 118597
15.0731 118614
15.0739 118631
15.077 118648
15.0784 118665
15.0791 118682
15.0796 118699
15.0801 118716
15.0806 118733
15.0811 118750
15.0815 118767
15.082 118784
15.0825 118801
15.083 118818
15.0835 118835
15.084 118852
15.0844 118869
15.0849 118886
15.0854 118903
15.0859 118920
15.0864 118937
15.0868 118954
15.0873 118971
15.0878 118988
15.0883 119005
15.0888 119022
15.0892 119039
15.0897 119056
15.0902 119073
15.0907 119090
15.0912 119107
15.0916 119124
15.0921 119141
15.0926 119158
15.0931 119175
15.0936 119192
15.094 119209
15.0945 119226
15.095 119243
15.0955 119260
15.096 119277
15.0967 119294
15.0974 119311
15.1005 119328
15.102 119345
15.1029 119362
15.1034 119379
15.1039 119396
15.1044 119413
15.1049 119430
15.1053 119447
15.1058 119464
15.1063 119481
15.1068 119498
15.1073 119515
15.1077 119532
15.1082 119549
15.1087 119566
15.1092 119583
15.1097 119600
15.1101 119617
15.1106 119634
15.1111 119651
15.1116 119668
15.1121 119685
15.1125 119702
15.113 119719
15.1135 119736
15.114 119753
15.1145 119770
15.115 119787
15.1154 119804
15.1159 119821
15.1164 119838
15.1169 119855
15.1174 119872
15.1178 119889
15.1183 119906
15.1188 119923
15.1193 119940
15.1198 119957
15.1205 119974
15.1212 119991
15.1219 120008
15.125 120025
15.1265 120042
15.1274 120059
15.1279 120076
15.1284 120093
15.1289 120110
15.1294 120127
15.1299 120144
15.1303 120161
15.1308 120178
15.1313 120195
15.1318 120212
15.1323 120229
15.1327 120246
15.1332 120263
15.1337 120280
15.1342 120297
15.1347 120314
15.1351 120331
15.1356 120348
15.1361 120365
15.1366 120382
15.1371 120399
15.1375 120416
15.138 120433
15.1385 120450
15.139 120467
15.1395 120484
15.1399 120501
15.1404 120518
15.1409 120535
15.1414 120552
15.1419 120569
15.1423 120586
15.1428 120603
15.1433 120620
15.1438 120637
15.1443 120654
15.145 120671
15.1457 120688
15.1464 120705
15.1496 120722
15.151 120739
15.152 120756
15.1527 120773
15.1532 120790
15.1536 120807
15.1541 120824
15.1546 120841
15.1551 120858
15.1556 120875
15.156 120892
15.1565 120909
15.157 120926
15.1575 120943
15.158 120960
15.1585 120977
15.1589 120994
15.1594 121011
15.1599 121028
15.1604 121045
15.1609 121062
15.1613 121079
15.1618 121096
15.1623 121113
15.1628 121130
15.1633 121147
15.1637 121164
15.1642 121181
15.1647 121198
15.1652 121215
15.1657 121232
15.1661 121249
15.1666 121266
15.1671 121283
15.1676 121300
15.1681 121317
15.1685 121334
15.169 121351
15.1695 121368
15.1705 121385
15.1709 121402
15.1741 121419
15.1755 121436
15.1765 121453
15.1772 121470
15.1777 121487
15.1782 121504
15.1786 121521
15.1791 121538
15.1796 121555
15.1801 121572
15.1806 121589
15.181 121606
15.1815 121623
15.182 121640
15.1825 121657
15.183 121674
15.1834 121691
15.1839 121708
15.1844 121725
15.1849 121742
15.1854 121759
15.1858 121776
15.1863 121793
15.1868 121810
15.1873 121827
15.1878 121844
15.1883 121861
15.1887 121878
15.1892 121895
15.1897 121912
15.1902 121929
15.1907 121946
15.1911 121963
15.1916 121980
15.1921 121997
15.1926 122014
15.1931 122031
15.1935 122048
15.194 122065
15.195 122082
15.1955 122099
15.1986 122116
15.2 122133
15.201 122150
15.2017 122167
15.2022 122184
15.2027 122201
15.2032 122218
15.2036 122235
15.2041 122252
15.2046 122269
15.2051 122286
15.2056 122303
15.206 122320
15.2065 122337
15.207 122354
15.2075 122371
15.208 122388
15.2084 122405
15.2089 122422
15.2094 122439
15.2099 122456
15.2104 122473
15.2108 122490
15.2113 122507
15.2118 122524
15.2123 122541
15.2128 122558
15.2132 122575
15.2137 122592
15.2142 122609
15.2147 122626
15.2152 122643
15.2156 122660
15.2161 122677
15.2166 122694
15.2171 122711
15.2176 122728
15.218 122745
15.2185 122762
15.2195 122779
15.2202 122796
15.2209 122813
15.2241 122830
15.2255 122847
15.2265 122864
15.2269 122881
15.2274 122898
15.2279 122915
15.2284 122932
15.2289 122949
15.2293 122966
15.2298 122983
15.2303 123000
15.2308 123017
15.2313 123034
15.2317 123051
15.2322 123068
15.2327 123085
15.2332 123102
15.2337 123119
15.2342 123136
15.2346 123153
15.2351 123170
15.2356 123187
15.2361 123204
15.2366 123221
15.237 123238
15.2375 123255
15.238 123272
15.2385 123289
15.239 123306
15.2394 123323
15.2399 123340
15.2404 123356
15.2409 123372
15.2414 123388
15.2418 123404
15.2423 123420
15.2428 123436
15.2433 123452
15.244 123468
15.245 123484
15.2457 123500
15.2464 123516
15.2495 123532
15.251 123548
15.2519 123564
15.2524 123580
15.2529 123596
15.2534 123612
15.2539 123628
15.2543 123644
15.2548 123660
15.2553 123676
15.2558 123692
15.2563 123708
15.2567 123724
15.2572 123740
15.2577 123756
15.2582 123772
15.2587 123788
15.2591 123804
15.2596 123820
15.2601 123836
15.2606 123852
15.2611 123868
15.2615 123884
15.262 123900
15.2625 123916
15.263 123932
15.2635 123948
15.264 123964
15.2644 123980
15.2649 123996
15.2654 124012
15.2659 124028
15.2664 124044
15.2668 124060
15.2673 124076
15.2678 124092
15.2683 124108
15.2688 124124
15.2692 124140
15.2702 124156
15.2712 124172
15.2716 124188
15.275 124204
15.2764 124220
15.2774 124236
15.2781 124252
15.2786 124268
15.2791 124284
15.2796 124300
15.2801 124316
15.2805 124332
15.281 124348
15.2815 124364
15.282 124380
15.2825 124396
15.2829 124412
15.2834 124428
15.2839 124444
15.2844 124460
15.2849 124476
15.2853 124492
15.2858 124508
15.2863 124524
15.2868 124540
15.2873 124556
15.2877 124572
15.2882 124588
15.2887 124604
15.2892 124620
15.2897 124636
15.2901 124652
15.2906 124668
15.2911 124684
15.2916 124700
15.2921 124716
15.2925 124732
15.293 124748
15.2935 124764
15.294 124780
15.2945 124796
15.295 124812
15.2957 124828
15.2966 124844
15.2974 124860
15.3005 124876
15.3019 124892
15.3029 124908
15.3036 124924
15.3041 124940
15.3046 124956
15.305 124972
15.3055 124988
15.306 125004
15.3065 125020
15.307 125036
15.3074 125052
15.3079 125068
15.3084 125084
15.3089 125100
15.3094 125116
15.3099 125132
15.3103 125148
15.3108 125164
15.3113 125180
15.3118 125196
15.3123 125212
15.3127 125228
15.3127 61952
15.3132 61985
15.3132 61952
15.3137 61985
15.3137 61952
15.3142 61985
15.3142 61952
15.3147 61985
15.3147 61952
15.3151 61985
15.3151 61952
15.3156 61985
15.3156 61952
15.3161 61985
15.3161 61952
15.3166 61985
15.3166 61952
15.3171 61985
15.3171 61952
15.3175 61985
15.3175 61952
15.318 61985
15.318 61952
15.3185 61985
15.3185 61952
15.319 61985
15.319 61952
15.3195 61985
15.3195 61952
15.3199 61985
15.3199 61952
15.3204 61985
15.3204 61952
15.3211 61985
15.3211 61952
15.3219 61985
15.3219 61952
15.3228 61985
15.3228 61952
15.3233 61985
15.3233 61952
15.3267 61985
15.3267 61952
15.3284 61985
15.3284 61952
15.3293 61985
15.3293 61952
15.3298 61985
15.3298 61952
15.3303 61985
15.3303 61952
15.3308 61985
15.3308 61952
15.3312 61985
15.3312 61952
15.3317 61985
15.3317 61952
15.3322 61985
15.3322 61952
15.3327 61985
15.3327 61952
15.3332 61985
15.3332 61952
15.3336 61985
15.3336 61952
15.3341 61985
15.3341 61952
15.3346 61985
15.3346 61952
15.3351 61985
15.3351 61952
15.3356 61985
15.3356 61952
15.336 61985
15.336 61952
15.3365 61985
15.3365 61952
15.337 61985
15.337 61952
15.3375 61985
15.3375 61952
15.338 61985
15.338 61952
15.3385 61985
15.3385 61952
15.3493 61985
15.3503 62018
15.3508 62051
15.3513 62084
15.3517 62117
15.3522 62150
15.3527 62183
15.3532 62216
15.3537 62249
15.3541 62282
15.3546 62315
15.3551 62348
15.3556 62381
15.3561 62414
15.3565 62447
15.357 62480
15.3575 62513
15.358 62546
15.3585 62579
15.3589 62612
15.3594 62645
15.3703 62678
15.3713 62711
15.3718 62744
15.3722 62777
15.3727 62810
15.3732 62843
15.3737 62876
15.3742 62909
15.3746 62942
15.3751 62975
15.3756 63008
15.3761 63041
15.3766 63074
15.377 63107
15.3775 63140
15.378 63173
15.3785 63206
15.379 63239
15.3794 63272
15.3799 63305
15.3804 63338
15.3908 63371
15.3918 63404
15.3923 63437
15.3927 63470
15.3932 63503
15.3937 63536
15.3942 63569
15.3947 63601
15.3951 63633
15.3956 63665
15.3961 63697
15.3966 63729
15.3971 63761
15.3975 63793
15.398 63825
15.3985 63857
15.399 63889
15.3995 63921
15.3999 63953
15.4004 63985
15.4009 64017
15.4113 64049
15.4123 64081
15.4128 64113
15.4132 64145
15.4137 64177
15.4142 64209
15.4147 64241
15.4152 64273
15.4156 64305
15.4161 64337
15.4166 64369
15.4171 64401
15.4176 64433
15.418 64465
15.4185 64497
15.419 64529
15.4195 64561
15.42 64593
15.4204 64625
15.4209 64657
15.4214 64689
15.4219 64721
15.432 64753
15.4332 64785
15.4337 64817
15.4342 64849
15.4347 64881
15.4352 64913
15.4357 64945
15.4361 64977
15.4366 65009
15.4371 65041
15.4376 65073
15.4381 65105
15.4385 65137
15.439 65169
15.4395 65201
15.44 65233
15.4405 65265
15.4409 65297
15.4414 65329
15.4419 65361
15.4424 65393
15.4429 65425
15.4528 65457
15.4542 65489
15.4547 65521
15.4552 65553
15.4557 65584
15.4562 65615
15.4566 65646
15.4571 65677
15.4576 65708
15.4581 65739
15.4586 65770
15.459 65801
15.4595 65832
15.46 65863
15.4605 65894
15.461 65925
15.4614 65956
15.4619 65987
15.4624 66018
15.4629 66049
15.4634 66080
15.4638 66111
15.4733 66142
15.4747 66173
15.4752 66204
15.4757 66235
15.4762 66266
15.4766 66297
15.4771 66328
15.4776 66359
15.4781 66390
15.4786 66421
15.4791 66452
15.4795 66483
15.48 66514
15.4805 66545
15.481 66576
15.4815 66607
15.4819 66638
15.4824 66669
15.4829 66700
15.4834 66731
15.4839 66762
15.4843 66793
15.4938 66824
15.4952 66855
15.4957 66886
15.4962 66917
15.4967 66948
15.4971 66979
15.4976 67010
15.4981 67041
15.4986 67072
15.4991 67103
15.4995 67134
15.5 67165
15.5005 67196
15.501 67227
15.5015 67258
15.502 67289
15.5024 67320
15.5029 67351
15.5034 67382
15.5039 67413
15.5044 67444
15.5048 67475
15.5053 67506
15.5145 67537
15.516 67568
15.5164 67599
15.5169 67630
15.5174 67661
15.5179 67691
15.5184 67721
15.5188 67751
15.5193 67781
15.5198 67811
15.5203 67841
15.5208 67871
15.5212 67901
15.5217 67931
15.5222 67961
15.5227 67991
15.5232 68021
15.5237 68051
15.5241 68081
15.5246 68111
15.5251 68141
15.5256 68171
15.5261 68201
15.5355 68231
15.5367 68261
15.5372 68291
15.5377 68321
15.5381 68351
15.5386 68381
15.5391 68411
15.5396 68441
15.5401 68471
15.5405 68501
15.541 68531
15.5415 68561
15.542 68591
15.5425 68621
15.5429 68651
15.5434 68681
15.5439 68711
15.5444 68741
15.5449 68771
15.5454 68801
15.5458 68831
15.5463 68861
15.5468 68891
15.556 68921
15.5572 68951
15.5577 68981
15.5582 69011
15.5586 69041
15.5591 69071
15.5596 69101
15.5601 69131
15.5606 69161
15.561 69191
15.5615 69221
15.562 69251
15.5625 69281
15.563 69311
15.5634 69341
15.5639 69371
15.5644 69401
15.5649 69431
15.5654 69461
15.5658 69491
15.5663 69521
15.5668 69551
15.5673 69581
15.5765 69611
15.5777 69641
15.5782 69671
15.5787 69701
15.5791 69731
15.5796 69761
15.5801 69791
15.5806 69821
15.5811 69851
15.5815 69881
15.582 69911
15.5825 69940
15.583 69969
15.5835 69998
15.5839 70027
15.5844 70056
15.5849 70085
15.5854 70114
15.5859 70143
15.5863 70172
15.5868 70201
15.5873 70230
15.5878 70259
15.5883 70288
15.5972 70317
15.5984 70346
15.5989 70375
15.5994 70404
15.5999 70433
15.6004 70462
15.6008 70491
15.6013 70520
15.6018 70549
15.6023 70578
15.6028 70607
15.6032 70636
15.6037 70665
15.6042 70694
15.6047 70723
15.6052 70752
15.6056 70781
15.6061 70810
15.6066 70839
15.6071 70868
15.6076 70897
15.608 70926
15.6085 70955
15.609 70984
15.618 71013
15.6192 71042
15.6197 71071
15.6201 71100
15.6206 71129
15.6211 71158
15.6216 71187
15.6221 71216
15.6225 71245
15.623 71274
15.6235 71303
15.624 71332
15.6245 71361
15.6249 71390
15.6254 71419
15.6259 71448
15.6264 71477
15.6269 71506
15.6273 71535
15.6278 71564
15.6283 71593
15.6288 71622
15.6293 71651
15.6297 71680
15.6385 71709
15.6397 71738
15.6402 71767
15.6406 71796
15.6411 71825
15.6416 71854
15.6421 71883
15.6426 71912
15.643 71941
15.6435 71970
15.644 71999
15.6445 72028
15.645 72057
15.6454 72086
15.6459 72115
15.6464 72144
15.6469 72173
15.6474 72202
15.6478 72231
15.6483 72260
15.6488 72289
15.6493 72318
15.6498 72346
15.6502 72374
15.659 72402
15.6602 72430
15.6606 72458
15.6611 72486
15.6616 72514
15.6621 72542
15.6626 72570
15.6631 72598
15.6635 72626
15.664 72654
15.6645 72682
15.665 72710
15.6655 72738
15.6659 72766
15.6664 72794
15.6669 72822
15.6674 72850
15.6679 72878
15.6683 72906
15.6688 72934
15.6693 72962
15.6698 72990
15.6703 73018
15.6707 73046
15.6795 73074
15.6802 73102
15.6809 73130
15.6814 73158
15.6819 73186
15.6823 73214
15.6828 73242
15.6833 73270
15.6838 73298
15.6843 73326
15.6848 73354
15.6852 73382
15.6857 73410
15.6862 73438
15.6867 73466
15.6872 73494
15.6876 73522
15.6881 73550
15.6886 73578
15.6891 73606
15.6896 73634
15.69 73662
15.6905 73690
15.691 73718
15.6915 73746
15.7004 73774
15.7012 73802
15.7019 73830
15.7024 73858
15.7028 73886
15.7033 73914
15.7038 73942
15.7043 73970
15.7048 73998
15.7052 74026
15.7057 74054
15.7062 74082
15.7067 74110
15.7072 74138
15.7077 74166
15.7081 74194
15.7086 74222
15.7091 74250
15.7096 74278
15.7101 74306
15.7105 74334
15.711 74362
15.7115 74390
15.712 74418
15.7125 74446
15.7214 74474
15.7221 74502
15.7229 74530
15.7233 74558
15.7238 74586
15.7243 74614
15.7248 74642
15.7253 74670
15.7257 74698
15.7262 74726
15.7267 74754
15.7272 74782
15.7277 74810
15.7282 74838
15.7286 74866
15.7291 74894
15.7296 74921
15.7301 74948
15.7306 74975
15.731 75002
15.7315 75029
15.732 75056
15.7325 75083
15.733 75110
15.7334 75137
15.7419 75164
15.7426 75191
15.7434 75218
15.7438 75245
15.7443 75272
15.7448 75299
15.7453 75326
15.7458 75353
15.7462 75380
15.7467 75407
15.7472 75434
15.7477 75461
15.7482 75488
15.7486 75515
15.7491 75542
15.7496 75569
15.7501 75596
15.7506 75623
15.7511 75650
15.7515 75677
15.752 75704
15.7525 75731
15.753 75758
15.7535 75785
15.7539 75812
15.7624 75839
15.7631 75866
15.7641 75893
15.7646 75920
15.7651 75947
15.7655 75974
15.766 76001
15.7665 76028
15.767 76055
15.7675 76082
15.7679 76109
15.7684 76136
15.7689 76163
15.7694 76190
15.7699 76217
15.7703 76244
15.7708 76271
15.7713 76298
15.7718 76325
15.7723 76352
15.7728 76379
15.7732 76406
15.7737 76433
15.7742 76460
15.7747 76487
15.7752 76514
15.7834 76541
15.7841 76568
15.7851 76595
15.7856 76622
15.786 76649
15.7865 76676
15.787 76703
15.7875 76730
15.788 76757
15.7884 76784
15.7889 76811
15.7894 76838
15.7899 76865
15.7904 76892
15.7908 76919
15.7913 76946
15.7918 76973
15.7923 77000
15.7928 77027
15.7932 77054
15.7937 77081
15.7942 77108
15.7947 77135
15.7952 77162
15.7957 77189
15.7961 77216
15.8044 77243
15.8051 77270
15.8058 77297
15.8063 77324
15.8068 77351
15.8073 77378
15.8077 77405
15.8082 77432
15.8087 77459
15.8092 77486
15.8097 77513
15.8101 77540
15.8106 77567
15.8111 77594
15.8116 77621
15.8121 77648
15.8125 77675
15.813 77701
15.8135 77727
15.814 77753
15.8145 77779
15.8149 77805
15.8154 77831
15.8159 77857
15.8164 77883
15.8169 77909
15.8249 77935
15.8256 77961
15.8263 77987
15.8268 78013
15.8273 78039
15.8278 78065
15.8282 78091
15.8287 78117
15.8292 78143
15.8297 78169
15.8302 78195
15.8306 78221
15.8311 78247
15.8316 78273
15.8321 78299
15.8326 78325
15.833 78351
15.8335 78377
15.834 78403
15.8345 78429
15.835 78455
15.8354 78481
15.8359 78507
15.8364 78533
15.8369 78559
15.8374 78585
15.8454 78611
15.8461 78637
15.8471 78663
15.8475 78689
15.848 78715
15.8485 78741
15.849 78767
15.8495 78793
15.8499 78819
15.8504 78845
15.8509 78871
15.8514 78897
15.8519 78923
15.8523 78949
15.8528 78975
15.8533 79001
15.8538 79027
15.8543 79053
15.8547 79079
15.8552 79105
15.8557 79131
15.8562 79157
15.8567 79183
15.8571 79209
15.8576 79235
15.8581 79261
15.8586 79287
15.8663 79313
15.8671 79339
15.868 79365
15.8685 79391
15.869 79417
15.8695 79443
15.87 79469
15.8704 79495
15.8709 79521
15.8714 79547
15.8719 79573
15.8724 79599
15.8728 79625
15.8733 79651
15.8738 79677
15.8743 79703
15.8748 79729
15.8752 79755
15.8757 79781
15.8762 79807
15.8767 79833
15.8772 79859
15.8776 79885
15.8781 79911
15.8786 79937
15.8791 79963
15.8796 79989
15.8873 80015
15.888 80041
15.8888 80067
15.8893 80093
15.8897 80119
15.8902 80145
15.8907 80171
15.8912 80197
15.8917 80223
15.8921 80249
15.8926 80275
15.8931 80301
15.8936 80327
15.8941 80353
15.8945 80379
15.895 80405
15.8955 80431
15.896 80457
15.8965 80483
15.8969 80509
15.8974 80535
15.8979 80561
15.8984 80587
15.8989 80613
15.8993 80639
15.8998 80665
15.9003 80690
15.9078 80715
15.9085 80740
15.9093 80765
15.9097 80790
15.9102 80815
15.9107 80840
15.9112 80865
15.9117 80890
15.9122 80915
15.9126 80940
15.9131 80965
15.9136 80990
15.9141 81015
15.9146 81040
15.915 81065
15.9155 81090
15.916 81115
15.9165 81140
15.917 81165
15.9174 81190
15.9179 81215
15.9184 81240
15.9189 81265
15.9194 81290
15.9198 81315
15.9203 81340
15.9208 81365
15.9283 81390
15.929 81415
15.9298 81440
15.9302 81465
15.9307 81490
15.9312 81515
15.9317 81540
15.9322 81565
15.9326 81590
15.9331 81615
15.9336 81640
15.9341 81665
15.9346 81690
15.9351 81715
15.9355 81740
15.936 81765
15.9365 81790
15.937 81815
15.9375 81840
15.9379 81865
15.9384 81890
15.9389 81915
15.9394 81940
15.9399 81965
15.9403 81990
15.9408 82015
15.9413 82040
15.9418 82065
15.9491 82090
15.95 82115
15.9507 82140
15.9512 82165
15.9517 82190
15.9522 82215
15.9527 82240
15.9531 82265
15.9536 82290
15.9541 82315
15.9546 82340
15.9551 82365
15.9556 82390
15.956 82415
15.9565 82440
15.957 82465
15.9575 82490
15.958 82515
15.9584 82540
15.9589 82565
15.9594 82590
15.9599 82615
15.9604 82640
15.9608 82665
15.9613 82690
15.9618 82715
15.9623 82740
15.9628 82765
15.9698 82790
15.971 82815
15.9717 82840
15.9722 82865
15.9727 82890
15.9732 82915
15.9736 82940
15.9741 82965
15.9746 82990
15.9751 83015
15.9756 83040
15.976 83065
15.9765 83090
15.977 83115
15.9775 83140
15.978 83165
15.9785 83190
15.9789 83215
15.9794 83240
15.9799 83265
15.9804 83290
15.9809 83315
15.9813 83340
15.9818 83365
15.9823 83390
15.9828 83415
15.9833 83440
15.9837 83465
15.9903 83490
15.9915 83515
15.9922 83540
15.9927 83565
15.9932 83590
15.9937 83615
15.9941 83640
15.9946 83665
15.9951 83690
15.9956 83715
15.9961 83740
15.9965 83765
15.997 83790
15.9975 83815
15.998 83840
15.9985 83865
15.9989 83890
15.9994 83914
15.9999 83938
16.0004 83962
16.0009 83986
16.0014 84010
16.0018 84034
16.0023 84058
16.0028 84082
16.0033 84106
16.0038 84130
16.0042 84154
16.0108 84178
16.012 84202
16.0127 84226
16.0132 84250
16.0137 84274
16.0142 84298
16.0146 84322
16.0151 84346
16.0156 84370
16.0161 84394
16.0166 84418
16.017 84442
16.0175 84466
16.018 84490
16.0185 84514
16.019 84538
16.0194 84562
16.0199 84586
16.0204 84610
16.0209 84634
16.0214 84658
16.0219 84682
16.0223 84706
16.0228 84730
16.0233 84754
16.0238 84778
16.0243 84802
16.0247 84826
16.0252 84850
16.0318 84874
16.033 84898
16.0337 84922
16.0342 84946
16.0347 84970
16.0351 84994
16.0356 85018
16.0361 85042
16.0366 85066
16.0371 85090
16.0375 85114
16.038 85138
16.0385 85162
16.039 85186
16.0395 85210
16.0399 85234
16.0404 85258
16.0409 85282
16.0414 85306
16.0419 85330
16.0423 85354
16.0428 85378
16.0433 85402
16.0438 85426
16.0443 85450
16.0448 85474
16.0452 85498
16.0457 85522
16.0462 85546
16.0528 85570
16.054 85594
16.0547 85618
16.0552 85642
16.0556 85666
16.0561 85690
16.0566 85714
16.0571 85738
16.0576 85762
16.058 85786
16.0585 85810
16.059 85834
16.0595 85858
16.06 85882
16.0604 85906
16.0609 85930
16.0614 85954
16.0619 85978
16.0624 86002
16.0628 86026
16.0633 86050
16.0638 86074
16.0643 86098
16.0648 86122
16.0652 86146
16.0657 86170
16.0662 86194
16.0667 86218
16.0672 86242
16.0733 86266
16.0745 86290
16.0752 86314
16.0757 86338
16.0761 86362
16.0766 86386
16.0771 86410
16.0776 86434
16.0781 86458
16.0785 86482
16.079 86506
16.0795 86530
16.08 86554
16.0805 86578
16.0809 86602
16.0814 86626
16.0819 86650
16.0824 86674
16.0829 86698
16.0833 86722
16.0838 86746
16.0843 86770
16.0848 86794
16.0853 86818
16.0857 86842
16.0862 86866
16.0867 86890
16.0872 86914
16.0877 86938
16.0937 86962
16.095 86986
16.0957 87010
16.0962 87034
16.0966 87058
16.0971 87082
16.0976 87106
16.0981 87130
16.0986 87154
16.099 87178
16.0995 87202
16.1 87226
16.1005 87250
16.101 87274
16.1014 87298
16.1019 87322
16.1024 87346
16.1029 87370
16.1034 87393
16.1038 87416
16.1043 87439
16.1048 87462
16.1053 87485
16.1058 87508
16.1062 87531
16.1067 87554
16.1072 87577
16.1077 87600
16.1082 87623
16.1086 87646
16.1147 87669
16.1159 87692
16.1167 87715
16.1171 87738
16.1176 87761
16.1181 87784
16.1186 87807
16.1191 87830
16.1195 87853
16.12 87876
16.1205 87899
16.121 87922
16.1215 87945
16.1219 87968
16.1224 87991
16.1229 88014
16.1234 88037
16.1239 88060
16.1243 88083
16.1248 88106
16.1253 88129
16.1258 88152
16.1263 88175
16.1267 88198
16.1272 88221
16.1277 88244
16.1282 88267
16.1287 88290
16.1291 88313
16.1296 88336
16.1357 88359
16.1369 88382
16.1376 88405
16.1381 88428
16.1386 88451
16.1391 88474
16.1396 88497
16.14 88520
16.1405 88543
16.141 88566
16.1415 88589
16.142 88612
16.1424 88635
16.1429 88658
16.1434 88681
16.1439 88704
16.1444 88727
16.1448 88750
16.1453 88773
16.1458 88796
16.1463 88819
16.1468 88842
16.1472 88865
16.1477 88888
16.1482 88911
16.1487 88934
16.1492 88957
16.1496 88980
16.1501 89003
16.1506 89026
16.1564 89049
16.1574 89072
16.1581 89095
16.1586 89118
16.1591 89141
16.1596 89164
16.16 89187
16.1605 89210
16.161 89233
16.1615 89256
16.162 89279
16.1625 89302
16.1629 89325
16.1634 89348
16.1639 89371
16.1644 89394
16.1649 89417
16.1653 89440
16.1658 89463
16.1663 89486
16.1668 89509
16.1673 89532
16.1677 89555
16.1682 89578
16.1687 89601
16.1692 89624
16.1697 89647
16.1701 89670
16.1706 89693
16.1711 89716
16.1769 89739
16.1779 89762
16.1786 89785
16.1791 89808
16.1796 89831
16.1801 89854
16.1805 89877
16.181 89900
16.1815 89923
16.182 89946
16.1825 89969
16.183 89992
16.1834 90015
16.1839 90038
16.1844 90061
16.1849 90084
16.1854 90107
16.1858 90130
16.1863 90153
16.1868 90176
16.1873 90199
16.1878 90222
16.1882 90245
16.1887 90268
16.1892 90291
16.1897 90314
16.1902 90337
16.1906 90360
16.1911 90383
16.1916 90406
16.1974 90429
16.1984 90452
16.1994 90475
16.1998 90498
16.2003 90521
16.2008 90544
16.2013 90567
16.2018 90590
16.2022 90613
16.2027 90636
16.2032 90659
16.2037 90682
16.2042 90705
16.2046 90728
16.2051 90751
16.2056 90774
16.2061 90797
16.2066 90820
16.2071 90843
16.2075 90866
16.208 90889
16.2085 90912
16.209 90935
16.2095 90958
16.2099 90981
16.2104 91004
16.2109 91027
16.2114 91050
16.2119 91073
16.2123 91096
16.2128 91119
16.2186 91142
16.2198 91165
16.2208 91187
16.2212 91209
16.2217 91231
16.2222 91253
16.2227 91275
16.2232 91297
16.2236 91319
16.2241 91341
16.2246 91363
16.2251 91385
16.2256 91407
16.226 91429
16.2265 91451
16.227 91473
16.2275 91495
16.228 91517
16.2284 91539
16.2289 91561
16.2294 91583
16.2299 91605
16.2304 91627
16.2308 91649
16.2313 91671
16.2318 91693
16.2323 91715
16.2328 91737
16.2332 91759
16.2337 91781
16.2342 91803
16.24 91825
16.2412 91847
16.2419 91869
16.2424 91891
16.2429 91913
16.2433 91935
16.2438 91957
16.2443 91979
16.2448 92001
16.2453 92023
16.2457 92045
16.2462 92067
16.2467 92089
16.2472 92111
16.2477 92133
16.2481 92155
16.2486 92177
16.2491 92199
16.2496 92221
16.2501 92243
16.2506 92265
16.251 92287
16.2515 92309
16.252 92331
16.2525 92353
16.253 92375
16.2534 92397
16.2539 92419
16.2544 92441
16.2549 92463
16.2556 92485
16.2611 92507
16.2623 92529
16.263 92551
16.2635 92573
16.264 92595
16.2645 92617
16.265 92639
16.2655 92661
16.2659 92683
16.2664 92705
16.2669 92727
16.2674 92749
16.2679 92771
16.2683 92793
16.2688 92815
16.2693 92837
16.2698 92859
16.2703 92881
16.2707 92903
16.2712 92925
16.2717 92947
16.2722 92969
16.2727 92991
16.2731 93013
16.2736 93035
16.2741 93057
16.2746 93079
16.2751 93101
16.2755 93123
16.276 93145
16.2767 93167
16.2825 93189
16.2837 93211
16.2844 93233
16.2849 93255
16.2854 93277
16.2859 93299
16.2864 93321
16.2868 93343
16.2873 93365
16.2878 93387
16.2883 93409
16.2888 93431
16.2892 93453
16.2897 93475
16.2902 93497
16.2907 93519
16.2912 93541
16.2916 93563
16.2921 93585
16.2926 93607
16.2931 93629
16.2936 93651
16.294 93673
16.2945 93695
16.295 93717
16.2955 93739
16.296 93761
16.2965 93783
16.2969 93805
16.2974 93827
16.2981 93849
16.2989 93871
16.3046 93893
16.3058 93915
16.3065 93937
16.307 93959
16.3075 93981
16.308 94003
16.3085 94025
16.3089 94047
16.3094 94069
16.3099 94091
16.3104 94113
16.3109 94135
16.3114 94157
16.3118 94179
16.3123 94201
16.3128 94223
16.3128 74752
16.3133 74780
16.3133 74752
16.3138 74780
16.3138 74752
16.3142 74780
16.3142 74752
16.3147 74780
16.3147 74752
16.3152 74780
16.3152 74752
16.3157 74780
16.3157 74752
16.3162 74780
16.3162 74752
16.3166 74780
16.3166 74752
16.3171 74780
16.3171 74752
16.3176 74780
16.3176 74752
16.3181 74780
16.3181 74752
16.3186 74780
16.3186 74752
16.319 74780
16.319 74752
16.3195 74780
16.3195 74752
16.3202 74780
16.3202 74752
16.321 74780
16.321 74752
16.327 74780
16.327 74752
16.3282 74780
16.3282 74752
16.3289 74780
16.3289 74752
16.3294 74780
16.3294 74752
16.3299 74780
16.3299 74752
16.3303 74780
16.3303 74752
16.3308 74780
16.3308 74752
16.3313 74780
16.3313 74752
16.3318 74780
16.3318 74752
16.3323 74780
16.3323 74752
16.3327 74780
16.3327 74752
16.3332 74780
16.3332 74752
16.3337 74780
16.3337 74752
16.3342 74780
16.3342 74752
16.3347 74780
16.3347 74752
16.3367 74780
16.3371 74808
16.3376 74836
16.3381 74864
16.3386 74892
16.3391 74919
16.3395 74946
16.34 74973
16.3407 75000
16.3417 75027
16.3475 75054
16.3487 75081
16.3494 75108
16.3499 75135
16.3504 75162
16.3508 75189
16.3513 75216
16.3518 75243
16.3523 75270
16.3528 75297
16.3532 75324
16.3537 75351
16.3542 75378
16.3547 75405
16.3552 75432
16.3572 75459
16.3576 75486
16.3581 75513
16.3586 75540
16.3591 75567
16.3596 75594
16.36 75621
16.3605 75648
16.3612 75675
16.3622 75702
16.368 75729
16.3694 75756
16.3701 75783
16.3706 75810
16.3711 75837
16.3716 75864
16.3721 75891
16.3725 75918
16.373 75945
16.3735 75972
16.374 75999
16.3745 76026
16.3749 76053
16.3754 76080
16.3759 76107
16.3764 76134
16.3779 76161
16.3784 76188
16.3789 76215
16.3793 76242
16.3798 76269
16.3803 76296
16.3808 76323
16.3813 76350
16.3822 76377
16.3829 76404
16.3889 76431
16.3904 76458
16.3911 76485
16.3916 76512
16.3921 76539
16.3926 76566
16.393 76593
16.3935 76620
16.394 76647
16.3945 76674
16.395 76701
16.3954 76728
16.3959 76755
16.3964 76782
16.3969 76809
16.3974 76836
16.3986 76863
16.3991 76890
16.3996 76917
16.4001 76944
16.4006 76971
16.401 76998
16.4015 77025
16.402 77052
16.4032 77079
16.4039 77106
16.4102 77133
16.4116 77160
16.4123 77187
16.4128 77214
16.4133 77241
16.4138 77268
16.4143 77295
16.4147 77322
16.4152 77349
16.4157 77376
16.4162 77403
16.4167 77430
16.4171 77457
16.4176 77484
16.4181 77511
16.4186 77538
16.4191 77565
16.4196 77592
16.4201 77619
16.4206 77646
16.4211 77673
16.4215 77699
16.422 77725
16.4225 77751
16.4237 77777
16.4247 77803
16.4307 77829
16.4321 77855
16.4328 77881
16.4333 77907
16.4338 77933
16.4343 77959
16.4347 77985
16.4352 78011
16.4357 78037
16.4362 78063
16.4367 78089
16.4372 78115
16.4376 78141
16.4381 78167
16.4386 78193
16.4391 78219
16.4396 78245
16.4401 78271
16.4406 78297
16.4411 78323
16.4415 78349
16.442 78375
16.4425 78401
16.443 78427
16.4442 78453
16.4452 78479
16.4512 78505
16.4528 78531
16.4536 78557
16.454 78583
16.4545 78609
16.455 78635
16.4555 78661
16.456 78687
16.4564 78713
16.4569 78739
16.4574 78765
16.4579 78791
16.4584 78817
16.4589 78843
16.4593 78869
16.4598 78895
16.4603 78921
16.4608 78947
16.4613 78973
16.4617 78999
16.4622 79025
16.4627 79051
16.4632 79077
16.4637 79103
16.4641 79129
16.4652 79155
16.4659 79181
16.4721 79207
16.4738 79233
16.4745 79259
16.475 79285
16.4755 79311
16.476 79337
16.4765 79363
16.4769 79389
16.4774 79415
16.4779 79441
16.4784 79467
16.4789 79493
16.4794 79519
16.4798 79545
16.4803 79571
16.4808 79597
16.4813 79623
16.4818 79649
16.4822 79675
16.4827 79701
16.4832 79727
16.4837 79753
16.4842 79779
16.4846 79805
16.4851 79831
16.4861 79857
16.4869 79883
16.4934 79909
16.495 79935
16.4958 79961
16.4962 79987
16.4967 80013
16.4972 80039
16.4977 80065
16.4982 80091
16.4986 80117
16.4991 80143
16.4996 80169
16.5001 80195
16.5006 80221
16.501 80247
16.5015 80273
16.502 80299
16.5025 80325
16.503 80351
16.5035 80377
16.5039 80403
16.5044 80429
16.5049 80455
16.5054 80481
16.5059 80507
16.5063 80533
16.5068 80559
16.5078 80585
16.514 80611
16.5157 80637
16.5164 80663
16.5169 80688
16.5174 80713
16.5179 80738
16.5184 80763
16.5188 80788
16.5193 80813
16.5198 80838
16.5203 80863
16.5208 80888
16.5212 80913
16.5217 80938
16.5222 80963
16.5227 80988
16.5232 81013
16.5236 81038
16.5241 81063
16.5246 81088
16.5251 81113
16.5256 81138
16.526 81163
16.5265 81188
16.527 81213
16.5275 81238
16.5284 81263
16.5347 81288
16.5366 81313
16.5373 81338
16.5378 81363
16.5383 81388
16.5388 81413
16.5393 81438
16.5397 81463
16.5402 81488
16.5407 81513
16.5412 81538
16.5417 81563
16.5421 81588
16.5426 81613
16.5431 81638
16.5436 81663
16.5441 81688
16.5445 81713
16.545 81738
16.5455 81763
16.546 81788
16.5465 81813
16.547 81838
16.5474 81863
16.5479 81888
16.5484 81913
16.5494 81938
16.5498 81963
16.5563 81988
16.5582 82013
16.559 82038
16.5594 82063
16.5599 82088
16.5604 82113
16.5609 82138
16.5614 82163
16.5619 82188
16.5623 82213
16.5628 82238
16.5633 82263
16.5638 82288
16.5643 82313
16.5647 82338
16.5652 82363
16.5657 82388
16.5662 82413
16.5667 82438
16.5671 82463
16.5676 82488
16.5681 82513
16.5686 82538
16.5691 82563
16.5695 82588
16.57 82613
16.571 82638
16.5715 82663
16.578 82688
16.5801 82713
16.5808 82738
16.5813 82763
16.5818 82788
16.5823 82813
16.5828 82838
16.5832 82863
16.5837 82888
16.5842 82913
16.5847 82938
16.5852 82963
16.5856 82988
16.5861 83013
16.5866 83038
16.5871 83063
16.5876 83088
16.588 83113
16.5885 83138
16.589 83163
16.5895 83188
16.59 83213
16.5904 83238
16.5909 83263
16.5914 83288
16.5919 83313
16.5926 83338
16.5933 83363
16.5996 83388
16.6017 83413
16.6025 83438
16.6029 83463
16.6034 83488
16.6039 83513
16.6044 83538
16.6049 83563
16.6053 83588
16.6058 83613
16.6063 83638
16.6068 83663
16.6073 83688
16.6078 83713
16.6082 83738
16.6087 83763
16.6092 83788
16.6097 83813
16.6102 83838
16.6106 83863
16.6111 83888
16.6116 83912
16.6121 83936
16.6126 83960
16.613 83984
16.6135 84008
16.6142 84032
16.615 84056
16.6212 84080
16.6234 84104
16.6243 84128
16.6248 84152
16.6253 84176
16.6258 84200
16.6263 84224
16.6267 84248
16.6272 84272
16.6277 84296
16.6282 84320
16.6287 84344
16.6291 84368
16.6296 84392
16.6301 84416
16.6306 84440
16.6311 84464
16.6315 84488
16.632 84512
16.6325 84536
16.633 84560
16.6335 84584
16.6339 84608
16.6344 84632
16.6349 84656
16.6354 84680
16.6361 84704
16.6368 84728
16.6373 84752
16.6438 84776
16.646 84800
16.6469 84824
16.6474 84848
16.6479 84872
16.6484 84896
16.6488 84920
16.6493 84944
16.6498 84968
16.6503 84992
16.6508 85016
16.6512 85040
16.6517 85064
16.6522 85088
16.6527 85112
16.6532 85136
16.6537 85160
16.6541 85184
16.6546 85208
16.6551 85232
16.6556 85256
16.6561 85280
16.6565 85304
16.657 85328
16.6575 85352
16.658 85376
16.6587 85400
16.6594 85424
16.6599 85448
16.6664 85472
16.6686 85496
16.6695 85520
16.6702 85544
16.6707 85568
16.6712 85592
16.6717 85616
16.6722 85640
16.6726 85664
16.6731 85688
16.6736 85712
16.6741 85736
16.6746 85760
16.675 85784
16.6755 85808
16.676 85832
16.6765 85856
16.677 85880
16.6774 85904
16.6779 85928
16.6784 85952
16.6789 85976
16.6794 86000
16.6798 86024
16.6803 86048
16.6808 86072
16.6815 86096
16.6823 86120
16.6827 86144
16.689 86168
16.6911 86192
16.6921 86216
16.6928 86240
16.6933 86264
16.6938 86288
16.6943 86312
16.6947 86336
16.6952 86360
16.6957 86384
16.6962 86408
16.6967 86432
16.6972 86456
16.6976 86480
16.6981 86504
16.6986 86528
16.6991 86552
16.6996 86576
16.7 86600
16.7005 86624
16.701 86648
16.7015 86672
16.702 86696
16.7024 86720
16.7029 86744
16.7034 86768
16.7041 86792
16.7048 86816
16.7053 86840
16.7116 86864
16.7137 86888
16.7147 86912
16.7154 86936
16.7159 86960
16.7164 86984
16.7169 87008
16.7173 87032
16.7178 87056
16.7183 87080
16.7188 87104
16.7193 87128
16.7197 87152
16.7202 87176
16.7207 87200
16.7212 87224
16.7217 87248
16.7221 87272
16.7226 87296
16.7231 87320
16.7236 87344
16.7241 87368
16.7245 87391
16.725 87414
16.7255 87437
16.726 87460
16.7267 87483
16.7274 87506
16.7279 87529
16.7321 87552
16.7342 87575
16.7347 87598
16.7354 87621
16.7362 87644
16.7366 87667
16.7371 87690
16.7376 87713
16.7381 87736
16.7386 87759
16.739 87782
16.7395 87805
16.74 87828
16.7405 87851
16.741 87874
16.7414 87897
16.7419 87920
16.7424 87943
16.7429 87966
16.7434 87989
16.7438 88012
16.7443 88035
16.7448 88058
16.7453 88081
16.7458 88104
16.7462 88127
16.7467 88150
16.7477 88173
16.7482 88196
16.7489 88219
16.753 88242
16.755 88265
16.7554 88288
16.7562 88311
16.7569 88334
16.7574 88357
16.7579 88380
16.7583 88403
16.7588 88426
16.7593 88449
16.7598 88472
16.7603 88495
16.7607 88518
16.7612 88541
16.7617 88564
16.7622 88587
16.7627 88610
16.7631 88633
16.7636 88656
16.7641 88679
16.7646 88702
16.7651 88725
16.7655 88748
16.766 88771
16.7665 88794
16.767 88817
16.7677 88840
16.7684 88863
16.7689 88886
16.7699 88909
16.7737 88932
16.7757 88955
16.7762 88978
16.7769 89001
16.7776 89024
16.7781 89047
16.7786 89070
16.7791 89093
16.7796 89116
16.78 89139
16.7805 89162
16.781 89185
16.7815 89208
16.782 89231
16.7824 89254
16.7829 89277
16.7834 89300
16.7839 89323
16.7844 89346
16.7848 89369
16.7853 89392
16.7858 89415
16.7863 89438
16.7868 89461
16.7872 89484
16.7877 89507
16.7887 89530
16.7892 89553
16.7896 89576
16.7908 89599
16.7947 89622
16.7962 89645
16.7967 89668
16.7974 89691
16.7981 89714
16.7986 89737
16.7991 89760
16.7996 89783
16.8001 89806
16.8005 89829
16.801 89852
16.8015 89875
16.802 89898
16.8025 89921
16.8029 89944
16.8034 89967
16.8039 89990
16.8044 90013
16.8049 90036
16.8053 90059
16.8058 90082
16.8063 90105
16.8068 90128
16.8073 90151
16.8077 90174
16.8082 90197
16.8092 90220
16.8097 90243
16.8101 90266
16.8113 90289
16.8152 90312
16.8167 90335
16.8172 90358
16.8179 90381
16.8186 90404
16.8191 90427
16.8196 90450
16.8201 90473
16.8205 90496
16.821 90519
16.8215 90542
16.822 90565
16.8225 90588
16.823 90611
16.8234 90634
16.8239 90657
16.8244 90680
16.8249 90703
16.8254 90726
16.8258 90749
16.8263 90772
16.8268 90795
16.8273 90818
16.8278 90841
16.8282 90864
16.8287 90887
16.8292 90910
16.8302 90933
16.8306 90956
16.8311 90979
16.8323 91002
16.8362 91025
16.8374 91048
16.8379 91071
16.8386 91094
16.8394 91117
16.8398 91140
16.8403 91163
16.8408 91185
16.8413 91207
16.8418 91229
16.8422 91251
16.8427 91273
16.8432 91295
16.8437 91317
16.8442 91339
16.8447 91361
16.8451 91383
16.8456 91405
16.8461 91427
16.8466 91449
16.8471 91471
16.8475 91493
16.848 91515
16.8485 91537
16.849 91559
16.8495 91581
16.8499 91603
16.8511 91625
16.8516 91647
16.8521 91669
16.8533 91691
16.8571 91713
16.8582 91735
16.8587 91757
16.8594 91779
16.8601 91801
16.8606 91823
16.8611 91845
16.8615 91867
16.862 91889
16.8625 91911
16.863 91933
16.8635 91955
16.8639 91977
16.8644 91999
16.8649 92021
16.8654 92043
16.8659 92065
16.8664 92087
16.8668 92109
16.8673 92131
16.8678 92153
16.8683 92175
16.8688 92197
16.8692 92219
16.8697 92241
16.8702 92263
16.8707 92285
16.8716 92307
16.8721 92329
16.8726 92351
16.8738 92373
16.8779 92395
16.8787 92417
16.8792 92439
16.8799 92461
16.8806 92483
16.8811 92505
16.8816 92527
16.882 92549
16.8825 92571
16.883 92593
16.8835 92615
16.884 92637
16.8844 92659
16.8849 92681
16.8854 92703
16.8859 92725
16.8864 92747
16.8868 92769
16.8873 92791
16.8878 92813
16.8883 92835
16.8888 92857
16.8893 92879
16.8897 92901
16.8902 92923
16.8907 92945
16.8912 92967
16.8921 92989
16.8926 93011
16.8931 93033
16.8943 93055
16.8984 93077
16.8993 93099
16.8998 93121
16.9004 93143
16.9011 93165
16.9016 93187
16.9021 93209
16.9025 93231
16.903 93253
16.9035 93275
16.904 93297
16.9045 93319
16.9049 93341
16.9054 93363
16.9059 93385
16.9064 93407
16.9069 93429
16.9073 93451
16.9078 93473
16.9083 93495
16.9088 93517
16.9093 93539
16.9097 93561
16.9102 93583
16.9107 93605
16.9112 93627
16.9117 93649
16.9122 93671
16.9131 93693
16.9136 93715
16.9141 93737
16.9153 93759
16.9194 93781
16.9206 93803
16.921 93825
16.9215 93847
16.922 93869
16.9225 93891
16.923 93913
16.9234 93935
16.9239 93957
16.9244 93979
16.9249 94001
16.9254 94023
16.9259 94045
16.9263 94067
16.9268 94089
16.9273 94111
16.9278 94133
16.9283 94155
16.9287 94177
16.9292 94199
16.9297 94221
16.9302 94243
16.9307 94265
16.9311 94287
16.9316 94309
16.9321 94331
16.9326 94353
16.9331 94375
16.9341 94397
16.9346 94419
16.9351 94441
16.9363 94463
16.9403 94485
16.9413 94507
16.9418 94529
16.9423 94551
16.9427 94573
16.9432 94595
16.9437 94617
16.9442 94639
16.9447 94661
16.9451 94683
16.9456 94705
16.9461 94727
16.9466 94749
16.9471 94771
16.9476 94793
16.948 94815
16.9485 94837
16.949 94859
16.9495 94881
16.95 94903
16.9504 94925
16.9509 94947
16.9514 94969
16.9519 94991
16.9524 95013
16.9528 95035
16.9533 95057
16.9538 95079
16.9548 95101
16.9552 95123
16.9557 95145
16.9569 95167
16.9612 95189
16.9622 95211
16.9627 95233
16.9632 95255
16.9637 95277
16.9641 95299
16.9646 95321
16.9651 95342
16.9656 95363
16.9661 95384
16.9665 95405
16.967 95426
16.9675 95447
16.968 95468
16.9685 95489
16.9689 95510
16.9694 95531
16.9699 95552
16.9704 95573
16.9709 95594
16.9713 95615
16.9718 95636
16.9723 95657
16.9728 95678
16.9733 95699
16.9737 95720
16.9742 95741
16.9747 95762
16.9757 95783
16.9761 95804
16.9766 95825
16.9778 95846
16.9822 95867
16.9831 95888
16.9838 95909
16.9843 95930
16.9848 95951
16.9853 95972
16.9858 95993
16.9862 96014
16.9867 96035
16.9872 96056
16.9877 96077
16.9882 96098
16.9886 96119
16.9891 96140
16.9896 96161
16.9901 96182
16.9906 96203
16.991 96224
16.9915 96245
16.992 96266
16.9925 96287
16.993 96308
16.9935 96329
16.9939 96350
16.9944 96371
16.9949 96392
16.9954 96413
16.9959 96434
16.9963 96455
16.9973 96476
16.9978 96497
16.9983 96518
16.9995 96539
17.0038 96560
17.005 96581
17.0057 96602
17.0062 96623
17.0067 96644
17.0071 96665
17.0076 96686
17.0081 96707
17.0086 96728
17.0091 96749
17.0096 96770
17.01 96791
17.0105 96812
17.011 96833
17.0115 96854
17.012 96875
17.0124 96896
17.0129 96917
17.0134 96938
17.0139 96959
17.0144 96980
17.0148 97001
17.0153 97022
17.0158 97043
17.0163 97064
17.0168 97085
17.0172 97106
17.0177 97127
17.0182 97148
17.0192 97169
17.0196 97190
17.0201 97211
17.0213 97232
17.0257 97253
17.0269 97274
17.0273 97295
17.0278 97316
17.0283 97337
17.0288 97358
17.0293 97379
17.0297 97400
17.0302 97421
17.0307 97442
17.0312 97463
17.0317 97484
17.0321 97505
17.0326 97526
17.0331 97547
17.0336 97568
17.0341 97589
17.0345 97610
17.035 97631
17.0355 97652
17.036 97673
17.0365 97694
17.0369 97715
17.0374 97736
17.0379 97757
17.0384 97778
17.0389 97799
17.0394 97820
17.0401 97841
17.0408 97862
17.0413 97883
17.0418 97904
17.043 97925
17.0473 97946
17.0487 97967
17.0492 97988
17.0497 98009
17.0502 98030
17.0506 98051
17.0511 98072
17.0516 98093
17.0521 98114
17.0526 98135
17.0531 98156
17.0535 98177
17.054 98198
17.0545 98219
17.055 98240
17.0555 98261
17.0559 98282
17.0564 98303
17.0569 98324
17.0574 98345
17.0579 98366
17.0583 98387
17.0588 98408
17.0593 98429
17.0598 98450
17.0603 98471
17.0607 98492
17.0612 98513
17.0619 98534
17.0627 98555
17.0631 98576
17.0636 98597
17.0648 98618
17.0692 98639
17.0706 98660
17.0713 98681
17.0718 98702
17.0723 98723
17.0728 98744
17.0732 98765
17.0737 98786
17.0742 98807
17.0747 98828
17.0752 98849
17.0756 98870
17.0761 98891
17.0766 98912
17.0771 98933
17.0776 98954
17.078 98975
17.0785 98996
17.079 99017
17.0795 99038
17.08 99059
17.0804 99080
17.0809 99101
17.0814 99122
17.0819 99143
17.0824 99164
17.0829 99185
17.0833 99206
17.0838 99227
17.0845 99248
17.0853 99269
17.0857 99290
17.0862 99311
17.0874 99332
17.0917 99353
17.0932 99374
17.0939 99395
17.0944 99416
17.0949 99437
17.0953 99458
17.0958 99479
17.0963 99500
17.0968 99521
17.0973 99542
17.0978 99563
17.0982 99584
17.0987 99605
17.0992 99626
17.0997 99647
17.1002 99668
17.1006 99689
17.1011 99710
17.1016 99731
17.1021 99752
17.1026 99773
17.103 99794
17.1035 99815
17.104 99836
17.1045 99857
17.105 99877
17.1054 99897
17.1059 99917
17.1064 99937
17.1071 99957
17.1081 99977
17.1086 99997
17.109 100017
17.1102 100037
17.1146 100057
17.116 100077
17.1167 100097
17.1172 100117
17.1177 100137
17.1182 100157
17.1187 100177
17.1191 100197
17.1196 100217
17.1201 100237
17.1206 100257
17.1211 100277
17.1215 100297
17.122 100317
17.1225 100337
17.123 100357
17.1235 100377
17.1239 100397
17.1244 100417
17.1249 100437
17.1254 100457
17.1259 100477
17.1263 100497
17.1268 100517
17.1273 100537
17.1278 100557
17.1283 100577
17.1288 100597
17.1292 100617
17.1297 100637
17.1307 100657
17.1312 100677
17.1316 100697
17.1328 100717
17.1372 100737
17.1386 100757
17.1393 100777
17.1398 100797
17.1403 100817
17.1408 100837
17.1412 100857
17.1417 100877
17.1422 100897
17.1427 100917
17.1432 100937
17.1437 100957
17.1441 100977
17.1446 100997
17.1451 101017
17.1456 101037
17.1461 101057
17.1465 101077
17.147 101097
17.1475 101117
17.148 101137
17.1485 101157
17.1489 101177
17.1494 101197
17.1499 101217
17.1504 101237
17.1509 101257
17.1513 101277
17.1518 101297
17.1523 101317
17.1533 101337
17.1537 101357
17.1542 101377
17.1554 101397
17.16 101417
17.1614 101437
17.1622 101457
17.1626 101477
17.1631 101497
17.1636 101517
17.1641 101537
17.1646 101557
17.165 101577
17.1655 101597
17.166 101617
17.1665 101637
17.167 101657
17.1674 101677
17.1679 101697
17.1684 101717
17.1689 101737
17.1694 101757
17.1698 101777
17.1703 101797
17.1708 101817
17.1713 101837
17.1718 101857
17.1722 101877
17.1727 101897
17.1732 101917
17.1737 101937
17.1742 101957
17.1747 101977
17.1751 101997
17.1761 102017
17.1766 102037
17.1771 102057
17.178 102077
17.179 102097
17.1835 102117
17.185 102137
17.1857 102157
17.1862 102177
17.1867 102197
17.1871 102217
17.1876 102237
17.1881 102257
17.1886 102277
17.1891 102297
17.1896 102317
17.19 102337
17.1905 102357
17.191 102377
17.1915 102397
17.192 102417
17.1924 102437
17.1929 102457
17.1934 102477
17.1939 102497
17.1944 102517
17.1948 102537
17.1953 102557
17.1958 102577
17.1963 102597
17.1968 102617
17.1972 102637
17.1977 102657
17.1982 102677
17.1987 102697
17.1996 102717
17.2001 102737
17.2006 102757
17.2016 102777
17.2025 102797
17.2073 102817
17.2088 102837
17.2095 102857
17.21 102877
17.2105 102897
17.2109 102917
17.2114 102937
17.2119 102957
17.2124 102977
17.2129 102997
17.2133 103017
17.2138 103037
17.2143 103057
17.2148 103077
17.2153 103097
17.2157 103117
17.2162 103137
17.2167 103157
17.2172 103177
17.2177 103197
17.2182 103217
17.2186 103237
17.2191 103257
17.2196 103277
17.2201 103297
17.2206 103317
17.221 103337
17.2215 103357
17.222 103377
17.2225 103397
17.2234 103417
17.2239 103437
17.2244 103457
17.2254 103477
17.2263 103497
17.2311 103517
17.2323 103537
17.2331 103557
17.2335 103577
17.234 103597
17.2345 103617
17.235 103637
17.2355 103657
17.2359 103677
17.2364 103697
17.2369 103717
17.2374 103737
17.2379 103757
17.2383 103777
17.2388 103797
17.2393 103817
17.2398 103837
17.2403 103857
17.2407 103877
17.2412 103897
17.2417 103917
17.2422 103937
17.2427 103957
17.2431 103977
17.2436 103997
17.2441 104017
17.2446 104037
17.2451 104057
17.2455 104077
17.246 104097
17.247 104117
17.2475 104137
17.248 104157
17.2489 104177
17.2499 104197
17.2549 104217
17.2561 104237
17.2568 104257
17.2573 104277
17.2578 104297
17.2583 104317
17.2588 104337
17.2592 104357
17.2597 104377
17.2602 104397
17.2607 104417
17.2612 104437
17.2616 104457
17.2621 104477
17.2626 104497
17.2631 104517
17.2636 104537
17.2641 104557
17.2645 104577
17.265 104597
17.2655 104617
17.266 104637
17.2665 104657
17.2669 104677
17.2674 104697
17.2679 104717
17.2684 104737
17.2689 104757
17.2693 104777
17.2698 104797
17.2708 104817
17.2713 104837
17.2717 104856
17.2727 104875
17.2737 104894
17.2787 104913
17.2799 104932
17.2809 104951
17.2814 104970
17.2818 104989
17.2823 105008
17.2828 105027
17.2833 105046
17.2838 105065
17.2842 105084
17.2847 105103
17.2852 105122
17.2857 105141
17.2862 105160
17.2866 105179
17.2871 105198
17.2876 105217
17.2881 105236
17.2886 105255
17.289 105274
17.2895 105293
17.29 105312
17.2905 105331
17.291 105350
17.2914 105369
17.2919 105388
17.2924 105407
17.2929 105426
17.2934 105445
17.2939 105464
17.2943 105483
17.2953 105502
17.2958 105521
17.2963 105540
17.2972 105559
17.2982 105578
17.3032 105597
17.3047 105616
17.3056 105635
17.3061 105654
17.3066 105673
17.3071 105692
17.3075 105711
17.308 105730
17.3085 105749
17.309 105768
17.3095 105787
17.31 105806
17.3104 105825
17.3109 105844
17.3114 105863
17.3119 105882
17.3124 105901
17.3124 93696
17.3128 93718
17.3128 93696
17.3133 93718
17.3133 93696
17.3138 93718
17.3138 93696
17.3143 93718
17.3143 93696
17.3148 93718
17.3148 93696
17.3152 93718
17.3152 93696
17.3157 93718
17.3157 93696
17.3162 93718
17.3162 93696
17.3167 93718
17.3167 93696
17.3172 93718
17.3172 93696
17.3176 93718
17.3176 93696
17.3181 93718
17.3181 93696
17.3186 93718
17.3186 93696
17.3191 93718
17.3191 93696
17.32 93718
17.32 93696
17.3205 93718
17.3205 93696
17.321 93718
17.321 93696
17.322 93718
17.322 93696
17.3229 93718
17.3229 93696
17.328 93718
17.328 93696
17.3294 93718
17.3294 93696
17.3301 93718
17.3301 93696
17.3306 93718
17.3306 93696
17.3311 93718
17.3311 93696
17.3316 93718
17.3316 93696
17.3321 93718
17.3321 93696
17.3325 93718
17.3325 93696
17.333 93718
17.333 93696
17.3335 93718
17.3335 93696
17.334 93718
17.334 93696
17.3345 93718
17.3345 93696
17.3349 93718
17.3349 93696
17.3354 93718
17.3354 93696
17.3359 93718
17.3359 93696
17.3364 93718
17.3364 93696
17.3369 93718
17.3373 93740
17.3378 93762
17.3383 93784
17.3388 93806
17.3393 93828
17.3398 93850
17.3402 93872
17.3407 93894
17.3412 93916
17.3419 93938
17.3426 93960
17.3431 93982
17.3438 94004
17.3448 94026
17.3458 94048
17.351 94070
17.3525 94092
17.353 94114
17.3535 94136
17.3539 94158
17.3544 94180
17.3549 94202
17.3554 94224
17.3559 94246
17.3563 94268
17.3568 94290
17.3573 94312
17.3578 94334
17.3583 94356
17.3587 94378
17.3592 94400
17.3597 94422
17.3602 94444
17.3607 94466
17.3611 94488
17.3616 94510
17.3621 94532
17.3626 94554
17.3631 94576
17.3635 94598
17.364 94620
17.365 94642
17.3655 94664
17.3659 94686
17.3669 94708
17.3679 94730
17.3688 94752
17.3741 94774
17.3756 94796
17.376 94818
17.3765 94840
17.377 94862
17.3775 94884
17.378 94906
17.3784 94928
17.3789 94950
17.3794 94972
17.3799 94994
17.3804 95016
17.3808 95038
17.3813 95060
17.3818 95082
17.3823 95104
17.3828 95126
17.3833 95148
17.3837 95170
17.3842 95192
17.3847 95214
17.3852 95236
17.3857 95258
17.3861 95280
17.3866 95302
17.3871 95324
17.3878 95345
17.3885 95366
17.389 95387
17.3897 95408
17.3907 95429
17.3917 95450
17.3972 95471
17.3986 95492
17.3994 95513
17.3998 95534
17.4003 95555
17.4008 95576
17.4013 95597
17.4018 95618
17.4022 95639
17.4027 95660
17.4032 95681
17.4037 95702
17.4042 95723
17.4046 95744
17.4051 95765
17.4056 95786
17.4061 95807
17.4066 95828
17.407 95849
17.4075 95870
17.408 95891
17.4085 95912
17.409 95933
17.4094 95954
17.4099 95975
17.4104 95996
17.4109 96017
17.4118 96038
17.4123 96059
17.4128 96080
17.4138 96101
17.4147 96122
17.4203 96143
17.4217 96164
17.4224 96185
17.4229 96206
17.4234 96227
17.4239 96248
17.4243 96269
17.4248 96290
17.4253 96311
17.4258 96332
17.4263 96353
17.4267 96374
17.4272 96395
17.4277 96416
17.4282 96437
17.4287 96458
17.4292 96479
17.4296 96500
17.4301 96521
17.4306 96542
17.4311 96563
17.4316 96584
17.432 96605
17.4325 96626
17.433 96647
17.4335 96668
17.434 96689
17.4349 96710
17.4354 96731
17.4359 96752
17.4366 96773
17.4376 96794
17.4385 96815
17.4441 96836
17.4457 96857
17.4462 96878
17.4467 96899
17.4472 96920
17.4477 96941
17.4481 96962
17.4486 96983
17.4491 97004
17.4496 97025
17.4501 97046
17.4505 97067
17.451 97088
17.4515 97109
17.452 97130
17.4525 97151
17.4529 97172
17.4534 97193
17.4539 97214
17.4544 97235
17.4549 97256
17.4553 97277
17.4558 97298
17.4563 97319
17.4568 97340
17.4573 97361
17.458 97382
17.4587 97403
17.4592 97424
17.4597 97445
17.4606 97466
17.4616 97487
17.4626 97508
17.4681 97529
17.4698 97550
17.4702 97571
17.4707 97592
17.4712 97613
17.4717 97634
17.4722 97655
17.4726 97676
17.4731 97697
17.4736 97718
17.4741 97739
17.4746 97760
17.4751 97781
17.4755 97802
17.476 97823
17.4765 97844
17.477 97865
17.4775 97886
17.4779 97907
17.4784 97928
17.4789 97949
17.4794 97970
17.4799 97991
17.4803 98012
17.4808 98033
17.4813 98054
17.4818 98075
17.4827 98096
17.4832 98117
17.4837 98138
17.4844 98159
17.4854 98180
17.4863 98201
17.4919 98222
17.4938 98243
17.4945 98264
17.495 98285
17.4955 98306
17.496 98327
17.4964 98348
17.4969 98369
17.4974 98390
17.4979 98411
17.4984 98432
17.4988 98453
17.4993 98474
17.4998 98495
17.5003 98516
17.5008 98537
17.5012 98558
17.5017 98579
17.5022 98600
17.5027 98621
17.5032 98642
17.5037 98663
17.5041 98684
17.5046 98705
17.5051 98726
17.5056 98747
17.5061 98768
17.5068 98789
17.5075 98810
17.508 98831
17.5085 98852
17.5094 98873
17.5104 98894
17.5159 98915
17.5178 98936
17.5186 98957
17.519 98978
17.5195 98999
17.52 99020
17.5205 99041
17.521 99062
17.5214 99083
17.5219 99104
17.5224 99125
17.5229 99146
17.5234 99167
17.5238 99188
17.5243 99209
17.5248 99230
17.5253 99251
17.5258 99272
17.5262 99293
17.5267 99314
17.5272 99335
17.5277 99356
17.5282 99377
17.5286 99398
17.5291 99419
17.5296 99440
17.5301 99461
17.5308 99482
17.5315 99503
17.532 99524
17.5325 99545
17.5332 99566
17.5342 99587
17.5351 99608
17.5407 99629
17.5426 99650
17.5431 99671
17.5435 99692
17.544 99713
17.5445 99734
17.545 99755
17.5455 99776
17.5459 99797
17.5464 99818
17.5469 99839
17.5474 99860
17.5479 99880
17.5484 99900
17.5488 99920
17.5493 99940
17.5498 99960
17.5503 99980
17.5508 100000
17.5512 100020
17.5517 100040
17.5522 100060
17.5527 100080
17.5532 100100
17.5536 100120
17.5541 100140
17.5546 100160
17.5556 100180
17.5563 100200
17.5568 100220
17.5572 100240
17.5582 100260
17.5592 100280
17.5601 100300
17.5657 100320
17.5673 100340
17.5678 100360
17.5683 100380
17.5688 100400
17.5693 100420
17.5697 100440
17.5702 100460
17.5707 100480
17.5712 100500
17.5717 100520
17.5721 100540
17.5726 100560
17.5731 100580
17.5736 100600
17.5741 100620
17.5745 100640
17.575 100660
17.5755 100680
17.576 100700
17.5765 100720
17.5769 100740
17.5774 100760
17.5779 100780
17.5784 100800
17.5789 100820
17.5796 100840
17.5803 100860
17.5813 100880
17.5818 100900
17.5822 100920
17.583 100940
17.5839 100960
17.5849 100980
17.5904 101000
17.5923 101020
17.5928 101040
17.5933 101060
17.5938 101080
17.5943 101100
17.5947 101120
17.5952 101140
17.5957 101160
17.5962 101180
17.5967 101200
17.5971 101220
17.5976 101240
17.5981 101260
17.5986 101280
17.5991 101300
17.5995 101320
17.6 101340
17.6005 101360
17.601 101380
17.6015 101400
17.6019 101420
17.6024 101440
17.6029 101460
17.6034 101480
17.6039 101500
17.6043 101520
17.6053 101540
17.606 101560
17.6067 101580
17.6072 101600
17.6077 101620
17.6089 101640
17.6099 101660
17.6154 101680
17.6173 101700
17.618 101720
17.6185 101740
17.619 101760
17.6195 101780
17.62 101800
17.6204 101820
17.6209 101840
17.6214 101860
17.6219 101880
17.6224 101900
17.6228 101920
17.6233 101940
17.6238 101960
17.6243 101980
17.6248 102000
17.6253 102020
17.6257 102040
17.6262 102060
17.6267 102080
17.6272 102100
17.6277 102120
17.6281 102140
17.6286 102160
17.6291 102180
17.6296 102200
17.6301 102220
17.631 102240
17.6317 102260
17.6325 102280
17.6329 102300
17.6334 102320
17.6346 102340
17.6356 102360
17.6411 102380
17.643 102400
17.6435 102420
17.644 102440
17.6445 102460
17.645 102480
17.6454 102500
17.6459 102520
17.6464 102540
17.6469 102560
17.6474 102580
17.6478 102600
17.6483 102620
17.6488 102640
17.6493 102660
17.6498 102680
17.6502 102700
17.6507 102720
17.6512 102740
17.6517 102760
17.6522 102780
17.6526 102800
17.6531 102820
17.6536 102840
17.6541 102860
17.6546 102880
17.6551 102900
17.6558 102920
17.6565 102940
17.6575 102960
17.6579 102980
17.6584 103000
17.6591 103020
17.6603 103040
17.6613 103060
17.6671 103080
17.6688 103100
17.6692 103120
17.6697 103140
17.6702 103160
17.6707 103180
17.6712 103200
17.6716 103220
17.6721 103240
17.6726 103260
17.6731 103280
17.6736 103300
17.674 103320
17.6745 103340
17.675 103360
17.6755 103380
17.676 103400
17.6764 103420
17.6769 103440
17.6774 103460
17.6779 103480
17.6784 103500
17.6788 103520
17.6793 103540
17.6798 103560
17.6803 103580
17.6808 103600
17.6817 103620
17.6822 103640
17.6832 103660
17.6837 103680
17.6841 103700
17.6849 103720
17.6861 103740
17.687 103760
17.6928 103780
17.6947 103800
17.6952 103820
17.6957 103840
17.6961 103860
17.6966 103880
17.6971 103900
17.6976 103920
17.6981 103940
17.6986 103960
17.699 103980
17.6995 104000
17.7 104020
17.7005 104040
17.701 104060
17.7014 104080
17.7019 104100
17.7024 104120
17.7029 104140
17.7034 104160
17.7038 104180
17.7043 104200
17.7048 104220
17.7053 104240
17.7058 104260
17.7062 104280
17.7067 104300
17.7074 104320
17.7082 104340
17.7089 104360
17.7096 104380
17.7101 104400
17.7106 104420
17.7118 104440
17.7127 104460
17.7185 104480
17.7207 104500
17.7214 104520
17.7219 104540
17.7223 104560
17.7228 104580
17.7233 104600
17.7238 104620
17.7243 104640
17.7247 104660
17.7252 104680
17.7257 104700
17.7262 104720
17.7267 104740
17.7271 104760
17.7276 104780
17.7281 104800
17.7286 104820
17.7291 104840
17.7296 104859
17.73 104878
17.7305 104897
17.731 104916
17.7315 104935
17.732 104954
17.7324 104973
17.7329 104992
17.7334 105011
17.7341 105030
17.7348 105049
17.7353 105068
17.7358 105087
17.7363 105106
17.7368 105125
17.7372 105144
17.7377 105163
17.7404 105182
17.7425 105201
17.743 105220
17.7435 105239
17.744 105258
17.7445 105277
17.7449 105296
17.7454 105315
17.7459 105334
17.7464 105353
17.7469 105372
17.7473 105391
17.7478 105410
17.7483 105429
17.7488 105448
17.7493 105467
17.7497 105486
17.7502 105505
17.7507 105524
17.7512 105543
17.7517 105562
17.7521 105581
17.7526 105600
17.7531 105619
17.7536 105638
17.7541 105657
17.7545 105676
17.755 105695
17.756 105714
17.7565 105733
17.7569 105752
17.7574 105771
17.7579 105790
17.7584 105809
17.7589 105828
17.7596 105847
17.7622 105866
17.7642 105885
17.7646 105904
17.7651 105923
17.7656 105942
17.7661 105961
17.7666 105980
17.767 105999
17.7675 106018
17.768 106037
17.7685 106056
17.769 106075
17.7694 106094
17.7699 106113
17.7704 106132
17.7709 106151
17.7714 106170
17.7718 106189
17.7723 106208
17.7728 106227
17.7733 106246
17.7738 106265
17.7743 106284
17.7747 106303
17.7752 106322
17.7757 106341
17.7762 106360
17.7769 106379
17.7776 106398
17.7781 106417
17.7786 106436
17.7791 106455
17.7795 106474
17.78 106493
17.7805 106512
17.7815 106531
17.7841 106550
17.786 106569
17.7865 106588
17.787 106607
17.7875 106626
17.7879 106645
17.7884 106664
17.7889 106683
17.7894 106702
17.7899 106721
17.7904 106740
17.7908 106759
17.7913 106778
17.7918 106797
17.7923 106816
17.7928 106835
17.7932 106854
17.7937 106873
17.7942 106892
17.7947 106911
17.7952 106930
17.7956 106949
17.7961 106968
17.7966 106987
17.7971 107006
17.7976 107025
17.798 107044
17.7988 107063
17.7995 107082
17.8 107101
17.8004 107120
17.8009 107139
17.8014 107158
17.8019 107177
17.8024 107196
17.8033 107215
17.806 107234
17.8079 107253
17.8086 107272
17.8091 107291
17.8096 107310
17.8101 107329
17.8105 107348
17.811 107367
17.8115 107386
17.812 107405
17.8125 107424
17.8129 107443
17.8134 107462
17.8139 107481
17.8144 107500
17.8149 107519
17.8153 107538
17.8158 107557
17.8163 107576
17.8168 107595
17.8173 107614
17.8177 107633
17.8182 107652
17.8187 107671
17.8192 107690
17.8197 107709
17.8202 107728
17.8206 107747
17.8216 107766
17.8221 107785
17.8226 107804
17.823 107823
17.8235 107842
17.824 107861
17.8245 107880
17.825 107899
17.8259 107918
17.8286 107937
17.8307 107956
17.8314 107975
17.8319 107994
17.8324 108013
17.8329 108032
17.8334 108051
17.8339 108070
17.8343 108089
17.8348 108108
17.8353 108127
17.8358 108146
17.8363 108165
17.8367 108184
17.8372 108203
17.8377 108222
17.8382 108241
17.8387 108260
17.8391 108279
17.8396 108298
17.8401 108317
17.8406 108336
17.8411 108355
17.8415 108374
17.842 108393
17.8425 108412
17.843 108431
17.8435 108450
17.8444 108469
17.8449 108488
17.8454 108507
17.8459 108526
17.8463 108545
17.8468 108564
17.8473 108583
17.8478 108602
17.8488 108621
17.8514 108640
17.8536 108659
17.854 108678
17.8545 108697
17.855 108716
17.8555 108735
17.856 108754
17.8564 108773
17.8569 108792
17.8574 108811
17.8579 108830
17.8584 108849
17.8588 108868
17.8593 108887
17.8598 108906
17.8603 108925
17.8608 108944
17.8612 108963
17.8617 108982
17.8622 109001
17.8627 109020
17.8632 109039
17.8637 109058
17.8641 109077
17.8646 109096
17.8651 109115
17.8656 109134
17.8663 109153
17.867 109172
17.8675 109191
17.868 109210
17.8685 109229
17.8689 109248
17.8694 109267
17.8699 109286
17.8706 109305
17.8713 109324
17.874 109343
17.8764 109362
17.8769 109381
17.8773 109400
17.8778 109419
17.8783 109438
17.8788 109457
17.8793 109476
17.8798 109495
17.8802 109514
17.8807 109533
17.8812 109552
17.8817 109571
17.8822 109590
17.8826 109609
17.8831 109628
17.8836 109647
17.8841 109666
17.8846 109685
17.885 109704
17.8855 109723
17.886 109742
17.8865 109761
17.887 109780
17.8874 109799
17.8879 109818
17.8884 109837
17.8891 109856
17.8898 109875
17.8903 109894
17.8908 109913
17.8913 109932
17.8918 109951
17.8922 109970
17.8927 109989
17.8934 110008
17.8942 110027
17.8968 110046
17.8992 110065
17.8999 110084
17.9004 110103
17.9009 110122
17.9014 110141
17.9019 110160
17.9023 110179
17.9028 110198
17.9033 110217
17.9038 110236
17.9043 110255
17.9047 110274
17.9052 110293
17.9057 110312
17.9062 110331
17.9067 110350
17.9071 110369
17.9076 110387
17.9081 110405
17.9086 110423
17.9091 110441
17.9096 110459
17.91 110477
17.9105 110495
17.911 110513
17.9115 110531
17.912 110549
17.9129 110567
17.9134 110585
17.9139 110603
17.9144 110621
17.9148 110639
17.9153 110657
17.9158 110675
17.9163 110693
17.9172 110711
17.9196 110729
17.922 110747
17.923 110765
17.9237 110783
17.9242 110801
17.9247 110819
17.9252 110837
17.9257 110855
17.9261 110873
17.9266 110891
17.9271 110909
17.9276 110927
17.9281 110945
17.9285 110963
17.929 110981
17.9295 110999
17.93 111017
17.9305 111035
17.9309 111053
17.9314 111071
17.9319 111089
17.9324 111107
17.9329 111125
17.9333 111143
17.9338 111161
17.9343 111179
17.9348 111197
17.9353 111215
17.9357 111233
17.9367 111251
17.9372 111269
17.9377 111287
17.9381 111305
17.9386 111323
17.9391 111341
17.9396 111359
17.9401 111377
17.941 111395
17.9434 111413
17.9458 111431
17.9468 111449
17.9473 111467
17.9478 111485
17.9482 111503
17.9487 111521
17.9492 111539
17.9497 111557
17.9502 111575
17.9506 111593
17.9511 111611
17.9516 111629
17.9521 111647
17.9526 111665
17.953 111683
17.9535 111701
17.954 111719
17.9545 111737
17.955 111755
17.9555 111773
17.9559 111791
17.9564 111809
17.9569 111827
17.9574 111845
17.9579 111863
17.9583 111881
17.9588 111899
17.9595 111917
17.9603 111935
17.9607 111953
17.9612 111971
17.9617 111989
17.9622 112007
17.9627 112025
17.9631 112043
17.9639 112061
17.9648 112079
17.9672 112097
17.9699 112115
17.9706 112133
17.9711 112151
17.9716 112169
17.972 112187
17.9725 112205
17.973 112223
17.9735 112241
17.974 112259
17.9744 112277
17.9749 112295
17.9754 112313
17.9759 112331
17.9764 112349
17.9768 112367
17.9773 112385
17.9778 112403
17.9783 112421
17.9788 112439
17.9792 112457
17.9797 112475
17.9802 112493
17.9807 112511
17.9812 112529
17.9816 112547
17.9821 112565
17.9826 112583
17.9836 112601
17.9841 112619
17.9845 112637
17.985 112655
17.9855 112673
17.986 112691
17.9865 112709
17.9869 112727
17.9877 112745
17.9886 112763
17.991 112781
17.9937 112799
17.9946 112817
17.9951 112835
17.9956 112853
17.9961 112871
17.9965 112889
17.997 112907
17.9975 112925
17.998 112943
17.9985 112961
17.999 112979
17.9994 112997
17.9999 113015
18.0004 113033
18.0009 113051
18.0014 113069
18.0018 113087
18.0023 113105
18.0028 113123
18.0033 113141
18.0038 113159
18.0042 113177
18.0047 113195
18.0052 113213
18.0057 113231
18.0062 113249
18.0066 113267
18.0074 113285
18.0081 113303
18.0086 113321
18.009 113339
18.0095 113357
18.01 113375
18.0105 113393
18.011 113411
18.0114 113429
18.0124 113447
18.0148 113465
18.0175 113483
18.0184 113501
18.0194 113519
18.0199 113537
18.0203 113555
18.0208 113573
18.0213 113591
18.0218 113609
18.0223 113627
18.0227 113645
18.0232 113663
18.0237 113681
18.0242 113699
18.0247 113717
18.0251 113735
18.0256 113753
18.0261 113771
18.0266 113789
18.0271 113807
18.0275 113825
18.028 113843
18.0285 113861
18.029 113879
18.0295 113897
18.03 113915
18.0304 113933
18.0309 113951
18.0314 113969
18.0321 113987
18.0328 114005
18.0333 114023
18.0338 114041
18.0343 114059
18.0348 114077
18.0352 114095
18.0357 114113
18.0362 114131
18.0372 114149
18.0396 114167
18.0422 114185
18.0432 114203
18.0439 114221
18.0444 114239
18.0449 114257
18.0453 114275
18.0458 114293
18.0463 114311
18.0468 114329
18.0473 114347
18.0477 114365
18.0482 114383
18.0487 114401
18.0492 114419
18.0497 114437
18.0501 114455
18.0506 114473
18.0511 114491
18.0516 114509
18.0521 114527
18.0525 114545
18.053 114563
18.0535 114581
18.054 114599
18.0545 114617
18.0549 114635
18.0554 114653
18.0559 114671
18.0569 114689
18.0573 114707
18.0578 114725
18.0583 114743
18.0588 114761
18.0593 114779
18.0598 114797
18.0602 114815
18.061 114833
18.0619 114851
18.0643 114869
18.067 114887
18.0679 114905
18.0684 114923
18.0689 114941
18.0694 114959
18.0698 114977
18.0703 114995
18.0708 115013
18.0713 115031
18.0718 115049
18.0722 115067
18.0727 115085
18.0732 115103
18.0737 115121
18.0742 115139
18.0747 115157
18.0751 115175
18.0756 115193
18.0761 115211
18.0766 115229
18.0771 115247
18.0775 115265
18.078 115283
18.0785 115301
18.079 115319
18.0795 115337
18.0799 115355
18.0807 115373
18.0816 115391
18.0821 115409
18.0826 115427
18.0831 115445
18.0835 115463
18.084 115481
18.0845 115499
18.085 115517
18.0857 115535
18.0867 115553
18.0891 115571
18.0917 115589
18.0927 115607
18.0932 115625
18.0936 115643
18.0941 115661
18.0946 115679
18.0951 115697
18.0956 115715
18.096 115733
18.0965 115751
18.097 115769
18.0975 115787
18.098 115805
18.0984 115823
18.0989 115841
18.0994 115859
18.0999 115877
18.1004 115895
18.1008 115913
18.1013 115931
18.1018 115949
18.1023 115967
18.1028 115985
18.1032 116003
18.1037 116021
18.1042 116039
18.1047 116057
18.1054 116075
18.1064 116093
18.1071 116111
18.1076 116129
18.1081 116147
18.1085 116165
18.109 116183
18.1095 116201
18.11 116219
18.1105 116237
18.1114 116255
18.1138 116273
18.1165 116291
18.1174 116309
18.1181 116327
18.1186 116345
18.1191 116363
18.1196 116381
18.1201 116399
18.1206 116417
18.121 116435
18.1215 116453
18.122 116471
18.1225 116489
18.123 116506
18.1234 116523
18.1239 116540
18.1244 116557
18.1249 116574
18.1254 116591
18.1258 116608
18.1263 116625
18.1268 116642
18.1273 116659
18.1278 116676
18.1282 116693
18.1287 116710
18.1292 116727
18.1297 116744
18.1302 116761
18.1309 116778
18.1318 116795
18.1326 116812
18.133 116829
18.1335 116846
18.134 116863
18.1345 116880
18.135 116897
18.1355 116914
18.1359 116931
18.1369 116948
18.1395 116965
18.1422 116982
18.1431 116999
18.1439 117016
18.1443 117033
18.1448 117050
18.1453 117067
18.1458 117084
18.1463 117101
18.1467 117118
18.1472 117135
18.1477 117152
18.1482 117169
18.1487 117186
18.1492 117203
18.1496 117220
18.1501 117237
18.1506 117254
18.1511 117271
18.1516 117288
18.152 117305
18.1525 117322
18.153 117339
18.1535 117356
18.154 117373
18.1544 117390
18.1549 117407
18.1554 117424
18.1559 117441
18.1566 117458
18.1576 117475
18.1583 117492
18.1588 117509
18.1592 117526
18.1597 117543
18.1602 117560
18.1607 117577
18.1612 117594
18.1616 117611
18.1626 117628
18.1653 117645
18.1679 117662
18.1689 117679
18.1693 117696
18.1698 117713
18.1703 117730
18.1708 117747
18.1713 117764
18.1717 117781
18.1722 117798
18.1727 117815
18.1732 117832
18.1737 117849
18.1741 117866
18.1746 117883
18.1751 117900
18.1756 117917
18.1761 117934
18.1765 117951
18.177 117968
18.1775 117985
18.178 118002
18.1785 118019
18.179 118036
18.1794 118053
18.1799 118070
18.1804 118087
18.1809 118104
18.1814 118121
18.1823 118138
18.183 118155
18.1838 118172
18.1842 118189
18.1847 118206
18.1852 118223
18.1857 118240
18.1862 118257
18.1866 118274
18.1871 118291
18.1881 118308
18.191 118325
18.1936 118342
18.1946 118359
18.1951 118376
18.1955 118393
18.196 118410
18.1965 118427
18.197 118444
18.1975 118461
18.1979 118478
18.1984 118495
18.1989 118512
18.1994 118529
18.1999 118546
18.2003 118563
18.2008 118580
18.2013 118597
18.2018 118614
18.2023 118631
18.2027 118648
18.2032 118665
18.2037 118682
18.2042 118699
18.2047 118716
18.2051 118733
18.2056 118750
18.2061 118767
18.2066 118784
18.2071 118801
18.208 118818
18.2087 118835
18.2095 118852
18.21 118869
18.2104 118886
18.2109 118903
18.2114 118920
18.2119 118937
18.2124 118954
18.2128 118971
18.2138 118988
18.2167 119005
18.2193 119022
18.2203 119039
18.221 119056
18.2215 119073
18.222 119090
18.2224 119107
18.2229 119124
18.2234 119141
18.2239 119158
18.2244 119175
18.2249 119192
18.2253 119209
18.2258 119226
18.2263 119243
18.2268 119260
18.2273 119277
18.2277 119294
18.2282 119311
18.2287 119328
18.2292 119345
18.2297 119362
18.2301 119379
18.2306 119396
18.2311 119413
18.2316 119430
18.2321 119447
18.2325 119464
18.233 119481
18.2335 119498
18.2345 119515
18.2352 119532
18.2359 119549
18.2364 119566
18.2369 119583
18.2373 119600
18.2378 119617
18.2383 119634
18.2388 119651
18.2393 119668
18.2402 119685
18.2431 119702
18.246 119719
18.247 119736
18.2477 119753
18.2482 119770
18.2486 119787
18.2491 119804
18.2496 119821
18.2501 119838
18.2506 119855
18.251 119872
18.2515 119889
18.252 119906
18.2525 119923
18.253 119940
18.2534 119957
18.2539 119974
18.2544 119991
18.2549 120008
18.2554 120025
18.2559 120042
18.2563 120059
18.2568 120076
18.2573 120093
18.2578 120110
18.2583 120127
18.2587 120144
18.2592 120161
18.2597 120178
18.2602 120195
18.2611 120212
18.2619 120229
18.2626 120246
18.2631 120263
18.2635 120280
18.264 120297
18.2645 120314
18.265 120331
18.2655 120348
18.2659 120365
18.2669 120382
18.2698 120399
18.2727 120416
18.2736 120433
18.2741 120450
18.2746 120467
18.2751 120484
18.2756 120501
18.276 120518
18.2765 120535
18.277 120552
18.2775 120569
18.278 120586
18.2784 120603
18.2789 120620
18.2794 120637
18.2799 120654
18.2804 120671
18.2808 120688
18.2813 120705
18.2818 120722
18.2823 120739
18.2828 120756
18.2832 120773
18.2837 120790
18.2842 120807
18.2847 120824
18.2852 120841
18.2857 120858
18.2861 120875
18.2869 120892
18.2876 120909
18.2883 120926
18.289 120943
18.2895 120960
18.29 120977
18.2905 120994
18.2909 121011
18.2914 121028
18.2919 121045
18.2924 121062
18.2933 121079
18.2965 121096
18.2994 121113
18.3003 121130
18.3008 121147
18.3013 121164
18.3018 121181
18.3022 121198
18.3027 121215
18.3032 121232
18.3037 121249
18.3042 121266
18.3046 121283
18.3051 121300
18.3056 121317
18.3061 121334
18.3066 121351
18.307 121368
18.3075 121385
18.308 121402
18.3085 121419
18.309 121436
18.3094 121453
18.3099 121470
18.3104 121487
18.3109 121504
18.3114 121521
18.3118 121538
18.3123 121555
18.3128 121572
18.3128 60416
18.3135 60450
18.3135 60416
18.3143 60450
18.3143 60416
18.315 60450
18.315 60416
18.3157 60450
18.3157 60416
18.3162 60450
18.3162 60416
18.3167 60450
18.3167 60416
18.3171 60450
18.3171 60416
18.3176 60450
18.3176 60416
18.3181 60450
18.3181 60416
18.3186 60450
18.3186 60416
18.3191 60450
18.3191 60416
18.32 60450
18.32 60416
18.3231 60450
18.3231 60416
18.326 60450
18.326 60416
18.327 60450
18.327 60416
18.3277 60450
18.3277 60416
18.3282 60450
18.3282 60416
18.3287 60450
18.3287 60416
18.3292 60450
18.3292 60416
18.3296 60450
18.3296 60416
18.3301 60450
18.3301 60416
18.3306 60450
18.3306 60416
18.3311 60450
18.3311 60416
18.3316 60450
18.3316 60416
18.332 60450
18.332 60416
18.3325 60450
18.3325 60416
18.333 60450
18.333 60416
18.3335 60450
18.3335 60416
18.334 60450
18.334 60416
18.3344 60450
18.3344 60416
18.3349 60450
18.3349 60416
18.3354 60450
18.3354 60416
18.3359 60450
18.3359 60416
18.3364 60450
18.3364 60416
18.3368 60450
18.3368 60416
18.3373 60450
18.3373 60416
18.3378 60450
18.3378 60416
18.3383 60450
18.3383 60416
18.3388 60450
18.3388 60416
18.3392 60450
18.3392 60416
18.3506 60450
18.3511 60484
18.3516 60518
18.3521 60552
18.3525 60586
18.353 60620
18.3535 60654
18.354 60688
18.3545 60722
18.3549 60756
18.3554 60790
18.3559 60824
18.3564 60858
18.3569 60892
18.3573 60926
18.3578 60960
18.3583 60994
18.3588 61028
18.3593 61062
18.3597 61096
18.3711 61130
18.3716 61164
18.3721 61198
18.3725 61232
18.373 61266
18.3735 61300
18.374 61334
18.3745 61368
18.375 61402
18.3754 61436
18.3759 61470
18.3764 61504
18.3769 61538
18.3774 61572
18.3778 61606
18.3783 61640
18.3788 61674
18.3793 61707
18.3798 61740
18.3802 61773
18.3807 61806
18.3918 61839
18.3923 61872
18.3928 61905
18.3933 61938
18.3938 61971
18.3942 62004
18.3947 62037
18.3952 62070
18.3957 62103
18.3962 62136
18.3967 62169
18.3971 62202
18.3976 62235
18.3981 62268
18.3986 62301
18.3991 62334
18.3995 62367
18.4 62400
18.4005 62433
18.401 62466
18.4017 62499
18.4126 62532
18.4131 62565
18.4135 62598
18.414 62631
18.4145 62664
18.415 62697
18.4155 62730
18.4159 62763
18.4164 62796
18.4169 62829
18.4174 62862
18.4179 62895
18.4184 62928
18.4188 62961
18.4193 62994
18.4198 63027
18.4203 63060
18.4208 63093
18.4212 63126
18.4217 63159
18.4222 63192
18.4331 63225
18.4336 63258
18.434 63291
18.4345 63324
18.435 63357
18.4355 63390
18.436 63423
18.4364 63456
18.4369 63489
18.4374 63522
18.4379 63555
18.4384 63587
18.4388 63619
18.4393 63651
18.4398 63683
18.4403 63715
18.4408 63747
18.4413 63779
18.4417 63811
18.4422 63843
18.4427 63875
18.4536 63907
18.4541 63939
18.4545 63971
18.455 64003
18.4555 64035
18.456 64067
18.4565 64099
18.4569 64131
18.4574 64163
18.4579 64195
18.4584 64227
18.4589 64259
18.4593 64291
18.4598 64323
18.4603 64355
18.4608 64387
18.4613 64419
18.4618 64451
18.4622 64483
18.4627 64515
18.4632 64547
18.4637 64579
18.4743 64611
18.4748 64643
18.4753 64675
18.4758 64707
18.4762 64739
18.4767 64771
18.4772 64803
18.4777 64835
18.4782 64867
18.4786 64899
18.4791 64931
18.4796 64963
18.4801 64995
18.4806 65027
18.481 65059
18.4815 65091
18.482 65123
18.4825 65155
18.483 65187
18.4834 65219
18.4839 65251
18.4847 65283
18.4951 65315
18.4955 65347
18.496 65379
18.4965 65411
18.497 65443
18.4975 65475
18.4979 65507
18.4984 65539
18.4989 65570
18.4994 65601
18.4999 65632
18.5003 65663
18.5008 65694
18.5013 65725
18.5018 65756
18.5023 65787
18.5027 65818
18.5032 65849
18.5037 65880
18.5042 65911
18.5047 65942
18.5051 65973
18.5156 66004
18.516 66035
18.5165 66066
18.517 66097
18.5175 66128
18.518 66159
18.5184 66190
18.5189 66221
18.5194 66252
18.5199 66283
18.5204 66314
18.5208 66345
18.5213 66376
18.5218 66407
18.5223 66438
18.5228 66469
18.5232 66500
18.5237 66531
18.5242 66562
18.5247 66593
18.5252 66624
18.5256 66655
18.5361 66686
18.5365 66717
18.537 66748
18.5375 66779
18.538 66810
18.5385 66841
18.5389 66872
18.5394 66903
18.5399 66934
18.5404 66965
18.5409 66996
18.5413 67027
18.5418 67058
18.5423 67089
18.5428 67120
18.5433 67151
18.5437 67182
18.5442 67213
18.5447 67244
18.5452 67275
18.5457 67306
18.5461 67337
18.5466 67368
18.5568 67399
18.5573 67430
18.5578 67461
18.5582 67492
18.5587 67523
18.5592 67554
18.5597 67585
18.5602 67616
18.5606 67647
18.5611 67677
18.5616 67707
18.5621 67737
18.5626 67767
18.563 67797
18.5635 67827
18.564 67857
18.5645 67887
18.565 67917
18.5654 67947
18.5659 67977
18.5664 68007
18.5669 68037
18.5674 68067
18.5775 68097
18.578 68127
18.5785 68157
18.579 68187
18.5795 68217
18.5799 68247
18.5804 68277
18.5809 68307
18.5814 68337
18.5819 68367
18.5823 68397
18.5828 68427
18.5833 68457
18.5838 68487
18.5843 68517
18.5847 68547
18.5852 68577
18.5857 68607
18.5862 68637
18.5867 68667
18.5871 68697
18.5876 68727
18.5883 68757
18.598 68787
18.5985 68817
18.599 68847
18.5995 68877
18.5999 68907
18.6004 68937
18.6009 68967
18.6014 68997
18.6019 69027
18.6024 69057
18.6028 69087
18.6033 69117
18.6038 69147
18.6043 69177
18.6048 69207
18.6052 69237
18.6057 69267
18.6062 69297
18.6067 69327
18.6072 69357
18.6076 69387
18.6081 69417
18.6088 69447
18.6185 69477
18.619 69507
18.6195 69537
18.62 69567
18.6204 69597
18.6209 69627
18.6214 69657
18.6219 69687
18.6224 69717
18.6228 69747
18.6233 69777
18.6238 69807
18.6243 69837
18.6248 69867
18.6253 69897
18.6257 69926
18.6262 69955
18.6267 69984
18.6272 70013
18.6277 70042
18.6281 70071
18.6286 70100
18.6293 70129
18.639 70158
18.6395 70187
18.64 70216
18.6405 70245
18.6409 70274
18.6414 70303
18.6419 70332
18.6424 70361
18.6429 70390
18.6433 70419
18.6438 70448
18.6443 70477
18.6448 70506
18.6453 70535
18.6458 70564
18.6462 70593
18.6467 70622
18.6472 70651
18.6477 70680
18.6482 70709
18.6486 70738
18.6491 70767
18.6496 70796
18.6501 70825
18.6598 70854
18.6602 70883
18.6607 70912
18.6612 70941
18.6617 70970
18.6622 70999
18.6626 71028
18.6631 71057
18.6636 71086
18.6641 71115
18.6646 71144
18.665 71173
18.6655 71202
18.666 71231
18.6665 71260
18.667 71289
18.6675 71318
18.6679 71347
18.6684 71376
18.6689 71405
18.6694 71434
18.6699 71463
18.6703 71492
18.6708 71521
18.6805 71550
18.681 71579
18.6815 71608
18.6819 71637
18.6824 71666
18.6829 71695
18.6834 71724
18.6839 71753
18.6843 71782
18.6848 71811
18.6853 71840
18.6858 71869
18.6863 71898
18.6867 71927
18.6872 71956
18.6877 71985
18.6882 72014
18.6887 72043
18.6892 72072
18.6896 72101
18.6901 72130
18.6906 72159
18.6911 72188
18.6916 72217
18.7014 72246
18.7019 72275
18.7024 72304
18.7028 72332
18.7033 72360
18.7038 72388
18.7043 72416
18.7048 72444
18.7053 72472
18.7057 72500
18.7062 72528
18.7067 72556
18.7072 72584
18.7077 72612
18.7081 72640
18.7086 72668
18.7091 72696
18.7096 72724
18.7101 72752
18.7105 72780
18.711 72808
18.7115 72836
18.712 72864
18.7125 72892
18.7221 72920
18.7226 72948
18.723 72976
18.7235 73004
18.724 73032
18.7245 73060
18.725 73088
18.7254 73116
18.7259 73144
18.7264 73172
18.7269 73200
18.7274 73228
18.7278 73256
18.7283 73284
18.7288 73312
18.7293 73340
18.7298 73368
18.7302 73396
18.7307 73424
18.7312 73452
18.7317 73480
18.7322 73508
18.7326 73536
18.7331 73564
18.7336 73592
18.7428 73620
18.7433 73648
18.7438 73676
18.7443 73704
18.7447 73732
18.7452 73760
18.7457 73788
18.7462 73816
18.7467 73844
18.7471 73872
18.7476 73900
18.7481 73928
18.7486 73956
18.7491 73984
18.7495 74012
18.75 74040
18.7505 74068
18.751 74096
18.7515 74124
18.7519 74152
18.7524 74180
18.7529 74208
18.7534 74236
18.7539 74264
18.7543 74292
18.7636 74320
18.764 74348
18.7645 74376
18.765 74404
18.7655 74432
18.766 74460
18.7664 74488
18.7669 74516
18.7674 74544
18.7679 74572
18.7684 74600
18.7688 74628
18.7693 74656
18.7698 74684
18.7703 74712
18.7708 74740
18.7712 74768
18.7717 74796
18.7722 74824
18.7727 74852
18.7732 74880
18.7736 74908
18.7741 74935
18.7746 74962
18.7751 74989
18.784 75016
18.7845 75043
18.785 75070
18.7855 75097
18.786 75124
18.7865 75151
18.7869 75178
18.7874 75205
18.7879 75232
18.7884 75259
18.7889 75286
18.7893 75313
18.7898 75340
18.7903 75367
18.7908 75394
18.7913 75421
18.7917 75448
18.7922 75475
18.7927 75502
18.7932 75529
18.7937 75556
18.7941 75583
18.7946 75610
18.7951 75637
18.7956 75664
18.8045 75691
18.805 75718
18.8055 75745
18.806 75772
18.8065 75799
18.8069 75826
18.8074 75853
18.8079 75880
18.8084 75907
18.8089 75934
18.8094 75961
18.8098 75988
18.8103 76015
18.8108 76042
18.8113 76069
18.8118 76096
18.8122 76123
18.8127 76150
18.8132 76177
18.8137 76204
18.8142 76231
18.8146 76258
18.8151 76285
18.8156 76312
18.8161 76339
18.8166 76366
18.8255 76393
18.8262 76420
18.8267 76447
18.8272 76474
18.8277 76501
18.8282 76528
18.8286 76555
18.8291 76582
18.8296 76609
18.8301 76636
18.8306 76663
18.8311 76690
18.8315 76717
18.832 76744
18.8325 76771
18.833 76798
18.8335 76825
18.8339 76852
18.8344 76879
18.8349 76906
18.8354 76933
18.8359 76960
18.8363 76987
18.8368 77014
18.8373 77041
18.8378 77068
18.8465 77095
18.847 77122
18.8475 77149
18.8479 77176
18.8484 77203
18.8489 77230
18.8494 77257
18.8499 77284
18.8503 77311
18.8508 77338
18.8513 77365
18.8518 77392
18.8523 77419
18.8528 77446
18.8532 77473
18.8537 77500
18.8542 77527
18.8547 77554
18.8552 77581
18.8556 77608
18.8561 77635
18.8566 77662
18.8571 77688
18.8576 77714
18.858 77740
18.8585 77766
18.867 77792
18.8675 77818
18.868 77844
18.8684 77870
18.8689 77896
18.8694 77922
18.8699 77948
18.8704 77974
18.8708 78000
18.8713 78026
18.8718 78052
18.8723 78078
18.8728 78104
18.8732 78130
18.8737 78156
18.8742 78182
18.8747 78208
18.8752 78234
18.8757 78260
18.8761 78286
18.8766 78312
18.8771 78338
18.8776 78364
18.8781 78390
18.8785 78416
18.879 78442
18.8875 78468
18.888 78494
18.8885 78520
18.8889 78546
18.8894 78572
18.8899 78598
18.8904 78624
18.8909 78650
18.8913 78676
18.8918 78702
18.8923 78728
18.8928 78754
18.8933 78780
18.8937 78806
18.8942 78832
18.8947 78858
18.8952 78884
18.8957 78910
18.8962 78936
18.8966 78962
18.8971 78988
18.8976 79014
18.8981 79040
18.8986 79066
18.899 79092
18.8995 79118
18.9 79144
18.9085 79170
18.9092 79196
18.9097 79222
18.9102 79248
18.9106 79274
18.9111 79300
18.9116 79326
18.9121 79352
18.9126 79378
18.913 79404
18.9135 79430
18.914 79456
18.9145 79482
18.915 79508
18.9154 79534
18.9159 79560
18.9164 79586
18.9169 79612
18.9174 79638
18.9179 79664
18.9183 79690
18.9188 79716
18.9193 79742
18.9198 79768
18.9203 79794
18.9207 79820
18.9212 79846
18.9295 79872
18.9299 79898
18.9304 79924
18.9309 79950
18.9314 79976
18.9319 80002
18.9323 80028
18.9328 80054
18.9333 80080
18.9338 80106
18.9343 80132
18.9347 80158
18.9352 80184
18.9357 80210
18.9362 80236
18.9367 80262
18.9371 80288
18.9376 80314
18.9381 80340
18.9386 80366
18.9391 80392
18.9395 80418
18.94 80444
18.9405 80470
18.941 80496
18.9415 80522
18.942 80548
18.95 80574
18.9504 80600
18.9509 80626
18.9514 80652
18.9519 80677
18.9524 80702
18.9528 80727
18.9533 80752
18.9538 80777
18.9543 80802
18.9548 80827
18.9552 80852
18.9557 80877
18.9562 80902
18.9567 80927
18.9572 80952
18.9576 80977
18.9581 81002
18.9586 81027
18.9591 81052
18.9596 81077
18.96 81102
18.9605 81127
18.961 81152
18.9615 81177
18.962 81202
18.9625 81227
18.9705 81252
18.9709 81277
18.9714 81302
18.9719 81327
18.9724 81352
18.9729 81377
18.9733 81402
18.9738 81427
18.9743 81452
18.9748 81477
18.9753 81502
18.9757 81527
18.9762 81552
18.9767 81577
18.9772 81602
18.9777 81627
18.9781 81652
18.9786 81677
18.9791 81702
18.9796 81727
18.9801 81752
18.9805 81777
18.981 81802
18.9815 81827
18.982 81852
18.9825 81877
18.9829 81902
18.9834 81927
18.9914 81952
18.9922 81977
18.9926 82002
18.9931 82027
18.9936 82052
18.9941 82077
18.9946 82102
18.995 82127
18.9955 82152
18.996 82177
18.9965 82202
18.997 82227
18.9974 82252
18.9979 82277
18.9984 82302
18.9989 82327
18.9994 82352
18.9998 82377
19.0003 82402
19.0008 82427
19.0013 82452
19.0018 82477
19.0022 82502
19.0027 82527
19.0032 82552
19.0037 82577
19.0042 82602
19.0046 82627
19.0124 82652
19.0129 82677
19.0134 82702
19.0139 82727
19.0143 82752
19.0148 82777
19.0153 82802
19.0158 82827
19.0163 82852
19.0167 82877
19.0172 82902
19.0177 82927
19.0182 82952
19.0187 82977
19.0191 83002
19.0196 83027
19.0201 83052
19.0206 83077
19.0211 83102
19.0215 83127
19.022 83152
19.0225 83177
19.023 83202
19.0235 83227
19.0239 83252
19.0244 83277
19.0249 83302
19.0254 83327
19.0329 83352
19.0334 83377
19.0339 83402
19.0343 83427
19.0348 83452
19.0353 83477
19.0358 83502
19.0363 83527
19.0368 83552
19.0372 83577
19.0377 83602
19.0382 83627
19.0387 83652
19.0392 83677
19.0396 83702
19.0401 83727
19.0406 83752
19.0411 83777
19.0416 83802
19.042 83827
19.0425 83852
19.043 83877
19.0435 83901
19.044 83925
19.0444 83949
19.0449 83973
19.0454 83997
19.0459 84021
19.0534 84045
19.0541 84069
19.0546 84093
19.0551 84117
19.0556 84141
19.056 84165
19.0565 84189
19.057 84213
19.0575 84237
19.058 84261
19.0585 84285
19.0589 84309
19.0594 84333
19.0599 84357
19.0604 84381
19.0609 84405
19.0613 84429
19.0618 84453
19.0623 84477
19.0628 84501
19.0633 84525
19.0637 84549
19.0642 84573
19.0647 84597
19.0652 84621
19.0657 84645
19.0661 84669
19.0666 84693
19.0671 84717
19.0744 84741
19.0751 84765
19.0756 84789
19.0761 84813
19.0765 84837
19.077 84861
19.0775 84885
19.078 84909
19.0785 84933
19.0789 84957
19.0794 84981
19.0799 85005
19.0804 85029
19.0809 85053
19.0814 85077
19.0818 85101
19.0823 85125
19.0828 85149
19.0833 85173
19.0838 85197
19.0842 85221
19.0847 85245
19.0852 85269
19.0857 85293
19.0862 85317
19.0866 85341
19.0871 85365
19.0876 85389
19.0881 85413
19.0954 85437
19.0961 85461
19.0966 85485
19.097 85509
19.0975 85533
19.098 85557
19.0985 85581
19.099 85605
19.0994 85629
19.0999 85653
19.1004 85677
19.1009 85701
19.1014 85725
19.1019 85749
19.1023 85773
19.1028 85797
19.1033 85821
19.1038 85845
19.1043 85869
19.1047 85893
19.1052 85917
19.1057 85941
19.1062 85965
19.1067 85989
19.1071 86013
19.1076 86037
19.1081 86061
19.1086 86085
19.1091 86109
19.1163 86133
19.1168 86157
19.1173 86181
19.1178 86205
19.1183 86229
19.1187 86253
19.1192 86277
19.1197 86301
19.1202 86325
19.1207 86349
19.1211 86373
19.1216 86397
19.1221 86421
19.1226 86445
19.1231 86469
19.1236 86493
19.124 86517
19.1245 86541
19.125 86565
19.1255 86589
19.126 86613
19.1264 86637
19.1269 86661
19.1274 86685
19.1279 86709
19.1284 86733
19.1288 86757
19.1293 86781
19.1298 86805
19.1368 86829
19.1373 86853
19.1378 86877
19.1383 86901
19.1388 86925
19.1392 86949
19.1397 86973
19.1402 86997
19.1407 87021
19.1412 87045
19.1416 87069
19.1421 87093
19.1426 87117
19.1431 87141
19.1436 87165
19.144 87189
19.1445 87213
19.145 87237
19.1455 87261
19.146 87285
19.1465 87309
19.1469 87333
19.1474 87357
19.1479 87381
19.1484 87404
19.1489 87427
19.1493 87450
19.1498 87473
19.1503 87496
19.1575 87519
19.158 87542
19.1585 87565
19.1589 87588
19.1594 87611
19.1599 87634
19.1604 87657
19.1609 87680
19.1614 87703
19.1618 87726
19.1623 87749
19.1628 87772
19.1633 87795
19.1638 87818
19.1642 87841
19.1647 87864
19.1652 87887
19.1657 87910
19.1662 87933
19.1666 87956
19.1671 87979
19.1676 88002
19.1681 88025
19.1686 88048
19.169 88071
19.1695 88094
19.17 88117
19.1705 88140
19.171 88163
19.1714 88186
19.1787 88209
19.1794 88232
19.1799 88255
19.1803 88278
19.1808 88301
19.1813 88324
19.1818 88347
19.1823 88370
19.1827 88393
19.1832 88416
19.1837 88439
19.1842 88462
19.1847 88485
19.1851 88508
19.1856 88531
19.1861 88554
19.1866 88577
19.1871 88600
19.1875 88623
19.188 88646
19.1885 88669
19.189 88692
19.1895 88715
19.1899 88738
19.1904 88761
19.1909 88784
19.1914 88807
19.1919 88830
19.1924 88853
19.1928 88876
19.2 88899
19.2005 88922
19.201 88945
19.2015 88968
19.202 88991
19.2024 89014
19.2029 89037
19.2034 89060
19.2039 89083
19.2044 89106
19.2048 89129
19.2053 89152
19.2058 89175
19.2063 89198
19.2068 89221
19.2073 89244
19.2077 89267
19.2082 89290
19.2087 89313
19.2092 89336
19.2097 89359
19.2101 89382
19.2106 89405
19.2111 89428
19.2116 89451
19.2121 89474
19.2125 89497
19.213 89520
19.2135 89543
19.2142 89566
19.2214 89589
19.2219 89612
19.2224 89635
19.2229 89658
19.2234 89681
19.2238 89704
19.2243 89727
19.2248 89750
19.2253 89773
19.2258 89796
19.2262 89819
19.2267 89842
19.2272 89865
19.2277 89888
19.2282 89911
19.2286 89934
19.2291 89957
19.2296 89980
19.2301 90003
19.2306 90026
19.231 90049
19.2315 90072
19.232 90095
19.2325 90118
19.233 90141
19.2334 90164
19.2339 90187
19.2344 90210
19.2349 90233
19.2356 90256
19.2428 90279
19.2435 90302
19.244 90325
19.2445 90348
19.245 90371
19.2455 90394
19.2459 90417
19.2464 90440
19.2469 90463
19.2474 90486
19.2479 90509
19.2483 90532
19.2488 90555
19.2493 90578
19.2498 90601
19.2503 90624
19.2508 90647
19.2512 90670
19.2517 90693
19.2522 90716
19.2527 90739
19.2532 90762
19.2536 90785
19.2541 90808
19.2546 90831
19.2551 90854
19.2556 90877
19.256 90900
19.2565 90923
19.257 90946
19.2577 90969
19.2649 90992
19.2659 91015
19.2664 91038
19.2669 91061
19.2673 91084
19.2678 91107
19.2683 91130
19.2688 91153
19.2693 91176
19.2697 91198
19.2702 91220
19.2707 91242
19.2712 91264
19.2717 91286
19.2721 91308
19.2726 91330
19.2731 91352
19.2736 91374
19.2741 91396
19.2745 91418
19.275 91440
19.2755 91462
19.276 91484
19.2765 91506
19.2769 91528
19.2774 91550
19.2779 91572
19.2784 91594
19.2789 91616
19.2793 91638
19.2801 91660
19.2873 91682
19.288 91704
19.2885 91726
19.289 91748
19.2894 91770
19.2899 91792
19.2904 91814
19.2909 91836
19.2914 91858
19.2918 91880
19.2923 91902
19.2928 91924
19.2933 91946
19.2938 91968
19.2942 91990
19.2947 92012
19.2952 92034
19.2957 92056
19.2962 92078
19.2967 92100
19.2971 92122
19.2976 92144
19.2981 92166
19.2986 92188
19.2991 92210
19.2995 92232
19.3 92254
19.3005 92276
19.301 92298
19.3015 92320
19.3024 92342
19.3096 92364
19.3103 92386
19.3108 92408
19.3113 92430
19.3118 92452
19.3123 92474
19.3128 92496
19.3128 72704
19.3132 72732
19.3132 72704
19.3137 72732
19.3137 72704
19.3142 72732
19.3142 72704
19.3147 72732
19.3147 72704
19.3152 72732
19.3152 72704
19.3156 72732
19.3156 72704
19.3161 72732
19.3161 72704
19.3166 72732
19.3166 72704
19.3171 72732
19.3171 72704
19.3176 72732
19.3176 72704
19.318 72732
19.318 72704
19.3185 72732
19.3185 72704
19.319 72732
19.319 72704
19.3195 72732
19.3195 72704
19.32 72732
19.32 72704
19.3204 72732
19.3204 72704
19.3209 72732
19.3209 72704
19.3214 72732
19.3214 72704
19.3219 72732
19.3219 72704
19.3224 72732
19.3224 72704
19.3228 72732
19.3228 72704
19.3233 72732
19.3233 72704
19.3238 72732
19.3238 72704
19.3248 72732
19.3248 72704
19.332 72732
19.332 72704
19.3329 72732
19.3329 72704
19.3334 72732
19.3334 72704
19.3339 72732
19.3339 72704
19.3344 72732
19.3344 72704
19.3349 72732
19.3349 72704
19.3361 72732
19.3369 72760
19.3373 72788
19.3378 72816
19.3383 72844
19.3388 72872
19.3393 72900
19.3397 72928
19.3402 72956
19.3407 72984
19.3412 73012
19.3417 73040
19.3421 73068
19.3426 73096
19.3431 73124
19.3436 73152
19.3441 73180
19.3445 73208
19.3457 73236
19.353 73264
19.3542 73292
19.3546 73320
19.3551 73348
19.3556 73376
19.3561 73404
19.3569 73432
19.3576 73460
19.3581 73488
19.3586 73516
19.359 73544
19.3595 73572
19.36 73600
19.3605 73628
19.361 73656
19.3614 73684
19.3619 73712
19.3624 73740
19.3629 73768
19.3634 73796
19.3638 73824
19.3643 73852
19.3648 73880
19.3653 73908
19.3667 73936
19.3739 73964
19.3749 73992
19.3754 74020
19.3759 74048
19.3763 74076
19.3768 74104
19.3776 74132
19.3783 74160
19.3788 74188
19.3793 74216
19.3798 74244
19.3803 74272
19.3807 74300
19.3812 74328
19.3817 74356
19.3822 74384
19.3827 74412
19.3831 74440
19.3836 74468
19.3841 74496
19.3846 74524
19.3851 74552
19.3855 74580
19.386 74608
19.3872 74636
19.3947 74664
19.3956 74692
19.3961 74720
19.3966 74748
19.3971 74776
19.3976 74804
19.3981 74832
19.3988 74860
19.3993 74888
19.3998 74915
19.4003 74942
19.4008 74969
19.4012 74996
19.4017 75023
19.4022 75050
19.4027 75077
19.4032 75104
19.4036 75131
19.4041 75158
19.4046 75185
19.4051 75212
19.4056 75239
19.406 75266
19.4065 75293
19.4077 75320
19.4152 75347
19.4161 75374
19.4169 75401
19.4173 75428
19.4178 75455
19.4183 75482
19.4188 75509
19.4193 75536
19.4198 75563
19.4203 75590
19.4208 75617
19.4213 75644
19.4217 75671
19.4222 75698
19.4227 75725
19.4232 75752
19.4237 75779
19.4241 75806
19.4246 75833
19.4251 75860
19.4256 75887
19.4261 75914
19.4265 75941
19.427 75968
19.4282 75995
19.4287 76022
19.4362 76049
19.4374 76076
19.4381 76103
19.4386 76130
19.439 76157
19.4395 76184
19.44 76211
19.4405 76238
19.441 76265
19.4414 76292
19.4419 76319
19.4424 76346
19.4429 76373
19.4434 76400
19.4438 76427
19.4443 76454
19.4448 76481
19.4453 76508
19.4458 76535
19.4462 76562
19.4467 76589
19.4472 76616
19.4477 76643
19.4482 76670
19.4492 76697
19.4497 76724
19.4571 76751
19.4583 76778
19.4588 76805
19.4593 76832
19.4598 76859
19.4603 76886
19.4607 76913
19.4612 76940
19.4617 76967
19.4622 76994
19.4627 77021
19.4631 77048
19.4636 77075
19.4641 77102
19.4646 77129
19.4651 77156
19.4655 77183
19.466 77210
19.4665 77237
19.467 77264
19.4675 77291
19.4679 77318
19.4684 77345
19.4689 77372
19.4699 77399
19.4707 77426
19.4781 77453
19.4791 77480
19.4795 77507
19.48 77534
19.4805 77561
19.481 77588
19.4815 77615
19.482 77642
19.4824 77669
19.4829 77695
19.4834 77721
19.4839 77747
19.4844 77773
19.4848 77799
19.4853 77825
19.4858 77851
19.4863 77877
19.4868 77903
19.4872 77929
19.4877 77955
19.4882 77981
19.4887 78007
19.4892 78033
19.4896 78059
19.4908 78085
19.4916 78111
19.499 78137
19.5 78163
19.5005 78189
19.5009 78215
19.5014 78241
19.5019 78267
19.5024 78293
19.5029 78319
19.5033 78345
19.5038 78371
19.5043 78397
19.5048 78423
19.5053 78449
19.5057 78475
19.5062 78501
19.5067 78527
19.5072 78553
19.5077 78579
19.5081 78605
19.5086 78631
19.5091 78657
19.5096 78683
19.5101 78709
19.5106 78735
19.5118 78761
19.5125 78787
19.5199 78813
19.5209 78839
19.5216 78865
19.5221 78891
19.5226 78917
19.523 78943
19.5235 78969
19.524 78995
19.5245 79021
19.525 79047
19.5255 79073
19.5259 79099
19.5264 79125
19.5269 79151
19.5274 79177
19.5279 79203
19.5283 79229
19.5288 79255
19.5293 79281
19.5298 79307
19.5303 79333
19.5307 79359
19.5312 79385
19.5317 79411
19.5322 79437
19.5334 79463
19.5341 79489
19.5416 79515
19.5428 79541
19.5435 79567
19.544 79593
19.5444 79619
19.5449 79645
19.5454 79671
19.5459 79697
19.5464 79723
19.5468 79749
19.5473 79775
19.5478 79801
19.5483 79827
19.5488 79853
19.5492 79879
19.5497 79905
19.5502 79931
19.5507 79957
19.5512 79983
19.5516 80009
19.5521 80035
19.5526 80061
19.5531 80087
19.5536 80113
19.554 80139
19.5553 80165
19.556 80191
19.5634 80217
19.5646 80243
19.5651 80269
19.5656 80295
19.5661 80321
19.5665 80347
19.567 80373
19.5675 80399
19.568 80425
19.5685 80451
19.5689 80477
19.5694 80503
19.5699 80529
19.5704 80555
19.5709 80581
19.5714 80607
19.5718 80633
19.5723 80659
19.5728 80684
19.5733 80709
19.5738 80734
19.5742 80759
19.5747 80784
19.5752 80809
19.5759 80834
19.5769 80859
19.5776 80884
19.5853 80909
19.5865 80934
19.587 80959
19.5875 80984
19.5879 81009
19.5884 81034
19.5889 81059
19.5894 81084
19.5899 81109
19.5903 81134
19.5908 81159
19.5913 81184
19.5918 81209
19.5923 81234
19.5927 81259
19.5932 81284
19.5937 81309
19.5942 81334
19.5947 81359
19.5951 81384
19.5956 81409
19.5961 81434
19.5966 81459
19.5971 81484
19.5978 81509
19.5987 81534
19.5995 81559
19.6072 81584
19.6084 81609
19.6091 81634
19.6096 81659
19.61 81684
19.6105 81709
19.611 81734
19.6115 81759
19.612 81784
19.6124 81809
19.6129 81834
19.6134 81859
19.6139 81884
19.6144 81909
19.6148 81934
19.6153 81959
19.6158 81984
19.6163 82009
19.6168 82034
19.6173 82059
19.6177 82084
19.6182 82109
19.6187 82134
19.6192 82159
19.6197 82184
19.6204 82209
19.6213 82234
19.6221 82259
19.6297 82284
19.6312 82309
19.6319 82334
19.6324 82359
19.6329 82384
19.6334 82409
19.6338 82434
19.6343 82459
19.6348 82484
19.6353 82509
19.6358 82534
19.6362 82559
19.6367 82584
19.6372 82609
19.6377 82634
19.6382 82659
19.6386 82684
19.6391 82709
19.6396 82734
19.6401 82759
19.6406 82784
19.641 82809
19.6415 82834
19.642 82859
19.6425 82884
19.6432 82909
19.6442 82934
19.6449 82959
19.6526 82984
19.654 83009
19.6545 83034
19.655 83059
19.6555 83084
19.6559 83109
19.6564 83134
19.6569 83159
19.6574 83184
19.6579 83209
19.6583 83234
19.6588 83259
19.6593 83284
19.6598 83309
19.6603 83334
19.6608 83359
19.6612 83384
19.6617 83409
19.6622 83434
19.6627 83459
19.6632 83484
19.6636 83509
19.6641 83534
19.6646 83559
19.6651 83584
19.666 83609
19.6668 83634
19.6675 83659
19.6754 83684
19.6769 83709
19.6773 83734
19.6778 83759
19.6783 83784
19.6788 83809
19.6793 83834
19.6797 83859
19.6802 83884
19.6807 83908
19.6812 83932
19.6817 83956
19.6821 83980
19.6826 84004
19.6831 84028
19.6836 84052
19.6841 84076
19.6845 84100
19.685 84124
19.6855 84148
19.686 84172
19.6865 84196
19.6869 84220
19.6874 84244
19.6879 84268
19.6889 84292
19.6896 84316
19.6903 84340
19.6982 84364
19.6997 84388
19.7004 84412
19.7009 84436
19.7014 84460
19.7018 84484
19.7023 84508
19.7028 84532
19.7033 84556
19.7038 84580
19.7042 84604
19.7047 84628
19.7052 84652
19.7057 84676
19.7062 84700
19.7067 84724
19.7071 84748
19.7076 84772
19.7081 84796
19.7086 84820
19.7091 84844
19.7095 84868
19.71 84892
19.7105 84916
19.711 84940
19.7115 84964
19.7124 84988
19.7131 85012
19.7139 85036
19.7218 85060
19.7235 85084
19.7242 85108
19.7247 85132
19.7252 85156
19.7256 85180
19.7261 85204
19.7266 85228
19.7271 85252
19.7276 85276
19.728 85300
19.7285 85324
19.729 85348
19.7295 85372
19.73 85396
19.7304 85420
19.7309 85444
19.7314 85468
19.7319 85492
19.7324 85516
19.7328 85540
19.7333 85564
19.7338 85588
19.7343 85612
19.7348 85636
19.7352 85660
19.7357 85684
19.7362 85708
19.7367 85732
19.7428 85756
19.7445 85780
19.7449 85804
19.7454 85828
19.7459 85852
19.7464 85876
19.7469 85900
19.7473 85924
19.7478 85948
19.7483 85972
19.7488 85996
19.7493 86020
19.7497 86044
19.7502 86068
19.7507 86092
19.7512 86116
19.7517 86140
19.7521 86164
19.7526 86188
19.7531 86212
19.7536 86236
19.7541 86260
19.7545 86284
19.755 86308
19.7555 86332
19.756 86356
19.7565 86380
19.7569 86404
19.7574 86428
19.7633 86452
19.765 86476
19.7659 86500
19.7664 86524
19.7669 86548
19.7674 86572
19.7678 86596
19.7683 86620
19.7688 86644
19.7693 86668
19.7698 86692
19.7702 86716
19.7707 86740
19.7712 86764
19.7717 86788
19.7722 86812
19.7726 86836
19.7731 86860
19.7736 86884
19.7741 86908
19.7746 86932
19.775 86956
19.7755 86980
19.776 87004
19.7765 87028
19.777 87052
19.7774 87076
19.7779 87100
19.7784 87124
19.7838 87148
19.7854 87172
19.7864 87196
19.7869 87220
19.7874 87244
19.7879 87268
19.7883 87292
19.7888 87316
19.7893 87340
19.7898 87364
19.7903 87387
19.7907 87410
19.7912 87433
19.7917 87456
19.7922 87479
19.7927 87502
19.7931 87525
19.7936 87548
19.7941 87571
19.7946 87594
19.7951 87617
19.7955 87640
19.796 87663
19.7965 87686
19.797 87709
19.7975 87732
19.7979 87755
19.7984 87778
19.7989 87801
19.7996 87824
19.8047 87847
19.8064 87870
19.8071 87893
19.8076 87916
19.8081 87939
19.8086 87962
19.8091 87985
19.8096 88008
19.81 88031
19.8105 88054
19.811 88077
19.8115 88100
19.812 88123
19.8124 88146
19.8129 88169
19.8134 88192
19.8139 88215
19.8144 88238
19.8148 88261
19.8153 88284
19.8158 88307
19.8163 88330
19.8168 88353
19.8172 88376
19.8177 88399
19.8182 88422
19.8187 88445
19.8192 88468
19.8196 88491
19.8206 88514
19.8257 88537
19.8276 88560
19.8281 88583
19.8285 88606
19.829 88629
19.8295 88652
19.83 88675
19.8305 88698
19.8309 88721
19.8314 88744
19.8319 88767
19.8324 88790
19.8329 88813
19.8333 88836
19.8338 88859
19.8343 88882
19.8348 88905
19.8353 88928
19.8357 88951
19.8362 88974
19.8367 88997
19.8372 89020
19.8377 89043
19.8381 89066
19.8386 89089
19.8391 89112
19.8396 89135
19.8401 89158
19.8408 89181
19.8415 89204
19.8468 89227
19.8485 89250
19.8492 89273
19.8497 89296
19.8502 89319
19.8506 89342
19.8511 89365
19.8516 89388
19.8521 89411
19.8526 89434
19.853 89457
19.8535 89480
19.854 89503
19.8545 89526
19.855 89549
19.8555 89572
19.8559 89595
19.8564 89618
19.8569 89641
19.8574 89664
19.8579 89687
19.8583 89710
19.8588 89733
19.8593 89756
19.8598 89779
19.8603 89802
19.8607 89825
19.8612 89848
19.8617 89871
19.8627 89894
19.8677 89917
19.8696 89940
19.8706 89963
19.8711 89986
19.8716 90009
19.872 90032
19.8725 90055
19.873 90078
19.8735 90101
19.874 90124
19.8744 90147
19.8749 90170
19.8754 90193
19.8759 90216
19.8764 90239
19.8768 90262
19.8773 90285
19.8778 90308
19.8783 90331
19.8788 90354
19.8792 90377
19.8797 90400
19.8802 90423
19.8807 90446
19.8812 90469
19.8816 90492
19.8821 90515
19.8826 90538
19.8831 90561
19.8836 90584
19.8845 90607
19.8896 90630
19.8915 90653
19.8922 90676
19.8927 90699
19.8932 90722
19.8937 90745
19.8941 90768
19.8946 90791
19.8951 90814
19.8956 90837
19.8961 90860
19.8965 90883
19.897 90906
19.8975 90929
19.898 90952
19.8985 90975
19.899 90998
19.8994 91021
19.8999 91044
19.9004 91067
19.9009 91090
19.9014 91113
19.9018 91136
19.9023 91159
19.9028 91182
19.9033 91204
19.9038 91226
19.9042 91248
19.9047 91270
19.9054 91292
19.9064 91314
19.9117 91336
19.9136 91358
19.9141 91380
19.9146 91402
19.9151 91424
19.9155 91446
19.916 91468
19.9165 91490
19.917 91512
19.9175 91534
19.9179 91556
19.9184 91578
19.9189 91600
19.9194 91622
19.9199 91644
19.9203 91666
19.9208 91688
19.9213 91710
19.9218 91732
19.9223 91754
19.9227 91776
19.9232 91798
19.9237 91820
19.9242 91842
19.9247 91864
19.9251 91886
19.9256 91908
19.9261 91930
19.9266 91952
19.9275 91974
19.9283 91996
19.9336 92018
19.9355 92040
19.9362 92062
19.9367 92084
19.9372 92106
19.9376 92128
19.9381 92150
19.9386 92172
19.9391 92194
19.9396 92216
19.94 92238
19.9405 92260
19.941 92282
19.9415 92304
19.942 92326
19.9424 92348
19.9429 92370
19.9434 92392
19.9439 92414
19.9444 92436
19.9449 92458
19.9453 92480
19.9458 92502
19.9463 92524
19.9468 92546
19.9473 92568
19.9477 92590
19.9482 92612
19.9487 92634
19.9494 92656
19.9501 92678
19.9554 92700
19.9576 92722
19.9585 92744
19.959 92766
19.9595 92788
19.96 92810
19.9605 92832
19.961 92854
19.9614 92876
19.9619 92898
19.9624 92920
19.9629 92942
19.9634 92964
19.9638 92986
19.9643 93008
19.9648 93030
19.9653 93052
19.9658 93074
19.9662 93096
19.9667 93118
19.9672 93140
19.9677 93162
19.9682 93184
19.9686 93206
19.9691 93228
19.9696 93250
19.9701 93272
19.9706 93294
19.971 93316
19.9715 93338
19.9725 93360
19.973 93382
19.9783 93404
19.9804 93426
19.9811 93448
19.9816 93470
19.9821 93492
19.9826 93514
19.9831 93536
19.9835 93558
19.984 93580
19.9845 93602
19.985 93624
19.9855 93646
19.9859 93668
19.9864 93690
19.9869 93712
19.9874 93734
19.9879 93756
19.9883 93778
19.9888 93800
19.9893 93822
19.9898 93844
19.9903 93866
19.9908 93888
19.9912 93910
19.9917 93932
19.9922 93954
19.9927 93976
19.9932 93998
19.9936 94020
19.9944 94042
19.9951 94064
19.9958 94086
20.0013 94108
20.0035 94130
20.004 94152
20.0045 94174
20.0049 94196
20.0054 94218
20.0059 94240
20.0064 94262
20.0069 94284
20.0073 94306
20.0078 94328
20.0083 94350
20.0088 94372
20.0093 94394
20.0097 94416
20.0102 94438
20.0107 94460
20.0112 94482
20.0117 94504
20.0121 94526
20.0126 94548
20.0131 94570
20.0136 94592
20.0141 94614
20.0145 94636
20.015 94658
20.0155 94680
20.016 94702
20.0165 94724
20.0174 94746
20.0179 94768
20.0189 94790
20.0244 94812
20.0266 94834
20.0271 94856
20.0275 94878
20.028 94900
20.0285 94922
20.029 94944
20.0295 94966
20.0299 94988
20.0304 95010
20.0309 95032
20.0314 95054
20.0319 95076
20.0323 95098
20.0328 95120
20.0333 95142
20.0338 95164
20.0343 95186
20.0347 95208
20.0352 95230
20.0357 95252
20.0362 95274
20.0367 95296
20.0371 95318
20.0376 95339
20.0381 95360
20.0386 95381
20.0391 95402
20.0395 95423
20.0403 95444
20.041 95465
20.0417 95486
20.0484 95507
20.0506 95528
20.0513 95549
20.0518 95570
20.0523 95591
20.0528 95612
20.0533 95633
20.0537 95654
20.0542 95675
20.0547 95696
20.0552 95717
20.0557 95738
20.0561 95759
20.0566 95780
20.0571 95801
20.0576 95822
20.0581 95843
20.0585 95864
20.059 95885
20.0595 95906
20.06 95927
20.0605 95948
20.0609 95969
20.0614 95990
20.0619 96011
20.0624 96032
20.0629 96053
20.0633 96074
20.0638 96095
20.0643 96116
20.0653 96137
20.0658 96158
20.0727 96179
20.0749 96200
20.0756 96221
20.0761 96242
20.0766 96263
20.077 96284
20.0775 96305
20.078 96326
20.0785 96347
20.079 96368
20.0794 96389
20.0799 96410
20.0804 96431
20.0809 96452
20.0814 96473
20.0819 96494
20.0823 96515
20.0828 96536
20.0833 96557
20.0838 96578
20.0843 96599
20.0847 96620
20.0852 96641
20.0857 96662
20.0862 96683
20.0867 96704
20.0871 96725
20.0876 96746
20.0881 96767
20.0886 96788
20.0895 96809
20.09 96830
20.0907 96851
20.0987 96872
20.1011 96893
20.1016 96914
20.102 96935
20.1025 96956
20.103 96977
20.1035 96998
20.104 97019
20.1044 97040
20.1049 97061
20.1054 97082
20.1059 97103
20.1064 97124
20.1068 97145
20.1073 97166
20.1078 97187
20.1083 97208
20.1088 97229
20.1092 97250
20.1097 97271
20.1102 97292
20.1107 97313
20.1112 97334
20.1117 97355
20.1121 97376
20.1126 97397
20.1131 97418
20.1136 97439
20.1141 97460
20.1148 97481
20.1155 97502
20.116 97523
20.1169 97544
20.1256 97565
20.128 97586
20.1285 97607
20.129 97628
20.1294 97649
20.1299 97670
20.1304 97691
20.1309 97712
20.1314 97733
20.1318 97754
20.1323 97775
20.1328 97796
20.1333 97817
20.1338 97838
20.1342 97859
20.1347 97880
20.1352 97901
20.1357 97922
20.1362 97943
20.1366 97964
20.1371 97985
20.1376 98006
20.1381 98027
20.1386 98048
20.139 98069
20.1395 98090
20.14 98111
20.1405 98132
20.141 98153
20.1415 98174
20.1424 98195
20.1429 98216
20.1436 98237
20.1537 98258
20.1564 98279
20.1571 98300
20.1576 98321
20.158 98342
20.1585 98363
20.159 98384
20.1595 98405
20.16 98426
20.1604 98447
20.1609 98468
20.1614 98489
20.1619 98510
20.1624 98531
20.1628 98552
20.1633 98573
20.1638 98594
20.1643 98615
20.1648 98636
20.1652 98657
20.1657 98678
20.1662 98699
20.1667 98720
20.1672 98741
20.1676 98762
20.1681 98783
20.1686 98804
20.1691 98825
20.1696 98846
20.17 98867
20.1708 98888
20.1715 98909
20.172 98930
20.184 98951
20.1869 98972
20.1876 98993
20.1881 99014
20.1886 99035
20.189 99056
20.1895 99077
20.19 99098
20.1905 99119
20.191 99140
20.1914 99161
20.1919 99182
20.1924 99203
20.1929 99224
20.1934 99245
20.1938 99266
20.1943 99287
20.1948 99308
20.1953 99329
20.1958 99350
20.1962 99371
20.1967 99392
20.1972 99413
20.1977 99434
20.1982 99455
20.1986 99476
20.1991 99497
20.1996 99518
20.2001 99539
20.2006 99560
20.2013 99581
20.202 99602
20.2025 99623
20.2032 99644
20.2169 99665
20.2217 99686
20.2224 99707
20.2229 99728
20.2234 99749
20.2239 99770
20.2244 99791
20.2248 99812
20.2253 99833
20.2258 99854
20.2263 99874
20.2268 99894
20.2272 99914
20.2277 99934
20.2282 99954
20.2287 99974
20.2292 99994
20.2296 100014
20.2301 100034
20.2306 100054
20.2311 100074
20.2316 100094
20.2321 100114
20.2325 100134
20.233 100154
20.2335 100174
20.234 100194
20.2345 100214
20.2349 100234
20.2354 100254
20.2364 100274
20.2369 100294
20.2373 100314
20.2383 100334
20.2537 100354
20.2616 100374
20.2626 100394
20.2631 100414
20.2635 100434
20.264 100454
20.2645 100474
20.265 100494
20.2655 100514
20.2659 100534
20.2664 100554
20.2669 100574
20.2674 100594
20.2679 100614
20.2683 100634
20.2688 100654
20.2693 100674
20.2698 100694
20.2703 100714
20.2707 100734
20.2712 100754
20.2717 100774
20.2722 100794
20.2727 100814
20.2731 100834
20.2736 100854
20.2741 100874
20.2746 100894
20.2751 100914
20.2755 100934
20.2763 100954
20.277 100974
20.2775 100994
20.2782 101014
20.2953 101034
20.3061 101054
20.308 101074
20.309 101094
20.3099 101114
20.3109 101134
20.3118 101154
20.3123 101174
20.3128 101194
20.3128 50176
20.3133 50217
20.3133 50176
20.3138 50217
20.3138 50176
20.3142 50217
20.3142 50176
20.3147 50217
20.3147 50176
20.3152 50217
20.3152 50176
20.3157 50217
20.3157 50176
20.3162 50217
20.3162 50176
20.3166 50217
20.3166 50176
20.3171 50217
20.3171 50176
20.3176 50217
20.3176 50176
20.3181 50217
20.3181 50176
20.3186 50217
20.3186 50176
20.319 50217
20.319 50176
20.3195 50217
20.3195 50176
20.32 50217
20.32 50176
20.3205 50217
20.3205 50176
20.321 50217
20.321 50176
20.3215 50217
20.3215 50176
20.3219 50217
20.3219 50176
20.3224 50217
20.3224 50176
20.3229 50217
20.3229 50176
20.3234 50217
20.3234 50176
20.3243 50217
20.3243 50176
20.3251 50217
20.3251 50176
20.3255 50217
20.3255 50176
20.3445 50217
20.3445 50176
20.3582 50217
20.3582 50176
20.3611 50217
20.3611 50176
20.3625 50217
20.3625 50176
20.364 50217
20.364 50176
20.3654 50217
20.3654 50176
20.3669 50217
20.3669 50176
20.3678 50217
20.3678 50176
20.3719 50217
20.3724 50258
20.3729 50299
20.3734 50340
20.3738 50381
20.3743 50422
20.3753 50463
20.3758 50504
20.3765 50545
20.3969 50586
20.4135 50627
20.4173 50668
20.4193 50709
20.4212 50750
20.4231 50791
20.425 50832
20.4265 50873
20.431 50914
20.432 50955
20.433 50996
20.4339 51037
20.4349 51078
20.4361 51119
20.4378 51160
20.4387 51200
20.4404 51240
20.4664 51280
20.4858 51320
20.4906 51360
20.493 51400
20.4952 51440
20.4976 51480
20.5 51520
20.5019 51560
20.507 51600
20.5084 51640
20.5099 51680
20.5113 51720
20.5127 51760
20.5147 51800
20.5171 51840
20.5185 51880
20.5212 51920
20.5529 51960
20.5752 52000
20.581 52040
20.5839 52080
20.5865 52120
20.5894 52160
20.5923 52200
20.5947 52240
20.6002 52280
20.6021 52320
20.6041 52360
20.606 52400
20.6079 52440
20.6103 52479
20.6137 52518
20.6156 52557
20.6192 52596
20.6569 52635
20.6822 52674
20.6889 52713
20.6923 52752
20.6954 52791
20.6988 52830
20.6997 52869
20.7028 52908
20.7057 52947
20.7117 52986
20.7141 53025
20.7165 53064
20.7189 53103
20.7213 53142
20.7242 53181
20.7286 53220
20.731 53259
20.7355 53298
20.779 53337
20.8071 53376
20.8148 53415
20.8187 53454
20.822 53493
20.8254 53532
20.8264 53571
20.8295 53610
20.8324 53649
20.8384 53688
20.8408 53727
20.8432 53766
20.8456 53804
20.848 53842
20.8509 53880
20.8552 53918
20.8576 53956
20.8622 53994
20.9057 54032
20.9338 54070
20.9415 54108
20.9453 54146
20.9487 54184
20.9521 54222
20.953 54260
20.9561 54298
20.9588 54336
20.9648 54374
20.9672 54412
20.9696 54450
20.972 54488
20.9744 54526
20.9773 54564
20.9816 54602
20.984 54640
20.9886 54678
21.0237 54716
21.0455 54754
21.0532 54792
21.0571 54830
21.0604 54868
21.0638 54906
21.0648 54944
21.0679 54982
21.0705 55020
21.0765 55058
21.0789 55096
21.0813 55134
21.0837 55172
21.0861 55210
21.089 55247
21.0934 55284
21.0958 55321
21.1003 55358
21.1361 55395
21.1609 55432
21.1695 55469
21.1739 55506
21.1777 55543
21.1816 55580
21.183 55617
21.1866 55654
21.1897 55691
21.1962 55728
21.1972 55765
21.1998 55802
21.2027 55839
21.2056 55876
21.2085 55913
21.2118 55950
21.2166 55987
21.2195 56024
21.2246 56061
21.2611 56098
21.2859 56135
21.2945 56172
21.2988 56209
21.3027 56246
21.3065 56283
21.308 56320
21.3116 56357
21.3147 56394
21.3147 27648
21.3212 27723
21.3212 27648
21.3221 27723
21.3221 27648
21.3248 27723
21.3248 27648
21.3277 27723
21.3277 27648
21.3306 27723
21.3306 27648
21.3334 27723
21.3334 27648
21.3368 27723
21.3368 27648
21.3416 27723
21.3416 27648
21.3445 27723
21.3445 27648
21.3495 27723
21.3495 27648
21.3863 27723
21.3863 27648
21.4113 27723
21.4113 27648
21.42 27723
21.42 27648
21.4243 27723
21.4243 27648
21.4281 27723
21.4281 27648
21.432 27723
21.432 27648
21.4334 27723
21.4334 27648
21.437 27723
21.437 27648
21.4699 27723
21.5065 27798
21.5315 27873
21.5401 27948
21.5444 28023
21.5483 28097
21.5521 28171
21.5536 28245
21.5572 28319
21.5901 28393
21.6266 28466
21.6521 28539
21.6608 28612
21.6651 28685
21.6689 28758
21.6728 28830
21.6742 28902
21.6778 28974
21.7107 29046
21.7473 29118
21.773 29190
21.7816 29261
21.786 29332
21.7898 29403
21.7937 29474
21.7951 29545
21.7987 29615
21.7997 29685
21.8323 29755
21.8669 29825
21.8917 29895
21.9006 29965
21.9049 30034
21.9088 30103
21.9126 30172
21.9141 30241
21.9177 30310
21.9186 30379
21.9513 30448
21.9859 30516
22.0109 30584
22.0198 30652
22.0241 30720
22.028 30788
22.0318 30856
22.0333 30923
22.0369 30990
22.0378 31057
22.0705 31124
22.1049 31191
22.1296 31258
22.1385 31325
22.1431 31391
22.1469 31457
22.1508 31523
22.1522 31589
22.1558 31655
22.1568 31721
22.1895 31787
22.2238 31852
22.2488 31917
22.2577 31982
22.2623 32047
22.2661 32112
22.27 32177
22.2714 32242
22.275 32307
22.276 32371
22.3087 32435
22.343 32499
22.343 15872
22.3683 16004
22.3683 15872
22.3692 16004
22.3692 15872
22.3779 16004
22.3779 15872
22.3824 16004
22.3824 15872
22.3863 16004
22.3863 15872
22.3901 16004
22.3901 15872
22.3918 16004
22.3918 15872
22.3954 16004
22.3954 15872
22.3964 16004
22.3964 15872
22.4291 16004
22.4291 15872
22.5014 16004
22.5019 16135
22.5024 16264
22.5028 16392
22.5033 16519
22.5624 16645
22.5629 16770
22.5634 16895
22.5639 17019
22.5646 17142
22.6237 17264
22.6242 17385
22.6247 17505
22.6252 17624
22.6259 17742
22.6855 17860
22.686 17977
22.6864 18093
22.6869 18208
22.6876 18323
22.6884 18437
22.7482 18550
22.7487 18663
22.7492 18775
22.7496 18886
22.7504 18997
22.7511 19107
22.809 19216
22.8095 19325
22.81 19433
22.8104 19540
22.8109 19647
22.8119 19753
22.8696 19859
22.87 19964
22.8705 20069
22.871 20173
22.8715 20276
22.8724 20379
22.9304 20481
22.9308 20583
22.9313 20684
22.9318 20785
22.9323 20885
22.9332 20985
22.9337 21084
22.9921 21183
22.9926 21281
22.9931 21379
22.9936 21477
22.994 21574
22.995 21671
22.9955 21767
23.0544 21863
23.0549 21958
23.0553 22053
23.0558 22148
23.0563 22242
23.0573 22336
23.0577 22429
23.1166 22522
23.1171 22615
23.1176 22707
23.1181 22799
23.1185 22890
23.1195 22981
23.12 23072
23.1789 23162
23.1793 23252
23.1798 23342
23.1803 23431
23.1808 23520
23.1817 23609
23.1822 23697
23.2413 23785
23.2421 23873
23.2425 23960
23.243 24047
23.2435 24134
23.244 24220
23.2449 24306
23.2454 24392
23.305 24477
23.3057 24562
23.3062 24647
23.3067 24732
23.3072 24816
23.3077 24900
23.3086 24984
23.3091 25067
23.3687 25150
23.3687 11776
23.3692 11954
23.3692 11776
23.3697 11954
23.3697 11776
23.3702 11954
23.3702 11776
23.3706 11954
23.3706 11776
23.3714 11954
23.3714 11776
23.3721 11954
23.3721 11776
23.3726 11954
23.3726 11776
23.4326 11954
23.4336 12129
23.4341 12301
23.4348 12471
23.4656 12639
23.4665 12804
23.467 12967
23.4677 13128
23.499 13287
23.4997 13444
23.5002 13599
23.5011 13753
23.5324 13905
23.5333 14055
23.5338 14204
23.5345 14351
23.5663 14497
23.5672 14641
23.5679 14784
23.5684 14925
23.5999 15065
23.6006 15204
23.6016 15341
23.6021 15477
23.6028 15612
23.6345 15746
23.6355 15879
23.6362 16011
23.6367 16141
23.6376 16270
23.6696 16398
23.6706 16525
23.6713 16651
23.6718 16776
23.6725 16900
23.7047 17024
23.7056 17147
23.7066 17269
23.7071 17390
23.7076 17510
23.7398 17629
23.7407 17747
23.7417 17865
23.7424 17982
23.7429 18098
23.7434 18213
23.7736 18328
23.7746 18442
23.7756 18555
23.7761 18667
23.7765 18779
23.7773 18890
23.8078 19000
23.8087 19110
23.8095 19219
23.8099 19328
23.8104 19436
23.8114 19543
23.8419 19650
23.8429 19756
23.8438 19862
23.8443 19967
23.8448 20072
23.8455 20176
23.8765 20279
23.8775 20382
23.8784 20484
23.8791 20586
23.8796 20687
23.8801 20788
23.9114 20888
23.9121 20988
23.913 21087
23.914 21186
23.9145 21284
23.915 21382
23.9157 21480
23.9469 21577
23.9476 21674
23.9486 21770
23.9493 21866
23.9498 21961
23.9503 22056
23.9512 22151
23.9825 22245
23.9832 22339
23.9842 22432
23.9849 22525
23.9854 22618
23.9859 22710
23.9866 22802
24.0183 22893
24.019 22984
24.02 23075
24.0209 23165
24.0214 23255
24.0219 23345
24.0224 23434
24.0543 23523
24.0551 23612
24.056 23700
24.057 23788
24.0575 23876
24.0579 23963
24.0584 24050
24.0594 24137
24.0916 24223
24.0923 24309
24.0933 24395
24.094 24480
24.0945 24565
24.095 24650
24.0957 24735
24.0966 24819
24.1286 24903
24.1293 24987
24.1303 25070
24.131 25153
24.1315 25236
24.132 25319
24.1324 25401
24.1334 25483
24.1658 25565
24.1666 25647
24.1675 25728
24.1685 25809
24.169 25890
24.1695 25970
24.1699 26050
24.1707 26130
24.2033 26210
24.2041 26289
24.205 26368
24.206 26447
24.2065 26526
24.2069 26605
24.2074 26683
24.2081 26761
24.2089 26839
24.2418 26917
24.2428 26994
24.2437 27071
24.2444 27148
24.2449 27225
24.2454 27302
24.2459 27378
24.2468 27454
24.2476 27530
24.2802 27606
24.2812 27681
24.2822 27756
24.2829 27831
24.2834 27906
24.2838 27981
24.2843 28055
24.2853 28129
24.286 28203
24.3187 28277
24.3187 13312
24.3197 13469
24.3197 13312
24.3206 13469
24.3206 13312
24.3216 13469
24.3216 13312
24.3221 13469
24.3221 13312
24.3225 13469
24.3225 13312
24.323 13469
24.323 13312
24.3237 13469
24.3237 13312
24.3245 13469
24.3245 13312
24.3588 13469
24.3593 13624
24.36 13777
24.3607 13929
24.3954 14079
24.3961 14227
24.3968 14374
24.3975 14519
24.4223 14663
24.4228 14805
24.4232 14946
24.4237 15086
24.4242 15224
24.4437 15361
24.4441 15497
24.4446 15632
24.4451 15766
24.4456 15898
24.4653 16029
24.4658 16159
24.4662 16288
24.4667 16416
24.4675 16543
24.4874 16669
24.4879 16794
24.4884 16918
24.4888 17041
24.4893 17164
24.5097 17286
24.5105 17407
24.5109 17527
24.5114 17646
24.5119 17764
24.5319 17882
24.5326 17999
24.5331 18115
24.5335 18230
24.534 18345
24.5347 18459
24.5549 18572
24.5556 18684
24.5561 18796
24.5566 18907
24.5571 19017
24.5581 19127
24.5785 19236
24.5792 19344
24.5797 19452
24.5802 19559
24.5806 19666
24.5814 19772
24.602 19878
24.603 19983
24.6037 20087
24.6042 20191
24.6047 20294
24.6052 20397
24.6256 20499
24.6265 20601
24.6273 20702
24.6277 20803
24.6282 20903
24.6287 21003
24.6297 21102
24.6501 21201
24.6511 21299
24.6515 21397
24.652 21494
24.6525 21591
24.6532 21688
24.6542 21784
24.6751 21880
24.6758 21975
24.6763 22070
24.6768 22165
24.6773 22259
24.678 22353
24.6789 22446
24.7001 22539
24.701 22632
24.7015 22724
24.702 22816
24.7025 22907
24.703 22998
24.7039 23089
24.7251 23179
24.726 23269
24.7268 23359
24.7272 23448
24.7277 23537
24.7282 23626
24.7292 23714
24.7477 23802
24.7484 23890
24.7493 23977
24.7498 24064
24.7503 24151
24.7508 24237
24.7515 24323
24.7525 24409
24.7712 24494
24.7719 24579
24.7729 24664
24.7734 24749
24.7739 24833
24.7743 24917
24.7751 25001
24.776 25084
24.795 25167
24.7957 25250
24.7967 25333
24.7972 25415
24.7977 25497
24.7981 25579
24.7986 25660
24.7996 25741
24.8188 25822
24.8195 25903
24.8205 25983
24.821 26063
24.8214 26143
24.8219 26223
24.8224 26302
24.8231 26381
24.8424 26460
24.8431 26539
24.8443 26618
24.8448 26696
24.8452 26774
24.8457 26852
24.8462 26930
24.8469 27007
24.8476 27084
24.8671 27161
24.8678 27238
24.869 27314
24.8695 27390
24.87 27466
24.8705 27542
24.8709 27618
24.8719 27693
24.8726 27768
24.8921 27843
24.8928 27918
24.894 27993
24.8947 28067
24.8952 28141
24.8957 28215
24.8962 28289
24.8969 28363
24.8976 28436
24.9173 28509
24.9181 28582
24.9193 28655
24.92 28728
24.9205 28800
24.9209 28872
24.9214 28944
24.9219 29016
24.9229 29088
24.9423 29160
24.943 29231
24.9442 29302
24.945 29373
24.9454 29444
24.9459 29515
24.9464 29586
24.9469 29656
24.9479 29726
24.9483 29796
24.9683 29866
24.9692 29936
24.9704 30006
24.9709 30075
24.9714 30144
24.9719 30213
24.9724 30282
24.9731 30351
24.9738 30420
24.9745 30488
24.9947 30556
24.9957 30624
24.9969 30692
24.9974 30760
24.9978 30828
24.9983 30896
24.9988 30963
24.9995 31030
25.0002 31097
25.0007 31164
25.0214 31231
25.0224 31298
25.0236 31364
25.0243 31430
25.0248 31496
25.0252 31562
25.0257 31628
25.0262 31694
25.0272 31760
25.0276 31826
25.0478 31891
25.0488 31956
25.05 32021
25.0507 32086
25.0512 32151
25.0517 32216
25.0522 32281
25.0526 32345
25.0536 32409
25.0541 32473
25.0745 32537
25.0755 32601
25.0764 32665
25.0776 32729
25.0781 32793
25.0786 32856
25.0791 32919
25.0795 32982
25.0803 33045
25.081 33108
25.0815 33171
25.1024 33234
25.1033 33297
25.1043 33359
25.1055 33421
25.106 33483
25.1065 33545
25.1069 33607
25.1074 33669
25.1081 33731
25.1089 33793
25.1093 33855
25.1305 33916
25.1315 33977
25.1324 34038
25.1336 34099
25.1343 34160
25.1348 34221
25.1353 34282
25.1358 34343
25.1363 34404
25.1372 34464
25.1377 34524
25.1584 34584
25.1593 34644
25.1603 34704
25.1615 34764
25.1622 34824
25.1627 34884
25.1632 34944
25.1637 35004
25.1641 35063
25.1651 35122
25.1656 35181
25.1865 35240
25.1875 35299
25.1884 35358
25.1896 35417
25.1906 35476
25.1911 35535
25.1915 35594
25.192 35652
25.1925 35710
25.1932 35768
25.1939 35826
25.1944 35884
25.2158 35942
25.2168 36000
25.2177 36058
25.2189 36116
25.2199 36174
25.2204 36231
25.2209 36288
25.2213 36345
25.2218 36402
25.2225 36459
25.2233 36516
25.2237 36573
25.2454 36630
25.2463 36687
25.2473 36744
25.2485 36801
25.2495 36857
25.2499 36913
25.2504 36969
25.2509 37025
25.2514 37081
25.2519 37137
25.2528 37193
25.2533 37249
25.2747 37305
25.2756 37361
25.2766 37417
25.2778 37473
25.2788 37528
25.2795 37583
25.28 37638
25.2805 37693
25.2809 37748
25.2814 37803
25.2824 37858
25.2829 37913
25.3042 37968
25.3052 38023
25.3062 38078
25.3074 38133
25.3083 38187
25.3091 38241
25.3095 38295
25.31 38349
25.3105 38403
25.311 38457
25.3119 38511
25.3124 38565
25.3124 18432
25.3129 18545
25.3129 18432
25.3348 18545
25.3348 18432
25.336 18545
25.336 18432
25.3369 18545
25.3369 18432
25.3381 18545
25.3381 18432
25.3391 18545
25.3391 18432
25.3396 18545
25.3396 18432
25.3401 18545
25.3401 18432
25.3405 18545
25.3405 18432
25.341 18545
25.341 18432
25.3415 18545
25.3415 18432
25.3425 18545
25.3425 18432
25.3672 18545
25.3677 18658
25.3682 18770
25.3687 18881
25.3691 18992
25.3701 19102
25.3948 19211
25.3953 19320
25.3958 19428
25.3963 19535
25.397 19642
25.3977 19748
25.4155 19854
25.416 19959
25.4165 20064
25.417 20168
25.4175 20271
25.4182 20374
25.436 20476
25.4367 20578
25.4372 20679
25.4377 20780
25.4382 20880
25.4387 20980
25.4392 21079
25.457 21178
25.4577 21277
25.4582 21375
25.4587 21473
25.4592 21570
25.4596 21667
25.4601 21763
25.478 21859
25.4787 21954
25.4792 22049
25.4797 22144
25.4801 22238
25.4806 22332
25.4811 22425
25.4985 22518
25.4992 22611
25.4997 22703
25.5001 22795
25.5006 22886
25.5011 22977
25.5016 23068
25.5194 23158
25.5202 23248
25.5206 23338
25.5211 23427
25.5216 23516
25.5221 23605
25.5226 23693
25.5399 23781
25.5409 23869
25.5414 23956
25.5419 24043
25.5423 24130
25.5428 24216
25.5433 24302
25.5438 24388
25.5609 24473
25.5621 24558
25.5626 24643
25.5631 24728
25.5636 24812
25.564 24896
25.5645 24980
25.565 25063
25.5819 25146
25.5829 25229
25.5833 25312
25.5838 25394
25.5843 25476
25.5848 25558
25.5853 25640
25.5857 25721
25.6024 25802
25.6036 25883
25.6041 25964
25.6046 26044
25.605 26124
25.6055 26204
25.606 26284
25.6065 26363
25.6229 26442
25.6241 26521
25.6248 26600
25.6253 26678
25.6258 26756
25.6263 26834
25.6267 26912
25.6272 26989
25.6277 27066
25.6443 27143
25.6455 27220
25.6462 27297
25.6467 27373
25.6472 27449
25.6476 27525
25.6481 27601
25.6486 27676
25.6493 27751
25.6662 27826
25.6674 27901
25.6681 27976
25.6686 28050
25.669 28124
25.6695 28198
25.67 28272
25.6705 28346
25.671 28419
25.688 28492
25.6892 28565
25.6899 28638
25.6904 28711
25.6909 28784
25.6914 28856
25.6919 28928
25.6923 29000
25.6928 29072
25.7097 29144
25.7111 29215
25.7118 29286
25.7123 29357
25.7128 29428
25.7133 29499
25.7137 29570
25.7142 29640
25.7147 29710
25.7154 29780
25.7318 29850
25.7322 29920
25.7327 29990
25.7332 30059
25.7337 30128
25.7342 30197
25.7346 30266
25.7351 30335
25.7356 30404
25.7366 30472
25.7525 30540
25.753 30608
25.7535 30676
25.7539 30744
25.7544 30812
25.7549 30880
25.7554 30947
25.7559 31014
25.7563 31081
25.7575 31148
25.773 31215
25.7735 31282
25.774 31349
25.7744 31415
25.7749 31481
25.7754 31547
25.7759 31613
25.7764 31679
25.7768 31745
25.778 31811
25.7935 31876
25.7942 31941
25.7947 32006
25.7952 32071
25.7957 32136
25.7961 32201
25.7966 32266
25.7971 32330
25.7976 32394
25.7985 32458
25.814 32522
25.815 32586
25.8157 32650
25.8162 32714
25.8166 32778
25.8171 32841
25.8176 32904
25.8181 32967
25.8186 33030
25.819 33093
25.82 33156
25.835 33219
25.8359 33282
25.8364 33344
25.8369 33406
25.8374 33468
25.8379 33530
25.8383 33592
25.8388 33654
25.8393 33716
25.84 33778
25.841 33840
25.856 33901
25.8569 33962
25.8574 34023
25.8579 34084
25.8584 34145
25.8588 34206
25.8593 34267
25.8598 34328
25.8603 34389
25.8608 34449
25.8617 34509
25.8771 34569
25.8783 34629
25.8788 34689
25.8793 34749
25.8797 34809
25.8802 34869
25.8807 34929
25.8812 34989
25.8817 35048
25.8821 35107
25.8829 35166
25.898 35225
25.8992 35284
25.9002 35343
25.9006 35402
25.9011 35461
25.9016 35520
25.9021 35579
25.9026 35637
25.9031 35695
25.9035 35753
25.9043 35811
25.905 35869
25.9201 35927
25.9213 35985
25.922 36043
25.9225 36101
25.923 36159
25.9235 36216
25.924 36273
25.9244 36330
25.9249 36387
25.9254 36444
25.9264 36501
25.9271 36558
25.9425 36615
25.9437 36672
25.9441 36729
25.9446 36786
25.9451 36842
25.9456 36898
25.9461 36954
25.9466 37010
25.947 37066
25.9475 37122
25.9482 37178
25.949 37234
25.9651 37290
25.9663 37346
25.9667 37402
25.9672 37458
25.9677 37513
25.9682 37568
25.9687 37623
25.9691 37678
25.9696 37733
25.9701 37788
25.9706 37843
25.9715 37898
25.9874 37953
25.9886 38008
25.9893 38063
25.9898 38118
25.9903 38173
25.9908 38227
25.9913 38281
25.9917 38335
25.9922 38389
25.9927 38443
25.9932 38497
25.9941 38551
25.9946 38605
26.0107 38659
26.0122 38713
26.0129 38767
26.0134 38821
26.0138 38875
26.0143 38928
26.0148 38981
26.0153 39034
26.0158 39087
26.0162 39140
26.017 39193
26.0177 39246
26.0184 39299
26.0345 39352
26.036 39405
26.0364 39458
26.0369 39511
26.0374 39564
26.0379 39616
26.0384 39668
26.0388 39720
26.0393 39772
26.0398 39824
26.0403 39876
26.0412 39928
26.0417 39980
26.0585 40032
26.06 40084
26.0605 40136
26.0609 40188
26.0614 40240
26.0619 40292
26.0624 40344
26.0629 40395
26.0633 40446
26.0638 40497
26.0643 40548
26.065 40599
26.0657 40650
26.0823 40701
26.0838 40752
26.0845 40803
26.085 40854
26.0855 40905
26.0859 40956
26.0864 41007
26.0869 41058
26.0874 41109
26.0879 41160
26.0883 41210
26.0891 41260
26.0898 41310
26.0903 41360
26.1071 41410
26.1088 41460
26.1095 41510
26.11 41560
26.1104 41610
26.1109 41660
26.1114 41710
26.1119 41760
26.1124 41810
26.1129 41860
26.1133 41910
26.1143 41960
26.1148 42009
26.1155 42058
26.1323 42107
26.134 42156
26.1345 42205
26.135 42254
26.1354 42303
26.1359 42352
26.1364 42401
26.1369 42450
26.1374 42499
26.1378 42548
26.1383 42597
26.1393 42646
26.1398 42695
26.1402 42744
26.1576 42793
26.1595 42841
26.16 42889
26.1604 42937
26.1609 42985
26.1614 43033
26.1619 43081
26.1624 43129
26.1628 43177
26.1633 43225
26.1638 43273
26.1645 43321
26.1652 43369
26.1657 43417
26.1828 43465
26.1847 43513
26.1854 43561
26.1859 43609
26.1864 43657
26.1869 43705
26.1874 43752
26.1878 43799
26.1883 43846
26.1888 43893
26.1893 43940
26.19 43987
26.1907 44034
26.1912 44081
26.2083 44128
26.2092 44175
26.2109 44222
26.2119 44269
26.2123 44316
26.2128 44363
26.2133 44410
26.2138 44457
26.2143 44504
26.2147 44551
26.2152 44598
26.2157 44645
26.2167 44691
26.2172 44737
26.2176 44783
26.2349 44829
26.2359 44875
26.2376 44921
26.2383 44967
26.2388 45013
26.2393 45059
26.2397 45105
26.2402 45151
26.2407 45197
26.2412 45243
26.2417 45289
26.2421 45335
26.2431 45381
26.2436 45427
26.2441 45473
26.2619 45519
26.2628 45565
26.2645 45611
26.2652 45656
26.2657 45701
26.2662 45746
26.2667 45791
26.2671 45836
26.2676 45881
26.2681 45926
26.2686 45971
26.2691 46016
26.2698 46061
26.2705 46106
26.271 46151
26.2885 46196
26.2895 46241
26.2912 46286
26.2921 46331
26.2926 46376
26.2931 46421
26.2936 46466
26.2941 46511
26.2945 46556
26.295 46601
26.2955 46645
26.296 46689
26.2967 46733
26.2974 46777
26.2979 46821
26.3154 46865
26.3154 23040
26.3164 23131
26.3164 23040
26.3181 23131
26.3181 23040
26.319 23131
26.319 23040
26.3198 23131
26.3198 23040
26.3202 23131
26.3202 23040
26.3207 23131
26.3207 23040
26.3212 23131
26.3212 23040
26.3217 23131
26.3217 23040
26.3222 23131
26.3222 23040
26.3227 23131
26.3227 23040
26.3231 23131
26.3231 23040
26.3239 23131
26.3239 23040
26.3246 23131
26.3246 23040
26.3251 23131
26.3251 23040
26.3255 23131
26.3255 23040
26.346 23131
26.3464 23221
26.3469 23311
26.3474 23400
26.3484 23489
26.3488 23578
26.3493 23666
26.3698 23754
26.3702 23842
26.3707 23929
26.3712 24016
26.3717 24103
26.3726 24189
26.3731 24275
26.3736 24361
26.394 24447
26.3945 24532
26.395 24617
26.3955 24702
26.3962 24786
26.3969 24870
26.3974 24954
26.3981 25038
26.415 25121
26.4155 25204
26.416 25287
26.4164 25369
26.4169 25451
26.4174 25533
26.4179 25615
26.4186 25696
26.4355 25777
26.4362 25858
26.4367 25939
26.4372 26019
26.4377 26099
26.4381 26179
26.4386 26259
26.4391 26338
26.456 26417
26.4567 26496
26.4572 26575
26.4577 26653
26.4582 26731
26.4586 26809
26.4591 26887
26.4596 26964
26.4601 27041
26.477 27118
26.4775 27195
26.4779 27272
26.4784 27348
26.4789 27424
26.4794 27500
26.4799 27576
26.4803 27652
26.4808 27727
26.498 27802
26.4984 27877
26.4989 27952
26.4994 28027
26.4999 28101
26.5004 28175
26.5008 28249
26.5013 28323
26.5018 28397
26.5185 28470
26.5192 28543
26.5197 28616
26.5201 28689
26.5206 28762
26.5211 28834
26.5216 28906
26.5221 28978
26.5225 29050
26.539 29122
26.5397 29193
26.5402 29264
26.5406 29335
26.5411 29406
26.5416 29477
26.5421 29548
26.5426 29618
26.543 29688
26.5435 29758
26.5599 29828
26.5604 29898
26.5609 29968
26.5614 30037
26.5619 30106
26.5623 30175
26.5628 30244
26.5633 30313
26.5638 30382
26.5643 30451
26.5809 30519
26.5814 30587
26.5819 30655
26.5824 30723
26.5828 30791
26.5833 30859
26.5838 30926
26.5843 30993
26.5848 31060
26.5852 31127
26.6014 31194
26.6021 31261
26.6026 31328
26.6031 31394
26.6036 31460
26.6041 31526
26.6045 31592
26.605 31658
26.6055 31724
26.606 31790
26.6219 31855
26.6226 31920
26.6231 31985
26.6236 32050
26.6241 32115
26.6246 32180
26.625 32245
26.6255 32310
26.626 32374
26.6265 32438
26.6428 32502
26.6435 32566
26.644 32630
26.6445 32694
26.645 32758
26.6455 32822
26.6459 32885
26.6464 32948
26.6469 33011
26.6474 33074
26.6479 33137
26.664 33200
26.6647 33263
26.6652 33326
26.6656 33388
26.6661 33450
26.6666 33512
26.6671 33574
26.6676 33636
26.668 33698
26.6685 33760
26.6693 33822
26.6856 33883
26.6863 33944
26.6868 34005
26.6873 34066
26.6878 34127
26.6882 34188
26.6887 34249
26.6892 34310
26.6897 34371
26.6902 34432
26.6911 34492
26.7072 34552
26.7079 34612
26.7084 34672
26.7089 34732
26.7094 34792
26.7099 34852
26.7103 34912
26.7108 34972
26.7113 35031
26.7118 35090
26.7125 35149
26.7291 35208
26.7298 35267
26.7303 35326
26.7308 35385
26.7313 35444
26.7317 35503
26.7322 35562
26.7327 35620
26.7332 35678
26.7337 35736
26.7341 35794
26.7349 35852
26.7501 35910
26.7505 35968
26.751 36026
26.7515 36084
26.752 36142
26.7525 36200
26.753 36257
26.7534 36314
26.7539 36371
26.7544 36428
26.7549 36485
26.7558 36542
26.771 36599
26.7715 36656
26.772 36713
26.7725 36770
26.773 36827
26.7735 36883
26.7739 36939
26.7744 36995
26.7749 37051
26.7754 37107
26.7761 37163
26.7768 37219
26.7915 37275
26.792 37331
26.7925 37387
26.793 37443
26.7935 37498
26.7939 37553
26.7944 37608
26.7949 37663
26.7954 37718
26.7959 37773
26.7966 37828
26.7976 37883
26.812 37938
26.8125 37993
26.813 38048
26.8135 38103
26.814 38158
26.8144 38212
26.8149 38266
26.8154 38320
26.8159 38374
26.8164 38428
26.8168 38482
26.8173 38536
26.8185 38590
26.8328 38644
26.8333 38698
26.8337 38752
26.8342 38806
26.8347 38860
26.8352 38913
26.8357 38966
26.8361 39019
26.8366 39072
26.8371 39125
26.8376 39178
26.8381 39231
26.8395 39284
26.8535 39337
26.854 39390
26.8545 39443
26.855 39496
26.8554 39549
26.8559 39602
26.8564 39654
26.8569 39706
26.8574 39758
26.8578 39810
26.8583 39862
26.859 39914
26.86 39966
26.874 40018
26.8745 40070
26.875 40122
26.8755 40174
26.8759 40226
26.8764 40278
26.8769 40330
26.8774 40381
26.8779 40432
26.8783 40483
26.8788 40534
26.8795 40585
26.8805 40636
26.8945 40687
26.895 40738
26.8955 40789
26.896 40840
26.8964 40891
26.8969 40942
26.8974 40993
26.8979 41044
26.8984 41095
26.8988 41146
26.8993 41196
26.9 41246
26.901 41296
26.9017 41346
26.9159 41396
26.9164 41446
26.9169 41496
26.9173 41546
26.9178 41596
26.9183 41646
26.9188 41696
26.9193 41746
26.9197 41796
26.9202 41846
26.9207 41896
26.9212 41946
26.9222 41995
26.9229 42044
26.9371 42093
26.9375 42142
26.938 42191
26.9385 42240
26.939 42289
26.9395 42338
26.9399 42387
26.9404 42436
26.9409 42485
26.9414 42534
26.9419 42583
26.9426 42632
26.9433 42681
26.9443 42730
26.9584 42779
26.9592 42828
26.9596 42876
26.9601 42924
26.9606 42972
26.9611 43020
26.9616 43068
26.962 43116
26.9625 43164
26.963 43212
26.9635 43260
26.9642 43308
26.9649 43356
26.9659 43404
26.9801 43452
26.9808 43500
26.9813 43548
26.9818 43596
26.9822 43644
26.9827 43692
26.9832 43739
26.9837 43786
26.9842 43833
26.9846 43880
26.9851 43927
26.9856 43974
26.9866 44021
26.9873 44068
27.0019 44115
27.0029 44162
27.0034 44209
27.0039 44256
27.0043 44303
27.0048 44350
27.0053 44397
27.0058 44444
27.0063 44491
27.0067 44538
27.0072 44585
27.0077 44632
27.0082 44678
27.0091 44724
27.0099 44770
27.0245 44816
27.0255 44862
27.026 44908
27.0265 44954
27.0269 45000
27.0274 45046
27.0279 45092
27.0284 45138
27.0289 45184
27.0293 45230
27.0298 45276
27.0303 45322
27.031 45368
27.0317 45414
27.0327 45460
27.0476 45506
27.0486 45552
27.049 45598
27.0495 45643
27.05 45688
27.0505 45733
27.051 45778
27.0514 45823
27.0519 45868
27.0524 45913
27.0529 45958
27.0534 46003
27.0543 46048
27.0548 46093
27.0558 46138
27.0707 46183
27.0716 46228
27.0721 46273
27.0726 46318
27.0731 46363
27.0736 46408
27.074 46453
27.0745 46498
27.075 46543
27.0755 46588
27.076 46633
27.0764 46677
27.0772 46721
27.0779 46765
27.0786 46809
27.094 46853
27.0952 46897
27.0957 46941
27.0961 46985
27.0966 47029
27.0971 47073
27.0976 47117
27.0981 47161
27.0985 47205
27.099 47249
27.0995 47293
27.1 47337
27.1005 47381
27.1012 47425
27.1019 47469
27.1026 47513
27.118 47557
27.1192 47601
27.1197 47645
27.1202 47689
27.1207 47732
27.1211 47775
27.1216 47818
27.1221 47861
27.1226 47904
27.1231 47947
27.1235 47990
27.124 48033
27.1245 48076
27.1255 48119
27.1259 48162
27.1269 48205
27.1423 48248
27.1435 48291
27.1442 48334
27.1447 48377
27.1452 48420
27.1456 48463
27.1461 48506
27.1466 48549
27.1471 48592
27.1476 48635
27.1481 48678
27.1485 48721
27.1493 48764
27.15 48806
27.1505 48848
27.1514 48890
27.1668 48932
27.168 48974
27.1687 49016
27.1692 49058
27.1697 49100
27.1702 49142
27.1706 49184
27.1711 49226
27.1716 49268
27.1721 49310
27.1726 49352
27.173 49394
27.1735 49436
27.1745 49478
27.175 49520
27.1757 49562
27.1916 49604
27.1928 49646
27.1935 49688
27.194 49730
27.1944 49772
27.1949 49814
27.1954 49856
27.1959 49898
27.1964 49940
27.1968 49981
27.1973 50022
27.1978 50063
27.1983 50104
27.1988 50145
27.1997 50186
27.2002 50227
27.2009 50268
27.217 50309
27.2182 50350
27.2187 50391
27.2192 50432
27.2197 50473
27.2201 50514
27.2206 50555
27.2211 50596
27.2216 50637
27.2221 50678
27.2226 50719
27.223 50760
27.2235 50801
27.2242 50842
27.225 50883
27.2254 50924
27.2264 50965
27.2427 51006
27.2439 51047
27.2444 51088
27.2449 51129
27.2454 51170
27.2459 51210
27.2463 51250
27.2468 51290
27.2473 51330
27.2478 51370
27.2483 51410
27.2487 51450
27.2492 51490
27.2502 51530
27.2507 51570
27.2512 51610
27.2521 51650
27.2687 51690
27.2699 51730
27.2706 51770
27.2711 51810
27.2716 51850
27.2721 51890
27.2725 51930
27.273 51970
27.2735 52010
27.274 52050
27.2745 52090
27.2749 52130
27.2754 52170
27.2761 52210
27.2769 52250
27.2773 52290
27.2781 52330
27.2949 52370
27.2961 52410
27.2968 52450
27.2973 52489
27.2978 52528
27.2983 52567
27.2987 52606
27.2992 52645
27.2997 52684
27.3002 52723
27.3007 52762
27.3011 52801
27.3016 52840
27.3021 52879
27.3028 52918
27.3035 52957
27.304 52996
27.3047 53035
27.3216 53074
27.3216 26112
27.323 26192
27.323 26112
27.3235 26192
27.3235 26112
27.324 26192
27.324 26112
27.3244 26192
27.3244 26112
27.3249 26192
27.3249 26112
27.3254 26192
27.3254 26112
27.3259 26192
27.3259 26112
27.3264 26192
27.3264 26112
27.3269 26192
27.3269 26112
27.3273 26192
27.3273 26112
27.3278 26192
27.3278 26112
27.3283 26192
27.3283 26112
27.3288 26192
27.3288 26112
27.3297 26192
27.3297 26112
27.3302 26192
27.3302 26112
27.3307 26192
27.3307 26112
27.3317 26192
27.3317 26112
27.3497 26192
27.3502 26272
27.3506 26351
27.3511 26430
27.3518 26509
27.3526 26588
27.353 26666
27.3538 26744
27.3547 26822
27.373 26900
27.3735 26977
27.374 27054
27.3744 27131
27.3752 27208
27.3759 27285
27.3764 27361
27.3771 27437
27.378 27513
27.3961 27589
27.3965 27664
27.397 27739
27.3975 27814
27.3982 27889
27.3989 27964
27.3994 28038
27.4001 28112
27.4014 28186
27.4166 28260
27.417 28334
27.4175 28407
27.418 28480
27.4187 28553
27.4197 28626
27.4202 28699
27.4206 28772
27.4218 28844
27.4371 28916
27.4378 28988
27.4383 29060
27.4387 29132
27.4392 29203
27.4402 29274
27.4407 29345
27.4411 29416
27.4423 29487
27.4576 29558
27.4588 29628
27.4592 29698
27.4597 29768
27.4602 29838
27.4612 29908
27.4616 29978
27.4621 30047
27.4628 30116
27.464 30185
27.4785 30254
27.4795 30323
27.48 30392
27.4805 30460
27.4812 30528
27.4819 30596
27.4824 30664
27.4829 30732
27.4838 30800
27.485 30868
27.4995 30935
27.5002 31002
27.5007 31069
27.5012 31136
27.5017 31203
27.5026 31270
27.5031 31337
27.5036 31403
27.5043 31469
27.5055 31535
27.52 31601
27.521 31667
27.5215 31733
27.5219 31799
27.5224 31864
27.5231 31929
27.5239 31994
27.5243 32059
27.5248 32124
27.526 32189
27.5405 32254
27.5415 32319
27.5422 32383
27.5427 32447
27.5432 32511
27.5439 32575
27.5446 32639
27.5451 32703
27.5456 32767
27.5463 32830
27.5475 32893
27.5615 32956
27.5624 33019
27.5629 33082
27.5634 33145
27.5639 33208
27.5649 33271
27.5653 33334
27.5658 33396
27.5663 33458
27.5673 33520
27.5687 33582
27.5825 33644
27.5834 33706
27.5839 33768
27.5844 33830
27.5851 33891
27.5858 33952
27.5863 34013
27.5868 34074
27.5875 34135
27.5882 34196
27.5897 34257
27.603 34318
27.6042 34379
27.6046 34439
27.6051 34499
27.6056 34559
27.6066 34619
27.6071 34679
27.6075 34739
27.608 34799
27.609 34859
27.6102 34919
27.6235 34979
27.6247 35038
27.6254 35097
27.6259 35156
27.6263 35215
27.6271 35274
27.6278 35333
27.6283 35392
27.6287 35451
27.6292 35510
27.6302 35569
27.6314 35627
27.6444 35685
27.6456 35743
27.6464 35801
27.6468 35859
27.6473 35917
27.6483 35975
27.6488 36033
27.6492 36091
27.6497 36149
27.6504 36207
27.6514 36264
27.6526 36321
27.6653 36378
27.6668 36435
27.6673 36492
27.6678 36549
27.6685 36606
27.6692 36663
27.6697 36720
27.6702 36777
27.6706 36834
27.6716 36890
27.6723 36946
27.6735 37002
27.6867 37058
27.6882 37114
27.6887 37170
27.6891 37226
27.6896 37282
27.6906 37338
27.6911 37394
27.6915 37450
27.692 37505
27.6927 37560
27.6935 37615
27.6947 37670
27.7084 37725
27.7098 37780
27.7105 37835
27.711 37890
27.7115 37945
27.7122 38000
27.7129 38055
27.7134 38110
27.7139 38165
27.7144 38219
27.7153 38273
27.7163 38327
27.7173 38381
27.7305 38435
27.7314 38489
27.7319 38543
27.7324 38597
27.7329 38651
27.7338 38705
27.7343 38759
27.7348 38813
27.7353 38867
27.736 38920
27.7367 38973
27.7379 39026
27.7389 39079
27.7515 39132
27.7522 39185
27.7527 39238
27.7531 39291
27.7539 39344
27.7546 39397
27.7551 39450
27.7555 39503
27.756 39556
27.757 39609
27.7577 39661
27.7589 39713
27.7599 39765
27.7724 39817
27.7732 39869
27.7736 39921
27.7741 39973
27.7746 40025
27.7756 40077
27.776 40129
27.7765 40181
27.777 40233
27.7777 40285
27.7784 40337
27.7796 40388
27.7806 40439
27.7929 40490
27.7939 40541
27.7944 40592
27.7949 40643
27.7953 40694
27.7961 40745
27.7968 40796
27.7973 40847
27.7977 40898
27.7982 40949
27.7992 41000
27.8001 41051
27.8011 41102
27.8134 41153
27.8144 41203
27.8149 41253
27.8154 41303
27.8158 41353
27.8166 41403
27.8173 41453
27.8178 41503
27.8182 41553
27.8187 41603
27.8194 41653
27.8202 41703
27.8214 41753
27.8223 41803
27.8344 41853
27.8351 41903
27.8356 41953
27.8361 42002
27.8366 42051
27.8375 42100
27.838 42149
27.8385 42198
27.839 42247
27.8395 42296
27.8404 42345
27.8411 42394
27.8423 42443
27.8433 42492
27.8554 42541
27.8561 42590
27.8566 42639
27.8571 42688
27.8575 42737
27.8583 42786
27.859 42835
27.8595 42883
27.86 42931
27.8604 42979
27.8612 43027
27.8619 43075
27.8631 43123
27.864 43171
27.8759 43219
27.8768 43267
27.8773 43315
27.8778 43363
27.8783 43411
27.8788 43459
27.8797 43507
27.8802 43555
27.8807 43603
27.8812 43651
27.8817 43699
27.8826 43746
27.8836 43793
27.8845 43840
27.8964 43887
27.8973 43934
27.8978 43981
27.8983 44028
27.8988 44075
27.8993 44122
27.9002 44169
27.9007 44216
27.9012 44263
27.9017 44310
27.9021 44357
27.9029 44404
27.9036 44451
27.9048 44498
27.9058 44545
27.9174 44592
27.9181 44639
27.9186 44685
27.919 44731
27.9195 44777
27.9202 44823
27.921 44869
27.9214 44915
27.9219 44961
27.9224 45007
27.9229 45053
27.9238 45099
27.9246 45145
27.9258 45191
27.9267 45237
27.9385 45283
27.9392 45329
27.9397 45375
27.9402 45421
27.9407 45467
27.9414 45513
27.9421 45559
27.9426 45605
27.9431 45650
27.9436 45695
27.944 45740
27.9448 45785
27.9455 45830
27.9467 45875
27.9476 45920
27.9597 45965
27.9606 46010
27.9611 46055
27.9616 46100
27.9621 46145
27.9625 46190
27.9635 46235
27.9642 46280
27.9647 46325
27.9652 46370
27.9657 46415
27.9661 46460
27.9671 46505
27.9681 46550
27.969 46595
27.981 46639
27.982 46683
27.9825 46727
27.983 46771
27.9834 46815
27.9839 46859
27.9846 46903
27.9854 46947
27.9859 46991
27.9863 47035
27.9868 47079
27.9873 47123
27.9883 47167
27.9887 47211
27.9899 47255
27.9909 47299
28.0029 47343
28.0039 47387
28.0044 47431
28.0048 47475
28.0053 47519
28.0058 47563
28.0068 47607
28.0072 47651
28.0077 47695
28.0082 47738
28.0087 47781
28.0094 47824
28.0101 47867
28.0108 47910
28.0123 47953
28.0132 47996
28.0253 48039
28.0262 48082
28.0267 48125
28.0272 48168
28.0277 48211
28.0284 48254
28.0291 48297
28.0296 48340
28.0301 48383
28.0306 48426
28.031 48469
28.032 48512
28.0325 48555
28.0332 48598
28.0346 48641
28.0356 48684
28.0476 48727
28.0488 48770
28.0493 48812
28.0498 48854
28.0503 48896
28.0507 48938
28.0517 48980
28.0522 49022
28.0527 49064
28.0531 49106
28.0536 49148
28.0543 49190
28.0551 49232
28.0555 49274
28.057 49316
28.0582 49358
28.0702 49400
28.0716 49442
28.0724 49484
28.0728 49526
28.0733 49568
28.0738 49610
28.0745 49652
28.0753 49694
28.0757 49736
28.0762 49778
28.0767 49820
28.0772 49862
28.0781 49904
28.0786 49946
28.0791 49987
28.0805 50028
28.0817 50069
28.0935 50110
28.095 50151
28.0954 50192
28.0959 50233
28.0964 50274
28.0969 50315
28.0978 50356
28.0983 50397
28.0988 50438
28.0993 50479
28.0998 50520
28.1005 50561
28.1012 50602
28.1017 50643
28.1024 50684
28.1038 50725
28.1051 50766
28.1173 50807
28.1185 50848
28.119 50889
28.1195 50930
28.12 50971
28.1207 51012
28.1214 51053
28.1219 51094
28.1224 51135
28.1228 51176
28.1233 51216
28.1243 51256
28.1248 51296
28.1252 51336
28.1262 51376
28.1274 51416
28.1286 51456
28.1411 51496
28.1425 51536
28.143 51576
28.1435 51616
28.144 51656
28.1445 51696
28.1454 51736
28.1459 51776
28.1464 51816
28.1469 51856
28.1473 51896
28.1481 51936
28.1488 51976
28.1493 52016
28.15 52056
28.1512 52096
28.1524 52136
28.1651 52176
28.1668 52216
28.1675 52256
28.168 52296
28.1685 52336
28.169 52376
28.1697 52416
28.1704 52456
28.1709 52495
28.1714 52534
28.1719 52573
28.1723 52612
28.1733 52651
28.1738 52690
28.1743 52729
28.1755 52768
28.1767 52807
28.1776 52846
28.1899 52885
28.1916 52924
28.192 52963
28.1925 53002
28.193 53041
28.1935 53080
28.1944 53119
28.1949 53158
28.1954 53197
28.1959 53236
28.1964 53275
28.1971 53314
28.1978 53353
28.1983 53392
28.199 53431
28.2002 53470
28.2014 53509
28.2024 53548
28.2151 53587
28.2166 53626
28.217 53665
28.2175 53704
28.218 53743
28.2187 53782
28.2194 53820
28.2199 53858
28.2204 53896
28.2209 53934
28.2214 53972
28.2223 54010
28.2228 54048
28.2233 54086
28.2242 54124
28.2255 54162
28.2267 54200
28.2276 54238
28.2406 54276
28.242 54314
28.2425 54352
28.243 54390
28.2435 54428
28.244 54466
28.2449 54504
28.2454 54542
28.2459 54580
28.2464 54618
28.2468 54656
28.2476 54694
28.2483 54732
28.2488 54770
28.2495 54808
28.2507 54846
28.2519 54884
28.2528 54922
28.2663 54960
28.2677 54998
28.2685 55036
28.2689 55074
28.2694 55112
28.2699 55150
28.2706 55188
28.2714 55225
28.2718 55262
28.2723 55299
28.2728 55336
28.2733 55373
28.2742 55410
28.2747 55447
28.2752 55484
28.2764 55521
28.2776 55558
28.2786 55595
28.2918 55632
28.2932 55669
28.2939 55706
28.2944 55743
28.2949 55780
28.2954 55817
28.2961 55854
28.2968 55891
28.2973 55928
28.2978 55965
28.2983 56002
28.2987 56039
28.2995 56076
28.3002 56113
28.3007 56150
28.3014 56187
28.3026 56224
28.3038 56261
28.3048 56298
28.3182 56335
28.3182 27648
28.3199 27723
28.3199 27648
28.3204 27723
28.3204 27648
28.3209 27723
28.3209 27648
28.3213 27723
28.3213 27648
28.3218 27723
28.3218 27648
28.3228 27723
28.3228 27648
28.3233 27723
28.3233 27648
28.3237 27723
28.3237 27648
28.3242 27723
28.3242 27648
28.3247 27723
28.3247 27648
28.3252 27723
28.3252 27648
28.3261 27723
28.3261 27648
28.3266 27723
28.3266 27648
28.3271 27723
28.3271 27648
28.3281 27723
28.3281 27648
28.3293 27723
28.3293 27648
28.3305 27723
28.3305 27648
28.3314 27723
28.3314 27648
28.3468 27723
28.3473 27798
28.348 27873
28.3487 27948
28.3492 28023
28.3499 28097
28.3511 28171
28.3523 28245
28.3533 28319
28.3694 28393
28.3699 28466
28.3704 28539
28.3713 28612
28.3718 28685
28.3723 28758
28.3735 28830
28.3747 28902
28.3757 28974
28.3915 29046
28.392 29118
28.3925 29190
28.3934 29261
28.3939 29332
28.3944 29403
28.3956 29474
28.3968 29545
28.3978 29615
28.3987 29685
28.4131 29755
28.4136 29825
28.4141 29895
28.4146 29965
28.4151 30034
28.4155 30103
28.4163 30172
28.4175 30241
28.4185 30310
28.4195 30379
28.4341 30448
28.4346 30516
28.4351 30584
28.4356 30652
28.436 30720
28.4365 30788
28.4371 30856
28.4383 30923
28.4392 30990
28.4402 31057
28.4553 31124
28.4558 31191
28.4563 31258
28.4568 31325
28.4573 31391
28.4577 31457
28.4582 31523
28.4588 31589
28.4597 31655
28.4607 31721
28.4758 31787
28.4763 31852
28.4768 31917
28.4773 31982
28.4778 32047
28.4782 32112
28.4787 32177
28.4793 32242
28.4802 32307
28.4812 32371
28.4963 32435
28.4968 32499
28.4973 32563
28.4978 32627
28.4983 32691
28.4987 32755
28.4992 32819
28.4997 32882
28.5002 32945
28.501 33008
28.5019 33071
28.5173 33134
28.5178 33197
28.5183 33260
28.5188 33323
28.5192 33385
28.5197 33447
28.5202 33509
28.5207 33571
28.5212 33633
28.5217 33695
28.5227 33757
28.5385 33819
28.539 33880
28.5395 33941
28.54 34002
28.5405 34063
28.5409 34124
28.5414 34185
28.5419 34246
28.5424 34307
28.5429 34368
28.5433 34429
28.559 34489
28.5598 34549
28.5602 34609
28.5607 34669
28.5612 34729
28.5617 34789
28.5622 34849
28.5626 34909
28.5631 34969
28.5636 35028
28.5641 35087
28.5795 35146
28.5802 35205
28.5807 35264
28.5812 35323
28.5817 35382
28.5822 35441
28.5827 35500
28.5831 35559
28.5836 35617
28.5841 35675
28.5846 35733
28.5851 35791
28.6005 35849
28.6012 35907
28.6017 35965
28.6022 36023
28.6027 36081
28.6031 36139
28.6036 36197
28.6041 36254
28.6046 36311
28.6051 36368
28.6056 36425
28.606 36482
28.6215 36539
28.6222 36596
28.6227 36653
28.6232 36710
28.6236 36767
28.6241 36824
28.6246 36880
28.6251 36936
28.6256 36992
28.6261 37048
28.6265 37104
28.627 37160
28.6424 37216
28.6434 37272
28.6438 37328
28.6443 37384
28.6448 37440
28.6453 37496
28.6458 37551
28.6462 37606
28.6467 37661
28.6472 37716
28.6477 37771
28.6482 37826
28.6631 37881
28.664 37936
28.6645 37991
28.665 38046
28.6655 38101
28.6659 38156
28.6664 38210
28.6669 38264
28.6674 38318
28.6679 38372
28.6683 38426
28.6688 38480
28.6695 38534
28.6847 38588
28.6856 38642
28.6861 38696
28.6866 38750
28.6871 38804
28.6876 38858
28.6881 38911
28.6885 38964
28.689 39017
28.6895 39070
28.69 39123
28.6905 39176
28.6914 39229
28.7068 39282
28.7078 39335
28.7082 39388
28.7087 39441
28.7092 39494
28.7097 39547
28.7102 39600
28.7106 39652
28.7111 39704
28.7116 39756
28.7121 39808
28.7126 39860
28.7133 39912
28.7291 39964
28.7303 40016
28.7308 40068
28.7313 40120
28.7318 40172
28.7323 40224
28.7328 40276
28.7332 40328
28.7337 40379
28.7342 40430
28.7347 40481
28.7352 40532
28.7356 40583
28.7496 40634
28.7508 40685
28.7513 40736
28.7518 40787
28.7523 40838
28.7528 40889
28.7533 40940
28.7537 40991
28.7542 41042
28.7547 41093
28.7552 41144
28.7557 41194
28.7561 41244
28.7571 41294
28.7706 41344
28.7716 41394
28.7721 41444
28.7725 41494
28.773 41544
28.7735 41594
28.774 41644
28.7745 41694
28.7749 41744
28.7754 41794
28.7759 41844
28.7764 41894
28.7771 41944
28.7781 41993
28.7916 42042
28.7926 42091
28.793 42140
28.7935 42189
28.794 42238
28.7945 42287
28.795 42336
28.7954 42385
28.7959 42434
28.7964 42483
28.7969 42532
28.7974 42581
28.7981 42630
28.7991 42679
28.8121 42728
28.8133 42777
28.8138 42826
28.8143 42874
28.8147 42922
28.8152 42970
28.8157 43018
28.8162 43066
28.8167 43114
28.8171 43162
28.8176 43210
28.8181 43258
28.8186 43306
28.8196 43354
28.8326 43402
28.8338 43450
28.8345 43498
28.835 43546
28.8355 43594
28.836 43642
28.8364 43690
28.8369 43737
28.8374 43784
28.8379 43831
28.8384 43878
28.8388 43925
28.8393 43972
28.8403 44019
28.8531 44066
28.8543 44113
28.8553 44160
28.8557 44207
28.8562 44254
28.8567 44301
28.8572 44348
28.8577 44395
28.8581 44442
28.8586 44489
28.8591 44536
28.8596 44583
28.8601 44630
28.8608 44676
28.8617 44722
28.8738 44768
28.8753 44814
28.876 44860
28.8765 44906
28.877 44952
28.8774 44998
28.8779 45044
28.8784 45090
28.8789 45136
28.8794 45182
28.8798 45228
28.8803 45274
28.8808 45320
28.8818 45366
28.8827 45412
28.8946 45458
28.8963 45504
28.8967 45550
28.8972 45596
28.8977 45641
28.8982 45686
28.8987 45731
28.8991 45776
28.8996 45821
28.9001 45866
28.9006 45911
28.9011 45956
28.9015 46001
28.9023 46046
28.9032 46091
28.9152 46136
28.9168 46181
28.9175 46226
28.918 46271
28.9184 46316
28.9189 46361
28.9194 46406
28.9199 46451
28.9204 46496
28.9208 46541
28.9213 46586
28.9218 46631
28.9223 46675
28.9228 46719
28.9237 46763
28.9357 46807
28.9373 46851
28.9382 46895
28.9387 46939
28.9392 46983
28.9397 47027
28.9401 47071
28.9406 47115
28.9411 47159
28.9416 47203
28.9421 47247
28.9425 47291
28.943 47335
28.9435 47379
28.9445 47423
28.9452 47467
28.9572 47511
28.9586 47555
28.9594 47599
28.9598 47643
28.9603 47687
28.9608 47730
28.9613 47773
28.9618 47816
28.9622 47859
28.9627 47902
28.9632 47945
28.9637 47988
28.9642 48031
28.9646 48074
28.9656 48117
28.9663 48160
28.9788 48203
28.9803 48246
28.9807 48289
28.9812 48332
28.9817 48375
28.9822 48418
28.9827 48461
28.9832 48504
28.9836 48547
28.9841 48590
28.9846 48633
28.9851 48676
28.9856 48719
28.986 48762
28.9868 48804
28.9877 48846
29.0005 48888
29.0019 48930
29.0026 48972
29.0031 49014
29.0036 49056
29.0041 49098
29.0045 49140
29.005 49182
29.0055 49224
29.006 49266
29.0065 49308
29.0069 49350
29.0074 49392
29.0079 49434
29.0084 49476
29.0093 49518
29.0218 49560
29.0235 49602
29.0245 49644
29.025 49686
29.0254 49728
29.0259 49770
29.0264 49812
29.0269 49854
29.0274 49896
29.0279 49938
29.0283 49979
29.0288 50020
29.0293 50061
29.0298 50102
29.0303 50143
29.0312 50184
29.0319 50225
29.0444 50266
29.0461 50307
29.0468 50348
29.0473 50389
29.0478 50430
29.0483 50471
29.0488 50512
29.0492 50553
29.0497 50594
29.0502 50635
29.0507 50676
29.0512 50717
29.0516 50758
29.0521 50799
29.0528 50840
29.0536 50881
29.0545 50922
29.0675 50963
29.0692 51004
29.0697 51045
29.0701 51086
29.0706 51127
29.0711 51168
29.0716 51208
29.0721 51248
29.0726 51288
29.073 51328
29.0735 51368
29.074 51408
29.0745 51448
29.075 51488
29.0754 51528
29.0764 51568
29.0771 51608
29.0906 51648
29.0923 51688
29.093 51728
29.0935 51768
29.0939 51808
29.0944 51848
29.0949 51888
29.0954 51928
29.0959 51968
29.0963 52008
29.0968 52048
29.0973 52088
29.0978 52128
29.0983 52168
29.0987 52208
29.0995 52248
29.1002 52288
29.1134 52328
29.1151 52368
29.1163 52408
29.1168 52448
29.1173 52487
29.1177 52526
29.1182 52565
29.1187 52604
29.1192 52643
29.1197 52682
29.1201 52721
29.1206 52760
29.1211 52799
29.1216 52838
29.1221 52877
29.1228 52916
29.1235 52955
29.1242 52994
29.1374 53033
29.1391 53072
29.1401 53111
29.1406 53150
29.141 53189
29.1415 53228
29.142 53267
29.1425 53306
29.143 53345
29.1434 53384
29.1439 53423
29.1444 53462
29.1449 53501
29.1454 53540
29.1458 53579
29.1468 53618
29.1473 53657
29.1483 53696
29.1617 53735
29.1634 53774
29.1644 53812
29.1648 53850
29.1653 53888
29.1658 53926
29.1663 53964
29.1668 54002
29.1672 54040
29.1677 54078
29.1682 54116
29.1687 54154
29.1692 54192
29.1696 54230
29.1701 54268
29.1708 54306
29.1716 54344
29.1723 54382
29.1862 54420
29.1879 54458
29.1891 54496
29.1896 54534
29.1901 54572
29.1905 54610
29.191 54648
29.1915 54686
29.192 54724
29.1925 54762
29.193 54800
29.1934 54838
29.1939 54876
29.1944 54914
29.1949 54952
29.1954 54990
29.1963 55028
29.1968 55066
29.2105 55104
29.2122 55142
29.2134 55180
29.2143 55217
29.2148 55254
29.2153 55291
29.2158 55328
29.2163 55365
29.2167 55402
29.2172 55439
29.2177 55476
29.2182 55513
29.2187 55550
29.2191 55587
29.2196 55624
29.2201 55661
29.2211 55698
29.2215 55735
29.2225 55772
29.236 55809
29.2377 55846
29.2389 55883
29.2396 55920
29.2401 55957
29.2405 55994
29.241 56031
29.2415 56068
29.242 56105
29.2425 56142
29.2429 56179
29.2434 56216
29.2439 56253
29.2444 56290
29.2449 56327
29.2456 56364
29.2463 56401
29.247 56438
29.248 56475
29.2617 56512
29.2634 56549
29.2646 56586
29.265 56623
29.2655 56660
29.266 56697
29.2665 56733
29.267 56769
29.2675 56805
29.2679 56841
29.2684 56877
29.2689 56913
29.2694 56949
29.2699 56985
29.2703 57021
29.2711 57057
29.2718 57093
29.2725 57129
29.2735 57165
29.2876 57201
29.2893 57237
29.2905 57273
29.291 57309
29.2915 57345
29.292 57381
29.2924 57417
29.2929 57453
29.2934 57489
29.2939 57525
29.2944 57561
29.2948 57597
29.2953 57633
29.2958 57669
29.2963 57705
29.2968 57741
29.2977 57777
29.2982 57813
29.2992 57849
29.3134 57885
29.3134 28160
29.315 28234
29.315 28160
29.3162 28234
29.3162 28160
29.317 28234
29.317 28160
29.3174 28234
29.3174 28160
29.3179 28234
29.3179 28160
29.3184 28234
29.3184 28160
29.3189 28234
29.3189 28160
29.3194 28234
29.3194 28160
29.3198 28234
29.3198 28160
29.3203 28234
29.3203 28160
29.3208 28234
29.3208 28160
29.3213 28234
29.3213 28160
29.3218 28234
29.3218 28160
29.3222 28234
29.3222 28160
29.3227 28234
29.3227 28160
29.3237 28234
29.3237 28160
29.3242 28234
29.3242 28160
29.3251 28234
29.3251 28160
29.3419 28234
29.3424 28308
29.3429 28382
29.3434 28455
29.3439 28528
29.3444 28601
29.3453 28674
29.3458 28747
29.3468 28819
29.3636 28891
29.3641 28963
29.3645 29035
29.365 29107
29.3655 29179
29.366 29250
29.3667 29321
29.3674 29392
29.3681 29463
29.3854 29534
29.3862 29604
29.3866 29674
29.3871 29744
29.3876 29814
29.3881 29884
29.3886 29954
29.3893 30023
29.39 30092
29.3907 30161
29.408 30230
29.4088 30299
29.4092 30368
29.4097 30437
29.4102 30505
29.4107 30573
29.4112 30641
29.4116 30709
29.4121 30777
29.4126 30845
29.429 30912
29.4297 30979
29.4302 31046
29.4307 31113
29.4312 31180
29.4317 31247
29.4321 31314
29.4326 31380
29.4331 31446
29.4336 31512
29.4495 31578
29.4502 31644
29.4507 31710
29.4512 31776
29.4517 31841
29.4522 31906
29.4526 31971
29.4531 32036
29.4536 32101
29.4541 32166
29.47 32231
29.4707 32296
29.4712 32360
29.4717 32424
29.4722 32488
29.4727 32552
29.4731 32616
29.4736 32680
29.4741 32744
29.4746 32808
29.4751 32871
29.4912 32934
29.492 32997
29.4924 33060
29.4929 33123
29.4934 33186
29.4939 33249
29.4944 33312
29.4948 33374
29.4953 33436
29.4958 33498
29.4963 33560
29.5127 33622
29.5134 33684
29.5139 33746
29.5144 33808
29.5149 33870
29.5153 33931
29.5158 33992
29.5163 34053
29.5168 34114
29.5173 34175
29.5177 34236
29.5332 34297
29.5339 34358
29.5344 34419
29.5349 34479
29.5354 34539
29.5358 34599
29.5363 34659
29.5368 34719
29.5373 34779
29.5378 34839
29.5382 34899
29.5539 34959
29.5546 35018
29.5551 35077
29.5556 35136
29.5561 35195
29.5566 35254
29.5571 35313
29.5575 35372
29.558 35431
29.5585 35490
29.559 35549
29.5595 35607
29.5751 35665
29.5759 35723
29.5763 35781
29.5768 35839
29.5773 35897
29.5778 35955
29.5783 36013
29.5788 36071
29.5792 36129
29.5797 36187
29.5802 36244
29.5807 36301
29.5964 36358
29.5971 36415
29.5976 36472
29.598 36529
29.5985 36586
29.599 36643
29.5995 36700
29.6 36757
29.6004 36814
29.6009 36870
29.6014 36926
29.6019 36982
29.6169 37038
29.6176 37094
29.6181 37150
29.6185 37206
29.619 37262
29.6195 37318
29.62 37374
29.6205 37430
29.6209 37486
29.6214 37541
29.6219 37596
29.6224 37651
29.6374 37706
29.6383 37761
29.6388 37816
29.6393 37871
29.6398 37926
29.6402 37981
29.6407 38036
29.6412 38091
29.6417 38146
29.6422 38200
29.6426 38254
29.6431 38308
29.6436 38362
29.6587 38416
29.6597 38470
29.6602 38524
29.6607 38578
29.6612 38632
29.6616 38686
29.6621 38740
29.6626 38794
29.6631 38848
29.6636 38901
29.664 38954
29.6645 39007
29.6652 39060
29.6804 39113
29.6813 39166
29.6821 39219
29.6825 39272
29.683 39325
29.6835 39378
29.684 39431
29.6845 39484
29.6849 39537
29.6854 39590
29.6859 39642
29.6864 39694
29.6871 39746
29.7025 39798
29.7032 39850
29.7039 39902
29.7044 39954
29.7049 40006
29.7054 40058
29.7059 40110
29.7063 40162
29.7068 40214
29.7073 40266
29.7078 40318
29.7083 40370
29.7087 40421
29.7241 40472
29.7248 40523
29.7256 40574
29.726 40625
29.7265 40676
29.727 40727
29.7275 40778
29.728 40829
29.7284 40880
29.7289 40931
29.7294 40982
29.7299 41033
29.7304 41084
29.7446 41135
29.7453 41185
29.7461 41235
29.7465 41285
29.747 41335
29.7475 41385
29.748 41435
29.7485 41485
29.7489 41535
29.7494 41585
29.7499 41635
29.7504 41685
29.7509 41735
29.7518 41785
29.7654 41835
29.7663 41885
29.7668 41935
29.7673 41984
29.7678 42033
29.7682 42082
29.7687 42131
29.7692 42180
29.7697 42229
29.7702 42278
29.7706 42327
29.7711 42376
29.7716 42425
29.7728 42474
29.7863 42523
29.7871 42572
29.7875 42621
29.788 42670
29.7885 42719
29.789 42768
29.7895 42817
29.7899 42865
29.7904 42913
29.7909 42961
29.7914 43009
29.7919 43057
29.7923 43105
29.7933 43153
29.8068 43201
29.8078 43249
29.8083 43297
29.8088 43345
29.8092 43393
29.8097 43441
29.8102 43489
29.8107 43537
29.8112 43585
29.8116 43633
29.8121 43681
29.8126 43729
29.8131 43776
29.8138 43823
29.8273 43870
29.8283 43917
29.829 43964
29.8295 44011
29.83 44058
29.8305 44105
29.8309 44152
29.8314 44199
29.8319 44246
29.8324 44293
29.8329 44340
29.8333 44387
29.8338 44434
29.8345 44481
29.8353 44528
29.8483 44575
29.8493 44622
29.8497 44668
29.8502 44714
29.8507 44760
29.8512 44806
29.8517 44852
29.8521 44898
29.8526 44944
29.8531 44990
29.8536 45036
29.8541 45082
29.8546 45128
29.8555 45174
29.8562 45220
29.8693 45266
29.87 45312
29.8705 45358
29.871 45404
29.8714 45450
29.8719 45496
29.8724 45542
29.8729 45588
29.8734 45633
29.8738 45678
29.8743 45723
29.8748 45768
29.8753 45813
29.876 45858
29.877 45903
29.8898 45948
29.8907 45993
29.8912 46038
29.8917 46083
29.8922 46128
29.8927 46173
29.8931 46218
29.8936 46263
29.8941 46308
29.8946 46353
29.8951 46398
29.8955 46443
29.896 46488
29.8965 46533
29.8975 46578
29.9103 46623
29.9112 46667
29.912 46711
29.9124 46755
29.9129 46799
29.9134 46843
29.9139 46887
29.9144 46931
29.9148 46975
29.9153 47019
29.9158 47063
29.9163 47107
29.9168 47151
29.9172 47195
29.9182 47239
29.9187 47283
29.9313 47327
29.9322 47371
29.9327 47415
29.9332 47459
29.9337 47503
29.9341 47547
29.9346 47591
29.9351 47635
29.9356 47679
29.9361 47722
29.9365 47765
29.937 47808
29.9375 47851
29.938 47894
29.9389 47937
29.9394 47980
29.9522 48023
29.953 48066
29.9534 48109
29.9539 48152
29.9544 48195
29.9549 48238
29.9554 48281
29.9558 48324
29.9563 48367
29.9568 48410
29.9573 48453
29.9578 48496
29.9582 48539
29.9587 48582
29.9594 48625
29.9599 48668
29.9727 48711
29.9737 48754
29.9742 48797
29.9747 48839
29.9751 48881
29.9756 48923
29.9761 48965
29.9766 49007
29.9771 49049
29.9775 49091
29.978 49133
29.9785 49175
29.979 49217
29.9795 49259
29.9799 49301
29.9804 49343
29.9932 49385
29.9942 49427
29.9949 49469
29.9954 49511
29.9959 49553
29.9964 49595
29.9968 49637
29.9973 49679
29.9978 49721
29.9983 49763
29.9988 49805
29.9992 49847
29.9997 49889
30.0002 49931
30.0007 49972
30.0012 50013
30.0016 50054
30.0142 50095
30.0152 50136
30.0157 50177
30.0161 50218
30.0166 50259
30.0171 50300
30.0176 50341
30.0181 50382
30.0185 50423
30.019 50464
30.0195 50505
30.02 50546
30.0205 50587
30.0209 50628
30.0214 50669
30.0219 50710
30.0224 50751
30.0352 50792
30.0362 50833
30.0366 50874
30.0371 50915
30.0376 50956
30.0381 50997
30.0386 51038
30.039 51079
30.0395 51120
30.04 51161
30.0405 51201
30.041 51241
30.0414 51281
30.0419 51321
30.0424 51361
30.0429 51401
30.0434 51441
30.0557 51481
30.0569 51521
30.0574 51561
30.0579 51601
30.0583 51641
30.0588 51681
30.0593 51721
30.0598 51761
30.0603 51801
30.0607 51841
30.0612 51881
30.0617 51921
30.0622 51961
30.0627 52001
30.0631 52041
30.0636 52081
30.0641 52121
30.0762 52161
30.0774 52201
30.0781 52241
30.0786 52281
30.0791 52321
30.0796 52361
30.08 52401
30.0805 52441
30.081 52480
30.0815 52519
30.082 52558
30.0824 52597
30.0829 52636
30.0834 52675
30.0839 52714
30.0844 52753
30.0849 52792
30.0967 52831
30.0972 52870
30.0984 52909
30.0991 52948
30.0996 52987
30.1001 53026
30.1005 53065
30.101 53104
30.1015 53143
30.102 53182
30.1025 53221
30.1029 53260
30.1034 53299
30.1039 53338
30.1044 53377
30.1049 53416
30.1053 53455
30.1058 53494
30.1174 53533
30.1182 53572
30.1194 53611
30.1198 53650
30.1203 53689
30.1208 53728
30.1213 53767
30.1218 53805
30.1222 53843
30.1227 53881
30.1232 53919
30.1237 53957
30.1242 53995
30.1246 54033
30.1251 54071
30.1256 54109
30.1261 54147
30.1266 54185
30.1382 54223
30.1391 54261
30.1401 54299
30.1406 54337
30.1411 54375
30.1415 54413
30.142 54451
30.1425 54489
30.143 54527
30.1435 54565
30.1439 54603
30.1444 54641
30.1449 54679
30.1454 54717
30.1459 54755
30.1463 54793
30.1468 54831
30.1473 54869
30.1587 54907
30.1596 54945
30.1608 54983
30.1613 55021
30.1618 55059
30.1623 55097
30.1628 55135
30.1632 55173
30.1637 55211
30.1642 55248
30.1647 55285
30.1652 55322
30.1656 55359
30.1661 55396
30.1666 55433
30.1671 55470
30.1676 55507
30.168 55544
30.1794 55581
30.1801 55618
30.1813 55655
30.182 55692
30.1825 55729
30.183 55766
30.1835 55803
30.184 55840
30.1845 55877
30.1849 55914
30.1854 55951
30.1859 55988
30.1864 56025
30.1869 56062
30.1873 56099
30.1878 56136
30.1883 56173
30.1888 56210
30.1893 56247
30.2004 56284
30.2011 56321
30.2023 56358
30.2028 56395
30.2033 56432
30.2037 56469
30.2042 56506
30.2047 56543
30.2052 56580
30.2057 56617
30.2062 56654
30.2066 56691
30.2071 56727
30.2076 56763
30.2081 56799
30.2086 56835
30.209 56871
30.2095 56907
30.21 56943
30.2211 56979
30.2221 57015
30.223 57051
30.2235 57087
30.224 57123
30.2245 57159
30.225 57195
30.2254 57231
30.2259 57267
30.2264 57303
30.2269 57339
30.2274 57375
30.2278 57411
30.2283 57447
30.2288 57483
30.2293 57519
30.2298 57555
30.2303 57591
30.2307 57627
30.2416 57663
30.2426 57699
30.2438 57735
30.2443 57771
30.2447 57807
30.2452 57843
30.2457 57879
30.2462 57915
30.2467 57951
30.2471 57987
30.2476 58023
30.2481 58059
30.2486 58095
30.2491 58131
30.2495 58167
30.25 58203
30.2505 58239
30.251 58275
30.2515 58310
30.2621 58345
30.2631 58380
30.2643 58415
30.265 58450
30.2655 58485
30.266 58520
30.2664 58555
30.2669 58590
30.2674 58625
30.2679 58660
30.2684 58695
30.2688 58730
30.2693 58765
30.2698 58800
30.2703 58835
30.2708 58870
30.2712 58905
30.2717 58940
30.2722 58975
30.2727 59010
30.2831 59045
30.2841 59080
30.2853 59115
30.2857 59150
30.2862 59185
30.2867 59220
30.2872 59255
30.2877 59290
30.2881 59325
30.2886 59360
30.2891 59395
30.2896 59430
30.2901 59465
30.2905 59500
30.291 59535
30.2915 59570
30.292 59605
30.2925 59640
30.2929 59675
30.2934 59710
30.3041 59745
30.305 59780
30.306 59815
30.3065 59850
30.307 59885
30.3074 59920
30.3079 59954
30.3084 59988
30.3089 60022
30.3094 60056
30.3098 60090
30.3103 60124
30.3108 60158
30.3113 60192
30.3118 60226
30.3122 60260
30.3127 60294
30.3127 29696
30.3132 29766
30.3132 29696
30.3137 29766
30.3137 29696
30.3142 29766
30.3142 29696
30.3246 29766
30.3246 29696
30.3255 29766
30.3255 29696
30.3267 29766
30.3267 29696
30.3272 29766
30.3272 29696
30.3277 29766
30.3277 29696
30.3282 29766
30.3282 29696
30.3287 29766
30.3287 29696
30.3291 29766
30.3291 29696
30.3296 29766
30.3296 29696
30.3301 29766
30.3301 29696
30.3306 29766
30.3306 29696
30.3311 29766
30.3311 29696
30.3315 29766
30.3315 29696
30.332 29766
30.332 29696
30.3325 29766
30.3325 29696
30.333 29766
30.333 29696
30.3492 29766
30.3499 29836
30.3504 29906
30.3508 29976
30.3513 30045
30.3518 30114
30.3523 30183
30.3528 30252
30.3532 30321
30.3537 30390
30.3699 30458
30.3706 30526
30.3711 30594
30.3716 30662
30.3721 30730
30.3725 30798
30.373 30866
30.3735 30933
30.374 31000
30.3745 31067
30.3906 31134
30.3911 31201
30.3916 31268
30.3921 31335
30.3926 31401
30.393 31467
30.3935 31533
30.394 31599
30.3945 31665
30.395 31731
30.4111 31797
30.4116 31862
30.4121 31927
30.4126 31992
30.4131 32057
30.4135 32122
30.414 32187
30.4145 32252
30.415 32317
30.4155 32381
30.4316 32445
30.4321 32509
30.4326 32573
30.4331 32637
30.4336 32701
30.434 32765
30.4345 32828
30.435 32891
30.4355 32954
30.436 33017
30.4364 33080
30.4524 33143
30.4528 33206
30.4533 33269
30.4538 33332
30.4543 33394
30.4548 33456
30.4552 33518
30.4557 33580
30.4562 33642
30.4567 33704
30.4572 33766
30.4731 33828
30.4736 33889
30.4741 33950
30.4745 34011
30.475 34072
30.4755 34133
30.476 34194
30.4765 34255
30.4769 34316
30.4774 34377
30.4779 34437
30.4936 34497
30.4941 34557
30.4946 34617
30.495 34677
30.4955 34737
30.496 34797
30.4965 34857
30.497 34917
30.4974 34977
30.4979 35036
30.4984 35095
30.5141 35154
30.5146 35213
30.5151 35272
30.5155 35331
30.516 35390
30.5165 35449
30.517 35508
30.5175 35567
30.5179 35625
30.5184 35683
30.5189 35741
30.5194 35799
30.5348 35857
30.5353 35915
30.5358 35973
30.5363 36031
30.5368 36089
30.5372 36147
30.5377 36205
30.5382 36262
30.5387 36319
30.5392 36376
30.5396 36433
30.5401 36490
30.5556 36547
30.5561 36604
30.5565 36661
30.557 36718
30.5575 36775
30.558 36832
30.5585 36888
30.5589 36944
30.5594 37000
30.5599 37056
30.5604 37112
30.5609 37168
30.5761 37224
30.5766 37280
30.577 37336
30.5775 37392
30.578 37448
30.5785 37503
30.579 37558
30.5794 37613
30.5799 37668
30.5804 37723
30.5809 37778
30.5814 37833
30.5966 37888
30.5971 37943
30.5975 37998
30.598 38053
30.5985 38108
30.599 38163
30.5995 38217
30.5999 38271
30.6004 38325
30.6009 38379
30.6014 38433
30.6019 38487
30.6023 38541
30.6173 38595
30.6178 38649
30.6183 38703
30.6188 38757
30.6192 38811
30.6197 38865
30.6202 38918
30.6207 38971
30.6212 39024
30.6216 39077
30.6221 39130
30.6226 39183
30.6231 39236
30.638 39289
30.6385 39342
30.639 39395
30.6395 39448
30.64 39501
30.6405 39554
30.6409 39607
30.6414 39659
30.6419 39711
30.6424 39763
30.6429 39815
30.6433 39867
30.6438 39919
30.6585 39971
30.659 40023
30.6595 40075
30.66 40127
30.6605 40179
30.6609 40231
30.6614 40283
30.6619 40335
30.6624 40386
30.6629 40437
30.6634 40488
30.6638 40539
30.6643 40590
30.679 40641
30.6795 40692
30.68 40743
30.6805 40794
30.681 40845
30.6814 40896
30.6819 40947
30.6824 40998
30.6829 41049
30.6834 41100
30.6839 41151
30.6843 41201
30.6848 41251
30.6853 41301
30.6998 41351
30.7003 41401
30.7007 41451
30.7012 41501
30.7017 41551
30.7022 41601
30.7027 41651
30.7031 41701
30.7036 41751
30.7041 41801
30.7046 41851
30.7051 41901
30.7056 41951
30.706 42000
30.7205 42049
30.721 42098
30.7215 42147
30.722 42196
30.7224 42245
30.7229 42294
30.7234 42343
30.7239 42392
30.7244 42441
30.7248 42490
30.7253 42539
30.7258 42588
30.7263 42637
30.7268 42686
30.741 42735
30.7415 42784
30.742 42833
30.7425 42881
30.7429 42929
30.7434 42977
30.7439 43025
30.7444 43073
30.7449 43121
30.7453 43169
30.7458 43217
30.7463 43265
30.7468 43313
30.7473 43361
30.7615 43409
30.762 43457
30.7625 43505
30.763 43553
30.7634 43601
30.7639 43649
30.7644 43697
30.7649 43744
30.7654 43791
30.7658 43838
30.7663 43885
30.7668 43932
30.7673 43979
30.7678 44026
30.782 44073
30.7825 44120
30.783 44167
30.7835 44214
30.7839 44261
30.7844 44308
30.7849 44355
30.7854 44402
30.7859 44449
30.7863 44496
30.7868 44543
30.7873 44590
30.7878 44637
30.7883 44683
30.7887 44729
30.8028 44775
30.8032 44821
30.8037 44867
30.8042 44913
30.8047 44959
30.8052 45005
30.8056 45051
30.8061 45097
30.8066 45143
30.8071 45189
30.8076 45235
30.808 45281
30.8085 45327
30.809 45373
30.8095 45419
30.8235 45465
30.824 45511
30.8245 45557
30.8249 45603
30.8254 45648
30.8259 45693
30.8264 45738
30.8269 45783
30.8273 45828
30.8278 45873
30.8283 45918
30.8288 45963
30.8293 46008
30.8297 46053
30.8302 46098
30.844 46143
30.8445 46188
30.845 46233
30.8454 46278
30.8459 46323
30.8464 46368
30.8469 46413
30.8474 46458
30.8478 46503
30.8483 46548
30.8488 46593
30.8493 46638
30.8498 46682
30.8502 46726
30.8507 46770
30.8645 46814
30.865 46858
30.8654 46902
30.8659 46946
30.8664 46990
30.8669 47034
30.8674 47078
30.8679 47122
30.8683 47166
30.8688 47210
30.8693 47254
30.8698 47298
30.8703 47342
30.8707 47386
30.8712 47430
30.8717 47474
30.8852 47518
30.8857 47562
30.8862 47606
30.8867 47650
30.8871 47694
30.8876 47737
30.8881 47780
30.8886 47823
30.8891 47866
30.8896 47909
30.89 47952
30.8905 47995
30.891 48038
30.8915 48081
30.892 48124
30.8924 48167
30.906 48210
30.9064 48253
30.9069 48296
30.9074 48339
30.9079 48382
30.9084 48425
30.9088 48468
30.9093 48511
30.9098 48554
30.9103 48597
30.9108 48640
30.9113 48683
30.9117 48726
30.9122 48769
30.9127 48811
30.9132 48853
30.9267 48895
30.9272 48937
30.9277 48979
30.9281 49021
30.9286 49063
30.9291 49105
30.9296 49147
30.9301 49189
30.9305 49231
30.931 49273
30.9315 49315
30.932 49357
30.9325 49399
30.9329 49441
30.9334 49483
30.9339 49525
30.9472 49567
30.9477 49609
30.9482 49651
30.9486 49693
30.9491 49735
30.9496 49777
30.9501 49819
30.9506 49861
30.951 49903
30.9515 49945
30.952 49986
30.9525 50027
30.953 50068
30.9534 50109
30.9539 50150
30.9544 50191
30.9549 50232
30.9682 50273
30.9687 50314
30.9691 50355
30.9696 50396
30.9701 50437
30.9706 50478
30.9711 50519
30.9715 50560
30.972 50601
30.9725 50642
30.973 50683
30.9735 50724
30.9739 50765
30.9744 50806
30.9749 50847
30.9754 50888
30.9759 50929
30.9891 50970
30.9896 51011
30.9901 51052
30.9906 51093
30.9911 51134
30.9916 51175
30.992 51215
30.9925 51255
30.993 51295
30.9935 51335
30.994 51375
30.9944 51415
30.9949 51455
30.9954 51495
30.9959 51535
30.9964 51575
30.9968 51615
31.0096 51655
31.0104 51695
31.0108 51735
31.0113 51775
31.0118 51815
31.0123 51855
31.0128 51895
31.0133 51935
31.0137 51975
31.0142 52015
31.0147 52055
31.0152 52095
31.0157 52135
31.0161 52175
31.0166 52215
31.0171 52255
31.0176 52295
31.0301 52335
31.0311 52375
31.0316 52415
31.0321 52455
31.0325 52494
31.033 52533
31.0335 52572
31.034 52611
31.0345 52650
31.035 52689
31.0354 52728
31.0359 52767
31.0364 52806
31.0369 52845
31.0374 52884
31.0378 52923
31.0383 52962
31.0388 53001
31.0511 53040
31.0518 53079
31.0523 53118
31.0528 53157
31.0533 53196
31.0538 53235
31.0542 53274
31.0547 53313
31.0552 53352
31.0557 53391
31.0562 53430
31.0566 53469
31.0571 53508
31.0576 53547
31.0581 53586
31.0586 53625
31.0591 53664
31.0595 53703
31.0721 53742
31.0726 53781
31.0731 53819
31.0735 53857
31.074 53895
31.0745 53933
31.075 53971
31.0755 54009
31.0759 54047
31.0764 54085
31.0769 54123
31.0774 54161
31.0779 54199
31.0783 54237
31.0788 54275
31.0793 54313
31.0798 54351
31.0803 54389
31.0926 54427
31.0933 54465
31.0938 54503
31.0943 54541
31.0948 54579
31.0952 54617
31.0957 54655
31.0962 54693
31.0967 54731
31.0972 54769
31.0976 54807
31.0981 54845
31.0986 54883
31.0991 54921
31.0996 54959
31.1 54997
31.1005 55035
31.101 55073
31.1131 55111
31.1141 55149
31.1145 55187
31.115 55224
31.1155 55261
31.116 55298
31.1165 55335
31.1169 55372
31.1174 55409
31.1179 55446
31.1184 55483
31.1189 55520
31.1193 55557
31.1198 55594
31.1203 55631
31.1208 55668
31.1213 55705
31.1217 55742
31.1222 55779
31.1341 55816
31.1348 55853
31.1353 55890
31.1358 55927
31.1362 55964
31.1367 56001
31.1372 56038
31.1377 56075
31.1382 56112
31.1386 56149
31.1391 56186
31.1396 56223
31.1401 56260
31.1406 56297
31.141 56334
31.1415 56371
31.142 56408
31.1425 56445
31.143 56482
31.1551 56519
31.1555 56556
31.156 56593
31.1565 56630
31.157 56667
31.1575 56704
31.1579 56740
31.1584 56776
31.1589 56812
31.1594 56848
31.1599 56884
31.1603 56920
31.1608 56956
31.1613 56992
31.1618 57028
31.1623 57064
31.1627 57100
31.1632 57136
31.1637 57172
31.1756 57208
31.1763 57244
31.1768 57280
31.1772 57316
31.1777 57352
31.1782 57388
31.1787 57424
31.1792 57460
31.1796 57496
31.1801 57532
31.1806 57568
31.1811 57604
31.1816 57640
31.182 57676
31.1825 57712
31.183 57748
31.1835 57784
31.184 57820
31.1844 57856
31.196 57892
31.197 57928
31.1975 57964
31.198 58000
31.1985 58036
31.1989 58072
31.1994 58108
31.1999 58144
31.2004 58180
31.2009 58216
31.2013 58252
31.2018 58287
31.2023 58322
31.2028 58357
31.2033 58392
31.2037 58427
31.2042 58462
31.2047 58497
31.2052 58532
31.2165 58567
31.2175 58602
31.218 58637
31.2185 58672
31.219 58707
31.2194 58742
31.2199 58777
31.2204 58812
31.2209 58847
31.2214 58882
31.2218 58917
31.2223 58952
31.2228 58987
31.2233 59022
31.2238 59057
31.2242 59092
31.2247 59127
31.2252 59162
31.2257 59197
31.2262 59232
31.2375 59267
31.2382 59302
31.2387 59337
31.2392 59372
31.2397 59407
31.2402 59442
31.2407 59477
31.2411 59512
31.2416 59547
31.2421 59582
31.2426 59617
31.2431 59652
31.2435 59687
31.244 59722
31.2445 59757
31.245 59792
31.2455 59827
31.2459 59862
31.2464 59897
31.2469 59932
31.2585 59966
31.2592 60000
31.2597 60034
31.2602 60068
31.2607 60102
31.2611 60136
31.2616 60170
31.2621 60204
31.2626 60238
31.2631 60272
31.2636 60306
31.264 60340
31.2645 60374
31.265 60408
31.2655 60442
31.266 60476
31.2664 60510
31.2669 60544
31.2674 60578
31.2679 60612
31.279 60646
31.28 60680
31.2804 60714
31.2809 60748
31.2814 60782
31.2819 60816
31.2824 60850
31.2828 60884
31.2833 60918
31.2838 60952
31.2843 60986
31.2848 61020
31.2853 61054
31.2857 61088
31.2862 61122
31.2867 61156
31.2872 61190
31.2877 61224
31.2881 61258
31.2886 61292
31.2995 61326
31.3005 61360
31.3009 61394
31.3014 61428
31.3019 61462
31.3024 61496
31.3029 61530
31.3033 61564
31.3038 61598
31.3043 61632
31.3048 61666
31.3053 61700
31.3057 61733
31.3062 61766
31.3067 61799
31.3072 61832
31.3077 61865
31.3082 61898
31.3086 61931
31.3091 61964
31.3096 61997
31.3205 62030
31.3205 46592
31.3212 46637
31.3212 46592
31.3217 46637
31.3217 46592
31.3222 46637
31.3222 46592
31.3226 46637
31.3226 46592
31.3231 46637
31.3231 46592
31.3236 46637
31.3236 46592
31.3241 46637
31.3241 46592
31.3246 46637
31.3246 46592
31.325 46637
31.325 46592
31.3255 46637
31.3255 46592
31.326 46637
31.326 46592
31.3265 46637
31.3265 46592
31.327 46637
31.327 46592
31.3274 46637
31.3274 46592
31.3279 46637
31.3279 46592
31.3284 46637
31.3284 46592
31.3289 46637
31.3289 46592
31.3294 46637
31.3294 46592
31.3299 46637
31.3299 46592
31.3303 46637
31.3303 46592
31.3439 46637
31.3443 46681
31.3448 46725
31.3453 46769
31.3458 46813
31.3463 46857
31.3467 46901
31.3472 46945
31.3477 46989
31.3482 47033
31.3487 47077
31.3491 47121
31.3496 47165
31.3501 47209
31.3506 47253
31.3511 47297
31.3646 47341
31.3651 47385
31.3656 47429
31.366 47473
31.3665 47517
31.367 47561
31.3675 47605
31.368 47649
31.3684 47693
31.3689 47736
31.3694 47779
31.3699 47822
31.3704 47865
31.3708 47908
31.3713 47951
31.3718 47994
31.3853 48037
31.3858 48080
31.3863 48123
31.3868 48166
31.3873 48209
31.3877 48252
31.3882 48295
31.3887 48338
31.3892 48381
31.3897 48424
31.3901 48467
31.3906 48510
31.3911 48553
31.3916 48596
31.3921 48639
31.3928 48682
31.4058 48725
31.4063 48768
31.4068 48810
31.4073 48852
31.4078 48894
31.4082 48936
31.4087 48978
31.4092 49020
31.4097 49062
31.4102 49104
31.4106 49146
31.4111 49188
31.4116 49230
31.4121 49272
31.4126 49314
31.4133 49356
31.4263 49398
31.4268 49440
31.4273 49482
31.4278 49524
31.4283 49566
31.4287 49608
31.4292 49650
31.4297 49692
31.4302 49734
31.4307 49776
31.4311 49818
31.4316 49860
31.4321 49902
31.4326 49944
31.4331 49985
31.4335 50026
31.4343 50067
31.4471 50108
31.4476 50149
31.448 50190
31.4485 50231
31.449 50272
31.4495 50313
31.45 50354
31.4504 50395
31.4509 50436
31.4514 50477
31.4519 50518
31.4524 50559
31.4528 50600
31.4533 50641
31.4538 50682
31.4543 50723
31.4552 50764
31.4678 50805
31.4683 50846
31.4688 50887
31.4693 50928
31.4697 50969
31.4702 51010
31.4707 51051
31.4712 51092
31.4717 51133
31.4721 51174
31.4726 51214
31.4731 51254
31.4736 51294
31.4741 51334
31.4745 51374
31.475 51414
31.4757 51454
31.4883 51494
31.4888 51534
31.4893 51574
31.4897 51614
31.4902 51654
31.4907 51694
31.4912 51734
31.4917 51774
31.4922 51814
31.4926 51854
31.4931 51894
31.4936 51934
31.4941 51974
31.4946 52014
31.495 52054
31.4955 52094
31.4962 52134
31.5088 52174
31.5093 52214
31.5098 52254
31.5102 52294
31.5107 52334
31.5112 52374
31.5117 52414
31.5122 52454
31.5127 52493
31.5131 52532
31.5136 52571
31.5141 52610
31.5146 52649
31.5151 52688
31.5155 52727
31.516 52766
31.5167 52805
31.5175 52844
31.5295 52883
31.53 52922
31.5305 52961
31.531 53000
31.5315 53039
31.5319 53078
31.5324 53117
31.5329 53156
31.5334 53195
31.5339 53234
31.5344 53273
31.5348 53312
31.5353 53351
31.5358 53390
31.5363 53429
31.5368 53468
31.5377 53507
31.5384 53546
31.5503 53585
31.5508 53624
31.5512 53663
31.5517 53702
31.5522 53741
31.5527 53780
31.5532 53818
31.5536 53856
31.5541 53894
31.5546 53932
31.5551 53970
31.5556 54008
31.556 54046
31.5565 54084
31.557 54122
31.5575 54160
31.5587 54198
31.5594 54236
31.571 54274
31.5715 54312
31.572 54350
31.5725 54388
31.5729 54426
31.5734 54464
31.5739 54502
31.5744 54540
31.5749 54578
31.5753 54616
31.5758 54654
31.5763 54692
31.5768 54730
31.5773 54768
31.5777 54806
31.5782 54844
31.5792 54882
31.5799 54920
31.5917 54958
31.5922 54996
31.5926 55034
31.5931 55072
31.5936 55110
31.5941 55148
31.5946 55186
31.5951 55223
31.5955 55260
31.596 55297
31.5965 55334
31.597 55371
31.5975 55408
31.5979 55445
31.5984 55482
31.5989 55519
31.5997 55556
31.6004 55593
31.6122 55630
31.6129 55667
31.6134 55704
31.6139 55741
31.6143 55778
31.6148 55815
31.6153 55852
31.6158 55889
31.6163 55926
31.6168 55963
31.6172 56000
31.6177 56037
31.6182 56074
31.6187 56111
31.6192 56148
31.6196 56185
31.6201 56222
31.6208 56259
31.6216 56296
31.6333 56333
31.6343 56370
31.6348 56407
31.6353 56444
31.6357 56481
31.6362 56518
31.6367 56555
31.6372 56592
31.6377 56629
31.6381 56666
31.6386 56703
31.6391 56739
31.6396 56775
31.6401 56811
31.6405 56847
31.641 56883
31.6415 56919
31.6422 56955
31.6429 56991
31.6547 57027
31.6554 57063
31.6559 57099
31.6564 57135
31.6569 57171
31.6574 57207
31.6578 57243
31.6583 57279
31.6588 57315
31.6593 57351
31.6598 57387
31.6602 57423
31.6607 57459
31.6612 57495
31.6617 57531
31.6622 57567
31.6627 57603
31.6636 57639
31.6641 57675
31.6761 57711
31.6768 57747
31.6773 57783
31.6778 57819
31.6783 57855
31.6788 57891
31.6792 57927
31.6797 57963
31.6802 57999
31.6807 58035
31.6812 58071
31.6816 58107
31.6821 58143
31.6826 58179
31.6831 58215
31.6836 58251
31.684 58286
31.685 58321
31.6855 58356
31.6975 58391
31.6985 58426
31.6989 58461
31.6994 58496
31.6999 58531
31.7004 58566
31.7009 58601
31.7013 58636
31.7018 58671
31.7023 58706
31.7028 58741
31.7033 58776
31.7037 58811
31.7042 58846
31.7047 58881
31.7052 58916
31.7057 58951
31.7062 58986
31.7071 59021
31.7076 59056
31.7196 59091
31.7208 59126
31.7213 59161
31.7218 59196
31.7223 59231
31.7227 59266
31.7232 59301
31.7237 59336
31.7242 59371
31.7247 59406
31.7251 59441
31.7256 59476
31.7261 59511
31.7266 59546
31.7271 59581
31.7275 59616
31.728 59651
31.7285 59686
31.7295 59721
31.7299 59756
31.7406 59791
31.7415 59826
31.742 59861
31.7425 59896
31.743 59931
31.7435 59965
31.744 59999
31.7444 60033
31.7449 60067
31.7454 60101
31.7459 60135
31.7464 60169
31.7468 60203
31.7473 60237
31.7478 60271
31.7483 60305
31.7488 60339
31.7495 60373
31.7502 60407
31.7507 60441
31.7611 60475
31.762 60509
31.7625 60543
31.763 60577
31.7635 60611
31.764 60645
31.7644 60679
31.7649 60713
31.7654 60747
31.7659 60781
31.7664 60815
31.7669 60849
31.7673 60883
31.7678 60917
31.7683 60951
31.7688 60985
31.7693 61019
31.77 61053
31.7707 61087
31.7712 61121
31.7816 61155
31.7825 61189
31.783 61223
31.7835 61257
31.784 61291
31.7845 61325
31.7849 61359
31.7854 61393
31.7859 61427
31.7864 61461
31.7869 61495
31.7874 61529
31.7878 61563
31.7883 61597
31.7888 61631
31.7893 61665
31.7898 61699
31.7905 61732
31.7912 61765
31.7917 61798
31.7924 61831
31.8023 61864
31.8035 61897
31.804 61930
31.8045 61963
31.805 61996
31.8054 62029
31.8059 62062
31.8064 62095
31.8069 62128
31.8074 62161
31.8078 62194
31.8083 62227
31.8088 62260
31.8093 62293
31.8098 62326
31.8103 62359
31.8107 62392
31.8115 62425
31.8122 62458
31.8127 62491
31.8134 62524
31.8235 62557
31.8245 62590
31.825 62623
31.8255 62656
31.8259 62689
31.8264 62722
31.8269 62755
31.8274 62788
31.8279 62821
31.8283 62854
31.8288 62887
31.8293 62920
31.8298 62953
31.8303 62986
31.8308 63019
31.8312 63052
31.8317 63085
31.8322 63118
31.8332 63151
31.8336 63184
31.8341 63217
31.8442 63250
31.8452 63283
31.8456 63316
31.8461 63349
31.8466 63382
31.8471 63415
31.8476 63448
31.8481 63481
31.8485 63514
31.849 63547
31.8495 63579
31.85 63611
31.8505 63643
31.8509 63675
31.8514 63707
31.8519 63739
31.8524 63771
31.8529 63803
31.8538 63835
31.8543 63867
31.8548 63899
31.8649 63931
31.8661 63963
31.8666 63995
31.867 64027
31.8675 64059
31.868 64091
31.8685 64123
31.869 64155
31.8694 64187
31.8699 64219
31.8704 64251
31.8709 64283
31.8714 64315
31.8718 64347
31.8723 64379
31.8728 64411
31.8733 64443
31.8738 64475
31.8747 64507
31.8752 64539
31.8757 64571
31.8764 64603
31.8865 64635
31.8877 64667
31.8882 64699
31.8887 64731
31.8891 64763
31.8896 64795
31.8901 64827
31.8906 64859
31.8911 64891
31.8916 64923
31.892 64955
31.8925 64987
31.893 65019
31.8935 65051
31.894 65083
31.8944 65115
31.8949 65147
31.8954 65179
31.8964 65211
31.8968 65243
31.8973 65275
31.898 65307
31.9084 65339
31.9096 65371
31.9101 65403
31.9105 65435
31.911 65467
31.9115 65499
31.912 65531
31.9125 65562
31.9129 65593
31.9134 65624
31.9139 65655
31.9144 65686
31.9149 65717
31.9153 65748
31.9158 65779
31.9163 65810
31.9168 65841
31.9173 65872
31.918 65903
31.9187 65934
31.9192 65965
31.9197 65996
31.93 66027
31.9312 66058
31.9317 66089
31.9322 66120
31.9326 66151
31.9331 66182
31.9336 66213
31.9341 66244
31.9346 66275
31.935 66306
31.9355 66337
31.936 66368
31.9365 66399
31.937 66430
31.9375 66461
31.9379 66492
31.9384 66523
31.9389 66554
31.9396 66585
31.9403 66616
31.9408 66647
31.9413 66678
31.9516 66709
31.9531 66740
31.9536 66771
31.954 66802
31.9545 66833
31.955 66864
31.9555 66895
31.956 66926
31.9564 66957
31.9569 66988
31.9574 67019
31.9579 67050
31.9584 67081
31.9588 67112
31.9593 67143
31.9598 67174
31.9603 67205
31.9608 67236
31.9615 67267
31.9622 67298
31.9627 67329
31.9632 67360
31.9641 67391
31.9742 67422
31.9757 67453
31.9761 67484
31.9766 67515
31.9771 67546
31.9776 67577
31.9781 67608
31.9785 67639
31.979 67669
31.9795 67699
31.98 67729
31.9805 67759
31.981 67789
31.9814 67819
31.9819 67849
31.9824 67879
31.9829 67909
31.9834 67939
31.9841 67969
31.9848 67999
31.9853 68029
31.9858 68059
31.9867 68089
31.9971 68119
31.9985 68149
31.999 68179
31.9995 68209
31.9999 68239
32.0004 68269
32.0009 68299
32.0014 68329
32.0019 68359
32.0023 68389
32.0028 68419
32.0033 68449
32.0038 68479
32.0043 68509
32.0047 68539
32.0052 68569
32.0057 68599
32.0062 68629
32.0069 68659
32.0076 68689
32.0081 68719
32.0086 68749
32.0093 68779
32.0196 68809
32.0211 68839
32.0216 68869
32.022 68899
32.0225 68929
32.023 68959
32.0235 68989
32.024 69019
32.0244 69049
32.0249 69079
32.0254 69109
32.0259 69139
32.0264 69169
32.0269 69199
32.0273 69229
32.0278 69259
32.0283 69289
32.0288 69319
32.0295 69349
32.0302 69379
32.0307 69409
32.0312 69439
32.0319 69469
32.0422 69499
32.0439 69529
32.0444 69559
32.0449 69589
32.0454 69619
32.0458 69649
32.0463 69679
32.0468 69709
32.0473 69739
32.0478 69769
32.0482 69799
32.0487 69829
32.0492 69859
32.0497 69889
32.0502 69919
32.0506 69948
32.0511 69977
32.0516 70006
32.0523 70035
32.053 70064
32.0535 70093
32.054 70122
32.0547 70151
32.0651 70180
32.0667 70209
32.0675 70238
32.0679 70267
32.0684 70296
32.0689 70325
32.0694 70354
32.0699 70383
32.0703 70412
32.0708 70441
32.0713 70470
32.0718 70499
32.0723 70528
32.0728 70557
32.0732 70586
32.0737 70615
32.0742 70644
32.0747 70673
32.0752 70702
32.0759 70731
32.0766 70760
32.0771 70789
32.0776 70818
32.0783 70847
32.0886 70876
32.0905 70905
32.0913 70934
32.0917 70963
32.0922 70992
32.0927 71021
32.0932 71050
32.0937 71079
32.0941 71108
32.0946 71137
32.0951 71166
32.0956 71195
32.0961 71224
32.0965 71253
32.097 71282
32.0975 71311
32.098 71340
32.0985 71369
32.0989 71398
32.0997 71427
32.1004 71456
32.1009 71485
32.1014 71514
32.1021 71543
32.1124 71572
32.1143 71601
32.1148 71630
32.1153 71659
32.1158 71688
32.1163 71717
32.1167 71746
32.1172 71775
32.1177 71804
32.1182 71833
32.1187 71862
32.1191 71891
32.1196 71920
32.1201 71949
32.1206 71978
32.1211 72007
32.1215 72036
32.122 72065
32.1225 72094
32.1235 72123
32.1239 72152
32.1244 72181
32.1249 72210
32.1256 72239
32.136 72268
32.1381 72297
32.1386 72326
32.1391 72354
32.1396 72382
32.14 72410
32.1405 72438
32.141 72466
32.1415 72494
32.142 72522
32.1424 72550
32.1429 72578
32.1434 72606
32.1439 72634
32.1444 72662
32.1448 72690
32.1453 72718
32.1458 72746
32.1463 72774
32.1473 72802
32.1477 72830
32.1482 72858
32.1487 72886
32.1494 72914
32.1597 72942
32.1619 72970
32.1626 72998
32.1631 73026
32.1636 73054
32.1641 73082
32.1646 73110
32.165 73138
32.1655 73166
32.166 73194
32.1665 73222
32.167 73250
32.1674 73278
32.1679 73306
32.1684 73334
32.1689 73362
32.1694 73390
32.1698 73418
32.1703 73446
32.1708 73474
32.1718 73502
32.1722 73530
32.1727 73558
32.1732 73586
32.1739 73614
32.1843 73642
32.1864 73670
32.1874 73698
32.1879 73726
32.1883 73754
32.1888 73782
32.1893 73810
32.1898 73838
32.1903 73866
32.1907 73894
32.1912 73922
32.1917 73950
32.1922 73978
32.1927 74006
32.1932 74034
32.1936 74062
32.1941 74090
32.1946 74118
32.1951 74146
32.1956 74174
32.1965 74202
32.197 74230
32.1975 74258
32.198 74286
32.1987 74314
32.209 74342
32.2112 74370
32.2119 74398
32.2124 74426
32.2129 74454
32.2133 74482
32.2138 74510
32.2143 74538
32.2148 74566
32.2153 74594
32.2157 74622
32.2162 74650
32.2167 74678
32.2172 74706
32.2177 74734
32.2181 74762
32.2186 74790
32.2191 74818
32.2196 74846
32.2203 74874
32.221 74902
32.2215 74929
32.222 74956
32.2225 74983
32.2232 75010
32.2335 75037
32.2357 75064
32.2364 75091
32.2369 75118
32.2374 75145
32.2379 75172
32.2383 75199
32.2388 75226
32.2393 75253
32.2398 75280
32.2403 75307
32.2407 75334
32.2412 75361
32.2417 75388
32.2422 75415
32.2427 75442
32.2431 75469
32.2436 75496
32.2441 75523
32.2448 75550
32.2455 75577
32.246 75604
32.2465 75631
32.247 75658
32.2477 75685
32.2583 75712
32.2604 75739
32.2612 75766
32.2616 75793
32.2621 75820
32.2626 75847
32.2631 75874
32.2636 75901
32.264 75928
32.2645 75955
32.265 75982
32.2655 76009
32.266 76036
32.2665 76063
32.2669 76090
32.2674 76117
32.2679 76144
32.2684 76171
32.2689 76198
32.2696 76225
32.2703 76252
32.2708 76279
32.2713 76306
32.2717 76333
32.2722 76360
32.2732 76387
32.2838 76414
32.2859 76441
32.2866 76468
32.2871 76495
32.2876 76522
32.2881 76549
32.2886 76576
32.289 76603
32.2895 76630
32.29 76657
32.2905 76684
32.291 76711
32.2914 76738
32.2919 76765
32.2924 76792
32.2929 76819
32.2934 76846
32.2938 76873
32.2943 76900
32.295 76927
32.2958 76954
32.2962 76981
32.2967 77008
32.2972 77035
32.2977 77062
32.2987 77089
32.3095 77116
32.3116 77143
32.3124 77170
32.3128 77197
32.3128 38400
32.3133 38454
32.3133 38400
32.3138 38454
32.3138 38400
32.3143 38454
32.3143 38400
32.3148 38454
32.3148 38400
32.3152 38454
32.3152 38400
32.3157 38454
32.3157 38400
32.3162 38454
32.3162 38400
32.3167 38454
32.3167 38400
32.3172 38454
32.3172 38400
32.3176 38454
32.3176 38400
32.3181 38454
32.3181 38400
32.3186 38454
32.3186 38400
32.3191 38454
32.3191 38400
32.3196 38454
32.3196 38400
32.32 38454
32.32 38400
32.3205 38454
32.3205 38400
32.3215 38454
32.3215 38400
32.322 38454
32.322 38400
32.3224 38454
32.3224 38400
32.3229 38454
32.3229 38400
32.3234 38454
32.3234 38400
32.3241 38454
32.3241 38400
32.3349 38454
32.3349 38400
32.3371 38454
32.3371 38400
32.3378 38454
32.3378 38400
32.3396 38454
32.3403 38508
32.3408 38562
32.3415 38616
32.3422 38670
32.3427 38724
32.3432 38778
32.3437 38832
32.3441 38885
32.3451 38938
32.3559 38991
32.3583 39044
32.3588 39097
32.3603 39150
32.361 39203
32.3615 39256
32.3625 39309
32.363 39362
32.3634 39415
32.3639 39468
32.3644 39521
32.3651 39574
32.3661 39626
32.3769 39678
32.3793 39730
32.3798 39782
32.3808 39834
32.3815 39886
32.382 39938
32.383 39990
32.3837 40042
32.3842 40094
32.3847 40146
32.3851 40198
32.3856 40250
32.3866 40302
32.3976 40354
32.4 40405
32.4008 40456
32.4013 40507
32.402 40558
32.4025 40609
32.4035 40660
32.4044 40711
32.4049 40762
32.4054 40813
32.4059 40864
32.4064 40915
32.4071 40966
32.4181 41017
32.4205 41068
32.4213 41119
32.4218 41169
32.4225 41219
32.423 41269
32.4235 41319
32.4245 41369
32.4252 41419
32.4257 41469
32.4261 41519
32.4266 41569
32.4271 41619
32.4281 41669
32.4391 41719
32.4418 41769
32.4422 41819
32.4427 41869
32.4433 41919
32.4438 41969
32.4442 42018
32.4454 42067
32.4459 42116
32.4464 42165
32.4469 42214
32.4474 42263
32.4481 42312
32.449 42361
32.4601 42410
32.4627 42459
32.4632 42508
32.4637 42557
32.4642 42606
32.4647 42655
32.4651 42704
32.4659 42753
32.4667 42802
32.4671 42850
32.4676 42898
32.4681 42946
32.4686 42994
32.4695 43042
32.4808 43090
32.4835 43138
32.4842 43186
32.4847 43234
32.4852 43282
32.4856 43330
32.4861 43378
32.4866 43426
32.4876 43474
32.488 43522
32.4885 43570
32.489 43618
32.4895 43666
32.4902 43714
32.5015 43761
32.5041 43808
32.5049 43855
32.5053 43902
32.5058 43949
32.5063 43996
32.5068 44043
32.5073 44090
32.5082 44137
32.5087 44184
32.5092 44231
32.5097 44278
32.5101 44325
32.5109 44372
32.5116 44419
32.5229 44466
32.5258 44513
32.5263 44560
32.5267 44607
32.5272 44654
32.5277 44700
32.5282 44746
32.5289 44792
32.5296 44838
32.5301 44884
32.5306 44930
32.5311 44976
32.5315 45022
32.5325 45068
32.5332 45114
32.5445 45160
32.5474 45206
32.5479 45252
32.5484 45298
32.5488 45344
32.5493 45390
32.5498 45436
32.5505 45482
32.5512 45528
32.5517 45574
32.5522 45620
32.5527 45665
32.5532 45710
32.5539 45755
32.5546 45800
32.5661 45845
32.569 45890
32.5697 45935
32.5702 45980
32.5707 46025
32.5712 46070
32.5717 46115
32.5722 46160
32.5731 46205
32.5736 46250
32.5741 46295
32.5746 46340
32.575 46385
32.5755 46430
32.5765 46475
32.5878 46520
32.5907 46565
32.5914 46610
32.5919 46654
32.5923 46698
32.5928 46742
32.5933 46786
32.5938 46830
32.5947 46874
32.5952 46918
32.5957 46962
32.5962 47006
32.5967 47050
32.5971 47094
32.5981 47138
32.5986 47182
32.6101 47226
32.6132 47270
32.6137 47314
32.6142 47358
32.6147 47402
32.6152 47446
32.6156 47490
32.6164 47534
32.6171 47578
32.6176 47622
32.6181 47666
32.6185 47709
32.619 47752
32.6197 47795
32.6205 47838
32.6212 47881
32.6327 47924
32.6358 47967
32.6363 48010
32.6368 48053
32.6373 48096
32.6378 48139
32.6382 48182
32.639 48225
32.6397 48268
32.6402 48311
32.6406 48354
32.6411 48397
32.6416 48440
32.6423 48483
32.643 48526
32.6435 48569
32.6551 48612
32.6584 48655
32.6591 48698
32.6596 48741
32.6601 48784
32.6606 48826
32.6611 48868
32.6616 48910
32.6625 48952
32.663 48994
32.6635 49036
32.664 49078
32.6644 49120
32.6649 49162
32.6659 49204
32.6664 49246
32.6777 49288
32.681 49330
32.6817 49372
32.6822 49414
32.6827 49456
32.6832 49498
32.6837 49540
32.6841 49582
32.6851 49624
32.6856 49666
32.6861 49708
32.6865 49750
32.687 49792
32.6875 49834
32.6885 49876
32.6889 49918
32.6897 49960
32.701 50001
32.7043 50042
32.705 50083
32.7055 50124
32.706 50165
32.7065 50206
32.707 50247
32.7077 50288
32.7084 50329
32.7089 50370
32.7094 50411
32.7099 50452
32.7103 50493
32.7111 50534
32.7118 50575
32.7123 50616
32.7132 50657
32.7245 50698
32.7279 50739
32.7286 50780
32.7291 50821
32.7296 50862
32.73 50903
32.7305 50944
32.7312 50985
32.732 51026
32.7324 51067
32.7329 51108
32.7334 51149
32.7339 51189
32.7344 51229
32.7348 51269
32.7353 51309
32.7358 51349
32.7455 51389
32.7486 51429
32.7496 51469
32.7501 51509
32.7505 51549
32.751 51589
32.7515 51629
32.752 51669
32.7529 51709
32.7534 51749
32.7539 51789
32.7544 51829
32.7549 51869
32.7553 51909
32.7558 51949
32.7563 51989
32.7568 52029
32.766 52069
32.7691 52109
32.7701 52149
32.7706 52189
32.771 52229
32.7715 52269
32.772 52309
32.7725 52349
32.7734 52389
32.7739 52429
32.7744 52468
32.7749 52507
32.7754 52546
32.7758 52585
32.7763 52624
32.7768 52663
32.7773 52702
32.7865 52741
32.7896 52780
32.7906 52819
32.7913 52858
32.7918 52897
32.7923 52936
32.7927 52975
32.7932 53014
32.7937 53053
32.7947 53092
32.7951 53131
32.7956 53170
32.7961 53209
32.7966 53248
32.7971 53287
32.7975 53326
32.798 53365
32.7985 53404
32.8075 53443
32.8106 53482
32.8116 53521
32.8123 53560
32.8128 53599
32.8132 53638
32.8137 53677
32.8142 53716
32.8147 53755
32.8156 53794
32.8161 53832
32.8166 53870
32.8171 53908
32.8176 53946
32.818 53984
32.8185 54022
32.819 54060
32.8195 54098
32.8284 54136
32.8316 54174
32.8325 54212
32.833 54250
32.8335 54288
32.834 54326
32.8345 54364
32.8349 54402
32.8357 54440
32.8364 54478
32.8369 54516
32.8373 54554
32.8378 54592
32.8383 54630
32.8388 54668
32.8393 54706
32.8397 54744
32.8402 54782
32.8489 54820
32.8523 54858
32.8533 54896
32.8538 54934
32.8542 54972
32.8547 55010
32.8552 55048
32.8557 55086
32.8564 55124
32.8571 55162
32.8576 55200
32.8581 55237
32.8586 55274
32.859 55311
32.8595 55348
32.86 55385
32.8605 55422
32.861 55459
32.8694 55496
32.8728 55533
32.8738 55570
32.8745 55607
32.875 55644
32.8754 55681
32.8759 55718
32.8764 55755
32.8769 55792
32.8776 55829
32.8783 55866
32.8788 55903
32.8793 55940
32.8798 55977
32.8803 56014
32.8807 56051
32.8812 56088
32.8817 56125
32.8822 56162
32.8904 56199
32.8938 56236
32.895 56273
32.8957 56310
32.8962 56347
32.8967 56384
32.8971 56421
32.8976 56458
32.8981 56495
32.8988 56532
32.8996 56569
32.9 56606
32.9005 56643
32.901 56680
32.9015 56716
32.902 56752
32.9024 56788
32.9029 56824
32.9034 56860
32.9114 56896
32.9148 56932
32.916 56968
32.9164 57004
32.9169 57040
32.9174 57076
32.9179 57112
32.9184 57148
32.9188 57184
32.9198 57220
32.9203 57256
32.9208 57292
32.9213 57328
32.9217 57364
32.9222 57400
32.9227 57436
32.9232 57472
32.9237 57508
32.9241 57544
32.9319 57580
32.9355 57616
32.9367 57652
32.9372 57688
32.9377 57724
32.9381 57760
32.9386 57796
32.9391 57832
32.9396 57868
32.9405 57904
32.941 57940
32.9415 57976
32.942 58012
32.9425 58048
32.943 58084
32.9434 58120
32.9439 58156
32.9444 58192
32.9449 58228
32.9524 58264
32.956 58299
32.9572 58334
32.9579 58369
32.9584 58404
32.9589 58439
32.9594 58474
32.9598 58509
32.9603 58544
32.961 58579
32.9618 58614
32.9622 58649
32.9627 58684
32.9632 58719
32.9637 58754
32.9642 58789
32.9647 58824
32.9651 58859
32.9656 58894
32.9661 58929
32.9734 58964
32.977 58999
32.9782 59034
32.9791 59069
32.9796 59104
32.9801 59139
32.9806 59174
32.9811 59209
32.9815 59244
32.9823 59279
32.983 59314
32.9835 59349
32.9839 59384
32.9844 59419
32.9849 59454
32.9854 59489
32.9859 59524
32.9864 59559
32.9868 59594
32.9873 59629
32.9944 59664
32.998 59699
32.9992 59734
32.9999 59769
33.0004 59804
33.0008 59839
33.0013 59874
33.0018 59909
33.0023 59943
33.0032 59977
33.0037 60011
33.0042 60045
33.0047 60079
33.0052 60113
33.0056 60147
33.0061 60181
33.0066 60215
33.0071 60249
33.0076 60283
33.0081 60317
33.0148 60351
33.0185 60385
33.0197 60419
33.0204 60453
33.0209 60487
33.0213 60521
33.0218 60555
33.0223 60589
33.0228 60623
33.024 60657
33.0245 60691
33.0249 60725
33.0254 60759
33.0259 60793
33.0264 60827
33.0269 60861
33.0273 60895
33.0278 60929
33.0283 60963
33.0288 60997
33.0353 61031
33.039 61065
33.0402 61099
33.0409 61133
33.0414 61167
33.0418 61201
33.0423 61235
33.0428 61269
33.0433 61303
33.0445 61337
33.0452 61371
33.0457 61405
33.0462 61439
33.0466 61473
33.0471 61507
33.0476 61541
33.0481 61575
33.0486 61609
33.049 61643
33.0495 61677
33.05 61710
33.0563 61743
33.0599 61776
33.0611 61809
33.0619 61842
33.0623 61875
33.0628 61908
33.0633 61941
33.0638 61974
33.0643 62007
33.0655 62040
33.0662 62073
33.0667 62106
33.0671 62139
33.0676 62172
33.0681 62205
33.0686 62238
33.0691 62271
33.0695 62304
33.07 62337
33.0705 62370
33.071 62403
33.0773 62436
33.0809 62469
33.0821 62502
33.0828 62535
33.0833 62568
33.0838 62601
33.0843 62634
33.0848 62667
33.0852 62700
33.0864 62733
33.0872 62766
33.0876 62799
33.0881 62832
33.0886 62865
33.0891 62898
33.0896 62931
33.09 62964
33.0905 62997
33.091 63030
33.0915 63063
33.092 63096
33.0978 63129
33.1014 63162
33.1026 63195
33.1033 63228
33.1038 63261
33.1043 63294
33.1048 63327
33.1053 63360
33.1057 63393
33.1069 63426
33.1077 63459
33.1081 63492
33.1086 63525
33.1091 63558
33.1096 63590
33.1101 63622
33.1105 63654
33.111 63686
33.1115 63718
33.112 63750
33.1125 63782
33.1183 63814
33.1219 63846
33.1231 63878
33.1238 63910
33.1243 63942
33.1248 63974
33.1253 64006
33.1258 64038
33.1262 64070
33.1274 64102
33.1282 64134
33.1286 64166
33.1291 64198
33.1296 64230
33.1301 64262
33.1306 64294
33.131 64326
33.1315 64358
33.132 64390
33.1325 64422
33.133 64454
33.1337 64486
33.1393 64518
33.1429 64550
33.1441 64582
33.1448 64614
33.1453 64646
33.1458 64678
33.1462 64710
33.1467 64742
33.1472 64774
33.1484 64806
33.1491 64838
33.1496 64870
33.1501 64902
33.1506 64934
33.1511 64966
33.1515 64998
33.152 65030
33.1525 65062
33.153 65094
33.1535 65126
33.1539 65158
33.1547 65190
33.1603 65222
33.1639 65254
33.1651 65286
33.1658 65318
33.1663 65350
33.1667 65382
33.1672 65414
33.1677 65446
33.1682 65478
33.1694 65510
33.1701 65542
33.1706 65573
33.1711 65604
33.1716 65635
33.172 65666
33.1725 65697
33.173 65728
33.1735 65759
33.174 65790
33.1744 65821
33.1749 65852
33.1756 65883
33.1808 65914
33.1844 65945
33.1856 65976
33.1863 66007
33.1868 66038
33.1872 66069
33.1877 66100
33.1882 66131
33.1887 66162
33.1899 66193
33.1906 66224
33.1911 66255
33.1916 66286
33.1921 66317
33.1925 66348
33.193 66379
33.1935 66410
33.194 66441
33.1945 66472
33.1949 66503
33.1954 66534
33.1961 66565
33.2013 66596
33.2049 66627
33.2061 66658
33.2068 66689
33.2073 66720
33.2077 66751
33.2082 66782
33.2087 66813
33.2092 66844
33.2104 66875
33.2111 66906
33.2116 66937
33.2121 66968
33.2125 66999
33.213 67030
33.2135 67061
33.214 67092
33.2145 67123
33.215 67154
33.2154 67185
33.2159 67216
33.2166 67247
33.2218 67278
33.2254 67309
33.2261 67340
33.2273 67371
33.228 67402
33.2285 67433
33.229 67464
33.2294 67495
33.2299 67526
33.2304 67557
33.2316 67588
33.2323 67619
33.2328 67650
33.2333 67680
33.2338 67710
33.2342 67740
33.2347 67770
33.2352 67800
33.2357 67830
33.2362 67860
33.2367 67890
33.2371 67920
33.2379 67950
33.2431 67980
33.2467 68010
33.2475 68040
33.2487 68070
33.2494 68100
33.2499 68130
33.2503 68160
33.2508 68190
33.2513 68220
33.2518 68250
33.253 68280
33.2537 68310
33.2542 68340
33.2547 68370
33.2552 68400
33.2556 68430
33.2561 68460
33.2566 68490
33.2571 68520
33.2576 68550
33.258 68580
33.2585 68610
33.2592 68640
33.2645 68670
33.2681 68700
33.2689 68730
33.2701 68760
33.2705 68790
33.271 68820
33.2715 68850
33.272 68880
33.2725 68910
33.2729 68940
33.2741 68970
33.2749 69000
33.2753 69030
33.2758 69060
33.2763 69090
33.2768 69120
33.2773 69150
33.2777 69180
33.2782 69210
33.2787 69240
33.2792 69270
33.2797 69300
33.2804 69330
33.2857 69360
33.2895 69390
33.2902 69420
33.2914 69450
33.2919 69480
33.2924 69510
33.2929 69540
33.2934 69570
33.2938 69600
33.2943 69630
33.2955 69660
33.2963 69690
33.2967 69720
33.2972 69750
33.2977 69780
33.2982 69810
33.2987 69840
33.2991 69870
33.2996 69900
33.3001 69929
33.3006 69958
33.3011 69987
33.3018 70016
33.3071 70045
33.3109 70074
33.3116 70103
33.3128 70132
33.3128 34304
33.3136 34365
33.3136 34304
33.314 34365
33.314 34304
33.3145 34365
33.3145 34304
33.315 34365
33.315 34304
33.3155 34365
33.3155 34304
33.316 34365
33.316 34304
33.3164 34365
33.3164 34304
33.3176 34365
33.3176 34304
33.3184 34365
33.3184 34304
33.3188 34365
33.3188 34304
33.3193 34365
33.3193 34304
33.3198 34365
33.3198 34304
33.3203 34365
33.3203 34304
33.3208 34365
33.3208 34304
33.3212 34365
33.3212 34304
33.3217 34365
33.3217 34304
33.3222 34365
33.3222 34304
33.3227 34365
33.3227 34304
33.3232 34365
33.3232 34304
33.3239 34365
33.3239 34304
33.3292 34365
33.3292 34304
33.333 34365
33.333 34304
33.334 34365
33.334 34304
33.3408 34365
33.3413 34426
33.3417 34486
33.3422 34546
33.3427 34606
33.3432 34666
33.3437 34726
33.3444 34786
33.3497 34846
33.3535 34906
33.3545 34966
33.3613 35025
33.3618 35084
33.3622 35143
33.3627 35202
33.3632 35261
33.3637 35320
33.3642 35379
33.3649 35438
33.3658 35497
33.3709 35556
33.3747 35614
33.3759 35672
33.382 35730
33.3825 35788
33.383 35846
33.3835 35904
33.3839 35962
33.3844 36020
33.3849 36078
33.3859 36136
33.3868 36194
33.3919 36251
33.3957 36308
33.3969 36365
33.4028 36422
33.4032 36479
33.4037 36536
33.4042 36593
33.4047 36650
33.4052 36707
33.4056 36764
33.4068 36821
33.4078 36877
33.4128 36933
33.4165 36989
33.4179 37045
33.4233 37101
33.4237 37157
33.4242 37213
33.4247 37269
33.4252 37325
33.4257 37381
33.4261 37437
33.4273 37493
33.4283 37548
33.4333 37603
33.437 37658
33.4384 37713
33.4438 37768
33.4442 37823
33.4447 37878
33.4452 37933
33.4457 37988
33.4462 38043
33.4466 38098
33.4478 38153
33.4488 38207
33.4538 38261
33.4574 38315
33.4584 38369
33.4596 38423
33.4645 38477
33.465 38531
33.4655 38585
33.4659 38639
33.4664 38693
33.4669 38747
33.4674 38801
33.4688 38855
33.4698 38908
33.4748 38961
33.4784 39014
33.4794 39067
33.4806 39120
33.4852 39173
33.4857 39226
33.4862 39279
33.4867 39332
33.4872 39385
33.4876 39438
33.4881 39491
33.4898 39544
33.4908 39597
33.4958 39649
33.4994 39701
33.5004 39753
33.5016 39805
33.5057 39857
33.5062 39909
33.5067 39961
33.5072 40013
33.5076 40065
33.5081 40117
33.5086 40169
33.5103 40221
33.5113 40273
33.5163 40325
33.5199 40376
33.5209 40427
33.5221 40478
33.5262 40529
33.5267 40580
33.5272 40631
33.5277 40682
33.5281 40733
33.5286 40784
33.5291 40835
33.5308 40886
33.5318 40937
33.5368 40988
33.5404 41039
33.5414 41090
33.5426 41141
33.5467 41191
33.5472 41241
33.5477 41291
33.5482 41341
33.5486 41391
33.5491 41441
33.5496 41491
33.5501 41541
33.5518 41591
33.553 41641
33.558 41691
33.5616 41741
33.5626 41791
33.5638 41841
33.5675 41891
33.5679 41941
33.5684 41990
33.5689 42039
33.5694 42088
33.5699 42137
33.5703 42186
33.5708 42235
33.5727 42284
33.5739 42333
33.579 42382
33.5826 42431
33.5836 42480
33.5848 42529
33.5882 42578
33.5887 42627
33.5892 42676
33.5896 42725
33.5901 42774
33.5906 42823
33.5911 42871
33.5916 42919
33.5932 42967
33.5944 43015
33.5997 43063
33.6033 43111
33.6043 43159
33.6055 43207
33.6087 43255
33.6092 43303
33.6097 43351
33.6101 43399
33.6106 43447
33.6111 43495
33.6116 43543
33.6121 43591
33.6137 43639
33.6149 43687
33.6202 43734
33.6238 43781
33.6248 43828
33.626 43875
33.6292 43922
33.6297 43969
33.6302 44016
33.6306 44063
33.6311 44110
33.6316 44157
33.6321 44204
33.6326 44251
33.633 44298
33.6347 44345
33.6359 44392
33.6412 44439
33.6451 44486
33.646 44533
33.6472 44580
33.6499 44627
33.6504 44673
33.6509 44719
33.6514 44765
33.6519 44811
33.6523 44857
33.6528 44903
33.6533 44949
33.6538 44995
33.6557 45041
33.6569 45087
33.6622 45133
33.666 45179
33.667 45225
33.6682 45271
33.6707 45317
33.6712 45363
33.6716 45409
33.6721 45455
33.6726 45501
33.6731 45547
33.6736 45593
33.674 45638
33.6745 45683
33.6762 45728
33.6774 45773
33.6829 45818
33.6868 45863
33.6877 45908
33.6889 45953
33.6916 45998
33.6921 46043
33.6925 46088
33.693 46133
33.6935 46178
33.694 46223
33.6945 46268
33.6949 46313
33.6954 46358
33.6967 46403
33.6979 46448
33.7034 46493
33.7073 46538
33.7082 46583
33.7094 46628
33.7121 46672
33.7126 46716
33.713 46760
33.7135 46804
33.714 46848
33.7145 46892
33.715 46936
33.7154 46980
33.7159 47024
33.7164 47068
33.7177 47112
33.7189 47156
33.7244 47200
33.7285 47244
33.7294 47288
33.7302 47332
33.7328 47376
33.7333 47420
33.7338 47464
33.7343 47508
33.7347 47552
33.7352 47596
33.7357 47640
33.7362 47684
33.7367 47727
33.7371 47770
33.7384 47813
33.7396 47856
33.7454 47899
33.7495 47942
33.7504 47985
33.7511 48028
33.7536 48071
33.754 48114
33.7545 48157
33.755 48200
33.7555 48243
33.756 48286
33.7564 48329
33.7569 48372
33.7574 48415
33.7579 48458
33.7592 48501
33.7601 48544
33.7659 48587
33.77 48630
33.7709 48673
33.7716 48716
33.7741 48759
33.7745 48802
33.775 48844
33.7755 48886
33.776 48928
33.7765 48970
33.7769 49012
33.7774 49054
33.7779 49096
33.7784 49138
33.7796 49180
33.7806 49222
33.7864 49264
33.7905 49306
33.7917 49348
33.7924 49390
33.7945 49432
33.795 49474
33.7955 49516
33.796 49558
33.7965 49600
33.797 49642
33.7974 49684
33.7979 49726
33.7984 49768
33.7989 49810
33.8001 49852
33.8011 49894
33.8069 49936
33.8078 49977
33.8117 50018
33.8129 50059
33.8136 50100
33.8153 50141
33.8158 50182
33.8162 50223
33.8167 50264
33.8172 50305
33.8177 50346
33.8182 50387
33.8187 50428
33.8191 50469
33.8196 50510
33.8209 50551
33.8218 50592
33.8276 50633
33.8288 50674
33.8329 50715
33.8341 50756
33.8348 50797
33.836 50838
33.8365 50879
33.837 50920
33.8375 50961
33.8379 51002
33.8384 51043
33.8389 51084
33.8394 51125
33.8399 51166
33.8404 51206
33.8416 51246
33.8426 51286
33.8484 51326
33.8498 51366
33.8539 51406
33.8548 51446
33.8556 51486
33.8565 51526
33.857 51566
33.8575 51606
33.858 51646
33.8584 51686
33.8589 51726
33.8594 51766
33.8599 51806
33.8604 51846
33.8608 51886
33.8621 51926
33.8631 51966
33.8688 52006
33.8703 52046
33.8746 52086
33.8756 52126
33.8763 52166
33.877 52206
33.8775 52246
33.878 52286
33.8785 52326
33.8789 52366
33.8794 52406
33.8799 52446
33.8804 52485
33.8809 52524
33.8813 52563
33.8826 52602
33.8836 52641
33.8893 52680
33.8908 52719
33.8951 52758
33.8961 52797
33.897 52836
33.8975 52875
33.898 52914
33.8985 52953
33.899 52992
33.8994 53031
33.8999 53070
33.9004 53109
33.9009 53148
33.9014 53187
33.9018 53226
33.9023 53265
33.9034 53304
33.9043 53343
33.9101 53382
33.9115 53421
33.9161 53460
33.9173 53499
33.9183 53538
33.9187 53577
33.9192 53616
33.9197 53655
33.9202 53694
33.9207 53733
33.9211 53772
33.9216 53810
33.9221 53848
33.9226 53886
33.9231 53924
33.9235 53962
33.9241 54000
33.9251 54038
33.9308 54076
33.9323 54114
33.9371 54152
33.9383 54190
33.939 54228
33.9395 54266
33.94 54304
33.9404 54342
33.9409 54380
33.9414 54418
33.9419 54456
33.9424 54494
33.9428 54532
33.9433 54570
33.9438 54608
33.9443 54646
33.9448 54684
33.9456 54722
33.9513 54760
33.9528 54798
33.9576 54836
33.9588 54874
33.9597 54912
33.9602 54950
33.9607 54988
33.9612 55026
33.9617 55064
33.9621 55102
33.9626 55140
33.9631 55178
33.9636 55215
33.9641 55252
33.9645 55289
33.965 55326
33.9655 55363
33.9661 55400
33.9718 55437
33.9733 55474
33.9781 55511
33.9793 55548
33.9802 55585
33.981 55622
33.9814 55659
33.9819 55696
33.9824 55733
33.9829 55770
33.9834 55807
33.9838 55844
33.9843 55881
33.9848 55918
33.9853 55955
33.9858 55992
33.9862 56029
33.9867 56066
33.9872 56103
33.9926 56140
33.994 56177
33.9988 56214
34.0002 56251
34.0012 56288
34.0019 56325
34.0024 56362
34.0029 56399
34.0034 56436
34.0039 56473
34.0043 56510
34.0048 56547
34.0053 56584
34.0058 56621
34.0063 56658
34.0067 56695
34.0072 56731
34.0077 56767
34.0082 56803
34.0133 56839
34.0147 56875
34.0195 56911
34.0212 56947
34.0222 56983
34.0229 57019
34.0234 57055
34.0239 57091
34.0244 57127
34.0248 57163
34.0253 57199
34.0258 57235
34.0263 57271
34.0268 57307
34.0272 57343
34.0277 57379
34.0282 57415
34.0287 57451
34.0292 57487
34.0338 57523
34.0352 57559
34.04 57595
34.0417 57631
34.0427 57667
34.0434 57703
34.0439 57739
34.0444 57775
34.0448 57811
34.0453 57847
34.0458 57883
34.0463 57919
34.0468 57955
34.0473 57991
34.0477 58027
34.0482 58063
34.0487 58099
34.0492 58135
34.0497 58171
34.0543 58207
34.0557 58243
34.0605 58278
34.0622 58313
34.0632 58348
34.0639 58383
34.0644 58418
34.0649 58453
34.0653 58488
34.0658 58523
34.0663 58558
34.0668 58593
34.0673 58628
34.0678 58663
34.0682 58698
34.0687 58733
34.0692 58768
34.0697 58803
34.0702 58838
34.0706 58873
34.0753 58908
34.0765 58943
34.0813 58978
34.0832 59013
34.0842 59048
34.0849 59083
34.0854 59118
34.0858 59153
34.0863 59188
34.0868 59223
34.0873 59258
34.0878 59293
34.0882 59328
34.0887 59363
34.0892 59398
34.0897 59433
34.0902 59468
34.0907 59503
34.0911 59538
34.0916 59573
34.0962 59608
34.0972 59643
34.102 59678
34.1042 59713
34.1051 59748
34.1059 59783
34.1063 59818
34.1068 59853
34.1073 59888
34.1078 59923
34.1083 59957
34.1087 59991
34.1092 60025
34.1097 60059
34.1102 60093
34.1107 60127
34.1111 60161
34.1116 60195
34.1121 60229
34.1126 60263
34.1169 60297
34.1179 60331
34.1225 60365
34.1247 60399
34.1256 60433
34.1264 60467
34.1268 60501
34.1273 60535
34.1278 60569
34.1283 60603
34.1288 60637
34.1292 60671
34.1297 60705
34.1302 60739
34.1307 60773
34.1312 60807
34.1316 60841
34.1321 60875
34.1326 60909
34.1331 60943
34.1374 60977
34.1386 61011
34.143 61045
34.1452 61079
34.1461 61113
34.1469 61147
34.1473 61181
34.1478 61215
34.1483 61249
34.1488 61283
34.1493 61317
34.1497 61351
34.1502 61385
34.1507 61419
34.1512 61453
34.1517 61487
34.1521 61521
34.1526 61555
34.1531 61589
34.1536 61623
34.1543 61657
34.1586 61691
34.1598 61724
34.1642 61757
34.1662 61790
34.1671 61823
34.1678 61856
34.1683 61889
34.1688 61922
34.1693 61955
34.1698 61988
34.1702 62021
34.1707 62054
34.1712 62087
34.1717 62120
34.1722 62153
34.1726 62186
34.1731 62219
34.1736 62252
34.1741 62285
34.1746 62318
34.1753 62351
34.1796 62384
34.1808 62417
34.1854 62450
34.1871 62483
34.1881 62516
34.1888 62549
34.1893 62582
34.1898 62615
34.1903 62648
34.1907 62681
34.1912 62714
34.1917 62747
34.1922 62780
34.1927 62813
34.1931 62846
34.1936 62879
34.1941 62912
34.1946 62945
34.1951 62978
34.1955 63011
34.196 63044
34.2004 63077
34.2016 63110
34.2061 63143
34.2076 63176
34.2086 63209
34.2093 63242
34.2098 63275
34.2103 63308
34.2108 63341
34.2112 63374
34.2117 63407
34.2122 63440
34.2127 63473
34.2132 63506
34.2136 63539
34.2141 63571
34.2146 63603
34.2151 63635
34.2156 63667
34.216 63699
34.2165 63731
34.2208 63763
34.222 63795
34.2266 63827
34.2281 63859
34.2291 63891
34.2298 63923
34.2303 63955
34.2308 63987
34.2313 64019
34.2317 64051
34.2322 64083
34.2327 64115
34.2332 64147
34.2337 64179
34.2341 64211
34.2346 64243
34.2351 64275
34.2356 64307
34.2361 64339
34.2365 64371
34.237 64403
34.238 64435
34.2421 64467
34.2433 64499
34.2478 64531
34.2493 64563
34.2502 64595
34.251 64627
34.2514 64659
34.2519 64691
34.2524 64723
34.2529 64755
34.2534 64787
34.2538 64819
34.2543 64851
34.2548 64883
34.2553 64915
34.2558 64947
34.2562 64979
34.2567 65011
34.2572 65043
34.2577 65075
34.2582 65107
34.2591 65139
34.2632 65171
34.2644 65203
34.2692 65235
34.2707 65267
34.2716 65299
34.2723 65331
34.2728 65363
34.2733 65395
34.2738 65427
34.2743 65459
34.2748 65491
34.2752 65523
34.2757 65554
34.2762 65585
34.2767 65616
34.2772 65647
34.2776 65678
34.2781 65709
34.2786 65740
34.2791 65771
34.2796 65802
34.2805 65833
34.2846 65864
34.2856 65895
34.2904 65926
34.2918 65957
34.2928 65988
34.2935 66019
34.294 66050
34.2945 66081
34.2949 66112
34.2954 66143
34.2959 66174
34.2964 66205
34.2969 66236
34.2973 66267
34.2978 66298
34.2983 66329
34.2988 66360
34.2993 66391
34.2997 66422
34.3002 66453
34.3007 66484
34.3017 66515
34.3058 66546
34.3067 66577
34.3115 66608
34.3132 66639
34.3132 35328
34.3142 35387
34.3142 35328
34.3149 35387
34.3149 35328
34.3154 35387
34.3154 35328
34.3158 35387
34.3158 35328
34.3163 35387
34.3163 35328
34.3168 35387
34.3168 35328
34.3173 35387
34.3173 35328
34.3178 35387
34.3178 35328
34.3182 35387
34.3182 35328
34.3187 35387
34.3187 35328
34.3192 35387
34.3192 35328
34.3197 35387
34.3197 35328
34.3202 35387
34.3202 35328
34.3207 35387
34.3207 35328
34.3211 35387
34.3211 35328
34.3216 35387
34.3216 35328
34.3221 35387
34.3221 35328
34.3231 35387
34.3231 35328
34.3271 35387
34.3271 35328
34.3281 35387
34.3281 35328
34.3329 35387
34.3329 35328
34.3336 35387
34.3336 35328
34.3399 35387
34.3404 35446
34.3409 35505
34.3414 35564
34.3419 35622
34.3424 35680
34.3428 35738
34.344 35796
34.3481 35854
34.3491 35912
34.3539 35970
34.3548 36028
34.3607 36086
34.3612 36144
34.3616 36202
34.3621 36259
34.3626 36316
34.3631 36373
34.3636 36430
34.365 36487
34.3691 36544
34.3701 36601
34.3749 36658
34.3758 36715
34.3814 36772
34.3819 36829
34.3824 36885
34.3829 36941
34.3833 36997
34.3838 37053
34.3843 37109
34.3855 37165
34.3896 37221
34.3906 37277
34.3954 37333
34.3963 37389
34.4019 37445
34.4024 37500
34.4029 37555
34.4034 37610
34.4038 37665
34.4043 37720
34.4048 37775
34.406 37830
34.4101 37885
34.4111 37940
34.4159 37995
34.4168 38050
34.4224 38105
34.4229 38160
34.4234 38214
34.4239 38268
34.4243 38322
34.4248 38376
34.4253 38430
34.4258 38484
34.4267 38538
34.4311 38592
34.432 38646
34.4368 38700
34.4378 38754
34.4432 38808
34.4436 38862
34.4441 38915
34.4446 38968
34.4451 39021
34.4456 39074
34.446 39127
34.4465 39180
34.4475 39233
34.4521 39286
34.453 39339
34.4578 39392
34.4588 39445
34.4639 39498
34.4644 39551
34.4649 39604
34.4653 39656
34.4658 39708
34.4663 39760
34.4668 39812
34.4675 39864
34.4682 39916
34.4725 39968
34.4735 40020
34.4783 40072
34.4793 40124
34.4844 40176
34.4849 40228
34.4854 40280
34.4858 40332
34.4863 40383
34.4868 40434
34.4873 40485
34.488 40536
34.489 40587
34.493 40638
34.494 40689
34.4988 40740
34.4998 40791
34.5049 40842
34.5054 40893
34.5059 40944
34.5063 40995
34.5068 41046
34.5073 41097
34.5078 41148
34.5085 41198
34.5095 41248
34.5102 41298
34.5143 41348
34.5152 41398
34.52 41448
34.521 41498
34.5256 41548
34.5261 41598
34.5266 41648
34.5271 41698
34.5276 41748
34.528 41798
34.5285 41848
34.5295 41898
34.5304 41948
34.5312 41997
34.5355 42046
34.5364 42095
34.5413 42144
34.5422 42193
34.5464 42242
34.5468 42291
34.5473 42340
34.5478 42389
34.5483 42438
34.5488 42487
34.5493 42536
34.5505 42585
34.5514 42634
34.5521 42683
34.5562 42732
34.5572 42781
34.562 42830
34.563 42878
34.5669 42926
34.5673 42974
34.5678 43022
34.5683 43070
34.5688 43118
34.5693 43166
34.5698 43214
34.571 43262
34.5719 43310
34.5726 43358
34.5767 43406
34.5779 43454
34.5827 43502
34.5837 43550
34.5874 43598
34.5878 43646
34.5883 43694
34.5888 43741
34.5893 43788
34.5898 43835
34.5902 43882
34.5915 43929
34.5924 43976
34.5931 44023
34.5972 44070
34.5984 44117
34.5994 44164
34.6039 44211
34.6049 44258
34.6081 44305
34.6086 44352
34.6091 44399
34.6095 44446
34.61 44493
34.6105 44540
34.611 44587
34.6124 44634
34.6134 44680
34.6141 44726
34.6182 44772
34.6196 44818
34.6206 44864
34.6252 44910
34.6261 44956
34.6288 45002
34.6293 45048
34.6298 45094
34.6303 45140
34.6308 45186
34.6312 45232
34.6317 45278
34.6334 45324
34.6344 45370
34.6351 45416
34.6392 45462
34.6406 45508
34.6416 45554
34.6461 45600
34.6469 45645
34.6495 45690
34.65 45735
34.6505 45780
34.651 45825
34.6514 45870
34.6519 45915
34.6524 45960
34.6539 46005
34.6549 46050
34.6556 46095
34.6597 46140
34.6614 46185
34.6623 46230
34.6669 46275
34.6676 46320
34.6702 46365
34.6707 46410
34.6712 46455
34.6717 46500
34.6722 46545
34.6727 46590
34.6731 46635
34.6744 46679
34.6754 46723
34.6761 46767
34.6802 46811
34.6819 46855
34.6828 46899
34.6874 46943
34.6881 46987
34.6907 47031
34.6915 47075
34.6919 47119
34.6924 47163
34.6929 47207
34.6934 47251
34.6939 47295
34.6944 47339
34.6954 47383
34.6963 47427
34.6971 47471
34.7011 47515
34.7028 47559
34.7038 47603
34.7084 47647
34.7093 47691
34.712 47734
34.7127 47777
34.7132 47820
34.7136 47863
34.7141 47906
34.7146 47949
34.7151 47992
34.7156 48035
34.7164 48078
34.7173 48121
34.718 48164
34.7221 48207
34.7238 48250
34.7248 48293
34.7293 48336
34.7301 48379
34.7327 48422
34.7334 48465
34.7339 48508
34.7344 48551
34.7349 48594
34.7353 48637
34.7358 48680
34.7363 48723
34.737 48766
34.7378 48808
34.7385 48850
34.7426 48892
34.7443 48934
34.7453 48976
34.7498 49018
34.7506 49060
34.7532 49102
34.7539 49144
34.7544 49186
34.7549 49228
34.7554 49270
34.7558 49312
34.7563 49354
34.7568 49396
34.7575 49438
34.7583 49480
34.7593 49522
34.7631 49564
34.7648 49606
34.7658 49648
34.7703 49690
34.7715 49732
34.7737 49774
34.7744 49816
34.7749 49858
34.7754 49900
34.7759 49942
34.7763 49983
34.7768 50024
34.7773 50065
34.7778 50106
34.7785 50147
34.7792 50188
34.7803 50229
34.7841 50270
34.7858 50311
34.7867 50352
34.7913 50393
34.7923 50434
34.7944 50475
34.7952 50516
34.7956 50557
34.7961 50598
34.7966 50639
34.7971 50680
34.7976 50721
34.798 50762
34.7985 50803
34.7995 50844
34.8 50885
34.8012 50926
34.8051 50967
34.8068 51008
34.8077 51049
34.8123 51090
34.813 51131
34.8152 51172
34.8159 51212
34.8164 51252
34.8169 51292
34.8173 51332
34.8178 51372
34.8183 51412
34.8188 51452
34.8195 51492
34.8205 51532
34.8209 51572
34.8221 51612
34.826 51652
34.8277 51692
34.8286 51732
34.8332 51772
34.8339 51812
34.8357 51852
34.8364 51892
34.8369 51932
34.8374 51972
34.8378 52012
34.8383 52052
34.8388 52092
34.8393 52132
34.84 52172
34.841 52212
34.8417 52252
34.8426 52292
34.8465 52332
34.8482 52372
34.8491 52412
34.8537 52452
34.8547 52491
34.8562 52530
34.8569 52569
34.8574 52608
34.8579 52647
34.8583 52686
34.8588 52725
34.8593 52764
34.8598 52803
34.8603 52842
34.861 52881
34.8619 52920
34.8627 52959
34.8636 52998
34.8677 53037
34.8694 53076
34.8703 53115
34.8749 53154
34.8759 53193
34.8769 53232
34.8776 53271
34.8781 53310
34.8786 53349
34.8791 53388
34.8796 53427
34.88 53466
34.8805 53505
34.881 53544
34.882 53583
34.8829 53622
34.8836 53661
34.8846 53700
34.8887 53739
34.8904 53778
34.8913 53816
34.8959 53854
34.8966 53892
34.8976 53930
34.8984 53968
34.8988 54006
34.8993 54044
34.8998 54082
34.9003 54120
34.9008 54158
34.9013 54196
34.9017 54234
34.9029 54272
34.9037 54310
34.9044 54348
34.9053 54386
34.9097 54424
34.9113 54462
34.9123 54500
34.9169 54538
34.9176 54576
34.9181 54614
34.9189 54652
34.9193 54690
34.9198 54728
34.9203 54766
34.9208 54804
34.9213 54842
34.9217 54880
34.9222 54918
34.9234 54956
34.9242 54994
34.9249 55032
34.9258 55070
34.9302 55108
34.9318 55146
34.9328 55184
34.9374 55221
34.9383 55258
34.9388 55295
34.9394 55332
34.9398 55369
34.9403 55406
34.9408 55443
34.9413 55480
34.9418 55517
34.9422 55554
34.9427 55591
34.9439 55628
34.9447 55665
34.9456 55702
34.9461 55739
34.9471 55776
34.9514 55813
34.9533 55850
34.9543 55887
34.9588 55924
34.9598 55961
34.9603 55998
34.9608 56035
34.9612 56072
34.9617 56109
34.9622 56146
34.9627 56183
34.9632 56220
34.9636 56257
34.9641 56294
34.9651 56331
34.9656 56368
34.9666 56405
34.9671 56442
34.968 56479
34.9724 56516
34.9743 56553
34.9752 56590
34.9798 56627
34.9805 56664
34.981 56701
34.9815 56737
34.982 56773
34.9825 56809
34.9829 56845
34.9834 56881
34.9839 56917
34.9844 56953
34.9851 56989
34.9858 57025
34.9863 57061
34.9873 57097
34.988 57133
34.989 57169
34.9933 57205
34.9953 57241
34.9962 57277
35.0008 57313
35.0015 57349
35.002 57385
35.0025 57421
35.0029 57457
35.0034 57493
35.0039 57529
35.0044 57565
35.0049 57601
35.0054 57637
35.0061 57673
35.0068 57709
35.0073 57745
35.0082 57781
35.009 57817
35.0099 57853
35.0142 57889
35.0162 57925
35.0171 57961
35.0217 57997
35.0227 58033
35.0231 58069
35.0236 58105
35.0241 58141
35.0246 58177
35.0251 58213
35.0255 58249
35.026 58284
35.0265 58319
35.027 58354
35.0279 58389
35.0284 58424
35.0291 58459
35.0299 58494
35.0308 58529
35.0352 58564
35.0371 58599
35.038 58634
35.039 58669
35.0436 58704
35.0445 58739
35.045 58774
35.0455 58809
35.046 58844
35.0464 58879
35.0469 58914
35.0474 58949
35.0479 58984
35.0484 59019
35.0489 59054
35.0498 59089
35.0503 59124
35.051 59159
35.0517 59194
35.0527 59229
35.057 59264
35.0589 59299
35.0599 59334
35.0609 59369
35.0654 59404
35.0662 59439
35.0666 59474
35.0671 59509
35.0676 59544
35.0681 59579
35.0686 59614
35.069 59649
35.0695 59684
35.07 59719
35.0707 59754
35.0714 59789
35.0719 59824
35.0729 59859
35.0736 59894
35.0746 59929
35.0789 59963
35.0808 59997
35.082 60031
35.083 60065
35.0873 60099
35.088 60133
35.0885 60167
35.089 60201
35.0895 60235
35.0899 60269
35.0904 60303
35.0909 60337
35.0914 60371
35.0919 60405
35.0926 60439
35.0933 60473
35.0938 60507
35.0948 60541
35.0955 60575
35.0964 60609
35.1008 60643
35.1027 60677
35.1039 60711
35.1048 60745
35.1092 60779
35.1101 60813
35.1106 60847
35.1111 60881
35.1116 60915
35.1121 60949
35.1125 60983
35.113 61017
35.1135 61051
35.114 61085
35.1145 61119
35.1154 61153
35.1159 61187
35.1166 61221
35.1173 61255
35.1183 61289
35.1226 61323
35.1246 61357
35.1258 61391
35.1267 61425
35.131 61459
35.1322 61493
35.133 61527
35.1334 61561
35.1339 61595
35.1344 61629
35.1349 61663
35.1354 61697
35.1358 61730
35.1363 61763
35.1368 61796
35.1373 61829
35.1382 61862
35.1387 61895
35.1395 61928
35.1402 61961
35.1411 61994
35.1455 62027
35.1474 62060
35.1486 62093
35.1495 62126
35.1539 62159
35.1551 62192
35.1556 62225
35.156 62258
35.1565 62291
35.157 62324
35.1575 62357
35.158 62390
35.1584 62423
35.1589 62456
35.1594 62489
35.1601 62522
35.1608 62555
35.1613 62588
35.1623 62621
35.163 62654
35.164 62687
35.1683 62720
35.1702 62753
35.1714 62786
35.1724 62819
35.1769 62852
35.1779 62885
35.1784 62918
35.1789 62951
35.1793 62984
35.1798 63017
35.1803 63050
35.1808 63083
35.1813 63116
35.1817 63149
35.1822 63182
35.1832 63215
35.1837 63248
35.1842 63281
35.1851 63314
35.1858 63347
35.1868 63380
35.1911 63413
35.193 63446
35.1942 63479
35.1952 63512
35.1998 63545
35.201 63577
35.2015 63609
35.2019 63641
35.2024 63673
35.2029 63705
35.2034 63737
35.2039 63769
35.2043 63801
35.2048 63833
35.2053 63865
35.206 63897
35.2067 63929
35.2072 63961
35.2079 63993
35.2087 64025
35.2096 64057
35.214 64089
35.2159 64121
35.2171 64153
35.218 64185
35.2226 64217
35.224 64249
35.2248 64281
35.2252 64313
35.2257 64345
35.2262 64377
35.2267 64409
35.2272 64441
35.2276 64473
35.2281 64505
35.2286 64537
35.2291 64569
35.2298 64601
35.2305 64633
35.231 64665
35.2317 64697
35.2325 64729
35.2334 64761
35.2377 64793
35.2397 64825
35.2409 64857
35.2418 64889
35.2464 64921
35.2478 64953
35.2483 64985
35.2488 65017
35.2493 65049
35.2498 65081
35.2502 65113
35.2507 65145
35.2512 65177
35.2517 65209
35.2522 65241
35.2526 65273
35.2536 65305
35.2541 65337
35.2546 65369
35.2555 65401
35.2562 65433
35.2572 65465
35.2615 65497
35.2635 65529
35.2647 65560
35.2656 65591
35.2704 65622
35.2716 65653
35.2721 65684
35.2726 65715
35.2731 65746
35.2736 65777
35.274 65808
35.2745 65839
35.275 65870
35.2755 65901
35.276 65932
35.2767 65963
35.2774 65994
35.2779 66025
35.2784 66056
35.2793 66087
35.28 66118
35.281 66149
35.2853 66180
35.2872 66211
35.2884 66242
35.2894 66273
35.2942 66304
35.2957 66335
35.2961 66366
35.2966 66397
35.2971 66428
35.2976 66459
35.2981 66490
35.2985 66521
35.299 66552
35.2995 66583
35.3 66614
35.3005 66645
35.3014 66676
35.3019 66707
35.3024 66738
35.3031 66769
35.3038 66800
35.3048 66831
35.3091 66862
35.311 66893
35.3122 66924
35.3132 66955
35.3132 39936
35.318 39988
35.318 39936
35.3195 39988
35.3195 39936
35.3204 39988
35.3204 39936
35.3209 39988
35.3209 39936
35.3214 39988
35.3214 39936
35.3219 39988
35.3219 39936
35.3223 39988
35.3223 39936
35.3228 39988
35.3228 39936
35.3233 39988
35.3233 39936
35.3238 39988
35.3238 39936
35.3243 39988
35.3243 39936
35.3247 39988
35.3247 39936
35.3252 39988
35.3252 39936
35.3262 39988
35.3262 39936
35.3267 39988
35.3267 39936
35.3271 39988
35.3271 39936
35.3279 39988
35.3279 39936
35.3286 39988
35.3286 39936
35.3295 39988
35.3295 39936
35.3339 39988
35.3339 39936
35.3358 39988
35.3358 39936
35.337 39988
35.337 39936
35.3443 39988
35.3448 40040
35.3452 40092
35.3457 40144
35.3467 40196
35.3472 40248
35.3476 40300
35.3484 40352
35.3491 40403
35.35 40454
35.3544 40505
35.3563 40556
35.3575 40607
35.3648 40658
35.3653 40709
35.3657 40760
35.3662 40811
35.3672 40862
35.3677 40913
35.3681 40964
35.3689 41015
35.3698 41066
35.3708 41117
35.3751 41167
35.377 41217
35.378 41267
35.379 41317
35.3855 41367
35.386 41417
35.3865 41467
35.3872 41517
35.3879 41567
35.3884 41617
35.3889 41667
35.3898 41717
35.3908 41767
35.3918 41817
35.3961 41867
35.398 41917
35.399 41967
35.3999 42016
35.4062 42065
35.4067 42114
35.4072 42163
35.4082 42212
35.4089 42261
35.4094 42310
35.4099 42359
35.4108 42408
35.4118 42457
35.4127 42506
35.4173 42555
35.4192 42604
35.4202 42653
35.4211 42702
35.4274 42751
35.4279 42800
35.4284 42848
35.4288 42896
35.4298 42944
35.4303 42992
35.4308 43040
35.4315 43088
35.4324 43136
35.4334 43184
35.438 43232
35.4399 43280
35.4409 43328
35.4418 43376
35.4481 43424
35.4485 43472
35.449 43520
35.4495 43568
35.4505 43616
35.4509 43664
35.4514 43712
35.4522 43759
35.4531 43806
35.4541 43853
35.4586 43900
35.4608 43947
35.4618 43994
35.4627 44041
35.469 44088
35.4695 44135
35.4699 44182
35.4704 44229
35.4714 44276
35.4719 44323
35.4723 44370
35.4728 44417
35.4738 44464
35.4747 44511
35.4757 44558
35.4803 44605
35.4824 44652
35.4834 44698
35.4844 44744
35.4906 44790
35.4911 44836
35.4916 44882
35.492 44928
35.493 44974
35.4935 45020
35.494 45066
35.4944 45112
35.4954 45158
35.4964 45204
35.4973 45250
35.5021 45296
35.5043 45342
35.5053 45388
35.5062 45434
35.5125 45480
35.513 45526
35.5134 45572
35.5139 45618
35.5146 45663
35.5154 45708
35.5158 45753
35.5163 45798
35.517 45843
35.518 45888
35.519 45933
35.5238 45978
35.5259 46023
35.5269 46068
35.5279 46113
35.5341 46158
35.5346 46203
35.5351 46248
35.5355 46293
35.5363 46338
35.537 46383
35.5375 46428
35.5379 46473
35.5387 46518
35.5396 46563
35.5406 46608
35.5454 46652
35.5476 46696
35.5488 46740
35.5497 46784
35.556 46828
35.5564 46872
35.5569 46916
35.5574 46960
35.5581 47004
35.5589 47048
35.5593 47092
35.5598 47136
35.5603 47180
35.5613 47224
35.5622 47268
35.5632 47312
35.568 47356
35.5701 47400
35.5713 47444
35.5723 47488
35.5786 47532
35.579 47576
35.5795 47620
35.58 47664
35.5807 47707
35.5814 47750
35.5819 47793
35.5824 47836
35.5829 47879
35.5838 47922
35.5848 47965
35.5858 48008
35.5906 48051
35.593 48094
35.5942 48137
35.5951 48180
35.6014 48223
35.6019 48266
35.6024 48309
35.6028 48352
35.6036 48395
35.6043 48438
35.6048 48481
35.6052 48524
35.6057 48567
35.6064 48610
35.6074 48653
35.6084 48696
35.6132 48739
35.6156 48782
35.6168 48824
35.6177 48866
35.624 48908
35.6245 48950
35.6249 48992
35.6254 49034
35.6261 49076
35.6269 49118
35.6273 49160
35.6278 49202
35.6283 49244
35.629 49286
35.63 49328
35.6309 49370
35.6358 49412
35.6382 49454
35.6394 49496
35.6403 49538
35.6468 49580
35.6473 49622
35.6478 49664
35.6483 49706
35.649 49748
35.6497 49790
35.6502 49832
35.6507 49874
35.6511 49916
35.6519 49958
35.6526 49999
35.6535 50040
35.6545 50081
35.6593 50122
35.6617 50163
35.6629 50204
35.6639 50245
35.6704 50286
35.6708 50327
35.6713 50368
35.6718 50409
35.6725 50450
35.6732 50491
35.6737 50532
35.6742 50573
35.6747 50614
35.6754 50655
35.6761 50696
35.6771 50737
35.6781 50778
35.6829 50819
35.6853 50860
35.6865 50901
35.6874 50942
35.6942 50983
35.6946 51024
35.6951 51065
35.6956 51106
35.6963 51147
35.697 51187
35.6975 51227
35.698 51267
35.6985 51307
35.6992 51347
35.6999 51387
35.7006 51427
35.7016 51467
35.7064 51507
35.7088 51547
35.71 51587
35.711 51627
35.7177 51667
35.7182 51707
35.7187 51747
35.7191 51787
35.7199 51827
35.7206 51867
35.7211 51907
35.7215 51947
35.722 51987
35.7228 52027
35.7235 52067
35.7242 52107
35.7252 52147
35.73 52187
35.7324 52227
35.7331 52267
35.7336 52307
35.7382 52347
35.7387 52387
35.7392 52427
35.7396 52466
35.7404 52505
35.7411 52544
35.7416 52583
35.742 52622
35.7425 52661
35.7432 52700
35.744 52739
35.7447 52778
35.7457 52817
35.7464 52856
35.7512 52895
35.7536 52934
35.7541 52973
35.7545 53012
35.7592 53051
35.7597 53090
35.7601 53129
35.7606 53168
35.7613 53207
35.7621 53246
35.7625 53285
35.763 53324
35.7635 53363
35.7642 53402
35.7649 53441
35.7657 53480
35.7666 53519
35.7676 53558
35.7724 53597
35.7748 53636
35.7753 53675
35.7758 53714
35.7802 53753
35.7806 53792
35.7811 53830
35.7816 53868
35.7823 53906
35.783 53944
35.7835 53982
35.784 54020
35.7845 54058
35.7852 54096
35.7859 54134
35.7866 54172
35.7876 54210
35.7886 54248
35.7934 54286
35.7955 54324
35.796 54362
35.7965 54400
35.8007 54438
35.8011 54476
35.8016 54514
35.8021 54552
35.8028 54590
35.8035 54628
35.804 54666
35.8045 54704
35.805 54742
35.8057 54780
35.8064 54818
35.8071 54856
35.8081 54894
35.8091 54932
35.8141 54970
35.8163 55008
35.8168 55046
35.8172 55084
35.8212 55122
35.8216 55160
35.8221 55198
35.8226 55235
35.8233 55272
35.824 55309
35.8245 55346
35.825 55383
35.8255 55420
35.8262 55457
35.8269 55494
35.8276 55531
35.8286 55568
35.8296 55605
35.8346 55642
35.8368 55679
35.8375 55716
35.838 55753
35.8385 55790
35.8423 55827
35.8428 55864
35.8433 55901
35.8437 55938
35.8445 55975
35.8452 56012
35.8457 56049
35.8461 56086
35.8466 56123
35.8473 56160
35.8481 56197
35.8488 56234
35.8498 56271
35.8507 56308
35.8558 56345
35.8582 56382
35.8589 56419
35.8594 56456
35.8598 56493
35.8637 56530
35.8642 56567
35.8647 56604
35.8651 56641
35.8659 56678
35.8666 56714
35.8671 56750
35.8675 56786
35.868 56822
35.8687 56858
35.8695 56894
35.8702 56930
35.8711 56966
35.8721 57002
35.8771 57038
35.8796 57074
35.88 57110
35.8805 57146
35.8812 57182
35.8848 57218
35.8853 57254
35.8858 57290
35.8863 57326
35.887 57362
35.8877 57398
35.8882 57434
35.8887 57470
35.8892 57506
35.8899 57542
35.8906 57578
35.8913 57614
35.8923 57650
35.8933 57686
35.8985 57722
35.9009 57758
35.9014 57794
35.9019 57830
35.9026 57866
35.9062 57902
35.9067 57938
35.9072 57974
35.9077 58010
35.9084 58046
35.9091 58082
35.9096 58118
35.9101 58154
35.9106 58190
35.9113 58226
35.912 58262
35.9127 58297
35.9137 58332
35.9146 58367
35.9199 58402
35.9223 58437
35.9231 58472
35.9235 58507
35.924 58542
35.9276 58577
35.9283 58612
35.9288 58647
35.9293 58682
35.9298 58717
35.9305 58752
35.9312 58787
35.9317 58822
35.9322 58857
35.9327 58892
35.9334 58927
35.9341 58962
35.9348 58997
35.9358 59032
35.9367 59067
35.942 59102
35.9447 59137
35.9454 59172
35.9459 59207
35.9464 59242
35.95 59277
35.9507 59312
35.9512 59347
35.9516 59382
35.9521 59417
35.9529 59452
35.9536 59487
35.9541 59522
35.9545 59557
35.955 59592
35.9557 59627
35.9565 59662
35.9572 59697
35.9581 59732
35.9591 59767
35.9644 59802
35.967 59837
35.9675 59872
35.968 59907
35.9687 59941
35.9723 59975
35.9728 60009
35.9733 60043
35.9738 60077
35.9742 60111
35.9752 60145
35.9757 60179
35.9762 60213
35.9766 60247
35.9771 60281
35.9778 60315
35.9786 60349
35.9793 60383
35.9802 60417
35.9812 60451
35.9865 60485
35.9894 60519
35.9899 60553
35.9903 60587
35.9911 60621
35.9947 60655
35.9951 60689
35.9956 60723
35.9961 60757
35.9966 60791
35.9975 60825
35.998 60859
35.9985 60893
35.999 60927
35.9995 60961
36.0002 60995
36.0009 61029
36.0016 61063
36.0026 61097
36.0036 61131
36.0088 61165
36.0117 61199
36.0124 61233
36.0129 61267
36.0134 61301
36.017 61335
36.0177 61369
36.0182 61403
36.0187 61437
36.0192 61471
36.0199 61505
36.0206 61539
36.0211 61573
36.0216 61607
36.0221 61641
36.0225 61675
36.0233 61708
36.024 61741
36.0247 61774
36.0257 61807
36.0266 61840
36.0319 61873
36.0348 61906
36.0358 61939
36.0362 61972
36.0367 62005
36.0403 62038
36.041 62071
36.0415 62104
36.042 62137
36.0425 62170
36.0432 62203
36.0439 62236
36.0444 62269
36.0449 62302
36.0454 62335
36.0459 62368
36.0466 62401
36.0473 62434
36.048 62467
36.049 62500
36.0499 62533
36.0552 62566
36.0581 62599
36.0588 62632
36.0593 62665
36.06 62698
36.0636 62731
36.0641 62764
36.0646 62797
36.0651 62830
36.0656 62863
36.0665 62896
36.067 62929
36.0675 62962
36.068 62995
36.0684 63028
36.0689 63061
36.0699 63094
36.0704 63127
36.0711 63160
36.072 63193
36.073 63226
36.0783 63259
36.0812 63292
36.0819 63325
36.0824 63358
36.0831 63391
36.0869 63424
36.0874 63457
36.0879 63490
36.0884 63523
36.0889 63556
36.0898 63588
36.0903 63620
36.0908 63652
36.0913 63684
36.0918 63716
36.0922 63748
36.0932 63780
36.0937 63812
36.0944 63844
36.0954 63876
36.0963 63908
36.1016 63940
36.1045 63972
36.1052 64004
36.1057 64036
36.1064 64068
36.1103 64100
36.111 64132
36.1115 64164
36.1119 64196
36.1124 64228
36.1131 64260
36.1139 64292
36.1143 64324
36.1148 64356
36.1153 64388
36.1158 64420
36.1163 64452
36.1172 64484
36.1177 64516
36.1184 64548
36.1194 64580
36.1204 64612
36.1256 64644
36.1285 64676
36.1292 64708
36.1297 64740
36.1304 64772
36.1343 64804
36.1353 64836
36.1357 64868
36.1362 64900
36.1367 64932
36.1374 64964
36.1381 64996
36.1386 65028
36.1391 65060
36.1396 65092
36.1401 65124
36.1405 65156
36.1415 65188
36.142 65220
36.1427 65252
36.1437 65284
36.1446 65316
36.1499 65348
36.1528 65380
36.1535 65412
36.154 65444
36.1547 65476
36.1586 65508
36.1593 65540
36.1598 65571
36.1602 65602
36.1607 65633
36.1617 65664
36.1622 65695
36.1626 65726
36.1631 65757
36.1636 65788
36.1641 65819
36.1648 65850
36.1655 65881
36.166 65912
36.167 65943
36.1677 65974
36.1687 66005
36.1739 66036
36.1768 66067
36.1775 66098
36.178 66129
36.1788 66160
36.1828 66191
36.1836 66222
36.184 66253
36.1845 66284
36.185 66315
36.186 66346
36.1864 66377
36.1869 66408
36.1874 66439
36.1879 66470
36.1884 66501
36.1891 66532
36.1898 66563
36.1903 66594
36.1912 66625
36.192 66656
36.1929 66687
36.1982 66718
36.2011 66749
36.2018 66780
36.2023 66811
36.203 66842
36.2071 66873
36.2081 66904
36.2086 66935
36.209 66966
36.2095 66997
36.2102 67028
36.211 67059
36.2114 67090
36.2119 67121
36.2124 67152
36.2129 67183
36.2134 67214
36.2143 67245
36.2148 67276
36.2155 67307
36.2162 67338
36.217 67369
36.2179 67400
36.2232 67431
36.2261 67462
36.2268 67493
36.2273 67524
36.228 67555
36.2321 67586
36.2331 67617
36.2338 67648
36.2343 67678
36.2347 67708
36.2355 67738
36.2362 67768
36.2367 67798
36.2371 67828
36.2376 67858
36.2381 67888
36.2386 67918
36.2396 67948
36.24 67978
36.2408 68008
36.2415 68038
36.2422 68068
36.2432 68098
36.2484 68128
36.2513 68158
36.252 68188
36.2525 68218
36.2533 68248
36.2573 68278
36.2583 68308
36.2588 68338
36.2593 68368
36.2597 68398
36.2607 68428
36.2612 68458
36.2617 68488
36.2621 68518
36.2626 68548
36.2631 68578
36.2638 68608
36.2645 68638
36.265 68668
36.266 68698
36.2665 68728
36.2674 68758
36.2682 68788
36.2734 68818
36.2763 68848
36.277 68878
36.2775 68908
36.2782 68938
36.2823 68968
36.2833 68998
36.2838 69028
36.2843 69058
36.2847 69088
36.2857 69118
36.2862 69148
36.2867 69178
36.2871 69208
36.2876 69238
36.2881 69268
36.2888 69298
36.2898 69328
36.2903 69358
36.2912 69388
36.2917 69418
36.2927 69448
36.2934 69478
36.2987 69508
36.3016 69538
36.3023 69568
36.3028 69598
36.3035 69628
36.3076 69658
36.3085 69688
36.309 69718
36.3095 69748
36.31 69778
36.3109 69808
36.3114 69838
36.3119 69868
36.3124 69898
36.3124 34304
36.3128 34365
36.3128 34304
36.3133 34365
36.3133 34304
36.3141 34365
36.3141 34304
36.315 34365
36.315 34304
36.3157 34365
36.3157 34304
36.3165 34365
36.3165 34304
36.3172 34365
36.3172 34304
36.3179 34365
36.3179 34304
36.3186 34365
36.3186 34304
36.3239 34365
36.3239 34304
36.3249 34365
36.3249 34304
36.3275 34365
36.3275 34304
36.3282 34365
36.3282 34304
36.3287 34365
36.3287 34304
36.3294 34365
36.3294 34304
36.3335 34365
36.3335 34304
36.3345 34365
36.3345 34304
36.335 34365
36.335 34304
36.3354 34365
36.3354 34304
36.3359 34365
36.3359 34304
36.3369 34365
36.3369 34304
36.3374 34365
36.3374 34304
36.3378 34365
36.3378 34304
36.3487 34365
36.3492 34426
36.3499 34486
36.354 34546
36.355 34606
36.3557 34666
36.3562 34726
36.3567 34786
36.3574 34846
36.3581 34906
36.3586 34966
36.3692 35025
36.3697 35084
36.3704 35143
36.3745 35202
36.3755 35261
36.3762 35320
36.3767 35379
36.3772 35438
36.3779 35497
36.3786 35556
36.3791 35614
36.3796 35672
36.39 35730
36.3904 35788
36.3914 35846
36.3955 35904
36.3965 35962
36.3969 36020
36.3974 36078
36.3979 36136
36.3989 36194
36.3993 36251
36.3998 36308
36.4005 36365
36.4109 36422
36.4114 36479
36.4124 36536
36.4165 36593
36.4174 36650
36.4179 36707
36.4184 36764
36.4189 36821
36.4198 36877
36.4203 36933
36.4208 36989
36.4213 37045
36.4319 37101
36.4326 37157
36.4331 37213
36.4371 37269
36.4381 37325
36.4388 37381
36.4393 37437
36.4398 37493
36.4405 37548
36.4412 37603
36.4417 37658
36.4422 37713
36.4525 37768
36.4532 37823
36.4537 37878
36.4578 37933
36.4588 37988
36.4595 38043
36.46 38098
36.4604 38153
36.4612 38207
36.4619 38261
36.4624 38315
36.4629 38369
36.4636 38423
36.4739 38477
36.4746 38531
36.4753 38585
36.4794 38639
36.4804 38693
36.4809 38747
36.4814 38801
36.4818 38855
36.4828 38908
36.4833 38961
36.4838 39014
36.4842 39067
36.4852 39120
36.4955 39173
36.4963 39226
36.497 39279
36.5011 39332
36.502 39385
36.5025 39438
36.503 39491
36.5035 39544
36.5044 39597
36.5049 39649
36.5054 39701
36.5059 39753
36.5068 39805
36.5172 39857
36.5181 39909
36.5186 39961
36.5227 40013
36.5237 40065
36.5244 40117
36.5249 40169
36.5253 40221
36.5261 40273
36.5268 40325
36.5273 40376
36.5277 40427
36.5285 40478
36.5388 40529
36.5398 40580
36.5402 40631
36.5443 40682
36.5453 40733
36.546 40784
36.5465 40835
36.547 40886
36.5477 40937
36.5484 40988
36.5489 41039
36.5494 41090
36.5501 41141
36.5604 41191
36.5616 41241
36.5621 41291
36.5631 41341
36.5669 41391
36.5679 41441
36.5684 41491
36.5688 41541
36.5693 41591
36.5703 41641
36.5708 41691
36.5712 41741
36.5717 41791
36.5727 41841
36.583 41891
36.5842 41941
36.5847 41990
36.5857 42039
36.5895 42088
36.5905 42137
36.5909 42186
36.5914 42235
36.5919 42284
36.5929 42333
36.5933 42382
36.5938 42431
36.5943 42480
36.5953 42529
36.6056 42578
36.607 42627
36.6075 42676
36.6085 42725
36.6121 42774
36.6131 42823
36.6138 42871
36.6143 42919
36.6147 42967
36.6155 43015
36.6162 43063
36.6167 43111
36.6171 43159
36.6179 43207
36.6282 43255
36.6296 43303
36.6301 43351
36.6311 43399
36.6347 43447
36.6356 43495
36.6364 43543
36.6368 43591
36.6373 43639
36.638 43687
36.6388 43734
36.6392 43781
36.6397 43828
36.6404 43875
36.6508 43922
36.6522 43969
36.6527 44016
36.6537 44063
36.6575 44110
36.6582 44157
36.6592 44204
36.6597 44251
36.6602 44298
36.6606 44345
36.6616 44392
36.6621 44439
36.6626 44486
36.663 44533
36.664 44580
36.6743 44627
36.6755 44673
36.6763 44719
36.6772 44765
36.6811 44811
36.6818 44857
36.6827 44903
36.6832 44949
36.6837 44995
36.6842 45041
36.6851 45087
36.6856 45133
36.6861 45179
36.6866 45225
36.6876 45271
36.6979 45317
36.6991 45363
36.6998 45409
36.7008 45455
36.7049 45501
36.7056 45547
36.7065 45593
36.707 45638
36.7075 45683
36.708 45728
36.7087 45773
36.7094 45818
36.7099 45863
36.7104 45908
36.7111 45953
36.7214 45998
36.7229 46043
36.7234 46088
36.7243 46133
36.7284 46178
36.7291 46223
36.7301 46268
36.7306 46313
36.731 46358
36.7315 46403
36.7323 46448
36.733 46493
36.7335 46538
36.7339 46583
36.7344 46628
36.7419 46672
36.7434 46716
36.7439 46760
36.7448 46804
36.7489 46848
36.7496 46892
36.7506 46936
36.7511 46980
36.7515 47024
36.752 47068
36.7527 47112
36.7535 47156
36.754 47200
36.7544 47244
36.7549 47288
36.7554 47332
36.7629 47376
36.7644 47420
36.7648 47464
36.7658 47508
36.7699 47552
36.7706 47596
36.7716 47640
36.772 47684
36.7725 47727
36.773 47770
36.7737 47813
36.7744 47856
36.7749 47899
36.7754 47942
36.7759 47985
36.7764 48028
36.7839 48071
36.7853 48114
36.7858 48157
36.7868 48200
36.7911 48243
36.7918 48286
36.7928 48329
36.7933 48372
36.7937 48415
36.7942 48458
36.7949 48501
36.7957 48544
36.7961 48587
36.7966 48630
36.7971 48673
36.7976 48716
36.8044 48759
36.8058 48802
36.8066 48844
36.8073 48886
36.8116 48928
36.8123 48970
36.8133 49012
36.8138 49054
36.8142 49096
36.8147 49138
36.8154 49180
36.8162 49222
36.8166 49264
36.8171 49306
36.8176 49348
36.8181 49390
36.8249 49432
36.8263 49474
36.827 49516
36.8278 49558
36.8321 49600
36.8331 49642
36.834 49684
36.8345 49726
36.835 49768
36.8355 49810
36.8362 49852
36.8369 49894
36.8374 49936
36.8379 49977
36.8383 50018
36.8388 50059
36.8393 50100
36.8459 50141
36.8473 50182
36.8478 50223
36.8487 50264
36.8531 50305
36.854 50346
36.855 50387
36.8555 50428
36.856 50469
36.8564 50510
36.8572 50551
36.8579 50592
36.8584 50633
36.8588 50674
36.8593 50715
36.8598 50756
36.8603 50797
36.8668 50838
36.8683 50879
36.8688 50920
36.8697 50961
36.8743 51002
36.8753 51043
36.8762 51084
36.8767 51125
36.8772 51166
36.8777 51206
36.8784 51246
36.8791 51286
36.8796 51326
36.8801 51366
36.8805 51406
36.881 51446
36.8815 51486
36.8873 51526
36.8888 51566
36.8895 51606
36.8902 51646
36.8948 51686
36.8958 51726
36.8967 51766
36.8972 51806
36.8977 51846
36.8982 51886
36.8989 51926
36.8996 51966
36.9001 52006
36.9006 52046
36.901 52086
36.9015 52126
36.902 52166
36.9078 52206
36.9093 52246
36.91 52286
36.9107 52326
36.9153 52366
36.9165 52406
36.9175 52446
36.9179 52485
36.9184 52524
36.9189 52563
36.9196 52602
36.9203 52641
36.9208 52680
36.9213 52719
36.9218 52758
36.9223 52797
36.9227 52836
36.9232 52875
36.9288 52914
36.9303 52953
36.9307 52992
36.9317 53031
36.9363 53070
36.9375 53109
36.9384 53148
36.9389 53187
36.9394 53226
36.9399 53265
36.9406 53304
36.9413 53343
36.9418 53382
36.9423 53421
36.9428 53460
36.9432 53499
36.9437 53538
36.9442 53577
36.9498 53616
36.9512 53655
36.9517 53694
36.9527 53733
36.9572 53772
36.9587 53810
36.9597 53848
36.9601 53886
36.9606 53924
36.9611 53962
36.9618 54000
36.9625 54038
36.963 54076
36.9635 54114
36.964 54152
36.9645 54190
36.9649 54228
36.9654 54266
36.9703 54304
36.9717 54342
36.9725 54380
36.9732 54418
36.9777 54456
36.9792 54494
36.9801 54532
36.9806 54570
36.9811 54608
36.9816 54646
36.9823 54684
36.983 54722
36.9835 54760
36.984 54798
36.9845 54836
36.985 54874
36.9854 54912
36.9859 54950
36.9908 54988
36.9922 55026
36.993 55064
36.9937 55102
36.9982 55140
36.9997 55178
37.0009 55215
37.0014 55252
37.0018 55289
37.0023 55326
37.003 55363
37.0038 55400
37.0043 55437
37.0047 55474
37.0052 55511
37.0057 55548
37.0062 55585
37.0067 55622
37.0113 55659
37.0127 55696
37.0135 55733
37.0139 55770
37.0149 55807
37.0195 55844
37.0209 55881
37.0221 55918
37.0226 55955
37.0231 55992
37.0235 56029
37.0243 56066
37.025 56103
37.0255 56140
37.026 56177
37.0264 56214
37.0269 56251
37.0274 56288
37.0279 56325
37.0323 56362
37.0337 56399
37.0344 56436
37.0349 56473
37.0359 56510
37.0404 56547
37.0419 56584
37.0431 56621
37.0436 56658
37.044 56695
37.0445 56731
37.0452 56767
37.0462 56803
37.0467 56839
37.0472 56875
37.0476 56911
37.0481 56947
37.0486 56983
37.0491 57019
37.0532 57055
37.0547 57091
37.0554 57127
37.0559 57163
37.0566 57199
37.0612 57235
37.0626 57271
37.0638 57307
37.0645 57343
37.065 57379
37.0655 57415
37.066 57451
37.0669 57487
37.0674 57523
37.0679 57559
37.0684 57595
37.0689 57631
37.0693 57667
37.0698 57703
37.0737 57739
37.0752 57775
37.0759 57811
37.0764 57847
37.0771 57883
37.0817 57919
37.0831 57955
37.0843 57991
37.085 58027
37.0855 58063
37.086 58099
37.0865 58135
37.0874 58171
37.0879 58207
37.0884 58243
37.0889 58278
37.0894 58313
37.0898 58348
37.0903 58383
37.0942 58418
37.0957 58453
37.0964 58488
37.0969 58523
37.0976 58558
37.1022 58593
37.1036 58628
37.1046 58663
37.1055 58698
37.106 58733
37.1065 58768
37.107 58803
37.1077 58838
37.1084 58873
37.1089 58908
37.1094 58943
37.1099 58978
37.1103 59013
37.1108 59048
37.1113 59083
37.1152 59118
37.1167 59153
37.1174 59188
37.1179 59223
37.1186 59258
37.1232 59293
37.1246 59328
37.1256 59363
37.1265 59398
37.127 59433
37.1275 59468
37.128 59503
37.1287 59538
37.1294 59573
37.1299 59608
37.1304 59643
37.1308 59678
37.1313 59713
37.1318 59748
37.1323 59783
37.1362 59818
37.1376 59853
37.1384 59888
37.1388 59923
37.1396 59957
37.1441 59991
37.1456 60025
37.1465 60059
37.1475 60093
37.148 60127
37.1485 60161
37.1489 60195
37.1494 60229
37.1504 60263
37.1509 60297
37.1513 60331
37.1518 60365
37.1523 60399
37.1528 60433
37.1533 60467
37.1567 60501
37.1581 60535
37.1589 60569
37.1593 60603
37.1601 60637
37.1646 60671
37.1661 60705
37.167 60739
37.168 60773
37.1685 60807
37.169 60841
37.1694 60875
37.1699 60909
37.1709 60943
37.1714 60977
37.1718 61011
37.1723 61045
37.1728 61079
37.1733 61113
37.1738 61147
37.1772 61181
37.1786 61215
37.1796 61249
37.1801 61283
37.1808 61317
37.1854 61351
37.1868 61385
37.1878 61419
37.1887 61453
37.1892 61487
37.1897 61521
37.1902 61555
37.1907 61589
37.1916 61623
37.1921 61657
37.1926 61691
37.1931 61724
37.1935 61757
37.194 61790
37.1945 61823
37.195 61856
37.1982 61889
37.1996 61922
37.2006 61955
37.2011 61988
37.2018 62021
37.2063 62054
37.2078 62087
37.2087 62120
37.2097 62153
37.2102 62186
37.2107 62219
37.2112 62252
37.2116 62285
37.2126 62318
37.2131 62351
37.2136 62384
37.214 62417
37.2145 62450
37.215 62483
37.2155 62516
37.216 62549
37.2192 62582
37.2206 62615
37.2216 62648
37.222 62681
37.2228 62714
37.2276 62747
37.229 62780
37.23 62813
37.2309 62846
37.2314 62879
37.2319 62912
37.2324 62945
37.2329 62978
37.2336 63011
37.2343 63044
37.2348 63077
37.2353 63110
37.2357 63143
37.2362 63176
37.2367 63209
37.2372 63242
37.2398 63275
37.2413 63308
37.2422 63341
37.2429 63374
37.2434 63407
37.2482 63440
37.2497 63473
37.2506 63506
37.2516 63539
37.2521 63571
37.2526 63603
37.253 63635
37.2535 63667
37.2542 63699
37.255 63731
37.2554 63763
37.2559 63795
37.2564 63827
37.2569 63859
37.2574 63891
37.2578 63923
37.2605 63955
37.2619 63987
37.2629 64019
37.2636 64051
37.2641 64083
37.2689 64115
37.2706 64147
37.2715 64179
37.2725 64211
37.273 64243
37.2735 64275
37.2739 64307
37.2744 64339
37.2751 64371
37.2759 64403
37.2764 64435
37.2768 64467
37.2773 64499
37.2778 64531
37.2783 64563
37.2788 64595
37.2795 64627
37.2821 64659
37.2836 64691
37.2845 64723
37.285 64755
37.2857 64787
37.2905 64819
37.2922 64851
37.2932 64883
37.2941 64915
37.2946 64947
37.2951 64979
37.2956 65011
37.2961 65043
37.2968 65075
37.2975 65107
37.298 65139
37.2985 65171
37.2989 65203
37.2994 65235
37.2999 65267
37.3004 65299
37.3011 65331
37.3037 65363
37.3052 65395
37.3061 65427
37.3066 65459
37.3074 65491
37.3124 65523
37.3124 32256
37.3141 32321
37.3141 32256
37.315 32321
37.315 32256
37.316 32321
37.316 32256
37.3165 32321
37.3165 32256
37.317 32321
37.317 32256
37.3174 32321
37.3174 32256
37.3179 32321
37.3179 32256
37.3186 32321
37.3186 32256
37.3194 32321
37.3194 32256
37.3198 32321
37.3198 32256
37.3203 32321
37.3203 32256
37.3208 32321
37.3208 32256
37.3213 32321
37.3213 32256
37.3218 32321
37.3218 32256
37.3223 32321
37.3223 32256
37.3227 32321
37.3227 32256
37.3254 32321
37.3254 32256
37.3268 32321
37.3268 32256
37.3278 32321
37.3278 32256
37.3285 32321
37.3285 32256
37.329 32321
37.329 32256
37.3408 32321
37.3415 32385
37.342 32449
37.3425 32513
37.343 32577
37.3437 32641
37.3464 32705
37.3478 32769
37.3488 32832
37.3492 32895
37.35 32958
37.3616 33021
37.3623 33084
37.3628 33147
37.3632 33210
37.3637 33273
37.3647 33336
37.3673 33398
37.3688 33460
37.3695 33522
37.37 33584
37.3709 33646
37.3823 33708
37.383 33770
37.3835 33832
37.384 33893
37.3845 33954
37.3857 34015
37.3881 34076
37.3895 34137
37.3905 34198
37.391 34259
37.3917 34320
37.4028 34381
37.4035 34441
37.404 34501
37.4045 34561
37.405 34621
37.4062 34681
37.4086 34741
37.41 34801
37.411 34861
37.4117 34921
37.4122 34981
37.4233 35040
37.424 35099
37.4245 35158
37.425 35217
37.4255 35276
37.4267 35335
37.4291 35394
37.4305 35453
37.4312 35512
37.4322 35571
37.4327 35629
37.4334 35687
37.444 35745
37.4448 35803
37.4452 35861
37.4457 35919
37.4462 35977
37.4476 36035
37.45 36093
37.4515 36151
37.4522 36208
37.4529 36265
37.4534 36322
37.4544 36379
37.4648 36436
37.4655 36493
37.466 36550
37.4665 36607
37.4669 36664
37.4686 36721
37.471 36778
37.4725 36835
37.4732 36891
37.4739 36947
37.4744 37003
37.4751 37059
37.4853 37115
37.486 37171
37.4865 37227
37.487 37283
37.4874 37339
37.4891 37395
37.4915 37451
37.493 37506
37.4937 37561
37.4946 37616
37.4951 37671
37.4956 37726
37.5058 37781
37.5065 37836
37.507 37891
37.5075 37946
37.5079 38001
37.5096 38056
37.512 38111
37.5135 38166
37.5142 38220
37.5151 38274
37.5156 38328
37.5161 38382
37.5171 38436
37.5265 38490
37.5272 38544
37.5277 38598
37.5282 38652
37.5287 38706
37.5306 38760
37.533 38814
37.5344 38868
37.5352 38921
37.5359 38974
37.5364 39027
37.5371 39080
37.538 39133
37.5472 39186
37.548 39239
37.5484 39292
37.5489 39345
37.5494 39398
37.5516 39451
37.554 39504
37.5554 39557
37.5561 39610
37.5569 39662
37.5573 39714
37.5581 39766
37.559 39818
37.5677 39870
37.5685 39922
37.5689 39974
37.5694 40026
37.5699 40078
37.5721 40130
37.5747 40182
37.5762 40234
37.5769 40286
37.5778 40338
37.5783 40389
37.5788 40440
37.5798 40491
37.5884 40542
37.589 40593
37.5894 40644
37.5899 40695
37.5904 40746
37.5926 40797
37.5952 40848
37.5967 40899
37.5974 40950
37.5983 41001
37.5988 41052
37.5993 41103
37.6003 41154
37.6089 41204
37.6095 41254
37.6099 41304
37.6104 41354
37.6109 41404
37.6114 41454
37.6135 41504
37.6162 41554
37.6179 41604
37.6186 41654
37.6193 41704
37.6198 41754
37.6205 41804
37.6215 41854
37.6299 41904
37.6304 41954
37.6309 42003
37.6313 42052
37.6318 42101
37.6323 42150
37.6345 42199
37.6372 42248
37.6389 42297
37.6396 42346
37.6403 42395
37.6408 42444
37.6415 42493
37.6425 42542
37.6509 42591
37.6513 42640
37.6518 42689
37.6523 42738
37.6528 42787
37.6533 42836
37.655 42884
37.6577 42932
37.6596 42980
37.6603 43028
37.6613 43076
37.6618 43124
37.6622 43172
37.6632 43220
37.6718 43268
37.6723 43316
37.6728 43364
37.6733 43412
37.6738 43460
37.6742 43508
37.6755 43556
37.6782 43604
37.6801 43652
37.6808 43700
37.6818 43747
37.6823 43794
37.6827 43841
37.6837 43888
37.6923 43935
37.6928 43982
37.6933 44029
37.6938 44076
37.6943 44123
37.6947 44170
37.6952 44217
37.6965 44264
37.6991 44311
37.7011 44358
37.7018 44405
37.7027 44452
37.7032 44499
37.704 44546
37.7049 44593
37.7133 44640
37.7138 44686
37.7143 44732
37.7148 44778
37.7152 44824
37.7157 44870
37.7162 44916
37.7175 44962
37.7201 45008
37.7218 45054
37.7228 45100
37.7237 45146
37.7242 45192
37.7249 45238
37.7259 45284
37.7341 45330
37.7345 45376
37.735 45422
37.7355 45468
37.736 45514
37.7365 45560
37.7369 45606
37.738 45651
37.7406 45696
37.7425 45741
37.7433 45786
37.7445 45831
37.7449 45876
37.7454 45921
37.7464 45966
37.7546 46011
37.755 46056
37.7555 46101
37.756 46146
37.7565 46191
37.757 46236
37.7574 46281
37.7585 46326
37.7611 46371
37.763 46416
37.7638 46461
37.765 46506
37.7654 46551
37.7659 46596
37.7669 46640
37.7751 46684
37.7755 46728
37.776 46772
37.7765 46816
37.777 46860
37.7775 46904
37.7779 46948
37.779 46992
37.7816 47036
37.7826 47080
37.784 47124
37.785 47168
37.7862 47212
37.7867 47256
37.7874 47300
37.7883 47344
37.7958 47388
37.7963 47432
37.7968 47476
37.7972 47520
37.7977 47564
37.7982 47608
37.7987 47652
37.8 47696
37.8026 47739
37.8036 47782
37.805 47825
37.806 47868
37.8072 47911
37.8076 47954
37.8084 47997
37.8093 48040
37.8165 48083
37.817 48126
37.8175 48169
37.818 48212
37.8185 48255
37.8189 48298
37.8194 48341
37.8209 48384
37.8236 48427
37.8245 48470
37.826 48513
37.8267 48556
37.8279 48599
37.8286 48642
37.8291 48685
37.8303 48728
37.837 48771
37.8375 48813
37.838 48855
37.8385 48897
37.839 48939
37.8394 48981
37.8399 49023
37.8414 49065
37.8441 49107
37.845 49149
37.8465 49191
37.8474 49233
37.8484 49275
37.8494 49317
37.8498 49359
37.8508 49401
37.8575 49443
37.858 49485
37.8585 49527
37.859 49569
37.8595 49611
37.8599 49653
37.8604 49695
37.8619 49737
37.8646 49779
37.8655 49821
37.867 49863
37.8679 49905
37.8687 49947
37.8696 49988
37.8703 50029
37.8708 50070
37.872 50111
37.8783 50152
37.8787 50193
37.8792 50234
37.8797 50275
37.8802 50316
37.8807 50357
37.8812 50398
37.8829 50439
37.8855 50480
37.8865 50521
37.888 50562
37.8887 50603
37.8896 50644
37.8906 50685
37.8911 50726
37.8918 50767
37.893 50808
37.899 50849
37.8995 50890
37.9 50931
37.9004 50972
37.9009 51013
37.9014 51054
37.9019 51095
37.9039 51136
37.9065 51177
37.9075 51217
37.9089 51257
37.9097 51297
37.9106 51337
37.9116 51377
37.9121 51417
37.9125 51457
37.9137 51497
37.92 51537
37.9205 51577
37.9209 51617
37.9214 51657
37.9219 51697
37.9224 51737
37.9229 51777
37.9244 51817
37.927 51857
37.928 51897
37.9294 51937
37.9304 51977
37.9311 52017
37.9321 52057
37.9328 52097
37.9333 52137
37.9342 52177
37.9405 52217
37.941 52257
37.9414 52297
37.9419 52337
37.9424 52377
37.9429 52417
37.9434 52457
37.9449 52496
37.9475 52535
37.9485 52574
37.9499 52613
37.9509 52652
37.9516 52691
37.9526 52730
37.9533 52769
37.9538 52808
37.9545 52847
37.9555 52886
37.9617 52925
37.9622 52964
37.9627 53003
37.9631 53042
37.9636 53081
37.9641 53120
37.9646 53159
37.9659 53198
37.9685 53237
37.9695 53276
37.9709 53315
37.9716 53354
37.9726 53393
37.9735 53432
37.974 53471
37.9745 53510
37.9755 53549
37.9764 53588
37.9827 53627
37.9832 53666
37.9836 53705
37.9841 53744
37.9846 53783
37.9851 53821
37.9856 53859
37.9868 53897
37.9895 53935
37.9904 53973
37.9919 54011
37.9926 54049
37.9936 54087
37.9945 54125
37.995 54163
37.9955 54201
37.9964 54239
37.9974 54277
38.0037 54315
38.0044 54353
38.0049 54391
38.0053 54429
38.0058 54467
38.0063 54505
38.0068 54543
38.0075 54581
38.0101 54619
38.0111 54657
38.0126 54695
38.0135 54733
38.0142 54771
38.0152 54809
38.0159 54847
38.0164 54885
38.0171 54923
38.0181 54961
38.0243 54999
38.025 55037
38.0255 55075
38.026 55113
38.0265 55151
38.027 55189
38.0275 55226
38.0282 55263
38.0308 55300
38.0318 55337
38.0332 55374
38.0342 55411
38.0349 55448
38.0359 55485
38.0366 55522
38.0371 55559
38.0378 55596
38.0387 55633
38.045 55670
38.046 55707
38.0464 55744
38.0469 55781
38.0474 55818
38.0479 55855
38.0484 55892
38.0491 55929
38.0498 55966
38.0524 56003
38.0534 56040
38.0548 56077
38.0556 56114
38.0565 56151
38.0575 56188
38.058 56225
38.0585 56262
38.0594 56299
38.0604 56336
38.0666 56373
38.0676 56410
38.0681 56447
38.0685 56484
38.069 56521
38.0695 56558
38.07 56595
38.0707 56632
38.0714 56669
38.0741 56705
38.075 56741
38.0765 56777
38.0772 56813
38.0782 56849
38.0791 56885
38.0796 56921
38.0801 56957
38.081 56993
38.082 57029
38.0883 57065
38.0892 57101
38.0897 57137
38.0902 57173
38.0907 57209
38.0911 57245
38.0916 57281
38.0921 57317
38.0931 57353
38.0957 57389
38.0967 57425
38.0981 57461
38.0991 57497
38.0998 57533
38.1007 57569
38.1015 57605
38.1019 57641
38.1027 57677
38.1036 57713
38.1099 57749
38.1108 57785
38.1116 57821
38.112 57857
38.1125 57893
38.113 57929
38.1135 57965
38.114 58001
38.1147 58037
38.1173 58073
38.1183 58109
38.1197 58145
38.1207 58181
38.1214 58217
38.1224 58253
38.1231 58288
38.1236 58323
38.1243 58358
38.1253 58393
38.1315 58428
38.1325 58463
38.1332 58498
38.1337 58533
38.1342 58568
38.1346 58603
38.1351 58638
38.1356 58673
38.1363 58708
38.137 58743
38.1397 58778
38.1409 58813
38.1423 58848
38.143 58883
38.144 58918
38.145 58953
38.1454 58988
38.1459 59023
38.1469 59058
38.1479 59093
38.1541 59128
38.1551 59163
38.1555 59198
38.156 59233
38.1565 59268
38.157 59303
38.1575 59338
38.1579 59373
38.1589 59408
38.1596 59443
38.1623 59478
38.1635 59513
38.1649 59548
38.1656 59583
38.1666 59618
38.1676 59653
38.168 59688
38.1685 59723
38.1695 59758
38.1704 59793
38.1767 59828
38.1777 59863
38.1781 59898
38.1786 59933
38.1791 59967
38.1796 60001
38.1801 60035
38.1805 60069
38.1813 60103
38.182 60137
38.1846 60171
38.1861 60205
38.1875 60239
38.1885 60273
38.1892 60307
38.1901 60341
38.1909 60375
38.1913 60409
38.1921 60443
38.193 60477
38.1993 60511
38.2002 60545
38.201 60579
38.2014 60613
38.2019 60647
38.2024 60681
38.2029 60715
38.2034 60749
38.2038 60783
38.2048 60817
38.2072 60851
38.2087 60885
38.2101 60919
38.2111 60953
38.2118 60987
38.2127 61021
38.2135 61055
38.2139 61089
38.2147 61123
38.2156 61157
38.2219 61191
38.2228 61225
38.2236 61259
38.224 61293
38.2245 61327
38.225 61361
38.2255 61395
38.226 61429
38.2264 61463
38.2274 61497
38.2281 61531
38.2305 61565
38.232 61599
38.2336 61633
38.2344 61667
38.2353 61701
38.2363 61734
38.2368 61767
38.2372 61800
38.2382 61833
38.2392 61866
38.2454 61899
38.2464 61932
38.2469 61965
38.2473 61998
38.2478 62031
38.2483 62064
38.2488 62097
38.2493 62130
38.25 62163
38.2507 62196
38.2517 62229
38.2541 62262
38.2555 62295
38.2572 62328
38.2579 62361
38.2589 62394
38.2598 62427
38.2603 62460
38.2608 62493
38.2618 62526
38.2627 62559
38.269 62592
38.2699 62625
38.2704 62658
38.2709 62691
38.2714 62724
38.2719 62757
38.2723 62790
38.2728 62823
38.2735 62856
38.2743 62889
38.2752 62922
38.2776 62955
38.2791 62988
38.2805 63021
38.2815 63054
38.2824 63087
38.2834 63120
38.2841 63153
38.2846 63186
38.2853 63219
38.2863 63252
38.2925 63285
38.2935 63318
38.2942 63351
38.2947 63384
38.2952 63417
38.2956 63450
38.2961 63483
38.2966 63516
38.2971 63549
38.2981 63581
38.2988 63613
38.3012 63645
38.3026 63677
38.3041 63709
38.305 63741
38.306 63773
38.3069 63805
38.3077 63837
38.3081 63869
38.3089 63901
38.3098 63933
38.3161 63965
38.3161 31744
38.317 31810
38.317 31744
38.3178 31810
38.3178 31744
38.3182 31810
38.3182 31744
38.3187 31810
38.3187 31744
38.3192 31810
38.3192 31744
38.3197 31810
38.3197 31744
38.3202 31810
38.3202 31744
38.3206 31810
38.3206 31744
38.3216 31810
38.3216 31744
38.3223 31810
38.3223 31744
38.3247 31810
38.3247 31744
38.3262 31810
38.3262 31744
38.3276 31810
38.3276 31744
38.3286 31810
38.3286 31744
38.3293 31810
38.3293 31744
38.3303 31810
38.3303 31744
38.3312 31810
38.3312 31744
38.3319 31810
38.3319 31744
38.3324 31810
38.3324 31744
38.3334 31810
38.3334 31744
38.3343 31810
38.3343 31744
38.3467 31810
38.3481 31875
38.3491 31940
38.3498 32005
38.3508 32070
38.3517 32135
38.3527 32200
38.3532 32265
38.3539 32329
38.3548 32393
38.3672 32457
38.3686 32521
38.3696 32585
38.3703 32649
38.371 32713
38.372 32777
38.3729 32840
38.3739 32903
38.3744 32966
38.3751 33029
38.3761 33092
38.3881 33155
38.3896 33218
38.3905 33281
38.3913 33344
38.392 33406
38.3929 33468
38.3939 33530
38.3949 33592
38.3954 33654
38.3961 33716
38.397 33778
38.4091 33840
38.4106 33901
38.4113 33962
38.4122 34023
38.4127 34084
38.4137 34145
38.4146 34206
38.4156 34267
38.4161 34328
38.4168 34389
38.4178 34449
38.4296 34509
38.4311 34569
38.4318 34629
38.4327 34689
38.4332 34749
38.4342 34809
38.4351 34869
38.4361 34929
38.4366 34989
38.4373 35048
38.4383 35107
38.4501 35166
38.4516 35225
38.4525 35284
38.4532 35343
38.454 35402
38.4547 35461
38.4554 35520
38.4564 35579
38.4573 35637
38.4578 35695
38.4585 35753
38.4595 35811
38.4709 35869
38.4725 35927
38.4735 35985
38.4742 36043
38.4749 36101
38.4757 36159
38.4764 36216
38.4773 36273
38.4783 36330
38.4788 36387
38.4795 36444
38.4805 36501
38.4916 36558
38.4935 36615
38.4942 36672
38.4952 36729
38.4957 36786
38.4966 36842
38.4974 36898
38.4981 36954
38.499 37010
38.4995 37066
38.5002 37122
38.5012 37178
38.5123 37234
38.514 37290
38.5147 37346
38.5157 37402
38.5162 37458
38.5171 37513
38.5179 37568
38.5186 37623
38.5195 37678
38.52 37733
38.5207 37788
38.5217 37843
38.5328 37898
38.5345 37953
38.5355 38008
38.5362 38063
38.5369 38118
38.5376 38173
38.5384 38227
38.5393 38281
38.54 38335
38.5408 38389
38.5412 38443
38.542 38497
38.5429 38551
38.554 38605
38.5559 38659
38.5569 38713
38.5576 38767
38.5583 38821
38.559 38875
38.5597 38928
38.5607 38981
38.5614 39034
38.5621 39087
38.5626 39140
38.5634 39193
38.5643 39246
38.5754 39299
38.5773 39352
38.578 39405
38.579 39458
38.5795 39511
38.5804 39564
38.5811 39616
38.5819 39668
38.5828 39720
38.5833 39772
38.5838 39824
38.5847 39876
38.5855 39928
38.5968 39980
38.5987 40032
38.5994 40084
38.6004 40136
38.6008 40188
38.6018 40240
38.6025 40292
38.6032 40344
38.6042 40395
38.6047 40446
38.6052 40497
38.6061 40548
38.6068 40599
38.6181 40650
38.6201 40701
38.621 40752
38.6217 40803
38.6225 40854
38.6232 40905
38.6239 40956
38.6249 41007
38.6256 41058
38.6263 41109
38.6268 41160
38.6275 41210
38.6282 41260
38.629 41310
38.6403 41360
38.6424 41410
38.6434 41460
38.6441 41510
38.6448 41560
38.6455 41610
38.6463 41660
38.6472 41710
38.6479 41760
38.6487 41810
38.6491 41860
38.6499 41910
38.6506 41960
38.6513 42009
38.6626 42058
38.6648 42107
38.6655 42156
38.6664 42205
38.6669 42254
38.6679 42303
38.6686 42352
38.6693 42401
38.6703 42450
38.6708 42499
38.6713 42548
38.6722 42597
38.6727 42646
38.6737 42695
38.685 42744
38.6871 42793
38.6878 42841
38.6888 42889
38.6893 42937
38.6902 42985
38.691 43033
38.6917 43081
38.6926 43129
38.6931 43177
38.6936 43225
38.6946 43273
38.695 43321
38.696 43369
38.7073 43417
38.7095 43465
38.7104 43513
38.7111 43561
38.7119 43609
38.7126 43657
38.7133 43705
38.7143 43752
38.715 43799
38.7157 43846
38.7162 43893
38.7169 43940
38.7176 43987
38.7184 44034
38.7297 44081
38.7313 44128
38.7318 44175
38.7323 44222
38.7328 44269
38.7333 44316
38.7337 44363
38.7342 44410
38.735 44457
38.7357 44504
38.7365 44551
38.7369 44598
38.7379 44645
38.7384 44691
38.7393 44737
38.7506 44783
38.7521 44829
38.7526 44875
38.753 44921
38.7535 44967
38.754 45013
38.7545 45059
38.755 45105
38.7557 45151
38.7565 45197
38.7572 45243
38.7577 45289
38.7589 45335
38.7594 45381
38.7603 45427
38.7716 45473
38.7731 45519
38.7735 45565
38.774 45611
38.7745 45656
38.775 45701
38.7755 45746
38.7759 45791
38.7764 45836
38.777 45881
38.7777 45926
38.7782 45971
38.7794 46016
38.7801 46061
38.7808 46106
38.7923 46151
38.794 46196
38.7945 46241
38.795 46286
38.7955 46331
38.796 46376
38.7964 46421
38.7969 46466
38.7974 46511
38.7979 46556
38.7984 46601
38.7988 46645
38.7999 46689
38.8008 46733
38.8013 46777
38.8128 46821
38.8145 46865
38.815 46909
38.8155 46953
38.816 46997
38.8164 47041
38.8169 47085
38.8174 47129
38.8179 47173
38.8184 47217
38.8189 47261
38.8193 47305
38.8198 47349
38.8208 47393
38.8216 47437
38.822 47481
38.8338 47525
38.8355 47569
38.836 47613
38.8365 47657
38.8369 47700
38.8374 47743
38.8379 47786
38.8384 47829
38.8389 47872
38.8394 47915
38.8398 47958
38.8403 48001
38.8408 48044
38.8418 48087
38.8423 48130
38.8428 48173
38.8548 48216
38.8565 48259
38.857 48302
38.8574 48345
38.8579 48388
38.8584 48431
38.8589 48474
38.8594 48517
38.8598 48560
38.8603 48603
38.8608 48646
38.8613 48689
38.8618 48732
38.8625 48775
38.8632 48817
38.8637 48859
38.8755 48901
38.8774 48943
38.8779 48985
38.8784 49027
38.8788 49069
38.8793 49111
38.8798 49153
38.8803 49195
38.8808 49237
38.8812 49279
38.8817 49321
38.8822 49363
38.8827 49405
38.8832 49447
38.8841 49489
38.8846 49531
38.8961 49573
38.8981 49615
38.8985 49657
38.899 49699
38.8995 49741
38.9 49783
38.9005 49825
38.9009 49867
38.9014 49909
38.9019 49951
38.9024 49992
38.9029 50033
38.9033 50074
38.9038 50115
38.9048 50156
38.9053 50197
38.9057 50238
38.9175 50279
38.9194 50320
38.9199 50361
38.9204 50402
38.9209 50443
38.9214 50484
38.9219 50525
38.9223 50566
38.9228 50607
38.9233 50648
38.9238 50689
38.9243 50730
38.9247 50771
38.9255 50812
38.9262 50853
38.9267 50894
38.9274 50935
38.9392 50976
38.9411 51017
38.9416 51058
38.942 51099
38.9425 51140
38.943 51180
38.9435 51220
38.944 51260
38.9444 51300
38.9449 51340
38.9454 51380
38.9459 51420
38.9464 51460
38.9468 51500
38.9478 51540
38.9483 51580
38.9488 51620
38.9608 51660
38.9629 51700
38.9634 51740
38.9639 51780
38.9644 51820
38.9649 51860
38.9653 51900
38.9658 51940
38.9663 51980
38.9668 52020
38.9673 52060
38.9678 52100
38.9682 52140
38.9687 52180
38.9694 52220
38.9702 52260
38.9706 52300
38.9824 52340
38.9846 52380
38.9851 52420
38.9855 52459
38.986 52498
38.9865 52537
38.987 52576
38.9875 52615
38.9879 52654
38.9884 52693
38.9889 52732
38.9894 52771
38.9899 52810
38.9903 52849
38.9911 52888
38.9918 52927
38.9923 52966
38.9927 53005
39.0048 53044
39.0069 53083
39.0074 53122
39.0079 53161
39.0084 53200
39.0088 53239
39.0093 53278
39.0098 53317
39.0103 53356
39.0108 53395
39.0113 53434
39.0117 53473
39.0122 53512
39.0127 53551
39.0137 53590
39.0141 53629
39.0146 53668
39.0153 53707
39.0274 53746
39.0295 53785
39.03 53823
39.0305 53861
39.031 53899
39.0314 53937
39.0319 53975
39.0324 54013
39.0329 54051
39.0334 54089
39.0338 54127
39.0343 54165
39.0348 54203
39.0353 54241
39.0362 54279
39.0367 54317
39.0372 54355
39.0377 54393
39.0497 54431
39.0521 54469
39.0528 54507
39.0533 54545
39.0538 54583
39.0543 54621
39.0547 54659
39.0552 54697
39.0557 54735
39.0562 54773
39.0567 54811
39.0572 54849
39.0576 54887
39.0581 54925
39.0588 54963
39.0596 55001
39.06 55039
39.0605 55077
39.0723 55115
39.0747 55153
39.0754 55191
39.0759 55228
39.0764 55265
39.0769 55302
39.0773 55339
39.0778 55376
39.0783 55413
39.0788 55450
39.0793 55487
39.0797 55524
39.0802 55561
39.0807 55598
39.0814 55635
39.0821 55672
39.0826 55709
39.0831 55746
39.0838 55783
39.0956 55820
39.098 55857
39.0987 55894
39.0992 55931
39.0997 55968
39.1002 56005
39.1006 56042
39.1011 56079
39.1016 56116
39.1021 56153
39.1026 56190
39.1031 56227
39.1035 56264
39.104 56301
39.105 56338
39.1055 56375
39.1059 56412
39.1064 56449
39.1074 56486
39.1192 56523
39.1216 56560
39.1223 56597
39.1228 56634
39.1232 56671
39.1237 56707
39.1242 56743
39.1247 56779
39.1252 56815
39.1256 56851
39.1261 56887
39.1266 56923
39.1271 56959
39.1276 56995
39.1285 57031
39.129 57067
39.1295 57103
39.13 57139
39.1309 57175
39.1425 57211
39.1449 57247
39.1458 57283
39.1463 57319
39.1468 57355
39.1473 57391
39.1478 57427
39.1482 57463
39.1487 57499
39.1492 57535
39.1497 57571
39.1502 57607
39.1506 57643
39.1511 57679
39.1518 57715
39.1528 57751
39.1533 57787
39.1538 57823
39.1545 57859
39.166 57895
39.1684 57931
39.1694 57967
39.1701 58003
39.1706 58039
39.1711 58075
39.1715 58111
39.172 58147
39.1725 58183
39.173 58219
39.1735 58255
39.1739 58290
39.1744 58325
39.1749 58360
39.1754 58395
39.1764 58430
39.1768 58465
39.1773 58500
39.178 58535
39.1896 58570
39.192 58605
39.1927 58640
39.1937 58675
39.1941 58710
39.1946 58745
39.1951 58780
39.1956 58815
39.1961 58850
39.1965 58885
39.197 58920
39.1975 58955
39.198 58990
39.1985 59025
39.1989 59060
39.1997 59095
39.2004 59130
39.2009 59165
39.2013 59200
39.2023 59235
39.2138 59270
39.2165 59305
39.2172 59340
39.2179 59375
39.2184 59410
39.2189 59445
39.2194 59480
39.2198 59515
39.2203 59550
39.2208 59585
39.2213 59620
39.2218 59655
39.2223 59690
39.2227 59725
39.2232 59760
39.2242 59795
39.2247 59830
39.2251 59865
39.2259 59900
39.2268 59935
39.2384 59969
39.241 60003
39.2417 60037
39.2424 60071
39.2429 60105
39.2434 60139
39.2439 60173
39.2444 60207
39.2448 60241
39.2453 60275
39.2458 60309
39.2463 60343
39.2468 60377
39.2472 60411
39.2477 60445
39.2484 60479
39.2492 60513
39.2496 60547
39.2501 60581
39.2511 60615
39.2629 60649
39.2655 60683
39.2662 60717
39.2672 60751
39.2677 60785
39.2682 60819
39.2686 60853
39.2691 60887
39.2696 60921
39.2701 60955
39.2706 60989
39.271 61023
39.2715 61057
39.272 61091
39.2725 61125
39.273 61159
39.2739 61193
39.2744 61227
39.2749 61261
39.2756 61295
39.2874 61329
39.29 61363
39.2907 61397
39.2917 61431
39.2922 61465
39.2927 61499
39.2931 61533
39.2936 61567
39.2941 61601
39.2946 61635
39.2951 61669
39.2955 61702
39.296 61735
39.2965 61768
39.297 61801
39.2975 61834
39.2984 61867
39.2989 61900
39.2994 61933
39.2999 61966
39.3008 61999
39.3126 62032
39.3126 30208
39.3155 30277
39.3155 30208
39.3162 30277
39.3162 30208
39.3169 30277
39.3169 30208
39.3174 30277
39.3174 30208
39.3179 30277
39.3179 30208
39.3184 30277
39.3184 30208
39.3189 30277
39.3189 30208
39.3193 30277
39.3193 30208
39.3198 30277
39.3198 30208
39.3203 30277
39.3203 30208
39.3208 30277
39.3208 30208
39.3213 30277
39.3213 30208
39.3217 30277
39.3217 30208
39.3222 30277
39.3222 30208
39.3229 30277
39.3229 30208
39.3237 30277
39.3237 30208
39.3241 30277
39.3241 30208
39.3246 30277
39.3246 30208
39.3253 30277
39.3253 30208
39.3263 30277
39.3263 30208
39.3415 30277
39.342 30346
39.3425 30415
39.343 30483
39.3439 30551
39.3446 30619
39.3451 30687
39.3456 30755
39.3463 30823
39.3473 30891
39.3623 30958
39.3627 31025
39.3632 31092
39.3637 31159
39.3644 31226
39.3654 31293
39.3659 31360
39.3663 31426
39.3668 31492
39.3678 31558
39.3828 31624
39.3832 31690
39.3837 31756
39.3842 31822
39.3849 31887
39.3859 31952
39.3864 32017
39.3868 32082
39.3873 32147
39.3883 32212
39.4034 32277
39.4039 32341
39.4044 32405
39.4049 32469
39.4054 32533
39.4064 32597
39.4069 32661
39.4073 32725
39.4078 32789
39.4085 32852
39.4095 32915
39.4246 32978
39.4251 33041
39.4256 33104
39.4261 33167
39.4266 33230
39.4275 33293
39.428 33355
39.4285 33417
39.429 33479
39.4297 33541
39.4307 33603
39.446 33665
39.4465 33727
39.447 33789
39.4475 33851
39.448 33912
39.4489 33973
39.4494 34034
39.4499 34095
39.4504 34156
39.4508 34217
39.4518 34278
39.4672 34339
39.4677 34400
39.4681 34460
39.4686 34520
39.4691 34580
39.4701 34640
39.4705 34700
39.471 34760
39.4715 34820
39.472 34880
39.4729 34940
39.4883 35000
39.489 35059
39.4895 35118
39.49 35177
39.4905 35236
39.4915 35295
39.4919 35354
39.4924 35413
39.4929 35472
39.4934 35531
39.4943 35590
39.4951 35648
39.5104 35706
39.5112 35764
39.5116 35822
39.5121 35880
39.5126 35938
39.5136 35996
39.514 36054
39.5145 36112
39.515 36170
39.5155 36227
39.5164 36284
39.5172 36341
39.5328 36398
39.5335 36455
39.534 36512
39.5345 36569
39.535 36626
39.5359 36683
39.5364 36740
39.5369 36797
39.5374 36853
39.5378 36909
39.5386 36965
39.5393 37021
39.5549 37077
39.5556 37133
39.5561 37189
39.5566 37245
39.5571 37301
39.558 37357
39.5585 37413
39.559 37469
39.5595 37524
39.5599 37579
39.5607 37634
39.5614 37689
39.577 37744
39.578 37799
39.5784 37854
39.5789 37909
39.5794 37964
39.5804 38019
39.5809 38074
39.5813 38129
39.5818 38183
39.5823 38237
39.583 38291
39.5837 38345
39.5847 38399
39.6001 38453
39.601 38507
39.6015 38561
39.602 38615
39.6025 38669
39.6034 38723
39.6039 38777
39.6044 38831
39.6049 38884
39.6054 38937
39.6061 38990
39.6068 39043
39.6078 39096
39.6234 39149
39.6243 39202
39.6248 39255
39.6253 39308
39.6258 39361
39.6268 39414
39.6272 39467
39.6277 39520
39.6282 39573
39.6287 39625
39.6294 39677
39.6301 39729
39.6311 39781
39.6465 39833
39.6474 39885
39.6479 39937
39.6484 39989
39.6489 40041
39.6498 40093
39.6503 40145
39.6508 40197
39.6513 40249
39.6517 40301
39.6525 40353
39.6532 40404
39.6541 40455
39.6695 40506
39.6707 40557
39.6712 40608
39.6717 40659
39.6722 40710
39.6731 40761
39.6736 40812
39.6741 40863
39.6746 40914
39.6751 40965
39.6758 41016
39.6765 41067
39.6775 41118
39.6928 41168
39.694 41218
39.6948 41268
39.6952 41318
39.6957 41368
39.6962 41418
39.6972 41468
39.6976 41518
39.6981 41568
39.6986 41618
39.6991 41668
39.6998 41718
39.7005 41768
39.7015 41818
39.7169 41868
39.7181 41918
39.7188 41968
39.7193 42017
39.7198 42066
39.7202 42115
39.7212 42164
39.7217 42213
39.7222 42262
39.7226 42311
39.7231 42360
39.7238 42409
39.7248 42458
39.7258 42507
39.7376 42556
39.7388 42605
39.7395 42654
39.74 42703
39.7405 42752
39.741 42801
39.7417 42849
39.7422 42897
39.7427 42945
39.7431 42993
39.7436 43041
39.7443 43089
39.7453 43137
39.7463 43185
39.7581 43233
39.7593 43281
39.76 43329
39.7605 43377
39.761 43425
39.7615 43473
39.7622 43521
39.7629 43569
39.7634 43617
39.7639 43665
39.7644 43713
39.7648 43760
39.7658 43807
39.7668 43854
39.7786 43901
39.7798 43948
39.7805 43995
39.781 44042
39.7815 44089
39.782 44136
39.7825 44183
39.7832 44230
39.7839 44277
39.7844 44324
39.7849 44371
39.7853 44418
39.7858 44465
39.7868 44512
39.7877 44559
39.7993 44606
39.8005 44653
39.8013 44699
39.8017 44745
39.8022 44791
39.8027 44837
39.8032 44883
39.8042 44929
39.8049 44975
39.8054 45021
39.8058 45067
39.8063 45113
39.8068 45159
39.8078 45205
39.8087 45251
39.8201 45297
39.8213 45343
39.822 45389
39.8225 45435
39.823 45481
39.8234 45527
39.8239 45573
39.8251 45619
39.8256 45664
39.8261 45709
39.8266 45754
39.8271 45799
39.8275 45844
39.8283 45889
39.8292 45934
39.8406 45979
39.8418 46024
39.8425 46069
39.843 46114
39.8435 46159
39.8439 46204
39.8444 46249
39.8456 46294
39.8461 46339
39.8466 46384
39.8471 46429
39.8476 46474
39.848 46519
39.8488 46564
39.8497 46609
39.8611 46653
39.8623 46697
39.863 46741
39.8635 46785
39.864 46829
39.8644 46873
39.8649 46917
39.8661 46961
39.8668 47005
39.8673 47049
39.8678 47093
39.8683 47137
39.8688 47181
39.8692 47225
39.87 47269
39.8709 47313
39.8818 47357
39.883 47401
39.8837 47445
39.8842 47489
39.8847 47533
39.8852 47577
39.8857 47621
39.8871 47665
39.8878 47708
39.8883 47751
39.8888 47794
39.8893 47837
39.8897 47880
39.8902 47923
39.8909 47966
39.8922 48009
39.9026 48052
39.9038 48095
39.9045 48138
39.905 48181
39.9054 48224
39.9059 48267
39.9064 48310
39.9081 48353
39.9088 48396
39.9093 48439
39.9098 48482
39.9102 48525
39.9107 48568
39.9112 48611
39.9117 48654
39.9129 48697
39.9206 48740
